DATE	TIME	OPEN	HIGH	LOW	CLOSE	TICKVOL	VOL	SPREAD
2015.01.02	00:00:00	1.55118	1.55257	1.53405	1.53487	85043	0	150
2015.01.02	09:00:00	1.55024	1.55261	1.54900	1.54950	4208	0	39
2015.01.02	10:00:00	1.54947	1.55015	1.54765	1.54961	5738	0	39
2015.01.02	11:00:00	1.54959	1.55061	1.54277	1.54304	6290	0	39
2015.01.02	12:00:00	1.54294	1.54337	1.54001	1.54034	5182	0	39
2015.01.02	13:00:00	1.54036	1.54108	1.53808	1.53941	4984	0	39
2015.01.02	14:00:00	1.53934	1.54067	1.53806	1.54027	4837	0	39
2015.01.02	15:00:00	1.54025	1.54135	1.53938	1.54010	5028	0	39
2015.01.02	16:00:00	1.54011	1.54112	1.53896	1.54002	5861	0	39
2015.01.02	17:00:00	1.54005	1.54033	1.53711	1.53714	7563	0	39
2015.01.02	18:00:00	1.53717	1.53764	1.53576	1.53659	6338	0	39
2015.01.02	19:00:00	1.53659	1.53740	1.53611	1.53681	4483	0	39
2015.01.02	20:00:00	1.53685	1.53695	1.53576	1.53621	3644	0	39
2015.01.02	21:00:00	1.53612	1.53663	1.53404	1.53482	2315	0	75
2015.01.02	22:00:00	1.53484	1.53568	1.53407	1.53499	2412	0	80
2015.01.02	23:00:00	1.53496	1.53517	1.53414	1.53434	1474	0	80
2015.01.05	00:00:00	1.53972	1.54035	1.53035	1.53638	133854	0	113
2015.01.05	01:00:00	1.53674	1.53850	1.53674	1.53700	4870	0	80
2015.01.05	02:00:00	1.53701	1.53816	1.53596	1.53742	4358	0	80
2015.01.05	03:00:00	1.53742	1.53796	1.53643	1.53771	3530	0	80
2015.01.05	04:00:00	1.53770	1.53776	1.53631	1.53647	1984	0	80
2015.01.05	05:00:00	1.53649	1.53801	1.53636	1.53799	2032	0	80
2015.01.05	06:00:00	1.53798	1.53864	1.53767	1.53822	1952	0	80
2015.01.05	07:00:00	1.53828	1.53943	1.53787	1.53888	3454	0	39
2015.01.05	08:00:00	1.53888	1.53915	1.53649	1.53672	3627	0	39
2015.01.05	09:00:00	1.53675	1.53829	1.53621	1.53658	5360	0	39
2015.01.05	10:00:00	1.53657	1.53859	1.53620	1.53801	7097	0	39
2015.01.05	11:00:00	1.53802	1.54012	1.53654	1.53817	7111	0	39
2015.01.05	12:00:00	1.53817	1.53982	1.53782	1.53880	7117	0	39
2015.01.05	13:00:00	1.53881	1.54046	1.53798	1.53975	6496	0	39
2015.01.05	14:00:00	1.53973	1.53978	1.53534	1.53620	7151	0	39
2015.01.05	15:00:00	1.53617	1.53643	1.53248	1.53352	7170	0	39
2015.01.05	16:00:00	1.53355	1.53515	1.53146	1.53312	7502	0	39
2015.01.05	17:00:00	1.53314	1.53548	1.53249	1.53366	7423	0	39
2015.01.05	18:00:00	1.53362	1.53548	1.53325	1.53525	5951	0	39
2015.01.05	19:00:00	1.53525	1.53591	1.53388	1.53418	4813	0	39
2015.01.05	20:00:00	1.53422	1.53617	1.53422	1.53473	4673	0	39
2015.01.05	21:00:00	1.53462	1.53536	1.53432	1.53479	1897	0	75
2015.01.05	22:00:00	1.53481	1.53579	1.53447	1.53489	2222	0	80
2015.01.05	23:00:00	1.53492	1.53574	1.53491	1.53501	1560	0	80
2015.01.06	00:00:00	1.53514	1.53615	1.52483	1.53523	129179	0	80
2015.01.06	01:00:00	1.53526	1.53544	1.53499	1.53518	1496	0	80
2015.01.06	02:00:00	1.53517	1.53609	1.53501	1.53536	1552	0	80
2015.01.06	03:00:00	1.53535	1.53559	1.53486	1.53513	1780	0	80
2015.01.06	04:00:00	1.53512	1.53520	1.53452	1.53478	1758	0	80
2015.01.06	05:00:00	1.53479	1.53494	1.53443	1.53482	1249	0	80
2015.01.06	06:00:00	1.53484	1.53492	1.53398	1.53411	1335	0	80
2015.01.06	07:00:00	1.53419	1.53449	1.53322	1.53350	3126	0	39
2015.01.06	08:00:00	1.53349	1.53389	1.53299	1.53333	3905	0	39
2015.01.06	09:00:00	1.53336	1.53361	1.53132	1.53200	5347	0	39
2015.01.06	10:00:00	1.53197	1.53386	1.53148	1.53288	7221	0	39
2015.01.06	11:00:00	1.53287	1.53404	1.53037	1.53355	7895	0	39
2015.01.06	12:00:00	1.53354	1.53376	1.53092	1.53333	6703	0	39
2015.01.06	13:00:00	1.53334	1.53517	1.53222	1.53479	6494	0	39
2015.01.06	14:00:00	1.53482	1.53564	1.53223	1.53255	6326	0	39
2015.01.06	15:00:00	1.53254	1.53266	1.53073	1.53113	7205	0	39
2015.01.06	16:00:00	1.53112	1.53221	1.52897	1.53064	6985	0	39
2015.01.06	17:00:00	1.53065	1.53093	1.52842	1.52851	7982	0	39
2015.01.06	18:00:00	1.52850	1.52867	1.52597	1.52672	7395	0	39
2015.01.06	19:00:00	1.52673	1.52852	1.52483	1.52834	7166	0	39
2015.01.06	20:00:00	1.52833	1.52882	1.52767	1.52836	5777	0	39
2015.01.06	21:00:00	1.52828	1.52863	1.52744	1.52858	3049	0	75
2015.01.06	22:00:00	1.52856	1.53026	1.52821	1.52907	3515	0	80
2015.01.06	23:00:00	1.52906	1.53013	1.52899	1.52966	2026	0	80
2015.01.07	00:00:00	1.53015	1.53651	1.52873	1.53104	126831	0	80
2015.01.07	01:00:00	1.53103	1.53134	1.53015	1.53061	2239	0	80
2015.01.07	02:00:00	1.53060	1.53120	1.52978	1.53042	1884	0	80
2015.01.07	03:00:00	1.53039	1.53115	1.53012	1.53099	1993	0	80
2015.01.07	04:00:00	1.53101	1.53157	1.53058	1.53149	1722	0	80
2015.01.07	05:00:00	1.53148	1.53166	1.53105	1.53118	1654	0	80
2015.01.07	06:00:00	1.53117	1.53151	1.53056	1.53066	1554	0	80
2015.01.07	07:00:00	1.53072	1.53100	1.53024	1.53047	2984	0	39
2015.01.07	08:00:00	1.53047	1.53207	1.53033	1.53118	4124	0	39
2015.01.07	09:00:00	1.53119	1.53181	1.52929	1.52935	6091	0	39
2015.01.07	10:00:00	1.52935	1.53191	1.52925	1.53050	7448	0	39
2015.01.07	11:00:00	1.53049	1.53205	1.53008	1.53158	7179	0	39
2015.01.07	12:00:00	1.53164	1.53415	1.52884	1.53404	8331	0	39
2015.01.07	13:00:00	1.53402	1.53665	1.53246	1.53598	7227	0	39
2015.01.07	14:00:00	1.53597	1.53628	1.53376	1.53482	6431	0	39
2015.01.07	15:00:00	1.53481	1.53588	1.53272	1.53324	7392	0	39
2015.01.07	16:00:00	1.53327	1.53396	1.53212	1.53245	7655	0	39
2015.01.07	17:00:00	1.53245	1.53361	1.53188	1.53258	7263	0	39
2015.01.07	18:00:00	1.53256	1.53300	1.53090	1.53127	6842	0	39
2015.01.07	19:00:00	1.53126	1.53174	1.53038	1.53155	5080	0	39
2015.01.07	20:00:00	1.53156	1.53262	1.53098	1.53190	4747	0	39
2015.01.07	21:00:00	1.53188	1.53347	1.53096	1.53221	5526	0	80
2015.01.07	22:00:00	1.53224	1.53305	1.53196	1.53296	3177	0	80
2015.01.07	23:00:00	1.53295	1.53296	1.53205	1.53212	1651	0	80
2015.01.08	00:00:00	1.53237	1.53837	1.52842	1.53267	109246	0	80
2015.01.08	01:00:00	1.53266	1.53280	1.53227	1.53263	2053	0	80
2015.01.08	02:00:00	1.53264	1.53280	1.53174	1.53205	1984	0	80
2015.01.08	03:00:00	1.53204	1.53296	1.53183	1.53278	1941	0	80
2015.01.08	04:00:00	1.53279	1.53304	1.53233	1.53304	1569	0	80
2015.01.08	05:00:00	1.53302	1.53316	1.53212	1.53243	1884	0	80
2015.01.08	06:00:00	1.53242	1.53249	1.53160	1.53240	1395	0	80
2015.01.08	07:00:00	1.53247	1.53313	1.53187	1.53296	3199	0	39
2015.01.08	08:00:00	1.53296	1.53336	1.53264	1.53297	2911	0	39
2015.01.08	09:00:00	1.53300	1.53377	1.53078	1.53125	5506	0	39
2015.01.08	10:00:00	1.53126	1.53131	1.52837	1.53081	6919	0	39
2015.01.08	11:00:00	1.53080	1.53440	1.53042	1.53428	6602	0	39
2015.01.08	12:00:00	1.53428	1.53746	1.53378	1.53615	6814	0	39
2015.01.08	13:00:00	1.53613	1.53759	1.53586	1.53610	5631	0	39
2015.01.08	14:00:00	1.53615	1.53833	1.53585	1.53653	6658	0	39
2015.01.08	15:00:00	1.53653	1.53789	1.53584	1.53584	6405	0	39
2015.01.08	16:00:00	1.53584	1.53650	1.53407	1.53583	7007	0	39
2015.01.08	17:00:00	1.53584	1.53808	1.53532	1.53606	7381	0	39
2015.01.08	18:00:00	1.53608	1.53794	1.53543	1.53712	6449	0	39
2015.01.08	19:00:00	1.53713	1.53742	1.53569	1.53606	4721	0	39
2015.01.08	20:00:00	1.53603	1.53749	1.53586	1.53708	4120	0	39
2015.01.08	21:00:00	1.53693	1.53836	1.53647	1.53712	2832	0	75
2015.01.08	22:00:00	1.53711	1.53711	1.53611	1.53643	1718	0	80
2015.01.08	23:00:00	1.53644	1.53645	1.53563	1.53612	1880	0	80
2015.01.09	00:00:00	1.53604	1.54254	1.53457	1.53589	127865	0	80
2015.01.09	01:00:00	1.53591	1.53663	1.53557	1.53610	2414	0	80
2015.01.09	02:00:00	1.53611	1.53667	1.53584	1.53645	1706	0	80
2015.01.09	03:00:00	1.53646	1.53653	1.53511	1.53555	2569	0	80
2015.01.09	04:00:00	1.53556	1.53569	1.53496	1.53506	1960	0	80
2015.01.09	05:00:00	1.53507	1.53574	1.53492	1.53539	1493	0	80
2015.01.09	06:00:00	1.53538	1.53540	1.53455	1.53503	1685	0	80
2015.01.09	07:00:00	1.53518	1.53559	1.53476	1.53516	3433	0	39
2015.01.09	08:00:00	1.53517	1.53666	1.53492	1.53655	3514	0	39
2015.01.09	09:00:00	1.53658	1.53834	1.53604	1.53709	4947	0	39
2015.01.09	10:00:00	1.53709	1.53833	1.53534	1.53733	5858	0	39
2015.01.09	11:00:00	1.53734	1.53979	1.53691	1.53776	7142	0	39
2015.01.09	12:00:00	1.53772	1.54058	1.53675	1.54010	5732	0	39
2015.01.09	13:00:00	1.54011	1.54144	1.53858	1.54038	5471	0	39
2015.01.09	14:00:00	1.54041	1.54042	1.53757	1.53761	5364	0	39
2015.01.09	15:00:00	1.53764	1.54228	1.53764	1.54026	9053	0	39
2015.01.09	16:00:00	1.54026	1.54105	1.53887	1.54039	8517	0	39
2015.01.09	17:00:00	1.54043	1.54062	1.53702	1.53712	8703	0	39
2015.01.09	18:00:00	1.53713	1.53845	1.53597	1.53778	7580	0	39
2015.01.09	19:00:00	1.53778	1.53839	1.53588	1.53679	5247	0	39
2015.01.09	20:00:00	1.53679	1.53806	1.53633	1.53783	4394	0	39
2015.01.09	21:00:00	1.53771	1.53869	1.53726	1.53754	2379	0	75
2015.01.09	22:00:00	1.53755	1.53799	1.53729	1.53751	2065	0	80
2015.01.09	23:00:00	1.53750	1.53828	1.53616	1.53633	2663	0	80
2015.01.12	00:00:00	1.53835	1.54213	1.53316	1.53695	109465	0	80
2015.01.12	01:00:00	1.53696	1.53747	1.53629	1.53655	2861	0	80
2015.01.12	02:00:00	1.53657	1.53694	1.53544	1.53546	1827	0	80
2015.01.12	03:00:00	1.53545	1.53664	1.53522	1.53633	1855	0	80
2015.01.12	04:00:00	1.53634	1.53696	1.53596	1.53685	1754	0	80
2015.01.12	05:00:00	1.53684	1.53710	1.53579	1.53615	1756	0	80
2015.01.12	06:00:00	1.53616	1.53638	1.53581	1.53607	1281	0	80
2015.01.12	07:00:00	1.53614	1.53630	1.53528	1.53544	3024	0	39
2015.01.12	08:00:00	1.53543	1.53671	1.53461	1.53600	3264	0	39
2015.01.12	09:00:00	1.53598	1.53675	1.53471	1.53532	4050	0	39
2015.01.12	10:00:00	1.53532	1.53609	1.53331	1.53605	7329	0	39
2015.01.12	11:00:00	1.53602	1.53729	1.53442	1.53718	6295	0	39
2015.01.12	12:00:00	1.53714	1.53935	1.53628	1.53913	5743	0	39
2015.01.12	13:00:00	1.53912	1.54073	1.53882	1.54073	5299	0	39
2015.01.12	14:00:00	1.54072	1.54224	1.54046	1.54096	5636	0	39
2015.01.12	15:00:00	1.54098	1.54145	1.53885	1.53916	6521	0	39
2015.01.12	16:00:00	1.53921	1.53970	1.53782	1.53838	6978	0	39
2015.01.12	17:00:00	1.53840	1.53887	1.53679	1.53814	7417	0	39
2015.01.12	18:00:00	1.53813	1.53973	1.53779	1.53931	5975	0	39
2015.01.12	19:00:00	1.53932	1.54103	1.53922	1.53970	4738	0	39
2015.01.12	20:00:00	1.53970	1.54009	1.53850	1.53999	4890	0	39
2015.01.12	21:00:00	1.53989	1.53989	1.53863	1.53941	2220	0	75
2015.01.12	22:00:00	1.53942	1.53978	1.53891	1.53952	1842	0	80
2015.01.12	23:00:00	1.53955	1.53992	1.53900	1.53900	1435	0	80
2015.01.13	00:00:00	1.53942	1.54792	1.53330	1.53941	138535	0	80
2015.01.13	01:00:00	1.53946	1.53973	1.53922	1.53949	2154	0	80
2015.01.13	02:00:00	1.53948	1.53973	1.53828	1.53845	2318	0	80
2015.01.13	03:00:00	1.53846	1.53913	1.53804	1.53851	2425	0	80
2015.01.13	04:00:00	1.53853	1.53926	1.53844	1.53868	1854	0	80
2015.01.13	05:00:00	1.53869	1.53882	1.53755	1.53818	1935	0	80
2015.01.13	06:00:00	1.53819	1.53872	1.53796	1.53835	2378	0	80
2015.01.13	07:00:00	1.53844	1.53942	1.53830	1.53894	3756	0	39
2015.01.13	08:00:00	1.53894	1.53932	1.53768	1.53806	3858	0	39
2015.01.13	09:00:00	1.53804	1.53808	1.53442	1.53458	5270	0	39
2015.01.13	10:00:00	1.53459	1.53681	1.53459	1.53598	6955	0	39
2015.01.13	11:00:00	1.53597	1.53761	1.53347	1.53631	8012	0	39
2015.01.13	12:00:00	1.53636	1.53833	1.53557	1.53797	6446	0	39
2015.01.13	13:00:00	1.53795	1.54239	1.53737	1.54163	6529	0	39
2015.01.13	14:00:00	1.54162	1.54694	1.54159	1.54655	6776	0	39
2015.01.13	15:00:00	1.54653	1.54672	1.54489	1.54598	6714	0	39
2015.01.13	16:00:00	1.54599	1.54807	1.54586	1.54711	7161	0	39
2015.01.13	17:00:00	1.54711	1.54791	1.54576	1.54673	7496	0	39
2015.01.13	18:00:00	1.54675	1.54725	1.54540	1.54593	6623	0	39
2015.01.13	19:00:00	1.54594	1.54610	1.54464	1.54489	5400	0	39
2015.01.13	20:00:00	1.54486	1.54678	1.54433	1.54653	5846	0	39
2015.01.13	21:00:00	1.54645	1.54660	1.54478	1.54585	3654	0	75
2015.01.13	22:00:00	1.54584	1.54681	1.54582	1.54651	2807	0	80
2015.01.13	23:00:00	1.54653	1.54677	1.54585	1.54588	1661	0	80
2015.01.14	00:00:00	1.54614	1.55270	1.54292	1.54601	159309	0	80
2015.01.14	01:00:00	1.54597	1.54660	1.54572	1.54633	2252	0	80
2015.01.14	02:00:00	1.54632	1.54751	1.54623	1.54734	2502	0	80
2015.01.14	03:00:00	1.54733	1.54766	1.54662	1.54673	2424	0	80
2015.01.14	04:00:00	1.54671	1.54679	1.54469	1.54483	2885	0	80
2015.01.14	05:00:00	1.54481	1.54522	1.54420	1.54516	1856	0	80
2015.01.14	06:00:00	1.54515	1.54536	1.54419	1.54514	1865	0	80
2015.01.14	07:00:00	1.54525	1.54538	1.54402	1.54409	4346	0	39
2015.01.14	08:00:00	1.54409	1.54429	1.54297	1.54336	4959	0	39
2015.01.14	09:00:00	1.54336	1.54821	1.54313	1.54749	6250	0	39
2015.01.14	10:00:00	1.54750	1.54975	1.54457	1.54544	8270	0	39
2015.01.14	11:00:00	1.54543	1.55279	1.54462	1.55128	7991	0	39
2015.01.14	12:00:00	1.55130	1.55233	1.54988	1.54991	6537	0	39
2015.01.14	13:00:00	1.54988	1.55210	1.54875	1.55175	6250	0	39
2015.01.14	14:00:00	1.55177	1.55227	1.54984	1.55016	6318	0	39
2015.01.14	15:00:00	1.55017	1.55059	1.54737	1.54916	8616	0	39
2015.01.14	16:00:00	1.54917	1.55070	1.54802	1.54967	8508	0	39
2015.01.14	17:00:00	1.54968	1.55119	1.54927	1.54980	7707	0	39
2015.01.14	18:00:00	1.54977	1.55058	1.54802	1.54927	6978	0	39
2015.01.14	19:00:00	1.54925	1.55116	1.54873	1.55051	5802	0	39
2015.01.14	20:00:00	1.55049	1.55132	1.54967	1.55102	5345	0	39
2015.01.14	21:00:00	1.55090	1.55222	1.55085	1.55190	3312	0	75
2015.01.14	22:00:00	1.55189	1.55189	1.55032	1.55164	2777	0	80
2015.01.14	23:00:00	1.55163	1.55189	1.55116	1.55116	1778	0	80
2015.01.15	00:00:00	1.55155	1.55434	1.26788	1.55143	181161	0	80
2015.01.15	01:00:00	1.55142	1.55210	1.55138	1.55210	2035	0	80
2015.01.15	02:00:00	1.55211	1.55414	1.55207	1.55395	2785	0	80
2015.01.15	03:00:00	1.55396	1.55413	1.55300	1.55335	2234	0	80
2015.01.15	04:00:00	1.55334	1.55348	1.55262	1.55265	2038	0	80
2015.01.15	05:00:00	1.55264	1.55292	1.55240	1.55268	1592	0	80
2015.01.15	06:00:00	1.55269	1.55346	1.55248	1.55335	1894	0	80
2015.01.15	07:00:00	1.55342	1.55426	1.55302	1.55405	3638	0	39
2015.01.15	08:00:00	1.55407	1.55450	1.55263	1.55283	3721	0	39
2015.01.15	09:00:00	1.55288	1.55293	1.54993	1.55144	5376	0	39
2015.01.15	10:00:00	1.55145	1.55383	1.55134	1.55362	6179	0	39
2015.01.15	11:00:00	1.55363	1.55410	1.18563	1.32313	3938	0	39
2015.01.15	12:00:00	1.32351	1.37493	1.25506	1.34776	8331	0	75
2015.01.15	13:00:00	1.34773	1.35161	1.33258	1.33961	5641	0	89
2015.01.15	14:00:00	1.33968	1.34360	1.33042	1.33180	7837	0	89
2015.01.15	15:00:00	1.33193	1.34632	1.32875	1.33132	7839	0	62
2015.01.15	16:00:00	1.33128	1.34746	1.32360	1.34546	7632	0	52
2015.01.15	17:00:00	1.34576	1.38521	1.34476	1.37819	9395	0	62
2015.01.15	18:00:00	1.37816	1.37889	1.34681	1.35394	7270	0	59
2015.01.15	19:00:00	1.35422	1.36392	1.34766	1.34998	6536	0	73
2015.01.15	20:00:00	1.35000	1.35176	1.32608	1.34609	6914	0	75
2015.01.15	21:00:00	1.34622	1.34676	1.32286	1.32381	6051	0	87
2015.01.15	22:00:00	1.32382	1.32515	1.31762	1.31790	5514	0	89
2015.01.15	23:00:00	1.31796	1.31948	1.26831	1.27297	4460	0	87
2015.01.16	00:00:00	1.27861	1.33843	1.27264	1.30125	172046	0	100
2015.01.16	01:00:00	1.30126	1.30347	1.28929	1.29545	4335	0	100
2015.01.16	02:00:00	1.29569	1.29823	1.28974	1.29295	4658	0	90
2015.01.16	03:00:00	1.29293	1.29842	1.29192	1.29812	3659	0	85
2015.01.16	04:00:00	1.29840	1.30761	1.29536	1.30654	4660	0	82
2015.01.16	05:00:00	1.30655	1.31216	1.30456	1.31192	3891	0	86
2015.01.16	06:00:00	1.31219	1.32316	1.31053	1.32206	3572	0	99
2015.01.16	07:00:00	1.32234	1.32936	1.31155	1.32874	4294	0	75
2015.01.16	08:00:00	1.32924	1.33420	1.32322	1.32868	4478	0	75
2015.01.16	09:00:00	1.32881	1.33757	1.32203	1.32467	5506	0	75
2015.01.16	10:00:00	1.32589	1.33436	1.31506	1.31679	4675	0	122
2015.01.16	11:00:00	1.31705	1.33063	1.30978	1.32814	5715	0	116
2015.01.16	12:00:00	1.32842	1.33765	1.32477	1.33278	5124	0	133
2015.01.16	13:00:00	1.33294	1.33597	1.32907	1.33003	3310	0	126
2015.01.16	14:00:00	1.33018	1.33055	1.31754	1.32607	3720	0	130
2015.01.16	15:00:00	1.32633	1.32926	1.32134	1.32527	5016	0	133
2015.01.16	16:00:00	1.32532	1.32636	1.29230	1.29601	9833	0	111
2015.01.16	17:00:00	1.29600	1.30294	1.28567	1.28937	10974	0	132
2015.01.16	18:00:00	1.28929	1.29868	1.28346	1.28396	8898	0	121
2015.01.16	19:00:00	1.28401	1.30675	1.27914	1.29936	6742	0	118
2015.01.16	20:00:00	1.29960	1.30725	1.29657	1.30618	6194	0	133
2015.01.16	21:00:00	1.30620	1.30714	1.29693	1.29712	5142	0	148
2015.01.16	22:00:00	1.29710	1.30599	1.29437	1.29729	5112	0	153
2015.01.16	23:00:00	1.29729	1.30536	1.29706	1.30048	4010	0	98
2015.01.19	00:00:00	1.30236	1.33134	1.29361	1.30208	148963	0	71
2015.01.19	01:00:00	1.30209	1.30633	1.29859	1.29940	3905	0	43
2015.01.19	02:00:00	1.29938	1.30512	1.29863	1.30405	4210	0	24
2015.01.19	03:00:00	1.30390	1.30554	1.30209	1.30239	4236	0	47
2015.01.19	04:00:00	1.30237	1.31079	1.30237	1.31058	2715	0	59
2015.01.19	05:00:00	1.31055	1.31274	1.30875	1.31250	3973	0	59
2015.01.19	06:00:00	1.31249	1.31531	1.31196	1.31383	3642	0	51
2015.01.19	07:00:00	1.31403	1.31408	1.30837	1.30854	5035	0	65
2015.01.19	08:00:00	1.30865	1.31383	1.29473	1.31352	6988	0	66
2015.01.19	09:00:00	1.31462	1.31537	1.30655	1.30833	8106	0	78
2015.01.19	10:00:00	1.30780	1.31267	1.29977	1.30199	4942	0	61
2015.01.19	11:00:00	1.30222	1.31590	1.30076	1.31306	4719	0	75
2015.01.19	12:00:00	1.31299	1.31480	1.30947	1.30953	3607	0	78
2015.01.19	13:00:00	1.30965	1.32159	1.30941	1.32068	3931	0	72
2015.01.19	14:00:00	1.32076	1.32618	1.31586	1.31598	3800	0	59
2015.01.19	15:00:00	1.31610	1.32411	1.31530	1.31754	4062	0	72
2015.01.19	16:00:00	1.31759	1.32289	1.31595	1.32215	3382	0	59
2015.01.19	17:00:00	1.32217	1.32925	1.32172	1.32580	4285	0	68
2015.01.19	18:00:00	1.32581	1.33121	1.32248	1.32499	3544	0	57
2015.01.19	19:00:00	1.32504	1.32863	1.32504	1.32837	2386	0	36
2015.01.19	20:00:00	1.32868	1.33071	1.32672	1.32924	2113	0	68
2015.01.19	21:00:00	1.32921	1.32946	1.32743	1.32846	1502	0	40
2015.01.19	22:00:00	1.32849	1.32935	1.32791	1.32884	1130	0	55
2015.01.19	23:00:00	1.32896	1.32920	1.32795	1.32795	1071	0	91
2015.01.20	00:00:00	1.32901	1.33307	1.31866	1.32749	97036	0	100
2015.01.20	01:00:00	1.32760	1.32791	1.32430	1.32733	1414	0	92
2015.01.20	02:00:00	1.32734	1.32741	1.32372	1.32593	1318	0	91
2015.01.20	03:00:00	1.32592	1.32641	1.32317	1.32355	1807	0	88
2015.01.20	04:00:00	1.32407	1.32630	1.32165	1.32618	1587	0	80
2015.01.20	05:00:00	1.32620	1.32647	1.32460	1.32582	1000	0	83
2015.01.20	06:00:00	1.32588	1.32650	1.32390	1.32485	985	0	90
2015.01.20	07:00:00	1.32490	1.32567	1.32196	1.32312	1848	0	81
2015.01.20	08:00:00	1.32332	1.32967	1.32223	1.32948	2037	0	73
2015.01.20	09:00:00	1.32960	1.33241	1.32418	1.32478	3465	0	73
2015.01.20	10:00:00	1.32486	1.32868	1.32433	1.32708	3337	0	64
2015.01.20	11:00:00	1.32716	1.32977	1.32095	1.32512	4282	0	70
2015.01.20	12:00:00	1.32517	1.32753	1.32248	1.32454	3667	0	59
2015.01.20	13:00:00	1.32453	1.32679	1.32085	1.32165	3514	0	61
2015.01.20	14:00:00	1.32166	1.32531	1.32125	1.32164	3146	0	67
2015.01.20	15:00:00	1.32174	1.32404	1.31865	1.32065	3722	0	70
2015.01.20	16:00:00	1.32067	1.32685	1.31851	1.32079	3897	0	44
2015.01.20	17:00:00	1.32097	1.33288	1.32046	1.33285	4070	0	77
2015.01.20	18:00:00	1.33277	1.33301	1.32341	1.32655	3599	0	66
2015.01.20	19:00:00	1.32660	1.32953	1.32363	1.32738	2303	0	71
2015.01.20	20:00:00	1.32739	1.32951	1.32462	1.32948	1939	0	74
2015.01.20	21:00:00	1.32948	1.33148	1.32871	1.33049	1497	0	87
2015.01.20	22:00:00	1.33046	1.33210	1.32468	1.32710	1596	0	89
2015.01.20	23:00:00	1.32711	1.32857	1.32491	1.32491	1391	0	95
2015.01.21	00:00:00	1.32599	1.32977	1.28348	1.32385	130841	0	104
2015.01.21	01:00:00	1.32405	1.32431	1.32125	1.32414	1019	0	80
2015.01.21	02:00:00	1.32416	1.32536	1.32122	1.32147	1410	0	86
2015.01.21	03:00:00	1.32151	1.32319	1.32141	1.32222	1378	0	80
2015.01.21	04:00:00	1.32224	1.32297	1.32165	1.32228	1091	0	62
2015.01.21	05:00:00	1.32239	1.32332	1.32191	1.32331	1438	0	86
2015.01.21	06:00:00	1.32330	1.32345	1.32240	1.32248	1391	0	90
2015.01.21	07:00:00	1.32274	1.32301	1.32112	1.32271	1390	0	76
2015.01.21	08:00:00	1.32275	1.32286	1.32035	1.32150	1732	0	60
2015.01.21	09:00:00	1.32159	1.32918	1.32116	1.32918	2993	0	70
2015.01.21	10:00:00	1.32921	1.32969	1.31618	1.31619	4296	0	81
2015.01.21	11:00:00	1.31625	1.31902	1.30626	1.30647	5182	0	59
2015.01.21	12:00:00	1.30663	1.30968	1.30403	1.30522	4191	0	69
2015.01.21	13:00:00	1.30527	1.30969	1.30428	1.30875	3372	0	72
2015.01.21	14:00:00	1.30883	1.30962	1.30428	1.30468	3370	0	61
2015.01.21	15:00:00	1.30472	1.30639	1.29673	1.29706	4488	0	62
2015.01.21	16:00:00	1.29698	1.29826	1.28343	1.29488	6544	0	71
2015.01.21	17:00:00	1.29496	1.30766	1.29343	1.30149	6591	0	76
2015.01.21	18:00:00	1.30160	1.30244	1.29746	1.29935	4507	0	74
2015.01.21	19:00:00	1.29947	1.30772	1.29898	1.30529	3465	0	69
2015.01.21	20:00:00	1.30522	1.30618	1.29967	1.30001	2615	0	62
2015.01.21	21:00:00	1.30004	1.30505	1.29826	1.30077	2749	0	81
2015.01.21	22:00:00	1.30075	1.30407	1.29777	1.29868	2201	0	84
2015.01.21	23:00:00	1.29880	1.30321	1.29864	1.30097	1576	0	82
2015.01.22	00:00:00	1.30180	1.31438	1.29452	1.30270	106944	0	100
2015.01.22	01:00:00	1.30298	1.30354	1.29979	1.30256	1277	0	86
2015.01.22	02:00:00	1.30264	1.30565	1.30264	1.30348	1847	0	80
2015.01.22	03:00:00	1.30351	1.30578	1.30305	1.30563	1484	0	83
2015.01.22	04:00:00	1.30566	1.30890	1.30409	1.30880	1566	0	88
2015.01.22	05:00:00	1.30887	1.30980	1.30593	1.30622	1111	0	93
2015.01.22	06:00:00	1.30638	1.30682	1.30368	1.30452	1161	0	74
2015.01.22	07:00:00	1.30473	1.30826	1.29955	1.30058	1667	0	81
2015.01.22	08:00:00	1.30076	1.30410	1.29809	1.30074	1577	0	74
2015.01.22	09:00:00	1.30078	1.30220	1.29434	1.29935	2483	0	70
2015.01.22	10:00:00	1.29953	1.30421	1.29504	1.30178	4040	0	73
2015.01.22	11:00:00	1.30186	1.30458	1.29964	1.30058	3882	0	70
2015.01.22	12:00:00	1.30072	1.30311	1.29819	1.30127	3542	0	67
2015.01.22	13:00:00	1.30131	1.30170	1.29621	1.29920	3378	0	59
2015.01.22	14:00:00	1.29923	1.30012	1.29359	1.29612	4532	0	59
2015.01.22	15:00:00	1.29610	1.30511	1.29610	1.30252	5745	0	73
2015.01.22	16:00:00	1.30285	1.30623	1.29669	1.30395	5870	0	71
2015.01.22	17:00:00	1.30393	1.31403	1.30202	1.31117	5189	0	49
2015.01.22	18:00:00	1.31111	1.31422	1.30574	1.30597	4546	0	63
2015.01.22	19:00:00	1.30601	1.30998	1.30426	1.30762	3799	0	63
2015.01.22	20:00:00	1.30760	1.31253	1.30728	1.31165	3577	0	66
2015.01.22	21:00:00	1.31159	1.31193	1.30913	1.30938	1947	0	80
2015.01.22	22:00:00	1.30934	1.31086	1.30813	1.30966	2267	0	80
2015.01.22	23:00:00	1.30975	1.31190	1.30615	1.30627	2790	0	87
2015.01.23	00:00:00	1.30716	1.32250	1.30172	1.30622	106500	0	150
2015.01.23	01:00:00	1.30648	1.30828	1.30395	1.30771	2416	0	95
2015.01.23	02:00:00	1.30787	1.30929	1.30646	1.30828	2139	0	94
2015.01.23	03:00:00	1.30829	1.30844	1.30284	1.30372	2032	0	104
2015.01.23	04:00:00	1.30378	1.30816	1.30352	1.30766	2229	0	91
2015.01.23	05:00:00	1.30767	1.30794	1.30556	1.30600	1759	0	90
2015.01.23	06:00:00	1.30614	1.30695	1.30556	1.30665	1147	0	96
2015.01.23	07:00:00	1.30668	1.30739	1.30545	1.30663	2408	0	81
2015.01.23	08:00:00	1.30675	1.30846	1.30547	1.30597	2097	0	81
2015.01.23	09:00:00	1.30603	1.30900	1.30384	1.30540	3155	0	59
2015.01.23	10:00:00	1.30572	1.30690	1.30168	1.30401	5449	0	59
2015.01.23	11:00:00	1.30394	1.30777	1.30301	1.30572	5135	0	62
2015.01.23	12:00:00	1.30577	1.30815	1.30455	1.30805	3708	0	59
2015.01.23	13:00:00	1.30803	1.31051	1.30568	1.31026	4199	0	60
2015.01.23	14:00:00	1.31037	1.31573	1.30843	1.31252	5500	0	63
2015.01.23	15:00:00	1.31256	1.31448	1.30900	1.30980	5230	0	71
2015.01.23	16:00:00	1.30973	1.31597	1.30623	1.30954	4736	0	58
2015.01.23	17:00:00	1.30967	1.31900	1.30913	1.31870	5390	0	68
2015.01.23	18:00:00	1.31871	1.32052	1.31158	1.31536	4361	0	68
2015.01.23	19:00:00	1.31545	1.32033	1.31545	1.31788	2946	0	71
2015.01.23	20:00:00	1.31795	1.32244	1.31666	1.31898	3386	0	63
2015.01.23	21:00:00	1.31920	1.31990	1.31704	1.31704	1979	0	85
2015.01.23	22:00:00	1.31692	1.31970	1.31570	1.31970	1267	0	84
2015.01.23	23:00:00	1.31979	1.32112	1.31339	1.31991	1753	0	89
2015.01.26	00:00:00	1.32050	1.36374	1.31458	1.32111	100933	0	134
2015.01.26	01:00:00	1.32149	1.32223	1.31886	1.32042	2240	0	105
2015.01.26	02:00:00	1.32064	1.32109	1.31627	1.31641	2794	0	105
2015.01.26	03:00:00	1.31647	1.31704	1.31428	1.31491	1879	0	106
2015.01.26	04:00:00	1.31511	1.32157	1.31439	1.32071	1936	0	93
2015.01.26	05:00:00	1.32075	1.32086	1.31763	1.31788	2135	0	97
2015.01.26	06:00:00	1.31796	1.31944	1.31721	1.31795	1742	0	99
2015.01.26	07:00:00	1.31836	1.31951	1.31668	1.31913	1573	0	77
2015.01.26	08:00:00	1.31919	1.32270	1.31861	1.32153	2726	0	81
2015.01.26	09:00:00	1.32175	1.32266	1.31775	1.31845	3601	0	76
2015.01.26	10:00:00	1.31838	1.33179	1.31838	1.33073	5233	0	71
2015.01.26	11:00:00	1.33080	1.33164	1.32811	1.32880	5010	0	72
2015.01.26	12:00:00	1.32877	1.33561	1.32805	1.33439	3425	0	59
2015.01.26	13:00:00	1.33444	1.33982	1.33444	1.33771	3341	0	59
2015.01.26	14:00:00	1.33772	1.33900	1.33322	1.33825	2915	0	65
2015.01.26	15:00:00	1.33831	1.34030	1.33499	1.33930	3869	0	67
2015.01.26	16:00:00	1.33938	1.34809	1.33864	1.34484	4033	0	56
2015.01.26	17:00:00	1.34482	1.35102	1.34435	1.35093	3650	0	65
2015.01.26	18:00:00	1.35099	1.35758	1.35058	1.35577	3510	0	62
2015.01.26	19:00:00	1.35581	1.35727	1.35356	1.35492	2540	0	62
2015.01.26	20:00:00	1.35498	1.35818	1.35388	1.35740	2383	0	73
2015.01.26	21:00:00	1.35736	1.35990	1.35623	1.35647	1627	0	82
2015.01.26	22:00:00	1.35648	1.36299	1.35648	1.36286	1577	0	83
2015.01.26	23:00:00	1.36288	1.36359	1.35992	1.36035	1810	0	85
2015.01.27	00:00:00	1.36128	1.38454	1.34653	1.35957	111356	0	97
2015.01.27	01:00:00	1.35964	1.36136	1.35806	1.35908	1551	0	89
2015.01.27	02:00:00	1.35913	1.36103	1.35806	1.35911	1366	0	80
2015.01.27	03:00:00	1.35919	1.36164	1.35892	1.36029	1674	0	81
2015.01.27	04:00:00	1.36040	1.36281	1.35983	1.36167	1473	0	80
2015.01.27	05:00:00	1.36172	1.36367	1.36085	1.36130	1493	0	80
2015.01.27	06:00:00	1.36137	1.36315	1.36055	1.36169	2139	0	80
2015.01.27	07:00:00	1.36167	1.36613	1.36163	1.36355	2036	0	59
2015.01.27	08:00:00	1.36364	1.36675	1.36249	1.36466	2174	0	59
2015.01.27	09:00:00	1.36471	1.36496	1.35775	1.36090	2871	0	61
2015.01.27	10:00:00	1.36095	1.38407	1.36088	1.37840	5298	0	71
2015.01.27	11:00:00	1.37840	1.37840	1.36051	1.36159	5078	0	57
2015.01.27	12:00:00	1.36164	1.36344	1.34627	1.35341	4641	0	49
2015.01.27	13:00:00	1.35344	1.36303	1.34787	1.35902	3057	0	75
2015.01.27	14:00:00	1.35910	1.36458	1.35691	1.36191	3287	0	58
2015.01.27	15:00:00	1.36191	1.36320	1.35712	1.36200	5019	0	78
2015.01.27	16:00:00	1.36202	1.36797	1.35796	1.36111	5229	0	90
2015.01.27	17:00:00	1.36029	1.37197	1.36013	1.37171	4731	0	84
2015.01.27	18:00:00	1.37173	1.37640	1.36888	1.37412	3707	0	62
2015.01.27	19:00:00	1.37412	1.37545	1.37033	1.37401	2735	0	95
2015.01.27	20:00:00	1.37402	1.37599	1.36920	1.37250	2340	0	85
2015.01.27	21:00:00	1.37254	1.37296	1.36368	1.36528	2115	0	97
2015.01.27	22:00:00	1.36513	1.37136	1.36511	1.36830	2141	0	98
2015.01.27	23:00:00	1.36832	1.37186	1.36807	1.37166	1719	0	65
2015.01.28	00:00:00	1.37177	1.37854	1.36328	1.37023	88065	0	136
2015.01.28	01:00:00	1.37023	1.37023	1.36318	1.36523	1475	0	103
2015.01.28	02:00:00	1.36528	1.37097	1.36282	1.36380	2771	0	79
2015.01.28	03:00:00	1.36384	1.36910	1.36355	1.36687	1566	0	140
2015.01.28	04:00:00	1.36676	1.37239	1.36663	1.37146	1818	0	120
2015.01.28	05:00:00	1.37155	1.37325	1.37033	1.37295	911	0	122
2015.01.28	06:00:00	1.37290	1.37293	1.36951	1.36979	761	0	124
2015.01.28	07:00:00	1.36976	1.37269	1.36967	1.37211	1095	0	96
2015.01.28	08:00:00	1.37209	1.37370	1.36959	1.37289	2171	0	106
2015.01.28	09:00:00	1.37290	1.37822	1.37209	1.37503	2699	0	95
2015.01.28	10:00:00	1.37506	1.37526	1.36858	1.37107	3452	0	87
2015.01.28	11:00:00	1.37110	1.37213	1.36656	1.36900	3363	0	84
2015.01.28	12:00:00	1.36895	1.37086	1.36634	1.36806	3306	0	74
2015.01.28	13:00:00	1.36810	1.37173	1.36641	1.37045	2423	0	77
2015.01.28	14:00:00	1.37049	1.37255	1.36892	1.36960	1864	0	75
2015.01.28	15:00:00	1.36964	1.37388	1.36941	1.37152	3075	0	74
2015.01.28	16:00:00	1.37153	1.37526	1.37013	1.37339	3424	0	75
2015.01.28	17:00:00	1.37337	1.37582	1.36936	1.37283	3669	0	74
2015.01.28	18:00:00	1.37278	1.37354	1.36881	1.37296	2905	0	89
2015.01.28	19:00:00	1.37294	1.37445	1.37089	1.37392	1946	0	86
2015.01.28	20:00:00	1.37388	1.37503	1.37042	1.37277	1997	0	89
2015.01.28	21:00:00	1.37303	1.37364	1.36351	1.37194	5329	0	83
2015.01.28	22:00:00	1.37198	1.37356	1.36924	1.37356	3425	0	91
2015.01.28	23:00:00	1.37353	1.37388	1.36932	1.36933	2269	0	54
2015.01.29	00:00:00	1.36982	1.39756	1.36872	1.37055	79220	0	82
2015.01.29	01:00:00	1.37080	1.37326	1.37020	1.37284	1075	0	94
2015.01.29	02:00:00	1.37291	1.37515	1.37170	1.37423	1364	0	85
2015.01.29	03:00:00	1.37430	1.37914	1.37414	1.37757	1296	0	84
2015.01.29	04:00:00	1.37751	1.37982	1.37680	1.37869	1072	0	80
2015.01.29	05:00:00	1.37866	1.37969	1.37826	1.37918	943	0	80
2015.01.29	06:00:00	1.37910	1.37955	1.37678	1.37886	947	0	80
2015.01.29	07:00:00	1.37893	1.38009	1.37730	1.37968	1157	0	46
2015.01.29	08:00:00	1.37970	1.37984	1.37645	1.37736	1820	0	59
2015.01.29	09:00:00	1.37744	1.37808	1.37546	1.37754	2572	0	60
2015.01.29	10:00:00	1.37783	1.37835	1.37320	1.37600	2871	0	60
2015.01.29	11:00:00	1.37612	1.38356	1.37612	1.38060	2645	8000000	47
2015.01.29	12:00:00	1.38070	1.39695	1.37995	1.39422	2796	0	55
2015.01.29	13:00:00	1.39425	1.39747	1.38375	1.38640	3073	0	55
2015.01.29	14:00:00	1.38648	1.39309	1.38601	1.38970	2246	0	66
2015.01.29	15:00:00	1.39004	1.39138	1.38496	1.38703	2997	0	72
2015.01.29	16:00:00	1.38689	1.39314	1.38598	1.39026	3161	0	51
2015.01.29	17:00:00	1.39059	1.39236	1.38325	1.38415	3791	0	74
2015.01.29	18:00:00	1.38417	1.39030	1.38415	1.38759	4114	0	77
2015.01.29	19:00:00	1.38761	1.39147	1.38761	1.38988	2758	0	71
2015.01.29	20:00:00	1.38997	1.39035	1.38736	1.38959	2182	0	79
2015.01.29	21:00:00	1.38971	1.39163	1.38927	1.39153	1550	0	85
2015.01.29	22:00:00	1.39154	1.39234	1.39031	1.39032	1217	0	89
2015.01.29	23:00:00	1.39037	1.39164	1.39036	1.39094	1084	0	90
2015.01.30	00:00:00	1.39140	1.39870	1.37816	1.38979	103943	0	85
2015.01.30	01:00:00	1.38996	1.39134	1.38909	1.39022	797	0	98
2015.01.30	02:00:00	1.39056	1.39114	1.38827	1.38934	947	0	100
2015.01.30	03:00:00	1.38936	1.39115	1.38908	1.39079	770	0	96
2015.01.30	04:00:00	1.39089	1.39126	1.38924	1.38950	1166	0	99
2015.01.30	05:00:00	1.38951	1.38972	1.38715	1.38727	1024	0	100
2015.01.30	06:00:00	1.38730	1.39093	1.38703	1.38878	867	0	103
2015.01.30	07:00:00	1.38905	1.38959	1.38814	1.38837	905	0	81
2015.01.30	08:00:00	1.38853	1.38862	1.38630	1.38766	1153	0	81
2015.01.30	09:00:00	1.38774	1.39814	1.38703	1.39783	2537	0	64
2015.01.30	10:00:00	1.39790	1.39863	1.39077	1.39098	3275	0	69
2015.01.30	11:00:00	1.39109	1.39617	1.38680	1.39593	3350	0	64
2015.01.30	12:00:00	1.39602	1.39632	1.38806	1.38872	3486	0	78
2015.01.30	13:00:00	1.38879	1.39520	1.38770	1.39502	2864	0	67
2015.01.30	14:00:00	1.39513	1.39605	1.38779	1.39090	3130	0	76
2015.01.30	15:00:00	1.39093	1.39428	1.38976	1.39168	3740	0	71
2015.01.30	16:00:00	1.39171	1.39581	1.39115	1.39471	3495	0	69
2015.01.30	17:00:00	1.39471	1.39621	1.38063	1.38095	4261	0	71
2015.01.30	18:00:00	1.38117	1.38569	1.38033	1.38358	4180	0	64
2015.01.30	19:00:00	1.38354	1.38683	1.37980	1.38050	2434	0	63
2015.01.30	20:00:00	1.38057	1.38918	1.37796	1.38632	1891	0	61
2015.01.30	21:00:00	1.38627	1.39198	1.38032	1.38047	2329	0	81
2015.01.30	22:00:00	1.38092	1.38317	1.38048	1.38246	1783	0	90
2015.01.30	23:00:00	1.38249	1.38683	1.38174	1.38464	1522	0	89
2015.02.02	00:00:00	1.39923	1.40712	1.38655	1.39230	105693	0	150
2015.02.02	01:00:00	1.39224	1.39231	1.38685	1.38905	2000	0	158
2015.02.02	02:00:00	1.38899	1.39060	1.38664	1.38850	1142	0	129
2015.02.02	03:00:00	1.38846	1.39570	1.38809	1.39439	1360	0	121
2015.02.02	04:00:00	1.39436	1.39603	1.39261	1.39579	1272	0	117
2015.02.02	05:00:00	1.39586	1.39631	1.39425	1.39528	1192	0	137
2015.02.02	06:00:00	1.39528	1.39579	1.39396	1.39421	739	0	118
2015.02.02	07:00:00	1.39420	1.39684	1.39378	1.39613	861	0	113
2015.02.02	08:00:00	1.39616	1.39793	1.39451	1.39747	1392	0	106
2015.02.02	09:00:00	1.39752	1.39996	1.39635	1.39781	3319	0	98
2015.02.02	10:00:00	1.39781	1.40674	1.39773	1.40148	4537	0	73
2015.02.02	11:00:00	1.40145	1.40374	1.39531	1.39541	4217	0	82
2015.02.02	12:00:00	1.39535	1.40094	1.39473	1.39732	3112	0	89
2015.02.02	13:00:00	1.39734	1.40024	1.39598	1.40023	2498	0	85
2015.02.02	14:00:00	1.40012	1.40029	1.39553	1.39825	2370	0	93
2015.02.02	15:00:00	1.39828	1.40042	1.39622	1.39901	3046	0	6
2015.02.02	16:00:00	1.39898	1.39963	1.39398	1.39751	3631	0	83
2015.02.02	17:00:00	1.39756	1.40006	1.38822	1.38838	4455	0	60
2015.02.02	18:00:00	1.38836	1.39299	1.38600	1.39172	3520	0	75
2015.02.02	19:00:00	1.39166	1.39426	1.39030	1.39406	2382	0	97
2015.02.02	20:00:00	1.39407	1.39456	1.38979	1.39384	1672	0	96
2015.02.02	21:00:00	1.39383	1.39556	1.39077	1.39502	1796	0	99
2015.02.02	22:00:00	1.39491	1.39610	1.39138	1.39267	2177	0	100
2015.02.02	23:00:00	1.39267	1.39522	1.39165	1.39505	1285	0	113
2015.02.03	00:00:00	1.39523	1.40269	1.38797	1.39320	92039	0	96
2015.02.03	01:00:00	1.39326	1.39404	1.39219	1.39251	1598	0	132
2015.02.03	02:00:00	1.39253	1.39453	1.39253	1.39378	1317	0	128
2015.02.03	03:00:00	1.39378	1.39552	1.39281	1.39518	1608	0	118
2015.02.03	04:00:00	1.39518	1.39739	1.39504	1.39624	1546	0	122
2015.02.03	05:00:00	1.39625	1.39634	1.39372	1.39469	1776	0	135
2015.02.03	06:00:00	1.39464	1.39512	1.38712	1.39046	2448	0	99
2015.02.03	07:00:00	1.39044	1.39422	1.39042	1.39347	1336	0	113
2015.02.03	08:00:00	1.39349	1.39354	1.39211	1.39254	1410	0	123
2015.02.03	09:00:00	1.39257	1.39543	1.38757	1.38911	2882	0	100
2015.02.03	10:00:00	1.38909	1.39310	1.38847	1.39177	3601	0	90
2015.02.03	11:00:00	1.39180	1.39415	1.38860	1.39001	3293	0	69
2015.02.03	12:00:00	1.39001	1.39411	1.38970	1.39262	2731	0	86
2015.02.03	13:00:00	1.39260	1.39677	1.39260	1.39656	1893	0	91
2015.02.03	14:00:00	1.39664	1.39735	1.39519	1.39650	2083	0	84
2015.02.03	15:00:00	1.39649	1.39745	1.39191	1.39208	4615	0	71
2015.02.03	16:00:00	1.39217	1.39674	1.39090	1.39672	3768	0	75
2015.02.03	17:00:00	1.39672	1.39764	1.39220	1.39614	3354	0	78
2015.02.03	18:00:00	1.39639	1.39788	1.39374	1.39682	4301	0	71
2015.02.03	19:00:00	1.39682	1.39851	1.39542	1.39817	2544	0	74
2015.02.03	20:00:00	1.39813	1.39854	1.39462	1.39806	3662	0	82
2015.02.03	21:00:00	1.39816	1.39970	1.39511	1.39883	2417	0	85
2015.02.03	22:00:00	1.39887	1.40251	1.39752	1.40219	1747	0	104
2015.02.03	23:00:00	1.40217	1.40218	1.39964	1.40029	1806	0	73
2015.02.04	00:00:00	1.40068	1.41287	1.39839	1.39918	85202	0	100
2015.02.04	01:00:00	1.39915	1.40159	1.39915	1.39955	1767	0	128
2015.02.04	02:00:00	1.39963	1.40192	1.39963	1.40139	345	0	80
2015.02.04	03:00:00	1.40126	1.40336	1.40031	1.40053	292	0	60
2015.02.04	04:00:00	1.40059	1.40134	1.39985	1.39998	220	0	60
2015.02.04	05:00:00	1.39996	1.40321	1.39889	1.40281	281	0	70
2015.02.04	06:00:00	1.40280	1.40351	1.40273	1.40338	304	0	57
2015.02.04	07:00:00	1.40339	1.40418	1.40272	1.40373	224	0	80
2015.02.04	08:00:00	1.40378	1.40394	1.40121	1.40195	2809	0	111
2015.02.04	09:00:00	1.40189	1.40249	1.39797	1.39957	4905	0	117
2015.02.04	10:00:00	1.39957	1.40537	1.39851	1.40253	5510	0	115
2015.02.04	11:00:00	1.40254	1.40473	1.40039	1.40464	5502	0	115
2015.02.04	12:00:00	1.40466	1.40767	1.40336	1.40587	5225	0	112
2015.02.04	13:00:00	1.40585	1.40879	1.40546	1.40754	4287	0	115
2015.02.04	14:00:00	1.40745	1.41049	1.40730	1.40873	4651	0	114
2015.02.04	15:00:00	1.40872	1.41155	1.40869	1.40886	5291	0	108
2015.02.04	16:00:00	1.40885	1.40984	1.40523	1.40788	4957	0	98
2015.02.04	17:00:00	1.40798	1.41252	1.40691	1.40691	6180	0	114
2015.02.04	18:00:00	1.40706	1.40923	1.40353	1.40448	4906	0	112
2015.02.04	19:00:00	1.40447	1.40608	1.40176	1.40208	3474	0	117
2015.02.04	20:00:00	1.40208	1.40476	1.39959	1.40474	3451	0	114
2015.02.04	21:00:00	1.40477	1.40576	1.40389	1.40556	2859	0	115
2015.02.04	22:00:00	1.40557	1.40652	1.40287	1.40302	4167	0	114
2015.02.04	23:00:00	1.40300	1.40749	1.40194	1.40544	4900	0	88
2015.02.05	00:00:00	1.40577	1.41861	1.40084	1.40375	101760	0	150
2015.02.05	01:00:00	1.40403	1.40622	1.40397	1.40489	5405	0	133
2015.02.05	02:00:00	1.40482	1.40541	1.40167	1.40333	5753	0	135
2015.02.05	03:00:00	1.40329	1.40400	1.40180	1.40190	4747	0	125
2015.02.05	04:00:00	1.40190	1.40209	1.40039	1.40187	4813	0	131
2015.02.05	05:00:00	1.40188	1.40276	1.40141	1.40239	4566	0	135
2015.02.05	06:00:00	1.40237	1.40310	1.40237	1.40287	2673	0	121
2015.02.05	07:00:00	1.40282	1.40477	1.40229	1.40364	3397	0	140
2015.02.05	08:00:00	1.40368	1.40545	1.40235	1.40503	4173	0	119
2015.02.05	09:00:00	1.40496	1.40747	1.40124	1.40231	5652	0	110
2015.02.05	10:00:00	1.40229	1.40846	1.40145	1.40793	5522	0	112
2015.02.05	11:00:00	1.40791	1.41254	1.40760	1.41200	5184	0	110
2015.02.05	12:00:00	1.41197	1.41614	1.40944	1.41553	6523	0	102
2015.02.05	13:00:00	1.41549	1.41825	1.41216	1.41321	5587	0	106
2015.02.05	14:00:00	1.41328	1.41600	1.41164	1.41395	5076	0	104
2015.02.05	15:00:00	1.41395	1.41789	1.41265	1.41688	6154	0	107
2015.02.05	16:00:00	1.41690	1.41791	1.41175	1.41786	5596	0	98
2015.02.05	17:00:00	1.41784	1.41792	1.41281	1.41354	5050	0	109
2015.02.05	18:00:00	1.41359	1.41483	1.41149	1.41397	4337	0	107
2015.02.05	19:00:00	1.41397	1.41546	1.41097	1.41111	3395	0	99
2015.02.05	20:00:00	1.41107	1.41406	1.40970	1.41373	4595	0	116
2015.02.05	21:00:00	1.41383	1.41501	1.41254	1.41381	3661	0	116
2015.02.05	22:00:00	1.41380	1.41514	1.41162	1.41368	3425	0	117
2015.02.05	23:00:00	1.41350	1.41352	1.41119	1.41163	2224	0	85
2015.02.06	00:00:00	1.41157	1.41687	1.40708	1.41202	92543	0	100
2015.02.06	01:00:00	1.41203	1.41277	1.41090	1.41200	3801	0	134
2015.02.06	02:00:00	1.41200	1.41476	1.41200	1.41366	3375	0	124
2015.02.06	03:00:00	1.41364	1.41502	1.41325	1.41403	2270	0	135
2015.02.06	04:00:00	1.41406	1.41621	1.41371	1.41539	3200	0	128
2015.02.06	05:00:00	1.41543	1.41547	1.41359	1.41436	3278	0	122
2015.02.06	06:00:00	1.41437	1.41521	1.41409	1.41449	5169	0	137
2015.02.06	07:00:00	1.41449	1.41555	1.41242	1.41507	2898	0	136
2015.02.06	08:00:00	1.41508	1.41604	1.41399	1.41585	3205	0	112
2015.02.06	09:00:00	1.41585	1.41585	1.41345	1.41388	4098	0	103
2015.02.06	10:00:00	1.41384	1.41496	1.40750	1.41014	5093	0	108
2015.02.06	11:00:00	1.41014	1.41098	1.40796	1.40961	4703	0	109
2015.02.06	12:00:00	1.40952	1.41436	1.40859	1.41360	4580	0	108
2015.02.06	13:00:00	1.41361	1.41560	1.41186	1.41346	3910	0	107
2015.02.06	14:00:00	1.41341	1.41405	1.40692	1.40713	4648	0	103
2015.02.06	15:00:00	1.40712	1.41626	1.39955	1.41104	4689	0	72
2015.02.06	16:00:00	1.41110	1.41562	1.41046	1.41515	4921	0	72
2015.02.06	17:00:00	1.41504	1.41647	1.41059	1.41112	4654	0	80
2015.02.06	18:00:00	1.41112	1.41367	1.40663	1.40663	3129	0	87
2015.02.06	19:00:00	1.40658	1.41300	1.40658	1.40809	2515	0	87
2015.02.06	20:00:00	1.40891	1.41237	1.40753	1.41009	2137	0	88
2015.02.06	21:00:00	1.41025	1.41211	1.40815	1.41042	2066	0	77
2015.02.06	22:00:00	1.41012	1.41167	1.40771	1.40907	2021	0	93
2015.02.06	23:00:00	1.40913	1.41237	1.40638	1.41119	1402	0	12
2015.02.09	00:00:00	1.41110	1.41707	1.39986	1.40843	79020	0	150
2015.02.09	01:00:00	1.40843	1.41106	1.40832	1.41089	6008	0	124
2015.02.09	02:00:00	1.41083	1.41107	1.40885	1.40937	3944	0	130
2015.02.09	03:00:00	1.40936	1.41056	1.40897	1.41016	2983	0	128
2015.02.09	04:00:00	1.41015	1.41081	1.40988	1.41009	2466	0	128
2015.02.09	05:00:00	1.41008	1.41034	1.40951	1.40971	1569	0	131
2015.02.09	06:00:00	1.40970	1.41085	1.40969	1.40987	1511	0	104
2015.02.09	07:00:00	1.40988	1.41063	1.40980	1.41061	1347	0	129
2015.02.09	08:00:00	1.41062	1.41274	1.41042	1.41230	2352	0	116
2015.02.09	09:00:00	1.41231	1.41665	1.41201	1.41334	3761	0	107
2015.02.09	10:00:00	1.41330	1.41399	1.40573	1.40832	4872	0	111
2015.02.09	11:00:00	1.40832	1.40900	1.40564	1.40620	4558	0	105
2015.02.09	12:00:00	1.40623	1.41134	1.40508	1.40706	5003	0	104
2015.02.09	13:00:00	1.40707	1.40978	1.40693	1.40961	4345	0	108
2015.02.09	14:00:00	1.40960	1.41011	1.40431	1.40694	4936	0	90
2015.02.09	15:00:00	1.40694	1.40703	1.40296	1.40352	4918	0	99
2015.02.09	16:00:00	1.40353	1.40723	1.40331	1.40408	4575	0	93
2015.02.09	17:00:00	1.40408	1.40959	1.40391	1.40939	4850	0	98
2015.02.09	18:00:00	1.40938	1.40972	1.40449	1.40826	4266	0	98
2015.02.09	19:00:00	1.40825	1.40840	1.40359	1.40389	3492	0	98
2015.02.09	20:00:00	1.40389	1.40453	1.39958	1.40393	3549	0	106
2015.02.09	21:00:00	1.40354	1.40474	1.40174	1.40252	2704	0	104
2015.02.09	22:00:00	1.40247	1.40563	1.40237	1.40512	3318	0	107
2015.02.09	23:00:00	1.40514	1.40632	1.40429	1.40460	2281	0	74
2015.02.10	00:00:00	1.40491	1.41432	1.40383	1.40570	82565	0	95
2015.02.10	01:00:00	1.40567	1.40752	1.40543	1.40653	3348	0	132
2015.02.10	02:00:00	1.40650	1.40706	1.40533	1.40566	2067	0	124
2015.02.10	03:00:00	1.40563	1.40777	1.40551	1.40674	2488	0	124
2015.02.10	04:00:00	1.40673	1.40767	1.40557	1.40590	2775	0	126
2015.02.10	05:00:00	1.40591	1.40774	1.40547	1.40603	2144	0	139
2015.02.10	06:00:00	1.40603	1.40670	1.40567	1.40578	2213	0	126
2015.02.10	07:00:00	1.40577	1.40706	1.40497	1.40677	1776	0	128
2015.02.10	08:00:00	1.40677	1.40737	1.40586	1.40708	1857	0	104
2015.02.10	09:00:00	1.40705	1.40825	1.40362	1.40576	4105	0	100
2015.02.10	10:00:00	1.40571	1.40985	1.40565	1.40694	5256	0	112
2015.02.10	11:00:00	1.40693	1.40898	1.40630	1.40748	5360	0	115
2015.02.10	12:00:00	1.40753	1.41138	1.40640	1.40984	5261	0	117
2015.02.10	13:00:00	1.40982	1.41025	1.40652	1.40754	4805	0	111
2015.02.10	14:00:00	1.40753	1.41281	1.40674	1.40950	6311	0	102
2015.02.10	15:00:00	1.40949	1.41030	1.40645	1.40809	5808	0	111
2015.02.10	16:00:00	1.40810	1.41092	1.40689	1.40799	5557	0	108
2015.02.10	17:00:00	1.40796	1.41188	1.40685	1.41187	6183	0	110
2015.02.10	18:00:00	1.41186	1.41333	1.40892	1.41234	5197	0	106
2015.02.10	19:00:00	1.41232	1.41395	1.41150	1.41390	4112	0	108
2015.02.10	20:00:00	1.41389	1.41407	1.41231	1.41290	3305	0	113
2015.02.10	21:00:00	1.41298	1.41384	1.41177	1.41240	3423	0	111
2015.02.10	22:00:00	1.41246	1.41341	1.41179	1.41269	3655	0	106
2015.02.10	23:00:00	1.41272	1.41333	1.41180	1.41250	2718	0	69
2015.02.11	00:00:00	1.41262	1.41977	1.40818	1.41353	74425	0	91
2015.02.11	01:00:00	1.41357	1.41421	1.41287	1.41328	2805	0	143
2015.02.11	02:00:00	1.41325	1.41360	1.41253	1.41284	1847	0	129
2015.02.11	03:00:00	1.41285	1.41309	1.41191	1.41267	2864	0	132
2015.02.11	04:00:00	1.41268	1.41320	1.41228	1.41274	2213	0	134
2015.02.11	05:00:00	1.41274	1.41275	1.41162	1.41213	1870	0	138
2015.02.11	06:00:00	1.41214	1.41291	1.41177	1.41218	2208	0	132
2015.02.11	07:00:00	1.41217	1.41223	1.41163	1.41184	1450	0	117
2015.02.11	08:00:00	1.41183	1.41347	1.41172	1.41334	1620	0	122
2015.02.11	09:00:00	1.41332	1.41389	1.41143	1.41383	4024	0	111
2015.02.11	10:00:00	1.41383	1.41632	1.41065	1.41172	5270	0	85
2015.02.11	11:00:00	1.41172	1.41495	1.40780	1.41490	5535	0	117
2015.02.11	12:00:00	1.41489	1.41957	1.41488	1.41569	5063	0	105
2015.02.11	13:00:00	1.41569	1.41707	1.41497	1.41576	4197	0	111
2015.02.11	14:00:00	1.41581	1.41629	1.41258	1.41543	4146	0	102
2015.02.11	15:00:00	1.41542	1.41658	1.41370	1.41582	4332	0	110
2015.02.11	16:00:00	1.41583	1.41794	1.41304	1.41355	4217	0	109
2015.02.11	17:00:00	1.41348	1.41517	1.41289	1.41352	2991	0	118
2015.02.11	18:00:00	1.41349	1.41467	1.41061	1.41424	2352	0	98
2015.02.11	19:00:00	1.41426	1.41536	1.41321	1.41462	2147	0	113
2015.02.11	20:00:00	1.41465	1.41607	1.41303	1.41462	2088	0	114
2015.02.11	21:00:00	1.41460	1.41513	1.41332	1.41377	2518	0	99
2015.02.11	22:00:00	1.41373	1.41541	1.41332	1.41530	1767	0	121
2015.02.11	23:00:00	1.41532	1.41568	1.41192	1.41455	2400	0	116
2015.02.12	00:00:00	1.41448	1.43586	1.41115	1.41388	103472	0	150
2015.02.12	01:00:00	1.41395	1.41507	1.41261	1.41491	1562	0	125
2015.02.12	02:00:00	1.41488	1.41490	1.41316	1.41446	991	0	142
2015.02.12	03:00:00	1.41446	1.41522	1.41310	1.41364	974	0	131
2015.02.12	04:00:00	1.41364	1.41425	1.41225	1.41260	914	0	113
2015.02.12	05:00:00	1.41260	1.41493	1.41260	1.41474	1008	0	106
2015.02.12	06:00:00	1.41473	1.41474	1.41334	1.41377	580	0	129
2015.02.12	07:00:00	1.41377	1.41430	1.41306	1.41365	1307	0	130
2015.02.12	08:00:00	1.41369	1.41518	1.41333	1.41454	2143	0	127
2015.02.12	09:00:00	1.41454	1.41525	1.41087	1.41267	4387	0	109
2015.02.12	10:00:00	1.41267	1.41780	1.41131	1.41543	6480	0	102
2015.02.12	11:00:00	1.41541	1.41896	1.41519	1.41642	5745	0	108
2015.02.12	12:00:00	1.41642	1.42486	1.41472	1.42419	6553	0	112
2015.02.12	13:00:00	1.42427	1.42810	1.42350	1.42751	5233	0	99
2015.02.12	14:00:00	1.42751	1.43115	1.42575	1.43102	4946	0	108
2015.02.12	15:00:00	1.43106	1.43367	1.42961	1.43007	6089	0	107
2015.02.12	16:00:00	1.43007	1.43406	1.42612	1.42646	6491	0	111
2015.02.12	17:00:00	1.42650	1.42784	1.42363	1.42583	6092	0	113
2015.02.12	18:00:00	1.42583	1.42747	1.42307	1.42747	6258	0	106
2015.02.12	19:00:00	1.42740	1.42951	1.42576	1.42889	4608	0	109
2015.02.12	20:00:00	1.42893	1.43281	1.42884	1.43280	3892	0	108
2015.02.12	21:00:00	1.43280	1.43420	1.43117	1.43405	2871	0	105
2015.02.12	22:00:00	1.43533	1.43556	1.43172	1.43233	2688	0	105
2015.02.12	23:00:00	1.43234	1.43340	1.43109	1.43169	2010	0	87
2015.02.13	00:00:00	1.43193	1.43740	1.42572	1.43084	83894	0	100
2015.02.13	01:00:00	1.43084	1.43181	1.43056	1.43107	2458	0	123
2015.02.13	02:00:00	1.43108	1.43109	1.42921	1.42937	2593	0	117
2015.02.13	03:00:00	1.42937	1.42985	1.42729	1.42760	3373	0	132
2015.02.13	04:00:00	1.42760	1.42874	1.42742	1.42855	2507	0	129
2015.02.13	05:00:00	1.42858	1.42949	1.42816	1.42947	3049	0	127
2015.02.13	06:00:00	1.42947	1.43007	1.42864	1.42972	3568	0	128
2015.02.13	07:00:00	1.42956	1.43059	1.42933	1.42989	3052	0	118
2015.02.13	08:00:00	1.42993	1.43041	1.42874	1.42905	3322	0	115
2015.02.13	09:00:00	1.42905	1.43035	1.42776	1.42963	5440	0	105
2015.02.13	10:00:00	1.42961	1.42986	1.42614	1.42702	5244	0	111
2015.02.13	11:00:00	1.42717	1.42799	1.42531	1.42769	4908	0	104
2015.02.13	12:00:00	1.42768	1.42994	1.42739	1.42971	4923	0	102
2015.02.13	13:00:00	1.42970	1.43059	1.42782	1.42818	2395	0	80
2015.02.13	14:00:00	1.42821	1.43082	1.42797	1.42999	2801	0	84
2015.02.13	15:00:00	1.43016	1.43287	1.42250	1.43273	3158	0	72
2015.02.13	16:00:00	1.43280	1.43307	1.42336	1.43042	2807	0	72
2015.02.13	17:00:00	1.43245	1.43461	1.42276	1.43077	4155	0	72
2015.02.13	18:00:00	1.43077	1.43441	1.42987	1.43242	3177	0	85
2015.02.13	19:00:00	1.43245	1.43349	1.43084	1.43288	2308	0	77
2015.02.13	20:00:00	1.43288	1.43624	1.43277	1.43474	2084	0	83
2015.02.13	21:00:00	1.43418	1.43693	1.43347	1.43540	1546	0	90
2015.02.13	22:00:00	1.43541	1.43708	1.43469	1.43548	1570	0	97
2015.02.13	23:00:00	1.43541	1.43591	1.43188	1.43373	1483	0	72
2015.02.16	00:00:00	1.43724	1.43750	1.42790	1.43499	112414	0	150
2015.02.16	01:00:00	1.43499	1.43560	1.43417	1.43423	2828	0	138
2015.02.16	02:00:00	1.43433	1.43564	1.43366	1.43423	3924	0	133
2015.02.16	03:00:00	1.43422	1.43438	1.43172	1.43206	2922	0	133
2015.02.16	04:00:00	1.43206	1.43239	1.43144	1.43228	2340	0	128
2015.02.16	05:00:00	1.43228	1.43340	1.43208	1.43291	2697	0	133
2015.02.16	06:00:00	1.43293	1.43398	1.43273	1.43374	2596	0	114
2015.02.16	07:00:00	1.43375	1.43475	1.43292	1.43317	2367	0	117
2015.02.16	08:00:00	1.43310	1.43392	1.43242	1.43273	1480	0	94
2015.02.16	09:00:00	1.43273	1.43608	1.43147	1.43325	2623	0	72
2015.02.16	10:00:00	1.43325	1.43675	1.43204	1.43385	3062	0	90
2015.02.16	11:00:00	1.43390	1.43552	1.43244	1.43299	2456	0	85
2015.02.16	12:00:00	1.43304	1.43359	1.42903	1.42953	2520	0	89
2015.02.16	13:00:00	1.42943	1.43317	1.42900	1.43030	2184	0	90
2015.02.16	14:00:00	1.43030	1.43238	1.42965	1.43141	3447	0	105
2015.02.16	15:00:00	1.43141	1.43235	1.42904	1.43110	4085	0	105
2015.02.16	16:00:00	1.43110	1.43205	1.43037	1.43153	3499	0	106
2015.02.16	17:00:00	1.43152	1.43232	1.42870	1.42877	3631	0	108
2015.02.16	18:00:00	1.42874	1.43149	1.42758	1.43037	4692	0	101
2015.02.16	19:00:00	1.43038	1.43209	1.42827	1.42924	4742	0	115
2015.02.16	20:00:00	1.42928	1.43117	1.42859	1.42882	4473	0	127
2015.02.16	21:00:00	1.42882	1.43167	1.42861	1.43159	3646	0	123
2015.02.16	22:00:00	1.43157	1.43169	1.42978	1.43095	3713	0	130
2015.02.16	23:00:00	1.43091	1.43150	1.42984	1.43081	3526	0	111
2015.02.17	00:00:00	1.43158	1.43893	1.42674	1.43058	108061	0	87
2015.02.17	01:00:00	1.43058	1.43263	1.43052	1.43254	3098	0	133
2015.02.17	02:00:00	1.43232	1.43279	1.43037	1.43119	3324	0	124
2015.02.17	03:00:00	1.43118	1.43211	1.43069	1.43091	2227	0	125
2015.02.17	04:00:00	1.43092	1.43200	1.43078	1.43151	2697	0	123
2015.02.17	05:00:00	1.43148	1.43263	1.43133	1.43228	1797	0	123
2015.02.17	06:00:00	1.43228	1.43293	1.43197	1.43262	1764	0	125
2015.02.17	07:00:00	1.43261	1.43401	1.43226	1.43249	2240	0	124
2015.02.17	08:00:00	1.43244	1.43408	1.43198	1.43315	2529	0	111
2015.02.17	09:00:00	1.43308	1.43574	1.43251	1.43251	4880	0	109
2015.02.17	10:00:00	1.43257	1.43737	1.43243	1.43383	5091	0	100
2015.02.17	11:00:00	1.43386	1.43702	1.43082	1.43500	6262	0	108
2015.02.17	12:00:00	1.43498	1.43737	1.43161	1.43226	5605	0	110
2015.02.17	13:00:00	1.43225	1.43374	1.42973	1.43061	5361	0	99
2015.02.17	14:00:00	1.43062	1.43196	1.42805	1.42872	4611	0	103
2015.02.17	15:00:00	1.42873	1.42968	1.42711	1.42845	5122	0	100
2015.02.17	16:00:00	1.42845	1.42961	1.42647	1.42932	5254	0	104
2015.02.17	17:00:00	1.42930	1.43291	1.42856	1.43280	5402	0	103
2015.02.17	18:00:00	1.43281	1.43468	1.43089	1.43392	4684	0	94
2015.02.17	19:00:00	1.43392	1.43610	1.43314	1.43447	3707	0	102
2015.02.17	20:00:00	1.43447	1.43824	1.43428	1.43669	3708	0	104
2015.02.17	21:00:00	1.43671	1.43867	1.43561	1.43844	3540	0	108
2015.02.17	22:00:00	1.43835	1.43855	1.43675	1.43729	2851	0	104
2015.02.17	23:00:00	1.43728	1.43795	1.43668	1.43772	1988	0	76
2015.02.18	00:00:00	1.43813	1.45898	1.43042	1.43691	99386	0	97
2015.02.18	01:00:00	1.43689	1.43776	1.43606	1.43672	3947	0	137
2015.02.18	02:00:00	1.43671	1.43691	1.43510	1.43608	4245	0	121
2015.02.18	03:00:00	1.43609	1.43691	1.43545	1.43574	3283	0	135
2015.02.18	04:00:00	1.43568	1.43634	1.43002	1.43576	4097	0	125
2015.02.18	05:00:00	1.43562	1.43693	1.43511	1.43643	3191	0	136
2015.02.18	06:00:00	1.43641	1.43651	1.43466	1.43591	2722	0	134
2015.02.18	07:00:00	1.43590	1.43706	1.43568	1.43691	2905	0	142
2015.02.18	08:00:00	1.43690	1.43694	1.43587	1.43588	3167	0	131
2015.02.18	09:00:00	1.43583	1.44067	1.43549	1.44028	4431	0	102
2015.02.18	10:00:00	1.44033	1.44160	1.43895	1.44020	4632	0	93
2015.02.18	11:00:00	1.44021	1.44911	1.43947	1.44858	5458	0	102
2015.02.18	12:00:00	1.44856	1.44949	1.44715	1.44751	4520	0	97
2015.02.18	13:00:00	1.44754	1.44997	1.44738	1.44878	4806	0	101
2015.02.18	14:00:00	1.44879	1.45138	1.44847	1.45057	4188	0	99
2015.02.18	15:00:00	1.45052	1.45332	1.44975	1.45275	5022	0	96
2015.02.18	16:00:00	1.45276	1.45365	1.44996	1.45334	4916	0	99
2015.02.18	17:00:00	1.45334	1.45729	1.45306	1.45626	5678	0	95
2015.02.18	18:00:00	1.45625	1.45796	1.45525	1.45698	4835	0	93
2015.02.18	19:00:00	1.45695	1.45733	1.45559	1.45594	3629	0	97
2015.02.18	20:00:00	1.45595	1.45710	1.45421	1.45588	3154	0	90
2015.02.18	21:00:00	1.45610	1.45776	1.45478	1.45543	5832	0	97
2015.02.18	22:00:00	1.45533	1.45643	1.45387	1.45425	3249	0	93
2015.02.18	23:00:00	1.45424	1.45503	1.45338	1.45393	2015	0	73
2015.02.19	00:00:00	1.45417	1.46494	1.44999	1.45289	94765	0	99
2015.02.19	01:00:00	1.45290	1.45391	1.45272	1.45340	4128	0	151
2015.02.19	02:00:00	1.45338	1.45395	1.45307	1.45320	2540	0	142
2015.02.19	03:00:00	1.45320	1.45370	1.45282	1.45352	3080	0	143
2015.02.19	04:00:00	1.45352	1.45392	1.45289	1.45381	4245	0	133
2015.02.19	05:00:00	1.45386	1.45409	1.45344	1.45354	2454	0	117
2015.02.19	06:00:00	1.45354	1.45402	1.45320	1.45344	2730	0	136
2015.02.19	07:00:00	1.45339	1.45448	1.45322	1.45398	2970	0	117
2015.02.19	08:00:00	1.45399	1.45555	1.45370	1.45549	2571	0	117
2015.02.19	09:00:00	1.45549	1.45810	1.45448	1.45566	3898	0	102
2015.02.19	10:00:00	1.45567	1.45568	1.45125	1.45140	4555	0	97
2015.02.19	11:00:00	1.45140	1.45766	1.44975	1.45766	5353	0	100
2015.02.19	12:00:00	1.45776	1.46174	1.45635	1.46068	4841	0	91
2015.02.19	13:00:00	1.46059	1.46408	1.46045	1.46319	4697	0	95
2015.02.19	14:00:00	1.46319	1.46466	1.46234	1.46294	5021	0	94
2015.02.19	15:00:00	1.46295	1.46346	1.46002	1.46068	4977	0	98
2015.02.19	16:00:00	1.46069	1.46092	1.45768	1.46025	4695	0	95
2015.02.19	17:00:00	1.46019	1.46250	1.45864	1.46211	5060	0	94
2015.02.19	18:00:00	1.46212	1.46391	1.46149	1.46308	4267	0	92
2015.02.19	19:00:00	1.46306	1.46427	1.46144	1.46339	3348	0	92
2015.02.19	20:00:00	1.46335	1.46425	1.46202	1.46308	2815	0	93
2015.02.19	21:00:00	1.46307	1.46375	1.46242	1.46320	2212	0	87
2015.02.19	22:00:00	1.46330	1.46347	1.46254	1.46324	2184	0	92
2015.02.19	23:00:00	1.46306	1.46335	1.46240	1.46314	2301	0	62
2015.02.20	00:00:00	1.46328	1.46843	1.44180	1.46306	124049	0	60
2015.02.20	01:00:00	1.46304	1.46347	1.46296	1.46331	2047	0	123
2015.02.20	02:00:00	1.46331	1.46350	1.46219	1.46236	2951	0	142
2015.02.20	03:00:00	1.46235	1.46334	1.46204	1.46311	2177	0	127
2015.02.20	04:00:00	1.46309	1.46378	1.46296	1.46337	1850	0	129
2015.02.20	05:00:00	1.46338	1.46378	1.46288	1.46364	1715	0	147
2015.02.20	06:00:00	1.46366	1.46438	1.46337	1.46438	2283	0	117
2015.02.20	07:00:00	1.46428	1.46481	1.46392	1.46461	2352	0	124
2015.02.20	08:00:00	1.46461	1.46737	1.46445	1.46594	2018	0	112
2015.02.20	09:00:00	1.46593	1.46795	1.46525	1.46694	3842	0	95
2015.02.20	10:00:00	1.46705	1.46803	1.46353	1.46368	4986	0	100
2015.02.20	11:00:00	1.46369	1.46493	1.46042	1.46113	5461	0	98
2015.02.20	12:00:00	1.46113	1.46295	1.45947	1.45976	3814	0	73
2015.02.20	13:00:00	1.45973	1.46274	1.45924	1.46262	2722	0	85
2015.02.20	14:00:00	1.46265	1.46462	1.45690	1.45725	4240	0	75
2015.02.20	15:00:00	1.45727	1.45929	1.45189	1.45467	5081	0	32
2015.02.20	16:00:00	1.45467	1.45547	1.45051	1.45194	4375	0	23
2015.02.20	17:00:00	1.45195	1.45336	1.44969	1.45056	6244	0	72
2015.02.20	18:00:00	1.45067	1.45149	1.44766	1.44867	5071	0	104
2015.02.20	19:00:00	1.44867	1.44871	1.44227	1.44711	5138	0	72
2015.02.20	20:00:00	1.44708	1.45010	1.44618	1.44830	4804	0	106
2015.02.20	21:00:00	1.44829	1.45079	1.44730	1.45009	3604	0	107
2015.02.20	22:00:00	1.45014	1.45084	1.44666	1.44694	3652	0	113
2015.02.20	23:00:00	1.44705	1.44798	1.44266	1.44401	2258	0	120
2015.02.23	00:00:00	1.44841	1.47196	1.44478	1.44574	100251	0	148
2015.02.23	01:00:00	1.44573	1.44713	1.44399	1.44656	3798	0	148
2015.02.23	02:00:00	1.44657	1.44692	1.44458	1.44560	4229	0	132
2015.02.23	03:00:00	1.44559	1.44667	1.44537	1.44591	2283	0	145
2015.02.23	04:00:00	1.44590	1.45076	1.44554	1.45056	3073	0	135
2015.02.23	05:00:00	1.45052	1.45136	1.44933	1.44993	3116	0	151
2015.02.23	06:00:00	1.44994	1.45056	1.44987	1.45007	3465	0	133
2015.02.23	07:00:00	1.45008	1.45171	1.45007	1.45114	2759	0	143
2015.02.23	08:00:00	1.45113	1.45228	1.45073	1.45213	1734	0	122
2015.02.23	09:00:00	1.45212	1.45737	1.45105	1.45717	3736	0	95
2015.02.23	10:00:00	1.45727	1.45923	1.45266	1.45327	4863	0	97
2015.02.23	11:00:00	1.45337	1.46136	1.45331	1.46064	4846	0	107
2015.02.23	12:00:00	1.46068	1.46199	1.45606	1.45763	4820	0	95
2015.02.23	13:00:00	1.45763	1.45833	1.45597	1.45828	4263	0	94
2015.02.23	14:00:00	1.45823	1.45979	1.45592	1.45908	3384	0	98
2015.02.23	15:00:00	1.45905	1.46085	1.45834	1.45961	4810	0	98
2015.02.23	16:00:00	1.45963	1.46096	1.45820	1.46076	3854	0	95
2015.02.23	17:00:00	1.46082	1.46414	1.45995	1.46353	4370	0	90
2015.02.23	18:00:00	1.46358	1.46857	1.46289	1.46775	4808	0	98
2015.02.23	19:00:00	1.46776	1.47160	1.46772	1.47078	3578	0	99
2015.02.23	20:00:00	1.47072	1.47077	1.46868	1.46898	3254	0	103
2015.02.23	21:00:00	1.46893	1.47020	1.46819	1.46860	3002	0	103
2015.02.23	22:00:00	1.46866	1.46948	1.46795	1.46886	2254	0	105
2015.02.23	23:00:00	1.46886	1.46889	1.46720	1.46777	1743	0	58
2015.02.24	00:00:00	1.46771	1.47030	1.46216	1.46730	97881	0	49
2015.02.24	01:00:00	1.46725	1.46916	1.46718	1.46915	3119	0	136
2015.02.24	02:00:00	1.46909	1.46909	1.46775	1.46810	3631	0	131
2015.02.24	03:00:00	1.46809	1.46918	1.46771	1.46792	3645	0	130
2015.02.24	04:00:00	1.46792	1.46884	1.46609	1.46636	3809	0	130
2015.02.24	05:00:00	1.46639	1.46661	1.46497	1.46547	4207	0	131
2015.02.24	06:00:00	1.46544	1.46664	1.46539	1.46610	3890	0	119
2015.02.24	07:00:00	1.46610	1.46682	1.46569	1.46572	3381	0	144
2015.02.24	08:00:00	1.46577	1.46828	1.46558	1.46724	3135	0	124
2015.02.24	09:00:00	1.46722	1.46913	1.46606	1.46673	3247	0	103
2015.02.24	10:00:00	1.46668	1.46984	1.46447	1.46456	4147	0	92
2015.02.24	11:00:00	1.46455	1.46788	1.46441	1.46525	3793	0	94
2015.02.24	12:00:00	1.46525	1.46723	1.46455	1.46645	4084	0	96
2015.02.24	13:00:00	1.46646	1.46684	1.46373	1.46592	4103	0	94
2015.02.24	14:00:00	1.46606	1.46629	1.46373	1.46449	3379	0	97
2015.02.24	15:00:00	1.46448	1.46496	1.46262	1.46382	3522	0	92
2015.02.24	16:00:00	1.46383	1.46759	1.46375	1.46684	3797	0	94
2015.02.24	17:00:00	1.46691	1.46758	1.46191	1.46675	6911	0	72
2015.02.24	18:00:00	1.46673	1.46994	1.46559	1.46821	5160	0	72
2015.02.24	19:00:00	1.46820	1.46878	1.46570	1.46663	4002	0	99
2015.02.24	20:00:00	1.46662	1.46717	1.46543	1.46642	2316	0	102
2015.02.24	21:00:00	1.46636	1.46798	1.46617	1.46795	2788	0	101
2015.02.24	22:00:00	1.46790	1.46934	1.46706	1.46867	2121	0	99
2015.02.24	23:00:00	1.46867	1.46954	1.46790	1.46852	1835	0	68
2015.02.25	00:00:00	1.46890	1.47346	1.46694	1.46833	75765	0	127
2015.02.25	01:00:00	1.46833	1.46866	1.46640	1.46782	2416	0	152
2015.02.25	02:00:00	1.46779	1.46892	1.46694	1.46764	4085	0	132
2015.02.25	03:00:00	1.46765	1.46993	1.46758	1.46984	3366	0	134
2015.02.25	04:00:00	1.46985	1.46994	1.46873	1.46921	3287	0	109
2015.02.25	05:00:00	1.46920	1.46969	1.46907	1.46929	2025	0	134
2015.02.25	06:00:00	1.46927	1.47062	1.46913	1.47046	1981	0	115
2015.02.25	07:00:00	1.47044	1.47055	1.46945	1.47001	2769	0	129
2015.02.25	08:00:00	1.46993	1.47002	1.46798	1.46931	2842	0	114
2015.02.25	09:00:00	1.46932	1.46982	1.46673	1.46775	4105	0	95
2015.02.25	10:00:00	1.46775	1.47274	1.46721	1.47130	4528	0	95
2015.02.25	11:00:00	1.47130	1.47318	1.46834	1.47038	4623	0	93
2015.02.25	12:00:00	1.47038	1.47172	1.46795	1.47151	4030	0	93
2015.02.25	13:00:00	1.47150	1.47235	1.47076	1.47174	3466	0	89
2015.02.25	14:00:00	1.47173	1.47189	1.46850	1.46876	3962	0	91
2015.02.25	15:00:00	1.46877	1.47031	1.46747	1.46942	3867	0	86
2015.02.25	16:00:00	1.46943	1.47100	1.46753	1.46968	4117	0	89
2015.02.25	17:00:00	1.46976	1.47050	1.46771	1.46954	4521	0	90
2015.02.25	18:00:00	1.46953	1.47166	1.46929	1.47166	3017	0	90
2015.02.25	19:00:00	1.47169	1.47175	1.46900	1.46996	2570	0	91
2015.02.25	20:00:00	1.46995	1.47190	1.46942	1.47117	2395	0	94
2015.02.25	21:00:00	1.47113	1.47168	1.46964	1.47056	2204	0	91
2015.02.25	22:00:00	1.47055	1.47244	1.46997	1.47239	2106	0	89
2015.02.25	23:00:00	1.47242	1.47273	1.47120	1.47240	1845	0	62
2015.02.26	00:00:00	1.47239	1.47635	1.46610	1.47190	98319	0	61
2015.02.26	01:00:00	1.47177	1.47346	1.47177	1.47258	2250	0	131
2015.02.26	02:00:00	1.47254	1.47343	1.47206	1.47300	2454	0	135
2015.02.26	03:00:00	1.47299	1.47458	1.47270	1.47433	5684	0	129
2015.02.26	04:00:00	1.47437	1.47600	1.47411	1.47589	4499	0	120
2015.02.26	05:00:00	1.47590	1.47590	1.47497	1.47513	2011	0	109
2015.02.26	06:00:00	1.47512	1.47576	1.47499	1.47527	1483	0	117
2015.02.26	07:00:00	1.47528	1.47558	1.47460	1.47460	1431	0	114
2015.02.26	08:00:00	1.47457	1.47503	1.47204	1.47212	2245	0	123
2015.02.26	09:00:00	1.47226	1.47461	1.47118	1.47373	3248	0	88
2015.02.26	10:00:00	1.47368	1.47457	1.47000	1.47062	3971	0	89
2015.02.26	11:00:00	1.47062	1.47090	1.46707	1.46772	4144	0	92
2015.02.26	12:00:00	1.46759	1.46923	1.46695	1.46723	3156	0	91
2015.02.26	13:00:00	1.46724	1.46923	1.46577	1.46836	3062	0	89
2015.02.26	14:00:00	1.46837	1.47366	1.46823	1.47104	4352	0	89
2015.02.26	15:00:00	1.47102	1.47371	1.46962	1.47269	5578	0	89
2015.02.26	16:00:00	1.47276	1.47380	1.46951	1.47012	6053	0	91
2015.02.26	17:00:00	1.47010	1.47010	1.46816	1.46870	5635	0	106
2015.02.26	18:00:00	1.46863	1.47107	1.46814	1.47106	4255	0	90
2015.02.26	19:00:00	1.47104	1.47138	1.46887	1.46961	3434	0	93
2015.02.26	20:00:00	1.46961	1.47031	1.46719	1.46893	2607	0	94
2015.02.26	21:00:00	1.46892	1.46933	1.46736	1.46854	2455	0	93
2015.02.26	22:00:00	1.46865	1.46914	1.46709	1.46840	2136	0	91
2015.02.26	23:00:00	1.46840	1.46882	1.46699	1.46729	2144	0	69
2015.02.27	00:00:00	1.46738	1.47343	1.45787	1.46665	108029	0	82
2015.02.27	01:00:00	1.46662	1.46881	1.46642	1.46798	3566	0	122
2015.02.27	02:00:00	1.46799	1.47060	1.46787	1.47006	4168	0	113
2015.02.27	03:00:00	1.47006	1.47020	1.46903	1.46943	3568	0	122
2015.02.27	04:00:00	1.46943	1.47001	1.46792	1.46840	3464	0	113
2015.02.27	05:00:00	1.46843	1.46859	1.46590	1.46703	3442	0	108
2015.02.27	06:00:00	1.46702	1.46989	1.46595	1.46845	3490	0	127
2015.02.27	07:00:00	1.46846	1.46884	1.46527	1.46569	3118	0	111
2015.02.27	08:00:00	1.46574	1.46679	1.46480	1.46489	3276	0	102
2015.02.27	09:00:00	1.46490	1.46638	1.46284	1.46317	3726	0	88
2015.02.27	10:00:00	1.46323	1.46515	1.45956	1.45988	4899	0	87
2015.02.27	11:00:00	1.45988	1.46370	1.45766	1.46210	4525	0	91
2015.02.27	12:00:00	1.46210	1.46235	1.45929	1.46183	4274	0	86
2015.02.27	13:00:00	1.46181	1.46432	1.45985	1.46413	3771	0	88
2015.02.27	14:00:00	1.46412	1.46507	1.46225	1.46277	3911	0	83
2015.02.27	15:00:00	1.46278	1.46471	1.45892	1.46289	5015	0	91
2015.02.27	16:00:00	1.46289	1.46320	1.46066	1.46208	4940	0	95
2015.02.27	17:00:00	1.46209	1.46573	1.46166	1.46440	5100	0	101
2015.02.27	18:00:00	1.46446	1.46896	1.46312	1.46801	4806	0	83
2015.02.27	19:00:00	1.46803	1.47076	1.46757	1.47060	2961	0	96
2015.02.27	20:00:00	1.47058	1.47076	1.46668	1.46756	2199	0	98
2015.02.27	21:00:00	1.46757	1.47305	1.46747	1.47285	2996	0	93
2015.02.27	22:00:00	1.47286	1.47310	1.47038	1.47132	2522	0	93
2015.02.27	23:00:00	1.47131	1.47242	1.47020	1.47232	1862	0	109
2015.03.02	00:00:00	1.47150	1.47568	1.46658	1.47070	87638	0	150
2015.03.02	01:00:00	1.47069	1.47153	1.46934	1.46956	3635	0	127
2015.03.02	02:00:00	1.46958	1.47167	1.46957	1.47119	3026	0	120
2015.03.02	03:00:00	1.47118	1.47164	1.47064	1.47122	1350	0	123
2015.03.02	04:00:00	1.47122	1.47174	1.47044	1.47064	2047	0	115
2015.03.02	05:00:00	1.47065	1.47101	1.46972	1.46972	1839	0	113
2015.03.02	06:00:00	1.46972	1.47035	1.46957	1.47033	1662	0	117
2015.03.02	07:00:00	1.47033	1.47136	1.47015	1.47102	1353	0	102
2015.03.02	08:00:00	1.47103	1.47149	1.47019	1.47023	1556	0	113
2015.03.02	09:00:00	1.47021	1.47156	1.46900	1.47010	3013	0	82
2015.03.02	10:00:00	1.47010	1.47244	1.46753	1.47234	3563	0	87
2015.03.02	11:00:00	1.47234	1.47500	1.47207	1.47394	3792	0	84
2015.03.02	12:00:00	1.47383	1.47557	1.47304	1.47356	2799	0	84
2015.03.02	13:00:00	1.47360	1.47378	1.47141	1.47225	2459	0	88
2015.03.02	14:00:00	1.47225	1.47271	1.46955	1.47040	2491	0	98
2015.03.02	15:00:00	1.47042	1.47238	1.46814	1.47029	3568	0	92
2015.03.02	16:00:00	1.47034	1.47188	1.46969	1.47112	3417	0	86
2015.03.02	17:00:00	1.47082	1.47139	1.46869	1.46882	4011	0	86
2015.03.02	18:00:00	1.46883	1.47087	1.46636	1.46792	3400	0	81
2015.03.02	19:00:00	1.46792	1.47239	1.46645	1.47234	2716	0	91
2015.03.02	20:00:00	1.47239	1.47380	1.47083	1.47277	2067	0	86
2015.03.02	21:00:00	1.47276	1.47382	1.47211	1.47362	1765	0	83
2015.03.02	22:00:00	1.47360	1.47394	1.47213	1.47226	2068	0	72
2015.03.02	23:00:00	1.47228	1.47314	1.47178	1.47231	2407	0	62
2015.03.03	00:00:00	1.47226	1.47816	1.46888	1.47097	115557	0	90
2015.03.03	01:00:00	1.47098	1.47197	1.47098	1.47167	3077	0	122
2015.03.03	02:00:00	1.47172	1.47175	1.46960	1.47013	2945	0	119
2015.03.03	03:00:00	1.47014	1.47040	1.46861	1.46863	1823	0	95
2015.03.03	04:00:00	1.46865	1.47050	1.46862	1.46981	3109	0	100
2015.03.03	05:00:00	1.46983	1.47079	1.46911	1.46978	2860	0	97
2015.03.03	06:00:00	1.46977	1.47011	1.46894	1.46973	2423	0	100
2015.03.03	07:00:00	1.46980	1.47210	1.46964	1.47199	2184	0	103
2015.03.03	08:00:00	1.47199	1.47326	1.47078	1.47197	2891	0	109
2015.03.03	09:00:00	1.47197	1.47369	1.47090	1.47367	3674	0	87
2015.03.03	10:00:00	1.47372	1.47686	1.47299	1.47540	4069	0	84
2015.03.03	11:00:00	1.47539	1.47742	1.47484	1.47515	3456	0	84
2015.03.03	12:00:00	1.47512	1.47767	1.47364	1.47690	3302	0	87
2015.03.03	13:00:00	1.47684	1.47790	1.47465	1.47621	2623	0	88
2015.03.03	14:00:00	1.47617	1.47681	1.47372	1.47519	3695	0	82
2015.03.03	15:00:00	1.47523	1.47644	1.47385	1.47403	3709	0	91
2015.03.03	16:00:00	1.47405	1.47514	1.47253	1.47407	3706	0	86
2015.03.03	17:00:00	1.47404	1.47569	1.47307	1.47485	3864	0	90
2015.03.03	18:00:00	1.47491	1.47600	1.47317	1.47543	4085	0	92
2015.03.03	19:00:00	1.47540	1.47750	1.47454	1.47702	3243	0	92
2015.03.03	20:00:00	1.47702	1.47728	1.47597	1.47682	2168	0	92
2015.03.03	21:00:00	1.47690	1.47690	1.47551	1.47599	2359	0	91
2015.03.03	22:00:00	1.47601	1.47703	1.47585	1.47698	1879	0	89
2015.03.03	23:00:00	1.47695	1.47698	1.47540	1.47581	1711	0	70
2015.03.04	00:00:00	1.47625	1.47951	1.46558	1.47529	164051	0	85
2015.03.04	01:00:00	1.47527	1.47608	1.47522	1.47590	3763	0	131
2015.03.04	02:00:00	1.47597	1.47624	1.47522	1.47604	3132	0	114
2015.03.04	03:00:00	1.47602	1.47605	1.47445	1.47464	3649	0	117
2015.03.04	04:00:00	1.47464	1.47548	1.47401	1.47524	3026	0	99
2015.03.04	05:00:00	1.47524	1.47552	1.47427	1.47499	2039	0	105
2015.03.04	06:00:00	1.47499	1.47633	1.47441	1.47633	2492	0	106
2015.03.04	07:00:00	1.47635	1.47734	1.47531	1.47603	1964	0	100
2015.03.04	08:00:00	1.47603	1.47727	1.47505	1.47516	1986	0	113
2015.03.04	09:00:00	1.47518	1.47604	1.47336	1.47511	3443	0	91
2015.03.04	10:00:00	1.47508	1.47828	1.47463	1.47766	4510	0	90
2015.03.04	11:00:00	1.47763	1.47892	1.47570	1.47599	4325	0	93
2015.03.04	12:00:00	1.47597	1.47755	1.47491	1.47578	3532	0	90
2015.03.04	13:00:00	1.47594	1.47700	1.47371	1.47609	3064	0	91
2015.03.04	14:00:00	1.47612	1.47742	1.47301	1.47375	2777	0	88
2015.03.04	15:00:00	1.47374	1.47424	1.47112	1.47152	3728	0	86
2015.03.04	16:00:00	1.47154	1.47230	1.46669	1.46681	4685	0	88
2015.03.04	17:00:00	1.46681	1.47871	1.46545	1.46809	6295	0	72
2015.03.04	18:00:00	1.46810	1.47320	1.46798	1.47116	4489	0	99
2015.03.04	19:00:00	1.47116	1.47180	1.46934	1.47029	2811	0	95
2015.03.04	20:00:00	1.47028	1.47093	1.46859	1.46865	2224	0	91
2015.03.04	21:00:00	1.46860	1.46971	1.46814	1.46928	2101	0	80
2015.03.04	22:00:00	1.46931	1.47027	1.46856	1.46949	1867	0	94
2015.03.04	23:00:00	1.46951	1.47060	1.46918	1.46984	1743	0	62
2015.03.05	00:00:00	1.47015	1.48517	1.46928	1.46969	148860	0	108
2015.03.05	01:00:00	1.46968	1.47119	1.46966	1.47001	2402	0	122
2015.03.05	02:00:00	1.47000	1.47115	1.46971	1.47064	1550	0	107
2015.03.05	03:00:00	1.47063	1.47120	1.47026	1.47115	1299	0	109
2015.03.05	04:00:00	1.47114	1.47273	1.47098	1.47246	1607	0	114
2015.03.05	05:00:00	1.47247	1.47265	1.47140	1.47153	2032	0	117
2015.03.05	06:00:00	1.47154	1.47194	1.47069	1.47079	1701	0	116
2015.03.05	07:00:00	1.47080	1.47140	1.46988	1.47059	1800	0	104
2015.03.05	08:00:00	1.47059	1.47111	1.46955	1.47021	2856	0	112
2015.03.05	09:00:00	1.47021	1.47409	1.46908	1.47257	3509	0	83
2015.03.05	10:00:00	1.47258	1.47559	1.47257	1.47445	3591	0	93
2015.03.05	11:00:00	1.47444	1.47799	1.47334	1.47578	3482	0	90
2015.03.05	12:00:00	1.47576	1.47816	1.47528	1.47688	2842	0	90
2015.03.05	13:00:00	1.47680	1.47728	1.47523	1.47606	2983	0	89
2015.03.05	14:00:00	1.47603	1.47767	1.47353	1.47353	3578	0	93
2015.03.05	15:00:00	1.47351	1.47620	1.47043	1.47371	5471	0	90
2015.03.05	16:00:00	1.47384	1.47722	1.47384	1.47614	4890	0	79
2015.03.05	17:00:00	1.47617	1.47975	1.47456	1.47972	3854	0	88
2015.03.05	18:00:00	1.47970	1.48282	1.47921	1.48213	4161	0	93
2015.03.05	19:00:00	1.48212	1.48268	1.48039	1.48236	3086	0	90
2015.03.05	20:00:00	1.48233	1.48407	1.48176	1.48398	1996	0	92
2015.03.05	21:00:00	1.48398	1.48487	1.48309	1.48476	1957	0	91
2015.03.05	22:00:00	1.48482	1.48496	1.48319	1.48340	1924	0	87
2015.03.05	23:00:00	1.48339	1.48492	1.48306	1.48336	1736	0	71
2015.03.06	00:00:00	1.48389	1.48691	1.47805	1.48405	179525	0	80
2015.03.06	01:00:00	1.48399	1.48437	1.48344	1.48417	2166	0	126
2015.03.06	02:00:00	1.48406	1.48415	1.48251	1.48279	3967	0	120
2015.03.06	03:00:00	1.48280	1.48316	1.48197	1.48206	1799	0	119
2015.03.06	04:00:00	1.48207	1.48257	1.48185	1.48257	1912	0	118
2015.03.06	05:00:00	1.48254	1.48333	1.48246	1.48289	2547	0	120
2015.03.06	06:00:00	1.48288	1.48393	1.48279	1.48309	2446	0	119
2015.03.06	07:00:00	1.48309	1.48392	1.48294	1.48370	1529	0	116
2015.03.06	08:00:00	1.48369	1.48431	1.48314	1.48364	1227	0	118
2015.03.06	09:00:00	1.48359	1.48458	1.48089	1.48169	2734	0	92
2015.03.06	10:00:00	1.48170	1.48539	1.48158	1.48401	3648	0	120
2015.03.06	11:00:00	1.48388	1.48653	1.48277	1.48379	4072	0	103
2015.03.06	12:00:00	1.48379	1.48452	1.48024	1.48042	3475	0	106
2015.03.06	13:00:00	1.48044	1.48458	1.47843	1.48301	3360	0	102
2015.03.06	14:00:00	1.48299	1.48426	1.48025	1.48084	3693	0	93
2015.03.06	15:00:00	1.48083	1.48550	1.47790	1.48232	5917	0	72
2015.03.06	16:00:00	1.48241	1.48541	1.47978	1.48014	5864	0	72
2015.03.06	17:00:00	1.48015	1.48378	1.47783	1.48103	5355	0	72
2015.03.06	18:00:00	1.48101	1.48255	1.47925	1.48255	4074	0	91
2015.03.06	19:00:00	1.48257	1.48384	1.47833	1.47933	3899	0	92
2015.03.06	20:00:00	1.47936	1.48262	1.47917	1.48205	2685	0	95
2015.03.06	21:00:00	1.48197	1.48245	1.48091	1.48138	2912	0	89
2015.03.06	22:00:00	1.48142	1.48264	1.47984	1.48219	2691	0	90
2015.03.06	23:00:00	1.48222	1.48372	1.48086	1.48201	2247	0	87
2015.03.09	00:00:00	1.48415	1.49181	1.48155	1.48348	101036	0	106
2015.03.09	01:00:00	1.48356	1.48356	1.48113	1.48189	2502	0	128
2015.03.09	02:00:00	1.48191	1.48527	1.48116	1.48447	2064	0	116
2015.03.09	03:00:00	1.48446	1.48503	1.48237	1.48370	794	0	120
2015.03.09	04:00:00	1.48376	1.48446	1.48251	1.48445	878	0	91
2015.03.09	05:00:00	1.48447	1.48589	1.48414	1.48569	2000	0	70
2015.03.09	06:00:00	1.48575	1.48589	1.48470	1.48517	2106	0	79
2015.03.09	07:00:00	1.48517	1.48591	1.48488	1.48582	1099	0	77
2015.03.09	08:00:00	1.48582	1.48633	1.48256	1.48493	1837	0	81
2015.03.09	09:00:00	1.48493	1.48572	1.48173	1.48244	3104	0	98
2015.03.09	10:00:00	1.48245	1.48700	1.48241	1.48507	4012	0	117
2015.03.09	11:00:00	1.48499	1.48595	1.48311	1.48483	4020	0	113
2015.03.09	12:00:00	1.48491	1.48669	1.48383	1.48667	3382	0	102
2015.03.09	13:00:00	1.48669	1.48787	1.48553	1.48694	2867	0	113
2015.03.09	14:00:00	1.48694	1.48751	1.48522	1.48738	2691	0	113
2015.03.09	15:00:00	1.48708	1.48852	1.48654	1.48725	3014	0	72
2015.03.09	16:00:00	1.48725	1.48786	1.48472	1.48714	2929	0	104
2015.03.09	17:00:00	1.48714	1.48992	1.48650	1.48989	3132	0	111
2015.03.09	18:00:00	1.48989	1.49115	1.48956	1.49017	2328	0	108
2015.03.09	19:00:00	1.49023	1.49104	1.48779	1.48833	1846	0	107
2015.03.09	20:00:00	1.48834	1.48971	1.48828	1.48925	1173	0	107
2015.03.09	21:00:00	1.48925	1.49089	1.48925	1.49068	1167	0	100
2015.03.09	22:00:00	1.49070	1.49157	1.49010	1.49085	1314	0	112
2015.03.09	23:00:00	1.49082	1.49127	1.48927	1.49059	1267	0	112
2015.03.10	00:00:00	1.49103	1.50824	1.48865	1.49047	140112	0	103
2015.03.10	01:00:00	1.49047	1.49062	1.48828	1.49062	3255	0	135
2015.03.10	02:00:00	1.49044	1.49061	1.48909	1.48982	3438	0	120
2015.03.10	03:00:00	1.48984	1.49055	1.48895	1.48985	2702	0	119
2015.03.10	04:00:00	1.48985	1.49000	1.48875	1.48942	2485	0	116
2015.03.10	05:00:00	1.48943	1.49398	1.48904	1.49260	4492	0	110
2015.03.10	06:00:00	1.49260	1.49412	1.49146	1.49306	2885	0	119
2015.03.10	07:00:00	1.49310	1.49387	1.49139	1.49309	1954	0	110
2015.03.10	08:00:00	1.49306	1.49375	1.49235	1.49290	2846	0	118
2015.03.10	09:00:00	1.49296	1.49402	1.49162	1.49303	3882	0	97
2015.03.10	10:00:00	1.49305	1.49676	1.49278	1.49310	6096	0	89
2015.03.10	11:00:00	1.49309	1.49864	1.49297	1.49755	5718	0	103
2015.03.10	12:00:00	1.49757	1.50003	1.49407	1.49667	4622	0	86
2015.03.10	13:00:00	1.49669	1.49703	1.49394	1.49547	4235	0	91
2015.03.10	14:00:00	1.49545	1.49999	1.49483	1.49965	5397	0	87
2015.03.10	15:00:00	1.49968	1.50249	1.49842	1.50155	5519	0	93
2015.03.10	16:00:00	1.50166	1.50354	1.50031	1.50233	5479	0	92
2015.03.10	17:00:00	1.50234	1.50762	1.50234	1.50762	5725	0	95
2015.03.10	18:00:00	1.50760	1.50792	1.50338	1.50364	5058	0	76
2015.03.10	19:00:00	1.50366	1.50565	1.50273	1.50563	3141	0	76
2015.03.10	20:00:00	1.50557	1.50600	1.50352	1.50451	3074	0	76
2015.03.10	21:00:00	1.50451	1.50532	1.50393	1.50487	2713	0	76
2015.03.10	22:00:00	1.50493	1.50653	1.50437	1.50539	2433	0	76
2015.03.10	23:00:00	1.50536	1.50570	1.50374	1.50400	2250	0	89
2015.03.11	00:00:00	1.50596	1.51910	1.50337	1.50438	196999	0	53
2015.03.11	01:00:00	1.50439	1.50493	1.50354	1.50459	2678	0	108
2015.03.11	02:00:00	1.50462	1.50503	1.50341	1.50382	3125	0	108
2015.03.11	03:00:00	1.50381	1.50500	1.50313	1.50488	3288	0	110
2015.03.11	04:00:00	1.50487	1.50607	1.50460	1.50525	2990	0	104
2015.03.11	05:00:00	1.50535	1.50577	1.50427	1.50542	2866	0	108
2015.03.11	06:00:00	1.50543	1.50572	1.50479	1.50549	3328	0	109
2015.03.11	07:00:00	1.50549	1.50563	1.50412	1.50507	2469	0	80
2015.03.11	08:00:00	1.50512	1.50627	1.50467	1.50583	2649	0	78
2015.03.11	09:00:00	1.50583	1.50884	1.50539	1.50797	4676	0	76
2015.03.11	10:00:00	1.50802	1.51203	1.50756	1.51122	6261	0	76
2015.03.11	11:00:00	1.51127	1.51350	1.50931	1.51320	6141	0	76
2015.03.11	12:00:00	1.51323	1.51742	1.51215	1.51401	5776	0	76
2015.03.11	13:00:00	1.51404	1.51892	1.51317	1.51434	5178	0	76
2015.03.11	14:00:00	1.51431	1.51453	1.51112	1.51342	5428	0	76
2015.03.11	15:00:00	1.51337	1.51488	1.50657	1.50657	5559	0	76
2015.03.11	16:00:00	1.50662	1.50945	1.50520	1.50709	5935	0	76
2015.03.11	17:00:00	1.50706	1.50836	1.50380	1.50508	5675	0	76
2015.03.11	18:00:00	1.50502	1.50657	1.50403	1.50628	4043	0	76
2015.03.11	19:00:00	1.50627	1.50774	1.50352	1.50437	3900	0	76
2015.03.11	20:00:00	1.50437	1.50883	1.50437	1.50877	3362	0	76
2015.03.11	21:00:00	1.50872	1.50873	1.50582	1.50797	2568	0	76
2015.03.11	22:00:00	1.50787	1.50832	1.50419	1.50573	2934	0	78
2015.03.11	23:00:00	1.50552	1.50749	1.50520	1.50576	1630	0	106
2015.03.12	00:00:00	1.50636	1.51144	1.49083	1.50684	185547	0	83
2015.03.12	01:00:00	1.50682	1.50715	1.50589	1.50644	2354	0	115
2015.03.12	02:00:00	1.50648	1.50720	1.50457	1.50552	2536	0	114
2015.03.12	03:00:00	1.50553	1.50706	1.50526	1.50679	1336	0	112
2015.03.12	04:00:00	1.50678	1.50858	1.50620	1.50849	2557	0	131
2015.03.12	05:00:00	1.50846	1.51046	1.50735	1.51044	1985	0	118
2015.03.12	06:00:00	1.51045	1.51088	1.50983	1.50993	2176	0	115
2015.03.12	07:00:00	1.50994	1.51106	1.50987	1.51001	1550	0	113
2015.03.12	08:00:00	1.51005	1.51113	1.50740	1.50796	3665	0	109
2015.03.12	09:00:00	1.50797	1.50968	1.49949	1.50030	5920	0	90
2015.03.12	10:00:00	1.50030	1.50409	1.49974	1.50328	6252	0	103
2015.03.12	11:00:00	1.50336	1.50519	1.49997	1.50332	5414	0	76
2015.03.12	12:00:00	1.50342	1.50557	1.50087	1.50252	4395	0	76
2015.03.12	13:00:00	1.50265	1.50506	1.49952	1.49972	5123	0	76
2015.03.12	14:00:00	1.49970	1.50233	1.49613	1.49798	6311	0	74
2015.03.12	15:00:00	1.49793	1.50033	1.49563	1.49643	5983	0	74
2015.03.12	16:00:00	1.49643	1.49945	1.49413	1.49525	5312	0	74
2015.03.12	17:00:00	1.49523	1.49625	1.49294	1.49537	5145	0	74
2015.03.12	18:00:00	1.49539	1.49769	1.49483	1.49624	4131	0	74
2015.03.12	19:00:00	1.49624	1.49778	1.49298	1.49365	3994	0	74
2015.03.12	20:00:00	1.49393	1.49567	1.49249	1.49453	2451	0	74
2015.03.12	21:00:00	1.49428	1.49478	1.49270	1.49285	2011	0	74
2015.03.12	22:00:00	1.49278	1.49398	1.49062	1.49084	2574	0	74
2015.03.12	23:00:00	1.49099	1.49264	1.49039	1.49241	1804	0	131
2015.03.13	00:00:00	1.49133	1.49616	1.47629	1.49300	172918	0	98
2015.03.13	01:00:00	1.49300	1.49315	1.49223	1.49266	2114	0	148
2015.03.13	02:00:00	1.49254	1.49310	1.49145	1.49182	2268	0	133
2015.03.13	03:00:00	1.49182	1.49268	1.49170	1.49224	1465	0	134
2015.03.13	04:00:00	1.49224	1.49379	1.49202	1.49287	1437	0	133
2015.03.13	05:00:00	1.49290	1.49330	1.49229	1.49302	1534	0	133
2015.03.13	06:00:00	1.49298	1.49407	1.49227	1.49335	1604	0	133
2015.03.13	07:00:00	1.49336	1.49391	1.49312	1.49361	1308	0	114
2015.03.13	08:00:00	1.49357	1.49525	1.49321	1.49463	2415	0	114
2015.03.13	09:00:00	1.49464	1.49596	1.49283	1.49331	3946	0	89
2015.03.13	10:00:00	1.49332	1.49583	1.49165	1.49394	5145	0	96
2015.03.13	11:00:00	1.49395	1.49455	1.49206	1.49247	5259	0	92
2015.03.13	12:00:00	1.49248	1.49473	1.48956	1.49470	5176	0	100
2015.03.13	13:00:00	1.49468	1.49472	1.49098	1.49148	4380	0	87
2015.03.13	14:00:00	1.49148	1.49179	1.48869	1.48917	5669	0	74
2015.03.13	15:00:00	1.48917	1.48973	1.48420	1.48494	5145	0	11
2015.03.13	16:00:00	1.48527	1.48811	1.48411	1.48459	3963	0	11
2015.03.13	17:00:00	1.48456	1.48667	1.48191	1.48244	4322	0	4
2015.03.13	18:00:00	1.48244	1.48349	1.48026	1.48124	3462	0	7
2015.03.13	19:00:00	1.48126	1.48199	1.47640	1.47911	3391	0	3
2015.03.13	20:00:00	1.47911	1.48336	1.47881	1.48284	2234	0	15
2015.03.13	21:00:00	1.48292	1.48388	1.48086	1.48245	1644	0	18
2015.03.13	22:00:00	1.48242	1.48311	1.47980	1.48152	1167	0	18
2015.03.16	00:00:00	1.48490	1.49518	1.48020	1.48512	40536	0	49
2015.03.16	01:00:00	1.48512	1.48564	1.48429	1.48462	2560	0	49
2015.03.16	02:00:00	1.48461	1.48481	1.48197	1.48277	2205	0	41
2015.03.16	03:00:00	1.48275	1.48338	1.48093	1.48333	1267	0	44
2015.03.16	04:00:00	1.48335	1.48459	1.48273	1.48377	805	0	49
2015.03.16	05:00:00	1.48376	1.48468	1.48367	1.48432	536	0	53
2015.03.16	06:00:00	1.48432	1.48568	1.48369	1.48496	607	0	47
2015.03.16	07:00:00	1.48497	1.48588	1.48470	1.48529	934	0	43
2015.03.16	08:00:00	1.48527	1.48751	1.48445	1.48677	1594	0	34
2015.03.16	09:00:00	1.48678	1.48726	1.48261	1.48330	3231	0	19
2015.03.16	10:00:00	1.48324	1.48722	1.48246	1.48705	5358	0	25
2015.03.16	11:00:00	1.48714	1.48774	1.48364	1.48443	4102	0	23
2015.03.16	12:00:00	1.48450	1.48592	1.48375	1.48411	3379	0	18
2015.03.16	13:00:00	1.48411	1.48608	1.48348	1.48569	3416	0	20
2015.03.16	14:00:00	1.48573	1.48919	1.48484	1.48792	4662	0	11
2015.03.16	15:00:00	1.48791	1.48897	1.48483	1.48586	5105	0	2
2015.03.16	16:00:00	1.48580	1.48790	1.48524	1.48693	3776	0	2
2015.03.16	17:00:00	1.48688	1.49098	1.48668	1.49088	2406	0	4
2015.03.16	18:00:00	1.49090	1.49198	1.48807	1.49152	2198	0	2
2015.03.16	19:00:00	1.49148	1.49398	1.49075	1.49350	2229	0	1
2015.03.16	20:00:00	1.49342	1.49553	1.49331	1.49476	1332	0	2
2015.03.16	21:00:00	1.49480	1.49537	1.49373	1.49471	1052	0	9
2015.03.16	22:00:00	1.49472	1.49479	1.49360	1.49404	985	0	15
2015.03.16	23:00:00	1.49332	1.49480	1.49246	1.49447	672	0	14
2015.03.17	00:00:00	1.49397	1.49581	1.47694	1.49351	37855	0	4
2015.03.17	01:00:00	1.49346	1.49415	1.49302	1.49382	681	0	3
2015.03.17	02:00:00	1.49396	1.49488	1.49365	1.49453	1655	0	1
2015.03.17	03:00:00	1.49452	1.49478	1.49364	1.49467	1492	0	1
2015.03.17	04:00:00	1.49467	1.49509	1.49435	1.49496	1162	0	7
2015.03.17	05:00:00	1.49496	1.49502	1.49371	1.49374	1174	0	1
2015.03.17	06:00:00	1.49386	1.49494	1.49352	1.49476	1073	0	6
2015.03.17	07:00:00	1.49474	1.49484	1.49432	1.49473	693	0	5
2015.03.17	08:00:00	1.49472	1.49619	1.49401	1.49442	2213	0	1
2015.03.17	09:00:00	1.49440	1.49574	1.48834	1.48877	3924	0	1
2015.03.17	10:00:00	1.48870	1.48983	1.48524	1.48734	4585	0	1
2015.03.17	11:00:00	1.48736	1.48780	1.48069	1.48142	4355	0	1
2015.03.17	12:00:00	1.48156	1.48304	1.47881	1.48048	4229	0	1
2015.03.17	13:00:00	1.48047	1.48070	1.47827	1.47841	3571	0	1
2015.03.17	14:00:00	1.47844	1.48101	1.47730	1.48030	5398	0	1
2015.03.17	15:00:00	1.48021	1.48075	1.47770	1.47948	6115	0	1
2015.03.17	16:00:00	1.47948	1.48222	1.47948	1.47998	4260	0	1
2015.03.17	17:00:00	1.48003	1.48172	1.47783	1.48031	2086	0	4
2015.03.17	18:00:00	1.48029	1.48241	1.47911	1.48102	1951	0	1
2015.03.17	19:00:00	1.48101	1.48349	1.48031	1.48349	1124	0	14
2015.03.17	20:00:00	1.48350	1.48532	1.48301	1.48504	1182	0	9
2015.03.17	21:00:00	1.48512	1.48549	1.48346	1.48392	907	0	5
2015.03.17	22:00:00	1.48396	1.48411	1.48278	1.48396	804	0	15
2015.03.17	23:00:00	1.48360	1.48384	1.48235	1.48282	1319	0	58
2015.03.18	00:00:00	1.48371	1.48559	1.45489	1.48329	50165	0	21
2015.03.18	01:00:00	1.48330	1.48381	1.48323	1.48338	558	0	9
2015.03.18	02:00:00	1.48339	1.48449	1.48314	1.48410	1096	0	3
2015.03.18	03:00:00	1.48408	1.48454	1.48365	1.48380	1259	0	11
2015.03.18	04:00:00	1.48380	1.48402	1.48324	1.48395	1028	0	17
2015.03.18	05:00:00	1.48397	1.48452	1.48392	1.48407	780	0	14
2015.03.18	06:00:00	1.48407	1.48454	1.48399	1.48444	592	0	3
2015.03.18	07:00:00	1.48444	1.48490	1.48398	1.48423	921	0	9
2015.03.18	08:00:00	1.48424	1.48569	1.48416	1.48452	1194	0	1
2015.03.18	09:00:00	1.48452	1.48581	1.48099	1.48191	2892	0	1
2015.03.18	10:00:00	1.48187	1.48247	1.47938	1.48172	3967	0	1
2015.03.18	11:00:00	1.48170	1.48338	1.47103	1.47124	4772	0	1
2015.03.18	12:00:00	1.47119	1.47280	1.46897	1.47056	4131	0	1
2015.03.18	13:00:00	1.47054	1.47062	1.46766	1.46928	3684	0	1
2015.03.18	14:00:00	1.46914	1.46962	1.46785	1.46913	4390	0	1
2015.03.18	15:00:00	1.46912	1.47084	1.46836	1.46893	4609	0	1
2015.03.18	16:00:00	1.46891	1.46896	1.46431	1.46546	5085	0	1
2015.03.18	17:00:00	1.46552	1.46557	1.46007	1.46161	5657	0	1
2015.03.18	18:00:00	1.46163	1.46270	1.45998	1.46140	5424	0	1
2015.03.18	19:00:00	1.46140	1.46300	1.46008	1.46157	4393	0	3
2015.03.18	20:00:00	1.46147	1.46891	1.45810	1.46862	10300	0	1
2015.03.18	21:00:00	1.46868	1.46977	1.46076	1.46269	8975	0	1
2015.03.18	22:00:00	1.46266	1.47086	1.45484	1.46400	6242	0	1
2015.03.18	23:00:00	1.46397	1.46923	1.46334	1.46904	1324	0	31
2015.03.19	00:00:00	1.46488	1.48044	1.45772	1.46904	75033	0	3
2015.03.19	01:00:00	1.46904	1.46905	1.46643	1.46748	3005	0	3
2015.03.19	02:00:00	1.46750	1.47032	1.46567	1.46759	5164	0	47
2015.03.19	03:00:00	1.46759	1.47191	1.46740	1.47111	4079	0	47
2015.03.19	04:00:00	1.47113	1.47333	1.47011	1.47232	4144	0	41
2015.03.19	05:00:00	1.47237	1.47677	1.47110	1.47565	4526	0	36
2015.03.19	06:00:00	1.47565	1.47801	1.47519	1.47659	3310	0	47
2015.03.19	07:00:00	1.47655	1.47795	1.47446	1.47491	3616	0	12
2015.03.19	08:00:00	1.47486	1.47761	1.47431	1.47730	2815	0	25
2015.03.19	09:00:00	1.47725	1.47819	1.47096	1.47156	6096	0	178
2015.03.19	10:00:00	1.47168	1.47721	1.46576	1.46926	7508	0	178
2015.03.19	11:00:00	1.46936	1.47556	1.46796	1.47522	4915	0	119
2015.03.19	12:00:00	1.47517	1.48005	1.47275	1.47799	6643	0	97
2015.03.19	13:00:00	1.47795	1.47887	1.47266	1.47342	5777	0	94
2015.03.19	14:00:00	1.47344	1.47602	1.47132	1.47535	6713	0	89
2015.03.19	15:00:00	1.47539	1.47578	1.46463	1.46557	6703	0	86
2015.03.19	16:00:00	1.46557	1.46642	1.46043	1.46255	6864	0	79
2015.03.19	17:00:00	1.46250	1.46350	1.45770	1.46061	6454	0	95
2015.03.19	18:00:00	1.46063	1.46259	1.45855	1.46249	5803	0	101
2015.03.19	19:00:00	1.46250	1.46250	1.45802	1.45949	4261	0	111
2015.03.19	20:00:00	1.45949	1.46217	1.45741	1.45766	4136	0	89
2015.03.19	21:00:00	1.45766	1.46009	1.45739	1.45928	3373	0	108
2015.03.19	22:00:00	1.45929	1.46020	1.45862	1.45943	3442	0	114
2015.03.19	23:00:00	1.45926	1.46070	1.45827	1.46028	1560	0	118
2015.03.20	00:00:00	1.46038	1.46146	1.45148	1.45928	53923	0	86
2015.03.20	01:00:00	1.45928	1.46108	1.45917	1.46028	2404	0	123
2015.03.20	02:00:00	1.46018	1.46069	1.45842	1.45842	2622	0	117
2015.03.20	03:00:00	1.45847	1.45922	1.45790	1.45866	2573	0	110
2015.03.20	04:00:00	1.45860	1.46122	1.45807	1.46026	2512	0	117
2015.03.20	05:00:00	1.46027	1.46074	1.46004	1.46043	1523	0	89
2015.03.20	06:00:00	1.46043	1.46063	1.45962	1.45991	1408	0	125
2015.03.20	07:00:00	1.45993	1.46024	1.45931	1.45933	1441	0	112
2015.03.20	08:00:00	1.45932	1.45975	1.45812	1.45914	2225	0	113
2015.03.20	09:00:00	1.45914	1.45957	1.45665	1.45715	4949	0	109
2015.03.20	10:00:00	1.45715	1.45852	1.45507	1.45523	5275	0	103
2015.03.20	11:00:00	1.45521	1.45650	1.45441	1.45496	4219	0	112
2015.03.20	12:00:00	1.45487	1.45606	1.45293	1.45401	3944	0	178
2015.03.20	13:00:00	1.45403	1.45565	1.45276	1.45531	4132	0	178
2015.03.20	14:00:00	1.45531	1.45740	1.45294	1.45427	5580	0	178
2015.03.20	15:00:00	1.45431	1.45581	1.45089	1.45322	6951	0	178
2015.03.20	16:00:00	1.45328	1.45466	1.45172	1.45246	6307	0	178
2015.03.20	17:00:00	1.45251	1.45691	1.45144	1.45648	5149	0	178
2015.03.20	18:00:00	1.45648	1.45962	1.45571	1.45861	5819	0	178
2015.03.20	19:00:00	1.45864	1.45971	1.45701	1.45898	3781	0	178
2015.03.20	20:00:00	1.45898	1.45946	1.45665	1.45808	3216	0	178
2015.03.20	21:00:00	1.45811	1.46052	1.45769	1.45965	2197	0	115
2015.03.20	22:00:00	1.45965	1.45971	1.45515	1.45693	2936	0	106
2015.03.23	00:00:00	1.45968	1.46330	1.44091	1.46191	57042	0	40
2015.03.23	01:00:00	1.46190	1.46241	1.45998	1.46027	3443	0	136
2015.03.23	02:00:00	1.46028	1.46172	1.45947	1.46101	2431	0	133
2015.03.23	03:00:00	1.46100	1.46188	1.46003	1.46099	2563	0	123
2015.03.23	04:00:00	1.46096	1.46128	1.46023	1.46077	2175	0	117
2015.03.23	05:00:00	1.46079	1.46170	1.46044	1.46046	2342	0	121
2015.03.23	06:00:00	1.46044	1.46145	1.45990	1.46097	3437	0	105
2015.03.23	07:00:00	1.46097	1.46112	1.45852	1.45900	1741	0	128
2015.03.23	08:00:00	1.45901	1.45991	1.45676	1.45756	2024	0	190
2015.03.23	09:00:00	1.45751	1.45836	1.45467	1.45586	3862	0	178
2015.03.23	10:00:00	1.45581	1.45651	1.45411	1.45523	4161	0	178
2015.03.23	11:00:00	1.45524	1.45596	1.45148	1.45403	4972	0	178
2015.03.23	12:00:00	1.45403	1.45480	1.44969	1.44986	5463	0	178
2015.03.23	13:00:00	1.44984	1.45079	1.44801	1.44854	4525	0	14
2015.03.23	14:00:00	1.44858	1.44878	1.44306	1.44428	4745	0	178
2015.03.23	15:00:00	1.44428	1.44489	1.44031	1.44319	5243	0	178
2015.03.23	16:00:00	1.44336	1.44406	1.44027	1.44343	4681	0	178
2015.03.23	17:00:00	1.44342	1.44456	1.44056	1.44323	4896	0	178
2015.03.23	18:00:00	1.44323	1.44508	1.44185	1.44493	4778	0	178
2015.03.23	19:00:00	1.44494	1.44509	1.44229	1.44489	2377	0	178
2015.03.23	20:00:00	1.44489	1.44534	1.44262	1.44337	2472	0	178
2015.03.23	21:00:00	1.44339	1.44405	1.44219	1.44262	2190	0	178
2015.03.23	22:00:00	1.44259	1.44443	1.44233	1.44400	2342	0	98
2015.03.23	23:00:00	1.44400	1.44440	1.44296	1.44420	1068	0	153
2015.03.24	00:00:00	1.44451	1.44716	1.41966	1.44418	45254	0	69
2015.03.24	01:00:00	1.44427	1.44506	1.44314	1.44506	1185	0	69
2015.03.24	02:00:00	1.44481	1.44588	1.44442	1.44509	998	0	69
2015.03.24	03:00:00	1.44511	1.44574	1.44461	1.44491	850	0	69
2015.03.24	04:00:00	1.44489	1.44617	1.44433	1.44584	529	0	69
2015.03.24	05:00:00	1.44583	1.44711	1.44540	1.44663	957	0	69
2015.03.24	06:00:00	1.44664	1.44696	1.44579	1.44591	895	0	69
2015.03.24	07:00:00	1.44603	1.44604	1.44457	1.44483	977	0	38
2015.03.24	08:00:00	1.44495	1.44540	1.44314	1.44483	1819	0	37
2015.03.24	09:00:00	1.44489	1.44489	1.44053	1.44077	3449	0	28
2015.03.24	10:00:00	1.44113	1.44163	1.43502	1.43571	5419	0	28
2015.03.24	11:00:00	1.43597	1.43676	1.42959	1.43389	5319	0	29
2015.03.24	12:00:00	1.43388	1.43438	1.42755	1.42800	4910	0	28
2015.03.24	13:00:00	1.42797	1.42835	1.42293	1.42694	4961	0	28
2015.03.24	14:00:00	1.42694	1.43055	1.42457	1.42865	6433	0	28
2015.03.24	15:00:00	1.42872	1.42939	1.42573	1.42573	7127	0	28
2015.03.24	16:00:00	1.42620	1.42654	1.41967	1.42150	6164	0	28
2015.03.24	17:00:00	1.42153	1.42581	1.42024	1.42524	5578	0	30
2015.03.24	18:00:00	1.42530	1.42654	1.42094	1.42099	4090	0	28
2015.03.24	19:00:00	1.42097	1.42356	1.41995	1.42241	3489	0	28
2015.03.24	20:00:00	1.42255	1.42280	1.42025	1.42177	1777	0	28
2015.03.24	21:00:00	1.42164	1.42317	1.42129	1.42223	1464	0	69
2015.03.24	22:00:00	1.42228	1.42367	1.42198	1.42242	1216	0	69
2015.03.24	23:00:00	1.42235	1.42310	1.42203	1.42232	1360	0	69
2015.03.25	00:00:00	1.42241	1.43099	1.42217	1.42341	42189	0	69
2015.03.25	01:00:00	1.42343	1.42377	1.42309	1.42309	1111	0	69
2015.03.25	02:00:00	1.42306	1.42438	1.42277	1.42409	806	0	69
2015.03.25	03:00:00	1.42413	1.42518	1.42341	1.42467	1484	0	69
2015.03.25	04:00:00	1.42469	1.42515	1.42371	1.42490	1485	0	178
2015.03.25	05:00:00	1.42487	1.42576	1.42449	1.42522	2072	0	178
2015.03.25	06:00:00	1.42522	1.42576	1.42436	1.42480	1350	0	178
2015.03.25	07:00:00	1.42479	1.42635	1.42451	1.42578	1455	0	178
2015.03.25	08:00:00	1.42578	1.42621	1.42426	1.42431	1675	0	178
2015.03.25	09:00:00	1.42431	1.42727	1.42286	1.42677	3667	0	178
2015.03.25	10:00:00	1.42684	1.42722	1.42266	1.42297	4214	0	178
2015.03.25	11:00:00	1.42297	1.42537	1.42265	1.42515	3971	0	178
2015.03.25	12:00:00	1.42512	1.42606	1.42265	1.42288	3241	0	178
2015.03.25	13:00:00	1.42288	1.42607	1.42168	1.42535	4023	0	178
2015.03.25	14:00:00	1.42535	1.42939	1.42506	1.42746	5363	0	178
2015.03.25	15:00:00	1.42739	1.42866	1.42638	1.42805	5428	0	178
2015.03.25	16:00:00	1.42810	1.43041	1.42566	1.42581	5095	0	178
2015.03.25	17:00:00	1.42581	1.42799	1.42461	1.42728	4922	0	178
2015.03.25	18:00:00	1.42730	1.42868	1.42694	1.42852	4263	0	178
2015.03.25	19:00:00	1.42852	1.43026	1.42831	1.42951	3191	0	178
2015.03.25	20:00:00	1.42949	1.43022	1.42791	1.42852	2263	0	179
2015.03.25	21:00:00	1.42847	1.42896	1.42624	1.42636	2103	0	178
2015.03.25	22:00:00	1.42631	1.42781	1.42631	1.42700	2141	0	124
2015.03.25	23:00:00	1.42700	1.42858	1.42675	1.42846	1514	0	123
2015.03.26	00:00:00	1.42766	1.43248	1.41857	1.42860	46694	0	79
2015.03.26	01:00:00	1.42860	1.42867	1.42773	1.42826	2429	0	127
2015.03.26	02:00:00	1.42817	1.42838	1.42730	1.42734	2649	0	117
2015.03.26	03:00:00	1.42738	1.42831	1.42624	1.42630	2827	0	117
2015.03.26	04:00:00	1.42630	1.42798	1.42596	1.42788	2614	0	115
2015.03.26	05:00:00	1.42788	1.42818	1.42677	1.42729	2011	0	116
2015.03.26	06:00:00	1.42733	1.42863	1.42694	1.42752	2827	0	119
2015.03.26	07:00:00	1.42754	1.42761	1.42652	1.42660	2133	0	120
2015.03.26	08:00:00	1.42661	1.42746	1.42502	1.42627	2960	0	120
2015.03.26	09:00:00	1.42626	1.42708	1.42394	1.42462	5187	0	94
2015.03.26	10:00:00	1.42459	1.42552	1.42209	1.42283	6110	0	92
2015.03.26	11:00:00	1.42276	1.42392	1.42017	1.42061	5790	0	102
2015.03.26	12:00:00	1.42062	1.42257	1.41822	1.42094	5014	0	103
2015.03.26	13:00:00	1.42095	1.42523	1.42037	1.42501	5495	0	91
2015.03.26	14:00:00	1.42500	1.42505	1.42115	1.42357	6425	0	86
2015.03.26	15:00:00	1.42357	1.42450	1.42034	1.42050	6102	0	106
2015.03.26	16:00:00	1.42055	1.42230	1.41944	1.42208	6443	0	95
2015.03.26	17:00:00	1.42215	1.42612	1.42031	1.42554	4588	0	21
2015.03.26	18:00:00	1.42552	1.42911	1.42511	1.42878	3430	0	178
2015.03.26	19:00:00	1.42878	1.43189	1.42701	1.42891	3841	0	178
2015.03.26	20:00:00	1.42891	1.43093	1.42834	1.42891	2323	0	181
2015.03.26	21:00:00	1.42891	1.42942	1.42808	1.42879	1559	0	180
2015.03.26	22:00:00	1.42896	1.43030	1.42768	1.42910	2189	0	109
2015.03.26	23:00:00	1.42910	1.43081	1.42908	1.43022	1597	0	121
2015.03.27	00:00:00	1.42975	1.44018	1.42348	1.42937	43617	0	74
2015.03.27	01:00:00	1.42937	1.43054	1.42937	1.43040	1776	0	124
2015.03.27	02:00:00	1.43043	1.43087	1.42955	1.43018	2658	0	123
2015.03.27	03:00:00	1.43019	1.43063	1.42967	1.43025	2721	0	125
2015.03.27	04:00:00	1.43032	1.43186	1.43003	1.43164	2486	0	128
2015.03.27	05:00:00	1.43167	1.43168	1.43042	1.43155	2129	0	125
2015.03.27	06:00:00	1.43155	1.43182	1.43068	1.43175	2380	0	122
2015.03.27	07:00:00	1.43175	1.43279	1.43133	1.43144	2258	0	125
2015.03.27	08:00:00	1.43145	1.43309	1.43098	1.43247	2679	0	118
2015.03.27	09:00:00	1.43247	1.43480	1.43201	1.43356	5298	0	95
2015.03.27	10:00:00	1.43364	1.43482	1.43131	1.43217	4935	0	93
2015.03.27	11:00:00	1.43215	1.43702	1.43194	1.43679	5289	0	95
2015.03.27	12:00:00	1.43677	1.43904	1.43637	1.43744	4265	0	101
2015.03.27	13:00:00	1.43749	1.43997	1.43673	1.43786	4676	0	96
2015.03.27	14:00:00	1.43784	1.43784	1.43196	1.43246	5520	0	18
2015.03.27	15:00:00	1.43251	1.43546	1.43184	1.43262	5208	0	178
2015.03.27	16:00:00	1.43256	1.43387	1.43153	1.43257	3878	0	178
2015.03.27	17:00:00	1.43255	1.43350	1.42535	1.42535	4513	0	178
2015.03.27	18:00:00	1.42536	1.42795	1.42282	1.42638	5661	0	178
2015.03.27	19:00:00	1.42641	1.42849	1.42588	1.42847	2914	0	178
2015.03.27	20:00:00	1.42847	1.42888	1.42656	1.42761	2056	0	178
2015.03.27	21:00:00	1.42756	1.42967	1.42554	1.42667	2728	0	125
2015.03.27	22:00:00	1.42670	1.43026	1.42602	1.43026	4186	0	118
2015.03.30	00:00:00	1.43164	1.43667	1.42284	1.43133	108972	0	110
2015.03.30	01:00:00	1.43131	1.43159	1.43069	1.43139	1727	0	91
2015.03.30	02:00:00	1.43139	1.43212	1.42951	1.43046	1973	0	123
2015.03.30	03:00:00	1.43045	1.43115	1.42926	1.42975	2735	0	123
2015.03.30	04:00:00	1.42980	1.43037	1.42896	1.42950	1872	0	132
2015.03.30	05:00:00	1.42951	1.43015	1.42926	1.42942	2135	0	124
2015.03.30	06:00:00	1.42942	1.43009	1.42888	1.42942	1479	0	127
2015.03.30	07:00:00	1.42942	1.42964	1.42778	1.42894	1853	0	127
2015.03.30	08:00:00	1.42893	1.42902	1.42711	1.42750	1847	0	123
2015.03.30	09:00:00	1.42750	1.42829	1.42482	1.42711	3490	0	112
2015.03.30	10:00:00	1.42709	1.43368	1.42598	1.43173	5474	0	103
2015.03.30	11:00:00	1.43174	1.43306	1.43017	1.43064	4364	0	103
2015.03.30	12:00:00	1.43065	1.43229	1.42866	1.43026	4204	0	100
2015.03.30	13:00:00	1.43030	1.43098	1.42661	1.42718	3835	0	100
2015.03.30	14:00:00	1.42721	1.42738	1.42281	1.42377	3865	0	102
2015.03.30	15:00:00	1.42383	1.42583	1.42253	1.42564	4697	0	90
2015.03.30	16:00:00	1.42565	1.42724	1.42323	1.42662	5302	0	103
2015.03.30	17:00:00	1.42660	1.43300	1.42599	1.43179	5385	0	107
2015.03.30	18:00:00	1.43186	1.43356	1.43087	1.43096	4865	0	102
2015.03.30	19:00:00	1.43096	1.43491	1.43049	1.43469	3541	0	103
2015.03.30	20:00:00	1.43468	1.43639	1.43427	1.43472	2822	0	105
2015.03.30	21:00:00	1.43465	1.43475	1.43264	1.43289	2807	0	105
2015.03.30	22:00:00	1.43284	1.43363	1.43143	1.43215	2109	0	108
2015.03.30	23:00:00	1.43211	1.43238	1.43026	1.43127	2822	0	103
2015.03.31	00:00:00	1.43193	1.44490	1.42947	1.43143	128016	0	118
2015.03.31	01:00:00	1.43143	1.43191	1.43066	1.43096	1367	0	155
2015.03.31	02:00:00	1.43096	1.43219	1.43067	1.43168	933	0	183
2015.03.31	03:00:00	1.43181	1.43224	1.42911	1.43008	2076	0	178
2015.03.31	04:00:00	1.43008	1.43257	1.42991	1.43119	2099	0	178
2015.03.31	05:00:00	1.43120	1.43166	1.43076	1.43136	1228	0	185
2015.03.31	06:00:00	1.43141	1.43181	1.43049	1.43136	1985	0	178
2015.03.31	07:00:00	1.43131	1.43260	1.43116	1.43191	2280	0	178
2015.03.31	08:00:00	1.43191	1.43326	1.43165	1.43211	2323	0	178
2015.03.31	09:00:00	1.43211	1.43425	1.43171	1.43323	3631	0	178
2015.03.31	10:00:00	1.43323	1.43819	1.43201	1.43616	4196	0	178
2015.03.31	11:00:00	1.43611	1.43958	1.43512	1.43827	3994	0	178
2015.03.31	12:00:00	1.43827	1.44034	1.43709	1.43933	3940	0	178
2015.03.31	13:00:00	1.43934	1.43954	1.43559	1.43865	3268	0	178
2015.03.31	14:00:00	1.43865	1.44021	1.43726	1.43829	3491	0	178
2015.03.31	15:00:00	1.43829	1.43861	1.43504	1.43750	4363	0	178
2015.03.31	16:00:00	1.43747	1.43928	1.43658	1.43887	4066	0	178
2015.03.31	17:00:00	1.43870	1.44124	1.43677	1.44123	5894	0	178
2015.03.31	18:00:00	1.44131	1.44322	1.44016	1.44136	4467	0	178
2015.03.31	19:00:00	1.44139	1.44403	1.44121	1.44303	2182	0	178
2015.03.31	20:00:00	1.44299	1.44433	1.44253	1.44281	2041	0	178
2015.03.31	21:00:00	1.44279	1.44296	1.44116	1.44272	1720	0	178
2015.03.31	22:00:00	1.44278	1.44278	1.44049	1.44071	1485	0	178
2015.03.31	23:00:00	1.44076	1.44129	1.43941	1.44017	1602	0	132
2015.04.01	00:00:00	1.44049	1.44425	1.42800	1.44037	135092	0	144
2015.04.01	01:00:00	1.44034	1.44101	1.43921	1.43986	1618	0	153
2015.04.01	02:00:00	1.43986	1.44086	1.43966	1.44066	1289	0	178
2015.04.01	03:00:00	1.44041	1.44061	1.43811	1.43846	2800	0	178
2015.04.01	04:00:00	1.43836	1.44071	1.43787	1.44046	3383	0	178
2015.04.01	05:00:00	1.44044	1.44160	1.44011	1.44130	2149	0	178
2015.04.01	06:00:00	1.44131	1.44131	1.44022	1.44036	1421	0	182
2015.04.01	07:00:00	1.44040	1.44053	1.43961	1.43981	1505	0	178
2015.04.01	08:00:00	1.43981	1.44062	1.43890	1.43908	2126	0	178
2015.04.01	09:00:00	1.43908	1.44011	1.43811	1.43991	2877	0	178
2015.04.01	10:00:00	1.43981	1.44089	1.43775	1.44018	3827	0	178
2015.04.01	11:00:00	1.44013	1.44357	1.43516	1.43579	4721	0	178
2015.04.01	12:00:00	1.43584	1.43596	1.43101	1.43185	3948	0	178
2015.04.01	13:00:00	1.43186	1.43218	1.42891	1.43010	3572	0	178
2015.04.01	14:00:00	1.43010	1.43296	1.43001	1.43086	3832	0	178
2015.04.01	15:00:00	1.43085	1.43139	1.42748	1.42911	5267	0	178
2015.04.01	16:00:00	1.42923	1.43224	1.42733	1.43153	5151	0	178
2015.04.01	17:00:00	1.43153	1.43380	1.43068	1.43262	6362	0	178
2015.04.01	18:00:00	1.43260	1.43422	1.43137	1.43272	4769	0	178
2015.04.01	19:00:00	1.43272	1.43362	1.42976	1.43026	2892	0	178
2015.04.01	20:00:00	1.43021	1.43366	1.43011	1.43251	2281	0	178
2015.04.01	21:00:00	1.43246	1.43300	1.43126	1.43186	1963	0	183
2015.04.01	22:00:00	1.43185	1.43264	1.43104	1.43186	1771	0	178
2015.04.01	23:00:00	1.43188	1.43283	1.43079	1.43255	1556	0	131
2015.04.02	00:00:00	1.43302	1.43354	1.41874	1.43255	108558	0	144
2015.04.02	01:00:00	1.43253	1.43265	1.43179	1.43201	1289	0	160
2015.04.02	02:00:00	1.43196	1.43261	1.43186	1.43226	963	0	178
2015.04.02	03:00:00	1.43231	1.43284	1.43166	1.43193	2016	0	178
2015.04.02	04:00:00	1.43193	1.43240	1.43135	1.43227	1708	0	186
2015.04.02	05:00:00	1.43231	1.43268	1.43126	1.43146	1743	0	185
2015.04.02	06:00:00	1.43151	1.43158	1.43078	1.43126	1504	0	178
2015.04.02	07:00:00	1.43131	1.43176	1.43031	1.43051	956	0	184
2015.04.02	08:00:00	1.43056	1.43066	1.42926	1.43041	1502	0	178
2015.04.02	09:00:00	1.43040	1.43061	1.42851	1.43021	3391	0	178
2015.04.02	10:00:00	1.43021	1.43091	1.42811	1.42966	3804	0	178
2015.04.02	11:00:00	1.42947	1.43007	1.42416	1.42541	3404	0	178
2015.04.02	12:00:00	1.42541	1.42615	1.42166	1.42295	3616	0	178
2015.04.02	13:00:00	1.42297	1.42377	1.41961	1.41972	3300	0	178
2015.04.02	14:00:00	1.41966	1.42451	1.41930	1.42172	3634	0	178
2015.04.02	15:00:00	1.42172	1.42319	1.41930	1.42041	4968	0	178
2015.04.02	16:00:00	1.42046	1.42066	1.41812	1.41937	5412	0	178
2015.04.02	17:00:00	1.41937	1.42142	1.41863	1.41952	4417	0	23
2015.04.02	18:00:00	1.41951	1.42080	1.41820	1.42063	3606	0	178
2015.04.02	19:00:00	1.42066	1.42406	1.42065	1.42382	2169	0	1
2015.04.02	20:00:00	1.42380	1.42430	1.42091	1.42171	2236	0	1
2015.04.02	21:00:00	1.42172	1.42172	1.42016	1.42019	1949	0	178
2015.04.02	22:00:00	1.42019	1.42191	1.42019	1.42145	1235	0	178
2015.04.02	23:00:00	1.42145	1.42250	1.42059	1.42233	1405	0	73
2015.04.03	00:00:00	1.42261	1.42460	1.41429	1.42191	79517	0	83
2015.04.03	01:00:00	1.42184	1.42331	1.42174	1.42316	1212	0	202
2015.04.03	02:00:00	1.42311	1.42336	1.42245	1.42292	1013	0	135
2015.04.03	03:00:00	1.42294	1.42363	1.42246	1.42313	1808	0	136
2015.04.03	04:00:00	1.42313	1.42426	1.42252	1.42303	1067	0	125
2015.04.03	05:00:00	1.42304	1.42377	1.42261	1.42322	1530	0	141
2015.04.03	06:00:00	1.42323	1.42363	1.42213	1.42281	1279	0	136
2015.04.03	07:00:00	1.42280	1.42314	1.42129	1.42129	1201	0	138
2015.04.03	08:00:00	1.42131	1.42300	1.42123	1.42240	907	0	134
2015.04.03	09:00:00	1.42240	1.42330	1.42186	1.42186	2084	0	137
2015.04.03	10:00:00	1.42191	1.42321	1.42132	1.42308	3424	0	128
2015.04.03	11:00:00	1.42305	1.42305	1.41974	1.42113	3203	0	120
2015.04.03	12:00:00	1.42107	1.42212	1.42043	1.42111	1862	0	39
2015.04.03	13:00:00	1.42111	1.42206	1.41961	1.42121	899	0	193
2015.04.03	14:00:00	1.42116	1.42145	1.41852	1.42117	1955	0	178
2015.04.03	15:00:00	1.42117	1.42259	1.41521	1.41629	5739	0	178
2015.04.03	16:00:00	1.41631	1.41794	1.41387	1.41620	6206	0	180
2015.04.03	17:00:00	1.41618	1.41806	1.41587	1.41766	4101	0	181
2015.04.03	18:00:00	1.41761	1.41771	1.41549	1.41666	2207	0	178
2015.04.03	19:00:00	1.41666	1.41826	1.41644	1.41707	3290	0	156
2015.04.03	20:00:00	1.41709	1.41974	1.41691	1.41901	2995	0	123
2015.04.03	21:00:00	1.41902	1.42075	1.41893	1.42006	1831	0	119
2015.04.03	22:00:00	1.42004	1.42126	1.41981	1.42112	1815	0	142
2015.04.03	23:00:00	1.42112	1.42138	1.41624	1.41624	2009	0	142
2015.04.06	00:00:00	1.41930	1.42839	1.41795	1.41803	77086	0	103
2015.04.06	01:00:00	1.41826	1.42051	1.41826	1.41910	1589	0	2
2015.04.06	02:00:00	1.41910	1.42178	1.41857	1.42113	1625	0	1
2015.04.06	03:00:00	1.42114	1.42129	1.41980	1.42085	653	0	44
2015.04.06	04:00:00	1.42084	1.42148	1.42018	1.42061	1247	0	28
2015.04.06	05:00:00	1.42069	1.42212	1.42054	1.42196	906	0	20
2015.04.06	06:00:00	1.42194	1.42199	1.42080	1.42093	675	0	35
2015.04.06	07:00:00	1.42089	1.42149	1.42054	1.42136	839	0	35
2015.04.06	08:00:00	1.42137	1.42193	1.42137	1.42160	554	0	20
2015.04.06	09:00:00	1.42160	1.42212	1.42043	1.42188	982	0	15
2015.04.06	10:00:00	1.42186	1.42277	1.42139	1.42152	1382	0	19
2015.04.06	11:00:00	1.42153	1.42242	1.42077	1.42083	1323	0	1
2015.04.06	12:00:00	1.42083	1.42102	1.41978	1.42035	1290	0	21
2015.04.06	13:00:00	1.42034	1.42181	1.42029	1.42124	1047	0	13
2015.04.06	14:00:00	1.42125	1.42157	1.41902	1.41945	1977	0	24
2015.04.06	15:00:00	1.41965	1.42131	1.41846	1.41976	3026	0	26
2015.04.06	16:00:00	1.41977	1.42131	1.41977	1.42098	3177	0	178
2015.04.06	17:00:00	1.42097	1.42336	1.42070	1.42272	3596	0	182
2015.04.06	18:00:00	1.42272	1.42475	1.42219	1.42388	2967	0	180
2015.04.06	19:00:00	1.42388	1.42552	1.42371	1.42449	2241	0	181
2015.04.06	20:00:00	1.42449	1.42508	1.42330	1.42460	1214	0	189
2015.04.06	21:00:00	1.42454	1.42595	1.42402	1.42529	1237	0	184
2015.04.06	22:00:00	1.42524	1.42766	1.42466	1.42529	3178	0	178
2015.04.06	23:00:00	1.42529	1.42618	1.42468	1.42578	1972	0	92
2015.04.07	00:00:00	1.42616	1.43355	1.42368	1.42582	152325	0	147
2015.04.07	01:00:00	1.42570	1.42610	1.42516	1.42609	1669	0	132
2015.04.07	02:00:00	1.42609	1.42672	1.42559	1.42582	1864	0	132
2015.04.07	03:00:00	1.42582	1.42582	1.42421	1.42441	1293	0	122
2015.04.07	04:00:00	1.42446	1.42521	1.42421	1.42481	1413	0	178
2015.04.07	05:00:00	1.42476	1.42504	1.42361	1.42411	1321	0	179
2015.04.07	06:00:00	1.42406	1.42481	1.42366	1.42471	1297	0	178
2015.04.07	07:00:00	1.42471	1.42568	1.42326	1.42511	2252	0	178
2015.04.07	08:00:00	1.42516	1.42588	1.42451	1.42565	1944	0	178
2015.04.07	09:00:00	1.42566	1.42752	1.42511	1.42526	3707	0	178
2015.04.07	10:00:00	1.42526	1.42653	1.42305	1.42477	4206	0	178
2015.04.07	11:00:00	1.42477	1.43056	1.42411	1.42906	5877	0	178
2015.04.07	12:00:00	1.42921	1.43129	1.42780	1.43044	4398	0	178
2015.04.07	13:00:00	1.43039	1.43183	1.42966	1.43107	2885	0	93
2015.04.07	14:00:00	1.43103	1.43275	1.42987	1.43147	2759	0	17
2015.04.07	15:00:00	1.43151	1.43335	1.43078	1.43233	3526	0	16
2015.04.07	16:00:00	1.43233	1.43285	1.43060	1.43241	3057	0	89
2015.04.07	17:00:00	1.43247	1.43335	1.43009	1.43046	3639	0	81
2015.04.07	18:00:00	1.43046	1.43185	1.42971	1.43177	3317	0	84
2015.04.07	19:00:00	1.43177	1.43189	1.42958	1.43052	2165	0	90
2015.04.07	20:00:00	1.43044	1.43185	1.43038	1.43165	1007	0	86
2015.04.07	21:00:00	1.43164	1.43235	1.43061	1.43127	1192	0	99
2015.04.07	22:00:00	1.43120	1.43263	1.43052	1.43235	799	0	92
2015.04.07	23:00:00	1.43234	1.43273	1.42968	1.42990	1343	0	72
2015.04.08	00:00:00	1.43038	1.44291	1.42854	1.43099	182082	0	95
2015.04.08	01:00:00	1.43097	1.43097	1.43000	1.43053	1577	0	121
2015.04.08	02:00:00	1.43056	1.43130	1.42983	1.43082	1467	0	119
2015.04.08	03:00:00	1.43106	1.43111	1.43005	1.43031	525	0	28
2015.04.08	04:00:00	1.43031	1.43143	1.43001	1.43105	800	0	86
2015.04.08	05:00:00	1.43100	1.43132	1.42950	1.42972	435	0	94
2015.04.08	06:00:00	1.42973	1.43063	1.42962	1.43016	574	0	85
2015.04.08	07:00:00	1.43017	1.43041	1.42825	1.42890	1257	0	87
2015.04.08	08:00:00	1.42893	1.42963	1.42850	1.42918	1204	0	94
2015.04.08	09:00:00	1.42915	1.43218	1.42896	1.43187	2013	0	73
2015.04.08	10:00:00	1.43185	1.43392	1.43107	1.43382	2986	0	86
2015.04.08	11:00:00	1.43382	1.43416	1.43230	1.43297	2575	0	81
2015.04.08	12:00:00	1.43293	1.43582	1.43274	1.43542	2575	0	89
2015.04.08	13:00:00	1.43543	1.43575	1.43407	1.43478	2734	0	90
2015.04.08	14:00:00	1.43478	1.43690	1.43431	1.43684	2282	0	86
2015.04.08	15:00:00	1.43683	1.43742	1.43570	1.43686	3371	0	89
2015.04.08	16:00:00	1.43682	1.43775	1.43586	1.43672	3456	0	81
2015.04.08	17:00:00	1.43672	1.44256	1.43664	1.44082	4334	0	83
2015.04.08	18:00:00	1.44085	1.44276	1.43745	1.43745	3545	0	81
2015.04.08	19:00:00	1.43742	1.43772	1.43644	1.43705	2010	0	80
2015.04.08	20:00:00	1.43705	1.43795	1.43592	1.43624	1060	0	71
2015.04.08	21:00:00	1.43654	1.43781	1.43425	1.43455	2696	0	95
2015.04.08	22:00:00	1.43455	1.43641	1.43455	1.43555	957	0	99
2015.04.08	23:00:00	1.43560	1.43707	1.43520	1.43616	695	0	64
2015.04.09	00:00:00	1.43683	1.44000	1.43372	1.43594	163537	0	102
2015.04.09	01:00:00	1.43612	1.43731	1.43607	1.43711	1247	0	117
2015.04.09	02:00:00	1.43711	1.43782	1.43676	1.43694	1216	0	120
2015.04.09	03:00:00	1.43745	1.43825	1.43696	1.43761	931	0	1
2015.04.09	04:00:00	1.43752	1.43839	1.43752	1.43807	768	0	110
2015.04.09	05:00:00	1.43812	1.43914	1.43802	1.43904	749	0	104
2015.04.09	06:00:00	1.43897	1.43956	1.43858	1.43936	821	0	96
2015.04.09	07:00:00	1.43936	1.43963	1.43840	1.43870	827	0	104
2015.04.09	08:00:00	1.43870	1.43961	1.43863	1.43899	1022	0	72
2015.04.09	09:00:00	1.43896	1.43981	1.43847	1.43878	2005	0	80
2015.04.09	10:00:00	1.43885	1.43911	1.43501	1.43582	3547	0	83
2015.04.09	11:00:00	1.43582	1.43635	1.43358	1.43525	3085	0	83
2015.04.09	12:00:00	1.43527	1.43881	1.43465	1.43756	2739	0	1
2015.04.09	13:00:00	1.43756	1.43882	1.43663	1.43767	2324	0	81
2015.04.09	14:00:00	1.43759	1.43927	1.43729	1.43781	2159	0	93
2015.04.09	15:00:00	1.43780	1.43807	1.43447	1.43592	3270	0	70
2015.04.09	16:00:00	1.43590	1.43784	1.43586	1.43685	3704	0	80
2015.04.09	17:00:00	1.43686	1.43971	1.43674	1.43699	4507	0	77
2015.04.09	18:00:00	1.43699	1.43925	1.43614	1.43688	3964	0	84
2015.04.09	19:00:00	1.43688	1.43821	1.43642	1.43821	2589	0	69
2015.04.09	20:00:00	1.43831	1.43854	1.43632	1.43722	1719	0	90
2015.04.09	21:00:00	1.43721	1.43794	1.43622	1.43772	1318	0	84
2015.04.09	22:00:00	1.43783	1.43827	1.43674	1.43783	1203	0	83
2015.04.09	23:00:00	1.43783	1.43865	1.43682	1.43780	1174	0	69
2015.04.10	00:00:00	1.43785	1.43820	1.43133	1.43664	147552	0	106
2015.04.10	01:00:00	1.43673	1.43731	1.43622	1.43622	1468	0	132
2015.04.10	02:00:00	1.43624	1.43728	1.43611	1.43725	1577	0	110
2015.04.10	03:00:00	1.43784	1.43791	1.43687	1.43731	601	0	25
2015.04.10	04:00:00	1.43722	1.43762	1.43589	1.43593	888	0	23
2015.04.10	05:00:00	1.43590	1.43611	1.43454	1.43562	738	0	87
2015.04.10	06:00:00	1.43568	1.43647	1.43519	1.43572	503	0	102
2015.04.10	07:00:00	1.43569	1.43588	1.43507	1.43529	472	0	96
2015.04.10	08:00:00	1.43531	1.43682	1.43524	1.43594	623	0	84
2015.04.10	09:00:00	1.43594	1.43674	1.43389	1.43549	2096	0	79
2015.04.10	10:00:00	1.43550	1.43726	1.43414	1.43610	3284	0	80
2015.04.10	11:00:00	1.43612	1.43728	1.43111	1.43245	2945	0	79
2015.04.10	12:00:00	1.43240	1.43553	1.43195	1.43501	2465	0	81
2015.04.10	13:00:00	1.43505	1.43669	1.43415	1.43638	2021	0	71
2015.04.10	14:00:00	1.43637	1.43662	1.43279	1.43545	2517	0	74
2015.04.10	15:00:00	1.43538	1.43557	1.43186	1.43423	2881	0	87
2015.04.10	16:00:00	1.43428	1.43560	1.43309	1.43424	2726	0	83
2015.04.10	17:00:00	1.43425	1.43580	1.43308	1.43493	3113	0	82
2015.04.10	18:00:00	1.43508	1.43614	1.43320	1.43595	2743	0	69
2015.04.10	19:00:00	1.43600	1.43605	1.43359	1.43486	1552	0	76
2015.04.10	20:00:00	1.43493	1.43567	1.43345	1.43438	1072	0	93
2015.04.10	21:00:00	1.43444	1.43483	1.43211	1.43247	689	0	90
2015.04.10	22:00:00	1.43252	1.43331	1.43178	1.43264	720	0	91
2015.04.10	23:00:00	1.43260	1.43360	1.43149	1.43222	1198	0	107
2015.04.13	00:00:00	1.43363	1.44030	1.42726	1.43191	158242	0	150
2015.04.13	01:00:00	1.43226	1.43342	1.43226	1.43313	427	0	123
2015.04.13	02:00:00	1.43311	1.43319	1.43251	1.43283	520	0	104
2015.04.13	03:00:00	1.43344	1.43365	1.43138	1.43224	1115	0	29
2015.04.13	04:00:00	1.43225	1.43237	1.43152	1.43209	622	0	95
2015.04.13	05:00:00	1.43204	1.43305	1.43117	1.43133	1238	0	84
2015.04.13	06:00:00	1.43134	1.43145	1.43071	1.43127	559	0	90
2015.04.13	07:00:00	1.43126	1.43160	1.43058	1.43106	655	0	81
2015.04.13	08:00:00	1.43106	1.43144	1.42825	1.42890	1395	0	94
2015.04.13	09:00:00	1.42890	1.42917	1.42712	1.42870	2611	0	74
2015.04.13	10:00:00	1.42859	1.43509	1.42807	1.43481	3493	0	88
2015.04.13	11:00:00	1.43481	1.43546	1.43236	1.43515	3474	0	90
2015.04.13	12:00:00	1.43515	1.43823	1.43474	1.43649	3359	0	85
2015.04.13	13:00:00	1.43650	1.44025	1.43639	1.43903	3038	0	80
2015.04.13	14:00:00	1.43904	1.43970	1.43611	1.43664	2695	0	83
2015.04.13	15:00:00	1.43668	1.43905	1.43571	1.43762	3867	0	86
2015.04.13	16:00:00	1.43755	1.43791	1.43370	1.43448	4467	0	78
2015.04.13	17:00:00	1.43436	1.43436	1.43158	1.43229	3746	0	88
2015.04.13	18:00:00	1.43231	1.43469	1.43119	1.43272	3372	0	17
2015.04.13	19:00:00	1.43275	1.43380	1.43139	1.43139	2614	0	80
2015.04.13	20:00:00	1.43129	1.43387	1.43114	1.43387	1328	0	75
2015.04.13	21:00:00	1.43391	1.43488	1.43329	1.43430	984	0	94
2015.04.13	22:00:00	1.43435	1.43449	1.43281	1.43316	731	0	94
2015.04.13	23:00:00	1.43316	1.43485	1.43286	1.43455	984	0	59
2015.04.14	00:00:00	1.43468	1.43805	1.42811	1.43382	207671	0	112
2015.04.14	01:00:00	1.43379	1.43479	1.43334	1.43350	1358	0	130
2015.04.14	02:00:00	1.43350	1.43367	1.43216	1.43314	1896	0	118
2015.04.14	03:00:00	1.43398	1.43439	1.43267	1.43355	1651	0	1
2015.04.14	04:00:00	1.43352	1.43463	1.43274	1.43300	890	0	104
2015.04.14	05:00:00	1.43302	1.43317	1.43175	1.43269	1177	0	94
2015.04.14	06:00:00	1.43269	1.43327	1.43194	1.43270	646	0	84
2015.04.14	07:00:00	1.43266	1.43383	1.43224	1.43291	1118	0	89
2015.04.14	08:00:00	1.43287	1.43470	1.43278	1.43453	1285	0	89
2015.04.14	09:00:00	1.43453	1.43539	1.43329	1.43539	2448	0	77
2015.04.14	10:00:00	1.43544	1.43573	1.42940	1.43007	3510	0	80
2015.04.14	11:00:00	1.43006	1.43179	1.42771	1.42868	3866	0	79
2015.04.14	12:00:00	1.42871	1.43132	1.42840	1.43085	3241	0	75
2015.04.14	13:00:00	1.43089	1.43237	1.43018	1.43097	2682	0	89
2015.04.14	14:00:00	1.43090	1.43446	1.43071	1.43405	2678	0	89
2015.04.14	15:00:00	1.43409	1.43716	1.43126	1.43517	4680	0	80
2015.04.14	16:00:00	1.43505	1.43627	1.43344	1.43509	5106	0	75
2015.04.14	17:00:00	1.43505	1.43635	1.43093	1.43254	4992	0	84
2015.04.14	18:00:00	1.43259	1.43611	1.43187	1.43599	3653	0	89
2015.04.14	19:00:00	1.43603	1.43695	1.43542	1.43622	1798	0	89
2015.04.14	20:00:00	1.43628	1.43780	1.43596	1.43726	1261	0	84
2015.04.14	21:00:00	1.43720	1.43791	1.43680	1.43769	1714	0	87
2015.04.14	22:00:00	1.43769	1.43770	1.43612	1.43683	875	0	88
2015.04.14	23:00:00	1.43688	1.43726	1.43604	1.43650	1417	0	66
2015.04.15	00:00:00	1.43698	1.44126	1.42963	1.43627	224626	0	59
2015.04.15	01:00:00	1.43628	1.43666	1.43593	1.43615	1573	0	135
2015.04.15	02:00:00	1.43616	1.43669	1.43615	1.43649	1388	0	120
2015.04.15	03:00:00	1.43672	1.43741	1.43629	1.43654	931	0	97
2015.04.15	04:00:00	1.43658	1.43706	1.43623	1.43655	568	0	106
2015.04.15	05:00:00	1.43654	1.43751	1.43623	1.43742	928	0	97
2015.04.15	06:00:00	1.43743	1.43792	1.43700	1.43778	714	0	93
2015.04.15	07:00:00	1.43779	1.43822	1.43614	1.43658	666	0	104
2015.04.15	08:00:00	1.43665	1.43714	1.43566	1.43683	950	0	86
2015.04.15	09:00:00	1.43684	1.43771	1.43503	1.43573	2022	0	85
2015.04.15	10:00:00	1.43583	1.43761	1.43370	1.43516	3285	0	80
2015.04.15	11:00:00	1.43509	1.43581	1.43332	1.43516	3963	0	69
2015.04.15	12:00:00	1.43541	1.43627	1.43382	1.43428	3482	0	79
2015.04.15	13:00:00	1.43436	1.43791	1.43349	1.43791	3082	0	88
2015.04.15	14:00:00	1.43784	1.43967	1.43646	1.43852	2753	0	1
2015.04.15	15:00:00	1.43853	1.44167	1.43818	1.43945	4382	0	1
2015.04.15	16:00:00	1.43945	1.44063	1.43462	1.43557	5224	0	1
2015.04.15	17:00:00	1.43527	1.43738	1.43455	1.43656	4355	0	1
2015.04.15	18:00:00	1.43657	1.43882	1.43539	1.43706	3503	0	1
2015.04.15	19:00:00	1.43706	1.43734	1.43535	1.43647	1854	0	1
2015.04.15	20:00:00	1.43645	1.43702	1.42984	1.43181	4017	0	1
2015.04.15	21:00:00	1.43172	1.43269	1.43044	1.43123	2179	0	1
2015.04.15	22:00:00	1.43128	1.43325	1.43093	1.43224	1871	0	1
2015.04.15	23:00:00	1.43225	1.43331	1.43125	1.43138	1422	0	4
2015.04.16	00:00:00	1.43125	1.43986	1.42642	1.43123	247356	0	33
2015.04.16	01:00:00	1.43094	1.43174	1.43025	1.43092	2694	0	42
2015.04.16	02:00:00	1.43094	1.43103	1.42970	1.43092	1678	0	22
2015.04.16	03:00:00	1.43092	1.43095	1.42834	1.42950	4687	0	21
2015.04.16	04:00:00	1.42948	1.42965	1.42836	1.42895	3594	0	11
2015.04.16	05:00:00	1.42895	1.43006	1.42871	1.43006	2520	0	22
2015.04.16	06:00:00	1.43007	1.43024	1.42926	1.42953	2342	0	23
2015.04.16	07:00:00	1.42956	1.43029	1.42893	1.43022	2652	0	25
2015.04.16	08:00:00	1.43021	1.43131	1.43003	1.43036	3087	0	18
2015.04.16	09:00:00	1.43036	1.43193	1.42984	1.43186	5400	0	17
2015.04.16	10:00:00	1.43186	1.43529	1.43060	1.43291	6638	0	10
2015.04.16	11:00:00	1.43291	1.44010	1.43283	1.43866	5953	0	1
2015.04.16	12:00:00	1.43865	1.43983	1.43451	1.43530	6196	0	8
2015.04.16	13:00:00	1.43531	1.43957	1.43487	1.43684	6744	0	10
2015.04.16	14:00:00	1.43683	1.43862	1.43436	1.43582	6389	0	12
2015.04.16	15:00:00	1.43583	1.43699	1.43381	1.43480	7471	0	9
2015.04.16	16:00:00	1.43480	1.43649	1.43408	1.43456	6580	0	9
2015.04.16	17:00:00	1.43456	1.43646	1.43147	1.43166	7601	0	9
2015.04.16	18:00:00	1.43162	1.43218	1.42858	1.43033	6001	0	13
2015.04.16	19:00:00	1.43029	1.43099	1.42976	1.43044	3954	0	14
2015.04.16	20:00:00	1.43045	1.43069	1.42664	1.42722	4893	0	17
2015.04.16	21:00:00	1.42713	1.42934	1.42703	1.42786	5453	0	12
2015.04.16	22:00:00	1.42786	1.42934	1.42783	1.42852	4429	0	13
2015.04.16	23:00:00	1.42848	1.42855	1.42726	1.42741	2873	0	19
2015.04.17	00:00:00	1.42750	1.43388	1.42217	1.42751	228086	0	46
2015.04.17	01:00:00	1.42748	1.42800	1.42705	1.42732	2097	0	47
2015.04.17	02:00:00	1.42733	1.42799	1.42710	1.42768	1643	0	32
2015.04.17	03:00:00	1.42771	1.42792	1.42639	1.42709	2492	0	25
2015.04.17	04:00:00	1.42710	1.42839	1.42697	1.42813	2540	0	25
2015.04.17	05:00:00	1.42814	1.42826	1.42752	1.42781	1687	0	26
2015.04.17	06:00:00	1.42782	1.42820	1.42719	1.42799	1848	0	26
2015.04.17	07:00:00	1.42798	1.42839	1.42744	1.42834	1739	0	24
2015.04.17	08:00:00	1.42835	1.42931	1.42818	1.42928	2023	0	21
2015.04.17	09:00:00	1.42927	1.43049	1.42845	1.42975	5732	0	5
2015.04.17	10:00:00	1.42972	1.43261	1.42835	1.42911	6952	0	6
2015.04.17	11:00:00	1.42912	1.43230	1.42798	1.43230	6419	0	1
2015.04.17	12:00:00	1.43232	1.43407	1.43176	1.43306	5689	0	1
2015.04.17	13:00:00	1.43299	1.43338	1.42747	1.42947	6247	0	1
2015.04.17	14:00:00	1.42948	1.43048	1.42836	1.42979	5702	0	7
2015.04.17	15:00:00	1.42978	1.43195	1.42813	1.43108	7532	0	2
2015.04.17	16:00:00	1.43109	1.43202	1.42882	1.42903	7343	0	6
2015.04.17	17:00:00	1.42904	1.43072	1.42624	1.42672	4420	0	1
2015.04.17	18:00:00	1.42674	1.42715	1.42277	1.42385	4208	0	1
2015.04.17	19:00:00	1.42385	1.42469	1.42273	1.42399	2032	0	1
2015.04.17	20:00:00	1.42394	1.42578	1.42275	1.42557	1477	0	1
2015.04.17	21:00:00	1.42560	1.42685	1.42469	1.42646	1130	0	1
2015.04.17	22:00:00	1.42651	1.42659	1.42334	1.42340	1177	0	1
2015.04.17	23:00:00	1.42334	1.42486	1.42130	1.42276	1054	0	19
2015.04.20	00:00:00	1.42275	1.43318	1.41939	1.42265	193322	0	65
2015.04.20	01:00:00	1.42272	1.42447	1.42251	1.42418	1685	0	48
2015.04.20	02:00:00	1.42419	1.42532	1.42357	1.42371	3028	0	35
2015.04.20	03:00:00	1.42373	1.42492	1.42349	1.42463	3209	0	24
2015.04.20	04:00:00	1.42461	1.42605	1.42450	1.42565	2934	0	25
2015.04.20	05:00:00	1.42566	1.42637	1.42490	1.42593	3074	0	17
2015.04.20	06:00:00	1.42589	1.42624	1.42537	1.42615	2352	0	18
2015.04.20	07:00:00	1.42617	1.42654	1.42520	1.42617	2716	0	17
2015.04.20	08:00:00	1.42617	1.42695	1.42567	1.42583	3278	0	20
2015.04.20	09:00:00	1.42585	1.42657	1.42011	1.42072	3693	0	1
2015.04.20	10:00:00	1.42069	1.42302	1.41971	1.42156	3778	0	1
2015.04.20	11:00:00	1.42156	1.42668	1.42149	1.42648	3400	0	1
2015.04.20	12:00:00	1.42648	1.42875	1.42387	1.42828	3621	0	1
2015.04.20	13:00:00	1.42821	1.43340	1.42821	1.43132	3029	0	1
2015.04.20	14:00:00	1.43130	1.43182	1.42971	1.42999	2975	0	1
2015.04.20	15:00:00	1.42995	1.43009	1.42372	1.42503	3711	0	1
2015.04.20	16:00:00	1.42505	1.42548	1.42056	1.42056	3253	0	1
2015.04.20	17:00:00	1.42056	1.42354	1.41968	1.42354	4127	0	1
2015.04.20	18:00:00	1.42350	1.42521	1.42253	1.42339	3208	0	1
2015.04.20	19:00:00	1.42331	1.42411	1.42167	1.42319	1606	0	1
2015.04.20	20:00:00	1.42319	1.42467	1.42299	1.42437	1523	0	1
2015.04.20	21:00:00	1.42437	1.42591	1.42437	1.42540	998	0	1
2015.04.20	22:00:00	1.42534	1.42604	1.42488	1.42528	532	0	1
2015.04.20	23:00:00	1.42526	1.42573	1.42456	1.42512	1461	0	3
2015.04.21	00:00:00	1.42500	1.43112	1.42236	1.42464	171378	0	31
2015.04.21	01:00:00	1.42463	1.42518	1.42412	1.42430	1612	0	33
2015.04.21	02:00:00	1.42431	1.42533	1.42388	1.42438	1805	0	17
2015.04.21	03:00:00	1.42437	1.42497	1.42337	1.42438	2519	0	13
2015.04.21	04:00:00	1.42439	1.42537	1.42419	1.42475	2562	0	19
2015.04.21	05:00:00	1.42471	1.42512	1.42406	1.42453	2066	0	18
2015.04.21	06:00:00	1.42453	1.42486	1.42419	1.42465	1566	0	23
2015.04.21	07:00:00	1.42464	1.42490	1.42407	1.42457	1427	0	21
2015.04.21	08:00:00	1.42456	1.42558	1.42421	1.42553	2203	0	15
2015.04.21	09:00:00	1.42554	1.42650	1.42403	1.42516	3755	0	2
2015.04.21	10:00:00	1.42516	1.42843	1.42502	1.42766	4925	0	1
2015.04.21	11:00:00	1.42761	1.42963	1.42644	1.42861	4820	0	5
2015.04.21	12:00:00	1.42863	1.43132	1.42726	1.42876	4486	0	2
2015.04.21	13:00:00	1.42869	1.42889	1.42578	1.42684	3251	0	4
2015.04.21	14:00:00	1.42685	1.42735	1.42424	1.42589	3344	0	5
2015.04.21	15:00:00	1.42589	1.42735	1.42553	1.42640	3777	0	10
2015.04.21	16:00:00	1.42644	1.42811	1.42595	1.42787	5189	0	13
2015.04.21	17:00:00	1.42788	1.42937	1.42393	1.42513	6209	0	1
2015.04.21	18:00:00	1.42515	1.42539	1.42291	1.42386	5651	0	7
2015.04.21	19:00:00	1.42386	1.42606	1.42251	1.42523	3959	0	11
2015.04.21	20:00:00	1.42523	1.42557	1.42404	1.42477	1646	0	13
2015.04.21	21:00:00	1.42482	1.42598	1.42421	1.42535	1568	0	7
2015.04.21	22:00:00	1.42535	1.42581	1.42478	1.42515	716	0	21
2015.04.21	23:00:00	1.42514	1.42613	1.42502	1.42522	1735	0	9
2015.04.22	00:00:00	1.42516	1.46063	1.42324	1.42579	209758	0	46
2015.04.22	01:00:00	1.42575	1.42650	1.42520	1.42598	405	0	38
2015.04.22	02:00:00	1.42597	1.42619	1.42536	1.42568	652	0	28
2015.04.22	03:00:00	1.42569	1.42624	1.42544	1.42597	1482	0	14
2015.04.22	04:00:00	1.42598	1.42647	1.42489	1.42601	2041	0	6
2015.04.22	05:00:00	1.42601	1.42674	1.42543	1.42655	1524	0	11
2015.04.22	06:00:00	1.42660	1.42660	1.42577	1.42630	742	0	23
2015.04.22	07:00:00	1.42632	1.42655	1.42567	1.42580	1095	0	21
2015.04.22	08:00:00	1.42583	1.42656	1.42538	1.42613	1917	0	2
2015.04.22	09:00:00	1.42613	1.42687	1.42348	1.42360	4266	0	8
2015.04.22	10:00:00	1.42355	1.42845	1.42340	1.42737	5675	0	6
2015.04.22	11:00:00	1.42736	1.42766	1.42323	1.42634	7074	0	12
2015.04.22	12:00:00	1.42697	1.43090	1.42633	1.43029	5930	0	2
2015.04.22	13:00:00	1.43027	1.43602	1.42992	1.43502	4767	0	3
2015.04.22	14:00:00	1.43515	1.44133	1.43481	1.44124	5199	0	3
2015.04.22	15:00:00	1.44119	1.45427	1.44110	1.45001	7086	0	1
2015.04.22	16:00:00	1.45001	1.45119	1.44684	1.44712	5664	0	1
2015.04.22	17:00:00	1.44697	1.45204	1.44662	1.45196	6814	0	2
2015.04.22	18:00:00	1.45197	1.45611	1.45141	1.45183	5088	0	2
2015.04.22	19:00:00	1.45181	1.45392	1.45161	1.45310	3118	0	16
2015.04.22	20:00:00	1.45310	1.45630	1.45296	1.45626	1768	0	1
2015.04.22	21:00:00	1.45623	1.45901	1.45573	1.45883	1681	0	11
2015.04.22	22:00:00	1.45878	1.46024	1.45744	1.45879	1252	0	6
2015.04.22	23:00:00	1.45883	1.46069	1.45867	1.46061	1730	0	14
2015.04.23	00:00:00	1.46035	1.46061	1.43534	1.45890	205861	0	30
2015.04.23	01:00:00	1.45904	1.45952	1.45710	1.45826	672	0	39
2015.04.23	02:00:00	1.45815	1.45842	1.45686	1.45797	558	0	13
2015.04.23	03:00:00	1.45792	1.45996	1.45707	1.45967	1820	0	11
2015.04.23	04:00:00	1.45974	1.45998	1.45825	1.45844	1696	0	2
2015.04.23	05:00:00	1.45849	1.45897	1.45761	1.45777	1093	0	1
2015.04.23	06:00:00	1.45779	1.45849	1.45705	1.45705	1219	0	3
2015.04.23	07:00:00	1.45706	1.45860	1.45697	1.45816	1120	0	1
2015.04.23	08:00:00	1.45821	1.45835	1.45676	1.45698	2013	0	2
2015.04.23	09:00:00	1.45708	1.45768	1.45219	1.45284	4336	0	8
2015.04.23	10:00:00	1.45274	1.45414	1.45058	1.45334	5951	0	3
2015.04.23	11:00:00	1.45348	1.45382	1.44677	1.44973	5659	0	2
2015.04.23	12:00:00	1.44972	1.45100	1.44527	1.44553	4910	0	8
2015.04.23	13:00:00	1.44554	1.44820	1.44475	1.44802	4292	0	1
2015.04.23	14:00:00	1.44801	1.45051	1.44726	1.44906	4223	0	1
2015.04.23	15:00:00	1.44907	1.44922	1.44545	1.44559	4872	0	3
2015.04.23	16:00:00	1.44560	1.44650	1.44352	1.44352	5065	0	7
2015.04.23	17:00:00	1.44336	1.44707	1.43701	1.43791	7407	0	9
2015.04.23	18:00:00	1.43756	1.43872	1.43582	1.43704	5846	0	2
2015.04.23	19:00:00	1.43696	1.43855	1.43594	1.43615	2783	0	13
2015.04.23	20:00:00	1.43614	1.43723	1.43552	1.43647	1910	0	1
2015.04.23	21:00:00	1.43653	1.43739	1.43587	1.43723	1473	0	16
2015.04.23	22:00:00	1.43725	1.43772	1.43623	1.43666	992	0	21
2015.04.23	23:00:00	1.43666	1.43784	1.43636	1.43743	1308	0	23
2015.04.24	00:00:00	1.43680	1.44973	1.43591	1.43666	212638	0	46
2015.04.24	01:00:00	1.43662	1.43844	1.43657	1.43830	375	0	32
2015.04.24	02:00:00	1.43829	1.43874	1.43715	1.43857	699	0	23
2015.04.24	03:00:00	1.43843	1.43856	1.43694	1.43701	1478	0	9
2015.04.24	04:00:00	1.43695	1.43795	1.43617	1.43722	1338	0	21
2015.04.24	05:00:00	1.43722	1.43857	1.43713	1.43810	1157	0	13
2015.04.24	06:00:00	1.43810	1.43900	1.43708	1.43837	1289	0	8
2015.04.24	07:00:00	1.43834	1.43951	1.43819	1.43899	832	0	13
2015.04.24	08:00:00	1.43894	1.44004	1.43857	1.43969	1088	0	4
2015.04.24	09:00:00	1.43986	1.44158	1.43610	1.44134	4995	0	2
2015.04.24	10:00:00	1.44129	1.44297	1.43997	1.44237	5929	0	5
2015.04.24	11:00:00	1.44238	1.44312	1.43904	1.44254	5889	0	3
2015.04.24	12:00:00	1.44250	1.44342	1.44003	1.44255	4228	0	7
2015.04.24	13:00:00	1.44254	1.44430	1.44161	1.44347	5155	0	2
2015.04.24	14:00:00	1.44342	1.44460	1.44218	1.44279	3620	0	6
2015.04.24	15:00:00	1.44279	1.44683	1.44224	1.44599	5040	0	12
2015.04.24	16:00:00	1.44594	1.44651	1.44255	1.44409	5943	0	4
2015.04.24	17:00:00	1.44409	1.44575	1.44294	1.44523	5210	0	10
2015.04.24	18:00:00	1.44518	1.44768	1.44432	1.44637	4037	0	6
2015.04.24	19:00:00	1.44637	1.44898	1.44637	1.44889	1931	0	16
2015.04.24	20:00:00	1.44894	1.44929	1.44710	1.44710	1312	0	7
2015.04.24	21:00:00	1.44715	1.44795	1.44642	1.44738	1066	0	22
2015.04.24	22:00:00	1.44738	1.44765	1.44630	1.44753	776	0	28
2015.04.24	23:00:00	1.44753	1.44987	1.44612	1.44780	1147	0	36
2015.04.27	00:00:00	1.44912	1.45629	1.44481	1.44778	188239	0	34
2015.04.27	01:00:00	1.44811	1.44811	1.44668	1.44744	751	0	41
2015.04.27	02:00:00	1.44746	1.44788	1.44653	1.44690	638	0	31
2015.04.27	03:00:00	1.44686	1.44787	1.44646	1.44748	903	0	28
2015.04.27	04:00:00	1.44745	1.44788	1.44637	1.44726	993	0	28
2015.04.27	05:00:00	1.44728	1.44873	1.44718	1.44842	738	0	14
2015.04.27	06:00:00	1.44839	1.44917	1.44804	1.44836	929	0	1
2015.04.27	07:00:00	1.44836	1.44996	1.44830	1.44940	669	0	1
2015.04.27	08:00:00	1.44937	1.44940	1.44638	1.44694	1381	0	1
2015.04.27	09:00:00	1.44694	1.45006	1.44642	1.44899	3469	0	1
2015.04.27	10:00:00	1.44899	1.45184	1.44749	1.44811	3197	0	9
2015.04.27	11:00:00	1.44807	1.44871	1.44727	1.44783	3721	0	2
2015.04.27	12:00:00	1.44780	1.44786	1.44614	1.44614	3908	0	13
2015.04.27	13:00:00	1.44618	1.44795	1.44570	1.44570	3951	0	10
2015.04.27	14:00:00	1.44570	1.44767	1.44504	1.44704	3319	0	14
2015.04.27	15:00:00	1.44704	1.44863	1.44632	1.44823	4131	0	7
2015.04.27	16:00:00	1.44824	1.44983	1.44710	1.44891	6262	0	3
2015.04.27	17:00:00	1.44889	1.45098	1.44804	1.44935	7576	0	4
2015.04.27	18:00:00	1.44935	1.45291	1.44621	1.45238	9376	0	1
2015.04.27	19:00:00	1.45238	1.45279	1.44996	1.45081	5035	0	2
2015.04.27	20:00:00	1.45083	1.45608	1.45014	1.45553	4009	0	1
2015.04.27	21:00:00	1.45553	1.45635	1.45434	1.45515	2677	0	1
2015.04.27	22:00:00	1.45519	1.45608	1.45483	1.45593	1724	0	1
2015.04.27	23:00:00	1.45593	1.45654	1.45438	1.45461	2671	0	7
2015.04.28	00:00:00	1.45513	1.46637	1.45128	1.45454	201892	0	56
2015.04.28	01:00:00	1.45474	1.45569	1.45377	1.45446	2380	0	1
2015.04.28	02:00:00	1.45446	1.45491	1.45379	1.45395	2315	0	28
2015.04.28	03:00:00	1.45398	1.45521	1.45382	1.45447	1921	0	11
2015.04.28	04:00:00	1.45447	1.45447	1.45332	1.45396	1607	0	7
2015.04.28	05:00:00	1.45419	1.45467	1.45379	1.45418	1823	0	3
2015.04.28	06:00:00	1.45424	1.45425	1.45322	1.45349	1677	0	14
2015.04.28	07:00:00	1.45349	1.45485	1.45333	1.45485	1896	0	17
2015.04.28	08:00:00	1.45480	1.45493	1.45358	1.45422	1911	0	18
2015.04.28	09:00:00	1.45422	1.45674	1.45368	1.45626	4777	0	4
2015.04.28	10:00:00	1.45625	1.45742	1.45521	1.45735	7483	0	1
2015.04.28	11:00:00	1.45733	1.45825	1.45151	1.45436	8243	0	1
2015.04.28	12:00:00	1.45436	1.46123	1.45383	1.46060	7665	0	2
2015.04.28	13:00:00	1.46050	1.46606	1.45978	1.46106	7580	0	5
2015.04.28	14:00:00	1.46108	1.46462	1.45993	1.46234	5876	0	2
2015.04.28	15:00:00	1.46234	1.46481	1.46223	1.46393	6743	0	4
2015.04.28	16:00:00	1.46394	1.46651	1.46367	1.46379	8176	0	2
2015.04.28	17:00:00	1.46343	1.46419	1.45658	1.45674	10759	0	1
2015.04.28	18:00:00	1.45676	1.46271	1.45618	1.46193	8102	0	1
2015.04.28	19:00:00	1.46193	1.46315	1.46139	1.46251	3993	0	1
2015.04.28	20:00:00	1.46246	1.46327	1.46152	1.46196	3727	0	12
2015.04.28	21:00:00	1.46199	1.46351	1.46139	1.46345	2594	0	6
2015.04.28	22:00:00	1.46351	1.46594	1.46307	1.46537	2540	0	1
2015.04.28	23:00:00	1.46537	1.46654	1.46480	1.46617	2084	0	1
2015.04.29	00:00:00	1.46504	1.47076	1.44653	1.46467	301930	0	5
2015.04.29	01:00:00	1.46473	1.46632	1.46454	1.46560	1840	0	37
2015.04.29	02:00:00	1.46556	1.46634	1.46531	1.46568	1559	0	28
2015.04.29	03:00:00	1.46568	1.46626	1.46458	1.46522	1923	0	15
2015.04.29	04:00:00	1.46523	1.46644	1.46491	1.46571	2123	0	15
2015.04.29	05:00:00	1.46575	1.46672	1.46559	1.46670	1575	0	2
2015.04.29	06:00:00	1.46671	1.46693	1.46640	1.46652	1915	0	1
2015.04.29	07:00:00	1.46652	1.46732	1.46603	1.46704	1020	0	16
2015.04.29	08:00:00	1.46704	1.46835	1.46674	1.46701	1791	0	1
2015.04.29	09:00:00	1.46705	1.47006	1.46648	1.46935	4833	0	2
2015.04.29	10:00:00	1.46940	1.47099	1.46763	1.46858	7775	0	1
2015.04.29	11:00:00	1.46863	1.47001	1.46730	1.46778	7751	0	7
2015.04.29	12:00:00	1.46779	1.46918	1.46527	1.46589	7049	0	1
2015.04.29	13:00:00	1.46589	1.46757	1.46530	1.46728	6108	0	1
2015.04.29	14:00:00	1.46729	1.46763	1.46227	1.46394	5303	0	3
2015.04.29	15:00:00	1.46394	1.46640	1.45746	1.46389	8490	0	1
2015.04.29	16:00:00	1.46384	1.46531	1.45512	1.45523	9834	0	6
2015.04.29	17:00:00	1.45533	1.45678	1.44927	1.44935	11423	0	1
2015.04.29	18:00:00	1.44934	1.45117	1.44682	1.44863	9540	0	1
2015.04.29	19:00:00	1.44871	1.45051	1.44698	1.44988	6066	0	2
2015.04.29	20:00:00	1.44983	1.45036	1.44760	1.44792	5055	0	10
2015.04.29	21:00:00	1.44792	1.45191	1.44648	1.44942	7215	0	2
2015.04.29	22:00:00	1.44947	1.45169	1.44928	1.45044	4397	0	5
2015.04.29	23:00:00	1.45040	1.45070	1.44960	1.44983	2231	0	16
2015.04.30	00:00:00	1.44985	1.45280	1.42933	1.45083	296347	0	56
2015.04.30	01:00:00	1.45079	1.45079	1.44989	1.44999	2139	0	38
2015.04.30	02:00:00	1.45001	1.45051	1.44969	1.45043	967	0	9
2015.04.30	03:00:00	1.45042	1.45087	1.44972	1.44973	1859	0	5
2015.04.30	04:00:00	1.44979	1.45099	1.44973	1.45066	1907	0	7
2015.04.30	05:00:00	1.45071	1.45085	1.44996	1.45027	2108	0	5
2015.04.30	06:00:00	1.45019	1.45052	1.44971	1.45000	1238	0	1
2015.04.30	07:00:00	1.44999	1.45033	1.44888	1.44931	2682	0	1
2015.04.30	08:00:00	1.44931	1.45061	1.44893	1.45024	2439	0	1
2015.04.30	09:00:00	1.45006	1.45233	1.44944	1.45200	6732	0	1
2015.04.30	10:00:00	1.45200	1.45263	1.44409	1.44453	10408	0	1
2015.04.30	11:00:00	1.44453	1.44827	1.44335	1.44645	10393	0	1
2015.04.30	12:00:00	1.44650	1.45311	1.44645	1.45028	8495	0	1
2015.04.30	13:00:00	1.45023	1.45065	1.44280	1.44358	7513	0	1
2015.04.30	14:00:00	1.44363	1.44498	1.44225	1.44241	6629	0	2
2015.04.30	15:00:00	1.44251	1.44513	1.44154	1.44370	11741	0	2
2015.04.30	16:00:00	1.44370	1.45008	1.44343	1.44616	13100	0	1
2015.04.30	17:00:00	1.44610	1.44622	1.43866	1.43995	12054	0	3
2015.04.30	18:00:00	1.43995	1.44392	1.43861	1.44221	12155	0	4
2015.04.30	19:00:00	1.44218	1.44277	1.43790	1.43850	5528	0	3
2015.04.30	20:00:00	1.43846	1.43928	1.43760	1.43781	2225	0	9
2015.04.30	21:00:00	1.43781	1.43822	1.42956	1.43003	3608	0	1
2015.04.30	22:00:00	1.43016	1.43321	1.42948	1.43208	3671	0	1
2015.04.30	23:00:00	1.43204	1.43341	1.43108	1.43169	1827	0	13
2015.05.01	00:00:00	1.43096	1.43567	1.41063	1.43204	195505	0	37
2015.05.01	01:00:00	1.43176	1.43294	1.43176	1.43244	3499	0	42
2015.05.01	02:00:00	1.43244	1.43339	1.43209	1.43334	1672	0	19
2015.05.01	03:00:00	1.43323	1.43412	1.43306	1.43308	2746	0	28
2015.05.01	04:00:00	1.43308	1.43363	1.43259	1.43279	2104	0	30
2015.05.01	05:00:00	1.43279	1.43324	1.43231	1.43311	1815	0	25
2015.05.01	06:00:00	1.43311	1.43327	1.43260	1.43267	1238	0	18
2015.05.01	07:00:00	1.43267	1.43310	1.43202	1.43219	1488	0	28
2015.05.01	08:00:00	1.43220	1.43256	1.43166	1.43200	2453	0	27
2015.05.01	09:00:00	1.43202	1.43281	1.42789	1.43043	4903	0	18
2015.05.01	10:00:00	1.43045	1.43589	1.42906	1.43479	5855	0	15
2015.05.01	11:00:00	1.43484	1.43499	1.42404	1.42439	5954	0	1
2015.05.01	12:00:00	1.42432	1.42552	1.42345	1.42483	5655	0	5
2015.05.01	13:00:00	1.42492	1.42563	1.41922	1.41973	3793	0	1
2015.05.01	14:00:00	1.41982	1.42095	1.41791	1.41918	3705	0	1
2015.05.01	15:00:00	1.41918	1.41957	1.41608	1.41745	6494	0	12
2015.05.01	16:00:00	1.41743	1.41910	1.41077	1.41125	6901	0	2
2015.05.01	17:00:00	1.41125	1.41690	1.41095	1.41379	10317	0	1
2015.05.01	18:00:00	1.41379	1.41524	1.41116	1.41379	6327	0	10
2015.05.01	19:00:00	1.41373	1.41462	1.41187	1.41318	2690	0	5
2015.05.01	20:00:00	1.41324	1.41510	1.41286	1.41484	1685	0	11
2015.05.01	21:00:00	1.41484	1.41533	1.41240	1.41356	2925	0	13
2015.05.01	22:00:00	1.41354	1.41394	1.41209	1.41275	2856	0	13
2015.05.01	23:00:00	1.41280	1.41357	1.41189	1.41243	2767	0	28
2015.05.04	00:00:00	1.41407	1.42064	1.40895	1.41301	183029	0	62
2015.05.04	01:00:00	1.41318	1.41459	1.41242	1.41425	2286	0	33
2015.05.04	02:00:00	1.41418	1.41468	1.41327	1.41416	1157	0	36
2015.05.04	03:00:00	1.41418	1.41453	1.41347	1.41380	737	0	34
2015.05.04	04:00:00	1.41370	1.41523	1.41362	1.41408	703	0	29
2015.05.04	05:00:00	1.41404	1.41481	1.41379	1.41447	1343	0	24
2015.05.04	06:00:00	1.41447	1.41535	1.41433	1.41526	1665	0	23
2015.05.04	07:00:00	1.41526	1.41531	1.41455	1.41476	1663	0	24
2015.05.04	08:00:00	1.41473	1.41478	1.41374	1.41400	1961	0	23
2015.05.04	09:00:00	1.41402	1.41797	1.41402	1.41756	5305	0	13
2015.05.04	10:00:00	1.41762	1.42020	1.41702	1.41942	7500	0	1
2015.05.04	11:00:00	1.41937	1.42090	1.41794	1.41961	6642	0	4
2015.05.04	12:00:00	1.41961	1.41973	1.41612	1.41646	5639	0	3
2015.05.04	13:00:00	1.41644	1.41701	1.41282	1.41284	5391	0	6
2015.05.04	14:00:00	1.41283	1.41452	1.41219	1.41227	6078	0	1
2015.05.04	15:00:00	1.41230	1.41389	1.41155	1.41173	8103	0	5
2015.05.04	16:00:00	1.41170	1.41233	1.40925	1.40939	5311	0	1
2015.05.04	17:00:00	1.40923	1.41393	1.40902	1.41193	686	0	19
2015.05.04	18:00:00	1.41187	1.41509	1.41152	1.41427	644	0	21
2015.05.04	19:00:00	1.41436	1.41479	1.41277	1.41418	566	0	10
2015.05.04	20:00:00	1.41438	1.41442	1.41165	1.41180	449	0	20
2015.05.04	21:00:00	1.41179	1.41288	1.41166	1.41287	543	0	24
2015.05.04	22:00:00	1.41287	1.41297	1.41145	1.41204	448	0	21
2015.05.04	23:00:00	1.41177	1.41242	1.41130	1.41131	396	0	25
2015.05.05	00:00:00	1.41161	1.42346	1.40430	1.41172	237879	0	47
2015.05.05	01:00:00	1.41168	1.41250	1.41084	1.41223	1855	0	30
2015.05.05	02:00:00	1.41224	1.41237	1.41168	1.41171	999	0	20
2015.05.05	03:00:00	1.41172	1.41262	1.41172	1.41226	1780	0	16
2015.05.05	04:00:00	1.41226	1.41362	1.41188	1.41346	1743	0	2
2015.05.05	05:00:00	1.41349	1.41421	1.41317	1.41349	1725	0	6
2015.05.05	06:00:00	1.41348	1.41406	1.41334	1.41360	1725	0	16
2015.05.05	07:00:00	1.41361	1.41496	1.41323	1.41426	2715	0	2
2015.05.05	08:00:00	1.41425	1.41523	1.41368	1.41481	947	0	5
2015.05.05	09:00:00	1.41484	1.41692	1.41423	1.41521	716	0	21
2015.05.05	10:00:00	1.41511	1.42168	1.41446	1.42154	741	0	2
2015.05.05	11:00:00	1.42151	1.42367	1.41783	1.41786	832	0	1
2015.05.05	12:00:00	1.41786	1.41786	1.41299	1.41313	808	0	2
2015.05.05	13:00:00	1.41316	1.41475	1.41193	1.41265	728	0	10
2015.05.05	14:00:00	1.41269	1.41379	1.40692	1.41041	1449	0	3
2015.05.05	15:00:00	1.41044	1.41256	1.41014	1.41104	979	0	2
2015.05.05	16:00:00	1.41089	1.41298	1.40947	1.41249	2847	0	7
2015.05.05	17:00:00	1.41258	1.41549	1.40533	1.40600	801	0	5
2015.05.05	18:00:00	1.40605	1.40689	1.40473	1.40567	2003	0	13
2015.05.05	19:00:00	1.40569	1.40694	1.40506	1.40593	687	0	11
2015.05.05	20:00:00	1.40585	1.40659	1.40500	1.40656	636	0	12
2015.05.05	21:00:00	1.40665	1.40689	1.40521	1.40543	555	0	10
2015.05.05	22:00:00	1.40549	1.40649	1.40486	1.40595	505	0	13
2015.05.05	23:00:00	1.40601	1.40723	1.40600	1.40629	444	0	22
2015.05.06	00:00:00	1.40615	1.40808	1.39224	1.40561	287241	0	52
2015.05.06	01:00:00	1.40565	1.40725	1.40565	1.40664	1029	0	16
2015.05.06	02:00:00	1.40665	1.40761	1.40659	1.40695	1556	0	1
2015.05.06	03:00:00	1.40693	1.40713	1.40648	1.40682	1939	0	2
2015.05.06	04:00:00	1.40681	1.40769	1.40674	1.40698	2663	0	1
2015.05.06	05:00:00	1.40694	1.40769	1.40673	1.40690	2588	0	1
2015.05.06	06:00:00	1.40689	1.40725	1.40522	1.40687	2907	0	1
2015.05.06	07:00:00	1.40685	1.40776	1.40630	1.40715	2522	0	1
2015.05.06	08:00:00	1.40716	1.40788	1.40676	1.40724	2631	0	1
2015.05.06	09:00:00	1.40719	1.40803	1.40445	1.40608	5471	0	1
2015.05.06	10:00:00	1.40609	1.40846	1.40194	1.40281	7580	0	1
2015.05.06	11:00:00	1.40284	1.40345	1.39992	1.40273	6405	0	1
2015.05.06	12:00:00	1.40297	1.40520	1.40289	1.40297	1128	0	11
2015.05.06	13:00:00	1.40303	1.40673	1.40212	1.40656	1167	0	4
2015.05.06	14:00:00	1.40655	1.40694	1.40552	1.40635	3903	0	1
2015.05.06	15:00:00	1.40636	1.40684	1.40026	1.40102	8646	0	3
2015.05.06	16:00:00	1.40099	1.40222	1.39406	1.39499	777	0	11
2015.05.06	17:00:00	1.39492	1.39727	1.39275	1.39311	3385	0	8
2015.05.06	18:00:00	1.39317	1.39645	1.39246	1.39496	1094	0	7
2015.05.06	19:00:00	1.39496	1.39755	1.39386	1.39753	736	0	10
2015.05.06	20:00:00	1.39747	1.39800	1.39648	1.39655	663	0	1
2015.05.06	21:00:00	1.39661	1.39673	1.39411	1.39526	1419	0	7
2015.05.06	22:00:00	1.39517	1.39693	1.39517	1.39692	1503	0	16
2015.05.06	23:00:00	1.39688	1.39729	1.39573	1.39573	898	0	18
2015.05.07	00:00:00	1.39646	1.40773	1.38135	1.39618	237432	0	81
2015.05.07	01:00:00	1.39606	1.39671	1.39604	1.39605	378	0	30
2015.05.07	02:00:00	1.39606	1.39691	1.39590	1.39677	555	0	28
2015.05.07	03:00:00	1.39679	1.39684	1.39612	1.39640	544	0	22
2015.05.07	04:00:00	1.39638	1.39709	1.39608	1.39651	595	0	22
2015.05.07	05:00:00	1.39666	1.39732	1.39636	1.39678	537	0	24
2015.05.07	06:00:00	1.39678	1.39735	1.39634	1.39675	494	0	20
2015.05.07	07:00:00	1.39668	1.39720	1.39655	1.39698	486	0	25
2015.05.07	08:00:00	1.39691	1.39731	1.39390	1.39528	554	0	22
2015.05.07	09:00:00	1.39560	1.39560	1.38999	1.39002	1112	0	14
2015.05.07	10:00:00	1.38988	1.39144	1.38841	1.38856	750	0	10
2015.05.07	11:00:00	1.38840	1.38951	1.38426	1.38520	752	0	10
2015.05.07	12:00:00	1.38549	1.38609	1.38238	1.38246	1034	0	5
2015.05.07	13:00:00	1.38257	1.38618	1.38168	1.38273	736	0	2
2015.05.07	14:00:00	1.38267	1.38999	1.38267	1.38974	760	0	10
2015.05.07	15:00:00	1.39004	1.39521	1.38983	1.39359	775	0	33
2015.05.07	16:00:00	1.39359	1.39593	1.39162	1.39242	933	0	12
2015.05.07	17:00:00	1.39243	1.39845	1.39205	1.39816	796	0	33
2015.05.07	18:00:00	1.39822	1.40159	1.39770	1.39999	778	0	35
2015.05.07	19:00:00	1.39986	1.40298	1.39979	1.40231	686	0	18
2015.05.07	20:00:00	1.40236	1.40434	1.40236	1.40354	593	0	31
2015.05.07	21:00:00	1.40341	1.40783	1.40341	1.40596	645	0	36
2015.05.07	22:00:00	1.40625	1.40696	1.40548	1.40614	556	0	35
2015.05.07	23:00:00	1.40601	1.40673	1.40500	1.40524	579	0	22
2015.05.08	00:00:00	1.40550	1.43986	1.40550	1.42120	286621	0	22
2015.05.08	01:00:00	1.42130	1.42243	1.41860	1.41928	616	0	10
2015.05.08	02:00:00	1.41872	1.42090	1.41778	1.41886	535	0	49
2015.05.08	03:00:00	1.41887	1.42047	1.41816	1.42028	580	0	50
2015.05.08	04:00:00	1.42027	1.42417	1.41993	1.42404	648	0	42
2015.05.08	05:00:00	1.42419	1.43072	1.42341	1.43068	666	0	41
2015.05.08	06:00:00	1.43074	1.43151	1.42736	1.42868	642	0	46
2015.05.08	07:00:00	1.42866	1.43270	1.42822	1.43095	681	0	44
2015.05.08	08:00:00	1.43097	1.43137	1.42656	1.42703	677	0	37
2015.05.08	09:00:00	1.42709	1.42879	1.42366	1.42800	775	0	29
2015.05.08	10:00:00	1.42783	1.43284	1.42561	1.42835	795	0	35
2015.05.08	11:00:00	1.42814	1.42855	1.42360	1.42634	773	0	40
2015.05.08	12:00:00	1.42669	1.42669	1.42105	1.42136	745	0	38
2015.05.08	13:00:00	1.42131	1.42577	1.42095	1.42577	740	0	35
2015.05.08	14:00:00	1.42582	1.42741	1.42537	1.42556	733	0	35
2015.05.08	15:00:00	1.42545	1.42727	1.42020	1.42450	778	0	36
2015.05.08	16:00:00	1.42465	1.42650	1.42212	1.42506	6892	0	15
2015.05.08	17:00:00	1.42518	1.43023	1.42340	1.43009	783	0	35
2015.05.08	18:00:00	1.43027	1.43475	1.43027	1.43309	748	0	31
2015.05.08	19:00:00	1.43304	1.43718	1.43291	1.43664	681	0	23
2015.05.08	20:00:00	1.43657	1.43836	1.43634	1.43798	588	0	26
2015.05.08	21:00:00	1.43782	1.43905	1.43748	1.43894	550	0	34
2015.05.08	22:00:00	1.43892	1.43942	1.43815	1.43883	459	0	38
2015.05.08	23:00:00	1.43871	1.43986	1.43823	1.43870	399	0	36
2015.05.11	00:00:00	1.43932	1.45860	1.43237	1.43860	206435	0	63
2015.05.11	01:00:00	1.43854	1.43905	1.43800	1.43827	345	0	48
2015.05.11	02:00:00	1.43832	1.43844	1.43735	1.43793	314	0	51
2015.05.11	03:00:00	1.43822	1.43869	1.43698	1.43824	2749	0	14
2015.05.11	04:00:00	1.43826	1.44073	1.43823	1.43933	3259	0	11
2015.05.11	05:00:00	1.43933	1.43973	1.43806	1.43928	2720	0	21
2015.05.11	06:00:00	1.43923	1.44042	1.43923	1.44016	3072	0	26
2015.05.11	07:00:00	1.44016	1.44054	1.43913	1.43917	2025	0	27
2015.05.11	08:00:00	1.43916	1.44005	1.43855	1.43941	2651	0	15
2015.05.11	09:00:00	1.43937	1.43995	1.43558	1.43636	2428	0	9
2015.05.11	10:00:00	1.43659	1.43863	1.43507	1.43694	700	0	33
2015.05.11	11:00:00	1.43696	1.43744	1.43313	1.43373	672	0	33
2015.05.11	12:00:00	1.43381	1.44001	1.43247	1.43926	676	0	36
2015.05.11	13:00:00	1.43917	1.44319	1.43824	1.44170	670	0	25
2015.05.11	14:00:00	1.44212	1.44576	1.44128	1.44560	655	0	16
2015.05.11	15:00:00	1.44568	1.44976	1.44413	1.44973	3371	0	14
2015.05.11	16:00:00	1.44972	1.45237	1.44780	1.45237	6762	0	29
2015.05.11	17:00:00	1.45223	1.45358	1.45028	1.45326	6974	0	30
2015.05.11	18:00:00	1.45325	1.45764	1.45125	1.45692	6250	0	33
2015.05.11	19:00:00	1.45689	1.45836	1.45548	1.45569	4247	0	19
2015.05.11	20:00:00	1.45569	1.45874	1.45566	1.45677	3288	0	31
2015.05.11	21:00:00	1.45678	1.45692	1.45485	1.45558	3296	0	35
2015.05.11	22:00:00	1.45558	1.45698	1.45479	1.45624	2691	0	34
2015.05.11	23:00:00	1.45625	1.45665	1.45496	1.45581	1949	0	22
2015.05.12	00:00:00	1.45572	1.45708	1.44206	1.45559	219923	0	22
2015.05.12	01:00:00	1.45558	1.45579	1.45424	1.45485	2107	0	51
2015.05.12	02:00:00	1.45495	1.45602	1.45490	1.45557	1778	0	51
2015.05.12	03:00:00	1.45561	1.45656	1.45487	1.45560	2432	0	49
2015.05.12	04:00:00	1.45559	1.45593	1.45448	1.45481	2707	0	47
2015.05.12	05:00:00	1.45483	1.45515	1.45335	1.45374	2333	0	41
2015.05.12	06:00:00	1.45375	1.45433	1.45328	1.45419	1984	0	36
2015.05.12	07:00:00	1.45419	1.45436	1.45293	1.45316	1820	0	46
2015.05.12	08:00:00	1.45316	1.45386	1.45232	1.45305	2733	0	37
2015.05.12	09:00:00	1.45305	1.45357	1.44965	1.45067	6055	0	34
2015.05.12	10:00:00	1.45067	1.45141	1.44380	1.44414	8137	0	35
2015.05.12	11:00:00	1.44414	1.44862	1.44214	1.44548	8226	0	29
2015.05.12	12:00:00	1.44553	1.44771	1.44440	1.44646	7824	0	32
2015.05.12	13:00:00	1.44646	1.44923	1.44479	1.44708	7051	0	25
2015.05.12	14:00:00	1.44708	1.45059	1.44697	1.45006	5654	0	29
2015.05.12	15:00:00	1.45014	1.45210	1.44965	1.45045	6825	0	27
2015.05.12	16:00:00	1.45046	1.45089	1.44438	1.44688	7665	0	24
2015.05.12	17:00:00	1.44689	1.45062	1.44611	1.44940	7359	0	28
2015.05.12	18:00:00	1.44930	1.45346	1.44904	1.45334	5669	0	31
2015.05.12	19:00:00	1.45331	1.45622	1.45286	1.45613	3534	0	20
2015.05.12	20:00:00	1.45613	1.45710	1.45486	1.45609	3328	0	3
2015.05.12	21:00:00	1.45604	1.45733	1.45511	1.45581	3373	0	4
2015.05.12	22:00:00	1.45580	1.45646	1.45518	1.45613	2434	0	12
2015.05.12	23:00:00	1.45613	1.45690	1.45555	1.45614	2111	0	9
2015.05.13	00:00:00	1.45603	1.46067	1.44080	1.45425	223326	0	10
2015.05.13	01:00:00	1.45425	1.45596	1.45425	1.45532	2246	0	41
2015.05.13	02:00:00	1.45532	1.45556	1.45446	1.45455	802	0	25
2015.05.13	03:00:00	1.45458	1.45562	1.45453	1.45463	1752	0	19
2015.05.13	04:00:00	1.45464	1.45576	1.45445	1.45492	3055	0	18
2015.05.13	05:00:00	1.45493	1.45520	1.45392	1.45433	2455	0	16
2015.05.13	06:00:00	1.45435	1.45466	1.45340	1.45383	2392	0	20
2015.05.13	07:00:00	1.45377	1.45436	1.45347	1.45377	2434	0	15
2015.05.13	08:00:00	1.45376	1.45518	1.45355	1.45492	2465	0	21
2015.05.13	09:00:00	1.45492	1.45600	1.44893	1.44904	6062	0	13
2015.05.13	10:00:00	1.44905	1.45520	1.44905	1.45462	6839	0	15
2015.05.13	11:00:00	1.45462	1.45961	1.45242	1.45819	4049	0	13
2015.05.13	12:00:00	1.45879	1.46077	1.45157	1.45238	780	0	17
2015.05.13	13:00:00	1.45237	1.45539	1.45096	1.45537	724	0	18
2015.05.13	14:00:00	1.45538	1.45548	1.44954	1.45205	732	0	1
2015.05.13	15:00:00	1.45205	1.45251	1.44479	1.44709	5625	0	13
2015.05.13	16:00:00	1.44703	1.44799	1.44397	1.44439	8837	0	10
2015.05.13	17:00:00	1.44444	1.44563	1.44192	1.44260	8532	0	8
2015.05.13	18:00:00	1.44260	1.44408	1.44101	1.44259	7498	0	16
2015.05.13	19:00:00	1.44262	1.44453	1.44195	1.44320	4251	0	13
2015.05.13	20:00:00	1.44325	1.44497	1.44186	1.44346	3476	0	13
2015.05.13	21:00:00	1.44341	1.44397	1.44261	1.44318	2381	0	18
2015.05.13	22:00:00	1.44309	1.44441	1.44230	1.44401	2321	0	18
2015.05.13	23:00:00	1.44393	1.44428	1.44234	1.44329	2105	0	9
2015.05.14	00:00:00	1.44301	1.44398	1.43412	1.44314	168336	0	4
2015.05.14	01:00:00	1.44315	1.44328	1.44225	1.44306	2035	0	37
2015.05.14	02:00:00	1.44309	1.44352	1.44279	1.44298	1335	0	36
2015.05.14	03:00:00	1.44302	1.44368	1.44293	1.44310	1766	0	27
2015.05.14	04:00:00	1.44310	1.44407	1.44259	1.44301	2066	0	30
2015.05.14	05:00:00	1.44296	1.44323	1.44198	1.44293	2264	0	25
2015.05.14	06:00:00	1.44293	1.44322	1.44148	1.44174	2695	0	26
2015.05.14	07:00:00	1.44181	1.44269	1.44152	1.44184	2190	0	26
2015.05.14	08:00:00	1.44184	1.44230	1.44122	1.44135	2005	0	24
2015.05.14	09:00:00	1.44124	1.44208	1.43870	1.43907	6484	0	15
2015.05.14	10:00:00	1.43907	1.44208	1.43813	1.44125	8044	0	12
2015.05.14	11:00:00	1.44127	1.44277	1.43984	1.44033	6834	0	10
2015.05.14	12:00:00	1.44027	1.44132	1.43727	1.43759	6332	0	12
2015.05.14	13:00:00	1.43762	1.43830	1.43432	1.43496	5812	0	10
2015.05.14	14:00:00	1.43494	1.43919	1.43435	1.43673	5835	0	11
2015.05.14	15:00:00	1.43675	1.44023	1.43597	1.43917	8372	0	8
2015.05.14	16:00:00	1.43917	1.44372	1.43812	1.44244	8226	0	4
2015.05.14	17:00:00	1.44253	1.44292	1.44071	1.44197	7992	0	4
2015.05.14	18:00:00	1.44198	1.44372	1.44030	1.44202	7690	0	4
2015.05.14	19:00:00	1.44203	1.44246	1.43930	1.43990	4220	0	5
2015.05.14	20:00:00	1.43979	1.44065	1.43919	1.43984	4239	0	6
2015.05.14	21:00:00	1.43984	1.44060	1.43874	1.43955	3206	0	5
2015.05.14	22:00:00	1.43955	1.44063	1.43923	1.43955	2746	0	7
2015.05.14	23:00:00	1.43967	1.44040	1.43834	1.43907	2268	0	4
2015.05.15	00:00:00	1.43886	1.45598	1.43774	1.43931	196968	0	4
2015.05.15	01:00:00	1.43927	1.43972	1.43880	1.43933	1818	0	32
2015.05.15	02:00:00	1.43938	1.43990	1.43909	1.43917	1000	0	17
2015.05.15	03:00:00	1.43917	1.44015	1.43910	1.43980	2159	0	12
2015.05.15	04:00:00	1.43988	1.44028	1.43919	1.43961	2671	0	16
2015.05.15	05:00:00	1.43961	1.43982	1.43896	1.43967	2163	0	9
2015.05.15	06:00:00	1.43966	1.44016	1.43924	1.43960	1812	0	8
2015.05.15	07:00:00	1.43959	1.43977	1.43905	1.43941	1678	0	11
2015.05.15	08:00:00	1.43952	1.44157	1.43924	1.44137	2739	0	14
2015.05.15	09:00:00	1.44129	1.44325	1.43850	1.43850	6523	0	9
2015.05.15	10:00:00	1.43860	1.44256	1.43799	1.44144	7664	0	4
2015.05.15	11:00:00	1.44140	1.44502	1.44058	1.44467	7424	0	4
2015.05.15	12:00:00	1.44454	1.44577	1.44348	1.44459	5817	0	4
2015.05.15	13:00:00	1.44461	1.44800	1.44411	1.44677	5772	0	4
2015.05.15	14:00:00	1.44677	1.45017	1.44552	1.44943	6107	0	4
2015.05.15	15:00:00	1.44951	1.45366	1.44927	1.45355	6961	0	4
2015.05.15	16:00:00	1.45367	1.45624	1.45233	1.45499	7779	0	4
2015.05.15	17:00:00	1.45499	1.45505	1.44615	1.44628	7078	0	4
2015.05.15	18:00:00	1.44642	1.44727	1.44490	1.44707	765	0	8
2015.05.15	19:00:00	1.44704	1.44783	1.44550	1.44664	719	0	6
2015.05.15	20:00:00	1.44644	1.44644	1.44338	1.44418	666	0	1
2015.05.15	21:00:00	1.44419	1.44419	1.43891	1.43965	624	0	14
2015.05.15	22:00:00	1.43993	1.44089	1.43885	1.44084	587	0	17
2015.05.15	23:00:00	1.44066	1.44135	1.43943	1.43999	654	0	4
2015.05.18	00:00:00	1.44159	1.44980	1.43681	1.43905	164622	0	50
2015.05.18	01:00:00	1.43964	1.44141	1.43964	1.44079	294	0	59
2015.05.18	02:00:00	1.44077	1.44147	1.44061	1.44061	300	0	41
2015.05.18	03:00:00	1.44058	1.44241	1.44025	1.44199	504	0	32
2015.05.18	04:00:00	1.44205	1.44367	1.44144	1.44309	479	0	33
2015.05.18	05:00:00	1.44314	1.44404	1.44259	1.44259	429	0	29
2015.05.18	06:00:00	1.44260	1.44266	1.44199	1.44212	314	0	28
2015.05.18	07:00:00	1.44229	1.44296	1.44181	1.44208	371	0	5
2015.05.18	08:00:00	1.44209	1.44377	1.44208	1.44250	1960	0	6
2015.05.18	09:00:00	1.44249	1.44305	1.44085	1.44250	4430	0	1
2015.05.18	10:00:00	1.44251	1.44373	1.44019	1.44266	6445	0	1
2015.05.18	11:00:00	1.44273	1.44366	1.44082	1.44082	5443	0	1
2015.05.18	12:00:00	1.44084	1.44396	1.43992	1.44067	5177	0	1
2015.05.18	13:00:00	1.44066	1.44144	1.43712	1.43878	5403	0	1
2015.05.18	14:00:00	1.43877	1.44197	1.43796	1.44020	4780	0	1
2015.05.18	15:00:00	1.44022	1.44211	1.43964	1.44049	6260	0	1
2015.05.18	16:00:00	1.44052	1.44644	1.43995	1.44433	7739	0	4
2015.05.18	17:00:00	1.44437	1.44599	1.44310	1.44572	7038	0	4
2015.05.18	18:00:00	1.44573	1.44775	1.44546	1.44733	5804	0	4
2015.05.18	19:00:00	1.44721	1.44880	1.44668	1.44743	4390	0	4
2015.05.18	20:00:00	1.44726	1.44807	1.44614	1.44778	3303	0	4
2015.05.18	21:00:00	1.44778	1.44964	1.44729	1.44964	4014	0	4
2015.05.18	22:00:00	1.44967	1.44991	1.44769	1.44873	2924	0	5
2015.05.18	23:00:00	1.44880	1.45014	1.44786	1.45005	2787	0	4
2015.05.19	00:00:00	1.44972	1.46060	1.44042	1.44949	175147	0	4
2015.05.19	01:00:00	1.44953	1.45013	1.44953	1.44986	1234	0	33
2015.05.19	02:00:00	1.44988	1.45054	1.44966	1.45042	966	0	12
2015.05.19	03:00:00	1.45045	1.45070	1.44935	1.44997	2233	0	8
2015.05.19	04:00:00	1.44995	1.45029	1.44870	1.44897	2570	0	10
2015.05.19	05:00:00	1.44900	1.44967	1.44854	1.44907	2044	0	11
2015.05.19	06:00:00	1.44918	1.45072	1.44881	1.45059	2333	0	6
2015.05.19	07:00:00	1.45065	1.45078	1.44974	1.45044	1629	0	9
2015.05.19	08:00:00	1.45046	1.45079	1.44993	1.45052	2337	0	10
2015.05.19	09:00:00	1.45052	1.45079	1.44821	1.44959	5477	0	6
2015.05.19	10:00:00	1.44958	1.46071	1.44949	1.45250	11122	0	4
2015.05.19	11:00:00	1.45242	1.45446	1.44781	1.44840	8958	0	4
2015.05.19	12:00:00	1.44840	1.44935	1.44506	1.44623	7262	0	4
2015.05.19	13:00:00	1.44622	1.44640	1.44300	1.44342	6009	0	4
2015.05.19	14:00:00	1.44342	1.44464	1.44111	1.44139	6566	0	4
2015.05.19	15:00:00	1.44139	1.44991	1.44064	1.44972	9101	0	4
2015.05.19	16:00:00	1.44972	1.45143	1.44862	1.45079	9074	0	4
2015.05.19	17:00:00	1.45081	1.45474	1.45035	1.45464	8730	0	4
2015.05.19	18:00:00	1.45456	1.45471	1.45194	1.45403	7171	0	4
2015.05.19	19:00:00	1.45402	1.45448	1.45140	1.45141	4105	0	4
2015.05.19	20:00:00	1.45142	1.45435	1.45114	1.45363	3317	0	4
2015.05.19	21:00:00	1.45359	1.45387	1.45151	1.45281	2785	0	4
2015.05.19	22:00:00	1.45278	1.45381	1.45169	1.45381	2790	0	4
2015.05.19	23:00:00	1.45380	1.45387	1.45232	1.45347	2750	0	4
2015.05.20	00:00:00	1.45379	1.46091	1.45090	1.45334	239530	0	9
2015.05.20	01:00:00	1.45335	1.45392	1.45305	1.45353	1595	0	35
2015.05.20	02:00:00	1.45356	1.45404	1.45327	1.45372	1679	0	13
2015.05.20	03:00:00	1.45373	1.45446	1.45320	1.45326	2967	0	17
2015.05.20	04:00:00	1.45329	1.45453	1.45284	1.45362	3399	0	4
2015.05.20	05:00:00	1.45362	1.45390	1.45276	1.45314	2001	0	10
2015.05.20	06:00:00	1.45313	1.45380	1.45253	1.45269	1554	0	12
2015.05.20	07:00:00	1.45269	1.45340	1.45225	1.45274	2270	0	4
2015.05.20	08:00:00	1.45262	1.45329	1.45110	1.45324	2684	0	4
2015.05.20	09:00:00	1.45319	1.45530	1.45227	1.45449	7502	0	4
2015.05.20	10:00:00	1.45449	1.45656	1.45276	1.45459	7935	0	4
2015.05.20	11:00:00	1.45459	1.45723	1.45184	1.45413	8262	0	4
2015.05.20	12:00:00	1.45385	1.45650	1.45227	1.45585	6797	0	4
2015.05.20	13:00:00	1.45577	1.45945	1.45528	1.45883	6628	0	4
2015.05.20	14:00:00	1.45883	1.45903	1.45538	1.45655	6616	0	4
2015.05.20	15:00:00	1.45667	1.45806	1.45482	1.45586	7949	0	4
2015.05.20	16:00:00	1.45584	1.46091	1.45516	1.45900	8766	0	4
2015.05.20	17:00:00	1.45898	1.46017	1.45624	1.45981	9001	0	4
2015.05.20	18:00:00	1.45981	1.46123	1.45829	1.46023	7959	0	4
2015.05.20	19:00:00	1.46033	1.46035	1.45655	1.45715	5298	0	4
2015.05.20	20:00:00	1.45715	1.45740	1.45272	1.45334	5296	0	4
2015.05.20	21:00:00	1.45325	1.45571	1.45220	1.45466	8744	0	4
2015.05.20	22:00:00	1.45460	1.45573	1.45345	1.45448	4497	0	5
2015.05.20	23:00:00	1.45442	1.45597	1.45405	1.45548	3117	0	4
2015.05.21	00:00:00	1.45549	1.46758	1.45168	1.45458	220209	0	8
2015.05.21	01:00:00	1.45470	1.45571	1.45461	1.45560	1325	0	44
2015.05.21	02:00:00	1.45568	1.45575	1.45474	1.45485	1468	0	11
2015.05.21	03:00:00	1.45488	1.45536	1.45307	1.45391	3015	0	13
2015.05.21	04:00:00	1.45390	1.45458	1.45344	1.45382	3109	0	16
2015.05.21	05:00:00	1.45380	1.45398	1.45247	1.45288	2321	0	4
2015.05.21	06:00:00	1.45291	1.45350	1.45241	1.45273	2354	0	15
2015.05.21	07:00:00	1.45273	1.45364	1.45182	1.45323	2281	0	4
2015.05.21	08:00:00	1.45326	1.45488	1.45229	1.45258	2457	0	9
2015.05.21	09:00:00	1.45258	1.45703	1.45254	1.45431	6513	0	4
2015.05.21	10:00:00	1.45448	1.45560	1.45268	1.45465	8229	0	4
2015.05.21	11:00:00	1.45474	1.46110	1.45304	1.46035	8629	0	4
2015.05.21	12:00:00	1.46029	1.46198	1.45929	1.46127	6354	0	4
2015.05.21	13:00:00	1.46119	1.46295	1.45943	1.46209	6784	0	4
2015.05.21	14:00:00	1.46202	1.46458	1.46089	1.46443	5859	0	1
2015.05.21	15:00:00	1.46444	1.46588	1.46310	1.46497	8663	0	4
2015.05.21	16:00:00	1.46498	1.46617	1.46286	1.46435	8834	0	4
2015.05.21	17:00:00	1.46414	1.46783	1.46338	1.46643	9296	0	4
2015.05.21	18:00:00	1.46637	1.46673	1.46451	1.46474	7241	0	4
2015.05.21	19:00:00	1.46478	1.46562	1.46344	1.46385	3764	0	4
2015.05.21	20:00:00	1.46397	1.46609	1.46365	1.46584	3664	0	4
2015.05.21	21:00:00	1.46589	1.46642	1.46457	1.46594	3268	0	4
2015.05.21	22:00:00	1.46593	1.46701	1.46534	1.46677	2846	0	4
2015.05.21	23:00:00	1.46683	1.46725	1.46629	1.46725	2842	0	4
2015.05.22	00:00:00	1.46701	1.46818	1.45295	1.46701	221604	0	4
2015.05.22	01:00:00	1.46703	1.46724	1.46633	1.46707	2056	0	46
2015.05.22	02:00:00	1.46709	1.46823	1.46677	1.46823	1236	0	14
2015.05.22	03:00:00	1.46820	1.46821	1.46683	1.46746	1873	0	4
2015.05.22	04:00:00	1.46748	1.46822	1.46677	1.46778	2744	0	16
2015.05.22	05:00:00	1.46779	1.46797	1.46552	1.46576	2672	0	14
2015.05.22	06:00:00	1.46582	1.46626	1.46551	1.46568	2486	0	19
2015.05.22	07:00:00	1.46568	1.46608	1.46474	1.46550	2252	0	4
2015.05.22	08:00:00	1.46553	1.46604	1.46485	1.46508	2272	0	5
2015.05.22	09:00:00	1.46508	1.46532	1.46309	1.46401	5803	0	11
2015.05.22	10:00:00	1.46405	1.46508	1.46196	1.46249	7031	0	4
2015.05.22	11:00:00	1.46279	1.46288	1.45817	1.45969	7211	0	4
2015.05.22	12:00:00	1.45969	1.46107	1.45557	1.45661	6528	0	4
2015.05.22	13:00:00	1.45665	1.45682	1.45325	1.45680	6697	0	4
2015.05.22	14:00:00	1.45681	1.45960	1.45470	1.45925	6795	0	4
2015.05.22	15:00:00	1.45929	1.46636	1.45770	1.46271	9264	0	4
2015.05.22	16:00:00	1.46276	1.46588	1.46265	1.46324	11195	0	9
2015.05.22	17:00:00	1.46329	1.46534	1.46061	1.46082	7990	0	4
2015.05.22	18:00:00	1.46083	1.46166	1.45934	1.45988	7215	0	4
2015.05.22	19:00:00	1.45980	1.46032	1.45828	1.45973	4814	0	4
2015.05.22	20:00:00	1.45971	1.46135	1.45901	1.46077	6018	0	5
2015.05.22	21:00:00	1.46103	1.46138	1.45953	1.46049	3482	0	7
2015.05.22	22:00:00	1.46050	1.46179	1.46029	1.46100	2023	0	7
2015.05.22	23:00:00	1.46093	1.46229	1.45947	1.46114	1773	0	17
2015.05.25	00:00:00	1.45972	1.46267	1.45600	1.45866	98672	0	86
2015.05.25	01:00:00	1.45888	1.46110	1.45885	1.45972	3292	0	49
2015.05.25	02:00:00	1.45976	1.46073	1.45934	1.45939	3481	0	18
2015.05.25	03:00:00	1.45939	1.46169	1.45939	1.46036	3640	0	20
2015.05.25	04:00:00	1.46037	1.46094	1.46005	1.46061	2604	0	14
2015.05.25	05:00:00	1.46055	1.46087	1.45894	1.45930	2365	0	14
2015.05.25	06:00:00	1.45925	1.45941	1.45851	1.45875	2278	0	13
2015.05.25	07:00:00	1.45876	1.45914	1.45856	1.45860	1457	0	13
2015.05.25	08:00:00	1.45866	1.45910	1.45748	1.45765	2455	0	10
2015.05.25	09:00:00	1.45768	1.45904	1.45620	1.45803	4306	0	13
2015.05.25	10:00:00	1.45803	1.46242	1.45772	1.46227	5279	0	4
2015.05.25	11:00:00	1.46225	1.46288	1.46011	1.46030	5161	0	4
2015.05.25	12:00:00	1.46031	1.46140	1.45933	1.46108	4413	0	4
2015.05.25	13:00:00	1.46111	1.46183	1.46072	1.46084	3046	0	4
2015.05.25	14:00:00	1.46085	1.46132	1.45834	1.45897	3100	0	5
2015.05.25	15:00:00	1.45893	1.45921	1.45708	1.45774	3408	0	4
2015.05.25	16:00:00	1.45785	1.45863	1.45666	1.45849	3168	0	4
2015.05.25	17:00:00	1.45856	1.46068	1.45833	1.46006	2908	0	7
2015.05.25	18:00:00	1.46015	1.46079	1.45949	1.46042	2045	0	13
2015.05.25	19:00:00	1.46048	1.46256	1.46027	1.46216	1615	0	4
2015.05.25	20:00:00	1.46198	1.46267	1.46172	1.46256	1442	0	22
2015.05.25	21:00:00	1.46258	1.46267	1.46221	1.46243	987	0	20
2015.05.25	22:00:00	1.46237	1.46281	1.46157	1.46254	1625	0	7
2015.05.25	23:00:00	1.46262	1.46281	1.46115	1.46151	1265	0	4
2015.05.26	00:00:00	1.46121	1.46666	1.45723	1.46202	226841	0	4
2015.05.26	01:00:00	1.46208	1.46277	1.46195	1.46231	1609	0	22
2015.05.26	02:00:00	1.46231	1.46328	1.46213	1.46306	1263	0	9
2015.05.26	03:00:00	1.46309	1.46401	1.46251	1.46282	3489	0	14
2015.05.26	04:00:00	1.46283	1.46371	1.46178	1.46207	3605	0	16
2015.05.26	05:00:00	1.46215	1.46225	1.46077	1.46138	3021	0	10
2015.05.26	06:00:00	1.46137	1.46277	1.46137	1.46268	2345	0	14
2015.05.26	07:00:00	1.46263	1.46388	1.46258	1.46388	2214	0	11
2015.05.26	08:00:00	1.46388	1.46427	1.46309	1.46413	2865	0	7
2015.05.26	09:00:00	1.46420	1.46639	1.46279	1.46525	7925	0	4
2015.05.26	10:00:00	1.46525	1.46610	1.46265	1.46340	7723	0	5
2015.05.26	11:00:00	1.46337	1.46497	1.46251	1.46455	5216	0	6
2015.05.26	12:00:00	1.46455	1.46479	1.45821	1.45899	6873	0	4
2015.05.26	13:00:00	1.45891	1.46218	1.45751	1.46194	4648	0	2
2015.05.26	14:00:00	1.46185	1.46199	1.45878	1.45919	6261	0	4
2015.05.26	15:00:00	1.45915	1.46115	1.45837	1.46043	8336	0	4
2015.05.26	16:00:00	1.46035	1.46113	1.45792	1.45835	8845	0	4
2015.05.26	17:00:00	1.45848	1.46151	1.45793	1.46033	9481	0	4
2015.05.26	18:00:00	1.46019	1.46346	1.46004	1.46334	8065	0	4
2015.05.26	19:00:00	1.46327	1.46387	1.46167	1.46183	5242	0	4
2015.05.26	20:00:00	1.46194	1.46417	1.46178	1.46399	4126	0	4
2015.05.26	21:00:00	1.46400	1.46626	1.46305	1.46579	3176	0	4
2015.05.26	22:00:00	1.46577	1.46647	1.46542	1.46611	2749	0	4
2015.05.26	23:00:00	1.46604	1.46691	1.46524	1.46654	2542	0	4
2015.05.27	00:00:00	1.46627	1.46738	1.45364	1.46609	210543	0	6
2015.05.27	01:00:00	1.46599	1.46651	1.46569	1.46615	2106	0	46
2015.05.27	02:00:00	1.46615	1.46640	1.46518	1.46522	1120	0	4
2015.05.27	03:00:00	1.46503	1.46620	1.46503	1.46566	2077	0	16
2015.05.27	04:00:00	1.46568	1.46642	1.46509	1.46557	3557	0	14
2015.05.27	05:00:00	1.46558	1.46603	1.46450	1.46487	2528	0	13
2015.05.27	06:00:00	1.46486	1.46534	1.46431	1.46474	1749	0	14
2015.05.27	07:00:00	1.46473	1.46530	1.46415	1.46505	2206	0	5
2015.05.27	08:00:00	1.46504	1.46540	1.46336	1.46536	3819	0	4
2015.05.27	09:00:00	1.46524	1.46560	1.45973	1.45997	5841	0	5
2015.05.27	10:00:00	1.45998	1.46279	1.45969	1.46148	6539	0	4
2015.05.27	11:00:00	1.46148	1.46237	1.45909	1.45989	5959	0	4
2015.05.27	12:00:00	1.45978	1.46051	1.45839	1.46004	6277	0	4
2015.05.27	13:00:00	1.45999	1.46209	1.45982	1.46050	7493	0	4
2015.05.27	14:00:00	1.46049	1.46340	1.45928	1.46215	6374	0	4
2015.05.27	15:00:00	1.46217	1.46319	1.45957	1.46256	9566	0	4
2015.05.27	16:00:00	1.46258	1.46308	1.45898	1.45988	9611	0	4
2015.05.27	17:00:00	1.45990	1.46058	1.45673	1.45826	10975	0	4
2015.05.27	18:00:00	1.45820	1.45922	1.45384	1.45686	9089	0	4
2015.05.27	19:00:00	1.45685	1.45845	1.45633	1.45663	5440	0	4
2015.05.27	20:00:00	1.45655	1.45759	1.45532	1.45715	4554	0	6
2015.05.27	21:00:00	1.45727	1.46007	1.45690	1.45894	3829	0	4
2015.05.27	22:00:00	1.45895	1.45979	1.45803	1.45856	3841	0	4
2015.05.27	23:00:00	1.45856	1.45912	1.45755	1.45765	3410	0	6
2015.05.28	00:00:00	1.45724	1.45893	1.44280	1.45839	220161	0	4
2015.05.28	01:00:00	1.45848	1.45911	1.45718	1.45770	2232	0	24
2015.05.28	02:00:00	1.45758	1.45794	1.45742	1.45777	1282	0	13
2015.05.28	03:00:00	1.45772	1.45798	1.45609	1.45663	3086	0	12
2015.05.28	04:00:00	1.45662	1.45795	1.45587	1.45744	4328	0	4
2015.05.28	05:00:00	1.45748	1.45778	1.45620	1.45711	4443	0	18
2015.05.28	06:00:00	1.45724	1.45749	1.45528	1.45633	3939	0	4
2015.05.28	07:00:00	1.45634	1.45659	1.45540	1.45555	2915	0	9
2015.05.28	08:00:00	1.45564	1.45705	1.45534	1.45606	4190	0	17
2015.05.28	09:00:00	1.45608	1.45761	1.45392	1.45414	7530	0	8
2015.05.28	10:00:00	1.45417	1.45515	1.45229	1.45279	8022	0	4
2015.05.28	11:00:00	1.45279	1.45662	1.44983	1.45050	7646	0	4
2015.05.28	12:00:00	1.45058	1.45162	1.44895	1.44915	6997	0	4
2015.05.28	13:00:00	1.44916	1.44953	1.44611	1.44709	6711	0	4
2015.05.28	14:00:00	1.44710	1.45139	1.44573	1.45098	7960	0	4
2015.05.28	15:00:00	1.45092	1.45303	1.44932	1.45033	8245	0	4
2015.05.28	16:00:00	1.45044	1.45192	1.45023	1.45054	7651	0	4
2015.05.28	17:00:00	1.45057	1.45148	1.44566	1.44591	9973	0	4
2015.05.28	18:00:00	1.44585	1.44648	1.44454	1.44608	7951	0	4
2015.05.28	19:00:00	1.44603	1.44707	1.44446	1.44529	6188	0	4
2015.05.28	20:00:00	1.44528	1.44555	1.44301	1.44439	5241	0	4
2015.05.28	21:00:00	1.44445	1.44507	1.44365	1.44431	3977	0	7
2015.05.28	22:00:00	1.44434	1.44542	1.44394	1.44514	3517	0	4
2015.05.28	23:00:00	1.44513	1.44577	1.44415	1.44515	1827	0	4
2015.05.29	00:00:00	1.44580	1.44933	1.42974	1.44441	208474	0	4
2015.05.29	01:00:00	1.44443	1.44504	1.44334	1.44376	3355	0	33
2015.05.29	02:00:00	1.44379	1.44481	1.44361	1.44451	1839	0	12
2015.05.29	03:00:00	1.44447	1.44510	1.44367	1.44410	2652	0	8
2015.05.29	04:00:00	1.44393	1.44595	1.44357	1.44514	2594	0	10
2015.05.29	05:00:00	1.44513	1.44589	1.44489	1.44533	2459	0	16
2015.05.29	06:00:00	1.44540	1.44542	1.44387	1.44390	2033	0	6
2015.05.29	07:00:00	1.44398	1.44448	1.44298	1.44376	1834	0	11
2015.05.29	08:00:00	1.44375	1.44645	1.44361	1.44610	2027	0	12
2015.05.29	09:00:00	1.44613	1.44929	1.44555	1.44888	5676	0	4
2015.05.29	10:00:00	1.44898	1.44959	1.44422	1.44473	7592	0	4
2015.05.29	11:00:00	1.44474	1.44555	1.44184	1.44273	7353	0	4
2015.05.29	12:00:00	1.44300	1.44430	1.43815	1.43859	8139	0	4
2015.05.29	13:00:00	1.43862	1.43891	1.43540	1.43570	8036	0	5
2015.05.29	14:00:00	1.43570	1.43898	1.43468	1.43649	7752	0	4
2015.05.29	15:00:00	1.43648	1.43843	1.43420	1.43653	9135	0	4
2015.05.29	16:00:00	1.43651	1.43773	1.42998	1.43136	9144	0	4
2015.05.29	17:00:00	1.43148	1.44034	1.43116	1.44034	10046	0	4
2015.05.29	18:00:00	1.44038	1.44165	1.43703	1.43749	9506	0	4
2015.05.29	19:00:00	1.43751	1.43858	1.43533	1.43851	5686	0	4
2015.05.29	20:00:00	1.43852	1.43869	1.43634	1.43743	4029	0	4
2015.05.29	21:00:00	1.43740	1.43765	1.43622	1.43709	3636	0	4
2015.05.29	22:00:00	1.43700	1.43754	1.43587	1.43664	3418	0	4
2015.05.29	23:00:00	1.43653	1.43777	1.43565	1.43695	2133	0	13
2015.06.01	00:00:00	1.43845	1.44672	1.43463	1.43591	212469	0	141
2015.06.01	01:00:00	1.43603	1.43806	1.43600	1.43799	1992	0	46
2015.06.01	02:00:00	1.43794	1.43922	1.43741	1.43894	3025	0	20
2015.06.01	03:00:00	1.43888	1.44035	1.43845	1.43886	3607	0	5
2015.06.01	04:00:00	1.43885	1.44053	1.43868	1.44038	2914	0	15
2015.06.01	05:00:00	1.44041	1.44143	1.44008	1.44140	2397	0	14
2015.06.01	06:00:00	1.44139	1.44197	1.44038	1.44038	2244	0	4
2015.06.01	07:00:00	1.44048	1.44141	1.44037	1.44115	2781	0	12
2015.06.01	08:00:00	1.44122	1.44306	1.44112	1.44242	2853	0	12
2015.06.01	09:00:00	1.44241	1.44595	1.44213	1.44338	5789	0	4
2015.06.01	10:00:00	1.44344	1.44698	1.44293	1.44392	8228	0	4
2015.06.01	11:00:00	1.44377	1.44475	1.44150	1.44202	7929	0	4
2015.06.01	12:00:00	1.44195	1.44303	1.43864	1.44006	6743	0	4
2015.06.01	13:00:00	1.44015	1.44086	1.43679	1.43740	6166	0	4
2015.06.01	14:00:00	1.43741	1.44027	1.43703	1.43734	7072	0	4
2015.06.01	15:00:00	1.43730	1.43889	1.43485	1.43820	8761	0	4
2015.06.01	16:00:00	1.43820	1.43854	1.43564	1.43652	8604	0	4
2015.06.01	17:00:00	1.43654	1.43928	1.43509	1.43898	14088	0	4
2015.06.01	18:00:00	1.43890	1.43955	1.43676	1.43797	13797	0	4
2015.06.01	19:00:00	1.43795	1.43922	1.43668	1.43751	8305	0	4
2015.06.01	20:00:00	1.43751	1.43833	1.43612	1.43759	5724	0	7
2015.06.01	21:00:00	1.43757	1.43867	1.43694	1.43759	6164	0	4
2015.06.01	22:00:00	1.43749	1.43820	1.43690	1.43779	5589	0	4
2015.06.01	23:00:00	1.43784	1.43822	1.43692	1.43782	3249	0	4
2015.06.02	00:00:00	1.43748	1.43832	1.42586	1.43742	254457	0	21
2015.06.02	01:00:00	1.43725	1.43799	1.43706	1.43744	5575	0	43
2015.06.02	02:00:00	1.43749	1.43808	1.43724	1.43755	2874	0	16
2015.06.02	03:00:00	1.43743	1.43778	1.43646	1.43697	3276	0	6
2015.06.02	04:00:00	1.43686	1.43712	1.43642	1.43675	2814	0	4
2015.06.02	05:00:00	1.43679	1.43743	1.43656	1.43694	3008	0	7
2015.06.02	06:00:00	1.43684	1.43704	1.43599	1.43607	2984	0	4
2015.06.02	07:00:00	1.43613	1.43626	1.43544	1.43599	3333	0	16
2015.06.02	08:00:00	1.43607	1.43760	1.43565	1.43737	4360	0	4
2015.06.02	09:00:00	1.43731	1.43825	1.43299	1.43333	8563	0	4
2015.06.02	10:00:00	1.43334	1.43422	1.43089	1.43336	11805	0	4
2015.06.02	11:00:00	1.43347	1.43643	1.43276	1.43432	8078	0	2
2015.06.02	12:00:00	1.43406	1.43653	1.43246	1.43650	5314	0	1
2015.06.02	13:00:00	1.43645	1.43739	1.43202	1.43291	5481	0	3
2015.06.02	14:00:00	1.43286	1.43417	1.43055	1.43344	5248	0	3
2015.06.02	15:00:00	1.43346	1.43571	1.43217	1.43249	5803	0	3
2015.06.02	16:00:00	1.43248	1.43337	1.42605	1.42961	12257	0	2
2015.06.02	17:00:00	1.42951	1.43253	1.42838	1.43177	11214	0	5
2015.06.02	18:00:00	1.43179	1.43271	1.42983	1.43251	8373	0	7
2015.06.02	19:00:00	1.43248	1.43372	1.43122	1.43259	8913	0	6
2015.06.02	20:00:00	1.43269	1.43298	1.43113	1.43132	5638	0	9
2015.06.02	21:00:00	1.43131	1.43163	1.43030	1.43035	3790	0	10
2015.06.02	22:00:00	1.43033	1.43175	1.43023	1.43142	4632	0	17
2015.06.02	23:00:00	1.43145	1.43189	1.43072	1.43161	2625	0	4
2015.06.03	00:00:00	1.43060	1.43851	1.42475	1.43127	259135	0	4
2015.06.03	01:00:00	1.43127	1.43173	1.43077	1.43163	5541	0	18
2015.06.03	02:00:00	1.43163	1.43186	1.43118	1.43142	2278	0	13
2015.06.03	03:00:00	1.43141	1.43256	1.43141	1.43190	3766	0	18
2015.06.03	04:00:00	1.43192	1.43320	1.43110	1.43306	5586	0	14
2015.06.03	05:00:00	1.43316	1.43320	1.43095	1.43124	4096	0	14
2015.06.03	06:00:00	1.43124	1.43274	1.43124	1.43264	2998	0	8
2015.06.03	07:00:00	1.43261	1.43277	1.43173	1.43210	3634	0	10
2015.06.03	08:00:00	1.43210	1.43332	1.43071	1.43332	5272	0	5
2015.06.03	09:00:00	1.43334	1.43414	1.42977	1.43183	9950	0	7
2015.06.03	10:00:00	1.43188	1.43546	1.43176	1.43447	13801	0	4
2015.06.03	11:00:00	1.43440	1.43473	1.42482	1.42817	12857	0	4
2015.06.03	12:00:00	1.42814	1.43007	1.42726	1.42873	10783	0	4
2015.06.03	13:00:00	1.42883	1.43206	1.42838	1.43101	8366	0	4
2015.06.03	14:00:00	1.43105	1.43401	1.43015	1.43370	5903	0	2
2015.06.03	15:00:00	1.43367	1.43847	1.43216	1.43540	757	0	5
2015.06.03	16:00:00	1.43543	1.43543	1.42721	1.42773	4196	0	10
2015.06.03	17:00:00	1.42754	1.43402	1.42735	1.43350	771	0	5
2015.06.03	18:00:00	1.43344	1.43434	1.43245	1.43307	775	0	1
2015.06.03	19:00:00	1.43316	1.43351	1.43169	1.43250	738	0	4
2015.06.03	20:00:00	1.43253	1.43378	1.43191	1.43330	605	0	6
2015.06.03	21:00:00	1.43330	1.43330	1.43214	1.43295	591	0	5
2015.06.03	22:00:00	1.43284	1.43356	1.43211	1.43260	636	0	10
2015.06.03	23:00:00	1.43235	1.43316	1.43131	1.43238	1012	0	14
2015.06.04	00:00:00	1.43227	1.43685	1.42905	1.43184	215065	0	22
2015.06.04	02:00:00	1.43224	1.43256	1.43190	1.43226	354	0	29
2015.06.04	03:00:00	1.43224	1.43244	1.43154	1.43189	541	0	27
2015.06.04	04:00:00	1.43191	1.43262	1.43121	1.43213	574	0	25
2015.06.04	05:00:00	1.43211	1.43290	1.43182	1.43234	444	0	18
2015.06.04	06:00:00	1.43225	1.43253	1.43169	1.43214	475	0	13
2015.06.04	07:00:00	1.43213	1.43229	1.43137	1.43180	435	0	18
2015.06.04	08:00:00	1.43182	1.43195	1.43110	1.43174	594	0	18
2015.06.04	09:00:00	1.43171	1.43326	1.42989	1.43299	749	0	5
2015.06.04	10:00:00	1.43317	1.43606	1.43289	1.43466	747	0	4
2015.06.04	11:00:00	1.43454	1.43474	1.42967	1.43173	770	0	3
2015.06.04	12:00:00	1.43171	1.43580	1.43036	1.43450	748	0	5
2015.06.04	13:00:00	1.43475	1.43580	1.43286	1.43433	717	0	5
2015.06.04	14:00:00	1.43459	1.43491	1.43234	1.43370	724	0	2
2015.06.04	15:00:00	1.43370	1.43662	1.43370	1.43557	750	0	1
2015.06.04	16:00:00	1.43570	1.43708	1.43337	1.43576	2835	0	1
2015.06.04	17:00:00	1.43566	1.43720	1.43386	1.43523	8117	0	1
2015.06.04	18:00:00	1.43523	1.43657	1.43410	1.43559	6310	0	1
2015.06.04	19:00:00	1.43576	1.43643	1.43353	1.43500	5797	0	1
2015.06.04	20:00:00	1.43502	1.43641	1.43376	1.43492	5620	0	4
2015.06.04	21:00:00	1.43493	1.43509	1.43330	1.43374	4953	0	4
2015.06.04	22:00:00	1.43372	1.43402	1.43272	1.43352	3398	0	8
2015.06.04	23:00:00	1.43352	1.43452	1.43315	1.43400	2831	0	4
2015.06.05	00:00:00	1.43397	1.44419	1.42474	1.43397	222299	0	28
2015.06.05	01:00:00	1.43398	1.43565	1.43361	1.43538	6773	0	42
2015.06.05	02:00:00	1.43557	1.43740	1.43507	1.43589	3417	0	4
2015.06.05	03:00:00	1.43589	1.43719	1.43573	1.43645	3314	0	13
2015.06.05	04:00:00	1.43646	1.43704	1.43571	1.43589	3980	0	15
2015.06.05	05:00:00	1.43589	1.43613	1.43550	1.43568	2076	0	12
2015.06.05	06:00:00	1.43567	1.43638	1.43556	1.43579	2043	0	4
2015.06.05	07:00:00	1.43573	1.43590	1.43418	1.43444	3443	0	9
2015.06.05	08:00:00	1.43454	1.43483	1.43327	1.43330	2873	0	6
2015.06.05	09:00:00	1.43333	1.43387	1.42967	1.42976	11447	0	4
2015.06.05	10:00:00	1.42975	1.43042	1.42529	1.42665	13328	0	4
2015.06.05	11:00:00	1.42663	1.42875	1.42626	1.42711	9670	0	4
2015.06.05	12:00:00	1.42717	1.42882	1.42686	1.42725	7676	0	3
2015.06.05	13:00:00	1.42726	1.43099	1.42712	1.42945	8255	0	13
2015.06.05	14:00:00	1.42945	1.43105	1.42778	1.43030	8087	0	11
2015.06.05	15:00:00	1.43031	1.44098	1.42620	1.44076	16358	0	1
2015.06.05	16:00:00	1.44077	1.44430	1.43935	1.44292	19182	0	13
2015.06.05	17:00:00	1.44293	1.44363	1.43985	1.44321	17425	0	8
2015.06.05	18:00:00	1.44323	1.44447	1.43891	1.44038	14149	0	11
2015.06.05	19:00:00	1.44039	1.44076	1.43529	1.43556	8962	0	5
2015.06.05	20:00:00	1.43556	1.43752	1.43383	1.43579	6393	0	10
2015.06.05	21:00:00	1.43568	1.43643	1.43329	1.43474	5590	0	16
2015.06.05	22:00:00	1.43473	1.43573	1.43420	1.43527	3868	0	9
2015.06.05	23:00:00	1.43517	1.43609	1.43380	1.43391	2432	0	19
2015.06.08	00:00:00	1.43682	1.43862	1.42096	1.43537	179852	0	43
2015.06.08	01:00:00	1.43547	1.43599	1.43492	1.43564	3277	0	42
2015.06.08	02:00:00	1.43555	1.43583	1.43478	1.43553	2148	0	26
2015.06.08	03:00:00	1.43553	1.43666	1.43502	1.43663	3407	0	23
2015.06.08	04:00:00	1.43660	1.43711	1.43622	1.43647	3369	0	22
2015.06.08	05:00:00	1.43654	1.43779	1.43650	1.43716	2753	0	23
2015.06.08	06:00:00	1.43716	1.43723	1.43661	1.43671	1633	0	23
2015.06.08	07:00:00	1.43671	1.43729	1.43644	1.43685	1482	0	22
2015.06.08	08:00:00	1.43685	1.43760	1.43633	1.43670	2780	0	22
2015.06.08	09:00:00	1.43667	1.43883	1.43342	1.43700	9916	0	14
2015.06.08	10:00:00	1.43698	1.43708	1.43089	1.43208	13433	0	7
2015.06.08	11:00:00	1.43198	1.43486	1.43054	1.43168	10978	0	1
2015.06.08	12:00:00	1.43168	1.43248	1.43046	1.43197	8098	0	1
2015.06.08	13:00:00	1.43202	1.43305	1.43137	1.43230	6578	0	14
2015.06.08	14:00:00	1.43230	1.43230	1.43020	1.43058	7266	0	3
2015.06.08	15:00:00	1.43059	1.43173	1.42889	1.43128	10588	0	13
2015.06.08	16:00:00	1.43129	1.43335	1.43075	1.43190	11466	0	8
2015.06.08	17:00:00	1.43199	1.43233	1.42842	1.43034	12899	0	13
2015.06.08	18:00:00	1.43044	1.43110	1.42377	1.42598	12665	0	1
2015.06.08	19:00:00	1.42590	1.42724	1.42521	1.42717	6047	0	3
2015.06.08	20:00:00	1.42720	1.42758	1.42307	1.42404	8472	0	16
2015.06.08	21:00:00	1.42404	1.42537	1.42330	1.42466	8815	0	11
2015.06.08	22:00:00	1.42462	1.42569	1.42396	1.42479	5783	0	18
2015.06.08	23:00:00	1.42472	1.42515	1.42099	1.42339	4641	0	16
2015.06.09	00:00:00	1.42328	1.43230	1.41370	1.42282	223105	0	28
2015.06.09	01:00:00	1.42282	1.42329	1.42227	1.42267	3775	0	32
2015.06.09	02:00:00	1.42267	1.42327	1.42230	1.42279	2372	0	29
2015.06.09	03:00:00	1.42281	1.42345	1.42223	1.42296	3522	0	26
2015.06.09	04:00:00	1.42287	1.42316	1.42091	1.42238	5871	0	25
2015.06.09	05:00:00	1.42240	1.42288	1.42181	1.42258	3992	0	28
2015.06.09	06:00:00	1.42257	1.42289	1.42220	1.42225	2790	0	26
2015.06.09	07:00:00	1.42225	1.42290	1.42140	1.42211	2440	0	22
2015.06.09	08:00:00	1.42210	1.42266	1.42161	1.42228	4706	0	25
2015.06.09	09:00:00	1.42227	1.42546	1.42096	1.42274	11540	0	12
2015.06.09	10:00:00	1.42268	1.42383	1.41550	1.41636	13024	0	8
2015.06.09	11:00:00	1.41634	1.41852	1.41394	1.41784	11670	0	6
2015.06.09	12:00:00	1.41795	1.42000	1.41668	1.41980	10974	0	8
2015.06.09	13:00:00	1.41976	1.42095	1.41820	1.41825	9834	0	5
2015.06.09	14:00:00	1.41824	1.42508	1.41715	1.42440	10693	0	12
2015.06.09	15:00:00	1.42441	1.42713	1.42231	1.42564	12167	0	12
2015.06.09	16:00:00	1.42573	1.42576	1.42316	1.42384	12867	0	8
2015.06.09	17:00:00	1.42384	1.42738	1.42215	1.42609	15934	0	7
2015.06.09	18:00:00	1.42612	1.43019	1.42571	1.42990	12385	0	9
2015.06.09	19:00:00	1.42991	1.43144	1.42823	1.43098	6544	0	15
2015.06.09	20:00:00	1.43098	1.43247	1.43053	1.43143	5066	0	8
2015.06.09	21:00:00	1.43144	1.43231	1.43106	1.43156	4036	0	15
2015.06.09	22:00:00	1.43154	1.43242	1.43108	1.43207	2929	0	15
2015.06.09	23:00:00	1.43207	1.43238	1.43132	1.43176	2303	0	21
2015.06.10	00:00:00	1.43147	1.44687	1.42670	1.43173	297318	0	28
2015.06.10	01:00:00	1.43194	1.43233	1.43169	1.43193	3745	0	38
2015.06.10	02:00:00	1.43196	1.43225	1.43101	1.43160	2551	0	22
2015.06.10	03:00:00	1.43154	1.43201	1.43063	1.43108	3854	0	28
2015.06.10	04:00:00	1.43114	1.43203	1.43065	1.43160	3236	0	24
2015.06.10	05:00:00	1.43165	1.43301	1.43159	1.43293	2814	0	25
2015.06.10	06:00:00	1.43285	1.43306	1.43180	1.43241	3092	0	22
2015.06.10	07:00:00	1.43241	1.43377	1.43176	1.43294	5917	0	27
2015.06.10	08:00:00	1.43293	1.43464	1.43206	1.43374	5352	0	24
2015.06.10	09:00:00	1.43373	1.43394	1.43029	1.43041	10698	0	16
2015.06.10	10:00:00	1.43034	1.43035	1.42702	1.42861	14895	0	15
2015.06.10	11:00:00	1.42862	1.43129	1.42670	1.43074	15733	0	14
2015.06.10	12:00:00	1.43080	1.43671	1.43062	1.43661	11473	0	9
2015.06.10	13:00:00	1.43667	1.43874	1.43557	1.43601	11727	0	10
2015.06.10	14:00:00	1.43601	1.44012	1.43469	1.43967	11411	0	12
2015.06.10	15:00:00	1.43960	1.44070	1.43817	1.43904	13322	0	13
2015.06.10	16:00:00	1.43903	1.44020	1.43764	1.44007	15094	0	14
2015.06.10	17:00:00	1.44008	1.44329	1.43801	1.44298	16874	0	12
2015.06.10	18:00:00	1.44308	1.44356	1.44049	1.44308	15512	0	16
2015.06.10	19:00:00	1.44303	1.44479	1.44041	1.44386	9388	0	14
2015.06.10	20:00:00	1.44386	1.44673	1.44360	1.44559	6413	0	19
2015.06.10	21:00:00	1.44550	1.44687	1.44499	1.44665	5271	0	7
2015.06.10	22:00:00	1.44663	1.44713	1.44582	1.44643	3616	0	10
2015.06.10	23:00:00	1.44638	1.44686	1.44506	1.44638	2428	0	21
2015.06.11	00:00:00	1.44596	1.45391	1.43850	1.44543	243719	0	28
2015.06.11	01:00:00	1.44545	1.44618	1.44493	1.44507	5856	0	33
2015.06.11	02:00:00	1.44507	1.44541	1.44436	1.44477	2395	0	22
2015.06.11	03:00:00	1.44477	1.44508	1.44422	1.44470	2332	0	23
2015.06.11	04:00:00	1.44471	1.44627	1.44358	1.44609	3988	0	18
2015.06.11	05:00:00	1.44609	1.44629	1.44507	1.44539	3038	0	25
2015.06.11	06:00:00	1.44539	1.44590	1.44479	1.44558	1937	0	19
2015.06.11	07:00:00	1.44555	1.44644	1.44484	1.44522	2777	0	23
2015.06.11	08:00:00	1.44527	1.44551	1.44263	1.44265	3969	0	21
2015.06.11	09:00:00	1.44267	1.44342	1.43899	1.44063	10018	0	11
2015.06.11	10:00:00	1.44062	1.44282	1.43870	1.44176	10773	0	10
2015.06.11	11:00:00	1.44174	1.44924	1.44146	1.44651	9402	0	5
2015.06.11	12:00:00	1.44650	1.44937	1.44545	1.44684	4623	0	25
2015.06.11	13:00:00	1.44683	1.44773	1.44460	1.44480	7904	0	4
2015.06.11	14:00:00	1.44474	1.44749	1.44470	1.44686	8481	0	6
2015.06.11	15:00:00	1.44686	1.45144	1.44562	1.44847	15253	0	4
2015.06.11	16:00:00	1.44849	1.45039	1.44752	1.44976	15227	0	12
2015.06.11	17:00:00	1.44976	1.45413	1.44863	1.45029	14351	0	1
2015.06.11	18:00:00	1.45030	1.45180	1.44890	1.45089	11844	0	13
2015.06.11	19:00:00	1.45079	1.45204	1.44995	1.45066	5768	0	15
2015.06.11	20:00:00	1.45058	1.45192	1.45051	1.45145	4555	0	15
2015.06.11	21:00:00	1.45144	1.45160	1.44932	1.44942	5457	0	11
2015.06.11	22:00:00	1.44943	1.44986	1.44767	1.44887	4526	0	9
2015.06.11	23:00:00	1.44887	1.44945	1.44773	1.44827	2560	0	19
2015.06.12	00:00:00	1.44867	1.45270	1.43799	1.44818	241618	0	18
2015.06.12	01:00:00	1.44818	1.44894	1.44785	1.44834	3328	0	37
2015.06.12	02:00:00	1.44835	1.44887	1.44800	1.44877	1931	0	29
2015.06.12	03:00:00	1.44876	1.44902	1.44809	1.44833	3746	0	30
2015.06.12	04:00:00	1.44840	1.44914	1.44792	1.44792	3538	0	25
2015.06.12	05:00:00	1.44792	1.44855	1.44745	1.44813	2595	0	20
2015.06.12	06:00:00	1.44813	1.44833	1.44743	1.44804	2591	0	24
2015.06.12	07:00:00	1.44805	1.44891	1.44704	1.44870	4391	0	9
2015.06.12	08:00:00	1.44868	1.44882	1.44776	1.44796	4138	0	24
2015.06.12	09:00:00	1.44795	1.44878	1.44690	1.44876	7559	0	16
2015.06.12	10:00:00	1.44875	1.44918	1.44640	1.44854	4605	0	25
2015.06.12	11:00:00	1.44854	1.45293	1.44722	1.45081	5011	0	25
2015.06.12	12:00:00	1.45063	1.45243	1.44749	1.44833	4795	0	25
2015.06.12	13:00:00	1.44830	1.44976	1.44761	1.44920	4186	0	25
2015.06.12	14:00:00	1.44925	1.44931	1.44538	1.44569	4552	0	25
2015.06.12	15:00:00	1.44555	1.44637	1.44128	1.44170	4556	0	25
2015.06.12	16:00:00	1.44169	1.44186	1.43815	1.44092	4865	0	25
2015.06.12	17:00:00	1.44133	1.44375	1.44044	1.44261	5473	0	25
2015.06.12	18:00:00	1.44252	1.44459	1.44130	1.44353	5408	0	25
2015.06.12	19:00:00	1.44351	1.44432	1.43949	1.44101	5197	0	25
2015.06.12	20:00:00	1.44107	1.44280	1.44057	1.44266	4971	0	25
2015.06.12	21:00:00	1.44276	1.44404	1.44247	1.44358	5066	0	25
2015.06.12	22:00:00	1.44358	1.44620	1.44341	1.44597	4907	0	25
2015.06.12	23:00:00	1.44592	1.44612	1.44351	1.44464	4187	0	25
2015.06.15	00:00:00	1.44613	1.45702	1.44211	1.44593	171829	0	77
2015.06.15	01:00:00	1.44577	1.44639	1.44528	1.44601	490	0	66
2015.06.15	02:00:00	1.44600	1.44670	1.44538	1.44661	413	0	60
2015.06.15	03:00:00	1.44658	1.45033	1.44658	1.44821	511	0	56
2015.06.15	04:00:00	1.44813	1.45104	1.44789	1.45100	660	0	43
2015.06.15	05:00:00	1.45100	1.45145	1.44865	1.44872	8572	0	20
2015.06.15	06:00:00	1.44880	1.44880	1.44791	1.44813	348	0	52
2015.06.15	07:00:00	1.44813	1.44820	1.44738	1.44744	433	0	56
2015.06.15	08:00:00	1.44739	1.44886	1.44723	1.44886	1062	0	20
2015.06.15	09:00:00	1.44895	1.45020	1.44581	1.44608	3500	0	20
2015.06.15	10:00:00	1.44609	1.44782	1.44537	1.44613	4497	0	25
2015.06.15	11:00:00	1.44614	1.44657	1.44309	1.44460	4467	0	25
2015.06.15	12:00:00	1.44416	1.44536	1.44223	1.44484	6424	0	18
2015.06.15	13:00:00	1.44491	1.44650	1.44237	1.44614	8073	0	18
2015.06.15	14:00:00	1.44615	1.45156	1.44588	1.45131	6798	0	17
2015.06.15	15:00:00	1.45131	1.45421	1.45118	1.45404	9502	0	20
2015.06.15	16:00:00	1.45397	1.45652	1.45224	1.45252	12113	0	25
2015.06.15	17:00:00	1.45240	1.45475	1.45153	1.45336	9433	0	26
2015.06.15	18:00:00	1.45336	1.45675	1.45324	1.45583	9387	0	27
2015.06.15	19:00:00	1.45590	1.45695	1.45417	1.45469	6000	0	31
2015.06.15	20:00:00	1.45469	1.45718	1.45356	1.45380	5601	0	24
2015.06.15	21:00:00	1.45381	1.45403	1.45200	1.45301	5285	0	23
2015.06.15	22:00:00	1.45301	1.45301	1.44788	1.44912	4203	0	29
2015.06.15	23:00:00	1.44911	1.45023	1.44832	1.44959	2549	0	15
2015.06.16	00:00:00	1.44982	1.45929	1.44678	1.45010	124498	0	14
2015.06.16	01:00:00	1.45011	1.45040	1.44956	1.45025	3441	0	50
2015.06.16	02:00:00	1.45040	1.45060	1.44991	1.45025	1188	0	35
2015.06.16	03:00:00	1.45025	1.45192	1.45002	1.45113	2125	0	38
2015.06.16	04:00:00	1.45114	1.45318	1.45106	1.45255	3414	0	39
2015.06.16	05:00:00	1.45255	1.45283	1.45144	1.45186	2107	0	35
2015.06.16	06:00:00	1.45187	1.45199	1.45093	1.45119	1421	0	38
2015.06.16	07:00:00	1.45117	1.45166	1.45096	1.45131	1348	0	35
2015.06.16	08:00:00	1.45132	1.45204	1.45046	1.45080	2133	0	26
2015.06.16	09:00:00	1.45080	1.45169	1.44781	1.44922	8365	0	30
2015.06.16	10:00:00	1.44923	1.45065	1.44829	1.45042	9273	0	1
2015.06.16	11:00:00	1.45042	1.45238	1.44699	1.44731	7606	0	1
2015.06.16	12:00:00	1.44729	1.45196	1.44729	1.45083	7872	0	1
2015.06.16	13:00:00	1.45078	1.45239	1.45048	1.45175	6224	0	1
2015.06.16	14:00:00	1.45178	1.45697	1.45171	1.45681	7016	0	1
2015.06.16	15:00:00	1.45673	1.45845	1.45565	1.45575	9531	0	1
2015.06.16	16:00:00	1.45584	1.45763	1.45457	1.45579	9093	0	1
2015.06.16	17:00:00	1.45571	1.45773	1.45484	1.45488	9623	0	1
2015.06.16	18:00:00	1.45494	1.45831	1.45453	1.45822	6852	0	1
2015.06.16	19:00:00	1.45821	1.45933	1.45783	1.45868	4761	0	1
2015.06.16	20:00:00	1.45868	1.45957	1.45806	1.45829	3286	0	1
2015.06.16	21:00:00	1.45828	1.45961	1.45772	1.45898	2894	0	1
2015.06.16	22:00:00	1.45891	1.45925	1.45803	1.45872	2487	0	2
2015.06.16	23:00:00	1.45866	1.45917	1.45786	1.45852	2325	0	5
2015.06.17	00:00:00	1.45845	1.46249	1.44370	1.45875	198900	0	22
2015.06.17	01:00:00	1.45878	1.45905	1.45767	1.45788	3772	0	23
2015.06.17	02:00:00	1.45789	1.45816	1.45702	1.45719	1415	0	5
2015.06.17	03:00:00	1.45725	1.45786	1.45692	1.45711	660	0	12
2015.06.17	04:00:00	1.45716	1.45717	1.45560	1.45582	829	0	5
2015.06.17	05:00:00	1.45583	1.45653	1.45576	1.45612	1240	0	8
2015.06.17	06:00:00	1.45613	1.45638	1.45546	1.45600	1759	0	6
2015.06.17	07:00:00	1.45600	1.45633	1.45562	1.45605	1086	0	2
2015.06.17	08:00:00	1.45605	1.45660	1.45558	1.45616	1994	0	8
2015.06.17	09:00:00	1.45616	1.45710	1.45316	1.45477	7159	0	1
2015.06.17	10:00:00	1.45473	1.45480	1.44401	1.44739	10044	0	1
2015.06.17	11:00:00	1.44739	1.45657	1.44675	1.45564	12448	0	1
2015.06.17	12:00:00	1.45564	1.46073	1.45536	1.46059	8652	0	1
2015.06.17	13:00:00	1.46056	1.46266	1.46010	1.46233	8137	0	1
2015.06.17	14:00:00	1.46231	1.46285	1.45864	1.45889	8259	0	1
2015.06.17	15:00:00	1.45889	1.45967	1.45736	1.45958	9226	0	1
2015.06.17	16:00:00	1.45958	1.45972	1.45702	1.45828	8241	0	1
2015.06.17	17:00:00	1.45840	1.46176	1.45761	1.46039	11856	0	1
2015.06.17	18:00:00	1.46039	1.46143	1.45557	1.45632	9302	0	1
2015.06.17	19:00:00	1.45633	1.45730	1.45551	1.45620	6090	0	1
2015.06.17	20:00:00	1.45620	1.45788	1.45492	1.45492	6550	0	1
2015.06.17	21:00:00	1.45494	1.46122	1.45417	1.45949	17813	0	2
2015.06.17	22:00:00	1.45944	1.46002	1.45723	1.45984	11145	0	1
2015.06.17	23:00:00	1.45988	1.46044	1.45811	1.45954	4692	0	8
2015.06.18	00:00:00	1.45955	1.46551	1.45506	1.45951	234733	0	32
2015.06.18	01:00:00	1.45962	1.46034	1.45916	1.45937	5227	0	23
2015.06.18	02:00:00	1.45937	1.46106	1.45899	1.45978	3108	0	10
2015.06.18	03:00:00	1.45970	1.45976	1.45707	1.45741	3217	0	7
2015.06.18	04:00:00	1.45748	1.45915	1.45730	1.45853	3098	0	8
2015.06.18	05:00:00	1.45846	1.45863	1.45792	1.45847	2099	0	6
2015.06.18	06:00:00	1.45846	1.45852	1.45760	1.45774	2142	0	3
2015.06.18	07:00:00	1.45774	1.45786	1.45651	1.45667	2582	0	9
2015.06.18	08:00:00	1.45668	1.45740	1.45580	1.45599	3956	0	2
2015.06.18	09:00:00	1.45604	1.45855	1.45530	1.45735	8683	0	2
2015.06.18	10:00:00	1.45742	1.46177	1.45731	1.46027	12120	0	1
2015.06.18	11:00:00	1.46026	1.46089	1.45597	1.45880	14019	0	1
2015.06.18	12:00:00	1.45878	1.46158	1.45751	1.45761	11510	0	1
2015.06.18	13:00:00	1.45761	1.46083	1.45741	1.45767	9235	0	1
2015.06.18	14:00:00	1.45767	1.46099	1.45664	1.45954	7917	0	1
2015.06.18	15:00:00	1.45947	1.46147	1.45694	1.45806	13346	0	1
2015.06.18	16:00:00	1.45806	1.45815	1.45537	1.45777	10103	0	1
2015.06.18	17:00:00	1.45771	1.45970	1.45706	1.45872	12570	0	1
2015.06.18	18:00:00	1.45868	1.46162	1.45690	1.46056	9590	0	1
2015.06.18	19:00:00	1.46061	1.46574	1.46052	1.46497	11464	0	1
2015.06.18	20:00:00	1.46496	1.46541	1.46288	1.46346	7124	0	1
2015.06.18	21:00:00	1.46345	1.46470	1.46243	1.46329	3663	0	1
2015.06.18	22:00:00	1.46333	1.46437	1.46301	1.46327	4357	0	1
2015.06.18	23:00:00	1.46323	1.46386	1.46254	1.46259	2625	0	1
2015.06.19	00:00:00	1.46235	1.46728	1.45468	1.46299	138734	0	28
2015.06.19	01:00:00	1.46301	1.46333	1.46149	1.46218	3874	0	4
2015.06.19	02:00:00	1.46218	1.46329	1.46206	1.46310	1485	0	2
2015.06.19	03:00:00	1.46318	1.46345	1.46233	1.46313	2643	0	1
2015.06.19	04:00:00	1.46311	1.46355	1.46270	1.46328	2230	0	1
2015.06.19	05:00:00	1.46328	1.46373	1.46301	1.46372	1543	0	1
2015.06.19	06:00:00	1.46371	1.46388	1.46314	1.46325	1317	0	1
2015.06.19	07:00:00	1.46324	1.46426	1.46305	1.46343	1870	0	1
2015.06.19	08:00:00	1.46347	1.46396	1.46282	1.46306	2920	0	1
2015.06.19	09:00:00	1.46308	1.46511	1.46284	1.46389	7594	0	1
2015.06.19	10:00:00	1.46389	1.46638	1.46313	1.46418	10549	0	1
2015.06.19	11:00:00	1.46417	1.46524	1.46275	1.46298	9121	0	1
2015.06.19	12:00:00	1.46298	1.46404	1.46152	1.46376	7610	0	1
2015.06.19	13:00:00	1.46374	1.46545	1.46225	1.46242	6992	0	1
2015.06.19	14:00:00	1.46245	1.46512	1.46186	1.46477	6901	0	1
2015.06.19	15:00:00	1.46478	1.46627	1.46399	1.46531	8462	0	1
2015.06.19	16:00:00	1.46537	1.46771	1.46434	1.46563	9536	0	1
2015.06.19	17:00:00	1.46562	1.46653	1.46403	1.46487	9034	0	1
2015.06.19	18:00:00	1.46487	1.46519	1.46139	1.46190	7462	0	1
2015.06.19	19:00:00	1.46190	1.46206	1.45882	1.46110	4314	0	1
2015.06.19	20:00:00	1.46106	1.46156	1.45756	1.45762	4695	0	1
2015.06.19	21:00:00	1.45765	1.45765	1.45554	1.45663	3797	0	1
2015.06.19	22:00:00	1.45671	1.45707	1.45498	1.45577	2881	0	1
2015.06.19	23:00:00	1.45582	1.45789	1.45527	1.45757	2251	0	1
2015.06.22	00:00:00	1.45562	1.46184	1.45024	1.45453	166967	0	112
2015.06.22	01:00:00	1.45468	1.45727	1.45468	1.45705	3360	0	12
2015.06.22	02:00:00	1.45705	1.45793	1.45676	1.45791	1606	0	1
2015.06.22	03:00:00	1.45790	1.45803	1.45671	1.45703	1716	0	1
2015.06.22	04:00:00	1.45707	1.45722	1.45584	1.45675	2658	0	1
2015.06.22	05:00:00	1.45676	1.45807	1.45628	1.45776	1868	0	1
2015.06.22	06:00:00	1.45776	1.45827	1.45735	1.45796	1398	0	1
2015.06.22	07:00:00	1.45794	1.45820	1.45743	1.45801	1915	0	1
2015.06.22	08:00:00	1.45800	1.45974	1.45791	1.45921	2519	0	1
2015.06.22	09:00:00	1.45920	1.46015	1.45715	1.45941	7461	0	1
2015.06.22	10:00:00	1.45942	1.46141	1.45707	1.45880	10328	0	1
2015.06.22	11:00:00	1.45878	1.46224	1.45863	1.46021	8747	0	1
2015.06.22	12:00:00	1.46022	1.46103	1.45824	1.45901	7833	0	1
2015.06.22	13:00:00	1.45901	1.46038	1.45582	1.45630	8270	0	1
2015.06.22	14:00:00	1.45626	1.45923	1.45515	1.45891	7093	0	1
2015.06.22	15:00:00	1.45890	1.45924	1.45077	1.45424	10678	0	1
2015.06.22	16:00:00	1.45424	1.45911	1.45237	1.45721	12050	0	1
2015.06.22	17:00:00	1.45721	1.45965	1.45054	1.45097	14130	0	1
2015.06.22	18:00:00	1.45096	1.45425	1.45069	1.45390	10617	0	1
2015.06.22	19:00:00	1.45391	1.45798	1.45389	1.45705	8146	0	1
2015.06.22	20:00:00	1.45703	1.45807	1.45628	1.45805	5099	0	1
2015.06.22	21:00:00	1.45805	1.45888	1.45679	1.45879	3536	0	1
2015.06.22	22:00:00	1.45879	1.45925	1.45783	1.45817	4262	0	1
2015.06.22	23:00:00	1.45815	1.45900	1.45759	1.45799	2738	0	1
2015.06.23	00:00:00	1.45792	1.47649	1.45501	1.45785	195066	0	28
2015.06.23	01:00:00	1.45786	1.45832	1.45775	1.45805	2754	0	12
2015.06.23	02:00:00	1.45802	1.45889	1.45780	1.45886	1443	0	2
2015.06.23	03:00:00	1.45886	1.45893	1.45794	1.45873	1588	0	1
2015.06.23	04:00:00	1.45873	1.45934	1.45520	1.45704	2735	0	1
2015.06.23	05:00:00	1.45705	1.46321	1.45564	1.46298	5581	0	1
2015.06.23	06:00:00	1.46297	1.46454	1.46201	1.46352	3379	0	1
2015.06.23	07:00:00	1.46353	1.46357	1.46183	1.46293	2757	0	1
2015.06.23	08:00:00	1.46292	1.46382	1.46195	1.46245	3151	0	1
2015.06.23	09:00:00	1.46245	1.46595	1.46228	1.46460	10355	0	1
2015.06.23	10:00:00	1.46466	1.46661	1.46297	1.46336	9715	0	1
2015.06.23	11:00:00	1.46341	1.46753	1.46313	1.46668	9809	0	1
2015.06.23	12:00:00	1.46676	1.47139	1.46614	1.46961	8277	0	1
2015.06.23	13:00:00	1.46961	1.47196	1.46912	1.47144	7666	0	1
2015.06.23	14:00:00	1.47144	1.47324	1.47105	1.47233	8546	0	1
2015.06.23	15:00:00	1.47233	1.47629	1.47087	1.47612	15387	0	1
2015.06.23	16:00:00	1.47611	1.47686	1.47366	1.47490	14364	0	1
2015.06.23	17:00:00	1.47490	1.47515	1.46766	1.46912	13144	0	1
2015.06.23	18:00:00	1.46913	1.47133	1.46857	1.47062	10504	0	1
2015.06.23	19:00:00	1.47069	1.47152	1.46888	1.46946	6264	0	1
2015.06.23	20:00:00	1.46945	1.46951	1.46775	1.46796	4742	0	1
2015.06.23	21:00:00	1.46790	1.47020	1.46718	1.46987	4389	0	1
2015.06.23	22:00:00	1.46994	1.47033	1.46872	1.46954	5043	0	1
2015.06.23	23:00:00	1.46940	1.46982	1.46852	1.46882	3794	0	1
2015.06.24	00:00:00	1.46892	1.47230	1.46442	1.46912	166631	0	28
2015.06.24	01:00:00	1.46912	1.46945	1.46851	1.46913	3289	0	13
2015.06.24	02:00:00	1.46913	1.46947	1.46891	1.46918	1404	0	3
2015.06.24	03:00:00	1.46912	1.47020	1.46894	1.46989	2015	0	1
2015.06.24	04:00:00	1.46993	1.47019	1.46850	1.46910	2255	0	1
2015.06.24	05:00:00	1.46913	1.46936	1.46835	1.46899	2136	0	1
2015.06.24	06:00:00	1.46898	1.46925	1.46871	1.46888	985	0	1
2015.06.24	07:00:00	1.46881	1.47043	1.46820	1.47010	2372	0	1
2015.06.24	08:00:00	1.47010	1.47119	1.46892	1.46910	4153	0	1
2015.06.24	09:00:00	1.46909	1.47191	1.46891	1.47183	9173	0	1
2015.06.24	10:00:00	1.47180	1.47264	1.46594	1.46600	11274	0	1
2015.06.24	11:00:00	1.46626	1.47021	1.46617	1.46953	11462	0	1
2015.06.24	12:00:00	1.46952	1.47152	1.46830	1.46900	12105	0	1
2015.06.24	13:00:00	1.46900	1.47044	1.46824	1.46832	10737	0	1
2015.06.24	14:00:00	1.46830	1.46965	1.46787	1.46817	8439	0	1
2015.06.24	15:00:00	1.46816	1.47085	1.46619	1.47072	11598	0	1
2015.06.24	16:00:00	1.47064	1.47228	1.46987	1.47014	10947	0	1
2015.06.24	17:00:00	1.47013	1.47075	1.46891	1.46988	12611	0	1
2015.06.24	18:00:00	1.46989	1.47088	1.46673	1.46791	11079	0	1
2015.06.24	19:00:00	1.46785	1.46877	1.46649	1.46710	6786	0	5
2015.06.24	20:00:00	1.46709	1.46805	1.46464	1.46591	6222	0	1
2015.06.24	21:00:00	1.46587	1.46652	1.46482	1.46616	4484	0	9
2015.06.24	22:00:00	1.46620	1.46672	1.46507	1.46607	3131	0	11
2015.06.24	23:00:00	1.46609	1.46668	1.46545	1.46630	3491	0	9
2015.06.25	00:00:00	1.46617	1.47913	1.46313	1.46582	145337	0	28
2015.06.25	01:00:00	1.46581	1.46682	1.46563	1.46596	2781	0	33
2015.06.25	02:00:00	1.46596	1.46689	1.46564	1.46618	2468	0	19
2015.06.25	03:00:00	1.46618	1.46654	1.46523	1.46549	2152	0	18
2015.06.25	04:00:00	1.46550	1.46660	1.46529	1.46601	2057	0	14
2015.06.25	05:00:00	1.46601	1.46643	1.46534	1.46564	1742	0	18
2015.06.25	06:00:00	1.46564	1.46570	1.46474	1.46527	1819	0	15
2015.06.25	07:00:00	1.46527	1.46588	1.46481	1.46502	1716	0	18
2015.06.25	08:00:00	1.46504	1.46544	1.46343	1.46425	2310	0	13
2015.06.25	09:00:00	1.46425	1.46887	1.46332	1.46786	7771	0	5
2015.06.25	10:00:00	1.46786	1.46850	1.46627	1.46824	9664	0	1
2015.06.25	11:00:00	1.46825	1.47147	1.46687	1.47019	9448	0	8
2015.06.25	12:00:00	1.47019	1.47393	1.46985	1.47259	11753	0	2
2015.06.25	13:00:00	1.47259	1.47732	1.47241	1.47640	10766	0	1
2015.06.25	14:00:00	1.47638	1.47944	1.47611	1.47759	9020	0	2
2015.06.25	15:00:00	1.47765	1.47813	1.47401	1.47744	11083	0	2
2015.06.25	16:00:00	1.47744	1.47916	1.47157	1.47577	11710	0	2
2015.06.25	17:00:00	1.47570	1.47617	1.47304	1.47530	10783	0	8
2015.06.25	18:00:00	1.47525	1.47781	1.47393	1.47443	8176	0	1
2015.06.25	19:00:00	1.47442	1.47455	1.47200	1.47322	3964	0	7
2015.06.25	20:00:00	1.47313	1.47513	1.47296	1.47486	3946	0	1
2015.06.25	21:00:00	1.47482	1.47495	1.47231	1.47301	3524	0	14
2015.06.25	22:00:00	1.47301	1.47495	1.47289	1.47443	3383	0	4
2015.06.25	23:00:00	1.47438	1.47493	1.47322	1.47468	3106	0	6
2015.06.26	00:00:00	1.47483	1.47604	1.46350	1.47356	154513	0	28
2015.06.26	01:00:00	1.47356	1.47482	1.47333	1.47464	3382	0	28
2015.06.26	02:00:00	1.47465	1.47514	1.47432	1.47462	1058	0	13
2015.06.26	03:00:00	1.47463	1.47466	1.47282	1.47308	2235	0	17
2015.06.26	04:00:00	1.47307	1.47357	1.47245	1.47301	3070	0	8
2015.06.26	05:00:00	1.47302	1.47415	1.47290	1.47409	2549	0	12
2015.06.26	06:00:00	1.47410	1.47449	1.47357	1.47377	2387	0	19
2015.06.26	07:00:00	1.47377	1.47394	1.47319	1.47325	1699	0	16
2015.06.26	08:00:00	1.47326	1.47531	1.47319	1.47487	2396	0	20
2015.06.26	09:00:00	1.47486	1.47539	1.47254	1.47347	7309	0	9
2015.06.26	10:00:00	1.47346	1.47347	1.47018	1.47046	8767	0	6
2015.06.26	11:00:00	1.47055	1.47093	1.46896	1.46919	8100	0	4
2015.06.26	12:00:00	1.46925	1.47028	1.46781	1.46890	6798	0	1
2015.06.26	13:00:00	1.46891	1.46953	1.46376	1.46563	7630	0	1
2015.06.26	14:00:00	1.46561	1.46780	1.46506	1.46655	8180	0	6
2015.06.26	15:00:00	1.46655	1.46973	1.46590	1.46931	9068	0	1
2015.06.26	16:00:00	1.46930	1.47112	1.46791	1.46846	10897	0	4
2015.06.26	17:00:00	1.46855	1.47116	1.46653	1.47035	11975	0	3
2015.06.26	18:00:00	1.47041	1.47261	1.47007	1.47167	10622	0	5
2015.06.26	19:00:00	1.47166	1.47362	1.47082	1.47095	6214	0	7
2015.06.26	20:00:00	1.47098	1.47155	1.46898	1.47052	4734	0	11
2015.06.26	21:00:00	1.47046	1.47350	1.46979	1.47306	4259	0	7
2015.06.26	22:00:00	1.47312	1.47338	1.46969	1.47023	2943	0	5
2015.06.26	23:00:00	1.47016	1.47071	1.46909	1.46947	2518	0	14
2015.06.29	00:00:00	1.47247	1.47983	1.45415	1.47480	238692	0	47
2015.06.29	01:00:00	1.47465	1.47597	1.47001	1.47455	9982	0	56
2015.06.29	02:00:00	1.47454	1.47572	1.47352	1.47506	4676	0	63
2015.06.29	03:00:00	1.47506	1.47593	1.47088	1.47232	7027	0	27
2015.06.29	04:00:00	1.47234	1.47516	1.47228	1.47493	2822	0	25
2015.06.29	05:00:00	1.47493	1.47560	1.47345	1.47532	2839	0	28
2015.06.29	06:00:00	1.47532	1.47553	1.47396	1.47473	3449	0	18
2015.06.29	07:00:00	1.47473	1.47506	1.47385	1.47434	2091	0	27
2015.06.29	08:00:00	1.47429	1.47592	1.47261	1.47366	5008	0	24
2015.06.29	09:00:00	1.47369	1.47549	1.46730	1.46888	14398	0	19
2015.06.29	10:00:00	1.46886	1.47996	1.46757	1.47347	12033	0	14
2015.06.29	11:00:00	1.47346	1.47449	1.47052	1.47119	11188	0	9
2015.06.29	12:00:00	1.47127	1.47237	1.46881	1.46968	8821	0	7
2015.06.29	13:00:00	1.46980	1.47067	1.46465	1.46537	9410	0	4
2015.06.29	14:00:00	1.46537	1.46708	1.46344	1.46578	7952	0	2
2015.06.29	15:00:00	1.46584	1.46741	1.46371	1.46718	9343	0	1
2015.06.29	16:00:00	1.46716	1.46852	1.46342	1.46342	10393	0	6
2015.06.29	17:00:00	1.46347	1.46417	1.45886	1.46271	12885	0	7
2015.06.29	18:00:00	1.46271	1.46463	1.46182	1.46272	11086	0	6
2015.06.29	19:00:00	1.46276	1.46455	1.45606	1.45782	6551	0	4
2015.06.29	20:00:00	1.45790	1.45915	1.45432	1.45732	7928	0	3
2015.06.29	21:00:00	1.45731	1.45856	1.45532	1.45666	5899	0	12
2015.06.29	22:00:00	1.45677	1.45832	1.45559	1.45575	4037	0	11
2015.06.29	23:00:00	1.45568	1.45698	1.45492	1.45545	3756	0	12
2015.06.30	00:00:00	1.45516	1.47379	1.45440	1.45494	170137	0	28
2015.06.30	01:00:00	1.45494	1.45612	1.45445	1.45572	3053	0	27
2015.06.30	02:00:00	1.45573	1.45657	1.45561	1.45612	1735	0	23
2015.06.30	03:00:00	1.45614	1.45762	1.45614	1.45709	2958	0	18
2015.06.30	04:00:00	1.45708	1.45857	1.45645	1.45840	2645	0	18
2015.06.30	05:00:00	1.45839	1.45880	1.45750	1.45849	2327	0	14
2015.06.30	06:00:00	1.45850	1.46203	1.45821	1.46197	2296	0	16
2015.06.30	07:00:00	1.46198	1.46386	1.46197	1.46367	1727	0	18
2015.06.30	08:00:00	1.46367	1.46367	1.46206	1.46261	1828	0	1
2015.06.30	09:00:00	1.46261	1.46502	1.46088	1.46321	7787	0	10
2015.06.30	10:00:00	1.46320	1.46453	1.46100	1.46290	10386	0	4
2015.06.30	11:00:00	1.46302	1.46605	1.46239	1.46426	10310	0	3
2015.06.30	12:00:00	1.46425	1.46483	1.46131	1.46188	10641	0	8
2015.06.30	13:00:00	1.46187	1.46297	1.45941	1.46086	9467	0	3
2015.06.30	14:00:00	1.46084	1.46307	1.46043	1.46251	8111	0	4
2015.06.30	15:00:00	1.46250	1.46608	1.46206	1.46578	9667	0	2
2015.06.30	16:00:00	1.46577	1.46777	1.46463	1.46466	12537	0	7
2015.06.30	17:00:00	1.46469	1.47126	1.46365	1.47088	13767	0	6
2015.06.30	18:00:00	1.47087	1.47395	1.46974	1.46985	11407	0	7
2015.06.30	19:00:00	1.46984	1.47386	1.46877	1.47033	7712	0	11
2015.06.30	20:00:00	1.47033	1.47201	1.46938	1.47032	5078	0	10
2015.06.30	21:00:00	1.47031	1.47183	1.46976	1.47133	4900	0	10
2015.06.30	22:00:00	1.47133	1.47140	1.46885	1.46899	3676	0	9
2015.06.30	23:00:00	1.46898	1.46977	1.46835	1.46883	3059	0	3
2015.07.01	00:00:00	1.47010	1.48087	1.46551	1.46819	152668	0	43
2015.07.01	01:00:00	1.46828	1.46988	1.46758	1.46760	4745	0	42
2015.07.01	02:00:00	1.46756	1.46759	1.46557	1.46633	5422	0	60
2015.07.01	03:00:00	1.46628	1.46739	1.46491	1.46680	4834	0	35
2015.07.01	04:00:00	1.46680	1.46798	1.46631	1.46746	3069	0	24
2015.07.01	05:00:00	1.46746	1.46841	1.46725	1.46787	2341	0	1
2015.07.01	06:00:00	1.46787	1.46831	1.46749	1.46822	1606	0	7
2015.07.01	07:00:00	1.46822	1.46949	1.46822	1.46939	1481	0	15
2015.07.01	08:00:00	1.46944	1.46968	1.46887	1.46887	1837	0	19
2015.07.01	09:00:00	1.46887	1.47167	1.46838	1.47120	6778	0	11
2015.07.01	10:00:00	1.47120	1.47744	1.47093	1.47602	10038	0	4
2015.07.01	11:00:00	1.47598	1.47921	1.46724	1.46908	10461	0	1
2015.07.01	12:00:00	1.46904	1.47206	1.46636	1.47035	11494	0	6
2015.07.01	13:00:00	1.47036	1.47499	1.46980	1.47472	7474	0	2
2015.07.01	14:00:00	1.47463	1.47556	1.47346	1.47376	5671	0	1
2015.07.01	15:00:00	1.47371	1.47649	1.47155	1.47347	10353	0	1
2015.07.01	16:00:00	1.47347	1.47746	1.47299	1.47408	9275	0	1
2015.07.01	17:00:00	1.47404	1.47670	1.47265	1.47658	12717	0	3
2015.07.01	18:00:00	1.47660	1.47774	1.47506	1.47692	9661	0	3
2015.07.01	19:00:00	1.47688	1.47828	1.47563	1.47752	5286	0	5
2015.07.01	20:00:00	1.47750	1.47970	1.47714	1.47825	5248	0	5
2015.07.01	21:00:00	1.47825	1.48040	1.47786	1.48027	4743	0	4
2015.07.01	22:00:00	1.48036	1.48099	1.47951	1.48053	3252	0	2
2015.07.01	23:00:00	1.48060	1.48104	1.47959	1.48039	2497	0	6
2015.07.02	00:00:00	1.48061	1.48315	1.46984	1.48014	192770	0	28
2015.07.02	01:00:00	1.48009	1.48085	1.47978	1.47985	2881	0	25
2015.07.02	02:00:00	1.47989	1.48094	1.47989	1.48028	837	0	18
2015.07.02	03:00:00	1.48034	1.48088	1.47946	1.47993	1500	0	19
2015.07.02	04:00:00	1.47992	1.47993	1.47844	1.47891	1442	0	17
2015.07.02	05:00:00	1.47891	1.47934	1.47674	1.47780	2187	0	15
2015.07.02	06:00:00	1.47781	1.47819	1.47717	1.47745	1226	0	16
2015.07.02	07:00:00	1.47745	1.47798	1.47682	1.47701	1345	0	17
2015.07.02	08:00:00	1.47702	1.47748	1.47538	1.47582	2050	0	18
2015.07.02	09:00:00	1.47582	1.47752	1.47425	1.47473	7229	0	9
2015.07.02	10:00:00	1.47472	1.47900	1.47437	1.47862	12018	0	7
2015.07.02	11:00:00	1.47861	1.47987	1.47657	1.47773	11522	0	1
2015.07.02	12:00:00	1.47768	1.48318	1.47750	1.48317	9848	0	1
2015.07.02	13:00:00	1.48315	1.48359	1.47986	1.48021	8695	0	1
2015.07.02	14:00:00	1.48022	1.48200	1.47863	1.47985	9036	0	1
2015.07.02	15:00:00	1.47984	1.48105	1.47132	1.47317	12833	0	1
2015.07.02	16:00:00	1.47320	1.47399	1.47141	1.47151	10132	0	1
2015.07.02	17:00:00	1.47146	1.47438	1.47017	1.47253	10617	0	1
2015.07.02	18:00:00	1.47253	1.47459	1.47185	1.47350	7825	0	1
2015.07.02	19:00:00	1.47352	1.47483	1.47286	1.47463	3008	0	1
2015.07.02	20:00:00	1.47463	1.47517	1.47321	1.47328	1864	0	1
2015.07.02	21:00:00	1.47332	1.47398	1.47194	1.47194	1996	0	1
2015.07.02	22:00:00	1.47199	1.47291	1.47143	1.47248	1836	0	1
2015.07.02	23:00:00	1.47243	1.47317	1.47236	1.47249	1895	0	1
2015.07.03	00:00:00	1.47219	1.47394	1.46366	1.47193	126965	0	11
2015.07.03	01:00:00	1.47189	1.47309	1.47141	1.47167	4083	0	10
2015.07.03	02:00:00	1.47166	1.47288	1.47164	1.47288	520	0	26
2015.07.03	03:00:00	1.47287	1.47304	1.47211	1.47244	954	0	19
2015.07.03	04:00:00	1.47243	1.47277	1.47209	1.47227	1513	0	8
2015.07.03	05:00:00	1.47226	1.47264	1.47179	1.47235	706	0	7
2015.07.03	06:00:00	1.47236	1.47263	1.47204	1.47251	581	0	11
2015.07.03	07:00:00	1.47250	1.47253	1.47073	1.47151	622	0	3
2015.07.03	08:00:00	1.47156	1.47166	1.47060	1.47114	824	0	2
2015.07.03	09:00:00	1.47113	1.47183	1.47011	1.47073	4538	0	1
2015.07.03	10:00:00	1.47074	1.47225	1.47012	1.47078	8544	0	1
2015.07.03	11:00:00	1.47077	1.47267	1.46915	1.47172	8001	0	1
2015.07.03	12:00:00	1.47171	1.47280	1.47052	1.47157	5781	0	1
2015.07.03	13:00:00	1.47157	1.47308	1.47137	1.47236	5739	0	1
2015.07.03	14:00:00	1.47239	1.47399	1.47180	1.47278	6979	0	1
2015.07.03	15:00:00	1.47277	1.47424	1.47161	1.47199	7874	0	1
2015.07.03	16:00:00	1.47199	1.47219	1.46834	1.46862	6886	0	1
2015.07.03	17:00:00	1.46862	1.46947	1.46725	1.46943	7505	0	1
2015.07.03	18:00:00	1.46943	1.47032	1.46429	1.46599	8273	0	1
2015.07.03	19:00:00	1.46600	1.46901	1.46443	1.46901	3604	0	1
2015.07.03	20:00:00	1.46894	1.46894	1.46582	1.46734	2985	0	6
2015.07.03	21:00:00	1.46750	1.46771	1.46515	1.46687	2087	0	13
2015.07.03	22:00:00	1.46693	1.46715	1.46484	1.46491	2423	0	17
2015.07.03	23:00:00	1.46503	1.46759	1.46160	1.46274	571	0	100
2015.07.06	00:00:00	1.46787	1.47357	1.46462	1.46577	179510	0	45
2015.07.06	01:00:00	1.46592	1.46965	1.46380	1.46689	5050	0	61
2015.07.06	02:00:00	1.46689	1.46824	1.46623	1.46820	3102	0	55
2015.07.06	03:00:00	1.46825	1.46896	1.46630	1.46653	3600	0	47
2015.07.06	04:00:00	1.46651	1.46781	1.46570	1.46759	3507	0	55
2015.07.06	05:00:00	1.46758	1.46828	1.46734	1.46812	3403	0	59
2015.07.06	06:00:00	1.46812	1.46941	1.46781	1.46893	2812	0	20
2015.07.06	07:00:00	1.46894	1.46956	1.46828	1.46852	1685	0	36
2015.07.06	08:00:00	1.46849	1.46997	1.46670	1.46747	2581	0	46
2015.07.06	09:00:00	1.46747	1.47029	1.46673	1.46694	8859	0	45
2015.07.06	10:00:00	1.46701	1.46852	1.46473	1.46744	12549	0	49
2015.07.06	11:00:00	1.46743	1.46949	1.46688	1.46911	10882	0	34
2015.07.06	12:00:00	1.46913	1.47079	1.46768	1.47052	9510	0	33
2015.07.06	13:00:00	1.47054	1.47159	1.47004	1.47090	9105	0	33
2015.07.06	14:00:00	1.47089	1.47237	1.46826	1.47104	9266	0	28
2015.07.06	15:00:00	1.47105	1.47244	1.47026	1.47131	7547	0	35
2015.07.06	16:00:00	1.47132	1.47252	1.47044	1.47077	7985	0	33
2015.07.06	17:00:00	1.47073	1.47273	1.46810	1.47192	10613	0	34
2015.07.06	18:00:00	1.47194	1.47362	1.47041	1.47312	8938	0	35
2015.07.06	19:00:00	1.47312	1.47343	1.46991	1.47134	5397	0	19
2015.07.06	20:00:00	1.47139	1.47276	1.47042	1.47087	4182	0	44
2015.07.06	21:00:00	1.47087	1.47115	1.46975	1.47088	3007	0	39
2015.07.06	22:00:00	1.47088	1.47147	1.47027	1.47027	1738	0	6
2015.07.06	23:00:00	1.47024	1.47112	1.47024	1.47052	1335	0	2
2015.07.07	00:00:00	1.47050	1.47285	1.46002	1.47019	216185	0	35
2015.07.07	01:00:00	1.47019	1.47085	1.46972	1.47057	1887	0	24
2015.07.07	02:00:00	1.47058	1.47098	1.47026	1.47079	629	0	10
2015.07.07	03:00:00	1.47085	1.47194	1.47046	1.47087	941	0	12
2015.07.07	04:00:00	1.47089	1.47181	1.47006	1.47101	1376	0	5
2015.07.07	05:00:00	1.47104	1.47129	1.47033	1.47033	913	0	7
2015.07.07	06:00:00	1.47034	1.47145	1.47012	1.47124	1139	0	17
2015.07.07	07:00:00	1.47126	1.47165	1.47068	1.47115	1021	0	12
2015.07.07	08:00:00	1.47115	1.47242	1.47109	1.47191	1281	0	11
2015.07.07	09:00:00	1.47192	1.47278	1.46972	1.47120	5707	0	43
2015.07.07	10:00:00	1.47138	1.47222	1.46727	1.46960	9081	0	20
2015.07.07	11:00:00	1.46957	1.47240	1.46865	1.46902	8121	0	38
2015.07.07	12:00:00	1.46897	1.46999	1.46590	1.46748	7662	0	38
2015.07.07	13:00:00	1.46747	1.46756	1.46332	1.46521	5744	0	32
2015.07.07	14:00:00	1.46526	1.46715	1.46471	1.46587	6201	0	34
2015.07.07	15:00:00	1.46587	1.46795	1.46449	1.46644	8169	0	19
2015.07.07	16:00:00	1.46643	1.46750	1.46257	1.46415	9186	0	28
2015.07.07	17:00:00	1.46414	1.46670	1.46259	1.46498	12396	0	36
2015.07.07	18:00:00	1.46501	1.46554	1.46299	1.46448	11123	0	34
2015.07.07	19:00:00	1.46446	1.46489	1.46210	1.46443	9561	0	42
2015.07.07	20:00:00	1.46443	1.46568	1.46283	1.46409	6090	0	44
2015.07.07	21:00:00	1.46409	1.46428	1.46131	1.46131	3650	0	40
2015.07.07	22:00:00	1.46138	1.46325	1.46004	1.46250	8192	0	36
2015.07.07	23:00:00	1.46246	1.46378	1.46197	1.46295	2206	0	35
2015.07.08	00:00:00	1.46354	1.46430	1.44631	1.46276	205902	0	35
2015.07.08	01:00:00	1.46276	1.46401	1.46252	1.46320	2727	0	35
2015.07.08	02:00:00	1.46320	1.46356	1.46270	1.46349	1120	0	13
2015.07.08	03:00:00	1.46349	1.46362	1.46192	1.46223	856	0	53
2015.07.08	04:00:00	1.46229	1.46259	1.46033	1.46151	1199	0	47
2015.07.08	05:00:00	1.46147	1.46179	1.46027	1.46121	905	0	3
2015.07.08	06:00:00	1.46122	1.46180	1.45969	1.46011	783	0	9
2015.07.08	07:00:00	1.46010	1.46033	1.45925	1.45947	984	0	17
2015.07.08	08:00:00	1.45947	1.46166	1.45856	1.46102	2968	0	11
2015.07.08	09:00:00	1.46102	1.46254	1.45722	1.45756	7372	0	37
2015.07.08	10:00:00	1.45758	1.45769	1.45325	1.45372	8165	0	37
2015.07.08	11:00:00	1.45374	1.45572	1.45199	1.45208	6066	0	41
2015.07.08	12:00:00	1.45209	1.45246	1.44945	1.45173	6271	0	20
2015.07.08	13:00:00	1.45173	1.45547	1.44645	1.45528	6783	0	36
2015.07.08	14:00:00	1.45525	1.46063	1.45503	1.46035	7403	0	22
2015.07.08	15:00:00	1.46035	1.46133	1.45661	1.45891	6820	0	19
2015.07.08	16:00:00	1.45891	1.45991	1.45534	1.45742	10358	0	38
2015.07.08	17:00:00	1.45743	1.45960	1.45603	1.45819	12170	0	31
2015.07.08	18:00:00	1.45819	1.45883	1.45148	1.45177	11932	0	21
2015.07.08	19:00:00	1.45177	1.45488	1.45177	1.45297	8443	0	39
2015.07.08	20:00:00	1.45295	1.45489	1.45146	1.45372	5298	0	46
2015.07.08	21:00:00	1.45335	1.45476	1.45175	1.45198	6828	0	46
2015.07.08	22:00:00	1.45180	1.45299	1.45148	1.45215	5348	0	45
2015.07.08	23:00:00	1.45209	1.45276	1.45166	1.45184	2152	0	1
2015.07.09	00:00:00	1.45209	1.46414	1.45082	1.45253	185342	0	35
2015.07.09	01:00:00	1.45256	1.45338	1.45219	1.45281	2844	0	28
2015.07.09	02:00:00	1.45281	1.45326	1.45270	1.45296	1629	0	4
2015.07.09	03:00:00	1.45298	1.45315	1.45167	1.45249	2470	0	54
2015.07.09	04:00:00	1.45253	1.45310	1.45174	1.45241	1490	0	12
2015.07.09	05:00:00	1.45244	1.45367	1.45219	1.45323	1431	0	17
2015.07.09	06:00:00	1.45323	1.45379	1.45236	1.45290	750	0	9
2015.07.09	07:00:00	1.45290	1.45349	1.45269	1.45297	1042	0	8
2015.07.09	08:00:00	1.45300	1.45485	1.45080	1.45383	2449	0	38
2015.07.09	09:00:00	1.45378	1.45502	1.45220	1.45333	6210	0	19
2015.07.09	10:00:00	1.45324	1.45886	1.45248	1.45884	8126	0	35
2015.07.09	11:00:00	1.45883	1.46198	1.45823	1.46126	7795	0	28
2015.07.09	12:00:00	1.46127	1.46432	1.45878	1.46389	7997	0	29
2015.07.09	13:00:00	1.46385	1.46416	1.45991	1.46038	7374	0	42
2015.07.09	14:00:00	1.46038	1.46299	1.45977	1.46255	7683	0	35
2015.07.09	15:00:00	1.46254	1.46394	1.46137	1.46287	8336	0	36
2015.07.09	16:00:00	1.46283	1.46326	1.45693	1.45875	9402	0	30
2015.07.09	17:00:00	1.45872	1.46225	1.45753	1.45755	10722	0	36
2015.07.09	18:00:00	1.45753	1.46071	1.45717	1.45977	10122	0	41
2015.07.09	19:00:00	1.45977	1.46003	1.45509	1.45544	6322	0	36
2015.07.09	20:00:00	1.45549	1.45709	1.45448	1.45607	4649	0	5
2015.07.09	21:00:00	1.45606	1.45772	1.45499	1.45708	3299	0	5
2015.07.09	22:00:00	1.45702	1.45871	1.45681	1.45817	4900	0	47
2015.07.09	23:00:00	1.45817	1.45850	1.45714	1.45714	2890	0	10
2015.07.10	00:00:00	1.45837	1.45982	1.44924	1.45672	198037	0	21
2015.07.10	01:00:00	1.45673	1.45827	1.45568	1.45710	3936	0	67
2015.07.10	02:00:00	1.45715	1.45761	1.45645	1.45645	1717	0	13
2015.07.10	03:00:00	1.45644	1.45676	1.45508	1.45562	2419	0	9
2015.07.10	04:00:00	1.45564	1.45679	1.45453	1.45586	1695	0	49
2015.07.10	05:00:00	1.45585	1.45699	1.45527	1.45609	1487	0	13
2015.07.10	06:00:00	1.45609	1.45750	1.45600	1.45687	974	0	3
2015.07.10	07:00:00	1.45689	1.45746	1.45602	1.45712	1136	0	5
2015.07.10	08:00:00	1.45717	1.45858	1.45635	1.45799	2720	0	10
2015.07.10	09:00:00	1.45798	1.45858	1.45600	1.45739	7072	0	36
2015.07.10	10:00:00	1.45735	1.45921	1.45032	1.45388	10213	0	22
2015.07.10	11:00:00	1.45400	1.45429	1.44932	1.45379	7468	0	19
2015.07.10	12:00:00	1.45376	1.45477	1.45002	1.45182	8737	0	19
2015.07.10	13:00:00	1.45179	1.45349	1.44998	1.45298	5503	0	38
2015.07.10	14:00:00	1.45301	1.45442	1.45013	1.45166	8687	0	31
2015.07.10	15:00:00	1.45163	1.45351	1.45041	1.45343	7684	0	19
2015.07.10	16:00:00	1.45342	1.45542	1.45063	1.45454	8660	0	19
2015.07.10	17:00:00	1.45454	1.45661	1.45379	1.45606	9656	0	40
2015.07.10	18:00:00	1.45606	1.45885	1.45545	1.45878	10292	0	33
2015.07.10	19:00:00	1.45872	1.45884	1.45632	1.45762	7450	0	38
2015.07.10	20:00:00	1.45759	1.45826	1.45610	1.45782	4984	0	45
2015.07.10	21:00:00	1.45782	1.45956	1.45771	1.45925	3266	0	35
2015.07.10	22:00:00	1.45926	1.45972	1.45786	1.45803	2943	0	7
2015.07.10	23:00:00	1.45798	1.45802	1.45384	1.45592	1589	0	22
2015.07.13	00:00:00	1.45937	1.47530	1.45533	1.45605	195806	0	57
2015.07.13	01:00:00	1.45603	1.45953	1.45603	1.45800	2915	0	39
2015.07.13	02:00:00	1.45800	1.45884	1.45775	1.45829	1031	0	15
2015.07.13	03:00:00	1.45824	1.45827	1.45632	1.45640	989	0	9
2015.07.13	04:00:00	1.45643	1.45758	1.45578	1.45645	1167	0	7
2015.07.13	05:00:00	1.45650	1.45761	1.45605	1.45761	985	0	10
2015.07.13	06:00:00	1.45760	1.45940	1.45735	1.45753	1917	0	10
2015.07.13	07:00:00	1.45751	1.45781	1.45681	1.45747	949	0	10
2015.07.13	08:00:00	1.45756	1.45897	1.45730	1.45873	1130	0	9
2015.07.13	09:00:00	1.45875	1.45934	1.45646	1.45753	7544	0	36
2015.07.13	10:00:00	1.45753	1.46858	1.45753	1.46637	11000	0	2
2015.07.13	11:00:00	1.46638	1.47349	1.46629	1.47110	12781	0	25
2015.07.13	12:00:00	1.47108	1.47492	1.46901	1.47384	12304	0	20
2015.07.13	13:00:00	1.47384	1.47493	1.47342	1.47368	10657	0	35
2015.07.13	14:00:00	1.47370	1.47371	1.47110	1.47231	9547	0	43
2015.07.13	15:00:00	1.47230	1.47384	1.47110	1.47182	9460	0	34
2015.07.13	16:00:00	1.47183	1.47420	1.47174	1.47361	8487	0	38
2015.07.13	17:00:00	1.47358	1.47538	1.47253	1.47456	9606	0	34
2015.07.13	18:00:00	1.47461	1.47475	1.47221	1.47271	8238	0	34
2015.07.13	19:00:00	1.47266	1.47298	1.47039	1.47076	5009	0	25
2015.07.13	20:00:00	1.47075	1.47114	1.46877	1.46972	5185	0	45
2015.07.13	21:00:00	1.46977	1.47105	1.46938	1.47098	3533	0	46
2015.07.13	22:00:00	1.47093	1.47134	1.47006	1.47121	3487	0	3
2015.07.13	23:00:00	1.47120	1.47149	1.47025	1.47138	3552	0	1
2015.07.14	00:00:00	1.47124	1.47802	1.45808	1.47064	196045	0	35
2015.07.14	01:00:00	1.47055	1.47160	1.47027	1.47096	1808	0	23
2015.07.14	02:00:00	1.47095	1.47176	1.47070	1.47135	2983	0	24
2015.07.14	03:00:00	1.47141	1.47472	1.47087	1.47317	2312	0	48
2015.07.14	04:00:00	1.47317	1.47373	1.47221	1.47270	1447	0	17
2015.07.14	05:00:00	1.47270	1.47292	1.47122	1.47164	1147	0	7
2015.07.14	06:00:00	1.47162	1.47190	1.47092	1.47100	1150	0	2
2015.07.14	07:00:00	1.47100	1.47175	1.47083	1.47147	924	0	7
2015.07.14	08:00:00	1.47146	1.47187	1.47063	1.47181	1973	0	19
2015.07.14	09:00:00	1.47181	1.47283	1.46988	1.47162	8737	0	32
2015.07.14	10:00:00	1.47160	1.47251	1.46361	1.46560	10330	0	24
2015.07.14	11:00:00	1.46563	1.46563	1.45812	1.45869	11340	0	40
2015.07.14	12:00:00	1.45877	1.47209	1.45864	1.47073	11824	0	37
2015.07.14	13:00:00	1.47073	1.47407	1.46931	1.47295	11115	0	38
2015.07.14	14:00:00	1.47295	1.47461	1.47184	1.47205	8958	0	47
2015.07.14	15:00:00	1.47201	1.47213	1.46658	1.47078	11745	0	37
2015.07.14	16:00:00	1.47079	1.47248	1.46907	1.47234	9770	0	35
2015.07.14	17:00:00	1.47234	1.47391	1.47077	1.47329	10252	0	39
2015.07.14	18:00:00	1.47333	1.47435	1.47174	1.47400	8312	0	37
2015.07.14	19:00:00	1.47402	1.47541	1.47313	1.47342	4265	0	20
2015.07.14	20:00:00	1.47342	1.47778	1.47308	1.47778	4214	0	1
2015.07.14	21:00:00	1.47773	1.47809	1.47575	1.47713	3580	0	9
2015.07.14	22:00:00	1.47709	1.47782	1.47634	1.47774	2658	0	46
2015.07.14	23:00:00	1.47775	1.47817	1.47678	1.47711	2984	0	5
2015.07.15	00:00:00	1.47712	1.49053	1.47509	1.47705	196210	0	35
2015.07.15	01:00:00	1.47705	1.47722	1.47633	1.47688	3282	0	20
2015.07.15	02:00:00	1.47688	1.47757	1.47666	1.47715	1345	0	13
2015.07.15	03:00:00	1.47716	1.47979	1.47713	1.47937	2621	0	9
2015.07.15	04:00:00	1.47936	1.48001	1.47864	1.47888	2672	0	4
2015.07.15	05:00:00	1.47894	1.47975	1.47853	1.47926	1589	0	40
2015.07.15	06:00:00	1.47925	1.47960	1.47803	1.47831	1520	0	2
2015.07.15	07:00:00	1.47830	1.47883	1.47808	1.47857	1582	0	13
2015.07.15	08:00:00	1.47858	1.48036	1.47832	1.47984	1712	0	50
2015.07.15	09:00:00	1.47987	1.48218	1.47826	1.48216	8542	0	46
2015.07.15	10:00:00	1.48218	1.48333	1.48000	1.48037	10346	0	36
2015.07.15	11:00:00	1.48032	1.48102	1.47518	1.47970	11384	0	41
2015.07.15	12:00:00	1.47970	1.48091	1.47725	1.47928	8956	0	42
2015.07.15	13:00:00	1.47923	1.48133	1.47902	1.48090	7542	0	35
2015.07.15	14:00:00	1.48095	1.48302	1.48006	1.48224	7849	0	40
2015.07.15	15:00:00	1.48225	1.48333	1.47920	1.48266	10516	0	36
2015.07.15	16:00:00	1.48265	1.48447	1.48191	1.48304	10404	0	35
2015.07.15	17:00:00	1.48302	1.48788	1.48213	1.48724	12245	0	19
2015.07.15	18:00:00	1.48716	1.48855	1.48613	1.48720	9721	0	35
2015.07.15	19:00:00	1.48718	1.48949	1.48626	1.48815	7578	0	43
2015.07.15	20:00:00	1.48814	1.49063	1.48804	1.48892	4987	0	37
2015.07.15	21:00:00	1.48890	1.48916	1.48712	1.48817	3934	0	37
2015.07.15	22:00:00	1.48811	1.48899	1.48779	1.48808	3048	0	15
2015.07.15	23:00:00	1.48810	1.48922	1.48774	1.48835	3340	0	6
2015.07.16	00:00:00	1.48824	1.49621	1.48625	1.48795	165455	0	35
2015.07.16	01:00:00	1.48795	1.48885	1.48770	1.48833	3107	0	28
2015.07.16	02:00:00	1.48832	1.48885	1.48743	1.48865	2697	0	10
2015.07.16	03:00:00	1.48870	1.48942	1.48841	1.48901	904	0	47
2015.07.16	04:00:00	1.48898	1.48941	1.48823	1.48926	1422	0	11
2015.07.16	05:00:00	1.48925	1.48986	1.48851	1.48945	899	0	11
2015.07.16	06:00:00	1.48944	1.49055	1.48889	1.48954	1048	0	11
2015.07.16	07:00:00	1.48953	1.49015	1.48894	1.48963	990	0	11
2015.07.16	08:00:00	1.48964	1.49179	1.48900	1.49123	1583	0	11
2015.07.16	09:00:00	1.49124	1.49183	1.48898	1.49112	7076	0	45
2015.07.16	10:00:00	1.49111	1.49565	1.48999	1.49430	12173	0	35
2015.07.16	11:00:00	1.49424	1.49449	1.49041	1.49086	11406	0	44
2015.07.16	12:00:00	1.49086	1.49309	1.49042	1.49111	9931	0	42
2015.07.16	13:00:00	1.49110	1.49425	1.49076	1.49355	9666	0	34
2015.07.16	14:00:00	1.49357	1.49440	1.48834	1.48970	9663	0	42
2015.07.16	15:00:00	1.48969	1.49388	1.48739	1.49357	11807	0	37
2015.07.16	16:00:00	1.49356	1.49406	1.48864	1.48864	11348	0	32
2015.07.16	17:00:00	1.48924	1.49085	1.48805	1.48833	10150	0	38
2015.07.16	18:00:00	1.48833	1.49232	1.48827	1.49158	7427	0	36
2015.07.16	19:00:00	1.49157	1.49575	1.49133	1.49519	4468	0	39
2015.07.16	20:00:00	1.49518	1.49580	1.49364	1.49437	3518	0	42
2015.07.16	21:00:00	1.49436	1.49631	1.49401	1.49446	3880	0	42
2015.07.16	22:00:00	1.49451	1.49469	1.49391	1.49422	2314	0	12
2015.07.16	23:00:00	1.49416	1.49527	1.49389	1.49442	3316	0	16
2015.07.17	00:00:00	1.49478	1.50258	1.49214	1.49386	115323	0	35
2015.07.17	01:00:00	1.49384	1.49461	1.49379	1.49408	2605	0	29
2015.07.17	02:00:00	1.49405	1.49431	1.49361	1.49421	842	0	21
2015.07.17	03:00:00	1.49421	1.49481	1.49358	1.49377	2048	0	16
2015.07.17	04:00:00	1.49385	1.49482	1.49371	1.49398	1079	0	16
2015.07.17	05:00:00	1.49401	1.49571	1.49385	1.49465	1433	0	32
2015.07.17	06:00:00	1.49467	1.49521	1.49448	1.49473	940	0	16
2015.07.17	07:00:00	1.49473	1.49551	1.49452	1.49530	974	0	14
2015.07.17	08:00:00	1.49533	1.49680	1.49441	1.49604	1633	0	20
2015.07.17	09:00:00	1.49599	1.49994	1.49576	1.49841	7123	0	44
2015.07.17	10:00:00	1.49837	1.49950	1.49660	1.49809	11444	0	39
2015.07.17	11:00:00	1.49801	1.49855	1.49615	1.49818	10009	0	26
2015.07.17	12:00:00	1.49816	1.49934	1.49511	1.49589	9954	0	46
2015.07.17	13:00:00	1.49590	1.49746	1.49551	1.49563	7963	0	46
2015.07.17	14:00:00	1.49564	1.49747	1.49471	1.49479	7820	0	39
2015.07.17	15:00:00	1.49479	1.49569	1.49168	1.49545	9652	0	19
2015.07.17	16:00:00	1.49545	1.49599	1.49389	1.49463	7670	0	42
2015.07.17	17:00:00	1.49457	1.50267	1.49429	1.50020	11521	0	32
2015.07.17	18:00:00	1.50021	1.50135	1.49963	1.50128	7954	0	35
2015.07.17	19:00:00	1.50129	1.50160	1.50005	1.50014	3891	0	42
2015.07.17	20:00:00	1.50014	1.50089	1.49833	1.49913	2852	0	11
2015.07.17	21:00:00	1.49915	1.50007	1.49897	1.49964	2179	0	15
2015.07.17	22:00:00	1.49977	1.49982	1.49867	1.49878	1659	0	48
2015.07.17	23:00:00	1.49883	1.50098	1.49874	1.50054	1221	0	17
2015.07.20	00:00:00	1.49973	1.50370	1.49443	1.49923	129219	0	35
2015.07.20	01:00:00	1.49914	1.50126	1.49870	1.49925	1847	0	63
2015.07.20	02:00:00	1.49922	1.50153	1.49907	1.50153	1872	0	38
2015.07.20	03:00:00	1.50152	1.50173	1.49971	1.50047	983	0	36
2015.07.20	04:00:00	1.50048	1.50057	1.49944	1.49989	1108	0	36
2015.07.20	05:00:00	1.49995	1.50141	1.49995	1.50032	1111	0	35
2015.07.20	06:00:00	1.50037	1.50135	1.50032	1.50130	1100	0	34
2015.07.20	07:00:00	1.50130	1.50162	1.50081	1.50149	734	0	31
2015.07.20	08:00:00	1.50150	1.50224	1.50125	1.50197	1237	0	35
2015.07.20	09:00:00	1.50191	1.50382	1.50109	1.50277	6467	0	40
2015.07.20	10:00:00	1.50276	1.50370	1.49856	1.49867	10754	0	39
2015.07.20	11:00:00	1.49866	1.50056	1.49788	1.49800	9614	0	35
2015.07.20	12:00:00	1.49800	1.49889	1.49678	1.49814	9467	0	37
2015.07.20	13:00:00	1.49815	1.50004	1.49682	1.49757	9613	0	20
2015.07.20	14:00:00	1.49763	1.49855	1.49451	1.49601	9341	0	41
2015.07.20	15:00:00	1.49603	1.49878	1.49573	1.49826	7671	0	43
2015.07.20	16:00:00	1.49828	1.50012	1.49798	1.49993	8348	0	42
2015.07.20	17:00:00	1.49994	1.50031	1.49794	1.50027	9001	0	35
2015.07.20	18:00:00	1.50025	1.50165	1.49942	1.50101	6750	0	28
2015.07.20	19:00:00	1.50102	1.50183	1.49974	1.50081	3099	0	20
2015.07.20	20:00:00	1.50085	1.50116	1.50032	1.50064	2714	0	15
2015.07.20	21:00:00	1.50063	1.50187	1.50037	1.50106	2431	0	11
2015.07.20	22:00:00	1.50112	1.50124	1.49915	1.50014	2939	0	11
2015.07.20	23:00:00	1.50014	1.50145	1.49986	1.50067	3293	0	13
2015.07.21	00:00:00	1.50127	1.50179	1.48699	1.50015	177492	0	35
2015.07.21	01:00:00	1.50015	1.50028	1.49953	1.50004	1890	0	57
2015.07.21	02:00:00	1.50004	1.50024	1.49953	1.49991	602	0	23
2015.07.21	03:00:00	1.49989	1.50029	1.49906	1.49966	839	0	21
2015.07.21	04:00:00	1.49964	1.50008	1.49864	1.49989	1080	0	21
2015.07.21	05:00:00	1.49988	1.50018	1.49898	1.49904	971	0	21
2015.07.21	06:00:00	1.49910	1.50069	1.49899	1.50049	1480	0	45
2015.07.21	07:00:00	1.50048	1.50143	1.50048	1.50095	2085	0	37
2015.07.21	08:00:00	1.50099	1.50144	1.49995	1.50055	2618	0	41
2015.07.21	09:00:00	1.50059	1.50125	1.49946	1.49981	7138	0	45
2015.07.21	10:00:00	1.49985	1.50126	1.49964	1.49972	10955	0	35
2015.07.21	11:00:00	1.49979	1.50041	1.49641	1.49662	9790	0	31
2015.07.21	12:00:00	1.49662	1.49820	1.49479	1.49504	8282	0	41
2015.07.21	13:00:00	1.49504	1.49606	1.49228	1.49302	9009	0	38
2015.07.21	14:00:00	1.49302	1.49471	1.49182	1.49436	8777	0	42
2015.07.21	15:00:00	1.49433	1.49603	1.49289	1.49385	8585	0	38
2015.07.21	16:00:00	1.49383	1.49388	1.49016	1.49042	9668	0	39
2015.07.21	17:00:00	1.49043	1.49075	1.48703	1.48878	12397	0	7
2015.07.21	18:00:00	1.48878	1.49180	1.48827	1.49129	14488	0	4
2015.07.21	19:00:00	1.49128	1.49155	1.48920	1.48956	10603	0	6
2015.07.21	20:00:00	1.48957	1.49075	1.48871	1.49011	8680	0	5
2015.07.21	21:00:00	1.49010	1.49132	1.48975	1.49048	7661	0	8
2015.07.21	22:00:00	1.49048	1.49144	1.49019	1.49071	4664	0	9
2015.07.21	23:00:00	1.49071	1.49164	1.49015	1.49016	6648	0	8
2015.07.22	00:00:00	1.49058	1.50526	1.48825	1.49059	160671	0	21
2015.07.22	01:00:00	1.49061	1.49167	1.49051	1.49097	5304	0	27
2015.07.22	02:00:00	1.49097	1.49113	1.49003	1.49016	3190	0	14
2015.07.22	03:00:00	1.49016	1.49103	1.49016	1.49095	3350	0	12
2015.07.22	04:00:00	1.49096	1.49147	1.49030	1.49076	6398	0	11
2015.07.22	05:00:00	1.49075	1.49144	1.48998	1.49118	5074	0	11
2015.07.22	06:00:00	1.49120	1.49143	1.49063	1.49084	5062	0	10
2015.07.22	07:00:00	1.49086	1.49177	1.49060	1.49172	4102	0	10
2015.07.22	08:00:00	1.49166	1.49266	1.49087	1.49258	3238	0	6
2015.07.22	09:00:00	1.49257	1.49601	1.49224	1.49402	11355	0	7
2015.07.22	10:00:00	1.49401	1.49623	1.49394	1.49472	13471	0	7
2015.07.22	11:00:00	1.49471	1.49865	1.49232	1.49804	14681	0	6
2015.07.22	12:00:00	1.49804	1.49823	1.49678	1.49720	12800	0	6
2015.07.22	13:00:00	1.49719	1.50094	1.49711	1.49780	12320	0	6
2015.07.22	14:00:00	1.49782	1.50087	1.49738	1.50053	12799	0	5
2015.07.22	15:00:00	1.50052	1.50370	1.50009	1.50288	15438	0	5
2015.07.22	16:00:00	1.50288	1.50307	1.49980	1.50140	14264	0	2
2015.07.22	17:00:00	1.50138	1.50493	1.50127	1.50430	16026	0	2
2015.07.22	18:00:00	1.50428	1.50558	1.50010	1.50131	12878	0	3
2015.07.22	19:00:00	1.50131	1.50183	1.49791	1.49869	8715	0	6
2015.07.22	20:00:00	1.49871	1.49909	1.49773	1.49841	5606	0	7
2015.07.22	21:00:00	1.49839	1.50008	1.49782	1.49969	4985	0	7
2015.07.22	22:00:00	1.49968	1.49980	1.49835	1.49906	4013	0	6
2015.07.22	23:00:00	1.49906	1.49920	1.49803	1.49838	6217	0	9
2015.07.23	00:00:00	1.49832	1.49920	1.48303	1.49824	178867	0	40
2015.07.23	01:00:00	1.49829	1.49888	1.49807	1.49839	4046	0	24
2015.07.23	02:00:00	1.49840	1.49890	1.49830	1.49865	3174	0	11
2015.07.23	03:00:00	1.49861	1.49895	1.49753	1.49839	4389	0	10
2015.07.23	04:00:00	1.49838	1.49870	1.49752	1.49766	4126	0	11
2015.07.23	05:00:00	1.49764	1.49776	1.49660	1.49774	3681	0	8
2015.07.23	06:00:00	1.49775	1.49823	1.49727	1.49786	3656	0	9
2015.07.23	07:00:00	1.49779	1.49832	1.49775	1.49791	3383	0	10
2015.07.23	08:00:00	1.49788	1.49868	1.49786	1.49843	2578	190800000	8
2015.07.23	09:00:00	1.49838	1.49936	1.49719	1.49808	3509	2413990000	34
2015.07.23	10:00:00	1.49808	1.49841	1.49253	1.49454	8548	5836746000	33
2015.07.23	11:00:00	1.49451	1.49458	1.48648	1.48806	8719	5822599000	33
2015.07.23	12:00:00	1.48806	1.49085	1.48743	1.49043	5632	3803215000	33
2015.07.23	13:00:00	1.49043	1.49135	1.48714	1.48895	5910	4383583000	33
2015.07.23	14:00:00	1.48893	1.49220	1.48852	1.49184	5891	4504888000	33
2015.07.23	15:00:00	1.49185	1.49268	1.48806	1.48974	8476	6145360000	33
2015.07.23	16:00:00	1.48973	1.49104	1.48872	1.49049	7968	5234200000	33
2015.07.23	17:00:00	1.49049	1.49234	1.48853	1.48938	7909	5351309000	33
2015.07.23	18:00:00	1.48942	1.48986	1.48664	1.48819	7071	4858054000	34
2015.07.23	19:00:00	1.48820	1.48827	1.48330	1.48407	4806	2914787000	33
2015.07.23	20:00:00	1.48408	1.48575	1.48314	1.48477	4117	2840841000	33
2015.07.23	21:00:00	1.48478	1.48612	1.48439	1.48548	3132	2436502000	33
2015.07.23	22:00:00	1.48545	1.48916	1.48472	1.48904	2897	2045479000	33
2015.07.23	23:00:00	1.48911	1.48962	1.48820	1.48878	3402	2310784000	36
2015.07.24	00:00:00	1.48813	1.49415	1.48454	1.48874	160346	1043457000	33
2015.07.24	01:00:00	1.48876	1.48929	1.48835	1.48912	1778	1160039000	39
2015.07.24	02:00:00	1.48912	1.48920	1.48858	1.48873	771	638964000	37
2015.07.24	03:00:00	1.48874	1.48893	1.48804	1.48827	1462	988850000	35
2015.07.24	04:00:00	1.48827	1.48975	1.48827	1.48942	2227	1505267000	35
2015.07.24	05:00:00	1.48943	1.48973	1.48787	1.48905	1632	1027766000	33
2015.07.24	06:00:00	1.48906	1.49094	1.48862	1.49063	1860	1003938000	33
2015.07.24	07:00:00	1.49062	1.49112	1.48987	1.49021	1070	637152000	38
2015.07.24	08:00:00	1.49020	1.49054	1.48949	1.48959	1019	678036000	37
2015.07.24	09:00:00	1.48961	1.49020	1.48602	1.48716	3691	2693493000	34
2015.07.24	10:00:00	1.48751	1.48906	1.48460	1.48817	7357	5446882000	33
2015.07.24	11:00:00	1.48817	1.49067	1.48765	1.48926	5385	3362829000	33
2015.07.24	12:00:00	1.48928	1.48941	1.48659	1.48761	4739	2939951000	33
2015.07.24	13:00:00	1.48761	1.48882	1.48606	1.48767	4469	3105649000	37
2015.07.24	14:00:00	1.48765	1.49008	1.48682	1.48827	5753	3681829000	33
2015.07.24	15:00:00	1.48828	1.48956	1.48614	1.48807	6003	4015351000	34
2015.07.24	16:00:00	1.48808	1.48923	1.48604	1.48850	6390	4121600000	33
2015.07.24	17:00:00	1.48851	1.49030	1.48627	1.48634	7669	5068274000	33
2015.07.24	18:00:00	1.48639	1.49289	1.48539	1.49198	8091	5157954000	33
2015.07.24	19:00:00	1.49203	1.49315	1.49067	1.49246	4102	2769699000	37
2015.07.24	20:00:00	1.49245	1.49421	1.49195	1.49386	3224	2211823000	33
2015.07.24	21:00:00	1.49386	1.49418	1.49241	1.49263	2791	1835901000	41
2015.07.24	22:00:00	1.49263	1.49263	1.49116	1.49221	1812	985861000	33
2015.07.24	23:00:00	1.49223	1.49316	1.49125	1.49286	1724	943841000	37
2015.07.27	00:00:00	1.49263	1.49874	1.47866	1.49197	193204	0	129
2015.07.27	01:00:00	1.49199	1.49352	1.49199	1.49313	2033	603775000	59
2015.07.27	02:00:00	1.49312	1.49404	1.49312	1.49393	722	423694000	40
2015.07.27	03:00:00	1.49393	1.49405	1.49156	1.49187	1367	898762000	33
2015.07.27	04:00:00	1.49187	1.49299	1.49165	1.49230	1898	1219136000	34
2015.07.27	05:00:00	1.49231	1.49268	1.49081	1.49082	2115	1424201000	36
2015.07.27	06:00:00	1.49083	1.49140	1.48933	1.49092	2050	1314263000	33
2015.07.27	07:00:00	1.49094	1.49138	1.49037	1.49126	1511	1048600000	35
2015.07.27	08:00:00	1.49126	1.49138	1.48976	1.49040	1327	834619000	33
2015.07.27	09:00:00	1.49037	1.49115	1.48751	1.48776	4982	3959483000	33
2015.07.27	10:00:00	1.48776	1.48935	1.47951	1.48100	9034	6606435000	33
2015.07.27	11:00:00	1.48102	1.48573	1.47881	1.48512	7387	5422609000	33
2015.07.27	12:00:00	1.48512	1.48560	1.48205	1.48285	5732	3582967000	35
2015.07.27	13:00:00	1.48283	1.48500	1.48184	1.48464	5537	3964743000	33
2015.07.27	14:00:00	1.48464	1.48632	1.48348	1.48554	6715	4375030000	33
2015.07.27	15:00:00	1.48555	1.48824	1.48456	1.48654	7020	4777172000	33
2015.07.27	16:00:00	1.48654	1.48778	1.48507	1.48662	7765	5780436000	34
2015.07.27	17:00:00	1.48662	1.49273	1.48609	1.49223	9012	5458076000	33
2015.07.27	18:00:00	1.49226	1.49684	1.49138	1.49647	7360	4833479000	33
2015.07.27	19:00:00	1.49647	1.49877	1.49484	1.49517	4679	3176570000	33
2015.07.27	20:00:00	1.49517	1.49835	1.49509	1.49834	2980	2056937000	33
2015.07.27	21:00:00	1.49826	1.49883	1.49740	1.49759	2094	1405665000	33
2015.07.27	22:00:00	1.49749	1.49828	1.49721	1.49791	2091	1259379000	33
2015.07.27	23:00:00	1.49782	1.49793	1.49677	1.49752	1661	907182000	33
2015.07.28	00:00:00	1.49734	1.50732	1.49448	1.49678	175922	938335000	33
2015.07.28	01:00:00	1.49667	1.49680	1.49595	1.49677	1523	852908000	44
2015.07.28	02:00:00	1.49676	1.49726	1.49667	1.49717	717	549011000	36
2015.07.28	03:00:00	1.49723	1.49745	1.49458	1.49525	1776	1036637000	35
2015.07.28	04:00:00	1.49523	1.49585	1.49495	1.49525	1742	1031498000	35
2015.07.28	05:00:00	1.49526	1.49718	1.49514	1.49690	1628	1074694000	33
2015.07.28	06:00:00	1.49692	1.49753	1.49590	1.49601	1359	757739000	37
2015.07.28	07:00:00	1.49603	1.49737	1.49583	1.49695	1562	1065336000	33
2015.07.28	08:00:00	1.49694	1.49954	1.49653	1.49833	2558	1777904000	34
2015.07.28	09:00:00	1.49833	1.50063	1.49807	1.49887	4866	3288007000	33
2015.07.28	10:00:00	1.49895	1.49947	1.49605	1.49792	6875	5099031000	33
2015.07.28	11:00:00	1.49792	1.50320	1.49677	1.50290	7249	4702953000	33
2015.07.28	12:00:00	1.50290	1.50451	1.50076	1.50322	6837	4621426000	35
2015.07.28	13:00:00	1.50322	1.50573	1.50322	1.50539	6128	3770623000	33
2015.07.28	14:00:00	1.50539	1.50745	1.50468	1.50545	5697	3738522000	33
2015.07.28	15:00:00	1.50557	1.50669	1.50496	1.50613	5905	3754825000	33
2015.07.28	16:00:00	1.50610	1.50610	1.50406	1.50483	6640	3761509000	33
2015.07.28	17:00:00	1.50483	1.50550	1.50309	1.50408	7711	5137821000	33
2015.07.28	18:00:00	1.50408	1.50521	1.50322	1.50486	7070	4251339000	33
2015.07.28	19:00:00	1.50485	1.50515	1.50180	1.50257	4770	3539136000	33
2015.07.28	20:00:00	1.50253	1.50304	1.50052	1.50191	3086	1809599000	34
2015.07.28	21:00:00	1.50191	1.50309	1.50155	1.50200	2743	1991968000	38
2015.07.28	22:00:00	1.50200	1.50297	1.50162	1.50201	2201	1615904000	35
2015.07.28	23:00:00	1.50200	1.50265	1.50131	1.50194	1712	1332615000	33
2015.07.29	00:00:00	1.50238	1.51126	1.49910	1.50247	204666	1178818000	33
2015.07.29	01:00:00	1.50238	1.50247	1.50126	1.50186	2738	1191172000	55
2015.07.29	02:00:00	1.50177	1.50187	1.50061	1.50072	995	758475000	41
2015.07.29	03:00:00	1.50070	1.50105	1.49962	1.49983	1419	1083552000	40
2015.07.29	04:00:00	1.49985	1.50029	1.49922	1.49985	1285	989054000	43
2015.07.29	05:00:00	1.49986	1.50045	1.49915	1.50032	1338	1192301000	34
2015.07.29	06:00:00	1.50032	1.50104	1.50019	1.50081	903	761312000	35
2015.07.29	07:00:00	1.50082	1.50176	1.50056	1.50171	1404	1094937000	37
2015.07.29	08:00:00	1.50171	1.50271	1.50124	1.50233	1805	1032925000	39
2015.07.29	09:00:00	1.50233	1.50379	1.50137	1.50365	3436	2460728000	33
2015.07.29	10:00:00	1.50361	1.50569	1.50271	1.50430	6364	3990751000	33
2015.07.29	11:00:00	1.50431	1.50482	1.50222	1.50225	6276	4670829000	33
2015.07.29	12:00:00	1.50225	1.50358	1.50173	1.50336	5878	3842973000	33
2015.07.29	13:00:00	1.50337	1.50499	1.50149	1.50390	5333	3682622000	33
2015.07.29	14:00:00	1.50390	1.50734	1.50283	1.50668	5658	3838071000	33
2015.07.29	15:00:00	1.50683	1.50692	1.50448	1.50488	6791	4868765000	35
2015.07.29	16:00:00	1.50487	1.50979	1.50439	1.50926	6490	3723451000	33
2015.07.29	17:00:00	1.50904	1.50972	1.50716	1.50726	7517	4484578000	33
2015.07.29	18:00:00	1.50726	1.50737	1.50448	1.50458	7406	4992354000	33
2015.07.29	19:00:00	1.50458	1.50609	1.50366	1.50366	3889	2588205000	33
2015.07.29	20:00:00	1.50362	1.50592	1.50143	1.50167	4518	2780798000	33
2015.07.29	21:00:00	1.50120	1.50916	1.50080	1.50871	8441	6201743000	33
2015.07.29	22:00:00	1.50867	1.51135	1.50837	1.51040	5393	3354667000	33
2015.07.29	23:00:00	1.51037	1.51083	1.50896	1.50993	2845	1946972000	33
2015.07.30	00:00:00	1.50954	1.51777	1.50793	1.50920	203847	1352848000	33
2015.07.30	01:00:00	1.50913	1.50967	1.50847	1.50911	2125	1015636000	53
2015.07.30	02:00:00	1.50912	1.50983	1.50879	1.50893	716	683000000	38
2015.07.30	03:00:00	1.50898	1.51064	1.50868	1.51034	1931	1284282000	37
2015.07.30	04:00:00	1.51036	1.51182	1.51028	1.51126	1968	1292561000	38
2015.07.30	05:00:00	1.51146	1.51191	1.51134	1.51173	1983	1594320000	33
2015.07.30	06:00:00	1.51172	1.51185	1.51108	1.51113	1339	723070000	34
2015.07.30	07:00:00	1.51113	1.51142	1.51066	1.51129	1111	496700000	31
2015.07.30	08:00:00	1.51130	1.51147	1.51069	1.51082	1464	993870000	32
2015.07.30	09:00:00	1.51082	1.51311	1.51077	1.51125	5188	2912504000	38
2015.07.30	10:00:00	1.51125	1.51570	1.51117	1.51470	6361	5123208000	33
2015.07.30	11:00:00	1.51470	1.51585	1.51318	1.51493	6279	4119487000	33
2015.07.30	12:00:00	1.51493	1.51720	1.51464	1.51546	6371	4342632000	33
2015.07.30	13:00:00	1.51545	1.51741	1.51464	1.51674	5518	3443370000	33
2015.07.30	14:00:00	1.51671	1.51779	1.51568	1.51680	6029	3795276000	33
2015.07.30	15:00:00	1.51677	1.51772	1.51405	1.51531	9709	6835264000	33
2015.07.30	16:00:00	1.51526	1.51790	1.51479	1.51490	10710	6765041000	33
2015.07.30	17:00:00	1.51491	1.51656	1.51293	1.51327	9916	6916022000	33
2015.07.30	18:00:00	1.51332	1.51389	1.51020	1.51071	8807	5465155000	33
2015.07.30	19:00:00	1.51071	1.51334	1.50958	1.51231	5046	3357394000	33
2015.07.30	20:00:00	1.51233	1.51307	1.51177	1.51214	3468	2047278000	33
2015.07.30	21:00:00	1.51214	1.51370	1.51172	1.51331	2922	2159503000	36
2015.07.30	22:00:00	1.51338	1.51358	1.51193	1.51231	1980	1427447000	38
2015.07.30	23:00:00	1.51231	1.51248	1.51152	1.51158	1820	1257360000	41
2015.07.31	00:00:00	1.51176	1.51240	1.49332	1.51139	248496	1551370000	45
2015.07.31	01:00:00	1.51139	1.51173	1.51103	1.51116	1302	668130000	50
2015.07.31	02:00:00	1.51118	1.51123	1.51061	1.51076	989	466110000	33
2015.07.31	03:00:00	1.51076	1.51118	1.50905	1.50929	1995	1199672000	33
2015.07.31	04:00:00	1.50926	1.51039	1.50898	1.51008	1812	957038000	33
2015.07.31	05:00:00	1.51004	1.51034	1.50964	1.50983	1583	998480000	35
2015.07.31	06:00:00	1.50981	1.50985	1.50857	1.50872	1589	889110000	33
2015.07.31	07:00:00	1.50874	1.50902	1.50822	1.50885	1086	564100000	33
2015.07.31	08:00:00	1.50889	1.51023	1.50867	1.50872	1864	912710000	41
2015.07.31	09:00:00	1.50872	1.50961	1.50211	1.50298	5520	4067532000	33
2015.07.31	10:00:00	1.50298	1.50502	1.50125	1.50370	8376	5863137000	33
2015.07.31	11:00:00	1.50370	1.50412	1.49834	1.49986	8053	5904117000	33
2015.07.31	12:00:00	1.49987	1.50023	1.49721	1.49768	9027	6814734000	33
2015.07.31	13:00:00	1.49768	1.50110	1.49665	1.49841	6989	4730235000	33
2015.07.31	14:00:00	1.49842	1.50208	1.49746	1.50028	7661	5112045000	33
2015.07.31	15:00:00	1.50029	1.50161	1.49547	1.50009	10725	7649997000	33
2015.07.31	16:00:00	1.50009	1.50032	1.49504	1.49700	10564	7584379000	33
2015.07.31	17:00:00	1.49689	1.50106	1.49345	1.50045	9243	6302228000	33
2015.07.31	18:00:00	1.50043	1.50723	1.49872	1.50623	9363	5849283000	33
2015.07.31	19:00:00	1.50624	1.50960	1.50618	1.50878	5868	4063476000	33
2015.07.31	20:00:00	1.50878	1.50907	1.50693	1.50734	3230	2073533000	33
2015.07.31	21:00:00	1.50733	1.51123	1.50679	1.51113	4468	3076516000	33
2015.07.31	22:00:00	1.51120	1.51123	1.50795	1.50827	3852	2837267000	34
2015.07.31	23:00:00	1.50826	1.50878	1.50702	1.50836	2742	1630230000	35
2015.08.03	00:00:00	1.51169	1.51367	1.50530	1.51003	173101	903600000	33
2015.08.03	01:00:00	1.51021	1.51100	1.50966	1.51056	1646	1690444000	38
2015.08.03	02:00:00	1.51058	1.51211	1.51055	1.51089	1343	781999000	33
2015.08.03	03:00:00	1.51089	1.51099	1.50876	1.50885	1690	1160721000	33
2015.08.03	04:00:00	1.50879	1.50965	1.50866	1.50904	1478	853384000	33
2015.08.03	05:00:00	1.50906	1.50958	1.50845	1.50845	1221	727820000	33
2015.08.03	06:00:00	1.50845	1.50872	1.50774	1.50838	1425	843000000	34
2015.08.03	07:00:00	1.50841	1.50855	1.50762	1.50769	1018	664865000	30
2015.08.03	08:00:00	1.50765	1.50860	1.50736	1.50835	1449	980324000	37
2015.08.03	09:00:00	1.50829	1.51104	1.50824	1.50910	4032	3451065000	34
2015.08.03	10:00:00	1.50910	1.51347	1.50910	1.51340	5559	3800025000	33
2015.08.03	11:00:00	1.51340	1.51378	1.51000	1.51081	6274	4298716000	33
2015.08.03	12:00:00	1.51081	1.51195	1.50539	1.50674	6649	4386421000	33
2015.08.03	13:00:00	1.50674	1.50856	1.50545	1.50819	5880	4471578000	33
2015.08.03	14:00:00	1.50819	1.50854	1.50615	1.50740	6975	4807172000	33
2015.08.03	15:00:00	1.50743	1.50828	1.50619	1.50742	7951	5282678000	33
2015.08.03	16:00:00	1.50743	1.51044	1.50664	1.50889	8539	5254949000	33
2015.08.03	17:00:00	1.50889	1.51114	1.50861	1.51093	8101	5428937000	33
2015.08.03	18:00:00	1.51085	1.51170	1.50890	1.51056	8250	5278101000	33
2015.08.03	19:00:00	1.51056	1.51120	1.50796	1.50821	3842	2560115000	33
2015.08.03	20:00:00	1.50819	1.50968	1.50782	1.50835	3486	2765416000	35
2015.08.03	21:00:00	1.50836	1.51152	1.50836	1.51111	3208	2295183000	35
2015.08.03	22:00:00	1.51109	1.51112	1.51031	1.51064	2053	1444963000	40
2015.08.03	23:00:00	1.51063	1.51112	1.50975	1.51049	2166	1549597000	29
2015.08.04	00:00:00	1.51019	1.52393	1.50672	1.51014	202767	1235801000	33
2015.08.04	01:00:00	1.51017	1.51075	1.51005	1.51027	2547	2382483000	33
2015.08.04	02:00:00	1.51027	1.51106	1.51026	1.51073	643	516341000	36
2015.08.04	03:00:00	1.51070	1.51158	1.51023	1.51098	1707	1021435000	33
2015.08.04	04:00:00	1.51096	1.51252	1.51043	1.51242	1551	849673000	30
2015.08.04	05:00:00	1.51242	1.51271	1.51101	1.51163	1194	1026800000	33
2015.08.04	06:00:00	1.51163	1.51187	1.51106	1.51134	991	587560000	33
2015.08.04	07:00:00	1.51134	1.51262	1.51120	1.51168	1795	1060421000	31
2015.08.04	08:00:00	1.51169	1.51217	1.51087	1.51116	2216	1661537000	33
2015.08.04	09:00:00	1.51110	1.51196	1.50926	1.50996	4145	3508431000	34
2015.08.04	10:00:00	1.50996	1.51127	1.50836	1.51014	8092	5657446000	33
2015.08.04	11:00:00	1.51018	1.51057	1.50665	1.50760	6846	4383208000	33
2015.08.04	12:00:00	1.50758	1.50914	1.50686	1.50795	8039	6184754000	33
2015.08.04	13:00:00	1.50797	1.51091	1.50724	1.51004	7422	5046006000	33
2015.08.04	14:00:00	1.51004	1.51426	1.50978	1.51366	7212	4576462000	33
2015.08.04	15:00:00	1.51366	1.51461	1.51321	1.51341	7700	5293178000	33
2015.08.04	16:00:00	1.51341	1.51597	1.51335	1.51521	7434	4239359000	33
2015.08.04	17:00:00	1.51522	1.51788	1.51213	1.51764	10958	7164383000	33
2015.08.04	18:00:00	1.51760	1.51991	1.51760	1.51919	8191	5711161000	33
2015.08.04	19:00:00	1.51916	1.52031	1.51826	1.51971	4187	3407899000	33
2015.08.04	20:00:00	1.51971	1.52054	1.51821	1.51929	5257	3941588000	33
2015.08.04	21:00:00	1.51929	1.52378	1.51855	1.52353	7140	5119240000	33
2015.08.04	22:00:00	1.52359	1.52402	1.52236	1.52284	2926	2345825000	38
2015.08.04	23:00:00	1.52286	1.52298	1.52129	1.52186	2900	2386122000	34
2015.08.05	00:00:00	1.52239	1.53297	1.51874	1.52143	220198	1792314000	53
2015.08.05	01:00:00	1.52143	1.52231	1.52127	1.52179	1382	1247489000	51
2015.08.05	02:00:00	1.52177	1.52233	1.52156	1.52229	882	638068000	33
2015.08.05	03:00:00	1.52231	1.52287	1.52169	1.52234	1805	1157714000	33
2015.08.05	04:00:00	1.52234	1.52248	1.52066	1.52098	2952	1558529000	33
2015.08.05	05:00:00	1.52100	1.52100	1.51954	1.52039	3176	1458712000	33
2015.08.05	06:00:00	1.52039	1.52068	1.51921	1.51941	1387	833139000	33
2015.08.05	07:00:00	1.51943	1.51976	1.51895	1.51941	1266	636942000	29
2015.08.05	08:00:00	1.51941	1.52029	1.51919	1.52029	2005	1206671000	28
2015.08.05	09:00:00	1.52029	1.52336	1.52024	1.52203	5684	3802949000	33
2015.08.05	10:00:00	1.52199	1.52687	1.52070	1.52662	7922	5165748000	33
2015.08.05	11:00:00	1.52662	1.52825	1.52555	1.52661	6998	4510580000	33
2015.08.05	12:00:00	1.52661	1.52741	1.52506	1.52703	7378	4387457000	33
2015.08.05	13:00:00	1.52703	1.52781	1.52619	1.52619	7201	4810169000	33
2015.08.05	14:00:00	1.52619	1.53077	1.52616	1.52917	8340	5687280000	33
2015.08.05	15:00:00	1.52916	1.53110	1.52673	1.53099	10166	6921261000	33
2015.08.05	16:00:00	1.53099	1.53203	1.52957	1.52976	10278	6696060000	33
2015.08.05	17:00:00	1.52974	1.53307	1.52972	1.53210	11891	8102794000	33
2015.08.05	18:00:00	1.53210	1.53265	1.52996	1.53076	7647	4746027000	33
2015.08.05	19:00:00	1.53077	1.53123	1.52903	1.53095	4267	3276587000	33
2015.08.05	20:00:00	1.53097	1.53136	1.52765	1.52821	4281	3141360000	37
2015.08.05	21:00:00	1.52821	1.52875	1.52701	1.52803	3237	2424177000	34
2015.08.05	22:00:00	1.52801	1.52817	1.52679	1.52701	2561	1971926000	14
2015.08.05	23:00:00	1.52703	1.52762	1.52638	1.52638	1620	900408000	43
2015.08.06	00:00:00	1.52707	1.53658	1.51983	1.52728	192898	498118000	48
2015.08.06	01:00:00	1.52743	1.52783	1.52709	1.52722	1669	1220726000	45
2015.08.06	02:00:00	1.52721	1.52810	1.52705	1.52762	1012	788135000	32
2015.08.06	03:00:00	1.52761	1.52818	1.52555	1.52815	2266	1958826000	31
2015.08.06	04:00:00	1.52813	1.52861	1.52772	1.52795	1908	1035234000	33
2015.08.06	05:00:00	1.52796	1.52856	1.52730	1.52844	1407	1113598000	33
2015.08.06	06:00:00	1.52845	1.52903	1.52821	1.52844	1191	770483000	37
2015.08.06	07:00:00	1.52850	1.52915	1.52839	1.52841	1261	728718000	28
2015.08.06	08:00:00	1.52839	1.52892	1.52757	1.52836	1665	1134169000	43
2015.08.06	09:00:00	1.52843	1.53096	1.52614	1.52940	3659	2750697000	33
2015.08.06	10:00:00	1.52942	1.53494	1.52876	1.53324	6402	4690175000	33
2015.08.06	11:00:00	1.53317	1.53555	1.53295	1.53539	5605	4557817000	33
2015.08.06	12:00:00	1.53540	1.53670	1.53396	1.53416	5670	4008897000	33
2015.08.06	13:00:00	1.53417	1.53471	1.52910	1.53037	5198	3651198000	34
2015.08.06	14:00:00	1.53046	1.53046	1.52110	1.52357	12145	8063808000	33
2015.08.06	15:00:00	1.52357	1.52931	1.52304	1.52789	9820	6655559000	33
2015.08.06	16:00:00	1.52793	1.52808	1.52158	1.52171	7768	5094614000	33
2015.08.06	17:00:00	1.52171	1.52280	1.52086	1.52174	7606	5319011000	33
2015.08.06	18:00:00	1.52172	1.52280	1.52000	1.52195	7907	5023267000	33
2015.08.06	19:00:00	1.52195	1.52217	1.51992	1.52217	4681	3109213000	33
2015.08.06	20:00:00	1.52221	1.52221	1.52082	1.52082	3244	2210412000	33
2015.08.06	21:00:00	1.52079	1.52259	1.52045	1.52198	2582	1727190000	39
2015.08.06	22:00:00	1.52198	1.52217	1.52064	1.52172	2434	1439175000	33
2015.08.06	23:00:00	1.52172	1.52181	1.51993	1.52001	1419	913620000	43
2015.08.07	00:00:00	1.52099	1.52976	1.51680	1.52144	225984	858357000	51
2015.08.07	01:00:00	1.52137	1.52175	1.52093	1.52117	1081	865200000	36
2015.08.07	02:00:00	1.52117	1.52192	1.52110	1.52184	972	497552000	36
2015.08.07	03:00:00	1.52182	1.52183	1.52084	1.52124	1037	856558000	32
2015.08.07	04:00:00	1.52126	1.52143	1.52003	1.52024	1511	883058000	33
2015.08.07	05:00:00	1.52025	1.52135	1.52025	1.52092	989	805501000	39
2015.08.07	06:00:00	1.52095	1.52206	1.52091	1.52188	1237	879870000	42
2015.08.07	07:00:00	1.52188	1.52267	1.52141	1.52144	1206	958835000	35
2015.08.07	08:00:00	1.52145	1.52367	1.52145	1.52323	1315	891807000	34
2015.08.07	09:00:00	1.52323	1.52374	1.52159	1.52164	3051	2314310000	33
2015.08.07	10:00:00	1.52164	1.52174	1.51897	1.52005	7423	5479175000	33
2015.08.07	11:00:00	1.52005	1.52593	1.51963	1.52586	6736	4829047000	33
2015.08.07	12:00:00	1.52588	1.52621	1.52514	1.52566	6446	3944083000	33
2015.08.07	13:00:00	1.52566	1.52636	1.52430	1.52430	5782	3888071000	33
2015.08.07	14:00:00	1.52430	1.52725	1.52409	1.52444	4703	3166180000	35
2015.08.07	15:00:00	1.52443	1.52980	1.51919	1.52910	10975	7380095000	33
2015.08.07	16:00:00	1.52906	1.52925	1.52181	1.52267	10808	6962694000	33
2015.08.07	17:00:00	1.52267	1.52401	1.51898	1.52036	11947	7957542000	33
2015.08.07	18:00:00	1.52036	1.52086	1.51715	1.51920	9147	6431696000	33
2015.08.07	19:00:00	1.51921	1.52024	1.51689	1.51996	5537	4082646000	35
2015.08.07	20:00:00	1.51996	1.52044	1.51884	1.52016	3678	2472326000	37
2015.08.07	21:00:00	1.52015	1.52375	1.51997	1.52281	3105	2187981000	37
2015.08.07	22:00:00	1.52284	1.52432	1.52272	1.52406	2105	1359193000	33
2015.08.07	23:00:00	1.52408	1.52475	1.52319	1.52360	1781	996195000	37
2015.08.10	00:00:00	1.52059	1.53487	1.51764	1.52208	184121	593204000	60
2015.08.10	01:00:00	1.52212	1.52355	1.52183	1.52317	1082	988000000	33
2015.08.10	02:00:00	1.52317	1.52374	1.52304	1.52332	696	537500000	46
2015.08.10	03:00:00	1.52337	1.52420	1.52299	1.52379	1188	729622000	38
2015.08.10	04:00:00	1.52379	1.52427	1.52318	1.52347	1364	813804000	34
2015.08.10	05:00:00	1.52347	1.52355	1.52256	1.52282	1367	885555000	33
2015.08.10	06:00:00	1.52282	1.52285	1.52222	1.52231	863	549972000	43
2015.08.10	07:00:00	1.52233	1.52252	1.52167	1.52203	826	438119000	30
2015.08.10	08:00:00	1.52206	1.52224	1.52130	1.52138	1184	714673000	24
2015.08.10	09:00:00	1.52138	1.52405	1.52138	1.52207	2751	2065998000	33
2015.08.10	10:00:00	1.52207	1.52208	1.51908	1.51987	4915	3588857000	33
2015.08.10	11:00:00	1.51992	1.52008	1.51848	1.51853	4207	3074924000	33
2015.08.10	12:00:00	1.51850	1.52178	1.51783	1.52137	4809	3130743000	33
2015.08.10	13:00:00	1.52137	1.52397	1.52120	1.52371	4508	2740985000	36
2015.08.10	14:00:00	1.52369	1.52651	1.52363	1.52480	7464	4561196000	34
2015.08.10	15:00:00	1.52478	1.53045	1.52463	1.53014	7718	4919423000	33
2015.08.10	16:00:00	1.53014	1.53433	1.52951	1.53304	8135	4900557000	33
2015.08.10	17:00:00	1.53304	1.53447	1.53171	1.53273	9201	5749958000	33
2015.08.10	18:00:00	1.53276	1.53417	1.53078	1.53086	6508	4465924000	33
2015.08.10	19:00:00	1.53083	1.53495	1.53032	1.53220	6763	4471239000	33
2015.08.10	20:00:00	1.53222	1.53311	1.53023	1.53253	4024	3119523000	34
2015.08.10	21:00:00	1.53253	1.53461	1.53212	1.53452	3834	2653145000	33
2015.08.10	22:00:00	1.53452	1.53452	1.53276	1.53324	2631	1959056000	33
2015.08.10	23:00:00	1.53324	1.53347	1.53258	1.53270	1672	1213665000	21
2015.08.11	00:00:00	1.53336	1.54073	1.52694	1.53306	221628	718754000	22
2015.08.11	01:00:00	1.53306	1.53323	1.53230	1.53283	1496	749302000	33
2015.08.11	02:00:00	1.53282	1.53329	1.53246	1.53281	1251	593274000	20
2015.08.11	03:00:00	1.53283	1.53296	1.53189	1.53201	1861	1233040000	35
2015.08.11	04:00:00	1.53201	1.53485	1.53154	1.53404	4191	2477972000	33
2015.08.11	05:00:00	1.53405	1.53535	1.53162	1.53197	3050	1889961000	33
2015.08.11	06:00:00	1.53200	1.53271	1.53109	1.53259	1890	1237103000	21
2015.08.11	07:00:00	1.53257	1.53309	1.53204	1.53265	1475	1004107000	20
2015.08.11	08:00:00	1.53269	1.53369	1.53206	1.53267	2061	1208721000	33
2015.08.11	09:00:00	1.53265	1.53487	1.52828	1.52898	5057	4253226000	33
2015.08.11	10:00:00	1.52898	1.53320	1.52727	1.53122	8613	6632956000	33
2015.08.11	11:00:00	1.53122	1.53329	1.53096	1.53287	7116	5169369000	33
2015.08.11	12:00:00	1.53287	1.53598	1.53224	1.53488	6191	4424022000	34
2015.08.11	13:00:00	1.53489	1.53574	1.53276	1.53312	6377	4591175000	33
2015.08.11	14:00:00	1.53310	1.53468	1.53280	1.53377	5988	3982493000	31
2015.08.11	15:00:00	1.53377	1.53426	1.52854	1.52871	7466	5036067000	33
2015.08.11	16:00:00	1.52870	1.53172	1.52703	1.53151	8879	6021518000	33
2015.08.11	17:00:00	1.53114	1.53447	1.53084	1.53122	9050	5726086000	33
2015.08.11	18:00:00	1.53126	1.53690	1.53029	1.53648	7780	5035683000	33
2015.08.11	19:00:00	1.53646	1.54078	1.53609	1.53986	6029	4320656000	33
2015.08.11	20:00:00	1.53984	1.54005	1.53738	1.53944	4145	2823780000	34
2015.08.11	21:00:00	1.53948	1.54084	1.53900	1.53927	2832	2093694000	33
2015.08.11	22:00:00	1.53930	1.54009	1.53885	1.53964	2523	2118491000	35
2015.08.11	23:00:00	1.53963	1.53965	1.53709	1.53709	2121	1418408000	38
2015.08.12	00:00:00	1.53794	1.53992	1.51403	1.53854	272895	2621659000	59
2015.08.12	01:00:00	1.53858	1.53998	1.53858	1.53972	1387	1238496000	34
2015.08.12	02:00:00	1.53969	1.53982	1.53899	1.53951	981	878611000	43
2015.08.12	03:00:00	1.53951	1.53985	1.53902	1.53976	1699	1441522000	34
2015.08.12	04:00:00	1.53974	1.53981	1.53539	1.53676	3990	2398118000	38
2015.08.12	05:00:00	1.53675	1.53675	1.53455	1.53473	2069	1335006000	33
2015.08.12	06:00:00	1.53475	1.53528	1.53301	1.53305	1565	1188681000	33
2015.08.12	07:00:00	1.53305	1.53403	1.53195	1.53331	2222	1627226000	33
2015.08.12	08:00:00	1.53331	1.53404	1.53236	1.53269	2515	1823866000	34
2015.08.12	09:00:00	1.53275	1.53423	1.53006	1.53194	5661	3949884000	33
2015.08.12	10:00:00	1.53194	1.53508	1.52827	1.53452	9600	6803127000	33
2015.08.12	11:00:00	1.53452	1.53676	1.52489	1.52630	9930	6997294000	33
2015.08.12	12:00:00	1.52633	1.52739	1.51726	1.51971	8077	5835922000	33
2015.08.12	13:00:00	1.51971	1.52198	1.51911	1.52117	5598	3765326000	33
2015.08.12	14:00:00	1.52119	1.52200	1.51925	1.52001	6762	5107103000	33
2015.08.12	15:00:00	1.51996	1.52341	1.51892	1.52195	8860	5677112000	33
2015.08.12	16:00:00	1.52197	1.52237	1.51574	1.51633	9069	6470176000	33
2015.08.12	17:00:00	1.51621	1.51822	1.51444	1.51624	9628	6694590000	33
2015.08.12	18:00:00	1.51622	1.51802	1.51433	1.51546	8480	5834258000	33
2015.08.12	19:00:00	1.51549	1.51889	1.51412	1.51887	6048	4530860000	24
2015.08.12	20:00:00	1.51881	1.52063	1.51763	1.52005	5065	3257316000	33
2015.08.12	21:00:00	1.52012	1.52183	1.51877	1.52063	4302	3859639000	33
2015.08.12	22:00:00	1.52059	1.52306	1.52059	1.52225	2817	2292177000	33
2015.08.12	23:00:00	1.52229	1.52326	1.52129	1.52132	2733	1939006000	34
2015.08.13	00:00:00	1.52237	1.53022	1.51738	1.52238	186526	2209454000	33
2015.08.13	01:00:00	1.52267	1.52267	1.52174	1.52245	1455	1285494000	33
2015.08.13	02:00:00	1.52245	1.52283	1.52236	1.52259	1049	937269000	33
2015.08.13	03:00:00	1.52262	1.52320	1.52208	1.52284	1329	922070000	33
2015.08.13	04:00:00	1.52284	1.52349	1.52059	1.52295	3344	2433935000	33
2015.08.13	05:00:00	1.52297	1.52525	1.52286	1.52494	3345	2291402000	33
2015.08.13	06:00:00	1.52492	1.52599	1.52452	1.52571	1397	1123857000	33
2015.08.13	07:00:00	1.52572	1.52618	1.52530	1.52563	1037	546550000	37
2015.08.13	08:00:00	1.52565	1.52670	1.52512	1.52651	1538	909100000	33
2015.08.13	09:00:00	1.52651	1.52846	1.52572	1.52700	5168	4013937000	33
2015.08.13	10:00:00	1.52702	1.52892	1.52583	1.52741	6895	4479303000	33
2015.08.13	11:00:00	1.52737	1.52825	1.52522	1.52566	5790	3697495000	34
2015.08.13	12:00:00	1.52566	1.52962	1.52566	1.52926	5135	3548104000	33
2015.08.13	13:00:00	1.52926	1.53027	1.52706	1.52986	4603	3177214000	35
2015.08.13	14:00:00	1.52986	1.53026	1.52602	1.52612	5623	3479447000	19
2015.08.13	15:00:00	1.52612	1.52789	1.52398	1.52581	7919	5394372000	33
2015.08.13	16:00:00	1.52579	1.52579	1.51751	1.51861	8370	6217584000	33
2015.08.13	17:00:00	1.51863	1.52361	1.51819	1.52071	8228	5789404000	34
2015.08.13	18:00:00	1.52071	1.52239	1.51944	1.52203	8027	5086956000	33
2015.08.13	19:00:00	1.52204	1.52575	1.52188	1.52551	3871	2603307000	36
2015.08.13	20:00:00	1.52552	1.52634	1.52409	1.52561	3493	2526014000	33
2015.08.13	21:00:00	1.52553	1.52575	1.52448	1.52485	2934	1999399000	33
2015.08.13	22:00:00	1.52478	1.52513	1.52259	1.52286	3111	2400938000	39
2015.08.13	23:00:00	1.52288	1.52409	1.52220	1.52264	2227	1706084000	42
2015.08.14	00:00:00	1.52384	1.52998	1.51952	1.52341	174216	874284000	70
2015.08.14	01:00:00	1.52339	1.52382	1.52292	1.52307	1385	1324497000	40
2015.08.14	02:00:00	1.52307	1.52338	1.52263	1.52296	871	599427000	42
2015.08.14	03:00:00	1.52293	1.52325	1.52226	1.52280	1455	1255570000	38
2015.08.14	04:00:00	1.52281	1.52480	1.52270	1.52470	1980	1512567000	33
2015.08.14	05:00:00	1.52470	1.52495	1.52410	1.52421	1120	937400000	33
2015.08.14	06:00:00	1.52421	1.52427	1.52273	1.52318	1279	804499000	33
2015.08.14	07:00:00	1.52319	1.52346	1.52254	1.52282	896	689392000	36
2015.08.14	08:00:00	1.52283	1.52387	1.52278	1.52293	1194	823100000	42
2015.08.14	09:00:00	1.52299	1.52377	1.52097	1.52199	4183	3268394000	33
2015.08.14	10:00:00	1.52202	1.52572	1.52176	1.52366	6374	4407991000	33
2015.08.14	11:00:00	1.52365	1.52474	1.52131	1.52252	5045	3499995000	33
2015.08.14	12:00:00	1.52243	1.52413	1.52100	1.52233	5736	4129896000	33
2015.08.14	13:00:00	1.52234	1.52259	1.51973	1.52111	5408	3996956000	33
2015.08.14	14:00:00	1.52106	1.52343	1.51961	1.52313	5696	4119033000	33
2015.08.14	15:00:00	1.52313	1.52361	1.52114	1.52239	5847	4124477000	33
2015.08.14	16:00:00	1.52237	1.52662	1.52234	1.52572	6660	4777792000	33
2015.08.14	17:00:00	1.52577	1.52813	1.52368	1.52416	7820	5179045000	33
2015.08.14	18:00:00	1.52416	1.52795	1.52395	1.52795	6473	4607141000	33
2015.08.14	19:00:00	1.52793	1.52890	1.52655	1.52729	3729	2623741000	33
2015.08.14	20:00:00	1.52729	1.52938	1.52729	1.52920	2204	1783097000	33
2015.08.14	21:00:00	1.52925	1.53011	1.52813	1.52881	2109	1311165000	33
2015.08.14	22:00:00	1.52884	1.52938	1.52728	1.52748	2377	1651008000	34
2015.08.14	23:00:00	1.52745	1.52745	1.52559	1.52605	2028	1224638000	33
2015.08.17	00:00:00	1.52845	1.53447	1.52144	1.52735	157462	344762000	64
2015.08.17	01:00:00	1.52792	1.52880	1.52727	1.52849	1118	1055924000	54
2015.08.17	02:00:00	1.52849	1.52954	1.52836	1.52887	1704	1163820000	33
2015.08.17	03:00:00	1.52890	1.52990	1.52865	1.52905	1322	1000773000	40
2015.08.17	04:00:00	1.52903	1.53044	1.52862	1.52934	1532	1030987000	33
2015.08.17	05:00:00	1.52932	1.53011	1.52905	1.52982	1384	1102405000	33
2015.08.17	06:00:00	1.52983	1.53085	1.52951	1.53015	1139	683821000	33
2015.08.17	07:00:00	1.53014	1.53025	1.52943	1.52989	1356	814208000	33
2015.08.17	08:00:00	1.52989	1.53049	1.52924	1.52970	1473	1038808000	33
2015.08.17	09:00:00	1.52973	1.53183	1.52964	1.53099	4106	2888213000	33
2015.08.17	10:00:00	1.53097	1.53458	1.52970	1.53093	6513	4297150000	33
2015.08.17	11:00:00	1.53094	1.53317	1.52519	1.52733	6225	4532939000	33
2015.08.17	12:00:00	1.52732	1.52831	1.52581	1.52708	5248	3237786000	33
2015.08.17	13:00:00	1.52709	1.52779	1.52461	1.52727	4505	3161680000	33
2015.08.17	14:00:00	1.52730	1.52882	1.52612	1.52726	5280	4270168000	33
2015.08.17	15:00:00	1.52726	1.52731	1.52312	1.52491	6600	4689748000	33
2015.08.17	16:00:00	1.52490	1.52715	1.52419	1.52509	5872	3810952000	33
2015.08.17	17:00:00	1.52514	1.52635	1.52364	1.52544	6537	4636401000	33
2015.08.17	18:00:00	1.52542	1.52660	1.52326	1.52371	6815	4591325000	34
2015.08.17	19:00:00	1.52371	1.52371	1.52159	1.52232	3542	2474406000	34
2015.08.17	20:00:00	1.52232	1.52369	1.52220	1.52291	2208	1643333000	33
2015.08.17	21:00:00	1.52289	1.52380	1.52226	1.52288	2237	1463479000	35
2015.08.17	22:00:00	1.52285	1.52335	1.52212	1.52216	1948	1370886000	37
2015.08.17	23:00:00	1.52216	1.52511	1.52202	1.52443	2559	2165328000	33
2015.08.18	00:00:00	1.52514	1.53639	1.51973	1.52471	167223	764584000	35
2015.08.18	01:00:00	1.52469	1.52499	1.52388	1.52468	1320	1043284000	45
2015.08.18	02:00:00	1.52468	1.52499	1.52417	1.52423	699	393123000	43
2015.08.18	03:00:00	1.52423	1.52518	1.52393	1.52473	1126	657791000	38
2015.08.18	04:00:00	1.52473	1.52572	1.52414	1.52461	1718	1219042000	33
2015.08.18	05:00:00	1.52461	1.52539	1.52395	1.52441	1280	897700000	33
2015.08.18	06:00:00	1.52452	1.52535	1.52411	1.52480	1187	761800000	33
2015.08.18	07:00:00	1.52481	1.52568	1.52444	1.52559	1814	1052198000	33
2015.08.18	08:00:00	1.52559	1.52599	1.52535	1.52585	1277	777648000	43
2015.08.18	09:00:00	1.52584	1.52584	1.52118	1.52118	3369	2332357000	36
2015.08.18	10:00:00	1.52118	1.52287	1.51990	1.52094	5315	3500942000	33
2015.08.18	11:00:00	1.52093	1.53007	1.52069	1.52895	7282	4731212000	33
2015.08.18	12:00:00	1.52897	1.53155	1.52819	1.53132	5652	3361016000	33
2015.08.18	13:00:00	1.53132	1.53649	1.53120	1.53538	5192	3751140000	33
2015.08.18	14:00:00	1.53538	1.53597	1.53126	1.53258	4440	2913188000	33
2015.08.18	15:00:00	1.53258	1.53526	1.53186	1.53388	6856	4761223000	33
2015.08.18	16:00:00	1.53386	1.53486	1.53239	1.53322	6788	4398403000	34
2015.08.18	17:00:00	1.53324	1.53358	1.52957	1.53006	6565	4478641000	33
2015.08.18	18:00:00	1.53007	1.53133	1.52858	1.52861	6589	4402923000	33
2015.08.18	19:00:00	1.52861	1.52918	1.52692	1.52874	3560	2653301000	33
2015.08.18	20:00:00	1.52872	1.53043	1.52832	1.53036	1955	1364244000	35
2015.08.18	21:00:00	1.53040	1.53211	1.53004	1.53085	2046	1685514000	33
2015.08.18	22:00:00	1.53093	1.53097	1.52896	1.53032	1994	1543214000	33
2015.08.18	23:00:00	1.53032	1.53087	1.52909	1.52909	1619	1198225000	42
2015.08.19	00:00:00	1.53017	1.53139	1.51253	1.53040	194513	994096000	33
2015.08.19	01:00:00	1.53025	1.53113	1.53009	1.53056	2234	2049688000	51
2015.08.19	02:00:00	1.53056	1.53101	1.53021	1.53081	867	587530000	33
2015.08.19	03:00:00	1.53083	1.53137	1.53049	1.53115	1556	1061468000	38
2015.08.19	04:00:00	1.53115	1.53118	1.53059	1.53105	1401	856194000	38
2015.08.19	05:00:00	1.53105	1.53146	1.53045	1.53051	1497	1065488000	37
2015.08.19	06:00:00	1.53050	1.53060	1.52996	1.53018	1212	693514000	42
2015.08.19	07:00:00	1.53018	1.53117	1.52998	1.53033	1609	1366313000	41
2015.08.19	08:00:00	1.53034	1.53038	1.52943	1.52960	1688	1008215000	33
2015.08.19	09:00:00	1.52958	1.52984	1.52776	1.52880	3919	3397050000	36
2015.08.19	10:00:00	1.52881	1.53057	1.52851	1.52967	5244	3466357000	36
2015.08.19	11:00:00	1.52969	1.52988	1.52681	1.52690	4832	2822203000	33
2015.08.19	12:00:00	1.52687	1.52945	1.52448	1.52567	6073	4684157000	33
2015.08.19	13:00:00	1.52567	1.52725	1.52454	1.52529	4511	3074616000	33
2015.08.19	14:00:00	1.52529	1.52614	1.52412	1.52515	3641	2627350000	33
2015.08.19	15:00:00	1.52513	1.52630	1.52196	1.52362	7598	5017252000	33
2015.08.19	16:00:00	1.52362	1.52450	1.52101	1.52144	6983	4636553000	33
2015.08.19	17:00:00	1.52144	1.52263	1.51796	1.51927	7407	5641105000	33
2015.08.19	18:00:00	1.51929	1.52022	1.51635	1.51755	8539	5928012000	33
2015.08.19	19:00:00	1.51755	1.51773	1.51566	1.51673	4051	2555574000	34
2015.08.19	20:00:00	1.51673	1.51809	1.51479	1.51488	6823	4254369000	33
2015.08.19	21:00:00	1.51489	1.51607	1.51289	1.51425	6992	4882721000	34
2015.08.19	22:00:00	1.51426	1.51480	1.51308	1.51319	4186	3180188000	37
2015.08.19	23:00:00	1.51319	1.51430	1.51262	1.51262	3071	2366021000	33
2015.08.20	00:00:00	1.51398	1.51615	1.50172	1.51324	227854	1316155000	33
2015.08.20	01:00:00	1.51323	1.51390	1.51283	1.51375	2184	2085806000	40
2015.08.20	02:00:00	1.51380	1.51438	1.51324	1.51435	1294	1236442000	40
2015.08.20	03:00:00	1.51438	1.51442	1.51279	1.51428	3328	2591799000	33
2015.08.20	04:00:00	1.51428	1.51499	1.51381	1.51470	2202	1743200000	36
2015.08.20	05:00:00	1.51470	1.51523	1.51412	1.51441	1966	1089800000	33
2015.08.20	06:00:00	1.51441	1.51493	1.51418	1.51465	1776	1390468000	35
2015.08.20	07:00:00	1.51463	1.51516	1.51445	1.51508	1482	1234134000	33
2015.08.20	08:00:00	1.51507	1.51624	1.51457	1.51585	2924	1832963000	33
2015.08.20	09:00:00	1.51585	1.51585	1.51170	1.51172	5425	3588013000	35
2015.08.20	10:00:00	1.51171	1.51433	1.51036	1.51036	7095	4262916000	33
2015.08.20	11:00:00	1.51038	1.51115	1.50342	1.50365	8629	5587752000	33
2015.08.20	12:00:00	1.50367	1.50488	1.50182	1.50439	7093	5348749000	33
2015.08.20	13:00:00	1.50441	1.50908	1.50441	1.50607	6867	4611233000	33
2015.08.20	14:00:00	1.50606	1.50939	1.50587	1.50915	5367	3470092000	33
2015.08.20	15:00:00	1.50918	1.51237	1.50682	1.51117	7319	4471869000	33
2015.08.20	16:00:00	1.51117	1.51219	1.50917	1.50977	6935	5054088000	33
2015.08.20	17:00:00	1.50977	1.51131	1.50412	1.50950	10225	6424893000	33
2015.08.20	18:00:00	1.50950	1.51027	1.50771	1.50908	6671	4315789000	33
2015.08.20	19:00:00	1.50908	1.50946	1.50682	1.50870	4486	2976194000	34
2015.08.20	20:00:00	1.50867	1.50929	1.50781	1.50830	4060	2654439000	33
2015.08.20	21:00:00	1.50831	1.50856	1.50543	1.50721	3528	2296347000	35
2015.08.20	22:00:00	1.50721	1.50813	1.50595	1.50613	2388	1564843000	37
2015.08.20	23:00:00	1.50613	1.50772	1.50195	1.50204	4151	3005865000	33
2015.08.21	00:00:00	1.50361	1.50643	1.48436	1.50402	247328	786724000	33
2015.08.21	01:00:00	1.50399	1.50457	1.50357	1.50427	2901	2656455000	46
2015.08.21	02:00:00	1.50425	1.50490	1.50389	1.50472	1298	1180600000	33
2015.08.21	03:00:00	1.50469	1.50510	1.50393	1.50504	2057	1764399000	36
2015.08.21	04:00:00	1.50502	1.50521	1.50278	1.50360	2140	1294791000	33
2015.08.21	05:00:00	1.50363	1.50366	1.50026	1.50150	3005	1943558000	39
2015.08.21	06:00:00	1.50148	1.50148	1.50031	1.50088	2449	1583068000	33
2015.08.21	07:00:00	1.50088	1.50108	1.50033	1.50054	2016	1405001000	33
2015.08.21	08:00:00	1.50054	1.50208	1.50006	1.50187	2704	1715833000	33
2015.08.21	09:00:00	1.50187	1.50324	1.50067	1.50155	5240	4001459000	33
2015.08.21	10:00:00	1.50190	1.50485	1.50130	1.50414	7460	4625873000	33
2015.08.21	11:00:00	1.50414	1.50655	1.50289	1.50366	7008	4475280000	33
2015.08.21	12:00:00	1.50366	1.50492	1.49978	1.50074	6195	4851552000	33
2015.08.21	13:00:00	1.50075	1.50083	1.49542	1.49583	7554	5502671000	33
2015.08.21	14:00:00	1.49592	1.49642	1.49433	1.49551	6336	4248084000	33
2015.08.21	15:00:00	1.49551	1.49633	1.49263	1.49596	8216	6272349000	33
2015.08.21	16:00:00	1.49596	1.49802	1.49354	1.49717	9041	6009604000	33
2015.08.21	17:00:00	1.49718	1.49849	1.49413	1.49473	10085	7042087000	33
2015.08.21	18:00:00	1.49475	1.49611	1.48690	1.48893	10884	8467266000	33
2015.08.21	19:00:00	1.48896	1.49072	1.48613	1.48813	6639	4903323000	33
2015.08.21	20:00:00	1.48810	1.49067	1.48679	1.48995	6006	3982542000	33
2015.08.21	21:00:00	1.48996	1.49176	1.48778	1.48778	5169	3183718000	33
2015.08.21	22:00:00	1.48775	1.49019	1.48774	1.48790	4704	3103598000	33
2015.08.21	23:00:00	1.48794	1.48933	1.48305	1.48351	3241	2053451000	33
2015.08.24	00:00:00	1.48390	1.48763	1.46006	1.48626	355580	807404000	84
2015.08.24	01:00:00	1.48630	1.48644	1.48361	1.48361	2306	2319400000	46
2015.08.24	02:00:00	1.48369	1.48505	1.48115	1.48462	3074	2525413000	42
2015.08.24	03:00:00	1.48461	1.48521	1.48313	1.48324	3267	2059588000	33
2015.08.24	04:00:00	1.48324	1.48386	1.47938	1.48074	6867	4970789000	33
2015.08.24	05:00:00	1.48071	1.48085	1.46939	1.47242	6011	4443529000	33
2015.08.24	06:00:00	1.47245	1.47788	1.47097	1.47788	5244	3832498000	33
2015.08.24	07:00:00	1.47786	1.48055	1.47687	1.47827	2845	2245375000	33
2015.08.24	08:00:00	1.47827	1.47893	1.47610	1.47719	3968	2101114000	33
2015.08.24	09:00:00	1.47720	1.47983	1.47127	1.47288	6422	0	40
2015.08.24	10:00:00	1.47288	1.48106	1.47285	1.48033	8762	0	39
2015.08.24	11:00:00	1.48037	1.48475	1.47944	1.48346	6385	0	40
2015.08.24	12:00:00	1.48346	1.48379	1.47790	1.47863	5138	0	39
2015.08.24	13:00:00	1.47866	1.47992	1.47642	1.47663	5678	0	40
2015.08.24	14:00:00	1.47664	1.47783	1.46896	1.47389	7828	428930000	33
2015.08.24	15:00:00	1.47391	1.47778	1.47299	1.47387	11109	6913897000	33
2015.08.24	16:00:00	1.47386	1.47387	1.46014	1.46631	17223	9158637000	33
2015.08.24	17:00:00	1.46634	1.47363	1.46493	1.47304	13291	7451422000	33
2015.08.24	18:00:00	1.47305	1.47566	1.46631	1.47054	10727	6107992000	33
2015.08.24	19:00:00	1.47052	1.47719	1.46955	1.47694	8180	5135462000	33
2015.08.24	20:00:00	1.47694	1.47889	1.47409	1.47478	7825	4965615000	33
2015.08.24	21:00:00	1.47478	1.47603	1.46875	1.46907	7641	4673209000	35
2015.08.24	22:00:00	1.46904	1.47465	1.46898	1.47071	8053	4189172000	33
2015.08.24	23:00:00	1.47072	1.47222	1.46563	1.46576	4212	2400693000	33
2015.08.25	00:00:00	1.46716	1.49134	1.46631	1.46945	361666	1360253000	33
2015.08.25	01:00:00	1.46945	1.46949	1.46654	1.46719	3212	2008681000	47
2015.08.25	02:00:00	1.46717	1.47023	1.46707	1.47023	2089	1240436000	33
2015.08.25	03:00:00	1.47023	1.47228	1.46986	1.47059	5277	4441039000	41
2015.08.25	04:00:00	1.47062	1.47741	1.47024	1.47533	5512	3461458000	33
2015.08.25	05:00:00	1.47522	1.47563	1.47318	1.47509	3441	2084651000	33
2015.08.25	06:00:00	1.47510	1.47524	1.47346	1.47395	2303	1716628000	41
2015.08.25	07:00:00	1.47390	1.47500	1.47243	1.47402	2596	1865138000	37
2015.08.25	08:00:00	1.47401	1.47420	1.46881	1.46885	3981	2595180000	36
2015.08.25	09:00:00	1.46887	1.47479	1.46832	1.47217	8697	6845163000	33
2015.08.25	10:00:00	1.47217	1.48421	1.47203	1.48255	11311	6819585000	33
2015.08.25	11:00:00	1.48259	1.48861	1.48200	1.48276	10701	6724313000	33
2015.08.25	12:00:00	1.48272	1.48701	1.48162	1.48515	8262	5368784000	33
2015.08.25	13:00:00	1.48515	1.49072	1.48320	1.48711	12600	7841972000	33
2015.08.25	14:00:00	1.48714	1.48883	1.48443	1.48798	9460	6467932000	33
2015.08.25	15:00:00	1.48798	1.48903	1.48474	1.48519	10137	7009200000	33
2015.08.25	16:00:00	1.48519	1.48823	1.48308	1.48687	11284	7303093000	33
2015.08.25	17:00:00	1.48689	1.48789	1.48454	1.48759	12247	9168760000	33
2015.08.25	18:00:00	1.48752	1.49144	1.48733	1.48928	10058	6761094000	33
2015.08.25	19:00:00	1.48928	1.49009	1.48625	1.48629	6574	4254787000	33
2015.08.25	20:00:00	1.48628	1.48655	1.48053	1.48194	7045	4983436000	33
2015.08.25	21:00:00	1.48194	1.48338	1.47954	1.47960	5510	3368940000	33
2015.08.25	22:00:00	1.47957	1.48152	1.47512	1.47569	7415	6593177000	33
2015.08.25	23:00:00	1.47570	1.47718	1.47131	1.47131	4633	3380206000	33
2015.08.26	00:00:00	1.47283	1.48407	1.46485	1.47410	315752	1288423000	33
2015.08.26	01:00:00	1.47417	1.47475	1.47247	1.47435	2918	1400074000	37
2015.08.26	02:00:00	1.47436	1.47618	1.47354	1.47361	1947	1268016000	37
2015.08.26	03:00:00	1.47356	1.47807	1.47338	1.47504	4760	2782722000	33
2015.08.26	04:00:00	1.47494	1.47885	1.47401	1.47678	4303	2248057000	33
2015.08.26	05:00:00	1.47681	1.47920	1.47553	1.47916	2845	1510337000	33
2015.08.26	06:00:00	1.47914	1.48128	1.47886	1.48050	3044	1708892000	33
2015.08.26	07:00:00	1.48052	1.48273	1.47985	1.48145	1991	1134001000	38
2015.08.26	08:00:00	1.48131	1.48410	1.48129	1.48322	3063	2477846000	33
2015.08.26	09:00:00	1.48318	1.48338	1.47783	1.47842	6023	4146204000	33
2015.08.26	10:00:00	1.47842	1.48025	1.47645	1.47645	9252	5816859000	33
2015.08.26	11:00:00	1.47644	1.47814	1.47523	1.47795	8629	5637405000	33
2015.08.26	12:00:00	1.47795	1.47850	1.47392	1.47470	8973	6546328000	33
2015.08.26	13:00:00	1.47470	1.47620	1.47341	1.47464	8499	5383189000	33
2015.08.26	14:00:00	1.47464	1.47489	1.47138	1.47266	8323	6028243000	33
2015.08.26	15:00:00	1.47266	1.47670	1.47193	1.47381	10798	6888791000	33
2015.08.26	16:00:00	1.47381	1.47661	1.47149	1.47342	10053	6914098000	33
2015.08.26	17:00:00	1.47342	1.47589	1.46777	1.46939	14586	8438445000	33
2015.08.26	18:00:00	1.46935	1.47042	1.46525	1.46727	12100	6895018000	33
2015.08.26	19:00:00	1.46728	1.46810	1.46496	1.46804	7540	4752010000	33
2015.08.26	20:00:00	1.46814	1.46925	1.46588	1.46925	6468	3901785000	33
2015.08.26	21:00:00	1.46931	1.47499	1.46888	1.47241	5407	3673184000	33
2015.08.26	22:00:00	1.47232	1.47566	1.47228	1.47517	5672	3638102000	33
2015.08.26	23:00:00	1.47517	1.47675	1.47288	1.47288	4330	3128436000	33
2015.08.27	00:00:00	1.47532	1.48942	1.47188	1.47540	215157	1516161000	34
2015.08.27	01:00:00	1.47536	1.47562	1.47261	1.47326	3576	2443156000	45
2015.08.27	02:00:00	1.47325	1.47379	1.47288	1.47334	1826	1378963000	36
2015.08.27	03:00:00	1.47333	1.47465	1.47273	1.47281	3212	2343477000	33
2015.08.27	04:00:00	1.47284	1.47660	1.47267	1.47526	2064	1473720000	33
2015.08.27	05:00:00	1.47526	1.47608	1.47432	1.47608	1673	1506357000	37
2015.08.27	06:00:00	1.47608	1.47729	1.47527	1.47729	1850	1468975000	33
2015.08.27	07:00:00	1.47729	1.47729	1.47557	1.47568	1695	1165339000	33
2015.08.27	08:00:00	1.47568	1.47713	1.47521	1.47619	1692	1177739000	33
2015.08.27	09:00:00	1.47616	1.47756	1.47392	1.47477	6124	4382492000	33
2015.08.27	10:00:00	1.47477	1.47828	1.47420	1.47657	9619	7791870000	33
2015.08.27	11:00:00	1.47657	1.47863	1.47491	1.47678	7399	5327655000	33
2015.08.27	12:00:00	1.47678	1.47774	1.47429	1.47711	6682	4688257000	33
2015.08.27	13:00:00	1.47711	1.47890	1.47310	1.47314	5297	4087787000	33
2015.08.27	14:00:00	1.47315	1.47700	1.47204	1.47484	6400	4621284000	33
2015.08.27	15:00:00	1.47482	1.47902	1.47238	1.47845	9281	6625536000	33
2015.08.27	16:00:00	1.47845	1.47878	1.47590	1.47664	9274	6953299000	33
2015.08.27	17:00:00	1.47664	1.48002	1.47592	1.47932	10370	6916013000	33
2015.08.27	18:00:00	1.47933	1.48403	1.47907	1.48401	8022	5168563000	33
2015.08.27	19:00:00	1.48399	1.48829	1.48334	1.48549	6442	4572492000	33
2015.08.27	20:00:00	1.48549	1.48699	1.48472	1.48690	4794	3561794000	33
2015.08.27	21:00:00	1.48688	1.48947	1.48631	1.48825	4732	3571827000	35
2015.08.27	22:00:00	1.48825	1.48947	1.48607	1.48918	5447	4041152000	33
2015.08.27	23:00:00	1.48918	1.48922	1.48469	1.48707	3337	2520835000	36
2015.08.28	00:00:00	1.48778	1.48996	1.47306	1.48709	176713	1559772000	49
2015.08.28	01:00:00	1.48710	1.48844	1.48706	1.48733	1806	1397088000	41
2015.08.28	02:00:00	1.48733	1.48876	1.48693	1.48766	1061	817289000	37
2015.08.28	03:00:00	1.48764	1.48970	1.48667	1.48934	1957	1458096000	33
2015.08.28	04:00:00	1.48934	1.48990	1.48863	1.48936	1560	916166000	43
2015.08.28	05:00:00	1.48937	1.48963	1.48830	1.48882	1652	1062792000	33
2015.08.28	06:00:00	1.48885	1.48973	1.48866	1.48909	1272	756045000	35
2015.08.28	07:00:00	1.48911	1.49003	1.48899	1.48929	1337	1017558000	33
2015.08.28	08:00:00	1.48927	1.48933	1.48620	1.48622	2182	1402179000	33
2015.08.28	09:00:00	1.48622	1.48862	1.48491	1.48643	4404	3415230000	33
2015.08.28	10:00:00	1.48640	1.48664	1.47937	1.47965	7869	5022830000	33
2015.08.28	11:00:00	1.47967	1.48279	1.47895	1.47990	7508	4748750000	33
2015.08.28	12:00:00	1.47990	1.48279	1.47643	1.48107	7886	4970350000	33
2015.08.28	13:00:00	1.48107	1.48154	1.47551	1.47580	6724	4465700000	33
2015.08.28	14:00:00	1.47580	1.47800	1.47317	1.47704	6986	4377000000	33
2015.08.28	15:00:00	1.47702	1.47710	1.47416	1.47637	8452	6604200000	33
2015.08.28	16:00:00	1.47635	1.47956	1.47406	1.47848	9180	5978450000	33
2015.08.28	17:00:00	1.47848	1.48062	1.47375	1.47483	10162	6019150000	33
2015.08.28	18:00:00	1.47482	1.47884	1.47365	1.47786	10115	6078250000	33
2015.08.28	19:00:00	1.47787	1.48165	1.47734	1.48007	5983	3509600000	33
2015.08.28	20:00:00	1.48016	1.48023	1.47710	1.47710	4905	2897250000	33
2015.08.28	21:00:00	1.47712	1.48201	1.47710	1.48165	4166	2352900000	33
2015.08.28	22:00:00	1.48162	1.48334	1.48076	1.48183	3116	1651350000	37
2015.08.28	23:00:00	1.48183	1.48240	1.48019	1.48082	2576	1444600000	33
2015.08.31	00:00:00	1.48408	1.48914	1.47872	1.48381	154133	562500000	109
2015.08.31	01:00:00	1.48327	1.48357	1.48126	1.48232	4386	4513000000	42
2015.08.31	02:00:00	1.48232	1.48260	1.48116	1.48153	1920	1466300000	33
2015.08.31	03:00:00	1.48156	1.48196	1.47954	1.47985	2454	1739000000	33
2015.08.31	04:00:00	1.47987	1.48330	1.47987	1.48232	2897	2172600000	33
2015.08.31	05:00:00	1.48231	1.48265	1.48056	1.48066	2490	1769000000	37
2015.08.31	06:00:00	1.48065	1.48088	1.47924	1.47965	1917	1010700000	36
2015.08.31	07:00:00	1.47967	1.48055	1.47884	1.48051	1986	1262400000	33
2015.08.31	08:00:00	1.48051	1.48113	1.47959	1.48057	2182	1133300000	33
2015.08.31	09:00:00	1.48060	1.48316	1.48014	1.48263	3814	2845000000	33
2015.08.31	10:00:00	1.48263	1.48380	1.48077	1.48366	4574	2963500000	33
2015.08.31	11:00:00	1.48366	1.48616	1.48245	1.48591	5234	3118300000	33
2015.08.31	12:00:00	1.48601	1.48658	1.48327	1.48616	5143	3348800000	33
2015.08.31	13:00:00	1.48622	1.48689	1.48424	1.48687	3882	2166100000	36
2015.08.31	14:00:00	1.48685	1.48847	1.48600	1.48643	3275	1819600000	33
2015.08.31	15:00:00	1.48642	1.48774	1.48422	1.48608	4691	3364500000	33
2015.08.31	16:00:00	1.48606	1.48779	1.48514	1.48644	6019	3839300000	33
2015.08.31	17:00:00	1.48648	1.48931	1.48590	1.48668	7732	5008500000	33
2015.08.31	18:00:00	1.48671	1.48797	1.48480	1.48708	7333	4498850000	33
2015.08.31	19:00:00	1.48693	1.48727	1.48223	1.48356	3672	2533950000	33
2015.08.31	20:00:00	1.48354	1.48409	1.48110	1.48115	3131	1819600000	33
2015.08.31	21:00:00	1.48118	1.48488	1.48100	1.48254	3128	2010100000	33
2015.08.31	22:00:00	1.48264	1.48357	1.48158	1.48351	3677	1881700000	33
2015.08.31	23:00:00	1.48351	1.48428	1.48285	1.48289	1672	941720000	34
2015.09.01	00:00:00	1.48384	1.48454	1.46694	1.48306	248827	647900000	33
2015.09.01	01:00:00	1.48314	1.48372	1.48242	1.48287	957	712500000	34
2015.09.01	02:00:00	1.48287	1.48397	1.48246	1.48255	1089	790500000	33
2015.09.01	03:00:00	1.48261	1.48293	1.48072	1.48152	2119	1392650000	33
2015.09.01	04:00:00	1.48152	1.48266	1.48045	1.48184	2018	1368250000	33
2015.09.01	05:00:00	1.48179	1.48197	1.47769	1.48167	2384	1585050000	33
2015.09.01	06:00:00	1.48167	1.48225	1.47974	1.48055	1689	974050000	33
2015.09.01	07:00:00	1.48058	1.48102	1.48029	1.48057	2013	1248800000	33
2015.09.01	08:00:00	1.48049	1.48079	1.47886	1.47962	2350	1309800000	33
2015.09.01	09:00:00	1.47963	1.48025	1.47658	1.47816	4539	2731700000	33
2015.09.01	10:00:00	1.47815	1.47942	1.47181	1.47275	8402	5408550000	33
2015.09.01	11:00:00	1.47269	1.47592	1.46869	1.47497	10225	6436900000	33
2015.09.01	12:00:00	1.47497	1.47974	1.47313	1.47777	7747	4562300000	33
2015.09.01	13:00:00	1.47777	1.48115	1.47682	1.47764	6686	3659200000	29
2015.09.01	14:00:00	1.47772	1.47892	1.47588	1.47741	6120	3013600000	14
2015.09.01	15:00:00	1.47736	1.47840	1.47172	1.47248	7430	4129800000	33
2015.09.01	16:00:00	1.47248	1.47979	1.47239	1.47734	8454	5370100000	33
2015.09.01	17:00:00	1.47728	1.47743	1.47105	1.47381	9924	6348650000	33
2015.09.01	18:00:00	1.47388	1.47803	1.47358	1.47582	7588	5461500000	33
2015.09.01	19:00:00	1.47582	1.47621	1.47252	1.47442	4668	2771300000	33
2015.09.01	20:00:00	1.47445	1.47472	1.47046	1.47252	5048	2643450000	23
2015.09.01	21:00:00	1.47252	1.47259	1.47003	1.47052	4400	2379800000	33
2015.09.01	22:00:00	1.47049	1.47211	1.46938	1.46948	4578	2287000000	37
2015.09.01	23:00:00	1.46938	1.47003	1.46696	1.46704	3142	2175000000	33
2015.09.02	00:00:00	1.46692	1.48513	1.46594	1.46719	174579	1094700000	33
2015.09.02	01:00:00	1.46719	1.46854	1.46707	1.46849	1773	1306400000	38
2015.09.02	02:00:00	1.46845	1.46988	1.46820	1.46905	1109	816500000	41
2015.09.02	03:00:00	1.46905	1.47208	1.46837	1.47200	4201	2708300000	33
2015.09.02	04:00:00	1.47197	1.47365	1.46903	1.47190	3395	2150100000	33
2015.09.02	05:00:00	1.47191	1.47221	1.47026	1.47074	2098	1373200000	33
2015.09.02	06:00:00	1.47075	1.47392	1.47039	1.47344	2336	1583900000	33
2015.09.02	07:00:00	1.47346	1.47356	1.47118	1.47223	2587	1958400000	33
2015.09.02	08:00:00	1.47229	1.47282	1.47118	1.47249	2503	1758500000	33
2015.09.02	09:00:00	1.47249	1.47436	1.47021	1.47044	4143	3116900000	33
2015.09.02	10:00:00	1.47042	1.47647	1.47040	1.47376	6759	4353600000	33
2015.09.02	11:00:00	1.47375	1.47456	1.46981	1.47294	8052	5401300000	33
2015.09.02	12:00:00	1.47294	1.47391	1.47073	1.47281	6988	4327400000	33
2015.09.02	13:00:00	1.47284	1.47462	1.47271	1.47368	5929	3592800000	33
2015.09.02	14:00:00	1.47368	1.47460	1.47289	1.47398	5292	3231600000	33
2015.09.02	15:00:00	1.47398	1.47972	1.47317	1.47813	7746	5008445000	33
2015.09.02	16:00:00	1.47817	1.48184	1.47804	1.47931	8366	4880550000	33
2015.09.02	17:00:00	1.47933	1.48394	1.47897	1.48289	9364	5778300000	33
2015.09.02	18:00:00	1.48287	1.48397	1.48131	1.48362	6837	3953500000	33
2015.09.02	19:00:00	1.48362	1.48468	1.48252	1.48385	4208	2938500000	33
2015.09.02	20:00:00	1.48381	1.48523	1.48264	1.48479	3618	2633400000	33
2015.09.02	21:00:00	1.48481	1.48526	1.48320	1.48320	4214	2954400000	34
2015.09.02	22:00:00	1.48317	1.48390	1.48275	1.48371	3396	2258400000	33
2015.09.02	23:00:00	1.48369	1.48393	1.48237	1.48281	2241	1708900000	33
2015.09.03	00:00:00	1.48235	1.49085	1.47618	1.48287	191909	340100000	63
2015.09.03	01:00:00	1.48278	1.48487	1.48267	1.48438	1905	1000200000	45
2015.09.03	02:00:00	1.48439	1.48489	1.48398	1.48469	937	475800000	37
2015.09.03	03:00:00	1.48466	1.48509	1.48352	1.48405	2206	1333800000	33
2015.09.03	04:00:00	1.48404	1.48439	1.48306	1.48312	2464	1752800000	33
2015.09.03	05:00:00	1.48312	1.48359	1.48199	1.48331	1531	1042300000	33
2015.09.03	06:00:00	1.48331	1.48348	1.48195	1.48211	1606	1217000000	42
2015.09.03	07:00:00	1.48211	1.48311	1.48165	1.48265	1694	959100000	33
2015.09.03	08:00:00	1.48265	1.48294	1.48126	1.48173	1289	953200000	33
2015.09.03	09:00:00	1.48173	1.48249	1.48070	1.48103	3041	2149200000	35
2015.09.03	10:00:00	1.48101	1.48215	1.47875	1.47921	6578	4427500000	33
2015.09.03	11:00:00	1.47904	1.47997	1.47643	1.47834	6427	4369600000	33
2015.09.03	12:00:00	1.47833	1.48204	1.47833	1.48038	6380	4262100000	33
2015.09.03	13:00:00	1.48036	1.48330	1.48007	1.48226	5128	3094700000	33
2015.09.03	14:00:00	1.48225	1.48305	1.48028	1.48100	5627	3270000000	33
2015.09.03	15:00:00	1.48100	1.49100	1.48067	1.48920	10752	6508600000	33
2015.09.03	16:00:00	1.48923	1.48986	1.48532	1.48680	9592	5701800000	33
2015.09.03	17:00:00	1.48672	1.48816	1.48455	1.48720	8755	5507500000	33
2015.09.03	18:00:00	1.48722	1.48939	1.48589	1.48935	8027	5772300000	33
2015.09.03	19:00:00	1.48934	1.48969	1.48659	1.48728	3774	2441000000	33
2015.09.03	20:00:00	1.48729	1.48822	1.48533	1.48594	3912	2196550000	33
2015.09.03	21:00:00	1.48596	1.48661	1.48487	1.48529	4217	2449000000	33
2015.09.03	22:00:00	1.48529	1.48545	1.48420	1.48445	3862	2900500000	33
2015.09.03	23:00:00	1.48449	1.48505	1.48270	1.48403	2578	1568900000	35
2015.09.04	00:00:00	1.48486	1.48689	1.47383	1.48482	171044	547550000	36
2015.09.04	01:00:00	1.48486	1.48506	1.48429	1.48473	1288	658000000	46
2015.09.04	02:00:00	1.48474	1.48615	1.48449	1.48593	1206	601200000	40
2015.09.04	03:00:00	1.48594	1.48640	1.48412	1.48443	2313	1926000000	37
2015.09.04	04:00:00	1.48440	1.48532	1.48385	1.48477	1904	1201900000	35
2015.09.04	05:00:00	1.48476	1.48479	1.48152	1.48261	2041	1537700000	33
2015.09.04	06:00:00	1.48259	1.48278	1.47927	1.47997	2105	1266500000	33
2015.09.04	07:00:00	1.47999	1.47999	1.47689	1.47999	3505	2478400000	33
2015.09.04	08:00:00	1.47999	1.48147	1.47975	1.48067	2719	1759500000	33
2015.09.04	09:00:00	1.48067	1.48398	1.47982	1.48201	4211	3472600000	33
2015.09.04	10:00:00	1.48198	1.48571	1.48038	1.48404	6273	4397500000	33
2015.09.04	11:00:00	1.48406	1.48658	1.48273	1.48375	6868	4064600000	33
2015.09.04	12:00:00	1.48380	1.48574	1.48320	1.48356	4348	2749000000	33
2015.09.04	13:00:00	1.48356	1.48576	1.48217	1.48350	4914	3581100000	33
2015.09.04	14:00:00	1.48353	1.48367	1.48159	1.48208	3800	2781500000	33
2015.09.04	15:00:00	1.48206	1.48689	1.46373	1.48067	10758	7196250000	33
2015.09.04	16:00:00	1.48061	1.48481	1.47929	1.48346	9578	6431300000	33
2015.09.04	17:00:00	1.48344	1.48389	1.47830	1.47939	8317	5778900000	33
2015.09.04	18:00:00	1.47938	1.48187	1.47906	1.48186	7663	5367900000	33
2015.09.04	19:00:00	1.48186	1.48211	1.47832	1.47870	4054	2417550000	33
2015.09.04	20:00:00	1.47870	1.47876	1.47662	1.47671	3788	2209600000	39
2015.09.04	21:00:00	1.47672	1.47873	1.47671	1.47760	2772	1723300000	35
2015.09.04	22:00:00	1.47758	1.47800	1.47602	1.47615	2911	1819600000	36
2015.09.04	23:00:00	1.47615	1.47670	1.47346	1.47381	1763	949300000	34
2015.09.07	00:00:00	1.47526	1.49186	1.47252	1.47421	121481	211500000	126
2015.09.07	01:00:00	1.47449	1.47621	1.47409	1.47584	2219	1733000000	38
2015.09.07	02:00:00	1.47584	1.47732	1.47582	1.47655	1550	1414000000	50
2015.09.07	03:00:00	1.47654	1.47705	1.47442	1.47482	3287	1975600000	39
2015.09.07	04:00:00	1.47484	1.47814	1.47462	1.47766	2942	1928750000	35
2015.09.07	05:00:00	1.47763	1.47784	1.47504	1.47614	2820	1692700000	33
2015.09.07	06:00:00	1.47612	1.47663	1.47572	1.47642	1493	954000000	37
2015.09.07	07:00:00	1.47642	1.47749	1.47610	1.47747	1684	1073500000	33
2015.09.07	08:00:00	1.47745	1.47760	1.47542	1.47604	1604	849500000	33
2015.09.07	09:00:00	1.47607	1.47910	1.47525	1.47714	4288	3017600000	33
2015.09.07	10:00:00	1.47717	1.48145	1.47717	1.47829	7746	5610900000	33
2015.09.07	11:00:00	1.47830	1.48452	1.47772	1.48449	6801	4774300000	33
2015.09.07	12:00:00	1.48449	1.48555	1.48165	1.48443	6986	4943300000	33
2015.09.07	13:00:00	1.48441	1.48741	1.48354	1.48657	5837	4252100000	33
2015.09.07	14:00:00	1.48660	1.48833	1.48590	1.48713	5887	3872798000	33
2015.09.07	15:00:00	1.48713	1.48958	1.48663	1.48777	5974	3862300000	33
2015.09.07	16:00:00	1.48778	1.49017	1.48740	1.48893	3643	2357400000	33
2015.09.07	17:00:00	1.48895	1.49018	1.48749	1.48951	3748	2227800000	33
2015.09.07	18:00:00	1.48954	1.49058	1.48862	1.48950	3721	2712050000	33
2015.09.07	19:00:00	1.48950	1.49194	1.48922	1.49097	2661	1639500000	33
2015.09.07	20:00:00	1.49093	1.49123	1.49006	1.49058	3690	2940800000	33
2015.09.07	21:00:00	1.49058	1.49059	1.48910	1.48944	1398	721500000	33
2015.09.07	22:00:00	1.48944	1.49008	1.48877	1.48992	2412	1350000000	43
2015.09.07	23:00:00	1.48989	1.48994	1.48752	1.48752	2578	1367700000	45
2015.09.08	00:00:00	1.48871	1.51044	1.48421	1.48899	178805	1621400000	54
2015.09.08	01:00:00	1.48904	1.48941	1.48864	1.48925	2176	1444200000	42
2015.09.08	02:00:00	1.48925	1.49070	1.48875	1.49053	1223	801600000	42
2015.09.08	03:00:00	1.49054	1.49096	1.48855	1.48908	1614	839500000	35
2015.09.08	04:00:00	1.48908	1.48940	1.48821	1.48888	1875	1067500000	35
2015.09.08	05:00:00	1.48891	1.48967	1.48847	1.48937	2444	1549400000	35
2015.09.08	06:00:00	1.48937	1.48970	1.48459	1.48518	3411	2224000000	33
2015.09.08	07:00:00	1.48518	1.48717	1.48428	1.48707	3271	2428750000	33
2015.09.08	08:00:00	1.48710	1.49004	1.48687	1.48990	3468	2167000000	33
2015.09.08	09:00:00	1.48992	1.49500	1.48911	1.49327	6996	4868000000	33
2015.09.08	10:00:00	1.49327	1.49784	1.49297	1.49729	7858	4795900000	33
2015.09.08	11:00:00	1.49726	1.50049	1.49636	1.49985	5267	3264900000	33
2015.09.08	12:00:00	1.49985	1.50563	1.49934	1.50385	6760	4191650000	33
2015.09.08	13:00:00	1.50386	1.50483	1.50278	1.50335	4439	3202700000	33
2015.09.08	14:00:00	1.50336	1.50672	1.50293	1.50645	4686	3366000000	33
2015.09.08	15:00:00	1.50646	1.50749	1.50462	1.50504	6049	4100850000	33
2015.09.08	16:00:00	1.50507	1.50588	1.50380	1.50454	8012	4736450000	33
2015.09.08	17:00:00	1.50457	1.50461	1.50238	1.50357	7738	4228750000	33
2015.09.08	18:00:00	1.50354	1.50450	1.50153	1.50417	5684	3524200000	33
2015.09.08	19:00:00	1.50417	1.50781	1.50362	1.50623	4661	2832900000	33
2015.09.08	20:00:00	1.50621	1.50819	1.50609	1.50787	2927	1829650000	33
2015.09.08	21:00:00	1.50785	1.51060	1.50721	1.51011	3199	2154500000	33
2015.09.08	22:00:00	1.51008	1.51033	1.50714	1.50861	3354	2531000000	33
2015.09.08	23:00:00	1.50859	1.50879	1.50552	1.50552	2489	1540400000	33
2015.09.09	00:00:00	1.50716	1.51061	1.49167	1.50602	191488	477500000	33
2015.09.09	01:00:00	1.50599	1.50692	1.50551	1.50557	1911	1301000000	36
2015.09.09	02:00:00	1.50560	1.50607	1.50479	1.50557	1085	676000000	39
2015.09.09	03:00:00	1.50557	1.50824	1.50519	1.50817	3113	1960300000	33
2015.09.09	04:00:00	1.50815	1.50893	1.50782	1.50873	2339	1546900000	33
2015.09.09	05:00:00	1.50877	1.50885	1.50667	1.50876	2842	1815000000	33
2015.09.09	06:00:00	1.50878	1.50910	1.50799	1.50843	1274	665900000	33
2015.09.09	07:00:00	1.50844	1.50916	1.50705	1.50752	1979	1164500000	34
2015.09.09	08:00:00	1.50751	1.50961	1.50735	1.50956	3057	1637500000	33
2015.09.09	09:00:00	1.50956	1.51071	1.50656	1.50657	5147	3827297000	33
2015.09.09	10:00:00	1.50658	1.50722	1.50305	1.50330	7224	5093395000	33
2015.09.09	11:00:00	1.50331	1.50406	1.49187	1.49449	8583	6349050000	33
2015.09.09	12:00:00	1.49448	1.49933	1.49417	1.49920	5417	3981400000	28
2015.09.09	13:00:00	1.49920	1.49997	1.49706	1.49926	5638	3591100000	33
2015.09.09	14:00:00	1.49926	1.50350	1.49863	1.50227	5589	3978200000	33
2015.09.09	15:00:00	1.50225	1.50444	1.50059	1.50423	5656	3840200000	34
2015.09.09	16:00:00	1.50432	1.50692	1.50381	1.50657	6883	4428050000	33
2015.09.09	17:00:00	1.50656	1.50746	1.50191	1.50232	8645	6213550000	33
2015.09.09	18:00:00	1.50232	1.50418	1.50042	1.50043	6793	4454300000	33
2015.09.09	19:00:00	1.50045	1.50167	1.49940	1.50110	4248	2894800000	33
2015.09.09	20:00:00	1.50110	1.50196	1.49856	1.49908	4180	3167200000	33
2015.09.09	21:00:00	1.49907	1.50002	1.49591	1.49652	5064	3212000000	33
2015.09.09	22:00:00	1.49649	1.49800	1.49636	1.49796	4519	3537500000	33
2015.09.09	23:00:00	1.49797	1.49983	1.49795	1.49817	2745	1868650000	33
2015.09.10	00:00:00	1.49875	1.50962	1.49491	1.49800	203948	1169600000	33
2015.09.10	01:00:00	1.49830	1.49863	1.49580	1.49698	3851	2876000000	33
2015.09.10	02:00:00	1.49698	1.49776	1.49683	1.49754	2768	2229000000	43
2015.09.10	03:00:00	1.49756	1.49758	1.49506	1.49541	3392	3074300000	33
2015.09.10	04:00:00	1.49543	1.49775	1.49516	1.49771	3543	2626000000	33
2015.09.10	05:00:00	1.49772	1.49953	1.49731	1.49866	2389	1804100000	37
2015.09.10	06:00:00	1.49863	1.50238	1.49788	1.50125	2768	1414550000	33
2015.09.10	07:00:00	1.50128	1.50249	1.49967	1.50065	4355	2580300000	33
2015.09.10	08:00:00	1.50066	1.50104	1.49882	1.50070	4080	2937500000	33
2015.09.10	09:00:00	1.50070	1.50128	1.49642	1.49771	5872	4819100000	33
2015.09.10	10:00:00	1.49777	1.50349	1.49743	1.49991	7469	4980300000	33
2015.09.10	11:00:00	1.49988	1.50310	1.49988	1.50174	6683	4623000000	33
2015.09.10	12:00:00	1.50174	1.50484	1.50058	1.50408	5961	3938300000	33
2015.09.10	13:00:00	1.50406	1.50608	1.50186	1.50342	5535	4176400000	33
2015.09.10	14:00:00	1.50342	1.50972	1.50111	1.50259	8947	5915300000	33
2015.09.10	15:00:00	1.50259	1.50388	1.49976	1.50176	7483	5401500000	33
2015.09.10	16:00:00	1.50178	1.50616	1.50087	1.50543	6864	4863400000	33
2015.09.10	17:00:00	1.50545	1.50745	1.50446	1.50556	9044	6164100000	33
2015.09.10	18:00:00	1.50553	1.50618	1.50082	1.50436	10753	8284950000	33
2015.09.10	19:00:00	1.50439	1.50469	1.50058	1.50147	6150	5175057000	33
2015.09.10	20:00:00	1.50152	1.50290	1.49959	1.50258	4820	3085200000	33
2015.09.10	21:00:00	1.50257	1.50431	1.50138	1.50384	3732	2665800000	33
2015.09.10	22:00:00	1.50384	1.50418	1.50151	1.50370	3451	2679600000	38
2015.09.10	23:00:00	1.50373	1.50392	1.50221	1.50221	3215	2752100000	33
2015.09.11	00:00:00	1.50275	1.51056	1.49346	1.50227	167306	1502000000	33
2015.09.11	01:00:00	1.50231	1.50357	1.50147	1.50173	3895	3400500000	35
2015.09.11	02:00:00	1.50174	1.50300	1.50091	1.50265	2239	1160000000	43
2015.09.11	03:00:00	1.50263	1.50379	1.50053	1.50258	3789	2602800000	33
2015.09.11	04:00:00	1.50259	1.50447	1.50259	1.50328	1871	1259600000	41
2015.09.11	05:00:00	1.50328	1.50421	1.50292	1.50371	1856	1226500000	9
2015.09.11	06:00:00	1.50371	1.50428	1.50337	1.50407	956	495500000	43
2015.09.11	07:00:00	1.50406	1.50511	1.50384	1.50443	1127	744000000	11
2015.09.11	08:00:00	1.50441	1.50455	1.50281	1.50346	1613	1188200000	41
2015.09.11	09:00:00	1.50346	1.50379	1.50136	1.50235	4415	3276100000	33
2015.09.11	10:00:00	1.50240	1.50326	1.49873	1.50185	7023	5179350000	33
2015.09.11	11:00:00	1.50188	1.50322	1.49839	1.50200	6610	4941950000	33
2015.09.11	12:00:00	1.50200	1.50803	1.50150	1.50672	6921	5174250000	33
2015.09.11	13:00:00	1.50675	1.50950	1.50604	1.50637	4980	3822100000	33
2015.09.11	14:00:00	1.50634	1.50895	1.50513	1.50761	5421	3718200000	33
2015.09.11	15:00:00	1.50761	1.51068	1.50658	1.50966	6961	4981200000	33
2015.09.11	16:00:00	1.50964	1.50978	1.50666	1.50674	6012	4261400000	33
2015.09.11	17:00:00	1.50663	1.50747	1.50275	1.50308	7573	5411950000	33
2015.09.11	18:00:00	1.50308	1.50345	1.50041	1.50172	8439	5890350000	33
2015.09.11	19:00:00	1.50172	1.50284	1.50082	1.50264	5327	3973450000	33
2015.09.11	20:00:00	1.50264	1.50384	1.49624	1.49667	5080	3244750000	33
2015.09.11	21:00:00	1.49674	1.49703	1.49361	1.49486	4029	2778150000	33
2015.09.11	22:00:00	1.49493	1.49656	1.49394	1.49414	3218	1657400000	33
2015.09.11	23:00:00	1.49418	1.49551	1.49346	1.49519	2063	1033400000	33
2015.09.14	00:00:00	1.49487	1.50171	1.49147	1.49400	133908	225500000	98
2015.09.14	01:00:00	1.49426	1.49561	1.49416	1.49554	2552	2006200000	9
2015.09.14	02:00:00	1.49557	1.49680	1.49549	1.49648	1283	729200000	9
2015.09.14	03:00:00	1.49648	1.49724	1.49558	1.49643	2405	2277800000	33
2015.09.14	04:00:00	1.49643	1.49778	1.49587	1.49666	2314	1446000000	33
2015.09.14	05:00:00	1.49663	1.49689	1.49619	1.49659	1490	1142500000	38
2015.09.14	06:00:00	1.49657	1.49657	1.49494	1.49503	1548	1116500000	41
2015.09.14	07:00:00	1.49504	1.49517	1.49409	1.49415	1787	1109000000	33
2015.09.14	08:00:00	1.49415	1.49640	1.49415	1.49566	1990	1338500000	36
2015.09.14	09:00:00	1.49559	1.49650	1.49392	1.49442	4524	3812490000	37
2015.09.14	10:00:00	1.49445	1.50186	1.49382	1.50036	6579	5331700000	33
2015.09.14	11:00:00	1.50038	1.50093	1.49797	1.49819	4653	3221500000	33
2015.09.14	12:00:00	1.49821	1.49992	1.49595	1.49638	5325	4013600000	33
2015.09.14	13:00:00	1.49637	1.49795	1.49574	1.49673	4582	3607500000	33
2015.09.14	14:00:00	1.49677	1.49678	1.49487	1.49568	4537	3350100000	33
2015.09.14	15:00:00	1.49565	1.49765	1.49507	1.49510	5425	3850000000	33
2015.09.14	16:00:00	1.49510	1.49510	1.49168	1.49195	5505	4252600000	33
2015.09.14	17:00:00	1.49193	1.49604	1.49179	1.49221	7213	4836300000	33
2015.09.14	18:00:00	1.49222	1.49437	1.49162	1.49384	5900	3967300000	33
2015.09.14	19:00:00	1.49382	1.49420	1.49161	1.49226	3138	2172500000	33
2015.09.14	20:00:00	1.49229	1.49401	1.49198	1.49362	2274	1504250000	33
2015.09.14	21:00:00	1.49366	1.49514	1.49260	1.49475	1933	1284700000	33
2015.09.14	22:00:00	1.49468	1.49471	1.49321	1.49335	1721	1363400000	39
2015.09.14	23:00:00	1.49337	1.49386	1.49299	1.49346	1813	1181500000	38
2015.09.15	00:00:00	1.49354	1.49913	1.49087	1.49293	112523	730700000	52
2015.09.15	01:00:00	1.49283	1.49360	1.49273	1.49330	1754	1712500000	42
2015.09.15	02:00:00	1.49326	1.49373	1.49302	1.49360	1420	849000000	38
2015.09.15	03:00:00	1.49361	1.49518	1.49303	1.49320	2187	1564700000	33
2015.09.15	04:00:00	1.49320	1.49354	1.49200	1.49302	1896	1253800000	33
2015.09.15	05:00:00	1.49303	1.49346	1.49179	1.49238	1956	1560750000	31
2015.09.15	06:00:00	1.49238	1.49286	1.49184	1.49284	1970	1566200000	33
2015.09.15	07:00:00	1.49285	1.49338	1.49282	1.49310	1183	865500000	39
2015.09.15	08:00:00	1.49312	1.49390	1.49224	1.49233	1848	1033000000	33
2015.09.15	09:00:00	1.49234	1.49451	1.49097	1.49429	4510	3682550000	33
2015.09.15	10:00:00	1.49429	1.49837	1.49375	1.49781	5842	5019200000	33
2015.09.15	11:00:00	1.49781	1.49922	1.49504	1.49631	5688	3930850000	33
2015.09.15	12:00:00	1.49637	1.49670	1.49280	1.49512	4340	3130750000	33
2015.09.15	13:00:00	1.49510	1.49745	1.49469	1.49620	4345	3189300000	33
2015.09.15	14:00:00	1.49620	1.49655	1.49317	1.49356	4126	2909300000	33
2015.09.15	15:00:00	1.49354	1.49484	1.49163	1.49353	6372	4916748000	33
2015.09.15	16:00:00	1.49355	1.49449	1.49257	1.49299	5673	4443550000	33
2015.09.15	17:00:00	1.49295	1.49586	1.49171	1.49438	6486	4955950000	33
2015.09.15	18:00:00	1.49436	1.49806	1.49370	1.49742	6522	4452250000	33
2015.09.15	19:00:00	1.49740	1.49750	1.49425	1.49536	3889	2827050000	34
2015.09.15	20:00:00	1.49536	1.49817	1.49522	1.49606	2868	2618550000	34
2015.09.15	21:00:00	1.49606	1.49624	1.49318	1.49372	2219	1529100000	33
2015.09.15	22:00:00	1.49369	1.49525	1.49369	1.49423	2327	1476400000	33
2015.09.15	23:00:00	1.49420	1.49444	1.49374	1.49376	2162	1731000000	37
2015.09.16	00:00:00	1.49428	1.50599	1.49023	1.49369	120030	525800000	46
2015.09.16	01:00:00	1.49380	1.49490	1.49379	1.49474	1635	1313500000	42
2015.09.16	02:00:00	1.49468	1.49492	1.49427	1.49461	669	563500000	33
2015.09.16	03:00:00	1.49462	1.49595	1.49402	1.49521	1942	1491700000	33
2015.09.16	04:00:00	1.49521	1.49521	1.49391	1.49437	2108	1602300000	34
2015.09.16	05:00:00	1.49441	1.49471	1.49339	1.49340	1630	1169800000	34
2015.09.16	06:00:00	1.49341	1.49388	1.49155	1.49232	2042	1437700000	33
2015.09.16	07:00:00	1.49232	1.49260	1.49174	1.49250	1255	665000000	33
2015.09.16	08:00:00	1.49247	1.49293	1.49163	1.49236	1965	1165400000	33
2015.09.16	09:00:00	1.49239	1.49416	1.49092	1.49099	4766	3662600000	33
2015.09.16	10:00:00	1.49099	1.49494	1.49029	1.49196	5868	4421500000	33
2015.09.16	11:00:00	1.49193	1.49937	1.49113	1.49812	6369	4260100000	33
2015.09.16	12:00:00	1.49813	1.50214	1.49793	1.50078	6110	4216000000	33
2015.09.16	13:00:00	1.50077	1.50572	1.50077	1.50520	4853	4067650000	33
2015.09.16	14:00:00	1.50516	1.50616	1.50275	1.50462	5171	4582650000	33
2015.09.16	15:00:00	1.50462	1.50579	1.49646	1.49774	8038	6005144000	33
2015.09.16	16:00:00	1.49772	1.49961	1.49551	1.49771	7337	5238300000	33
2015.09.16	17:00:00	1.49772	1.50265	1.49736	1.50249	8816	6131550000	33
2015.09.16	18:00:00	1.50250	1.50296	1.50074	1.50136	6154	4060000000	33
2015.09.16	19:00:00	1.50138	1.50138	1.49776	1.49845	3240	2809600000	33
2015.09.16	20:00:00	1.49843	1.50092	1.49841	1.50068	2521	2055600000	37
2015.09.16	21:00:00	1.50068	1.50415	1.50040	1.50393	3016	2144300000	33
2015.09.16	22:00:00	1.50391	1.50466	1.50298	1.50415	2705	2182550000	33
2015.09.16	23:00:00	1.50413	1.50548	1.50357	1.50421	2488	1737950000	33
2015.09.17	00:00:00	1.50471	1.50930	1.49498	1.50391	180054	2099950000	33
2015.09.17	01:00:00	1.50394	1.50435	1.50360	1.50397	1807	1313750000	47
2015.09.17	02:00:00	1.50410	1.50593	1.50403	1.50513	1251	850300000	41
2015.09.17	03:00:00	1.50513	1.50621	1.50413	1.50417	2295	1815500000	33
2015.09.17	04:00:00	1.50417	1.50468	1.50337	1.50390	1977	1405950000	37
2015.09.17	05:00:00	1.50393	1.50528	1.50240	1.50507	2166	1485500000	35
2015.09.17	06:00:00	1.50509	1.50565	1.50476	1.50527	1322	781000000	40
2015.09.17	07:00:00	1.50527	1.50556	1.50477	1.50494	1176	919400000	36
2015.09.17	08:00:00	1.50491	1.50513	1.50400	1.50500	2123	1332350000	33
2015.09.17	09:00:00	1.50495	1.50668	1.50470	1.50480	3547	3434750000	34
2015.09.17	10:00:00	1.50479	1.50637	1.50006	1.50087	6161	4702200000	33
2015.09.17	11:00:00	1.50087	1.50213	1.49839	1.49994	6165	4660250000	33
2015.09.17	12:00:00	1.49996	1.50367	1.49987	1.50213	4459	3020700000	33
2015.09.17	13:00:00	1.50213	1.50576	1.50194	1.50424	3761	2585300000	33
2015.09.17	14:00:00	1.50425	1.50566	1.50286	1.50309	3650	2721100000	33
2015.09.17	15:00:00	1.50306	1.50345	1.50076	1.50331	4675	3311400000	33
2015.09.17	16:00:00	1.50331	1.50576	1.50303	1.50505	4933	3338000000	33
2015.09.17	17:00:00	1.50505	1.50745	1.50396	1.50498	5958	4089150000	9
2015.09.17	18:00:00	1.50497	1.50694	1.50279	1.50560	6115	4940800000	33
2015.09.17	19:00:00	1.50559	1.50943	1.50534	1.50827	4403	2989400000	33
2015.09.17	20:00:00	1.50831	1.50934	1.50309	1.50351	6719	5223700000	33
2015.09.17	21:00:00	1.50351	1.50681	1.49951	1.50083	17283	12239850000	33
2015.09.17	22:00:00	1.50084	1.50287	1.49500	1.49588	11732	8291550000	33
2015.09.17	23:00:00	1.49589	1.49756	1.49504	1.49508	5104	3222000000	39
2015.09.18	00:00:00	1.49822	1.50626	1.48954	1.49850	171200	2840900000	33
2015.09.18	01:00:00	1.49867	1.49900	1.49572	1.49602	3879	2310500000	36
2015.09.18	02:00:00	1.49600	1.49903	1.49592	1.49727	2930	2113900000	33
2015.09.18	03:00:00	1.49728	1.49814	1.49442	1.49539	4151	3085700000	33
2015.09.18	04:00:00	1.49539	1.49562	1.49344	1.49562	3954	2708250000	37
2015.09.18	05:00:00	1.49566	1.49624	1.49494	1.49565	1899	1237200000	38
2015.09.18	06:00:00	1.49566	1.49661	1.49561	1.49586	1173	793700000	39
2015.09.18	07:00:00	1.49586	1.49592	1.49462	1.49561	1546	1206650000	41
2015.09.18	08:00:00	1.49561	1.49883	1.49545	1.49851	2306	1701200000	34
2015.09.18	09:00:00	1.49851	1.50063	1.49581	1.49607	5170	4319600000	33
2015.09.18	10:00:00	1.49610	1.49640	1.49241	1.49275	7159	5568050000	33
2015.09.18	11:00:00	1.49274	1.49707	1.49247	1.49680	6883	5710300000	33
2015.09.18	12:00:00	1.49680	1.49827	1.49238	1.49276	6587	4713750000	34
2015.09.18	13:00:00	1.49278	1.49380	1.48971	1.49246	6524	4525050000	33
2015.09.18	14:00:00	1.49246	1.49339	1.49051	1.49246	6602	4514900000	33
2015.09.18	15:00:00	1.49254	1.49674	1.49165	1.49455	6472	4302550000	33
2015.09.18	16:00:00	1.49456	1.49633	1.49406	1.49446	7644	5322050000	33
2015.09.18	17:00:00	1.49441	1.49836	1.49310	1.49652	8656	5941600000	33
2015.09.18	18:00:00	1.49670	1.49861	1.49576	1.49707	6785	5172800000	33
2015.09.18	19:00:00	1.49707	1.49827	1.49659	1.49814	3576	2661350000	33
2015.09.18	20:00:00	1.49814	1.50072	1.49778	1.49932	3214	2322500000	33
2015.09.18	21:00:00	1.49934	1.49947	1.49827	1.49866	3074	2468950000	33
2015.09.18	22:00:00	1.49866	1.50629	1.49864	1.50485	6656	4231250000	33
2015.09.18	23:00:00	1.50484	1.50484	1.50206	1.50256	3492	1872436000	36
2015.09.21	00:00:00	1.50407	1.51047	1.49820	1.50457	146468	782800000	74
2015.09.21	01:00:00	1.50445	1.50619	1.50306	1.50348	3847	4364000000	48
2015.09.21	02:00:00	1.50350	1.50562	1.50348	1.50504	2393	2528800000	33
2015.09.21	03:00:00	1.50504	1.50546	1.50398	1.50469	3612	3353750000	33
2015.09.21	04:00:00	1.50469	1.50510	1.50378	1.50461	2387	1527100000	19
2015.09.21	05:00:00	1.50459	1.50508	1.50388	1.50439	2260	1358500000	33
2015.09.21	06:00:00	1.50439	1.50484	1.50376	1.50407	2718	2008050000	33
2015.09.21	07:00:00	1.50407	1.50423	1.50314	1.50358	2053	1989250000	33
2015.09.21	08:00:00	1.50361	1.50430	1.50332	1.50423	1861	1728450000	33
2015.09.21	09:00:00	1.50426	1.50559	1.50270	1.50469	3998	3344450000	33
2015.09.21	10:00:00	1.50472	1.50691	1.50381	1.50588	6476	4779100000	33
2015.09.21	11:00:00	1.50591	1.50608	1.49968	1.50048	6267	4087400000	33
2015.09.21	12:00:00	1.50046	1.50171	1.49856	1.49944	5862	4185000000	33
2015.09.21	13:00:00	1.49944	1.50221	1.49832	1.50170	4589	3406700000	33
2015.09.21	14:00:00	1.50170	1.50401	1.50137	1.50367	5008	3238200000	33
2015.09.21	15:00:00	1.50368	1.50753	1.50365	1.50753	5997	4037800000	33
2015.09.21	16:00:00	1.50753	1.50863	1.50663	1.50716	6295	3893950000	33
2015.09.21	17:00:00	1.50714	1.51063	1.50532	1.50553	8770	6587499000	33
2015.09.21	18:00:00	1.50553	1.50734	1.50314	1.50433	8245	6696500000	33
2015.09.21	19:00:00	1.50431	1.50449	1.50101	1.50152	5250	3790206000	33
2015.09.21	20:00:00	1.50152	1.50300	1.50055	1.50179	3725	2540400000	33
2015.09.21	21:00:00	1.50173	1.50551	1.50146	1.50496	3303	2067450000	33
2015.09.21	22:00:00	1.50495	1.50638	1.50412	1.50577	3337	2460650000	33
2015.09.21	23:00:00	1.50577	1.50709	1.50559	1.50620	2281	2014800000	33
2015.09.22	00:00:00	1.50662	1.51155	1.49321	1.50687	135335	1298350000	46
2015.09.22	01:00:00	1.50671	1.50777	1.50651	1.50772	2310	1707500000	52
2015.09.22	02:00:00	1.50773	1.50773	1.50679	1.50697	786	454500000	35
2015.09.22	03:00:00	1.50697	1.50824	1.50688	1.50778	1417	1086200000	32
2015.09.22	04:00:00	1.50778	1.50900	1.50713	1.50821	1194	684800000	34
2015.09.22	05:00:00	1.50821	1.50893	1.50795	1.50808	1283	677200000	36
2015.09.22	06:00:00	1.50809	1.50821	1.50740	1.50750	1775	1643250000	29
2015.09.22	07:00:00	1.50750	1.50802	1.50698	1.50720	1879	1909000000	39
2015.09.22	08:00:00	1.50722	1.50850	1.50720	1.50841	1955	1258100000	33
2015.09.22	09:00:00	1.50839	1.51169	1.50716	1.50755	5631	4357550000	13
2015.09.22	10:00:00	1.50753	1.50822	1.50341	1.50412	7026	5217100000	33
2015.09.22	11:00:00	1.50414	1.50751	1.50266	1.50438	8269	5829000000	33
2015.09.22	12:00:00	1.50438	1.50614	1.50184	1.50209	6554	4548685000	33
2015.09.22	13:00:00	1.50207	1.50556	1.50095	1.50460	7285	5281000000	33
2015.09.22	14:00:00	1.50462	1.50530	1.50205	1.50216	5734	4050150000	33
2015.09.22	15:00:00	1.50220	1.50401	1.50191	1.50230	6429	4854050000	33
2015.09.22	16:00:00	1.50231	1.50256	1.49631	1.49728	8361	6599450000	33
2015.09.22	17:00:00	1.49728	1.49826	1.49362	1.49364	8486	6546450000	33
2015.09.22	18:00:00	1.49363	1.49580	1.49336	1.49452	7034	4706800000	33
2015.09.22	19:00:00	1.49450	1.49658	1.49402	1.49628	4482	3292200000	33
2015.09.22	20:00:00	1.49628	1.49752	1.49548	1.49726	3177	2218300000	37
2015.09.22	21:00:00	1.49726	1.49870	1.49573	1.49821	3515	2882500000	33
2015.09.22	22:00:00	1.49822	1.49933	1.49777	1.49813	2695	2057400000	33
2015.09.22	23:00:00	1.49813	1.49896	1.49754	1.49766	2473	2158550000	39
2015.09.23	00:00:00	1.49808	1.50073	1.48491	1.49704	191754	1025700000	45
2015.09.23	01:00:00	1.49708	1.49769	1.49657	1.49659	2265	2070580000	46
2015.09.23	02:00:00	1.49660	1.49770	1.49645	1.49723	1159	991550000	37
2015.09.23	03:00:00	1.49723	1.49851	1.49723	1.49818	2247	1539200000	33
2015.09.23	04:00:00	1.49820	1.49834	1.49614	1.49614	2478	1801900000	33
2015.09.23	05:00:00	1.49614	1.49701	1.49439	1.49586	2650	2138600000	33
2015.09.23	06:00:00	1.49586	1.49632	1.49508	1.49556	1480	1138500000	33
2015.09.23	07:00:00	1.49556	1.49584	1.49471	1.49511	1227	837250000	37
2015.09.23	08:00:00	1.49511	1.49678	1.49477	1.49659	1508	1529000000	34
2015.09.23	09:00:00	1.49654	1.49918	1.49479	1.49821	4194	3340550000	33
2015.09.23	10:00:00	1.49827	1.49955	1.49206	1.49795	8615	6781050000	33
2015.09.23	11:00:00	1.49796	1.50060	1.49476	1.50060	6747	4939250000	33
2015.09.23	12:00:00	1.50060	1.50084	1.49426	1.49535	6859	4933350000	33
2015.09.23	13:00:00	1.49537	1.49606	1.49246	1.49450	6381	4605650000	33
2015.09.23	14:00:00	1.49451	1.49462	1.49163	1.49288	5218	3939050000	33
2015.09.23	15:00:00	1.49287	1.49290	1.49018	1.49093	6667	5065100000	33
2015.09.23	16:00:00	1.49093	1.49140	1.48527	1.48672	9518	6988300000	33
2015.09.23	17:00:00	1.48665	1.49251	1.48505	1.49064	9070	6873150000	33
2015.09.23	18:00:00	1.49072	1.49273	1.48925	1.49054	6884	4613100000	33
2015.09.23	19:00:00	1.49053	1.49277	1.49032	1.49200	4993	4033900000	33
2015.09.23	20:00:00	1.49201	1.49257	1.48990	1.49113	4793	3334250000	33
2015.09.23	21:00:00	1.49114	1.49158	1.48925	1.49124	3862	2893800000	33
2015.09.23	22:00:00	1.49118	1.49305	1.49089	1.49221	3441	2252200000	33
2015.09.23	23:00:00	1.49222	1.49414	1.49185	1.49328	3287	2599200000	33
2015.09.24	00:00:00	1.49134	1.49468	1.47583	1.49264	191575	866600000	43
2015.09.24	01:00:00	1.49264	1.49278	1.49197	1.49248	1913	1254000000	42
2015.09.24	02:00:00	1.49248	1.49353	1.49223	1.49296	1280	644750000	39
2015.09.24	03:00:00	1.49296	1.49358	1.49219	1.49246	2557	1558700000	33
2015.09.24	04:00:00	1.49248	1.49482	1.49248	1.49447	1719	1241800000	33
2015.09.24	05:00:00	1.49448	1.49475	1.49232	1.49286	2694	2379100000	34
2015.09.24	06:00:00	1.49284	1.49308	1.49264	1.49292	1354	1272000000	38
2015.09.24	07:00:00	1.49291	1.49338	1.49208	1.49284	1492	1254500000	38
2015.09.24	08:00:00	1.49284	1.49313	1.49210	1.49213	1599	1359500000	37
2015.09.24	09:00:00	1.49212	1.49424	1.49027	1.49169	5055	4157000000	33
2015.09.24	10:00:00	1.49170	1.49241	1.48857	1.48871	6903	4572450000	33
2015.09.24	11:00:00	1.48868	1.49355	1.48843	1.48995	6542	4907550000	33
2015.09.24	12:00:00	1.48996	1.49111	1.48757	1.49072	6690	5425760000	33
2015.09.24	13:00:00	1.49072	1.49184	1.48592	1.48604	6914	4830300000	33
2015.09.24	14:00:00	1.48602	1.48613	1.47959	1.48025	7820	5397072000	33
2015.09.24	15:00:00	1.48021	1.48071	1.47752	1.47835	7748	5858658000	33
2015.09.24	16:00:00	1.47833	1.48053	1.47645	1.48014	9420	7347100000	33
2015.09.24	17:00:00	1.48021	1.48156	1.47605	1.47948	9988	7352550000	33
2015.09.24	18:00:00	1.47947	1.48400	1.47722	1.48381	7505	5387150000	33
2015.09.24	19:00:00	1.48381	1.48612	1.48380	1.48404	4735	3592100000	33
2015.09.24	20:00:00	1.48401	1.48702	1.48358	1.48574	3905	3186900000	33
2015.09.24	21:00:00	1.48574	1.48772	1.48518	1.48759	3883	3234100000	33
2015.09.24	22:00:00	1.48764	1.48885	1.48689	1.48743	3428	2802150000	33
2015.09.24	23:00:00	1.48742	1.48879	1.48602	1.48602	2559	1698650000	29
2015.09.25	00:00:00	1.48565	1.49808	1.47579	1.48837	196305	3604249000	33
2015.09.25	01:00:00	1.48828	1.49035	1.48799	1.48867	4056	3777100000	40
2015.09.25	02:00:00	1.48866	1.49025	1.48861	1.48960	1935	1380450000	32
2015.09.25	03:00:00	1.48955	1.49024	1.48905	1.48915	2837	2187500000	33
2015.09.25	04:00:00	1.48914	1.48999	1.48841	1.48902	1854	1461150000	33
2015.09.25	05:00:00	1.48900	1.49005	1.48838	1.48945	1928	1711900000	33
2015.09.25	06:00:00	1.48945	1.48987	1.48916	1.48957	1784	1554000000	34
2015.09.25	07:00:00	1.48958	1.49100	1.48923	1.49093	1456	1257150000	35
2015.09.25	08:00:00	1.49093	1.49177	1.48990	1.49040	2131	1410500000	37
2015.09.25	09:00:00	1.49040	1.49378	1.48999	1.49155	5310	3722250000	33
2015.09.25	10:00:00	1.49157	1.49696	1.48987	1.49544	7962	6099550000	33
2015.09.25	11:00:00	1.49538	1.49814	1.49538	1.49648	6742	5057800000	33
2015.09.25	12:00:00	1.49631	1.49656	1.48873	1.48880	6432	4964350000	33
2015.09.25	13:00:00	1.48879	1.48946	1.48417	1.48474	5518	4557450000	33
2015.09.25	14:00:00	1.48474	1.48626	1.48217	1.48356	6400	5576000000	33
2015.09.25	15:00:00	1.48355	1.48812	1.48269	1.48659	8297	6825549000	33
2015.09.25	16:00:00	1.48659	1.48710	1.48317	1.48640	7771	6522000000	33
2015.09.25	17:00:00	1.48646	1.48664	1.48208	1.48230	9299	7326200000	33
2015.09.25	18:00:00	1.48230	1.48299	1.47592	1.48043	7531	5638950000	33
2015.09.25	19:00:00	1.48055	1.48520	1.47976	1.48500	4851	3498200000	33
2015.09.25	20:00:00	1.48496	1.48697	1.48389	1.48641	3470	2494850000	33
2015.09.25	21:00:00	1.48639	1.48934	1.48617	1.48883	5073	3944950000	33
2015.09.25	22:00:00	1.48881	1.48900	1.48677	1.48754	4961	3375300000	34
2015.09.25	23:00:00	1.48753	1.48809	1.48416	1.48491	2486	1422700000	33
2015.09.28	00:00:00	1.48666	1.49236	1.47567	1.48712	172417	643500000	144
2015.09.28	01:00:00	1.48817	1.48951	1.48752	1.48819	2555	2758900000	38
2015.09.28	02:00:00	1.48819	1.48877	1.48754	1.48868	1647	1589850000	38
2015.09.28	03:00:00	1.48868	1.48887	1.48574	1.48774	3320	2944650000	40
2015.09.28	04:00:00	1.48777	1.48872	1.48653	1.48869	1948	1625950000	33
2015.09.28	05:00:00	1.48869	1.48902	1.48768	1.48845	1110	756500000	36
2015.09.28	06:00:00	1.48845	1.48937	1.48824	1.48926	1298	977000000	33
2015.09.28	07:00:00	1.48926	1.48964	1.48885	1.48915	1635	1656750000	38
2015.09.28	08:00:00	1.48915	1.48917	1.48777	1.48908	1864	1632450000	31
2015.09.28	09:00:00	1.48905	1.48957	1.48737	1.48786	4049	3169600000	33
2015.09.28	10:00:00	1.48786	1.49169	1.48747	1.48773	6959	5040775000	33
2015.09.28	11:00:00	1.48771	1.49224	1.48665	1.49157	5897	4011050000	33
2015.09.28	12:00:00	1.49157	1.49252	1.48798	1.49028	4885	2864050000	15
2015.09.28	13:00:00	1.49026	1.49143	1.48837	1.49005	4664	3419950000	33
2015.09.28	14:00:00	1.49007	1.49059	1.48726	1.48760	6322	4440000000	33
2015.09.28	15:00:00	1.48760	1.48967	1.48669	1.48888	7803	5128050000	33
2015.09.28	16:00:00	1.48892	1.48934	1.48441	1.48579	8234	5789350000	33
2015.09.28	17:00:00	1.48581	1.48599	1.47840	1.47916	9768	7585100000	33
2015.09.28	18:00:00	1.47924	1.48181	1.47849	1.48038	7766	5749200000	33
2015.09.28	19:00:00	1.48038	1.48045	1.47769	1.47857	3894	2741900000	34
2015.09.28	20:00:00	1.47857	1.47927	1.47643	1.47698	3732	2669450000	33
2015.09.28	21:00:00	1.47700	1.48075	1.47581	1.47872	3782	2838950000	33
2015.09.28	22:00:00	1.47867	1.47940	1.47765	1.47842	3158	2687950000	33
2015.09.28	23:00:00	1.47842	1.47863	1.47650	1.47660	2284	1499600000	11
2015.09.29	00:00:00	1.47703	1.47864	1.46806	1.47663	202966	782350000	43
2015.09.29	01:00:00	1.47667	1.47766	1.47666	1.47763	2193	1438100000	41
2015.09.29	02:00:00	1.47763	1.47817	1.47743	1.47780	1080	837400000	31
2015.09.29	03:00:00	1.47786	1.47810	1.47531	1.47591	2637	2008400000	33
2015.09.29	04:00:00	1.47591	1.47591	1.47316	1.47394	2412	1619400000	33
2015.09.29	05:00:00	1.47395	1.47540	1.47361	1.47453	1424	1085250000	34
2015.09.29	06:00:00	1.47451	1.47470	1.47380	1.47465	1179	828500000	33
2015.09.29	07:00:00	1.47465	1.47498	1.47334	1.47349	1754	1556100000	33
2015.09.29	08:00:00	1.47350	1.47576	1.47275	1.47553	2500	2316300000	35
2015.09.29	09:00:00	1.47553	1.47553	1.47122	1.47181	4960	4146650000	33
2015.09.29	10:00:00	1.47181	1.47758	1.46926	1.47431	8558	6163350000	33
2015.09.29	11:00:00	1.47429	1.47782	1.47184	1.47566	7131	4806950000	33
2015.09.29	12:00:00	1.47564	1.47795	1.47281	1.47723	6920	5555050000	33
2015.09.29	13:00:00	1.47728	1.47874	1.47545	1.47717	6017	4834100000	33
2015.09.29	14:00:00	1.47718	1.47730	1.47101	1.47257	6131	4737900000	33
2015.09.29	15:00:00	1.47257	1.47630	1.47244	1.47300	6836	5262500000	33
2015.09.29	16:00:00	1.47300	1.47539	1.46820	1.47066	9092	6787350000	33
2015.09.29	17:00:00	1.47070	1.47334	1.47049	1.47229	9756	7950950000	33
2015.09.29	18:00:00	1.47230	1.47303	1.46979	1.47261	7998	5706100000	33
2015.09.29	19:00:00	1.47261	1.47337	1.47056	1.47150	6437	4819150000	33
2015.09.29	20:00:00	1.47155	1.47389	1.47087	1.47340	4561	2632250000	34
2015.09.29	21:00:00	1.47338	1.47501	1.47114	1.47120	4703	3475500000	33
2015.09.29	22:00:00	1.47116	1.47311	1.47044	1.47258	4891	3769900000	33
2015.09.29	23:00:00	1.47258	1.47294	1.47111	1.47160	2210	1852900000	33
2015.09.30	00:00:00	1.47220	1.48246	1.47071	1.47112	194896	1814100000	40
2015.09.30	01:00:00	1.47092	1.47219	1.47092	1.47146	2263	2199900000	38
2015.09.30	02:00:00	1.47143	1.47236	1.47138	1.47152	1554	1292000000	35
2015.09.30	03:00:00	1.47155	1.47196	1.47110	1.47157	2527	1789900000	33
2015.09.30	04:00:00	1.47159	1.47223	1.47130	1.47162	1907	1057150000	34
2015.09.30	05:00:00	1.47156	1.47221	1.47097	1.47195	1142	821100000	33
2015.09.30	06:00:00	1.47195	1.47285	1.47189	1.47254	1036	657600000	31
2015.09.30	07:00:00	1.47254	1.47356	1.47206	1.47279	1557	963300000	32
2015.09.30	08:00:00	1.47278	1.47498	1.47267	1.47436	2517	1678300000	34
2015.09.30	09:00:00	1.47436	1.47675	1.47425	1.47585	5041	4491500000	33
2015.09.30	10:00:00	1.47583	1.47737	1.47433	1.47574	6908	5773800000	33
2015.09.30	11:00:00	1.47577	1.47888	1.47237	1.47734	8278	6183200000	33
2015.09.30	12:00:00	1.47734	1.47909	1.47544	1.47730	6226	5066000000	33
2015.09.30	13:00:00	1.47727	1.48149	1.47687	1.47909	5375	4299050000	33
2015.09.30	14:00:00	1.47906	1.47967	1.47668	1.47817	5452	4520190000	33
2015.09.30	15:00:00	1.47820	1.47944	1.47648	1.47926	7371	5982250000	18
2015.09.30	16:00:00	1.47925	1.48260	1.47819	1.47849	8098	6978050000	33
2015.09.30	17:00:00	1.47854	1.48021	1.47707	1.47965	10245	6374200000	33
2015.09.30	18:00:00	1.47966	1.48033	1.47455	1.47712	10742	7231200000	33
2015.09.30	19:00:00	1.47710	1.47738	1.47319	1.47492	5717	3460250000	33
2015.09.30	20:00:00	1.47492	1.47612	1.47394	1.47541	4520	2918250000	33
2015.09.30	21:00:00	1.47541	1.47583	1.47359	1.47421	3361	2945450000	33
2015.09.30	22:00:00	1.47421	1.47505	1.47373	1.47390	3048	3106800000	33
2015.09.30	23:00:00	1.47390	1.47431	1.47190	1.47191	2611	2017600000	33
2015.10.01	00:00:00	1.47198	1.48266	1.47156	1.47258	169694	1683900000	46
2015.10.01	01:00:00	1.47265	1.47325	1.47232	1.47289	3425	3366600000	49
2015.10.01	02:00:00	1.47291	1.47366	1.47264	1.47289	1043	836400000	35
2015.10.01	03:00:00	1.47294	1.47368	1.47230	1.47235	1525	1128000000	33
2015.10.01	04:00:00	1.47235	1.47641	1.47233	1.47611	2058	1207450000	33
2015.10.01	05:00:00	1.47609	1.47614	1.47478	1.47505	2069	1854050000	39
2015.10.01	06:00:00	1.47511	1.47698	1.47511	1.47675	1747	1234750000	34
2015.10.01	07:00:00	1.47674	1.47691	1.47605	1.47649	1864	1716200000	33
2015.10.01	08:00:00	1.47649	1.47778	1.47648	1.47737	1562	1096700000	34
2015.10.01	09:00:00	1.47738	1.47775	1.47621	1.47719	3032	2823000000	33
2015.10.01	10:00:00	1.47717	1.47938	1.47642	1.47848	6617	5326550000	33
2015.10.01	11:00:00	1.47845	1.48078	1.47789	1.48061	7336	5157100000	33
2015.10.01	12:00:00	1.48061	1.48166	1.47868	1.47928	6158	5049150000	33
2015.10.01	13:00:00	1.47930	1.48115	1.47798	1.48032	5870	4738750000	33
2015.10.01	14:00:00	1.48032	1.48254	1.48002	1.48061	6134	5054775000	33
2015.10.01	15:00:00	1.48061	1.48106	1.47942	1.48064	6328	4654000000	33
2015.10.01	16:00:00	1.48064	1.48278	1.47724	1.47730	8722	7096150000	33
2015.10.01	17:00:00	1.47729	1.47843	1.47464	1.47726	9861	7899835000	33
2015.10.01	18:00:00	1.47723	1.47764	1.47543	1.47714	6412	3996950000	33
2015.10.01	19:00:00	1.47727	1.48021	1.47579	1.47950	5046	3976650000	34
2015.10.01	20:00:00	1.47948	1.47978	1.47739	1.47739	3597	2715450000	33
2015.10.01	21:00:00	1.47741	1.47938	1.47717	1.47931	3294	3097100000	33
2015.10.01	22:00:00	1.47932	1.47949	1.47784	1.47815	3039	2816600000	33
2015.10.01	23:00:00	1.47820	1.47926	1.47809	1.47815	2309	2148450000	20
2015.10.02	00:00:00	1.47807	1.48509	1.46700	1.47797	226683	2723800000	35
2015.10.02	01:00:00	1.47796	1.47884	1.47796	1.47847	2047	1931400000	37
2015.10.02	02:00:00	1.47850	1.47851	1.47771	1.47782	1800	1710100000	34
2015.10.02	03:00:00	1.47781	1.47937	1.47778	1.47905	1801	1672550000	33
2015.10.02	04:00:00	1.47905	1.47937	1.47797	1.47853	2925	2244350000	33
2015.10.02	05:00:00	1.47853	1.47940	1.47817	1.47886	2282	1519000000	31
2015.10.02	06:00:00	1.47886	1.48048	1.47874	1.48015	2019	1600100000	33
2015.10.02	07:00:00	1.48015	1.48092	1.48010	1.48082	998	841100000	32
2015.10.02	08:00:00	1.48083	1.48134	1.47995	1.48023	1655	1319250000	39
2015.10.02	09:00:00	1.48022	1.48191	1.48011	1.48081	2756	2091450000	33
2015.10.02	10:00:00	1.48085	1.48235	1.48026	1.48099	5268	3981550000	33
2015.10.02	11:00:00	1.48099	1.48246	1.47950	1.48193	5832	4042250000	33
2015.10.02	12:00:00	1.48194	1.48376	1.48128	1.48272	5012	3835200000	33
2015.10.02	13:00:00	1.48271	1.48407	1.48226	1.48285	4382	3709550000	33
2015.10.02	14:00:00	1.48285	1.48450	1.48164	1.48398	4812	3543975000	33
2015.10.02	15:00:00	1.48393	1.48516	1.46989	1.47159	12272	9302246000	33
2015.10.02	16:00:00	1.47156	1.47233	1.46719	1.46875	12109	8887621000	33
2015.10.02	17:00:00	1.46881	1.47427	1.46749	1.47362	7355	5268450000	33
2015.10.02	18:00:00	1.47364	1.47692	1.47067	1.47333	10231	7250650000	33
2015.10.02	19:00:00	1.47335	1.47579	1.47246	1.47449	6943	4847500000	33
2015.10.02	20:00:00	1.47446	1.47725	1.47409	1.47480	6281	4483900000	33
2015.10.02	21:00:00	1.47483	1.47666	1.47327	1.47328	3535	2970850000	33
2015.10.02	22:00:00	1.47329	1.47695	1.47328	1.47555	5988	5147650000	33
2015.10.02	23:00:00	1.47552	1.47567	1.47352	1.47406	2820	1552900000	40
2015.10.05	00:00:00	1.47622	1.48132	1.47303	1.47399	207747	3853500000	85
2015.10.05	01:00:00	1.47399	1.47577	1.47389	1.47540	6240	4768000000	50
2015.10.05	02:00:00	1.47543	1.47616	1.47453	1.47477	1512	1197400000	32
2015.10.05	03:00:00	1.47493	1.47638	1.47468	1.47629	2843	2654500000	38
2015.10.05	04:00:00	1.47629	1.47675	1.47444	1.47489	2610	1937950000	33
2015.10.05	05:00:00	1.47489	1.47634	1.47489	1.47628	1518	1394000000	35
2015.10.05	06:00:00	1.47626	1.47746	1.47579	1.47700	1503	1129500000	32
2015.10.05	07:00:00	1.47702	1.47705	1.47517	1.47643	1663	1507500000	40
2015.10.05	08:00:00	1.47643	1.47711	1.47553	1.47688	1611	1658750000	34
2015.10.05	09:00:00	1.47689	1.47789	1.47617	1.47710	3829	3708400000	34
2015.10.05	10:00:00	1.47710	1.48014	1.47449	1.47889	9136	7234000000	33
2015.10.05	11:00:00	1.47887	1.47987	1.47335	1.47436	8005	6527850000	33
2015.10.05	12:00:00	1.47436	1.47553	1.47307	1.47430	7723	6936600000	33
2015.10.05	13:00:00	1.47431	1.47626	1.47407	1.47604	5995	5009400000	33
2015.10.05	14:00:00	1.47607	1.47808	1.47468	1.47778	5780	4992600000	33
2015.10.05	15:00:00	1.47779	1.47963	1.47662	1.47891	6972	5748100000	33
2015.10.05	16:00:00	1.47894	1.47987	1.47711	1.47798	8560	7481050000	33
2015.10.05	17:00:00	1.47798	1.48141	1.47765	1.47921	8585	7345150000	33
2015.10.05	18:00:00	1.47921	1.47973	1.47662	1.47799	7559	7453796000	33
2015.10.05	19:00:00	1.47798	1.47950	1.47724	1.47795	6081	5145900000	33
2015.10.05	20:00:00	1.47791	1.47900	1.47702	1.47829	3549	2356250000	33
2015.10.05	21:00:00	1.47831	1.47948	1.47766	1.47873	2644	1964150000	33
2015.10.05	22:00:00	1.47873	1.47879	1.47781	1.47781	2909	2250150000	42
2015.10.05	23:00:00	1.47781	1.47828	1.47679	1.47703	3426	2932500000	40
2015.10.06	00:00:00	1.47711	1.48002	1.47173	1.47822	157923	1379200000	37
2015.10.06	01:00:00	1.47805	1.47813	1.47737	1.47757	2937	2567000000	49
2015.10.06	02:00:00	1.47757	1.47828	1.47735	1.47800	1308	1416900000	34
2015.10.06	03:00:00	1.47800	1.47834	1.47700	1.47777	2144	1965900000	36
2015.10.06	04:00:00	1.47782	1.47959	1.47774	1.47959	1755	1214550000	35
2015.10.06	05:00:00	1.47958	1.48002	1.47882	1.47958	1408	1010500000	32
2015.10.06	06:00:00	1.47960	1.47999	1.47874	1.47954	1834	1820550000	33
2015.10.06	07:00:00	1.47954	1.48001	1.47899	1.47995	1355	1253550000	34
2015.10.06	08:00:00	1.47995	1.48002	1.47840	1.47870	1564	1075000000	33
2015.10.06	09:00:00	1.47868	1.47967	1.47644	1.47712	4458	3563550000	33
2015.10.06	10:00:00	1.47715	1.47742	1.47426	1.47478	6877	5624950000	33
2015.10.06	11:00:00	1.47478	1.47840	1.47391	1.47824	5337	4007900000	33
2015.10.06	12:00:00	1.47823	1.48012	1.47737	1.47779	5029	3507650000	33
2015.10.06	13:00:00	1.47776	1.47979	1.47716	1.47733	4417	3215200000	33
2015.10.06	14:00:00	1.47733	1.47853	1.47656	1.47760	5250	3925100000	33
2015.10.06	15:00:00	1.47763	1.47877	1.47482	1.47853	6567	4629100000	33
2015.10.06	16:00:00	1.47853	1.48013	1.47682	1.47969	7092	4648100000	33
2015.10.06	17:00:00	1.47960	1.47985	1.47264	1.47264	9615	6532300000	33
2015.10.06	18:00:00	1.47257	1.47500	1.47221	1.47367	8449	6221750000	33
2015.10.06	19:00:00	1.47367	1.47484	1.47243	1.47416	4604	3334300000	33
2015.10.06	20:00:00	1.47404	1.47448	1.47270	1.47379	2750	1635900000	33
2015.10.06	21:00:00	1.47377	1.47427	1.47202	1.47204	2980	2174600000	34
2015.10.06	22:00:00	1.47207	1.47342	1.47188	1.47313	2860	2438550000	33
2015.10.06	23:00:00	1.47317	1.47317	1.47141	1.47141	2530	2125200000	37
2015.10.07	00:00:00	1.47174	1.49234	1.47138	1.47300	194422	2103000000	33
2015.10.07	01:00:00	1.47305	1.47334	1.47257	1.47307	2889	1578900000	36
2015.10.07	02:00:00	1.47305	1.47311	1.47254	1.47285	1827	1154800000	35
2015.10.07	03:00:00	1.47287	1.47326	1.47185	1.47284	1937	1471250000	35
2015.10.07	04:00:00	1.47284	1.47380	1.47278	1.47380	1852	1799000000	42
2015.10.07	05:00:00	1.47382	1.47392	1.47255	1.47273	1600	998600000	36
2015.10.07	06:00:00	1.47275	1.47347	1.47174	1.47213	3079	2196600000	33
2015.10.07	07:00:00	1.47219	1.47369	1.47210	1.47310	2116	1431000000	33
2015.10.07	08:00:00	1.47308	1.47411	1.47297	1.47335	2077	1334650000	33
2015.10.07	09:00:00	1.47342	1.47472	1.47236	1.47385	4321	3702600000	33
2015.10.07	10:00:00	1.47404	1.48012	1.47293	1.47886	7972	5530950000	33
2015.10.07	11:00:00	1.47884	1.48083	1.47772	1.47981	7723	5742200000	33
2015.10.07	12:00:00	1.47981	1.48153	1.47898	1.47968	6297	4734100000	33
2015.10.07	13:00:00	1.47970	1.48133	1.47902	1.48082	5828	3820400000	33
2015.10.07	14:00:00	1.48082	1.48087	1.47719	1.47771	5363	4157200000	33
2015.10.07	15:00:00	1.47771	1.48135	1.47712	1.48052	6267	4211200000	33
2015.10.07	16:00:00	1.48052	1.48422	1.47996	1.48324	7635	5751400000	33
2015.10.07	17:00:00	1.48325	1.48818	1.48325	1.48698	10021	7847200000	33
2015.10.07	18:00:00	1.48698	1.48891	1.48556	1.48773	9370	7402450000	33
2015.10.07	19:00:00	1.48772	1.49244	1.48761	1.49047	6099	4829070000	33
2015.10.07	20:00:00	1.49047	1.49137	1.48934	1.48962	3965	3239200000	34
2015.10.07	21:00:00	1.48962	1.49059	1.48810	1.48888	3759	2740850000	33
2015.10.07	22:00:00	1.48887	1.49187	1.48853	1.49160	3053	2396900000	33
2015.10.07	23:00:00	1.49157	1.49172	1.49066	1.49066	2007	1245900000	34
2015.10.08	00:00:00	1.49093	1.49131	1.47763	1.49092	206024	1138600000	49
2015.10.08	01:00:00	1.49090	1.49115	1.49072	1.49092	1514	907730000	38
2015.10.08	02:00:00	1.49093	1.49096	1.49035	1.49049	874	817000000	31
2015.10.08	03:00:00	1.49049	1.49069	1.48999	1.49016	1784	1685500000	38
2015.10.08	04:00:00	1.49020	1.49046	1.48878	1.48915	2079	1669650000	33
2015.10.08	05:00:00	1.48913	1.48946	1.48880	1.48933	1503	1052500000	28
2015.10.08	06:00:00	1.48933	1.48936	1.48789	1.48832	1229	960100000	33
2015.10.08	07:00:00	1.48831	1.48831	1.48740	1.48817	1201	985400000	40
2015.10.08	08:00:00	1.48820	1.48860	1.48784	1.48820	1629	1430500000	33
2015.10.08	09:00:00	1.48820	1.48908	1.48621	1.48633	3884	3444450000	33
2015.10.08	10:00:00	1.48633	1.48731	1.48042	1.48447	9023	7394300000	33
2015.10.08	11:00:00	1.48447	1.48485	1.48263	1.48398	5232	3523400000	33
2015.10.08	12:00:00	1.48400	1.48436	1.48251	1.48393	5936	4473600000	33
2015.10.08	13:00:00	1.48393	1.48621	1.48323	1.48429	5039	3716050000	33
2015.10.08	14:00:00	1.48417	1.48536	1.48098	1.48192	7784	5953350000	33
2015.10.08	15:00:00	1.48191	1.48654	1.48166	1.48327	8612	6555200000	33
2015.10.08	16:00:00	1.48324	1.48327	1.48111	1.48180	6996	5272400000	25
2015.10.08	17:00:00	1.48180	1.48423	1.47863	1.47884	6848	4784150000	20
2015.10.08	18:00:00	1.47882	1.48150	1.47802	1.48150	6587	4424750000	33
2015.10.08	19:00:00	1.48148	1.48326	1.48101	1.48138	5496	3356250000	33
2015.10.08	20:00:00	1.48139	1.48238	1.47975	1.48101	4618	3096721000	33
2015.10.08	21:00:00	1.48097	1.48510	1.47778	1.48360	10749	7351950000	33
2015.10.08	22:00:00	1.48360	1.48471	1.48315	1.48394	3465	2480450000	32
2015.10.08	23:00:00	1.48395	1.48411	1.48191	1.48229	2399	1652900000	33
2015.10.09	00:00:00	1.48290	1.48626	1.47020	1.48244	198809	2781300000	33
2015.10.09	01:00:00	1.48242	1.48280	1.48185	1.48212	4512	4413950000	33
2015.10.09	02:00:00	1.48212	1.48361	1.48181	1.48319	1578	1454450000	31
2015.10.09	03:00:00	1.48317	1.48387	1.48270	1.48338	2402	1995450000	33
2015.10.09	04:00:00	1.48338	1.48578	1.48321	1.48519	2469	1799850000	40
2015.10.09	05:00:00	1.48519	1.48574	1.48405	1.48431	1683	1520900000	27
2015.10.09	06:00:00	1.48432	1.48495	1.48410	1.48481	1134	571300000	30
2015.10.09	07:00:00	1.48481	1.48492	1.48415	1.48429	1593	1215150000	33
2015.10.09	08:00:00	1.48431	1.48554	1.48402	1.48547	1666	1310850000	36
2015.10.09	09:00:00	1.48548	1.48634	1.48355	1.48361	4511	3524000000	33
2015.10.09	10:00:00	1.48361	1.48430	1.47725	1.47852	9747	7471884000	33
2015.10.09	11:00:00	1.47850	1.48117	1.47778	1.48057	7446	5749700000	33
2015.10.09	12:00:00	1.48057	1.48098	1.47762	1.47831	6950	4793000000	33
2015.10.09	13:00:00	1.47834	1.47900	1.47305	1.47347	7665	6229350000	33
2015.10.09	14:00:00	1.47347	1.47479	1.47148	1.47281	6255	4720900000	33
2015.10.09	15:00:00	1.47281	1.47525	1.47108	1.47219	8213	6028150000	33
2015.10.09	16:00:00	1.47215	1.47511	1.47158	1.47315	7503	5800850000	33
2015.10.09	17:00:00	1.47315	1.47454	1.47181	1.47268	9044	6107150000	33
2015.10.09	18:00:00	1.47268	1.47415	1.47054	1.47234	7790	5381450000	33
2015.10.09	19:00:00	1.47234	1.47274	1.47031	1.47102	4755	3614200000	33
2015.10.09	20:00:00	1.47105	1.47272	1.47095	1.47210	3268	2107700000	38
2015.10.09	21:00:00	1.47207	1.47378	1.47178	1.47378	2296	1388350000	33
2015.10.09	22:00:00	1.47379	1.47401	1.47217	1.47314	2244	1552350000	33
2015.10.09	23:00:00	1.47316	1.47316	1.47105	1.47261	2054	1259950000	45
2015.10.12	00:00:00	1.47295	1.47777	1.46983	1.47067	143451	1795900000	109
2015.10.12	01:00:00	1.47085	1.47295	1.47085	1.47279	7149	8308300000	44
2015.10.12	02:00:00	1.47279	1.47324	1.47230	1.47254	2030	1955100000	27
2015.10.12	03:00:00	1.47254	1.47286	1.47195	1.47218	2662	2610050000	37
2015.10.12	04:00:00	1.47219	1.47348	1.47219	1.47335	2425	2008000000	37
2015.10.12	05:00:00	1.47335	1.47345	1.47236	1.47253	2284	2215300000	33
2015.10.12	06:00:00	1.47256	1.47348	1.47233	1.47288	1439	1363000000	33
2015.10.12	07:00:00	1.47289	1.47342	1.47262	1.47334	1049	978500000	30
2015.10.12	08:00:00	1.47334	1.47434	1.47305	1.47423	2660	2364800000	29
2015.10.12	09:00:00	1.47427	1.47620	1.47427	1.47526	2803	2297600000	17
2015.10.12	10:00:00	1.47527	1.47716	1.47305	1.47686	5790	4788800000	33
2015.10.12	11:00:00	1.47687	1.47788	1.47494	1.47508	4559	3939100000	33
2015.10.12	12:00:00	1.47509	1.47522	1.47303	1.47506	4312	3222600000	33
2015.10.12	13:00:00	1.47505	1.47623	1.47452	1.47513	3506	2258450000	33
2015.10.12	14:00:00	1.47512	1.47648	1.47420	1.47549	3647	2530950000	33
2015.10.12	15:00:00	1.47550	1.47731	1.47491	1.47631	4517	3290100000	34
2015.10.12	16:00:00	1.47632	1.47729	1.47413	1.47445	5709	4460400000	33
2015.10.12	17:00:00	1.47440	1.47564	1.47306	1.47393	6210	4390150000	33
2015.10.12	18:00:00	1.47391	1.47604	1.47385	1.47532	5191	3512550000	34
2015.10.12	19:00:00	1.47530	1.47663	1.47365	1.47535	2762	2225450000	33
2015.10.12	20:00:00	1.47538	1.47662	1.47528	1.47644	2129	1698800000	33
2015.10.12	21:00:00	1.47645	1.47794	1.47607	1.47607	2145	1512700000	19
2015.10.12	22:00:00	1.47610	1.47680	1.47610	1.47663	1606	1038300000	30
2015.10.12	23:00:00	1.47662	1.47746	1.47651	1.47683	2309	1695400000	33
2015.10.13	00:00:00	1.47743	1.47872	1.45328	1.47660	183722	4591450000	72
2015.10.13	01:00:00	1.47663	1.47706	1.47649	1.47684	1610	1287000000	35
2015.10.13	02:00:00	1.47684	1.47695	1.47637	1.47658	933	938000000	33
2015.10.13	03:00:00	1.47660	1.47884	1.47517	1.47645	2499	2098850000	34
2015.10.13	04:00:00	1.47641	1.47672	1.47554	1.47620	2077	2012500000	36
2015.10.13	05:00:00	1.47621	1.47671	1.47451	1.47473	1774	1528600000	37
2015.10.13	06:00:00	1.47473	1.47534	1.47447	1.47506	1068	768900000	29
2015.10.13	07:00:00	1.47513	1.47549	1.47443	1.47504	1031	899000000	31
2015.10.13	08:00:00	1.47499	1.47565	1.47256	1.47300	2156	1551100000	32
2015.10.13	09:00:00	1.47300	1.47879	1.47300	1.47782	5549	4583000000	33
2015.10.13	10:00:00	1.47782	1.47786	1.47225	1.47410	7259	5090250000	33
2015.10.13	11:00:00	1.47410	1.47432	1.46271	1.46414	10661	8587100000	33
2015.10.13	12:00:00	1.46415	1.46556	1.46284	1.46338	6553	4549600000	33
2015.10.13	13:00:00	1.46338	1.46414	1.46165	1.46245	5287	3799900000	33
2015.10.13	14:00:00	1.46243	1.46265	1.46025	1.46170	4404	2925000000	33
2015.10.13	15:00:00	1.46169	1.46186	1.45349	1.45681	6944	4953950000	33
2015.10.13	16:00:00	1.45680	1.45961	1.45612	1.45932	7811	6729300000	35
2015.10.13	17:00:00	1.45932	1.46354	1.45894	1.46170	8595	6735900000	33
2015.10.13	18:00:00	1.46169	1.46425	1.46067	1.46196	6819	4623950000	33
2015.10.13	19:00:00	1.46198	1.46279	1.45960	1.46016	3991	2589900000	33
2015.10.13	20:00:00	1.46016	1.46091	1.45947	1.46088	3583	2134500000	33
2015.10.13	21:00:00	1.46085	1.46198	1.46033	1.46153	3472	1857650000	33
2015.10.13	22:00:00	1.46153	1.46154	1.45928	1.46026	3112	1851100000	33
2015.10.13	23:00:00	1.46026	1.46117	1.45989	1.46019	2208	1354400000	38
2015.10.14	00:00:00	1.46024	1.47258	1.45891	1.46074	180942	722900000	62
2015.10.14	01:00:00	1.46058	1.46121	1.46020	1.46048	2168	1224800000	58
2015.10.14	02:00:00	1.46046	1.46200	1.46046	1.46185	851	718100000	52
2015.10.14	03:00:00	1.46183	1.46221	1.46074	1.46081	1637	1488950000	46
2015.10.14	04:00:00	1.46080	1.46210	1.46032	1.46169	1804	1302400000	51
2015.10.14	05:00:00	1.46169	1.46383	1.46167	1.46358	1825	1123000000	48
2015.10.14	06:00:00	1.46358	1.46424	1.46335	1.46398	1878	1548750000	40
2015.10.14	07:00:00	1.46397	1.46406	1.46305	1.46349	1187	987450000	53
2015.10.14	08:00:00	1.46351	1.46371	1.46220	1.46275	1502	1148650000	48
2015.10.14	09:00:00	1.46277	1.46360	1.46155	1.46180	4258	3797700000	54
2015.10.14	10:00:00	1.46184	1.46413	1.45911	1.46385	7747	5980000000	48
2015.10.14	11:00:00	1.46386	1.46992	1.46146	1.46971	8637	6156150000	48
2015.10.14	12:00:00	1.46973	1.47004	1.46654	1.46888	5942	4190600000	49
2015.10.14	13:00:00	1.46884	1.46965	1.46597	1.46781	5131	4249900000	49
2015.10.14	14:00:00	1.46781	1.47020	1.46751	1.46839	5197	3950850000	50
2015.10.14	15:00:00	1.46837	1.47089	1.46665	1.46818	9091	6989300000	50
2015.10.14	16:00:00	1.46821	1.47268	1.46765	1.47164	8671	6974800000	51
2015.10.14	17:00:00	1.47169	1.47250	1.46867	1.47016	8281	5871900000	48
2015.10.14	18:00:00	1.47016	1.47071	1.46853	1.46967	7154	4632400000	47
2015.10.14	19:00:00	1.46967	1.47092	1.46834	1.47020	4686	3417150000	46
2015.10.14	20:00:00	1.47020	1.47091	1.46982	1.47021	3166	2469750000	34
2015.10.14	21:00:00	1.47022	1.47089	1.46744	1.46887	5527	4080350000	33
2015.10.14	22:00:00	1.46891	1.47084	1.46863	1.46999	4454	4059750000	36
2015.10.14	23:00:00	1.47002	1.47012	1.46822	1.46918	2692	2016700000	38
2015.10.15	00:00:00	1.46950	1.47382	1.46744	1.46911	197993	3189000000	37
2015.10.15	01:00:00	1.46908	1.46962	1.46854	1.46869	1794	1346800000	44
2015.10.15	02:00:00	1.46871	1.46966	1.46858	1.46953	1060	1168200000	39
2015.10.15	03:00:00	1.46953	1.47004	1.46808	1.46851	3266	2374450000	33
2015.10.15	04:00:00	1.46851	1.46951	1.46805	1.46871	2187	1570600000	33
2015.10.15	05:00:00	1.46872	1.46946	1.46756	1.46776	1948	1440650000	39
2015.10.15	06:00:00	1.46774	1.46926	1.46751	1.46886	1517	1274450000	42
2015.10.15	07:00:00	1.46887	1.46892	1.46794	1.46841	1785	1241250000	36
2015.10.15	08:00:00	1.46844	1.46993	1.46787	1.46918	2031	1907950000	33
2015.10.15	09:00:00	1.46919	1.47020	1.46805	1.46989	4455	4056600000	35
2015.10.15	10:00:00	1.46987	1.47205	1.46807	1.46902	9927	7086400000	33
2015.10.15	11:00:00	1.46903	1.47164	1.46842	1.47021	6664	5456400000	33
2015.10.15	12:00:00	1.47020	1.47113	1.46910	1.47039	5547	3830650000	33
2015.10.15	13:00:00	1.47036	1.47340	1.47022	1.47238	5175	3630250000	33
2015.10.15	14:00:00	1.47240	1.47315	1.47030	1.47135	5079	3542450000	33
2015.10.15	15:00:00	1.47132	1.47272	1.46891	1.47225	8856	6463900000	33
2015.10.15	16:00:00	1.47228	1.47395	1.47042	1.47146	8951	6506300000	33
2015.10.15	17:00:00	1.47149	1.47338	1.46829	1.46928	9281	6614450000	33
2015.10.15	18:00:00	1.46932	1.47156	1.46809	1.46840	8282	5504850000	33
2015.10.15	19:00:00	1.46840	1.47226	1.46826	1.47135	5347	3119800000	33
2015.10.15	20:00:00	1.47134	1.47325	1.47114	1.47265	3355	1941800000	33
2015.10.15	21:00:00	1.47263	1.47357	1.47211	1.47267	2579	1381200000	33
2015.10.15	22:00:00	1.47257	1.47394	1.47198	1.47221	2422	1650250000	33
2015.10.15	23:00:00	1.47221	1.47278	1.47069	1.47073	2552	1662400000	33
2015.10.16	00:00:00	1.46831	1.47655	1.46645	1.47095	146581	519500000	84
2015.10.16	01:00:00	1.47075	1.47211	1.47008	1.47191	4059	4341500000	33
2015.10.16	02:00:00	1.47192	1.47197	1.47126	1.47179	1822	1719700000	45
2015.10.16	03:00:00	1.47179	1.47252	1.47124	1.47157	1781	1267500000	38
2015.10.16	04:00:00	1.47155	1.47172	1.47109	1.47144	2479	2124550000	34
2015.10.16	05:00:00	1.47144	1.47183	1.47112	1.47171	1075	1077600000	35
2015.10.16	06:00:00	1.47171	1.47205	1.47112	1.47190	1368	1073600000	33
2015.10.16	07:00:00	1.47189	1.47235	1.47144	1.47185	1276	801000000	38
2015.10.16	08:00:00	1.47184	1.47307	1.47140	1.47272	1430	806500000	33
2015.10.16	09:00:00	1.47272	1.47386	1.47195	1.47330	3734	3222600000	34
2015.10.16	10:00:00	1.47330	1.47646	1.47285	1.47492	6204	5427400000	33
2015.10.16	11:00:00	1.47492	1.47667	1.47387	1.47447	5625	3838850000	33
2015.10.16	12:00:00	1.47446	1.47585	1.47197	1.47211	5277	4146750000	33
2015.10.16	13:00:00	1.47212	1.47503	1.47208	1.47445	5148	4088700000	33
2015.10.16	14:00:00	1.47443	1.47461	1.46656	1.46960	5519	4453500000	33
2015.10.16	15:00:00	1.46956	1.47191	1.46899	1.47086	5348	3827000000	33
2015.10.16	16:00:00	1.47086	1.47188	1.46940	1.47033	7119	5882450000	33
2015.10.16	17:00:00	1.47078	1.47144	1.46877	1.46881	7196	5446600000	33
2015.10.16	18:00:00	1.46882	1.47316	1.46868	1.47265	6949	5550950000	33
2015.10.16	19:00:00	1.47266	1.47266	1.46850	1.46857	4755	3756250000	33
2015.10.16	20:00:00	1.46857	1.46989	1.46857	1.46973	3039	2128300000	35
2015.10.16	21:00:00	1.46974	1.47058	1.46871	1.46988	2990	2040850000	36
2015.10.16	22:00:00	1.46990	1.47191	1.46975	1.47167	3227	2130700000	39
2015.10.16	23:00:00	1.47170	1.47307	1.47057	1.47233	2643	1190950000	33
2015.10.19	00:00:00	1.47244	1.48188	1.46976	1.47148	148445	1822000000	123
2015.10.19	01:00:00	1.47150	1.47187	1.47076	1.47130	3320	2332800000	35
2015.10.19	02:00:00	1.47130	1.47157	1.47056	1.47082	1018	539250000	47
2015.10.19	03:00:00	1.47091	1.47118	1.46986	1.47023	1619	1380600000	36
2015.10.19	04:00:00	1.47021	1.47137	1.46985	1.47074	1450	1164150000	36
2015.10.19	05:00:00	1.47076	1.47348	1.47076	1.47293	2721	2012750000	33
2015.10.19	06:00:00	1.47294	1.47406	1.47283	1.47318	1598	1242800000	39
2015.10.19	07:00:00	1.47318	1.47346	1.47295	1.47322	1022	983650000	35
2015.10.19	08:00:00	1.47322	1.47372	1.47273	1.47372	1241	771237000	37
2015.10.19	09:00:00	1.47369	1.47422	1.47223	1.47384	3546	3488800000	33
2015.10.19	10:00:00	1.47380	1.47562	1.47312	1.47505	7107	5750550000	33
2015.10.19	11:00:00	1.47505	1.47580	1.47333	1.47412	5435	3766650000	33
2015.10.19	12:00:00	1.47412	1.47915	1.47412	1.47808	5196	3832850000	33
2015.10.19	13:00:00	1.47808	1.48197	1.47795	1.48174	5308	3595300000	33
2015.10.19	14:00:00	1.48173	1.48174	1.47899	1.47989	4536	3009600000	33
2015.10.19	15:00:00	1.47991	1.48053	1.47772	1.47889	5227	3804000000	33
2015.10.19	16:00:00	1.47889	1.48059	1.47790	1.48030	5125	3820850000	33
2015.10.19	17:00:00	1.48030	1.48168	1.47943	1.48149	6435	4478850000	33
2015.10.19	18:00:00	1.48149	1.48170	1.47787	1.47898	5769	4100200000	33
2015.10.19	19:00:00	1.47900	1.48005	1.47776	1.47973	3383	2589100000	33
2015.10.19	20:00:00	1.47976	1.47988	1.47820	1.47952	2852	2004450000	33
2015.10.19	21:00:00	1.47954	1.47960	1.47812	1.47904	2303	1912400000	34
2015.10.19	22:00:00	1.47901	1.47907	1.47742	1.47890	2212	1557450000	38
2015.10.19	23:00:00	1.47892	1.47896	1.47822	1.47826	2322	1572000000	33
2015.10.20	00:00:00	1.47850	1.48007	1.46994	1.47852	148788	3285950000	0
2015.10.20	01:00:00	1.47850	1.47876	1.47810	1.47831	1965	1812500000	33
2015.10.20	02:00:00	1.47828	1.47936	1.47794	1.47932	1029	824750000	33
2015.10.20	03:00:00	1.47930	1.47983	1.47863	1.47874	1459	1423150000	34
2015.10.20	04:00:00	1.47872	1.47953	1.47808	1.47921	1579	1295650000	33
2015.10.20	05:00:00	1.47922	1.47925	1.47835	1.47895	1312	1266900000	39
2015.10.20	06:00:00	1.47895	1.48015	1.47890	1.47997	898	646300000	42
2015.10.20	07:00:00	1.47993	1.48015	1.47928	1.47961	839	664950000	34
2015.10.20	08:00:00	1.47962	1.47993	1.47869	1.47871	1487	883100000	36
2015.10.20	09:00:00	1.47873	1.47984	1.47757	1.47874	2765	2287600000	35
2015.10.20	10:00:00	1.47875	1.48008	1.47667	1.47682	7442	4992300000	33
2015.10.20	11:00:00	1.47682	1.47709	1.47113	1.47145	7278	5137700000	33
2015.10.20	12:00:00	1.47145	1.47436	1.47127	1.47255	5880	3791750000	33
2015.10.20	13:00:00	1.47255	1.47260	1.47005	1.47117	5851	4253900000	33
2015.10.20	14:00:00	1.47115	1.47249	1.47085	1.47183	4969	4007750000	33
2015.10.20	15:00:00	1.47183	1.47376	1.47158	1.47326	6440	4227500000	33
2015.10.20	16:00:00	1.47326	1.47490	1.47259	1.47401	6115	3996300000	33
2015.10.20	17:00:00	1.47399	1.47668	1.47369	1.47508	6987	4240300000	33
2015.10.20	18:00:00	1.47508	1.47697	1.47442	1.47539	5287	3820650000	33
2015.10.20	19:00:00	1.47540	1.47717	1.47537	1.47668	2847	1989800000	36
2015.10.20	20:00:00	1.47668	1.47857	1.47580	1.47792	3092	1898100000	33
2015.10.20	21:00:00	1.47792	1.47792	1.47655	1.47691	2596	1836200000	33
2015.10.20	22:00:00	1.47691	1.47753	1.47612	1.47739	1858	1104450000	37
2015.10.20	23:00:00	1.47737	1.47758	1.47636	1.47664	1729	1150300000	39
2015.10.21	00:00:00	1.47664	1.48495	1.46988	1.47637	158978	2674250000	38
2015.10.21	01:00:00	1.47639	1.47711	1.47616	1.47634	1649	1602100000	37
2015.10.21	02:00:00	1.47634	1.47692	1.47634	1.47645	1656	1530800000	49
2015.10.21	03:00:00	1.47646	1.47694	1.47574	1.47622	2265	988000000	35
2015.10.21	04:00:00	1.47621	1.47622	1.47502	1.47546	1389	819800000	36
2015.10.21	05:00:00	1.47544	1.47557	1.47457	1.47505	1260	1139900000	33
2015.10.21	06:00:00	1.47505	1.47519	1.47480	1.47512	1162	833600000	35
2015.10.21	07:00:00	1.47510	1.47580	1.47494	1.47534	1480	1522000000	42
2015.10.21	08:00:00	1.47535	1.47628	1.47422	1.47443	2364	1698900000	33
2015.10.21	09:00:00	1.47444	1.47541	1.47317	1.47424	4934	4144150000	33
2015.10.21	10:00:00	1.47426	1.47511	1.46996	1.47197	8007	6462900000	33
2015.10.21	11:00:00	1.47197	1.47508	1.47104	1.47374	5753	4045400000	33
2015.10.21	12:00:00	1.47376	1.48505	1.47376	1.47870	7526	5123200000	33
2015.10.21	13:00:00	1.47870	1.48197	1.47870	1.48018	5312	4105850000	33
2015.10.21	14:00:00	1.48018	1.48191	1.47899	1.48004	4608	3235600000	33
2015.10.21	15:00:00	1.48003	1.48031	1.47724	1.47741	5559	3897505000	33
2015.10.21	16:00:00	1.47739	1.47983	1.47703	1.47956	5710	3857150000	33
2015.10.21	17:00:00	1.47956	1.48044	1.47756	1.47831	7555	5958000000	33
2015.10.21	18:00:00	1.47832	1.48049	1.47788	1.47982	6068	4358750000	33
2015.10.21	19:00:00	1.47984	1.47984	1.47684	1.47753	4217	3241950000	33
2015.10.21	20:00:00	1.47753	1.47820	1.47626	1.47643	4195	3183500000	33
2015.10.21	21:00:00	1.47640	1.47915	1.47613	1.47883	3231	2415200000	33
2015.10.21	22:00:00	1.47883	1.47951	1.47824	1.47932	3113	2126450000	33
2015.10.21	23:00:00	1.47933	1.47952	1.47859	1.47927	3534	2923400000	33
2015.10.22	00:00:00	1.47893	1.49864	1.47806	1.47882	229349	969850000	0
2015.10.22	01:00:00	1.47880	1.47904	1.47826	1.47873	1529	958900000	33
2015.10.22	02:00:00	1.47874	1.47970	1.47868	1.47904	1399	547300000	36
2015.10.22	03:00:00	1.47902	1.47986	1.47851	1.47962	2096	1490900000	38
2015.10.22	04:00:00	1.47962	1.48044	1.47910	1.48043	1717	1107850000	34
2015.10.22	05:00:00	1.48045	1.48098	1.47978	1.48077	1758	1408900000	34
2015.10.22	06:00:00	1.48074	1.48088	1.48013	1.48026	1280	709250000	40
2015.10.22	07:00:00	1.48026	1.48044	1.47947	1.48023	2682	2030800000	35
2015.10.22	08:00:00	1.48023	1.48024	1.47943	1.47981	2069	1416300000	33
2015.10.22	09:00:00	1.47981	1.48067	1.47869	1.47872	3384	2662550000	36
2015.10.22	10:00:00	1.47870	1.48344	1.47817	1.48255	6468	4897692000	33
2015.10.22	11:00:00	1.48255	1.48898	1.48232	1.48629	7967	4984340000	33
2015.10.22	12:00:00	1.48634	1.49069	1.48532	1.48832	6610	4949250000	33
2015.10.22	13:00:00	1.48832	1.49006	1.48798	1.48899	5561	4405700000	33
2015.10.22	14:00:00	1.48899	1.48931	1.48702	1.48818	6464	5035900000	33
2015.10.22	15:00:00	1.48818	1.49873	1.48755	1.49563	12003	9235450000	33
2015.10.22	16:00:00	1.49556	1.49745	1.49305	1.49617	12695	10104696000	33
2015.10.22	17:00:00	1.49621	1.49743	1.49365	1.49689	9963	6767300000	33
2015.10.22	18:00:00	1.49690	1.49759	1.49385	1.49517	8254	5342900000	33
2015.10.22	19:00:00	1.49517	1.49532	1.49277	1.49354	6392	5462157000	33
2015.10.22	20:00:00	1.49361	1.49823	1.49361	1.49772	4077	2598648000	33
2015.10.22	21:00:00	1.49768	1.49875	1.49734	1.49818	3575	3010853000	35
2015.10.22	22:00:00	1.49826	1.49850	1.49728	1.49754	3357	2425900000	33
2015.10.22	23:00:00	1.49753	1.49805	1.49721	1.49767	2262	1491800000	35
2015.10.23	00:00:00	1.49782	1.50286	1.49545	1.49723	220657	1692898000	33
2015.10.23	01:00:00	1.49713	1.49787	1.49691	1.49736	2339	1213850000	45
2015.10.23	02:00:00	1.49736	1.49788	1.49679	1.49777	2819	1418100000	38
2015.10.23	03:00:00	1.49776	1.49876	1.49729	1.49838	2609	1632900000	34
2015.10.23	04:00:00	1.49838	1.49971	1.49826	1.49895	2741	2175300000	36
2015.10.23	05:00:00	1.49891	1.49953	1.49885	1.49894	1985	1541050000	33
2015.10.23	06:00:00	1.49894	1.49947	1.49862	1.49902	2398	2191150000	33
2015.10.23	07:00:00	1.49900	1.49930	1.49846	1.49901	1658	1305700000	39
2015.10.23	08:00:00	1.49904	1.49939	1.49796	1.49818	1578	1337300000	39
2015.10.23	09:00:00	1.49816	1.49916	1.49629	1.49741	5507	4665150000	33
2015.10.23	10:00:00	1.49760	1.50113	1.49561	1.49993	8991	6684600000	33
2015.10.23	11:00:00	1.49993	1.50032	1.49598	1.49786	6838	4597500000	33
2015.10.23	12:00:00	1.49784	1.49915	1.49627	1.49829	6028	4435700000	33
2015.10.23	13:00:00	1.49830	1.50007	1.49805	1.49914	6461	4684250000	33
2015.10.23	14:00:00	1.49916	1.50304	1.49842	1.50108	9138	6447000000	33
2015.10.23	15:00:00	1.50108	1.50222	1.49920	1.50055	9939	8010000000	33
2015.10.23	16:00:00	1.50059	1.50255	1.49743	1.50144	10627	8598900000	33
2015.10.23	17:00:00	1.50144	1.50205	1.49637	1.49868	9718	7816000000	33
2015.10.23	18:00:00	1.49869	1.49958	1.49699	1.49832	7348	5192000000	33
2015.10.23	19:00:00	1.49835	1.50139	1.49769	1.50129	4054	3369601000	33
2015.10.23	20:00:00	1.50129	1.50261	1.50058	1.50071	3711	2478200000	33
2015.10.23	21:00:00	1.50068	1.50155	1.50018	1.50099	3424	2704250000	36
2015.10.23	22:00:00	1.50104	1.50124	1.49894	1.49912	3139	2365600000	33
2015.10.23	23:00:00	1.49912	1.49970	1.49807	1.49830	2528	1360650000	33
2015.10.26	00:00:00	1.49906	1.51096	1.49511	1.49884	166447	2298234000	33
2015.10.26	01:00:00	1.49883	1.49912	1.49794	1.49884	2761	1760050000	37
2015.10.26	02:00:00	1.49885	1.49942	1.49873	1.49881	2644	1520000000	33
2015.10.26	03:00:00	1.49883	1.49913	1.49774	1.49800	2921	2354550000	33
2015.10.26	04:00:00	1.49803	1.49803	1.49671	1.49751	2214	1612650000	34
2015.10.26	05:00:00	1.49748	1.49854	1.49699	1.49708	1847	1476200000	39
2015.10.26	06:00:00	1.49709	1.49743	1.49683	1.49713	1032	756850000	33
2015.10.26	07:00:00	1.49708	1.49719	1.49633	1.49706	1799	1726150000	38
2015.10.26	08:00:00	1.49706	1.49855	1.49687	1.49832	2191	1724800000	33
2015.10.26	09:00:00	1.49836	1.49836	1.49524	1.49678	5243	5038000000	36
2015.10.26	10:00:00	1.49675	1.49990	1.49579	1.49818	6454	5032150000	33
2015.10.26	11:00:00	1.49818	1.50354	1.49783	1.50344	6311	4981600000	33
2015.10.26	12:00:00	1.50344	1.50498	1.50137	1.50439	5147	3817800000	33
2015.10.26	13:00:00	1.50435	1.50603	1.50392	1.50589	5754	4042400000	34
2015.10.26	14:00:00	1.50589	1.50792	1.50548	1.50638	5932	4808800000	33
2015.10.26	15:00:00	1.50638	1.50774	1.50484	1.50558	7920	6224050000	33
2015.10.26	16:00:00	1.50558	1.50753	1.50460	1.50640	9235	7330750000	33
2015.10.26	17:00:00	1.50640	1.50836	1.50588	1.50731	7115	5234100000	33
2015.10.26	18:00:00	1.50731	1.50903	1.50670	1.50877	5974	4407884000	33
2015.10.26	19:00:00	1.50877	1.51050	1.50812	1.50985	3819	2384200000	35
2015.10.26	20:00:00	1.50987	1.51103	1.50955	1.50966	2491	1707500000	33
2015.10.26	21:00:00	1.50973	1.50979	1.50786	1.50806	2305	2159250000	35
2015.10.26	22:00:00	1.50806	1.51010	1.50802	1.50928	2940	2003200000	33
2015.10.26	23:00:00	1.50972	1.51029	1.50809	1.50809	1169	550898000	33
2015.10.27	00:00:00	1.50964	1.51063	1.50443	1.50807	171997	2376300000	33
2015.10.27	01:00:00	1.50808	1.50909	1.50804	1.50841	1088	883800000	39
2015.10.27	02:00:00	1.50841	1.50905	1.50823	1.50888	2018	1828450000	33
2015.10.27	03:00:00	1.50888	1.50925	1.50780	1.50830	1526	1256700000	39
2015.10.27	04:00:00	1.50830	1.50830	1.50621	1.50658	3018	2761400000	33
2015.10.27	05:00:00	1.50655	1.50716	1.50622	1.50642	1945	2002950000	33
2015.10.27	06:00:00	1.50642	1.50673	1.50617	1.50658	1552	833850000	40
2015.10.27	07:00:00	1.50658	1.50693	1.50575	1.50585	1469	986050000	39
2015.10.27	08:00:00	1.50584	1.50754	1.50566	1.50669	1876	1270000000	39
2015.10.27	09:00:00	1.50670	1.50802	1.50530	1.50723	4894	4028850000	0
2015.10.27	10:00:00	1.50723	1.50936	1.50665	1.50907	5536	4111800000	33
2015.10.27	11:00:00	1.50908	1.51003	1.50557	1.50840	6739	4794650000	33
2015.10.27	12:00:00	1.50840	1.51032	1.50775	1.51003	5188	3638050000	33
2015.10.27	13:00:00	1.51006	1.51054	1.50863	1.50863	5398	3947600000	0
2015.10.27	14:00:00	1.50861	1.50949	1.50647	1.50869	6415	3379650000	0
2015.10.27	15:00:00	1.50871	1.50941	1.50722	1.50734	7633	3530523000	0
2015.10.27	16:00:00	1.50744	1.50850	1.50466	1.50595	8227	5434800000	0
2015.10.27	17:00:00	1.50597	1.50839	1.50494	1.50759	6762	4457050000	34
2015.10.27	18:00:00	1.50757	1.51074	1.50694	1.50984	5465	3386100000	33
2015.10.27	19:00:00	1.50983	1.51022	1.50755	1.50906	3664	2486150000	33
2015.10.27	20:00:00	1.50906	1.50980	1.50637	1.50859	3799	2720250000	33
2015.10.27	21:00:00	1.50858	1.51027	1.50843	1.50959	2133	1860500000	33
2015.10.27	22:00:00	1.50959	1.51019	1.50801	1.50822	2450	1794700000	33
2015.10.27	23:00:00	1.50957	1.51008	1.50859	1.50879	1812	1109350000	0
2015.10.28	00:00:00	1.50877	1.51978	1.50221	1.51065	222761	1911500000	49
2015.10.28	01:00:00	1.51070	1.51138	1.51009	1.51125	1875	1091700000	41
2015.10.28	02:00:00	1.51122	1.51141	1.50976	1.51011	2733	1838050000	39
2015.10.28	03:00:00	1.51009	1.51085	1.50976	1.51061	1741	1442000000	35
2015.10.28	04:00:00	1.51061	1.51089	1.50976	1.51008	2191	1392050000	33
2015.10.28	05:00:00	1.51007	1.51034	1.50977	1.50993	1217	835250000	0
2015.10.28	06:00:00	1.50993	1.51035	1.50901	1.50932	1423	1113150000	38
2015.10.28	07:00:00	1.50930	1.51010	1.50883	1.50900	1904	1448850000	33
2015.10.28	08:00:00	1.50900	1.51118	1.50883	1.51086	1702	1020800000	35
2015.10.28	09:00:00	1.51086	1.51092	1.50839	1.50935	3786	2685200000	0
2015.10.28	10:00:00	1.50935	1.50988	1.50574	1.50707	5026	3321650000	33
2015.10.28	11:00:00	1.50710	1.50733	1.50518	1.50589	4883	3441900000	33
2015.10.28	12:00:00	1.50585	1.50591	1.50291	1.50349	4649	3545450000	34
2015.10.28	13:00:00	1.50348	1.50524	1.50254	1.50510	4716	2903899000	33
2015.10.28	14:00:00	1.50510	1.50545	1.50285	1.50377	5965	4027400000	33
2015.10.28	15:00:00	1.50383	1.50480	1.50241	1.50396	7322	5042150000	33
2015.10.28	16:00:00	1.50385	1.50715	1.50374	1.50689	7551	4499050000	33
2015.10.28	17:00:00	1.50689	1.50927	1.50642	1.50905	7124	4191900000	33
2015.10.28	18:00:00	1.50907	1.50936	1.50773	1.50857	5865	3937050000	33
2015.10.28	19:00:00	1.50857	1.50904	1.50399	1.50399	4830	3120750000	33
2015.10.28	20:00:00	1.50399	1.51825	1.50345	1.51720	13214	8109375000	33
2015.10.28	21:00:00	1.51723	1.51990	1.51523	1.51813	7123	3995750000	33
2015.10.28	22:00:00	1.51818	1.51877	1.51653	1.51654	3754	2172800000	33
2015.10.28	23:00:00	1.51583	1.51799	1.51583	1.51737	2058	1117200000	0
2015.10.29	00:00:00	1.51693	1.51928	1.50792	1.51689	196549	836300000	43
2015.10.29	01:00:00	1.51688	1.51780	1.51656	1.51752	1613	795300000	39
2015.10.29	02:00:00	1.51751	1.51936	1.51674	1.51896	3187	1788500000	33
2015.10.29	03:00:00	1.51896	1.51932	1.51822	1.51878	1926	1406550000	40
2015.10.29	04:00:00	1.51876	1.51876	1.51627	1.51641	2225	1189550000	35
2015.10.29	05:00:00	1.51640	1.51702	1.51628	1.51658	2020	1391150000	33
2015.10.29	06:00:00	1.51658	1.51670	1.51562	1.51646	1274	1059300000	42
2015.10.29	07:00:00	1.51646	1.51700	1.51557	1.51569	1801	1206650000	37
2015.10.29	08:00:00	1.51566	1.51663	1.51499	1.51550	2550	1517750000	33
2015.10.29	09:00:00	1.51549	1.51691	1.51425	1.51590	5797	3590350000	33
2015.10.29	10:00:00	1.51587	1.51648	1.51325	1.51325	6198	4076500000	33
2015.10.29	11:00:00	1.51324	1.51381	1.51045	1.51174	5801	3570750000	33
2015.10.29	12:00:00	1.51174	1.51193	1.50997	1.51122	5996	4385550000	33
2015.10.29	13:00:00	1.51122	1.51127	1.50806	1.51033	5136	3687250000	33
2015.10.29	14:00:00	1.51033	1.51324	1.50981	1.51257	7396	5304400000	35
2015.10.29	15:00:00	1.51254	1.51519	1.51155	1.51320	8063	5764800000	33
2015.10.29	16:00:00	1.51320	1.51544	1.51244	1.51493	8038	5213650000	33
2015.10.29	17:00:00	1.51490	1.51715	1.51336	1.51636	6619	4064940000	33
2015.10.29	18:00:00	1.51634	1.51763	1.51556	1.51720	4999	2909140000	0
2015.10.29	19:00:00	1.51720	1.51779	1.51514	1.51590	3712	2362200000	34
2015.10.29	20:00:00	1.51579	1.51680	1.51543	1.51673	3217	2397250000	33
2015.10.29	21:00:00	1.51676	1.51720	1.51460	1.51505	2421	1726850000	33
2015.10.29	22:00:00	1.51506	1.51543	1.51436	1.51446	1845	1151100000	34
2015.10.29	23:00:00	1.51413	1.51472	1.51373	1.51431	1027	530750000	46
2015.10.30	00:00:00	1.51469	1.52591	1.51085	1.51502	218716	1348400000	36
2015.10.30	01:00:00	1.51502	1.51588	1.51399	1.51522	1436	905100000	41
2015.10.30	02:00:00	1.51522	1.51678	1.51502	1.51579	2285	1727250000	33
2015.10.30	03:00:00	1.51583	1.51635	1.51550	1.51621	2157	1070250000	33
2015.10.30	04:00:00	1.51615	1.51647	1.51522	1.51569	1213	793750000	33
2015.10.30	05:00:00	1.51569	1.51698	1.51488	1.51687	3004	1890750000	33
2015.10.30	06:00:00	1.51689	1.51718	1.51493	1.51571	4159	2353600000	33
2015.10.30	07:00:00	1.51573	1.51622	1.51469	1.51600	2206	1791000000	33
2015.10.30	08:00:00	1.51603	1.51790	1.51526	1.51721	3529	2506000000	33
2015.10.30	09:00:00	1.51725	1.51901	1.51502	1.51642	5015	3402350000	33
2015.10.30	10:00:00	1.51650	1.51650	1.51326	1.51369	5902	4761800000	33
2015.10.30	11:00:00	1.51368	1.51420	1.51096	1.51395	5172	3237350000	33
2015.10.30	12:00:00	1.51396	1.51654	1.51352	1.51474	4790	2971750000	33
2015.10.30	13:00:00	1.51469	1.51878	1.51436	1.51730	5390	3708400000	33
2015.10.30	14:00:00	1.51732	1.51994	1.51644	1.51962	6842	4936040000	33
2015.10.30	15:00:00	1.51962	1.51989	1.51630	1.51776	7539	5348100000	33
2015.10.30	16:00:00	1.51782	1.51885	1.51597	1.51804	8592	6281400000	33
2015.10.30	17:00:00	1.51812	1.52344	1.51741	1.52228	7236	4979400000	33
2015.10.30	18:00:00	1.52243	1.52553	1.52102	1.52551	8239	4805450000	33
2015.10.30	19:00:00	1.52553	1.52611	1.52387	1.52429	5176	3842450000	35
2015.10.30	20:00:00	1.52427	1.52561	1.52379	1.52433	4290	2987540000	33
2015.10.30	21:00:00	1.52430	1.52470	1.52316	1.52370	3272	2258200000	33
2015.10.30	22:00:00	1.52373	1.52431	1.52247	1.52358	2296	1144100000	35
2015.11.02	00:00:00	1.52297	1.53119	1.51719	1.52297	158791	2964500000	33
2015.11.02	01:00:00	1.52300	1.52362	1.52176	1.52263	3203	2987250000	37
2015.11.02	02:00:00	1.52262	1.52442	1.52262	1.52363	2129	1851600000	39
2015.11.02	03:00:00	1.52363	1.52389	1.52245	1.52254	2258	1547000000	33
2015.11.02	04:00:00	1.52252	1.52322	1.52232	1.52297	1829	935700000	38
2015.11.02	05:00:00	1.52297	1.52336	1.52269	1.52298	1347	919100000	38
2015.11.02	06:00:00	1.52300	1.52334	1.52249	1.52262	962	614600000	45
2015.11.02	07:00:00	1.52262	1.52350	1.52215	1.52247	1662	1415850000	33
2015.11.02	08:00:00	1.52245	1.52312	1.52149	1.52212	2790	1771550000	33
2015.11.02	09:00:00	1.52212	1.52310	1.52078	1.52186	4679	4215700000	34
2015.11.02	10:00:00	1.52185	1.52502	1.52112	1.52476	6625	5133900000	33
2015.11.02	11:00:00	1.52478	1.53131	1.52415	1.52929	7219	5182750000	33
2015.11.02	12:00:00	1.52931	1.53005	1.52467	1.52486	5797	5010450000	33
2015.11.02	13:00:00	1.52486	1.52677	1.52467	1.52623	4090	3292150000	33
2015.11.02	14:00:00	1.52623	1.52659	1.52413	1.52546	4386	3957000000	33
2015.11.02	15:00:00	1.52548	1.52673	1.52348	1.52350	6260	5063850000	33
2015.11.02	16:00:00	1.52348	1.52498	1.52269	1.52361	6424	4706950000	33
2015.11.02	17:00:00	1.52354	1.52469	1.51744	1.51763	7969	6120600000	33
2015.11.02	18:00:00	1.51765	1.52089	1.51740	1.52020	6446	4153450000	33
2015.11.02	19:00:00	1.52018	1.52189	1.51984	1.52081	4150	3558150000	34
2015.11.02	20:00:00	1.52084	1.52089	1.51904	1.51928	2597	2060250000	36
2015.11.02	21:00:00	1.51933	1.52111	1.51933	1.52086	2409	1882700000	33
2015.11.02	22:00:00	1.52093	1.52156	1.52011	1.52093	2158	1682700000	33
2015.11.02	23:00:00	1.52091	1.52162	1.52038	1.52137	1864	1151650000	33
2015.11.03	00:00:00	1.52049	1.52924	1.51939	1.52148	165783	835349000	62
2015.11.03	01:00:00	1.52148	1.52225	1.52137	1.52221	2273	1155900000	35
2015.11.03	02:00:00	1.52221	1.52227	1.52160	1.52215	1421	878900000	33
2015.11.03	03:00:00	1.52215	1.52261	1.52175	1.52190	1261	750050000	38
2015.11.03	04:00:00	1.52190	1.52232	1.52147	1.52192	1407	1071050000	37
2015.11.03	05:00:00	1.52194	1.52300	1.52124	1.52158	2570	2058100000	33
2015.11.03	06:00:00	1.52157	1.52226	1.52157	1.52196	2093	1992500000	38
2015.11.03	07:00:00	1.52196	1.52245	1.52191	1.52229	2021	2178950000	33
2015.11.03	08:00:00	1.52229	1.52254	1.52116	1.52138	1365	917100000	34
2015.11.03	09:00:00	1.52135	1.52221	1.51957	1.52196	4063	2429550000	35
2015.11.03	10:00:00	1.52196	1.52438	1.51989	1.52326	6901	5066650000	33
2015.11.03	11:00:00	1.52326	1.52483	1.52240	1.52330	6121	3940800000	0
2015.11.03	12:00:00	1.52332	1.52502	1.52229	1.52320	5570	4023550000	33
2015.11.03	13:00:00	1.52320	1.52596	1.52303	1.52535	5826	4645550000	33
2015.11.03	14:00:00	1.52532	1.52532	1.52231	1.52285	5280	4179750000	33
2015.11.03	15:00:00	1.52285	1.52443	1.52207	1.52351	6289	4494750000	33
2015.11.03	16:00:00	1.52358	1.52480	1.52242	1.52360	7003	5279350000	33
2015.11.03	17:00:00	1.52358	1.52651	1.52351	1.52585	7826	5652050000	33
2015.11.03	18:00:00	1.52584	1.52818	1.52474	1.52793	6401	4885700000	33
2015.11.03	19:00:00	1.52790	1.52861	1.52648	1.52767	4209	3200350000	33
2015.11.03	20:00:00	1.52765	1.52936	1.52643	1.52911	4384	3692690000	33
2015.11.03	21:00:00	1.52911	1.52932	1.52823	1.52868	2889	2177700000	33
2015.11.03	22:00:00	1.52880	1.52888	1.52704	1.52776	2321	1827850000	36
2015.11.03	23:00:00	1.52777	1.52845	1.52747	1.52758	2457	1566600000	33
2015.11.04	00:00:00	1.52741	1.53180	1.52298	1.52771	206752	2510900000	33
2015.11.04	01:00:00	1.52763	1.52798	1.52730	1.52793	2331	1525100000	46
2015.11.04	02:00:00	1.52792	1.52834	1.52746	1.52818	1702	1244200000	33
2015.11.04	03:00:00	1.52817	1.52889	1.52803	1.52849	2785	2184800000	33
2015.11.04	04:00:00	1.52849	1.52922	1.52805	1.52917	2083	1534800000	37
2015.11.04	05:00:00	1.52916	1.52945	1.52848	1.52855	1201	924400000	33
2015.11.04	06:00:00	1.52856	1.52955	1.52843	1.52949	2145	1717050000	37
2015.11.04	07:00:00	1.52949	1.52960	1.52881	1.52920	1505	1462700000	37
2015.11.04	08:00:00	1.52922	1.53028	1.52884	1.52895	2419	1532700000	33
2015.11.04	09:00:00	1.52893	1.53114	1.52869	1.53036	4965	4239050000	35
2015.11.04	10:00:00	1.53036	1.53193	1.52965	1.53041	6495	4987300000	33
2015.11.04	11:00:00	1.53045	1.53054	1.52804	1.52888	7202	4859100000	33
2015.11.04	12:00:00	1.52890	1.52893	1.52557	1.52654	5722	4045350000	33
2015.11.04	13:00:00	1.52655	1.52758	1.52470	1.52572	4308	2864400000	33
2015.11.04	14:00:00	1.52574	1.52628	1.52399	1.52447	4965	4184750000	33
2015.11.04	15:00:00	1.52445	1.52623	1.52313	1.52567	7147	5040750000	33
2015.11.04	16:00:00	1.52567	1.52759	1.52412	1.52499	8345	5932950000	33
2015.11.04	17:00:00	1.52549	1.52952	1.52484	1.52773	10626	7768500000	33
2015.11.04	18:00:00	1.52774	1.52889	1.52658	1.52729	8692	6163700000	33
2015.11.04	19:00:00	1.52729	1.52896	1.52719	1.52835	5130	3683850000	34
2015.11.04	20:00:00	1.52837	1.52864	1.52775	1.52824	3166	2210100000	33
2015.11.04	21:00:00	1.52822	1.52935	1.52730	1.52918	3089	2232050000	37
2015.11.04	22:00:00	1.52918	1.52939	1.52819	1.52834	2432	1632750000	34
2015.11.04	23:00:00	1.52834	1.52847	1.52671	1.52762	2406	1891400000	33
2015.11.05	00:00:00	1.52782	1.53490	1.51273	1.52782	226667	793700000	33
2015.11.05	01:00:00	1.52805	1.52841	1.52774	1.52812	1896	1208500000	36
2015.11.05	02:00:00	1.52812	1.52844	1.52719	1.52751	1980	1196750000	33
2015.11.05	03:00:00	1.52763	1.52777	1.52653	1.52686	2059	1593000000	33
2015.11.05	04:00:00	1.52687	1.52764	1.52673	1.52754	1611	1023450000	40
2015.11.05	05:00:00	1.52754	1.52790	1.52716	1.52725	1404	1386200000	35
2015.11.05	06:00:00	1.52725	1.52791	1.52722	1.52791	1631	1423700000	38
2015.11.05	07:00:00	1.52791	1.52853	1.52791	1.52803	1887	1769000000	37
2015.11.05	08:00:00	1.52803	1.52986	1.52774	1.52943	2663	1909000000	36
2015.11.05	09:00:00	1.52943	1.53504	1.52897	1.53415	6256	4599000000	33
2015.11.05	10:00:00	1.53415	1.53443	1.52989	1.53079	8369	6450550000	33
2015.11.05	11:00:00	1.53079	1.53386	1.53020	1.53295	6224	4732700000	33
2015.11.05	12:00:00	1.53294	1.53466	1.53198	1.53244	6433	4802450000	33
2015.11.05	13:00:00	1.53243	1.53302	1.53201	1.53234	5163	4499150000	33
2015.11.05	14:00:00	1.53232	1.53289	1.51995	1.52166	10272	7104640000	33
2015.11.05	15:00:00	1.52163	1.52182	1.51583	1.51682	9969	7391350000	33
2015.11.05	16:00:00	1.51680	1.51986	1.51513	1.51882	9147	6698480000	33
2015.11.05	17:00:00	1.51889	1.52176	1.51679	1.52048	8860	5566700000	33
2015.11.05	18:00:00	1.52048	1.52130	1.51658	1.51779	8139	5883700000	33
2015.11.05	19:00:00	1.51779	1.51807	1.51603	1.51658	4859	3293400000	33
2015.11.05	20:00:00	1.51661	1.51663	1.51536	1.51650	3339	2647000000	33
2015.11.05	21:00:00	1.51650	1.51650	1.51282	1.51352	3272	2002699000	33
2015.11.05	22:00:00	1.51352	1.51477	1.51332	1.51403	2949	2303450000	33
2015.11.05	23:00:00	1.51405	1.51411	1.51291	1.51298	1785	907000000	37
2015.11.06	00:00:00	1.51312	1.51571	1.50514	1.51383	215084	385600000	0
2015.11.06	01:00:00	1.51381	1.51408	1.51339	1.51343	1415	1039450000	45
2015.11.06	02:00:00	1.51347	1.51484	1.51347	1.51415	2047	1120400000	35
2015.11.06	03:00:00	1.51414	1.51456	1.51332	1.51422	2038	1140550000	40
2015.11.06	04:00:00	1.51423	1.51423	1.51314	1.51382	1941	1039500000	38
2015.11.06	05:00:00	1.51382	1.51396	1.51312	1.51376	1886	1430400000	37
2015.11.06	06:00:00	1.51375	1.51458	1.51365	1.51416	1236	799700000	37
2015.11.06	07:00:00	1.51417	1.51423	1.51369	1.51404	1801	647550000	33
2015.11.06	08:00:00	1.51402	1.51404	1.51277	1.51333	2874	1419000000	33
2015.11.06	09:00:00	1.51332	1.51344	1.51194	1.51225	4219	3327100000	36
2015.11.06	10:00:00	1.51222	1.51241	1.50907	1.51039	6426	4343150000	33
2015.11.06	11:00:00	1.51039	1.51046	1.50810	1.50876	5882	3727350000	33
2015.11.06	12:00:00	1.50882	1.50885	1.50712	1.50734	5021	3016699000	0
2015.11.06	13:00:00	1.50734	1.50789	1.50530	1.50783	4666	3916900000	33
2015.11.06	14:00:00	1.50779	1.50807	1.50564	1.50725	5382	4649250000	33
2015.11.06	15:00:00	1.50725	1.51383	1.50602	1.51303	11662	9093966000	33
2015.11.06	16:00:00	1.51305	1.51574	1.51175	1.51245	10895	8038450000	33
2015.11.06	17:00:00	1.51249	1.51523	1.51121	1.51474	10852	7864950000	34
2015.11.06	18:00:00	1.51475	1.51583	1.51308	1.51430	7115	5175100000	33
2015.11.06	19:00:00	1.51420	1.51513	1.51157	1.51231	5460	4415050000	33
2015.11.06	20:00:00	1.51232	1.51411	1.51200	1.51318	3915	2942200000	36
2015.11.06	21:00:00	1.51319	1.51384	1.51276	1.51306	3512	2398400000	35
2015.11.06	22:00:00	1.51306	1.51452	1.51267	1.51361	3481	3062150000	33
2015.11.06	23:00:00	1.51360	1.51426	1.51145	1.51145	2084	1113050000	41
2015.11.09	00:00:00	1.51269	1.51790	1.50667	1.51346	185495	1104300000	58
2015.11.09	01:00:00	1.51369	1.51380	1.51292	1.51372	2460	2215350000	33
2015.11.09	02:00:00	1.51372	1.51469	1.51305	1.51435	2255	2061000000	33
2015.11.09	03:00:00	1.51430	1.51489	1.51402	1.51435	1787	1393050000	35
2015.11.09	04:00:00	1.51437	1.51454	1.51330	1.51359	2162	1736700000	33
2015.11.09	05:00:00	1.51359	1.51395	1.51299	1.51304	1742	1768850000	33
2015.11.09	06:00:00	1.51304	1.51346	1.51283	1.51320	1376	1032250000	34
2015.11.09	07:00:00	1.51320	1.51364	1.51287	1.51337	1356	1006500000	35
2015.11.09	08:00:00	1.51339	1.51372	1.51250	1.51298	1741	1345550000	43
2015.11.09	09:00:00	1.51311	1.51366	1.50678	1.50797	5920	3411300000	33
2015.11.09	10:00:00	1.50814	1.51309	1.50801	1.51191	7030	4367990000	33
2015.11.09	11:00:00	1.51195	1.51274	1.51060	1.51179	6730	3315750000	33
2015.11.09	12:00:00	1.51182	1.51442	1.51154	1.51306	6543	4325100000	33
2015.11.09	13:00:00	1.51306	1.51545	1.51281	1.51453	5487	3887150000	33
2015.11.09	14:00:00	1.51453	1.51524	1.51320	1.51403	6051	4881050000	34
2015.11.09	15:00:00	1.51399	1.51715	1.51336	1.51667	7824	6164440000	33
2015.11.09	16:00:00	1.51666	1.51802	1.51584	1.51603	8514	5811450000	33
2015.11.09	17:00:00	1.51605	1.51697	1.51489	1.51652	8613	5758450000	33
2015.11.09	18:00:00	1.51653	1.51719	1.51290	1.51469	9289	6290589000	33
2015.11.09	19:00:00	1.51472	1.51607	1.51443	1.51510	3484	3029100000	36
2015.11.09	20:00:00	1.51509	1.51687	1.51475	1.51576	2945	2281200000	33
2015.11.09	21:00:00	1.51576	1.51683	1.51562	1.51621	2535	2422050000	39
2015.11.09	22:00:00	1.51625	1.51737	1.51604	1.51625	2018	1674600000	38
2015.11.09	23:00:00	1.51625	1.51700	1.51601	1.51617	1752	1206650000	36
2015.11.10	00:00:00	1.51667	1.52339	1.51306	1.51630	181261	918050000	33
2015.11.10	01:00:00	1.51654	1.51750	1.51637	1.51643	2019	1336548000	33
2015.11.10	02:00:00	1.51646	1.51707	1.51567	1.51646	2026	1560950000	35
2015.11.10	03:00:00	1.51647	1.51795	1.51635	1.51784	2146	1522600000	33
2015.11.10	04:00:00	1.51784	1.51789	1.51673	1.51706	1741	1129800000	35
2015.11.10	05:00:00	1.51706	1.51771	1.51699	1.51751	1289	842150000	39
2015.11.10	06:00:00	1.51750	1.51778	1.51712	1.51750	1355	920200000	41
2015.11.10	07:00:00	1.51751	1.51770	1.51661	1.51698	1884	1681150000	37
2015.11.10	08:00:00	1.51698	1.51868	1.51686	1.51765	2105	1284300000	33
2015.11.10	09:00:00	1.51774	1.51779	1.51414	1.51454	4934	3831200000	33
2015.11.10	10:00:00	1.51458	1.51698	1.51323	1.51494	7332	5210250000	33
2015.11.10	11:00:00	1.51494	1.51722	1.51456	1.51560	6696	5020400000	33
2015.11.10	12:00:00	1.51560	1.51705	1.51458	1.51674	4748	3505700000	33
2015.11.10	13:00:00	1.51676	1.51844	1.51615	1.51708	5620	4377450000	33
2015.11.10	14:00:00	1.51711	1.52194	1.51673	1.52056	7480	5326800000	33
2015.11.10	15:00:00	1.52056	1.52290	1.51926	1.52224	8953	6546800000	33
2015.11.10	16:00:00	1.52224	1.52352	1.52160	1.52225	8969	6254250000	34
2015.11.10	17:00:00	1.52216	1.52302	1.52091	1.52109	7432	4920100000	33
2015.11.10	18:00:00	1.52107	1.52257	1.52057	1.52213	5899	4273700000	33
2015.11.10	19:00:00	1.52213	1.52276	1.52128	1.52128	3603	2679300000	34
2015.11.10	20:00:00	1.52128	1.52197	1.51961	1.52149	4078	3084450000	33
2015.11.10	21:00:00	1.52148	1.52204	1.52078	1.52091	3022	2397450000	34
2015.11.10	22:00:00	1.52088	1.52171	1.52068	1.52135	2431	1957600000	37
2015.11.10	23:00:00	1.52138	1.52164	1.52065	1.52095	1857	1003750000	33
2015.11.11	00:00:00	1.52089	1.52904	1.51930	1.52128	178522	1288700000	40
2015.11.11	01:00:00	1.52134	1.52181	1.52097	1.52131	2244	1966950000	33
2015.11.11	02:00:00	1.52131	1.52195	1.52087	1.52124	1995	1480400000	37
2015.11.11	03:00:00	1.52124	1.52472	1.52072	1.52296	3599	2279400000	33
2015.11.11	04:00:00	1.52294	1.52353	1.52210	1.52276	2708	1829650000	33
2015.11.11	05:00:00	1.52278	1.52308	1.52165	1.52213	2940	2611750000	33
2015.11.11	06:00:00	1.52213	1.52250	1.52151	1.52194	1587	1189150000	37
2015.11.11	07:00:00	1.52194	1.52239	1.52154	1.52204	1602	1432300000	33
2015.11.11	08:00:00	1.52201	1.52280	1.52162	1.52280	2665	1999250000	33
2015.11.11	09:00:00	1.52280	1.52362	1.52160	1.52199	5512	3769050000	33
2015.11.11	10:00:00	1.52199	1.52408	1.52080	1.52234	7018	5261900000	33
2015.11.11	11:00:00	1.52236	1.52419	1.51942	1.52148	6906	5430450000	33
2015.11.11	12:00:00	1.52149	1.52487	1.52114	1.52387	5369	4326750000	33
2015.11.11	13:00:00	1.52386	1.52638	1.52344	1.52566	6109	5074350000	33
2015.11.11	14:00:00	1.52564	1.52916	1.52551	1.52727	4879	3975900000	33
2015.11.11	15:00:00	1.52725	1.52843	1.52555	1.52698	5321	4958600000	33
2015.11.11	16:00:00	1.52697	1.52778	1.52467	1.52502	7323	6419900000	33
2015.11.11	17:00:00	1.52504	1.52750	1.52406	1.52613	8305	7077900000	33
2015.11.11	18:00:00	1.52617	1.52743	1.52526	1.52667	6535	5085350000	33
2015.11.11	19:00:00	1.52668	1.52847	1.52644	1.52768	3130	2669350000	33
2015.11.11	20:00:00	1.52768	1.52821	1.52704	1.52781	2104	1915168000	33
2015.11.11	21:00:00	1.52781	1.52854	1.52764	1.52839	2490	2328550000	33
2015.11.11	22:00:00	1.52839	1.52880	1.52789	1.52831	2093	1356950000	37
2015.11.11	23:00:00	1.52831	1.52850	1.52763	1.52803	1897	1390200000	33
2015.11.12	00:00:00	1.52777	1.53118	1.51996	1.52704	246617	1608850000	33
2015.11.12	01:00:00	1.52766	1.52784	1.52680	1.52735	2127	1644600000	42
2015.11.12	02:00:00	1.52734	1.52878	1.52697	1.52806	2921	2857547000	33
2015.11.12	03:00:00	1.52807	1.52844	1.52733	1.52790	3514	4117675000	33
2015.11.12	04:00:00	1.52790	1.52817	1.52684	1.52755	2661	2075750000	33
2015.11.12	05:00:00	1.52755	1.52755	1.52683	1.52733	1678	1296850000	34
2015.11.12	06:00:00	1.52733	1.52740	1.52657	1.52690	1930	1303700000	43
2015.11.12	07:00:00	1.52692	1.52738	1.52653	1.52686	2234	1379950000	37
2015.11.12	08:00:00	1.52685	1.52736	1.52591	1.52622	1913	1310450000	41
2015.11.12	09:00:00	1.52621	1.52832	1.52562	1.52786	4710	3352650000	35
2015.11.12	10:00:00	1.52788	1.53135	1.52557	1.52853	9238	6952650000	33
2015.11.12	11:00:00	1.52857	1.52908	1.52213	1.52525	8588	5687950000	33
2015.11.12	12:00:00	1.52523	1.52646	1.52438	1.52537	6385	5205950000	33
2015.11.12	13:00:00	1.52537	1.52732	1.52478	1.52582	5342	4627700000	33
2015.11.12	14:00:00	1.52582	1.52713	1.52494	1.52518	5332	4301200000	34
2015.11.12	15:00:00	1.52521	1.52634	1.52405	1.52556	7457	5379000000	33
2015.11.12	16:00:00	1.52560	1.52706	1.52381	1.52493	10591	7153500000	33
2015.11.12	17:00:00	1.52495	1.52655	1.52187	1.52465	10884	9350100000	33
2015.11.12	18:00:00	1.52468	1.52481	1.52227	1.52269	8160	6648150000	33
2015.11.12	19:00:00	1.52268	1.52327	1.52007	1.52272	6755	5837800000	33
2015.11.12	20:00:00	1.52272	1.52496	1.52240	1.52488	4348	3550700000	33
2015.11.12	21:00:00	1.52486	1.52513	1.52334	1.52421	3238	2646750000	33
2015.11.12	22:00:00	1.52412	1.52451	1.52241	1.52353	4077	2902350000	35
2015.11.12	23:00:00	1.52353	1.52400	1.52219	1.52224	2873	2216750000	36
2015.11.13	00:00:00	1.52308	1.53493	1.52196	1.52319	220062	2568550000	39
2015.11.13	01:00:00	1.52363	1.52425	1.52319	1.52423	2133	1484500000	33
2015.11.13	02:00:00	1.52423	1.52436	1.52362	1.52394	1971	1968950000	34
2015.11.13	03:00:00	1.52394	1.52438	1.52364	1.52367	2529	1555300000	33
2015.11.13	04:00:00	1.52367	1.52416	1.52344	1.52347	1661	1260150000	33
2015.11.13	05:00:00	1.52349	1.52437	1.52268	1.52300	1815	1371000000	33
2015.11.13	06:00:00	1.52301	1.52345	1.52236	1.52243	1569	1377450000	37
2015.11.13	07:00:00	1.52243	1.52351	1.52243	1.52313	1481	1362350000	39
2015.11.13	08:00:00	1.52319	1.52529	1.52319	1.52434	2025	1251250000	33
2015.11.13	09:00:00	1.52435	1.52522	1.52378	1.52441	4195	3225500000	33
2015.11.13	10:00:00	1.52441	1.52956	1.52439	1.52818	8135	6252450000	33
2015.11.13	11:00:00	1.52814	1.52840	1.52645	1.52734	5699	4135600000	33
2015.11.13	12:00:00	1.52735	1.52790	1.52371	1.52464	5392	3259100000	33
2015.11.13	13:00:00	1.52474	1.52502	1.52212	1.52412	6190	4895100000	33
2015.11.13	14:00:00	1.52412	1.52577	1.52351	1.52555	4830	4141750000	33
2015.11.13	15:00:00	1.52552	1.52958	1.52451	1.52942	11355	9272100000	33
2015.11.13	16:00:00	1.52940	1.53265	1.52911	1.53049	10242	8708600000	33
2015.11.13	17:00:00	1.53052	1.53239	1.52845	1.53163	11390	9596900000	33
2015.11.13	18:00:00	1.53171	1.53461	1.53081	1.53393	7545	6166400000	33
2015.11.13	19:00:00	1.53393	1.53471	1.53323	1.53418	4239	3362150000	33
2015.11.13	20:00:00	1.53420	1.53502	1.53379	1.53479	3159	2556000000	33
2015.11.13	21:00:00	1.53473	1.53474	1.53355	1.53415	3822	3065050000	33
2015.11.13	22:00:00	1.53406	1.53429	1.53311	1.53372	3196	2717700000	37
2015.11.13	23:00:00	1.53375	1.53415	1.53104	1.53143	2718	1594600000	33
2015.11.16	00:00:00	1.53224	1.53589	1.52653	1.53154	188917	2287450000	0
2015.11.16	01:00:00	1.53151	1.53545	1.53090	1.53374	5015	3178691000	33
2015.11.16	02:00:00	1.53371	1.53391	1.53169	1.53208	3442	2502600000	33
2015.11.16	03:00:00	1.53206	1.53275	1.53120	1.53240	2643	1885500000	37
2015.11.16	04:00:00	1.53245	1.53269	1.53150	1.53257	2098	1309750000	33
2015.11.16	05:00:00	1.53255	1.53285	1.53165	1.53178	1536	1238600000	33
2015.11.16	06:00:00	1.53181	1.53227	1.53172	1.53217	894	494400000	33
2015.11.16	07:00:00	1.53216	1.53241	1.53152	1.53214	1105	869100000	39
2015.11.16	08:00:00	1.53213	1.53225	1.53112	1.53123	2089	1423000000	33
2015.11.16	09:00:00	1.53125	1.53159	1.52660	1.52776	6333	4971400000	33
2015.11.16	10:00:00	1.52773	1.53128	1.52678	1.52983	7693	5916600000	34
2015.11.16	11:00:00	1.52983	1.53137	1.52848	1.52908	5938	4410200000	33
2015.11.16	12:00:00	1.52906	1.53051	1.52877	1.53028	5740	3739100000	35
2015.11.16	13:00:00	1.53030	1.53047	1.52756	1.52798	5282	4438000000	33
2015.11.16	14:00:00	1.52798	1.52950	1.52771	1.52798	4596	3659650000	35
2015.11.16	15:00:00	1.52798	1.53004	1.52785	1.52991	5932	4972850000	33
2015.11.16	16:00:00	1.52985	1.53116	1.52930	1.53094	7521	5921450000	33
2015.11.16	17:00:00	1.53094	1.53181	1.52994	1.53056	8001	5156799000	33
2015.11.16	18:00:00	1.53058	1.53233	1.53019	1.53230	6279	4598500000	33
2015.11.16	19:00:00	1.53231	1.53562	1.53197	1.53532	4711	2833898000	34
2015.11.16	20:00:00	1.53528	1.53593	1.53484	1.53555	3467	2014749000	33
2015.11.16	21:00:00	1.53557	1.53608	1.53474	1.53504	2675	1612100000	33
2015.11.16	22:00:00	1.53504	1.53536	1.53480	1.53515	2124	1217550000	33
2015.11.16	23:00:00	1.53518	1.53560	1.53390	1.53390	1660	1197600000	38
2015.11.17	00:00:00	1.53475	1.54706	1.53339	1.53439	203792	1037300000	33
2015.11.17	01:00:00	1.53442	1.53490	1.53419	1.53438	2119	1710150000	42
2015.11.17	02:00:00	1.53435	1.53470	1.53383	1.53391	1208	1062900000	44
2015.11.17	03:00:00	1.53391	1.53504	1.53385	1.53483	2503	1739150000	33
2015.11.17	04:00:00	1.53484	1.53490	1.53404	1.53414	1727	1094200000	33
2015.11.17	05:00:00	1.53414	1.53444	1.53346	1.53430	1414	1158950000	34
2015.11.17	06:00:00	1.53430	1.53468	1.53394	1.53453	1397	943800000	35
2015.11.17	07:00:00	1.53453	1.53455	1.53366	1.53425	1768	1478450000	0
2015.11.17	08:00:00	1.53420	1.53478	1.53383	1.53477	2142	1439850000	39
2015.11.17	09:00:00	1.53479	1.53633	1.53439	1.53589	5554	3748600000	33
2015.11.17	10:00:00	1.53584	1.53745	1.53401	1.53549	7811	5926300000	33
2015.11.17	11:00:00	1.53552	1.53851	1.53442	1.53798	7513	5058050000	33
2015.11.17	12:00:00	1.53795	1.53931	1.53669	1.53750	6213	4608296000	33
2015.11.17	13:00:00	1.53750	1.54000	1.53717	1.53951	5001	3764850000	33
2015.11.17	14:00:00	1.53947	1.54087	1.53939	1.54070	4704	3526150000	33
2015.11.17	15:00:00	1.54070	1.54265	1.53947	1.54247	7837	6037900000	33
2015.11.17	16:00:00	1.54247	1.54334	1.54109	1.54203	8147	6139600000	33
2015.11.17	17:00:00	1.54197	1.54472	1.54166	1.54386	8731	5617150000	33
2015.11.17	18:00:00	1.54386	1.54724	1.54379	1.54687	6974	4757211000	33
2015.11.17	19:00:00	1.54685	1.54707	1.54453	1.54466	5473	4384550000	33
2015.11.17	20:00:00	1.54466	1.54525	1.54379	1.54416	4552	3386770000	33
2015.11.17	21:00:00	1.54413	1.54421	1.54246	1.54351	4167	3007300000	36
2015.11.17	22:00:00	1.54343	1.54343	1.54241	1.54288	4032	3005200000	35
2015.11.17	23:00:00	1.54289	1.54346	1.54211	1.54308	2361	1479500000	39
2015.11.18	00:00:00	1.54328	1.55468	1.54022	1.54289	195892	681700000	33
2015.11.18	01:00:00	1.54297	1.54376	1.54281	1.54320	2744	2704000000	33
2015.11.18	02:00:00	1.54320	1.54366	1.54270	1.54296	1645	1050800000	33
2015.11.18	03:00:00	1.54296	1.54319	1.54205	1.54225	1840	1364950000	33
2015.11.18	04:00:00	1.54225	1.54528	1.54171	1.54475	2511	1842000000	33
2015.11.18	05:00:00	1.54476	1.54501	1.54443	1.54472	1740	1449700000	42
2015.11.18	06:00:00	1.54476	1.54531	1.54377	1.54391	2150	1698050000	33
2015.11.18	07:00:00	1.54397	1.54444	1.54351	1.54409	2164	1917350000	33
2015.11.18	08:00:00	1.54408	1.54436	1.54246	1.54291	2462	2086350000	40
2015.11.18	09:00:00	1.54299	1.54346	1.54201	1.54296	4621	4212900000	35
2015.11.18	10:00:00	1.54289	1.54346	1.54034	1.54116	7128	5474250000	33
2015.11.18	11:00:00	1.54114	1.54546	1.54114	1.54382	8345	6050150000	33
2015.11.18	12:00:00	1.54385	1.54467	1.54303	1.54377	4780	3731850000	33
2015.11.18	13:00:00	1.54376	1.54556	1.54328	1.54380	4664	2934850000	33
2015.11.18	14:00:00	1.54380	1.54509	1.54336	1.54457	4750	4008650000	33
2015.11.18	15:00:00	1.54457	1.54672	1.54413	1.54670	6509	4986450000	33
2015.11.18	16:00:00	1.54668	1.54897	1.54593	1.54822	7813	5392250000	33
2015.11.18	17:00:00	1.54821	1.55045	1.54821	1.55027	7478	5211350000	33
2015.11.18	18:00:00	1.55030	1.55217	1.54948	1.55086	7431	5248250000	33
2015.11.18	19:00:00	1.55086	1.55162	1.55013	1.55023	4361	3360950000	33
2015.11.18	20:00:00	1.55023	1.55153	1.54979	1.55104	3557	2679150000	34
2015.11.18	21:00:00	1.55099	1.55469	1.55016	1.55294	9376	6139045000	33
2015.11.18	22:00:00	1.55294	1.55364	1.55183	1.55325	3755	2982000000	34
2015.11.18	23:00:00	1.55324	1.55334	1.55231	1.55327	2748	2113850000	33
2015.11.19	00:00:00	1.55350	1.55691	1.54782	1.55256	222234	1049323000	33
2015.11.19	01:00:00	1.55255	1.55293	1.55181	1.55248	1845	1610200000	33
2015.11.19	02:00:00	1.55248	1.55296	1.55167	1.55171	3029	2892200000	35
2015.11.19	03:00:00	1.55171	1.55407	1.55146	1.55364	5224	4265500000	34
2015.11.19	04:00:00	1.55362	1.55394	1.55239	1.55272	3150	2174450000	38
2015.11.19	05:00:00	1.55277	1.55335	1.55214	1.55244	2893	1957850000	33
2015.11.19	06:00:00	1.55244	1.55293	1.55178	1.55197	1887	1731750000	33
2015.11.19	07:00:00	1.55199	1.55223	1.55150	1.55183	2018	1477900000	38
2015.11.19	08:00:00	1.55186	1.55261	1.55112	1.55186	2288	1489000000	33
2015.11.19	09:00:00	1.55187	1.55424	1.55171	1.55374	5582	4522600000	34
2015.11.19	10:00:00	1.55374	1.55680	1.55360	1.55362	7952	5270700000	33
2015.11.19	11:00:00	1.55366	1.55451	1.55027	1.55337	7718	5219850000	33
2015.11.19	12:00:00	1.55334	1.55520	1.55266	1.55465	5968	4218650000	33
2015.11.19	13:00:00	1.55465	1.55466	1.55160	1.55167	6540	4816500000	33
2015.11.19	14:00:00	1.55166	1.55456	1.55090	1.55417	6542	4599400000	33
2015.11.19	15:00:00	1.55418	1.55704	1.55418	1.55589	7679	5119600000	33
2015.11.19	16:00:00	1.55592	1.55626	1.55126	1.55389	10189	7718550000	33
2015.11.19	17:00:00	1.55390	1.55440	1.55085	1.55107	9249	5955500000	33
2015.11.19	18:00:00	1.55107	1.55394	1.55025	1.55389	9148	7064700000	33
2015.11.19	19:00:00	1.55390	1.55405	1.55180	1.55261	4641	3260150000	33
2015.11.19	20:00:00	1.55264	1.55296	1.55102	1.55129	3022	2117400000	33
2015.11.19	21:00:00	1.55132	1.55170	1.54824	1.54870	3071	1977600000	33
2015.11.19	22:00:00	1.54874	1.54955	1.54794	1.54834	2621	2055600000	37
2015.11.19	23:00:00	1.54838	1.54940	1.54805	1.54843	1794	1175150000	37
2015.11.20	00:00:00	1.54824	1.55259	1.54538	1.54903	192070	1543150000	36
2015.11.20	01:00:00	1.54892	1.54915	1.54847	1.54913	2548	2520500000	38
2015.11.20	02:00:00	1.54913	1.55031	1.54881	1.54982	1873	1477700000	42
2015.11.20	03:00:00	1.54982	1.55086	1.54975	1.54976	1885	1426450000	34
2015.11.20	04:00:00	1.54979	1.55031	1.54902	1.54975	2320	1514950000	33
2015.11.20	05:00:00	1.54975	1.55071	1.54956	1.54968	1721	1344000000	35
2015.11.20	06:00:00	1.54965	1.54976	1.54876	1.54892	1857	1234150000	40
2015.11.20	07:00:00	1.54888	1.54930	1.54808	1.54819	1819	1625900000	33
2015.11.20	08:00:00	1.54819	1.54835	1.54707	1.54782	1971	1285100000	34
2015.11.20	09:00:00	1.54782	1.55117	1.54760	1.55102	4774	3829400000	33
2015.11.20	10:00:00	1.55102	1.55272	1.54856	1.54856	9306	6041350000	33
2015.11.20	11:00:00	1.54850	1.55146	1.54850	1.55118	6565	4201400000	33
2015.11.20	12:00:00	1.55118	1.55212	1.55003	1.55075	5682	3674350000	33
2015.11.20	13:00:00	1.55075	1.55190	1.54976	1.55186	4464	3501000000	33
2015.11.20	14:00:00	1.55185	1.55203	1.54688	1.54794	5949	4313350000	33
2015.11.20	15:00:00	1.54794	1.54815	1.54592	1.54601	8352	6516900000	33
2015.11.20	16:00:00	1.54596	1.54826	1.54550	1.54814	8814	6871900000	34
2015.11.20	17:00:00	1.54816	1.54898	1.54647	1.54757	8877	5313550000	33
2015.11.20	18:00:00	1.54754	1.54846	1.54679	1.54757	7826	5728450000	33
2015.11.20	19:00:00	1.54757	1.54857	1.54698	1.54825	4894	3439250000	35
2015.11.20	20:00:00	1.54828	1.54942	1.54809	1.54832	4205	3035550000	35
2015.11.20	21:00:00	1.54831	1.54885	1.54705	1.54723	3399	2513400000	33
2015.11.20	22:00:00	1.54721	1.54795	1.54696	1.54737	2403	1350198000	33
2015.11.20	23:00:00	1.54738	1.54795	1.54605	1.54669	1612	874000000	45
2015.11.23	00:00:00	1.54833	1.54913	1.53893	1.54698	208646	915150000	33
2015.11.23	01:00:00	1.54694	1.54923	1.54689	1.54864	2707	2729600000	44
2015.11.23	02:00:00	1.54864	1.54886	1.54769	1.54791	1804	1463250000	33
2015.11.23	03:00:00	1.54791	1.54831	1.54714	1.54811	3416	2272300000	33
2015.11.23	04:00:00	1.54811	1.54879	1.54717	1.54872	5070	3432200000	33
2015.11.23	05:00:00	1.54871	1.54874	1.54748	1.54767	1941	1275900000	33
2015.11.23	06:00:00	1.54766	1.54837	1.54753	1.54816	1428	1266400000	39
2015.11.23	07:00:00	1.54812	1.54854	1.54753	1.54801	1608	1360650000	37
2015.11.23	08:00:00	1.54803	1.54876	1.54776	1.54859	2487	1459550000	37
2015.11.23	09:00:00	1.54859	1.54873	1.54282	1.54341	6582	5319500000	33
2015.11.23	10:00:00	1.54349	1.54491	1.54248	1.54346	7191	5290848000	34
2015.11.23	11:00:00	1.54347	1.54463	1.54243	1.54398	6404	5759550000	33
2015.11.23	12:00:00	1.54400	1.54644	1.54381	1.54640	6322	4413850000	33
2015.11.23	13:00:00	1.54641	1.54700	1.54369	1.54496	6484	4572950000	33
2015.11.23	14:00:00	1.54494	1.54626	1.54371	1.54443	7100	4664350000	33
2015.11.23	15:00:00	1.54443	1.54637	1.54299	1.54532	7368	5664250000	33
2015.11.23	16:00:00	1.54536	1.54610	1.54464	1.54476	8696	6046250000	33
2015.11.23	17:00:00	1.54476	1.54709	1.54309	1.54336	9283	6780500000	33
2015.11.23	18:00:00	1.54336	1.54455	1.54260	1.54342	7658	5219500000	33
2015.11.23	19:00:00	1.54342	1.54342	1.54134	1.54204	5002	4599459000	33
2015.11.23	20:00:00	1.54203	1.54263	1.54126	1.54161	4324	2932145000	34
2015.11.23	21:00:00	1.54161	1.54258	1.54051	1.54074	3896	3025300000	33
2015.11.23	22:00:00	1.54077	1.54104	1.53927	1.53942	2484	1781250000	33
2015.11.23	23:00:00	1.53942	1.54010	1.53904	1.53929	1648	1255150000	37
2015.11.24	00:00:00	1.53956	1.54352	1.52869	1.53976	206311	2452893000	41
2015.11.24	01:00:00	1.53992	1.54040	1.53985	1.54033	2831	1635250000	39
2015.11.24	02:00:00	1.54031	1.54040	1.53913	1.53932	2016	1347200000	38
2015.11.24	03:00:00	1.53933	1.54028	1.53918	1.53946	2499	1790550000	33
2015.11.24	04:00:00	1.53947	1.54083	1.53911	1.54049	1470	1218050000	38
2015.11.24	05:00:00	1.54048	1.54090	1.54031	1.54050	1299	893400000	35
2015.11.24	06:00:00	1.54047	1.54105	1.54030	1.54047	1654	1020300000	33
2015.11.24	07:00:00	1.54050	1.54151	1.54028	1.54119	2041	1552800000	36
2015.11.24	08:00:00	1.54120	1.54271	1.54076	1.54268	1823	1435750000	38
2015.11.24	09:00:00	1.54268	1.54361	1.54220	1.54323	4229	3770650000	33
2015.11.24	10:00:00	1.54314	1.54314	1.53852	1.53877	7800	5393250000	33
2015.11.24	11:00:00	1.53873	1.54079	1.53786	1.54073	7706	6096650000	33
2015.11.24	12:00:00	1.54073	1.54102	1.53784	1.53808	8199	5807400000	33
2015.11.24	13:00:00	1.53810	1.53854	1.53685	1.53782	5794	3821550000	33
2015.11.24	14:00:00	1.53782	1.53832	1.53303	1.53355	6694	4876098000	33
2015.11.24	15:00:00	1.53357	1.53366	1.53166	1.53248	9535	6817100000	33
2015.11.24	16:00:00	1.53248	1.53404	1.53096	1.53343	10170	6061600000	33
2015.11.24	17:00:00	1.53346	1.53385	1.53153	1.53234	9709	6726950000	33
2015.11.24	18:00:00	1.53231	1.53290	1.52886	1.52972	8047	5233600000	33
2015.11.24	19:00:00	1.52974	1.53094	1.52880	1.53090	4816	3693900000	33
2015.11.24	20:00:00	1.53086	1.53265	1.52999	1.53221	4252	3053300000	35
2015.11.24	21:00:00	1.53221	1.53294	1.53074	1.53133	4002	2587500000	33
2015.11.24	22:00:00	1.53128	1.53231	1.53103	1.53167	2351	1583250000	33
2015.11.24	23:00:00	1.53167	1.53373	1.53142	1.53285	2934	2002915000	36
2015.11.25	00:00:00	1.53305	1.54748	1.53050	1.53332	233891	1141175000	33
2015.11.25	01:00:00	1.53339	1.53417	1.53310	1.53348	2001	1420850000	41
2015.11.25	02:00:00	1.53349	1.53368	1.53208	1.53257	2314	1626400000	33
2015.11.25	03:00:00	1.53259	1.53375	1.53253	1.53326	2464	2087900000	33
2015.11.25	04:00:00	1.53326	1.53465	1.53293	1.53428	2605	2111100000	33
2015.11.25	05:00:00	1.53428	1.53476	1.53374	1.53402	1863	1769750000	33
2015.11.25	06:00:00	1.53402	1.53531	1.53373	1.53515	1776	1245700000	33
2015.11.25	07:00:00	1.53511	1.53537	1.53415	1.53533	2314	1850250000	33
2015.11.25	08:00:00	1.53533	1.53534	1.53385	1.53433	1724	1255450000	37
2015.11.25	09:00:00	1.53433	1.53438	1.53059	1.53069	5559	4511550000	33
2015.11.25	10:00:00	1.53070	1.53325	1.53070	1.53253	6894	4927200000	33
2015.11.25	11:00:00	1.53250	1.53920	1.53230	1.53763	10665	7543530000	33
2015.11.25	12:00:00	1.53760	1.54023	1.53736	1.53889	9404	6586100000	33
2015.11.25	13:00:00	1.53891	1.54091	1.53762	1.53839	7608	5191300000	33
2015.11.25	14:00:00	1.53837	1.54152	1.53806	1.54044	6687	5384750000	33
2015.11.25	15:00:00	1.54044	1.54483	1.54027	1.54479	8897	6137400000	33
2015.11.25	16:00:00	1.54479	1.54643	1.54366	1.54508	9618	7200150000	33
2015.11.25	17:00:00	1.54511	1.54749	1.54232	1.54279	9568	6732950000	33
2015.11.25	18:00:00	1.54282	1.54492	1.54211	1.54406	7504	5205300000	33
2015.11.25	19:00:00	1.54400	1.54413	1.54181	1.54308	5409	3814400000	33
2015.11.25	20:00:00	1.54307	1.54471	1.54231	1.54471	3077	2295050000	33
2015.11.25	21:00:00	1.54472	1.54582	1.54440	1.54557	2720	2047950000	33
2015.11.25	22:00:00	1.54558	1.54617	1.54508	1.54532	2428	1964450000	36
2015.11.25	23:00:00	1.54537	1.54609	1.54502	1.54560	2280	1775700000	33
2015.11.26	00:00:00	1.54533	1.55011	1.53996	1.54451	164773	4031050000	44
2015.11.26	01:00:00	1.54459	1.54552	1.54452	1.54511	1583	1442500000	33
2015.11.26	02:00:00	1.54511	1.54563	1.54434	1.54537	2649	2221650000	33
2015.11.26	03:00:00	1.54537	1.54594	1.54490	1.54547	2082	1745500000	34
2015.11.26	04:00:00	1.54547	1.54641	1.54544	1.54616	1013	776700000	33
2015.11.26	05:00:00	1.54617	1.54652	1.54598	1.54621	1647	1371050000	33
2015.11.26	06:00:00	1.54619	1.54645	1.54576	1.54612	953	670700000	44
2015.11.26	07:00:00	1.54613	1.54647	1.54546	1.54546	1608	1166200000	40
2015.11.26	08:00:00	1.54546	1.54634	1.54524	1.54596	1663	1117050000	36
2015.11.26	09:00:00	1.54597	1.54691	1.54470	1.54480	4042	3538550000	33
2015.11.26	10:00:00	1.54480	1.54599	1.54264	1.54316	6144	4109700000	33
2015.11.26	11:00:00	1.54313	1.54374	1.54132	1.54188	6347	4635200000	33
2015.11.26	12:00:00	1.54184	1.54437	1.54006	1.54410	5787	4710400000	33
2015.11.26	13:00:00	1.54408	1.54477	1.54264	1.54306	4140	3634600000	33
2015.11.26	14:00:00	1.54305	1.54651	1.54273	1.54651	4308	3604950000	33
2015.11.26	15:00:00	1.54650	1.54806	1.54560	1.54746	4505	4174145000	33
2015.11.26	16:00:00	1.54746	1.54863	1.54617	1.54686	4650	3868900000	33
2015.11.26	17:00:00	1.54681	1.54888	1.54655	1.54887	4509	3872970000	35
2015.11.26	18:00:00	1.54887	1.55020	1.54793	1.54850	4493	3476000000	33
2015.11.26	19:00:00	1.54850	1.54858	1.54571	1.54590	2376	1973750000	33
2015.11.26	20:00:00	1.54589	1.54723	1.54492	1.54503	5924	3288400000	33
2015.11.26	21:00:00	1.54503	1.54561	1.54490	1.54532	2986	1622700000	35
2015.11.26	22:00:00	1.54527	1.54609	1.54509	1.54555	5539	3032200000	41
2015.11.26	23:00:00	1.54550	1.54579	1.54541	1.54550	4852	3641700000	52
2015.11.27	00:00:00	1.54801	1.55282	1.54167	1.54516	186925	571100000	64
2015.11.27	01:00:00	1.54531	1.54583	1.54493	1.54559	3681	3489900000	40
2015.11.27	02:00:00	1.54559	1.54620	1.54500	1.54572	1546	1425500000	40
2015.11.27	03:00:00	1.54572	1.54681	1.54513	1.54530	1715	1654050000	39
2015.11.27	04:00:00	1.54529	1.54548	1.54454	1.54461	1902	1685100000	33
2015.11.27	05:00:00	1.54461	1.54512	1.54456	1.54512	1463	1085950000	33
2015.11.27	06:00:00	1.54512	1.54543	1.54473	1.54504	1419	980700000	33
2015.11.27	07:00:00	1.54506	1.54526	1.54435	1.54484	1692	1016200000	33
2015.11.27	08:00:00	1.54483	1.54485	1.54294	1.54349	3387	2249050000	33
2015.11.27	09:00:00	1.54349	1.54463	1.54182	1.54396	5049	4830250000	35
2015.11.27	10:00:00	1.54391	1.54557	1.54236	1.54250	7418	5745220000	33
2015.11.27	11:00:00	1.54251	1.54901	1.54184	1.54796	9733	7217550000	33
2015.11.27	12:00:00	1.54792	1.55299	1.54790	1.55033	9481	8112700000	33
2015.11.27	13:00:00	1.55034	1.55089	1.54582	1.54908	6724	5380900000	33
2015.11.27	14:00:00	1.54911	1.55115	1.54863	1.55064	6190	4597650000	33
2015.11.27	15:00:00	1.55062	1.55097	1.54833	1.55068	6340	5222550000	35
2015.11.27	16:00:00	1.55068	1.55186	1.54967	1.55129	7359	6779400000	33
2015.11.27	17:00:00	1.55127	1.55181	1.54901	1.54982	5984	4259950000	33
2015.11.27	18:00:00	1.54986	1.55133	1.54973	1.54973	4776	3654650000	33
2015.11.27	19:00:00	1.54973	1.55037	1.54744	1.54881	4161	3300900000	33
2015.11.27	20:00:00	1.54881	1.54920	1.54710	1.54764	3692	3330650000	33
2015.11.27	21:00:00	1.54764	1.54881	1.54764	1.54875	2121	1749800000	33
2015.11.27	22:00:00	1.54879	1.54884	1.54774	1.54797	3055	3019300000	33
2015.11.27	23:00:00	1.54793	1.54869	1.54661	1.54682	3187	1949400000	33
2015.11.30	00:00:00	1.54846	1.55053	1.54380	1.54835	173944	528300000	64
2015.11.30	01:00:00	1.54860	1.54949	1.54827	1.54907	2328	1399500000	36
2015.11.30	02:00:00	1.54907	1.54954	1.54832	1.54920	2526	1861050000	36
2015.11.30	03:00:00	1.54920	1.54960	1.54820	1.54857	2660	2341150000	35
2015.11.30	04:00:00	1.54857	1.54924	1.54803	1.54905	1659	1371250000	35
2015.11.30	05:00:00	1.54905	1.54910	1.54797	1.54881	1430	1148000000	35
2015.11.30	06:00:00	1.54876	1.54943	1.54860	1.54917	1397	1144750000	33
2015.11.30	07:00:00	1.54917	1.54939	1.54892	1.54897	1097	1054900000	22
2015.11.30	08:00:00	1.54898	1.55052	1.54887	1.55044	1877	1508700000	33
2015.11.30	09:00:00	1.55047	1.55061	1.54855	1.54858	4527	3526850000	35
2015.11.30	10:00:00	1.54858	1.54970	1.54771	1.54810	5634	4223050000	33
2015.11.30	11:00:00	1.54814	1.54889	1.54655	1.54690	7385	5092750000	33
2015.11.30	12:00:00	1.54689	1.54766	1.54546	1.54714	5567	4366300000	33
2015.11.30	13:00:00	1.54712	1.54831	1.54649	1.54650	5889	4947950000	33
2015.11.30	14:00:00	1.54652	1.54735	1.54559	1.54706	5385	4601050000	33
2015.11.30	15:00:00	1.54705	1.54936	1.54656	1.54865	6483	5586750000	33
2015.11.30	16:00:00	1.54864	1.54992	1.54686	1.54865	8095	5522850000	33
2015.11.30	17:00:00	1.54864	1.54903	1.54653	1.54705	8401	5125000000	33
2015.11.30	18:00:00	1.54705	1.54765	1.54514	1.54666	7930	5541250000	33
2015.11.30	19:00:00	1.54666	1.54747	1.54394	1.54453	4043	2885750000	33
2015.11.30	20:00:00	1.54453	1.54551	1.54432	1.54511	2705	1797900000	34
2015.11.30	21:00:00	1.54514	1.54871	1.54492	1.54751	3673	2937900000	33
2015.11.30	22:00:00	1.54751	1.54942	1.54717	1.54932	3052	2294550000	35
2015.11.30	23:00:00	1.54928	1.55011	1.54866	1.54882	2066	1796829000	35
2015.12.01	00:00:00	1.54882	1.55421	1.54618	1.54892	195769	1290250000	0
2015.12.01	01:00:00	1.54890	1.54930	1.54856	1.54926	3096	2302500000	37
2015.12.01	02:00:00	1.54920	1.55019	1.54870	1.54979	2024	1457050000	33
2015.12.01	03:00:00	1.54980	1.55119	1.54903	1.55045	2883	2025390000	33
2015.12.01	04:00:00	1.55047	1.55106	1.54928	1.55041	4163	3304950000	33
2015.12.01	05:00:00	1.55036	1.55054	1.54920	1.54937	2625	1814150000	33
2015.12.01	06:00:00	1.54937	1.54976	1.54866	1.54927	2248	1503200000	33
2015.12.01	07:00:00	1.54926	1.54958	1.54836	1.54903	2541	1627550000	36
2015.12.01	08:00:00	1.54903	1.54977	1.54799	1.54915	3381	2367350000	34
2015.12.01	09:00:00	1.54917	1.55161	1.54849	1.55045	4930	3950200000	33
2015.12.01	10:00:00	1.55045	1.55434	1.55022	1.55389	8186	6051895000	33
2015.12.01	11:00:00	1.55393	1.55398	1.55006	1.55149	6890	5876650000	34
2015.12.01	12:00:00	1.55149	1.55265	1.55044	1.55153	5094	3670400000	33
2015.12.01	13:00:00	1.55153	1.55191	1.55036	1.55138	4476	3776300000	34
2015.12.01	14:00:00	1.55137	1.55155	1.55008	1.55061	3992	3817700000	35
2015.12.01	15:00:00	1.55061	1.55129	1.54897	1.54972	5993	4963400000	33
2015.12.01	16:00:00	1.54972	1.55028	1.54805	1.54964	8117	7467500000	33
2015.12.01	17:00:00	1.54946	1.54959	1.54713	1.54891	10188	8790550000	33
2015.12.01	18:00:00	1.54895	1.55217	1.54875	1.55188	7411	6426850000	33
2015.12.01	19:00:00	1.55187	1.55214	1.55105	1.55183	4375	3305050000	33
2015.12.01	20:00:00	1.55183	1.55193	1.54987	1.55029	3263	2228850000	33
2015.12.01	21:00:00	1.55028	1.55081	1.54943	1.54967	2820	1814600000	33
2015.12.01	22:00:00	1.54970	1.54988	1.54833	1.54841	2578	1295450000	33
2015.12.01	23:00:00	1.54843	1.54864	1.54635	1.54695	2420	1412700000	34
2015.12.02	00:00:00	1.54691	1.54883	1.52106	1.54675	217010	795450000	33
2015.12.02	01:00:00	1.54703	1.54798	1.54697	1.54705	1716	1185400000	44
2015.12.02	02:00:00	1.54718	1.54765	1.54681	1.54711	2405	1958350000	33
2015.12.02	03:00:00	1.54711	1.54773	1.54694	1.54731	2360	1655250000	34
2015.12.02	04:00:00	1.54731	1.54731	1.54649	1.54696	1780	1381550000	37
2015.12.02	05:00:00	1.54696	1.54713	1.54618	1.54667	1598	1077600000	33
2015.12.02	06:00:00	1.54667	1.54689	1.54639	1.54666	1789	1231000000	33
2015.12.02	07:00:00	1.54666	1.54705	1.54659	1.54678	1350	702900000	33
2015.12.02	08:00:00	1.54676	1.54736	1.54659	1.54731	2118	1042950000	35
2015.12.02	09:00:00	1.54731	1.54736	1.54574	1.54580	4314	2814100000	33
2015.12.02	10:00:00	1.54581	1.54664	1.54331	1.54530	7679	5152600000	33
2015.12.02	11:00:00	1.54530	1.54627	1.54127	1.54315	6537	5094950000	33
2015.12.02	12:00:00	1.54321	1.54835	1.54321	1.54433	7246	4978050000	33
2015.12.02	13:00:00	1.54433	1.54461	1.54252	1.54273	4240	2941200000	34
2015.12.02	14:00:00	1.54274	1.54344	1.54166	1.54245	5230	4131200000	33
2015.12.02	15:00:00	1.54245	1.54264	1.54012	1.54027	8353	7560000000	33
2015.12.02	16:00:00	1.54027	1.54139	1.53810	1.53961	8532	7046850000	33
2015.12.02	17:00:00	1.53960	1.54165	1.53774	1.53786	9623	6505000000	33
2015.12.02	18:00:00	1.53786	1.53786	1.53170	1.53341	6780	4754300000	33
2015.12.02	19:00:00	1.53341	1.53351	1.52608	1.52832	8903	5633700000	33
2015.12.02	20:00:00	1.52834	1.52903	1.52472	1.52560	6546	4320850000	33
2015.12.02	21:00:00	1.52559	1.52561	1.52122	1.52197	4688	2740850000	34
2015.12.02	22:00:00	1.52195	1.52381	1.52192	1.52310	3095	2090700000	34
2015.12.02	23:00:00	1.52299	1.52356	1.52195	1.52222	1858	919300000	35
2015.12.03	00:00:00	1.52450	1.53305	1.49620	1.52180	316309	1595150000	0
2015.12.03	01:00:00	1.52192	1.52427	1.52174	1.52238	1977	1282900000	33
2015.12.03	02:00:00	1.52238	1.52269	1.52182	1.52224	1965	1314550000	33
2015.12.03	03:00:00	1.52225	1.52277	1.52072	1.52137	2106	1360800000	33
2015.12.03	04:00:00	1.52140	1.52259	1.52109	1.52245	2171	1352350000	40
2015.12.03	05:00:00	1.52247	1.52302	1.52232	1.52286	1982	1243950000	36
2015.12.03	06:00:00	1.52286	1.52410	1.52285	1.52343	2014	1365850000	38
2015.12.03	07:00:00	1.52343	1.52356	1.52262	1.52262	2421	1500950000	33
2015.12.03	08:00:00	1.52261	1.52453	1.52219	1.52439	2590	1599800000	37
2015.12.03	09:00:00	1.52441	1.52716	1.52431	1.52568	5405	4594650000	34
2015.12.03	10:00:00	1.52571	1.53037	1.52541	1.52695	7639	6403150000	33
2015.12.03	11:00:00	1.52695	1.52962	1.52575	1.52849	7896	6243100000	33
2015.12.03	12:00:00	1.52849	1.53030	1.52816	1.52864	6250	4490350000	33
2015.12.03	13:00:00	1.52865	1.53018	1.52722	1.53016	6434	4618150000	33
2015.12.03	14:00:00	1.53013	1.53153	1.51949	1.52304	11627	8808500000	33
2015.12.03	15:00:00	1.52296	1.52296	1.51072	1.51464	17289	11600850000	33
2015.12.03	16:00:00	1.51459	1.51998	1.51344	1.51445	14342	10296529000	33
2015.12.03	17:00:00	1.51443	1.51567	1.50629	1.50821	12481	8428000000	33
2015.12.03	18:00:00	1.50819	1.51367	1.50751	1.50829	12212	8926850000	33
2015.12.03	19:00:00	1.50827	1.50886	1.50458	1.50689	8608	6670200000	33
2015.12.03	20:00:00	1.50687	1.50708	1.50507	1.50537	6128	4491900000	33
2015.12.03	21:00:00	1.50537	1.50550	1.49640	1.49690	7610	4900020000	33
2015.12.03	22:00:00	1.49692	1.50538	1.49635	1.50210	7895	5433580000	33
2015.12.03	23:00:00	1.50206	1.50486	1.50127	1.50392	3576	2354800000	33
2015.12.04	00:00:00	1.50419	1.51425	1.49991	1.50403	341183	1043650000	37
2015.12.04	01:00:00	1.50395	1.50424	1.50255	1.50373	4142	3373750000	38
2015.12.04	02:00:00	1.50369	1.50423	1.50122	1.50356	4549	3347200000	33
2015.12.04	03:00:00	1.50354	1.50376	1.50182	1.50251	3784	2585350000	33
2015.12.04	04:00:00	1.50250	1.50302	1.50132	1.50190	2930	2574650000	33
2015.12.04	05:00:00	1.50190	1.50222	1.50054	1.50140	2795	2400300000	33
2015.12.04	06:00:00	1.50144	1.50162	1.50019	1.50038	1996	1151600000	33
2015.12.04	07:00:00	1.50040	1.50081	1.50006	1.50031	2308	2044700000	35
2015.12.04	08:00:00	1.50031	1.50230	1.50002	1.50175	3779	2490000000	33
2015.12.04	09:00:00	1.50173	1.50465	1.50046	1.50435	9169	6873650000	33
2015.12.04	10:00:00	1.50428	1.51108	1.50335	1.50987	10019	7984400000	33
2015.12.04	11:00:00	1.50986	1.51310	1.50888	1.51121	8340	5891000000	33
2015.12.04	12:00:00	1.51122	1.51445	1.51113	1.51227	6626	4507650000	33
2015.12.04	13:00:00	1.51227	1.51230	1.50925	1.51007	6740	5613550000	34
2015.12.04	14:00:00	1.51007	1.51307	1.50891	1.51234	6427	4627300000	33
2015.12.04	15:00:00	1.51234	1.51392	1.50539	1.50784	13798	12028700000	33
2015.12.04	16:00:00	1.50784	1.50956	1.50703	1.50816	12959	10301550000	33
2015.12.04	17:00:00	1.50819	1.51060	1.50778	1.50980	10114	7257850000	33
2015.12.04	18:00:00	1.50978	1.50981	1.50770	1.50777	9123	6481100000	33
2015.12.04	19:00:00	1.50780	1.51340	1.50737	1.51064	9658	7656000000	35
2015.12.04	20:00:00	1.51063	1.51250	1.50834	1.50836	4985	3964050000	37
2015.12.04	21:00:00	1.50837	1.50883	1.50456	1.50490	3824	3162450000	33
2015.12.04	22:00:00	1.50489	1.50673	1.50470	1.50577	3290	3125900000	33
2015.12.04	23:00:00	1.50575	1.50618	1.50389	1.50568	2010	1102300000	33
2015.12.07	00:00:00	1.50645	1.51217	1.50436	1.50692	192945	510998000	33
2015.12.07	01:00:00	1.50698	1.50698	1.50540	1.50608	2869	2534500000	33
2015.12.07	02:00:00	1.50608	1.50709	1.50523	1.50607	2026	1677200000	34
2015.12.07	03:00:00	1.50608	1.50709	1.50548	1.50619	1953	1302700000	33
2015.12.07	04:00:00	1.50629	1.50780	1.50617	1.50713	1844	935200000	40
2015.12.07	05:00:00	1.50713	1.50751	1.50692	1.50744	2007	918400000	33
2015.12.07	06:00:00	1.50743	1.50785	1.50717	1.50739	1695	586600000	34
2015.12.07	07:00:00	1.50738	1.50785	1.50709	1.50765	1610	1144800000	33
2015.12.07	08:00:00	1.50763	1.50837	1.50718	1.50768	1838	1325300000	33
2015.12.07	09:00:00	1.50773	1.50988	1.50720	1.50892	4659	3248700000	33
2015.12.07	10:00:00	1.50892	1.51011	1.50582	1.51007	7588	4995000000	33
2015.12.07	11:00:00	1.51005	1.51050	1.50806	1.50922	6275	4909950000	33
2015.12.07	12:00:00	1.50919	1.51121	1.50876	1.51011	5143	3975700000	34
2015.12.07	13:00:00	1.51007	1.51086	1.50818	1.50839	4095	2976200000	33
2015.12.07	14:00:00	1.50839	1.51030	1.50787	1.50901	4964	3619400000	33
2015.12.07	15:00:00	1.50900	1.51068	1.50797	1.51041	6233	4528350000	33
2015.12.07	16:00:00	1.51039	1.51187	1.50963	1.51024	7245	5040325000	33
2015.12.07	17:00:00	1.51025	1.51228	1.50771	1.50787	9708	6092049000	33
2015.12.07	18:00:00	1.50785	1.51141	1.50659	1.51111	7357	4980700000	33
2015.12.07	19:00:00	1.51111	1.51127	1.50757	1.50798	4936	3486150000	33
2015.12.07	20:00:00	1.50798	1.50843	1.50585	1.50669	4594	2614450000	33
2015.12.07	21:00:00	1.50671	1.50770	1.50522	1.50547	4283	2640750000	33
2015.12.07	22:00:00	1.50550	1.50620	1.50515	1.50522	2695	1908900000	36
2015.12.07	23:00:00	1.50521	1.50607	1.50447	1.50495	1563	889800000	38
2015.12.08	00:00:00	1.50514	1.50619	1.48589	1.50511	214702	1058700000	0
2015.12.08	01:00:00	1.50512	1.50584	1.50490	1.50541	1990	1383950000	37
2015.12.08	02:00:00	1.50547	1.50610	1.50509	1.50564	1670	1305200000	33
2015.12.08	03:00:00	1.50564	1.50576	1.50456	1.50490	2023	1781200000	39
2015.12.08	04:00:00	1.50489	1.50492	1.50338	1.50375	2255	1656950000	36
2015.12.08	05:00:00	1.50377	1.50396	1.50287	1.50347	1840	1420250000	33
2015.12.08	06:00:00	1.50347	1.50442	1.50336	1.50435	2114	1909300000	41
2015.12.08	07:00:00	1.50436	1.50451	1.50254	1.50254	1583	1010800000	33
2015.12.08	08:00:00	1.50258	1.50388	1.50242	1.50357	1822	1094850000	39
2015.12.08	09:00:00	1.50357	1.50447	1.50203	1.50277	4415	3221800000	33
2015.12.08	10:00:00	1.50262	1.50262	1.49850	1.49953	8397	7171950000	33
2015.12.08	11:00:00	1.49951	1.50013	1.49613	1.49745	7811	5787550000	33
2015.12.08	12:00:00	1.49747	1.49801	1.49545	1.49753	6286	4662400000	33
2015.12.08	13:00:00	1.49753	1.49807	1.49548	1.49549	5126	3551400000	34
2015.12.08	14:00:00	1.49551	1.49584	1.48962	1.49132	7445	5466195000	33
2015.12.08	15:00:00	1.49129	1.49132	1.48633	1.48654	8823	6195350000	33
2015.12.08	16:00:00	1.48654	1.49088	1.48601	1.48868	8765	5452950000	33
2015.12.08	17:00:00	1.48868	1.49057	1.48749	1.48917	9558	5831800000	33
2015.12.08	18:00:00	1.48919	1.49223	1.48900	1.49075	6552	3997800000	33
2015.12.08	19:00:00	1.49076	1.49180	1.48838	1.48888	4993	3953548000	34
2015.12.08	20:00:00	1.48888	1.49046	1.48815	1.48922	4820	2890800000	33
2015.12.08	21:00:00	1.48925	1.48941	1.48808	1.48845	3991	2112500000	33
2015.12.08	22:00:00	1.48845	1.48882	1.48780	1.48844	2916	1656800000	33
2015.12.08	23:00:00	1.48845	1.48968	1.48813	1.48918	2120	1452700000	38
2015.12.09	00:00:00	1.48902	1.50063	1.48854	1.48940	238192	1142548000	33
2015.12.09	01:00:00	1.48949	1.49014	1.48892	1.48998	3011	2737650000	34
2015.12.09	02:00:00	1.49001	1.49165	1.49001	1.49160	1917	973800000	35
2015.12.09	03:00:00	1.49158	1.49261	1.49066	1.49070	1847	1278500000	37
2015.12.09	04:00:00	1.49071	1.49105	1.48946	1.48966	2110	1373700000	33
2015.12.09	05:00:00	1.48967	1.49033	1.48924	1.48972	1780	1646300000	33
2015.12.09	06:00:00	1.48972	1.49048	1.48931	1.48948	1276	1077100000	41
2015.12.09	07:00:00	1.48948	1.49012	1.48885	1.48986	1766	1656300000	38
2015.12.09	08:00:00	1.48984	1.49106	1.48927	1.49050	1974	1694000000	33
2015.12.09	09:00:00	1.49050	1.49396	1.48978	1.49199	4346	3721450000	35
2015.12.09	10:00:00	1.49199	1.49526	1.49109	1.49190	7378	5930200000	33
2015.12.09	11:00:00	1.49192	1.49452	1.49086	1.49240	7418	6363700000	33
2015.12.09	12:00:00	1.49240	1.49346	1.49149	1.49270	5995	4051250000	33
2015.12.09	13:00:00	1.49270	1.49456	1.49082	1.49438	4948	3513700000	33
2015.12.09	14:00:00	1.49441	1.49506	1.49209	1.49361	5033	3215000000	33
2015.12.09	15:00:00	1.49361	1.49374	1.48935	1.49174	7732	5105500000	33
2015.12.09	16:00:00	1.49172	1.49610	1.49097	1.49556	10564	7977200000	33
2015.12.09	17:00:00	1.49549	1.50079	1.49441	1.49978	9776	6723799000	33
2015.12.09	18:00:00	1.49980	1.49984	1.49541	1.49629	8785	6540050000	33
2015.12.09	19:00:00	1.49633	1.49779	1.49360	1.49368	7431	5317950000	33
2015.12.09	20:00:00	1.49368	1.49567	1.49253	1.49276	10276	7516000000	33
2015.12.09	21:00:00	1.49278	1.49358	1.49045	1.49074	6482	4435650000	33
2015.12.09	22:00:00	1.49083	1.49364	1.49077	1.49358	5510	4153050000	35
2015.12.09	23:00:00	1.49356	1.49366	1.49162	1.49188	3037	1931000000	37
2015.12.10	00:00:00	1.49476	1.50375	1.49008	1.49256	201273	1609950000	52
2015.12.10	01:00:00	1.49243	1.49279	1.49180	1.49265	4836	3416900000	34
2015.12.10	02:00:00	1.49265	1.49488	1.49236	1.49411	2964	2450850000	33
2015.12.10	03:00:00	1.49419	1.49457	1.49306	1.49431	2494	2029950000	35
2015.12.10	04:00:00	1.49430	1.49434	1.49316	1.49344	2052	1547300000	38
2015.12.10	05:00:00	1.49343	1.49450	1.49319	1.49384	2167	1307700000	38
2015.12.10	06:00:00	1.49385	1.49479	1.49376	1.49376	1914	1852950000	37
2015.12.10	07:00:00	1.49378	1.49469	1.49365	1.49463	1829	1812450000	36
2015.12.10	08:00:00	1.49463	1.49597	1.49430	1.49539	2665	2133500000	33
2015.12.10	09:00:00	1.49539	1.49727	1.49406	1.49422	5086	4204100000	33
2015.12.10	10:00:00	1.49418	1.49674	1.49113	1.49668	7997	5869850000	33
2015.12.10	11:00:00	1.49665	1.50064	1.49655	1.49985	6232	4602850000	33
2015.12.10	12:00:00	1.49986	1.50384	1.49954	1.50056	7501	5687800000	33
2015.12.10	13:00:00	1.50057	1.50086	1.49632	1.49655	6764	4961500000	33
2015.12.10	14:00:00	1.49668	1.49709	1.49022	1.49330	8448	6015750000	33
2015.12.10	15:00:00	1.49328	1.49443	1.49200	1.49246	7470	5875250000	33
2015.12.10	16:00:00	1.49251	1.49833	1.49239	1.49773	8514	6108450000	33
2015.12.10	17:00:00	1.49773	1.49943	1.49677	1.49841	9517	5741250000	33
2015.12.10	18:00:00	1.49839	1.50152	1.49835	1.50026	7319	5073100000	33
2015.12.10	19:00:00	1.50028	1.50150	1.49936	1.49959	4833	3015800000	33
2015.12.10	20:00:00	1.49959	1.50037	1.49846	1.50037	3576	2015000000	33
2015.12.10	21:00:00	1.50037	1.50075	1.49813	1.49821	3131	1751000000	36
2015.12.10	22:00:00	1.49819	1.49905	1.49715	1.49756	3169	1590050000	35
2015.12.10	23:00:00	1.49759	1.49804	1.49696	1.49696	2300	1215650000	38
2015.12.11	00:00:00	1.49708	1.49914	1.49211	1.49783	171687	600550000	33
2015.12.11	01:00:00	1.49781	1.49825	1.49736	1.49805	2281	1640400000	38
2015.12.11	02:00:00	1.49808	1.49847	1.49728	1.49747	2834	1820100000	33
2015.12.11	03:00:00	1.49749	1.49783	1.49656	1.49724	2443	1469650000	35
2015.12.11	04:00:00	1.49724	1.49730	1.49610	1.49643	1971	1647850000	40
2015.12.11	05:00:00	1.49643	1.49690	1.49622	1.49668	1386	890250000	33
2015.12.11	06:00:00	1.49668	1.49706	1.49634	1.49647	1408	900800000	36
2015.12.11	07:00:00	1.49644	1.49649	1.49532	1.49537	1637	1103100000	34
2015.12.11	08:00:00	1.49538	1.49569	1.49488	1.49566	1815	1067100000	37
2015.12.11	09:00:00	1.49565	1.49662	1.49547	1.49606	3436	2743500000	34
2015.12.11	10:00:00	1.49609	1.49805	1.49529	1.49673	6542	5784700000	33
2015.12.11	11:00:00	1.49673	1.49734	1.49412	1.49598	6086	4444750000	33
2015.12.11	12:00:00	1.49602	1.49815	1.49457	1.49771	7144	5534900000	33
2015.12.11	13:00:00	1.49771	1.49771	1.49388	1.49522	6479	4764150000	33
2015.12.11	14:00:00	1.49522	1.49736	1.49416	1.49701	6444	4373750000	33
2015.12.11	15:00:00	1.49698	1.49866	1.49597	1.49714	7974	6186300000	33
2015.12.11	16:00:00	1.49714	1.49928	1.49226	1.49489	11950	8489989000	33
2015.12.11	17:00:00	1.49488	1.49828	1.49367	1.49549	11218	6802950000	33
2015.12.11	18:00:00	1.49551	1.49904	1.49492	1.49492	7689	5345000000	33
2015.12.11	19:00:00	1.49494	1.49637	1.49394	1.49579	6860	4025250000	33
2015.12.11	20:00:00	1.49579	1.49606	1.49457	1.49540	5357	3032650000	35
2015.12.11	21:00:00	1.49538	1.49751	1.49534	1.49638	4776	2827300000	33
2015.12.11	22:00:00	1.49632	1.49777	1.49488	1.49752	3343	2281250000	33
2015.12.11	23:00:00	1.49750	1.49860	1.49485	1.49508	3166	1505700000	33
2015.12.14	00:00:00	1.49817	1.49826	1.48158	1.49503	237652	1646000000	33
2015.12.14	01:00:00	1.49503	1.49573	1.49359	1.49527	2959	2565500000	37
2015.12.14	02:00:00	1.49528	1.49565	1.49409	1.49479	2555	1728500000	34
2015.12.14	03:00:00	1.49480	1.49671	1.49468	1.49648	3308	2202250000	33
2015.12.14	04:00:00	1.49652	1.49684	1.49466	1.49589	2983	1973500000	33
2015.12.14	05:00:00	1.49592	1.49734	1.49558	1.49685	2119	1325600000	33
2015.12.14	06:00:00	1.49685	1.49712	1.49631	1.49673	1956	1224050000	33
2015.12.14	07:00:00	1.49673	1.49731	1.49582	1.49705	1857	1112100000	36
2015.12.14	08:00:00	1.49703	1.49726	1.49585	1.49589	1967	1241700000	38
2015.12.14	09:00:00	1.49589	1.49771	1.49436	1.49436	5256	3066900000	33
2015.12.14	10:00:00	1.49433	1.49719	1.49270	1.49314	8312	5258500000	33
2015.12.14	11:00:00	1.49313	1.49604	1.49274	1.49466	7468	4537300000	33
2015.12.14	12:00:00	1.49465	1.49572	1.49221	1.49252	5544	3311750000	33
2015.12.14	13:00:00	1.49252	1.49272	1.48420	1.48514	7849	5360250000	33
2015.12.14	14:00:00	1.48510	1.48633	1.48319	1.48348	8055	6369300000	33
2015.12.14	15:00:00	1.48356	1.48627	1.48276	1.48616	9062	6886500000	33
2015.12.14	16:00:00	1.48615	1.48910	1.48613	1.48779	10040	7553400000	33
2015.12.14	17:00:00	1.48781	1.48841	1.48288	1.48349	11576	7536250000	33
2015.12.14	18:00:00	1.48350	1.48603	1.48178	1.48596	10241	6270500000	33
2015.12.14	19:00:00	1.48594	1.49033	1.48557	1.49033	6984	4369700000	33
2015.12.14	20:00:00	1.49033	1.49070	1.48871	1.49045	4653	3798050000	33
2015.12.14	21:00:00	1.49044	1.49164	1.49007	1.49131	4594	3633250000	34
2015.12.14	22:00:00	1.49126	1.49286	1.49090	1.49286	4055	2463450000	33
2015.12.14	23:00:00	1.49288	1.49288	1.49129	1.49131	1704	970200000	37
2015.12.15	00:00:00	1.49163	1.49744	1.48382	1.49500	230494	2378299000	33
2015.12.15	01:00:00	1.49487	1.49541	1.49378	1.49400	2028	1146100000	33
2015.12.15	02:00:00	1.49400	1.49406	1.49154	1.49156	2320	1754000000	33
2015.12.15	03:00:00	1.49156	1.49163	1.49029	1.49035	2404	1805200000	33
2015.12.15	04:00:00	1.49033	1.49181	1.48985	1.49113	1696	1339700000	33
2015.12.15	05:00:00	1.49115	1.49163	1.49063	1.49073	1561	1178900000	33
2015.12.15	06:00:00	1.49068	1.49099	1.49004	1.49076	1762	1194300000	35
2015.12.15	07:00:00	1.49076	1.49106	1.48993	1.49003	1708	1188850000	33
2015.12.15	08:00:00	1.49006	1.49006	1.48842	1.48883	2338	1823050000	33
2015.12.15	09:00:00	1.48883	1.48986	1.48409	1.48519	5691	4374200000	33
2015.12.15	10:00:00	1.48521	1.48827	1.48393	1.48617	7958	5576600000	33
2015.12.15	11:00:00	1.48618	1.49152	1.48601	1.48960	8219	6319850000	33
2015.12.15	12:00:00	1.48956	1.49058	1.48798	1.48896	7212	5540400000	36
2015.12.15	13:00:00	1.48899	1.49260	1.48887	1.49085	5593	3642050000	33
2015.12.15	14:00:00	1.49086	1.49295	1.49072	1.49268	6076	4309450000	33
2015.12.15	15:00:00	1.49274	1.49667	1.49216	1.49667	9135	5958950000	33
2015.12.15	16:00:00	1.49666	1.49757	1.49343	1.49438	10287	6553650000	33
2015.12.15	17:00:00	1.49448	1.49459	1.48718	1.49004	10007	6112800000	33
2015.12.15	18:00:00	1.49001	1.49296	1.48966	1.49235	8551	5919200000	33
2015.12.15	19:00:00	1.49235	1.49381	1.49202	1.49253	6508	4759800000	34
2015.12.15	20:00:00	1.49253	1.49262	1.49112	1.49128	4706	3017800000	33
2015.12.15	21:00:00	1.49130	1.49138	1.48886	1.48963	3233	1832900000	33
2015.12.15	22:00:00	1.48961	1.49241	1.48944	1.49140	3933	2496490000	33
2015.12.15	23:00:00	1.49141	1.49165	1.48982	1.48982	2388	1397550000	35
2015.12.16	00:00:00	1.49077	1.49126	1.47637	1.48993	261536	1457650000	0
2015.12.16	01:00:00	1.48991	1.49056	1.48961	1.49048	1727	972600000	33
2015.12.16	02:00:00	1.49040	1.49136	1.48992	1.49014	2165	1503250000	37
2015.12.16	03:00:00	1.49014	1.49029	1.48923	1.48938	2410	1395950000	33
2015.12.16	04:00:00	1.48938	1.49051	1.48918	1.49017	2495	1768000000	38
2015.12.16	05:00:00	1.49019	1.49058	1.49006	1.49030	1108	680700000	37
2015.12.16	06:00:00	1.49029	1.49054	1.48985	1.49020	1926	1211850000	38
2015.12.16	07:00:00	1.49020	1.49034	1.48879	1.48920	1401	1177850000	37
2015.12.16	08:00:00	1.48920	1.48941	1.48869	1.48878	1529	1054050000	39
2015.12.16	09:00:00	1.48881	1.48921	1.48418	1.48774	4746	2845350000	33
2015.12.16	10:00:00	1.48776	1.48900	1.48317	1.48526	8311	5897600000	33
2015.12.16	11:00:00	1.48524	1.48745	1.48314	1.48712	8988	6441145000	33
2015.12.16	12:00:00	1.48711	1.48769	1.48297	1.48750	6170	4074300000	33
2015.12.16	13:00:00	1.48749	1.48876	1.48534	1.48736	6101	4202400000	33
2015.12.16	14:00:00	1.48740	1.48890	1.48656	1.48697	6877	4917800000	33
2015.12.16	15:00:00	1.48697	1.48758	1.48432	1.48514	8062	5172850000	33
2015.12.16	16:00:00	1.48510	1.48771	1.48217	1.48255	8034	5177000000	33
2015.12.16	17:00:00	1.48257	1.48271	1.47862	1.48019	8494	5594800000	33
2015.12.16	18:00:00	1.48019	1.48125	1.47776	1.47879	7643	5041800000	33
2015.12.16	19:00:00	1.47879	1.48003	1.47652	1.47950	6370	4216257000	33
2015.12.16	20:00:00	1.47950	1.48044	1.47606	1.47687	7072	4354787000	33
2015.12.16	21:00:00	1.47906	1.48486	1.47580	1.48104	15793	10408000000	33
2015.12.16	22:00:00	1.48103	1.48674	1.48036	1.48573	11040	6478300000	33
2015.12.16	23:00:00	1.48573	1.48724	1.48421	1.48433	4170	2620250000	33
2015.12.17	00:00:00	1.48544	1.49374	1.47718	1.48512	220247	2090013000	0
2015.12.17	01:00:00	1.48501	1.48867	1.48407	1.48623	4443	3266800000	33
2015.12.17	02:00:00	1.48622	1.48705	1.48505	1.48669	2878	1674300000	38
2015.12.17	03:00:00	1.48671	1.48695	1.48611	1.48646	2242	1537400000	33
2015.12.17	04:00:00	1.48648	1.48845	1.48648	1.48727	3633	3016650000	33
2015.12.17	05:00:00	1.48729	1.48814	1.48578	1.48740	3277	2161700000	33
2015.12.17	06:00:00	1.48740	1.48823	1.48691	1.48776	1853	1480400000	33
2015.12.17	07:00:00	1.48776	1.48893	1.48745	1.48804	2184	1629750000	33
2015.12.17	08:00:00	1.48804	1.48912	1.48747	1.48912	2089	1543650000	41
2015.12.17	09:00:00	1.48912	1.48993	1.48618	1.48701	5603	4056250000	34
2015.12.17	10:00:00	1.48700	1.48735	1.48463	1.48703	7717	5694700000	33
2015.12.17	11:00:00	1.48707	1.49412	1.48685	1.48947	8038	5953050000	31
2015.12.17	12:00:00	1.48945	1.49100	1.48776	1.48796	7860	6046150000	34
2015.12.17	13:00:00	1.48797	1.48931	1.48680	1.48781	4379	2837350000	33
2015.12.17	14:00:00	1.48783	1.48792	1.48661	1.48692	4338	2932100000	33
2015.12.17	15:00:00	1.48691	1.48752	1.48455	1.48522	6829	4981900000	33
2015.12.17	16:00:00	1.48519	1.48783	1.48317	1.48432	8095	4776650000	33
2015.12.17	17:00:00	1.48424	1.48424	1.47730	1.48184	9724	6377550000	33
2015.12.17	18:00:00	1.48180	1.48578	1.48115	1.48548	8534	5933400000	33
2015.12.17	19:00:00	1.48548	1.48591	1.48332	1.48374	5035	2934150000	33
2015.12.17	20:00:00	1.48375	1.48509	1.48333	1.48367	3977	2917600000	37
2015.12.17	21:00:00	1.48369	1.48541	1.48296	1.48456	3960	2509500000	35
2015.12.17	22:00:00	1.48456	1.48530	1.48394	1.48501	2802	1596900000	36
2015.12.17	23:00:00	1.48496	1.48496	1.48364	1.48383	2293	1507050000	40
2015.12.18	00:00:00	1.48423	1.48761	1.47669	1.48303	211104	906050000	40
2015.12.18	01:00:00	1.48303	1.48488	1.48272	1.48480	2408	1355900000	33
2015.12.18	02:00:00	1.48480	1.48490	1.48255	1.48312	2716	1239500000	33
2015.12.18	03:00:00	1.48312	1.48353	1.48257	1.48337	1921	1044400000	33
2015.12.18	04:00:00	1.48338	1.48385	1.48273	1.48342	2003	1386300000	33
2015.12.18	05:00:00	1.48343	1.48343	1.48176	1.48274	3381	2225800000	33
2015.12.18	06:00:00	1.48274	1.48357	1.48223	1.48268	4668	2930900000	33
2015.12.18	07:00:00	1.48271	1.48422	1.48238	1.48382	3402	2048050000	33
2015.12.18	08:00:00	1.48382	1.48533	1.48342	1.48415	2864	2056500000	38
2015.12.18	09:00:00	1.48418	1.48579	1.48331	1.48355	4814	3294200000	34
2015.12.18	10:00:00	1.48356	1.48648	1.48287	1.48539	8339	6270500000	33
2015.12.18	11:00:00	1.48531	1.48772	1.48394	1.48541	7302	5258550000	35
2015.12.18	12:00:00	1.48542	1.48716	1.48342	1.48658	5863	4517350000	33
2015.12.18	13:00:00	1.48656	1.48700	1.48311	1.48364	5169	3959450000	33
2015.12.18	14:00:00	1.48364	1.48441	1.48140	1.48169	6339	4980400000	34
2015.12.18	15:00:00	1.48168	1.48322	1.48063	1.48207	7955	5931950000	33
2015.12.18	16:00:00	1.48208	1.48450	1.48172	1.48217	8966	6774750000	33
2015.12.18	17:00:00	1.48219	1.48435	1.48002	1.48039	10196	6715100000	33
2015.12.18	18:00:00	1.48039	1.48288	1.47997	1.48206	7810	5037400000	33
2015.12.18	19:00:00	1.48206	1.48290	1.48073	1.48172	4260	2616550000	37
2015.12.18	20:00:00	1.48169	1.48208	1.48073	1.48106	3606	1910450000	33
2015.12.18	21:00:00	1.48106	1.48137	1.47934	1.48010	4016	2535500000	37
2015.12.18	22:00:00	1.48005	1.48058	1.47837	1.47906	4114	3175250000	35
2015.12.18	23:00:00	1.47906	1.48065	1.47545	1.47545	2260	1080364000	40
2015.12.21	00:00:00	1.47945	1.48489	1.47348	1.47982	188971	640322000	0
2015.12.21	01:00:00	1.47996	1.48031	1.47755	1.47849	2266	1795250000	33
2015.12.21	02:00:00	1.47842	1.47968	1.47823	1.47884	2850	1770400000	35
2015.12.21	03:00:00	1.47884	1.47900	1.47778	1.47850	2708	1918300000	33
2015.12.21	04:00:00	1.47852	1.47965	1.47811	1.47948	1274	667300000	33
2015.12.21	05:00:00	1.47948	1.48014	1.47890	1.47943	1817	1265200000	36
2015.12.21	06:00:00	1.47941	1.47962	1.47858	1.47880	1837	1237100000	33
2015.12.21	07:00:00	1.47882	1.47913	1.47838	1.47879	1671	938200000	37
2015.12.21	08:00:00	1.47879	1.47991	1.47845	1.47984	1745	927600000	38
2015.12.21	09:00:00	1.47984	1.48140	1.47815	1.48081	5116	3437550000	36
2015.12.21	10:00:00	1.48081	1.48367	1.47989	1.48263	8211	5724800000	36
2015.12.21	11:00:00	1.48258	1.48474	1.48187	1.48474	6810	4825100000	35
2015.12.21	12:00:00	1.48474	1.48504	1.48164	1.48249	5954	4133750000	34
2015.12.21	13:00:00	1.48249	1.48325	1.48023	1.48175	4575	2579900000	33
2015.12.21	14:00:00	1.48175	1.48220	1.48006	1.48184	5041	2799650000	33
2015.12.21	15:00:00	1.48184	1.48208	1.47938	1.48004	6850	3955550000	33
2015.12.21	16:00:00	1.48004	1.48186	1.47882	1.48025	7861	4556100000	33
2015.12.21	17:00:00	1.48034	1.48076	1.47561	1.47666	8008	5253150000	33
2015.12.21	18:00:00	1.47662	1.47765	1.47365	1.47732	7897	5126550000	33
2015.12.21	19:00:00	1.47732	1.47787	1.47575	1.47700	5242	3673850000	34
2015.12.21	20:00:00	1.47700	1.47831	1.47663	1.47808	3113	2407500000	33
2015.12.21	21:00:00	1.47806	1.47848	1.47534	1.47553	3221	2426350000	34
2015.12.21	22:00:00	1.47555	1.47595	1.47497	1.47565	2002	1139650000	35
2015.12.21	23:00:00	1.47562	1.47708	1.47548	1.47641	1209	609100000	39
2015.12.22	00:00:00	1.47684	1.47974	1.45967	1.47708	175428	513550000	50
2015.12.22	01:00:00	1.47712	1.47895	1.47702	1.47834	5071	2539500000	37
2015.12.22	02:00:00	1.47834	1.47855	1.47740	1.47769	2374	1673100000	34
2015.12.22	03:00:00	1.47773	1.47830	1.47705	1.47723	3488	1824900000	33
2015.12.22	04:00:00	1.47723	1.47797	1.47670	1.47709	3288	2405400000	33
2015.12.22	05:00:00	1.47711	1.47758	1.47633	1.47713	2066	1691400000	34
2015.12.22	06:00:00	1.47714	1.47814	1.47709	1.47741	1604	1034700000	33
2015.12.22	07:00:00	1.47741	1.47851	1.47707	1.47846	1481	770100000	38
2015.12.22	08:00:00	1.47846	1.47856	1.47782	1.47802	1701	1016700000	43
2015.12.22	09:00:00	1.47802	1.47956	1.47768	1.47795	3828	2677100000	33
2015.12.22	10:00:00	1.47795	1.47991	1.47768	1.47787	6062	4226500000	33
2015.12.22	11:00:00	1.47785	1.47864	1.47423	1.47424	5987	4087850000	33
2015.12.22	12:00:00	1.47427	1.47711	1.47407	1.47494	5387	4636500000	33
2015.12.22	13:00:00	1.47493	1.47571	1.47207	1.47237	4135	2844500000	34
2015.12.22	14:00:00	1.47244	1.47367	1.47148	1.47235	3853	3069300000	33
2015.12.22	15:00:00	1.47235	1.47243	1.46814	1.46949	7455	5167500000	33
2015.12.22	16:00:00	1.46951	1.46995	1.46480	1.46534	7610	5996150000	33
2015.12.22	17:00:00	1.46535	1.46680	1.46439	1.46484	7747	5885650000	33
2015.12.22	18:00:00	1.46484	1.46537	1.46075	1.46110	5946	4751000000	33
2015.12.22	19:00:00	1.46106	1.46184	1.45975	1.46155	4334	2811200000	36
2015.12.22	20:00:00	1.46156	1.46197	1.46044	1.46097	2414	1377350000	33
2015.12.22	21:00:00	1.46104	1.46352	1.46071	1.46326	2405	1420500000	36
2015.12.22	22:00:00	1.46330	1.46360	1.46232	1.46313	1963	1239100000	37
2015.12.22	23:00:00	1.46313	1.46418	1.46289	1.46348	1764	1506850000	40
2015.12.23	00:00:00	1.46385	1.47913	1.46116	1.46434	142841	967100000	0
2015.12.23	01:00:00	1.46428	1.46451	1.46381	1.46404	3478	2154100000	33
2015.12.23	02:00:00	1.46407	1.46457	1.46394	1.46440	747	367400000	40
2015.12.23	03:00:00	1.46433	1.46530	1.46393	1.46503	1356	658800000	39
2015.12.23	04:00:00	1.46501	1.46638	1.46472	1.46580	2012	984500000	37
2015.12.23	05:00:00	1.46583	1.46594	1.46518	1.46539	839	404800000	42
2015.12.23	06:00:00	1.46539	1.46674	1.46519	1.46653	901	499700000	42
2015.12.23	07:00:00	1.46653	1.46773	1.46621	1.46745	1593	816300000	38
2015.12.23	08:00:00	1.46743	1.46829	1.46728	1.46821	1694	887800000	33
2015.12.23	09:00:00	1.46821	1.47053	1.46771	1.46874	4347	2568050000	33
2015.12.23	10:00:00	1.46874	1.47094	1.46867	1.47019	5848	4321350000	33
2015.12.23	11:00:00	1.47022	1.47138	1.46735	1.46933	5671	3662850000	33
2015.12.23	12:00:00	1.46933	1.47211	1.46912	1.47206	5564	3668400000	33
2015.12.23	13:00:00	1.47206	1.47238	1.47113	1.47210	5412	3279300000	33
2015.12.23	14:00:00	1.47212	1.47478	1.47134	1.47302	4998	3425750000	33
2015.12.23	15:00:00	1.47296	1.47703	1.47273	1.47651	5311	3286300000	33
2015.12.23	16:00:00	1.47651	1.47723	1.47262	1.47512	6643	3701300000	33
2015.12.23	17:00:00	1.47512	1.47748	1.47470	1.47722	5527	3820000000	33
2015.12.23	18:00:00	1.47723	1.47828	1.47491	1.47702	6295	3636400000	33
2015.12.23	19:00:00	1.47702	1.47928	1.47671	1.47830	2944	1937850000	33
2015.12.23	20:00:00	1.47831	1.47857	1.47409	1.47462	2764	1828950000	39
2015.12.23	21:00:00	1.47467	1.47517	1.47269	1.47337	2756	1653500000	36
2015.12.23	22:00:00	1.47338	1.47366	1.47184	1.47254	1457	821850000	33
2015.12.23	23:00:00	1.47251	1.47313	1.47207	1.47271	1159	644650000	41
2015.12.24	00:00:00	1.47278	1.47524	1.46551	1.47293	73030	2107500000	0
2015.12.24	01:00:00	1.47295	1.47347	1.47285	1.47322	1596	848150000	48
2015.12.24	02:00:00	1.47322	1.47372	1.47227	1.47241	1476	823800000	38
2015.12.24	03:00:00	1.47240	1.47347	1.47211	1.47297	1719	919600000	35
2015.12.24	04:00:00	1.47297	1.47301	1.47164	1.47176	2217	1099300000	33
2015.12.24	05:00:00	1.47176	1.47197	1.47051	1.47080	2021	1158700000	33
2015.12.24	06:00:00	1.47080	1.47150	1.47043	1.47097	1411	867000000	33
2015.12.24	07:00:00	1.47096	1.47105	1.46958	1.46958	1236	603250000	40
2015.12.24	08:00:00	1.46958	1.47082	1.46951	1.47067	1292	639950000	44
2015.12.24	09:00:00	1.47067	1.47221	1.47032	1.47178	3895	2178950000	33
2015.12.24	10:00:00	1.47178	1.47190	1.46675	1.46675	4119	2656500000	33
2015.12.24	11:00:00	1.46675	1.46820	1.46571	1.46819	4438	3121900000	33
2015.12.24	12:00:00	1.46817	1.46937	1.46752	1.46874	3200	1821650000	34
2015.12.24	13:00:00	1.46873	1.47209	1.46829	1.47209	2617	1340800000	33
2015.12.24	14:00:00	1.47205	1.47523	1.47127	1.47127	3186	2112950000	33
2015.12.24	15:00:00	1.47131	1.47334	1.47054	1.47241	3162	1778200000	33
2015.12.24	16:00:00	1.47244	1.47449	1.47205	1.47238	3088	1776950000	36
2015.12.24	17:00:00	1.47232	1.47485	1.47218	1.47461	3499	2124900000	33
2015.12.24	18:00:00	1.47464	1.47540	1.47385	1.47497	2029	1062200000	34
2015.12.28	00:00:00	1.47425	1.47540	1.46768	1.47233	119580	1155276000	37
2015.12.28	01:00:00	1.47238	1.47343	1.47181	1.47277	2027	1611343000	38
2015.12.28	02:00:00	1.47278	1.47318	1.47097	1.47155	1868	1510971000	40
2015.12.28	03:00:00	1.47157	1.47205	1.47081	1.47173	1499	1078867000	33
2015.12.28	04:00:00	1.47170	1.47241	1.47093	1.47110	1482	1323073000	37
2015.12.28	05:00:00	1.47107	1.47180	1.47086	1.47173	845	596199000	37
2015.12.28	06:00:00	1.47173	1.47185	1.47108	1.47147	1139	788595000	37
2015.12.28	07:00:00	1.47145	1.47171	1.47099	1.47102	1322	1126638000	44
2015.12.28	08:00:00	1.47101	1.47197	1.47038	1.47047	1949	1335528000	37
2015.12.28	09:00:00	1.47047	1.47491	1.47044	1.47401	4492	2656912000	33
2015.12.28	10:00:00	1.47397	1.47542	1.47346	1.47454	3393	2791643000	34
2015.12.28	11:00:00	1.47451	1.47551	1.47375	1.47527	2500	2160022000	33
2015.12.28	12:00:00	1.47525	1.47534	1.47195	1.47227	3007	1946843000	33
2015.12.28	13:00:00	1.47228	1.47265	1.47137	1.47195	2875	2490014000	33
2015.12.28	14:00:00	1.47197	1.47344	1.47088	1.47277	3502	2778449000	35
2015.12.28	15:00:00	1.47279	1.47384	1.47209	1.47313	3471	2115061000	34
2015.12.28	16:00:00	1.47313	1.47396	1.47164	1.47196	4073	3089245000	36
2015.12.28	17:00:00	1.47197	1.47431	1.47185	1.47340	4708	3751984000	0
2015.12.28	18:00:00	1.47343	1.47346	1.46955	1.47004	4580	2845712000	33
2015.12.28	19:00:00	1.47003	1.47055	1.46962	1.46993	1893	1447647000	41
2015.12.28	20:00:00	1.46993	1.47126	1.46944	1.47056	2280	1579729000	35
2015.12.28	21:00:00	1.47056	1.47069	1.46881	1.47012	2355	1672378000	37
2015.12.28	22:00:00	1.47014	1.47035	1.46887	1.46905	1802	1052844000	38
2015.12.28	23:00:00	1.46903	1.47024	1.46885	1.47024	1347	966274000	35
2015.12.29	00:00:00	1.47037	1.47432	1.46389	1.46992	133843	1968864000	33
2015.12.29	01:00:00	1.46985	1.47136	1.46984	1.47113	4084	3341612000	33
2015.12.29	02:00:00	1.47121	1.47152	1.47008	1.47043	4643	2719772000	39
2015.12.29	03:00:00	1.47045	1.47092	1.46994	1.47092	2020	1302232000	41
2015.12.29	04:00:00	1.47091	1.47305	1.47091	1.47281	1753	855272000	37
2015.12.29	05:00:00	1.47281	1.47284	1.47212	1.47231	1407	490806000	50
2015.12.29	06:00:00	1.47231	1.47318	1.47137	1.47306	1516	849176000	37
2015.12.29	07:00:00	1.47301	1.47359	1.47224	1.47228	2152	1670532000	43
2015.12.29	08:00:00	1.47230	1.47318	1.47191	1.47318	1592	1106951000	50
2015.12.29	09:00:00	1.47320	1.47437	1.47160	1.47161	3339	2651258000	41
2015.12.29	10:00:00	1.47161	1.47267	1.46667	1.46801	3979	3629311000	33
2015.12.29	11:00:00	1.46802	1.46928	1.46697	1.46833	3452	2928925000	35
2015.12.29	12:00:00	1.46834	1.46902	1.46696	1.46747	3760	3264213000	33
2015.12.29	13:00:00	1.46749	1.46770	1.46491	1.46529	3275	2604918000	33
2015.12.29	14:00:00	1.46527	1.46616	1.46407	1.46485	3787	2839966000	33
2015.12.29	15:00:00	1.46483	1.47063	1.46427	1.46889	6224	4947771000	33
2015.12.29	16:00:00	1.46890	1.47061	1.46726	1.46794	5544	3937095000	33
2015.12.29	17:00:00	1.46792	1.46953	1.46581	1.46906	5685	3801492000	34
2015.12.29	18:00:00	1.46906	1.46965	1.46738	1.46825	5015	3648837000	33
2015.12.29	19:00:00	1.46825	1.46921	1.46773	1.46823	2313	1149557000	33
2015.12.29	20:00:00	1.46821	1.47003	1.46818	1.46973	1690	1038262000	39
2015.12.29	21:00:00	1.46973	1.46982	1.46880	1.46923	1907	1399962000	41
2015.12.29	22:00:00	1.46930	1.47046	1.46928	1.47012	2191	1802211000	37
2015.12.29	23:00:00	1.47012	1.47157	1.46926	1.47142	2325	1485173000	33
2015.12.30	00:00:00	1.47074	1.47241	1.46075	1.47000	137101	867250000	0
2015.12.30	01:00:00	1.46992	1.47083	1.46981	1.47053	1564	842151000	43
2015.12.30	02:00:00	1.47055	1.47096	1.46999	1.47035	1403	1239812000	38
2015.12.30	03:00:00	1.47035	1.47089	1.47023	1.47084	1315	1153528000	39
2015.12.30	04:00:00	1.47084	1.47181	1.47059	1.47168	1355	1078639000	33
2015.12.30	05:00:00	1.47168	1.47177	1.47101	1.47119	878	754512000	38
2015.12.30	06:00:00	1.47126	1.47201	1.47124	1.47192	732	633553000	36
2015.12.30	07:00:00	1.47192	1.47230	1.47100	1.47155	1106	958850000	33
2015.12.30	08:00:00	1.47155	1.47252	1.47140	1.47173	1480	1349041000	41
2015.12.30	09:00:00	1.47173	1.47173	1.46787	1.46797	2299	2083084000	33
2015.12.30	10:00:00	1.46795	1.47015	1.46695	1.46838	4350	3335681000	33
2015.12.30	11:00:00	1.46838	1.47002	1.46823	1.46985	4191	3527855000	33
2015.12.30	12:00:00	1.46983	1.47038	1.46675	1.46731	4754	3104436000	33
2015.12.30	13:00:00	1.46733	1.46807	1.46585	1.46695	3894	2937909000	33
2015.12.30	14:00:00	1.46698	1.46713	1.46407	1.46491	4178	3690600000	33
2015.12.30	15:00:00	1.46491	1.46802	1.46355	1.46596	4715	3727250000	33
2015.12.30	16:00:00	1.46597	1.46913	1.46467	1.46809	5201	4269450000	33
2015.12.30	17:00:00	1.46807	1.46977	1.46673	1.46857	6605	4351000000	33
2015.12.30	18:00:00	1.46861	1.46937	1.46592	1.46691	4623	3429400000	33
2015.12.30	19:00:00	1.46693	1.46863	1.46645	1.46722	2034	1446900000	35
2015.12.30	20:00:00	1.46722	1.46867	1.46694	1.46696	2744	2004950000	37
2015.12.30	21:00:00	1.46692	1.46701	1.46387	1.46445	2527	1787300000	35
2015.12.30	22:00:00	1.46447	1.46447	1.46096	1.46097	3430	2420100000	33
2015.12.30	23:00:00	1.46097	1.46469	1.46090	1.46410	2195	2049800000	0
2015.12.31	00:00:00	1.46465	1.47992	1.46276	1.46381	143367	1179550000	33
2015.12.31	01:00:00	1.46397	1.46430	1.46372	1.46407	1092	710950000	38
2015.12.31	02:00:00	1.46407	1.46407	1.46278	1.46303	1403	1022700000	40
2015.12.31	03:00:00	1.46304	1.46470	1.46293	1.46463	1378	1014350000	33
2015.12.31	04:00:00	1.46465	1.46575	1.46440	1.46538	1209	753000000	33
2015.12.31	05:00:00	1.46538	1.46549	1.46433	1.46455	720	460750000	33
2015.12.31	06:00:00	1.46459	1.46494	1.46450	1.46482	734	468950000	33
2015.12.31	07:00:00	1.46479	1.46611	1.46468	1.46589	839	498750000	33
2015.12.31	08:00:00	1.46589	1.46777	1.46548	1.46669	1145	644400000	33
2015.12.31	09:00:00	1.46669	1.46837	1.46606	1.46691	1830	1402400000	36
2015.12.31	10:00:00	1.46686	1.47021	1.46528	1.46837	3559	2750900000	33
2015.12.31	11:00:00	1.46837	1.46862	1.46673	1.46807	3649	2720700000	33
2015.12.31	12:00:00	1.46809	1.47299	1.46806	1.46996	4953	3696000000	35
2015.12.31	13:00:00	1.46995	1.47221	1.46886	1.47219	4292	3191300000	33
2015.12.31	14:00:00	1.47212	1.47573	1.47159	1.47350	4629	3438900000	33
2015.12.31	15:00:00	1.47346	1.47737	1.47330	1.47613	5907	3881500000	33
2015.12.31	16:00:00	1.47615	1.48008	1.47551	1.47780	5683	3953850000	33
2015.12.31	17:00:00	1.47780	1.47804	1.47013	1.47466	6853	4479250000	33
2015.12.31	18:00:00	1.47466	1.47753	1.47444	1.47697	6589	5514800000	33
2015.12.31	19:00:00	1.47715	1.47736	1.47198	1.47298	4668	5546980000	0
2015.12.31	20:00:00	1.47275	1.47304	1.47273	1.47295	90	105500000	50
2016.01.04	00:00:00	1.47462	1.47914	1.46311	1.47244	250791	847050000	59
2016.01.04	01:00:00	1.47276	1.47401	1.47153	1.47285	2593	2612200000	33
2016.01.04	02:00:00	1.47285	1.47433	1.47285	1.47415	2371	2093150000	33
2016.01.04	03:00:00	1.47416	1.47520	1.47178	1.47201	3538	2490200000	33
2016.01.04	04:00:00	1.47209	1.47225	1.46913	1.47020	2853	2505000000	33
2016.01.04	05:00:00	1.47019	1.47097	1.47002	1.47003	1542	1377000000	33
2016.01.04	06:00:00	1.47004	1.47092	1.46985	1.47035	1933	1660800000	33
2016.01.04	07:00:00	1.47035	1.47052	1.46528	1.46534	3933	2966300000	33
2016.01.04	08:00:00	1.46537	1.46883	1.46537	1.46868	2758	2448250000	34
2016.01.04	09:00:00	1.46866	1.46900	1.46640	1.46851	7901	6386350000	33
2016.01.04	10:00:00	1.46852	1.47015	1.46326	1.46905	9956	8621700000	33
2016.01.04	11:00:00	1.46904	1.47198	1.46713	1.46918	6261	5139650000	33
2016.01.04	12:00:00	1.46918	1.47655	1.46856	1.47646	7919	6073300000	33
2016.01.04	13:00:00	1.47643	1.47852	1.47271	1.47366	7274	5732850000	33
2016.01.04	14:00:00	1.47367	1.47521	1.47228	1.47394	6404	5556200000	34
2016.01.04	15:00:00	1.47398	1.47925	1.47394	1.47660	9344	8422150000	33
2016.01.04	16:00:00	1.47660	1.47753	1.47465	1.47593	9624	9422800000	33
2016.01.04	17:00:00	1.47588	1.47801	1.47529	1.47621	12615	9307300000	33
2016.01.04	18:00:00	1.47622	1.47641	1.47424	1.47448	10317	8268400000	33
2016.01.04	19:00:00	1.47448	1.47496	1.47301	1.47449	5721	5570000000	33
2016.01.04	20:00:00	1.47447	1.47558	1.47410	1.47432	4326	4019950000	37
2016.01.04	21:00:00	1.47431	1.47559	1.47360	1.47417	4440	4406850000	35
2016.01.04	22:00:00	1.47416	1.47594	1.47398	1.47589	4125	3920500000	39
2016.01.04	23:00:00	1.47593	1.47595	1.47398	1.47453	2442	2153800000	38
2016.01.05	00:00:00	1.47455	1.48328	1.47260	1.47445	203011	2325900000	0
2016.01.05	01:00:00	1.47447	1.47532	1.47365	1.47485	2908	1961550000	33
2016.01.05	02:00:00	1.47484	1.47519	1.47385	1.47418	1897	959700000	38
2016.01.05	03:00:00	1.47420	1.47609	1.47403	1.47589	3084	3209000000	41
2016.01.05	04:00:00	1.47589	1.47599	1.47397	1.47423	2442	2693950000	33
2016.01.05	05:00:00	1.47425	1.47525	1.47415	1.47443	1555	1645650000	33
2016.01.05	06:00:00	1.47443	1.47495	1.47342	1.47397	2323	2461900000	39
2016.01.05	07:00:00	1.47397	1.47414	1.47263	1.47335	1957	1629750000	39
2016.01.05	08:00:00	1.47335	1.47532	1.47268	1.47528	3830	4407200000	38
2016.01.05	09:00:00	1.47529	1.47752	1.47451	1.47639	6531	6499000000	33
2016.01.05	10:00:00	1.47638	1.47781	1.47466	1.47653	8807	8013300000	33
2016.01.05	11:00:00	1.47650	1.48020	1.47552	1.47788	8255	8282950000	33
2016.01.05	12:00:00	1.47788	1.47822	1.47607	1.47728	8717	8849850000	33
2016.01.05	13:00:00	1.47728	1.48220	1.47701	1.48094	8107	7810750000	33
2016.01.05	14:00:00	1.48092	1.48339	1.47995	1.48112	6908	7461550000	33
2016.01.05	15:00:00	1.48111	1.48226	1.47910	1.48226	7445	8311650000	33
2016.01.05	16:00:00	1.48226	1.48317	1.47983	1.48058	8813	9584750000	34
2016.01.05	17:00:00	1.48058	1.48266	1.48004	1.48124	9866	9824950000	0
2016.01.05	18:00:00	1.48122	1.48196	1.47998	1.47998	7978	8253450000	34
2016.01.05	19:00:00	1.47999	1.48054	1.47890	1.47908	5158	4932550000	38
2016.01.05	20:00:00	1.47908	1.48136	1.47904	1.48116	3970	4088300000	33
2016.01.05	21:00:00	1.48118	1.48118	1.47862	1.47878	3495	4029950000	33
2016.01.05	22:00:00	1.47865	1.48020	1.47845	1.47967	3949	4342150000	37
2016.01.05	23:00:00	1.47969	1.48016	1.47908	1.47966	2036	2089200000	29
2016.01.06	00:00:00	1.47985	1.48070	1.47137	1.47983	245428	3209000000	36
2016.01.06	01:00:00	1.47983	1.48012	1.47913	1.47991	2757	1518400000	33
2016.01.06	02:00:00	1.47980	1.48038	1.47945	1.47989	2320	1989550000	42
2016.01.06	03:00:00	1.47988	1.48082	1.47792	1.47837	6212	4501100000	34
2016.01.06	04:00:00	1.47836	1.47880	1.47697	1.47697	3751	3451650000	33
2016.01.06	05:00:00	1.47697	1.47964	1.47657	1.47961	3560	2550950000	35
2016.01.06	06:00:00	1.47963	1.47998	1.47832	1.47929	2120	1793100000	34
2016.01.06	07:00:00	1.47929	1.48015	1.47892	1.47952	2398	2191900000	39
2016.01.06	08:00:00	1.47952	1.48001	1.47852	1.47938	2825	3069100000	44
2016.01.06	09:00:00	1.47938	1.48034	1.47759	1.47759	8179	7661350000	33
2016.01.06	10:00:00	1.47759	1.47774	1.47584	1.47714	8648	8523450000	35
2016.01.06	11:00:00	1.47714	1.48032	1.47695	1.47880	8508	9188150000	35
2016.01.06	12:00:00	1.47880	1.48037	1.47805	1.47924	7016	7771700000	33
2016.01.06	13:00:00	1.47927	1.47943	1.47760	1.47886	7268	7960050000	33
2016.01.06	14:00:00	1.47884	1.47888	1.47641	1.47778	6908	7619500000	34
2016.01.06	15:00:00	1.47778	1.47900	1.47585	1.47900	9684	10411200000	33
2016.01.06	16:00:00	1.47899	1.47905	1.47587	1.47592	9909	10400700000	34
2016.01.06	17:00:00	1.47590	1.47787	1.47193	1.47350	11733	11300700000	33
2016.01.06	18:00:00	1.47350	1.47558	1.47350	1.47488	7924	8553650000	36
2016.01.06	19:00:00	1.47488	1.47656	1.47431	1.47655	4985	4849650000	35
2016.01.06	20:00:00	1.47655	1.47665	1.47538	1.47583	4987	4419950000	38
2016.01.06	21:00:00	1.47584	1.47671	1.47151	1.47193	11681	11933700000	33
2016.01.06	22:00:00	1.47191	1.47339	1.47151	1.47292	5374	5610900000	40
2016.01.06	23:00:00	1.47292	1.47375	1.47223	1.47307	2488	2110750000	0
2016.01.07	00:00:00	1.47374	1.47447	1.45009	1.47349	301594	2903150000	0
2016.01.07	01:00:00	1.47364	1.47432	1.47305	1.47357	1721	1838900000	47
2016.01.07	02:00:00	1.47356	1.47380	1.47306	1.47358	2039	2275400000	39
2016.01.07	03:00:00	1.47358	1.47410	1.47050	1.47060	6940	7021550000	33
2016.01.07	04:00:00	1.47060	1.47162	1.46861	1.46872	3860	4061550000	33
2016.01.07	05:00:00	1.46872	1.46912	1.46643	1.46742	3319	3689500000	40
2016.01.07	06:00:00	1.46745	1.46816	1.46653	1.46653	3059	2448500000	37
2016.01.07	07:00:00	1.46653	1.46786	1.46585	1.46596	2054	2191800000	39
2016.01.07	08:00:00	1.46595	1.46731	1.46532	1.46695	3517	3549650000	35
2016.01.07	09:00:00	1.46696	1.46892	1.46592	1.46782	8795	9359750000	33
2016.01.07	10:00:00	1.46779	1.47019	1.46422	1.46585	10737	11170400000	33
2016.01.07	11:00:00	1.46585	1.46588	1.45949	1.46126	12027	12246050000	33
2016.01.07	12:00:00	1.46129	1.46181	1.45667	1.45927	9486	8959400000	33
2016.01.07	13:00:00	1.45925	1.45928	1.45501	1.45679	8439	8664250000	33
2016.01.07	14:00:00	1.45681	1.45858	1.45440	1.45851	8444	8772200000	33
2016.01.07	15:00:00	1.45848	1.45922	1.45665	1.45770	8850	9234400000	33
2016.01.07	16:00:00	1.45774	1.46318	1.45747	1.46265	10276	10709250000	33
2016.01.07	17:00:00	1.46263	1.46350	1.45877	1.46146	10777	11554250000	33
2016.01.07	18:00:00	1.46152	1.46181	1.45909	1.46046	9328	9534950000	33
2016.01.07	19:00:00	1.46045	1.46060	1.45712	1.45997	6207	6911700000	33
2016.01.07	20:00:00	1.45997	1.46073	1.45378	1.45441	7311	7236800000	33
2016.01.07	21:00:00	1.45442	1.45541	1.45071	1.45135	5939	5655100000	33
2016.01.07	22:00:00	1.45135	1.45221	1.45018	1.45124	5845	6146950000	33
2016.01.07	23:00:00	1.45122	1.45265	1.45078	1.45131	2233	1680400000	33
2016.01.08	00:00:00	1.45153	1.46439	1.44263	1.45386	289784	2865750000	33
2016.01.08	01:00:00	1.45366	1.45415	1.45245	1.45306	3232	2687000000	39
2016.01.08	02:00:00	1.45306	1.45387	1.45231	1.45303	3417	3141550000	33
2016.01.08	03:00:00	1.45303	1.46036	1.45219	1.45770	8734	8451900000	33
2016.01.08	04:00:00	1.45773	1.45860	1.45699	1.45797	3994	3717900000	33
2016.01.08	05:00:00	1.45797	1.45937	1.45796	1.45852	2807	2793800000	33
2016.01.08	06:00:00	1.45852	1.45933	1.45729	1.45930	2778	2933100000	33
2016.01.08	07:00:00	1.45930	1.45945	1.45684	1.45698	2675	2864150000	33
2016.01.08	08:00:00	1.45694	1.45953	1.45694	1.45924	3643	2771150000	33
2016.01.08	09:00:00	1.45923	1.46176	1.45775	1.45788	5980	5581950000	34
2016.01.08	10:00:00	1.45790	1.46184	1.45557	1.46124	8362	7605750000	33
2016.01.08	11:00:00	1.46124	1.46421	1.46068	1.46327	7378	8001650000	33
2016.01.08	12:00:00	1.46327	1.46453	1.46109	1.46112	6864	7318900000	33
2016.01.08	13:00:00	1.46106	1.46220	1.45765	1.45828	6498	6968150000	33
2016.01.08	14:00:00	1.45830	1.45904	1.45655	1.45725	6215	6300850000	33
2016.01.08	15:00:00	1.45721	1.46312	1.45599	1.45783	13185	11433200000	33
2016.01.08	16:00:00	1.45786	1.45924	1.45189	1.45454	13059	12756800000	33
2016.01.08	17:00:00	1.45445	1.45472	1.44446	1.44607	13289	12919000000	33
2016.01.08	18:00:00	1.44615	1.44892	1.44282	1.44786	11882	12049650000	33
2016.01.08	19:00:00	1.44787	1.44939	1.44600	1.44784	7091	6902000000	33
2016.01.08	20:00:00	1.44780	1.44883	1.44564	1.44657	6266	6145100000	37
2016.01.08	21:00:00	1.44659	1.44682	1.44492	1.44537	5281	5034900000	39
2016.01.08	22:00:00	1.44541	1.44624	1.44274	1.44469	4686	4776000000	37
2016.01.08	23:00:00	1.44466	1.44510	1.44263	1.44282	2617	1974670000	41
2016.01.11	00:00:00	1.44539	1.45763	1.43477	1.44116	233764	1798000000	119
2016.01.11	01:00:00	1.44040	1.44200	1.43484	1.44118	13180	7352645000	70
2016.01.11	02:00:00	1.44119	1.44310	1.44009	1.44161	5936	3508550000	70
2016.01.11	03:00:00	1.44163	1.44241	1.44033	1.44195	6115	2602850000	70
2016.01.11	04:00:00	1.44192	1.44384	1.44191	1.44358	5859	2997900000	70
2016.01.11	05:00:00	1.44356	1.44468	1.44259	1.44397	1885	959700000	70
2016.01.11	06:00:00	1.44419	1.44526	1.44417	1.44498	1145	728450000	44
2016.01.11	07:00:00	1.44498	1.44505	1.44370	1.44439	1807	1436600000	33
2016.01.11	08:00:00	1.44442	1.44501	1.44293	1.44297	2154	2004300000	33
2016.01.11	09:00:00	1.44297	1.44728	1.44293	1.44528	5723	5427400000	35
2016.01.11	10:00:00	1.44541	1.45561	1.44541	1.45395	9209	8977300000	33
2016.01.11	11:00:00	1.45395	1.45502	1.45204	1.45354	7250	6931800000	33
2016.01.11	12:00:00	1.45352	1.45370	1.44983	1.44989	6006	5232150000	33
2016.01.11	13:00:00	1.44991	1.45171	1.44820	1.45090	6254	6413700000	33
2016.01.11	14:00:00	1.45092	1.45397	1.45082	1.45338	6219	6406450000	33
2016.01.11	15:00:00	1.45338	1.45711	1.45290	1.45521	9152	7454598000	33
2016.01.11	16:00:00	1.45521	1.45773	1.45077	1.45212	9934	9664981000	33
2016.01.11	17:00:00	1.45206	1.45716	1.45093	1.45556	11094	9941000000	33
2016.01.11	18:00:00	1.45558	1.45609	1.45027	1.45604	10059	7385400000	33
2016.01.11	19:00:00	1.45602	1.45624	1.45306	1.45571	7251	6783200000	33
2016.01.11	20:00:00	1.45571	1.45624	1.45139	1.45259	5138	5356250000	33
2016.01.11	21:00:00	1.45259	1.45650	1.45088	1.45411	5576	5819800000	34
2016.01.11	22:00:00	1.45404	1.45742	1.45329	1.45677	4530	4513600000	35
2016.01.11	23:00:00	1.45679	1.45706	1.45533	1.45602	1750	1479960000	37
2016.01.12	00:00:00	1.45603	1.45808	1.43793	1.45667	247235	2450100000	49
2016.01.12	01:00:00	1.45672	1.45678	1.45556	1.45645	2461	2128500000	46
2016.01.12	02:00:00	1.45645	1.45781	1.45530	1.45758	3094	2425750000	36
2016.01.12	03:00:00	1.45767	1.45815	1.45455	1.45522	4532	3814900000	35
2016.01.12	04:00:00	1.45526	1.45535	1.45228	1.45288	2445	1911050000	41
2016.01.12	05:00:00	1.45288	1.45369	1.45225	1.45300	2929	2803200000	39
2016.01.12	06:00:00	1.45299	1.45319	1.45084	1.45107	1838	1937200000	33
2016.01.12	07:00:00	1.45107	1.45257	1.45053	1.45223	2871	2713200000	33
2016.01.12	08:00:00	1.45223	1.45236	1.44974	1.45126	3928	3089650000	44
2016.01.12	09:00:00	1.45127	1.45198	1.44850	1.44914	5419	5298750000	35
2016.01.12	10:00:00	1.44920	1.45074	1.44730	1.44973	7625	7167200000	33
2016.01.12	11:00:00	1.44973	1.45173	1.44773	1.44886	9163	9250421000	33
2016.01.12	12:00:00	1.44886	1.44998	1.44479	1.44533	8868	8479750000	33
2016.01.12	13:00:00	1.44535	1.44584	1.44174	1.44328	8848	8640850000	33
2016.01.12	14:00:00	1.44328	1.44514	1.44092	1.44447	8025	7906250000	35
2016.01.12	15:00:00	1.44447	1.44638	1.44173	1.44268	9322	10628650000	33
2016.01.12	16:00:00	1.44268	1.44419	1.44107	1.44170	10808	10207250000	34
2016.01.12	17:00:00	1.44175	1.44264	1.43805	1.44170	11938	12038150000	33
2016.01.12	18:00:00	1.44170	1.44495	1.44014	1.44429	10345	11483150000	33
2016.01.12	19:00:00	1.44430	1.44813	1.44397	1.44705	8225	8942850000	33
2016.01.12	20:00:00	1.44707	1.44853	1.44602	1.44645	7240	7962548000	37
2016.01.12	21:00:00	1.44645	1.44709	1.44340	1.44661	6658	6925400000	36
2016.01.12	22:00:00	1.44657	1.44850	1.44535	1.44738	4521	4856850000	33
2016.01.12	23:00:00	1.44738	1.44827	1.44666	1.44737	2230	1978050000	29
2016.01.13	00:00:00	1.44757	1.45910	1.44604	1.44611	256686	2207937000	33
2016.01.13	01:00:00	1.44613	1.44885	1.44610	1.44794	3007	2934049000	37
2016.01.13	02:00:00	1.44793	1.45076	1.44706	1.44946	4149	3538050000	33
2016.01.13	03:00:00	1.44946	1.45411	1.44917	1.45326	5636	5420100000	33
2016.01.13	04:00:00	1.45339	1.45562	1.45216	1.45216	4955	5259400000	33
2016.01.13	05:00:00	1.45216	1.45286	1.45134	1.45257	2657	2790000000	33
2016.01.13	06:00:00	1.45257	1.45327	1.45233	1.45288	2232	2389100000	35
2016.01.13	07:00:00	1.45287	1.45289	1.45109	1.45264	4114	3875199000	33
2016.01.13	08:00:00	1.45263	1.45303	1.45086	1.45178	3430	2645250000	33
2016.01.13	09:00:00	1.45178	1.45226	1.44876	1.45061	7900	7768700000	33
2016.01.13	10:00:00	1.45061	1.45550	1.44957	1.45407	10311	9967000000	33
2016.01.13	11:00:00	1.45410	1.45815	1.45356	1.45633	9368	9359600000	33
2016.01.13	12:00:00	1.45633	1.45746	1.45275	1.45459	8316	8578000000	34
2016.01.13	13:00:00	1.45458	1.45468	1.44978	1.44980	8055	7569250000	34
2016.01.13	14:00:00	1.44979	1.45583	1.44880	1.45439	6534	6262850000	33
2016.01.13	15:00:00	1.45439	1.45782	1.45407	1.45463	5804	5556750000	35
2016.01.13	16:00:00	1.45461	1.45564	1.45201	1.45455	7933	6660400000	33
2016.01.13	17:00:00	1.45455	1.45792	1.45184	1.45789	10274	8816150000	33
2016.01.13	18:00:00	1.45787	1.45926	1.45572	1.45596	10887	11673347000	33
2016.01.13	19:00:00	1.45597	1.45694	1.45457	1.45574	7356	7748350000	36
2016.01.13	20:00:00	1.45574	1.45593	1.45287	1.45407	7169	6844000000	35
2016.01.13	21:00:00	1.45407	1.45546	1.45224	1.45358	8751	8869400000	33
2016.01.13	22:00:00	1.45357	1.45428	1.45097	1.45132	6986	6950250000	39
2016.01.13	23:00:00	1.45132	1.45248	1.44851	1.44889	4413	3872700000	33
2016.01.14	00:00:00	1.44913	1.45448	1.43891	1.45058	285071	3248950000	20
2016.01.14	01:00:00	1.45054	1.45102	1.44878	1.44956	4549	4573700000	40
2016.01.14	02:00:00	1.44956	1.44999	1.44861	1.44910	4396	4608700000	36
2016.01.14	03:00:00	1.44909	1.45019	1.44721	1.45017	5576	5248200000	39
2016.01.14	04:00:00	1.45018	1.45021	1.44865	1.44940	3554	3265600000	33
2016.01.14	05:00:00	1.44942	1.45057	1.44937	1.44971	2731	2923150000	40
2016.01.14	06:00:00	1.44970	1.45004	1.44784	1.44820	2248	2594450000	36
2016.01.14	07:00:00	1.44820	1.45088	1.44806	1.45026	3088	3622400000	33
2016.01.14	08:00:00	1.45023	1.45359	1.45010	1.45285	4123	4640200000	37
2016.01.14	09:00:00	1.45293	1.45460	1.45148	1.45234	6998	7121200000	33
2016.01.14	10:00:00	1.45236	1.45409	1.44825	1.44841	10353	9497100000	33
2016.01.14	11:00:00	1.44839	1.44942	1.44283	1.44443	11189	10644900000	33
2016.01.14	12:00:00	1.44442	1.44460	1.43936	1.44081	9900	9679600000	33
2016.01.14	13:00:00	1.44082	1.44253	1.43916	1.44080	9777	9063200000	33
2016.01.14	14:00:00	1.44077	1.44805	1.44058	1.44668	11302	12048350000	33
2016.01.14	15:00:00	1.44667	1.44874	1.44463	1.44642	10199	10429700000	33
2016.01.14	16:00:00	1.44641	1.44966	1.44448	1.44494	11816	12676699000	34
2016.01.14	17:00:00	1.44493	1.45254	1.44428	1.45105	13164	12723690000	33
2016.01.14	18:00:00	1.45111	1.45256	1.44828	1.45112	11148	11406200000	33
2016.01.14	19:00:00	1.45113	1.45263	1.44753	1.44917	8328	8226150000	34
2016.01.14	20:00:00	1.44918	1.45281	1.44888	1.45071	7336	7933350000	33
2016.01.14	21:00:00	1.45071	1.45172	1.44782	1.44791	5865	5097600000	33
2016.01.14	22:00:00	1.44787	1.45001	1.44771	1.44855	5155	3589550000	40
2016.01.14	23:00:00	1.44856	1.44908	1.44771	1.44781	2122	1791550000	33
2016.01.15	00:00:00	1.44784	1.45030	1.42208	1.44909	328556	1828100000	33
2016.01.15	01:00:00	1.44910	1.44998	1.44868	1.44995	5812	4385400000	34
2016.01.15	02:00:00	1.44996	1.45044	1.44904	1.44906	3281	3478300000	33
2016.01.15	03:00:00	1.44903	1.44947	1.44677	1.44794	3654	3946700000	37
2016.01.15	04:00:00	1.44794	1.44843	1.44682	1.44693	2196	2332750000	35
2016.01.15	05:00:00	1.44689	1.44768	1.44617	1.44617	2090	1935200000	42
2016.01.15	06:00:00	1.44620	1.44687	1.44549	1.44646	3306	3567100000	39
2016.01.15	07:00:00	1.44646	1.44686	1.44545	1.44664	2842	2847350000	40
2016.01.15	08:00:00	1.44664	1.44782	1.44503	1.44555	3749	3935300000	35
2016.01.15	09:00:00	1.44546	1.44641	1.44227	1.44564	7690	7582000000	33
2016.01.15	10:00:00	1.44569	1.44764	1.43912	1.44008	10442	10320350000	33
2016.01.15	11:00:00	1.44006	1.44166	1.43833	1.44155	10928	10784250000	33
2016.01.15	12:00:00	1.44153	1.44174	1.43849	1.43853	7967	8757200000	33
2016.01.15	13:00:00	1.43852	1.44220	1.43729	1.44220	6756	7735406000	33
2016.01.15	14:00:00	1.44220	1.44255	1.43786	1.44002	7127	7502550000	33
2016.01.15	15:00:00	1.44006	1.44029	1.42816	1.43309	11153	10713217000	33
2016.01.15	16:00:00	1.43309	1.43576	1.43110	1.43264	12178	11121466000	33
2016.01.15	17:00:00	1.43274	1.43440	1.42734	1.42863	12122	12590450000	33
2016.01.15	18:00:00	1.42867	1.43006	1.42550	1.42652	11285	9872850000	33
2016.01.15	19:00:00	1.42653	1.42720	1.42220	1.42581	10220	9986395000	33
2016.01.15	20:00:00	1.42581	1.42598	1.42349	1.42391	7421	7186145000	33
2016.01.15	21:00:00	1.42397	1.42934	1.42370	1.42912	6595	6738800000	33
2016.01.15	22:00:00	1.42912	1.42912	1.42664	1.42796	5512	5916400000	33
2016.01.15	23:00:00	1.42796	1.42945	1.42603	1.42631	2490	1779190000	34
2016.01.18	00:00:00	1.42629	1.44159	1.42449	1.42799	165270	1989000000	0
2016.01.18	01:00:00	1.42799	1.42977	1.42683	1.42971	2996	2749600000	41
2016.01.18	02:00:00	1.42973	1.42974	1.42766	1.42904	3145	3212800000	33
2016.01.18	03:00:00	1.42903	1.43303	1.42898	1.43238	4859	5287500000	33
2016.01.18	04:00:00	1.43238	1.43347	1.43085	1.43330	3021	3394300000	35
2016.01.18	05:00:00	1.43330	1.43552	1.43272	1.43467	3610	3618300000	33
2016.01.18	06:00:00	1.43463	1.43587	1.43450	1.43451	3504	3896800000	38
2016.01.18	07:00:00	1.43457	1.43571	1.43435	1.43461	2750	2984500000	33
2016.01.18	08:00:00	1.43461	1.43574	1.43281	1.43468	4058	4011700000	33
2016.01.18	09:00:00	1.43469	1.43687	1.43219	1.43237	7307	7834500000	33
2016.01.18	10:00:00	1.43238	1.44177	1.43237	1.43891	11506	11883230000	33
2016.01.18	11:00:00	1.43891	1.43963	1.43564	1.43586	9613	9806900000	33
2016.01.18	12:00:00	1.43587	1.43726	1.43385	1.43518	8344	9013100000	33
2016.01.18	13:00:00	1.43518	1.43698	1.43430	1.43697	8013	8364200000	33
2016.01.18	14:00:00	1.43697	1.43719	1.43530	1.43631	6239	6790400000	33
2016.01.18	15:00:00	1.43631	1.43682	1.43395	1.43493	6191	6826300000	33
2016.01.18	16:00:00	1.43498	1.43545	1.43358	1.43411	6027	7143450000	33
2016.01.18	17:00:00	1.43404	1.43720	1.43397	1.43635	6129	6500100000	33
2016.01.18	18:00:00	1.43638	1.43744	1.43414	1.43507	4950	5636450000	33
2016.01.18	19:00:00	1.43510	1.43553	1.43305	1.43383	2216	2445527000	33
2016.01.18	20:00:00	1.43384	1.43384	1.43222	1.43223	2087	2374500000	33
2016.01.18	21:00:00	1.43224	1.43277	1.43174	1.43219	1519	1572900000	33
2016.01.18	22:00:00	1.43217	1.43225	1.43095	1.43107	679	710300000	33
2016.01.18	23:00:00	1.43111	1.43141	1.43046	1.43114	844	788900000	40
2016.01.19	00:00:00	1.43153	1.44409	1.41792	1.43234	243749	696600000	45
2016.01.19	01:00:00	1.43217	1.43243	1.43168	1.43214	1881	2036450000	41
2016.01.19	02:00:00	1.43214	1.43480	1.43214	1.43391	3554	3408100000	36
2016.01.19	03:00:00	1.43394	1.43443	1.43298	1.43384	4030	4038850000	33
2016.01.19	04:00:00	1.43388	1.43435	1.43048	1.43127	4986	4887600000	33
2016.01.19	05:00:00	1.43125	1.43379	1.43087	1.43366	3944	4092000000	36
2016.01.19	06:00:00	1.43366	1.43557	1.43358	1.43481	2564	2771700000	36
2016.01.19	07:00:00	1.43482	1.43744	1.43481	1.43706	3388	3569400000	36
2016.01.19	08:00:00	1.43706	1.43933	1.43687	1.43855	3919	4251500000	33
2016.01.19	09:00:00	1.43852	1.44106	1.43689	1.43864	7625	7417058000	33
2016.01.19	10:00:00	1.43863	1.44115	1.43779	1.43993	8817	9224102000	33
2016.01.19	11:00:00	1.43987	1.44418	1.43853	1.44159	9331	9698081000	33
2016.01.19	12:00:00	1.44159	1.44298	1.44055	1.44218	7076	7891900000	33
2016.01.19	13:00:00	1.44202	1.44347	1.43820	1.43861	8485	8289750000	33
2016.01.19	14:00:00	1.43862	1.43865	1.42575	1.42751	9825	9730150000	33
2016.01.19	15:00:00	1.42754	1.42955	1.42709	1.42880	8305	9354870000	33
2016.01.19	16:00:00	1.42880	1.42951	1.41929	1.42184	11133	12027550000	33
2016.01.19	17:00:00	1.42179	1.42179	1.41805	1.41923	12900	13680100000	33
2016.01.19	18:00:00	1.41923	1.42223	1.41901	1.42142	9521	9411150000	33
2016.01.19	19:00:00	1.42145	1.42247	1.41827	1.41950	8238	7881400000	33
2016.01.19	20:00:00	1.41951	1.42138	1.41951	1.42132	6307	6439850000	33
2016.01.19	21:00:00	1.42131	1.42139	1.41908	1.42044	6029	6362850000	34
2016.01.19	22:00:00	1.42047	1.42296	1.42043	1.42210	5712	5678300000	33
2016.01.19	23:00:00	1.42210	1.42294	1.42011	1.42019	2522	2269600000	38
2016.01.20	00:00:00	1.42003	1.42667	1.41169	1.42110	289055	835000000	0
2016.01.20	01:00:00	1.42105	1.42266	1.42104	1.42247	1477	1463200000	42
2016.01.20	02:00:00	1.42245	1.42245	1.42004	1.42120	3178	3038600000	40
2016.01.20	03:00:00	1.42119	1.42134	1.41635	1.41847	5172	5544250000	33
2016.01.20	04:00:00	1.41845	1.41909	1.41577	1.41637	3224	3621800000	38
2016.01.20	05:00:00	1.41633	1.41648	1.41451	1.41574	5434	5989800000	33
2016.01.20	06:00:00	1.41576	1.41636	1.41511	1.41538	3570	3791850000	37
2016.01.20	07:00:00	1.41541	1.41561	1.41480	1.41511	4129	4306400000	34
2016.01.20	08:00:00	1.41513	1.41566	1.41413	1.41509	3722	3526300000	34
2016.01.20	09:00:00	1.41512	1.41909	1.41369	1.41869	8185	8536748000	33
2016.01.20	10:00:00	1.41869	1.42028	1.41295	1.41303	12530	11180133000	33
2016.01.20	11:00:00	1.41303	1.42055	1.41187	1.42039	11165	11909474000	33
2016.01.20	12:00:00	1.42032	1.42205	1.41867	1.41902	8600	9472952000	33
2016.01.20	13:00:00	1.41902	1.42094	1.41674	1.41955	7942	9566053000	33
2016.01.20	14:00:00	1.41955	1.42160	1.41817	1.41940	8345	9466934000	33
2016.01.20	15:00:00	1.41935	1.42210	1.41752	1.41832	9081	9824836000	33
2016.01.20	16:00:00	1.41832	1.42223	1.41645	1.42069	10493	10941941000	33
2016.01.20	17:00:00	1.42070	1.42383	1.41965	1.42333	12604	13241142000	33
2016.01.20	18:00:00	1.42332	1.42412	1.41945	1.42106	9339	9620217000	33
2016.01.20	19:00:00	1.42106	1.42181	1.41821	1.42049	7018	7649706000	33
2016.01.20	20:00:00	1.42049	1.42143	1.41868	1.41948	7633	8138590000	33
2016.01.20	21:00:00	1.41948	1.42323	1.41874	1.42139	7485	8037911000	33
2016.01.20	22:00:00	1.42146	1.42474	1.42081	1.42298	5623	6111509000	33
2016.01.20	23:00:00	1.42297	1.42675	1.42266	1.42399	2251	2197233000	33
2016.01.21	00:00:00	1.42500	1.43854	1.41381	1.42482	355305	500924000	47
2016.01.21	01:00:00	1.42473	1.42830	1.42440	1.42803	3080	3132000000	35
2016.01.21	02:00:00	1.42810	1.42868	1.42669	1.42675	4736	4897207000	35
2016.01.21	03:00:00	1.42675	1.42738	1.42469	1.42629	4209	4633115000	34
2016.01.21	04:00:00	1.42628	1.42683	1.42557	1.42606	5333	5551144000	39
2016.01.21	05:00:00	1.42607	1.42637	1.42370	1.42386	4464	4321420000	41
2016.01.21	06:00:00	1.42387	1.42443	1.42288	1.42307	4279	4323855000	44
2016.01.21	07:00:00	1.42309	1.42444	1.42233	1.42362	5350	5837106000	33
2016.01.21	08:00:00	1.42364	1.42480	1.42264	1.42284	4290	4678310000	35
2016.01.21	09:00:00	1.42288	1.42305	1.41728	1.42115	8403	8848385000	33
2016.01.21	10:00:00	1.42114	1.42382	1.42081	1.42270	11091	12873821000	33
2016.01.21	11:00:00	1.42273	1.42711	1.42197	1.42563	9436	10457676000	33
2016.01.21	12:00:00	1.42563	1.42699	1.42140	1.42380	9729	10571976000	33
2016.01.21	13:00:00	1.42380	1.42392	1.41853	1.41978	8703	10199850000	33
2016.01.21	14:00:00	1.41978	1.41978	1.41397	1.41731	9883	10686468000	33
2016.01.21	15:00:00	1.41725	1.43057	1.41639	1.42920	12628	13948128000	33
2016.01.21	16:00:00	1.42917	1.43061	1.42194	1.42571	13287	13853400000	33
2016.01.21	17:00:00	1.42572	1.43392	1.42572	1.42861	12678	13674181000	33
2016.01.21	18:00:00	1.42861	1.43579	1.42842	1.43541	12234	12966785000	33
2016.01.21	19:00:00	1.43547	1.43868	1.43508	1.43547	8903	9430119000	33
2016.01.21	20:00:00	1.43546	1.43742	1.42900	1.43112	9815	10426887000	33
2016.01.21	21:00:00	1.43112	1.43225	1.42919	1.43167	8696	8972835000	33
2016.01.21	22:00:00	1.43170	1.43332	1.43032	1.43263	5857	6630891000	36
2016.01.21	23:00:00	1.43260	1.43336	1.43137	1.43215	2960	3076450000	31
2016.01.22	00:00:00	1.43225	1.45641	1.43092	1.43255	270432	918500000	0
2016.01.22	01:00:00	1.43270	1.43377	1.43197	1.43377	2429	2694458000	45
2016.01.22	02:00:00	1.43377	1.43461	1.43293	1.43346	4221	4654614000	36
2016.01.22	03:00:00	1.43347	1.43457	1.43113	1.43119	5265	4890422000	33
2016.01.22	04:00:00	1.43119	1.43365	1.43104	1.43273	4559	4891040000	33
2016.01.22	05:00:00	1.43273	1.43313	1.43142	1.43221	3809	4211380000	37
2016.01.22	06:00:00	1.43223	1.43348	1.43206	1.43307	3134	3605607000	37
2016.01.22	07:00:00	1.43308	1.43555	1.43297	1.43514	4322	4872889000	35
2016.01.22	08:00:00	1.43513	1.43641	1.43364	1.43609	4628	5016269000	33
2016.01.22	09:00:00	1.43608	1.43927	1.43576	1.43720	8127	8797494000	33
2016.01.22	10:00:00	1.43720	1.44085	1.43600	1.43868	9806	10702093000	33
2016.01.22	11:00:00	1.43869	1.44316	1.43755	1.44160	9817	10337879000	33
2016.01.22	12:00:00	1.44160	1.44212	1.43918	1.44020	8494	9182951000	33
2016.01.22	13:00:00	1.44020	1.44674	1.44020	1.44635	8107	8762908000	33
2016.01.22	14:00:00	1.44634	1.45149	1.44532	1.45012	9327	10363747000	33
2016.01.22	15:00:00	1.45014	1.45454	1.44978	1.45233	9264	10002739000	33
2016.01.22	16:00:00	1.45230	1.45492	1.45165	1.45431	10347	10963876000	33
2016.01.22	17:00:00	1.45468	1.45658	1.45157	1.45314	11820	12143732000	33
2016.01.22	18:00:00	1.45312	1.45480	1.45136	1.45191	10082	9623759000	33
2016.01.22	19:00:00	1.45192	1.45257	1.44965	1.45058	7095	7295769000	33
2016.01.22	20:00:00	1.45057	1.45336	1.45054	1.45302	6063	6058563000	33
2016.01.22	21:00:00	1.45302	1.45363	1.45066	1.45125	4570	4757117000	33
2016.01.22	22:00:00	1.45124	1.45164	1.45010	1.45053	3939	4183049000	33
2016.01.22	23:00:00	1.45054	1.45057	1.44746	1.44746	1893	1793778000	38
2016.01.25	00:00:00	1.44887	1.45147	1.44163	1.45033	214274	968500000	25
2016.01.25	01:00:00	1.45046	1.45046	1.44838	1.44840	2726	3097450000	35
2016.01.25	02:00:00	1.44836	1.44929	1.44798	1.44847	4753	4482315000	33
2016.01.25	03:00:00	1.44847	1.44938	1.44811	1.44905	4616	4647420000	33
2016.01.25	04:00:00	1.44899	1.45118	1.44873	1.45043	4958	5046268000	33
2016.01.25	05:00:00	1.45045	1.45134	1.45002	1.45068	5163	5335250000	33
2016.01.25	06:00:00	1.45067	1.45078	1.45018	1.45023	2963	3346348000	33
2016.01.25	07:00:00	1.45023	1.45056	1.44901	1.44923	3107	3519309000	42
2016.01.25	08:00:00	1.44926	1.45159	1.44910	1.45125	3793	4226991000	33
2016.01.25	09:00:00	1.45125	1.45153	1.44657	1.44781	7308	8091457000	33
2016.01.25	10:00:00	1.44776	1.44784	1.44446	1.44542	10744	11611914000	33
2016.01.25	11:00:00	1.44544	1.44627	1.44183	1.44570	8109	8797334000	33
2016.01.25	12:00:00	1.44571	1.44698	1.44465	1.44525	8012	8914929000	33
2016.01.25	13:00:00	1.44522	1.44584	1.44288	1.44453	6953	7390751000	33
2016.01.25	14:00:00	1.44453	1.44945	1.44453	1.44885	7358	8080755000	33
2016.01.25	15:00:00	1.44882	1.44922	1.44305	1.44472	9822	10802338000	33
2016.01.25	16:00:00	1.44472	1.44613	1.44357	1.44602	11210	12423760000	33
2016.01.25	17:00:00	1.44599	1.45012	1.44531	1.44915	11401	13100627000	33
2016.01.25	18:00:00	1.44916	1.44994	1.44538	1.44543	11305	11604631000	33
2016.01.25	19:00:00	1.44539	1.44723	1.44419	1.44657	5448	5994036000	33
2016.01.25	20:00:00	1.44658	1.44725	1.44554	1.44637	3718	4230163000	33
2016.01.25	21:00:00	1.44637	1.44826	1.44621	1.44724	3780	4495052000	33
2016.01.25	22:00:00	1.44722	1.44723	1.44290	1.44343	4222	4357444000	33
2016.01.25	23:00:00	1.44343	1.44414	1.44273	1.44278	2037	2684418000	27
2016.01.26	00:00:00	1.44282	1.46425	1.43518	1.44193	240872	1279381000	45
2016.01.26	01:00:00	1.44197	1.44301	1.44162	1.44162	2454	2419469000	42
2016.01.26	02:00:00	1.44164	1.44213	1.43867	1.44095	4881	5138881000	38
2016.01.26	03:00:00	1.44095	1.44176	1.43974	1.44165	4914	5125794000	39
2016.01.26	04:00:00	1.44165	1.44284	1.44074	1.44262	2902	3120071000	33
2016.01.26	05:00:00	1.44261	1.44308	1.44152	1.44218	3015	3291044000	36
2016.01.26	06:00:00	1.44218	1.44242	1.44152	1.44192	2802	3095558000	43
2016.01.26	07:00:00	1.44192	1.44233	1.44124	1.44163	2982	3139213000	33
2016.01.26	08:00:00	1.44162	1.44223	1.43785	1.43861	4490	4932392000	33
2016.01.26	09:00:00	1.43859	1.44014	1.43669	1.43929	7322	7894863000	33
2016.01.26	10:00:00	1.43935	1.44032	1.43532	1.43821	10554	11368831000	33
2016.01.26	11:00:00	1.43820	1.44311	1.43768	1.44268	10283	11791766000	33
2016.01.26	12:00:00	1.44268	1.44320	1.43922	1.44171	9658	10668417000	33
2016.01.26	13:00:00	1.44171	1.44715	1.44171	1.44579	8195	8533672000	33
2016.01.26	14:00:00	1.44572	1.44975	1.44534	1.44828	7933	9009432000	33
2016.01.26	15:00:00	1.44828	1.44979	1.44542	1.44958	9107	10266046000	33
2016.01.26	16:00:00	1.44950	1.45438	1.44816	1.45345	10493	11195943000	33
2016.01.26	17:00:00	1.45328	1.45923	1.45294	1.45784	11820	12037688000	33
2016.01.26	18:00:00	1.45784	1.46205	1.45653	1.46105	10945	10378661000	33
2016.01.26	19:00:00	1.46104	1.46435	1.46100	1.46241	6721	7076196000	33
2016.01.26	20:00:00	1.46238	1.46240	1.46097	1.46161	5000	5161875000	33
2016.01.26	21:00:00	1.46160	1.46267	1.46064	1.46098	4456	4984701000	35
2016.01.26	22:00:00	1.46098	1.46098	1.45964	1.45996	3400	3272038000	34
2016.01.26	23:00:00	1.45995	1.46050	1.45875	1.45875	2375	2460146000	0
2016.01.27	00:00:00	1.45879	1.45998	1.44264	1.45959	268607	1426775000	54
2016.01.27	01:00:00	1.45948	1.45951	1.45834	1.45854	2108	2272805000	33
2016.01.27	02:00:00	1.45855	1.45985	1.45826	1.45952	3150	3281466000	36
2016.01.27	03:00:00	1.45948	1.45975	1.45728	1.45835	4113	4247144000	33
2016.01.27	04:00:00	1.45835	1.45911	1.45811	1.45909	3124	2709080000	34
2016.01.27	05:00:00	1.45909	1.45909	1.45686	1.45729	2930	3199289000	33
2016.01.27	06:00:00	1.45732	1.45901	1.45710	1.45850	3079	3217347000	37
2016.01.27	07:00:00	1.45851	1.45970	1.45773	1.45851	3980	3911551000	42
2016.01.27	08:00:00	1.45852	1.46008	1.45727	1.45972	3811	4043282000	37
2016.01.27	09:00:00	1.45972	1.45972	1.45520	1.45679	8103	8131569000	33
2016.01.27	10:00:00	1.45679	1.45739	1.45308	1.45317	10807	10447272000	33
2016.01.27	11:00:00	1.45317	1.45461	1.45168	1.45223	8872	8432090000	33
2016.01.27	12:00:00	1.45223	1.45376	1.44869	1.45304	8418	8904164000	33
2016.01.27	13:00:00	1.45304	1.45315	1.45057	1.45260	6525	6704597000	33
2016.01.27	14:00:00	1.45262	1.45646	1.45256	1.45562	8379	8622250000	33
2016.01.27	15:00:00	1.45559	1.45775	1.45287	1.45442	9407	10094526000	33
2016.01.27	16:00:00	1.45441	1.45480	1.45155	1.45155	10952	7631853000	33
2016.01.27	17:00:00	1.45159	1.45276	1.44705	1.45039	12128	11318805000	33
2016.01.27	18:00:00	1.45037	1.45259	1.44915	1.45127	9648	10620223000	33
2016.01.27	19:00:00	1.45124	1.45267	1.44949	1.45219	6561	7853102000	33
2016.01.27	20:00:00	1.45218	1.45286	1.44914	1.45140	7030	7504842000	34
2016.01.27	21:00:00	1.45140	1.45390	1.44319	1.44514	12135	12545659000	33
2016.01.27	22:00:00	1.44518	1.44673	1.44278	1.44595	9340	9565002000	36
2016.01.27	23:00:00	1.44603	1.44622	1.44419	1.44448	2751	2872845000	0
2016.01.28	00:00:00	1.44460	1.46042	1.44395	1.44511	263772	1161271000	52
2016.01.28	01:00:00	1.44494	1.44558	1.44406	1.44479	2869	2777669000	41
2016.01.28	02:00:00	1.44480	1.44648	1.44454	1.44584	4751	4758147000	33
2016.01.28	03:00:00	1.44587	1.44774	1.44585	1.44744	4466	4234443000	35
2016.01.28	04:00:00	1.44743	1.44824	1.44688	1.44773	4189	4292950000	38
2016.01.28	05:00:00	1.44773	1.44773	1.44584	1.44648	3785	4199497000	33
2016.01.28	06:00:00	1.44649	1.44895	1.44628	1.44889	4491	4522042000	36
2016.01.28	07:00:00	1.44886	1.44981	1.44879	1.44903	3725	3770854000	33
2016.01.28	08:00:00	1.44902	1.45003	1.44758	1.44844	4218	4608822000	33
2016.01.28	09:00:00	1.44844	1.45098	1.44782	1.44935	8675	9214723000	33
2016.01.28	10:00:00	1.44937	1.45203	1.44745	1.44745	10265	10265227000	33
2016.01.28	11:00:00	1.44745	1.45382	1.44566	1.45292	10334	11055037000	33
2016.01.28	12:00:00	1.45292	1.45496	1.45076	1.45196	8943	9369287000	33
2016.01.28	13:00:00	1.45198	1.45241	1.44705	1.44977	8837	9299177000	33
2016.01.28	14:00:00	1.44980	1.45091	1.44826	1.44866	7906	8025289000	24
2016.01.28	15:00:00	1.44865	1.45135	1.44723	1.45118	10354	10679341000	33
2016.01.28	16:00:00	1.45118	1.45553	1.44963	1.45298	13294	12987891000	33
2016.01.28	17:00:00	1.45311	1.46002	1.45145	1.45848	12069	11452554000	33
2016.01.28	18:00:00	1.45848	1.46057	1.45347	1.45408	10079	7783650000	33
2016.01.28	19:00:00	1.45405	1.45727	1.45391	1.45693	6779	5115347000	33
2016.01.28	20:00:00	1.45692	1.45716	1.45528	1.45675	7459	4588815000	34
2016.01.28	21:00:00	1.45674	1.45736	1.45500	1.45539	4605	3238048000	27
2016.01.28	22:00:00	1.45542	1.45564	1.45461	1.45520	3895	3934890000	33
2016.01.28	23:00:00	1.45521	1.45570	1.45470	1.45519	2528	2589318000	36
2016.01.29	00:00:00	1.45555	1.46606	1.44786	1.45559	367649	952994000	33
2016.01.29	01:00:00	1.45552	1.45607	1.45475	1.45570	3495	3086368000	45
2016.01.29	02:00:00	1.45570	1.45645	1.45525	1.45608	4532	4329322000	33
2016.01.29	03:00:00	1.45604	1.45620	1.45425	1.45519	4793	4271155000	35
2016.01.29	04:00:00	1.45528	1.45639	1.45447	1.45625	3908	3497175000	33
2016.01.29	05:00:00	1.45622	1.46602	1.45499	1.45706	10383	9896901000	33
2016.01.29	06:00:00	1.45705	1.45848	1.45552	1.45825	8948	7468375000	33
2016.01.29	07:00:00	1.45825	1.46434	1.45788	1.46288	7204	6250946000	33
2016.01.29	08:00:00	1.46290	1.46566	1.46200	1.46400	6460	6227050000	33
2016.01.29	09:00:00	1.46406	1.46587	1.46197	1.46314	9407	9426566000	33
2016.01.29	10:00:00	1.46301	1.46562	1.46074	1.46426	11921	10595564000	33
2016.01.29	11:00:00	1.46426	1.46530	1.46169	1.46169	10211	9349061000	33
2016.01.29	12:00:00	1.46168	1.46276	1.45244	1.45511	10724	9439232000	33
2016.01.29	13:00:00	1.45514	1.46096	1.45500	1.45929	9780	8590442000	33
2016.01.29	14:00:00	1.45926	1.46259	1.45656	1.45710	10323	9740001000	33
2016.01.29	15:00:00	1.45707	1.46106	1.45666	1.45947	12639	11632818000	33
2016.01.29	16:00:00	1.45947	1.46202	1.45781	1.45919	12841	11015793000	33
2016.01.29	17:00:00	1.45923	1.46026	1.45167	1.45373	13528	12597655000	33
2016.01.29	18:00:00	1.45373	1.45430	1.44801	1.45025	13746	12963983000	33
2016.01.29	19:00:00	1.45025	1.45393	1.44991	1.45358	8733	8158886000	33
2016.01.29	20:00:00	1.45354	1.45650	1.45251	1.45639	7017	6576863000	33
2016.01.29	21:00:00	1.45640	1.45939	1.45561	1.45927	6261	5949049000	33
2016.01.29	22:00:00	1.45927	1.45951	1.45742	1.45951	4492	4516580000	33
2016.01.29	23:00:00	1.45948	1.45949	1.45626	1.45631	1984	1813381000	37
2016.02.01	00:00:00	1.45588	1.47242	1.45441	1.45705	229473	1185506000	33
2016.02.01	01:00:00	1.45714	1.45919	1.45714	1.45909	2816	2808799000	35
2016.02.01	02:00:00	1.45904	1.45967	1.45535	1.45627	5159	5096742000	36
2016.02.01	03:00:00	1.45627	1.45770	1.45611	1.45675	5095	5218755000	33
2016.02.01	04:00:00	1.45675	1.45796	1.45629	1.45697	3879	3977088000	33
2016.02.01	05:00:00	1.45694	1.45787	1.45616	1.45645	3298	3426639000	43
2016.02.01	06:00:00	1.45643	1.45708	1.45610	1.45684	3043	3093997000	37
2016.02.01	07:00:00	1.45683	1.45769	1.45682	1.45719	3342	3391738000	42
2016.02.01	08:00:00	1.45720	1.45749	1.45583	1.45735	3623	3192282000	31
2016.02.01	09:00:00	1.45735	1.45824	1.45523	1.45781	7580	7186343000	33
2016.02.01	10:00:00	1.45781	1.45951	1.45596	1.45871	8933	8552889000	33
2016.02.01	11:00:00	1.45871	1.46245	1.45602	1.45623	9114	8628886000	33
2016.02.01	12:00:00	1.45622	1.46009	1.45606	1.45898	9139	8740028000	33
2016.02.01	13:00:00	1.45901	1.46022	1.45728	1.45744	7870	7161614000	33
2016.02.01	14:00:00	1.45744	1.45950	1.45587	1.45891	8866	8233864000	33
2016.02.01	15:00:00	1.45891	1.45898	1.45501	1.45648	9163	8732601000	33
2016.02.01	16:00:00	1.45648	1.45889	1.45563	1.45676	10777	10192867000	33
2016.02.01	17:00:00	1.45672	1.46266	1.45601	1.46205	13295	11710954000	33
2016.02.01	18:00:00	1.46205	1.46626	1.46152	1.46569	9820	8541964000	33
2016.02.01	19:00:00	1.46569	1.46736	1.46439	1.46662	6341	5802033000	33
2016.02.01	20:00:00	1.46666	1.46924	1.46666	1.46891	5144	4601405000	33
2016.02.01	21:00:00	1.46896	1.47233	1.46772	1.47229	7779	6784384000	33
2016.02.01	22:00:00	1.47229	1.47229	1.47013	1.47157	5138	4817036000	33
2016.02.01	23:00:00	1.47157	1.47252	1.47093	1.47093	2397	2153603000	33
2016.02.02	00:00:00	1.47156	1.47529	1.46052	1.46999	224798	1684907000	41
2016.02.02	01:00:00	1.46999	1.47117	1.46997	1.47054	3160	2990581000	43
2016.02.02	02:00:00	1.47050	1.47143	1.47038	1.47118	3563	3632633000	36
2016.02.02	03:00:00	1.47113	1.47170	1.46995	1.47113	3046	3031499000	33
2016.02.02	04:00:00	1.47111	1.47173	1.47048	1.47165	4270	3989653000	33
2016.02.02	05:00:00	1.47165	1.47165	1.46769	1.46863	4429	4481120000	33
2016.02.02	06:00:00	1.46862	1.46938	1.46649	1.46652	5140	5262207000	33
2016.02.02	07:00:00	1.46651	1.46750	1.46439	1.46677	5491	5487200000	33
2016.02.02	08:00:00	1.46677	1.46725	1.46451	1.46660	5107	4929110000	23
2016.02.02	09:00:00	1.46663	1.46789	1.46504	1.46769	6694	6322287000	33
2016.02.02	10:00:00	1.46769	1.46933	1.46232	1.46311	10697	9975677000	33
2016.02.02	11:00:00	1.46311	1.46565	1.46073	1.46528	9096	7922571000	33
2016.02.02	12:00:00	1.46528	1.47078	1.46522	1.47033	8436	5659183000	33
2016.02.02	13:00:00	1.47033	1.47360	1.46792	1.47347	7995	7235214000	33
2016.02.02	14:00:00	1.47347	1.47544	1.47052	1.47075	7959	7740062000	33
2016.02.02	15:00:00	1.47072	1.47174	1.46469	1.46548	9443	8822163000	33
2016.02.02	16:00:00	1.46548	1.46812	1.46352	1.46788	11863	10739363000	33
2016.02.02	17:00:00	1.46791	1.46878	1.46488	1.46644	12250	11049241000	33
2016.02.02	18:00:00	1.46638	1.46704	1.46526	1.46589	8747	8472991000	33
2016.02.02	19:00:00	1.46588	1.46787	1.46446	1.46715	6227	5937586000	33
2016.02.02	20:00:00	1.46725	1.47015	1.46723	1.46990	5063	4792867000	25
2016.02.02	21:00:00	1.46987	1.47277	1.46861	1.47003	4901	4232430000	22
2016.02.02	22:00:00	1.47004	1.47032	1.46821	1.46838	5651	5107427000	35
2016.02.02	23:00:00	1.46840	1.46885	1.46682	1.46706	3089	2078612000	37
2016.02.03	00:00:00	1.46781	1.47642	1.46119	1.46752	338179	1492118000	42
2016.02.03	01:00:00	1.46746	1.46804	1.46712	1.46749	2876	2572407000	34
2016.02.03	02:00:00	1.46753	1.46803	1.46476	1.46581	4579	4508164000	33
2016.02.03	03:00:00	1.46581	1.46683	1.46491	1.46602	5675	5406988000	39
2016.02.03	04:00:00	1.46602	1.46749	1.46593	1.46685	4457	4397315000	44
2016.02.03	05:00:00	1.46686	1.46740	1.46534	1.46738	4138	4151342000	33
2016.02.03	06:00:00	1.46737	1.46745	1.46600	1.46675	3059	3107242000	36
2016.02.03	07:00:00	1.46675	1.46774	1.46566	1.46760	2801	2613406000	33
2016.02.03	08:00:00	1.46759	1.46818	1.46580	1.46779	3419	3441947000	37
2016.02.03	09:00:00	1.46781	1.46986	1.46631	1.46750	6445	5742958000	33
2016.02.03	10:00:00	1.46758	1.46823	1.46449	1.46649	9508	9265625000	33
2016.02.03	11:00:00	1.46649	1.47173	1.46604	1.46970	10923	10382591000	33
2016.02.03	12:00:00	1.46970	1.47188	1.46868	1.47079	10372	9798115000	33
2016.02.03	13:00:00	1.47074	1.47414	1.47027	1.47389	9484	8948197000	33
2016.02.03	14:00:00	1.47385	1.47529	1.47308	1.47372	8261	7929837000	33
2016.02.03	15:00:00	1.47374	1.47612	1.47256	1.47442	12466	11478902000	33
2016.02.03	16:00:00	1.47448	1.47658	1.47286	1.47458	14119	12006143000	33
2016.02.03	17:00:00	1.47444	1.47488	1.46308	1.47086	18398	14116837000	33
2016.02.03	18:00:00	1.47086	1.47205	1.46698	1.46758	13578	11489883000	33
2016.02.03	19:00:00	1.46765	1.46815	1.46458	1.46555	8553	7796488000	33
2016.02.03	20:00:00	1.46555	1.46572	1.46135	1.46175	12175	9663277000	24
2016.02.03	21:00:00	1.46175	1.46876	1.46175	1.46738	10907	8749268000	33
2016.02.03	22:00:00	1.46738	1.46943	1.46492	1.46615	8746	6823090000	33
2016.02.03	23:00:00	1.46614	1.46723	1.46539	1.46568	3265	2758451000	33
2016.02.04	00:00:00	1.46616	1.47079	1.44639	1.46704	373412	1665787000	55
2016.02.04	01:00:00	1.46706	1.46706	1.46553	1.46616	5409	4700539000	36
2016.02.04	02:00:00	1.46606	1.46635	1.46438	1.46515	4504	4327216000	34
2016.02.04	03:00:00	1.46514	1.46700	1.46444	1.46532	6175	6042391000	33
2016.02.04	04:00:00	1.46532	1.46746	1.46518	1.46653	3837	3529101000	39
2016.02.04	05:00:00	1.46653	1.46724	1.46525	1.46603	3634	3319069000	40
2016.02.04	06:00:00	1.46604	1.46671	1.46465	1.46491	4173	3753458000	37
2016.02.04	07:00:00	1.46490	1.46529	1.46439	1.46441	4305	3870867000	33
2016.02.04	08:00:00	1.46444	1.46769	1.46435	1.46701	3923	2638485000	26
2016.02.04	09:00:00	1.46701	1.46852	1.46482	1.46601	8792	7044646000	34
2016.02.04	10:00:00	1.46600	1.47097	1.46375	1.46886	15555	12964803000	33
2016.02.04	11:00:00	1.46886	1.47012	1.46609	1.46609	12844	11454006000	33
2016.02.04	12:00:00	1.46612	1.47036	1.46511	1.46727	10827	10180020000	33
2016.02.04	13:00:00	1.46727	1.46805	1.45947	1.46047	11515	11282724000	33
2016.02.04	14:00:00	1.46031	1.46195	1.45245	1.45831	15473	13965972000	33
2016.02.04	15:00:00	1.45827	1.45892	1.45443	1.45777	15584	14096189000	33
2016.02.04	16:00:00	1.45776	1.45813	1.45170	1.45227	15206	13450120000	33
2016.02.04	17:00:00	1.45226	1.45696	1.45124	1.45427	15210	13533846000	33
2016.02.04	18:00:00	1.45430	1.45461	1.44654	1.44687	12981	12421350000	33
2016.02.04	19:00:00	1.44692	1.45163	1.44682	1.45162	10568	9621800000	33
2016.02.04	20:00:00	1.45161	1.45301	1.45056	1.45070	8145	7977900000	33
2016.02.04	21:00:00	1.45066	1.45095	1.44857	1.44888	7986	8178600000	33
2016.02.04	22:00:00	1.44886	1.44979	1.44735	1.44838	6274	6107300000	33
2016.02.04	23:00:00	1.44838	1.44865	1.44741	1.44842	2313	2349900000	33
2016.02.05	00:00:00	1.44875	1.44906	1.43401	1.44702	320296	2068350000	63
2016.02.05	01:00:00	1.44761	1.44842	1.44737	1.44805	2902	3120000000	39
2016.02.05	02:00:00	1.44802	1.44872	1.44634	1.44634	4438	3971900000	33
2016.02.05	03:00:00	1.44634	1.44822	1.44593	1.44802	4373	4166700000	33
2016.02.05	04:00:00	1.44804	1.44821	1.44681	1.44763	3520	3958800000	34
2016.02.05	05:00:00	1.44760	1.44854	1.44713	1.44752	2722	2799750000	33
2016.02.05	06:00:00	1.44753	1.44825	1.44703	1.44762	4023	3971750000	34
2016.02.05	07:00:00	1.44765	1.44811	1.44714	1.44752	2772	2855050000	33
2016.02.05	08:00:00	1.44753	1.44775	1.44609	1.44746	3784	3208800000	33
2016.02.05	09:00:00	1.44746	1.44890	1.44259	1.44284	9213	8475200000	33
2016.02.05	10:00:00	1.44284	1.44551	1.44122	1.44174	11218	11706250000	33
2016.02.05	11:00:00	1.44175	1.44342	1.43944	1.44169	9854	9771100000	33
2016.02.05	12:00:00	1.44171	1.44308	1.43854	1.43879	8559	8318650000	33
2016.02.05	13:00:00	1.43878	1.44114	1.43871	1.44084	7388	7360800000	33
2016.02.05	14:00:00	1.44084	1.44398	1.44022	1.44308	7342	7494500000	33
2016.02.05	15:00:00	1.44310	1.44442	1.43890	1.44010	16246	15655900000	33
2016.02.05	16:00:00	1.44011	1.44453	1.43934	1.44363	16041	14602450000	33
2016.02.05	17:00:00	1.44362	1.44581	1.43783	1.43841	14847	14898950000	33
2016.02.05	18:00:00	1.43841	1.44089	1.43502	1.43767	12704	13156050000	33
2016.02.05	19:00:00	1.43768	1.43821	1.43479	1.43599	8942	9094200000	33
2016.02.05	20:00:00	1.43602	1.43647	1.43416	1.43490	7813	7635100000	33
2016.02.05	21:00:00	1.43489	1.43823	1.43471	1.43752	5608	5615250000	34
2016.02.05	22:00:00	1.43751	1.43888	1.43716	1.43845	5901	5763550000	34
2016.02.05	23:00:00	1.43844	1.43878	1.43556	1.43621	1909	1663350000	42
2016.02.08	00:00:00	1.43772	1.44465	1.42034	1.43787	379700	558000000	0
2016.02.08	01:00:00	1.43802	1.44065	1.43802	1.44033	3265	3349650000	51
2016.02.08	02:00:00	1.44034	1.44120	1.44032	1.44072	2861	2865100000	39
2016.02.08	03:00:00	1.44073	1.44161	1.44062	1.44135	3188	3276000000	35
2016.02.08	04:00:00	1.44130	1.44168	1.44066	1.44165	2476	2570650000	35
2016.02.08	05:00:00	1.44165	1.44208	1.44102	1.44165	2998	2477450000	37
2016.02.08	06:00:00	1.44165	1.44268	1.44122	1.44208	2840	2834600000	38
2016.02.08	07:00:00	1.44209	1.44298	1.44179	1.44210	2926	3026950000	39
2016.02.08	08:00:00	1.44210	1.44287	1.44096	1.44126	3014	3156900000	33
2016.02.08	09:00:00	1.44126	1.44476	1.44124	1.44389	8517	8175550000	33
2016.02.08	10:00:00	1.44389	1.44430	1.43815	1.43842	13105	13077950000	33
2016.02.08	11:00:00	1.43842	1.44017	1.43695	1.43804	12761	13582600000	33
2016.02.08	12:00:00	1.43804	1.43821	1.43242	1.43360	11497	11858250000	33
2016.02.08	13:00:00	1.43363	1.43598	1.43268	1.43554	11929	11120100000	33
2016.02.08	14:00:00	1.43550	1.43554	1.42972	1.43028	11268	12104650000	33
2016.02.08	15:00:00	1.43028	1.43410	1.42878	1.43325	13352	13712400000	33
2016.02.08	16:00:00	1.43324	1.43451	1.42678	1.42864	13946	14918000000	33
2016.02.08	17:00:00	1.42864	1.42980	1.42200	1.42220	15503	15228100000	33
2016.02.08	18:00:00	1.42219	1.42517	1.42048	1.42489	13425	13839392000	33
2016.02.08	19:00:00	1.42498	1.42721	1.42411	1.42657	9798	10643800000	33
2016.02.08	20:00:00	1.42657	1.42685	1.42194	1.42277	9285	9954100000	33
2016.02.08	21:00:00	1.42274	1.42355	1.42049	1.42207	8946	9977450000	33
2016.02.08	22:00:00	1.42204	1.42438	1.42123	1.42336	9277	10293050000	36
2016.02.08	23:00:00	1.42343	1.42473	1.42169	1.42393	3411	3666900000	33
2016.02.09	00:00:00	1.42413	1.42538	1.39843	1.42363	442608	1866897000	33
2016.02.09	01:00:00	1.42362	1.42490	1.42323	1.42471	5849	6098800000	44
2016.02.09	02:00:00	1.42475	1.42490	1.42115	1.42159	6050	6081050000	39
2016.02.09	03:00:00	1.42158	1.42293	1.42073	1.42132	7194	7057450000	33
2016.02.09	04:00:00	1.42133	1.42173	1.41881	1.42042	6784	6999500000	33
2016.02.09	05:00:00	1.42042	1.42106	1.41735	1.41917	8177	8287500000	33
2016.02.09	06:00:00	1.41919	1.42060	1.41855	1.41969	5685	5662750000	33
2016.02.09	07:00:00	1.41967	1.42077	1.41863	1.42019	4814	4929000000	33
2016.02.09	08:00:00	1.42017	1.42025	1.41879	1.41896	4843	4690900000	36
2016.02.09	09:00:00	1.41896	1.42246	1.41671	1.42210	11421	10369250000	33
2016.02.09	10:00:00	1.42208	1.42552	1.42037	1.42121	13902	14175850000	33
2016.02.09	11:00:00	1.42119	1.42289	1.41827	1.41953	12289	12727650000	33
2016.02.09	12:00:00	1.41953	1.42208	1.41742	1.41784	12526	12386650000	33
2016.02.09	13:00:00	1.41791	1.41875	1.41251	1.41448	11517	11318970000	33
2016.02.09	14:00:00	1.41448	1.41581	1.40931	1.41144	13204	12849000000	33
2016.02.09	15:00:00	1.41144	1.41144	1.39933	1.40016	14240	13388200000	33
2016.02.09	16:00:00	1.40019	1.40505	1.39928	1.40334	14165	15643300000	33
2016.02.09	17:00:00	1.40339	1.40645	1.39861	1.40487	15762	15665280000	33
2016.02.09	18:00:00	1.40486	1.40997	1.40356	1.40670	14039	14773550000	33
2016.02.09	19:00:00	1.40676	1.40805	1.40485	1.40642	10582	10941500000	33
2016.02.09	20:00:00	1.40629	1.40703	1.40410	1.40521	9617	9887350000	33
2016.02.09	21:00:00	1.40524	1.40662	1.40450	1.40528	9359	9107800000	33
2016.02.09	22:00:00	1.40522	1.40662	1.40400	1.40408	7245	7656450000	33
2016.02.09	23:00:00	1.40408	1.40742	1.40408	1.40729	2981	3189200000	33
2016.02.10	00:00:00	1.40733	1.42041	1.40420	1.40796	470246	2443250000	43
2016.02.10	01:00:00	1.40795	1.40820	1.40672	1.40706	5768	6126150000	34
2016.02.10	02:00:00	1.40704	1.40768	1.40573	1.40590	4951	5015350000	36
2016.02.10	03:00:00	1.40590	1.40680	1.40422	1.40557	5682	5688550000	33
2016.02.10	04:00:00	1.40557	1.40627	1.40459	1.40600	5685	5870750000	39
2016.02.10	05:00:00	1.40601	1.40840	1.40568	1.40735	3676	3895000000	33
2016.02.10	06:00:00	1.40737	1.40773	1.40626	1.40662	4853	5056600000	34
2016.02.10	07:00:00	1.40660	1.40713	1.40610	1.40693	3539	3713250000	37
2016.02.10	08:00:00	1.40694	1.40871	1.40690	1.40712	3469	3479250000	33
2016.02.10	09:00:00	1.40708	1.40997	1.40637	1.40770	10599	10625350000	37
2016.02.10	10:00:00	1.40768	1.41378	1.40571	1.41250	13940	14596000000	33
2016.02.10	11:00:00	1.41250	1.41303	1.40568	1.41150	12624	13239444000	33
2016.02.10	12:00:00	1.41152	1.41475	1.41113	1.41454	10826	11497650000	33
2016.02.10	13:00:00	1.41455	1.41601	1.41188	1.41362	10035	10133798000	33
2016.02.10	14:00:00	1.41364	1.41775	1.41353	1.41674	11151	11303650000	33
2016.02.10	15:00:00	1.41674	1.41858	1.41360	1.41562	15028	15015300000	33
2016.02.10	16:00:00	1.41564	1.41599	1.41132	1.41191	14571	12745600000	33
2016.02.10	17:00:00	1.41194	1.42057	1.41088	1.41521	15622	14509400000	33
2016.02.10	18:00:00	1.41526	1.41780	1.41196	1.41486	15480	15704500000	33
2016.02.10	19:00:00	1.41491	1.41634	1.41262	1.41546	12293	12148150000	33
2016.02.10	20:00:00	1.41549	1.41675	1.41350	1.41373	9167	8447400000	33
2016.02.10	21:00:00	1.41369	1.41447	1.41234	1.41355	8668	8230300000	34
2016.02.10	22:00:00	1.41359	1.41474	1.41238	1.41254	9083	8858400000	33
2016.02.10	23:00:00	1.41255	1.41519	1.41174	1.41255	4644	4699350000	33
2016.02.11	00:00:00	1.41344	1.41590	1.39215	1.41467	562073	2443300000	63
2016.02.11	01:00:00	1.41470	1.41487	1.41308	1.41312	5984	5629700000	39
2016.02.11	02:00:00	1.41312	1.41606	1.41283	1.41320	6720	6922500000	36
2016.02.11	03:00:00	1.41327	1.41445	1.41265	1.41327	7145	7467950000	36
2016.02.11	04:00:00	1.41352	1.41505	1.41334	1.41469	4695	4744850000	35
2016.02.11	05:00:00	1.41469	1.41503	1.41296	1.41341	4990	4809250000	33
2016.02.11	06:00:00	1.41341	1.41397	1.41195	1.41215	6362	6360950000	33
2016.02.11	07:00:00	1.41215	1.41293	1.41124	1.41233	5655	5623800000	36
2016.02.11	08:00:00	1.41232	1.41236	1.40956	1.41173	6731	6426050000	33
2016.02.11	09:00:00	1.41171	1.41403	1.41004	1.41081	9912	9826350000	33
2016.02.11	10:00:00	1.41081	1.41081	1.39359	1.39922	16342	15139300000	33
2016.02.11	11:00:00	1.39917	1.40024	1.39235	1.39835	14651	13850050000	33
2016.02.11	12:00:00	1.39838	1.40429	1.39673	1.40225	12303	11797750000	33
2016.02.11	13:00:00	1.40225	1.40314	1.39641	1.39831	11984	11475200000	33
2016.02.11	14:00:00	1.39831	1.40682	1.39645	1.39937	14782	13849750000	33
2016.02.11	15:00:00	1.39949	1.40434	1.39728	1.40255	14552	14572700000	33
2016.02.11	16:00:00	1.40252	1.40775	1.40161	1.40705	14542	13698575000	33
2016.02.11	17:00:00	1.40697	1.40913	1.40392	1.40492	15420	13750900000	33
2016.02.11	18:00:00	1.40492	1.40626	1.40129	1.40217	13657	12620350000	33
2016.02.11	19:00:00	1.40217	1.40623	1.40157	1.40602	10768	10581500000	33
2016.02.11	20:00:00	1.40599	1.40753	1.40437	1.40461	9753	9919050000	33
2016.02.11	21:00:00	1.40460	1.40827	1.40157	1.40725	11062	11837050000	37
2016.02.11	22:00:00	1.40727	1.40830	1.40423	1.40678	8756	8215850000	33
2016.02.11	23:00:00	1.40678	1.40782	1.40631	1.40741	3167	3131750000	38
2016.02.12	00:00:00	1.40752	1.42099	1.40596	1.40784	358495	1377100000	40
2016.02.12	01:00:00	1.40790	1.40847	1.40656	1.40779	6590	6418850000	56
2016.02.12	02:00:00	1.40779	1.40898	1.40606	1.40841	7535	7531950000	33
2016.02.12	03:00:00	1.40846	1.40946	1.40780	1.40920	6581	6713200000	36
2016.02.12	04:00:00	1.40915	1.40939	1.40806	1.40824	6096	6311650000	36
2016.02.12	05:00:00	1.40823	1.41015	1.40796	1.40996	6309	6425850000	38
2016.02.12	06:00:00	1.40995	1.41042	1.40854	1.40916	7377	7003700000	33
2016.02.12	07:00:00	1.40915	1.41006	1.40705	1.40779	5491	5854050000	33
2016.02.12	08:00:00	1.40778	1.40901	1.40687	1.40884	6841	7491700000	35
2016.02.12	09:00:00	1.40885	1.41514	1.40725	1.41402	11267	11777600000	33
2016.02.12	10:00:00	1.41393	1.41818	1.41256	1.41625	13918	13234449000	33
2016.02.12	11:00:00	1.41626	1.41981	1.41540	1.41699	11316	10924200000	33
2016.02.12	12:00:00	1.41699	1.42109	1.41638	1.41744	9981	10416050000	33
2016.02.12	13:00:00	1.41743	1.41856	1.41607	1.41645	9026	8961000000	33
2016.02.12	14:00:00	1.41648	1.41771	1.41477	1.41495	9685	9380900000	33
2016.02.12	15:00:00	1.41494	1.41737	1.41311	1.41398	12282	11404900000	33
2016.02.12	16:00:00	1.41400	1.41498	1.41090	1.41181	12806	13253200000	33
2016.02.12	17:00:00	1.41188	1.41592	1.41014	1.41223	12925	12478100000	34
2016.02.12	18:00:00	1.41223	1.41513	1.41085	1.41215	11556	11441400000	33
2016.02.12	19:00:00	1.41215	1.41407	1.41168	1.41311	7912	8169050000	33
2016.02.12	20:00:00	1.41312	1.41691	1.41279	1.41667	6647	10257150000	33
2016.02.12	21:00:00	1.41662	1.41757	1.41587	1.41598	5973	5865950000	33
2016.02.12	22:00:00	1.41595	1.41735	1.41519	1.41655	5191	5278400000	37
2016.02.12	23:00:00	1.41650	1.41764	1.41500	1.41595	2478	2094650000	33
2016.02.15	00:00:00	1.41704	1.42970	1.41387	1.41729	238739	2615650000	0
2016.02.15	01:00:00	1.41734	1.42052	1.41734	1.42010	5933	6157750000	53
2016.02.15	02:00:00	1.42009	1.42079	1.41765	1.41820	7080	6500800000	36
2016.02.15	03:00:00	1.41820	1.42042	1.41772	1.41998	7657	7517200000	39
2016.02.15	04:00:00	1.41993	1.42146	1.41896	1.42113	5751	5926050000	34
2016.02.15	05:00:00	1.42112	1.42256	1.42107	1.42237	4329	4209000000	34
2016.02.15	06:00:00	1.42235	1.42363	1.42230	1.42324	4856	4383600000	39
2016.02.15	07:00:00	1.42324	1.42477	1.42312	1.42388	6286	6133650000	35
2016.02.15	08:00:00	1.42386	1.42472	1.42248	1.42304	5335	5134600000	38
2016.02.15	09:00:00	1.42305	1.42482	1.42260	1.42405	11724	11529750000	33
2016.02.15	10:00:00	1.42405	1.42660	1.42142	1.42529	12838	12360600000	33
2016.02.15	11:00:00	1.42530	1.42621	1.42118	1.42134	10082	10332600000	33
2016.02.15	12:00:00	1.42134	1.42488	1.42133	1.42464	8556	8538800000	33
2016.02.15	13:00:00	1.42464	1.42541	1.42124	1.42158	7995	8535000000	33
2016.02.15	14:00:00	1.42158	1.42557	1.42148	1.42442	7427	7536850000	33
2016.02.15	15:00:00	1.42439	1.42693	1.42430	1.42634	7943	8357550000	33
2016.02.15	16:00:00	1.42637	1.42984	1.42596	1.42970	11807	11399050000	33
2016.02.15	17:00:00	1.42970	1.42977	1.42613	1.42829	9936	9919800000	33
2016.02.15	18:00:00	1.42827	1.42846	1.42581	1.42599	7188	7086650000	33
2016.02.15	19:00:00	1.42599	1.42643	1.42378	1.42524	4665	4766300000	33
2016.02.15	20:00:00	1.42532	1.42674	1.42439	1.42674	2246	2026400000	33
2016.02.15	21:00:00	1.42674	1.42752	1.42467	1.42576	2179	2325400000	34
2016.02.15	22:00:00	1.42575	1.42655	1.42512	1.42523	1464	1532950000	59
2016.02.15	23:00:00	1.42523	1.42534	1.42359	1.42359	1579	1365900000	48
2016.02.16	00:00:00	1.42465	1.43143	1.40934	1.42406	304849	2016200000	0
2016.02.16	01:00:00	1.42408	1.42549	1.42380	1.42504	4667	4460600000	42
2016.02.16	02:00:00	1.42504	1.42605	1.42404	1.42429	5524	5404650000	33
2016.02.16	03:00:00	1.42430	1.42591	1.42345	1.42579	6033	5839150000	33
2016.02.16	04:00:00	1.42578	1.42594	1.42452	1.42470	5728	5396950000	34
2016.02.16	05:00:00	1.42468	1.42619	1.42421	1.42517	4700	4561850000	33
2016.02.16	06:00:00	1.42517	1.42659	1.42512	1.42574	4922	4842900000	37
2016.02.16	07:00:00	1.42574	1.42619	1.42447	1.42474	4788	5105100000	41
2016.02.16	08:00:00	1.42473	1.42562	1.42315	1.42377	5868	5357735000	33
2016.02.16	09:00:00	1.42372	1.42665	1.42306	1.42594	9093	9324500000	33
2016.02.16	10:00:00	1.42593	1.43157	1.42491	1.43050	11939	11746550000	33
2016.02.16	11:00:00	1.43049	1.43066	1.42552	1.42601	13243	12945300000	33
2016.02.16	12:00:00	1.42596	1.42795	1.42375	1.42720	10272	11229250000	33
2016.02.16	13:00:00	1.42719	1.42719	1.42271	1.42375	9946	10112600000	33
2016.02.16	14:00:00	1.42371	1.42511	1.42242	1.42250	9325	9154000000	33
2016.02.16	15:00:00	1.42251	1.42271	1.41280	1.41492	12638	12654400000	33
2016.02.16	16:00:00	1.41492	1.41511	1.40956	1.41226	11910	11598950000	33
2016.02.16	17:00:00	1.41227	1.41496	1.41080	1.41411	12461	12021550000	33
2016.02.16	18:00:00	1.41411	1.41489	1.41151	1.41236	10738	10047900000	33
2016.02.16	19:00:00	1.41239	1.41408	1.41197	1.41382	6652	6941650000	33
2016.02.16	20:00:00	1.41378	1.41405	1.41207	1.41215	6040	5429350000	33
2016.02.16	21:00:00	1.41211	1.41309	1.41155	1.41155	4281	4192350000	35
2016.02.16	22:00:00	1.41156	1.41310	1.41142	1.41270	3474	3663350000	37
2016.02.16	23:00:00	1.41268	1.41397	1.41221	1.41345	2832	2990050000	38
2016.02.17	00:00:00	1.41381	1.42320	1.40370	1.41375	333134	1707100000	33
2016.02.17	01:00:00	1.41379	1.41428	1.41302	1.41352	3929	4027750000	33
2016.02.17	02:00:00	1.41352	1.41490	1.41318	1.41366	5611	5523050000	33
2016.02.17	03:00:00	1.41367	1.41410	1.41198	1.41393	6819	6996750000	36
2016.02.17	04:00:00	1.41393	1.41411	1.41249	1.41346	6014	6284950000	36
2016.02.17	05:00:00	1.41350	1.41359	1.41086	1.41130	4852	4952000000	34
2016.02.17	06:00:00	1.41126	1.41186	1.40918	1.40940	6673	6858250000	33
2016.02.17	07:00:00	1.40943	1.41056	1.40934	1.41055	5425	5645500000	38
2016.02.17	08:00:00	1.41053	1.41117	1.40699	1.40850	6962	7262250000	35
2016.02.17	09:00:00	1.40849	1.40888	1.40385	1.40740	10953	11268950000	33
2016.02.17	10:00:00	1.40742	1.40971	1.40516	1.40922	11914	12517800000	33
2016.02.17	11:00:00	1.40925	1.41862	1.40894	1.41803	12433	12322850000	33
2016.02.17	12:00:00	1.41803	1.42079	1.41773	1.41786	11098	11725800000	33
2016.02.17	13:00:00	1.41789	1.41824	1.41489	1.41678	9679	10308700000	33
2016.02.17	14:00:00	1.41678	1.41752	1.41558	1.41693	8731	9334450000	33
2016.02.17	15:00:00	1.41691	1.41929	1.41671	1.41728	11207	12179300000	33
2016.02.17	16:00:00	1.41728	1.41890	1.41317	1.41444	13362	14236750000	33
2016.02.17	17:00:00	1.41445	1.42232	1.41429	1.42173	12678	13108850000	33
2016.02.17	18:00:00	1.42170	1.42332	1.42046	1.42099	11022	11254700000	33
2016.02.17	19:00:00	1.42099	1.42119	1.41821	1.41967	7692	7470700000	33
2016.02.17	20:00:00	1.41967	1.41975	1.41675	1.41707	6686	6310800000	37
2016.02.17	21:00:00	1.41707	1.41758	1.41542	1.41547	10007	9949300000	39
2016.02.17	22:00:00	1.41548	1.41790	1.41530	1.41734	6401	6006900000	33
2016.02.17	23:00:00	1.41735	1.41870	1.41685	1.41770	3726	3806400000	33
2016.02.18	00:00:00	1.41809	1.43078	1.41223	1.41777	296692	1369500000	56
2016.02.18	01:00:00	1.41776	1.41797	1.41661	1.41747	3941	3790100000	49
2016.02.18	02:00:00	1.41747	1.41840	1.41652	1.41716	5321	5489300000	39
2016.02.18	03:00:00	1.41715	1.41795	1.41646	1.41776	5985	5933250000	33
2016.02.18	04:00:00	1.41777	1.41829	1.41684	1.41764	4364	4418400000	35
2016.02.18	05:00:00	1.41763	1.41848	1.41745	1.41828	4212	4585600000	34
2016.02.18	06:00:00	1.41824	1.41937	1.41756	1.41840	3971	3760150000	34
2016.02.18	07:00:00	1.41840	1.41893	1.41697	1.41770	5428	5686500000	35
2016.02.18	08:00:00	1.41769	1.41771	1.41411	1.41502	7228	7350650000	38
2016.02.18	09:00:00	1.41502	1.41869	1.41240	1.41820	11072	10575247000	33
2016.02.18	10:00:00	1.41822	1.41828	1.41485	1.41490	12038	12703850000	33
2016.02.18	11:00:00	1.41493	1.41980	1.41483	1.41840	10267	10738200000	33
2016.02.18	12:00:00	1.41835	1.42405	1.41824	1.42370	9388	9502600000	33
2016.02.18	13:00:00	1.42370	1.42995	1.42353	1.42927	11306	12062400000	33
2016.02.18	14:00:00	1.42927	1.43093	1.42847	1.42953	10842	11396046000	33
2016.02.18	15:00:00	1.42953	1.43092	1.42786	1.43037	10765	11232800000	33
2016.02.18	16:00:00	1.43033	1.43064	1.42704	1.42868	11917	12130200000	33
2016.02.18	17:00:00	1.42869	1.43065	1.42663	1.42751	12191	12515900000	33
2016.02.18	18:00:00	1.42750	1.42818	1.42284	1.42454	12281	11856050000	33
2016.02.18	19:00:00	1.42455	1.42499	1.42235	1.42347	8253	8571150000	33
2016.02.18	20:00:00	1.42347	1.42457	1.42263	1.42401	7916	7839200000	33
2016.02.18	21:00:00	1.42400	1.42541	1.42366	1.42401	5622	4870400000	33
2016.02.18	22:00:00	1.42402	1.42502	1.42186	1.42312	5797	6060900000	38
2016.02.18	23:00:00	1.42316	1.42414	1.42246	1.42365	4442	4550650000	37
2016.02.19	00:00:00	1.42316	1.42617	1.41174	1.42246	295629	1950550000	0
2016.02.19	01:00:00	1.42244	1.42409	1.42244	1.42293	3894	4152250000	33
2016.02.19	02:00:00	1.42292	1.42352	1.41845	1.41985	5153	5121100000	35
2016.02.19	03:00:00	1.41985	1.42132	1.41892	1.41917	6267	6394500000	33
2016.02.19	04:00:00	1.41916	1.42090	1.41859	1.41970	4717	4836100000	33
2016.02.19	05:00:00	1.41969	1.42052	1.41898	1.41965	3908	4118000000	35
2016.02.19	06:00:00	1.41968	1.42038	1.41949	1.42001	3637	3683600000	35
2016.02.19	07:00:00	1.42000	1.42182	1.41990	1.42079	6700	6669650000	36
2016.02.19	08:00:00	1.42079	1.42314	1.42074	1.42251	3795	3926000000	0
2016.02.19	09:00:00	1.42249	1.42268	1.41863	1.42018	8395	8537800000	33
2016.02.19	10:00:00	1.42018	1.42364	1.41810	1.42363	13439	14095700000	33
2016.02.19	11:00:00	1.42365	1.42634	1.41976	1.42265	12531	11870000000	33
2016.02.19	12:00:00	1.42263	1.42627	1.42077	1.42099	10742	11431550000	33
2016.02.19	13:00:00	1.42097	1.42211	1.41824	1.41918	9191	9297150000	33
2016.02.19	14:00:00	1.41919	1.41919	1.41444	1.41536	10325	10708450000	33
2016.02.19	15:00:00	1.41529	1.41866	1.41417	1.41539	12227	12574650000	33
2016.02.19	16:00:00	1.41539	1.41733	1.41320	1.41374	12072	12585950000	33
2016.02.19	17:00:00	1.41375	1.41510	1.41187	1.41430	12048	12547050000	33
2016.02.19	18:00:00	1.41423	1.42031	1.41330	1.41871	12876	13072800000	33
2016.02.19	19:00:00	1.41871	1.42155	1.41709	1.42068	9190	6926597000	33
2016.02.19	20:00:00	1.42068	1.42138	1.41922	1.42031	5626	5201150000	36
2016.02.19	21:00:00	1.42030	1.42119	1.41919	1.42031	5018	4653350000	38
2016.02.19	22:00:00	1.42032	1.42218	1.41999	1.42163	4609	4829700000	38
2016.02.19	23:00:00	1.42166	1.42537	1.42089	1.42457	4102	3312000000	40
2016.02.22	00:00:00	1.41286	1.41715	1.40261	1.41592	207082	6098800000	0
2016.02.22	01:00:00	1.41607	1.41644	1.41231	1.41268	8311	8237900000	49
2016.02.22	02:00:00	1.41268	1.41701	1.41267	1.41674	8680	8497600000	33
2016.02.22	03:00:00	1.41676	1.41724	1.41437	1.41439	6996	6509000000	33
2016.02.22	04:00:00	1.41442	1.41572	1.41363	1.41543	5967	4573350000	35
2016.02.22	05:00:00	1.41541	1.41635	1.41514	1.41571	4075	4216500000	39
2016.02.22	06:00:00	1.41568	1.41666	1.41526	1.41573	5024	5454950000	40
2016.02.22	07:00:00	1.41573	1.41641	1.41522	1.41593	5948	6276000000	38
2016.02.22	08:00:00	1.41592	1.41639	1.41351	1.41364	6149	6267250000	33
2016.02.22	09:00:00	1.41362	1.41393	1.40639	1.41049	13645	13332800000	33
2016.02.22	10:00:00	1.41048	1.41136	1.40383	1.40388	13190	12662300000	33
2016.02.22	11:00:00	1.40398	1.40784	1.40371	1.40771	10384	10904700000	33
2016.02.22	12:00:00	1.40770	1.41046	1.40767	1.40894	9679	9826550000	33
2016.02.22	13:00:00	1.40888	1.40932	1.40545	1.40822	11113	11160050000	33
2016.02.22	14:00:00	1.40822	1.40862	1.40277	1.40552	11786	12326850000	33
2016.02.22	15:00:00	1.40555	1.40747	1.40409	1.40641	10845	10886300000	33
2016.02.22	16:00:00	1.40641	1.40992	1.40588	1.40858	12248	11157850000	33
2016.02.22	17:00:00	1.40859	1.41184	1.40834	1.41143	12366	10961900000	33
2016.02.22	18:00:00	1.41143	1.41412	1.40905	1.41368	9306	8332700000	33
2016.02.22	19:00:00	1.41368	1.41435	1.41274	1.41409	6845	6631600000	33
2016.02.22	20:00:00	1.41412	1.41525	1.41362	1.41459	5515	5478700000	33
2016.02.22	21:00:00	1.41461	1.41505	1.41281	1.41396	5673	5923650000	33
2016.02.22	22:00:00	1.41397	1.41398	1.41216	1.41279	5193	5475000000	36
2016.02.22	23:00:00	1.41278	1.41408	1.41261	1.41401	3920	4398750000	33
2016.02.23	00:00:00	1.41395	1.41493	1.38821	1.41447	177499	1281650000	34
2016.02.23	01:00:00	1.41447	1.41504	1.41372	1.41478	4455	4013499000	38
2016.02.23	02:00:00	1.41480	1.41480	1.41154	1.41295	6468	6730500000	33
2016.02.23	03:00:00	1.41293	1.41294	1.40948	1.41039	6874	7140200000	33
2016.02.23	04:00:00	1.41035	1.41064	1.40746	1.40848	4208	3921250000	33
2016.02.23	05:00:00	1.40848	1.40864	1.40580	1.40586	4997	5079200000	33
2016.02.23	06:00:00	1.40584	1.40711	1.40524	1.40644	5567	5337000000	38
2016.02.23	07:00:00	1.40644	1.40692	1.40539	1.40651	4866	5051650000	34
2016.02.23	08:00:00	1.40649	1.40660	1.40192	1.40203	5822	5416900000	33
2016.02.23	09:00:00	1.40204	1.40512	1.40108	1.40210	10068	8905250000	33
2016.02.23	10:00:00	1.40217	1.40624	1.40054	1.40419	12576	12731150000	33
2016.02.23	11:00:00	1.40425	1.40888	1.40396	1.40626	11822	10293300000	33
2016.02.23	12:00:00	1.40626	1.40635	1.39886	1.40101	11553	11401700000	33
2016.02.23	13:00:00	1.40098	1.40367	1.39973	1.40306	10492	10617900000	33
2016.02.23	14:00:00	1.40306	1.40322	1.39985	1.40025	9505	8933350000	33
2016.02.23	15:00:00	1.40025	1.40134	1.39804	1.40025	10982	10578050000	33
2016.02.23	16:00:00	1.40025	1.40093	1.39764	1.39805	11236	11339050000	33
2016.02.23	17:00:00	1.39805	1.39967	1.39564	1.39721	11929	12038700000	33
2016.02.23	18:00:00	1.39723	1.39795	1.39243	1.39265	11217	11038550000	33
2016.02.23	19:00:00	1.39264	1.39264	1.38859	1.38969	8672	8322600000	33
2016.02.23	20:00:00	1.38968	1.39003	1.38836	1.38908	5951	5439250000	33
2016.02.23	21:00:00	1.38909	1.39205	1.38905	1.39090	6251	6300850000	35
2016.02.23	22:00:00	1.39085	1.39117	1.38933	1.38945	5712	5488900000	33
2016.02.23	23:00:00	1.38945	1.39032	1.38896	1.38941	3451	3505450000	37
2016.02.24	00:00:00	1.38949	1.39228	1.37229	1.39024	208294	1275300000	50
2016.02.24	01:00:00	1.39024	1.39137	1.38837	1.38841	3919	4022050000	46
2016.02.24	02:00:00	1.38841	1.38925	1.38561	1.38848	6753	6262650000	36
2016.02.24	03:00:00	1.38848	1.38981	1.38779	1.38800	6136	6531950000	40
2016.02.24	04:00:00	1.38800	1.38815	1.38555	1.38693	5845	6262100000	33
2016.02.24	05:00:00	1.38694	1.38864	1.38688	1.38861	5145	4974050000	33
2016.02.24	06:00:00	1.38861	1.38870	1.38751	1.38803	5032	4774800000	34
2016.02.24	07:00:00	1.38802	1.38812	1.38689	1.38786	4902	5086900000	33
2016.02.24	08:00:00	1.38790	1.38898	1.38673	1.38885	5600	5931550000	33
2016.02.24	09:00:00	1.38885	1.39240	1.38885	1.39074	11222	11272550000	33
2016.02.24	10:00:00	1.39073	1.39101	1.38827	1.38835	11248	11291750000	33
2016.02.24	11:00:00	1.38835	1.38889	1.38174	1.38339	12929	12580850000	33
2016.02.24	12:00:00	1.38339	1.38377	1.37776	1.37897	11346	10877050000	33
2016.02.24	13:00:00	1.37897	1.38167	1.37790	1.38013	10573	10434100000	33
2016.02.24	14:00:00	1.38010	1.38159	1.37959	1.38073	9854	10591400000	33
2016.02.24	15:00:00	1.38069	1.38363	1.37986	1.38270	11824	12334100000	33
2016.02.24	16:00:00	1.38266	1.38400	1.37646	1.37774	12494	12255400000	33
2016.02.24	17:00:00	1.37762	1.37896	1.37458	1.37469	13197	13892200000	33
2016.02.24	18:00:00	1.37469	1.37664	1.37306	1.37368	11378	11443150000	33
2016.02.24	19:00:00	1.37366	1.37509	1.37275	1.37291	8009	7974000000	33
2016.02.24	20:00:00	1.37293	1.37469	1.37245	1.37321	7686	7726800000	33
2016.02.24	21:00:00	1.37321	1.37457	1.37303	1.37443	6878	6590750000	33
2016.02.24	22:00:00	1.37438	1.37817	1.37435	1.37786	7291	7528200000	33
2016.02.24	23:00:00	1.37787	1.37977	1.37637	1.37654	4890	4672150000	36
2016.02.25	00:00:00	1.37676	1.38828	1.37507	1.37705	165352	2009650000	33
2016.02.25	01:00:00	1.37706	1.37793	1.37633	1.37775	3982	4257750000	43
2016.02.25	02:00:00	1.37774	1.37869	1.37681	1.37685	5978	5897100000	33
2016.02.25	03:00:00	1.37685	1.37814	1.37650	1.37709	4759	4895800000	39
2016.02.25	04:00:00	1.37714	1.37898	1.37684	1.37819	4057	4164350000	38
2016.02.25	05:00:00	1.37813	1.37895	1.37764	1.37891	3473	3632200000	35
2016.02.25	06:00:00	1.37884	1.38007	1.37817	1.37818	4207	4294900000	33
2016.02.25	07:00:00	1.37818	1.37862	1.37758	1.37802	3937	4056550000	35
2016.02.25	08:00:00	1.37802	1.37821	1.37580	1.37726	5980	6073650000	37
2016.02.25	09:00:00	1.37727	1.37860	1.37537	1.37840	9723	10424400000	33
2016.02.25	10:00:00	1.37837	1.38256	1.37808	1.37978	12074	12663550000	33
2016.02.25	11:00:00	1.37972	1.38145	1.37772	1.37970	10663	11227373000	33
2016.02.25	12:00:00	1.37970	1.38116	1.37801	1.37891	8314	8806950000	33
2016.02.25	13:00:00	1.37891	1.38268	1.37852	1.38218	7850	9451000000	33
2016.02.25	14:00:00	1.38218	1.38625	1.38215	1.38548	9535	11906572000	33
2016.02.25	15:00:00	1.38546	1.38721	1.38364	1.38655	9789	10673946000	33
2016.02.25	16:00:00	1.38651	1.38848	1.38010	1.38121	11933	12157926000	33
2016.02.25	17:00:00	1.38121	1.38175	1.37818	1.37923	12150	12043250000	33
2016.02.25	18:00:00	1.37923	1.37985	1.37782	1.37843	11179	10946663000	33
2016.02.25	19:00:00	1.37845	1.38041	1.37751	1.37950	8116	7594450000	33
2016.02.25	20:00:00	1.37950	1.38213	1.37890	1.38133	7158	6999750000	33
2016.02.25	21:00:00	1.38136	1.38391	1.38064	1.38169	6301	6193750000	33
2016.02.25	22:00:00	1.38171	1.38337	1.38159	1.38256	4440	4865650000	36
2016.02.25	23:00:00	1.38255	1.38285	1.38126	1.38218	3306	3512100000	39
2016.02.26	00:00:00	1.38236	1.39196	1.37875	1.38211	165172	2498700000	0
2016.02.26	01:00:00	1.38203	1.38287	1.38182	1.38287	3471	3647000000	34
2016.02.26	02:00:00	1.38287	1.38335	1.38106	1.38112	6698	6642100000	37
2016.02.26	03:00:00	1.38111	1.38183	1.37961	1.38135	6320	6239050000	35
2016.02.26	04:00:00	1.38137	1.38210	1.38028	1.38190	4109	4144650000	35
2016.02.26	05:00:00	1.38190	1.38381	1.38162	1.38280	6069	5951300000	33
2016.02.26	06:00:00	1.38279	1.38344	1.38202	1.38271	3812	4176400000	33
2016.02.26	07:00:00	1.38269	1.38305	1.37886	1.37886	4990	5294100000	33
2016.02.26	08:00:00	1.37887	1.38074	1.37887	1.38065	6140	6684050000	36
2016.02.26	09:00:00	1.38064	1.38362	1.38036	1.38330	7771	8274300000	33
2016.02.26	10:00:00	1.38331	1.38754	1.38237	1.38743	10788	11224600000	33
2016.02.26	11:00:00	1.38742	1.39210	1.38720	1.39044	10550	10713532000	33
2016.02.26	12:00:00	1.39044	1.39180	1.38681	1.38713	8935	9568500000	33
2016.02.26	13:00:00	1.38714	1.38825	1.38218	1.38368	9839	10150150000	33
2016.02.26	14:00:00	1.38368	1.38669	1.38327	1.38652	8423	8709100000	33
2016.02.26	15:00:00	1.38650	1.39153	1.38586	1.39087	11882	12559100000	33
2016.02.26	16:00:00	1.39090	1.39177	1.38647	1.38656	13198	11554758000	33
2016.02.26	17:00:00	1.38656	1.38757	1.38286	1.38385	13704	11602800000	33
2016.02.26	18:00:00	1.38385	1.38529	1.38095	1.38175	11150	9608850000	33
2016.02.26	19:00:00	1.38174	1.38450	1.38102	1.38450	8434	7245600000	33
2016.02.26	20:00:00	1.38450	1.38479	1.38306	1.38330	5720	5734700000	33
2016.02.26	21:00:00	1.38329	1.38442	1.38207	1.38272	5848	6266350000	36
2016.02.26	22:00:00	1.38278	1.38309	1.38075	1.38075	3687	3879250000	33
2016.02.26	23:00:00	1.38075	1.38243	1.38008	1.38008	2318	1987050000	43
2016.02.29	00:00:00	1.38233	1.39218	1.37947	1.38178	161885	2009400000	86
2016.02.29	01:00:00	1.38189	1.38351	1.38112	1.38145	4748	5022500000	40
2016.02.29	02:00:00	1.38146	1.38242	1.37960	1.38169	6798	6715200000	33
2016.02.29	03:00:00	1.38171	1.38266	1.38005	1.38008	6135	5689500000	36
2016.02.29	04:00:00	1.38009	1.38233	1.37985	1.38219	5406	5135650000	38
2016.02.29	05:00:00	1.38220	1.38266	1.38137	1.38151	4965	4816450000	35
2016.02.29	06:00:00	1.38149	1.38327	1.38146	1.38260	5290	5162250000	33
2016.02.29	07:00:00	1.38260	1.38282	1.38189	1.38214	5247	5008900000	41
2016.02.29	08:00:00	1.38212	1.38262	1.38129	1.38234	6257	6345350000	36
2016.02.29	09:00:00	1.38234	1.38579	1.38048	1.38553	10297	9725450000	33
2016.02.29	10:00:00	1.38556	1.38626	1.38357	1.38457	13048	12271750000	33
2016.02.29	11:00:00	1.38457	1.38731	1.38422	1.38698	10723	10345900000	33
2016.02.29	12:00:00	1.38690	1.38923	1.38416	1.38594	10952	11042050000	33
2016.02.29	13:00:00	1.38601	1.39105	1.38518	1.38759	9487	9065150000	33
2016.02.29	14:00:00	1.38759	1.38925	1.38621	1.38728	8183	9411850000	33
2016.02.29	15:00:00	1.38721	1.38992	1.38659	1.38827	10156	10912300000	33
2016.02.29	16:00:00	1.38833	1.39039	1.38762	1.38879	11278	11234050000	33
2016.02.29	17:00:00	1.38879	1.39240	1.38684	1.38693	14007	14450250000	33
2016.02.29	18:00:00	1.38691	1.38929	1.38509	1.38686	10975	11480445000	33
2016.02.29	19:00:00	1.38686	1.38839	1.38624	1.38632	6119	6225900000	33
2016.02.29	20:00:00	1.38633	1.38907	1.38451	1.38907	5370	5558750000	33
2016.02.29	21:00:00	1.38907	1.39219	1.38820	1.38962	7011	6522300000	33
2016.02.29	22:00:00	1.38961	1.39086	1.38887	1.38941	5056	5435200000	33
2016.02.29	23:00:00	1.38944	1.38978	1.38865	1.38865	3493	3638700000	38
2016.03.01	00:00:00	1.38906	1.40127	1.38804	1.38944	171970	3076600000	65
2016.03.01	01:00:00	1.38945	1.39014	1.38897	1.38961	4987	4727650000	41
2016.03.01	02:00:00	1.38960	1.39093	1.38935	1.38974	5601	5310800000	37
2016.03.01	03:00:00	1.38975	1.39029	1.38831	1.38931	6746	6750150000	39
2016.03.01	04:00:00	1.38932	1.39037	1.38820	1.39033	6694	6841850000	33
2016.03.01	05:00:00	1.39033	1.39104	1.38959	1.39032	4536	4770950000	33
2016.03.01	06:00:00	1.39032	1.39045	1.38905	1.38928	4290	4484100000	33
2016.03.01	07:00:00	1.38935	1.39090	1.38908	1.39037	3917	3860750000	33
2016.03.01	08:00:00	1.39029	1.39101	1.39012	1.39052	4628	4684050000	33
2016.03.01	09:00:00	1.39052	1.39541	1.38995	1.39384	10449	10403400000	33
2016.03.01	10:00:00	1.39387	1.39555	1.39281	1.39464	12360	12438450000	33
2016.03.01	11:00:00	1.39464	1.39654	1.39124	1.39574	10839	11442850000	33
2016.03.01	12:00:00	1.39574	1.40141	1.39463	1.39899	11535	11682550000	33
2016.03.01	13:00:00	1.39901	1.40042	1.39546	1.39568	9405	9996750000	33
2016.03.01	14:00:00	1.39573	1.39857	1.39484	1.39634	7549	8153850000	33
2016.03.01	15:00:00	1.39634	1.39651	1.39332	1.39430	8728	8920900000	33
2016.03.01	16:00:00	1.39429	1.39544	1.38861	1.38990	11899	11886050000	33
2016.03.01	17:00:00	1.39002	1.39463	1.38827	1.38979	14953	14751750000	33
2016.03.01	18:00:00	1.38984	1.39373	1.38893	1.39358	12297	11788850000	19
2016.03.01	19:00:00	1.39362	1.39569	1.39249	1.39479	9218	9178700000	33
2016.03.01	20:00:00	1.39486	1.39578	1.39441	1.39525	7449	7763450000	34
2016.03.01	21:00:00	1.39526	1.39533	1.39107	1.39124	6702	6545500000	33
2016.03.01	22:00:00	1.39123	1.39178	1.38958	1.39081	5554	5810950000	0
2016.03.01	23:00:00	1.39081	1.39167	1.38995	1.39076	4634	4670500000	37
2016.03.02	00:00:00	1.39121	1.40774	1.38844	1.39077	163047	3703850000	67
2016.03.02	01:00:00	1.39095	1.39174	1.39073	1.39109	3219	3304150000	51
2016.03.02	02:00:00	1.39104	1.39160	1.38950	1.39118	6429	6667600000	33
2016.03.02	03:00:00	1.39119	1.39258	1.39088	1.39136	5591	5719300000	34
2016.03.02	04:00:00	1.39138	1.39286	1.39136	1.39230	4911	5302350000	33
2016.03.02	05:00:00	1.39229	1.39272	1.39169	1.39235	3657	3746300000	33
2016.03.02	06:00:00	1.39236	1.39404	1.39235	1.39346	3915	4149250000	33
2016.03.02	07:00:00	1.39346	1.39569	1.39343	1.39556	4870	5011000000	33
2016.03.02	08:00:00	1.39555	1.39678	1.39504	1.39672	5974	6509000000	33
2016.03.02	09:00:00	1.39672	1.39677	1.39422	1.39629	8465	8746350000	33
2016.03.02	10:00:00	1.39629	1.39638	1.39251	1.39348	11079	9912900000	33
2016.03.02	11:00:00	1.39345	1.39355	1.38863	1.38967	9574	9811349000	33
2016.03.02	12:00:00	1.38967	1.39524	1.38962	1.39486	7896	7678200000	33
2016.03.02	13:00:00	1.39486	1.39913	1.39467	1.39824	9076	8935900000	33
2016.03.02	14:00:00	1.39821	1.40168	1.39745	1.39965	8847	9285450000	33
2016.03.02	15:00:00	1.39966	1.40176	1.39943	1.40151	12172	12625843000	33
2016.03.02	16:00:00	1.40150	1.40353	1.40057	1.40101	13259	13074950000	33
2016.03.02	17:00:00	1.40098	1.40729	1.40047	1.40692	12919	13288450000	33
2016.03.02	18:00:00	1.40692	1.40786	1.40220	1.40283	11522	10757550000	33
2016.03.02	19:00:00	1.40283	1.40315	1.40142	1.40216	8342	8520950000	33
2016.03.02	20:00:00	1.40215	1.40254	1.40055	1.40154	7646	7231450000	33
2016.03.02	21:00:00	1.40152	1.40328	1.40145	1.40223	7926	8126850000	33
2016.03.02	22:00:00	1.40223	1.40325	1.40176	1.40275	4933	4869900000	33
2016.03.02	23:00:00	1.40277	1.40343	1.40240	1.40264	4028	4458100000	39
2016.03.03	00:00:00	1.40282	1.40732	1.39805	1.40231	145008	1451050000	0
2016.03.03	01:00:00	1.40237	1.40374	1.40213	1.40286	3702	3842750000	39
2016.03.03	02:00:00	1.40286	1.40353	1.40201	1.40217	4406	4343600000	36
2016.03.03	03:00:00	1.40216	1.40346	1.40204	1.40341	5392	5169500000	41
2016.03.03	04:00:00	1.40341	1.40401	1.40207	1.40294	5981	6161250000	33
2016.03.03	05:00:00	1.40294	1.40436	1.40243	1.40386	4457	3996750000	39
2016.03.03	06:00:00	1.40386	1.40462	1.40315	1.40429	4698	4806950000	33
2016.03.03	07:00:00	1.40429	1.40536	1.40425	1.40509	4584	4727800000	41
2016.03.03	08:00:00	1.40509	1.40543	1.40354	1.40506	4765	4688000000	41
2016.03.03	09:00:00	1.40502	1.40748	1.40290	1.40688	7340	7523600000	33
2016.03.03	10:00:00	1.40681	1.40684	1.40039	1.40044	11446	11826600000	33
2016.03.03	11:00:00	1.40044	1.40501	1.39967	1.40464	10551	12348750000	0
2016.03.03	12:00:00	1.40464	1.40472	1.40165	1.40254	8849	8683500000	33
2016.03.03	13:00:00	1.40245	1.40356	1.40023	1.40104	8138	8723350000	33
2016.03.03	14:00:00	1.40101	1.40233	1.39993	1.40132	8718	9411150000	33
2016.03.03	15:00:00	1.40125	1.40131	1.39820	1.39910	10385	10617750000	33
2016.03.03	16:00:00	1.39911	1.40173	1.39862	1.39995	11243	11017150000	33
2016.03.03	17:00:00	1.40017	1.40613	1.40002	1.40567	14265	14028300000	33
2016.03.03	18:00:00	1.40572	1.40592	1.40298	1.40385	13198	12881995000	33
2016.03.03	19:00:00	1.40385	1.40445	1.40122	1.40192	9460	9140150000	33
2016.03.03	20:00:00	1.40192	1.40227	1.40010	1.40135	7304	6762000000	33
2016.03.03	21:00:00	1.40137	1.40465	1.40133	1.40463	5921	5712000000	33
2016.03.03	22:00:00	1.40471	1.40645	1.40416	1.40562	4965	5256900000	34
2016.03.03	23:00:00	1.40568	1.40657	1.40445	1.40589	4585	4349190000	35
2016.03.04	00:00:00	1.40607	1.41447	1.40043	1.40515	174647	2681550000	0
2016.03.04	01:00:00	1.40518	1.40646	1.40492	1.40631	4897	4987750000	42
2016.03.04	02:00:00	1.40630	1.40705	1.40366	1.40515	5221	5349150000	33
2016.03.04	03:00:00	1.40516	1.40671	1.40420	1.40623	4990	5177800000	39
2016.03.04	04:00:00	1.40623	1.40706	1.40597	1.40625	4774	4985150000	38
2016.03.04	05:00:00	1.40628	1.40652	1.40414	1.40435	4226	4339600000	36
2016.03.04	06:00:00	1.40433	1.40505	1.40403	1.40457	3432	3666500000	33
2016.03.04	07:00:00	1.40457	1.40484	1.40419	1.40429	4592	4598000000	41
2016.03.04	08:00:00	1.40431	1.40433	1.40288	1.40423	4592	4740500000	42
2016.03.04	09:00:00	1.40421	1.40599	1.40333	1.40413	8223	8199800000	33
2016.03.04	10:00:00	1.40414	1.40650	1.40405	1.40569	9866	10398450000	33
2016.03.04	11:00:00	1.40569	1.40604	1.40265	1.40336	10206	10783850000	33
2016.03.04	12:00:00	1.40335	1.40336	1.40089	1.40098	8876	9293900000	33
2016.03.04	13:00:00	1.40100	1.40376	1.40055	1.40330	8236	9139900000	33
2016.03.04	14:00:00	1.40331	1.40622	1.40330	1.40599	8543	8765550000	33
2016.03.04	15:00:00	1.40601	1.40952	1.40145	1.40605	14872	16035050000	0
2016.03.04	16:00:00	1.40607	1.40770	1.40222	1.40625	16022	16375000000	33
2016.03.04	17:00:00	1.40625	1.41238	1.40494	1.41197	14249	14791900000	33
2016.03.04	18:00:00	1.41198	1.41274	1.41005	1.41172	12136	11877150000	33
2016.03.04	19:00:00	1.41169	1.41373	1.41140	1.41279	8304	7910800000	33
2016.03.04	20:00:00	1.41276	1.41343	1.41157	1.41333	7218	7256600000	33
2016.03.04	21:00:00	1.41334	1.41459	1.41257	1.41380	5589	5940650000	33
2016.03.04	22:00:00	1.41380	1.41419	1.41270	1.41278	6117	6528800000	33
2016.03.04	23:00:00	1.41275	1.41435	1.41162	1.41178	3375	3120050000	33
2016.03.07	00:00:00	1.41175	1.42144	1.41029	1.41347	131855	2657900000	70
2016.03.07	01:00:00	1.41346	1.41428	1.41258	1.41273	4513	4532900000	43
2016.03.07	02:00:00	1.41273	1.41342	1.41175	1.41204	4542	4656000000	33
2016.03.07	03:00:00	1.41204	1.41231	1.41110	1.41190	3717	3903900000	33
2016.03.07	04:00:00	1.41189	1.41216	1.41094	1.41194	3356	3464750000	44
2016.03.07	05:00:00	1.41195	1.41313	1.41173	1.41312	3951	4057250000	47
2016.03.07	06:00:00	1.41312	1.41353	1.41232	1.41269	2846	2869600000	41
2016.03.07	07:00:00	1.41269	1.41279	1.41174	1.41216	2795	2854400000	41
2016.03.07	08:00:00	1.41215	1.41296	1.41038	1.41080	3687	3979250000	35
2016.03.07	09:00:00	1.41085	1.41410	1.41076	1.41355	7435	8198150000	33
2016.03.07	10:00:00	1.41351	1.41793	1.41223	1.41372	11327	12012650000	33
2016.03.07	11:00:00	1.41370	1.41614	1.41280	1.41395	7983	8221500000	33
2016.03.07	12:00:00	1.41391	1.41493	1.41246	1.41309	7344	7641100000	33
2016.03.07	13:00:00	1.41309	1.41541	1.41309	1.41524	6755	7153900000	33
2016.03.07	14:00:00	1.41522	1.41759	1.41522	1.41594	7547	8109950000	33
2016.03.07	15:00:00	1.41597	1.41712	1.41471	1.41555	8478	8678200000	33
2016.03.07	16:00:00	1.41549	1.41711	1.41495	1.41557	9549	9749650000	33
2016.03.07	17:00:00	1.41554	1.41845	1.41392	1.41832	10987	12011250000	33
2016.03.07	18:00:00	1.41823	1.42157	1.41773	1.42084	10701	11211300000	33
2016.03.07	19:00:00	1.42084	1.42126	1.41838	1.41925	8713	8497200000	33
2016.03.07	20:00:00	1.41926	1.42120	1.41901	1.42106	6896	7102700000	33
2016.03.07	21:00:00	1.42102	1.42139	1.41852	1.41864	6010	5382550000	33
2016.03.07	22:00:00	1.41862	1.42002	1.41857	1.42000	5019	4886600000	33
2016.03.07	23:00:00	1.41998	1.42071	1.41949	1.41949	2946	3048400000	35
2016.03.08	00:00:00	1.41931	1.42040	1.40603	1.41959	144713	1107550000	33
2016.03.08	01:00:00	1.41959	1.41980	1.41858	1.41980	3927	3531950000	43
2016.03.08	02:00:00	1.41980	1.41992	1.41792	1.41865	4349	4157500000	40
2016.03.08	03:00:00	1.41865	1.41876	1.41667	1.41713	5573	5509550000	40
2016.03.08	04:00:00	1.41717	1.41724	1.41564	1.41610	4224	4140550000	33
2016.03.08	05:00:00	1.41610	1.41679	1.41578	1.41631	3616	3792600000	33
2016.03.08	06:00:00	1.41629	1.41770	1.41585	1.41708	2968	2973800000	38
2016.03.08	07:00:00	1.41708	1.41727	1.41409	1.41549	3388	3592500000	33
2016.03.08	08:00:00	1.41547	1.41551	1.41372	1.41452	3147	3393250000	37
2016.03.08	09:00:00	1.41453	1.41705	1.41215	1.41442	8333	8331600000	33
2016.03.08	10:00:00	1.41441	1.41455	1.40965	1.41014	9811	10012500000	33
2016.03.08	11:00:00	1.41022	1.41289	1.40994	1.41182	8642	8953000000	33
2016.03.08	12:00:00	1.41182	1.41352	1.41014	1.41242	8222	8846450000	33
2016.03.08	13:00:00	1.41249	1.41569	1.41120	1.41248	7743	8453650000	33
2016.03.08	14:00:00	1.41249	1.41344	1.41055	1.41112	7871	8615200000	33
2016.03.08	15:00:00	1.41110	1.41154	1.40929	1.41025	9039	8821550000	33
2016.03.08	16:00:00	1.41025	1.41037	1.40621	1.40839	11234	11345950000	33
2016.03.08	17:00:00	1.40840	1.40947	1.40620	1.40922	11192	11801450000	33
2016.03.08	18:00:00	1.40923	1.41390	1.40874	1.41371	9202	10374800000	33
2016.03.08	19:00:00	1.41371	1.41568	1.41299	1.41534	7771	7973700000	33
2016.03.08	20:00:00	1.41533	1.41694	1.41407	1.41543	6983	7217650000	33
2016.03.08	21:00:00	1.41544	1.41649	1.41501	1.41628	5333	5268650000	33
2016.03.08	22:00:00	1.41630	1.41648	1.41464	1.41510	4044	4469850000	33
2016.03.08	23:00:00	1.41513	1.41562	1.41475	1.41507	2105	2335700000	38
2016.03.09	00:00:00	1.41556	1.42820	1.41293	1.41471	146795	1297900000	33
2016.03.09	01:00:00	1.41464	1.41607	1.41431	1.41523	5676	5952800000	41
2016.03.09	02:00:00	1.41523	1.41594	1.41401	1.41515	3605	3819500000	40
2016.03.09	03:00:00	1.41515	1.41586	1.41489	1.41505	3997	4182750000	37
2016.03.09	04:00:00	1.41505	1.41630	1.41483	1.41613	2840	2981650000	38
2016.03.09	05:00:00	1.41613	1.41645	1.41472	1.41482	3342	3629450000	35
2016.03.09	06:00:00	1.41482	1.41547	1.41452	1.41520	2972	3153400000	36
2016.03.09	07:00:00	1.41521	1.41587	1.41519	1.41561	3780	3976750000	44
2016.03.09	08:00:00	1.41560	1.41614	1.41515	1.41546	3098	3522450000	40
2016.03.09	09:00:00	1.41545	1.41692	1.41425	1.41526	7339	7643000000	33
2016.03.09	10:00:00	1.41528	1.41948	1.41526	1.41834	9626	9928550000	33
2016.03.09	11:00:00	1.41832	1.42084	1.41832	1.42024	8411	8757600000	33
2016.03.09	12:00:00	1.42024	1.42832	1.42019	1.42544	9103	9369850000	33
2016.03.09	13:00:00	1.42544	1.42787	1.42307	1.42307	7257	7737050000	33
2016.03.09	14:00:00	1.42307	1.42404	1.42030	1.42196	6646	7180500000	33
2016.03.09	15:00:00	1.42198	1.42400	1.42146	1.42270	8564	9282550000	33
2016.03.09	16:00:00	1.42271	1.42325	1.41887	1.41989	9524	10739600000	33
2016.03.09	17:00:00	1.41992	1.42001	1.41483	1.41728	11284	10891000000	33
2016.03.09	18:00:00	1.41731	1.41945	1.41594	1.41730	9750	9726700000	33
2016.03.09	19:00:00	1.41732	1.41732	1.41406	1.41518	6770	6847850000	33
2016.03.09	20:00:00	1.41518	1.41701	1.41512	1.41628	5614	5776000000	33
2016.03.09	21:00:00	1.41626	1.41929	1.41607	1.41920	6199	8245009000	33
2016.03.09	22:00:00	1.41920	1.41926	1.41695	1.41775	4709	4782600000	34
2016.03.09	23:00:00	1.41772	1.41807	1.41714	1.41727	2334	2345450000	35
2016.03.10	00:00:00	1.41729	1.42769	1.40159	1.41706	188682	1554350000	0
2016.03.10	01:00:00	1.41706	1.41852	1.41706	1.41785	3805	3570200000	41
2016.03.10	02:00:00	1.41785	1.41811	1.41700	1.41747	4141	4327600000	33
2016.03.10	03:00:00	1.41746	1.41831	1.41609	1.41635	5201	5107450000	33
2016.03.10	04:00:00	1.41635	1.41709	1.41401	1.41571	4994	4309650000	33
2016.03.10	05:00:00	1.41571	1.41666	1.41533	1.41597	3388	2713450000	37
2016.03.10	06:00:00	1.41597	1.41630	1.41552	1.41552	2397	2520050000	39
2016.03.10	07:00:00	1.41552	1.41669	1.41552	1.41656	2923	3236150000	33
2016.03.10	08:00:00	1.41655	1.41683	1.41521	1.41543	4615	4195800000	37
2016.03.10	09:00:00	1.41540	1.41601	1.41421	1.41600	6260	6567950000	33
2016.03.10	10:00:00	1.41609	1.41944	1.41525	1.41693	8660	9079500000	33
2016.03.10	11:00:00	1.41690	1.41801	1.41435	1.41610	7153	7697500000	33
2016.03.10	12:00:00	1.41609	1.41930	1.41553	1.41930	7858	8649950000	33
2016.03.10	13:00:00	1.41929	1.42055	1.41679	1.41767	7451	7906000000	33
2016.03.10	14:00:00	1.41765	1.42610	1.41581	1.42540	11024	11461930000	33
2016.03.10	15:00:00	1.42540	1.42785	1.41470	1.41833	13799	14955900000	33
2016.03.10	16:00:00	1.41835	1.42153	1.40788	1.41308	14473	14359100000	33
2016.03.10	17:00:00	1.41312	1.41399	1.40768	1.41328	13400	13565700000	33
2016.03.10	18:00:00	1.41332	1.41437	1.40729	1.40971	12430	11836300000	33
2016.03.10	19:00:00	1.40972	1.41098	1.40273	1.40445	11918	11513400000	33
2016.03.10	20:00:00	1.40445	1.40502	1.40273	1.40303	9217	8636800000	33
2016.03.10	21:00:00	1.40304	1.40408	1.40176	1.40312	9099	9350550000	33
2016.03.10	22:00:00	1.40312	1.40652	1.40302	1.40584	5747	5447400000	33
2016.03.10	23:00:00	1.40584	1.40687	1.40562	1.40640	2221	2389850000	37
2016.03.11	00:00:00	1.40615	1.41692	1.40304	1.40606	160201	1853950000	33
2016.03.11	01:00:00	1.40627	1.40719	1.40534	1.40618	6108	5716300000	33
2016.03.11	02:00:00	1.40616	1.40655	1.40362	1.40389	4356	4462900000	37
2016.03.11	03:00:00	1.40391	1.40515	1.40308	1.40446	3917	3889150000	33
2016.03.11	04:00:00	1.40446	1.40551	1.40383	1.40548	3330	3401600000	37
2016.03.11	05:00:00	1.40547	1.40666	1.40516	1.40665	3767	3898300000	38
2016.03.11	06:00:00	1.40664	1.40701	1.40587	1.40611	2851	2974450000	33
2016.03.11	07:00:00	1.40610	1.40610	1.40516	1.40547	2371	2375900000	33
2016.03.11	08:00:00	1.40548	1.40778	1.40547	1.40751	2473	2694650000	33
2016.03.11	09:00:00	1.40747	1.40857	1.40536	1.40593	9101	9707649000	33
2016.03.11	10:00:00	1.40593	1.41075	1.40466	1.40881	10718	10827380000	33
2016.03.11	11:00:00	1.40881	1.41065	1.40630	1.40920	8623	9089650000	33
2016.03.11	12:00:00	1.40921	1.41289	1.40920	1.41143	7720	7796150000	33
2016.03.11	13:00:00	1.41146	1.41463	1.40993	1.41053	7930	8513650000	33
2016.03.11	14:00:00	1.41049	1.41080	1.40902	1.40978	7137	7160300000	33
2016.03.11	15:00:00	1.40978	1.41101	1.40760	1.40763	9157	9856600000	33
2016.03.11	16:00:00	1.40764	1.41140	1.40693	1.41030	9404	9946400000	33
2016.03.11	17:00:00	1.41033	1.41610	1.40878	1.41571	10909	11269400000	33
2016.03.11	18:00:00	1.41569	1.41706	1.41244	1.41549	10941	10849000000	33
2016.03.11	19:00:00	1.41545	1.41572	1.41176	1.41360	6706	6602350000	33
2016.03.11	20:00:00	1.41360	1.41404	1.41074	1.41082	5529	5201250000	33
2016.03.11	21:00:00	1.41082	1.41298	1.41071	1.41203	6359	6793750000	33
2016.03.11	22:00:00	1.41205	1.41324	1.41129	1.41221	3375	3556300000	33
2016.03.11	23:00:00	1.41221	1.41386	1.41198	1.41238	1723	1384600000	36
2016.03.14	00:00:00	1.41415	1.42013	1.41035	1.41202	123983	2528550000	54
2016.03.14	01:00:00	1.41202	1.41310	1.41152	1.41298	4139	4109650000	51
2016.03.14	02:00:00	1.41299	1.41378	1.41257	1.41295	4270	4022250000	33
2016.03.14	03:00:00	1.41295	1.41466	1.41294	1.41399	3221	3202250000	39
2016.03.14	04:00:00	1.41399	1.41514	1.41387	1.41507	3480	2550630000	33
2016.03.14	05:00:00	1.41507	1.41507	1.41410	1.41413	1846	1687000000	47
2016.03.14	06:00:00	1.41415	1.41540	1.41398	1.41439	2677	2748400000	36
2016.03.14	07:00:00	1.41441	1.41478	1.41395	1.41449	3083	3121800000	42
2016.03.14	08:00:00	1.41449	1.41482	1.41320	1.41333	4542	4585000000	39
2016.03.14	09:00:00	1.41331	1.41642	1.41307	1.41523	7791	7626800000	33
2016.03.14	10:00:00	1.41523	1.41749	1.41508	1.41584	8788	7952400000	33
2016.03.14	11:00:00	1.41583	1.42023	1.41583	1.41861	8135	8491850000	33
2016.03.14	12:00:00	1.41862	1.41906	1.41614	1.41710	6726	6290500000	33
2016.03.14	13:00:00	1.41710	1.41820	1.41618	1.41640	6766	6488550000	33
2016.03.14	14:00:00	1.41642	1.41736	1.41563	1.41584	7504	7251000000	33
2016.03.14	15:00:00	1.41587	1.41736	1.41351	1.41389	9089	8060200000	33
2016.03.14	16:00:00	1.41385	1.41546	1.41225	1.41367	10066	9710400000	33
2016.03.14	17:00:00	1.41364	1.41374	1.41126	1.41184	8692	8534200000	33
2016.03.14	18:00:00	1.41184	1.41274	1.41051	1.41258	7233	6955800000	33
2016.03.14	19:00:00	1.41258	1.41343	1.41140	1.41279	6786	6317600000	33
2016.03.14	20:00:00	1.41280	1.41312	1.41135	1.41204	6059	6234694000	33
2016.03.14	21:00:00	1.41201	1.41213	1.41127	1.41141	5496	5663400000	33
2016.03.14	22:00:00	1.41140	1.41224	1.41116	1.41145	2289	2384000000	34
2016.03.14	23:00:00	1.41122	1.41223	1.41042	1.41127	1021	830100000	0
2016.03.15	00:00:00	1.41146	1.41237	1.39340	1.41156	121422	1056650000	55
2016.03.15	01:00:00	1.41153	1.41198	1.40884	1.40936	3075	3148500000	33
2016.03.15	02:00:00	1.40934	1.41002	1.40852	1.40852	2518	2661500000	33
2016.03.15	03:00:00	1.40852	1.40887	1.40783	1.40863	2628	2798250000	33
2016.03.15	04:00:00	1.40863	1.40891	1.40742	1.40783	2205	2381200000	37
2016.03.15	05:00:00	1.40781	1.40872	1.40768	1.40794	2615	2761950000	34
2016.03.15	06:00:00	1.40797	1.40864	1.40710	1.40774	2661	2949400000	34
2016.03.15	07:00:00	1.40774	1.40853	1.40699	1.40801	2551	2759100000	39
2016.03.15	08:00:00	1.40800	1.40920	1.40739	1.40896	3621	3967200000	33
2016.03.15	09:00:00	1.40894	1.40954	1.40478	1.40537	8574	8562900000	33
2016.03.15	10:00:00	1.40546	1.40585	1.40196	1.40411	7983	8168970000	33
2016.03.15	11:00:00	1.40408	1.40428	1.39878	1.39953	9046	9811250000	33
2016.03.15	12:00:00	1.39947	1.40100	1.39897	1.39961	7936	9269290000	33
2016.03.15	13:00:00	1.39961	1.39968	1.39779	1.39779	7591	8322200000	33
2016.03.15	14:00:00	1.39778	1.39863	1.39637	1.39778	9355	10172300000	33
2016.03.15	15:00:00	1.39778	1.39994	1.39630	1.39632	9347	10136550000	33
2016.03.15	16:00:00	1.39630	1.39944	1.39596	1.39773	9747	10176300000	33
2016.03.15	17:00:00	1.39771	1.39801	1.39532	1.39546	8893	9381950000	33
2016.03.15	18:00:00	1.39542	1.39785	1.39496	1.39559	7284	8266600000	33
2016.03.15	19:00:00	1.39560	1.39718	1.39357	1.39574	6641	6908050000	33
2016.03.15	20:00:00	1.39574	1.39735	1.39559	1.39727	5756	6278750000	33
2016.03.15	21:00:00	1.39728	1.39758	1.39615	1.39634	4635	5023600000	35
2016.03.15	22:00:00	1.39630	1.39700	1.39593	1.39650	2272	2535000000	40
2016.03.15	23:00:00	1.39660	1.39687	1.39540	1.39651	824	820200000	0
2016.03.16	00:00:00	1.39659	1.39742	1.39062	1.39682	134959	1367200000	47
2016.03.16	01:00:00	1.39684	1.39741	1.39628	1.39727	1577	1660150000	34
2016.03.16	02:00:00	1.39726	1.39757	1.39504	1.39597	4462	4612850000	33
2016.03.16	03:00:00	1.39599	1.39655	1.39453	1.39610	4096	4144600000	33
2016.03.16	04:00:00	1.39609	1.39638	1.39551	1.39609	3027	3274450000	39
2016.03.16	05:00:00	1.39608	1.39629	1.39512	1.39531	2437	2295750000	39
2016.03.16	06:00:00	1.39529	1.39606	1.39510	1.39606	1977	1904150000	36
2016.03.16	07:00:00	1.39607	1.39616	1.39454	1.39490	2053	2090050000	37
2016.03.16	08:00:00	1.39489	1.39568	1.39329	1.39334	3632	3822200000	33
2016.03.16	09:00:00	1.39334	1.39451	1.39124	1.39401	7841	7997046000	33
2016.03.16	10:00:00	1.39405	1.39755	1.39405	1.39591	7991	8940050000	33
2016.03.16	11:00:00	1.39591	1.39730	1.39421	1.39535	7749	8226500000	33
2016.03.16	12:00:00	1.39535	1.39564	1.39252	1.39527	7345	7956200000	33
2016.03.16	13:00:00	1.39525	1.39560	1.39266	1.39279	7006	8542100000	33
2016.03.16	14:00:00	1.39280	1.39387	1.39112	1.39160	8785	9306850000	33
2016.03.16	15:00:00	1.39163	1.39386	1.39094	1.39241	10604	11387999000	33
2016.03.16	16:00:00	1.39242	1.39606	1.39183	1.39512	9398	9650400000	33
2016.03.16	17:00:00	1.39511	1.39669	1.39220	1.39275	9078	9963090000	33
2016.03.16	18:00:00	1.39275	1.39588	1.39249	1.39390	9212	11055600000	33
2016.03.16	19:00:00	1.39390	1.39470	1.39283	1.39435	7382	7433550000	33
2016.03.16	20:00:00	1.39427	1.39734	1.39252	1.39284	14781	15189500000	33
2016.03.16	21:00:00	1.39288	1.39480	1.39086	1.39291	9200	9446650000	33
2016.03.16	22:00:00	1.39293	1.39402	1.39156	1.39239	3178	3243550000	33
2016.03.16	23:00:00	1.39218	1.39490	1.38917	1.39366	1715	1448250000	0
2016.03.17	00:00:00	1.39240	1.40243	1.38807	1.39363	132425	1685400000	47
2016.03.17	01:00:00	1.39363	1.39390	1.39282	1.39348	2466	2595950000	34
2016.03.17	02:00:00	1.39343	1.39531	1.39304	1.39521	4100	4137850000	33
2016.03.17	03:00:00	1.39517	1.39677	1.39396	1.39446	4260	4584200000	37
2016.03.17	04:00:00	1.39445	1.39464	1.39314	1.39414	2691	2812600000	42
2016.03.17	05:00:00	1.39413	1.39492	1.39324	1.39367	2187	2215250000	33
2016.03.17	06:00:00	1.39366	1.39399	1.39103	1.39127	2669	2761750000	37
2016.03.17	07:00:00	1.39123	1.39202	1.39114	1.39175	2866	2931250000	38
2016.03.17	08:00:00	1.39175	1.39242	1.39029	1.39138	3495	3583700000	33
2016.03.17	09:00:00	1.39136	1.39300	1.38840	1.39033	8419	7904923000	33
2016.03.17	10:00:00	1.39034	1.39331	1.38992	1.39096	10574	10628400000	33
2016.03.17	11:00:00	1.39093	1.39168	1.38853	1.38853	9504	9293850000	33
2016.03.17	12:00:00	1.38854	1.39217	1.38824	1.39098	11261	13413149000	33
2016.03.17	13:00:00	1.39095	1.39212	1.38967	1.39032	8443	8838900000	33
2016.03.17	14:00:00	1.39032	1.39881	1.39032	1.39540	12708	13179100000	33
2016.03.17	15:00:00	1.39543	1.40097	1.39512	1.39938	12468	11993494000	33
2016.03.17	16:00:00	1.39947	1.40074	1.39594	1.39671	11901	9732690000	33
2016.03.17	17:00:00	1.39672	1.40252	1.39641	1.40238	10006	9848695000	33
2016.03.17	18:00:00	1.40239	1.40260	1.39817	1.39860	9236	8028249000	33
2016.03.17	19:00:00	1.39858	1.40055	1.39831	1.39896	5671	5765550000	33
2016.03.17	20:00:00	1.39898	1.40100	1.39883	1.39944	4282	4211000000	33
2016.03.17	21:00:00	1.39941	1.40184	1.39941	1.40146	3964	4089149000	33
2016.03.17	22:00:00	1.40152	1.40152	1.40018	1.40094	2147	1983800000	35
2016.03.17	23:00:00	1.40101	1.40120	1.39951	1.39951	854	579850000	57
2016.03.18	00:00:00	1.40098	1.40533	1.39614	1.39999	109024	1264950000	37
2016.03.18	01:00:00	1.40000	1.40000	1.39919	1.39972	1860	1816500000	40
2016.03.18	02:00:00	1.39972	1.39999	1.39878	1.39942	3518	3259050000	37
2016.03.18	03:00:00	1.39944	1.39997	1.39858	1.39895	4329	4298900000	33
2016.03.18	04:00:00	1.39893	1.39955	1.39799	1.39830	3729	4005000000	33
2016.03.18	05:00:00	1.39830	1.39864	1.39742	1.39746	2899	3103700000	33
2016.03.18	06:00:00	1.39747	1.39851	1.39721	1.39842	2487	4665650000	37
2016.03.18	07:00:00	1.39842	1.39908	1.39763	1.39851	2726	2892250000	33
2016.03.18	08:00:00	1.39849	1.39950	1.39712	1.39734	4450	4459850000	35
2016.03.18	09:00:00	1.39738	1.40137	1.39628	1.39912	6140	6262500000	33
2016.03.18	10:00:00	1.39908	1.40047	1.39818	1.39885	8524	9086500000	33
2016.03.18	11:00:00	1.39888	1.40184	1.39885	1.40097	7374	7685600000	33
2016.03.18	12:00:00	1.40097	1.40131	1.39911	1.39999	6521	7131498000	33
2016.03.18	13:00:00	1.39999	1.40108	1.39840	1.40016	6591	7466700000	33
2016.03.18	14:00:00	1.40017	1.40252	1.39943	1.40223	7214	7860250000	33
2016.03.18	15:00:00	1.40223	1.40339	1.40053	1.40104	10087	10761000000	33
2016.03.18	16:00:00	1.40112	1.40261	1.40033	1.40259	9174	9920945000	33
2016.03.18	17:00:00	1.40259	1.40524	1.40118	1.40502	8903	9986100000	33
2016.03.18	18:00:00	1.40495	1.40549	1.40095	1.40289	7724	8277700000	33
2016.03.18	19:00:00	1.40290	1.40373	1.40149	1.40248	5168	5515150000	33
2016.03.18	20:00:00	1.40247	1.40384	1.40103	1.40369	3950	4100550000	33
2016.03.18	21:00:00	1.40370	1.40461	1.40287	1.40292	3387	3739647000	33
2016.03.18	22:00:00	1.40289	1.40358	1.40194	1.40194	2084	1734300000	33
2016.03.21	00:00:00	1.40121	1.40381	1.39159	1.40236	51491	862000000	45
2016.03.21	01:00:00	1.40232	1.40276	1.40162	1.40228	1653	1694050000	40
2016.03.21	02:00:00	1.40228	1.40254	1.40038	1.40065	3733	3393100000	33
2016.03.21	03:00:00	1.40065	1.40086	1.39970	1.40031	3378	3380199000	35
2016.03.21	04:00:00	1.40029	1.40097	1.39992	1.39999	2425	2579250000	39
2016.03.21	05:00:00	1.39999	1.40041	1.39983	1.40029	1795	1792300000	35
2016.03.21	06:00:00	1.40028	1.40071	1.40017	1.40033	1848	1971850000	43
2016.03.21	07:00:00	1.40032	1.40048	1.39874	1.39928	2437	2553800000	40
2016.03.21	08:00:00	1.39925	1.39946	1.39744	1.39818	3172	3115750000	33
2016.03.21	09:00:00	1.39820	1.39973	1.39609	1.39675	6994	6185450000	33
2016.03.21	10:00:00	1.39676	1.40125	1.39630	1.39910	8205	8535950000	33
2016.03.21	11:00:00	1.39908	1.39944	1.39562	1.39775	7792	8055150000	33
2016.03.21	12:00:00	1.39772	1.39875	1.39643	1.39685	6589	7319300000	33
2016.03.21	13:00:00	1.39685	1.39685	1.39342	1.39452	6572	7114700000	33
2016.03.21	14:00:00	1.39452	1.39608	1.39294	1.39459	7614	8286945000	33
2016.03.21	15:00:00	1.39456	1.39549	1.39349	1.39429	8472	8945650000	33
2016.03.21	16:00:00	1.39429	1.39488	1.39174	1.39273	8422	8037750000	33
2016.03.21	17:00:00	1.39275	1.39606	1.39257	1.39371	9424	8803800000	33
2016.03.21	18:00:00	1.39371	1.39556	1.39306	1.39408	7424	6791350000	33
2016.03.21	19:00:00	1.39409	1.39601	1.39397	1.39525	5454	4982200000	33
2016.03.21	20:00:00	1.39525	1.39617	1.39451	1.39532	3003	2825150000	33
2016.03.21	21:00:00	1.39533	1.39533	1.39333	1.39333	3410	3146550000	35
2016.03.21	22:00:00	1.39333	1.39427	1.39316	1.39328	2372	2382550000	33
2016.03.21	23:00:00	1.39323	1.39477	1.39311	1.39437	1060	907300000	0
2016.03.22	00:00:00	1.39336	1.39598	1.37690	1.39464	65471	558650000	41
2016.03.22	01:00:00	1.39475	1.39525	1.39434	1.39442	2040	1963100000	41
2016.03.22	02:00:00	1.39445	1.39500	1.39342	1.39404	3691	3444300000	37
2016.03.22	03:00:00	1.39404	1.39475	1.39353	1.39406	3661	3795100000	33
2016.03.22	04:00:00	1.39408	1.39467	1.39371	1.39380	2250	2307400000	39
2016.03.22	05:00:00	1.39380	1.39460	1.39275	1.39287	2691	2486700000	38
2016.03.22	06:00:00	1.39287	1.39447	1.39284	1.39381	2422	2596650000	40
2016.03.22	07:00:00	1.39381	1.39477	1.39344	1.39469	2908	2813850000	33
2016.03.22	08:00:00	1.39471	1.39590	1.39439	1.39586	2707	2814100000	39
2016.03.22	09:00:00	1.39588	1.39605	1.39017	1.39151	7273	7298350000	33
2016.03.22	10:00:00	1.39141	1.39183	1.38489	1.38507	13776	13719748000	33
2016.03.22	11:00:00	1.38506	1.39016	1.38430	1.38883	10038	10363084000	33
2016.03.22	12:00:00	1.38881	1.38933	1.38423	1.38618	8830	10888149000	33
2016.03.22	13:00:00	1.38617	1.38700	1.38513	1.38652	7673	8507197000	33
2016.03.22	14:00:00	1.38654	1.38668	1.38024	1.38176	9535	10320750000	33
2016.03.22	15:00:00	1.38179	1.38262	1.37814	1.37964	11705	11729750000	33
2016.03.22	16:00:00	1.37963	1.38097	1.37705	1.38083	10172	10264450000	33
2016.03.22	17:00:00	1.38083	1.38187	1.37920	1.37952	7811	8047200000	33
2016.03.22	18:00:00	1.37952	1.38180	1.37946	1.38103	7397	8057250000	33
2016.03.22	19:00:00	1.38101	1.38221	1.37956	1.38212	6227	6080170000	33
2016.03.22	20:00:00	1.38212	1.38248	1.38085	1.38195	5019	5266549000	33
2016.03.22	21:00:00	1.38188	1.38255	1.38140	1.38200	3698	4049700000	35
2016.03.22	22:00:00	1.38196	1.38267	1.38152	1.38152	2662	2678700000	34
2016.03.22	23:00:00	1.38166	1.38304	1.38104	1.38260	1415	1125200000	0
2016.03.23	00:00:00	1.38158	1.38478	1.37242	1.38285	58876	1295200000	43
2016.03.23	01:00:00	1.38285	1.38363	1.38250	1.38350	2004	1989750000	33
2016.03.23	02:00:00	1.38350	1.38432	1.38308	1.38401	2974	3120600000	35
2016.03.23	03:00:00	1.38402	1.38412	1.38303	1.38346	2892	3034750000	34
2016.03.23	04:00:00	1.38346	1.38375	1.38265	1.38273	2694	2236150000	36
2016.03.23	05:00:00	1.38269	1.38318	1.38232	1.38289	2507	2319050000	39
2016.03.23	06:00:00	1.38294	1.38445	1.38261	1.38303	2794	2317500000	33
2016.03.23	07:00:00	1.38303	1.38332	1.38147	1.38297	3216	3414650000	33
2016.03.23	08:00:00	1.38297	1.38370	1.38159	1.38333	3146	3641400000	36
2016.03.23	09:00:00	1.38334	1.38340	1.38139	1.38201	7843	7426600000	33
2016.03.23	10:00:00	1.38202	1.38489	1.38186	1.38249	8410	8289100000	33
2016.03.23	11:00:00	1.38249	1.38296	1.38139	1.38266	7463	8217500000	33
2016.03.23	12:00:00	1.38267	1.38282	1.37839	1.38052	7481	7129160000	33
2016.03.23	13:00:00	1.38055	1.38110	1.37968	1.38027	6644	7330200000	33
2016.03.23	14:00:00	1.38020	1.38213	1.37901	1.37930	9283	9755550000	33
2016.03.23	15:00:00	1.37932	1.37988	1.37486	1.37542	11773	12715900000	0
2016.03.23	16:00:00	1.37540	1.37627	1.37379	1.37526	10312	11314048000	33
2016.03.23	17:00:00	1.37523	1.37534	1.37257	1.37317	8619	9043800000	33
2016.03.23	18:00:00	1.37317	1.37636	1.37270	1.37609	7802	8084700000	0
2016.03.23	19:00:00	1.37614	1.37657	1.37388	1.37578	4976	5367350000	33
2016.03.23	20:00:00	1.37575	1.37685	1.37510	1.37661	4584	5020550000	33
2016.03.23	21:00:00	1.37661	1.37666	1.37512	1.37556	3846	4386800000	33
2016.03.23	22:00:00	1.37561	1.37651	1.37556	1.37632	2038	2278450000	36
2016.03.23	23:00:00	1.37637	1.37691	1.37601	1.37653	872	901300000	0
2016.03.24	00:00:00	1.37650	1.38280	1.37168	1.37645	54713	734750000	44
2016.03.24	01:00:00	1.37640	1.37681	1.37623	1.37671	1583	1684250000	40
2016.03.24	02:00:00	1.37671	1.37678	1.37547	1.37569	2357	2383500000	38
2016.03.24	03:00:00	1.37569	1.37652	1.37513	1.37538	3781	3594600000	35
2016.03.24	04:00:00	1.37538	1.37626	1.37531	1.37549	2565	2748950000	38
2016.03.24	05:00:00	1.37541	1.37545	1.37439	1.37485	2171	2442700000	41
2016.03.24	06:00:00	1.37484	1.37547	1.37469	1.37535	1929	3190250000	33
2016.03.24	07:00:00	1.37538	1.37620	1.37528	1.37541	2630	2863750000	35
2016.03.24	08:00:00	1.37539	1.37604	1.37456	1.37485	2358	2542850000	41
2016.03.24	09:00:00	1.37485	1.37694	1.37453	1.37529	7588	7866000000	33
2016.03.24	10:00:00	1.37529	1.37547	1.37182	1.37261	8943	8712250000	33
2016.03.24	11:00:00	1.37262	1.37522	1.37191	1.37397	8199	8567850000	33
2016.03.24	12:00:00	1.37397	1.37821	1.37351	1.37695	9097	9314949000	33
2016.03.24	13:00:00	1.37692	1.37882	1.37649	1.37811	8282	8790484000	33
2016.03.24	14:00:00	1.37806	1.37959	1.37644	1.37718	8116	8938790000	33
2016.03.24	15:00:00	1.37718	1.37878	1.37532	1.37626	9066	9194030000	33
2016.03.24	16:00:00	1.37626	1.38019	1.37590	1.37984	8296	8656500000	33
2016.03.24	17:00:00	1.37985	1.38187	1.37834	1.38104	7523	9387450000	33
2016.03.24	18:00:00	1.38103	1.38264	1.37954	1.38022	7095	8216600000	33
2016.03.24	19:00:00	1.38018	1.38297	1.38018	1.38235	4904	4990400000	33
2016.03.24	20:00:00	1.38237	1.38268	1.38121	1.38132	3608	3859250000	33
2016.03.24	21:00:00	1.38132	1.38234	1.37999	1.37999	3068	3559650000	33
2016.03.24	22:00:00	1.37998	1.38101	1.37966	1.38055	2695	2867000000	34
2016.03.24	23:00:00	1.38055	1.38114	1.38020	1.38061	659	853400000	0
2016.03.25	00:00:00	1.38055	1.38312	1.37791	1.37982	14296	877950000	68
2016.03.25	01:00:00	1.37981	1.38041	1.37755	1.37903	2391	1589250000	33
2016.03.25	02:00:00	1.37903	1.38097	1.37793	1.37914	4761	2979400000	33
2016.03.25	03:00:00	1.37927	1.38067	1.37796	1.38064	3331	2593050000	56
2016.03.25	04:00:00	1.38057	1.38060	1.37876	1.37961	1689	1658300000	38
2016.03.25	05:00:00	1.37964	1.37975	1.37923	1.37943	1872	1662650000	78
2016.03.25	06:00:00	1.37943	1.37999	1.37892	1.37937	2583	2447850000	79
2016.03.25	07:00:00	1.37937	1.37996	1.37784	1.37802	1434	1300350000	62
2016.03.25	08:00:00	1.37796	1.38064	1.37726	1.37997	1479	877100000	33
2016.03.25	09:00:00	1.38010	1.38033	1.37847	1.37977	1823	945600000	61
2016.03.25	10:00:00	1.37975	1.38194	1.37933	1.38000	954	938050000	33
2016.03.25	11:00:00	1.37999	1.38246	1.37923	1.38216	1190	1230200000	39
2016.03.25	12:00:00	1.38219	1.38219	1.37777	1.37905	812	847300000	33
2016.03.25	13:00:00	1.37905	1.38154	1.37832	1.38146	1048	1078300000	33
2016.03.25	14:00:00	1.38151	1.38257	1.37875	1.38023	1466	1362750000	33
2016.03.25	15:00:00	1.38025	1.38205	1.37961	1.38117	1101	924100000	33
2016.03.25	16:00:00	1.38121	1.38190	1.38006	1.38068	2227	1595900000	58
2016.03.25	17:00:00	1.38068	1.38249	1.38059	1.38169	1897	1928650000	45
2016.03.25	18:00:00	1.38169	1.38176	1.38013	1.38074	1265	1257700000	64
2016.03.25	19:00:00	1.38073	1.38117	1.38032	1.38035	763	635250000	60
2016.03.25	20:00:00	1.38037	1.38203	1.38035	1.38109	1084	996850000	62
2016.03.25	21:00:00	1.38105	1.38179	1.38051	1.38091	754	673250000	93
2016.03.25	22:00:00	1.38091	1.38146	1.37564	1.37564	1532	1108150000	129
2016.03.28	00:00:00	1.38113	1.39093	1.37877	1.38031	26744	451850000	0
2016.03.28	01:00:00	1.38055	1.38313	1.38055	1.38256	1806	1965550000	54
2016.03.28	02:00:00	1.38257	1.38290	1.38164	1.38244	1644	1592550000	45
2016.03.28	03:00:00	1.38244	1.38249	1.38073	1.38096	2423	2208800000	41
2016.03.28	04:00:00	1.38096	1.38104	1.38039	1.38089	1815	1328550000	39
2016.03.28	05:00:00	1.38093	1.38125	1.38074	1.38096	1911	1603700000	45
2016.03.28	06:00:00	1.38096	1.38136	1.38061	1.38127	1944	1858050000	45
2016.03.28	07:00:00	1.38129	1.38129	1.38061	1.38105	1618	1394000000	46
2016.03.28	08:00:00	1.38107	1.38225	1.38093	1.38093	2437	2023100000	38
2016.03.28	09:00:00	1.38093	1.38263	1.38082	1.38131	2572	2420800000	36
2016.03.28	10:00:00	1.38131	1.38458	1.38115	1.38386	3218	4403300000	33
2016.03.28	11:00:00	1.38384	1.38399	1.38309	1.38346	2176	2076300000	37
2016.03.28	12:00:00	1.38346	1.38427	1.38301	1.38380	1696	1642800000	41
2016.03.28	13:00:00	1.38380	1.38433	1.38292	1.38327	1917	1980350000	40
2016.03.28	14:00:00	1.38328	1.38459	1.38324	1.38425	2136	2363950000	38
2016.03.28	15:00:00	1.38424	1.38797	1.38326	1.38780	4326	4339600000	33
2016.03.28	16:00:00	1.38778	1.39104	1.38681	1.38825	7208	7210800000	33
2016.03.28	17:00:00	1.38827	1.38864	1.38514	1.38711	6170	6008900000	34
2016.03.28	18:00:00	1.38710	1.38814	1.38542	1.38647	4018	4037650000	33
2016.03.28	19:00:00	1.38647	1.38672	1.38542	1.38650	3550	3673100000	33
2016.03.28	20:00:00	1.38648	1.38688	1.38559	1.38688	2053	2211600000	38
2016.03.28	21:00:00	1.38683	1.38836	1.38676	1.38734	2932	3057000000	39
2016.03.28	22:00:00	1.38729	1.38857	1.38729	1.38803	2697	2770400000	38
2016.03.28	23:00:00	1.38802	1.38861	1.38727	1.38772	2353	2104000000	34
2016.03.29	00:00:00	1.38784	1.39484	1.38384	1.38770	70330	1337200000	45
2016.03.29	01:00:00	1.38788	1.38870	1.38757	1.38817	3172	2583150000	51
2016.03.29	02:00:00	1.38819	1.38873	1.38773	1.38814	2053	2066050000	33
2016.03.29	03:00:00	1.38814	1.38822	1.38733	1.38763	3291	3050300000	37
2016.03.29	04:00:00	1.38764	1.38803	1.38692	1.38700	3608	3409600000	40
2016.03.29	05:00:00	1.38701	1.38744	1.38646	1.38697	2981	2725400000	34
2016.03.29	06:00:00	1.38698	1.38711	1.38637	1.38704	2567	2275805000	42
2016.03.29	07:00:00	1.38704	1.38773	1.38652	1.38680	3065	2774450000	39
2016.03.29	08:00:00	1.38680	1.38717	1.38564	1.38633	3569	3149200000	36
2016.03.29	09:00:00	1.38634	1.38731	1.38478	1.38530	4868	5050500000	33
2016.03.29	10:00:00	1.38525	1.38859	1.38396	1.38828	8778	8968148000	33
2016.03.29	11:00:00	1.38828	1.38996	1.38741	1.38912	7231	8102550000	33
2016.03.29	12:00:00	1.38911	1.39032	1.38670	1.38725	8409	8850500000	33
2016.03.29	13:00:00	1.38725	1.39049	1.38534	1.38915	7982	8852550000	33
2016.03.29	14:00:00	1.38915	1.39352	1.38892	1.39294	8223	8929500000	33
2016.03.29	15:00:00	1.39293	1.39333	1.39009	1.39233	9026	9138200000	33
2016.03.29	16:00:00	1.39231	1.39289	1.39017	1.39044	10497	10935000000	33
2016.03.29	17:00:00	1.39038	1.39261	1.39009	1.39098	10531	10620398000	33
2016.03.29	18:00:00	1.39099	1.39252	1.39079	1.39131	7728	7866900000	33
2016.03.29	19:00:00	1.39131	1.39494	1.39074	1.39286	11726	11606447000	33
2016.03.29	20:00:00	1.39287	1.39409	1.39150	1.39336	7759	7407950000	33
2016.03.29	21:00:00	1.39330	1.39410	1.38858	1.38876	7179	7253150000	33
2016.03.29	22:00:00	1.38876	1.39066	1.38857	1.39018	4356	4398800000	33
2016.03.29	23:00:00	1.39018	1.39123	1.38955	1.38955	3156	2952250000	33
2016.03.30	00:00:00	1.39044	1.39308	1.38438	1.38951	77736	1094400000	52
2016.03.30	01:00:00	1.38949	1.39117	1.38949	1.39037	4364	3639400000	51
2016.03.30	02:00:00	1.39037	1.39072	1.38970	1.39014	2005	2041300000	40
2016.03.30	03:00:00	1.39014	1.39090	1.38950	1.38964	4140	4346850000	35
2016.03.30	04:00:00	1.38967	1.38987	1.38881	1.38926	3837	4043950000	34
2016.03.30	05:00:00	1.38927	1.38985	1.38899	1.38955	2648	2744400000	43
2016.03.30	06:00:00	1.38955	1.38995	1.38890	1.38951	3194	3245350000	44
2016.03.30	07:00:00	1.38951	1.38951	1.38839	1.38872	2173	2120750000	43
2016.03.30	08:00:00	1.38872	1.39005	1.38858	1.38933	3262	3264600000	39
2016.03.30	09:00:00	1.38933	1.39261	1.38920	1.39209	8304	8291600000	33
2016.03.30	10:00:00	1.39209	1.39314	1.39091	1.39134	10957	11487200000	33
2016.03.30	11:00:00	1.39132	1.39190	1.38684	1.38717	8759	8685851000	33
2016.03.30	12:00:00	1.38716	1.38775	1.38604	1.38724	7888	8776800000	33
2016.03.30	13:00:00	1.38724	1.38869	1.38673	1.38763	6752	7508130000	33
2016.03.30	14:00:00	1.38763	1.38897	1.38628	1.38830	8584	9570000000	33
2016.03.30	15:00:00	1.38831	1.38989	1.38774	1.38881	10584	11019600000	33
2016.03.30	16:00:00	1.38881	1.39022	1.38663	1.38906	11255	12026500000	33
2016.03.30	17:00:00	1.38906	1.38965	1.38574	1.38937	13719	13205295000	33
2016.03.30	18:00:00	1.38934	1.39036	1.38624	1.38641	12086	12497399000	33
2016.03.30	19:00:00	1.38638	1.38719	1.38453	1.38710	7722	8251771000	33
2016.03.30	20:00:00	1.38710	1.38732	1.38477	1.38588	7486	7594188000	33
2016.03.30	21:00:00	1.38590	1.38684	1.38485	1.38671	5540	5996798000	33
2016.03.30	22:00:00	1.38669	1.38712	1.38562	1.38650	4413	4472391000	33
2016.03.30	23:00:00	1.38650	1.38795	1.38643	1.38739	2476	2395220000	36
2016.03.31	00:00:00	1.38720	1.38800	1.37504	1.38672	71874	545099000	35
2016.03.31	01:00:00	1.38672	1.38788	1.38671	1.38717	2031	2123599000	51
2016.03.31	02:00:00	1.38717	1.38756	1.38662	1.38682	1765	1716700000	37
2016.03.31	03:00:00	1.38684	1.38695	1.38587	1.38633	4344	3770840000	33
2016.03.31	04:00:00	1.38633	1.38713	1.38542	1.38584	4240	4175893000	33
2016.03.31	05:00:00	1.38584	1.38630	1.38432	1.38449	3562	3767100000	37
2016.03.31	06:00:00	1.38449	1.38514	1.38392	1.38461	2754	2918800000	36
2016.03.31	07:00:00	1.38466	1.38514	1.38427	1.38489	2564	2706300000	33
2016.03.31	08:00:00	1.38489	1.38563	1.38428	1.38482	3088	3394600000	40
2016.03.31	09:00:00	1.38478	1.38508	1.38294	1.38334	6204	6319150000	33
2016.03.31	10:00:00	1.38331	1.38425	1.38229	1.38316	9060	9654249000	33
2016.03.31	11:00:00	1.38313	1.38617	1.38197	1.38483	9160	9292097000	33
2016.03.31	12:00:00	1.38493	1.38631	1.38314	1.38370	8714	9646220000	33
2016.03.31	13:00:00	1.38367	1.38577	1.38290	1.38539	7703	8391390000	33
2016.03.31	14:00:00	1.38539	1.38818	1.38122	1.38141	9629	10542098000	33
2016.03.31	15:00:00	1.38141	1.38141	1.37818	1.38059	9908	9715540000	33
2016.03.31	16:00:00	1.38059	1.38126	1.37549	1.37667	11735	11286949000	33
2016.03.31	17:00:00	1.37671	1.37969	1.37528	1.37633	15000	15473526000	33
2016.03.31	18:00:00	1.37630	1.38064	1.37548	1.37768	11715	10321850000	33
2016.03.31	19:00:00	1.37767	1.38014	1.37708	1.37994	6916	6564896000	33
2016.03.31	20:00:00	1.37994	1.38038	1.37746	1.37910	6108	5600094000	33
2016.03.31	21:00:00	1.37908	1.38065	1.37889	1.38013	5454	5331146000	33
2016.03.31	22:00:00	1.38009	1.38150	1.37921	1.38086	4671	4730627000	33
2016.03.31	23:00:00	1.38085	1.38181	1.38025	1.38087	2707	2682500000	35
2016.04.01	00:00:00	1.38078	1.38175	1.35983	1.38109	70933	497800000	0
2016.04.01	01:00:00	1.38098	1.38187	1.38075	1.38098	1735	1671400000	37
2016.04.01	02:00:00	1.38098	1.38119	1.38051	1.38063	1406	1399750000	36
2016.04.01	03:00:00	1.38060	1.38085	1.37841	1.37970	3752	3174350000	38
2016.04.01	04:00:00	1.37970	1.38062	1.37848	1.37892	3997	3635800000	33
2016.04.01	05:00:00	1.37892	1.37892	1.37688	1.37789	3110	2868450000	37
2016.04.01	06:00:00	1.37793	1.37862	1.37644	1.37658	2610	2628798000	39
2016.04.01	07:00:00	1.37658	1.37702	1.37618	1.37690	2173	2027200000	35
2016.04.01	08:00:00	1.37691	1.37807	1.37666	1.37761	2915	2574300000	40
2016.04.01	09:00:00	1.37761	1.37955	1.37715	1.37955	4909	5130699000	33
2016.04.01	10:00:00	1.37964	1.37967	1.37684	1.37697	8790	9473500000	33
2016.04.01	11:00:00	1.37697	1.37929	1.37418	1.37556	9965	10933400000	33
2016.04.01	12:00:00	1.37551	1.37660	1.37306	1.37327	7678	8455250000	33
2016.04.01	13:00:00	1.37327	1.37348	1.36947	1.36973	7754	8527848000	33
2016.04.01	14:00:00	1.36974	1.37084	1.36878	1.37047	7104	8067449000	33
2016.04.01	15:00:00	1.37047	1.37047	1.36569	1.36569	13910	13532594000	33
2016.04.01	16:00:00	1.36565	1.36573	1.36009	1.36009	13849	13120550000	33
2016.04.01	17:00:00	1.36068	1.36591	1.35989	1.36460	14727	12999540000	33
2016.04.01	18:00:00	1.36460	1.36477	1.36104	1.36170	10520	10625034000	33
2016.04.01	19:00:00	1.36170	1.36278	1.36114	1.36195	7677	7484000000	33
2016.04.01	20:00:00	1.36196	1.36308	1.36152	1.36296	5223	4773350000	33
2016.04.01	21:00:00	1.36284	1.36325	1.36166	1.36270	5288	5790848000	34
2016.04.01	22:00:00	1.36270	1.36433	1.36254	1.36371	4436	4857800000	36
2016.04.01	23:00:00	1.36371	1.36399	1.36089	1.36163	1929	1570497000	37
2016.04.04	00:00:00	1.36297	1.37154	1.36029	1.36194	58316	1767500000	52
2016.04.04	01:00:00	1.36197	1.36348	1.36189	1.36309	2298	2272400000	43
2016.04.04	02:00:00	1.36316	1.36423	1.36296	1.36352	1715	1706000000	39
2016.04.04	03:00:00	1.36353	1.36380	1.36266	1.36347	3826	3853050000	40
2016.04.04	04:00:00	1.36349	1.36374	1.36261	1.36296	3597	3556350000	33
2016.04.04	05:00:00	1.36296	1.36382	1.36277	1.36358	2223	2338350000	35
2016.04.04	06:00:00	1.36364	1.36424	1.36299	1.36313	2828	2362150000	38
2016.04.04	07:00:00	1.36312	1.36425	1.36298	1.36419	2735	1909145000	40
2016.04.04	08:00:00	1.36421	1.36440	1.36338	1.36353	3091	2945996000	41
2016.04.04	09:00:00	1.36350	1.36439	1.36217	1.36401	6610	6439000000	33
2016.04.04	10:00:00	1.36402	1.36476	1.36166	1.36376	8659	9218400000	33
2016.04.04	11:00:00	1.36373	1.36586	1.36298	1.36340	8893	9760899000	33
2016.04.04	12:00:00	1.36340	1.36789	1.36322	1.36656	7421	8944591000	33
2016.04.04	13:00:00	1.36658	1.36792	1.36580	1.36733	6173	7275200000	33
2016.04.04	14:00:00	1.36736	1.36993	1.36681	1.36964	7294	7910915000	33
2016.04.04	15:00:00	1.36961	1.37150	1.36828	1.37088	9434	9169998000	33
2016.04.04	16:00:00	1.37089	1.37133	1.36717	1.36789	10794	10348100000	33
2016.04.04	17:00:00	1.36796	1.37166	1.36786	1.37106	11533	11919389000	33
2016.04.04	18:00:00	1.37105	1.37169	1.36831	1.37000	8987	8391150000	33
2016.04.04	19:00:00	1.37006	1.37058	1.36770	1.36781	6232	6123350000	33
2016.04.04	20:00:00	1.36783	1.36959	1.36760	1.36947	4592	4898450000	36
2016.04.04	21:00:00	1.36946	1.36950	1.36831	1.36894	4559	5024150000	33
2016.04.04	22:00:00	1.36896	1.36935	1.36789	1.36789	4446	4961020000	33
2016.04.04	23:00:00	1.36791	1.36838	1.36692	1.36702	2583	2609400000	36
2016.04.05	00:00:00	1.36753	1.36829	1.35165	1.36749	62327	1254900000	80
2016.04.05	01:00:00	1.36749	1.36826	1.36729	1.36751	1526	1462050000	44
2016.04.05	02:00:00	1.36754	1.36776	1.36720	1.36769	1650	1505850000	41
2016.04.05	03:00:00	1.36769	1.36799	1.36689	1.36756	3944	4033150000	33
2016.04.05	04:00:00	1.36755	1.36802	1.36703	1.36726	4338	4468450000	38
2016.04.05	05:00:00	1.36726	1.36726	1.36594	1.36658	2829	2831650000	39
2016.04.05	06:00:00	1.36658	1.36755	1.36658	1.36718	2476	2536450000	34
2016.04.05	07:00:00	1.36718	1.36763	1.36631	1.36684	4401	4451350000	38
2016.04.05	08:00:00	1.36683	1.36692	1.36576	1.36604	3782	4065600000	37
2016.04.05	09:00:00	1.36608	1.36737	1.36447	1.36477	7501	7772350000	33
2016.04.05	10:00:00	1.36479	1.36607	1.36340	1.36438	10581	11407014000	33
2016.04.05	11:00:00	1.36438	1.36592	1.36296	1.36563	7900	8865350000	33
2016.04.05	12:00:00	1.36563	1.36565	1.36187	1.36300	8239	10657249000	33
2016.04.05	13:00:00	1.36303	1.36375	1.36124	1.36126	7542	8577696000	33
2016.04.05	14:00:00	1.36126	1.36255	1.35961	1.36012	8536	9245550000	33
2016.04.05	15:00:00	1.36017	1.36022	1.35696	1.35807	9628	10018100000	33
2016.04.05	16:00:00	1.35803	1.35991	1.35647	1.35651	9953	11247250000	33
2016.04.05	17:00:00	1.35644	1.35679	1.35276	1.35284	12165	13003750000	33
2016.04.05	18:00:00	1.35284	1.35468	1.35202	1.35398	10581	11618497000	33
2016.04.05	19:00:00	1.35395	1.35416	1.35192	1.35284	7882	8625200000	33
2016.04.05	20:00:00	1.35284	1.35363	1.35181	1.35273	5007	5237800000	33
2016.04.05	21:00:00	1.35273	1.35410	1.35194	1.35324	3956	4162892000	33
2016.04.05	22:00:00	1.35322	1.35413	1.35314	1.35358	3911	4506400000	34
2016.04.05	23:00:00	1.35354	1.35396	1.35318	1.35324	2256	2526200000	33
2016.04.06	00:00:00	1.35354	1.35877	1.34399	1.35311	70537	513000000	48
2016.04.06	01:00:00	1.35315	1.35386	1.35315	1.35344	1329	1254200000	41
2016.04.06	02:00:00	1.35345	1.35409	1.35330	1.35402	2004	2122500000	36
2016.04.06	03:00:00	1.35406	1.35437	1.35293	1.35333	3046	3247200000	39
2016.04.06	04:00:00	1.35332	1.35480	1.35272	1.35477	3541	3682850000	38
2016.04.06	05:00:00	1.35477	1.35552	1.35403	1.35522	3493	3585250000	33
2016.04.06	06:00:00	1.35482	1.35568	1.35475	1.35540	1829	1971950000	45
2016.04.06	07:00:00	1.35538	1.35595	1.35471	1.35527	2779	2944400000	42
2016.04.06	08:00:00	1.35527	1.35550	1.35472	1.35487	2221	2509843000	42
2016.04.06	09:00:00	1.35487	1.35542	1.35317	1.35472	7382	7509792000	33
2016.04.06	10:00:00	1.35479	1.35896	1.35426	1.35752	9703	10498149000	33
2016.04.06	11:00:00	1.35752	1.35780	1.35382	1.35574	9307	9420688000	33
2016.04.06	12:00:00	1.35577	1.35674	1.35410	1.35428	7887	8430922000	33
2016.04.06	13:00:00	1.35428	1.35452	1.35054	1.35075	8262	8162788000	33
2016.04.06	14:00:00	1.35074	1.35271	1.34572	1.34582	10779	11627200000	33
2016.04.06	15:00:00	1.34582	1.34752	1.34500	1.34577	11576	12848950000	33
2016.04.06	16:00:00	1.34577	1.34702	1.34413	1.34655	12126	12091550000	33
2016.04.06	17:00:00	1.34655	1.34885	1.34539	1.34844	13455	13433549000	33
2016.04.06	18:00:00	1.34844	1.35059	1.34785	1.35042	13278	13098880000	33
2016.04.06	19:00:00	1.35044	1.35160	1.34917	1.34920	8770	8878300000	33
2016.04.06	20:00:00	1.34924	1.35054	1.34906	1.35016	5827	6031400000	33
2016.04.06	21:00:00	1.35021	1.35123	1.34886	1.34945	9129	9340650000	33
2016.04.06	22:00:00	1.34945	1.34992	1.34831	1.34934	4534	5061200000	36
2016.04.06	23:00:00	1.34934	1.35010	1.34912	1.34931	2056	2128850000	39
2016.04.07	00:00:00	1.34934	1.35108	1.34118	1.34962	75411	888250000	0
2016.04.07	01:00:00	1.34951	1.35075	1.34944	1.35048	2062	2175289000	43
2016.04.07	02:00:00	1.35046	1.35088	1.35015	1.35054	2026	2085450000	35
2016.04.07	03:00:00	1.35058	1.35121	1.35010	1.35036	3038	3219150000	37
2016.04.07	04:00:00	1.35033	1.35088	1.34924	1.35000	4971	4737100000	33
2016.04.07	05:00:00	1.35000	1.35037	1.34825	1.34882	4689	5006600000	41
2016.04.07	06:00:00	1.34889	1.34890	1.34773	1.34834	3316	3148350000	34
2016.04.07	07:00:00	1.34834	1.34851	1.34766	1.34801	2484	2577950000	33
2016.04.07	08:00:00	1.34801	1.35020	1.34789	1.34940	4775	4880000000	39
2016.04.07	09:00:00	1.34940	1.34983	1.34383	1.34410	10086	9195850000	33
2016.04.07	10:00:00	1.34413	1.34474	1.34129	1.34424	12354	13629272000	33
2016.04.07	11:00:00	1.34427	1.34777	1.34378	1.34603	9486	10913461000	33
2016.04.07	12:00:00	1.34597	1.34649	1.34276	1.34532	10771	12121850000	33
2016.04.07	13:00:00	1.34532	1.34753	1.34390	1.34723	9592	9981650000	33
2016.04.07	14:00:00	1.34725	1.34861	1.34632	1.34749	10228	11423100000	33
2016.04.07	15:00:00	1.34749	1.34845	1.34612	1.34703	10444	11314000000	33
2016.04.07	16:00:00	1.34709	1.34979	1.34590	1.34933	12604	12863800000	33
2016.04.07	17:00:00	1.34937	1.34966	1.34366	1.34585	13174	13602610000	33
2016.04.07	18:00:00	1.34586	1.34645	1.34421	1.34462	9717	10523650000	33
2016.04.07	19:00:00	1.34468	1.34516	1.34374	1.34402	6375	6735550000	33
2016.04.07	20:00:00	1.34402	1.34553	1.34256	1.34358	6883	7089050000	33
2016.04.07	21:00:00	1.34358	1.34428	1.34260	1.34309	4799	5042350000	33
2016.04.07	22:00:00	1.34309	1.34414	1.34286	1.34348	4507	5208000000	34
2016.04.07	23:00:00	1.34348	1.34416	1.34264	1.34264	2466	2790000000	34
2016.04.08	00:00:00	1.34314	1.35166	1.34255	1.34275	62090	833700000	59
2016.04.08	01:00:00	1.34314	1.34398	1.34280	1.34376	1987	1778000000	33
2016.04.08	02:00:00	1.34376	1.34432	1.34361	1.34379	2253	2230450000	33
2016.04.08	03:00:00	1.34379	1.34521	1.34364	1.34452	4321	4544050000	38
2016.04.08	04:00:00	1.34449	1.34643	1.34435	1.34560	4072	4310241000	33
2016.04.08	05:00:00	1.34560	1.34568	1.34462	1.34502	2834	2716750000	40
2016.04.08	06:00:00	1.34502	1.34548	1.34485	1.34505	2497	2706500000	42
2016.04.08	07:00:00	1.34506	1.34643	1.34504	1.34641	2398	2528900000	37
2016.04.08	08:00:00	1.34641	1.34657	1.34546	1.34595	3454	3690600000	35
2016.04.08	09:00:00	1.34598	1.34657	1.34366	1.34489	6886	7124250000	33
2016.04.08	10:00:00	1.34494	1.35179	1.34422	1.35008	12000	12419693000	33
2016.04.08	11:00:00	1.35008	1.35152	1.34711	1.34875	9444	10860220000	33
2016.04.08	12:00:00	1.34875	1.34897	1.34531	1.34639	7708	7675400000	33
2016.04.08	13:00:00	1.34640	1.34761	1.34563	1.34741	7407	9282050000	33
2016.04.08	14:00:00	1.34744	1.34806	1.34626	1.34758	7677	8232748000	33
2016.04.08	15:00:00	1.34760	1.34978	1.34637	1.34789	9821	10404350000	33
2016.04.08	16:00:00	1.34789	1.34842	1.34418	1.34476	12047	12656400000	33
2016.04.08	17:00:00	1.34477	1.34563	1.34274	1.34425	12288	12165100000	33
2016.04.08	18:00:00	1.34429	1.34688	1.34367	1.34489	11153	9684449000	33
2016.04.08	19:00:00	1.34483	1.34677	1.34452	1.34582	6898	7126550000	33
2016.04.08	20:00:00	1.34578	1.34700	1.34509	1.34669	4996	5486350000	33
2016.04.08	21:00:00	1.34669	1.34735	1.34595	1.34673	5035	4820600000	33
2016.04.08	22:00:00	1.34670	1.34765	1.34662	1.34715	4819	5201300000	33
2016.04.08	23:00:00	1.34709	1.34741	1.34610	1.34617	1793	1664850000	33
2016.04.11	00:00:00	1.34406	1.36248	1.34249	1.34606	61773	1113000000	0
2016.04.11	01:00:00	1.34612	1.34700	1.34547	1.34666	2295	2250200000	43
2016.04.11	02:00:00	1.34668	1.34701	1.34621	1.34689	1822	1844950000	33
2016.04.11	03:00:00	1.34688	1.34713	1.34533	1.34608	2915	3070200000	33
2016.04.11	04:00:00	1.34609	1.34619	1.34367	1.34474	3686	3510300000	34
2016.04.11	05:00:00	1.34474	1.34643	1.34404	1.34608	3750	3796350000	42
2016.04.11	06:00:00	1.34607	1.34660	1.34540	1.34553	3129	3002650000	40
2016.04.11	07:00:00	1.34553	1.34713	1.34535	1.34684	3402	3439389000	40
2016.04.11	08:00:00	1.34685	1.34734	1.34547	1.34652	2504	2130400000	39
2016.04.11	09:00:00	1.34654	1.34699	1.34464	1.34696	6204	5728146000	33
2016.04.11	10:00:00	1.34698	1.35073	1.34434	1.35059	10158	10572650000	33
2016.04.11	11:00:00	1.35059	1.35943	1.35056	1.35612	11681	12328834000	33
2016.04.11	12:00:00	1.35612	1.35904	1.35478	1.35828	8342	8130050000	33
2016.04.11	13:00:00	1.35828	1.36267	1.35766	1.36129	9737	9623244000	33
2016.04.11	14:00:00	1.36129	1.36145	1.35838	1.35838	7185	7251350000	33
2016.04.11	15:00:00	1.35838	1.35928	1.35679	1.35771	9173	9191049000	33
2016.04.11	16:00:00	1.35771	1.35958	1.35639	1.35722	11630	11614900000	33
2016.04.11	17:00:00	1.35720	1.35754	1.35501	1.35659	11240	10247500000	33
2016.04.11	18:00:00	1.35660	1.35860	1.35603	1.35796	9785	8908300000	33
2016.04.11	19:00:00	1.35795	1.35899	1.35714	1.35833	6542	6445930000	33
2016.04.11	20:00:00	1.35833	1.35859	1.35764	1.35797	4225	4542600000	33
2016.04.11	21:00:00	1.35797	1.35962	1.35754	1.35813	4543	5011850000	34
2016.04.11	22:00:00	1.35808	1.35890	1.35747	1.35855	4673	5215700000	33
2016.04.11	23:00:00	1.35853	1.35917	1.35772	1.35853	2888	2931700000	33
2016.04.12	00:00:00	1.35830	1.36648	1.35536	1.35841	67566	1028700000	0
2016.04.12	01:00:00	1.35836	1.35903	1.35777	1.35791	2096	2181900000	42
2016.04.12	02:00:00	1.35790	1.35829	1.35763	1.35776	2077	2298450000	34
2016.04.12	03:00:00	1.35776	1.35897	1.35769	1.35830	3289	3545300000	36
2016.04.12	04:00:00	1.35831	1.35899	1.35733	1.35856	3566	3264400000	33
2016.04.12	05:00:00	1.35855	1.35862	1.35749	1.35791	2690	2785000000	33
2016.04.12	06:00:00	1.35793	1.35887	1.35757	1.35821	2755	2603100000	33
2016.04.12	07:00:00	1.35827	1.35913	1.35803	1.35888	2389	2365900000	39
2016.04.12	08:00:00	1.35888	1.35888	1.35771	1.35849	2896	2058444000	33
2016.04.12	09:00:00	1.35845	1.35941	1.35570	1.35835	6388	5782300000	33
2016.04.12	10:00:00	1.35837	1.35919	1.35579	1.35590	9967	10996400000	33
2016.04.12	11:00:00	1.35595	1.36001	1.35556	1.35935	11578	13220144000	33
2016.04.12	12:00:00	1.35933	1.36367	1.35868	1.36258	8728	9609399000	33
2016.04.12	13:00:00	1.36258	1.36669	1.36252	1.36482	8562	9535350000	33
2016.04.12	14:00:00	1.36481	1.36577	1.36337	1.36363	8684	10400450000	33
2016.04.12	15:00:00	1.36363	1.36405	1.36055	1.36278	10492	10574739000	33
2016.04.12	16:00:00	1.36278	1.36450	1.36112	1.36159	12018	11983100000	33
2016.04.12	17:00:00	1.36160	1.36366	1.35959	1.35972	15488	15702350000	33
2016.04.12	18:00:00	1.35972	1.36211	1.35915	1.35966	11904	12027100000	33
2016.04.12	19:00:00	1.35966	1.36242	1.35927	1.36173	6115	6571850000	33
2016.04.12	20:00:00	1.36172	1.36334	1.36149	1.36316	6098	6955950000	33
2016.04.12	21:00:00	1.36315	1.36354	1.36249	1.36298	5796	6172600000	33
2016.04.12	22:00:00	1.36299	1.36299	1.36203	1.36250	4309	4365198000	33
2016.04.12	23:00:00	1.36250	1.36355	1.36206	1.36289	3715	3804400000	34
2016.04.13	00:00:00	1.36234	1.37413	1.36111	1.36189	69326	1526800000	0
2016.04.13	01:00:00	1.36203	1.36302	1.36197	1.36260	3144	3136050000	45
2016.04.13	02:00:00	1.36262	1.36285	1.36210	1.36283	1733	1781550000	44
2016.04.13	03:00:00	1.36285	1.36379	1.36264	1.36337	4287	3390700000	33
2016.04.13	04:00:00	1.36337	1.36502	1.36291	1.36441	4850	4435950000	37
2016.04.13	05:00:00	1.36441	1.36522	1.36420	1.36438	4806	5303000000	40
2016.04.13	06:00:00	1.36446	1.36525	1.36426	1.36469	3344	3731150000	38
2016.04.13	07:00:00	1.36469	1.36523	1.36434	1.36444	2077	2117900000	40
2016.04.13	08:00:00	1.36445	1.36534	1.36313	1.36376	3362	3314200000	38
2016.04.13	09:00:00	1.36376	1.36520	1.36318	1.36358	8486	8700000000	33
2016.04.13	10:00:00	1.36353	1.36584	1.36305	1.36358	10371	10284950000	33
2016.04.13	11:00:00	1.36357	1.36570	1.36339	1.36348	10016	10685200000	33
2016.04.13	12:00:00	1.36348	1.36979	1.36348	1.36900	11488	11842800000	33
2016.04.13	13:00:00	1.36902	1.37207	1.36892	1.37178	8305	9064640000	33
2016.04.13	14:00:00	1.37172	1.37297	1.36960	1.37037	7695	8090400000	33
2016.04.13	15:00:00	1.37037	1.37157	1.36861	1.37085	11473	11815550000	33
2016.04.13	16:00:00	1.37084	1.37199	1.36950	1.37143	12081	17228250000	33
2016.04.13	17:00:00	1.37146	1.37310	1.37045	1.37079	12800	14212900000	33
2016.04.13	18:00:00	1.37080	1.37342	1.36992	1.37264	12253	12636400000	33
2016.04.13	19:00:00	1.37262	1.37296	1.37106	1.37288	8561	9336600000	33
2016.04.13	20:00:00	1.37288	1.37349	1.37232	1.37331	5587	5585450000	33
2016.04.13	21:00:00	1.37331	1.37426	1.37319	1.37411	4200	4443650000	33
2016.04.13	22:00:00	1.37414	1.37427	1.37197	1.37279	3886	3469500000	33
2016.04.13	23:00:00	1.37280	1.37356	1.37231	1.37286	2615	2145300000	33
2016.04.14	00:00:00	1.37300	1.37354	1.36345	1.37253	63283	1359400000	0
2016.04.14	01:00:00	1.37267	1.37297	1.37211	1.37231	2141	2215600000	46
2016.04.14	02:00:00	1.37231	1.37246	1.37129	1.37132	2174	2278800000	41
2016.04.14	03:00:00	1.37132	1.37192	1.36997	1.37076	5287	4718808000	33
2016.04.14	04:00:00	1.37074	1.37111	1.36854	1.36857	4963	4480700000	34
2016.04.14	05:00:00	1.36859	1.36927	1.36818	1.36841	4610	4569950000	38
2016.04.14	06:00:00	1.36841	1.36844	1.36652	1.36669	3323	3624400000	33
2016.04.14	07:00:00	1.36667	1.36784	1.36661	1.36664	2499	2110800000	33
2016.04.14	08:00:00	1.36663	1.36736	1.36525	1.36557	3192	2735800000	37
2016.04.14	09:00:00	1.36558	1.36723	1.36525	1.36612	7654	6701900000	34
2016.04.14	10:00:00	1.36612	1.36670	1.36415	1.36601	10580	10961550000	33
2016.04.14	11:00:00	1.36601	1.36757	1.36553	1.36622	8801	8863900000	33
2016.04.14	12:00:00	1.36622	1.36972	1.36568	1.36786	9159	10933800000	33
2016.04.14	13:00:00	1.36776	1.36813	1.36389	1.36429	8060	8038148000	33
2016.04.14	14:00:00	1.36429	1.36767	1.36283	1.36596	7843	8596250000	33
2016.04.14	15:00:00	1.36595	1.36748	1.36403	1.36700	11690	13256904000	33
2016.04.14	16:00:00	1.36700	1.36919	1.36468	1.36488	11311	15397184000	33
2016.04.14	17:00:00	1.36489	1.36861	1.36393	1.36753	10432	12817800000	33
2016.04.14	18:00:00	1.36750	1.36846	1.36699	1.36745	8332	10721086000	33
2016.04.14	19:00:00	1.36746	1.36879	1.36729	1.36879	5344	5642450000	34
2016.04.14	20:00:00	1.36878	1.36902	1.36766	1.36802	4999	5573250000	35
2016.04.14	21:00:00	1.36802	1.36887	1.36776	1.36825	4019	4120000000	33
2016.04.14	22:00:00	1.36818	1.36921	1.36798	1.36901	4044	4092600000	34
2016.04.14	23:00:00	1.36902	1.36902	1.36784	1.36791	2853	2905200000	35
2016.04.15	00:00:00	1.36837	1.37538	1.36622	1.36755	51082	1076200000	0
2016.04.15	01:00:00	1.36755	1.36774	1.36719	1.36737	2159	2269400000	45
2016.04.15	02:00:00	1.36734	1.36741	1.36629	1.36645	1456	1383160000	46
2016.04.15	03:00:00	1.36647	1.36853	1.36645	1.36796	3509	2889650000	35
2016.04.15	04:00:00	1.36791	1.36903	1.36760	1.36900	2763	2510850000	35
2016.04.15	05:00:00	1.36903	1.36964	1.36802	1.36850	2898	2959400000	35
2016.04.15	06:00:00	1.36850	1.36924	1.36843	1.36892	1708	1212350000	37
2016.04.15	07:00:00	1.36891	1.36973	1.36842	1.36923	2273	2318800000	40
2016.04.15	08:00:00	1.36923	1.36923	1.36826	1.36845	1882	2015150000	41
2016.04.15	09:00:00	1.36851	1.37041	1.36742	1.37020	4878	4633350000	34
2016.04.15	10:00:00	1.37021	1.37116	1.36851	1.37013	8109	8934800000	33
2016.04.15	11:00:00	1.37012	1.37116	1.36806	1.37027	7125	8258093000	34
2016.04.15	12:00:00	1.37027	1.37270	1.36999	1.37134	6979	8194600000	33
2016.04.15	13:00:00	1.37134	1.37552	1.37078	1.37223	7225	8249100000	33
2016.04.15	14:00:00	1.37222	1.37315	1.37115	1.37304	6469	8085800000	34
2016.04.15	15:00:00	1.37303	1.37329	1.36966	1.37028	8393	9272645000	33
2016.04.15	16:00:00	1.37028	1.37152	1.36942	1.37051	9077	9675250000	33
2016.04.15	17:00:00	1.37063	1.37084	1.36832	1.37052	10961	11575450000	33
2016.04.15	18:00:00	1.37051	1.37517	1.36989	1.37453	8058	9997050000	33
2016.04.15	19:00:00	1.37453	1.37532	1.37352	1.37419	5978	6950450000	33
2016.04.15	20:00:00	1.37417	1.37456	1.37281	1.37419	5084	6132550000	33
2016.04.15	21:00:00	1.37419	1.37494	1.37383	1.37450	3901	4337950000	33
2016.04.15	22:00:00	1.37450	1.37454	1.37391	1.37426	2714	3583900000	33
2016.04.15	23:00:00	1.37425	1.37522	1.37370	1.37370	2171	2477998000	41
2016.04.18	00:00:00	1.37027	1.37813	1.36531	1.37093	54092	1175150000	65
2016.04.18	01:00:00	1.37095	1.37149	1.36991	1.37056	2189	1874698000	41
2016.04.18	02:00:00	1.37053	1.37134	1.36936	1.37011	2607	2267400000	33
2016.04.18	03:00:00	1.37011	1.37111	1.36919	1.37031	4109	3955000000	33
2016.04.18	04:00:00	1.37025	1.37068	1.36962	1.37024	3168	3185300000	35
2016.04.18	05:00:00	1.37024	1.37073	1.37004	1.37032	3583	2879100000	33
2016.04.18	06:00:00	1.37036	1.37061	1.37005	1.37053	2013	2073500000	39
2016.04.18	07:00:00	1.37053	1.37059	1.36970	1.37031	1502	1604700000	40
2016.04.18	08:00:00	1.37031	1.37037	1.36920	1.36965	2162	2106694000	38
2016.04.18	09:00:00	1.36968	1.36968	1.36596	1.36657	6842	5783500000	33
2016.04.18	10:00:00	1.36654	1.37023	1.36543	1.36947	9710	9486950000	33
2016.04.18	11:00:00	1.36947	1.37116	1.36832	1.36905	8025	8434400000	33
2016.04.18	12:00:00	1.36905	1.36990	1.36844	1.36924	6503	6722250000	33
2016.04.18	13:00:00	1.36924	1.37134	1.36901	1.37007	6608	6666900000	33
2016.04.18	14:00:00	1.36999	1.37036	1.36702	1.36787	5920	6204200000	33
2016.04.18	15:00:00	1.36787	1.37043	1.36741	1.37013	9606	8896850000	33
2016.04.18	16:00:00	1.37015	1.37279	1.36890	1.37211	9411	9792041000	33
2016.04.18	17:00:00	1.37213	1.37590	1.37156	1.37443	11163	9278342000	33
2016.04.18	18:00:00	1.37443	1.37648	1.37402	1.37540	8259	7756900000	33
2016.04.18	19:00:00	1.37539	1.37709	1.37447	1.37466	5692	5683474000	33
2016.04.18	20:00:00	1.37466	1.37659	1.37463	1.37643	4501	5091100000	33
2016.04.18	21:00:00	1.37644	1.37827	1.37619	1.37697	3622	4064800000	35
2016.04.18	22:00:00	1.37690	1.37751	1.37638	1.37718	2948	3099800000	35
2016.04.18	23:00:00	1.37719	1.37727	1.37613	1.37613	2160	2304750000	40
2016.04.19	00:00:00	1.37627	1.38528	1.37557	1.37648	60079	961200000	0
2016.04.19	01:00:00	1.37648	1.37710	1.37618	1.37676	1419	1093200000	42
2016.04.19	02:00:00	1.37674	1.37843	1.37658	1.37769	2239	2196600000	35
2016.04.19	03:00:00	1.37769	1.37876	1.37763	1.37826	2672	2634950000	39
2016.04.19	04:00:00	1.37826	1.37931	1.37766	1.37831	3016	3239000000	39
2016.04.19	05:00:00	1.37831	1.37862	1.37768	1.37832	2043	2109000000	39
2016.04.19	06:00:00	1.37832	1.37895	1.37782	1.37867	2148	2173150000	38
2016.04.19	07:00:00	1.37864	1.37875	1.37798	1.37850	1229	1327550000	40
2016.04.19	08:00:00	1.37849	1.37901	1.37834	1.37894	1883	2122950000	40
2016.04.19	09:00:00	1.37888	1.37953	1.37740	1.37896	7578	7218000000	33
2016.04.19	10:00:00	1.37906	1.37971	1.37709	1.37824	8600	8632750000	33
2016.04.19	11:00:00	1.37824	1.38091	1.37694	1.37975	8427	8590100000	33
2016.04.19	12:00:00	1.37971	1.38304	1.37802	1.38205	7220	7535775000	33
2016.04.19	13:00:00	1.38205	1.38469	1.38181	1.38420	8706	8675650000	33
2016.04.19	14:00:00	1.38423	1.38544	1.38336	1.38442	8386	8309450000	33
2016.04.19	15:00:00	1.38444	1.38527	1.38217	1.38258	10037	9253068000	33
2016.04.19	16:00:00	1.38255	1.38486	1.38217	1.38405	11294	11730554000	33
2016.04.19	17:00:00	1.38406	1.38496	1.38170	1.38225	11028	10390183000	33
2016.04.19	18:00:00	1.38227	1.38295	1.38080	1.38157	9795	9031019000	33
2016.04.19	19:00:00	1.38159	1.38188	1.38050	1.38096	7008	7265750000	33
2016.04.19	20:00:00	1.38099	1.38210	1.38066	1.38191	4532	4586100000	33
2016.04.19	21:00:00	1.38190	1.38327	1.38159	1.38322	3914	4101721000	33
2016.04.19	22:00:00	1.38308	1.38394	1.38270	1.38381	3225	3401000000	36
2016.04.19	23:00:00	1.38386	1.38509	1.38343	1.38452	2158	2359200000	33
2016.04.20	00:00:00	1.38447	1.39704	1.37937	1.38421	64264	1108800000	0
2016.04.20	01:00:00	1.38423	1.38475	1.38375	1.38397	1555	1470450000	36
2016.04.20	02:00:00	1.38402	1.38454	1.38356	1.38361	1229	1142650000	44
2016.04.20	03:00:00	1.38361	1.38383	1.38250	1.38347	2509	2449750000	44
2016.04.20	04:00:00	1.38347	1.38376	1.38257	1.38265	2651	2701600000	38
2016.04.20	05:00:00	1.38266	1.38273	1.38157	1.38185	2317	2149500000	40
2016.04.20	06:00:00	1.38190	1.38224	1.38107	1.38154	3047	2949600000	36
2016.04.20	07:00:00	1.38154	1.38214	1.38102	1.38131	2340	2302800000	35
2016.04.20	08:00:00	1.38129	1.38142	1.38008	1.38072	3158	3399350000	37
2016.04.20	09:00:00	1.38071	1.38234	1.38005	1.38129	6242	6080250000	33
2016.04.20	10:00:00	1.38129	1.38277	1.38062	1.38150	8245	8142950000	33
2016.04.20	11:00:00	1.38151	1.38264	1.37945	1.38173	9235	8984900000	33
2016.04.20	12:00:00	1.38173	1.38500	1.38144	1.38459	9120	9759700000	33
2016.04.20	13:00:00	1.38460	1.38491	1.38026	1.38114	8293	8141050000	33
2016.04.20	14:00:00	1.38111	1.38243	1.38037	1.38198	8023	7277750000	33
2016.04.20	15:00:00	1.38197	1.38406	1.38169	1.38368	9535	8118927000	33
2016.04.20	16:00:00	1.38369	1.38894	1.38326	1.38799	12161	11696299000	33
2016.04.20	17:00:00	1.38793	1.39127	1.38757	1.39127	12680	11916771000	33
2016.04.20	18:00:00	1.39130	1.39130	1.38857	1.39007	12335	10820518000	33
2016.04.20	19:00:00	1.39005	1.39308	1.38969	1.39268	7811	7049700000	33
2016.04.20	20:00:00	1.39268	1.39517	1.39261	1.39486	8066	7941217000	33
2016.04.20	21:00:00	1.39485	1.39557	1.39416	1.39478	5515	5043850000	34
2016.04.20	22:00:00	1.39478	1.39715	1.39349	1.39363	5997	4855641000	33
2016.04.20	23:00:00	1.39363	1.39410	1.39291	1.39291	2473	2188250000	33
2016.04.21	00:00:00	1.39303	1.39769	1.38927	1.39231	72982	1158600000	0
2016.04.21	01:00:00	1.39249	1.39314	1.39213	1.39236	1468	1255600000	45
2016.04.21	02:00:00	1.39234	1.39259	1.39186	1.39222	1569	982100000	36
2016.04.21	03:00:00	1.39224	1.39237	1.39067	1.39102	2701	2420450000	39
2016.04.21	04:00:00	1.39107	1.39279	1.39086	1.39207	3044	2945050000	41
2016.04.21	05:00:00	1.39205	1.39210	1.39107	1.39135	2702	2731900000	34
2016.04.21	06:00:00	1.39135	1.39318	1.39094	1.39311	2329	2339300000	40
2016.04.21	07:00:00	1.39313	1.39314	1.39234	1.39235	1813	1884450000	41
2016.04.21	08:00:00	1.39234	1.39286	1.39138	1.39201	3221	3386800000	39
2016.04.21	09:00:00	1.39201	1.39393	1.39156	1.39228	8261	7253100000	33
2016.04.21	10:00:00	1.39228	1.39360	1.39173	1.39196	10291	9609500000	33
2016.04.21	11:00:00	1.39198	1.39263	1.38902	1.39000	9054	7549430000	33
2016.04.21	12:00:00	1.39001	1.39478	1.38986	1.39425	7930	7457000000	33
2016.04.21	13:00:00	1.39429	1.39716	1.39354	1.39684	7967	7355150000	33
2016.04.21	14:00:00	1.39684	1.39755	1.39472	1.39490	9209	8920000000	33
2016.04.21	15:00:00	1.39487	1.39778	1.39304	1.39325	13440	13695011000	0
2016.04.21	16:00:00	1.39315	1.39466	1.39166	1.39322	14143	13705500000	33
2016.04.21	17:00:00	1.39322	1.39577	1.39291	1.39452	13381	13042599000	33
2016.04.21	18:00:00	1.39454	1.39509	1.39168	1.39364	10556	9959450000	33
2016.04.21	19:00:00	1.39363	1.39373	1.39162	1.39368	6231	6605000000	33
2016.04.21	20:00:00	1.39369	1.39550	1.39359	1.39542	4858	5040850000	33
2016.04.21	21:00:00	1.39544	1.39591	1.39466	1.39530	4925	5354700000	35
2016.04.21	22:00:00	1.39531	1.39647	1.39506	1.39630	3418	2885850000	35
2016.04.21	23:00:00	1.39629	1.39667	1.39584	1.39636	2206	2284700000	39
2016.04.22	00:00:00	1.39630	1.41201	1.39463	1.39510	67733	1488100000	0
2016.04.22	01:00:00	1.39519	1.39633	1.39519	1.39558	2355	2329050000	47
2016.04.22	02:00:00	1.39559	1.39624	1.39531	1.39623	1440	1535650000	39
2016.04.22	03:00:00	1.39624	1.39671	1.39546	1.39566	2397	2366700000	41
2016.04.22	04:00:00	1.39565	1.39697	1.39562	1.39695	2395	2464250000	42
2016.04.22	05:00:00	1.39694	1.39708	1.39626	1.39639	2698	2738700000	40
2016.04.22	06:00:00	1.39640	1.39741	1.39609	1.39622	2041	1774550000	35
2016.04.22	07:00:00	1.39622	1.39816	1.39608	1.39805	3391	2982950000	33
2016.04.22	08:00:00	1.39805	1.39931	1.39749	1.39912	3610	3511100000	39
2016.04.22	09:00:00	1.39912	1.40052	1.39825	1.39984	7010	7014600000	34
2016.04.22	10:00:00	1.39980	1.40085	1.39779	1.39965	10999	10931150000	33
2016.04.22	11:00:00	1.39965	1.40209	1.39940	1.40114	9207	9710900000	33
2016.04.22	12:00:00	1.40114	1.40120	1.39831	1.40076	8355	8235198000	33
2016.04.22	13:00:00	1.40078	1.40334	1.40071	1.40318	8110	8236800000	33
2016.04.22	14:00:00	1.40318	1.40588	1.40223	1.40491	9067	9311800000	33
2016.04.22	15:00:00	1.40493	1.40551	1.40271	1.40416	10497	9983298000	33
2016.04.22	16:00:00	1.40416	1.40868	1.40394	1.40812	12534	12440600000	33
2016.04.22	17:00:00	1.40813	1.41005	1.40587	1.40738	13386	11895200000	33
2016.04.22	18:00:00	1.40739	1.40898	1.40374	1.40627	10140	9479950000	33
2016.04.22	19:00:00	1.40622	1.40801	1.40519	1.40773	8412	7850300000	33
2016.04.22	20:00:00	1.40776	1.40983	1.40760	1.40983	5894	5726700000	33
2016.04.22	21:00:00	1.40983	1.41214	1.40954	1.40960	5009	5689950000	33
2016.04.22	22:00:00	1.40962	1.41068	1.40909	1.41066	3972	4321000000	36
2016.04.22	23:00:00	1.41067	1.41108	1.40370	1.40379	1760	1541600000	41
2016.04.25	00:00:00	1.41656	1.41663	1.40471	1.41451	58580	774540000	45
2016.04.25	01:00:00	1.41451	1.41539	1.41306	1.41391	3115	1651500000	24
2016.04.25	02:00:00	1.41388	1.41396	1.41259	1.41312	2163	1884400000	33
2016.04.25	03:00:00	1.41311	1.41344	1.41102	1.41195	3536	3495200000	34
2016.04.25	04:00:00	1.41196	1.41196	1.41004	1.41019	3597	3779400000	38
2016.04.25	05:00:00	1.41019	1.41071	1.40932	1.40933	2970	2465300000	39
2016.04.25	06:00:00	1.40942	1.41066	1.40913	1.41008	2124	2230150000	33
2016.04.25	07:00:00	1.41008	1.41081	1.40895	1.40927	2246	2404900000	41
2016.04.25	08:00:00	1.40927	1.41140	1.40888	1.41101	4847	4908397000	38
2016.04.25	09:00:00	1.41088	1.41220	1.40912	1.40924	8034	8204900000	33
2016.04.25	10:00:00	1.40922	1.41015	1.40534	1.40548	11363	10995298000	33
2016.04.25	11:00:00	1.40549	1.40804	1.40484	1.40704	9281	9679200000	33
2016.04.25	12:00:00	1.40704	1.40768	1.40536	1.40649	8003	8442950000	33
2016.04.25	13:00:00	1.40649	1.40922	1.40631	1.40835	8641	8788200000	33
2016.04.25	14:00:00	1.40836	1.41413	1.40809	1.41358	9391	9838500000	33
2016.04.25	15:00:00	1.41360	1.41412	1.41134	1.41200	10094	10046650000	33
2016.04.25	16:00:00	1.41202	1.41297	1.41043	1.41179	10413	11218038000	33
2016.04.25	17:00:00	1.41184	1.41268	1.40909	1.41241	10697	11747782000	33
2016.04.25	18:00:00	1.41241	1.41315	1.41113	1.41174	8949	9127400000	33
2016.04.25	19:00:00	1.41173	1.41320	1.41079	1.41240	6242	6909200000	33
2016.04.25	20:00:00	1.41239	1.41350	1.41199	1.41199	4594	5170922000	33
2016.04.25	21:00:00	1.41199	1.41291	1.41162	1.41273	4913	4131100000	33
2016.04.25	22:00:00	1.41273	1.41285	1.41157	1.41226	3715	4020400000	36
2016.04.25	23:00:00	1.41226	1.41244	1.41153	1.41180	1789	1709150000	33
2016.04.26	00:00:00	1.41173	1.42114	1.41057	1.41213	61884	575750000	0
2016.04.26	01:00:00	1.41210	1.41248	1.41156	1.41177	1477	1440800000	33
2016.04.26	02:00:00	1.41177	1.41273	1.41163	1.41231	1385	1467400000	35
2016.04.26	03:00:00	1.41233	1.41298	1.41224	1.41295	2720	2980900000	38
2016.04.26	04:00:00	1.41289	1.41426	1.41282	1.41370	3129	3215300000	38
2016.04.26	05:00:00	1.41370	1.41386	1.41304	1.41323	3491	3521950000	36
2016.04.26	06:00:00	1.41323	1.41331	1.41214	1.41240	2112	2203199000	37
2016.04.26	07:00:00	1.41243	1.41433	1.41192	1.41425	2052	2048000000	33
2016.04.26	08:00:00	1.41425	1.41425	1.41288	1.41290	2689	2575600000	33
2016.04.26	09:00:00	1.41288	1.41439	1.41255	1.41392	6871	6504100000	33
2016.04.26	10:00:00	1.41392	1.41951	1.41388	1.41685	10820	11989741000	33
2016.04.26	11:00:00	1.41685	1.41867	1.41647	1.41843	8829	10470400000	33
2016.04.26	12:00:00	1.41842	1.42016	1.41769	1.41817	9023	10767900000	33
2016.04.26	13:00:00	1.41817	1.42020	1.41710	1.41981	7911	9089200000	33
2016.04.26	14:00:00	1.41981	1.41989	1.41838	1.41841	7691	8571198000	33
2016.04.26	15:00:00	1.41841	1.42080	1.41841	1.42025	10544	11755800000	33
2016.04.26	16:00:00	1.42024	1.42126	1.41902	1.42022	11730	12582150000	33
2016.04.26	17:00:00	1.42030	1.42106	1.41716	1.41861	11163	11511837000	33
2016.04.26	18:00:00	1.41866	1.42001	1.41776	1.41902	8666	9412549000	33
2016.04.26	19:00:00	1.41899	1.42081	1.41887	1.41966	6368	7109296000	33
2016.04.26	20:00:00	1.41966	1.42033	1.41898	1.41973	4302	4494450000	33
2016.04.26	21:00:00	1.41974	1.42042	1.41952	1.42026	3702	4183300000	35
2016.04.26	22:00:00	1.42027	1.42029	1.41872	1.41939	3679	4070500000	35
2016.04.26	23:00:00	1.41940	1.41975	1.41887	1.41887	2300	2502750000	35
2016.04.27	00:00:00	1.41915	1.42066	1.41066	1.41888	62163	633399000	0
2016.04.27	01:00:00	1.41889	1.41929	1.41863	1.41920	1235	1161300000	43
2016.04.27	02:00:00	1.41920	1.41950	1.41874	1.41891	1115	1217500000	42
2016.04.27	03:00:00	1.41897	1.41934	1.41864	1.41916	2891	3082000000	0
2016.04.27	04:00:00	1.41913	1.41995	1.41856	1.41867	3978	4312800000	18
2016.04.27	05:00:00	1.41867	1.41911	1.41799	1.41910	3958	3978050000	35
2016.04.27	06:00:00	1.41909	1.41940	1.41860	1.41932	3248	3279550000	37
2016.04.27	07:00:00	1.41934	1.41984	1.41928	1.41958	2305	2419000000	35
2016.04.27	08:00:00	1.41957	1.41967	1.41750	1.41755	2571	2872800000	33
2016.04.27	09:00:00	1.41752	1.41806	1.41691	1.41758	6844	6833050000	33
2016.04.27	10:00:00	1.41755	1.42072	1.41732	1.41791	9623	9821138000	33
2016.04.27	11:00:00	1.41794	1.41895	1.41372	1.41863	9905	9764450000	33
2016.04.27	12:00:00	1.41864	1.41966	1.41767	1.41919	7999	9193050000	33
2016.04.27	13:00:00	1.41918	1.42085	1.41915	1.42057	7257	7866985000	33
2016.04.27	14:00:00	1.42058	1.42066	1.41864	1.41934	6312	6235191000	33
2016.04.27	15:00:00	1.41934	1.42036	1.41589	1.41788	9937	10332650000	33
2016.04.27	16:00:00	1.41788	1.41806	1.41607	1.41658	9761	10247350000	33
2016.04.27	17:00:00	1.41655	1.41737	1.41394	1.41422	10063	10466100000	33
2016.04.27	18:00:00	1.41422	1.41461	1.41234	1.41300	8888	8409950000	33
2016.04.27	19:00:00	1.41301	1.41342	1.41222	1.41318	5464	5176188000	33
2016.04.27	20:00:00	1.41318	1.41338	1.41104	1.41210	6355	6056750000	33
2016.04.27	21:00:00	1.41210	1.41477	1.41066	1.41121	12162	12607449000	33
2016.04.27	22:00:00	1.41121	1.41374	1.41109	1.41284	5503	5005699000	33
2016.04.27	23:00:00	1.41283	1.41307	1.41132	1.41138	3064	2753900000	35
2016.04.28	00:00:00	1.41181	1.41442	1.40524	1.41155	66543	1023599000	0
2016.04.28	01:00:00	1.41157	1.41176	1.41098	1.41139	3985	4017700000	37
2016.04.28	02:00:00	1.41139	1.41176	1.41096	1.41146	1317	1332450000	35
2016.04.28	03:00:00	1.41150	1.41250	1.41126	1.41240	2645	2647400000	33
2016.04.28	04:00:00	1.41240	1.41355	1.41217	1.41263	3623	3563750000	36
2016.04.28	05:00:00	1.41258	1.41377	1.41240	1.41305	2444	2385000000	33
2016.04.28	06:00:00	1.41305	1.41311	1.40983	1.41086	6943	6408450000	33
2016.04.28	07:00:00	1.41085	1.41164	1.41012	1.41111	4980	5356041000	33
2016.04.28	08:00:00	1.41111	1.41158	1.40987	1.40992	4905	5157998000	41
2016.04.28	09:00:00	1.40992	1.41143	1.40947	1.41053	9729	10315900000	33
2016.04.28	10:00:00	1.41059	1.41245	1.40886	1.41199	9665	10719100000	33
2016.04.28	11:00:00	1.41199	1.41359	1.41059	1.41157	8959	10013200000	33
2016.04.28	12:00:00	1.41157	1.41254	1.40892	1.40931	7300	8015380000	33
2016.04.28	13:00:00	1.40932	1.41031	1.40576	1.40651	7599	8836350000	33
2016.04.28	14:00:00	1.40654	1.40789	1.40539	1.40766	7387	7980000000	33
2016.04.28	15:00:00	1.40766	1.41077	1.40748	1.40827	9094	10008099000	33
2016.04.28	16:00:00	1.40826	1.41109	1.40732	1.41062	10222	9717088000	33
2016.04.28	17:00:00	1.41062	1.41340	1.40952	1.41226	10007	9946649000	33
2016.04.28	18:00:00	1.41234	1.41455	1.41200	1.41242	7463	7176394000	33
2016.04.28	19:00:00	1.41236	1.41300	1.41160	1.41192	5176	5585800000	33
2016.04.28	20:00:00	1.41193	1.41250	1.41133	1.41209	5777	5994850000	36
2016.04.28	21:00:00	1.41209	1.41339	1.41162	1.41173	5040	4610498000	33
2016.04.28	22:00:00	1.41180	1.41202	1.41029	1.41200	4719	4733750000	34
2016.04.28	23:00:00	1.41203	1.41261	1.41083	1.41160	1976	2078500000	34
2016.04.29	00:00:00	1.41180	1.41291	1.39999	1.41104	66239	553636000	18
2016.04.29	01:00:00	1.41118	1.41213	1.41118	1.41192	1857	1799350000	46
2016.04.29	02:00:00	1.41189	1.41246	1.41141	1.41165	1210	1158450000	33
2016.04.29	03:00:00	1.41169	1.41259	1.41165	1.41249	2328	2207800000	33
2016.04.29	04:00:00	1.41247	1.41303	1.41105	1.41203	5002	5048900000	33
2016.04.29	05:00:00	1.41203	1.41244	1.41149	1.41216	2165	1985450000	34
2016.04.29	06:00:00	1.41217	1.41241	1.41087	1.41161	2112	2131100000	39
2016.04.29	07:00:00	1.41162	1.41174	1.41040	1.41103	2957	2634750000	35
2016.04.29	08:00:00	1.41098	1.41168	1.41035	1.41056	3801	3015300000	36
2016.04.29	09:00:00	1.41056	1.41165	1.40926	1.40926	6454	5701046000	33
2016.04.29	10:00:00	1.40928	1.41000	1.40626	1.40675	10121	10918950000	33
2016.04.29	11:00:00	1.40675	1.40768	1.40406	1.40413	8123	9524400000	33
2016.04.29	12:00:00	1.40426	1.40614	1.40399	1.40512	7309	8054649000	33
2016.04.29	13:00:00	1.40511	1.40674	1.40474	1.40624	7319	8690500000	33
2016.04.29	14:00:00	1.40620	1.40969	1.40607	1.40675	7324	8065650000	33
2016.04.29	15:00:00	1.40678	1.40830	1.40542	1.40627	10287	11405200000	33
2016.04.29	16:00:00	1.40627	1.40700	1.40527	1.40670	10206	10853750000	33
2016.04.29	17:00:00	1.40665	1.40671	1.40030	1.40445	11290	11587650000	33
2016.04.29	18:00:00	1.40448	1.40677	1.40147	1.40366	11226	11113550000	33
2016.04.29	19:00:00	1.40361	1.40463	1.40245	1.40311	6721	7269150000	33
2016.04.29	20:00:00	1.40311	1.40335	1.40025	1.40041	6646	6919200000	33
2016.04.29	21:00:00	1.40041	1.40135	1.40011	1.40135	6037	6403150000	33
2016.04.29	22:00:00	1.40134	1.40212	1.40042	1.40115	4040	4278150000	34
2016.04.29	23:00:00	1.40115	1.40192	1.40026	1.40120	1822	1692150000	39
2016.05.02	00:00:00	1.39772	1.40598	1.39647	1.39800	53464	1114400000	0
2016.05.02	01:00:00	1.39800	1.40014	1.39799	1.39976	3370	3289400000	33
2016.05.02	02:00:00	1.39988	1.40042	1.39926	1.40000	2235	2308000000	38
2016.05.02	03:00:00	1.39999	1.40114	1.39957	1.40010	3826	3934650000	37
2016.05.02	04:00:00	1.40015	1.40089	1.40015	1.40059	2583	2725250000	38
2016.05.02	05:00:00	1.40059	1.40128	1.40054	1.40107	2307	2651750000	38
2016.05.02	06:00:00	1.40107	1.40144	1.40037	1.40063	2234	2484000000	38
2016.05.02	07:00:00	1.40064	1.40134	1.40035	1.40063	1410	1539450000	34
2016.05.02	08:00:00	1.40062	1.40129	1.40047	1.40057	2677	3146500000	33
2016.05.02	09:00:00	1.40059	1.40355	1.40059	1.40355	4223	4743600000	34
2016.05.02	10:00:00	1.40350	1.40493	1.40130	1.40207	6570	7204650000	33
2016.05.02	11:00:00	1.40209	1.40243	1.40030	1.40063	5410	5964500000	33
2016.05.02	12:00:00	1.40061	1.40121	1.39861	1.39916	4989	4984650000	33
2016.05.02	13:00:00	1.39915	1.40217	1.39854	1.40210	5796	6228900000	33
2016.05.02	14:00:00	1.40209	1.40450	1.40177	1.40444	4849	5301650000	33
2016.05.02	15:00:00	1.40442	1.40602	1.40335	1.40523	7982	8466950000	33
2016.05.02	16:00:00	1.40524	1.40612	1.40121	1.40122	8271	8645600000	33
2016.05.02	17:00:00	1.40124	1.40268	1.39956	1.40146	11514	12121400000	33
2016.05.02	18:00:00	1.40145	1.40189	1.39939	1.40130	7777	8316350000	33
2016.05.02	19:00:00	1.40132	1.40147	1.39950	1.40015	6860	7126348000	33
2016.05.02	20:00:00	1.40017	1.40121	1.39949	1.40102	4802	5199299000	33
2016.05.02	21:00:00	1.40103	1.40158	1.39961	1.40023	4880	5451950000	34
2016.05.02	22:00:00	1.40019	1.40155	1.39945	1.40141	2877	3062100000	35
2016.05.02	23:00:00	1.40138	1.40166	1.39999	1.39999	1964	2235598000	36
2016.05.03	00:00:00	1.39985	1.40379	1.38533	1.40009	71122	780300000	0
2016.05.03	01:00:00	1.40006	1.40048	1.40005	1.40016	1163	1165400000	41
2016.05.03	02:00:00	1.40015	1.40065	1.39991	1.40044	1295	1400250000	41
2016.05.03	03:00:00	1.40045	1.40065	1.39953	1.39980	3244	3299750000	33
2016.05.03	04:00:00	1.39980	1.40020	1.39922	1.39976	2654	2952400000	33
2016.05.03	05:00:00	1.39976	1.40086	1.39932	1.40038	2577	2800600000	39
2016.05.03	06:00:00	1.40039	1.40134	1.40028	1.40095	1682	1845700000	36
2016.05.03	07:00:00	1.40094	1.40128	1.39932	1.40072	4431	4502350000	33
2016.05.03	08:00:00	1.40070	1.40085	1.39951	1.40054	4210	4242000000	33
2016.05.03	09:00:00	1.40050	1.40388	1.39991	1.40187	9800	10473500000	33
2016.05.03	10:00:00	1.40187	1.40187	1.39471	1.39614	11745	11324900000	33
2016.05.03	11:00:00	1.39615	1.39671	1.39127	1.39235	11216	11817900000	33
2016.05.03	12:00:00	1.39227	1.39333	1.39008	1.39088	9035	9160400000	33
2016.05.03	13:00:00	1.39088	1.39088	1.38864	1.39038	8370	8699949000	33
2016.05.03	14:00:00	1.39037	1.39088	1.38736	1.38817	8670	9509592000	33
2016.05.03	15:00:00	1.38817	1.38985	1.38699	1.38860	11747	11698399000	33
2016.05.03	16:00:00	1.38856	1.38886	1.38594	1.38672	11588	11691896000	33
2016.05.03	17:00:00	1.38664	1.38813	1.38563	1.38644	13037	11356874000	33
2016.05.03	18:00:00	1.38643	1.38822	1.38549	1.38725	10123	10156325000	33
2016.05.03	19:00:00	1.38725	1.38781	1.38572	1.38660	6368	6435850000	33
2016.05.03	20:00:00	1.38656	1.38714	1.38602	1.38617	5742	5861240000	0
2016.05.03	21:00:00	1.38616	1.38722	1.38548	1.38696	5827	5953100000	33
2016.05.03	22:00:00	1.38697	1.38727	1.38603	1.38726	4155	4372050000	33
2016.05.03	23:00:00	1.38731	1.38759	1.38685	1.38705	2266	2418200000	34
2016.05.04	00:00:00	1.38672	1.39154	1.38218	1.38717	51279	1035200000	0
2016.05.04	01:00:00	1.38717	1.38786	1.38691	1.38735	2218	2352600000	41
2016.05.04	02:00:00	1.38729	1.38773	1.38717	1.38746	1850	1875750000	36
2016.05.04	03:00:00	1.38743	1.38767	1.38711	1.38728	2453	2264000000	37
2016.05.04	04:00:00	1.38727	1.38922	1.38722	1.38856	4310	4328200000	33
2016.05.04	05:00:00	1.38852	1.38944	1.38838	1.38923	3202	3114100000	34
2016.05.04	06:00:00	1.38923	1.38981	1.38878	1.38944	2368	2492200000	36
2016.05.04	07:00:00	1.38944	1.39130	1.38939	1.39105	2626	2793100000	33
2016.05.04	08:00:00	1.39105	1.39165	1.39081	1.39125	2275	2563800000	35
2016.05.04	09:00:00	1.39126	1.39148	1.38968	1.38978	7422	7629650000	33
2016.05.04	10:00:00	1.38979	1.39153	1.38754	1.38800	9596	10112350000	33
2016.05.04	11:00:00	1.38800	1.38812	1.38267	1.38323	9492	9839276000	33
2016.05.04	12:00:00	1.38318	1.38512	1.38162	1.38471	8334	8532146000	33
2016.05.04	13:00:00	1.38472	1.38570	1.38398	1.38429	6292	6810950000	33
2016.05.04	14:00:00	1.38429	1.38650	1.38419	1.38641	6878	7341649000	33
2016.05.04	15:00:00	1.38641	1.38812	1.38419	1.38592	12629	13975952000	33
2016.05.04	16:00:00	1.38592	1.38709	1.38502	1.38574	10333	10625850000	33
2016.05.04	17:00:00	1.38586	1.38860	1.38583	1.38592	13699	12488000000	33
2016.05.04	18:00:00	1.38594	1.38629	1.38366	1.38558	10055	9716350000	33
2016.05.04	19:00:00	1.38558	1.38715	1.38493	1.38546	6994	6889550000	33
2016.05.04	20:00:00	1.38546	1.38692	1.38524	1.38677	5663	6051050000	33
2016.05.04	21:00:00	1.38677	1.38692	1.38566	1.38605	4318	4635350000	33
2016.05.04	22:00:00	1.38603	1.38710	1.38597	1.38707	3300	3078100000	35
2016.05.04	23:00:00	1.38708	1.38793	1.38676	1.38783	2367	1889800000	36
2016.05.05	00:00:00	1.38767	1.40398	1.38716	1.38766	61880	509900000	0
2016.05.05	01:00:00	1.38767	1.38841	1.38744	1.38784	1845	1847700000	52
2016.05.05	02:00:00	1.38785	1.38832	1.38781	1.38807	1138	1123950000	38
2016.05.05	03:00:00	1.38811	1.38884	1.38782	1.38855	1885	1562050000	33
2016.05.05	04:00:00	1.38858	1.38994	1.38854	1.38983	2152	2187000000	42
2016.05.05	05:00:00	1.38982	1.39082	1.38974	1.39027	1964	2010200000	38
2016.05.05	06:00:00	1.39026	1.39082	1.39011	1.39040	1782	1752600000	33
2016.05.05	07:00:00	1.39038	1.39101	1.39036	1.39046	1795	1931900000	33
2016.05.05	08:00:00	1.39047	1.39151	1.39046	1.39100	2325	2473200000	33
2016.05.05	09:00:00	1.39102	1.39182	1.38928	1.38928	4995	5233700000	33
2016.05.05	10:00:00	1.38926	1.39112	1.38875	1.39026	9123	9666949000	33
2016.05.05	11:00:00	1.39028	1.39509	1.39012	1.39452	8462	9068099000	33
2016.05.05	12:00:00	1.39455	1.39563	1.39330	1.39397	6456	7329000000	33
2016.05.05	13:00:00	1.39394	1.39432	1.39195	1.39410	8377	8687250000	33
2016.05.05	14:00:00	1.39409	1.39673	1.39275	1.39608	7623	7577500000	33
2016.05.05	15:00:00	1.39615	1.39850	1.39607	1.39800	9632	10533600000	33
2016.05.05	16:00:00	1.39795	1.39963	1.39532	1.39891	11496	10091099000	33
2016.05.05	17:00:00	1.39891	1.40334	1.39875	1.40317	12514	10680750000	33
2016.05.05	18:00:00	1.40315	1.40416	1.40129	1.40292	8751	8048544000	33
2016.05.05	19:00:00	1.40290	1.40363	1.40193	1.40231	6161	5755200000	33
2016.05.05	20:00:00	1.40231	1.40238	1.40098	1.40229	6118	6598200000	35
2016.05.05	21:00:00	1.40224	1.40281	1.40144	1.40250	4923	4722250000	33
2016.05.05	22:00:00	1.40249	1.40295	1.40152	1.40166	3790	4028000000	33
2016.05.05	23:00:00	1.40168	1.40192	1.40127	1.40149	1547	1664850000	36
2016.05.06	00:00:00	1.40136	1.40545	1.39768	1.40166	62916	2316500000	0
2016.05.06	01:00:00	1.40176	1.40251	1.40155	1.40203	1051	1061800000	37
2016.05.06	02:00:00	1.40203	1.40280	1.40201	1.40278	1330	1460550000	36
2016.05.06	03:00:00	1.40280	1.40281	1.40177	1.40217	2269	2380350000	33
2016.05.06	04:00:00	1.40217	1.40338	1.40196	1.40255	3542	3691500000	39
2016.05.06	05:00:00	1.40254	1.40276	1.40182	1.40220	2014	2198500000	38
2016.05.06	06:00:00	1.40220	1.40245	1.40168	1.40185	1711	1736000000	36
2016.05.06	07:00:00	1.40184	1.40235	1.40170	1.40222	1376	1476800000	37
2016.05.06	08:00:00	1.40218	1.40248	1.40179	1.40195	1871	2134200000	37
2016.05.06	09:00:00	1.40192	1.40280	1.40067	1.40146	6341	6380750000	33
2016.05.06	10:00:00	1.40146	1.40190	1.39921	1.40119	9306	10319550000	33
2016.05.06	11:00:00	1.40118	1.40311	1.40040	1.40095	7511	8408550000	33
2016.05.06	12:00:00	1.40095	1.40406	1.39956	1.40316	6866	7807950000	33
2016.05.06	13:00:00	1.40317	1.40516	1.40252	1.40448	5894	6377800000	33
2016.05.06	14:00:00	1.40446	1.40462	1.40251	1.40257	6362	6714998000	33
2016.05.06	15:00:00	1.40258	1.40546	1.39779	1.39858	14633	15317400000	33
2016.05.06	16:00:00	1.39861	1.40463	1.39859	1.40296	14178	13480300000	33
2016.05.06	17:00:00	1.40296	1.40451	1.39933	1.39937	11728	11490900000	33
2016.05.06	18:00:00	1.39937	1.40109	1.39845	1.39997	7951	7766100000	33
2016.05.06	19:00:00	1.39996	1.40135	1.39908	1.40130	5416	4943150000	33
2016.05.06	20:00:00	1.40128	1.40224	1.40036	1.40109	5197	5422300000	33
2016.05.06	21:00:00	1.40109	1.40215	1.40095	1.40123	5525	5976050000	33
2016.05.06	22:00:00	1.40123	1.40229	1.40117	1.40196	3241	3684800000	35
2016.05.06	23:00:00	1.40196	1.40357	1.39687	1.39687	1524	1366850000	40
2016.05.09	00:00:00	1.40144	1.40364	1.39394	1.40193	54754	365400000	84
2016.05.09	01:00:00	1.40182	1.40313	1.40144	1.40288	2161	2274200000	40
2016.05.09	02:00:00	1.40288	1.40380	1.40271	1.40300	2262	2534500000	37
2016.05.09	03:00:00	1.40299	1.40352	1.40199	1.40260	3270	3453900000	36
2016.05.09	04:00:00	1.40260	1.40318	1.40126	1.40176	3068	3182350000	38
2016.05.09	05:00:00	1.40175	1.40233	1.40144	1.40172	2170	2194150000	38
2016.05.09	06:00:00	1.40179	1.40263	1.40172	1.40218	1732	1780350000	33
2016.05.09	07:00:00	1.40215	1.40220	1.40103	1.40159	2519	2714850000	35
2016.05.09	08:00:00	1.40160	1.40206	1.40053	1.40141	2654	2934150000	33
2016.05.09	09:00:00	1.40142	1.40239	1.39758	1.39814	5862	5899500000	33
2016.05.09	10:00:00	1.39811	1.39893	1.39411	1.39541	9664	10159843000	33
2016.05.09	11:00:00	1.39541	1.39910	1.39489	1.39845	8080	9198634000	33
2016.05.09	12:00:00	1.39849	1.40256	1.39682	1.40217	7791	8470200000	33
2016.05.09	13:00:00	1.40217	1.40335	1.39946	1.39975	6422	7205600000	33
2016.05.09	14:00:00	1.39976	1.40162	1.39858	1.39881	6934	7560650000	33
2016.05.09	15:00:00	1.39883	1.39996	1.39734	1.39751	8607	8864000000	33
2016.05.09	16:00:00	1.39754	1.39924	1.39685	1.39770	9113	9254350000	33
2016.05.09	17:00:00	1.39770	1.39889	1.39639	1.39740	10344	10612150000	33
2016.05.09	18:00:00	1.39740	1.39800	1.39608	1.39728	7901	8071950000	33
2016.05.09	19:00:00	1.39722	1.39775	1.39641	1.39717	5124	5381600000	33
2016.05.09	20:00:00	1.39717	1.39812	1.39661	1.39749	4075	4219150000	33
2016.05.09	21:00:00	1.39753	1.39931	1.39712	1.39924	3856	3994650000	33
2016.05.09	22:00:00	1.39914	1.39914	1.39838	1.39869	3011	2977550000	33
2016.05.09	23:00:00	1.39869	1.39970	1.39850	1.39879	2026	2337000000	33
2016.05.10	00:00:00	1.39889	1.40957	1.39821	1.39914	56104	904100000	0
2016.05.10	01:00:00	1.39921	1.39980	1.39905	1.39952	1173	1152600000	43
2016.05.10	02:00:00	1.39954	1.39994	1.39942	1.39943	1168	1146050000	41
2016.05.10	03:00:00	1.39942	1.39971	1.39869	1.39917	2708	2231100000	38
2016.05.10	04:00:00	1.39915	1.39983	1.39831	1.39895	3320	3442200000	39
2016.05.10	05:00:00	1.39894	1.40008	1.39852	1.39856	3676	3742050000	34
2016.05.10	06:00:00	1.39857	1.39963	1.39848	1.39920	2331	2595700000	33
2016.05.10	07:00:00	1.39921	1.39995	1.39878	1.39971	2012	2248350000	38
2016.05.10	08:00:00	1.39972	1.40021	1.39897	1.39964	2478	2680748000	36
2016.05.10	09:00:00	1.39968	1.40060	1.39907	1.39957	5053	5339900000	33
2016.05.10	10:00:00	1.39955	1.40164	1.39940	1.40001	8020	8160698000	33
2016.05.10	11:00:00	1.40001	1.40378	1.39991	1.40262	7184	7810800000	33
2016.05.10	12:00:00	1.40262	1.40782	1.40253	1.40717	7264	8023650000	33
2016.05.10	13:00:00	1.40712	1.40772	1.40575	1.40633	6887	7392400000	33
2016.05.10	14:00:00	1.40631	1.40700	1.40462	1.40551	8218	8956800000	33
2016.05.10	15:00:00	1.40550	1.40763	1.40524	1.40728	8840	9399200000	33
2016.05.10	16:00:00	1.40728	1.40732	1.40374	1.40653	9733	10550900000	33
2016.05.10	17:00:00	1.40660	1.40840	1.40532	1.40793	10584	10365550000	33
2016.05.10	18:00:00	1.40788	1.40915	1.40676	1.40837	7066	6921350000	33
2016.05.10	19:00:00	1.40837	1.40843	1.40701	1.40730	4342	4974800000	33
2016.05.10	20:00:00	1.40729	1.40802	1.40693	1.40800	3444	3840350000	33
2016.05.10	21:00:00	1.40800	1.40831	1.40754	1.40822	3352	3558548000	35
2016.05.10	22:00:00	1.40815	1.40925	1.40767	1.40919	2611	2767600000	35
2016.05.10	23:00:00	1.40917	1.40969	1.40897	1.40931	1487	1457200000	37
2016.05.11	00:00:00	1.40914	1.41009	1.40158	1.40961	48487	626583000	0
2016.05.11	01:00:00	1.40950	1.40998	1.40896	1.40929	1827	1907650000	39
2016.05.11	02:00:00	1.40928	1.40984	1.40901	1.40929	2075	2110400000	41
2016.05.11	03:00:00	1.40927	1.41023	1.40909	1.40944	2663	2810350000	33
2016.05.11	04:00:00	1.40944	1.40964	1.40685	1.40711	3351	3574450000	33
2016.05.11	05:00:00	1.40711	1.40737	1.40617	1.40645	2344	2570500000	38
2016.05.11	06:00:00	1.40644	1.40739	1.40642	1.40691	1391	1498000000	37
2016.05.11	07:00:00	1.40686	1.40788	1.40657	1.40773	1451	1568800000	41
2016.05.11	08:00:00	1.40776	1.40802	1.40679	1.40732	1973	2176450000	34
2016.05.11	09:00:00	1.40729	1.40781	1.40553	1.40555	4398	4549650000	33
2016.05.11	10:00:00	1.40555	1.40601	1.40333	1.40377	8466	9626450000	33
2016.05.11	11:00:00	1.40375	1.40461	1.40297	1.40439	6848	7630500000	33
2016.05.11	12:00:00	1.40439	1.40458	1.40290	1.40430	6524	7516550000	33
2016.05.11	13:00:00	1.40430	1.40613	1.40364	1.40552	5724	6433950000	33
2016.05.11	14:00:00	1.40547	1.40721	1.40484	1.40614	5325	5946950000	33
2016.05.11	15:00:00	1.40614	1.40633	1.40376	1.40386	7185	6966450000	33
2016.05.11	16:00:00	1.40387	1.40436	1.40303	1.40350	8364	9385034000	33
2016.05.11	17:00:00	1.40351	1.40467	1.40172	1.40399	9112	8771900000	33
2016.05.11	18:00:00	1.40402	1.40564	1.40308	1.40431	7442	8256310000	33
2016.05.11	19:00:00	1.40426	1.40521	1.40407	1.40481	4477	4951911000	34
2016.05.11	20:00:00	1.40483	1.40502	1.40354	1.40371	4368	4230900000	33
2016.05.11	21:00:00	1.40371	1.40425	1.40279	1.40337	3848	4067500000	35
2016.05.11	22:00:00	1.40336	1.40351	1.40224	1.40229	2715	2949600000	37
2016.05.11	23:00:00	1.40233	1.40315	1.40211	1.40235	1320	1422000000	36
2016.05.12	00:00:00	1.40249	1.40717	1.39755	1.40217	51845	1006000000	0
2016.05.12	01:00:00	1.40212	1.40279	1.40188	1.40214	1920	2017800000	34
2016.05.12	02:00:00	1.40223	1.40230	1.40127	1.40147	1515	1551200000	37
2016.05.12	03:00:00	1.40149	1.40204	1.40124	1.40188	2036	2183750000	33
2016.05.12	04:00:00	1.40189	1.40239	1.40103	1.40125	2713	2732250000	37
2016.05.12	05:00:00	1.40124	1.40184	1.40113	1.40142	1917	2080500000	33
2016.05.12	06:00:00	1.40144	1.40166	1.40083	1.40157	1352	1486000000	38
2016.05.12	07:00:00	1.40157	1.40262	1.40148	1.40224	1833	1943850000	35
2016.05.12	08:00:00	1.40224	1.40277	1.40179	1.40225	1890	2128250000	34
2016.05.12	09:00:00	1.40228	1.40308	1.40141	1.40194	5032	5345900000	33
2016.05.12	10:00:00	1.40198	1.40214	1.39923	1.40027	7553	7824750000	33
2016.05.12	11:00:00	1.40028	1.40151	1.39864	1.40008	6158	6605500000	33
2016.05.12	12:00:00	1.40003	1.40109	1.39771	1.40103	6625	7217050000	33
2016.05.12	13:00:00	1.40103	1.40402	1.39989	1.40117	5958	6769150000	33
2016.05.12	14:00:00	1.40147	1.40676	1.40046	1.40386	8654	9460010000	33
2016.05.12	15:00:00	1.40380	1.40396	1.40153	1.40256	8084	8541800000	33
2016.05.12	16:00:00	1.40258	1.40736	1.40246	1.40378	9577	9882898000	33
2016.05.12	17:00:00	1.40378	1.40470	1.40132	1.40214	8486	8548850000	0
2016.05.12	18:00:00	1.40210	1.40367	1.40061	1.40064	8603	8533000000	33
2016.05.12	19:00:00	1.40065	1.40168	1.40012	1.40153	5546	5741650000	33
2016.05.12	20:00:00	1.40152	1.40174	1.40004	1.40152	4405	4459150000	33
2016.05.12	21:00:00	1.40153	1.40291	1.40102	1.40269	3421	3503550000	33
2016.05.12	22:00:00	1.40269	1.40318	1.40197	1.40308	3119	3075000000	33
2016.05.12	23:00:00	1.40309	1.40327	1.40183	1.40207	2180	2336550000	37
2016.05.13	00:00:00	1.40191	1.40317	1.39772	1.40183	57116	1676600000	0
2016.05.13	01:00:00	1.40183	1.40246	1.40143	1.40201	1495	1515900000	34
2016.05.13	02:00:00	1.40201	1.40258	1.40171	1.40240	1653	1768350000	39
2016.05.13	03:00:00	1.40239	1.40307	1.40200	1.40239	2487	2674550000	36
2016.05.13	04:00:00	1.40235	1.40241	1.40077	1.40128	3224	3288150000	36
2016.05.13	05:00:00	1.40128	1.40163	1.40094	1.40139	2200	2411000000	33
2016.05.13	06:00:00	1.40140	1.40205	1.40118	1.40194	1917	2186250000	37
2016.05.13	07:00:00	1.40197	1.40256	1.40175	1.40255	1417	1565750000	33
2016.05.13	08:00:00	1.40251	1.40277	1.40208	1.40256	1715	1888950000	33
2016.05.13	09:00:00	1.40256	1.40291	1.40015	1.40165	7168	7297700000	33
2016.05.13	10:00:00	1.40165	1.40287	1.40044	1.40260	8715	9005500000	33
2016.05.13	11:00:00	1.40261	1.40328	1.39828	1.39855	7783	8423850000	33
2016.05.13	12:00:00	1.39856	1.40087	1.39791	1.40067	6319	6854150000	33
2016.05.13	13:00:00	1.40067	1.40155	1.39970	1.40072	5465	5819350000	33
2016.05.13	14:00:00	1.40072	1.40085	1.39820	1.39843	5993	6258700000	33
2016.05.13	15:00:00	1.39843	1.40157	1.39838	1.40067	9907	10141050000	33
2016.05.13	16:00:00	1.40066	1.40217	1.39891	1.40172	10131	10038100000	33
2016.05.13	17:00:00	1.40172	1.40248	1.39971	1.39988	11044	10717450000	33
2016.05.13	18:00:00	1.39999	1.40239	1.39960	1.40167	7207	7301698000	33
2016.05.13	19:00:00	1.40167	1.40263	1.40125	1.40242	5312	5462700000	33
2016.05.13	20:00:00	1.40242	1.40269	1.40115	1.40141	4322	4598700000	33
2016.05.13	21:00:00	1.40141	1.40147	1.40045	1.40057	3162	3481770000	33
2016.05.13	22:00:00	1.40060	1.40138	1.39975	1.40051	2652	2760700000	33
2016.05.13	23:00:00	1.40053	1.40101	1.39919	1.39942	1254	934100000	34
2016.05.16	00:00:00	1.39931	1.40810	1.39818	1.39976	56031	913800000	0
2016.05.16	01:00:00	1.39981	1.40066	1.39902	1.39922	2188	2201700000	37
2016.05.16	02:00:00	1.39927	1.39993	1.39911	1.39981	1733	1820000000	33
2016.05.16	03:00:00	1.39984	1.40079	1.39940	1.40020	3328	3554600000	33
2016.05.16	04:00:00	1.40020	1.40174	1.39982	1.40143	2388	2581600000	38
2016.05.16	05:00:00	1.40141	1.40247	1.40119	1.40239	2639	2824750000	34
2016.05.16	06:00:00	1.40238	1.40311	1.40233	1.40299	1621	1786750000	38
2016.05.16	07:00:00	1.40298	1.40309	1.40192	1.40207	1345	1504500000	36
2016.05.16	08:00:00	1.40207	1.40251	1.40163	1.40163	1694	1885050000	38
2016.05.16	09:00:00	1.40163	1.40266	1.40108	1.40139	4182	4298250000	35
2016.05.16	10:00:00	1.40137	1.40192	1.39918	1.40036	6274	6722900000	33
2016.05.16	11:00:00	1.40036	1.40243	1.40019	1.40092	6224	6966357000	33
2016.05.16	12:00:00	1.40092	1.40114	1.39927	1.40018	5044	5633350000	33
2016.05.16	13:00:00	1.40018	1.40183	1.40018	1.40116	4948	5440350000	33
2016.05.16	14:00:00	1.40111	1.40356	1.40096	1.40325	4942	5446350000	33
2016.05.16	15:00:00	1.40319	1.40388	1.40171	1.40265	7141	7362150000	33
2016.05.16	16:00:00	1.40266	1.40364	1.40180	1.40300	7098	7152150000	33
2016.05.16	17:00:00	1.40301	1.40653	1.40261	1.40647	7827	8594255000	33
2016.05.16	18:00:00	1.40647	1.40804	1.40515	1.40798	5485	6048550000	33
2016.05.16	19:00:00	1.40798	1.40810	1.40680	1.40725	3307	3857850000	33
2016.05.16	20:00:00	1.40723	1.40809	1.40723	1.40792	2763	3172550000	35
2016.05.16	21:00:00	1.40794	1.40826	1.40711	1.40736	2482	2694250000	33
2016.05.16	22:00:00	1.40738	1.40764	1.40692	1.40736	1929	2124300000	36
2016.05.16	23:00:00	1.40735	1.40790	1.40676	1.40775	1813	1721450000	37
2016.05.17	00:00:00	1.40766	1.41924	1.40703	1.40844	76207	1297400000	0
2016.05.17	01:00:00	1.40844	1.40903	1.40812	1.40898	1532	1585200000	36
2016.05.17	02:00:00	1.40903	1.41439	1.40903	1.41258	2920	3085892000	38
2016.05.17	03:00:00	1.41257	1.41361	1.41204	1.41262	3088	3365250000	34
2016.05.17	04:00:00	1.41265	1.41480	1.41231	1.41430	4012	4276222000	34
2016.05.17	05:00:00	1.41431	1.41653	1.41381	1.41550	3310	3487800000	35
2016.05.17	06:00:00	1.41554	1.41676	1.41521	1.41600	2214	2439850000	38
2016.05.17	07:00:00	1.41600	1.41681	1.41521	1.41588	1976	2202048000	36
2016.05.17	08:00:00	1.41586	1.41676	1.41524	1.41612	2319	2524800000	33
2016.05.17	09:00:00	1.41612	1.41896	1.41558	1.41744	6571	6685200000	33
2016.05.17	10:00:00	1.41742	1.41943	1.41687	1.41816	7885	8498847000	33
2016.05.17	11:00:00	1.41814	1.41827	1.41419	1.41543	8032	8197840000	33
2016.05.17	12:00:00	1.41542	1.41792	1.41432	1.41700	6784	6976050000	33
2016.05.17	13:00:00	1.41701	1.41838	1.41633	1.41651	4991	5480700000	33
2016.05.17	14:00:00	1.41651	1.41720	1.41571	1.41692	5154	5555190000	33
2016.05.17	15:00:00	1.41692	1.41814	1.41541	1.41701	8571	8560050000	33
2016.05.17	16:00:00	1.41703	1.41714	1.40997	1.41117	9677	9453300000	33
2016.05.17	17:00:00	1.41112	1.41197	1.40848	1.41159	10409	10335150000	33
2016.05.17	18:00:00	1.41168	1.41395	1.41138	1.41358	8017	8145572000	33
2016.05.17	19:00:00	1.41356	1.41420	1.41307	1.41346	4436	4386550000	33
2016.05.17	20:00:00	1.41343	1.41547	1.41338	1.41543	3840	4179200000	33
2016.05.17	21:00:00	1.41543	1.41674	1.41500	1.41633	3837	3545350000	33
2016.05.17	22:00:00	1.41637	1.41742	1.41617	1.41730	2983	3039900000	35
2016.05.17	23:00:00	1.41729	1.41851	1.41702	1.41744	1994	1959897000	35
2016.05.18	00:00:00	1.41796	1.44175	1.41539	1.41765	89753	746900000	51
2016.05.18	01:00:00	1.41764	1.41779	1.41707	1.41730	1239	1286000000	41
2016.05.18	02:00:00	1.41728	1.41739	1.41640	1.41672	1689	1459200000	35
2016.05.18	03:00:00	1.41674	1.41691	1.41568	1.41629	2697	2734550000	33
2016.05.18	04:00:00	1.41629	1.41763	1.41551	1.41720	2915	3028300000	37
2016.05.18	05:00:00	1.41720	1.41861	1.41711	1.41815	2969	3243000000	33
2016.05.18	06:00:00	1.41819	1.41838	1.41755	1.41778	2168	2309100000	33
2016.05.18	07:00:00	1.41778	1.41869	1.41770	1.41859	1805	1976900000	33
2016.05.18	08:00:00	1.41860	1.41939	1.41849	1.41877	2535	2838500000	34
2016.05.18	09:00:00	1.41880	1.41937	1.41684	1.41839	5910	6276250000	33
2016.05.18	10:00:00	1.41842	1.42123	1.41795	1.41824	7853	8475750000	33
2016.05.18	11:00:00	1.41821	1.42051	1.41616	1.41775	6942	7522800000	33
2016.05.18	12:00:00	1.41775	1.41849	1.41553	1.41795	6516	6987000000	33
2016.05.18	13:00:00	1.41795	1.42518	1.41725	1.42469	7197	8625753000	33
2016.05.18	14:00:00	1.42469	1.43043	1.42464	1.42920	9291	9426421000	33
2016.05.18	15:00:00	1.42920	1.43119	1.42818	1.42942	8758	9252150000	33
2016.05.18	16:00:00	1.42942	1.43364	1.42842	1.43230	11351	11442850000	33
2016.05.18	17:00:00	1.43230	1.43483	1.43082	1.43417	12113	11321700000	33
2016.05.18	18:00:00	1.43416	1.43583	1.43396	1.43529	8895	8545900000	33
2016.05.18	19:00:00	1.43526	1.43608	1.43467	1.43487	5943	5006399000	33
2016.05.18	20:00:00	1.43487	1.43710	1.43466	1.43527	5092	5228998000	33
2016.05.18	21:00:00	1.43528	1.43977	1.43485	1.43949	11600	11672200000	33
2016.05.18	22:00:00	1.43941	1.44076	1.43862	1.44065	5726	5482736000	35
2016.05.18	23:00:00	1.44066	1.44188	1.44054	1.44171	2633	2755742000	37
2016.05.19	00:00:00	1.44156	1.44879	1.43857	1.44138	86214	486047000	0
2016.05.19	01:00:00	1.44140	1.44247	1.44140	1.44206	1846	1883850000	33
2016.05.19	02:00:00	1.44206	1.44246	1.44132	1.44171	1532	1328400000	35
2016.05.19	03:00:00	1.44171	1.44188	1.43946	1.43988	2766	2801600000	33
2016.05.19	04:00:00	1.43991	1.44061	1.43900	1.43903	3219	3316350000	33
2016.05.19	05:00:00	1.43903	1.43970	1.43880	1.43950	2360	2698600000	33
2016.05.19	06:00:00	1.43951	1.43972	1.43860	1.43911	2047	2172200000	38
2016.05.19	07:00:00	1.43911	1.44014	1.43879	1.43995	2122	2231100000	37
2016.05.19	08:00:00	1.43996	1.44069	1.43955	1.44002	2558	2839050000	35
2016.05.19	09:00:00	1.43997	1.44120	1.43921	1.43959	6546	7016850000	33
2016.05.19	10:00:00	1.43959	1.44202	1.43898	1.43989	9402	10354750000	33
2016.05.19	11:00:00	1.43985	1.44789	1.43951	1.44499	9280	10117240000	33
2016.05.19	12:00:00	1.44499	1.44642	1.44313	1.44403	6840	7421590000	33
2016.05.19	13:00:00	1.44403	1.44887	1.44362	1.44804	6769	7147400000	33
2016.05.19	14:00:00	1.44804	1.44808	1.44585	1.44697	7228	7717750000	33
2016.05.19	15:00:00	1.44696	1.44895	1.44597	1.44634	9884	9471900000	33
2016.05.19	16:00:00	1.44633	1.44712	1.44336	1.44349	11442	11086200000	33
2016.05.19	17:00:00	1.44351	1.44423	1.44221	1.44333	13602	12050100000	33
2016.05.19	18:00:00	1.44336	1.44504	1.44277	1.44499	9920	9774700000	33
2016.05.19	19:00:00	1.44499	1.44715	1.44495	1.44692	6129	5743700000	33
2016.05.19	20:00:00	1.44696	1.44844	1.44643	1.44768	5504	5264900000	33
2016.05.19	21:00:00	1.44769	1.44802	1.44633	1.44740	3871	3822995000	35
2016.05.19	22:00:00	1.44739	1.44768	1.44535	1.44574	4113	4105300000	33
2016.05.19	23:00:00	1.44573	1.44786	1.44572	1.44709	2706	2628800000	36
2016.05.20	00:00:00	1.44717	1.44844	1.43512	1.44642	67245	364400000	67
2016.05.20	01:00:00	1.44644	1.44689	1.44618	1.44682	1145	1018000000	41
2016.05.20	02:00:00	1.44687	1.44705	1.44574	1.44634	1397	1510000000	33
2016.05.20	03:00:00	1.44636	1.44724	1.44580	1.44708	2722	2078900000	37
2016.05.20	04:00:00	1.44708	1.44717	1.44617	1.44624	2225	2347450000	38
2016.05.20	05:00:00	1.44625	1.44686	1.44590	1.44620	1932	2087000000	41
2016.05.20	06:00:00	1.44619	1.44647	1.44585	1.44586	1261	1329500000	40
2016.05.20	07:00:00	1.44586	1.44636	1.44574	1.44607	1275	1383399000	37
2016.05.20	08:00:00	1.44609	1.44772	1.44598	1.44699	1780	2027200000	35
2016.05.20	09:00:00	1.44697	1.44860	1.44320	1.44370	5224	4998695000	33
2016.05.20	10:00:00	1.44371	1.44470	1.44105	1.44272	8549	9266200000	33
2016.05.20	11:00:00	1.44273	1.44461	1.44179	1.44356	7941	8403050000	33
2016.05.20	12:00:00	1.44356	1.44464	1.44111	1.44196	7300	7659840000	33
2016.05.20	13:00:00	1.44196	1.44496	1.44186	1.44477	6058	6582950000	33
2016.05.20	14:00:00	1.44477	1.44634	1.44394	1.44454	6588	7443700000	33
2016.05.20	15:00:00	1.44456	1.44490	1.44286	1.44331	7946	7104800000	33
2016.05.20	16:00:00	1.44332	1.44397	1.43949	1.44043	9187	9101950000	33
2016.05.20	17:00:00	1.44038	1.44178	1.43974	1.44029	9447	9659983000	33
2016.05.20	18:00:00	1.44030	1.44063	1.43889	1.43938	6991	6943850000	33
2016.05.20	19:00:00	1.43938	1.43993	1.43768	1.43864	4748	5122450000	33
2016.05.20	20:00:00	1.43869	1.43927	1.43689	1.43711	3732	3977795000	34
2016.05.20	21:00:00	1.43711	1.43747	1.43616	1.43697	3429	3608650000	35
2016.05.20	22:00:00	1.43697	1.43700	1.43550	1.43578	3114	3159400000	33
2016.05.20	23:00:00	1.43577	1.43683	1.43528	1.43539	1160	1050750000	38
2016.05.23	00:00:00	1.43654	1.44162	1.43169	1.43589	73184	236897000	0
2016.05.23	01:00:00	1.43597	1.43686	1.43567	1.43650	1398	1436100000	45
2016.05.23	02:00:00	1.43651	1.43668	1.43556	1.43596	1766	1934600000	37
2016.05.23	03:00:00	1.43596	1.43648	1.43530	1.43619	3517	4764762000	33
2016.05.23	04:00:00	1.43622	1.43654	1.43476	1.43589	3098	3136400000	33
2016.05.23	05:00:00	1.43589	1.43636	1.43580	1.43618	1617	1864800000	41
2016.05.23	06:00:00	1.43618	1.43672	1.43503	1.43631	2948	3063450000	33
2016.05.23	07:00:00	1.43632	1.43695	1.43594	1.43679	2244	2432400000	39
2016.05.23	08:00:00	1.43682	1.43758	1.43588	1.43618	2276	2587648000	36
2016.05.23	09:00:00	1.43620	1.43773	1.43522	1.43630	5093	5046700000	33
2016.05.23	10:00:00	1.43630	1.43687	1.43272	1.43548	8217	8837633000	33
2016.05.23	11:00:00	1.43543	1.44179	1.43542	1.44082	8057	9127150000	33
2016.05.23	12:00:00	1.44083	1.44176	1.43464	1.43495	7118	7733500000	33
2016.05.23	13:00:00	1.43497	1.43561	1.43206	1.43264	7023	7842691000	33
2016.05.23	14:00:00	1.43264	1.43510	1.43185	1.43422	5400	5845449000	33
2016.05.23	15:00:00	1.43423	1.43441	1.43245	1.43344	6948	6603350000	33
2016.05.23	16:00:00	1.43345	1.43551	1.43341	1.43463	8617	9538147000	33
2016.05.23	17:00:00	1.43463	1.43678	1.43422	1.43464	8962	9284799000	33
2016.05.23	18:00:00	1.43464	1.43599	1.43249	1.43258	7118	7450623000	33
2016.05.23	19:00:00	1.43255	1.43367	1.43200	1.43352	4460	4680950000	33
2016.05.23	20:00:00	1.43354	1.43443	1.43209	1.43259	4580	4923798000	33
2016.05.23	21:00:00	1.43258	1.43345	1.43212	1.43330	3074	3141400000	33
2016.05.23	22:00:00	1.43331	1.43349	1.43256	1.43265	2400	2492900000	34
2016.05.23	23:00:00	1.43268	1.43304	1.43202	1.43289	2172	2292800000	35
2016.05.24	00:00:00	1.43286	1.45355	1.43180	1.43282	87776	1602500000	0
2016.05.24	01:00:00	1.43288	1.43308	1.43202	1.43286	1691	1824200000	43
2016.05.24	02:00:00	1.43286	1.43338	1.43266	1.43281	1220	1336700000	36
2016.05.24	03:00:00	1.43279	1.43405	1.43242	1.43382	2632	2955800000	39
2016.05.24	04:00:00	1.43383	1.43602	1.43369	1.43527	2327	2389150000	40
2016.05.24	05:00:00	1.43527	1.43607	1.43490	1.43547	1852	1891000000	39
2016.05.24	06:00:00	1.43547	1.43599	1.43523	1.43565	2481	2679600000	37
2016.05.24	07:00:00	1.43566	1.43615	1.43521	1.43536	1690	1892200000	37
2016.05.24	08:00:00	1.43536	1.43548	1.43432	1.43432	1970	2052650000	36
2016.05.24	09:00:00	1.43432	1.43613	1.43423	1.43545	5805	6049500000	33
2016.05.24	10:00:00	1.43543	1.44412	1.43408	1.44254	9513	10465800000	33
2016.05.24	11:00:00	1.44251	1.44397	1.44132	1.44208	8188	9182150000	33
2016.05.24	12:00:00	1.44220	1.44733	1.44161	1.44539	9172	10066456000	33
2016.05.24	13:00:00	1.44539	1.45067	1.44517	1.44721	6987	7882243000	33
2016.05.24	14:00:00	1.44727	1.44960	1.44699	1.44827	6136	6802600000	33
2016.05.24	15:00:00	1.44828	1.44998	1.44733	1.44806	8204	8866497000	33
2016.05.24	16:00:00	1.44805	1.45033	1.44715	1.44775	9309	9827893000	33
2016.05.24	17:00:00	1.44763	1.45053	1.44763	1.45010	10066	10474386000	33
2016.05.24	18:00:00	1.45011	1.45269	1.44916	1.45196	7849	8487600000	33
2016.05.24	19:00:00	1.45193	1.45295	1.45157	1.45165	4863	5092600000	33
2016.05.24	20:00:00	1.45165	1.45220	1.45022	1.45112	4636	5045450000	34
2016.05.24	21:00:00	1.45112	1.45329	1.45100	1.45235	3620	3885850000	33
2016.05.24	22:00:00	1.45237	1.45325	1.45203	1.45284	3473	3709147000	36
2016.05.24	23:00:00	1.45283	1.45359	1.45232	1.45310	2044	2125650000	36
2016.05.25	00:00:00	1.45346	1.45981	1.44744	1.45243	80019	511499000	0
2016.05.25	01:00:00	1.45243	1.45283	1.45188	1.45203	2581	2687000000	41
2016.05.25	02:00:00	1.45203	1.45214	1.45076	1.45119	2027	2080050000	36
2016.05.25	03:00:00	1.45119	1.45164	1.45070	1.45116	2072	2311250000	38
2016.05.25	04:00:00	1.45115	1.45129	1.45023	1.45047	2822	3035000000	33
2016.05.25	05:00:00	1.45042	1.45068	1.44975	1.45056	1982	2161900000	36
2016.05.25	06:00:00	1.45056	1.45056	1.44794	1.44868	3058	3291200000	34
2016.05.25	07:00:00	1.44868	1.44986	1.44850	1.44985	1748	1989000000	38
2016.05.25	08:00:00	1.44986	1.44987	1.44877	1.44877	2062	2365996000	34
2016.05.25	09:00:00	1.44874	1.45084	1.44822	1.44823	6099	6167800000	33
2016.05.25	10:00:00	1.44823	1.45430	1.44763	1.45413	8362	8832900000	33
2016.05.25	11:00:00	1.45409	1.45422	1.45162	1.45331	8191	8782444000	33
2016.05.25	12:00:00	1.45322	1.45375	1.44858	1.44952	7591	7540340000	33
2016.05.25	13:00:00	1.44953	1.45334	1.44896	1.45317	7531	7495700000	33
2016.05.25	14:00:00	1.45323	1.45750	1.45245	1.45561	7936	8319800000	33
2016.05.25	15:00:00	1.45561	1.45760	1.45468	1.45734	7804	8351800000	33
2016.05.25	16:00:00	1.45734	1.45799	1.45535	1.45682	8868	8559750000	33
2016.05.25	17:00:00	1.45685	1.45996	1.45673	1.45853	10561	10983190000	33
2016.05.25	18:00:00	1.45853	1.45939	1.45498	1.45538	9063	9024500000	33
2016.05.25	19:00:00	1.45538	1.45665	1.45486	1.45545	4819	5296714000	33
2016.05.25	20:00:00	1.45545	1.45723	1.45545	1.45669	4419	4654350000	33
2016.05.25	21:00:00	1.45668	1.45834	1.45646	1.45824	3764	3971068000	33
2016.05.25	22:00:00	1.45825	1.45847	1.45721	1.45838	2906	2899590000	35
2016.05.25	23:00:00	1.45837	1.45871	1.45653	1.45661	2469	2424200000	39
2016.05.26	00:00:00	1.45660	1.46101	1.44935	1.45736	88226	997199000	44
2016.05.26	01:00:00	1.45730	1.45764	1.45650	1.45701	2045	2135049000	48
2016.05.26	02:00:00	1.45708	1.45764	1.45648	1.45650	1714	1645800000	38
2016.05.26	03:00:00	1.45653	1.45750	1.45484	1.45548	3742	3850750000	35
2016.05.26	04:00:00	1.45549	1.45611	1.45496	1.45589	3775	3797250000	33
2016.05.26	05:00:00	1.45591	1.45613	1.45450	1.45450	2270	2143150000	36
2016.05.26	06:00:00	1.45449	1.45525	1.45389	1.45453	2495	2870000000	37
2016.05.26	07:00:00	1.45453	1.45537	1.45446	1.45495	1764	2014300000	36
2016.05.26	08:00:00	1.45494	1.45539	1.45402	1.45419	2520	2585200000	33
2016.05.26	09:00:00	1.45421	1.45825	1.45384	1.45825	5311	5535250000	33
2016.05.26	10:00:00	1.45831	1.46114	1.45795	1.45896	8930	9363149000	33
2016.05.26	11:00:00	1.45899	1.46074	1.45532	1.45587	7822	8456350000	33
2016.05.26	12:00:00	1.45591	1.45815	1.45560	1.45623	7134	7889050000	33
2016.05.26	13:00:00	1.45621	1.45735	1.45601	1.45664	6689	7561600000	33
2016.05.26	14:00:00	1.45663	1.45798	1.45488	1.45793	6176	6859550000	33
2016.05.26	15:00:00	1.45790	1.45891	1.45381	1.45455	8809	9984200000	33
2016.05.26	16:00:00	1.45452	1.45468	1.44992	1.45113	10816	11584550000	33
2016.05.26	17:00:00	1.45117	1.45458	1.45083	1.45298	10414	12055500000	33
2016.05.26	18:00:00	1.45298	1.45424	1.45163	1.45230	8484	8964300000	33
2016.05.26	19:00:00	1.45230	1.45256	1.45014	1.45079	6461	7041350000	33
2016.05.26	20:00:00	1.45076	1.45080	1.44962	1.44988	4482	4969200000	33
2016.05.26	21:00:00	1.44987	1.45084	1.44953	1.45066	3322	3276050000	38
2016.05.26	22:00:00	1.45067	1.45112	1.44979	1.45112	2498	2720850000	37
2016.05.26	23:00:00	1.45118	1.45185	1.45054	1.45102	2015	2224638000	35
2016.05.27	00:00:00	1.45078	1.45572	1.44743	1.45004	75782	1151700000	38
2016.05.27	01:00:00	1.45011	1.45119	1.45011	1.45074	2065	2130000000	33
2016.05.27	02:00:00	1.45076	1.45108	1.45029	1.45067	1071	1088400000	38
2016.05.27	03:00:00	1.45065	1.45114	1.44945	1.45091	2888	3012800000	33
2016.05.27	04:00:00	1.45087	1.45213	1.45055	1.45116	3185	3163800000	40
2016.05.27	05:00:00	1.45115	1.45173	1.45053	1.45068	1892	1989350000	40
2016.05.27	06:00:00	1.45069	1.45191	1.45059	1.45176	1665	1975650000	41
2016.05.27	07:00:00	1.45179	1.45200	1.45114	1.45134	1398	1466400000	38
2016.05.27	08:00:00	1.45133	1.45189	1.45102	1.45174	1625	1809500000	38
2016.05.27	09:00:00	1.45175	1.45202	1.44919	1.44996	5082	5779300000	35
2016.05.27	10:00:00	1.44998	1.45384	1.44855	1.45350	8079	8761150000	33
2016.05.27	11:00:00	1.45351	1.45385	1.44961	1.45064	7341	7908700000	33
2016.05.27	12:00:00	1.45065	1.45289	1.44754	1.45216	6970	8084150000	33
2016.05.27	13:00:00	1.45214	1.45252	1.45008	1.45125	6157	7225750000	33
2016.05.27	14:00:00	1.45126	1.45269	1.45089	1.45181	5647	6769400000	33
2016.05.27	15:00:00	1.45180	1.45207	1.44934	1.45015	8525	9533750000	33
2016.05.27	16:00:00	1.45018	1.45172	1.44870	1.45146	8546	9137350000	33
2016.05.27	17:00:00	1.45142	1.45378	1.45002	1.45053	9308	9357560000	0
2016.05.27	18:00:00	1.45047	1.45207	1.45029	1.45189	6596	7045000000	33
2016.05.27	19:00:00	1.45190	1.45253	1.45095	1.45139	3813	4129550000	33
2016.05.27	20:00:00	1.45140	1.45262	1.45052	1.45261	7120	7391650000	33
2016.05.27	21:00:00	1.45260	1.45289	1.45132	1.45177	4089	4438100000	34
2016.05.27	22:00:00	1.45178	1.45312	1.45150	1.45281	2542	2670300000	33
2016.05.27	23:00:00	1.45281	1.45410	1.45252	1.45385	1561	1529800000	41
2016.05.30	00:00:00	1.45251	1.45554	1.44785	1.45236	42263	238400000	0
2016.05.30	01:00:00	1.45242	1.45395	1.45242	1.45373	1103	783800000	53
2016.05.30	02:00:00	1.45368	1.45483	1.45364	1.45449	1254	920200000	47
2016.05.30	03:00:00	1.45448	1.45462	1.45289	1.45320	2455	1667250000	40
2016.05.30	04:00:00	1.45320	1.45328	1.45220	1.45241	3108	3385550000	38
2016.05.30	05:00:00	1.45240	1.45426	1.45239	1.45387	1921	1990600000	37
2016.05.30	06:00:00	1.45387	1.45496	1.45368	1.45488	2106	2272200000	34
2016.05.30	07:00:00	1.45488	1.45544	1.45402	1.45411	1974	2055500000	37
2016.05.30	08:00:00	1.45409	1.45523	1.45361	1.45366	2398	2564800000	34
2016.05.30	09:00:00	1.45369	1.45570	1.45310	1.45318	4450	4651650000	38
2016.05.30	10:00:00	1.45317	1.45501	1.45197	1.45220	5879	5979850000	37
2016.05.30	11:00:00	1.45220	1.45259	1.44816	1.44882	5509	5777050000	35
2016.05.30	12:00:00	1.44882	1.44960	1.44800	1.44949	4775	5050550000	33
2016.05.30	13:00:00	1.44947	1.45059	1.44943	1.44963	3836	4116350000	37
2016.05.30	14:00:00	1.44963	1.45123	1.44921	1.45110	3566	3895400000	34
2016.05.30	15:00:00	1.45110	1.45303	1.45024	1.45064	3709	3743188000	35
2016.05.30	16:00:00	1.45062	1.45163	1.44982	1.45101	2681	2965800000	33
2016.05.30	17:00:00	1.45101	1.45142	1.44952	1.45029	3304	3619550000	36
2016.05.30	18:00:00	1.45030	1.45276	1.44995	1.45259	2743	2960450000	34
2016.05.30	19:00:00	1.45258	1.45442	1.45217	1.45342	2019	2178200000	35
2016.05.30	20:00:00	1.45348	1.45385	1.45134	1.45189	3026	2978800000	38
2016.05.30	21:00:00	1.45191	1.45276	1.45182	1.45203	1500	1550800000	45
2016.05.30	22:00:00	1.45199	1.45295	1.45178	1.45255	2569	2624000000	33
2016.05.30	23:00:00	1.45256	1.45260	1.45182	1.45224	1362	1526950000	35
2016.05.31	00:00:00	1.45212	1.46014	1.43677	1.45104	90461	336300000	0
2016.05.31	01:00:00	1.45105	1.45183	1.45087	1.45088	2102	2134895000	38
2016.05.31	02:00:00	1.45091	1.45121	1.45046	1.45074	1878	2096600000	38
2016.05.31	03:00:00	1.45077	1.45406	1.45077	1.45340	3477	3493700000	35
2016.05.31	04:00:00	1.45336	1.45759	1.45335	1.45739	4667	6710549000	33
2016.05.31	05:00:00	1.45738	1.45775	1.45652	1.45673	2704	2929200000	33
2016.05.31	06:00:00	1.45674	1.46022	1.45670	1.45868	3470	3829350000	34
2016.05.31	07:00:00	1.45866	1.45877	1.45542	1.45662	3608	3511999000	33
2016.05.31	08:00:00	1.45663	1.45668	1.45542	1.45607	2674	2764600000	39
2016.05.31	09:00:00	1.45609	1.45721	1.45048	1.45136	6196	6505350000	33
2016.05.31	10:00:00	1.45131	1.45352	1.44727	1.44788	9087	9822650000	33
2016.05.31	11:00:00	1.44788	1.44888	1.44390	1.44621	9877	10337050000	33
2016.05.31	12:00:00	1.44626	1.44872	1.44423	1.44736	8262	9164500000	33
2016.05.31	13:00:00	1.44736	1.44973	1.44700	1.44731	7103	7422950000	33
2016.05.31	14:00:00	1.44731	1.44914	1.44616	1.44867	7160	9794200000	33
2016.05.31	15:00:00	1.44867	1.45110	1.44835	1.45090	6820	7610650000	33
2016.05.31	16:00:00	1.45086	1.45120	1.44883	1.44914	7824	7655950000	33
2016.05.31	17:00:00	1.44908	1.45005	1.44095	1.44690	12597	12336447000	33
2016.05.31	18:00:00	1.44689	1.44817	1.44313	1.44315	10058	10091400000	33
2016.05.31	19:00:00	1.44316	1.44353	1.43974	1.44116	6800	7651648000	33
2016.05.31	20:00:00	1.44114	1.44143	1.43925	1.44006	4939	5439250000	33
2016.05.31	21:00:00	1.44003	1.44022	1.43695	1.43836	6196	6167400000	33
2016.05.31	22:00:00	1.43834	1.44014	1.43709	1.43939	4780	5022170000	33
2016.05.31	23:00:00	1.43939	1.43968	1.43844	1.43867	2110	2295700000	34
2016.06.01	00:00:00	1.43897	1.44115	1.42202	1.43907	95208	599150000	49
2016.06.01	01:00:00	1.43905	1.43970	1.43861	1.43957	2004	2180688000	34
2016.06.01	02:00:00	1.43957	1.43980	1.43783	1.43810	1731	1773650000	36
2016.06.01	03:00:00	1.43811	1.43828	1.43671	1.43741	4088	4149550000	36
2016.06.01	04:00:00	1.43741	1.44067	1.43722	1.44025	4148	3997950000	34
2016.06.01	05:00:00	1.44024	1.44089	1.43942	1.43977	2815	3019700000	36
2016.06.01	06:00:00	1.43978	1.44064	1.43946	1.43997	2817	2851450000	37
2016.06.01	07:00:00	1.43997	1.44124	1.43979	1.44039	2135	2217300000	37
2016.06.01	08:00:00	1.44040	1.44043	1.43816	1.44029	5747	5959950000	35
2016.06.01	09:00:00	1.44036	1.44102	1.43586	1.43863	7405	7779998000	33
2016.06.01	10:00:00	1.43863	1.43938	1.43535	1.43747	8814	8933500000	33
2016.06.01	11:00:00	1.43746	1.43972	1.43280	1.43468	9781	11017250000	33
2016.06.01	12:00:00	1.43466	1.43667	1.43074	1.43177	8717	9202750000	33
2016.06.01	13:00:00	1.43177	1.43253	1.42929	1.42985	7417	7941350000	33
2016.06.01	14:00:00	1.42985	1.42997	1.42707	1.42807	8578	9158249000	33
2016.06.01	15:00:00	1.42814	1.42966	1.42425	1.42425	9603	10341400000	33
2016.06.01	16:00:00	1.42425	1.42518	1.42216	1.42364	9909	10312750000	33
2016.06.01	17:00:00	1.42439	1.42675	1.42308	1.42320	13144	13330730000	33
2016.06.01	18:00:00	1.42320	1.42512	1.42253	1.42372	9490	9526800000	33
2016.06.01	19:00:00	1.42372	1.42601	1.42339	1.42590	6631	6482700000	33
2016.06.01	20:00:00	1.42588	1.42622	1.42445	1.42445	5151	5345700000	37
2016.06.01	21:00:00	1.42447	1.42461	1.42320	1.42423	4329	4792600000	37
2016.06.01	22:00:00	1.42417	1.42417	1.42308	1.42334	3410	3865250000	33
2016.06.01	23:00:00	1.42335	1.42417	1.42326	1.42410	2002	1960350000	40
2016.06.02	00:00:00	1.42401	1.43055	1.42191	1.42409	81985	856100000	0
2016.06.02	01:00:00	1.42407	1.42549	1.42391	1.42495	3199	3068350000	40
2016.06.02	02:00:00	1.42496	1.42542	1.42459	1.42511	1317	1421300000	40
2016.06.02	03:00:00	1.42514	1.42521	1.42329	1.42399	3061	3379200000	35
2016.06.02	04:00:00	1.42398	1.42555	1.42372	1.42487	4008	4344850000	33
2016.06.02	05:00:00	1.42480	1.42488	1.42278	1.42337	4468	4970250000	33
2016.06.02	06:00:00	1.42336	1.42416	1.42293	1.42354	2813	3119000000	36
2016.06.02	07:00:00	1.42353	1.42609	1.42341	1.42580	2849	3115700000	35
2016.06.02	08:00:00	1.42580	1.42584	1.42444	1.42484	2807	2999700000	36
2016.06.02	09:00:00	1.42484	1.42654	1.42416	1.42605	6010	6611800000	33
2016.06.02	10:00:00	1.42604	1.42649	1.42342	1.42474	9329	10094350000	33
2016.06.02	11:00:00	1.42471	1.42678	1.42191	1.42461	7774	8297750000	33
2016.06.02	12:00:00	1.42461	1.42540	1.42358	1.42434	6433	6943700000	33
2016.06.02	13:00:00	1.42434	1.42491	1.42207	1.42371	6611	7418845000	34
2016.06.02	14:00:00	1.42372	1.42805	1.42328	1.42805	5951	6343350000	33
2016.06.02	15:00:00	1.42807	1.43061	1.42635	1.42745	12241	12534450000	33
2016.06.02	16:00:00	1.42745	1.42894	1.42526	1.42883	10610	10663950000	33
2016.06.02	17:00:00	1.42883	1.42998	1.42803	1.42961	9459	8542950000	33
2016.06.02	18:00:00	1.42967	1.43067	1.42734	1.42754	8044	7997700000	33
2016.06.02	19:00:00	1.42755	1.42910	1.42753	1.42904	4726	5014100000	33
2016.06.02	20:00:00	1.42900	1.42963	1.42805	1.42873	3983	4696687000	33
2016.06.02	21:00:00	1.42873	1.42966	1.42839	1.42958	3602	4011949000	33
2016.06.02	22:00:00	1.42957	1.43033	1.42893	1.42907	2882	2992100000	36
2016.06.02	23:00:00	1.42905	1.42947	1.42806	1.42827	2504	2386400000	37
2016.06.03	00:00:00	1.42787	1.43105	1.41545	1.42770	81006	434600000	0
2016.06.03	01:00:00	1.42771	1.42779	1.42694	1.42704	2729	2015200000	41
2016.06.03	02:00:00	1.42701	1.42763	1.42637	1.42656	2454	1871150000	42
2016.06.03	03:00:00	1.42656	1.42778	1.42579	1.42663	4407	3948100000	35
2016.06.03	04:00:00	1.42663	1.42711	1.42570	1.42652	3520	2590600000	33
2016.06.03	05:00:00	1.42652	1.42715	1.42603	1.42617	2446	2597050000	40
2016.06.03	06:00:00	1.42617	1.42748	1.42609	1.42719	2493	2280050000	36
2016.06.03	07:00:00	1.42719	1.42784	1.42593	1.42626	3648	3439750000	37
2016.06.03	08:00:00	1.42621	1.42761	1.42621	1.42717	2689	2692950000	35
2016.06.03	09:00:00	1.42711	1.42853	1.42695	1.42780	5538	5834100000	33
2016.06.03	10:00:00	1.42775	1.43106	1.42708	1.42933	8922	8868122000	33
2016.06.03	11:00:00	1.42933	1.43057	1.42782	1.43033	8524	8637900000	33
2016.06.03	12:00:00	1.43034	1.43122	1.42758	1.42851	8222	8283950000	33
2016.06.03	13:00:00	1.42857	1.43005	1.42763	1.42882	5816	5834740000	33
2016.06.03	14:00:00	1.42882	1.42976	1.42786	1.42829	6041	6215750000	33
2016.06.03	15:00:00	1.42828	1.42989	1.42220	1.42471	15498	13432839000	33
2016.06.03	16:00:00	1.42471	1.42817	1.42243	1.42319	16011	15209247000	33
2016.06.03	17:00:00	1.42325	1.42357	1.41662	1.42053	13996	13095450000	33
2016.06.03	18:00:00	1.42053	1.42091	1.41864	1.42001	9368	8790474000	33
2016.06.03	19:00:00	1.41999	1.42038	1.41892	1.42009	6319	5815800000	33
2016.06.03	20:00:00	1.42006	1.42015	1.41861	1.41883	5945	5648150000	35
2016.06.03	21:00:00	1.41883	1.41956	1.41680	1.41753	5644	3764350000	37
2016.06.03	22:00:00	1.41752	1.41794	1.41636	1.41716	3405	3425400000	36
2016.06.03	23:00:00	1.41714	1.41766	1.41537	1.41537	3043	1884450000	38
2016.06.06	00:00:00	1.41318	1.41373	1.39964	1.41232	86770	1630798000	90
2016.06.06	01:00:00	1.41249	1.41389	1.41160	1.41246	3710	3779800000	41
2016.06.06	02:00:00	1.41249	1.41255	1.40255	1.40390	6674	6888350000	33
2016.06.06	03:00:00	1.40384	1.40705	1.40384	1.40614	6345	6422450000	36
2016.06.06	04:00:00	1.40612	1.40666	1.40441	1.40490	3971	4053500000	39
2016.06.06	05:00:00	1.40489	1.40675	1.40436	1.40665	3372	3447700000	34
2016.06.06	06:00:00	1.40666	1.40695	1.40507	1.40517	3749	3538050000	43
2016.06.06	07:00:00	1.40517	1.40682	1.40516	1.40664	3506	3814800000	43
2016.06.06	08:00:00	1.40664	1.40706	1.40408	1.40442	2909	3085900000	37
2016.06.06	09:00:00	1.40442	1.40561	1.40215	1.40439	7692	7656000000	33
2016.06.06	10:00:00	1.40433	1.40940	1.40410	1.40882	10257	10326800000	33
2016.06.06	11:00:00	1.40880	1.41059	1.40571	1.40656	9767	9869950000	33
2016.06.06	12:00:00	1.40654	1.40794	1.40165	1.40221	7707	8157400000	33
2016.06.06	13:00:00	1.40219	1.40461	1.40026	1.40320	8492	9060400000	33
2016.06.06	14:00:00	1.40320	1.40603	1.40222	1.40245	6708	7428350000	33
2016.06.06	15:00:00	1.40245	1.40427	1.39978	1.40250	7756	7610200000	33
2016.06.06	16:00:00	1.40250	1.40395	1.40084	1.40362	9493	8659200000	33
2016.06.06	17:00:00	1.40365	1.40632	1.40330	1.40499	9709	9460600000	33
2016.06.06	18:00:00	1.40497	1.40610	1.40404	1.40430	7869	7321750000	33
2016.06.06	19:00:00	1.40432	1.40516	1.40080	1.40208	9976	10146747000	33
2016.06.06	20:00:00	1.40206	1.40292	1.40093	1.40265	7604	7644000000	33
2016.06.06	21:00:00	1.40267	1.40362	1.40163	1.40194	4442	4676950000	33
2016.06.06	22:00:00	1.40193	1.40388	1.40190	1.40356	4085	3919600000	35
2016.06.06	23:00:00	1.40356	1.40371	1.40095	1.40099	2475	2333750000	35
2016.06.07	00:00:00	1.40101	1.41766	1.40083	1.40260	68427	995100000	41
2016.06.07	01:00:00	1.40259	1.40286	1.40155	1.40270	2642	2821650000	35
2016.06.07	02:00:00	1.40274	1.40334	1.40233	1.40250	1511	1572100000	35
2016.06.07	03:00:00	1.40246	1.40292	1.40177	1.40274	3064	3152400000	33
2016.06.07	04:00:00	1.40274	1.40406	1.40250	1.40351	2462	2583000000	35
2016.06.07	05:00:00	1.40351	1.40486	1.40290	1.40389	2329	2479050000	38
2016.06.07	06:00:00	1.40390	1.40543	1.40385	1.40533	2449	2755300000	37
2016.06.07	07:00:00	1.40533	1.42230	1.40506	1.40978	7988	7932000000	33
2016.06.07	08:00:00	1.40978	1.41084	1.40762	1.40870	4195	3812690000	35
2016.06.07	09:00:00	1.40870	1.41076	1.40744	1.40838	6282	6382750000	33
2016.06.07	10:00:00	1.40837	1.40961	1.40610	1.40619	8279	7815350000	33
2016.06.07	11:00:00	1.40622	1.41094	1.40615	1.41023	8605	8771792000	33
2016.06.07	12:00:00	1.41023	1.41117	1.40725	1.40802	8784	9065300000	33
2016.06.07	13:00:00	1.40800	1.41057	1.40668	1.41031	6790	7345150000	33
2016.06.07	14:00:00	1.41020	1.41152	1.40934	1.40979	6772	6634000000	33
2016.06.07	15:00:00	1.40978	1.41155	1.40729	1.40745	8368	8478500000	33
2016.06.07	16:00:00	1.40745	1.40921	1.40633	1.40816	9309	9447050000	33
2016.06.07	17:00:00	1.40816	1.41067	1.40483	1.40689	10054	8342200000	33
2016.06.07	18:00:00	1.40689	1.40912	1.40641	1.40706	7407	6865550000	33
2016.06.07	19:00:00	1.40707	1.40711	1.40539	1.40582	4562	5491490000	33
2016.06.07	20:00:00	1.40584	1.40643	1.40385	1.40395	4101	4931200000	33
2016.06.07	21:00:00	1.40397	1.40526	1.40375	1.40420	3646	3852450000	33
2016.06.07	22:00:00	1.40420	1.40439	1.40298	1.40373	2800	3189400000	33
2016.06.07	23:00:00	1.40371	1.40391	1.40288	1.40288	2452	2450600000	33
2016.06.08	00:00:00	1.40334	1.40564	1.39021	1.40318	67301	1863900000	33
2016.06.08	01:00:00	1.40347	1.40390	1.40284	1.40329	1866	1799200000	44
2016.06.08	02:00:00	1.40330	1.40392	1.40293	1.40368	1483	1521050000	40
2016.06.08	03:00:00	1.40369	1.40396	1.40246	1.40360	3173	3068550000	38
2016.06.08	04:00:00	1.40355	1.40447	1.40222	1.40273	3312	3265000000	37
2016.06.08	05:00:00	1.40272	1.40330	1.40221	1.40267	2239	2388050000	35
2016.06.08	06:00:00	1.40264	1.40463	1.40247	1.40452	3191	3308450000	36
2016.06.08	07:00:00	1.40451	1.40455	1.40280	1.40292	2410	2443350000	34
2016.06.08	08:00:00	1.40292	1.40496	1.40284	1.40447	2186	2092188000	38
2016.06.08	09:00:00	1.40448	1.40507	1.40317	1.40401	4803	4977400000	33
2016.06.08	10:00:00	1.40401	1.40528	1.40022	1.40137	8075	8687050000	33
2016.06.08	11:00:00	1.40137	1.40581	1.39963	1.40126	8948	9303850000	33
2016.06.08	12:00:00	1.40124	1.40167	1.39949	1.39962	6301	6261500000	33
2016.06.08	13:00:00	1.39962	1.40240	1.39951	1.40183	6515	6348350000	33
2016.06.08	14:00:00	1.40183	1.40330	1.39869	1.40253	7897	7734950000	33
2016.06.08	15:00:00	1.40253	1.40305	1.39958	1.39961	7943	8600050000	33
2016.06.08	16:00:00	1.39964	1.40105	1.39689	1.39726	8401	8817000000	33
2016.06.08	17:00:00	1.39728	1.39755	1.39445	1.39594	9576	10308350000	33
2016.06.08	18:00:00	1.39593	1.39725	1.39494	1.39530	7789	8556100000	33
2016.06.08	19:00:00	1.39529	1.39689	1.39298	1.39327	5434	5844650000	33
2016.06.08	20:00:00	1.39325	1.39377	1.39068	1.39097	4903	5438100000	33
2016.06.08	21:00:00	1.39097	1.39161	1.39034	1.39072	4032	4294148000	33
2016.06.08	22:00:00	1.39069	1.39227	1.39049	1.39156	3064	3367950000	33
2016.06.08	23:00:00	1.39156	1.39177	1.39047	1.39084	2345	2570400000	38
2016.06.09	00:00:00	1.39089	1.39756	1.38612	1.39150	66628	2241800000	58
2016.06.09	01:00:00	1.39153	1.39158	1.39050	1.39072	2555	2601500000	33
2016.06.09	02:00:00	1.39066	1.39176	1.39066	1.39087	2168	2331800000	33
2016.06.09	03:00:00	1.39087	1.39209	1.39060	1.39110	2579	2786950000	36
2016.06.09	04:00:00	1.39111	1.39125	1.38865	1.38880	3984	4329200000	33
2016.06.09	05:00:00	1.38880	1.38976	1.38880	1.38933	2670	2997900000	37
2016.06.09	06:00:00	1.38933	1.39061	1.38927	1.39020	1735	1867600000	37
2016.06.09	07:00:00	1.39022	1.39046	1.38903	1.38980	2286	2529950000	33
2016.06.09	08:00:00	1.38981	1.39120	1.38980	1.39022	2726	2909125000	36
2016.06.09	09:00:00	1.39021	1.39245	1.39009	1.39156	5038	5328500000	34
2016.06.09	10:00:00	1.39154	1.39158	1.38608	1.38821	9381	10814599000	33
2016.06.09	11:00:00	1.38820	1.39032	1.38725	1.38920	7880	8542450000	33
2016.06.09	12:00:00	1.38920	1.39088	1.38851	1.39054	6381	6332130000	25
2016.06.09	13:00:00	1.39053	1.39160	1.38912	1.39113	6546	7152100000	33
2016.06.09	14:00:00	1.39114	1.39277	1.39061	1.39152	5959	6399800000	34
2016.06.09	15:00:00	1.39153	1.39448	1.39038	1.39372	7363	7640200000	33
2016.06.09	16:00:00	1.39383	1.39473	1.39267	1.39284	8964	8453490000	33
2016.06.09	17:00:00	1.39284	1.39770	1.39202	1.39485	8478	8382950000	33
2016.06.09	18:00:00	1.39480	1.39606	1.39412	1.39441	6843	6432700000	33
2016.06.09	19:00:00	1.39436	1.39522	1.39336	1.39465	4711	5125250000	33
2016.06.09	20:00:00	1.39461	1.39521	1.39369	1.39450	3890	4123400000	33
2016.06.09	21:00:00	1.39451	1.39519	1.39387	1.39427	3997	4107300000	33
2016.06.09	22:00:00	1.39425	1.39652	1.39400	1.39613	3062	3238200000	33
2016.06.09	23:00:00	1.39616	1.39671	1.39345	1.39380	2506	2566400000	35
2016.06.10	00:00:00	1.39421	1.39492	1.36887	1.39429	75446	922899000	0
2016.06.10	01:00:00	1.39420	1.39456	1.39335	1.39443	2594	2665600000	46
2016.06.10	02:00:00	1.39443	1.39504	1.39418	1.39492	1514	1632800000	36
2016.06.10	03:00:00	1.39493	1.39493	1.39364	1.39399	3402	3515000000	35
2016.06.10	04:00:00	1.39400	1.39444	1.39338	1.39426	2743	2899800000	35
2016.06.10	05:00:00	1.39426	1.39431	1.39385	1.39386	1991	2003100000	45
2016.06.10	06:00:00	1.39386	1.39388	1.39266	1.39281	1921	2016550000	43
2016.06.10	07:00:00	1.39281	1.39352	1.39280	1.39345	1801	1733350000	41
2016.06.10	08:00:00	1.39343	1.39401	1.39234	1.39350	2595	2770600000	39
2016.06.10	09:00:00	1.39357	1.39503	1.39270	1.39283	5090	5227350000	38
2016.06.10	10:00:00	1.39279	1.39279	1.38688	1.39026	8742	9730172000	33
2016.06.10	11:00:00	1.39032	1.39342	1.39008	1.39342	7546	7833100000	34
2016.06.10	12:00:00	1.39343	1.39457	1.39216	1.39225	7173	8002150000	35
2016.06.10	13:00:00	1.39225	1.39267	1.38874	1.39024	6012	6443200000	33
2016.06.10	14:00:00	1.39023	1.39069	1.38699	1.38775	6073	6335850000	33
2016.06.10	15:00:00	1.38781	1.38782	1.38610	1.38692	7525	7968650000	33
2016.06.10	16:00:00	1.38693	1.38758	1.38021	1.38277	10351	10617282000	33
2016.06.10	17:00:00	1.38282	1.38321	1.37863	1.37935	11547	11471800000	33
2016.06.10	18:00:00	1.37933	1.38329	1.37923	1.38114	9160	9104717000	33
2016.06.10	19:00:00	1.38113	1.38248	1.37852	1.37896	5648	5569000000	33
2016.06.10	20:00:00	1.37888	1.38268	1.36893	1.37516	7994	8194150000	33
2016.06.10	21:00:00	1.37522	1.37642	1.37190	1.37330	8212	8749300000	33
2016.06.10	22:00:00	1.37341	1.37550	1.37341	1.37481	4171	4332700000	33
2016.06.10	23:00:00	1.37481	1.37647	1.37322	1.37368	2081	1956948000	37
2016.06.13	00:00:00	1.37548	1.38275	1.36133	1.37304	92917	1218795000	0
2016.06.13	01:00:00	1.37318	1.37427	1.37030	1.37161	2721	2914150000	41
2016.06.13	02:00:00	1.37164	1.37181	1.36574	1.36847	3688	3661850000	38
2016.06.13	03:00:00	1.36845	1.37140	1.36841	1.37053	3319	3410450000	33
2016.06.13	04:00:00	1.37055	1.37134	1.36719	1.36787	4643	4764000000	38
2016.06.13	05:00:00	1.36787	1.36974	1.36777	1.36899	4064	4172000000	33
2016.06.13	06:00:00	1.36900	1.37000	1.36782	1.36919	3570	3713900000	37
2016.06.13	07:00:00	1.36928	1.36928	1.36703	1.36834	3664	3880200000	33
2016.06.13	08:00:00	1.36834	1.36998	1.36750	1.36917	4419	4479600000	35
2016.06.13	09:00:00	1.36919	1.37060	1.36566	1.36572	7887	7540967000	34
2016.06.13	10:00:00	1.36578	1.36944	1.36578	1.36756	10972	11449600000	33
2016.06.13	11:00:00	1.36755	1.36986	1.36410	1.36516	9331	9893000000	33
2016.06.13	12:00:00	1.36516	1.36728	1.36138	1.36645	10048	10276400000	33
2016.06.13	13:00:00	1.36647	1.36891	1.36504	1.36715	8743	8832850000	33
2016.06.13	14:00:00	1.36717	1.37034	1.36644	1.36942	8209	8293699000	33
2016.06.13	15:00:00	1.36942	1.37121	1.36827	1.36883	8107	8502100000	33
2016.06.13	16:00:00	1.36883	1.37913	1.36779	1.37836	12842	12744197000	33
2016.06.13	17:00:00	1.37846	1.38216	1.37708	1.37961	14226	13217802000	33
2016.06.13	18:00:00	1.37958	1.37995	1.37208	1.37398	11787	11586150000	33
2016.06.13	19:00:00	1.37394	1.38272	1.37118	1.37299	8867	9389308000	33
2016.06.13	20:00:00	1.37298	1.37317	1.36972	1.36988	4093	4552200000	33
2016.06.13	21:00:00	1.36986	1.37179	1.36926	1.37143	3329	3645850000	33
2016.06.13	22:00:00	1.37145	1.37184	1.37093	1.37101	2911	2730950000	33
2016.06.13	23:00:00	1.37101	1.37669	1.37096	1.37588	2475	2595650000	36
2016.06.14	00:00:00	1.37518	1.37594	1.35778	1.36977	88237	1915800000	0
2016.06.14	01:00:00	1.36981	1.37032	1.36654	1.36671	3553	3653195000	35
2016.06.14	02:00:00	1.36671	1.36789	1.36664	1.36728	1612	1358650000	45
2016.06.14	03:00:00	1.36724	1.36946	1.36724	1.36868	2779	2867000000	38
2016.06.14	04:00:00	1.36868	1.36870	1.36742	1.36765	2647	2953900000	38
2016.06.14	05:00:00	1.36767	1.36777	1.36565	1.36598	2759	2828650000	39
2016.06.14	06:00:00	1.36608	1.36735	1.36593	1.36694	2138	2159400000	35
2016.06.14	07:00:00	1.36696	1.36743	1.36632	1.36699	2188	2228050000	39
2016.06.14	08:00:00	1.36695	1.36745	1.36455	1.36528	3185	3097400000	33
2016.06.14	09:00:00	1.36530	1.36650	1.36379	1.36517	7752	7957900000	33
2016.06.14	10:00:00	1.36510	1.36510	1.35982	1.36191	12126	12142000000	33
2016.06.14	11:00:00	1.36192	1.36725	1.36174	1.36380	10456	10660500000	33
2016.06.14	12:00:00	1.36382	1.36762	1.36380	1.36634	9979	10108450000	33
2016.06.14	13:00:00	1.36629	1.37027	1.36579	1.36789	9386	9725550000	33
2016.06.14	14:00:00	1.36789	1.36851	1.36195	1.36336	8037	8820429000	33
2016.06.14	15:00:00	1.36333	1.36580	1.36035	1.36569	10324	10030200000	33
2016.06.14	16:00:00	1.36569	1.36813	1.36340	1.36440	11734	11388550000	33
2016.06.14	17:00:00	1.36440	1.36543	1.35940	1.35945	13107	11814200000	33
2016.06.14	18:00:00	1.35942	1.36255	1.35788	1.36130	9498	10035809000	33
2016.06.14	19:00:00	1.36132	1.36323	1.36065	1.36262	5294	5757250000	33
2016.06.14	20:00:00	1.36259	1.36263	1.35912	1.35970	4696	4515000000	33
2016.06.14	21:00:00	1.35968	1.35981	1.35812	1.35837	4220	4427900000	33
2016.06.14	22:00:00	1.35839	1.35954	1.35807	1.35908	4195	4248250000	35
2016.06.14	23:00:00	1.35905	1.35988	1.35866	1.35912	3291	3241650000	40
2016.06.15	00:00:00	1.35917	1.37264	1.35688	1.35897	78624	1702150000	0
2016.06.15	01:00:00	1.35895	1.35973	1.35877	1.35911	1618	1376600000	41
2016.06.15	02:00:00	1.35911	1.36049	1.35863	1.36033	1592	1886650000	42
2016.06.15	03:00:00	1.36030	1.36103	1.35917	1.36050	2476	2595700000	38
2016.06.15	04:00:00	1.36051	1.36226	1.35999	1.36187	2828	2819000000	41
2016.06.15	05:00:00	1.36191	1.36272	1.36118	1.36244	2290	2427250000	44
2016.06.15	06:00:00	1.36243	1.36281	1.36203	1.36243	1743	1940650000	35
2016.06.15	07:00:00	1.36245	1.36347	1.36207	1.36257	1927	2102200000	37
2016.06.15	08:00:00	1.36256	1.36482	1.36251	1.36457	2303	2109950000	37
2016.06.15	09:00:00	1.36457	1.36762	1.36425	1.36522	6678	6696250000	33
2016.06.15	10:00:00	1.36523	1.36965	1.36464	1.36838	9951	8821995000	33
2016.06.15	11:00:00	1.36840	1.37277	1.36783	1.37014	9603	9772050000	33
2016.06.15	12:00:00	1.37014	1.37114	1.36878	1.37030	7126	7448200000	33
2016.06.15	13:00:00	1.37030	1.37119	1.36819	1.36869	7828	8327050000	33
2016.06.15	14:00:00	1.36867	1.36897	1.36548	1.36741	7462	8088600000	33
2016.06.15	15:00:00	1.36735	1.36778	1.36324	1.36487	7311	8158200000	33
2016.06.15	16:00:00	1.36487	1.36706	1.36428	1.36606	9584	11108863000	33
2016.06.15	17:00:00	1.36607	1.36628	1.36266	1.36580	10663	10573550000	33
2016.06.15	18:00:00	1.36580	1.36803	1.36490	1.36799	7801	7786849000	33
2016.06.15	19:00:00	1.36798	1.36891	1.36673	1.36753	5703	6256184000	33
2016.06.15	20:00:00	1.36757	1.36765	1.36170	1.36239	4889	4971750000	33
2016.06.15	21:00:00	1.36263	1.36364	1.35991	1.36221	12975	13421150000	33
2016.06.15	22:00:00	1.36220	1.36536	1.36207	1.36505	6419	6336750000	33
2016.06.15	23:00:00	1.36505	1.36674	1.36444	1.36538	3793	3808650000	39
2016.06.16	00:00:00	1.36511	1.37525	1.35208	1.36479	100282	1129600000	0
2016.06.16	01:00:00	1.36456	1.36527	1.36365	1.36395	2202	2319850000	37
2016.06.16	02:00:00	1.36389	1.36435	1.36360	1.36391	1519	1439750000	42
2016.06.16	03:00:00	1.36392	1.36418	1.36324	1.36358	1960	2062000000	44
2016.06.16	04:00:00	1.36356	1.36438	1.36295	1.36344	2600	2722300000	39
2016.06.16	05:00:00	1.36344	1.36356	1.36118	1.36250	4622	4675550000	41
2016.06.16	06:00:00	1.36252	1.36254	1.36077	1.36142	4257	4305500000	40
2016.06.16	07:00:00	1.36143	1.36181	1.35862	1.35921	3763	3926950000	44
2016.06.16	08:00:00	1.35921	1.35945	1.35676	1.35827	4416	4657350000	41
2016.06.16	09:00:00	1.35826	1.35907	1.35237	1.35476	8610	9179900000	33
2016.06.16	10:00:00	1.35476	1.36416	1.35419	1.35942	10643	10513550000	33
2016.06.16	11:00:00	1.35940	1.36326	1.35755	1.36172	9601	9346450000	33
2016.06.16	12:00:00	1.36172	1.36343	1.36008	1.36226	6611	6378050000	33
2016.06.16	13:00:00	1.36218	1.36491	1.36207	1.36339	7808	7638148000	34
2016.06.16	14:00:00	1.36343	1.36862	1.36262	1.36786	9618	9530900000	33
2016.06.16	15:00:00	1.36784	1.36866	1.36614	1.36635	8969	8808800000	33
2016.06.16	16:00:00	1.36636	1.36665	1.36173	1.36217	10628	10626250000	33
2016.06.16	17:00:00	1.36214	1.36294	1.35654	1.36004	13492	12646800000	33
2016.06.16	18:00:00	1.36006	1.36244	1.35872	1.35987	11551	11224900000	35
2016.06.16	19:00:00	1.35987	1.37275	1.35964	1.37043	12004	12478662000	33
2016.06.16	20:00:00	1.37044	1.37527	1.36957	1.37214	9551	9837000000	33
2016.06.16	21:00:00	1.37214	1.37435	1.36960	1.36968	7079	7345150000	34
2016.06.16	22:00:00	1.36972	1.37093	1.36933	1.36946	4494	4763950000	40
2016.06.16	23:00:00	1.36946	1.37078	1.36937	1.37031	2495	2612700000	39
2016.06.17	00:00:00	1.37029	1.37962	1.36894	1.37076	86880	1264597000	62
2016.06.17	01:00:00	1.37098	1.37197	1.36959	1.37186	2297	2154700000	48
2016.06.17	02:00:00	1.37185	1.37959	1.37168	1.37874	3931	4092500000	38
2016.06.17	03:00:00	1.37872	1.37888	1.37490	1.37658	4897	4816200000	33
2016.06.17	04:00:00	1.37658	1.37794	1.37503	1.37542	4027	4110300000	0
2016.06.17	05:00:00	1.37543	1.37613	1.37392	1.37421	2403	2505500000	39
2016.06.17	06:00:00	1.37421	1.37547	1.37352	1.37440	2355	2522650000	42
2016.06.17	07:00:00	1.37440	1.37460	1.37153	1.37330	3149	3346400000	39
2016.06.17	08:00:00	1.37327	1.37585	1.37211	1.37445	3719	3860500000	36
2016.06.17	09:00:00	1.37446	1.37482	1.37066	1.37238	7252	7020650000	34
2016.06.17	10:00:00	1.37239	1.37740	1.37084	1.37499	10267	10302950000	33
2016.06.17	11:00:00	1.37501	1.37731	1.37258	1.37562	9434	9514200000	33
2016.06.17	12:00:00	1.37562	1.37774	1.37248	1.37343	7979	8261150000	33
2016.06.17	13:00:00	1.37342	1.37374	1.37000	1.37142	6007	6348700000	33
2016.06.17	14:00:00	1.37145	1.37536	1.37054	1.37437	8564	8957500000	33
2016.06.17	15:00:00	1.37430	1.37482	1.37212	1.37307	7861	7626700000	33
2016.06.17	16:00:00	1.37309	1.37632	1.37278	1.37348	9525	9237750000	33
2016.06.17	17:00:00	1.37347	1.37582	1.37246	1.37387	11551	10528650000	33
2016.06.17	18:00:00	1.37387	1.37442	1.37087	1.37234	8994	9016441000	33
2016.06.17	19:00:00	1.37236	1.37573	1.37215	1.37367	5324	4955700000	33
2016.06.17	20:00:00	1.37366	1.37633	1.37272	1.37613	4862	4608550000	37
2016.06.17	21:00:00	1.37613	1.37970	1.37560	1.37886	5368	5337550000	35
2016.06.17	22:00:00	1.37886	1.37888	1.37735	1.37831	3449	3630750000	42
2016.06.17	23:00:00	1.37828	1.37847	1.37619	1.37697	1686	1369500000	40
2016.06.20	00:00:00	1.39028	1.41578	1.38801	1.39085	92445	789253000	97
2016.06.20	01:00:00	1.39101	1.39461	1.39026	1.39317	5113	6659924000	33
2016.06.20	02:00:00	1.39345	1.40225	1.39143	1.39933	6097	5399998000	37
2016.06.20	03:00:00	1.39931	1.40033	1.39404	1.39788	6438	6338700000	39
2016.06.20	04:00:00	1.39788	1.39788	1.39630	1.39637	4106	4076650000	40
2016.06.20	05:00:00	1.39637	1.39961	1.39622	1.39843	3474	3294700000	39
2016.06.20	06:00:00	1.39844	1.40101	1.39703	1.39980	4288	4438200000	44
2016.06.20	07:00:00	1.39980	1.40045	1.39739	1.39753	2880	3050550000	43
2016.06.20	08:00:00	1.39755	1.39864	1.39545	1.39584	3243	3220150000	44
2016.06.20	09:00:00	1.39584	1.39958	1.39528	1.39714	8415	8120300000	33
2016.06.20	10:00:00	1.39714	1.39944	1.39560	1.39763	10111	10003000000	33
2016.06.20	11:00:00	1.39765	1.40651	1.39761	1.40584	10831	10973902000	33
2016.06.20	12:00:00	1.40584	1.40592	1.40076	1.40423	8142	7927600000	35
2016.06.20	13:00:00	1.40423	1.40625	1.40072	1.40336	7938	7827870000	33
2016.06.20	14:00:00	1.40334	1.40701	1.40305	1.40544	7293	7312050000	33
2016.06.20	15:00:00	1.40546	1.40772	1.40239	1.40419	8676	7425650000	33
2016.06.20	16:00:00	1.40419	1.40577	1.40279	1.40541	10352	9624250000	34
2016.06.20	17:00:00	1.40539	1.40976	1.40492	1.40962	10697	10282900000	33
2016.06.20	18:00:00	1.40960	1.41380	1.40942	1.41211	10112	9797600000	33
2016.06.20	19:00:00	1.41213	1.41347	1.41012	1.41136	4977	5087650000	33
2016.06.20	20:00:00	1.41134	1.41284	1.40304	1.41213	7338	7554100000	33
2016.06.20	21:00:00	1.41222	1.41394	1.41138	1.41387	5108	5229400000	34
2016.06.20	22:00:00	1.41384	1.41427	1.41312	1.41341	4316	3666700000	39
2016.06.20	23:00:00	1.41341	1.41577	1.40988	1.41166	4131	4155038000	40
2016.06.21	00:00:00	1.41397	1.41802	1.40505	1.41094	90885	2603200000	90
2016.06.21	01:00:00	1.41089	1.41345	1.41013	1.41120	4227	4214250000	46
2016.06.21	02:00:00	1.41123	1.41195	1.40998	1.41122	1778	1819750000	39
2016.06.21	03:00:00	1.41119	1.41139	1.40747	1.40844	3152	3128900000	39
2016.06.21	04:00:00	1.40845	1.40996	1.40724	1.40985	3668	3833000000	43
2016.06.21	05:00:00	1.40985	1.41017	1.40818	1.40931	3192	3364250000	38
2016.06.21	06:00:00	1.40926	1.41060	1.40820	1.40828	3126	3466250000	42
2016.06.21	07:00:00	1.40828	1.40921	1.40784	1.40843	2187	2441750000	47
2016.06.21	08:00:00	1.40842	1.41524	1.40774	1.41242	5401	5137050000	40
2016.06.21	09:00:00	1.41248	1.41406	1.41103	1.41193	5825	5233700000	33
2016.06.21	10:00:00	1.41192	1.41540	1.41171	1.41227	9429	9270450000	33
2016.06.21	11:00:00	1.41228	1.41642	1.41214	1.41602	8225	8040250000	33
2016.06.21	12:00:00	1.41604	1.41809	1.41449	1.41487	7426	7510100000	33
2016.06.21	13:00:00	1.41484	1.41604	1.41134	1.41408	7064	6286050000	33
2016.06.21	14:00:00	1.41407	1.41414	1.41083	1.41263	7063	6634150000	33
2016.06.21	15:00:00	1.41263	1.41440	1.40818	1.41165	11585	10556000000	33
2016.06.21	16:00:00	1.41168	1.41503	1.40930	1.41029	13325	11776700000	34
2016.06.21	17:00:00	1.41031	1.41350	1.40536	1.40582	13032	9945750000	33
2016.06.21	18:00:00	1.40582	1.40886	1.40519	1.40723	9156	7939550000	34
2016.06.21	19:00:00	1.40722	1.40966	1.40645	1.40918	4234	3808550000	37
2016.06.21	20:00:00	1.40906	1.41080	1.40842	1.41060	4899	4483350000	43
2016.06.21	21:00:00	1.41060	1.41156	1.40893	1.40970	4994	4812950000	41
2016.06.21	22:00:00	1.40951	1.41000	1.40580	1.40684	4782	4576300000	42
2016.06.21	23:00:00	1.40684	1.41018	1.40561	1.40956	2706	2738800000	44
2016.06.22	00:00:00	1.40957	1.41374	1.40349	1.41035	83420	1942300000	57
2016.06.22	01:00:00	1.41048	1.41091	1.40989	1.41008	2810	2880000000	44
2016.06.22	02:00:00	1.41008	1.41161	1.40995	1.41064	1599	1567250000	33
2016.06.22	03:00:00	1.41067	1.41253	1.41041	1.41094	2873	2844250000	37
2016.06.22	04:00:00	1.41085	1.41264	1.41065	1.41139	3135	3155050000	43
2016.06.22	05:00:00	1.41139	1.41167	1.40835	1.40930	3260	3072250000	46
2016.06.22	06:00:00	1.40943	1.41152	1.40847	1.41130	2549	2411450000	38
2016.06.22	07:00:00	1.41133	1.41252	1.41067	1.41229	2502	2343300000	40
2016.06.22	08:00:00	1.41229	1.41269	1.41082	1.41262	2566	2296600000	40
2016.06.22	09:00:00	1.41260	1.41383	1.40981	1.41040	4502	4004200000	33
2016.06.22	10:00:00	1.41035	1.41238	1.40675	1.40685	8141	7664350000	36
2016.06.22	11:00:00	1.40689	1.40808	1.40529	1.40560	7668	7633900000	37
2016.06.22	12:00:00	1.40566	1.40804	1.40513	1.40790	7408	7516350000	33
2016.06.22	13:00:00	1.40790	1.40848	1.40481	1.40643	7604	7133545000	35
2016.06.22	14:00:00	1.40643	1.40984	1.40549	1.40955	6621	6646750000	33
2016.06.22	15:00:00	1.40959	1.41302	1.40811	1.41133	8118	7504600000	33
2016.06.22	16:00:00	1.41133	1.41145	1.40726	1.40823	10235	9309200000	33
2016.06.22	17:00:00	1.40860	1.41120	1.40646	1.40923	13178	11594850000	33
2016.06.22	18:00:00	1.40921	1.41196	1.40589	1.40673	11243	9527400000	33
2016.06.22	19:00:00	1.40666	1.40916	1.40519	1.40897	6019	5666700000	33
2016.06.22	20:00:00	1.40896	1.40905	1.40361	1.40520	7447	7153500000	33
2016.06.22	21:00:00	1.40523	1.40835	1.40485	1.40774	5253	5287750000	33
2016.06.22	22:00:00	1.40772	1.40969	1.40662	1.40919	4853	4878350000	39
2016.06.22	23:00:00	1.40919	1.41225	1.40751	1.40751	3259	2754350000	38
2016.06.23	00:00:00	1.40965	1.42949	1.40920	1.41859	95367	3722000000	59
2016.06.23	01:00:00	1.41867	1.41986	1.41631	1.41880	5217	5435750000	50
2016.06.23	02:00:00	1.41880	1.42123	1.41764	1.41886	2421	2459000000	33
2016.06.23	03:00:00	1.41887	1.42107	1.41868	1.42105	2576	2640500000	37
2016.06.23	04:00:00	1.42094	1.42179	1.42024	1.42072	3326	3518800000	46
2016.06.23	05:00:00	1.42076	1.42078	1.41838	1.41913	3204	3482600000	44
2016.06.23	06:00:00	1.41910	1.41932	1.41813	1.41858	2445	2459700000	43
2016.06.23	07:00:00	1.41858	1.41884	1.41781	1.41822	1899	1918400000	41
2016.06.23	08:00:00	1.41822	1.41909	1.41692	1.41728	2841	2933400000	35
2016.06.23	09:00:00	1.41724	1.41757	1.41169	1.41302	8334	8123350000	33
2016.06.23	10:00:00	1.41316	1.41653	1.41153	1.41198	8889	9275550000	39
2016.06.23	11:00:00	1.41198	1.41573	1.41125	1.41218	8043	8189300000	35
2016.06.23	12:00:00	1.41216	1.42070	1.41193	1.41460	12076	12163100000	33
2016.06.23	13:00:00	1.41462	1.42840	1.41455	1.42218	13436	13339750000	33
2016.06.23	14:00:00	1.42213	1.42423	1.41846	1.41920	9412	9375550000	33
2016.06.23	15:00:00	1.41915	1.42726	1.41906	1.42682	10455	10412300000	33
2016.06.23	16:00:00	1.42685	1.42688	1.41450	1.41583	12427	11342750000	33
2016.06.23	17:00:00	1.41584	1.41801	1.40936	1.41571	13067	13251500000	33
2016.06.23	18:00:00	1.41566	1.41958	1.41387	1.41572	10497	10684450000	33
2016.06.23	19:00:00	1.41576	1.42090	1.41532	1.42009	6214	5705500000	33
2016.06.23	20:00:00	1.42009	1.42184	1.41857	1.41919	4365	4583100000	39
2016.06.23	21:00:00	1.41919	1.41924	1.41567	1.41756	4854	4771700000	35
2016.06.23	22:00:00	1.41763	1.42726	1.41682	1.42572	5625	6018491000	33
2016.06.23	23:00:00	1.42564	1.42938	1.41840	1.41840	6394	5302940000	38
2016.06.24	00:00:00	1.42154	1.44720	1.28344	1.44509	169527	5164220000	0
2016.06.24	01:00:00	1.44467	1.44566	1.43162	1.43184	7636	5922019000	36
2016.06.24	02:00:00	1.43184	1.43219	1.37382	1.39965	12959	8917357000	33
2016.06.24	03:00:00	1.39965	1.40617	1.38994	1.39618	8910	7300564000	33
2016.06.24	04:00:00	1.39537	1.40494	1.35031	1.38801	14444	10855481000	33
2016.06.24	05:00:00	1.38793	1.39622	1.31238	1.31901	16764	12737003000	33
2016.06.24	06:00:00	1.31894	1.32865	1.30100	1.31078	13173	10746940000	33
2016.06.24	07:00:00	1.31117	1.31643	1.28564	1.30015	10685	8546040000	33
2016.06.24	08:00:00	1.30015	1.33343	1.29610	1.33168	9215	7589580000	33
2016.06.24	09:00:00	1.33178	1.34120	1.31920	1.32718	12343	11358570000	33
2016.06.24	10:00:00	1.32735	1.34667	1.31848	1.34183	13814	12884320000	33
2016.06.24	11:00:00	1.34125	1.36274	1.33839	1.35602	11379	10476980000	33
2016.06.24	12:00:00	1.35611	1.35703	1.35108	1.35469	8540	8664538000	34
2016.06.24	13:00:00	1.35476	1.35661	1.33212	1.33758	11496	11782300000	33
2016.06.24	14:00:00	1.33748	1.34031	1.33238	1.33453	9095	9542150000	33
2016.06.24	15:00:00	1.33452	1.34432	1.33228	1.33485	12464	13014364000	33
2016.06.24	16:00:00	1.33485	1.34534	1.32911	1.34351	15389	13465249000	33
2016.06.24	17:00:00	1.34357	1.34523	1.31752	1.31758	14680	14276349000	33
2016.06.24	18:00:00	1.31758	1.32369	1.31220	1.32283	13271	13067005000	33
2016.06.24	19:00:00	1.32283	1.33839	1.31888	1.33499	11205	10036050000	33
2016.06.24	20:00:00	1.33498	1.33823	1.32858	1.33614	8042	8067800000	36
2016.06.24	21:00:00	1.33613	1.33764	1.32575	1.32625	6336	6553800000	33
2016.06.24	22:00:00	1.32625	1.32967	1.31852	1.32735	5041	5487950000	33
2016.06.24	23:00:00	1.32757	1.33230	1.31932	1.32550	3606	2696650000	73
2016.06.27	00:00:00	1.30916	1.31207	1.28474	1.30423	122388	1858160000	83
2016.06.27	01:00:00	1.30449	1.31129	1.30286	1.30748	8438	6908290000	60
2016.06.27	02:00:00	1.30750	1.31136	1.30195	1.30750	6776	5159790000	49
2016.06.27	03:00:00	1.30750	1.31017	1.30279	1.30445	6729	5615920000	41
2016.06.27	04:00:00	1.30450	1.30586	1.30088	1.30494	6365	6241100000	33
2016.06.27	05:00:00	1.30494	1.30636	1.30299	1.30530	3754	3748600000	48
2016.06.27	06:00:00	1.30532	1.30590	1.30322	1.30457	4237	4105450000	34
2016.06.27	07:00:00	1.30457	1.30716	1.30342	1.30642	4133	4089950000	41
2016.06.27	08:00:00	1.30644	1.30690	1.30402	1.30588	4490	4675750000	39
2016.06.27	09:00:00	1.30588	1.30940	1.30409	1.30846	9491	9085850000	33
2016.06.27	10:00:00	1.30839	1.31172	1.30082	1.30382	11868	11268900000	33
2016.06.27	11:00:00	1.30379	1.30788	1.29665	1.29671	12505	10938550000	33
2016.06.27	12:00:00	1.29666	1.29843	1.28770	1.29348	13442	12877450000	33
2016.06.27	13:00:00	1.29347	1.29478	1.28684	1.28780	11977	11718350000	33
2016.06.27	14:00:00	1.28780	1.29090	1.28515	1.28532	10801	10332750000	33
2016.06.27	15:00:00	1.28529	1.29015	1.28477	1.28905	12036	12368150000	33
2016.06.27	16:00:00	1.28905	1.29415	1.28680	1.29199	13594	13057800000	33
2016.06.27	17:00:00	1.29210	1.29581	1.28585	1.29032	13028	12649650000	33
2016.06.27	18:00:00	1.29057	1.29561	1.28842	1.29332	11754	11408050000	33
2016.06.27	19:00:00	1.29330	1.29458	1.28753	1.29133	9499	9141380000	33
2016.06.27	20:00:00	1.29133	1.29382	1.28564	1.28718	7592	6731949000	33
2016.06.27	21:00:00	1.28718	1.29148	1.28630	1.28939	7227	7103300000	33
2016.06.27	22:00:00	1.28923	1.29364	1.28890	1.29284	6098	5838300000	33
2016.06.27	23:00:00	1.29279	1.29422	1.28988	1.29365	3715	3365350000	35
2016.06.28	00:00:00	1.29372	1.31349	1.29095	1.29220	96608	1092600000	0
2016.06.28	01:00:00	1.29238	1.29443	1.29215	1.29354	3481	3626300000	51
2016.06.28	02:00:00	1.29354	1.29568	1.29310	1.29399	1997	2109750000	47
2016.06.28	03:00:00	1.29402	1.29488	1.29332	1.29374	2104	2196300000	47
2016.06.28	04:00:00	1.29373	1.30139	1.29295	1.29936	4840	4877550000	36
2016.06.28	05:00:00	1.29936	1.30273	1.29801	1.30137	4292	4533200000	45
2016.06.28	06:00:00	1.30136	1.30158	1.29982	1.30002	2797	2832300000	34
2016.06.28	07:00:00	1.30000	1.30142	1.29835	1.29872	2742	2850950000	35
2016.06.28	08:00:00	1.29878	1.30210	1.29808	1.29813	3242	3392500000	40
2016.06.28	09:00:00	1.29809	1.30135	1.29516	1.30019	7344	7981787000	33
2016.06.28	10:00:00	1.30014	1.30651	1.29781	1.30516	11991	11209700000	33
2016.06.28	11:00:00	1.30518	1.30822	1.30283	1.30392	9475	11121533000	33
2016.06.28	12:00:00	1.30392	1.30559	1.30210	1.30541	7839	9499750000	33
2016.06.28	13:00:00	1.30534	1.30653	1.30243	1.30532	8620	9127898000	33
2016.06.28	14:00:00	1.30528	1.30676	1.30334	1.30647	7062	7322200000	33
2016.06.28	15:00:00	1.30644	1.31368	1.30629	1.31227	10591	11033918000	33
2016.06.28	16:00:00	1.31227	1.31277	1.30788	1.30908	10823	10169799000	33
2016.06.28	17:00:00	1.30914	1.31040	1.30297	1.30573	11249	10916862000	33
2016.06.28	18:00:00	1.30573	1.30838	1.30241	1.30418	10888	9791842000	33
2016.06.28	19:00:00	1.30418	1.30924	1.30362	1.30733	6640	5613650000	33
2016.06.28	20:00:00	1.30730	1.31074	1.30725	1.31008	5369	4625050000	35
2016.06.28	21:00:00	1.31008	1.31259	1.30882	1.31135	5195	5223350000	35
2016.06.28	22:00:00	1.31135	1.31199	1.30875	1.30948	5115	4480400000	34
2016.06.28	23:00:00	1.30949	1.31014	1.30773	1.30940	3385	2996850000	41
2016.06.29	00:00:00	1.30953	1.32563	1.30286	1.30580	98569	723050000	0
2016.06.29	01:00:00	1.30597	1.31116	1.30597	1.30940	4025	4153600000	48
2016.06.29	02:00:00	1.30940	1.30940	1.30743	1.30904	1415	1363450000	48
2016.06.29	03:00:00	1.30912	1.30917	1.30325	1.30363	2698	2704650000	41
2016.06.29	04:00:00	1.30362	1.30663	1.30292	1.30619	3614	3609600000	33
2016.06.29	05:00:00	1.30619	1.30654	1.30486	1.30561	2211	2209150000	47
2016.06.29	06:00:00	1.30561	1.30623	1.30467	1.30556	2063	2118800000	45
2016.06.29	07:00:00	1.30557	1.30683	1.30534	1.30676	1527	1607700000	37
2016.06.29	08:00:00	1.30676	1.30821	1.30391	1.30463	3072	2982500000	43
2016.06.29	09:00:00	1.30463	1.31140	1.30393	1.30964	6232	5885050000	33
2016.06.29	10:00:00	1.30959	1.31384	1.30806	1.31290	10861	10798100000	33
2016.06.29	11:00:00	1.31288	1.31544	1.31007	1.31234	9477	9368143000	33
2016.06.29	12:00:00	1.31237	1.31435	1.31040	1.31156	8968	9604200000	33
2016.06.29	13:00:00	1.31152	1.31568	1.31102	1.31539	8911	9226350000	33
2016.06.29	14:00:00	1.31542	1.31876	1.31455	1.31593	8565	8257650000	33
2016.06.29	15:00:00	1.31595	1.32160	1.31397	1.32085	10560	10227150000	33
2016.06.29	16:00:00	1.32081	1.32317	1.31906	1.32258	13201	11623803000	33
2016.06.29	17:00:00	1.32257	1.32553	1.32139	1.32450	12537	12177100000	33
2016.06.29	18:00:00	1.32444	1.32576	1.32197	1.32298	10521	9159164000	33
2016.06.29	19:00:00	1.32297	1.32302	1.31951	1.31998	7164	5821800000	33
2016.06.29	20:00:00	1.31998	1.32172	1.31488	1.31620	7562	6403600000	33
2016.06.29	21:00:00	1.31621	1.31654	1.31462	1.31610	4564	4609550000	33
2016.06.29	22:00:00	1.31610	1.31775	1.31558	1.31715	4372	3757814000	33
2016.06.29	23:00:00	1.31708	1.32036	1.31505	1.31544	3406	2706500000	33
2016.06.30	00:00:00	1.31526	1.32002	1.29169	1.31672	103344	459150000	0
2016.06.30	01:00:00	1.31672	1.31889	1.31567	1.31713	3148	2865200000	50
2016.06.30	02:00:00	1.31713	1.31833	1.31642	1.31741	2929	2504700000	46
2016.06.30	03:00:00	1.31744	1.31780	1.31606	1.31674	3139	2791400000	34
2016.06.30	04:00:00	1.31674	1.31697	1.31233	1.31304	3471	3275550000	41
2016.06.30	05:00:00	1.31312	1.31442	1.31269	1.31342	3110	3094500000	35
2016.06.30	06:00:00	1.31342	1.31410	1.31221	1.31403	2963	2575550000	38
2016.06.30	07:00:00	1.31405	1.31415	1.31246	1.31294	2460	2224300000	42
2016.06.30	08:00:00	1.31295	1.31362	1.31155	1.31178	4506	3574250000	42
2016.06.30	09:00:00	1.31174	1.31799	1.30976	1.31709	6404	6745989000	33
2016.06.30	10:00:00	1.31709	1.31996	1.31542	1.31786	10583	9459744000	33
2016.06.30	11:00:00	1.31786	1.32014	1.31630	1.31857	9655	7854848000	33
2016.06.30	12:00:00	1.31858	1.32016	1.31352	1.31382	10215	9673702000	33
2016.06.30	13:00:00	1.31385	1.31668	1.31089	1.31562	8794	8222450000	33
2016.06.30	14:00:00	1.31562	1.31682	1.31139	1.31215	9916	8297700000	33
2016.06.30	15:00:00	1.31215	1.31603	1.31168	1.31511	10781	10555448000	33
2016.06.30	16:00:00	1.31511	1.31517	1.30743	1.30957	12189	11354650000	33
2016.06.30	17:00:00	1.30959	1.30968	1.30431	1.30777	13364	11999200000	33
2016.06.30	18:00:00	1.30780	1.30781	1.29178	1.29655	16488	16113350000	33
2016.06.30	19:00:00	1.29652	1.29763	1.29309	1.29636	12546	12123395000	33
2016.06.30	20:00:00	1.29637	1.29758	1.29330	1.29540	7378	7288750000	33
2016.06.30	21:00:00	1.29540	1.29573	1.29362	1.29556	6397	6595450000	35
2016.06.30	22:00:00	1.29556	1.30002	1.29448	1.29982	6076	6035600000	33
2016.06.30	23:00:00	1.29982	1.30203	1.29836	1.29891	4239	4106800000	34
2016.07.01	00:00:00	1.29760	1.30275	1.28931	1.29674	76203	1326150000	0
2016.07.01	01:00:00	1.29681	1.30097	1.29675	1.30020	3006	2714850000	41
2016.07.01	02:00:00	1.30010	1.30293	1.30009	1.30123	3144	2374400000	41
2016.07.01	03:00:00	1.30123	1.30278	1.30098	1.30153	2932	2809050000	37
2016.07.01	04:00:00	1.30153	1.30254	1.30097	1.30136	2187	1874550000	44
2016.07.01	05:00:00	1.30136	1.30247	1.30097	1.30225	1419	1020150000	45
2016.07.01	06:00:00	1.30224	1.30248	1.30133	1.30201	1925	1560900000	39
2016.07.01	07:00:00	1.30199	1.30211	1.30005	1.30163	2744	2145500000	39
2016.07.01	08:00:00	1.30165	1.30168	1.29849	1.29871	2561	2283450000	36
2016.07.01	09:00:00	1.29878	1.29972	1.29622	1.29818	6339	6314850000	33
2016.07.01	10:00:00	1.29821	1.30005	1.29517	1.29702	9065	9739700000	33
2016.07.01	11:00:00	1.29705	1.29977	1.29604	1.29718	8712	9303616000	33
2016.07.01	12:00:00	1.29718	1.29852	1.29637	1.29765	7181	6893000000	33
2016.07.01	13:00:00	1.29765	1.29806	1.29114	1.29377	7117	7057550000	33
2016.07.01	14:00:00	1.29377	1.29580	1.29229	1.29342	6422	5811350000	33
2016.07.01	15:00:00	1.29339	1.29490	1.29134	1.29408	7882	7277450000	33
2016.07.01	16:00:00	1.29408	1.29802	1.29320	1.29664	9924	9970950000	33
2016.07.01	17:00:00	1.29762	1.29785	1.29101	1.29233	11967	11441050000	33
2016.07.01	18:00:00	1.29226	1.29286	1.28947	1.29206	9200	8655900000	33
2016.07.01	19:00:00	1.29202	1.29358	1.28983	1.29307	6636	5883050000	33
2016.07.01	20:00:00	1.29306	1.29371	1.29009	1.29158	5107	4368971000	33
2016.07.01	21:00:00	1.29157	1.29302	1.29144	1.29231	3486	2148300000	36
2016.07.01	22:00:00	1.29231	1.29377	1.29208	1.29281	3162	2191250000	33
2016.07.01	23:00:00	1.29284	1.29333	1.28942	1.28984	1912	1714050000	41
2016.07.04	00:00:00	1.28965	1.29593	1.28664	1.29234	43327	831650000	123
2016.07.04	01:00:00	1.29234	1.29481	1.29183	1.29445	2971	3033250000	37
2016.07.04	02:00:00	1.29430	1.29528	1.29407	1.29421	1646	1628800000	49
2016.07.04	03:00:00	1.29427	1.29444	1.29285	1.29285	1869	1788900000	39
2016.07.04	04:00:00	1.29285	1.29362	1.29200	1.29358	2319	2231800000	45
2016.07.04	05:00:00	1.29358	1.29478	1.29315	1.29429	2725	2569450000	41
2016.07.04	06:00:00	1.29428	1.29460	1.29227	1.29286	1681	1226950000	36
2016.07.04	07:00:00	1.29291	1.29355	1.29255	1.29315	1571	1283150000	39
2016.07.04	08:00:00	1.29313	1.29414	1.29267	1.29284	3374	2689900000	38
2016.07.04	09:00:00	1.29286	1.29467	1.29200	1.29298	4542	4800000000	33
2016.07.04	10:00:00	1.29295	1.29548	1.29281	1.29346	7526	7666800000	33
2016.07.04	11:00:00	1.29326	1.29586	1.29160	1.29247	8156	7922700000	34
2016.07.04	12:00:00	1.29245	1.29513	1.29212	1.29401	6508	6215950000	33
2016.07.04	13:00:00	1.29402	1.29524	1.29054	1.29130	5984	5599900000	33
2016.07.04	14:00:00	1.29131	1.29310	1.28960	1.29163	5317	5108500000	33
2016.07.04	15:00:00	1.29163	1.29215	1.29004	1.29076	5142	4616100000	33
2016.07.04	16:00:00	1.29075	1.29113	1.28916	1.28978	6221	5247150000	33
2016.07.04	17:00:00	1.28978	1.29174	1.28840	1.29042	6074	5840650000	33
2016.07.04	18:00:00	1.29055	1.29593	1.29008	1.29155	6583	6292402000	33
2016.07.04	19:00:00	1.29154	1.29165	1.28930	1.29073	4001	4341681000	33
2016.07.04	20:00:00	1.29067	1.29191	1.28979	1.28979	4891	5140700000	33
2016.07.04	21:00:00	1.28976	1.29044	1.28949	1.29020	2657	2791100000	44
2016.07.04	22:00:00	1.29020	1.29037	1.28945	1.28945	1098	1070200000	62
2016.07.04	23:00:00	1.28942	1.28984	1.28912	1.28924	855	653400000	51
2016.07.05	00:00:00	1.28873	1.29050	1.26728	1.28962	71148	750700000	98
2016.07.05	01:00:00	1.28964	1.28981	1.28870	1.28914	2335	1638950000	61
2016.07.05	02:00:00	1.28895	1.28970	1.28870	1.28923	1419	869100000	47
2016.07.05	03:00:00	1.28924	1.28938	1.28786	1.28801	2599	2165650000	33
2016.07.05	04:00:00	1.28804	1.28844	1.28633	1.28688	3273	2797150000	36
2016.07.05	05:00:00	1.28688	1.28796	1.28646	1.28700	2112	2008550000	38
2016.07.05	06:00:00	1.28700	1.28766	1.28666	1.28695	1700	1136950000	44
2016.07.05	07:00:00	1.28695	1.28763	1.28637	1.28713	2144	1714550000	42
2016.07.05	08:00:00	1.28713	1.28785	1.28644	1.28683	2240	1922850000	43
2016.07.05	09:00:00	1.28683	1.28698	1.28019	1.28075	7461	7356500000	33
2016.07.05	10:00:00	1.28075	1.28138	1.27476	1.27584	12380	10807450000	33
2016.07.05	11:00:00	1.27584	1.27861	1.27277	1.27408	10033	9905850000	33
2016.07.05	12:00:00	1.27409	1.27816	1.27403	1.27800	8465	7740750000	33
2016.07.05	13:00:00	1.27800	1.28152	1.27681	1.27865	8905	7913147000	33
2016.07.05	14:00:00	1.27867	1.27961	1.27483	1.27541	8698	7911300000	33
2016.07.05	15:00:00	1.27541	1.27649	1.26924	1.26927	10930	9259568000	33
2016.07.05	16:00:00	1.26921	1.27233	1.26743	1.27156	11173	10396950000	33
2016.07.05	17:00:00	1.27150	1.27293	1.26904	1.27089	10502	10506500000	33
2016.07.05	18:00:00	1.27086	1.27317	1.26992	1.27150	10757	10580550000	33
2016.07.05	19:00:00	1.27151	1.27494	1.26976	1.27403	8153	7997350000	33
2016.07.05	20:00:00	1.27402	1.27444	1.27207	1.27318	4523	3995100000	33
2016.07.05	21:00:00	1.27335	1.27385	1.27138	1.27281	4605	4327550000	33
2016.07.05	22:00:00	1.27284	1.27359	1.27198	1.27295	3436	3233300000	34
2016.07.05	23:00:00	1.27295	1.27366	1.27153	1.27154	2729	2503900000	33
2016.07.06	00:00:00	1.27154	1.27266	1.25119	1.27221	83629	506100000	30
2016.07.06	01:00:00	1.27226	1.27263	1.26861	1.26986	4886	4453450000	42
2016.07.06	02:00:00	1.26980	1.27079	1.26525	1.26606	5255	4482750000	39
2016.07.06	03:00:00	1.26605	1.26765	1.26581	1.26652	3986	3996600000	41
2016.07.06	04:00:00	1.26652	1.26702	1.25893	1.25959	6131	5926750000	33
2016.07.06	05:00:00	1.25952	1.25978	1.25114	1.25929	8018	8088700000	33
2016.07.06	06:00:00	1.25907	1.26217	1.25552	1.26067	5254	5404300000	36
2016.07.06	07:00:00	1.26076	1.26272	1.25930	1.26253	3436	3628700000	33
2016.07.06	08:00:00	1.26254	1.26295	1.25974	1.26184	4753	4500061000	34
2016.07.06	09:00:00	1.26182	1.26553	1.26044	1.26528	7704	6947300000	33
2016.07.06	10:00:00	1.26528	1.27212	1.26474	1.26849	11844	11129800000	33
2016.07.06	11:00:00	1.26849	1.26918	1.26575	1.26787	10706	10367500000	33
2016.07.06	12:00:00	1.26783	1.26935	1.26630	1.26813	9914	10780586000	33
2016.07.06	13:00:00	1.26813	1.27016	1.26493	1.26938	9078	9155250000	33
2016.07.06	14:00:00	1.26932	1.27257	1.26799	1.26928	9324	9557500000	33
2016.07.06	15:00:00	1.26924	1.26979	1.26364	1.26423	9924	9782600000	33
2016.07.06	16:00:00	1.26423	1.26578	1.26124	1.26165	10815	10235600000	33
2016.07.06	17:00:00	1.26158	1.26362	1.25835	1.25954	14188	12936449000	33
2016.07.06	18:00:00	1.25949	1.26349	1.25902	1.26322	10426	10243768000	33
2016.07.06	19:00:00	1.26320	1.26617	1.26276	1.26378	7715	7341550000	33
2016.07.06	20:00:00	1.26384	1.26461	1.25825	1.25942	5866	5532250000	33
2016.07.06	21:00:00	1.25942	1.26067	1.25820	1.25890	6562	6588550000	33
2016.07.06	22:00:00	1.25892	1.26120	1.25869	1.26007	4148	4014750000	35
2016.07.06	23:00:00	1.26008	1.26105	1.25976	1.26016	2597	1862600000	37
2016.07.07	00:00:00	1.26047	1.27445	1.25555	1.26047	69390	405650000	0
2016.07.07	01:00:00	1.26050	1.26093	1.25555	1.25765	3174	3205300000	33
2016.07.07	02:00:00	1.25783	1.26061	1.25620	1.25934	3096	3145350000	37
2016.07.07	03:00:00	1.25936	1.26090	1.25821	1.26080	4515	4331400000	39
2016.07.07	04:00:00	1.26079	1.26244	1.25971	1.26194	4920	4673350000	38
2016.07.07	05:00:00	1.26194	1.26227	1.26113	1.26151	2688	2742650000	38
2016.07.07	06:00:00	1.26149	1.26236	1.26069	1.26204	2398	2454300000	33
2016.07.07	07:00:00	1.26206	1.26614	1.26191	1.26541	4357	4435850000	37
2016.07.07	08:00:00	1.26549	1.26616	1.26400	1.26497	3922	4034200000	42
2016.07.07	09:00:00	1.26496	1.26658	1.26415	1.26504	6207	6225900000	35
2016.07.07	10:00:00	1.26503	1.26875	1.26348	1.26811	8850	8117100000	33
2016.07.07	11:00:00	1.26814	1.27011	1.26750	1.26849	9663	8782237000	33
2016.07.07	12:00:00	1.26849	1.26991	1.26714	1.26950	8510	8532637000	33
2016.07.07	13:00:00	1.26961	1.27363	1.26869	1.27260	8864	8087200000	33
2016.07.07	14:00:00	1.27260	1.27455	1.27032	1.27081	7660	7504050000	33
2016.07.07	15:00:00	1.27081	1.27196	1.26813	1.27026	9890	9431050000	33
2016.07.07	16:00:00	1.27026	1.27103	1.26673	1.26716	10075	9609300000	33
2016.07.07	17:00:00	1.26712	1.26772	1.26287	1.26369	12004	11322250000	33
2016.07.07	18:00:00	1.26362	1.26555	1.26302	1.26407	10059	9028450000	33
2016.07.07	19:00:00	1.26405	1.26410	1.26126	1.26155	7627	8081550000	33
2016.07.07	20:00:00	1.26157	1.26231	1.25967	1.26218	6684	6697150000	33
2016.07.07	21:00:00	1.26215	1.26368	1.26199	1.26241	4835	4839150000	33
2016.07.07	22:00:00	1.26243	1.26330	1.26195	1.26320	3813	3017050000	34
2016.07.07	23:00:00	1.26320	1.26425	1.26199	1.26199	2980	1784400000	34
2016.07.08	00:00:00	1.26270	1.27737	1.25953	1.26359	63882	308800000	96
2016.07.08	01:00:00	1.26373	1.26456	1.26070	1.26104	2787	2315500000	37
2016.07.08	02:00:00	1.26102	1.26448	1.26081	1.26330	2415	2248950000	35
2016.07.08	03:00:00	1.26330	1.26622	1.26308	1.26572	3330	3411550000	40
2016.07.08	04:00:00	1.26573	1.26741	1.26428	1.26720	3347	3318650000	33
2016.07.08	05:00:00	1.26720	1.26720	1.26538	1.26630	2777	2433400000	39
2016.07.08	06:00:00	1.26628	1.26729	1.26546	1.26606	2954	2733700000	38
2016.07.08	07:00:00	1.26606	1.26654	1.26506	1.26531	3040	2879500000	41
2016.07.08	08:00:00	1.26525	1.26741	1.26397	1.26548	3694	3318300000	34
2016.07.08	09:00:00	1.26548	1.26658	1.26440	1.26443	5166	4590450000	33
2016.07.08	10:00:00	1.26443	1.26788	1.26375	1.26691	6770	6633500000	33
2016.07.08	11:00:00	1.26691	1.26720	1.26499	1.26602	6420	6006000000	33
2016.07.08	12:00:00	1.26602	1.26941	1.26586	1.26904	6110	5572350000	33
2016.07.08	13:00:00	1.26905	1.27289	1.26888	1.27229	6764	6316200000	33
2016.07.08	14:00:00	1.27231	1.27333	1.27058	1.27221	6469	6203100000	33
2016.07.08	15:00:00	1.27221	1.27585	1.26933	1.27572	12883	12405500000	33
2016.07.08	16:00:00	1.27569	1.27739	1.26896	1.27370	15367	14673432000	33
2016.07.08	17:00:00	1.27372	1.27474	1.27213	1.27451	10744	9417650000	33
2016.07.08	18:00:00	1.27451	1.27651	1.27206	1.27310	8832	8851950000	33
2016.07.08	19:00:00	1.27308	1.27439	1.27267	1.27358	4294	4413000000	33
2016.07.08	20:00:00	1.27357	1.27384	1.27176	1.27284	3966	4219250000	33
2016.07.08	21:00:00	1.27286	1.27372	1.27236	1.27263	3527	3342705000	33
2016.07.08	22:00:00	1.27261	1.27392	1.27252	1.27336	3396	3412650000	37
2016.07.08	23:00:00	1.27337	1.27406	1.27167	1.27283	2785	1859900000	43
2016.07.11	00:00:00	1.27143	1.28022	1.26457	1.27139	68430	633000000	96
2016.07.11	01:00:00	1.27149	1.27286	1.27123	1.27138	4440	4503700000	43
2016.07.11	02:00:00	1.27136	1.27312	1.27136	1.27232	2274	1908500000	47
2016.07.11	03:00:00	1.27233	1.27257	1.27130	1.27144	3360	3025400000	40
2016.07.11	04:00:00	1.27145	1.27214	1.27001	1.27141	3628	2924450000	37
2016.07.11	05:00:00	1.27138	1.27226	1.27093	1.27147	3208	3036000000	33
2016.07.11	06:00:00	1.27147	1.27289	1.27115	1.27237	2377	2409400000	43
2016.07.11	07:00:00	1.27237	1.27505	1.27221	1.27417	3379	3344300000	42
2016.07.11	08:00:00	1.27416	1.27496	1.27322	1.27356	3160	2955700000	42
2016.07.11	09:00:00	1.27354	1.27603	1.27067	1.27204	8827	7526250000	33
2016.07.11	10:00:00	1.27205	1.27382	1.26948	1.26950	10739	11368847000	33
2016.07.11	11:00:00	1.26950	1.27013	1.26635	1.26649	9391	8668500000	33
2016.07.11	12:00:00	1.26649	1.27044	1.26584	1.26851	8424	7980050000	33
2016.07.11	13:00:00	1.26853	1.27646	1.26467	1.27592	10940	10180700000	33
2016.07.11	14:00:00	1.27591	1.27881	1.27314	1.27684	11341	10620350000	33
2016.07.11	15:00:00	1.27683	1.27721	1.27058	1.27438	9938	9050350000	33
2016.07.11	16:00:00	1.27438	1.27712	1.27310	1.27472	11682	11034560000	33
2016.07.11	17:00:00	1.27474	1.27688	1.27288	1.27658	11066	9981686000	33
2016.07.11	18:00:00	1.27656	1.28048	1.27575	1.27625	10244	9094254000	33
2016.07.11	19:00:00	1.27625	1.27713	1.27359	1.27406	5653	5574450000	33
2016.07.11	20:00:00	1.27406	1.27534	1.27324	1.27499	4270	4372300000	33
2016.07.11	21:00:00	1.27498	1.27805	1.27454	1.27762	4430	4269950000	33
2016.07.11	22:00:00	1.27768	1.27788	1.27659	1.27687	4003	3960550000	35
2016.07.11	23:00:00	1.27687	1.27742	1.27603	1.27730	2675	2211750000	33
2016.07.12	00:00:00	1.27678	1.31128	1.27456	1.27644	89278	1180900000	33
2016.07.12	01:00:00	1.27657	1.27746	1.27573	1.27633	3209	2320500000	38
2016.07.12	02:00:00	1.27632	1.27686	1.27463	1.27573	1801	1763150000	39
2016.07.12	03:00:00	1.27567	1.28188	1.27513	1.28091	4624	4300400000	37
2016.07.12	04:00:00	1.28091	1.28528	1.28053	1.28446	6233	6193900000	33
2016.07.12	05:00:00	1.28447	1.28625	1.28340	1.28498	6280	6391300000	33
2016.07.12	06:00:00	1.28496	1.28561	1.28364	1.28392	3276	3202600000	41
2016.07.12	07:00:00	1.28391	1.28537	1.28298	1.28495	2827	2932750000	37
2016.07.12	08:00:00	1.28495	1.28544	1.28417	1.28438	3139	3117900000	35
2016.07.12	09:00:00	1.28436	1.28598	1.28347	1.28543	7578	7411750000	33
2016.07.12	10:00:00	1.28542	1.28901	1.28486	1.28653	13940	12953806000	33
2016.07.12	11:00:00	1.28653	1.28974	1.28628	1.28955	9976	9467950000	33
2016.07.12	12:00:00	1.28955	1.29376	1.28745	1.29366	10295	9464709000	33
2016.07.12	13:00:00	1.29366	1.29421	1.28953	1.29263	8128	8341500000	33
2016.07.12	14:00:00	1.29263	1.29374	1.29040	1.29351	8931	9031224000	33
2016.07.12	15:00:00	1.29349	1.29479	1.29118	1.29330	9395	10693932000	33
2016.07.12	16:00:00	1.29331	1.29476	1.29167	1.29428	11586	11681750000	33
2016.07.12	17:00:00	1.29428	1.30244	1.29276	1.30147	12032	11681845000	33
2016.07.12	18:00:00	1.30144	1.30778	1.30084	1.30580	12830	12283190000	33
2016.07.12	19:00:00	1.30580	1.31120	1.30580	1.30843	9172	9484456000	33
2016.07.12	20:00:00	1.30843	1.31001	1.30803	1.30986	5827	5547550000	33
2016.07.12	21:00:00	1.30996	1.31108	1.30937	1.31080	4756	4730500000	39
2016.07.12	22:00:00	1.31084	1.31104	1.30904	1.31006	5656	5568400000	34
2016.07.12	23:00:00	1.31005	1.31141	1.30978	1.30979	3310	2684900000	34
2016.07.13	00:00:00	1.30951	1.31809	1.29157	1.30931	82183	1286950000	0
2016.07.13	01:00:00	1.30942	1.31057	1.30884	1.31034	3116	3201300000	47
2016.07.13	02:00:00	1.31035	1.31356	1.31025	1.31236	3659	3306800000	40
2016.07.13	03:00:00	1.31235	1.31480	1.30777	1.31412	5540	5351600000	36
2016.07.13	04:00:00	1.31413	1.31809	1.31157	1.31353	6508	6427150000	33
2016.07.13	05:00:00	1.31351	1.31433	1.30902	1.31298	5512	5603950000	34
2016.07.13	06:00:00	1.31301	1.31636	1.31235	1.31533	4502	4601000000	33
2016.07.13	07:00:00	1.31540	1.31665	1.31274	1.31492	3823	4033024000	33
2016.07.13	08:00:00	1.31488	1.31734	1.31444	1.31535	3589	3826700000	34
2016.07.13	09:00:00	1.31535	1.31579	1.31182	1.31186	7770	7566450000	33
2016.07.13	10:00:00	1.31189	1.31292	1.30942	1.30993	10550	10367880000	33
2016.07.13	11:00:00	1.30993	1.30996	1.30620	1.30855	9213	8776200000	34
2016.07.13	12:00:00	1.30854	1.31002	1.30702	1.30976	9853	9186750000	33
2016.07.13	13:00:00	1.30972	1.30988	1.30652	1.30905	9468	9205300000	33
2016.07.13	14:00:00	1.30905	1.31024	1.30455	1.30761	9104	9023950000	33
2016.07.13	15:00:00	1.30761	1.30848	1.30377	1.30452	8174	8517200000	33
2016.07.13	16:00:00	1.30450	1.30734	1.30253	1.30320	10460	9885200000	33
2016.07.13	17:00:00	1.30318	1.30512	1.29852	1.30034	13318	13014400000	33
2016.07.13	18:00:00	1.30034	1.30221	1.29465	1.29575	10921	10614450000	33
2016.07.13	19:00:00	1.29575	1.29696	1.29307	1.29634	6405	6476056000	33
2016.07.13	20:00:00	1.29634	1.29760	1.29265	1.29345	5807	5848400000	33
2016.07.13	21:00:00	1.29345	1.29461	1.29253	1.29343	4320	3956200000	34
2016.07.13	22:00:00	1.29350	1.29399	1.29173	1.29309	5044	4740611000	33
2016.07.13	23:00:00	1.29309	1.29532	1.29309	1.29530	2732	2518700000	33
2016.07.14	00:00:00	1.29508	1.31613	1.28928	1.29264	88415	804700000	0
2016.07.14	01:00:00	1.29274	1.29323	1.28946	1.28979	5244	4679200000	44
2016.07.14	02:00:00	1.28977	1.29199	1.28934	1.29123	3861	3752150000	37
2016.07.14	03:00:00	1.29124	1.29197	1.29020	1.29120	3624	3643699000	44
2016.07.14	04:00:00	1.29120	1.29468	1.29101	1.29342	5506	5387950000	40
2016.07.14	05:00:00	1.29339	1.29651	1.29335	1.29637	4767	4746000000	35
2016.07.14	06:00:00	1.29637	1.30028	1.29608	1.29784	6259	6528600000	33
2016.07.14	07:00:00	1.29785	1.29850	1.29610	1.29806	3757	3511150000	37
2016.07.14	08:00:00	1.29798	1.30051	1.29729	1.30004	5152	5273200000	35
2016.07.14	09:00:00	1.30002	1.30543	1.29819	1.29895	11406	10763300000	33
2016.07.14	10:00:00	1.29914	1.30194	1.29860	1.29876	9039	8371150000	33
2016.07.14	11:00:00	1.29872	1.30142	1.29633	1.29651	9034	8898850000	33
2016.07.14	12:00:00	1.29648	1.29811	1.29593	1.29799	8256	7486050000	33
2016.07.14	13:00:00	1.29799	1.29999	1.29462	1.29849	10078	10203275000	33
2016.07.14	14:00:00	1.29891	1.32030	1.29863	1.30721	18226	16481341000	33
2016.07.14	15:00:00	1.30715	1.30883	1.30352	1.30510	12317	10950050000	33
2016.07.14	16:00:00	1.30509	1.30803	1.30344	1.30497	12950	12373700000	33
2016.07.14	17:00:00	1.30496	1.30853	1.30460	1.30843	9936	9305750000	33
2016.07.14	18:00:00	1.30847	1.30984	1.30707	1.30707	8879	8020100000	33
2016.07.14	19:00:00	1.30712	1.30849	1.30566	1.30598	5286	5461150000	33
2016.07.14	20:00:00	1.30595	1.30657	1.30333	1.30383	5402	5440800000	33
2016.07.14	21:00:00	1.30383	1.30673	1.30375	1.30658	3696	3407400000	36
2016.07.14	22:00:00	1.30659	1.30762	1.30644	1.30698	3040	2975050000	35
2016.07.14	23:00:00	1.30697	1.30886	1.30672	1.30823	2900	2260400000	37
2016.07.15	00:00:00	1.30841	1.32036	1.29120	1.30710	89122	748200000	50
2016.07.15	01:00:00	1.30718	1.30888	1.30718	1.30880	3616	2506344000	39
2016.07.15	02:00:00	1.30876	1.31049	1.30863	1.31032	3870	3261200000	35
2016.07.15	03:00:00	1.31041	1.31677	1.31038	1.31359	8006	7790300000	33
2016.07.15	04:00:00	1.31359	1.31663	1.31169	1.31578	4880	4343600000	41
2016.07.15	05:00:00	1.31578	1.31852	1.31557	1.31775	6903	6350250000	34
2016.07.15	06:00:00	1.31780	1.31935	1.31666	1.31870	4503	4409100000	33
2016.07.15	07:00:00	1.31870	1.32044	1.31307	1.31568	5901	5878350000	33
2016.07.15	08:00:00	1.31569	1.31617	1.31241	1.31345	6093	5230300000	37
2016.07.15	09:00:00	1.31336	1.31767	1.31223	1.31317	9084	8739800000	33
2016.07.15	10:00:00	1.31321	1.31330	1.30809	1.30961	10184	8549500000	33
2016.07.15	11:00:00	1.30961	1.31435	1.30905	1.31408	8316	8020400000	33
2016.07.15	12:00:00	1.31408	1.31658	1.30655	1.30780	10141	9883750000	33
2016.07.15	13:00:00	1.30782	1.30900	1.30517	1.30898	7323	7855000000	33
2016.07.15	14:00:00	1.30898	1.31179	1.30840	1.30946	7531	7651700000	33
2016.07.15	15:00:00	1.30947	1.31038	1.30553	1.30807	10842	11310000000	33
2016.07.15	16:00:00	1.30806	1.30974	1.30578	1.30758	11508	11161900000	33
2016.07.15	17:00:00	1.30771	1.30838	1.29984	1.29996	10336	10340600000	33
2016.07.15	18:00:00	1.29999	1.30192	1.29614	1.29718	10716	10321550000	33
2016.07.15	19:00:00	1.29718	1.29784	1.29148	1.29613	9984	9426700000	33
2016.07.15	20:00:00	1.29617	1.29801	1.29515	1.29784	5879	5649200000	33
2016.07.15	21:00:00	1.29782	1.29913	1.29733	1.29782	4400	4248350000	35
2016.07.15	22:00:00	1.29777	1.29966	1.29751	1.29911	3678	3698000000	41
2016.07.15	23:00:00	1.29911	1.29918	1.29104	1.29356	6155	4402750000	41
2016.07.18	00:00:00	1.29562	1.30818	1.29402	1.29720	65133	720900000	0
2016.07.18	01:00:00	1.29720	1.30446	1.29720	1.30128	4531	4555350000	39
2016.07.18	02:00:00	1.30124	1.30443	1.29742	1.30142	3531	3658850000	41
2016.07.18	03:00:00	1.30142	1.30313	1.30090	1.30228	3839	3734500000	42
2016.07.18	04:00:00	1.30229	1.30415	1.30148	1.30280	3790	3552500000	35
2016.07.18	05:00:00	1.30280	1.30346	1.30050	1.30078	3427	3190000000	38
2016.07.18	06:00:00	1.30079	1.30159	1.30009	1.30031	2268	1995900000	40
2016.07.18	07:00:00	1.30040	1.30203	1.29901	1.30199	2641	2364350000	33
2016.07.18	08:00:00	1.30199	1.30214	1.29996	1.30125	2998	2736000000	42
2016.07.18	09:00:00	1.30125	1.30205	1.29946	1.30037	5795	5158650000	35
2016.07.18	10:00:00	1.30025	1.30528	1.30023	1.30366	10007	9427450000	33
2016.07.18	11:00:00	1.30363	1.30630	1.30184	1.30564	8321	8757797000	33
2016.07.18	12:00:00	1.30565	1.30566	1.30032	1.30112	8097	8338650000	33
2016.07.18	13:00:00	1.30112	1.30342	1.30063	1.30113	7536	7822200000	34
2016.07.18	14:00:00	1.30113	1.30382	1.29952	1.30324	7249	7538950000	33
2016.07.18	15:00:00	1.30325	1.30399	1.30229	1.30271	6749	6882200000	33
2016.07.18	16:00:00	1.30269	1.30324	1.29950	1.30202	9339	8252950000	33
2016.07.18	17:00:00	1.30202	1.30768	1.30128	1.30726	9855	9523149000	33
2016.07.18	18:00:00	1.30727	1.30856	1.30404	1.30415	9937	9352350000	33
2016.07.18	19:00:00	1.30415	1.30476	1.30141	1.30234	6130	6215550000	33
2016.07.18	20:00:00	1.30231	1.30385	1.30165	1.30206	4511	4204200000	33
2016.07.18	21:00:00	1.30206	1.30307	1.30196	1.30264	3533	3435700000	37
2016.07.18	22:00:00	1.30260	1.30319	1.30144	1.30179	3335	3389200000	37
2016.07.18	23:00:00	1.30176	1.30260	1.30148	1.30189	2253	1987800000	36
2016.07.19	00:00:00	1.30177	1.30424	1.28801	1.30151	68584	521850000	0
2016.07.19	01:00:00	1.30149	1.30406	1.30140	1.30392	1979	1710600000	46
2016.07.19	02:00:00	1.30392	1.30410	1.30273	1.30357	2964	2248000000	39
2016.07.19	03:00:00	1.30356	1.30433	1.30195	1.30259	4367	3044350000	42
2016.07.19	04:00:00	1.30262	1.30262	1.29800	1.29909	4623	4115050000	38
2016.07.19	05:00:00	1.29909	1.29959	1.29767	1.29901	3604	3129750000	43
2016.07.19	06:00:00	1.29898	1.29979	1.29781	1.29953	2845	2439500000	42
2016.07.19	07:00:00	1.29953	1.29958	1.29746	1.29891	2814	2586400000	40
2016.07.19	08:00:00	1.29891	1.30079	1.29851	1.30030	3186	3005800000	45
2016.07.19	09:00:00	1.30030	1.30123	1.29775	1.29870	6498	6292500000	33
2016.07.19	10:00:00	1.29870	1.30028	1.29328	1.29576	10758	8763950000	33
2016.07.19	11:00:00	1.29576	1.29863	1.29499	1.29614	9531	8983000000	33
2016.07.19	12:00:00	1.29607	1.29840	1.29538	1.29671	8010	7964900000	33
2016.07.19	13:00:00	1.29668	1.29693	1.29379	1.29441	7712	8014500000	33
2016.07.19	14:00:00	1.29444	1.29743	1.29313	1.29465	9006	9251100000	33
2016.07.19	15:00:00	1.29463	1.29623	1.29362	1.29379	10392	9535500000	33
2016.07.19	16:00:00	1.29379	1.29617	1.29114	1.29302	10914	10255599000	33
2016.07.19	17:00:00	1.29302	1.29450	1.29200	1.29392	10273	9835900000	33
2016.07.19	18:00:00	1.29389	1.29540	1.29229	1.29267	10834	10213950000	33
2016.07.19	19:00:00	1.29269	1.29334	1.28954	1.29316	6610	6979497000	33
2016.07.19	20:00:00	1.29304	1.29304	1.28991	1.29003	4319	3264750000	33
2016.07.19	21:00:00	1.29001	1.29051	1.28854	1.28978	4122	3865750000	33
2016.07.19	22:00:00	1.28979	1.29010	1.28813	1.28971	2637	2197900000	33
2016.07.19	23:00:00	1.28971	1.29197	1.28947	1.29185	2289	1771200000	33
2016.07.20	00:00:00	1.29190	1.30469	1.28873	1.29069	65682	828938000	0
2016.07.20	01:00:00	1.29072	1.29242	1.29068	1.29214	2215	2256800000	48
2016.07.20	02:00:00	1.29205	1.29276	1.29180	1.29205	2391	2218800000	42
2016.07.20	03:00:00	1.29207	1.29226	1.28937	1.28955	3590	3431550000	38
2016.07.20	04:00:00	1.28956	1.29082	1.28888	1.29038	5234	4663350000	41
2016.07.20	05:00:00	1.29038	1.29138	1.28945	1.29007	3597	2894800000	40
2016.07.20	06:00:00	1.29004	1.29062	1.28930	1.28977	2583	2321600000	44
2016.07.20	07:00:00	1.28969	1.29227	1.28938	1.29220	2553	2409650000	42
2016.07.20	08:00:00	1.29222	1.29239	1.29012	1.29141	4054	3473250000	38
2016.07.20	09:00:00	1.29141	1.29296	1.29055	1.29143	6611	6163950000	33
2016.07.20	10:00:00	1.29144	1.29309	1.29091	1.29246	9463	8984100000	33
2016.07.20	11:00:00	1.29246	1.30013	1.29153	1.29863	9259	9561700000	33
2016.07.20	12:00:00	1.29861	1.30319	1.29859	1.30196	9981	9963200000	33
2016.07.20	13:00:00	1.30196	1.30311	1.29904	1.29927	7007	7217800000	33
2016.07.20	14:00:00	1.29927	1.30111	1.29892	1.30105	6519	7001000000	33
2016.07.20	15:00:00	1.30102	1.30384	1.30005	1.30033	8397	8681700000	33
2016.07.20	16:00:00	1.30033	1.30233	1.29958	1.30110	8615	8898900000	33
2016.07.20	17:00:00	1.30103	1.30234	1.29849	1.29899	10578	10160750000	33
2016.07.20	18:00:00	1.29911	1.30135	1.29853	1.30064	7693	8285350000	33
2016.07.20	19:00:00	1.30064	1.30160	1.29970	1.30143	4256	4207900000	33
2016.07.20	20:00:00	1.30142	1.30176	1.29947	1.30006	3670	3678100000	35
2016.07.20	21:00:00	1.30008	1.30016	1.29743	1.29794	3451	3509700000	33
2016.07.20	22:00:00	1.29785	1.30488	1.29780	1.30391	6323	6160100000	33
2016.07.20	23:00:00	1.30392	1.30447	1.30165	1.30332	3802	2998350000	36
2016.07.21	00:00:00	1.30354	1.31014	1.29741	1.30667	79798	2052050000	51
2016.07.21	01:00:00	1.30663	1.30674	1.30518	1.30541	2596	2595900000	47
2016.07.21	02:00:00	1.30541	1.30906	1.30492	1.30639	3432	3373500000	39
2016.07.21	03:00:00	1.30638	1.30658	1.30506	1.30549	3699	3881350000	39
2016.07.21	04:00:00	1.30548	1.30592	1.30412	1.30428	2658	2845850000	43
2016.07.21	05:00:00	1.30431	1.30462	1.30263	1.30332	2956	3079300000	39
2016.07.21	06:00:00	1.30331	1.30377	1.30137	1.30149	3564	3713700000	45
2016.07.21	07:00:00	1.30149	1.30323	1.30105	1.30268	2896	3107550000	33
2016.07.21	08:00:00	1.30269	1.30359	1.30130	1.30176	3332	3583700000	41
2016.07.21	09:00:00	1.30183	1.30770	1.30179	1.30677	6776	6969950000	33
2016.07.21	10:00:00	1.30676	1.31029	1.30600	1.30768	9770	9893300000	33
2016.07.21	11:00:00	1.30768	1.30801	1.29911	1.30292	10999	11018200000	33
2016.07.21	12:00:00	1.30291	1.30482	1.30098	1.30205	9658	9471350000	33
2016.07.21	13:00:00	1.30208	1.30414	1.30088	1.30106	8847	8739850000	35
2016.07.21	14:00:00	1.30107	1.30253	1.29925	1.30081	8349	8014500000	33
2016.07.21	15:00:00	1.30082	1.30138	1.29750	1.29846	11680	11128350000	33
2016.07.21	16:00:00	1.29843	1.30468	1.29819	1.30393	12404	12331700000	34
2016.07.21	17:00:00	1.30397	1.30714	1.30259	1.30620	11831	11132500000	34
2016.07.21	18:00:00	1.30624	1.30853	1.30312	1.30416	10353	9058450000	33
2016.07.21	19:00:00	1.30414	1.30499	1.30315	1.30364	5614	5484350000	35
2016.07.21	20:00:00	1.30365	1.30402	1.30156	1.30287	4062	3978500000	33
2016.07.21	21:00:00	1.30292	1.30295	1.30136	1.30271	3875	3843000000	34
2016.07.21	22:00:00	1.30273	1.30286	1.30129	1.30192	3481	3488400000	36
2016.07.21	23:00:00	1.30194	1.30435	1.30179	1.30414	2414	1969000000	35
2016.07.22	00:00:00	1.30406	1.30937	1.28931	1.30265	83816	688700000	0
2016.07.22	01:00:00	1.30266	1.30357	1.30196	1.30323	2397	1081600000	49
2016.07.22	02:00:00	1.30321	1.30449	1.30223	1.30344	3304	2838800000	33
2016.07.22	03:00:00	1.30344	1.30538	1.30280	1.30470	4258	3763100000	48
2016.07.22	04:00:00	1.30469	1.30493	1.30282	1.30375	3485	3397100000	45
2016.07.22	05:00:00	1.30373	1.30419	1.30271	1.30343	3014	2482200000	33
2016.07.22	06:00:00	1.30346	1.30362	1.30195	1.30240	2356	1696600000	42
2016.07.22	07:00:00	1.30242	1.30295	1.30170	1.30215	2328	1896600000	37
2016.07.22	08:00:00	1.30215	1.30392	1.30165	1.30381	2660	1731050000	43
2016.07.22	09:00:00	1.30380	1.30618	1.30345	1.30490	6045	5476700000	33
2016.07.22	10:00:00	1.30488	1.30735	1.30350	1.30677	10343	8398950000	35
2016.07.22	11:00:00	1.30685	1.30984	1.29704	1.29895	12562	10003650000	34
2016.07.22	12:00:00	1.29901	1.29975	1.29260	1.29320	10649	9089400000	34
2016.07.22	13:00:00	1.29318	1.29483	1.29104	1.29211	9365	7334650000	36
2016.07.22	14:00:00	1.29213	1.29260	1.28974	1.29198	8979	6635050000	33
2016.07.22	15:00:00	1.29192	1.29268	1.29030	1.29247	7951	7108250000	34
2016.07.22	16:00:00	1.29245	1.29268	1.28944	1.28996	9625	7339000000	36
2016.07.22	17:00:00	1.28996	1.29418	1.28961	1.29282	10528	9703050000	33
2016.07.22	18:00:00	1.29284	1.29535	1.29272	1.29423	9840	8645087000	35
2016.07.22	19:00:00	1.29414	1.29529	1.29371	1.29512	5866	4933400000	33
2016.07.22	20:00:00	1.29517	1.29544	1.29427	1.29452	3520	3134100000	37
2016.07.22	21:00:00	1.29451	1.29534	1.29312	1.29388	3574	3142100000	35
2016.07.22	22:00:00	1.29385	1.29497	1.29333	1.29352	2721	2800700000	41
2016.07.22	23:00:00	1.29351	1.29443	1.29259	1.29344	2322	1277800000	46
2016.07.25	00:00:00	1.29581	1.29997	1.29188	1.29622	59001	610200000	115
2016.07.25	01:00:00	1.29622	1.29885	1.29517	1.29861	3149	3289300000	54
2016.07.25	02:00:00	1.29862	1.29870	1.29648	1.29660	2654	2403900000	43
2016.07.25	03:00:00	1.29660	1.29829	1.29620	1.29792	4272	4251850000	41
2016.07.25	04:00:00	1.29791	1.29865	1.29655	1.29689	4300	3855500000	42
2016.07.25	05:00:00	1.29684	1.29789	1.29622	1.29735	2491	1750700000	38
2016.07.25	06:00:00	1.29736	1.29750	1.29485	1.29543	2669	2454150000	42
2016.07.25	07:00:00	1.29539	1.29652	1.29531	1.29643	1861	1310050000	42
2016.07.25	08:00:00	1.29643	1.29759	1.29630	1.29712	2788	1980950000	44
2016.07.25	09:00:00	1.29714	1.29803	1.29655	1.29709	4810	3687200000	35
2016.07.25	10:00:00	1.29710	1.30008	1.29619	1.29660	9210	7341200000	36
2016.07.25	11:00:00	1.29656	1.29761	1.29385	1.29625	9029	8440350000	34
2016.07.25	12:00:00	1.29623	1.29699	1.29510	1.29640	7325	6899600000	33
2016.07.25	13:00:00	1.29640	1.29665	1.29272	1.29400	6906	6679950000	33
2016.07.25	14:00:00	1.29397	1.29499	1.29318	1.29378	6184	5943600000	33
2016.07.25	15:00:00	1.29378	1.29531	1.29200	1.29289	7873	7574549000	33
2016.07.25	16:00:00	1.29289	1.29456	1.29270	1.29392	7908	7709600000	35
2016.07.25	17:00:00	1.29394	1.29570	1.29224	1.29552	8689	8191150000	37
2016.07.25	18:00:00	1.29550	1.29694	1.29463	1.29552	8069	7711250000	33
2016.07.25	19:00:00	1.29557	1.29626	1.29489	1.29521	4157	4227800000	35
2016.07.25	20:00:00	1.29525	1.29609	1.29489	1.29511	4049	3349100000	35
2016.07.25	21:00:00	1.29511	1.29528	1.29350	1.29442	3356	3108700000	33
2016.07.25	22:00:00	1.29445	1.29536	1.29400	1.29527	2882	2721600000	39
2016.07.25	23:00:00	1.29525	1.29564	1.29464	1.29515	1780	1646400000	38
2016.07.26	00:00:00	1.29513	1.30528	1.28676	1.29529	80388	165050000	0
2016.07.26	01:00:00	1.29525	1.29545	1.29104	1.29143	3713	2334550000	42
2016.07.26	02:00:00	1.29138	1.29222	1.29022	1.29184	3666	3469000000	41
2016.07.26	03:00:00	1.29186	1.29204	1.28970	1.29104	4908	3899500000	38
2016.07.26	04:00:00	1.29102	1.29221	1.29041	1.29178	3683	3675200000	44
2016.07.26	05:00:00	1.29177	1.29293	1.29136	1.29243	3517	2944500000	47
2016.07.26	06:00:00	1.29242	1.29368	1.29225	1.29356	1858	1681300000	45
2016.07.26	07:00:00	1.29354	1.29387	1.29122	1.29206	3637	3633450000	37
2016.07.26	08:00:00	1.29208	1.29307	1.29129	1.29139	4099	4139800000	41
2016.07.26	09:00:00	1.29141	1.29208	1.28720	1.28898	8497	6314150000	33
2016.07.26	10:00:00	1.28897	1.28986	1.28660	1.28744	10493	9389600000	33
2016.07.26	11:00:00	1.28744	1.29263	1.28726	1.29149	8982	8402900000	33
2016.07.26	12:00:00	1.29150	1.29366	1.29096	1.29176	8519	8607600000	33
2016.07.26	13:00:00	1.29176	1.29789	1.29133	1.29580	6867	6862000000	34
2016.07.26	14:00:00	1.29580	1.29827	1.29533	1.29803	6941	7052900000	36
2016.07.26	15:00:00	1.29803	1.30040	1.29760	1.30035	8807	8726350000	34
2016.07.26	16:00:00	1.30033	1.30540	1.29923	1.30262	10259	9900350000	33
2016.07.26	17:00:00	1.30262	1.30394	1.29925	1.30142	10522	8426750000	34
2016.07.26	18:00:00	1.30140	1.30359	1.30045	1.30285	8286	6619300000	33
2016.07.26	19:00:00	1.30290	1.30456	1.30264	1.30401	4565	4090800000	33
2016.07.26	20:00:00	1.30400	1.30513	1.30325	1.30396	4463	3938000000	36
2016.07.26	21:00:00	1.30396	1.30463	1.30272	1.30276	3188	2908550000	34
2016.07.26	22:00:00	1.30272	1.30344	1.30206	1.30216	2676	2094900000	33
2016.07.26	23:00:00	1.30213	1.30339	1.30197	1.30292	1942	1101400000	38
2016.07.27	00:00:00	1.30283	1.30754	1.29848	1.30299	89268	350242000	45
2016.07.27	01:00:00	1.30306	1.30367	1.30235	1.30359	2714	1569100000	41
2016.07.27	02:00:00	1.30357	1.30508	1.30340	1.30415	2583	2226150000	45
2016.07.27	03:00:00	1.30417	1.30546	1.30309	1.30315	4884	4573400000	46
2016.07.27	04:00:00	1.30316	1.30340	1.30228	1.30267	4489	4557350000	42
2016.07.27	05:00:00	1.30262	1.30278	1.30010	1.30162	3538	3171500000	39
2016.07.27	06:00:00	1.30162	1.30317	1.29992	1.30021	6540	6143950000	33
2016.07.27	07:00:00	1.30021	1.30205	1.30004	1.30124	3816	3769850000	40
2016.07.27	08:00:00	1.30126	1.30256	1.30075	1.30252	4193	4111050000	46
2016.07.27	09:00:00	1.30252	1.30464	1.30156	1.30166	6290	5868046000	38
2016.07.27	10:00:00	1.30166	1.30420	1.30158	1.30227	8688	7500750000	33
2016.07.27	11:00:00	1.30226	1.30559	1.30181	1.30272	9272	8457900000	33
2016.07.27	12:00:00	1.30274	1.30351	1.30019	1.30068	7653	7448000000	33
2016.07.27	13:00:00	1.30066	1.30202	1.29850	1.30163	7924	7770350000	33
2016.07.27	14:00:00	1.30163	1.30274	1.30007	1.30258	7522	7165850000	35
2016.07.27	15:00:00	1.30258	1.30323	1.30174	1.30264	8121	7244900000	35
2016.07.27	16:00:00	1.30264	1.30505	1.30237	1.30335	9999	9636900000	33
2016.07.27	17:00:00	1.30334	1.30562	1.30164	1.30218	9605	9410700000	34
2016.07.27	18:00:00	1.30210	1.30382	1.29976	1.30096	9028	7549900000	33
2016.07.27	19:00:00	1.30096	1.30478	1.30072	1.30418	5741	5456100000	34
2016.07.27	20:00:00	1.30417	1.30479	1.30267	1.30321	5323	5378353000	37
2016.07.27	21:00:00	1.30319	1.30757	1.30148	1.30492	12290	12398144000	33
2016.07.27	22:00:00	1.30496	1.30645	1.30083	1.30144	9210	8900400000	34
2016.07.27	23:00:00	1.30148	1.30539	1.30113	1.30366	3879	3376000000	41
2016.07.28	00:00:00	1.30360	1.30472	1.28711	1.30257	74617	860750000	0
2016.07.28	01:00:00	1.30280	1.30363	1.30194	1.30344	2713	2804950000	52
2016.07.28	02:00:00	1.30343	1.30391	1.30222	1.30252	3936	3639000000	47
2016.07.28	03:00:00	1.30249	1.30479	1.30249	1.30379	5571	5470700000	39
2016.07.28	04:00:00	1.30380	1.30387	1.30244	1.30352	4500	4430300000	43
2016.07.28	05:00:00	1.30354	1.30381	1.30253	1.30296	3098	3127550000	43
2016.07.28	06:00:00	1.30295	1.30353	1.30226	1.30254	2671	2746100000	41
2016.07.28	07:00:00	1.30256	1.30274	1.29799	1.29850	3946	3837150000	40
2016.07.28	08:00:00	1.29850	1.30020	1.29800	1.29931	3682	3754600000	36
2016.07.28	09:00:00	1.29937	1.30017	1.29738	1.29970	7876	7386400000	33
2016.07.28	10:00:00	1.29970	1.30017	1.29751	1.29794	10264	10580600000	36
2016.07.28	11:00:00	1.29792	1.29980	1.29678	1.29679	7558	7793200000	35
2016.07.28	12:00:00	1.29680	1.29782	1.29415	1.29645	7319	7613650000	33
2016.07.28	13:00:00	1.29645	1.29658	1.29279	1.29423	6693	7058600000	33
2016.07.28	14:00:00	1.29423	1.29564	1.29341	1.29362	5631	6007100000	35
2016.07.28	15:00:00	1.29363	1.29447	1.28864	1.28902	8268	8483350000	33
2016.07.28	16:00:00	1.28903	1.29060	1.28757	1.28890	9881	9045850000	33
2016.07.28	17:00:00	1.28889	1.28922	1.28724	1.28799	9743	9256250000	33
2016.07.28	18:00:00	1.28799	1.29004	1.28771	1.28945	7230	6949650000	33
2016.07.28	19:00:00	1.28945	1.29000	1.28824	1.28862	4991	5240050000	38
2016.07.28	20:00:00	1.28864	1.29096	1.28826	1.29065	4731	4793000000	33
2016.07.28	21:00:00	1.29065	1.29082	1.28937	1.28951	4796	4494400000	38
2016.07.28	22:00:00	1.28951	1.29056	1.28852	1.29054	2942	3002050000	36
2016.07.28	23:00:00	1.29054	1.29278	1.29051	1.29104	2416	2255001000	33
2016.07.29	00:00:00	1.29081	1.29312	1.27633	1.29012	90500	242900000	0
2016.07.29	01:00:00	1.29010	1.29089	1.28899	1.29016	3714	2754450000	48
2016.07.29	02:00:00	1.29024	1.29027	1.28810	1.28928	2249	1939200000	42
2016.07.29	03:00:00	1.28932	1.29061	1.28911	1.29053	4231	4214600000	46
2016.07.29	04:00:00	1.29060	1.29181	1.28961	1.29080	3042	3069200000	43
2016.07.29	05:00:00	1.29084	1.29423	1.29012	1.29186	5132	4794700000	33
2016.07.29	06:00:00	1.29176	1.29253	1.28918	1.29083	6773	6456100000	41
2016.07.29	07:00:00	1.29077	1.29123	1.28891	1.29013	3643	3806650000	35
2016.07.29	08:00:00	1.29020	1.29106	1.28999	1.29088	3673	3337900000	44
2016.07.29	09:00:00	1.29086	1.29241	1.28880	1.28991	6810	6662500000	33
2016.07.29	10:00:00	1.28991	1.29224	1.28825	1.28867	9671	9072150000	33
2016.07.29	11:00:00	1.28865	1.29083	1.28543	1.28596	7739	7271484000	33
2016.07.29	12:00:00	1.28590	1.28703	1.28421	1.28603	6636	6863950000	33
2016.07.29	13:00:00	1.28603	1.28603	1.28298	1.28375	6575	6366550000	33
2016.07.29	14:00:00	1.28374	1.28501	1.28253	1.28329	6947	6889300000	33
2016.07.29	15:00:00	1.28330	1.28615	1.28140	1.28565	10879	10400200000	33
2016.07.29	16:00:00	1.28567	1.28728	1.27829	1.27964	12869	9794300000	33
2016.07.29	17:00:00	1.27956	1.28779	1.27650	1.28185	13294	10091350000	34
2016.07.29	18:00:00	1.28184	1.28730	1.28043	1.28560	12788	10924356000	33
2016.07.29	19:00:00	1.28556	1.28631	1.28288	1.28290	7829	6490350000	33
2016.07.29	20:00:00	1.28287	1.28310	1.28161	1.28195	4802	3571000000	34
2016.07.29	21:00:00	1.28196	1.28356	1.28144	1.28194	4631	3979650000	38
2016.07.29	22:00:00	1.28195	1.28259	1.28018	1.28238	5184	5142200000	33
2016.07.29	23:00:00	1.28242	1.28325	1.28055	1.28156	3591	2249494000	42
2016.08.01	00:00:00	1.28164	1.28610	1.27379	1.28177	63184	329100000	0
2016.08.01	01:00:00	1.28183	1.28306	1.28113	1.28147	1552	1049589000	51
2016.08.01	02:00:00	1.28144	1.28155	1.27955	1.28100	1703	953000000	52
2016.08.01	03:00:00	1.28099	1.28282	1.28074	1.28239	2800	2424400000	43
2016.08.01	04:00:00	1.28240	1.28433	1.28179	1.28358	3624	3662900000	40
2016.08.01	05:00:00	1.28357	1.28625	1.28333	1.28472	2678	2718250000	44
2016.08.01	06:00:00	1.28467	1.28500	1.28403	1.28407	2587	2343050000	41
2016.08.01	07:00:00	1.28405	1.28455	1.28332	1.28420	2492	2493200000	43
2016.08.01	08:00:00	1.28418	1.28466	1.28317	1.28360	2363	1839699000	40
2016.08.01	09:00:00	1.28360	1.28575	1.28347	1.28499	4714	3652350000	33
2016.08.01	10:00:00	1.28495	1.28505	1.28071	1.28087	7929	6231791000	35
2016.08.01	11:00:00	1.28086	1.28181	1.27699	1.27702	9311	7593947000	33
2016.08.01	12:00:00	1.27704	1.27785	1.27479	1.27493	9578	8636744000	33
2016.08.01	13:00:00	1.27500	1.27715	1.27394	1.27682	8372	7775950000	33
2016.08.01	14:00:00	1.27682	1.27740	1.27556	1.27717	8194	6830950000	34
2016.08.01	15:00:00	1.27721	1.27841	1.27534	1.27751	7598	7189250000	33
2016.08.01	16:00:00	1.27751	1.27799	1.27549	1.27684	9034	8426550000	33
2016.08.01	17:00:00	1.27662	1.27736	1.27539	1.27669	9400	8848800000	34
2016.08.01	18:00:00	1.27669	1.27845	1.27540	1.27720	7056	6542150000	33
2016.08.01	19:00:00	1.27721	1.27778	1.27601	1.27737	4056	3826400000	34
2016.08.01	20:00:00	1.27730	1.27789	1.27656	1.27745	3216	3230200000	35
2016.08.01	21:00:00	1.27745	1.27785	1.27562	1.27627	3297	3285450000	33
2016.08.01	22:00:00	1.27628	1.27740	1.27568	1.27593	2860	2942600000	40
2016.08.01	23:00:00	1.27592	1.27640	1.27518	1.27556	2870	2581600000	41
2016.08.02	00:00:00	1.27669	1.28845	1.27322	1.27522	83244	1683350000	91
2016.08.02	01:00:00	1.27535	1.27676	1.27501	1.27639	1796	1789700000	48
2016.08.02	02:00:00	1.27637	1.27706	1.27591	1.27643	1926	1892950000	49
2016.08.02	03:00:00	1.27642	1.27699	1.27560	1.27684	2839	2881500000	41
2016.08.02	04:00:00	1.27685	1.27705	1.27560	1.27614	3170	3216750000	44
2016.08.02	05:00:00	1.27614	1.27666	1.27565	1.27628	2635	2730150000	41
2016.08.02	06:00:00	1.27634	1.27647	1.27541	1.27553	2139	2182150000	45
2016.08.02	07:00:00	1.27550	1.27689	1.27507	1.27578	3528	3141884000	38
2016.08.02	08:00:00	1.27579	1.27648	1.27452	1.27552	4244	4283500000	40
2016.08.02	09:00:00	1.27553	1.27854	1.27338	1.27816	6256	6256600000	33
2016.08.02	10:00:00	1.27815	1.28025	1.27465	1.27492	10859	10032050000	33
2016.08.02	11:00:00	1.27483	1.27829	1.27382	1.27820	9420	8103450000	33
2016.08.02	12:00:00	1.27817	1.27983	1.27697	1.27829	7220	6824698000	33
2016.08.02	13:00:00	1.27827	1.27928	1.27753	1.27861	7294	6891500000	33
2016.08.02	14:00:00	1.27861	1.27939	1.27787	1.27935	7084	6165050000	33
2016.08.02	15:00:00	1.27937	1.28378	1.27924	1.28087	10303	9614300000	33
2016.08.02	16:00:00	1.28087	1.28207	1.28009	1.28142	10312	8800000000	34
2016.08.02	17:00:00	1.28143	1.28529	1.28134	1.28312	12223	10440350000	33
2016.08.02	18:00:00	1.28312	1.28487	1.28238	1.28477	8614	8006830000	33
2016.08.02	19:00:00	1.28477	1.28829	1.28433	1.28613	6158	5972900000	33
2016.08.02	20:00:00	1.28607	1.28646	1.28524	1.28605	4408	3994800000	33
2016.08.02	21:00:00	1.28605	1.28782	1.28600	1.28631	4489	3822141000	33
2016.08.02	22:00:00	1.28629	1.28857	1.28625	1.28725	3121	2895137000	33
2016.08.02	23:00:00	1.28724	1.28806	1.28620	1.28695	1966	1928400000	45
2016.08.03	00:00:00	1.28731	1.29655	1.28359	1.28739	81378	757650000	0
2016.08.03	01:00:00	1.28749	1.28809	1.28588	1.28666	2448	2126950000	42
2016.08.03	02:00:00	1.28669	1.28738	1.28635	1.28669	2075	1892250000	42
2016.08.03	03:00:00	1.28663	1.28748	1.28583	1.28616	2869	2878800000	44
2016.08.03	04:00:00	1.28615	1.28638	1.28555	1.28638	2053	2080850000	41
2016.08.03	05:00:00	1.28638	1.28707	1.28594	1.28604	2342	2357750000	41
2016.08.03	06:00:00	1.28606	1.28685	1.28574	1.28593	2517	2415400000	45
2016.08.03	07:00:00	1.28588	1.28681	1.28508	1.28640	2954	2683050000	42
2016.08.03	08:00:00	1.28639	1.28706	1.28567	1.28613	2608	2645400000	45
2016.08.03	09:00:00	1.28613	1.28699	1.28438	1.28618	5981	5429250000	37
2016.08.03	10:00:00	1.28620	1.28775	1.28371	1.28654	10481	7165498000	33
2016.08.03	11:00:00	1.28652	1.29281	1.28647	1.29277	9561	8312699000	33
2016.08.03	12:00:00	1.29280	1.29294	1.29101	1.29143	7987	7645550000	33
2016.08.03	13:00:00	1.29143	1.29435	1.29140	1.29237	7346	7129050000	36
2016.08.03	14:00:00	1.29237	1.29357	1.29186	1.29277	7441	7263100000	34
2016.08.03	15:00:00	1.29278	1.29287	1.29030	1.29167	8811	8505000000	34
2016.08.03	16:00:00	1.29166	1.29273	1.29073	1.29131	9803	9441600000	35
2016.08.03	17:00:00	1.29117	1.29476	1.29048	1.29422	11605	10892950000	33
2016.08.03	18:00:00	1.29422	1.29554	1.29345	1.29532	8039	7476500000	35
2016.08.03	19:00:00	1.29534	1.29579	1.29435	1.29456	5099	5016300000	34
2016.08.03	20:00:00	1.29460	1.29643	1.29412	1.29642	4356	4071150000	36
2016.08.03	21:00:00	1.29642	1.29668	1.29548	1.29589	3448	3305100000	40
2016.08.03	22:00:00	1.29597	1.29600	1.29495	1.29536	2736	2741950000	36
2016.08.03	23:00:00	1.29538	1.29662	1.29490	1.29623	2225	1841250000	42
2016.08.04	00:00:00	1.29631	1.29876	1.27542	1.29588	88092	966250000	0
2016.08.04	01:00:00	1.29589	1.29694	1.29538	1.29634	2531	2265750000	38
2016.08.04	02:00:00	1.29634	1.29641	1.29564	1.29621	1789	911500000	42
2016.08.04	03:00:00	1.29625	1.29790	1.29616	1.29723	3572	3381050000	43
2016.08.04	04:00:00	1.29723	1.29751	1.29627	1.29641	3992	2741750000	34
2016.08.04	05:00:00	1.29639	1.29786	1.29634	1.29688	2644	2553000000	37
2016.08.04	06:00:00	1.29688	1.29725	1.29633	1.29644	2393	1962700000	37
2016.08.04	07:00:00	1.29644	1.29685	1.29611	1.29619	1577	1397650000	42
2016.08.04	08:00:00	1.29621	1.29652	1.29408	1.29454	3396	3315550000	43
2016.08.04	09:00:00	1.29454	1.29485	1.29239	1.29352	6838	6335000000	37
2016.08.04	10:00:00	1.29346	1.29494	1.29235	1.29281	9908	8509900000	33
2016.08.04	11:00:00	1.29281	1.29490	1.29272	1.29456	8558	7855700000	34
2016.08.04	12:00:00	1.29456	1.29623	1.29454	1.29607	7762	7785950000	33
2016.08.04	13:00:00	1.29608	1.29890	1.28848	1.28984	9128	7469950000	33
2016.08.04	14:00:00	1.29113	1.29872	1.27743	1.28033	17714	17424043000	33
2016.08.04	15:00:00	1.28037	1.28240	1.27699	1.27797	12002	10929699000	33
2016.08.04	16:00:00	1.27796	1.27861	1.27571	1.27656	11132	9161250000	33
2016.08.04	17:00:00	1.27656	1.27925	1.27583	1.27727	10635	9522600000	33
2016.08.04	18:00:00	1.27725	1.27958	1.27677	1.27940	7707	6938350000	33
2016.08.04	19:00:00	1.27939	1.27944	1.27715	1.27716	4687	4178000000	33
2016.08.04	20:00:00	1.27715	1.27770	1.27556	1.27597	4052	3822500000	37
2016.08.04	21:00:00	1.27597	1.27741	1.27579	1.27696	3489	3168600000	37
2016.08.04	22:00:00	1.27698	1.27836	1.27695	1.27819	2684	2751350000	38
2016.08.04	23:00:00	1.27820	1.27820	1.27628	1.27628	2342	2265600000	39
2016.08.05	00:00:00	1.27641	1.28254	1.27534	1.27679	70964	597800000	56
2016.08.05	01:00:00	1.27685	1.27783	1.27665	1.27705	2513	2331450000	42
2016.08.05	02:00:00	1.27701	1.27834	1.27670	1.27817	1753	1493300000	42
2016.08.05	03:00:00	1.27817	1.27920	1.27794	1.27811	2834	2696300000	38
2016.08.05	04:00:00	1.27815	1.27911	1.27798	1.27903	2590	2277600000	44
2016.08.05	05:00:00	1.27902	1.27911	1.27849	1.27867	2034	1796750000	42
2016.08.05	06:00:00	1.27874	1.27888	1.27813	1.27865	1823	1349100000	41
2016.08.05	07:00:00	1.27862	1.27901	1.27849	1.27890	1375	1048800000	43
2016.08.05	08:00:00	1.27887	1.27922	1.27747	1.27811	1888	1817950000	41
2016.08.05	09:00:00	1.27811	1.27846	1.27724	1.27754	4645	4525400000	35
2016.08.05	10:00:00	1.27753	1.28064	1.27741	1.27977	6888	6261650000	33
2016.08.05	11:00:00	1.27976	1.28126	1.27822	1.27875	6831	6220450000	33
2016.08.05	12:00:00	1.27875	1.28255	1.27849	1.28248	5502	5020000000	34
2016.08.05	13:00:00	1.28247	1.28268	1.27987	1.28176	5015	5057150000	33
2016.08.05	14:00:00	1.28181	1.28251	1.28054	1.28143	6090	5865150000	35
2016.08.05	15:00:00	1.28142	1.28254	1.27795	1.27835	13898	13255600000	33
2016.08.05	16:00:00	1.27837	1.28181	1.27658	1.28096	12822	12121400000	35
2016.08.05	17:00:00	1.28096	1.28155	1.27928	1.28060	9547	8745399000	33
2016.08.05	18:00:00	1.28054	1.28189	1.27986	1.27999	8646	8105550000	33
2016.08.05	19:00:00	1.28003	1.28104	1.27938	1.28077	4265	4078450000	33
2016.08.05	20:00:00	1.28076	1.28177	1.28038	1.28112	4182	3966200000	33
2016.08.05	21:00:00	1.28112	1.28160	1.28080	1.28138	2932	2589300000	36
2016.08.05	22:00:00	1.28135	1.28220	1.28109	1.28128	3556	3497650000	34
2016.08.05	23:00:00	1.28127	1.28209	1.28034	1.28078	2637	942980000	42
2016.08.08	00:00:00	1.28147	1.28452	1.27797	1.28161	56845	819700000	133
2016.08.08	01:00:00	1.28191	1.28217	1.28045	1.28134	2135	2119200000	48
2016.08.08	02:00:00	1.28136	1.28283	1.28126	1.28170	1818	1745300000	44
2016.08.08	03:00:00	1.28171	1.28321	1.28167	1.28256	3265	3151700000	39
2016.08.08	04:00:00	1.28256	1.28290	1.28159	1.28159	2049	1952100000	45
2016.08.08	05:00:00	1.28159	1.28242	1.28159	1.28189	2451	2181580000	41
2016.08.08	06:00:00	1.28189	1.28199	1.28117	1.28123	1596	1607200000	45
2016.08.08	07:00:00	1.28122	1.28135	1.28044	1.28091	1589	1157550000	45
2016.08.08	08:00:00	1.28092	1.28189	1.28083	1.28128	2036	1376300000	43
2016.08.08	09:00:00	1.28128	1.28202	1.27860	1.27938	4921	4690980000	33
2016.08.08	10:00:00	1.27942	1.28113	1.27869	1.27988	7133	5812600000	33
2016.08.08	11:00:00	1.27990	1.28164	1.27809	1.28050	7132	6063650000	33
2016.08.08	12:00:00	1.28051	1.28109	1.27894	1.28068	6492	5359100000	33
2016.08.08	13:00:00	1.28070	1.28415	1.28045	1.28322	6268	6111500000	33
2016.08.08	14:00:00	1.28319	1.28345	1.28157	1.28184	5115	4131050000	35
2016.08.08	15:00:00	1.28184	1.28194	1.27993	1.28079	6246	4925400000	33
2016.08.08	16:00:00	1.28077	1.28464	1.28046	1.28314	7498	7283350000	33
2016.08.08	17:00:00	1.28314	1.28360	1.28118	1.28196	7598	7217200000	34
2016.08.08	18:00:00	1.28193	1.28354	1.28135	1.28287	6532	5891750000	35
2016.08.08	19:00:00	1.28285	1.28288	1.28139	1.28179	2817	2539650000	35
2016.08.08	20:00:00	1.28181	1.28209	1.28066	1.28167	2698	2621950000	33
2016.08.08	21:00:00	1.28168	1.28193	1.28076	1.28139	2831	2652700000	36
2016.08.08	22:00:00	1.28136	1.28192	1.28078	1.28120	2346	2020550000	39
2016.08.08	23:00:00	1.28120	1.28210	1.28102	1.28116	1706	1549750000	39
2016.08.09	00:00:00	1.28082	1.28177	1.27327	1.28121	63231	700600000	0
2016.08.09	01:00:00	1.28128	1.28163	1.28088	1.28130	2160	2044600000	50
2016.08.09	02:00:00	1.28132	1.28164	1.28030	1.28072	1878	1251800000	43
2016.08.09	03:00:00	1.28071	1.28073	1.27706	1.27725	3948	2937800000	41
2016.08.09	04:00:00	1.27723	1.27792	1.27653	1.27766	4147	2839200000	39
2016.08.09	05:00:00	1.27766	1.27769	1.27585	1.27674	3377	2979400000	42
2016.08.09	06:00:00	1.27674	1.27735	1.27653	1.27732	2093	1947800000	43
2016.08.09	07:00:00	1.27732	1.27791	1.27686	1.27779	2253	2062500000	46
2016.08.09	08:00:00	1.27781	1.27782	1.27676	1.27707	2163	1935850000	39
2016.08.09	09:00:00	1.27705	1.27793	1.27466	1.27500	5302	4457547000	35
2016.08.09	10:00:00	1.27498	1.27903	1.27480	1.27871	6285	5755700000	35
2016.08.09	11:00:00	1.27874	1.27916	1.27646	1.27865	7367	6842750000	33
2016.08.09	12:00:00	1.27866	1.27872	1.27572	1.27605	4974	4914400000	36
2016.08.09	13:00:00	1.27603	1.27676	1.27447	1.27639	6305	6221050000	36
2016.08.09	14:00:00	1.27635	1.27677	1.27529	1.27665	5711	5664900000	33
2016.08.09	15:00:00	1.27665	1.27688	1.27563	1.27641	5862	5833900000	33
2016.08.09	16:00:00	1.27642	1.27672	1.27358	1.27421	8923	8448150000	33
2016.08.09	17:00:00	1.27417	1.27713	1.27344	1.27613	10468	10360650000	33
2016.08.09	18:00:00	1.27615	1.27883	1.27534	1.27813	6993	7192900000	33
2016.08.09	19:00:00	1.27815	1.27839	1.27660	1.27815	4045	4074500000	33
2016.08.09	20:00:00	1.27818	1.27833	1.27622	1.27706	3284	3125100000	34
2016.08.09	21:00:00	1.27711	1.27741	1.27567	1.27667	2929	3030400000	37
2016.08.09	22:00:00	1.27663	1.27672	1.27620	1.27655	2413	2363400000	39
2016.08.09	23:00:00	1.27654	1.27677	1.27529	1.27530	1977	1888300000	38
2016.08.10	00:00:00	1.27565	1.28170	1.26781	1.27540	73107	744400000	0
2016.08.10	01:00:00	1.27535	1.27681	1.27499	1.27619	1785	1680850000	48
2016.08.10	02:00:00	1.27613	1.27709	1.27565	1.27709	1800	1678000000	45
2016.08.10	03:00:00	1.27709	1.28171	1.27670	1.27916	5507	5357000000	33
2016.08.10	04:00:00	1.27915	1.28015	1.27848	1.28011	3905	3857100000	45
2016.08.10	05:00:00	1.28010	1.28181	1.27956	1.27985	3778	3701050000	41
2016.08.10	06:00:00	1.27983	1.28006	1.27920	1.27969	2227	2057050000	46
2016.08.10	07:00:00	1.27968	1.28026	1.27933	1.27954	2198	2258050000	42
2016.08.10	08:00:00	1.27953	1.27967	1.27838	1.27882	2371	2318700000	40
2016.08.10	09:00:00	1.27881	1.27922	1.27630	1.27646	5889	5525350000	33
2016.08.10	10:00:00	1.27647	1.27770	1.27524	1.27576	6693	6238750000	33
2016.08.10	11:00:00	1.27577	1.27750	1.27560	1.27732	5788	5462750000	34
2016.08.10	12:00:00	1.27731	1.27746	1.27465	1.27538	8282	7685550000	33
2016.08.10	13:00:00	1.27538	1.27712	1.27512	1.27698	5016	5070550000	35
2016.08.10	14:00:00	1.27704	1.27781	1.27581	1.27659	7512	7761848000	33
2016.08.10	15:00:00	1.27660	1.27720	1.27522	1.27540	7266	7238450000	33
2016.08.10	16:00:00	1.27523	1.27559	1.27071	1.27139	8972	9059750000	33
2016.08.10	17:00:00	1.27142	1.27276	1.27015	1.27133	8901	8712450000	33
2016.08.10	18:00:00	1.27134	1.27170	1.26814	1.26825	6983	7112321000	33
2016.08.10	19:00:00	1.26828	1.26972	1.26819	1.26938	3437	3420450000	37
2016.08.10	20:00:00	1.26936	1.26959	1.26807	1.26932	3051	3144399000	37
2016.08.10	21:00:00	1.26932	1.26991	1.26804	1.26909	2723	2676950000	33
2016.08.10	22:00:00	1.26908	1.26910	1.26793	1.26824	2418	2473400000	38
2016.08.10	23:00:00	1.26820	1.26938	1.26785	1.26785	2612	2521000000	33
2016.08.11	00:00:00	1.26835	1.26882	1.25870	1.26763	69252	1380600000	47
2016.08.11	01:00:00	1.26770	1.26859	1.26759	1.26813	2317	2350600000	48
2016.08.11	02:00:00	1.26814	1.26822	1.26716	1.26776	1704	1671900000	43
2016.08.11	03:00:00	1.26777	1.26827	1.26716	1.26724	2510	2508550000	34
2016.08.11	04:00:00	1.26725	1.26861	1.26724	1.26855	2560	2439800000	33
2016.08.11	05:00:00	1.26853	1.26893	1.26807	1.26807	1562	1590500000	45
2016.08.11	06:00:00	1.26807	1.26821	1.26716	1.26728	2006	1868550000	41
2016.08.11	07:00:00	1.26723	1.26846	1.26723	1.26797	1821	1692900000	42
2016.08.11	08:00:00	1.26796	1.26814	1.26701	1.26712	2017	1892395000	42
2016.08.11	09:00:00	1.26708	1.26873	1.26689	1.26799	4594	4465450000	34
2016.08.11	10:00:00	1.26800	1.26847	1.26470	1.26470	8614	8131000000	36
2016.08.11	11:00:00	1.26472	1.26505	1.26251	1.26379	8060	6689750000	34
2016.08.11	12:00:00	1.26380	1.26506	1.26354	1.26500	6231	5747298000	35
2016.08.11	13:00:00	1.26500	1.26643	1.26405	1.26550	6632	6111499000	34
2016.08.11	14:00:00	1.26548	1.26614	1.26283	1.26303	6594	5809550000	33
2016.08.11	15:00:00	1.26301	1.26344	1.26152	1.26268	7207	6129783000	34
2016.08.11	16:00:00	1.26265	1.26393	1.26216	1.26245	6812	6380299000	33
2016.08.11	17:00:00	1.26244	1.26260	1.25916	1.25920	8697	7845914000	33
2016.08.11	18:00:00	1.25921	1.26045	1.25887	1.25983	6652	5869670000	33
2016.08.11	19:00:00	1.25986	1.26240	1.25971	1.26214	4571	4560974000	33
2016.08.11	20:00:00	1.26214	1.26351	1.26196	1.26332	3712	3692950000	35
2016.08.11	21:00:00	1.26325	1.26398	1.26283	1.26356	3293	3348798000	34
2016.08.11	22:00:00	1.26352	1.26414	1.26307	1.26383	3110	2953250000	38
2016.08.11	23:00:00	1.26384	1.26388	1.26316	1.26362	2139	1955800000	39
2016.08.12	00:00:00	1.26355	1.26740	1.25728	1.26360	64329	1222300000	35
2016.08.12	01:00:00	1.26350	1.26353	1.26286	1.26303	2693	2376100000	43
2016.08.12	02:00:00	1.26313	1.26345	1.26246	1.26285	2212	1786799000	42
2016.08.12	03:00:00	1.26283	1.26417	1.26271	1.26379	2204	2112450000	41
2016.08.12	04:00:00	1.26378	1.26494	1.26375	1.26471	2056	1883950000	40
2016.08.12	05:00:00	1.26473	1.26492	1.26433	1.26459	1761	1574598000	44
2016.08.12	06:00:00	1.26459	1.26476	1.26424	1.26449	1584	1505600000	47
2016.08.12	07:00:00	1.26449	1.26468	1.26404	1.26435	1545	1512500000	45
2016.08.12	08:00:00	1.26437	1.26495	1.26414	1.26438	1531	1414148000	45
2016.08.12	09:00:00	1.26436	1.26436	1.26195	1.26246	4372	4007050000	36
2016.08.12	10:00:00	1.26246	1.26316	1.26121	1.26230	6872	6672850000	33
2016.08.12	11:00:00	1.26230	1.26347	1.26172	1.26332	5689	5099899000	34
2016.08.12	12:00:00	1.26332	1.26388	1.26071	1.26354	5783	5565850000	33
2016.08.12	13:00:00	1.26353	1.26499	1.26334	1.26435	4471	4198546000	33
2016.08.12	14:00:00	1.26435	1.26572	1.26347	1.26495	3887	3746700000	34
2016.08.12	15:00:00	1.26494	1.26750	1.26223	1.26334	10708	10323500000	33
2016.08.12	16:00:00	1.26332	1.26450	1.26079	1.26186	9849	9129750000	33
2016.08.12	17:00:00	1.26195	1.26215	1.25789	1.25882	9587	9153900000	34
2016.08.12	18:00:00	1.25884	1.25982	1.25782	1.25921	5662	5541000000	37
2016.08.12	19:00:00	1.25919	1.25944	1.25748	1.25883	5252	4978200000	35
2016.08.12	20:00:00	1.25881	1.25882	1.25765	1.25794	2938	2967599000	35
2016.08.12	21:00:00	1.25796	1.25943	1.25748	1.25924	2530	2673750000	35
2016.08.12	22:00:00	1.25923	1.26013	1.25844	1.25857	2699	2826700000	37
2016.08.12	23:00:00	1.25863	1.25888	1.25742	1.25840	2446	1169050000	36
2016.08.15	00:00:00	1.25912	1.26204	1.24958	1.25852	55201	428298000	0
2016.08.15	01:00:00	1.25825	1.25890	1.25793	1.25830	1982	729100000	58
2016.08.15	02:00:00	1.25821	1.25838	1.25753	1.25785	2341	992900000	47
2016.08.15	03:00:00	1.25788	1.25943	1.25787	1.25919	2434	2019797000	46
2016.08.15	04:00:00	1.25919	1.26210	1.25919	1.26207	3128	1872500000	46
2016.08.15	05:00:00	1.26206	1.26209	1.26044	1.26088	2450	1287450000	49
2016.08.15	06:00:00	1.26089	1.26175	1.26083	1.26145	1584	1327400000	44
2016.08.15	07:00:00	1.26149	1.26154	1.26020	1.26035	1320	1253248000	45
2016.08.15	08:00:00	1.26034	1.26119	1.25983	1.26069	1464	1307200000	44
2016.08.15	09:00:00	1.26071	1.26194	1.26019	1.26068	4005	3709950000	34
2016.08.15	10:00:00	1.26067	1.26178	1.25845	1.25913	7241	6748150000	33
2016.08.15	11:00:00	1.25912	1.26028	1.25824	1.25903	6536	5860600000	33
2016.08.15	12:00:00	1.25903	1.25903	1.25760	1.25835	4403	4144700000	36
2016.08.15	13:00:00	1.25835	1.25935	1.25752	1.25841	4338	4156050000	34
2016.08.15	14:00:00	1.25840	1.25875	1.25509	1.25529	5919	5385900000	33
2016.08.15	15:00:00	1.25532	1.25689	1.25401	1.25468	7524	7124350000	33
2016.08.15	16:00:00	1.25468	1.25490	1.25288	1.25334	7365	7109198000	33
2016.08.15	17:00:00	1.25335	1.25439	1.25041	1.25119	8587	8497080000	33
2016.08.15	18:00:00	1.25118	1.25276	1.24969	1.25036	6331	6330150000	33
2016.08.15	19:00:00	1.25034	1.25250	1.25021	1.25248	3304	3278500000	33
2016.08.15	20:00:00	1.25248	1.25270	1.25210	1.25265	2336	2295850000	33
2016.08.15	21:00:00	1.25265	1.25274	1.25147	1.25192	2453	2103699000	35
2016.08.15	22:00:00	1.25198	1.25274	1.25190	1.25208	2102	1863100000	35
2016.08.15	23:00:00	1.25211	1.25319	1.25205	1.25235	1985	1801500000	35
2016.08.16	00:00:00	1.25398	1.25539	1.24457	1.25299	93514	977658000	0
2016.08.16	01:00:00	1.25321	1.25377	1.25249	1.25356	2690	2353100000	45
2016.08.16	02:00:00	1.25356	1.25392	1.25300	1.25316	2029	1803150000	33
2016.08.16	03:00:00	1.25320	1.25410	1.25289	1.25371	2561	2334400000	35
2016.08.16	04:00:00	1.25371	1.25385	1.25332	1.25342	1996	1809450000	45
2016.08.16	05:00:00	1.25341	1.25441	1.25302	1.25353	2451	2335593000	41
2016.08.16	06:00:00	1.25353	1.25422	1.25317	1.25376	2782	2658650000	43
2016.08.16	07:00:00	1.25385	1.25420	1.25342	1.25356	2194	2051750000	43
2016.08.16	08:00:00	1.25355	1.25400	1.25249	1.25360	3475	3221192000	41
2016.08.16	09:00:00	1.25359	1.25383	1.24764	1.24806	8345	6827750000	33
2016.08.16	10:00:00	1.24804	1.24892	1.24471	1.24648	11042	8823000000	33
2016.08.16	11:00:00	1.24650	1.25310	1.24625	1.25093	10458	8369471000	33
2016.08.16	12:00:00	1.25102	1.25172	1.24948	1.24996	8931	7996200000	33
2016.08.16	13:00:00	1.24999	1.25089	1.24744	1.24875	8458	7300600000	33
2016.08.16	14:00:00	1.24878	1.24970	1.24474	1.24510	8465	7358150000	33
2016.08.16	15:00:00	1.24508	1.24855	1.24428	1.24766	12227	11310640000	33
2016.08.16	16:00:00	1.24767	1.24983	1.24740	1.24798	11959	10541150000	33
2016.08.16	17:00:00	1.24798	1.24992	1.24765	1.24927	10202	9483350000	33
2016.08.16	18:00:00	1.24930	1.25352	1.24843	1.25234	8483	7639960000	34
2016.08.16	19:00:00	1.25235	1.25550	1.25219	1.25482	5190	4398150000	33
2016.08.16	20:00:00	1.25484	1.25546	1.25397	1.25505	4478	4422100000	33
2016.08.16	21:00:00	1.25502	1.25502	1.25374	1.25445	3276	3205850000	33
2016.08.16	22:00:00	1.25447	1.25498	1.25424	1.25462	2589	2465850000	33
2016.08.16	23:00:00	1.25463	1.25519	1.25422	1.25429	2332	2127650000	37
2016.08.17	00:00:00	1.25370	1.25664	1.25066	1.25440	86783	419450000	41
2016.08.17	01:00:00	1.25439	1.25650	1.25379	1.25425	3709	3109790000	47
2016.08.17	02:00:00	1.25422	1.25426	1.25262	1.25298	3517	3397300000	45
2016.08.17	03:00:00	1.25296	1.25467	1.25295	1.25436	3588	3579250000	42
2016.08.17	04:00:00	1.25435	1.25534	1.25366	1.25437	3062	3041400000	41
2016.08.17	05:00:00	1.25438	1.25492	1.25361	1.25406	2753	2473450000	41
2016.08.17	06:00:00	1.25406	1.25469	1.25373	1.25413	2109	2105950000	40
2016.08.17	07:00:00	1.25412	1.25469	1.25384	1.25443	2577	2496250000	41
2016.08.17	08:00:00	1.25436	1.25635	1.25417	1.25577	3558	2983850000	35
2016.08.17	09:00:00	1.25579	1.25678	1.25399	1.25492	5953	5124500000	34
2016.08.17	10:00:00	1.25494	1.25498	1.25129	1.25133	8246	7075450000	35
2016.08.17	11:00:00	1.25137	1.25600	1.25111	1.25252	9809	7917584000	33
2016.08.17	12:00:00	1.25251	1.25549	1.25190	1.25515	7308	6789798000	33
2016.08.17	13:00:00	1.25515	1.25525	1.25142	1.25218	7455	6395536000	34
2016.08.17	14:00:00	1.25219	1.25350	1.25081	1.25240	6188	4729550000	35
2016.08.17	15:00:00	1.25240	1.25490	1.25224	1.25471	6864	6153700000	33
2016.08.17	16:00:00	1.25472	1.25510	1.25165	1.25231	7370	6715498000	33
2016.08.17	17:00:00	1.25232	1.25453	1.25187	1.25194	8627	7895399000	33
2016.08.17	18:00:00	1.25195	1.25471	1.25183	1.25436	7560	7263500000	33
2016.08.17	19:00:00	1.25436	1.25436	1.25251	1.25341	4498	4087450000	33
2016.08.17	20:00:00	1.25341	1.25421	1.25292	1.25296	4030	4053700000	35
2016.08.17	21:00:00	1.25292	1.25603	1.25251	1.25420	12213	11813850000	33
2016.08.17	22:00:00	1.25418	1.25559	1.25393	1.25434	4523	4074300000	34
2016.08.17	23:00:00	1.25434	1.25472	1.25369	1.25395	1706	1609150000	38
2016.08.18	00:00:00	1.25587	1.26242	1.25121	1.25466	94138	754000000	0
2016.08.18	01:00:00	1.25466	1.25503	1.25382	1.25398	2676	2541550000	42
2016.08.18	02:00:00	1.25423	1.25454	1.25338	1.25408	3608	3189050000	40
2016.08.18	03:00:00	1.25406	1.25531	1.25350	1.25451	4158	4104550000	41
2016.08.18	04:00:00	1.25452	1.25670	1.25451	1.25488	4665	4679550000	40
2016.08.18	05:00:00	1.25489	1.25517	1.25404	1.25459	3958	3666550000	37
2016.08.18	06:00:00	1.25457	1.25476	1.25344	1.25387	2974	2841050000	42
2016.08.18	07:00:00	1.25387	1.25466	1.25364	1.25454	3105	3080950000	42
2016.08.18	08:00:00	1.25459	1.25499	1.25367	1.25428	3900	3677100000	35
2016.08.18	09:00:00	1.25433	1.25496	1.25290	1.25323	6400	5204550000	34
2016.08.18	10:00:00	1.25320	1.25421	1.25240	1.25249	9124	6982950000	33
2016.08.18	11:00:00	1.25244	1.26112	1.25142	1.26093	11668	9156632000	33
2016.08.18	12:00:00	1.26080	1.26254	1.26019	1.26152	8530	7229649000	33
2016.08.18	13:00:00	1.26154	1.26204	1.25996	1.26035	7228	6560446000	34
2016.08.18	14:00:00	1.26034	1.26118	1.25869	1.25952	8181	7771450000	33
2016.08.18	15:00:00	1.25953	1.26151	1.25931	1.26066	9953	9174700000	33
2016.08.18	16:00:00	1.26065	1.26134	1.25846	1.25892	9136	8000000000	33
2016.08.18	17:00:00	1.25889	1.26083	1.25802	1.26033	8884	6978950000	33
2016.08.18	18:00:00	1.26031	1.26113	1.25849	1.25869	7321	6350600000	33
2016.08.18	19:00:00	1.25868	1.25887	1.25714	1.25788	4845	3743800000	33
2016.08.18	20:00:00	1.25790	1.25843	1.25648	1.25656	3612	3687050000	34
2016.08.18	21:00:00	1.25654	1.25708	1.25396	1.25408	4390	3633491000	33
2016.08.18	22:00:00	1.25409	1.25618	1.25401	1.25603	3132	2769600000	35
2016.08.18	23:00:00	1.25605	1.25682	1.25522	1.25637	3255	2744750000	38
2016.08.19	00:00:00	1.25618	1.25796	1.24713	1.25638	77813	1131300000	67
2016.08.19	01:00:00	1.25659	1.25763	1.25568	1.25641	3534	3312700000	47
2016.08.19	02:00:00	1.25649	1.25682	1.25591	1.25626	2345	2044800000	39
2016.08.19	03:00:00	1.25626	1.25649	1.25522	1.25578	3474	3410150000	40
2016.08.19	04:00:00	1.25576	1.25589	1.25409	1.25471	2876	2787750000	45
2016.08.19	05:00:00	1.25471	1.25599	1.25396	1.25531	3654	3651600000	44
2016.08.19	06:00:00	1.25528	1.25613	1.25524	1.25608	2866	2895648000	43
2016.08.19	07:00:00	1.25601	1.25653	1.25591	1.25617	2226	2161150000	45
2016.08.19	08:00:00	1.25616	1.25627	1.25548	1.25622	2328	2299850000	44
2016.08.19	09:00:00	1.25626	1.25738	1.25563	1.25619	5932	4829900000	35
2016.08.19	10:00:00	1.25615	1.25733	1.25401	1.25614	10091	8271590000	33
2016.08.19	11:00:00	1.25610	1.25694	1.25513	1.25565	7697	6951050000	33
2016.08.19	12:00:00	1.25565	1.25808	1.25515	1.25791	7313	7124950000	34
2016.08.19	13:00:00	1.25791	1.25809	1.25584	1.25584	6638	4985400000	33
2016.08.19	14:00:00	1.25579	1.25748	1.25541	1.25660	6832	5620350000	33
2016.08.19	15:00:00	1.25655	1.25655	1.25152	1.25382	10720	9150800000	33
2016.08.19	16:00:00	1.25382	1.25418	1.24724	1.24967	11410	9822700000	33
2016.08.19	17:00:00	1.24965	1.25353	1.24954	1.25244	9507	7824068000	33
2016.08.19	18:00:00	1.25244	1.25425	1.25211	1.25276	6319	5670650000	33
2016.08.19	19:00:00	1.25276	1.25445	1.25190	1.25434	4061	4050800000	33
2016.08.19	20:00:00	1.25431	1.25591	1.25407	1.25494	2943	2879900000	33
2016.08.19	21:00:00	1.25498	1.25601	1.25480	1.25480	2534	2446799000	33
2016.08.19	22:00:00	1.25481	1.25538	1.25432	1.25465	2216	2242550000	35
2016.08.19	23:00:00	1.25460	1.25599	1.25460	1.25491	2135	1220750000	42
2016.08.22	00:00:00	1.25507	1.26464	1.25289	1.25519	68744	1727047000	61
2016.08.22	01:00:00	1.25523	1.25596	1.25435	1.25552	3440	2923982000	35
2016.08.22	02:00:00	1.25551	1.25627	1.25468	1.25621	3937	3126250000	33
2016.08.22	03:00:00	1.25621	1.25649	1.25523	1.25617	4416	4426650000	38
2016.08.22	04:00:00	1.25616	1.25692	1.25555	1.25681	4129	4164050000	45
2016.08.22	05:00:00	1.25682	1.25721	1.25603	1.25663	3034	2963550000	34
2016.08.22	06:00:00	1.25662	1.25720	1.25626	1.25706	3023	3028250000	44
2016.08.22	07:00:00	1.25704	1.25712	1.25656	1.25694	2010	2034500000	46
2016.08.22	08:00:00	1.25695	1.25793	1.25665	1.25793	2417	2401200000	44
2016.08.22	09:00:00	1.25793	1.25813	1.25707	1.25775	6058	4959350000	33
2016.08.22	10:00:00	1.25777	1.26170	1.25653	1.26150	8776	7284774000	33
2016.08.22	11:00:00	1.26148	1.26392	1.26108	1.26271	8336	7394900000	33
2016.08.22	12:00:00	1.26271	1.26305	1.26066	1.26166	7162	7051250000	33
2016.08.22	13:00:00	1.26164	1.26167	1.26047	1.26061	5505	4885350000	33
2016.08.22	14:00:00	1.26061	1.26215	1.26001	1.26163	6030	4923050000	34
2016.08.22	15:00:00	1.26163	1.26302	1.26010	1.26011	7483	6648150000	35
2016.08.22	16:00:00	1.26010	1.26085	1.25907	1.26005	8348	6692400000	33
2016.08.22	17:00:00	1.26006	1.26452	1.25977	1.26381	9148	7276650000	33
2016.08.22	18:00:00	1.26377	1.26479	1.26271	1.26400	7615	6734800000	33
2016.08.22	19:00:00	1.26395	1.26441	1.26244	1.26256	4132	3981750000	33
2016.08.22	20:00:00	1.26255	1.26324	1.26244	1.26313	2841	2825100000	34
2016.08.22	21:00:00	1.26312	1.26348	1.26250	1.26263	2091	2168200000	37
2016.08.22	22:00:00	1.26267	1.26322	1.26247	1.26316	1712	1691550000	43
2016.08.22	23:00:00	1.26316	1.26408	1.26302	1.26378	1678	1449950000	39
2016.08.23	00:00:00	1.26402	1.27120	1.26244	1.26394	73928	555100000	33
2016.08.23	01:00:00	1.26399	1.26415	1.26315	1.26357	2106	1515900000	44
2016.08.23	02:00:00	1.26359	1.26476	1.26349	1.26474	1955	1799850000	45
2016.08.23	03:00:00	1.26474	1.26480	1.26253	1.26388	4454	4442700000	40
2016.08.23	04:00:00	1.26384	1.26459	1.26345	1.26352	2987	3015150000	44
2016.08.23	05:00:00	1.26354	1.26411	1.26298	1.26334	2708	2649200000	43
2016.08.23	06:00:00	1.26336	1.26433	1.26296	1.26429	2057	2014750000	42
2016.08.23	07:00:00	1.26431	1.26493	1.26389	1.26453	2192	2195400000	44
2016.08.23	08:00:00	1.26454	1.26552	1.26366	1.26479	3521	3030740000	42
2016.08.23	09:00:00	1.26485	1.26612	1.26362	1.26403	6063	5408250000	34
2016.08.23	10:00:00	1.26404	1.26767	1.26404	1.26581	9391	8881200000	33
2016.08.23	11:00:00	1.26581	1.26780	1.26569	1.26676	7765	7223547000	35
2016.08.23	12:00:00	1.26676	1.26781	1.26633	1.26749	6674	5324496000	33
2016.08.23	13:00:00	1.26749	1.26913	1.26731	1.26779	6463	5697342000	33
2016.08.23	14:00:00	1.26780	1.26946	1.26650	1.26681	6020	5731850000	33
2016.08.23	15:00:00	1.26681	1.26791	1.26658	1.26785	6674	6270300000	33
2016.08.23	16:00:00	1.26784	1.26859	1.26661	1.26748	8370	8161150000	33
2016.08.23	17:00:00	1.26771	1.26790	1.26580	1.26672	10332	9791750000	33
2016.08.23	18:00:00	1.26673	1.26832	1.26669	1.26791	8170	7457500000	33
2016.08.23	19:00:00	1.26791	1.26951	1.26789	1.26852	5295	4511098000	33
2016.08.23	20:00:00	1.26851	1.27086	1.26773	1.27066	3608	3201196000	33
2016.08.23	21:00:00	1.27065	1.27114	1.26984	1.27023	2993	2718500000	36
2016.08.23	22:00:00	1.27021	1.27132	1.26970	1.27060	2708	2626950000	34
2016.08.23	23:00:00	1.27061	1.27100	1.27017	1.27078	2292	2176950000	40
2016.08.24	00:00:00	1.27137	1.28302	1.26837	1.27056	80842	955400000	33
2016.08.24	01:00:00	1.27089	1.27141	1.27044	1.27096	1664	1266450000	41
2016.08.24	02:00:00	1.27096	1.27133	1.27053	1.27124	1931	1550700000	41
2016.08.24	03:00:00	1.27123	1.27145	1.26963	1.27007	3456	3137350000	43
2016.08.24	04:00:00	1.27007	1.27025	1.26940	1.27008	3383	3266400000	33
2016.08.24	05:00:00	1.27009	1.27090	1.26979	1.27022	3160	3253300000	42
2016.08.24	06:00:00	1.27019	1.27055	1.26986	1.26988	2611	2165200000	42
2016.08.24	07:00:00	1.26988	1.27004	1.26929	1.26964	2128	1868650000	41
2016.08.24	08:00:00	1.26965	1.27098	1.26951	1.27044	3000	2521800000	42
2016.08.24	09:00:00	1.27042	1.27062	1.26890	1.26937	5911	5635100000	33
2016.08.24	10:00:00	1.26935	1.27128	1.26855	1.27019	8091	7185950000	33
2016.08.24	11:00:00	1.27017	1.27448	1.27013	1.27323	10403	7171337000	33
2016.08.24	12:00:00	1.27322	1.27605	1.27291	1.27426	8447	7102584000	33
2016.08.24	13:00:00	1.27426	1.27796	1.27387	1.27762	7151	6871899000	33
2016.08.24	14:00:00	1.27760	1.28026	1.27685	1.27829	8830	7300349000	33
2016.08.24	15:00:00	1.27829	1.28110	1.27807	1.28076	8190	7457244000	33
2016.08.24	16:00:00	1.28075	1.28230	1.27988	1.28192	9684	8389999000	33
2016.08.24	17:00:00	1.28187	1.28317	1.28147	1.28199	10566	9089350000	33
2016.08.24	18:00:00	1.28199	1.28221	1.27980	1.27998	7108	6034000000	33
2016.08.24	19:00:00	1.27996	1.28079	1.27859	1.27877	5269	4961400000	33
2016.08.24	20:00:00	1.27875	1.27956	1.27850	1.27954	3349	3556500000	33
2016.08.24	21:00:00	1.27954	1.28000	1.27895	1.27938	3072	3126750000	34
2016.08.24	22:00:00	1.27945	1.27979	1.27862	1.27908	3158	3229050000	36
2016.08.24	23:00:00	1.27908	1.27962	1.27884	1.27928	1784	1676250000	41
2016.08.25	00:00:00	1.27916	1.28151	1.27209	1.27913	67322	843450000	55
2016.08.25	01:00:00	1.27903	1.27954	1.27896	1.27931	1837	1591800000	47
2016.08.25	02:00:00	1.27931	1.28035	1.27892	1.28014	2176	1911250000	42
2016.08.25	03:00:00	1.28017	1.28168	1.27983	1.28111	2748	2831200000	44
2016.08.25	04:00:00	1.28110	1.28110	1.27952	1.27980	2533	2507800000	46
2016.08.25	05:00:00	1.27979	1.27986	1.27817	1.27820	2680	2544800000	44
2016.08.25	06:00:00	1.27820	1.27862	1.27785	1.27852	1763	1720450000	45
2016.08.25	07:00:00	1.27851	1.27874	1.27810	1.27843	1514	1409700000	43
2016.08.25	08:00:00	1.27844	1.27869	1.27787	1.27828	1836	1660700000	43
2016.08.25	09:00:00	1.27832	1.27856	1.27574	1.27718	4432	3809700000	37
2016.08.25	10:00:00	1.27726	1.27743	1.27523	1.27547	7320	7117880000	33
2016.08.25	11:00:00	1.27547	1.27715	1.27433	1.27494	6736	6662850000	34
2016.08.25	12:00:00	1.27493	1.27610	1.27445	1.27454	5910	5818600000	33
2016.08.25	13:00:00	1.27455	1.27554	1.27295	1.27350	5605	5592450000	33
2016.08.25	14:00:00	1.27349	1.27466	1.27226	1.27391	6266	6113900000	33
2016.08.25	15:00:00	1.27388	1.27469	1.27349	1.27389	7954	7491699000	33
2016.08.25	16:00:00	1.27388	1.27578	1.27377	1.27496	8221	7892850000	33
2016.08.25	17:00:00	1.27499	1.27709	1.27482	1.27646	8438	7425449000	34
2016.08.25	18:00:00	1.27649	1.27693	1.27540	1.27595	6042	5430350000	35
2016.08.25	19:00:00	1.27594	1.27693	1.27560	1.27660	3949	3604450000	33
2016.08.25	20:00:00	1.27660	1.27667	1.27476	1.27480	3555	3122950000	39
2016.08.25	21:00:00	1.27480	1.27546	1.27453	1.27470	2551	2083150000	38
2016.08.25	22:00:00	1.27467	1.27659	1.27451	1.27648	3483	2740350000	34
2016.08.25	23:00:00	1.27653	1.27676	1.27562	1.27592	2076	1585200000	42
2016.08.26	00:00:00	1.27636	1.28515	1.27449	1.27580	92250	216850000	64
2016.08.26	01:00:00	1.27601	1.27681	1.27487	1.27582	4012	3818500000	41
2016.08.26	02:00:00	1.27583	1.27632	1.27519	1.27576	1839	1855850000	44
2016.08.26	03:00:00	1.27576	1.27752	1.27574	1.27699	2960	3049550000	44
2016.08.26	04:00:00	1.27699	1.27701	1.27568	1.27577	2189	2225750000	42
2016.08.26	05:00:00	1.27579	1.27683	1.27567	1.27620	2100	2155800000	44
2016.08.26	06:00:00	1.27621	1.27683	1.27620	1.27672	1395	1387600000	46
2016.08.26	07:00:00	1.27676	1.27715	1.27651	1.27662	1302	1311250000	46
2016.08.26	08:00:00	1.27657	1.27701	1.27601	1.27660	1815	1938100000	44
2016.08.26	09:00:00	1.27657	1.27657	1.27462	1.27592	5144	5054850000	35
2016.08.26	10:00:00	1.27592	1.27850	1.27579	1.27689	7422	7839246000	35
2016.08.26	11:00:00	1.27685	1.27744	1.27526	1.27543	7550	8274200000	33
2016.08.26	12:00:00	1.27545	1.27610	1.27482	1.27567	5644	6675750000	35
2016.08.26	13:00:00	1.27567	1.27690	1.27463	1.27654	5527	6497600000	33
2016.08.26	14:00:00	1.27652	1.27774	1.27581	1.27715	4974	6783804000	35
2016.08.26	15:00:00	1.27714	1.27948	1.27647	1.27805	9636	10087750000	35
2016.08.26	16:00:00	1.27803	1.28026	1.27713	1.27724	8301	7099100000	38
2016.08.26	17:00:00	1.27728	1.28148	1.27483	1.27831	20668	17294950000	33
2016.08.26	18:00:00	1.27832	1.28206	1.27762	1.27938	15588	12798572000	33
2016.08.26	19:00:00	1.27942	1.28061	1.27824	1.27986	10806	10573500000	40
2016.08.26	20:00:00	1.27985	1.28358	1.27949	1.28307	6579	5870300000	33
2016.08.26	21:00:00	1.28306	1.28499	1.28199	1.28465	7783	6891040000	34
2016.08.26	22:00:00	1.28465	1.28519	1.28392	1.28434	6648	6243600000	35
2016.08.26	23:00:00	1.28435	1.28524	1.28364	1.28414	2907	2175549000	42
2016.08.29	00:00:00	1.28347	1.28441	1.27867	1.28303	67665	337099000	0
2016.08.29	01:00:00	1.28303	1.28435	1.28288	1.28426	3282	2992550000	42
2016.08.29	02:00:00	1.28432	1.28452	1.28313	1.28333	2612	2081800000	45
2016.08.29	03:00:00	1.28333	1.28353	1.28183	1.28210	4310	3934200000	41
2016.08.29	04:00:00	1.28210	1.28313	1.28205	1.28268	3717	3436300000	39
2016.08.29	05:00:00	1.28269	1.28343	1.28196	1.28226	3586	3480950000	43
2016.08.29	06:00:00	1.28227	1.28277	1.28192	1.28238	3097	2714000000	44
2016.08.29	07:00:00	1.28244	1.28273	1.28184	1.28213	2123	2012050000	41
2016.08.29	08:00:00	1.28211	1.28268	1.28162	1.28165	2402	2368350000	44
2016.08.29	09:00:00	1.28166	1.28210	1.27992	1.28100	5088	4774500000	35
2016.08.29	10:00:00	1.28104	1.28176	1.27926	1.27968	7994	6101850000	36
2016.08.29	11:00:00	1.27966	1.28103	1.27913	1.28060	6092	5685750000	38
2016.08.29	12:00:00	1.28060	1.28110	1.27977	1.28078	4898	4780000000	35
2016.08.29	13:00:00	1.28077	1.28107	1.27891	1.27995	4621	5284350000	35
2016.08.29	14:00:00	1.27993	1.28068	1.27886	1.27917	5645	5627600000	36
2016.08.29	15:00:00	1.27917	1.28056	1.27896	1.27981	7048	8908276000	36
2016.08.29	16:00:00	1.27984	1.28180	1.27909	1.28144	7392	9325210000	36
2016.08.29	17:00:00	1.28145	1.28198	1.28018	1.28020	10985	12757225000	33
2016.08.29	18:00:00	1.28027	1.28076	1.27962	1.27993	6266	7603550000	33
2016.08.29	19:00:00	1.27993	1.28029	1.27940	1.28025	3702	4730450000	38
2016.08.29	20:00:00	1.28025	1.28090	1.27930	1.28073	4209	5471250000	39
2016.08.29	21:00:00	1.28074	1.28266	1.28045	1.28245	4019	4622500000	34
2016.08.29	22:00:00	1.28248	1.28250	1.28159	1.28190	3175	4116700000	39
2016.08.29	23:00:00	1.28192	1.28230	1.28155	1.28162	1634	2104400000	35
2016.08.30	00:00:00	1.28180	1.28813	1.27886	1.28179	77339	1717300000	0
2016.08.30	01:00:00	1.28191	1.28220	1.28147	1.28174	2606	2667600000	45
2016.08.30	02:00:00	1.28163	1.28268	1.28086	1.28141	3380	3135400000	39
2016.08.30	03:00:00	1.28143	1.28251	1.28134	1.28234	3154	3098250000	43
2016.08.30	04:00:00	1.28234	1.28262	1.28122	1.28157	4318	4493750000	41
2016.08.30	05:00:00	1.28165	1.28307	1.28128	1.28259	3153	3329950000	42
2016.08.30	06:00:00	1.28264	1.28333	1.28236	1.28267	2251	2333000000	45
2016.08.30	07:00:00	1.28267	1.28339	1.28238	1.28299	2338	2341150000	43
2016.08.30	08:00:00	1.28300	1.28309	1.28178	1.28210	2889	2639500000	42
2016.08.30	09:00:00	1.28208	1.28254	1.27891	1.27933	5683	4890600000	36
2016.08.30	10:00:00	1.27938	1.28200	1.27914	1.28072	8063	7742350000	33
2016.08.30	11:00:00	1.28072	1.28143	1.27932	1.28038	6067	5382696000	36
2016.08.30	12:00:00	1.28036	1.28203	1.28006	1.28062	6407	5662800000	39
2016.08.30	13:00:00	1.28061	1.28262	1.28011	1.28215	8340	6542390000	35
2016.08.30	14:00:00	1.28213	1.28476	1.28201	1.28460	7878	7289350000	36
2016.08.30	15:00:00	1.28459	1.28624	1.28436	1.28560	9968	6779417000	35
2016.08.30	16:00:00	1.28555	1.28823	1.28535	1.28722	9689	8538250000	33
2016.08.30	17:00:00	1.28701	1.28826	1.28534	1.28552	11140	9549750000	34
2016.08.30	18:00:00	1.28551	1.28618	1.28450	1.28483	8239	7240150000	33
2016.08.30	19:00:00	1.28483	1.28687	1.28429	1.28610	5389	6553050000	34
2016.08.30	20:00:00	1.28608	1.28718	1.28521	1.28659	4887	5755850000	36
2016.08.30	21:00:00	1.28657	1.28711	1.28600	1.28687	3791	4625100000	36
2016.08.30	22:00:00	1.28693	1.28715	1.28588	1.28654	3027	3260700000	36
2016.08.30	23:00:00	1.28653	1.28678	1.28600	1.28669	1828	1880400000	41
2016.08.31	00:00:00	1.28670	1.29402	1.28487	1.28623	81745	587900000	0
2016.08.31	01:00:00	1.28617	1.28665	1.28578	1.28613	1968	1591750000	45
2016.08.31	02:00:00	1.28609	1.28691	1.28602	1.28676	1968	1855448000	44
2016.08.31	03:00:00	1.28676	1.28694	1.28496	1.28527	3604	2484300000	33
2016.08.31	04:00:00	1.28529	1.28678	1.28527	1.28606	3762	3548450000	34
2016.08.31	05:00:00	1.28606	1.28834	1.28574	1.28794	3883	3830000000	33
2016.08.31	06:00:00	1.28797	1.28872	1.28762	1.28784	2365	2188650000	42
2016.08.31	07:00:00	1.28783	1.28818	1.28721	1.28747	2282	2260550000	44
2016.08.31	08:00:00	1.28750	1.28802	1.28700	1.28725	3266	3281698000	42
2016.08.31	09:00:00	1.28725	1.28849	1.28672	1.28709	6180	5921897000	36
2016.08.31	10:00:00	1.28716	1.28929	1.28694	1.28903	7220	6722748000	37
2016.08.31	11:00:00	1.28904	1.29335	1.28896	1.29258	9218	9260044000	33
2016.08.31	12:00:00	1.29256	1.29266	1.29085	1.29118	6427	7218150000	36
2016.08.31	13:00:00	1.29119	1.29416	1.29107	1.29274	6178	7339900000	35
2016.08.31	14:00:00	1.29274	1.29362	1.29150	1.29247	5887	6037149000	34
2016.08.31	15:00:00	1.29246	1.29260	1.28945	1.28997	10075	9899135000	34
2016.08.31	16:00:00	1.28998	1.29016	1.28636	1.28678	11182	8567800000	37
2016.08.31	17:00:00	1.28679	1.29212	1.28630	1.28710	13193	10607550000	34
2016.08.31	18:00:00	1.28709	1.29129	1.28625	1.29035	10108	8206300000	33
2016.08.31	19:00:00	1.29036	1.29095	1.28975	1.29092	6448	6820050000	33
2016.08.31	20:00:00	1.29094	1.29114	1.28961	1.29051	4371	4578950000	37
2016.08.31	21:00:00	1.29050	1.29120	1.28984	1.29039	4404	4630250000	35
2016.08.31	22:00:00	1.29041	1.29176	1.29041	1.29132	4439	5041000000	33
2016.08.31	23:00:00	1.29132	1.29246	1.29085	1.29237	2855	2984331000	37
2016.09.01	00:00:00	1.29217	1.30807	1.29088	1.29203	90218	2127800000	0
2016.09.01	01:00:00	1.29203	1.29284	1.29178	1.29276	3367	3227950000	42
2016.09.01	02:00:00	1.29282	1.29304	1.29140	1.29175	3652	3117650000	39
2016.09.01	03:00:00	1.29172	1.29240	1.29101	1.29132	3577	2999600000	38
2016.09.01	04:00:00	1.29132	1.29216	1.29105	1.29169	3986	3858100000	43
2016.09.01	05:00:00	1.29169	1.29270	1.29134	1.29270	3981	3798150000	35
2016.09.01	06:00:00	1.29274	1.29324	1.29173	1.29252	2634	2236700000	36
2016.09.01	07:00:00	1.29252	1.29359	1.29241	1.29302	2323	2123450000	38
2016.09.01	08:00:00	1.29302	1.29314	1.29220	1.29259	2869	3018550000	38
2016.09.01	09:00:00	1.29260	1.29374	1.29237	1.29261	5365	5690500000	38
2016.09.01	10:00:00	1.29260	1.29807	1.29256	1.29766	8806	8936294000	33
2016.09.01	11:00:00	1.29766	1.30793	1.29635	1.30676	12071	11461259000	33
2016.09.01	12:00:00	1.30676	1.30725	1.30281	1.30383	9117	9112350000	33
2016.09.01	13:00:00	1.30382	1.30459	1.30236	1.30373	6954	8250000000	35
2016.09.01	14:00:00	1.30372	1.30427	1.30239	1.30394	6967	6251950000	33
2016.09.01	15:00:00	1.30394	1.30739	1.30382	1.30579	10651	10565445000	33
2016.09.01	16:00:00	1.30579	1.30765	1.30569	1.30675	9174	10298542000	33
2016.09.01	17:00:00	1.30585	1.30822	1.30269	1.30351	16591	15563739000	33
2016.09.01	18:00:00	1.30351	1.30437	1.29887	1.29936	9205	8650648000	33
2016.09.01	19:00:00	1.29936	1.30090	1.29872	1.29975	5343	5801300000	33
2016.09.01	20:00:00	1.29977	1.30087	1.29903	1.30057	4123	4956150000	33
2016.09.01	21:00:00	1.30057	1.30088	1.29960	1.30023	3730	4863150000	33
2016.09.01	22:00:00	1.30023	1.30046	1.29891	1.29920	3562	4348948000	35
2016.09.01	23:00:00	1.29921	1.30056	1.29904	1.30022	2068	2051900000	39
2016.09.02	00:00:00	1.30010	1.30675	1.29709	1.30052	93637	2397600000	0
2016.09.02	01:00:00	1.30050	1.30112	1.30022	1.30034	2663	2238000000	45
2016.09.02	02:00:00	1.30035	1.30082	1.30008	1.30053	1643	1576100000	43
2016.09.02	03:00:00	1.30055	1.30092	1.30010	1.30043	3188	2717850000	37
2016.09.02	04:00:00	1.30042	1.30265	1.30040	1.30247	2898	2859450000	42
2016.09.02	05:00:00	1.30250	1.30274	1.30142	1.30206	2347	2183900000	42
2016.09.02	06:00:00	1.30207	1.30222	1.30098	1.30142	2193	1714300000	42
2016.09.02	07:00:00	1.30140	1.30144	1.30013	1.30083	2691	2683799000	42
2016.09.02	08:00:00	1.30083	1.30204	1.30083	1.30198	2542	2409500000	42
2016.09.02	09:00:00	1.30198	1.30208	1.30048	1.30110	4952	4778200000	36
2016.09.02	10:00:00	1.30106	1.30212	1.29956	1.30115	8719	8058100000	36
2016.09.02	11:00:00	1.30116	1.30273	1.30023	1.30056	7385	7519950000	37
2016.09.02	12:00:00	1.30055	1.30212	1.29993	1.30016	6182	6112250000	35
2016.09.02	13:00:00	1.30017	1.30112	1.29812	1.29814	5393	5143400000	33
2016.09.02	14:00:00	1.29815	1.30002	1.29725	1.29977	5929	6872550000	36
2016.09.02	15:00:00	1.29977	1.30540	1.29396	1.30505	16095	14580918000	33
2016.09.02	16:00:00	1.30507	1.30653	1.30242	1.30317	14571	13957100000	33
2016.09.02	17:00:00	1.30317	1.30686	1.30306	1.30451	14163	13086750000	33
2016.09.02	18:00:00	1.30449	1.30500	1.30263	1.30363	9248	9307850000	34
2016.09.02	19:00:00	1.30364	1.30459	1.30322	1.30412	5745	7130850000	33
2016.09.02	20:00:00	1.30409	1.30477	1.30342	1.30376	4505	7102907000	34
2016.09.02	21:00:00	1.30380	1.30421	1.30280	1.30329	3309	4510100000	37
2016.09.02	22:00:00	1.30322	1.30325	1.30248	1.30322	2683	3043100000	36
2016.09.02	23:00:00	1.30322	1.30334	1.30253	1.30265	1614	1664690000	38
2016.09.05	00:00:00	1.30354	1.30821	1.30008	1.30365	61478	773148000	0
2016.09.05	01:00:00	1.30356	1.30393	1.30259	1.30280	4304	3647100000	47
2016.09.05	02:00:00	1.30278	1.30305	1.30232	1.30278	1754	1488450000	45
2016.09.05	03:00:00	1.30275	1.30310	1.30208	1.30280	3045	2439350000	40
2016.09.05	04:00:00	1.30283	1.30378	1.30234	1.30377	2827	2705050000	40
2016.09.05	05:00:00	1.30376	1.30397	1.30310	1.30359	3052	2972050000	42
2016.09.05	06:00:00	1.30357	1.30431	1.30332	1.30341	1857	1750650000	33
2016.09.05	07:00:00	1.30342	1.30450	1.30341	1.30411	2309	2249400000	42
2016.09.05	08:00:00	1.30409	1.30409	1.30222	1.30302	3548	3613550000	43
2016.09.05	09:00:00	1.30299	1.30369	1.30136	1.30161	4968	4611850000	33
2016.09.05	10:00:00	1.30161	1.30245	1.30025	1.30063	8293	10801350000	34
2016.09.05	11:00:00	1.30063	1.30835	1.30062	1.30782	9549	10839228000	34
2016.09.05	12:00:00	1.30782	1.30782	1.30324	1.30378	8009	8916800000	33
2016.09.05	13:00:00	1.30378	1.30522	1.30363	1.30487	6490	7401350000	36
2016.09.05	14:00:00	1.30486	1.30519	1.30341	1.30370	4789	5280950000	37
2016.09.05	15:00:00	1.30371	1.30667	1.30369	1.30608	5744	6433450000	34
2016.09.05	16:00:00	1.30611	1.30734	1.30580	1.30637	5508	5987727000	36
2016.09.05	17:00:00	1.30636	1.30671	1.30334	1.30343	6210	7575950000	35
2016.09.05	18:00:00	1.30343	1.30493	1.30294	1.30438	4591	5494350000	37
2016.09.05	19:00:00	1.30437	1.30510	1.30400	1.30451	2393	2879715000	40
2016.09.05	20:00:00	1.30450	1.30456	1.30306	1.30331	2951	3106200000	37
2016.09.05	21:00:00	1.30329	1.30417	1.30283	1.30298	2237	2597700000	33
2016.09.05	22:00:00	1.30298	1.30353	1.30278	1.30329	1755	2064729000	49
2016.09.05	23:00:00	1.30329	1.30351	1.30302	1.30304	2056	2716750000	59
2016.09.06	00:00:00	1.30349	1.31181	1.30145	1.30367	88706	1084150000	53
2016.09.06	01:00:00	1.30364	1.30394	1.30327	1.30331	4426	4007750000	47
2016.09.06	02:00:00	1.30331	1.30448	1.30296	1.30436	2381	1867950000	38
2016.09.06	03:00:00	1.30436	1.30489	1.30377	1.30465	2292	2141600000	44
2016.09.06	04:00:00	1.30467	1.30542	1.30439	1.30520	2217	2158000000	40
2016.09.06	05:00:00	1.30520	1.30561	1.30474	1.30520	3104	3061250000	38
2016.09.06	06:00:00	1.30520	1.30575	1.30496	1.30510	1833	1844350000	45
2016.09.06	07:00:00	1.30509	1.30605	1.30483	1.30593	2589	2555900000	41
2016.09.06	08:00:00	1.30593	1.30661	1.30573	1.30594	2062	1574049000	39
2016.09.06	09:00:00	1.30594	1.30728	1.30541	1.30719	5612	5295900000	34
2016.09.06	10:00:00	1.30717	1.30813	1.30586	1.30696	8179	9182782000	35
2016.09.06	11:00:00	1.30692	1.30767	1.30545	1.30727	6970	6896030000	34
2016.09.06	12:00:00	1.30728	1.30734	1.30543	1.30582	7035	7492300000	33
2016.09.06	13:00:00	1.30584	1.30641	1.30420	1.30444	4413	3530250000	33
2016.09.06	14:00:00	1.30448	1.30703	1.30426	1.30659	6591	7582013000	36
2016.09.06	15:00:00	1.30661	1.30750	1.30554	1.30630	7395	9353477000	36
2016.09.06	16:00:00	1.30632	1.31192	1.30622	1.31105	9110	10277938000	33
2016.09.06	17:00:00	1.31057	1.31103	1.30457	1.30535	17377	12733164000	33
2016.09.06	18:00:00	1.30538	1.30741	1.30486	1.30487	10681	9289800000	33
2016.09.06	19:00:00	1.30486	1.30556	1.30348	1.30378	6392	7131300000	35
2016.09.06	20:00:00	1.30377	1.30440	1.30270	1.30304	5602	6392100000	37
2016.09.06	21:00:00	1.30304	1.30382	1.30223	1.30346	4767	5200850000	35
2016.09.06	22:00:00	1.30349	1.30360	1.30161	1.30178	3922	4210350000	37
2016.09.06	23:00:00	1.30178	1.30328	1.30174	1.30292	2320	2670750000	38
2016.09.07	00:00:00	1.30262	1.30287	1.29178	1.30199	91662	1283400000	35
2016.09.07	01:00:00	1.30220	1.30274	1.30187	1.30259	5260	5118650000	45
2016.09.07	02:00:00	1.30259	1.30294	1.30070	1.30136	5579	5506750000	38
2016.09.07	03:00:00	1.30136	1.30184	1.30004	1.30092	4427	4313250000	42
2016.09.07	04:00:00	1.30093	1.30224	1.30040	1.30091	4096	3809400000	42
2016.09.07	05:00:00	1.30090	1.30090	1.29999	1.30037	3035	2887650000	40
2016.09.07	06:00:00	1.30037	1.30084	1.29964	1.29987	2588	2544650000	43
2016.09.07	07:00:00	1.29987	1.29991	1.29852	1.29918	3091	2989245000	40
2016.09.07	08:00:00	1.29922	1.29976	1.29851	1.29961	2806	2190750000	38
2016.09.07	09:00:00	1.29959	1.30096	1.29879	1.30082	6050	6065850000	37
2016.09.07	10:00:00	1.30070	1.30089	1.29886	1.29945	9295	9355000000	33
2016.09.07	11:00:00	1.29947	1.30088	1.29658	1.29786	9103	8802093000	35
2016.09.07	12:00:00	1.29787	1.29833	1.29480	1.29496	7205	6151765000	33
2016.09.07	13:00:00	1.29496	1.29615	1.29383	1.29582	5886	5382610000	33
2016.09.07	14:00:00	1.29584	1.29634	1.29483	1.29516	4852	5905009000	36
2016.09.07	15:00:00	1.29516	1.29691	1.29422	1.29424	7949	9483323000	35
2016.09.07	16:00:00	1.29422	1.29719	1.29254	1.29587	10920	10891761000	33
2016.09.07	17:00:00	1.29588	1.29663	1.29196	1.29268	12162	11005413000	33
2016.09.07	18:00:00	1.29268	1.29453	1.29248	1.29380	8214	8547967000	37
2016.09.07	19:00:00	1.29377	1.29417	1.29246	1.29248	5021	5968014000	37
2016.09.07	20:00:00	1.29251	1.29285	1.29191	1.29248	4330	5022873000	36
2016.09.07	21:00:00	1.29247	1.29309	1.29221	1.29261	3196	4100319000	36
2016.09.07	22:00:00	1.29273	1.29362	1.29258	1.29332	2927	3737166000	39
2016.09.07	23:00:00	1.29331	1.29388	1.29297	1.29356	2361	3026497000	38
2016.09.08	00:00:00	1.29349	1.29488	1.28626	1.29267	96276	802200000	50
2016.09.08	01:00:00	1.29267	1.29345	1.29252	1.29296	2175	1843400000	33
2016.09.08	02:00:00	1.29297	1.29349	1.29274	1.29334	1616	1399600000	43
2016.09.08	03:00:00	1.29335	1.29383	1.29287	1.29364	3689	3166100000	39
2016.09.08	04:00:00	1.29364	1.29399	1.29320	1.29377	2878	2595500000	43
2016.09.08	05:00:00	1.29379	1.29382	1.29304	1.29353	3395	2348200000	42
2016.09.08	06:00:00	1.29355	1.29364	1.29307	1.29327	1992	1910750000	43
2016.09.08	07:00:00	1.29326	1.29328	1.29270	1.29285	2991	2708400000	43
2016.09.08	08:00:00	1.29285	1.29364	1.29232	1.29323	3016	2521450000	39
2016.09.08	09:00:00	1.29325	1.29353	1.29159	1.29320	5994	5086927000	36
2016.09.08	10:00:00	1.29326	1.29501	1.29326	1.29377	7054	7163912000	37
2016.09.08	11:00:00	1.29376	1.29412	1.29236	1.29371	6766	6996962000	35
2016.09.08	12:00:00	1.29371	1.29402	1.29299	1.29316	5234	5353431000	39
2016.09.08	13:00:00	1.29316	1.29356	1.29149	1.29281	6605	6476700000	37
2016.09.08	14:00:00	1.29280	1.29313	1.28878	1.29037	8135	7411990000	33
2016.09.08	15:00:00	1.29035	1.29112	1.28611	1.28850	13811	13449173000	33
2016.09.08	16:00:00	1.28849	1.28993	1.28742	1.28778	13523	12691450000	33
2016.09.08	17:00:00	1.28780	1.29147	1.28709	1.29024	11890	10299800000	38
2016.09.08	18:00:00	1.29026	1.29360	1.28992	1.29317	12023	10755812000	36
2016.09.08	19:00:00	1.29320	1.29420	1.29284	1.29380	7542	8568941000	33
2016.09.08	20:00:00	1.29380	1.29449	1.29354	1.29396	4576	5609230000	33
2016.09.08	21:00:00	1.29398	1.29442	1.29313	1.29352	4304	5788311000	34
2016.09.08	22:00:00	1.29351	1.29438	1.29309	1.29354	3415	4189150000	37
2016.09.08	23:00:00	1.29355	1.29373	1.29252	1.29252	1716	2195010000	40
2016.09.09	00:00:00	1.29263	1.29838	1.29140	1.29225	91026	1056150000	0
2016.09.09	01:00:00	1.29229	1.29305	1.29229	1.29273	2393	2351400000	47
2016.09.09	02:00:00	1.29273	1.29327	1.29244	1.29311	1478	1388700000	44
2016.09.09	03:00:00	1.29311	1.29377	1.29259	1.29335	3664	3647500000	34
2016.09.09	04:00:00	1.29342	1.29427	1.29329	1.29373	3549	3453200000	42
2016.09.09	05:00:00	1.29373	1.29439	1.29329	1.29378	3113	3306900000	40
2016.09.09	06:00:00	1.29377	1.29455	1.29367	1.29455	3006	2897050000	42
2016.09.09	07:00:00	1.29455	1.29512	1.29417	1.29450	2838	3072600000	40
2016.09.09	08:00:00	1.29449	1.29511	1.29439	1.29459	2121	2149450000	44
2016.09.09	09:00:00	1.29460	1.29512	1.29392	1.29405	4776	4733373000	37
2016.09.09	10:00:00	1.29407	1.29507	1.29338	1.29389	6907	7629602000	35
2016.09.09	11:00:00	1.29390	1.29515	1.29320	1.29397	6383	7117090000	36
2016.09.09	12:00:00	1.29397	1.29472	1.29296	1.29468	5644	5244495000	36
2016.09.09	13:00:00	1.29466	1.29766	1.29359	1.29756	7234	7648722000	35
2016.09.09	14:00:00	1.29756	1.29785	1.29531	1.29597	7227	7484660000	34
2016.09.09	15:00:00	1.29594	1.29794	1.29519	1.29789	11529	11849270000	35
2016.09.09	16:00:00	1.29783	1.29856	1.29494	1.29506	11514	12758777000	33
2016.09.09	17:00:00	1.29505	1.29568	1.29401	1.29456	13079	12609338000	36
2016.09.09	18:00:00	1.29455	1.29572	1.29343	1.29480	8642	8211077000	38
2016.09.09	19:00:00	1.29480	1.29608	1.29462	1.29521	4358	4413400000	36
2016.09.09	20:00:00	1.29520	1.29551	1.29461	1.29473	3992	4364883000	38
2016.09.09	21:00:00	1.29474	1.29481	1.29351	1.29433	4670	5505894000	38
2016.09.09	22:00:00	1.29432	1.29490	1.29399	1.29445	3598	3706578000	39
2016.09.09	23:00:00	1.29445	1.29484	1.29348	1.29364	2184	1886250000	40
2016.09.12	00:00:00	1.29345	1.29679	1.29138	1.29333	98374	238350000	89
2016.09.12	01:00:00	1.29333	1.29414	1.29251	1.29260	2347	2315798000	45
2016.09.12	02:00:00	1.29260	1.29381	1.29255	1.29366	2440	2275900000	42
2016.09.12	03:00:00	1.29365	1.29388	1.29258	1.29301	3077	2939750000	41
2016.09.12	04:00:00	1.29303	1.29402	1.29297	1.29335	3077	2978650000	44
2016.09.12	05:00:00	1.29334	1.29458	1.29334	1.29397	2684	2353100000	43
2016.09.12	06:00:00	1.29394	1.29432	1.29372	1.29385	1952	1367700000	43
2016.09.12	07:00:00	1.29384	1.29489	1.29384	1.29461	1702	1459450000	40
2016.09.12	08:00:00	1.29460	1.29604	1.29439	1.29537	1854	1655700000	41
2016.09.12	09:00:00	1.29539	1.29542	1.29209	1.29219	5726	5238573000	37
2016.09.12	10:00:00	1.29221	1.29359	1.29174	1.29312	8114	8643446000	36
2016.09.12	11:00:00	1.29308	1.29395	1.29228	1.29277	6688	7095330000	34
2016.09.12	12:00:00	1.29278	1.29365	1.29150	1.29199	7391	7458183000	33
2016.09.12	13:00:00	1.29198	1.29355	1.29190	1.29331	6974	7044015000	35
2016.09.12	14:00:00	1.29330	1.29404	1.29199	1.29369	7027	7026021000	37
2016.09.12	15:00:00	1.29368	1.29473	1.29259	1.29402	7341	7341417000	38
2016.09.12	16:00:00	1.29402	1.29523	1.29289	1.29518	8280	8188162000	37
2016.09.12	17:00:00	1.29518	1.29695	1.29447	1.29592	9480	8549559000	33
2016.09.12	18:00:00	1.29592	1.29626	1.29474	1.29586	7220	7321655000	35
2016.09.12	19:00:00	1.29585	1.29625	1.29518	1.29555	5656	6284133000	35
2016.09.12	20:00:00	1.29553	1.29601	1.29284	1.29506	11956	13026435000	33
2016.09.12	21:00:00	1.29506	1.29610	1.29483	1.29551	6393	7274716000	37
2016.09.12	22:00:00	1.29564	1.29669	1.29546	1.29630	4169	5129363000	33
2016.09.12	23:00:00	1.29628	1.29656	1.29579	1.29605	1766	2285100000	38
2016.09.13	00:00:00	1.29583	1.29644	1.28147	1.29587	104709	1045200000	50
2016.09.13	01:00:00	1.29590	1.29653	1.29531	1.29567	4371	4089450000	44
2016.09.13	02:00:00	1.29564	1.29651	1.29474	1.29542	3032	3020600000	44
2016.09.13	03:00:00	1.29542	1.29606	1.29489	1.29531	3402	3211000000	40
2016.09.13	04:00:00	1.29532	1.29545	1.29458	1.29491	2358	2427100000	43
2016.09.13	05:00:00	1.29492	1.29554	1.29466	1.29479	2429	2445350000	44
2016.09.13	06:00:00	1.29478	1.29561	1.29473	1.29561	1733	1561850000	38
2016.09.13	07:00:00	1.29561	1.29627	1.29535	1.29621	2082	2093650000	45
2016.09.13	08:00:00	1.29620	1.29625	1.29452	1.29476	1885	1867700000	40
2016.09.13	09:00:00	1.29476	1.29554	1.29398	1.29450	6079	5919400000	38
2016.09.13	10:00:00	1.29448	1.29606	1.29386	1.29472	7656	8385376000	35
2016.09.13	11:00:00	1.29471	1.29614	1.29279	1.29287	7846	8166108000	36
2016.09.13	12:00:00	1.29290	1.29336	1.29003	1.29045	7378	7423797000	33
2016.09.13	13:00:00	1.29042	1.29056	1.28869	1.28980	7520	6707975000	36
2016.09.13	14:00:00	1.28983	1.28983	1.28741	1.28760	7521	6536204000	36
2016.09.13	15:00:00	1.28759	1.28871	1.28429	1.28454	10184	9283063000	37
2016.09.13	16:00:00	1.28451	1.28514	1.28300	1.28339	11342	10125711000	33
2016.09.13	17:00:00	1.28337	1.28372	1.28161	1.28360	12537	11107663000	36
2016.09.13	18:00:00	1.28362	1.28376	1.28195	1.28376	9617	9076166000	38
2016.09.13	19:00:00	1.28376	1.28764	1.28372	1.28737	7144	7330450000	36
2016.09.13	20:00:00	1.28735	1.28990	1.28695	1.28890	9283	9325779000	33
2016.09.13	21:00:00	1.28884	1.28993	1.28848	1.28880	7239	7423700000	36
2016.09.13	22:00:00	1.28881	1.28959	1.28843	1.28876	4243	4575850000	36
2016.09.13	23:00:00	1.28878	1.28917	1.28755	1.28755	2180	1846500000	41
2016.09.14	00:00:00	1.28761	1.29383	1.28055	1.28827	96550	1216948000	39
2016.09.14	01:00:00	1.28827	1.28889	1.28771	1.28847	2673	2043150000	44
2016.09.14	02:00:00	1.28846	1.28890	1.28830	1.28857	1977	1850250000	42
2016.09.14	03:00:00	1.28856	1.28871	1.28625	1.28645	3820	3415500000	41
2016.09.14	04:00:00	1.28644	1.28889	1.28624	1.28821	4044	3707650000	41
2016.09.14	05:00:00	1.28822	1.28906	1.28814	1.28900	2452	2433450000	36
2016.09.14	06:00:00	1.28902	1.28944	1.28846	1.28902	2904	3008300000	38
2016.09.14	07:00:00	1.28900	1.28914	1.28794	1.28893	1996	1941450000	43
2016.09.14	08:00:00	1.28893	1.28937	1.28856	1.28905	2297	2206850000	42
2016.09.14	09:00:00	1.28903	1.29137	1.28884	1.29094	7143	6458993000	36
2016.09.14	10:00:00	1.29098	1.29141	1.28795	1.28900	8889	8633864000	34
2016.09.14	11:00:00	1.28910	1.29395	1.28853	1.29227	8670	7791052000	34
2016.09.14	12:00:00	1.29226	1.29246	1.28776	1.28905	8672	8358344000	36
2016.09.14	13:00:00	1.28906	1.28924	1.28677	1.28748	5620	5907234000	33
2016.09.14	14:00:00	1.28750	1.28804	1.28536	1.28600	7265	7309300000	36
2016.09.14	15:00:00	1.28602	1.28636	1.28511	1.28541	7621	7619801000	35
2016.09.14	16:00:00	1.28544	1.28631	1.28070	1.28176	9958	10771716000	33
2016.09.14	17:00:00	1.28175	1.28372	1.28102	1.28279	11800	12173944000	36
2016.09.14	18:00:00	1.28279	1.28347	1.28109	1.28173	10425	9439845000	33
2016.09.14	19:00:00	1.28171	1.28324	1.28141	1.28279	5455	5455405000	36
2016.09.14	20:00:00	1.28279	1.28833	1.28276	1.28763	6288	6544486000	38
2016.09.14	21:00:00	1.28761	1.28848	1.28704	1.28819	5305	5090412000	39
2016.09.14	22:00:00	1.28821	1.28866	1.28792	1.28849	3479	3901624000	33
2016.09.14	23:00:00	1.28847	1.28873	1.28735	1.28781	2505	1370850000	43
2016.09.15	00:00:00	1.28796	1.29212	1.28104	1.28811	107460	781073000	33
2016.09.15	01:00:00	1.28818	1.29218	1.28807	1.28959	2744	714600000	45
2016.09.15	02:00:00	1.28958	1.29210	1.28935	1.29062	2139	832800000	50
2016.09.15	03:00:00	1.29062	1.29116	1.28984	1.29007	3244	1879500000	46
2016.09.15	04:00:00	1.29007	1.29095	1.28915	1.28984	3904	2947850000	45
2016.09.15	05:00:00	1.28981	1.29059	1.28888	1.28949	3362	2029400000	45
2016.09.15	06:00:00	1.28947	1.29032	1.28940	1.29013	2440	1421500000	49
2016.09.15	07:00:00	1.29016	1.29071	1.28953	1.29008	3013	1581600000	46
2016.09.15	08:00:00	1.29008	1.29010	1.28862	1.28876	2413	1266200000	47
2016.09.15	09:00:00	1.28878	1.28999	1.28788	1.28870	5076	3117640000	35
2016.09.15	10:00:00	1.28870	1.29155	1.28852	1.28857	7338	4479995000	37
2016.09.15	11:00:00	1.28859	1.29199	1.28772	1.28810	7196	6102331000	33
2016.09.15	12:00:00	1.28809	1.29019	1.28789	1.28886	6787	5678180000	35
2016.09.15	13:00:00	1.28886	1.28909	1.28652	1.28664	5669	4578881000	33
2016.09.15	14:00:00	1.28669	1.28945	1.28296	1.28423	8359	6718238000	33
2016.09.15	15:00:00	1.28422	1.28495	1.27930	1.28433	11857	9035950000	38
2016.09.15	16:00:00	1.28433	1.28528	1.28253	1.28452	11951	7451331000	33
2016.09.15	17:00:00	1.28452	1.28480	1.28227	1.28292	10534	6595605000	37
2016.09.15	18:00:00	1.28292	1.28470	1.28283	1.28365	8241	6164563000	36
2016.09.15	19:00:00	1.28364	1.28542	1.28325	1.28508	4726	5007786000	35
2016.09.15	20:00:00	1.28509	1.28510	1.28356	1.28362	3875	4507847000	37
2016.09.15	21:00:00	1.28362	1.28657	1.28302	1.28621	4715	4996884000	37
2016.09.15	22:00:00	1.28621	1.28692	1.28540	1.28670	3841	5018454000	38
2016.09.15	23:00:00	1.28673	1.28709	1.28574	1.28631	3442	3084755000	40
2016.09.16	00:00:00	1.28649	1.28728	1.27371	1.28701	92048	1478050000	0
2016.09.16	01:00:00	1.28701	1.28727	1.28612	1.28615	3174	4113676000	37
2016.09.16	02:00:00	1.28610	1.28687	1.28609	1.28631	2054	649807000	48
2016.09.16	03:00:00	1.28630	1.28645	1.28478	1.28495	4037	1405947000	50
2016.09.16	04:00:00	1.28495	1.28695	1.28449	1.28589	4260	1619899000	44
2016.09.16	05:00:00	1.28589	1.28663	1.28531	1.28562	2903	1043950000	47
2016.09.16	06:00:00	1.28559	1.28649	1.28529	1.28648	2430	1138850000	48
2016.09.16	07:00:00	1.28649	1.28661	1.28606	1.28620	2193	988900000	51
2016.09.16	08:00:00	1.28621	1.28659	1.28611	1.28631	2012	800100000	48
2016.09.16	09:00:00	1.28631	1.28676	1.28530	1.28634	3148	2543461000	40
2016.09.16	10:00:00	1.28629	1.28629	1.28323	1.28409	6012	4980000000	33
2016.09.16	11:00:00	1.28411	1.28633	1.28382	1.28540	4765	4971314000	34
2016.09.16	12:00:00	1.28541	1.28581	1.28440	1.28570	4647	3950764000	33
2016.09.16	13:00:00	1.28570	1.28680	1.28358	1.28396	5823	6130447000	33
2016.09.16	14:00:00	1.28398	1.28497	1.28246	1.28296	4795	5428606000	34
2016.09.16	15:00:00	1.28298	1.28455	1.28183	1.28373	8933	12110185000	33
2016.09.16	16:00:00	1.28373	1.28489	1.28106	1.28189	9917	9400347000	33
2016.09.16	17:00:00	1.28186	1.28286	1.27985	1.28037	10816	9278880000	33
2016.09.16	18:00:00	1.28039	1.28236	1.27972	1.28191	8067	7308166000	33
2016.09.16	19:00:00	1.28191	1.28199	1.28002	1.28005	5213	5856294000	36
2016.09.16	20:00:00	1.28001	1.28007	1.27603	1.27643	5800	7484475000	34
2016.09.16	21:00:00	1.27642	1.27810	1.27506	1.27541	3936	5567990000	38
2016.09.16	22:00:00	1.27546	1.27687	1.27520	1.27550	3456	4154650000	34
2016.09.16	23:00:00	1.27554	1.27580	1.27383	1.27393	2801	2703750000	37
2016.09.19	00:00:00	1.27419	1.28276	1.27229	1.27413	79031	586450000	0
2016.09.19	01:00:00	1.27419	1.27514	1.27347	1.27508	1499	1382850000	59
2016.09.19	02:00:00	1.27502	1.27532	1.27397	1.27473	3419	2935648000	48
2016.09.19	03:00:00	1.27470	1.27614	1.27454	1.27610	4037	3169650000	43
2016.09.19	04:00:00	1.27609	1.27674	1.27557	1.27636	2853	1693700000	41
2016.09.19	05:00:00	1.27636	1.27668	1.27578	1.27616	3094	1806050000	44
2016.09.19	06:00:00	1.27619	1.27658	1.27577	1.27625	2831	2229541000	48
2016.09.19	07:00:00	1.27623	1.27656	1.27556	1.27609	2952	1934150000	42
2016.09.19	08:00:00	1.27609	1.27707	1.27595	1.27695	2470	1161900000	35
2016.09.19	09:00:00	1.27698	1.27903	1.27614	1.27887	5227	2465743000	34
2016.09.19	10:00:00	1.27889	1.28146	1.27840	1.28017	7439	6244638000	33
2016.09.19	11:00:00	1.28014	1.28150	1.27876	1.27900	7873	7482100000	33
2016.09.19	12:00:00	1.27900	1.28025	1.27825	1.27944	5911	6603345000	33
2016.09.19	13:00:00	1.27943	1.28074	1.27932	1.28016	5213	5756488000	36
2016.09.19	14:00:00	1.28017	1.28109	1.27924	1.28034	5356	5178450000	33
2016.09.19	15:00:00	1.28031	1.28223	1.28006	1.28219	6357	6723697000	33
2016.09.19	16:00:00	1.28218	1.28280	1.28067	1.28278	7456	8338250000	33
2016.09.19	17:00:00	1.28278	1.28281	1.27838	1.27949	8939	9315500000	33
2016.09.19	18:00:00	1.27951	1.28000	1.27823	1.27860	7480	9882255000	33
2016.09.19	19:00:00	1.27861	1.27903	1.27781	1.27850	4850	6100950000	35
2016.09.19	20:00:00	1.27855	1.27855	1.27626	1.27637	4862	6567700000	35
2016.09.19	21:00:00	1.27635	1.27703	1.27615	1.27664	3117	3567850000	33
2016.09.19	22:00:00	1.27662	1.27760	1.27644	1.27714	4342	6074699000	36
2016.09.19	23:00:00	1.27714	1.27721	1.27655	1.27666	1959	2658850000	39
2016.09.20	00:00:00	1.27603	1.27915	1.26621	1.27688	96706	1930250000	0
2016.09.20	01:00:00	1.27686	1.27813	1.27645	1.27750	5066	5071800000	47
2016.09.20	02:00:00	1.27746	1.27820	1.27706	1.27795	2142	2132750000	46
2016.09.20	03:00:00	1.27791	1.27846	1.27748	1.27801	2887	2273650000	33
2016.09.20	04:00:00	1.27801	1.27901	1.27801	1.27893	2970	3155200000	39
2016.09.20	05:00:00	1.27895	1.27928	1.27850	1.27850	2989	3024950000	42
2016.09.20	06:00:00	1.27850	1.27911	1.27824	1.27833	2539	2642050000	41
2016.09.20	07:00:00	1.27833	1.27860	1.27782	1.27805	2277	2257200000	44
2016.09.20	08:00:00	1.27808	1.27823	1.27772	1.27799	3195	3076750000	38
2016.09.20	09:00:00	1.27800	1.27884	1.27753	1.27763	5902	6417500000	33
2016.09.20	10:00:00	1.27762	1.27768	1.27218	1.27312	8602	9680152000	33
2016.09.20	11:00:00	1.27307	1.27313	1.27033	1.27120	8693	9859254000	33
2016.09.20	12:00:00	1.27119	1.27271	1.27071	1.27073	6741	8235686000	33
2016.09.20	13:00:00	1.27076	1.27081	1.26665	1.26841	9103	9920788000	34
2016.09.20	14:00:00	1.26840	1.26910	1.26755	1.26900	7502	7336999000	33
2016.09.20	15:00:00	1.26900	1.26972	1.26825	1.26870	8773	11423099000	33
2016.09.20	16:00:00	1.26873	1.26957	1.26772	1.26862	9729	11434844000	33
2016.09.20	17:00:00	1.26862	1.27012	1.26642	1.26771	10124	11506750000	33
2016.09.20	18:00:00	1.26774	1.26940	1.26737	1.26884	8854	10913250000	33
2016.09.20	19:00:00	1.26883	1.27104	1.26860	1.27053	5230	7084300000	33
2016.09.20	20:00:00	1.27050	1.27052	1.26935	1.27032	4429	5813100000	37
2016.09.20	21:00:00	1.27032	1.27082	1.26999	1.27066	4011	5581200000	36
2016.09.20	22:00:00	1.27065	1.27112	1.27047	1.27112	3092	3940200000	34
2016.09.20	23:00:00	1.27112	1.27163	1.27094	1.27144	2201	2986500000	33
2016.09.21	00:00:00	1.27142	1.27308	1.26401	1.27097	120401	4756992000	0
2016.09.21	01:00:00	1.27096	1.27187	1.27093	1.27134	3294	3351950000	47
2016.09.21	02:00:00	1.27142	1.27171	1.27082	1.27094	2231	2195650000	45
2016.09.21	03:00:00	1.27093	1.27247	1.27018	1.27214	4306	4280498000	37
2016.09.21	04:00:00	1.27214	1.27242	1.27154	1.27213	3163	3174400000	39
2016.09.21	05:00:00	1.27214	1.27272	1.26948	1.26974	3748	3803950000	34
2016.09.21	06:00:00	1.26971	1.27047	1.26934	1.26978	4348	3994100000	38
2016.09.21	07:00:00	1.26977	1.27154	1.26820	1.27138	7497	7200750000	33
2016.09.21	08:00:00	1.27138	1.27236	1.27130	1.27169	3991	4001500000	40
2016.09.21	09:00:00	1.27178	1.27320	1.27049	1.27101	7450	7059037000	35
2016.09.21	10:00:00	1.27104	1.27218	1.26821	1.26862	9928	10142979000	33
2016.09.21	11:00:00	1.26864	1.26889	1.26657	1.26711	7075	7006700000	33
2016.09.21	12:00:00	1.26711	1.26990	1.26666	1.26988	7074	7949900000	33
2016.09.21	13:00:00	1.26989	1.27038	1.26781	1.26955	6415	6716900000	33
2016.09.21	14:00:00	1.26967	1.27012	1.26698	1.26795	5801	6173150000	35
2016.09.21	15:00:00	1.26796	1.27057	1.26698	1.26781	8801	10865161000	33
2016.09.21	16:00:00	1.26781	1.26878	1.26683	1.26796	8208	8632100000	35
2016.09.21	17:00:00	1.26796	1.26925	1.26530	1.26543	8589	8791449000	33
2016.09.21	18:00:00	1.26542	1.26711	1.26532	1.26608	8718	9787350000	33
2016.09.21	19:00:00	1.26605	1.26726	1.26518	1.26709	4931	5138900000	34
2016.09.21	20:00:00	1.26710	1.27007	1.26635	1.26657	6305	6765950000	35
2016.09.21	21:00:00	1.26642	1.27123	1.26412	1.26750	17240	16281745000	33
2016.09.21	22:00:00	1.26748	1.27042	1.26652	1.27036	10101	8349200000	38
2016.09.21	23:00:00	1.27036	1.27037	1.26851	1.26869	3049	2759550000	33
2016.09.22	00:00:00	1.26878	1.27039	1.26112	1.26949	96852	1810093000	40
2016.09.22	01:00:00	1.26944	1.26944	1.26862	1.26874	2830	2530750000	38
2016.09.22	02:00:00	1.26874	1.26877	1.26768	1.26876	2435	2301700000	41
2016.09.22	03:00:00	1.26877	1.26916	1.26826	1.26836	3901	3767200000	38
2016.09.22	04:00:00	1.26835	1.26991	1.26833	1.26950	3002	2518150000	36
2016.09.22	05:00:00	1.26951	1.27048	1.26933	1.27025	2362	2208550000	43
2016.09.22	06:00:00	1.27023	1.27028	1.26945	1.27005	2170	2189200000	43
2016.09.22	07:00:00	1.27005	1.27057	1.26956	1.26999	2580	2673100000	42
2016.09.22	08:00:00	1.26999	1.27049	1.26958	1.26987	2527	2541750000	40
2016.09.22	09:00:00	1.26988	1.27045	1.26786	1.26799	7981	7989500000	33
2016.09.22	10:00:00	1.26797	1.26889	1.26676	1.26681	9610	9903000000	33
2016.09.22	11:00:00	1.26681	1.26860	1.26653	1.26820	8631	8425450000	33
2016.09.22	12:00:00	1.26829	1.26903	1.26584	1.26728	8242	8371161000	33
2016.09.22	13:00:00	1.26730	1.26734	1.26126	1.26325	7229	6509885000	33
2016.09.22	14:00:00	1.26327	1.26532	1.26314	1.26479	7304	6198400000	36
2016.09.22	15:00:00	1.26480	1.26568	1.26342	1.26413	8602	7793149000	37
2016.09.22	16:00:00	1.26415	1.26833	1.26365	1.26695	10893	9339298000	33
2016.09.22	17:00:00	1.26703	1.26842	1.26582	1.26647	10514	9395400000	33
2016.09.22	18:00:00	1.26648	1.26784	1.26570	1.26682	8103	7254700000	33
2016.09.22	19:00:00	1.26682	1.26689	1.26510	1.26577	4577	4351850000	37
2016.09.22	20:00:00	1.26580	1.26858	1.26573	1.26777	4755	4962100000	37
2016.09.22	21:00:00	1.26774	1.26815	1.26629	1.26762	5158	4911250000	35
2016.09.22	22:00:00	1.26763	1.26844	1.26718	1.26738	3298	3276050000	40
2016.09.22	23:00:00	1.26738	1.26787	1.26625	1.26625	2345	2362900000	40
2016.09.23	00:00:00	1.26651	1.26808	1.25454	1.26634	93877	1485950000	0
2016.09.23	01:00:00	1.26651	1.26730	1.26619	1.26706	2295	1829750000	39
2016.09.23	02:00:00	1.26705	1.26819	1.26685	1.26770	2143	1935150000	43
2016.09.23	03:00:00	1.26771	1.26818	1.26535	1.26647	3400	3135100000	41
2016.09.23	04:00:00	1.26648	1.26677	1.26559	1.26648	3467	3472450000	40
2016.09.23	05:00:00	1.26647	1.26701	1.26589	1.26599	3342	3397950000	40
2016.09.23	06:00:00	1.26601	1.26626	1.26450	1.26488	2877	2950950000	43
2016.09.23	07:00:00	1.26489	1.26541	1.26435	1.26536	2445	2486957000	41
2016.09.23	08:00:00	1.26537	1.26564	1.26475	1.26499	2109	1979500000	38
2016.09.23	09:00:00	1.26502	1.26533	1.26355	1.26407	6675	5696500000	33
2016.09.23	10:00:00	1.26407	1.26424	1.26175	1.26412	8989	10606225000	35
2016.09.23	11:00:00	1.26412	1.26457	1.26115	1.26173	7759	7959850000	33
2016.09.23	12:00:00	1.26175	1.26287	1.26112	1.26240	7064	7911550000	33
2016.09.23	13:00:00	1.26239	1.26254	1.25774	1.25795	7883	7582421000	33
2016.09.23	14:00:00	1.25798	1.25880	1.25707	1.25876	7444	8059050000	34
2016.09.23	15:00:00	1.25874	1.25951	1.25744	1.25803	8679	8625450000	35
2016.09.23	16:00:00	1.25799	1.25958	1.25604	1.25783	11493	10537530000	35
2016.09.23	17:00:00	1.25785	1.25936	1.25699	1.25813	11112	10641150000	35
2016.09.23	18:00:00	1.25816	1.25898	1.25688	1.25723	9715	9423600000	33
2016.09.23	19:00:00	1.25720	1.25807	1.25672	1.25776	6081	6453100000	37
2016.09.23	20:00:00	1.25778	1.25783	1.25506	1.25528	5331	5608950000	34
2016.09.23	21:00:00	1.25527	1.25681	1.25470	1.25681	2934	2999950000	36
2016.09.23	22:00:00	1.25682	1.25740	1.25657	1.25711	3427	3873150000	38
2016.09.23	23:00:00	1.25711	1.25775	1.25626	1.25732	1480	1479792000	36
2016.09.26	00:00:00	1.25752	1.25945	1.25007	1.25765	72666	1384200000	0
2016.09.26	01:00:00	1.25766	1.25766	1.25653	1.25734	1826	2357000000	26
2016.09.26	02:00:00	1.25737	1.25834	1.25735	1.25782	1758	2793500000	26
2016.09.26	03:00:00	1.25782	1.25877	1.25763	1.25853	2118	3565250000	26
2016.09.26	04:00:00	1.25854	1.25895	1.25828	1.25887	2105	3180250000	26
2016.09.26	05:00:00	1.25885	1.25937	1.25867	1.25899	2308	3857500000	26
2016.09.26	06:00:00	1.25899	1.25903	1.25807	1.25868	1840	2348500000	26
2016.09.26	07:00:00	1.25868	1.25962	1.25854	1.25947	1663	2015250000	27
2016.09.26	08:00:00	1.25946	1.25962	1.25806	1.25891	2350	3315650000	26
2016.09.26	09:00:00	1.25891	1.25905	1.25517	1.25672	3993	5585800000	26
2016.09.26	10:00:00	1.25672	1.25673	1.25342	1.25345	7906	8715208000	26
2016.09.26	11:00:00	1.25343	1.25374	1.25055	1.25170	7954	7876500000	33
2016.09.26	12:00:00	1.25170	1.25321	1.25162	1.25298	5786	5872850000	33
2016.09.26	13:00:00	1.25294	1.25333	1.25054	1.25060	6161	6537850000	34
2016.09.26	14:00:00	1.25059	1.25295	1.25024	1.25195	6179	5827250000	33
2016.09.26	15:00:00	1.25196	1.25388	1.25071	1.25306	8222	8743400000	33
2016.09.26	16:00:00	1.25299	1.25491	1.25299	1.25369	8936	5912470000	35
2016.09.26	17:00:00	1.25360	1.25521	1.25338	1.25476	9415	7037830000	34
2016.09.26	18:00:00	1.25476	1.25522	1.25352	1.25451	8907	6918657000	33
2016.09.26	19:00:00	1.25449	1.25715	1.25368	1.25709	6660	6786984000	34
2016.09.26	20:00:00	1.25709	1.25721	1.25573	1.25606	4035	4057297000	34
2016.09.26	21:00:00	1.25606	1.25658	1.25552	1.25570	2860	2600850000	33
2016.09.26	22:00:00	1.25566	1.25668	1.25556	1.25664	3291	3353347000	39
2016.09.26	23:00:00	1.25664	1.25744	1.25662	1.25707	2074	1969550000	38
2016.09.27	00:00:00	1.25721	1.26460	1.25277	1.25723	81693	100445000	0
2016.09.27	01:00:00	1.25726	1.25729	1.25648	1.25680	1492	300800000	40
2016.09.27	02:00:00	1.25681	1.25708	1.25644	1.25654	1665	425100000	41
2016.09.27	03:00:00	1.25653	1.25675	1.25568	1.25609	3904	1582049000	39
2016.09.27	04:00:00	1.25609	1.25950	1.25547	1.25906	4933	2708240000	42
2016.09.27	05:00:00	1.25904	1.25940	1.25798	1.25819	3819	1774900000	42
2016.09.27	06:00:00	1.25816	1.25883	1.25775	1.25876	3054	1957000000	44
2016.09.27	07:00:00	1.25876	1.25892	1.25709	1.25755	2330	2304350000	39
2016.09.27	08:00:00	1.25752	1.25888	1.25747	1.25846	2333	2322000000	38
2016.09.27	09:00:00	1.25847	1.26136	1.25838	1.25921	6238	6156776000	35
2016.09.27	10:00:00	1.25917	1.26093	1.25379	1.25467	10017	9969859000	34
2016.09.27	11:00:00	1.25469	1.25816	1.25452	1.25737	8586	9587643000	34
2016.09.27	12:00:00	1.25737	1.25737	1.25294	1.25367	8650	8876150000	33
2016.09.27	13:00:00	1.25368	1.25530	1.25309	1.25390	6106	7244649000	33
2016.09.27	14:00:00	1.25389	1.25905	1.25353	1.25893	7264	7676273000	34
2016.09.27	15:00:00	1.25893	1.26073	1.25782	1.25864	9458	9527982000	33
2016.09.27	16:00:00	1.25866	1.26028	1.25718	1.25965	10217	10652100000	33
2016.09.27	17:00:00	1.25958	1.26271	1.25947	1.26215	9693	9577100000	36
2016.09.27	18:00:00	1.26215	1.26434	1.26103	1.26354	8731	9313794000	33
2016.09.27	19:00:00	1.26353	1.26475	1.26323	1.26396	6142	7002668000	33
2016.09.27	20:00:00	1.26398	1.26418	1.26297	1.26348	5360	6530800000	33
2016.09.27	21:00:00	1.26349	1.26388	1.26291	1.26346	3595	3919700000	38
2016.09.27	22:00:00	1.26347	1.26366	1.26252	1.26272	2329	2383800000	39
2016.09.27	23:00:00	1.26275	1.26431	1.26253	1.26356	2372	2455450000	39
2016.09.28	00:00:00	1.26390	1.26707	1.26046	1.26344	90605	3484493000	0
2016.09.28	01:00:00	1.26343	1.26426	1.26319	1.26359	3348	3199900000	33
2016.09.28	02:00:00	1.26373	1.26392	1.26234	1.26244	1887	1817350000	36
2016.09.28	03:00:00	1.26247	1.26267	1.26194	1.26259	3322	3289800000	33
2016.09.28	04:00:00	1.26258	1.26303	1.26232	1.26302	3045	3012000000	40
2016.09.28	05:00:00	1.26303	1.26326	1.26223	1.26261	2108	2085250000	42
2016.09.28	06:00:00	1.26259	1.26326	1.26259	1.26292	1701	1722500000	41
2016.09.28	07:00:00	1.26289	1.26344	1.26245	1.26294	1522	1494300000	41
2016.09.28	08:00:00	1.26293	1.26432	1.26291	1.26398	1545	1507800000	42
2016.09.28	09:00:00	1.26398	1.26629	1.26375	1.26568	6138	5482518000	33
2016.09.28	10:00:00	1.26567	1.26721	1.26403	1.26484	9054	9774785000	33
2016.09.28	11:00:00	1.26482	1.26522	1.26069	1.26184	9368	9371810000	33
2016.09.28	12:00:00	1.26184	1.26305	1.26106	1.26221	7008	7923800000	33
2016.09.28	13:00:00	1.26220	1.26444	1.26160	1.26419	6384	7001700000	33
2016.09.28	14:00:00	1.26419	1.26602	1.26368	1.26377	6833	6840334000	33
2016.09.28	15:00:00	1.26376	1.26383	1.26152	1.26322	9841	9784097000	33
2016.09.28	16:00:00	1.26321	1.26460	1.26182	1.26224	9395	9791389000	33
2016.09.28	17:00:00	1.26225	1.26408	1.26063	1.26368	12413	11771526000	34
2016.09.28	18:00:00	1.26369	1.26470	1.26290	1.26358	9587	10326996000	33
2016.09.28	19:00:00	1.26358	1.26496	1.26354	1.26393	6402	7265949000	33
2016.09.28	20:00:00	1.26391	1.26393	1.26270	1.26322	5102	5508850000	35
2016.09.28	21:00:00	1.26320	1.26515	1.26288	1.26442	9141	10712347000	33
2016.09.28	22:00:00	1.26449	1.26489	1.26383	1.26412	4858	5333650000	37
2016.09.28	23:00:00	1.26412	1.26468	1.26342	1.26342	2818	3055350000	34
2016.09.29	00:00:00	1.26258	1.26739	1.25204	1.26420	86660	1877350000	0
2016.09.29	01:00:00	1.26413	1.26454	1.26376	1.26400	4043	4009450000	41
2016.09.29	02:00:00	1.26399	1.26752	1.26363	1.26512	3704	3638258000	39
2016.09.29	03:00:00	1.26516	1.26668	1.26509	1.26615	3047	3092900000	43
2016.09.29	04:00:00	1.26616	1.26659	1.26402	1.26447	4828	4839450000	39
2016.09.29	05:00:00	1.26447	1.26484	1.26372	1.26422	2588	2537850000	39
2016.09.29	06:00:00	1.26421	1.26427	1.26289	1.26302	1837	1907300000	40
2016.09.29	07:00:00	1.26301	1.26423	1.26292	1.26356	3174	3283350000	41
2016.09.29	08:00:00	1.26357	1.26458	1.26353	1.26419	2220	2164800000	39
2016.09.29	09:00:00	1.26420	1.26614	1.26392	1.26524	6478	6762494000	34
2016.09.29	10:00:00	1.26527	1.26571	1.26321	1.26321	7831	8326850000	33
2016.09.29	11:00:00	1.26321	1.26399	1.26128	1.26215	7172	6696373000	33
2016.09.29	12:00:00	1.26214	1.26216	1.26019	1.26162	6137	6151300000	33
2016.09.29	13:00:00	1.26162	1.26287	1.25990	1.26272	5607	4488750000	33
2016.09.29	14:00:00	1.26278	1.26369	1.26199	1.26202	5977	6499200000	33
2016.09.29	15:00:00	1.26201	1.26303	1.26069	1.26241	8761	8990750000	33
2016.09.29	16:00:00	1.26242	1.26294	1.26027	1.26067	9535	9262450000	34
2016.09.29	17:00:00	1.26067	1.26076	1.25353	1.25575	11910	10964598000	33
2016.09.29	18:00:00	1.25577	1.25582	1.25294	1.25399	9859	9403397000	33
2016.09.29	19:00:00	1.25399	1.25455	1.25274	1.25367	7328	7535087000	33
2016.09.29	20:00:00	1.25367	1.25493	1.25261	1.25275	9020	8973600000	34
2016.09.29	21:00:00	1.25276	1.25357	1.25228	1.25289	6542	6832850000	35
2016.09.29	22:00:00	1.25288	1.25393	1.25256	1.25280	5268	5276150000	38
2016.09.29	23:00:00	1.25279	1.25310	1.25216	1.25245	2221	2417000000	26
2016.09.30	00:00:00	1.25270	1.26492	1.25028	1.25218	99422	870149000	0
2016.09.30	01:00:00	1.25214	1.25247	1.25169	1.25240	2953	2787150000	33
2016.09.30	02:00:00	1.25241	1.25290	1.25194	1.25245	1470	1357650000	44
2016.09.30	03:00:00	1.25246	1.25257	1.25088	1.25217	3680	3539150000	33
2016.09.30	04:00:00	1.25217	1.25247	1.25170	1.25170	3273	3106600000	41
2016.09.30	05:00:00	1.25171	1.25248	1.25153	1.25226	3372	2689550000	41
2016.09.30	06:00:00	1.25225	1.25336	1.25218	1.25309	3831	3714550000	38
2016.09.30	07:00:00	1.25309	1.25313	1.25239	1.25244	1748	1700050000	41
2016.09.30	08:00:00	1.25246	1.25326	1.25169	1.25217	2764	2561163000	33
2016.09.30	09:00:00	1.25215	1.25283	1.25060	1.25101	7786	7375700000	34
2016.09.30	10:00:00	1.25104	1.25524	1.25042	1.25298	12061	11802278000	33
2016.09.30	11:00:00	1.25297	1.25784	1.25245	1.25546	9908	9609830000	33
2016.09.30	12:00:00	1.25542	1.26493	1.25408	1.26116	9037	8984778000	33
2016.09.30	13:00:00	1.26103	1.26368	1.26053	1.26278	9817	9275383000	35
2016.09.30	14:00:00	1.26277	1.26395	1.26078	1.26291	8023	7821613000	35
2016.09.30	15:00:00	1.26288	1.26339	1.26117	1.26186	10727	10168050000	33
2016.09.30	16:00:00	1.26186	1.26251	1.25958	1.26036	11777	10912250000	33
2016.09.30	17:00:00	1.26032	1.26093	1.25813	1.25852	12306	13321435000	33
2016.09.30	18:00:00	1.25856	1.26281	1.25856	1.26121	12578	11912044000	33
2016.09.30	19:00:00	1.26122	1.26217	1.25977	1.26043	6595	6253900000	33
2016.09.30	20:00:00	1.26043	1.26059	1.25876	1.25910	4163	3979250000	36
2016.09.30	21:00:00	1.25910	1.26032	1.25881	1.25964	4184	4804250000	35
2016.09.30	22:00:00	1.25966	1.26069	1.25896	1.25903	4280	4109538000	38
2016.09.30	23:00:00	1.25902	1.26036	1.25831	1.26015	3010	1754824000	41
2016.10.03	00:00:00	1.25493	1.25880	1.24709	1.25507	76815	2067376000	0
2016.10.03	01:00:00	1.25510	1.25783	1.25497	1.25673	4616	4501900000	33
2016.10.03	02:00:00	1.25674	1.25684	1.25506	1.25654	2454	2418700000	42
2016.10.03	03:00:00	1.25657	1.25735	1.25637	1.25647	2107	2028539000	40
2016.10.03	04:00:00	1.25639	1.25782	1.25604	1.25662	2501	2450699000	37
2016.10.03	05:00:00	1.25662	1.25794	1.25582	1.25764	2017	2013175000	38
2016.10.03	06:00:00	1.25767	1.25854	1.25765	1.25817	1916	1900839000	41
2016.10.03	07:00:00	1.25817	1.25830	1.25678	1.25787	1541	1470150000	40
2016.10.03	08:00:00	1.25783	1.25893	1.25716	1.25792	2968	2438350000	35
2016.10.03	09:00:00	1.25793	1.25795	1.25416	1.25426	5864	5895400000	33
2016.10.03	10:00:00	1.25425	1.25425	1.24839	1.25036	11015	10941064000	33
2016.10.03	11:00:00	1.25035	1.25160	1.24842	1.25122	8722	8771986000	33
2016.10.03	12:00:00	1.25121	1.25296	1.25024	1.25047	7264	8217848000	33
2016.10.03	13:00:00	1.25046	1.25140	1.24906	1.25026	6012	6960950000	33
2016.10.03	14:00:00	1.25028	1.25106	1.24910	1.25026	6342	7899450000	33
2016.10.03	15:00:00	1.25025	1.25168	1.24945	1.25022	7115	7871100000	33
2016.10.03	16:00:00	1.25017	1.25034	1.24796	1.24951	9148	9704750000	33
2016.10.03	17:00:00	1.24953	1.25020	1.24728	1.24754	11422	11625550000	33
2016.10.03	18:00:00	1.24751	1.25032	1.24720	1.25025	8275	8445150000	34
2016.10.03	19:00:00	1.25026	1.25131	1.24969	1.25120	4675	5222100000	33
2016.10.03	20:00:00	1.25119	1.25252	1.25061	1.25168	3791	4384956000	35
2016.10.03	21:00:00	1.25168	1.25249	1.25028	1.25069	3682	3918899000	33
2016.10.03	22:00:00	1.25076	1.25120	1.25030	1.25040	2802	2944750000	33
2016.10.03	23:00:00	1.25037	1.25081	1.24941	1.24950	2097	2074250000	37
2016.10.04	00:00:00	1.24984	1.25335	1.24356	1.24987	106665	1695255000	33
2016.10.04	01:00:00	1.24987	1.25107	1.24987	1.25071	2409	2176150000	45
2016.10.04	02:00:00	1.25071	1.25220	1.25052	1.25216	3394	2895600000	35
2016.10.04	03:00:00	1.25215	1.25261	1.25091	1.25114	3727	3684000000	41
2016.10.04	04:00:00	1.25113	1.25162	1.25003	1.25020	3121	3126200000	39
2016.10.04	05:00:00	1.25024	1.25035	1.24852	1.24965	3973	3925000000	38
2016.10.04	06:00:00	1.24965	1.25107	1.24951	1.25083	3336	3275198000	40
2016.10.04	07:00:00	1.25083	1.25184	1.25073	1.25141	3261	3263650000	34
2016.10.04	08:00:00	1.25137	1.25244	1.25129	1.25198	3486	3056550000	38
2016.10.04	09:00:00	1.25197	1.25322	1.24801	1.24848	8753	8115198000	33
2016.10.04	10:00:00	1.24849	1.24999	1.24753	1.24920	10459	10272400000	33
2016.10.04	11:00:00	1.24920	1.25144	1.24887	1.24981	7375	6764050000	33
2016.10.04	12:00:00	1.24981	1.25045	1.24727	1.24939	9345	7907908000	33
2016.10.04	13:00:00	1.24939	1.25008	1.24877	1.25000	6927	6400850000	33
2016.10.04	14:00:00	1.24999	1.25054	1.24885	1.24995	6546	6569350000	33
2016.10.04	15:00:00	1.24996	1.25140	1.24909	1.25124	8884	8786600000	33
2016.10.04	16:00:00	1.25126	1.25348	1.25049	1.25212	9275	8356450000	33
2016.10.04	17:00:00	1.25214	1.25307	1.25081	1.25086	12604	11087020000	34
2016.10.04	18:00:00	1.25085	1.25089	1.24366	1.24632	14855	14004417000	33
2016.10.04	19:00:00	1.24626	1.24823	1.24547	1.24772	10180	10206973000	33
2016.10.04	20:00:00	1.24773	1.24904	1.24698	1.24743	7560	8005824000	33
2016.10.04	21:00:00	1.24748	1.24844	1.24685	1.24722	4268	4168250000	33
2016.10.04	22:00:00	1.24729	1.24809	1.24611	1.24637	4748	5057000000	36
2016.10.04	23:00:00	1.24636	1.24643	1.24476	1.24559	3136	3193199000	33
2016.10.05	00:00:00	1.24562	1.24708	1.24015	1.24561	74594	979800000	0
2016.10.05	01:00:00	1.24564	1.24614	1.24504	1.24611	5318	4950800000	33
2016.10.05	02:00:00	1.24612	1.24630	1.24505	1.24526	3512	2558091000	39
2016.10.05	03:00:00	1.24526	1.24577	1.24468	1.24530	4386	3732950000	41
2016.10.05	04:00:00	1.24529	1.24621	1.24523	1.24591	3713	3431522000	38
2016.10.05	05:00:00	1.24595	1.24597	1.24461	1.24547	3411	3151550000	39
2016.10.05	06:00:00	1.24546	1.24559	1.24481	1.24501	2362	1889600000	43
2016.10.05	07:00:00	1.24501	1.24542	1.24379	1.24532	2668	1890500000	33
2016.10.05	08:00:00	1.24532	1.24616	1.24510	1.24587	2534	1885099000	38
2016.10.05	09:00:00	1.24587	1.24638	1.24033	1.24108	10347	8513192000	33
2016.10.05	10:00:00	1.24112	1.24393	1.24101	1.24242	10504	8719404000	34
2016.10.05	11:00:00	1.24243	1.24434	1.24213	1.24379	8330	7997767000	33
2016.10.05	12:00:00	1.24379	1.24533	1.24109	1.24258	9210	8675730000	33
2016.10.05	13:00:00	1.24261	1.24381	1.24203	1.24303	6514	6783000000	33
2016.10.05	14:00:00	1.24303	1.24425	1.24256	1.24262	6558	7265066000	33
2016.10.05	15:00:00	1.24262	1.24403	1.24183	1.24397	8297	9618058000	27
2016.10.05	16:00:00	1.24397	1.24674	1.24328	1.24519	8756	9156218000	33
2016.10.05	17:00:00	1.24674	1.24708	1.24396	1.24475	11375	11922198000	33
2016.10.05	18:00:00	1.24474	1.24638	1.24428	1.24494	9386	8761550000	33
2016.10.05	19:00:00	1.24493	1.24495	1.24332	1.24377	4589	4700750000	33
2016.10.05	20:00:00	1.24376	1.24411	1.24135	1.24201	5577	5810464000	33
2016.10.05	21:00:00	1.24200	1.24247	1.24135	1.24191	3237	4153800000	35
2016.10.05	22:00:00	1.24190	1.24208	1.24097	1.24153	3143	3282100000	33
2016.10.05	23:00:00	1.24155	1.24201	1.24099	1.24153	2685	2571100000	40
2016.10.06	00:00:00	1.24257	1.24444	1.23519	1.24147	73877	1744100000	61
2016.10.06	01:00:00	1.24170	1.24202	1.24102	1.24181	3916	3412197000	42
2016.10.06	02:00:00	1.24180	1.24233	1.24140	1.24206	2211	1969350000	42
2016.10.06	03:00:00	1.24206	1.24234	1.24134	1.24204	3150	3099850000	40
2016.10.06	04:00:00	1.24203	1.24262	1.24080	1.24085	3197	3105300000	35
2016.10.06	05:00:00	1.24085	1.24172	1.24084	1.24139	2866	2805650000	38
2016.10.06	06:00:00	1.24142	1.24169	1.24083	1.24096	2470	2409600000	42
2016.10.06	07:00:00	1.24096	1.24096	1.23955	1.24049	2930	2878100000	33
2016.10.06	08:00:00	1.24049	1.24082	1.23994	1.23994	3379	2816200000	35
2016.10.06	09:00:00	1.23994	1.24098	1.23943	1.24055	7748	7636130000	35
2016.10.06	10:00:00	1.24050	1.24334	1.24007	1.24078	8828	9148625000	34
2016.10.06	11:00:00	1.24079	1.24309	1.24015	1.24218	6531	7097509000	33
2016.10.06	12:00:00	1.24218	1.24454	1.24159	1.24339	7652	8631121000	33
2016.10.06	13:00:00	1.24341	1.24458	1.24233	1.24245	6643	6718598000	33
2016.10.06	14:00:00	1.24244	1.24276	1.23794	1.23867	9191	10294786000	33
2016.10.06	15:00:00	1.23867	1.23924	1.23533	1.23542	9885	10704460000	33
2016.10.06	16:00:00	1.23542	1.23790	1.23526	1.23759	10762	11813307000	33
2016.10.06	17:00:00	1.23754	1.23938	1.23669	1.23896	10001	11003999000	33
2016.10.06	18:00:00	1.23896	1.24109	1.23786	1.23885	10216	10797682000	33
2016.10.06	19:00:00	1.23883	1.24085	1.23831	1.23864	7075	7720550000	33
2016.10.06	20:00:00	1.23863	1.23905	1.23773	1.23901	4296	5280698000	35
2016.10.06	21:00:00	1.23900	1.23929	1.23664	1.23724	4782	6163642000	35
2016.10.06	22:00:00	1.23729	1.23767	1.23673	1.23704	3469	3391750000	34
2016.10.06	23:00:00	1.23705	1.23754	1.23638	1.23697	2427	2274900000	40
2016.10.07	00:00:00	1.23705	1.23786	1.13870	1.23693	150228	2449850000	48
2016.10.07	01:00:00	1.23699	1.23800	1.23682	1.23725	2477	2369700000	43
2016.10.07	02:00:00	1.23725	1.23736	1.13201	1.21447	13201	12333962000	33
2016.10.07	03:00:00	1.21449	1.22398	1.21383	1.21639	9509	9970200000	33
2016.10.07	04:00:00	1.21633	1.21738	1.21208	1.21701	9451	8455850000	34
2016.10.07	05:00:00	1.21701	1.22178	1.21543	1.22111	8290	7940645000	33
2016.10.07	06:00:00	1.22110	1.22132	1.21880	1.22084	6598	6232649000	33
2016.10.07	07:00:00	1.22085	1.22212	1.22051	1.22141	4353	4361400000	35
2016.10.07	08:00:00	1.22140	1.22425	1.21990	1.22342	5013	4386399000	36
2016.10.07	09:00:00	1.22342	1.22472	1.21968	1.22200	10226	9314646000	33
2016.10.07	10:00:00	1.22207	1.22568	1.22125	1.22368	11776	10430200000	33
2016.10.07	11:00:00	1.22369	1.22378	1.21891	1.22011	10510	8178545000	33
2016.10.07	12:00:00	1.22013	1.22042	1.20861	1.20871	11313	9521096000	33
2016.10.07	13:00:00	1.20870	1.21704	1.19946	1.21466	15316	13662264000	33
2016.10.07	14:00:00	1.21466	1.21516	1.21076	1.21460	10145	11353981000	33
2016.10.07	15:00:00	1.21458	1.21528	1.20740	1.21310	18032	16150323000	33
2016.10.07	16:00:00	1.21307	1.21553	1.20811	1.21406	17523	13853699000	33
2016.10.07	17:00:00	1.21408	1.22097	1.21337	1.22077	16192	13956444000	33
2016.10.07	18:00:00	1.22076	1.22116	1.21397	1.21868	14180	13679245000	33
2016.10.07	19:00:00	1.21868	1.22050	1.21683	1.22027	10339	11117169000	33
2016.10.07	20:00:00	1.22026	1.22026	1.21673	1.21686	7602	7680000000	33
2016.10.07	21:00:00	1.21687	1.21873	1.21636	1.21652	5239	5079000000	36
2016.10.07	22:00:00	1.21656	1.21731	1.21511	1.21584	5305	5076700000	35
2016.10.07	23:00:00	1.21587	1.21666	1.21427	1.21503	2323	1973000000	27
2016.10.10	00:00:00	1.21554	1.21957	1.20968	1.21505	76587	1464956000	0
2016.10.10	01:00:00	1.21518	1.21587	1.21480	1.21551	3297	2502100000	49
2016.10.10	02:00:00	1.21550	1.21571	1.21466	1.21550	2990	2609350000	35
2016.10.10	03:00:00	1.21557	1.21615	1.21539	1.21568	3345	2606050000	40
2016.10.10	04:00:00	1.21564	1.21628	1.21459	1.21473	4270	3491849000	35
2016.10.10	05:00:00	1.21472	1.21572	1.21364	1.21378	3800	3858550000	42
2016.10.10	06:00:00	1.21378	1.21389	1.21207	1.21254	4156	3492400000	33
2016.10.10	07:00:00	1.21254	1.21409	1.21226	1.21328	2914	2394999000	33
2016.10.10	08:00:00	1.21328	1.21413	1.21227	1.21279	2649	1926350000	33
2016.10.10	09:00:00	1.21282	1.21381	1.20982	1.20991	5847	4654543000	33
2016.10.10	10:00:00	1.20993	1.21563	1.20986	1.21478	9453	10672407000	33
2016.10.10	11:00:00	1.21478	1.21644	1.21366	1.21545	8699	8863450000	34
2016.10.10	12:00:00	1.21545	1.21736	1.21509	1.21682	7626	7262349000	36
2016.10.10	13:00:00	1.21682	1.21849	1.21541	1.21842	6990	7409600000	33
2016.10.10	14:00:00	1.21842	1.21973	1.21553	1.21647	7445	8609218000	33
2016.10.10	15:00:00	1.21644	1.21805	1.21576	1.21771	7350	8832294000	33
2016.10.10	16:00:00	1.21776	1.21798	1.21534	1.21631	8985	10509650000	33
2016.10.10	17:00:00	1.21631	1.21704	1.21438	1.21697	8191	10180019000	33
2016.10.10	18:00:00	1.21697	1.21861	1.21532	1.21698	7718	8666126000	33
2016.10.10	19:00:00	1.21698	1.21756	1.21555	1.21714	4374	4614232000	33
2016.10.10	20:00:00	1.21713	1.21733	1.21410	1.21437	4174	4224000000	33
2016.10.10	21:00:00	1.21438	1.21468	1.21321	1.21354	3902	4594300000	34
2016.10.10	22:00:00	1.21356	1.21456	1.21346	1.21456	2746	2790550000	33
2016.10.10	23:00:00	1.21456	1.21514	1.21414	1.21432	2178	1808046000	36
2016.10.11	00:00:00	1.21427	1.21577	1.19519	1.21482	112847	671000000	0
2016.10.11	01:00:00	1.21482	1.21482	1.21377	1.21385	2268	1768400000	34
2016.10.11	02:00:00	1.21385	1.21419	1.21172	1.21245	2898	2826750000	38
2016.10.11	03:00:00	1.21244	1.21369	1.21133	1.21257	4582	3689550000	37
2016.10.11	04:00:00	1.21257	1.21276	1.21039	1.21123	5751	5615150000	35
2016.10.11	05:00:00	1.21124	1.21169	1.21003	1.21163	5094	5039600000	41
2016.10.11	06:00:00	1.21164	1.21217	1.21008	1.21149	5100	5143000000	33
2016.10.11	07:00:00	1.21149	1.21209	1.21090	1.21130	3484	3492200000	42
2016.10.11	08:00:00	1.21132	1.21171	1.20981	1.21170	5043	4587500000	36
2016.10.11	09:00:00	1.21170	1.21201	1.20901	1.20960	7531	7921200000	35
2016.10.11	10:00:00	1.20958	1.21218	1.20834	1.21115	11369	12065633000	33
2016.10.11	11:00:00	1.21114	1.21272	1.21014	1.21132	8337	9352298000	33
2016.10.11	12:00:00	1.21133	1.21342	1.21091	1.21254	7769	8269300000	33
2016.10.11	13:00:00	1.21253	1.21287	1.20948	1.21038	9719	9091000000	33
2016.10.11	14:00:00	1.21038	1.21179	1.20928	1.21130	8582	9381650000	34
2016.10.11	15:00:00	1.21129	1.21337	1.21110	1.21337	9360	9719348000	33
2016.10.11	16:00:00	1.21336	1.21556	1.21132	1.21162	11309	12183157000	33
2016.10.11	17:00:00	1.21158	1.21256	1.20732	1.20794	12402	11795504000	33
2016.10.11	18:00:00	1.20788	1.20925	1.20437	1.20662	11358	11755523000	33
2016.10.11	19:00:00	1.20659	1.20795	1.20094	1.20142	8305	9057400000	33
2016.10.11	20:00:00	1.20142	1.20195	1.19531	1.19784	11165	11398926000	34
2016.10.11	21:00:00	1.19785	1.20140	1.19725	1.19996	7836	8617585000	33
2016.10.11	22:00:00	1.19993	1.19997	1.19790	1.19860	6023	6793800000	34
2016.10.11	23:00:00	1.19859	1.20057	1.19764	1.19870	4887	5613150000	37
2016.10.12	00:00:00	1.19838	1.21776	1.19622	1.19738	124264	967444000	61
2016.10.12	01:00:00	1.19737	1.21306	1.19736	1.20918	7512	7051150000	33
2016.10.12	02:00:00	1.20924	1.21391	1.20556	1.21244	8759	7941750000	33
2016.10.12	03:00:00	1.21244	1.21388	1.21100	1.21245	7475	7103100000	33
2016.10.12	04:00:00	1.21246	1.21465	1.21194	1.21341	5723	5595350000	39
2016.10.12	05:00:00	1.21341	1.21765	1.21328	1.21695	5930	5476949000	38
2016.10.12	06:00:00	1.21697	1.21786	1.21374	1.21448	4503	4306249000	40
2016.10.12	07:00:00	1.21448	1.21632	1.21431	1.21494	4671	4418950000	37
2016.10.12	08:00:00	1.21494	1.21550	1.21143	1.21220	6029	5664949000	41
2016.10.12	09:00:00	1.21218	1.21466	1.21033	1.21123	8651	8612300000	34
2016.10.12	10:00:00	1.21136	1.21650	1.20820	1.21587	12322	12793946000	33
2016.10.12	11:00:00	1.21583	1.21756	1.21085	1.21309	11733	11972615000	33
2016.10.12	12:00:00	1.21311	1.21537	1.21110	1.21125	9187	8969450000	33
2016.10.12	13:00:00	1.21126	1.21445	1.21035	1.21200	8181	7881778000	33
2016.10.12	14:00:00	1.21200	1.21292	1.21094	1.21171	7887	7665665000	33
2016.10.12	15:00:00	1.21171	1.21256	1.20664	1.20681	10033	9480745000	33
2016.10.12	16:00:00	1.20680	1.20949	1.20428	1.20944	11635	10902704000	33
2016.10.12	17:00:00	1.20945	1.20979	1.20610	1.20621	11883	11712731000	33
2016.10.12	18:00:00	1.20621	1.20996	1.20621	1.20726	11272	12277530000	33
2016.10.12	19:00:00	1.20724	1.21014	1.20695	1.20831	6675	6544392000	33
2016.10.12	20:00:00	1.20832	1.21068	1.20825	1.20951	5793	5325940000	33
2016.10.12	21:00:00	1.20945	1.21110	1.20742	1.20852	11317	11025121000	33
2016.10.12	22:00:00	1.20852	1.20977	1.20723	1.20873	7125	7787753000	34
2016.10.12	23:00:00	1.20874	1.20979	1.20874	1.20877	3005	3552130000	37
2016.10.13	00:00:00	1.20804	1.21055	1.19914	1.20727	107947	2255583000	33
2016.10.13	01:00:00	1.20754	1.20854	1.20718	1.20751	3313	3299824000	44
2016.10.13	02:00:00	1.20752	1.20752	1.20577	1.20649	2439	2418254000	44
2016.10.13	03:00:00	1.20650	1.20826	1.20468	1.20540	4167	3895425000	38
2016.10.13	04:00:00	1.20540	1.20627	1.20474	1.20581	4540	4395686000	34
2016.10.13	05:00:00	1.20580	1.20609	1.20361	1.20415	7167	6682294000	36
2016.10.13	06:00:00	1.20416	1.20541	1.20385	1.20477	4828	4728889000	43
2016.10.13	07:00:00	1.20477	1.20593	1.20469	1.20534	3545	3489359000	41
2016.10.13	08:00:00	1.20534	1.20605	1.20409	1.20410	4159	4132131000	36
2016.10.13	09:00:00	1.20411	1.20432	1.20182	1.20298	8842	8248942000	35
2016.10.13	10:00:00	1.20297	1.20379	1.19926	1.20269	12455	11679670000	33
2016.10.13	11:00:00	1.20272	1.20542	1.20201	1.20360	9464	8833049000	35
2016.10.13	12:00:00	1.20360	1.20644	1.20333	1.20483	9534	8522991000	33
2016.10.13	13:00:00	1.20481	1.20726	1.20293	1.20678	10420	9585249000	33
2016.10.13	14:00:00	1.20677	1.20721	1.20407	1.20621	9417	9150366000	34
2016.10.13	15:00:00	1.20628	1.20651	1.20425	1.20523	6977	7013746000	33
2016.10.13	17:00:00	1.20433	1.20477	1.20370	1.20446	1734	1461844000	33
2016.10.13	18:00:00	1.20447	1.20663	1.20376	1.20407	10892	10562616000	34
2016.10.13	19:00:00	1.20406	1.20944	1.20269	1.20923	7083	6619545000	33
2016.10.13	20:00:00	1.20918	1.21068	1.20810	1.20898	6528	6613115000	33
2016.10.13	21:00:00	1.20897	1.20950	1.20713	1.20822	5618	5597599000	33
2016.10.13	22:00:00	1.20823	1.20913	1.20763	1.20792	3885	3911819000	38
2016.10.13	23:00:00	1.20791	1.20874	1.20715	1.20794	2780	2519794000	39
2016.10.14	00:00:00	1.20799	1.21301	1.20307	1.20778	99319	1733132000	68
2016.10.14	01:00:00	1.20778	1.20788	1.20656	1.20698	4283	4249818000	44
2016.10.14	02:00:00	1.20697	1.20785	1.20559	1.20611	2067	1922945000	40
2016.10.14	03:00:00	1.20611	1.20684	1.20536	1.20632	4574	4082206000	38
2016.10.14	04:00:00	1.20634	1.20868	1.20602	1.20696	6204	5494216000	40
2016.10.14	05:00:00	1.20699	1.20765	1.20657	1.20721	3660	3640273000	41
2016.10.14	06:00:00	1.20721	1.20763	1.20631	1.20642	3664	3651695000	37
2016.10.14	07:00:00	1.20641	1.20691	1.20434	1.20459	4128	4032701000	36
2016.10.14	08:00:00	1.20460	1.20540	1.20357	1.20484	4447	3973735000	36
2016.10.14	09:00:00	1.20481	1.20621	1.20397	1.20539	6225	5417738000	37
2016.10.14	10:00:00	1.20542	1.20731	1.20319	1.20519	9779	8541540000	33
2016.10.14	11:00:00	1.20518	1.20655	1.20320	1.20613	8640	7868707000	37
2016.10.14	12:00:00	1.20615	1.20909	1.20558	1.20730	8535	7574813000	35
2016.10.14	13:00:00	1.20728	1.21167	1.20705	1.21021	8403	6580540000	33
2016.10.14	14:00:00	1.21023	1.21207	1.20949	1.21189	7269	6442847000	37
2016.10.14	15:00:00	1.21188	1.21315	1.20599	1.20600	12299	10675856000	33
2016.10.14	16:00:00	1.20601	1.20940	1.20515	1.20552	11344	10225251000	33
2016.10.14	17:00:00	1.20549	1.20703	1.20441	1.20544	12298	9240744000	33
2016.10.14	18:00:00	1.20543	1.20676	1.20433	1.20662	9439	8362346000	36
2016.10.14	19:00:00	1.20662	1.20852	1.20529	1.20810	5902	5330894000	33
2016.10.14	20:00:00	1.20808	1.20817	1.20548	1.20554	7927	6681508000	35
2016.10.14	21:00:00	1.20556	1.20687	1.20519	1.20571	6169	5988138000	38
2016.10.14	22:00:00	1.20573	1.20649	1.20535	1.20541	4009	3867382000	40
2016.10.14	23:00:00	1.20542	1.20737	1.20524	1.20666	2042	788300000	44
2016.10.17	00:00:00	1.20331	1.20687	1.20006	1.20472	84102	411447000	0
2016.10.17	01:00:00	1.20473	1.20641	1.20372	1.20464	4575	4362523000	37
2016.10.17	02:00:00	1.20455	1.20638	1.20331	1.20584	4087	3876939000	45
2016.10.17	03:00:00	1.20584	1.20625	1.20426	1.20487	4959	4674030000	33
2016.10.17	04:00:00	1.20486	1.20502	1.20297	1.20382	4547	4394751000	41
2016.10.17	05:00:00	1.20382	1.20479	1.20348	1.20434	3631	3572100000	33
2016.10.17	06:00:00	1.20434	1.20482	1.20294	1.20328	3609	3533008000	33
2016.10.17	07:00:00	1.20327	1.20389	1.20244	1.20292	2553	2431133000	44
2016.10.17	08:00:00	1.20291	1.20390	1.20211	1.20370	3568	3236436000	43
2016.10.17	09:00:00	1.20373	1.20582	1.20212	1.20500	6629	5794708000	36
2016.10.17	10:00:00	1.20499	1.20703	1.20360	1.20387	10403	9840264000	33
2016.10.17	11:00:00	1.20387	1.20444	1.20235	1.20281	7578	7455326000	36
2016.10.17	12:00:00	1.20279	1.20378	1.20140	1.20331	7567	7262868000	34
2016.10.17	13:00:00	1.20330	1.20409	1.20197	1.20306	6178	5762455000	33
2016.10.17	14:00:00	1.20306	1.20363	1.20023	1.20099	7296	6246857000	34
2016.10.17	15:00:00	1.20099	1.20269	1.20022	1.20206	7477	7178441000	33
2016.10.17	16:00:00	1.20205	1.20354	1.20175	1.20235	7452	6848069000	33
2016.10.17	17:00:00	1.20236	1.20348	1.20089	1.20346	7731	7329388000	36
2016.10.17	18:00:00	1.20350	1.20586	1.20303	1.20372	7802	6902106000	36
2016.10.17	19:00:00	1.20373	1.20510	1.20286	1.20482	4841	4883710000	35
2016.10.17	20:00:00	1.20483	1.20554	1.20339	1.20549	4831	5115717000	37
2016.10.17	21:00:00	1.20549	1.20603	1.20491	1.20573	4122	4273206000	34
2016.10.17	22:00:00	1.20574	1.20577	1.20407	1.20465	3099	3141561000	34
2016.10.17	23:00:00	1.20463	1.20480	1.20368	1.20438	2975	2997371000	33
2016.10.18	00:00:00	1.20442	1.21982	1.20347	1.20452	86961	700539000	52
2016.10.18	01:00:00	1.20452	1.20520	1.20395	1.20463	3826	3548160000	34
2016.10.18	02:00:00	1.20463	1.20865	1.20417	1.20715	3044	2991387000	33
2016.10.18	03:00:00	1.20715	1.20933	1.20706	1.20928	5049	4947790000	35
2016.10.18	04:00:00	1.20927	1.21095	1.20764	1.20819	6102	5906222000	39
2016.10.18	05:00:00	1.20819	1.20822	1.20670	1.20746	2732	2451908000	38
2016.10.18	06:00:00	1.20746	1.20764	1.20601	1.20614	3809	3792350000	43
2016.10.18	07:00:00	1.20616	1.20748	1.20600	1.20744	3016	2889982000	36
2016.10.18	08:00:00	1.20743	1.20948	1.20737	1.20792	3689	3508254000	39
2016.10.18	09:00:00	1.20791	1.20922	1.20747	1.20873	7411	6244005000	36
2016.10.18	10:00:00	1.20869	1.21084	1.20859	1.21030	8033	7387520000	35
2016.10.18	11:00:00	1.21024	1.21286	1.20844	1.21031	8565	8168739000	33
2016.10.18	12:00:00	1.21026	1.21477	1.20839	1.21389	7242	6256202000	33
2016.10.18	13:00:00	1.21389	1.21591	1.21064	1.21405	10533	8840307000	33
2016.10.18	14:00:00	1.21407	1.21478	1.21256	1.21295	6445	5742519000	33
2016.10.18	15:00:00	1.21295	1.21595	1.21295	1.21525	9651	9164700000	33
2016.10.18	16:00:00	1.21528	1.21906	1.21492	1.21726	9450	8756525000	33
2016.10.18	17:00:00	1.21728	1.21978	1.21620	1.21939	9577	8200357000	35
2016.10.18	18:00:00	1.21940	1.21997	1.21649	1.21676	8511	8003316000	33
2016.10.18	19:00:00	1.21677	1.21742	1.21510	1.21567	4168	4193275000	35
2016.10.18	20:00:00	1.21565	1.21799	1.21565	1.21755	2959	3129720000	37
2016.10.18	21:00:00	1.21756	1.21799	1.21638	1.21677	2878	2832961000	40
2016.10.18	22:00:00	1.21678	1.21735	1.21594	1.21675	3467	3469737000	38
2016.10.18	23:00:00	1.21677	1.21737	1.21647	1.21688	2786	2745588000	36
2016.10.19	00:00:00	1.21710	1.21897	1.21206	1.21746	82471	335016000	0
2016.10.19	01:00:00	1.21752	1.21797	1.21675	1.21718	3403	2816420000	34
2016.10.19	02:00:00	1.21719	1.21803	1.21665	1.21781	3291	3149416000	44
2016.10.19	03:00:00	1.21782	1.21841	1.21515	1.21576	4776	4558164000	37
2016.10.19	04:00:00	1.21577	1.21654	1.21427	1.21491	4278	4012634000	41
2016.10.19	05:00:00	1.21493	1.21640	1.21486	1.21512	3521	3365216000	42
2016.10.19	06:00:00	1.21513	1.21565	1.21469	1.21524	2667	2624067000	46
2016.10.19	07:00:00	1.21528	1.21581	1.21416	1.21535	2735	2722863000	45
2016.10.19	08:00:00	1.21536	1.21557	1.21476	1.21531	2521	2259068000	41
2016.10.19	09:00:00	1.21530	1.21534	1.21304	1.21414	6446	6115164000	33
2016.10.19	10:00:00	1.21417	1.21618	1.21370	1.21600	7459	7144325000	35
2016.10.19	11:00:00	1.21593	1.21844	1.21460	1.21795	8573	8292831000	33
2016.10.19	12:00:00	1.21796	1.21932	1.21311	1.21463	7708	6869934000	33
2016.10.19	13:00:00	1.21463	1.21726	1.21375	1.21635	6303	6084811000	36
2016.10.19	14:00:00	1.21635	1.21732	1.21421	1.21458	6035	5734570000	38
2016.10.19	15:00:00	1.21457	1.21753	1.21411	1.21686	7221	6449690000	36
2016.10.19	16:00:00	1.21685	1.21817	1.21582	1.21594	7647	6829003000	38
2016.10.19	17:00:00	1.21593	1.21907	1.21513	1.21523	9965	8892037000	34
2016.10.19	18:00:00	1.21523	1.21722	1.21416	1.21457	9021	8085723000	34
2016.10.19	19:00:00	1.21458	1.21459	1.21221	1.21425	5873	5271214000	33
2016.10.19	20:00:00	1.21424	1.21519	1.21324	1.21411	3655	3608414000	36
2016.10.19	21:00:00	1.21413	1.21468	1.21384	1.21389	4362	4180368000	36
2016.10.19	22:00:00	1.21387	1.21497	1.21385	1.21436	2843	2929081000	38
2016.10.19	23:00:00	1.21437	1.21548	1.21437	1.21519	2052	1829975000	40
2016.10.20	00:00:00	1.21446	1.21717	1.20348	1.21455	84402	1139138000	33
2016.10.20	01:00:00	1.21463	1.21578	1.21433	1.21486	2927	2763122000	47
2016.10.20	02:00:00	1.21488	1.21584	1.21467	1.21581	1787	1581300000	41
2016.10.20	03:00:00	1.21584	1.21640	1.21473	1.21600	3696	3550054000	42
2016.10.20	04:00:00	1.21599	1.21623	1.21503	1.21530	3724	3664284000	44
2016.10.20	05:00:00	1.21530	1.21638	1.21518	1.21570	2224	2196534000	44
2016.10.20	06:00:00	1.21569	1.21598	1.21505	1.21555	1787	1774418000	44
2016.10.20	07:00:00	1.21554	1.21585	1.21494	1.21511	2593	2582672000	42
2016.10.20	08:00:00	1.21512	1.21543	1.21431	1.21462	2893	2860540000	37
2016.10.20	09:00:00	1.21462	1.21618	1.21453	1.21614	6542	5815521000	34
2016.10.20	10:00:00	1.21625	1.21664	1.21323	1.21385	7253	6614395000	37
2016.10.20	11:00:00	1.21385	1.21445	1.21241	1.21377	7199	5916139000	33
2016.10.20	12:00:00	1.21376	1.21402	1.21170	1.21386	6828	6101546000	35
2016.10.20	13:00:00	1.21384	1.21390	1.21145	1.21173	4864	3906186000	38
2016.10.20	14:00:00	1.21172	1.21260	1.21020	1.21167	6344	6000214000	33
2016.10.20	15:00:00	1.21164	1.21203	1.20362	1.20877	13425	11348878000	34
2016.10.20	16:00:00	1.20879	1.21198	1.20829	1.21124	12871	11287413000	37
2016.10.20	17:00:00	1.21126	1.21503	1.21095	1.21405	9863	8836319000	36
2016.10.20	18:00:00	1.21406	1.21554	1.21395	1.21475	7693	6847988000	36
2016.10.20	19:00:00	1.21474	1.21710	1.21474	1.21638	5524	5528243000	35
2016.10.20	20:00:00	1.21641	1.21716	1.21579	1.21690	4606	4808234000	36
2016.10.20	21:00:00	1.21689	1.21730	1.21594	1.21658	3488	3391373000	39
2016.10.20	22:00:00	1.21649	1.21653	1.21524	1.21577	2485	2406654000	38
2016.10.20	23:00:00	1.21576	1.21683	1.21573	1.21588	2096	2001670000	39
2016.10.21	00:00:00	1.21620	1.21852	1.21048	1.21602	73626	1029700000	0
2016.10.21	01:00:00	1.21609	1.21633	1.21556	1.21632	2019	2006972000	46
2016.10.21	02:00:00	1.21623	1.21684	1.21598	1.21637	1246	1158581000	45
2016.10.21	03:00:00	1.21638	1.21694	1.21580	1.21645	3312	3272852000	39
2016.10.21	04:00:00	1.21644	1.21781	1.21644	1.21669	2777	2652853000	34
2016.10.21	05:00:00	1.21669	1.21788	1.21652	1.21767	4503	4492077000	38
2016.10.21	06:00:00	1.21767	1.21803	1.21736	1.21747	1855	1844296000	43
2016.10.21	07:00:00	1.21748	1.21830	1.21707	1.21789	1538	1484550000	44
2016.10.21	08:00:00	1.21788	1.21798	1.21611	1.21745	3139	3150375000	42
2016.10.21	09:00:00	1.21744	1.21864	1.21643	1.21716	6622	6027827000	34
2016.10.21	10:00:00	1.21713	1.21845	1.21589	1.21775	8644	7256987000	34
2016.10.21	11:00:00	1.21774	1.21843	1.21598	1.21642	7005	6549752000	36
2016.10.21	12:00:00	1.21641	1.21736	1.21571	1.21611	6362	6028184000	35
2016.10.21	13:00:00	1.21611	1.21650	1.21369	1.21387	5706	5475860000	35
2016.10.21	14:00:00	1.21386	1.21481	1.21327	1.21327	5666	4956363000	36
2016.10.21	15:00:00	1.21326	1.21331	1.21063	1.21246	9148	8480582000	33
2016.10.21	16:00:00	1.21244	1.21383	1.21175	1.21324	8050	7134944000	35
2016.10.21	17:00:00	1.21324	1.21586	1.21283	1.21387	8743	7591368000	34
2016.10.21	18:00:00	1.21387	1.21511	1.21335	1.21489	8063	7148274000	35
2016.10.21	19:00:00	1.21488	1.21798	1.21416	1.21715	5336	5137823000	34
2016.10.21	20:00:00	1.21713	1.21731	1.21546	1.21629	4175	3847415000	33
2016.10.21	21:00:00	1.21628	1.21650	1.21541	1.21546	3910	3981159000	33
2016.10.21	22:00:00	1.21546	1.21622	1.21334	1.21414	4321	4246947000	37
2016.10.21	23:00:00	1.21416	1.21520	1.21379	1.21467	1962	864475000	39
2016.10.24	00:00:00	1.21535	1.21736	1.20965	1.21495	69347	473650000	0
2016.10.24	01:00:00	1.21503	1.21506	1.21420	1.21466	3219	3110247000	41
2016.10.24	02:00:00	1.21462	1.21468	1.21411	1.21457	2425	2358410000	45
2016.10.24	03:00:00	1.21457	1.21488	1.21338	1.21381	4020	3917124000	41
2016.10.24	04:00:00	1.21381	1.21477	1.21284	1.21306	6067	5648370000	41
2016.10.24	05:00:00	1.21306	1.21367	1.21266	1.21319	3388	3317055000	36
2016.10.24	06:00:00	1.21317	1.21325	1.21246	1.21316	3131	3021498000	41
2016.10.24	07:00:00	1.21317	1.21348	1.21283	1.21343	2120	2144487000	43
2016.10.24	08:00:00	1.21342	1.21416	1.21304	1.21334	3215	3067243000	41
2016.10.24	09:00:00	1.21335	1.21510	1.21300	1.21456	6135	5907024000	37
2016.10.24	10:00:00	1.21452	1.21750	1.21437	1.21721	8382	8071736000	33
2016.10.24	11:00:00	1.21724	1.21741	1.21502	1.21610	5697	5479520000	35
2016.10.24	12:00:00	1.21607	1.21750	1.21576	1.21674	6510	5816977000	33
2016.10.24	13:00:00	1.21669	1.21695	1.21513	1.21570	4827	4373216000	36
2016.10.24	14:00:00	1.21570	1.21633	1.21433	1.21495	5359	5048251000	35
2016.10.24	15:00:00	1.21494	1.21622	1.21458	1.21467	6175	6094496000	34
2016.10.24	16:00:00	1.21466	1.21542	1.21383	1.21436	7833	7812349000	34
2016.10.24	17:00:00	1.21436	1.21439	1.21147	1.21177	8306	8320845000	34
2016.10.24	18:00:00	1.21172	1.21255	1.21020	1.21056	7521	7704916000	33
2016.10.24	19:00:00	1.21054	1.21346	1.20980	1.21323	5481	5925370000	33
2016.10.24	20:00:00	1.21325	1.21414	1.21202	1.21383	3682	4150684000	33
2016.10.24	21:00:00	1.21383	1.21500	1.21351	1.21463	4158	4343093000	35
2016.10.24	22:00:00	1.21463	1.21490	1.21410	1.21461	3024	2976503000	35
2016.10.24	23:00:00	1.21465	1.21630	1.21452	1.21542	3066	3015798000	33
2016.10.25	00:00:00	1.21529	1.22126	1.20585	1.21456	85891	1191661000	47
2016.10.25	01:00:00	1.21451	1.21476	1.21355	1.21446	3296	2604864000	43
2016.10.25	02:00:00	1.21443	1.21480	1.21377	1.21478	2213	1825830000	44
2016.10.25	03:00:00	1.21481	1.21518	1.21416	1.21438	3119	2906612000	33
2016.10.25	04:00:00	1.21439	1.21494	1.21387	1.21430	3610	3572299000	42
2016.10.25	05:00:00	1.21430	1.21496	1.21404	1.21459	3147	3078581000	41
2016.10.25	06:00:00	1.21459	1.21517	1.21377	1.21512	2738	2727669000	38
2016.10.25	07:00:00	1.21512	1.21558	1.21349	1.21448	3246	3029267000	40
2016.10.25	08:00:00	1.21448	1.21649	1.21368	1.21537	4670	4574931000	33
2016.10.25	09:00:00	1.21542	1.21616	1.21437	1.21564	6197	6030876000	35
2016.10.25	10:00:00	1.21563	1.21634	1.21488	1.21502	7002	7300470000	33
2016.10.25	11:00:00	1.21506	1.21575	1.21433	1.21566	6740	7183025000	33
2016.10.25	12:00:00	1.21566	1.21646	1.21511	1.21644	5885	5940166000	33
2016.10.25	13:00:00	1.21642	1.21673	1.21514	1.21622	6239	6180187000	33
2016.10.25	14:00:00	1.21623	1.21794	1.21563	1.21794	5753	5467042000	33
2016.10.25	15:00:00	1.21793	1.22138	1.21635	1.21687	9768	8577682000	33
2016.10.25	16:00:00	1.21685	1.21695	1.20875	1.20951	13428	9350551000	33
2016.10.25	17:00:00	1.20950	1.21126	1.20597	1.20855	13032	9874195000	33
2016.10.25	18:00:00	1.20857	1.21023	1.20737	1.20861	13441	12026060000	33
2016.10.25	19:00:00	1.20862	1.21276	1.20777	1.21176	8358	7336029000	33
2016.10.25	20:00:00	1.21175	1.21182	1.20918	1.21025	5089	5159177000	33
2016.10.25	21:00:00	1.21025	1.21228	1.20971	1.21191	4884	4748753000	36
2016.10.25	22:00:00	1.21191	1.21283	1.21037	1.21142	4435	4077704000	33
2016.10.25	23:00:00	1.21142	1.21228	1.21046	1.21178	2704	2601891000	34
2016.10.26	00:00:00	1.21140	1.21663	1.20813	1.21070	85606	920368000	0
2016.10.26	01:00:00	1.21070	1.21146	1.21057	1.21082	2560	1977634000	33
2016.10.26	02:00:00	1.21082	1.21171	1.20984	1.21090	2946	2770091000	42
2016.10.26	03:00:00	1.21091	1.21117	1.21003	1.21062	4326	3582356000	40
2016.10.26	04:00:00	1.21062	1.21130	1.20971	1.20997	4023	3924123000	41
2016.10.26	05:00:00	1.20998	1.21039	1.20932	1.20965	2879	2946018000	40
2016.10.26	06:00:00	1.20965	1.21031	1.20939	1.20992	2233	1799881000	39
2016.10.26	07:00:00	1.20993	1.21027	1.20981	1.20994	1894	1869930000	42
2016.10.26	08:00:00	1.20994	1.21040	1.20935	1.21000	2209	2038946000	41
2016.10.26	09:00:00	1.21001	1.21032	1.20826	1.20868	6938	5648492000	36
2016.10.26	10:00:00	1.20868	1.21047	1.20828	1.20862	8985	8486467000	33
2016.10.26	11:00:00	1.20863	1.21282	1.20863	1.21063	9281	7809546000	33
2016.10.26	12:00:00	1.21063	1.21116	1.20897	1.20997	7448	4864944000	35
2016.10.26	13:00:00	1.20996	1.21113	1.20887	1.21108	5921	2951257000	34
2016.10.26	14:00:00	1.21107	1.21166	1.20980	1.21141	5485	2810747000	33
2016.10.26	15:00:00	1.21142	1.21239	1.21069	1.21150	6733	3251786000	36
2016.10.26	16:00:00	1.21154	1.21282	1.21046	1.21209	10663	4722988000	33
2016.10.26	17:00:00	1.21211	1.21526	1.21175	1.21509	11273	5288999000	33
2016.10.26	18:00:00	1.21513	1.21513	1.21343	1.21420	8606	4896648000	33
2016.10.26	19:00:00	1.21420	1.21487	1.21386	1.21448	5643	5422446000	34
2016.10.26	20:00:00	1.21449	1.21547	1.21397	1.21495	5381	4150742000	33
2016.10.26	21:00:00	1.21496	1.21547	1.21394	1.21474	4201	4063156000	33
2016.10.26	22:00:00	1.21475	1.21675	1.21408	1.21535	4477	3335232000	33
2016.10.26	23:00:00	1.21535	1.21676	1.21514	1.21656	2319	1985557000	33
2016.10.27	00:00:00	1.21631	1.21797	1.20750	1.21553	94094	873043000	45
2016.10.27	01:00:00	1.21555	1.21604	1.21512	1.21536	2330	2281066000	46
2016.10.27	02:00:00	1.21537	1.21676	1.21473	1.21529	4043	3825045000	36
2016.10.27	03:00:00	1.21530	1.21575	1.21388	1.21453	3742	3453618000	41
2016.10.27	04:00:00	1.21455	1.21497	1.21381	1.21453	4575	4044232000	38
2016.10.27	05:00:00	1.21457	1.21504	1.21405	1.21405	3157	2955190000	40
2016.10.27	06:00:00	1.21406	1.21482	1.21349	1.21376	3683	3653122000	41
2016.10.27	07:00:00	1.21379	1.21445	1.21329	1.21416	3760	3572967000	42
2016.10.27	08:00:00	1.21415	1.21471	1.21339	1.21366	3047	2998186000	43
2016.10.27	09:00:00	1.21366	1.21426	1.21300	1.21326	6226	5843364000	38
2016.10.27	10:00:00	1.21324	1.21341	1.21166	1.21197	7276	6717411000	36
2016.10.27	11:00:00	1.21197	1.21812	1.21176	1.21340	11826	9925089000	33
2016.10.27	12:00:00	1.21339	1.21465	1.21282	1.21453	7221	6854047000	37
2016.10.27	13:00:00	1.21448	1.21665	1.21389	1.21581	7930	6713828000	33
2016.10.27	14:00:00	1.21580	1.21616	1.21446	1.21469	5852	5565296000	34
2016.10.27	15:00:00	1.21472	1.21555	1.21223	1.21254	8120	7264530000	34
2016.10.27	16:00:00	1.21254	1.21367	1.21163	1.21271	8983	8077923000	34
2016.10.27	17:00:00	1.21271	1.21281	1.20765	1.20936	12078	10169798000	33
2016.10.27	18:00:00	1.20936	1.21001	1.20786	1.20968	9729	9246330000	33
2016.10.27	19:00:00	1.20968	1.21085	1.20864	1.20968	7255	7426788000	33
2016.10.27	20:00:00	1.20975	1.21106	1.20906	1.20925	5858	5842879000	33
2016.10.27	21:00:00	1.20925	1.20983	1.20857	1.20931	4654	3969297000	35
2016.10.27	22:00:00	1.20934	1.20952	1.20859	1.20893	3250	3268655000	33
2016.10.27	23:00:00	1.20887	1.21000	1.20783	1.20783	2730	2516301000	30
2016.10.28	00:00:00	1.20824	1.21068	1.20240	1.20842	107889	2465166000	57
2016.10.28	01:00:00	1.20845	1.20873	1.20763	1.20832	3071	1506632000	51
2016.10.28	02:00:00	1.20833	1.20961	1.20801	1.20917	3099	2928111000	41
2016.10.28	03:00:00	1.20919	1.20969	1.20863	1.20959	3491	3468651000	40
2016.10.28	04:00:00	1.20959	1.21007	1.20925	1.20993	3111	3001482000	42
2016.10.28	05:00:00	1.20995	1.21035	1.20944	1.21031	2666	2651917000	33
2016.10.28	06:00:00	1.21028	1.21078	1.20962	1.20985	2396	2358453000	37
2016.10.28	07:00:00	1.20985	1.21028	1.20945	1.20990	2653	2651973000	41
2016.10.28	08:00:00	1.20988	1.21003	1.20830	1.20834	2240	2238281000	43
2016.10.28	09:00:00	1.20835	1.20874	1.20729	1.20799	5839	5198962000	37
2016.10.28	10:00:00	1.20801	1.20986	1.20772	1.20985	9001	8596720000	35
2016.10.28	11:00:00	1.20984	1.21064	1.20910	1.20941	7408	6964174000	33
2016.10.28	12:00:00	1.20940	1.21029	1.20583	1.20754	7680	7124858000	33
2016.10.28	13:00:00	1.20755	1.20779	1.20544	1.20618	6411	5924999000	33
2016.10.28	14:00:00	1.20615	1.20723	1.20403	1.20721	7342	7080195000	33
2016.10.28	15:00:00	1.20721	1.20866	1.20592	1.20838	12586	11318227000	34
2016.10.28	16:00:00	1.20838	1.20944	1.20713	1.20823	10108	8724960000	33
2016.10.28	17:00:00	1.20826	1.20910	1.20571	1.20635	12416	11955819000	33
2016.10.28	18:00:00	1.20636	1.20762	1.20518	1.20693	8448	7793860000	33
2016.10.28	19:00:00	1.20693	1.20731	1.20561	1.20682	4920	4390941000	37
2016.10.28	20:00:00	1.20687	1.20706	1.20279	1.20331	12779	11515412000	33
2016.10.28	21:00:00	1.20333	1.20390	1.20262	1.20313	9392	8325804000	33
2016.10.28	22:00:00	1.20308	1.20447	1.20279	1.20379	6712	6503986000	36
2016.10.28	23:00:00	1.20375	1.20445	1.20244	1.20323	5366	3155890000	39
2016.10.31	00:00:00	1.20262	1.21245	1.20087	1.20425	89389	5430506000	44
2016.10.31	01:00:00	1.20424	1.20603	1.20394	1.20527	3133	3029789000	39
2016.10.31	02:00:00	1.20525	1.20534	1.20387	1.20417	4094	4011601000	39
2016.10.31	03:00:00	1.20417	1.20521	1.20314	1.20467	4149	3801144000	36
2016.10.31	04:00:00	1.20468	1.20474	1.20374	1.20409	4241	4127522000	39
2016.10.31	05:00:00	1.20408	1.20427	1.20366	1.20375	3006	2806632000	37
2016.10.31	06:00:00	1.20375	1.20421	1.20360	1.20396	2686	2477316000	38
2016.10.31	07:00:00	1.20396	1.20442	1.20357	1.20393	3686	3344180000	41
2016.10.31	08:00:00	1.20391	1.20422	1.20351	1.20369	2957	2598756000	36
2016.10.31	09:00:00	1.20366	1.20451	1.20291	1.20342	6363	6094730000	33
2016.10.31	10:00:00	1.20345	1.20596	1.20328	1.20439	6634	5826776000	33
2016.10.31	11:00:00	1.20439	1.20464	1.20196	1.20241	5865	4812950000	33
2016.10.31	12:00:00	1.20239	1.20385	1.20215	1.20245	5405	5422962000	33
2016.10.31	13:00:00	1.20246	1.20385	1.20175	1.20316	6896	6998412000	33
2016.10.31	14:00:00	1.20314	1.20401	1.20115	1.20197	6896	6547089000	33
2016.10.31	15:00:00	1.20202	1.20338	1.20103	1.20236	7822	8020170000	33
2016.10.31	16:00:00	1.20236	1.20399	1.20162	1.20322	7446	6843277000	33
2016.10.31	17:00:00	1.20329	1.20758	1.20302	1.20753	9497	7652205000	33
2016.10.31	18:00:00	1.20752	1.20850	1.20702	1.20840	8345	7904591000	33
2016.10.31	19:00:00	1.20838	1.21080	1.20789	1.21064	4897	4738525000	33
2016.10.31	20:00:00	1.21062	1.21252	1.20958	1.21242	7350	7622124000	33
2016.10.31	21:00:00	1.21246	1.21249	1.20999	1.21063	3487	3496698000	33
2016.10.31	22:00:00	1.21068	1.21159	1.21028	1.21045	3144	3148653000	36
2016.10.31	23:00:00	1.20984	1.21076	1.20916	1.21024	3349	1676159000	59
2016.11.01	00:00:00	1.21044	1.21269	1.19090	1.21023	96250	2768220000	35
2016.11.01	01:00:00	1.21018	1.21082	1.20989	1.21021	3149	2972641000	39
2016.11.01	02:00:00	1.21019	1.21049	1.20841	1.20842	3737	3397365000	40
2016.11.01	03:00:00	1.20844	1.20994	1.20772	1.20978	3791	3076610000	36
2016.11.01	04:00:00	1.20979	1.21042	1.20949	1.21011	3103	2735020000	39
2016.11.01	05:00:00	1.21014	1.21072	1.20977	1.21031	4324	3868004000	36
2016.11.01	06:00:00	1.21030	1.21035	1.20986	1.20997	2138	2052523000	38
2016.11.01	07:00:00	1.20998	1.21028	1.20959	1.20970	1686	1662968000	43
2016.11.01	08:00:00	1.20968	1.20988	1.20842	1.20877	3182	2851057000	39
2016.11.01	09:00:00	1.20877	1.21127	1.20838	1.21091	6478	4145310000	34
2016.11.01	10:00:00	1.21090	1.21288	1.20868	1.20873	7658	6836300000	33
2016.11.01	11:00:00	1.20873	1.20915	1.20699	1.20702	7085	5831928000	33
2016.11.01	12:00:00	1.20705	1.20765	1.20469	1.20567	5924	5707380000	33
2016.11.01	13:00:00	1.20568	1.20627	1.20112	1.20177	7474	7326139000	33
2016.11.01	14:00:00	1.20179	1.20231	1.19941	1.19993	7157	6829271000	33
2016.11.01	15:00:00	1.19991	1.20138	1.19923	1.19999	8361	7895882000	33
2016.11.01	16:00:00	1.20007	1.20055	1.19696	1.19830	10095	9911146000	33
2016.11.01	17:00:00	1.19832	1.19915	1.19585	1.19610	7909	7165178000	33
2016.11.01	18:00:00	1.19610	1.19657	1.19341	1.19560	8637	7260619000	33
2016.11.01	19:00:00	1.19563	1.19610	1.19271	1.19335	6826	6414140000	33
2016.11.01	20:00:00	1.19336	1.19336	1.19102	1.19297	7811	7877775000	33
2016.11.01	21:00:00	1.19295	1.19453	1.19215	1.19335	5068	4616904000	34
2016.11.01	22:00:00	1.19335	1.19412	1.19313	1.19382	2860	2753131000	37
2016.11.01	23:00:00	1.19385	1.19400	1.19321	1.19362	943	799150000	30
2016.11.02	00:00:00	1.19379	1.19947	1.18966	1.19335	113387	3086031000	0
2016.11.02	01:00:00	1.19335	1.19355	1.19304	1.19314	3886	3378937000	41
2016.11.02	02:00:00	1.19315	1.19375	1.19268	1.19306	4152	3815439000	36
2016.11.02	03:00:00	1.19306	1.19311	1.19020	1.19020	5063	4483311000	41
2016.11.02	04:00:00	1.19021	1.19115	1.19013	1.19054	4432	4253424000	38
2016.11.02	05:00:00	1.19054	1.19120	1.19040	1.19092	3371	3201656000	38
2016.11.02	06:00:00	1.19093	1.19117	1.19052	1.19075	2145	1907410000	36
2016.11.02	07:00:00	1.19075	1.19304	1.19073	1.19235	3149	3050601000	39
2016.11.02	08:00:00	1.19232	1.19299	1.19169	1.19218	3813	3699675000	39
2016.11.02	09:00:00	1.19216	1.19295	1.18982	1.19187	8386	7865077000	33
2016.11.02	10:00:00	1.19186	1.19216	1.18981	1.19198	10378	9820063000	33
2016.11.02	11:00:00	1.19197	1.19289	1.19138	1.19240	7661	7516945000	33
2016.11.02	12:00:00	1.19239	1.19383	1.19207	1.19360	6931	6918982000	33
2016.11.02	13:00:00	1.19359	1.19573	1.19319	1.19539	8681	6541234000	33
2016.11.02	14:00:00	1.19539	1.19965	1.19451	1.19788	11165	9820854000	33
2016.11.02	15:00:00	1.19788	1.19843	1.19618	1.19680	9672	8486343000	34
2016.11.02	16:00:00	1.19680	1.19814	1.19212	1.19316	11621	10412586000	33
2016.11.02	17:00:00	1.19317	1.19515	1.19317	1.19450	8683	7766978000	33
2016.11.02	18:00:00	1.19450	1.19699	1.19380	1.19656	7500	7337183000	33
2016.11.02	19:00:00	1.19656	1.19694	1.19453	1.19505	7467	7578161000	33
2016.11.02	20:00:00	1.19486	1.19654	1.19365	1.19559	11879	11920007000	33
2016.11.02	21:00:00	1.19555	1.19672	1.19548	1.19672	4698	5095376000	35
2016.11.02	22:00:00	1.19674	1.19732	1.19613	1.19703	3204	3085609000	33
2016.11.02	23:00:00	1.19710	1.19811	1.19669	1.19702	2279	2320721000	47
2016.11.03	00:00:00	1.19705	1.21663	1.19523	1.19717	123149	1543042000	40
2016.11.03	01:00:00	1.19720	1.19753	1.19682	1.19708	3298	1315874000	39
2016.11.03	02:00:00	1.19704	1.19778	1.19672	1.19728	4442	2059969000	35
2016.11.03	03:00:00	1.19730	1.19783	1.19611	1.19619	4525	3010895000	39
2016.11.03	04:00:00	1.19619	1.19641	1.19536	1.19548	5646	3754064000	37
2016.11.03	05:00:00	1.19547	1.19696	1.19538	1.19630	5595	3499159000	36
2016.11.03	06:00:00	1.19633	1.19669	1.19571	1.19662	3735	2141462000	41
2016.11.03	07:00:00	1.19660	1.19705	1.19602	1.19690	3024	2296515000	39
2016.11.03	08:00:00	1.19684	1.19935	1.19606	1.19711	4530	4092856000	33
2016.11.03	09:00:00	1.19712	1.19902	1.19669	1.19888	7362	7314321000	33
2016.11.03	10:00:00	1.19888	1.20038	1.19835	1.19949	8686	8342674000	33
2016.11.03	11:00:00	1.19949	1.20232	1.19894	1.20178	8424	8396988000	33
2016.11.03	12:00:00	1.20173	1.21080	1.20089	1.20983	16238	13502371000	33
2016.11.03	13:00:00	1.20981	1.21215	1.20655	1.20863	12448	11176622000	33
2016.11.03	14:00:00	1.20850	1.21671	1.20850	1.21591	14518	11865417000	33
2016.11.03	15:00:00	1.21591	1.21673	1.21298	1.21368	10639	9777526000	26
2016.11.03	16:00:00	1.21361	1.21437	1.21222	1.21235	10567	10338040000	33
2016.11.03	17:00:00	1.21239	1.21373	1.21011	1.21350	9239	8016459000	33
2016.11.03	18:00:00	1.21351	1.21459	1.21107	1.21374	8463	7933852000	33
2016.11.03	19:00:00	1.21373	1.21400	1.21161	1.21179	6757	6894636000	33
2016.11.03	20:00:00	1.21178	1.21363	1.21151	1.21334	6337	6311818000	33
2016.11.03	21:00:00	1.21334	1.21395	1.21237	1.21336	5391	4998871000	35
2016.11.03	22:00:00	1.21335	1.21408	1.21310	1.21315	4555	4292397000	36
2016.11.03	23:00:00	1.21317	1.21397	1.21303	1.21382	1613	1163363000	47
2016.11.04	00:00:00	1.21331	1.21676	1.21152	1.21385	105071	4220808000	33
2016.11.04	01:00:00	1.21394	1.21466	1.21347	1.21457	4891	2665782000	39
2016.11.04	02:00:00	1.21458	1.21594	1.21445	1.21541	4140	3697384000	43
2016.11.04	03:00:00	1.21541	1.21605	1.21501	1.21563	3696	3627164000	41
2016.11.04	04:00:00	1.21562	1.21665	1.21562	1.21625	3272	3042262000	35
2016.11.04	05:00:00	1.21624	1.21690	1.21574	1.21577	2993	2974552000	40
2016.11.04	06:00:00	1.21577	1.21587	1.21523	1.21529	1607	1588523000	44
2016.11.04	07:00:00	1.21530	1.21567	1.21498	1.21512	2034	1952143000	41
2016.11.04	08:00:00	1.21514	1.21517	1.21398	1.21398	3661	3704017000	41
2016.11.04	09:00:00	1.21399	1.21636	1.21392	1.21487	7326	6354124000	33
2016.11.04	10:00:00	1.21483	1.21546	1.21398	1.21488	8438	8440133000	33
2016.11.04	11:00:00	1.21491	1.21605	1.21468	1.21541	7045	6970235000	35
2016.11.04	12:00:00	1.21544	1.21670	1.21407	1.21419	5900	5901824000	35
2016.11.04	13:00:00	1.21419	1.21621	1.21390	1.21391	8040	7690896000	33
2016.11.04	14:00:00	1.21393	1.21424	1.21155	1.21301	13899	12134470000	33
2016.11.04	15:00:00	1.21297	1.21388	1.21199	1.21369	11313	10125314000	33
2016.11.04	16:00:00	1.21369	1.21676	1.21317	1.21540	12106	10370030000	33
2016.11.04	17:00:00	1.21540	1.21636	1.21444	1.21461	9453	8816721000	35
2016.11.04	18:00:00	1.21461	1.21513	1.21180	1.21383	7223	6689920000	33
2016.11.04	19:00:00	1.21379	1.21398	1.21171	1.21265	5622	5507214000	33
2016.11.04	20:00:00	1.21268	1.21455	1.21192	1.21328	4609	4441278000	33
2016.11.04	21:00:00	1.21330	1.21358	1.21189	1.21223	4585	4498379000	35
2016.11.04	22:00:00	1.21220	1.21347	1.21098	1.21098	5937	5963405000	44
2016.11.07	00:00:00	1.21696	1.21736	1.20730	1.21511	99074	2786310000	56
2016.11.07	01:00:00	1.21516	1.21675	1.21354	1.21665	6622	4750569000	36
2016.11.07	02:00:00	1.21665	1.21739	1.21379	1.21455	5565	4438547000	43
2016.11.07	03:00:00	1.21455	1.21554	1.21454	1.21488	4853	4367128000	40
2016.11.07	04:00:00	1.21488	1.21596	1.21429	1.21511	4676	4321914000	40
2016.11.07	05:00:00	1.21508	1.21580	1.21484	1.21503	3436	3329346000	38
2016.11.07	06:00:00	1.21500	1.21584	1.21490	1.21552	2757	2645469000	42
2016.11.07	07:00:00	1.21552	1.21562	1.21377	1.21509	4324	4089980000	39
2016.11.07	08:00:00	1.21509	1.21581	1.21407	1.21486	4796	4099159000	35
2016.11.07	09:00:00	1.21484	1.21527	1.21256	1.21264	7638	7180016000	34
2016.11.07	10:00:00	1.21258	1.21471	1.21144	1.21245	7932	7858881000	34
2016.11.07	11:00:00	1.21247	1.21329	1.21152	1.21166	6748	6793334000	34
2016.11.07	12:00:00	1.21167	1.21347	1.20985	1.21180	7966	7562554000	33
2016.11.07	13:00:00	1.21181	1.21320	1.21123	1.21195	5855	5717840000	26
2016.11.07	14:00:00	1.21195	1.21324	1.21111	1.21113	6208	6021950000	26
2016.11.07	15:00:00	1.21113	1.21232	1.21095	1.21180	6966	6332520000	33
2016.11.07	16:00:00	1.21179	1.21254	1.20870	1.20958	8304	7455313000	33
2016.11.07	17:00:00	1.20957	1.21182	1.20937	1.21082	8790	8315774000	26
2016.11.07	18:00:00	1.21082	1.21149	1.20949	1.21009	7544	7208887000	33
2016.11.07	19:00:00	1.21010	1.21015	1.20818	1.20941	6189	6383150000	33
2016.11.07	20:00:00	1.20939	1.20991	1.20848	1.20868	5069	5444850000	33
2016.11.07	21:00:00	1.20868	1.20918	1.20781	1.20844	4405	4485580000	33
2016.11.07	22:00:00	1.20844	1.20873	1.20768	1.20780	4906	5600605000	33
2016.11.07	23:00:00	1.20781	1.20824	1.20730	1.20745	3525	3638960000	34
2016.11.08	00:00:00	1.20744	1.21283	1.20574	1.20737	87793	1137867000	58
2016.11.08	01:00:00	1.20737	1.20759	1.20668	1.20755	2903	1759098000	35
2016.11.08	02:00:00	1.20752	1.20848	1.20745	1.20786	4745	2883130000	42
2016.11.08	03:00:00	1.20785	1.20821	1.20742	1.20821	5636	3644847000	41
2016.11.08	04:00:00	1.20821	1.20842	1.20779	1.20809	3502	1967220000	43
2016.11.08	05:00:00	1.20809	1.20850	1.20752	1.20766	2773	2611847000	38
2016.11.08	06:00:00	1.20766	1.20810	1.20712	1.20735	1769	1276830000	34
2016.11.08	07:00:00	1.20735	1.20788	1.20725	1.20786	2994	2375283000	39
2016.11.08	08:00:00	1.20786	1.20908	1.20753	1.20879	3013	1957937000	40
2016.11.08	09:00:00	1.20880	1.21101	1.20828	1.21078	6574	6203059000	35
2016.11.08	10:00:00	1.21073	1.21180	1.21021	1.21071	6545	6298956000	33
2016.11.08	11:00:00	1.21071	1.21194	1.20991	1.21177	6417	5881493000	33
2016.11.08	12:00:00	1.21177	1.21234	1.20985	1.21062	6958	6453432000	33
2016.11.08	13:00:00	1.21062	1.21185	1.21056	1.21139	5348	4334909000	33
2016.11.08	14:00:00	1.21140	1.21163	1.20895	1.20962	5997	5661430000	33
2016.11.08	15:00:00	1.20962	1.21022	1.20743	1.20743	6197	6317616000	33
2016.11.08	16:00:00	1.20737	1.20756	1.20592	1.20686	7913	6580060000	33
2016.11.08	17:00:00	1.20686	1.20914	1.20683	1.20912	9376	9028082000	33
2016.11.08	18:00:00	1.20912	1.20988	1.20644	1.20695	8869	8416155000	33
2016.11.08	19:00:00	1.20695	1.20972	1.20681	1.20958	6705	6740320000	33
2016.11.08	20:00:00	1.20960	1.21299	1.20941	1.21137	6940	7675012000	33
2016.11.08	21:00:00	1.21137	1.21178	1.21045	1.21056	5241	5506008000	34
2016.11.08	22:00:00	1.21055	1.21119	1.20925	1.20987	5525	5648418000	33
2016.11.08	23:00:00	1.20987	1.21137	1.20913	1.21073	4625	4610631000	33
2016.11.09	00:00:00	1.21026	1.22665	1.19580	1.21062	166860	1203412000	0
2016.11.09	01:00:00	1.21061	1.21462	1.21051	1.21294	5672	5056170000	33
2016.11.09	02:00:00	1.21291	1.21584	1.20874	1.21543	12282	11861310000	33
2016.11.09	03:00:00	1.21572	1.21572	1.20944	1.20984	9864	9186735000	33
2016.11.09	04:00:00	1.20984	1.20987	1.20167	1.20260	17719	15179925000	33
2016.11.09	05:00:00	1.20258	1.20299	1.19662	1.19686	14175	12337105000	33
2016.11.09	06:00:00	1.19689	1.20063	1.19587	1.19818	13591	12050716000	33
2016.11.09	07:00:00	1.19818	1.20050	1.19667	1.19822	10672	9244623000	33
2016.11.09	08:00:00	1.19825	1.20389	1.19702	1.20119	12856	10865915000	33
2016.11.09	09:00:00	1.20119	1.20647	1.19981	1.20444	16094	14311847000	33
2016.11.09	10:00:00	1.20444	1.21011	1.20308	1.20927	15744	13984284000	33
2016.11.09	11:00:00	1.20927	1.21312	1.20905	1.21291	13307	11785683000	33
2016.11.09	12:00:00	1.21294	1.21297	1.20852	1.21025	12320	11204782000	35
2016.11.09	13:00:00	1.21023	1.21231	1.20791	1.21190	10323	9104587000	34
2016.11.09	14:00:00	1.21189	1.21357	1.21047	1.21339	10800	9519391000	33
2016.11.09	15:00:00	1.21338	1.21419	1.20991	1.21026	15379	12794290000	33
2016.11.09	16:00:00	1.21027	1.21878	1.21004	1.21705	16872	14418603000	33
2016.11.09	17:00:00	1.21707	1.22394	1.21574	1.22127	16080	13002825000	33
2016.11.09	18:00:00	1.22132	1.22677	1.22113	1.22367	12790	11159552000	33
2016.11.09	19:00:00	1.22367	1.22474	1.21998	1.22031	9010	9241797000	33
2016.11.09	20:00:00	1.22025	1.22081	1.21822	1.22065	8756	8800626000	33
2016.11.09	21:00:00	1.22063	1.22424	1.22032	1.22402	6713	7013996000	33
2016.11.09	22:00:00	1.22398	1.22416	1.22212	1.22292	6944	6771798000	35
2016.11.09	23:00:00	1.22292	1.22357	1.21839	1.22084	5637	5358821000	33
2016.11.10	00:00:00	1.22092	1.24150	1.21810	1.22142	144316	1295907000	65
2016.11.10	01:00:00	1.22140	1.22281	1.22098	1.22254	3690	2486084000	43
2016.11.10	02:00:00	1.22253	1.22442	1.22239	1.22267	5673	5258309000	44
2016.11.10	03:00:00	1.22268	1.22315	1.21860	1.21882	6623	6533187000	33
2016.11.10	04:00:00	1.21883	1.22075	1.21823	1.22044	5355	5247824000	40
2016.11.10	05:00:00	1.22044	1.22104	1.21952	1.22019	4633	4523805000	38
2016.11.10	06:00:00	1.22020	1.22147	1.21961	1.22109	4480	4178524000	43
2016.11.10	07:00:00	1.22108	1.22169	1.21968	1.22153	5388	5369330000	40
2016.11.10	08:00:00	1.22153	1.22170	1.21989	1.22010	3845	3723212000	41
2016.11.10	09:00:00	1.22009	1.22420	1.22008	1.22369	8171	7841349000	33
2016.11.10	10:00:00	1.22370	1.22567	1.22256	1.22409	12813	12839290000	33
2016.11.10	11:00:00	1.22409	1.22701	1.22308	1.22372	11432	10794311000	33
2016.11.10	12:00:00	1.22369	1.22516	1.22203	1.22309	10096	9306234000	33
2016.11.10	13:00:00	1.22309	1.22552	1.22254	1.22473	10428	9925736000	33
2016.11.10	14:00:00	1.22475	1.22861	1.22413	1.22704	11315	10784339000	34
2016.11.10	15:00:00	1.22704	1.22861	1.22540	1.22837	12950	11904549000	33
2016.11.10	16:00:00	1.22837	1.23452	1.22820	1.23409	13606	10986573000	33
2016.11.10	17:00:00	1.23408	1.23435	1.22944	1.23306	17589	14135941000	33
2016.11.10	18:00:00	1.23307	1.23876	1.23275	1.23678	14189	11821284000	33
2016.11.10	19:00:00	1.23680	1.24013	1.23665	1.23853	8773	7894464000	33
2016.11.10	20:00:00	1.23858	1.24155	1.23672	1.24097	8789	7513965000	33
2016.11.10	21:00:00	1.24096	1.24131	1.23854	1.23986	8238	6737757000	33
2016.11.10	22:00:00	1.23986	1.24027	1.23802	1.23845	7514	6133967000	34
2016.11.10	23:00:00	1.23847	1.23887	1.23778	1.23828	4862	4101275000	40
2016.11.11	00:00:00	1.23850	1.25120	1.23656	1.23767	133471	451705000	0
2016.11.11	01:00:00	1.23770	1.23961	1.23770	1.23883	4016	3576386000	47
2016.11.11	02:00:00	1.23881	1.23907	1.23778	1.23815	5836	4754990000	33
2016.11.11	03:00:00	1.23813	1.23849	1.23675	1.23765	6296	5680609000	34
2016.11.11	04:00:00	1.23764	1.23829	1.23665	1.23804	7078	6947472000	33
2016.11.11	05:00:00	1.23805	1.23964	1.23755	1.23838	5037	5201467000	41
2016.11.11	06:00:00	1.23837	1.23950	1.23833	1.23875	4669	4689673000	38
2016.11.11	07:00:00	1.23873	1.23918	1.23858	1.23902	3798	3910763000	37
2016.11.11	08:00:00	1.23901	1.23944	1.23824	1.23871	4411	4247806000	38
2016.11.11	09:00:00	1.23873	1.23976	1.23848	1.23935	8133	7844987000	36
2016.11.11	10:00:00	1.23937	1.24439	1.23770	1.24423	13142	11895081000	33
2016.11.11	11:00:00	1.24424	1.24838	1.24086	1.24835	13548	12440179000	33
2016.11.11	12:00:00	1.24835	1.25131	1.24418	1.24650	13798	12241002000	33
2016.11.11	13:00:00	1.24650	1.24654	1.24246	1.24264	9128	8091730000	34
2016.11.11	14:00:00	1.24264	1.24699	1.24248	1.24450	9898	9394795000	33
2016.11.11	15:00:00	1.24450	1.24665	1.24170	1.24234	12911	12541698000	33
2016.11.11	16:00:00	1.24234	1.24459	1.24164	1.24444	10991	10942450000	33
2016.11.11	17:00:00	1.24447	1.24654	1.24018	1.24275	15665	14290569000	33
2016.11.11	18:00:00	1.24276	1.24668	1.24129	1.24621	13186	11843819000	33
2016.11.11	19:00:00	1.24621	1.24670	1.24184	1.24236	9082	7903819000	33
2016.11.11	20:00:00	1.24244	1.24530	1.24238	1.24497	6303	6164179000	35
2016.11.11	21:00:00	1.24499	1.24589	1.24460	1.24546	6080	6400329000	37
2016.11.11	22:00:00	1.24549	1.24563	1.24440	1.24460	5355	5021811000	41
2016.11.11	23:00:00	1.24458	1.24621	1.24354	1.24463	2679	2479534000	26
2016.11.14	00:00:00	1.24334	1.25135	1.23874	1.24263	151900	2108574000	0
2016.11.14	01:00:00	1.24268	1.24520	1.24268	1.24441	10514	8900576000	33
2016.11.14	02:00:00	1.24437	1.24481	1.24253	1.24398	8735	7016403000	33
2016.11.14	03:00:00	1.24403	1.24483	1.24181	1.24296	9876	7932923000	39
2016.11.14	04:00:00	1.24295	1.24513	1.24286	1.24478	7494	6601356000	41
2016.11.14	05:00:00	1.24478	1.24613	1.24459	1.24503	5760	5762120000	35
2016.11.14	06:00:00	1.24503	1.24551	1.24435	1.24530	6222	5728508000	40
2016.11.14	07:00:00	1.24530	1.24698	1.24463	1.24495	8403	7809099000	39
2016.11.14	08:00:00	1.24494	1.24524	1.24309	1.24326	4673	4075816000	38
2016.11.14	09:00:00	1.24326	1.24416	1.23888	1.23987	11464	10498173000	33
2016.11.14	10:00:00	1.23989	1.24404	1.23914	1.24281	12472	11232690000	33
2016.11.14	11:00:00	1.24283	1.24448	1.24174	1.24178	9224	9112965000	34
2016.11.14	12:00:00	1.24181	1.24779	1.24137	1.24779	9823	9357034000	33
2016.11.14	13:00:00	1.24775	1.24846	1.24540	1.24757	11624	11300348000	34
2016.11.14	14:00:00	1.24751	1.25051	1.24707	1.24950	8973	8402970000	33
2016.11.14	15:00:00	1.24949	1.25142	1.24715	1.24756	10765	9194919000	33
2016.11.14	16:00:00	1.24758	1.24828	1.24526	1.24683	14180	11768157000	33
2016.11.14	17:00:00	1.24685	1.24729	1.24326	1.24344	12186	9565291000	33
2016.11.14	18:00:00	1.24345	1.24434	1.24229	1.24387	10321	8435128000	33
2016.11.14	19:00:00	1.24388	1.24616	1.24384	1.24604	9388	9862921000	33
2016.11.14	20:00:00	1.24604	1.24687	1.24514	1.24684	9776	9159610000	33
2016.11.14	21:00:00	1.24684	1.24770	1.24605	1.24673	8049	8217320000	33
2016.11.14	22:00:00	1.24673	1.24776	1.24618	1.24698	6540	6702926000	33
2016.11.14	23:00:00	1.24699	1.24743	1.24577	1.24604	4920	4041498000	26
2016.11.15	00:00:00	1.24656	1.25320	1.23350	1.24619	132816	712218000	0
2016.11.15	01:00:00	1.24617	1.24827	1.24612	1.24788	6421	5794340000	38
2016.11.15	02:00:00	1.24787	1.24787	1.24354	1.24385	6605	4857434000	32
2016.11.15	03:00:00	1.24387	1.24449	1.24327	1.24332	7025	5491804000	33
2016.11.15	04:00:00	1.24333	1.24589	1.24330	1.24582	6251	5678014000	36
2016.11.15	05:00:00	1.24578	1.24625	1.24454	1.24467	7770	5838102000	33
2016.11.15	06:00:00	1.24470	1.24570	1.24444	1.24500	4326	3087866000	45
2016.11.15	07:00:00	1.24499	1.24509	1.24338	1.24379	3364	1824467000	41
2016.11.15	08:00:00	1.24382	1.24449	1.24268	1.24419	3788	1503035000	39
2016.11.15	09:00:00	1.24421	1.24458	1.24247	1.24248	9999	8775669000	33
2016.11.15	10:00:00	1.24250	1.24385	1.23551	1.23674	12750	11651590000	33
2016.11.15	11:00:00	1.23672	1.23861	1.23355	1.23561	10498	9961093000	33
2016.11.15	12:00:00	1.23561	1.23778	1.23514	1.23573	8021	7347313000	35
2016.11.15	13:00:00	1.23571	1.24081	1.23473	1.23949	8657	8363681000	34
2016.11.15	14:00:00	1.23947	1.24115	1.23719	1.24092	8725	8830605000	35
2016.11.15	15:00:00	1.24091	1.24322	1.24091	1.24245	13398	12493577000	33
2016.11.15	16:00:00	1.24241	1.24415	1.23957	1.23967	12947	11338341000	33
2016.11.15	17:00:00	1.23969	1.24156	1.23831	1.23937	12352	10748341000	33
2016.11.15	18:00:00	1.23939	1.24410	1.23921	1.24384	10300	10165358000	33
2016.11.15	19:00:00	1.24386	1.24499	1.24313	1.24445	6356	7039948000	33
2016.11.15	20:00:00	1.24444	1.24664	1.24334	1.24647	6173	6382444000	33
2016.11.15	21:00:00	1.24641	1.25324	1.24620	1.24949	7433	7359302000	33
2016.11.15	22:00:00	1.24948	1.25013	1.24674	1.24727	7590	7992669000	33
2016.11.15	23:00:00	1.24726	1.24770	1.24642	1.24756	5358	5025042000	26
2016.11.16	00:00:00	1.24736	1.25176	1.24520	1.24625	125391	943292000	0
2016.11.16	01:00:00	1.24625	1.24722	1.24537	1.24685	5987	5469921000	36
2016.11.16	02:00:00	1.24691	1.24784	1.24543	1.24597	5447	4800817000	40
2016.11.16	03:00:00	1.24596	1.24724	1.24581	1.24686	5966	5441527000	36
2016.11.16	04:00:00	1.24687	1.24827	1.24533	1.24563	6154	5430941000	33
2016.11.16	05:00:00	1.24563	1.24673	1.24530	1.24623	5473	3706055000	41
2016.11.16	06:00:00	1.24624	1.24664	1.24598	1.24632	5417	5082452000	39
2016.11.16	07:00:00	1.24630	1.24726	1.24577	1.24668	3552	3386550000	43
2016.11.16	08:00:00	1.24667	1.24752	1.24597	1.24696	4484	4132798000	40
2016.11.16	09:00:00	1.24699	1.25141	1.24656	1.25034	10535	8807428000	33
2016.11.16	10:00:00	1.25032	1.25120	1.24742	1.24964	11088	10623342000	33
2016.11.16	11:00:00	1.24966	1.25068	1.24616	1.24920	9250	8515133000	33
2016.11.16	12:00:00	1.24920	1.25077	1.24805	1.24832	8596	7533990000	34
2016.11.16	13:00:00	1.24831	1.24936	1.24583	1.24851	7237	6512097000	33
2016.11.16	14:00:00	1.24851	1.24903	1.24712	1.24778	8822	8846939000	33
2016.11.16	15:00:00	1.24781	1.24919	1.24640	1.24857	11410	11017377000	33
2016.11.16	16:00:00	1.24858	1.25148	1.24777	1.24805	11356	10890320000	33
2016.11.16	17:00:00	1.24808	1.25188	1.24770	1.24824	12520	10891142000	33
2016.11.16	18:00:00	1.24822	1.24986	1.24686	1.24725	10493	8632338000	33
2016.11.16	19:00:00	1.24721	1.24767	1.24559	1.24661	7076	7203840000	33
2016.11.16	20:00:00	1.24662	1.24811	1.24570	1.24774	6077	5116714000	33
2016.11.16	21:00:00	1.24775	1.24827	1.24650	1.24703	5293	5156283000	34
2016.11.16	22:00:00	1.24704	1.24756	1.24601	1.24621	3919	3944161000	33
2016.11.16	23:00:00	1.24622	1.24694	1.24582	1.24582	3397	2936553000	37
2016.11.17	00:00:00	1.24638	1.25196	1.24216	1.24554	118200	2030326000	0
2016.11.17	01:00:00	1.24555	1.24638	1.24474	1.24482	7823	6911488000	41
2016.11.17	02:00:00	1.24482	1.24503	1.24389	1.24419	6052	5361860000	39
2016.11.17	03:00:00	1.24419	1.24472	1.24309	1.24330	7477	6726413000	39
2016.11.17	04:00:00	1.24328	1.24439	1.24216	1.24344	5191	5185024000	41
2016.11.17	05:00:00	1.24344	1.24409	1.24299	1.24372	6951	7134466000	33
2016.11.17	06:00:00	1.24370	1.24551	1.24353	1.24513	3898	3768949000	40
2016.11.17	07:00:00	1.24513	1.24532	1.24434	1.24486	3185	3100897000	43
2016.11.17	08:00:00	1.24486	1.24625	1.24432	1.24531	5484	5064072000	40
2016.11.17	09:00:00	1.24531	1.24674	1.24414	1.24640	7617	6863676000	34
2016.11.17	10:00:00	1.24640	1.24850	1.24564	1.24732	9255	8677816000	33
2016.11.17	11:00:00	1.24742	1.25154	1.24726	1.24740	9418	8721999000	33
2016.11.17	12:00:00	1.24739	1.24873	1.24615	1.24664	7060	6662278000	33
2016.11.17	13:00:00	1.24664	1.24884	1.24626	1.24854	6637	5915336000	33
2016.11.17	14:00:00	1.24855	1.25014	1.24743	1.24997	7782	7615832000	33
2016.11.17	15:00:00	1.24996	1.25041	1.24549	1.24766	13003	12378039000	33
2016.11.17	16:00:00	1.24768	1.24886	1.24603	1.24842	10577	10790377000	33
2016.11.17	17:00:00	1.24841	1.24889	1.24754	1.24841	12121	10440857000	33
2016.11.17	18:00:00	1.24838	1.25202	1.24837	1.25064	9461	8515315000	33
2016.11.17	19:00:00	1.25062	1.25195	1.25014	1.25105	6413	6425237000	33
2016.11.17	20:00:00	1.25106	1.25134	1.24933	1.25006	5303	5300881000	33
2016.11.17	21:00:00	1.25005	1.25082	1.24940	1.24999	4849	4614479000	33
2016.11.17	22:00:00	1.25000	1.25100	1.24983	1.25043	3858	3724723000	34
2016.11.17	23:00:00	1.25042	1.25150	1.24948	1.24955	4270	4174319000	33
2016.11.18	00:00:00	1.25021	1.25604	1.23971	1.24957	141454	480971000	0
2016.11.18	01:00:00	1.24959	1.25032	1.24921	1.25005	6421	5482281000	43
2016.11.18	02:00:00	1.25003	1.25099	1.24990	1.25074	7034	5120967000	37
2016.11.18	03:00:00	1.25076	1.25132	1.24991	1.25012	8926	6053397000	33
2016.11.18	04:00:00	1.25011	1.25083	1.24912	1.24988	8300	7728465000	35
2016.11.18	05:00:00	1.24986	1.25111	1.24964	1.25078	6041	6050016000	39
2016.11.18	06:00:00	1.25080	1.25111	1.24995	1.25029	5857	6130122000	39
2016.11.18	07:00:00	1.25029	1.25104	1.24954	1.25095	4979	4857219000	40
2016.11.18	08:00:00	1.25095	1.25101	1.24915	1.24915	6945	5755644000	41
2016.11.18	09:00:00	1.24916	1.25394	1.24880	1.25285	9642	9712562000	33
2016.11.18	10:00:00	1.25286	1.25612	1.25253	1.25262	11835	11806660000	33
2016.11.18	11:00:00	1.25264	1.25485	1.25122	1.25166	8689	8204845000	33
2016.11.18	12:00:00	1.25165	1.25269	1.25075	1.25155	9009	8513890000	34
2016.11.18	13:00:00	1.25152	1.25281	1.24936	1.25046	8648	7907644000	33
2016.11.18	14:00:00	1.25047	1.25067	1.24510	1.24587	11068	10560858000	33
2016.11.18	15:00:00	1.24584	1.24625	1.23979	1.24504	13877	13173946000	33
2016.11.18	16:00:00	1.24502	1.24680	1.24322	1.24651	12926	12807233000	33
2016.11.18	17:00:00	1.24651	1.24717	1.24410	1.24487	12982	13232956000	33
2016.11.18	18:00:00	1.24487	1.24659	1.24383	1.24394	10530	10223003000	33
2016.11.18	19:00:00	1.24392	1.24775	1.24390	1.24760	6241	6258756000	33
2016.11.18	20:00:00	1.24758	1.24795	1.24636	1.24689	4892	5025857000	33
2016.11.18	21:00:00	1.24689	1.24829	1.24644	1.24812	3912	4086599000	33
2016.11.18	22:00:00	1.24814	1.24920	1.24736	1.24780	4957	5009848000	33
2016.11.18	23:00:00	1.24781	1.24801	1.24643	1.24719	3460	2314601000	26
2016.11.21	00:00:00	1.24751	1.26202	1.24250	1.24750	121644	902815000	0
2016.11.21	01:00:00	1.24751	1.24785	1.24513	1.24584	9414	8524449000	57
2016.11.21	02:00:00	1.24574	1.24767	1.24508	1.24681	11452	8961115000	33
2016.11.21	03:00:00	1.24682	1.24728	1.24556	1.24573	8410	7749258000	33
2016.11.21	04:00:00	1.24573	1.24614	1.24487	1.24527	7026	5669966000	42
2016.11.21	05:00:00	1.24525	1.24636	1.24523	1.24630	8751	7236189000	43
2016.11.21	06:00:00	1.24629	1.24667	1.24542	1.24611	5802	5089680000	34
2016.11.21	07:00:00	1.24612	1.24639	1.24563	1.24592	5600	4507145000	39
2016.11.21	08:00:00	1.24593	1.24636	1.24469	1.24503	5752	5663862000	42
2016.11.21	09:00:00	1.24501	1.24746	1.24494	1.24542	8277	7380341000	33
2016.11.21	10:00:00	1.24540	1.24671	1.24322	1.24344	9467	8559222000	33
2016.11.21	11:00:00	1.24343	1.24589	1.24260	1.24526	7394	6926960000	33
2016.11.21	12:00:00	1.24523	1.24707	1.24398	1.24459	6641	6271126000	33
2016.11.21	13:00:00	1.24460	1.25040	1.24455	1.24962	7469	7265241000	33
2016.11.21	14:00:00	1.24960	1.25189	1.24945	1.25094	7663	7759392000	33
2016.11.21	15:00:00	1.25094	1.26113	1.25006	1.25808	12962	11051956000	33
2016.11.21	16:00:00	1.25812	1.26005	1.25698	1.25959	11137	10519842000	34
2016.11.21	17:00:00	1.25959	1.26143	1.25797	1.25851	11634	8836103000	33
2016.11.21	18:00:00	1.25850	1.26124	1.25827	1.26115	9072	8212269000	33
2016.11.21	19:00:00	1.26115	1.26203	1.25993	1.26098	6401	6134395000	35
2016.11.21	20:00:00	1.26098	1.26144	1.25930	1.25969	6448	6562346000	33
2016.11.21	21:00:00	1.25970	1.26112	1.25924	1.26111	5064	5031029000	36
2016.11.21	22:00:00	1.26113	1.26207	1.26021	1.26045	5779	6008437000	36
2016.11.21	23:00:00	1.26050	1.26071	1.25888	1.25933	6768	7087222000	33
2016.11.22	00:00:00	1.25983	1.26236	1.25237	1.25843	112370	1448131000	0
2016.11.22	01:00:00	1.25868	1.25991	1.25854	1.25868	5612	5274563000	39
2016.11.22	02:00:00	1.25873	1.26029	1.25845	1.25988	9539	7110852000	35
2016.11.22	03:00:00	1.25989	1.26059	1.25930	1.25999	8468	7763612000	42
2016.11.22	04:00:00	1.26000	1.26080	1.25979	1.26060	6533	5451992000	44
2016.11.22	05:00:00	1.26062	1.26090	1.25923	1.25987	6956	5186027000	43
2016.11.22	06:00:00	1.25985	1.26059	1.25954	1.26048	5205	5412046000	41
2016.11.22	07:00:00	1.26048	1.26128	1.26037	1.26100	4652	4851939000	44
2016.11.22	08:00:00	1.26103	1.26153	1.26041	1.26104	5748	3500258000	43
2016.11.22	09:00:00	1.26112	1.26235	1.26029	1.26098	8460	7991575000	33
2016.11.22	10:00:00	1.26098	1.26179	1.25897	1.25931	9512	9657533000	33
2016.11.22	11:00:00	1.25934	1.26025	1.25776	1.25851	9892	9596979000	33
2016.11.22	12:00:00	1.25849	1.25893	1.25424	1.25660	7489	7208303000	33
2016.11.22	13:00:00	1.25662	1.25793	1.25529	1.25723	5937	5862220000	33
2016.11.22	14:00:00	1.25722	1.25898	1.25663	1.25743	6386	6783003000	33
2016.11.22	15:00:00	1.25746	1.25748	1.25429	1.25478	7975	7751596000	35
2016.11.22	16:00:00	1.25479	1.25605	1.25312	1.25534	9535	9161112000	33
2016.11.22	17:00:00	1.25534	1.25850	1.25495	1.25811	10470	10375452000	33
2016.11.22	18:00:00	1.25811	1.25926	1.25460	1.25473	8748	8494179000	33
2016.11.22	19:00:00	1.25472	1.25501	1.25323	1.25446	6353	6337092000	33
2016.11.22	20:00:00	1.25443	1.25546	1.25253	1.25426	5456	5809403000	33
2016.11.22	21:00:00	1.25426	1.25628	1.25377	1.25512	4434	4530346000	34
2016.11.22	22:00:00	1.25519	1.25612	1.25474	1.25559	4390	4569401000	36
2016.11.22	23:00:00	1.25560	1.25609	1.25521	1.25589	3082	3082477000	36
2016.11.23	00:00:00	1.25590	1.26727	1.24828	1.25568	109115	464604000	0
2016.11.23	01:00:00	1.25570	1.25606	1.25530	1.25548	3147	2510626000	46
2016.11.23	02:00:00	1.25546	1.25593	1.25477	1.25489	3493	3110976000	41
2016.11.23	03:00:00	1.25487	1.25592	1.25449	1.25581	4243	3625974000	41
2016.11.23	04:00:00	1.25583	1.25620	1.25557	1.25562	2992	2983768000	40
2016.11.23	05:00:00	1.25562	1.25617	1.25531	1.25549	3703	3127448000	43
2016.11.23	06:00:00	1.25549	1.25583	1.25527	1.25557	2622	2391494000	34
2016.11.23	07:00:00	1.25556	1.25562	1.25364	1.25394	2404	2344935000	41
2016.11.23	08:00:00	1.25394	1.25443	1.25242	1.25282	4271	2760469000	38
2016.11.23	09:00:00	1.25282	1.25539	1.25182	1.25513	6174	6119979000	36
2016.11.23	10:00:00	1.25513	1.25617	1.25330	1.25382	6995	7072960000	34
2016.11.23	11:00:00	1.25379	1.25416	1.25088	1.25155	5387	5004727000	34
2016.11.23	12:00:00	1.25154	1.25323	1.24843	1.24975	7859	7261312000	33
2016.11.23	13:00:00	1.24976	1.25247	1.24970	1.25234	6976	6490163000	33
2016.11.23	14:00:00	1.25236	1.25712	1.25147	1.25707	8270	8026852000	33
2016.11.23	15:00:00	1.25708	1.25814	1.25396	1.25784	14108	12084488000	33
2016.11.23	16:00:00	1.25786	1.25922	1.25600	1.25843	11652	10350303000	33
2016.11.23	17:00:00	1.25846	1.26207	1.25772	1.26159	11669	11012584000	34
2016.11.23	18:00:00	1.26158	1.26547	1.26128	1.26484	11553	10394159000	33
2016.11.23	19:00:00	1.26487	1.26673	1.26397	1.26672	6902	6732744000	33
2016.11.23	20:00:00	1.26673	1.26706	1.26547	1.26677	5460	5441126000	33
2016.11.23	21:00:00	1.26677	1.26742	1.26490	1.26505	8546	8633967000	34
2016.11.23	22:00:00	1.26502	1.26511	1.26432	1.26455	3954	3857088000	35
2016.11.23	23:00:00	1.26455	1.26543	1.26356	1.26371	4134	4764810000	33
2016.11.24	00:00:00	1.26405	1.26874	1.26211	1.26297	97759	1442071000	64
2016.11.24	01:00:00	1.26296	1.26493	1.26296	1.26417	4626	4558327000	47
2016.11.24	02:00:00	1.26417	1.26546	1.26397	1.26495	7775	6935992000	38
2016.11.24	03:00:00	1.26496	1.26596	1.26478	1.26546	8234	6535389000	33
2016.11.24	04:00:00	1.26546	1.26642	1.26521	1.26613	7069	6574221000	40
2016.11.24	05:00:00	1.26611	1.26657	1.26527	1.26589	6581	5229706000	41
2016.11.24	06:00:00	1.26589	1.26630	1.26495	1.26585	8418	8391328000	39
2016.11.24	07:00:00	1.26583	1.26664	1.26512	1.26635	7213	6300529000	39
2016.11.24	08:00:00	1.26634	1.26671	1.26500	1.26502	4271	3351136000	42
2016.11.24	09:00:00	1.26502	1.26625	1.26332	1.26383	8090	6846291000	33
2016.11.24	10:00:00	1.26383	1.26531	1.26217	1.26290	11684	9729743000	33
2016.11.24	11:00:00	1.26286	1.26536	1.26259	1.26506	8516	8294352000	33
2016.11.24	12:00:00	1.26506	1.26807	1.26470	1.26675	8514	8676308000	33
2016.11.24	13:00:00	1.26675	1.26891	1.26549	1.26669	7863	8376272000	33
2016.11.24	14:00:00	1.26668	1.26672	1.26418	1.26566	7499	7459297000	37
2016.11.24	15:00:00	1.26567	1.26591	1.26387	1.26510	7306	6929013000	35
2016.11.24	16:00:00	1.26514	1.26697	1.26410	1.26662	5802	5690913000	34
2016.11.24	17:00:00	1.26660	1.26727	1.26492	1.26657	5877	5700515000	33
2016.11.24	18:00:00	1.26661	1.26666	1.26406	1.26522	7234	7037888000	35
2016.11.24	19:00:00	1.26522	1.26706	1.26438	1.26704	4225	3259210000	37
2016.11.24	20:00:00	1.26701	1.26720	1.26605	1.26633	1501	685469000	37
2016.11.24	21:00:00	1.26634	1.26732	1.26582	1.26636	1802	1105359000	33
2016.11.24	22:00:00	1.26636	1.26757	1.26536	1.26563	1437	1181508000	33
2016.11.24	23:00:00	1.26566	1.26618	1.26453	1.26458	964	960537000	49
2016.11.25	00:00:00	1.26510	1.26720	1.25624	1.26572	121334	1050295000	0
2016.11.25	01:00:00	1.26572	1.26626	1.26534	1.26592	1904	1691952000	34
2016.11.25	02:00:00	1.26592	1.26664	1.26462	1.26627	6820	6137177000	38
2016.11.25	03:00:00	1.26632	1.26727	1.26455	1.26462	9218	8688736000	34
2016.11.25	04:00:00	1.26461	1.26577	1.26439	1.26460	8740	8813953000	34
2016.11.25	05:00:00	1.26461	1.26575	1.26456	1.26476	7621	6918516000	38
2016.11.25	06:00:00	1.26475	1.26552	1.26453	1.26478	7990	8677638000	38
2016.11.25	07:00:00	1.26479	1.26508	1.26427	1.26462	7165	8060747000	41
2016.11.25	08:00:00	1.26460	1.26495	1.26397	1.26451	4944	4732260000	39
2016.11.25	09:00:00	1.26451	1.26514	1.26142	1.26201	12164	10905684000	33
2016.11.25	10:00:00	1.26202	1.26246	1.25917	1.25926	11731	11927054000	33
2016.11.25	11:00:00	1.25926	1.26408	1.25906	1.26386	8917	9260374000	33
2016.11.25	12:00:00	1.26385	1.26385	1.26071	1.26096	8490	9548024000	35
2016.11.25	13:00:00	1.26096	1.26280	1.26081	1.26215	8584	9320443000	35
2016.11.25	14:00:00	1.26214	1.26264	1.25979	1.26048	8122	7485275000	33
2016.11.25	15:00:00	1.26047	1.26061	1.25836	1.25917	9408	10056645000	33
2016.11.25	16:00:00	1.25917	1.25987	1.25640	1.25836	10812	11362165000	33
2016.11.25	17:00:00	1.25836	1.26146	1.25757	1.26135	8311	7887125000	33
2016.11.25	18:00:00	1.26132	1.26294	1.26116	1.26287	8343	8118503000	33
2016.11.25	19:00:00	1.26288	1.26373	1.26123	1.26255	6340	6188332000	33
2016.11.25	20:00:00	1.26255	1.26361	1.26140	1.26356	8925	8666883000	33
2016.11.25	21:00:00	1.26345	1.26585	1.26231	1.26531	7758	4855617000	33
2016.11.25	22:00:00	1.26531	1.26546	1.26304	1.26374	2320	916560000	33
2016.11.25	23:00:00	1.26367	1.26503	1.26217	1.26335	1413	900369000	76
2016.11.28	00:00:00	1.26243	1.26411	1.25423	1.26341	119849	2881644000	0
2016.11.28	01:00:00	1.26324	1.26420	1.26249	1.26349	3905	3703517000	33
2016.11.28	02:00:00	1.26353	1.26373	1.25962	1.26091	6607	6435671000	42
2016.11.28	03:00:00	1.26091	1.26154	1.25936	1.26027	9254	9069388000	34
2016.11.28	04:00:00	1.26028	1.26364	1.25928	1.26350	11225	10194298000	34
2016.11.28	05:00:00	1.26350	1.26405	1.26266	1.26323	6421	5592933000	38
2016.11.28	06:00:00	1.26323	1.26336	1.26197	1.26239	5796	5942697000	38
2016.11.28	07:00:00	1.26239	1.26246	1.26147	1.26188	4724	4177814000	42
2016.11.28	08:00:00	1.26184	1.26243	1.26072	1.26202	5671	4833527000	37
2016.11.28	09:00:00	1.26201	1.26275	1.25958	1.26035	7407	7140181000	33
2016.11.28	10:00:00	1.26036	1.26254	1.25960	1.26040	9336	9811359000	33
2016.11.28	11:00:00	1.26040	1.26163	1.25638	1.25677	10948	9867746000	33
2016.11.28	12:00:00	1.25676	1.25734	1.25550	1.25722	6657	6943122000	33
2016.11.28	13:00:00	1.25721	1.25806	1.25433	1.25769	8302	8100635000	33
2016.11.28	14:00:00	1.25769	1.25898	1.25608	1.25848	9228	9113426000	33
2016.11.28	15:00:00	1.25848	1.26169	1.25837	1.26109	8877	8850266000	33
2016.11.28	16:00:00	1.26104	1.26131	1.25954	1.26020	9243	9359207000	33
2016.11.28	17:00:00	1.26020	1.26020	1.25691	1.25956	11034	10231545000	33
2016.11.28	18:00:00	1.25956	1.26063	1.25880	1.26056	9085	9400787000	33
2016.11.28	19:00:00	1.26056	1.26076	1.25870	1.25961	4797	5168503000	33
2016.11.28	20:00:00	1.25961	1.26025	1.25885	1.25988	3101	3345487000	33
2016.11.28	21:00:00	1.25988	1.25994	1.25834	1.25862	2992	3100800000	33
2016.11.28	22:00:00	1.25865	1.25898	1.25756	1.25766	3430	3607151000	33
2016.11.28	23:00:00	1.25769	1.25841	1.25677	1.25744	2954	2603115000	37
2016.11.29	00:00:00	1.25669	1.26946	1.25413	1.25757	113558	1166594000	61
2016.11.29	01:00:00	1.25743	1.25806	1.25578	1.25587	4055	3618193000	38
2016.11.29	02:00:00	1.25588	1.25721	1.25554	1.25589	4569	4502685000	36
2016.11.29	03:00:00	1.25595	1.25712	1.25575	1.25604	5787	5432935000	39
2016.11.29	04:00:00	1.25607	1.25736	1.25606	1.25684	5771	5648401000	39
2016.11.29	05:00:00	1.25684	1.25710	1.25601	1.25698	6276	5084148000	42
2016.11.29	06:00:00	1.25697	1.25711	1.25657	1.25702	6210	4406878000	40
2016.11.29	07:00:00	1.25702	1.25733	1.25640	1.25730	4619	4143995000	35
2016.11.29	08:00:00	1.25730	1.25813	1.25704	1.25734	3526	3275918000	40
2016.11.29	09:00:00	1.25732	1.25871	1.25678	1.25717	6587	5240676000	33
2016.11.29	10:00:00	1.25714	1.26097	1.25664	1.26063	8035	7726402000	33
2016.11.29	11:00:00	1.26063	1.26497	1.26023	1.26474	8138	7602798000	33
2016.11.29	12:00:00	1.26471	1.26547	1.26289	1.26481	6850	6622365000	33
2016.11.29	13:00:00	1.26482	1.26702	1.26426	1.26640	6334	6430162000	33
2016.11.29	14:00:00	1.26641	1.26828	1.26565	1.26688	8718	8764307000	33
2016.11.29	15:00:00	1.26687	1.26874	1.26574	1.26606	10477	10388904000	33
2016.11.29	16:00:00	1.26605	1.26962	1.26600	1.26777	12720	12381252000	33
2016.11.29	17:00:00	1.26776	1.26903	1.26649	1.26795	12828	12205627000	33
2016.11.29	18:00:00	1.26791	1.26905	1.26642	1.26707	8564	8866287000	33
2016.11.29	19:00:00	1.26707	1.26714	1.26475	1.26522	6950	6528032000	33
2016.11.29	20:00:00	1.26521	1.26531	1.26364	1.26404	5199	5064062000	33
2016.11.29	21:00:00	1.26404	1.26506	1.26402	1.26438	4425	4356880000	33
2016.11.29	22:00:00	1.26439	1.26484	1.26374	1.26423	3773	3769094000	33
2016.11.29	23:00:00	1.26423	1.26425	1.26287	1.26344	2684	2421281000	33
2016.11.30	00:00:00	1.26341	1.27470	1.25894	1.26323	130935	731714000	0
2016.11.30	01:00:00	1.26325	1.26394	1.26325	1.26341	2628	2727334000	37
2016.11.30	02:00:00	1.26340	1.26361	1.26229	1.26327	5158	3879302000	41
2016.11.30	03:00:00	1.26327	1.26375	1.26265	1.26276	5492	4815346000	35
2016.11.30	04:00:00	1.26275	1.26325	1.26223	1.26287	4663	4030962000	35
2016.11.30	05:00:00	1.26287	1.26431	1.26287	1.26401	5549	4758456000	39
2016.11.30	06:00:00	1.26402	1.26492	1.26392	1.26474	4965	5173762000	41
2016.11.30	07:00:00	1.26474	1.26509	1.26384	1.26419	4201	4349354000	39
2016.11.30	08:00:00	1.26420	1.26497	1.26347	1.26466	4781	3118231000	33
2016.11.30	09:00:00	1.26466	1.26656	1.26346	1.26633	6217	5853213000	33
2016.11.30	10:00:00	1.26634	1.26775	1.26551	1.26598	9643	9262288000	33
2016.11.30	11:00:00	1.26599	1.26737	1.26355	1.26582	8736	8033793000	33
2016.11.30	12:00:00	1.26584	1.26629	1.25903	1.26070	9306	8612763000	33
2016.11.30	13:00:00	1.26069	1.26337	1.25935	1.26336	8211	7716191000	33
2016.11.30	14:00:00	1.26334	1.26817	1.26215	1.26804	10029	9705998000	33
2016.11.30	15:00:00	1.26805	1.26828	1.26519	1.26813	12053	11217639000	33
2016.11.30	16:00:00	1.26813	1.26885	1.26612	1.26673	14791	14437947000	33
2016.11.30	17:00:00	1.26669	1.27331	1.26467	1.27291	15585	11843864000	33
2016.11.30	18:00:00	1.27294	1.27490	1.27091	1.27136	16352	11432419000	33
2016.11.30	19:00:00	1.27132	1.27253	1.26967	1.27197	8673	7729537000	33
2016.11.30	20:00:00	1.27197	1.27201	1.26875	1.27078	6878	5967557000	33
2016.11.30	21:00:00	1.27078	1.27156	1.26991	1.27129	5450	5738883000	33
2016.11.30	22:00:00	1.27128	1.27262	1.27046	1.27168	5850	6235751000	33
2016.11.30	23:00:00	1.27167	1.27269	1.27113	1.27147	2877	2784255000	26
2016.12.01	00:00:00	1.27159	1.28654	1.26885	1.27155	134339	1511550000	79
2016.12.01	01:00:00	1.27158	1.27311	1.27123	1.27255	3902	3565668000	45
2016.12.01	02:00:00	1.27253	1.27472	1.27242	1.27340	7575	5468192000	37
2016.12.01	03:00:00	1.27339	1.27393	1.27160	1.27249	6806	6572525000	33
2016.12.01	04:00:00	1.27248	1.27338	1.27229	1.27259	5476	5284547000	37
2016.12.01	05:00:00	1.27260	1.27319	1.27234	1.27290	5263	5034750000	36
2016.12.01	06:00:00	1.27290	1.27311	1.27210	1.27225	5396	4841930000	39
2016.12.01	07:00:00	1.27225	1.27229	1.27094	1.27197	7034	6511133000	36
2016.12.01	08:00:00	1.27197	1.27229	1.27061	1.27062	5406	4714544000	33
2016.12.01	09:00:00	1.27062	1.27368	1.27062	1.27228	6341	5429088000	33
2016.12.01	10:00:00	1.27228	1.27461	1.27157	1.27157	7790	8048983000	33
2016.12.01	11:00:00	1.27158	1.27318	1.26919	1.27072	9148	8832997000	33
2016.12.01	12:00:00	1.27076	1.27757	1.27022	1.27723	11124	10281065000	33
2016.12.01	13:00:00	1.27720	1.28094	1.27715	1.27859	10005	8957082000	33
2016.12.01	14:00:00	1.27860	1.28191	1.27825	1.28147	8028	8252555000	33
2016.12.01	15:00:00	1.28146	1.28647	1.27927	1.28612	10717	10360363000	33
2016.12.01	16:00:00	1.28607	1.28666	1.28194	1.28194	13724	13039480000	33
2016.12.01	17:00:00	1.28193	1.28393	1.27839	1.27897	18133	13235406000	33
2016.12.01	18:00:00	1.27900	1.27942	1.27225	1.27516	14240	11694631000	33
2016.12.01	19:00:00	1.27516	1.27575	1.27338	1.27432	6529	6448729000	33
2016.12.01	20:00:00	1.27434	1.27457	1.27077	1.27154	5760	6053748000	33
2016.12.01	21:00:00	1.27157	1.27315	1.26991	1.27293	7090	6820734000	33
2016.12.01	22:00:00	1.27294	1.27315	1.27120	1.27166	4878	5014720000	35
2016.12.01	23:00:00	1.27166	1.27294	1.27133	1.27155	3624	3589287000	33
2016.12.02	00:00:00	1.27218	1.28684	1.26964	1.27190	115358	3251867000	91
2016.12.02	01:00:00	1.27195	1.27308	1.27161	1.27198	3940	3374402000	46
2016.12.02	02:00:00	1.27198	1.27260	1.26978	1.27152	8112	7760115000	34
2016.12.02	03:00:00	1.27153	1.27242	1.27100	1.27140	6537	6234878000	36
2016.12.02	04:00:00	1.27138	1.27280	1.27119	1.27253	4960	4486468000	37
2016.12.02	05:00:00	1.27253	1.27382	1.27235	1.27345	6900	6439664000	39
2016.12.02	06:00:00	1.27345	1.27357	1.27258	1.27340	8521	9189933000	40
2016.12.02	07:00:00	1.27339	1.27432	1.27270	1.27412	4921	5408835000	41
2016.12.02	08:00:00	1.27412	1.27527	1.27388	1.27512	5032	5063950000	38
2016.12.02	09:00:00	1.27509	1.27772	1.27497	1.27545	7223	6706596000	35
2016.12.02	10:00:00	1.27545	1.27656	1.27360	1.27431	8104	8455550000	35
2016.12.02	11:00:00	1.27431	1.27535	1.27256	1.27335	8923	8672085000	34
2016.12.02	12:00:00	1.27333	1.27651	1.27327	1.27566	6942	6567701000	33
2016.12.02	13:00:00	1.27563	1.27780	1.27509	1.27639	5879	6123545000	33
2016.12.02	14:00:00	1.27640	1.27801	1.27574	1.27684	5756	5556505000	33
2016.12.02	15:00:00	1.27686	1.27706	1.27175	1.27535	14889	12909054000	33
2016.12.02	16:00:00	1.27535	1.27760	1.27478	1.27760	12568	12597425000	33
2016.12.02	17:00:00	1.27761	1.28045	1.27720	1.28043	11890	11829514000	33
2016.12.02	18:00:00	1.28043	1.28238	1.27980	1.28235	8320	8771579000	33
2016.12.02	19:00:00	1.28241	1.28241	1.27955	1.28076	5057	5462973000	33
2016.12.02	20:00:00	1.28076	1.28407	1.28010	1.28360	5318	5644941000	33
2016.12.02	21:00:00	1.28359	1.28509	1.28323	1.28429	3643	3560985000	33
2016.12.02	22:00:00	1.28435	1.28625	1.28401	1.28621	3887	3824239000	33
2016.12.02	23:00:00	1.28622	1.28675	1.28529	1.28592	2863	2354017000	33
2016.12.05	00:00:00	1.28215	1.29116	1.27711	1.28378	139598	6838152000	33
2016.12.05	01:00:00	1.28378	1.28691	1.28172	1.28498	13291	13081697000	43
2016.12.05	02:00:00	1.28498	1.29017	1.28387	1.28790	9229	8654606000	33
2016.12.05	03:00:00	1.28795	1.28997	1.28742	1.28872	7012	6205497000	41
2016.12.05	04:00:00	1.28871	1.28898	1.28660	1.28778	5350	4589709000	39
2016.12.05	05:00:00	1.28780	1.29088	1.28779	1.29071	5553	4011906000	42
2016.12.05	06:00:00	1.29071	1.29127	1.28906	1.28963	5267	4441205000	37
2016.12.05	07:00:00	1.28962	1.28990	1.28738	1.28790	4629	4001751000	42
2016.12.05	08:00:00	1.28791	1.28934	1.28743	1.28792	4601	4684853000	35
2016.12.05	09:00:00	1.28790	1.28913	1.28483	1.28630	11468	11052005000	33
2016.12.05	10:00:00	1.28625	1.28980	1.28572	1.28774	13662	13513185000	33
2016.12.05	11:00:00	1.28771	1.28945	1.28651	1.28823	9373	9428080000	33
2016.12.05	12:00:00	1.28823	1.29100	1.28787	1.28913	8405	8560910000	33
2016.12.05	13:00:00	1.28912	1.28912	1.28235	1.28558	11570	10637704000	33
2016.12.05	14:00:00	1.28559	1.28617	1.28297	1.28315	8012	7952573000	33
2016.12.05	15:00:00	1.28316	1.28478	1.28182	1.28404	8775	8896664000	33
2016.12.05	16:00:00	1.28410	1.28420	1.28074	1.28133	9510	9359351000	33
2016.12.05	17:00:00	1.28198	1.28541	1.28150	1.28472	11408	11083936000	33
2016.12.05	18:00:00	1.28472	1.28505	1.28331	1.28371	8401	8931089000	33
2016.12.05	19:00:00	1.28371	1.28374	1.27897	1.28014	7628	8116632000	32
2016.12.05	20:00:00	1.28015	1.28182	1.27921	1.28068	7672	6567905000	33
2016.12.05	21:00:00	1.28068	1.28094	1.27973	1.28042	4409	4268016000	33
2016.12.05	22:00:00	1.28049	1.28134	1.28011	1.28117	3056	2968988000	33
2016.12.05	23:00:00	1.28118	1.28126	1.28039	1.28071	2402	2227331000	35
2016.12.06	00:00:00	1.28096	1.28895	1.27859	1.28128	97736	4037218000	0
2016.12.06	01:00:00	1.28126	1.28161	1.28030	1.28139	3407	3316853000	35
2016.12.06	02:00:00	1.28136	1.28170	1.28064	1.28124	6389	5637990000	38
2016.12.06	03:00:00	1.28126	1.28197	1.28098	1.28183	4616	4963275000	41
2016.12.06	04:00:00	1.28184	1.28259	1.28128	1.28242	4435	4030179000	38
2016.12.06	05:00:00	1.28242	1.28335	1.28240	1.28312	5779	3227587000	36
2016.12.06	06:00:00	1.28312	1.28386	1.28289	1.28348	3734	1955962000	36
2016.12.06	07:00:00	1.28349	1.28402	1.28268	1.28314	2645	1259058000	39
2016.12.06	08:00:00	1.28314	1.28545	1.28281	1.28507	4708	2966433000	37
2016.12.06	09:00:00	1.28495	1.28540	1.28246	1.28278	7110	6106462000	33
2016.12.06	10:00:00	1.28280	1.28363	1.28207	1.28317	9210	8709828000	33
2016.12.06	11:00:00	1.28319	1.28520	1.28266	1.28310	7316	6409939000	33
2016.12.06	12:00:00	1.28311	1.28490	1.28265	1.28343	6482	6751801000	33
2016.12.06	13:00:00	1.28342	1.28618	1.28317	1.28595	8148	8115109000	33
2016.12.06	14:00:00	1.28596	1.28634	1.28429	1.28617	8442	8812111000	33
2016.12.06	15:00:00	1.28617	1.28900	1.28520	1.28877	8669	8649194000	33
2016.12.06	16:00:00	1.28878	1.28913	1.28370	1.28376	9794	6763631000	33
2016.12.06	17:00:00	1.28374	1.28653	1.28195	1.28301	11112	8242900000	36
2016.12.06	18:00:00	1.28301	1.28323	1.28162	1.28224	7989	5928342000	33
2016.12.06	19:00:00	1.28225	1.28252	1.27872	1.28001	6573	5985956000	33
2016.12.06	20:00:00	1.28001	1.28157	1.27983	1.28155	3280	3164795000	33
2016.12.06	21:00:00	1.28155	1.28175	1.28075	1.28139	2860	2980346000	33
2016.12.06	22:00:00	1.28139	1.28158	1.27952	1.28023	2833	2992337000	34
2016.12.06	23:00:00	1.28022	1.28109	1.27985	1.27985	2070	1761905000	33
2016.12.07	00:00:00	1.28053	1.28095	1.26774	1.28001	83959	788620000	73
2016.12.07	01:00:00	1.28000	1.28069	1.27933	1.27959	3684	3625439000	38
2016.12.07	02:00:00	1.27957	1.27977	1.27790	1.27853	5942	5390058000	36
2016.12.07	03:00:00	1.27857	1.27921	1.27783	1.27898	5268	5338072000	38
2016.12.07	04:00:00	1.27899	1.27918	1.27803	1.27849	3712	2927427000	42
2016.12.07	05:00:00	1.27849	1.27911	1.27731	1.27739	2695	2529364000	39
2016.12.07	06:00:00	1.27740	1.27827	1.27716	1.27811	2451	1927517000	42
2016.12.07	07:00:00	1.27809	1.27843	1.27703	1.27791	3247	2399828000	43
2016.12.07	08:00:00	1.27790	1.27804	1.27694	1.27804	3364	2425579000	37
2016.12.07	09:00:00	1.27807	1.27814	1.27455	1.27579	6358	5662659000	33
2016.12.07	10:00:00	1.27579	1.27615	1.27219	1.27525	11009	10738282000	33
2016.12.07	11:00:00	1.27526	1.27535	1.27044	1.27141	9434	8678568000	33
2016.12.07	12:00:00	1.27142	1.27279	1.27021	1.27216	8491	8961379000	33
2016.12.07	13:00:00	1.27216	1.27421	1.27141	1.27268	6411	6749769000	33
2016.12.07	14:00:00	1.27266	1.27421	1.27193	1.27305	6603	6994487000	33
2016.12.07	15:00:00	1.27305	1.27472	1.27221	1.27282	5978	6299230000	33
2016.12.07	16:00:00	1.27278	1.27325	1.27030	1.27078	6012	6677217000	33
2016.12.07	17:00:00	1.27077	1.27149	1.26817	1.26913	10812	9418390000	33
2016.12.07	18:00:00	1.26914	1.27039	1.26844	1.26910	6316	5767424000	33
2016.12.07	19:00:00	1.26911	1.27004	1.26793	1.26969	4074	4182288000	33
2016.12.07	20:00:00	1.26969	1.27074	1.26957	1.27018	3586	3971894000	33
2016.12.07	21:00:00	1.27018	1.27151	1.26998	1.27140	3372	3008778000	34
2016.12.07	22:00:00	1.27136	1.27145	1.27071	1.27130	3224	3121129000	37
2016.12.07	23:00:00	1.27132	1.27204	1.27077	1.27152	2192	1949576000	33
2016.12.08	00:00:00	1.27330	1.28166	1.26787	1.27100	127098	1405245000	33
2016.12.08	01:00:00	1.27115	1.27167	1.27051	1.27123	2340	2015674000	36
2016.12.08	02:00:00	1.27122	1.27426	1.27122	1.27352	3942	3564244000	37
2016.12.08	03:00:00	1.27352	1.27358	1.27177	1.27235	4290	3920100000	39
2016.12.08	04:00:00	1.27235	1.27356	1.27186	1.27348	4975	5637024000	40
2016.12.08	05:00:00	1.27349	1.27349	1.27153	1.27204	5141	5254264000	35
2016.12.08	06:00:00	1.27217	1.27307	1.27190	1.27253	3319	3074117000	38
2016.12.08	07:00:00	1.27252	1.27308	1.27225	1.27245	2835	2781899000	40
2016.12.08	08:00:00	1.27243	1.27329	1.27230	1.27318	2663	2272706000	43
2016.12.08	09:00:00	1.27318	1.27393	1.27179	1.27233	4883	4487453000	33
2016.12.08	10:00:00	1.27239	1.27516	1.27048	1.27449	8298	8770309000	33
2016.12.08	11:00:00	1.27448	1.27686	1.27306	1.27363	8950	8760299000	33
2016.12.08	12:00:00	1.27362	1.27645	1.27324	1.27509	8616	8205494000	33
2016.12.08	13:00:00	1.27507	1.27684	1.27403	1.27636	7760	6162053000	33
2016.12.08	14:00:00	1.27637	1.27841	1.27081	1.27841	12807	11252188000	33
2016.12.08	15:00:00	1.27841	1.28109	1.27635	1.27859	17126	16742857000	33
2016.12.08	16:00:00	1.27868	1.28183	1.27795	1.27987	18617	15688184000	33
2016.12.08	17:00:00	1.27986	1.28084	1.27578	1.27612	12134	9446045000	33
2016.12.08	18:00:00	1.27613	1.27798	1.27583	1.27665	9097	5382135000	33
2016.12.08	19:00:00	1.27670	1.27889	1.27588	1.27768	5968	4005552000	33
2016.12.08	20:00:00	1.27768	1.27984	1.27747	1.27978	4234	2361658000	33
2016.12.08	21:00:00	1.27976	1.28018	1.27810	1.27920	4719	2733274000	33
2016.12.08	22:00:00	1.27920	1.27971	1.27751	1.27887	5060	3274493000	33
2016.12.08	23:00:00	1.27887	1.27943	1.27801	1.27801	2249	1313969000	35
2016.12.09	00:00:00	1.27875	1.28445	1.27582	1.27803	96742	1054010000	62
2016.12.09	01:00:00	1.27804	1.27878	1.27784	1.27827	3110	1682608000	43
2016.12.09	02:00:00	1.27827	1.27904	1.27820	1.27863	5343	3900004000	39
2016.12.09	03:00:00	1.27862	1.27980	1.27831	1.27954	5314	3070134000	39
2016.12.09	04:00:00	1.27955	1.28027	1.27887	1.28012	5530	4387615000	36
2016.12.09	05:00:00	1.28011	1.28043	1.27876	1.27879	3231	1744329000	35
2016.12.09	06:00:00	1.27878	1.27941	1.27861	1.27861	2455	1327270000	36
2016.12.09	07:00:00	1.27861	1.27933	1.27859	1.27928	2479	1345517000	41
2016.12.09	08:00:00	1.27926	1.27957	1.27874	1.27894	2810	1570204000	39
2016.12.09	09:00:00	1.27897	1.27912	1.27601	1.27643	6182	3647505000	35
2016.12.09	10:00:00	1.27641	1.28023	1.27627	1.28022	8838	6235880000	33
2016.12.09	11:00:00	1.28023	1.28184	1.27972	1.28115	7813	5326846000	33
2016.12.09	12:00:00	1.28112	1.28240	1.28000	1.28216	6849	4432178000	34
2016.12.09	13:00:00	1.28215	1.28361	1.28122	1.28278	9264	5819236000	33
2016.12.09	14:00:00	1.28278	1.28385	1.28169	1.28304	9285	6217302000	33
2016.12.09	15:00:00	1.28306	1.28326	1.27973	1.28132	11280	6620972000	33
2016.12.09	16:00:00	1.28131	1.28337	1.28038	1.28294	9538	5715672000	33
2016.12.09	17:00:00	1.28294	1.28459	1.28158	1.28188	9247	5560646000	33
2016.12.09	18:00:00	1.28189	1.28325	1.28053	1.28203	8958	5071016000	33
2016.12.09	19:00:00	1.28204	1.28221	1.28012	1.28120	5182	2638696000	33
2016.12.09	20:00:00	1.28121	1.28157	1.27849	1.27882	3318	2048873000	33
2016.12.09	21:00:00	1.27883	1.27974	1.27858	1.27901	3130	1732812000	34
2016.12.09	22:00:00	1.27898	1.28011	1.27895	1.27935	3133	1986974000	33
2016.12.09	23:00:00	1.27935	1.28070	1.27840	1.27853	2542	1945661000	36
2016.12.12	00:00:00	1.28163	1.28796	1.27635	1.28131	104715	1280901000	0
2016.12.12	01:00:00	1.28138	1.28287	1.27962	1.28192	4504	2316504000	46
2016.12.12	02:00:00	1.28188	1.28349	1.28185	1.28254	4596	2290700000	44
2016.12.12	03:00:00	1.28253	1.28285	1.28083	1.28095	3944	1968800000	41
2016.12.12	04:00:00	1.28100	1.28167	1.28025	1.28069	10680	5233250000	41
2016.12.12	05:00:00	1.28068	1.28099	1.27915	1.28074	3916	1878750000	40
2016.12.12	06:00:00	1.28073	1.28143	1.28056	1.28109	3110	1569200000	41
2016.12.12	07:00:00	1.28112	1.28172	1.28056	1.28133	3553	1664550000	42
2016.12.12	08:00:00	1.28133	1.28200	1.28078	1.28167	3964	1775474000	41
2016.12.12	09:00:00	1.28166	1.28365	1.28096	1.28225	6930	3411888000	36
2016.12.12	10:00:00	1.28225	1.28335	1.27871	1.27906	9167	4311092000	33
2016.12.12	11:00:00	1.27906	1.27946	1.27650	1.27827	6741	3209074000	35
2016.12.12	12:00:00	1.27827	1.28032	1.27738	1.27817	7165	3220225000	33
2016.12.12	13:00:00	1.27818	1.28212	1.27767	1.28151	7544	3217499000	33
2016.12.12	14:00:00	1.28152	1.28424	1.28151	1.28389	6354	3110076000	34
2016.12.12	15:00:00	1.28389	1.28532	1.28287	1.28531	7761	3635098000	34
2016.12.12	16:00:00	1.28530	1.28648	1.28427	1.28501	7478	3603497000	35
2016.12.12	17:00:00	1.28502	1.28719	1.28346	1.28699	8335	3905363000	33
2016.12.12	18:00:00	1.28698	1.28771	1.28597	1.28736	7783	3567217000	34
2016.12.12	19:00:00	1.28734	1.28809	1.28462	1.28570	7485	3500526000	33
2016.12.12	20:00:00	1.28571	1.28703	1.28467	1.28549	5758	2670719000	34
2016.12.12	21:00:00	1.28543	1.28585	1.28473	1.28527	4854	1861721000	40
2016.12.12	22:00:00	1.28531	1.28536	1.28372	1.28509	4038	1687200000	37
2016.12.12	23:00:00	1.28510	1.28521	1.28364	1.28364	2032	973000000	38
2016.12.13	00:00:00	1.28437	1.28925	1.27951	1.28439	105894	2350465000	33
2016.12.13	01:00:00	1.28429	1.28480	1.28374	1.28404	5349	2722168000	48
2016.12.13	02:00:00	1.28412	1.28448	1.28361	1.28415	5571	2926676000	37
2016.12.13	03:00:00	1.28415	1.28470	1.28386	1.28407	5420	2612443000	38
2016.12.13	04:00:00	1.28406	1.28543	1.28386	1.28521	4884	2800620000	39
2016.12.13	05:00:00	1.28523	1.28536	1.28449	1.28484	4853	2542357000	33
2016.12.13	06:00:00	1.28485	1.28520	1.28442	1.28465	3426	2267785000	38
2016.12.13	07:00:00	1.28464	1.28468	1.28375	1.28420	3630	2659485000	38
2016.12.13	08:00:00	1.28420	1.28470	1.28365	1.28408	4751	2684826000	41
2016.12.13	09:00:00	1.28407	1.28448	1.28303	1.28407	6277	3688234000	35
2016.12.13	10:00:00	1.28407	1.28711	1.28355	1.28570	8130	4728133000	33
2016.12.13	11:00:00	1.28569	1.28941	1.28468	1.28841	9764	5113128000	33
2016.12.13	12:00:00	1.28843	1.28903	1.28648	1.28686	7680	4596179000	33
2016.12.13	13:00:00	1.28684	1.28742	1.28566	1.28693	6345	3557007000	33
2016.12.13	14:00:00	1.28696	1.28754	1.28594	1.28597	7243	3686810000	33
2016.12.13	15:00:00	1.28598	1.28698	1.28497	1.28605	8859	5400500000	33
2016.12.13	16:00:00	1.28605	1.28702	1.28533	1.28640	9759	6009471000	33
2016.12.13	17:00:00	1.28637	1.28649	1.27964	1.28276	11690	6375954000	33
2016.12.13	18:00:00	1.28272	1.28333	1.28073	1.28333	9218	5173291000	33
2016.12.13	19:00:00	1.28335	1.28432	1.28298	1.28394	5421	2952480000	33
2016.12.13	20:00:00	1.28393	1.28406	1.28266	1.28327	4206	3268831000	33
2016.12.13	21:00:00	1.28329	1.28366	1.28221	1.28225	3316	2101621000	33
2016.12.13	22:00:00	1.28225	1.28274	1.28142	1.28147	3746	2232504000	33
2016.12.13	23:00:00	1.28145	1.28218	1.28038	1.28054	2376	1435578000	38
2016.12.14	00:00:00	1.28058	1.28658	1.27618	1.28087	118643	1498978000	0
2016.12.14	01:00:00	1.28094	1.28148	1.28021	1.28087	4427	2545740000	41
2016.12.14	02:00:00	1.28086	1.28113	1.27980	1.28003	6092	4226306000	37
2016.12.14	03:00:00	1.28004	1.28046	1.27900	1.27910	5845	3868979000	36
2016.12.14	04:00:00	1.27911	1.27962	1.27850	1.27945	4326	2555424000	41
2016.12.14	05:00:00	1.27946	1.28005	1.27935	1.27961	4452	3329051000	38
2016.12.14	06:00:00	1.27960	1.28024	1.27932	1.27972	4508	2645158000	38
2016.12.14	07:00:00	1.27973	1.27978	1.27917	1.27930	3880	2206988000	39
2016.12.14	08:00:00	1.27928	1.28076	1.27889	1.27938	4818	2881536000	37
2016.12.14	09:00:00	1.27938	1.28137	1.27924	1.28111	6202	3501082000	34
2016.12.14	10:00:00	1.28111	1.28273	1.27981	1.28110	7841	4288388000	33
2016.12.14	11:00:00	1.28111	1.28313	1.27982	1.27988	7130	4636897000	33
2016.12.14	12:00:00	1.27986	1.28008	1.27788	1.27879	7137	4066170000	33
2016.12.14	13:00:00	1.27877	1.27914	1.27634	1.27719	6902	3985062000	33
2016.12.14	14:00:00	1.27717	1.28063	1.27662	1.28051	6831	3776501000	33
2016.12.14	15:00:00	1.28048	1.28347	1.27936	1.28329	8029	4644161000	33
2016.12.14	16:00:00	1.28329	1.28394	1.28212	1.28277	8469	4717005000	33
2016.12.14	17:00:00	1.28274	1.28307	1.28069	1.28283	9250	5066968000	33
2016.12.14	18:00:00	1.28284	1.28425	1.28218	1.28380	6885	3795166000	33
2016.12.14	19:00:00	1.28380	1.28420	1.28193	1.28282	4788	2712126000	35
2016.12.14	20:00:00	1.28282	1.28629	1.28245	1.28503	6667	3726379000	33
2016.12.14	21:00:00	1.28529	1.28714	1.28215	1.28350	17724	9458832000	33
2016.12.14	22:00:00	1.28351	1.28424	1.27979	1.28032	14354	7759403000	33
2016.12.14	23:00:00	1.28033	1.28235	1.27978	1.28163	6214	3276543000	33
2016.12.15	00:00:00	1.28169	1.28889	1.27808	1.27972	168796	3961339000	0
2016.12.15	01:00:00	1.27972	1.28138	1.27822	1.28135	8111	5802296000	34
2016.12.15	02:00:00	1.28135	1.28380	1.28104	1.28250	10235	6000683000	36
2016.12.15	03:00:00	1.28250	1.28339	1.28200	1.28292	8340	5287046000	33
2016.12.15	04:00:00	1.28292	1.28374	1.28181	1.28229	7853	6363286000	33
2016.12.15	05:00:00	1.28231	1.28251	1.28171	1.28236	5195	3358358000	40
2016.12.15	06:00:00	1.28234	1.28269	1.28169	1.28184	5529	3766454000	37
2016.12.15	07:00:00	1.28182	1.28202	1.28090	1.28171	4869	4032218000	31
2016.12.15	08:00:00	1.28168	1.28578	1.28093	1.28557	5931	3396168000	33
2016.12.15	09:00:00	1.28558	1.28622	1.28358	1.28400	10619	6130072000	33
2016.12.15	10:00:00	1.28390	1.28505	1.28095	1.28243	12586	7921613000	33
2016.12.15	11:00:00	1.28238	1.28376	1.28116	1.28248	10882	7906380000	33
2016.12.15	12:00:00	1.28247	1.28738	1.28230	1.28712	11247	8230108000	33
2016.12.15	13:00:00	1.28713	1.28899	1.28582	1.28692	14451	8986029000	33
2016.12.15	14:00:00	1.28692	1.28872	1.28300	1.28476	13059	8632463000	33
2016.12.15	15:00:00	1.28476	1.28578	1.28185	1.28393	14532	8470884000	33
2016.12.15	16:00:00	1.28395	1.28549	1.28355	1.28509	14033	8592073000	33
2016.12.15	17:00:00	1.28512	1.28559	1.27837	1.27893	15030	9302273000	33
2016.12.15	18:00:00	1.27894	1.28083	1.27876	1.28012	13420	8966008000	33
2016.12.15	19:00:00	1.28015	1.28200	1.27977	1.28187	10111	6670733000	33
2016.12.15	20:00:00	1.28193	1.28347	1.28113	1.28229	7552	4897579000	33
2016.12.15	21:00:00	1.28231	1.28265	1.28037	1.28080	7499	4722910000	33
2016.12.15	22:00:00	1.28080	1.28101	1.27943	1.28011	8109	4880016000	33
2016.12.15	23:00:00	1.28013	1.28016	1.27856	1.27867	4684	2816833000	33
2016.12.16	00:00:00	1.27856	1.28277	1.27468	1.27907	129928	3072650000	0
2016.12.16	01:00:00	1.27966	1.27966	1.27819	1.27891	5669	2857342000	45
2016.12.16	02:00:00	1.27891	1.27924	1.27486	1.27545	6900	3666900000	34
2016.12.16	03:00:00	1.27549	1.27706	1.27515	1.27656	5235	3078176000	33
2016.12.16	04:00:00	1.27660	1.27677	1.27531	1.27556	4379	2377339000	39
2016.12.16	05:00:00	1.27556	1.27598	1.27539	1.27590	3644	2123512000	37
2016.12.16	06:00:00	1.27586	1.27715	1.27569	1.27711	3622	2430958000	38
2016.12.16	07:00:00	1.27710	1.27761	1.27678	1.27759	3869	3041498000	36
2016.12.16	08:00:00	1.27754	1.27878	1.27643	1.27853	5289	3076281000	38
2016.12.16	09:00:00	1.27851	1.27942	1.27702	1.27892	8355	5223243000	33
2016.12.16	10:00:00	1.27886	1.28031	1.27751	1.27836	9934	7081801000	33
2016.12.16	11:00:00	1.27835	1.27927	1.27627	1.27630	10126	6816335000	33
2016.12.16	12:00:00	1.27628	1.27964	1.27597	1.27910	11313	8921644000	33
2016.12.16	13:00:00	1.27910	1.28044	1.27718	1.27788	9385	6995730000	34
2016.12.16	14:00:00	1.27788	1.28245	1.27784	1.28146	9685	6995332000	33
2016.12.16	15:00:00	1.28146	1.28231	1.27804	1.27989	10415	6924109000	33
2016.12.16	16:00:00	1.27989	1.28156	1.27749	1.27841	11294	8501168000	33
2016.12.16	17:00:00	1.27841	1.28108	1.27735	1.27931	12137	8128920000	33
2016.12.16	18:00:00	1.27933	1.28000	1.27738	1.27977	18110	11245862000	33
2016.12.16	19:00:00	1.27975	1.28266	1.27892	1.28193	11033	6969469000	33
2016.12.16	20:00:00	1.28192	1.28244	1.28056	1.28186	8240	5388412000	33
2016.12.16	21:00:00	1.28186	1.28288	1.28129	1.28148	7384	4783177000	34
2016.12.16	22:00:00	1.28159	1.28242	1.28104	1.28185	8429	5898120000	33
2016.12.16	23:00:00	1.28185	1.28212	1.28095	1.28132	2846	1763053000	39
2016.12.19	00:00:00	1.28144	1.28294	1.26487	1.28169	107291	1478160000	0
2016.12.19	01:00:00	1.28183	1.28295	1.28173	1.28211	9487	5305206000	50
2016.12.19	02:00:00	1.28211	1.28268	1.28098	1.28108	4136	2142139000	39
2016.12.19	03:00:00	1.28110	1.28164	1.28051	1.28090	5683	3050194000	34
2016.12.19	04:00:00	1.28091	1.28122	1.27976	1.27995	5142	3213590000	35
2016.12.19	05:00:00	1.27997	1.28044	1.27974	1.28010	3846	2478323000	37
2016.12.19	06:00:00	1.28014	1.28030	1.27854	1.27948	3621	2272407000	37
2016.12.19	07:00:00	1.27952	1.27993	1.27940	1.27952	3728	2189152000	39
2016.12.19	08:00:00	1.27951	1.28066	1.27866	1.27904	4301	2736420000	37
2016.12.19	09:00:00	1.27907	1.28039	1.27856	1.27982	6524	4342269000	34
2016.12.19	10:00:00	1.27986	1.28098	1.27914	1.28092	7954	5708845000	33
2016.12.19	11:00:00	1.28089	1.28161	1.27824	1.27846	8770	6668245000	33
2016.12.19	12:00:00	1.27846	1.27944	1.27681	1.27701	8391	6266422000	33
2016.12.19	13:00:00	1.27705	1.27811	1.27409	1.27423	8940	6769202000	33
2016.12.19	14:00:00	1.27424	1.27500	1.27113	1.27222	7689	5177854000	34
2016.12.19	15:00:00	1.27222	1.27302	1.27025	1.27242	9038	6246978000	33
2016.12.19	16:00:00	1.27237	1.27319	1.26863	1.27019	10413	6925188000	33
2016.12.19	17:00:00	1.27021	1.27031	1.26506	1.26882	11375	6977754000	33
2016.12.19	18:00:00	1.26881	1.27055	1.26783	1.26991	10454	6987752000	33
2016.12.19	19:00:00	1.26991	1.27075	1.26914	1.27061	5490	4104919000	33
2016.12.19	20:00:00	1.27060	1.27207	1.27027	1.27193	8450	6073121000	33
2016.12.19	21:00:00	1.27193	1.27361	1.27158	1.27329	6674	4967586000	33
2016.12.19	22:00:00	1.27331	1.27433	1.27282	1.27315	5924	3874107000	33
2016.12.19	23:00:00	1.27315	1.27395	1.27255	1.27367	2607	1777051000	40
2016.12.20	00:00:00	1.27345	1.27563	1.26827	1.27249	111986	2707156000	0
2016.12.20	01:00:00	1.27251	1.27294	1.27189	1.27229	6585	3338440000	33
2016.12.20	02:00:00	1.27221	1.27346	1.27126	1.27310	6720	3651808000	36
2016.12.20	03:00:00	1.27312	1.27313	1.27214	1.27254	5789	3566522000	40
2016.12.20	04:00:00	1.27255	1.27349	1.27200	1.27311	13943	7090107000	34
2016.12.20	05:00:00	1.27313	1.27390	1.27288	1.27314	5146	3410306000	33
2016.12.20	06:00:00	1.27313	1.27389	1.27273	1.27380	4663	2657980000	37
2016.12.20	07:00:00	1.27381	1.27443	1.27358	1.27375	3925	2617963000	35
2016.12.20	08:00:00	1.27374	1.27514	1.27349	1.27385	6422	3188366000	33
2016.12.20	09:00:00	1.27393	1.27414	1.27207	1.27207	6569	3761382000	33
2016.12.20	10:00:00	1.27205	1.27370	1.27199	1.27265	7998	5206180000	33
2016.12.20	11:00:00	1.27263	1.27419	1.27209	1.27419	6374	4470279000	33
2016.12.20	12:00:00	1.27415	1.27427	1.26880	1.26948	7725	5520769000	33
2016.12.20	13:00:00	1.26946	1.27311	1.26908	1.27148	7913	5804148000	33
2016.12.20	14:00:00	1.27149	1.27279	1.26990	1.27203	8513	6398769000	33
2016.12.20	15:00:00	1.27203	1.27332	1.27003	1.27232	8321	6098719000	33
2016.12.20	16:00:00	1.27232	1.27233	1.26945	1.26980	9083	6413629000	33
2016.12.20	17:00:00	1.26979	1.27147	1.26840	1.27127	10197	6914456000	33
2016.12.20	18:00:00	1.27128	1.27155	1.26960	1.27056	9765	6833469000	33
2016.12.20	19:00:00	1.27056	1.27061	1.26866	1.27035	5782	4332806000	33
2016.12.20	20:00:00	1.27034	1.27201	1.26993	1.27192	5762	4048501000	33
2016.12.20	21:00:00	1.27192	1.27223	1.27049	1.27169	5522	3601323000	33
2016.12.20	22:00:00	1.27168	1.27258	1.27144	1.27165	4093	2419149000	33
2016.12.20	23:00:00	1.27170	1.27216	1.27147	1.27196	2377	1461084000	33
2016.12.21	00:00:00	1.27347	1.27347	1.26459	1.27185	86575	1190410000	0
2016.12.21	01:00:00	1.27185	1.27217	1.27138	1.27204	2502	1474378000	39
2016.12.21	02:00:00	1.27195	1.27217	1.27100	1.27126	3485	2029421000	39
2016.12.21	03:00:00	1.27126	1.27190	1.27090	1.27161	5005	2742586000	36
2016.12.21	04:00:00	1.27159	1.27193	1.27029	1.27172	5862	3687565000	38
2016.12.21	05:00:00	1.27171	1.27188	1.27124	1.27177	4153	3503697000	40
2016.12.21	06:00:00	1.27179	1.27210	1.27154	1.27200	3761	2996255000	38
2016.12.21	07:00:00	1.27201	1.27225	1.27119	1.27190	2742	2101880000	39
2016.12.21	08:00:00	1.27194	1.27234	1.27077	1.27083	3675	2208794000	38
2016.12.21	09:00:00	1.27085	1.27129	1.26959	1.27022	5727	3379337000	34
2016.12.21	10:00:00	1.27026	1.27070	1.26751	1.26753	7562	4908648000	33
2016.12.21	11:00:00	1.26752	1.26847	1.26603	1.26636	7657	5260780000	33
2016.12.21	12:00:00	1.26635	1.26980	1.26634	1.26926	7116	4975824000	33
2016.12.21	13:00:00	1.26925	1.26996	1.26825	1.26907	5997	4173971000	34
2016.12.21	14:00:00	1.26907	1.26970	1.26801	1.26839	7770	5312683000	33
2016.12.21	15:00:00	1.26840	1.26923	1.26715	1.26746	7307	5313079000	33
2016.12.21	16:00:00	1.26746	1.26830	1.26543	1.26799	8919	5308676000	33
2016.12.21	17:00:00	1.26802	1.26979	1.26766	1.26978	9709	6693365000	33
2016.12.21	18:00:00	1.26982	1.26990	1.26605	1.26683	8075	5342455000	33
2016.12.21	19:00:00	1.26683	1.26721	1.26474	1.26637	4391	3175070000	33
2016.12.21	20:00:00	1.26641	1.26689	1.26574	1.26598	3923	2808474000	33
2016.12.21	21:00:00	1.26599	1.26727	1.26556	1.26699	3438	2328515000	33
2016.12.21	22:00:00	1.26695	1.26836	1.26683	1.26813	2997	2284013000	34
2016.12.21	23:00:00	1.26811	1.26866	1.26759	1.26816	3101	2315091000	33
2016.12.22	00:00:00	1.26822	1.26918	1.25883	1.26728	91821	4431130000	33
2016.12.22	01:00:00	1.26728	1.26831	1.26722	1.26785	4806	3481883000	44
2016.12.22	02:00:00	1.26793	1.26911	1.26773	1.26900	4342	2400048000	39
2016.12.22	03:00:00	1.26899	1.26925	1.26747	1.26760	4942	3289215000	39
2016.12.22	04:00:00	1.26760	1.26803	1.26714	1.26784	4226	3241777000	39
2016.12.22	05:00:00	1.26783	1.26815	1.26739	1.26773	3594	2723936000	35
2016.12.22	06:00:00	1.26773	1.26811	1.26727	1.26743	3345	2304026000	42
2016.12.22	07:00:00	1.26743	1.26761	1.26702	1.26737	3409	2256729000	42
2016.12.22	08:00:00	1.26737	1.26771	1.26641	1.26677	3833	2032172000	40
2016.12.22	09:00:00	1.26675	1.26829	1.26609	1.26826	5850	3909598000	33
2016.12.22	10:00:00	1.26828	1.26870	1.26423	1.26471	7775	5951274000	36
2016.12.22	11:00:00	1.26471	1.26584	1.26436	1.26535	6788	4969662000	33
2016.12.22	12:00:00	1.26535	1.26554	1.26170	1.26264	8058	6254336000	33
2016.12.22	13:00:00	1.26264	1.26464	1.26234	1.26401	6964	5212809000	34
2016.12.22	14:00:00	1.26400	1.26585	1.26383	1.26484	7026	5623770000	33
2016.12.22	15:00:00	1.26481	1.26550	1.26276	1.26318	8986	6026884000	33
2016.12.22	16:00:00	1.26317	1.26413	1.26211	1.26239	9691	6850988000	33
2016.12.22	17:00:00	1.26241	1.26279	1.25966	1.25984	13066	8770780000	33
2016.12.22	18:00:00	1.25984	1.26131	1.25894	1.26009	9489	6528980000	33
2016.12.22	19:00:00	1.26008	1.26114	1.25956	1.26057	6009	4344272000	33
2016.12.22	20:00:00	1.26057	1.26086	1.25963	1.26036	4918	2958989000	33
2016.12.22	21:00:00	1.26031	1.26055	1.25971	1.25989	3998	2375304000	34
2016.12.22	22:00:00	1.25986	1.26027	1.25901	1.26009	4474	2797378000	38
2016.12.22	23:00:00	1.26008	1.26060	1.25875	1.25875	2801	1679287000	34
2016.12.23	00:00:00	1.25928	1.26231	1.25416	1.25997	63695	1044914000	53
2016.12.23	01:00:00	1.25999	1.26050	1.25960	1.25974	2243	1405808000	38
2016.12.23	02:00:00	1.25974	1.25983	1.25803	1.25864	2670	1391612000	43
2016.12.23	03:00:00	1.25863	1.25900	1.25805	1.25864	3070	2174765000	37
2016.12.23	04:00:00	1.25863	1.25941	1.25825	1.25935	2651	1619260000	38
2016.12.23	05:00:00	1.25934	1.25958	1.25844	1.25870	1682	1228277000	40
2016.12.23	06:00:00	1.25869	1.25927	1.25842	1.25879	2693	1850926000	35
2016.12.23	07:00:00	1.25878	1.26004	1.25863	1.26004	2527	1842865000	42
2016.12.23	08:00:00	1.26003	1.26013	1.25883	1.25967	2583	1407358000	36
2016.12.23	09:00:00	1.25968	1.26059	1.25939	1.25964	4763	3086758000	34
2016.12.23	10:00:00	1.25964	1.26062	1.25750	1.25759	6886	4882929000	33
2016.12.23	11:00:00	1.25756	1.25981	1.25706	1.25821	8794	6509088000	33
2016.12.23	12:00:00	1.25823	1.25875	1.25665	1.25762	7815	7035969000	35
2016.12.23	13:00:00	1.25761	1.25811	1.25626	1.25638	6572	5587835000	33
2016.12.23	14:00:00	1.25638	1.25698	1.25525	1.25651	7321	6624008000	33
2016.12.23	15:00:00	1.25656	1.25671	1.25431	1.25662	7727	6943846000	34
2016.12.23	16:00:00	1.25661	1.25832	1.25595	1.25764	7172	6642954000	33
2016.12.23	17:00:00	1.25763	1.25888	1.25630	1.25669	7523	5374253000	33
2016.12.23	18:00:00	1.25672	1.25792	1.25588	1.25767	5587	3339640000	35
2016.12.23	19:00:00	1.25764	1.26044	1.25759	1.26021	3667	1907610000	33
2016.12.23	20:00:00	1.26016	1.26123	1.25977	1.26116	3511	3004824000	33
2016.12.23	21:00:00	1.26118	1.26154	1.26093	1.26129	2292	1806468000	37
2016.12.23	22:00:00	1.26129	1.26150	1.26021	1.26105	3168	2023824000	39
2016.12.23	23:00:00	1.26105	1.26225	1.26002	1.26011	1826	1351615000	49
2016.12.26	00:00:00	1.26039	1.26137	1.26029	1.26137	8	0	150
2016.12.26	06:00:00	1.25966	1.25991	1.25807	1.25844	1093	957470000	0
2016.12.26	07:00:00	1.25844	1.25901	1.25666	1.25815	722	654800000	103
2016.12.26	08:00:00	1.25808	1.25914	1.25783	1.25848	1098	1217280000	72
2016.12.26	09:00:00	1.25850	1.25909	1.25776	1.25904	525	560805000	60
2016.12.26	10:00:00	1.25836	1.25973	1.25780	1.25883	582	445415000	104
2016.12.26	11:00:00	1.25923	1.26148	1.21475	1.25925	707	659334000	130
2016.12.26	12:00:00	1.25926	1.25951	1.25554	1.25899	415	419220000	166
2016.12.26	13:00:00	1.25892	1.25953	1.25798	1.25823	269	436500000	201
2016.12.26	14:00:00	1.25828	1.26170	1.25580	1.26023	479	481550000	227
2016.12.26	15:00:00	1.26027	1.26069	1.25789	1.25861	251	259390000	248
2016.12.26	16:00:00	1.25860	1.25962	1.25709	1.25840	315	322550000	242
2016.12.26	17:00:00	1.25845	1.26045	1.25680	1.26043	205	244040000	400
2016.12.26	18:00:00	1.26044	1.26193	1.26008	1.26096	225	289950000	339
2016.12.26	19:00:00	1.26101	1.26120	1.25922	1.26060	234	372530000	280
2016.12.26	20:00:00	1.26056	1.26062	1.25923	1.26036	108	129620000	277
2016.12.26	21:00:00	1.26035	1.26042	1.25635	1.25976	143	168850000	276
2016.12.26	22:00:00	1.26038	1.26051	1.25635	1.25999	305	270250000	275
2016.12.26	23:00:00	1.26003	1.26075	1.25797	1.26075	1924	927200000	284
2016.12.27	00:00:00	1.26179	1.26319	1.25835	1.26008	58441	780820000	51
2016.12.27	01:00:00	1.26062	1.26144	1.25985	1.26020	4315	2317400000	31
2016.12.27	02:00:00	1.26018	1.26180	1.26016	1.26137	8685	4796664000	42
2016.12.27	03:00:00	1.26135	1.26238	1.26097	1.26209	10680	6340075000	39
2016.12.27	04:00:00	1.26210	1.26255	1.26154	1.26170	4678	2397284000	43
2016.12.27	05:00:00	1.26170	1.26219	1.26141	1.26187	3587	1794400000	44
2016.12.27	06:00:00	1.26188	1.26214	1.26134	1.26203	4408	2206063000	38
2016.12.27	07:00:00	1.26202	1.26229	1.26170	1.26204	2032	1081058000	44
2016.12.27	08:00:00	1.26206	1.26214	1.26130	1.26167	2900	1753232000	43
2016.12.27	09:00:00	1.26167	1.26334	1.26111	1.26269	3991	2088171000	36
2016.12.27	10:00:00	1.26264	1.26312	1.26170	1.26258	4657	2433339000	38
2016.12.27	11:00:00	1.26258	1.26261	1.26113	1.26156	4947	2727533000	33
2016.12.27	12:00:00	1.26157	1.26221	1.26031	1.26059	4344	2487543000	33
2016.12.27	13:00:00	1.26061	1.26131	1.26000	1.26022	4072	2334162000	33
2016.12.27	14:00:00	1.26022	1.26088	1.25926	1.26066	4472	2569341000	37
2016.12.27	15:00:00	1.26066	1.26101	1.26014	1.26066	3430	2293132000	33
2016.12.27	16:00:00	1.26066	1.26231	1.26001	1.26170	4130	3399419000	33
2016.12.27	17:00:00	1.26173	1.26181	1.26007	1.26029	4586	3262544000	33
2016.12.27	18:00:00	1.26032	1.26073	1.25921	1.26062	3165	2606185000	33
2016.12.27	19:00:00	1.26062	1.26137	1.26000	1.26118	2159	2026771000	34
2016.12.27	20:00:00	1.26118	1.26234	1.26107	1.26228	2399	1758512000	37
2016.12.27	21:00:00	1.26228	1.26228	1.26109	1.26110	2292	2072208000	33
2016.12.27	22:00:00	1.26109	1.26197	1.26104	1.26131	2373	1799852000	40
2016.12.27	23:00:00	1.26133	1.26137	1.26067	1.26093	1832	893577000	39
2016.12.28	00:00:00	1.26122	1.26279	1.25578	1.26062	79140	1478800000	0
2016.12.28	01:00:00	1.26055	1.26168	1.26055	1.26123	3148	2825003000	40
2016.12.28	02:00:00	1.26125	1.26272	1.26104	1.26231	4029	2842369000	37
2016.12.28	03:00:00	1.26237	1.26259	1.26134	1.26169	4345	3638900000	39
2016.12.28	04:00:00	1.26170	1.26252	1.26149	1.26250	3003	2018411000	40
2016.12.28	05:00:00	1.26252	1.26291	1.26214	1.26246	2576	2070360000	36
2016.12.28	06:00:00	1.26243	1.26276	1.26204	1.26241	2590	1626252000	40
2016.12.28	07:00:00	1.26241	1.26264	1.26182	1.26195	3094	2582630000	36
2016.12.28	08:00:00	1.26194	1.26277	1.26136	1.26224	2961	1670529000	41
2016.12.28	09:00:00	1.26222	1.26250	1.26108	1.26157	4584	2966392000	33
2016.12.28	10:00:00	1.26157	1.26220	1.25939	1.26088	6527	4449911000	33
2016.12.28	11:00:00	1.26087	1.26153	1.25853	1.25981	5951	3570840000	33
2016.12.28	12:00:00	1.25981	1.25981	1.25634	1.25755	5066	3091943000	33
2016.12.28	13:00:00	1.25752	1.26063	1.25668	1.25960	7386	4788222000	33
2016.12.28	14:00:00	1.25959	1.26086	1.25768	1.25784	7651	5192348000	33
2016.12.28	15:00:00	1.25789	1.25896	1.25593	1.25715	7094	4897691000	33
2016.12.28	16:00:00	1.25716	1.25911	1.25704	1.25728	6964	4513365000	33
2016.12.28	17:00:00	1.25730	1.26068	1.25725	1.25958	7904	5254372000	33
2016.12.28	18:00:00	1.25957	1.26101	1.25905	1.26021	5992	3801580000	33
2016.12.28	19:00:00	1.26021	1.26089	1.25961	1.26046	3920	2895719000	33
2016.12.28	20:00:00	1.26049	1.26055	1.25680	1.25681	5197	3319524000	33
2016.12.28	21:00:00	1.25682	1.25760	1.25607	1.25646	5271	4417764000	33
2016.12.28	22:00:00	1.25646	1.25758	1.25603	1.25692	5119	2805237000	40
2016.12.28	23:00:00	1.25690	1.25730	1.25531	1.25531	2225	880089000	41
2016.12.29	00:00:00	1.25691	1.25832	1.24855	1.25598	92826	2687259000	0
2016.12.29	01:00:00	1.25593	1.25846	1.25545	1.25654	6646	4287302000	38
2016.12.29	02:00:00	1.25654	1.25700	1.25596	1.25640	5260	3297632000	36
2016.12.29	03:00:00	1.25640	1.25723	1.25566	1.25665	6092	3820912000	36
2016.12.29	04:00:00	1.25666	1.25743	1.25633	1.25702	4593	3486513000	40
2016.12.29	05:00:00	1.25705	1.25799	1.25671	1.25691	5493	3305967000	39
2016.12.29	06:00:00	1.25693	1.25712	1.25600	1.25629	6340	4700780000	36
2016.12.29	07:00:00	1.25629	1.25656	1.25577	1.25588	3773	2487987000	38
2016.12.29	08:00:00	1.25591	1.25635	1.25543	1.25621	3092	2143214000	37
2016.12.29	09:00:00	1.25624	1.25748	1.25565	1.25674	7238	4896791000	33
2016.12.29	10:00:00	1.25673	1.25775	1.25583	1.25735	8122	6291233000	33
2016.12.29	11:00:00	1.25736	1.25832	1.25375	1.25463	9091	5755813000	33
2016.12.29	12:00:00	1.25461	1.25519	1.25299	1.25498	7593	5402564000	33
2016.12.29	13:00:00	1.25497	1.25556	1.25420	1.25476	6199	4118135000	33
2016.12.29	14:00:00	1.25475	1.25599	1.25425	1.25526	5766	4776346000	33
2016.12.29	15:00:00	1.25527	1.25588	1.25272	1.25344	7658	5560109000	33
2016.12.29	16:00:00	1.25345	1.25472	1.25252	1.25363	7227	5596039000	33
2016.12.29	17:00:00	1.25369	1.25413	1.25091	1.25137	8071	5499733000	33
2016.12.29	18:00:00	1.25136	1.25278	1.25065	1.25170	8391	5125583000	33
2016.12.29	19:00:00	1.25171	1.25264	1.25080	1.25180	3865	2544678000	33
2016.12.29	20:00:00	1.25180	1.25218	1.24869	1.25136	4535	2907345000	33
2016.12.29	21:00:00	1.25133	1.25465	1.25108	1.25441	3788	2314086000	33
2016.12.29	22:00:00	1.25442	1.25603	1.25392	1.25594	4079	2507401000	33
2016.12.29	23:00:00	1.25595	1.25606	1.25378	1.25409	2596	1294603000	39
2016.12.30	00:00:00	1.25337	1.25916	1.23651	1.25320	117848	1853867000	0
2016.12.30	01:00:00	1.25314	1.25365	1.23413	1.24917	13269	8083132000	33
2016.12.30	02:00:00	1.24917	1.25175	1.24781	1.25101	8100	6176486000	36
2016.12.30	03:00:00	1.25097	1.25281	1.25081	1.25236	7342	4795915000	33
2016.12.30	04:00:00	1.25236	1.25334	1.25196	1.25268	5265	2730514000	33
2016.12.30	05:00:00	1.25268	1.25432	1.25251	1.25389	6374	3836394000	41
2016.12.30	06:00:00	1.25389	1.25427	1.25259	1.25292	5104	2845697000	34
2016.12.30	07:00:00	1.25294	1.25297	1.25241	1.25266	4797	2734957000	33
2016.12.30	08:00:00	1.25265	1.25276	1.25118	1.25231	4436	2383302000	36
2016.12.30	09:00:00	1.25231	1.25542	1.25073	1.25541	6368	4492087000	33
2016.12.30	10:00:00	1.25540	1.25585	1.25238	1.25306	9643	7784821000	33
2016.12.30	11:00:00	1.25308	1.25331	1.24842	1.24921	11831	8784456000	33
2016.12.30	12:00:00	1.24921	1.25420	1.24842	1.25300	10678	7913661000	33
2016.12.30	13:00:00	1.25300	1.25326	1.25105	1.25195	7661	5615638000	33
2016.12.30	14:00:00	1.25197	1.25660	1.25168	1.25523	9010	7377399000	33
2016.12.30	15:00:00	1.25522	1.25634	1.25312	1.25539	9125	6507143000	33
2016.12.30	16:00:00	1.25539	1.25903	1.25503	1.25888	12107	7841278000	33
2016.12.30	17:00:00	1.25890	1.25930	1.25326	1.25587	12277	7955086000	33
2016.12.30	18:00:00	1.25589	1.25634	1.25187	1.25328	10546	7118602000	33
2016.12.30	19:00:00	1.25328	1.25612	1.25319	1.25549	8088	6574475000	33
2016.12.30	20:00:00	1.25555	1.25625	1.25425	1.25562	7574	5150827000	33
2016.12.30	21:00:00	1.25562	1.25589	1.25358	1.25451	7432	6393647000	33
2016.12.30	22:00:00	1.25440	1.25559	1.25392	1.25468	5438	4679183000	37
2016.12.30	23:00:00	1.25471	1.25629	1.25378	1.25558	2271	1904267000	37
2017.01.02	00:00:00	1.25860	1.26123	1.24772	1.25538	41846	830100000	0
2017.01.02	01:00:00	1.25629	1.25701	1.24929	1.25701	419	578050000	161
2017.01.02	02:00:00	1.25701	1.25902	1.24989	1.25518	466	725650000	204
2017.01.02	03:00:00	1.25518	1.25935	1.25159	1.25935	511	724550000	37
2017.01.02	04:00:00	1.25780	1.26002	1.25323	1.25901	427	531480000	140
2017.01.02	05:00:00	1.25901	1.25919	1.25276	1.25806	408	448800000	123
2017.01.02	06:00:00	1.25806	1.25928	1.25121	1.25828	485	572650000	92
2017.01.02	07:00:00	1.25803	1.25857	1.25068	1.25776	506	599200000	26
2017.01.02	08:00:00	1.25760	1.25894	1.25656	1.25792	453	530700000	51
2017.01.02	09:00:00	1.25790	1.25879	1.25488	1.25815	3962	4721946000	42
2017.01.02	10:00:00	1.25814	1.26019	1.25536	1.25983	5122	4866148000	33
2017.01.02	11:00:00	1.25987	1.26109	1.25805	1.25916	7342	5649173000	33
2017.01.02	12:00:00	1.25915	1.26032	1.25679	1.25777	8691	7367881000	33
2017.01.02	13:00:00	1.25778	1.25882	1.25636	1.25739	3511	2339240000	33
2017.01.02	14:00:00	1.25738	1.25832	1.25705	1.25773	5258	4486590000	33
2017.01.02	15:00:00	1.25782	1.25824	1.25676	1.25725	3574	3124458000	46
2017.01.02	16:00:00	1.25712	1.25831	1.25643	1.25653	5056	5933683000	39
2017.01.02	17:00:00	1.25635	1.25805	1.25604	1.25752	4644	4794089000	38
2017.01.02	18:00:00	1.25759	1.25799	1.25560	1.25783	4286	4738035000	63
2017.01.02	19:00:00	1.25752	1.25797	1.25521	1.25661	1879	2208229000	55
2017.01.02	20:00:00	1.25663	1.25751	1.25617	1.25668	4782	3732044000	71
2017.01.02	21:00:00	1.25636	1.25738	1.25543	1.25723	3267	3244552000	69
2017.01.02	22:00:00	1.25723	1.25726	1.25561	1.25697	3500	2316962000	89
2017.01.02	23:00:00	1.25697	1.25724	1.25394	1.25394	3579	2874790000	78
2017.01.03	00:00:00	1.25625	1.26585	1.25229	1.25623	101743	413608000	133
2017.01.03	01:00:00	1.25632	1.25846	1.25622	1.25758	5351	2373429000	37
2017.01.03	02:00:00	1.25762	1.25778	1.25635	1.25684	3595	1723879000	43
2017.01.03	03:00:00	1.25683	1.25713	1.25619	1.25657	4192	2138411000	43
2017.01.03	04:00:00	1.25657	1.25731	1.25636	1.25703	2843	1310387000	39
2017.01.03	05:00:00	1.25702	1.25702	1.25635	1.25664	2711	1341870000	41
2017.01.03	06:00:00	1.25664	1.25714	1.25629	1.25640	4214	2378944000	40
2017.01.03	07:00:00	1.25641	1.25667	1.25584	1.25650	2790	1389785000	40
2017.01.03	08:00:00	1.25651	1.25734	1.25602	1.25717	2764	1315004000	40
2017.01.03	09:00:00	1.25717	1.25965	1.25670	1.25803	7143	3975837000	33
2017.01.03	10:00:00	1.25808	1.26025	1.25574	1.25618	10543	5786722000	33
2017.01.03	11:00:00	1.25624	1.26374	1.25619	1.26334	11813	6626112000	33
2017.01.03	12:00:00	1.26333	1.26406	1.26152	1.26338	8748	4625264000	33
2017.01.03	13:00:00	1.26341	1.26537	1.26222	1.26455	8417	4523433000	34
2017.01.03	14:00:00	1.26455	1.26570	1.26383	1.26415	9022	5221640000	33
2017.01.03	15:00:00	1.26419	1.26604	1.26263	1.26358	8469	6352429000	33
2017.01.03	16:00:00	1.26359	1.26391	1.25977	1.26109	10026	7200657000	33
2017.01.03	17:00:00	1.26107	1.26235	1.25827	1.25883	17379	13272132000	33
2017.01.03	18:00:00	1.25886	1.26028	1.25661	1.25799	15398	11207704000	33
2017.01.03	19:00:00	1.25800	1.25846	1.25674	1.25684	5578	4938044000	33
2017.01.03	20:00:00	1.25681	1.25777	1.25518	1.25703	5922	4643116000	33
2017.01.03	21:00:00	1.25703	1.25776	1.25640	1.25668	4703	4003206000	33
2017.01.03	22:00:00	1.25669	1.25788	1.25602	1.25713	5383	2795277000	33
2017.01.03	23:00:00	1.25712	1.25748	1.25659	1.25702	3293	1462074000	33
2017.01.04	00:00:00	1.25684	1.26137	1.25489	1.25633	115278	847239000	59
2017.01.04	01:00:00	1.25633	1.25666	1.25530	1.25621	4748	3160538000	43
2017.01.04	02:00:00	1.25627	1.25776	1.25622	1.25772	5015	2823782000	38
2017.01.04	03:00:00	1.25772	1.25826	1.25684	1.25822	6202	3717161000	39
2017.01.04	04:00:00	1.25822	1.25822	1.25709	1.25772	5067	3667060000	36
2017.01.04	05:00:00	1.25774	1.25828	1.25748	1.25786	3128	2004318000	34
2017.01.04	06:00:00	1.25787	1.25840	1.25771	1.25837	2665	2055215000	38
2017.01.04	07:00:00	1.25838	1.25866	1.25811	1.25832	2124	1673342000	34
2017.01.04	08:00:00	1.25834	1.25923	1.25826	1.25881	4100	2706767000	37
2017.01.04	09:00:00	1.25879	1.26122	1.25874	1.26037	6589	4661898000	33
2017.01.04	10:00:00	1.26037	1.26069	1.25773	1.25777	10381	7715901000	33
2017.01.04	11:00:00	1.25779	1.25949	1.25678	1.25924	10547	8371771000	33
2017.01.04	12:00:00	1.25924	1.25986	1.25662	1.25799	9800	8041355000	33
2017.01.04	13:00:00	1.25801	1.26109	1.25719	1.26106	9725	7283990000	33
2017.01.04	14:00:00	1.26102	1.26134	1.25852	1.25960	9925	7921182000	33
2017.01.04	15:00:00	1.25956	1.26080	1.25886	1.26074	9926	8535198000	33
2017.01.04	16:00:00	1.26077	1.26153	1.25849	1.25908	12833	9805642000	33
2017.01.04	17:00:00	1.25908	1.25948	1.25673	1.25804	12924	9836255000	33
2017.01.04	18:00:00	1.25807	1.25899	1.25635	1.25745	10015	6817321000	33
2017.01.04	19:00:00	1.25747	1.25977	1.25724	1.25938	5675	4146534000	33
2017.01.04	20:00:00	1.25938	1.26029	1.25857	1.25981	3589	2461487000	33
2017.01.04	21:00:00	1.25985	1.26040	1.25857	1.25974	12015	8147253000	33
2017.01.04	22:00:00	1.25977	1.25978	1.25766	1.25835	6678	4639929000	33
2017.01.04	23:00:00	1.25835	1.25852	1.25636	1.25639	3444	1890625000	35
2017.01.05	00:00:00	1.25843	1.25924	1.24860	1.25717	146662	1921416000	105
2017.01.05	01:00:00	1.25730	1.25837	1.25694	1.25723	3273	1617274000	44
2017.01.05	02:00:00	1.25724	1.25733	1.25380	1.25623	9427	4889169000	41
2017.01.05	03:00:00	1.25619	1.25752	1.25581	1.25628	7589	3933082000	39
2017.01.05	04:00:00	1.25629	1.25685	1.25570	1.25602	6215	3615783000	41
2017.01.05	05:00:00	1.25600	1.25619	1.25497	1.25510	4565	2892605000	38
2017.01.05	06:00:00	1.25509	1.25627	1.25477	1.25607	3456	1840843000	40
2017.01.05	07:00:00	1.25606	1.25629	1.25383	1.25532	7596	4770429000	40
2017.01.05	08:00:00	1.25529	1.25598	1.25428	1.25535	7762	4575237000	35
2017.01.05	09:00:00	1.25530	1.25619	1.25201	1.25212	10845	6479934000	33
2017.01.05	10:00:00	1.25209	1.25373	1.25043	1.25157	14052	8337917000	33
2017.01.05	11:00:00	1.25158	1.25577	1.25130	1.25381	12193	6732081000	34
2017.01.05	12:00:00	1.25381	1.25518	1.25229	1.25492	10469	6078186000	33
2017.01.05	13:00:00	1.25492	1.25742	1.25480	1.25585	10157	6994851000	33
2017.01.05	14:00:00	1.25587	1.25671	1.25282	1.25286	10390	6893689000	33
2017.01.05	15:00:00	1.25288	1.25378	1.24966	1.25310	15772	9735611000	33
2017.01.05	16:00:00	1.25312	1.25336	1.24873	1.25054	14013	7631867000	36
2017.01.05	17:00:00	1.25042	1.25481	1.24992	1.25454	19000	10826037000	33
2017.01.05	18:00:00	1.25454	1.25657	1.25289	1.25434	16257	9219725000	33
2017.01.05	19:00:00	1.25435	1.25527	1.25307	1.25453	7753	5282529000	33
2017.01.05	20:00:00	1.25453	1.25573	1.25411	1.25537	6220	4153415000	33
2017.01.05	21:00:00	1.25536	1.25637	1.25397	1.25411	6361	3793080000	35
2017.01.05	22:00:00	1.25414	1.25448	1.25355	1.25400	5470	3333919000	38
2017.01.05	23:00:00	1.25401	1.25403	1.25312	1.25312	2580	1352451000	38
2017.01.06	00:00:00	1.25366	1.25509	1.24719	1.25312	121834	1034963000	45
2017.01.06	01:00:00	1.25309	1.25475	1.25287	1.25416	6736	3568478000	44
2017.01.06	02:00:00	1.25417	1.25470	1.25295	1.25410	7886	3606748000	44
2017.01.06	03:00:00	1.25410	1.25425	1.25271	1.25281	8097	3791568000	43
2017.01.06	04:00:00	1.25280	1.25354	1.25264	1.25288	4912	2679996000	40
2017.01.06	05:00:00	1.25289	1.25299	1.25209	1.25247	4041	2499032000	43
2017.01.06	06:00:00	1.25245	1.25301	1.25178	1.25241	4027	2865319000	43
2017.01.06	07:00:00	1.25242	1.25285	1.25201	1.25238	4383	2841755000	41
2017.01.06	08:00:00	1.25238	1.25285	1.25219	1.25235	4405	2694403000	42
2017.01.06	09:00:00	1.25235	1.25302	1.25154	1.25282	6439	3528963000	38
2017.01.06	10:00:00	1.25284	1.25364	1.25210	1.25331	7497	4522051000	35
2017.01.06	11:00:00	1.25331	1.25380	1.25062	1.25163	8781	5231891000	33
2017.01.06	12:00:00	1.25165	1.25260	1.25073	1.25103	8286	5062833000	36
2017.01.06	13:00:00	1.25103	1.25210	1.24960	1.25091	7537	4635985000	33
2017.01.06	14:00:00	1.25092	1.25222	1.24956	1.25222	7923	4883874000	33
2017.01.06	15:00:00	1.25221	1.25431	1.24938	1.25311	19316	11074586000	33
2017.01.06	16:00:00	1.25312	1.25375	1.24971	1.25036	15747	7909522000	33
2017.01.06	17:00:00	1.25034	1.25097	1.24781	1.24873	13804	9514415000	33
2017.01.06	18:00:00	1.24873	1.24997	1.24818	1.24982	11658	8877995000	33
2017.01.06	19:00:00	1.24982	1.25059	1.24820	1.24963	7621	4871828000	33
2017.01.06	20:00:00	1.24962	1.24965	1.24746	1.24807	5786	3837499000	33
2017.01.06	21:00:00	1.24810	1.25001	1.24735	1.24998	5742	3530196000	35
2017.01.06	22:00:00	1.24995	1.25022	1.24847	1.24933	4497	2779515000	33
2017.01.06	23:00:00	1.24931	1.25089	1.24924	1.24958	2420	954924000	41
2017.01.09	00:00:00	1.24592	1.24796	1.23316	1.24617	112780	509232000	0
2017.01.09	01:00:00	1.24620	1.24806	1.24606	1.24699	3592	1821857000	40
2017.01.09	02:00:00	1.24699	1.24765	1.24665	1.24705	4570	2618847000	41
2017.01.09	03:00:00	1.24703	1.24740	1.24659	1.24705	5313	3058497000	38
2017.01.09	04:00:00	1.24705	1.24753	1.24634	1.24643	3256	2393790000	41
2017.01.09	05:00:00	1.24643	1.24657	1.24585	1.24614	3319	1851318000	40
2017.01.09	06:00:00	1.24613	1.24655	1.24495	1.24503	3595	1990231000	43
2017.01.09	07:00:00	1.24504	1.24512	1.24112	1.24127	5917	2857245000	33
2017.01.09	08:00:00	1.24128	1.24225	1.23976	1.23976	4841	2438284000	38
2017.01.09	09:00:00	1.23978	1.24082	1.23844	1.24026	8743	6066215000	33
2017.01.09	10:00:00	1.24026	1.24076	1.23793	1.23855	10400	7808311000	33
2017.01.09	11:00:00	1.23856	1.23951	1.23517	1.23628	11381	6228465000	33
2017.01.09	12:00:00	1.23627	1.23959	1.23441	1.23902	9824	5770010000	33
2017.01.09	13:00:00	1.23901	1.24037	1.23790	1.23846	10551	5975751000	33
2017.01.09	14:00:00	1.23846	1.23927	1.23710	1.23740	8958	5015317000	33
2017.01.09	15:00:00	1.23741	1.23792	1.23499	1.23509	11553	6306226000	33
2017.01.09	16:00:00	1.23509	1.23660	1.23412	1.23514	12279	6502856000	33
2017.01.09	17:00:00	1.23515	1.23684	1.23419	1.23455	11221	6590515000	33
2017.01.09	18:00:00	1.23457	1.23662	1.23407	1.23439	11781	7151784000	33
2017.01.09	19:00:00	1.23438	1.23579	1.23335	1.23513	6964	5449951000	33
2017.01.09	20:00:00	1.23514	1.23564	1.23407	1.23531	4980	4155441000	33
2017.01.09	21:00:00	1.23536	1.23539	1.23333	1.23368	4119	3216999000	33
2017.01.09	22:00:00	1.23369	1.23503	1.23353	1.23422	6069	3680577000	33
2017.01.09	23:00:00	1.23426	1.23473	1.23352	1.23365	2611	1073900000	37
2017.01.10	00:00:00	1.23423	1.23814	1.22563	1.23399	125353	794696000	0
2017.01.10	01:00:00	1.23395	1.23436	1.23342	1.23424	4709	2595150000	41
2017.01.10	02:00:00	1.23423	1.23441	1.23084	1.23209	6330	3013133000	39
2017.01.10	03:00:00	1.23209	1.23226	1.23130	1.23176	5986	2866145000	41
2017.01.10	04:00:00	1.23176	1.23309	1.23139	1.23145	8417	4515283000	39
2017.01.10	05:00:00	1.23146	1.23223	1.23049	1.23089	8111	4846167000	40
2017.01.10	06:00:00	1.23091	1.23118	1.22940	1.22997	5768	3513306000	40
2017.01.10	07:00:00	1.22995	1.23088	1.22918	1.23009	5492	3724572000	39
2017.01.10	08:00:00	1.23010	1.23107	1.22949	1.23061	6387	3923184000	39
2017.01.10	09:00:00	1.23062	1.23127	1.22963	1.22997	9272	5126824000	33
2017.01.10	10:00:00	1.22999	1.23096	1.22575	1.22671	12849	7026523000	33
2017.01.10	11:00:00	1.22672	1.23095	1.22624	1.23047	10049	6088484000	34
2017.01.10	12:00:00	1.23046	1.23175	1.22981	1.23151	9384	5328788000	36
2017.01.10	13:00:00	1.23150	1.23207	1.22999	1.23115	7787	4608971000	34
2017.01.10	14:00:00	1.23117	1.23466	1.23072	1.23361	9838	6697649000	35
2017.01.10	15:00:00	1.23362	1.23615	1.23312	1.23531	9481	6295942000	33
2017.01.10	16:00:00	1.23530	1.23597	1.23202	1.23214	11785	7290253000	36
2017.01.10	17:00:00	1.23213	1.23482	1.23148	1.23474	12665	7688255000	33
2017.01.10	18:00:00	1.23474	1.23597	1.23353	1.23543	11929	8202278000	33
2017.01.10	19:00:00	1.23543	1.23722	1.23524	1.23588	7296	4642370000	34
2017.01.10	20:00:00	1.23590	1.23710	1.23534	1.23647	5370	3513084000	34
2017.01.10	21:00:00	1.23646	1.23659	1.23573	1.23659	4505	2780625000	33
2017.01.10	22:00:00	1.23663	1.23681	1.23607	1.23641	3192	1850601000	35
2017.01.10	23:00:00	1.23641	1.23826	1.23611	1.23772	2576	1209529000	37
2017.01.11	00:00:00	1.23792	1.24013	1.23229	1.23700	146981	403595000	41
2017.01.11	01:00:00	1.23701	1.23783	1.23701	1.23774	2091	867097000	39
2017.01.11	02:00:00	1.23774	1.23944	1.23774	1.23799	5494	2712220000	42
2017.01.11	03:00:00	1.23800	1.23869	1.23749	1.23772	5463	3000587000	42
2017.01.11	04:00:00	1.23773	1.23847	1.23749	1.23774	4449	2331858000	41
2017.01.11	05:00:00	1.23771	1.23871	1.23763	1.23809	4714	2483469000	40
2017.01.11	06:00:00	1.23811	1.23880	1.23659	1.23661	4458	2530157000	38
2017.01.11	07:00:00	1.23662	1.23726	1.23613	1.23657	3957	2289387000	42
2017.01.11	08:00:00	1.23656	1.23721	1.23509	1.23538	4531	2428037000	41
2017.01.11	09:00:00	1.23539	1.23681	1.23450	1.23520	6469	3950736000	35
2017.01.11	10:00:00	1.23516	1.23660	1.23462	1.23545	8204	4749351000	33
2017.01.11	11:00:00	1.23544	1.23756	1.23359	1.23452	10025	5860805000	33
2017.01.11	12:00:00	1.23453	1.23730	1.23186	1.23693	8715	5568113000	33
2017.01.11	13:00:00	1.23696	1.23900	1.23673	1.23715	7739	5070900000	35
2017.01.11	14:00:00	1.23716	1.23847	1.23566	1.23669	9005	5228886000	33
2017.01.11	15:00:00	1.23671	1.23758	1.23527	1.23731	9944	5856725000	33
2017.01.11	16:00:00	1.23730	1.23910	1.23659	1.23792	11977	6904139000	33
2017.01.11	17:00:00	1.23790	1.23946	1.23342	1.23465	16148	9764217000	33
2017.01.11	18:00:00	1.23466	1.23712	1.23379	1.23608	22464	13406810000	33
2017.01.11	19:00:00	1.23608	1.23845	1.23432	1.23499	19601	11796857000	33
2017.01.11	20:00:00	1.23496	1.24016	1.23370	1.23775	19554	11631685000	33
2017.01.11	21:00:00	1.23776	1.23939	1.23754	1.23869	11260	6224780000	33
2017.01.11	22:00:00	1.23868	1.23893	1.23798	1.23839	6473	3492221000	34
2017.01.11	23:00:00	1.23839	1.23886	1.23702	1.23812	3746	1849771000	39
2017.01.12	00:00:00	1.23813	1.23930	1.22701	1.23723	148903	447614000	0
2017.01.12	01:00:00	1.23721	1.23765	1.23611	1.23696	4034	2378698000	45
2017.01.12	02:00:00	1.23695	1.23700	1.23496	1.23526	9000	4688237000	42
2017.01.12	03:00:00	1.23526	1.23547	1.23341	1.23381	9132	5705739000	42
2017.01.12	04:00:00	1.23379	1.23504	1.23320	1.23462	8115	4448562000	38
2017.01.12	05:00:00	1.23459	1.23590	1.23459	1.23528	6083	3233061000	41
2017.01.12	06:00:00	1.23528	1.23644	1.23518	1.23599	6025	3415088000	38
2017.01.12	07:00:00	1.23599	1.23649	1.23562	1.23575	5198	3099827000	40
2017.01.12	08:00:00	1.23577	1.23732	1.23570	1.23654	8477	4897800000	38
2017.01.12	09:00:00	1.23655	1.23817	1.23576	1.23785	10898	6669240000	33
2017.01.12	10:00:00	1.23792	1.23945	1.23636	1.23803	14338	8238150000	33
2017.01.12	11:00:00	1.23804	1.23880	1.23510	1.23544	11024	5812460000	33
2017.01.12	12:00:00	1.23545	1.23884	1.23488	1.23664	9225	5010867000	35
2017.01.12	13:00:00	1.23664	1.23778	1.23591	1.23670	7851	3952207000	37
2017.01.12	14:00:00	1.23671	1.23836	1.23578	1.23679	10328	5507464000	38
2017.01.12	15:00:00	1.23680	1.23829	1.23592	1.23649	11835	5949128000	35
2017.01.12	16:00:00	1.23648	1.23752	1.23589	1.23678	12621	5299368000	36
2017.01.12	17:00:00	1.23677	1.23690	1.23024	1.23153	15933	6979518000	33
2017.01.12	18:00:00	1.23150	1.23274	1.22855	1.22898	15159	8137149000	33
2017.01.12	19:00:00	1.22896	1.22986	1.22815	1.22868	8798	5860118000	35
2017.01.12	20:00:00	1.22870	1.22918	1.22714	1.22800	9860	5476759000	33
2017.01.12	21:00:00	1.22801	1.22897	1.22719	1.22879	8643	4114701000	36
2017.01.12	22:00:00	1.22875	1.22972	1.22824	1.22931	7721	3418624000	34
2017.01.12	23:00:00	1.22931	1.22964	1.22838	1.22838	2151	676393000	40
2017.01.13	00:00:00	1.22913	1.23368	1.22335	1.22820	125063	461589000	59
2017.01.13	01:00:00	1.22807	1.22901	1.22802	1.22901	5708	2634053000	40
2017.01.13	02:00:00	1.22903	1.22912	1.22717	1.22855	6504	3366721000	43
2017.01.13	03:00:00	1.22856	1.22974	1.22849	1.22903	5882	3057547000	37
2017.01.13	04:00:00	1.22903	1.22942	1.22849	1.22884	6206	3452282000	41
2017.01.13	05:00:00	1.22884	1.22899	1.22822	1.22875	4909	2924185000	42
2017.01.13	06:00:00	1.22876	1.22920	1.22821	1.22874	3366	1879083000	42
2017.01.13	07:00:00	1.22874	1.22903	1.22772	1.22773	2419	1304561000	41
2017.01.13	08:00:00	1.22775	1.22801	1.22637	1.22658	6093	3393147000	40
2017.01.13	09:00:00	1.22658	1.22794	1.22592	1.22734	8725	4926345000	39
2017.01.13	10:00:00	1.22735	1.22963	1.22670	1.22900	9916	5159609000	33
2017.01.13	11:00:00	1.22900	1.23067	1.22722	1.23036	7824	4657613000	37
2017.01.13	12:00:00	1.23038	1.23174	1.22977	1.23174	7689	4467177000	35
2017.01.13	13:00:00	1.23178	1.23265	1.22785	1.22819	6891	3885332000	36
2017.01.13	14:00:00	1.22819	1.22819	1.22453	1.22632	7949	5248951000	33
2017.01.13	15:00:00	1.22629	1.22636	1.22340	1.22527	14550	10196348000	33
2017.01.13	16:00:00	1.22525	1.22757	1.22421	1.22694	16476	9806201000	33
2017.01.13	17:00:00	1.22693	1.23020	1.22589	1.23018	14519	8903648000	33
2017.01.13	18:00:00	1.23018	1.23381	1.22906	1.23160	12881	8813686000	33
2017.01.13	19:00:00	1.23160	1.23166	1.22986	1.23075	7989	4917722000	34
2017.01.13	20:00:00	1.23075	1.23118	1.22968	1.23047	5981	3806266000	33
2017.01.13	21:00:00	1.23047	1.23066	1.22832	1.22958	5819	3416987000	33
2017.01.13	22:00:00	1.22958	1.22979	1.22869	1.22969	4512	2486877000	33
2017.01.13	23:00:00	1.22971	1.23065	1.22924	1.22975	2245	1358290000	27
2017.01.16	00:00:00	1.21205	1.22374	1.21021	1.21672	106371	1894169000	0
2017.01.16	01:00:00	1.21672	1.21734	1.21426	1.21547	4633	2349202000	42
2017.01.16	02:00:00	1.21549	1.21675	1.21492	1.21649	5152	2533357000	41
2017.01.16	03:00:00	1.21650	1.21698	1.21502	1.21568	4931	2571128000	40
2017.01.16	04:00:00	1.21567	1.21569	1.21373	1.21476	6619	3446020000	36
2017.01.16	05:00:00	1.21473	1.21618	1.21401	1.21595	4687	2389560000	44
2017.01.16	06:00:00	1.21596	1.21718	1.21580	1.21597	4524	2362385000	40
2017.01.16	07:00:00	1.21596	1.21647	1.21463	1.21521	5926	3233258000	40
2017.01.16	08:00:00	1.21520	1.21575	1.21380	1.21500	6007	3335314000	40
2017.01.16	09:00:00	1.21502	1.21649	1.21094	1.21601	11161	5507966000	33
2017.01.16	10:00:00	1.21593	1.22193	1.21520	1.21952	13780	6718359000	33
2017.01.16	11:00:00	1.21952	1.22384	1.21880	1.22118	11731	6034612000	33
2017.01.16	12:00:00	1.22119	1.22144	1.21899	1.22086	9471	5125149000	35
2017.01.16	13:00:00	1.22086	1.22204	1.21884	1.22034	9503	5318957000	35
2017.01.16	14:00:00	1.22036	1.22048	1.21830	1.21987	8304	4521008000	35
2017.01.16	15:00:00	1.21983	1.22015	1.21767	1.21957	7687	4154810000	33
2017.01.16	16:00:00	1.21960	1.22124	1.21887	1.21988	8038	4621360000	38
2017.01.16	17:00:00	1.21989	1.22028	1.21772	1.21943	8026	5251396000	33
2017.01.16	18:00:00	1.21941	1.22003	1.21809	1.21815	7404	5386269000	33
2017.01.16	19:00:00	1.21813	1.22033	1.21756	1.22000	3909	3665764000	33
2017.01.16	20:00:00	1.22002	1.22028	1.21840	1.21936	3355	1876260000	33
2017.01.16	21:00:00	1.21936	1.21991	1.21760	1.21788	4958	2439120000	47
2017.01.16	22:00:00	1.21793	1.21820	1.21720	1.21776	5683	2455032000	47
2017.01.16	23:00:00	1.21784	1.21860	1.21705	1.21762	9486	7632712000	53
2017.01.17	00:00:00	1.21858	1.24363	1.21444	1.21499	166522	1257169000	82
2017.01.17	01:00:00	1.21507	1.21748	1.21507	1.21721	3022	1650698000	43
2017.01.17	02:00:00	1.21720	1.21839	1.21681	1.21799	5353	2947360000	42
2017.01.17	03:00:00	1.21800	1.21866	1.21759	1.21781	4653	2698803000	43
2017.01.17	04:00:00	1.21782	1.21912	1.21733	1.21892	5228	3061980000	36
2017.01.17	05:00:00	1.21892	1.21942	1.21835	1.21897	4696	2949389000	41
2017.01.17	06:00:00	1.21898	1.21910	1.21752	1.21806	6631	4455410000	38
2017.01.17	07:00:00	1.21808	1.22016	1.21728	1.21913	7199	4817259000	36
2017.01.17	08:00:00	1.21912	1.22132	1.21896	1.22018	9259	5582598000	33
2017.01.17	09:00:00	1.22016	1.22207	1.21832	1.21952	10526	6157738000	33
2017.01.17	10:00:00	1.21952	1.22060	1.21790	1.21825	12878	7126494000	33
2017.01.17	11:00:00	1.21823	1.22384	1.21794	1.22102	13416	7622977000	33
2017.01.17	12:00:00	1.22102	1.22138	1.21760	1.22022	12331	7978308000	33
2017.01.17	13:00:00	1.22022	1.22499	1.21576	1.22146	16230	8895553000	33
2017.01.17	14:00:00	1.22147	1.23599	1.22147	1.23457	20945	8983187000	33
2017.01.17	15:00:00	1.23457	1.23592	1.23279	1.23479	18643	9324798000	33
2017.01.17	16:00:00	1.23478	1.23935	1.23375	1.23846	19003	12479192000	33
2017.01.17	17:00:00	1.23848	1.24214	1.23618	1.24160	16454	9791042000	33
2017.01.17	18:00:00	1.24159	1.24263	1.23895	1.24162	12957	7458027000	33
2017.01.17	19:00:00	1.24162	1.24225	1.23932	1.24118	8257	5306261000	33
2017.01.17	20:00:00	1.24118	1.24264	1.24082	1.24247	5218	3108525000	33
2017.01.17	21:00:00	1.24246	1.24375	1.24171	1.24205	8366	5023462000	33
2017.01.17	22:00:00	1.24206	1.24316	1.24186	1.24235	6172	3624540000	36
2017.01.17	23:00:00	1.24233	1.24359	1.24217	1.24248	3610	1839662000	39
2017.01.18	00:00:00	1.24317	1.24352	1.22917	1.24210	140889	1723485000	0
2017.01.18	01:00:00	1.24214	1.24293	1.24194	1.24228	3437	1870724000	43
2017.01.18	02:00:00	1.24227	1.24266	1.23973	1.24074	5945	3268959000	39
2017.01.18	03:00:00	1.24077	1.24104	1.23860	1.23882	7084	3995899000	40
2017.01.18	04:00:00	1.23881	1.23933	1.23657	1.23703	6396	3674675000	37
2017.01.18	05:00:00	1.23702	1.23777	1.23665	1.23768	5645	3469890000	43
2017.01.18	06:00:00	1.23767	1.23771	1.23673	1.23726	5041	3037504000	42
2017.01.18	07:00:00	1.23725	1.23881	1.23722	1.23849	5859	3482401000	38
2017.01.18	08:00:00	1.23852	1.23995	1.23807	1.23967	6725	3611209000	33
2017.01.18	09:00:00	1.23962	1.24033	1.23739	1.23782	8996	5288446000	33
2017.01.18	10:00:00	1.23782	1.23866	1.23299	1.23329	11727	6882260000	33
2017.01.18	11:00:00	1.23337	1.23655	1.23287	1.23389	10319	6398658000	33
2017.01.18	12:00:00	1.23392	1.23503	1.23234	1.23386	9888	6345875000	33
2017.01.18	13:00:00	1.23387	1.23505	1.22929	1.23018	8272	5051043000	33
2017.01.18	14:00:00	1.23017	1.23233	1.23004	1.23182	8779	5833417000	33
2017.01.18	15:00:00	1.23180	1.23393	1.23176	1.23226	12790	8019073000	33
2017.01.18	16:00:00	1.23226	1.23436	1.23213	1.23345	12386	9055947000	33
2017.01.18	17:00:00	1.23348	1.23663	1.23334	1.23605	13936	9014633000	33
2017.01.18	18:00:00	1.23604	1.23610	1.23400	1.23421	11607	6518158000	33
2017.01.18	19:00:00	1.23421	1.23541	1.23361	1.23475	8094	5202042000	33
2017.01.18	20:00:00	1.23474	1.23528	1.23317	1.23438	7252	4362908000	33
2017.01.18	21:00:00	1.23437	1.23478	1.23298	1.23332	5225	3114128000	33
2017.01.18	22:00:00	1.23336	1.23519	1.23328	1.23484	14657	7841247000	33
2017.01.18	23:00:00	1.23486	1.23534	1.23411	1.23414	4190	2157664000	35
2017.01.19	00:00:00	1.23359	1.24523	1.23261	1.23495	149458	857324000	0
2017.01.19	01:00:00	1.23497	1.23564	1.23456	1.23539	3084	1662341000	40
2017.01.19	02:00:00	1.23539	1.23564	1.23490	1.23500	5511	2992021000	41
2017.01.19	03:00:00	1.23500	1.23581	1.23492	1.23552	5760	3076512000	43
2017.01.19	04:00:00	1.23556	1.23690	1.23546	1.23665	5637	3090271000	40
2017.01.19	05:00:00	1.23667	1.23689	1.23595	1.23608	4553	2529791000	42
2017.01.19	06:00:00	1.23609	1.23625	1.23560	1.23587	2461	1303853000	42
2017.01.19	07:00:00	1.23587	1.23646	1.23587	1.23610	3605	2070373000	43
2017.01.19	08:00:00	1.23610	1.23689	1.23590	1.23684	4437	2666342000	38
2017.01.19	09:00:00	1.23685	1.23702	1.23458	1.23614	9668	5334426000	35
2017.01.19	10:00:00	1.23615	1.23944	1.23607	1.23841	11577	6396604000	33
2017.01.19	11:00:00	1.23841	1.23933	1.23711	1.23766	10726	6692073000	34
2017.01.19	12:00:00	1.23766	1.24100	1.23758	1.24091	9547	6931954000	34
2017.01.19	13:00:00	1.24091	1.24188	1.23916	1.23967	8349	6880863000	34
2017.01.19	14:00:00	1.23967	1.24116	1.23854	1.23879	9493	6341306000	33
2017.01.19	15:00:00	1.23879	1.24192	1.23871	1.24076	17108	9879075000	33
2017.01.19	16:00:00	1.24076	1.24543	1.24067	1.24424	19603	8668375000	33
2017.01.19	17:00:00	1.24424	1.24468	1.24234	1.24373	16989	8771718000	33
2017.01.19	18:00:00	1.24374	1.24422	1.24217	1.24323	14405	8414183000	33
2017.01.19	19:00:00	1.24323	1.24420	1.24113	1.24194	9844	5793258000	33
2017.01.19	20:00:00	1.24195	1.24299	1.24172	1.24255	8497	4958882000	33
2017.01.19	21:00:00	1.24255	1.24267	1.24142	1.24235	9160	5630467000	33
2017.01.19	22:00:00	1.24242	1.24258	1.24058	1.24080	7801	4233297000	33
2017.01.19	23:00:00	1.24080	1.24198	1.24071	1.24137	3121	1606558000	33
2017.01.20	00:00:00	1.24123	1.24262	1.23624	1.24075	146628	1236694000	0
2017.01.20	01:00:00	1.24066	1.24159	1.24028	1.24149	3694	1905900000	42
2017.01.20	02:00:00	1.24149	1.24188	1.24098	1.24118	4388	2326429000	41
2017.01.20	03:00:00	1.24118	1.24230	1.24081	1.24196	6955	3900439000	38
2017.01.20	04:00:00	1.24196	1.24205	1.24110	1.24164	4558	2858984000	41
2017.01.20	05:00:00	1.24167	1.24196	1.24118	1.24165	5293	3175277000	37
2017.01.20	06:00:00	1.24166	1.24173	1.24045	1.24086	3327	2014054000	41
2017.01.20	07:00:00	1.24087	1.24131	1.24043	1.24120	4640	3066936000	39
2017.01.20	08:00:00	1.24123	1.24198	1.24086	1.24146	5492	3346634000	38
2017.01.20	09:00:00	1.24144	1.24159	1.23964	1.23984	7988	4713452000	33
2017.01.20	10:00:00	1.23982	1.24206	1.23859	1.24138	10425	6058484000	33
2017.01.20	11:00:00	1.24146	1.24279	1.23686	1.23798	12667	6696680000	33
2017.01.20	12:00:00	1.23799	1.24064	1.23729	1.23849	9667	4939061000	35
2017.01.20	13:00:00	1.23847	1.23939	1.23638	1.23937	8836	5192615000	33
2017.01.20	14:00:00	1.23936	1.23966	1.23796	1.23882	7561	4595175000	33
2017.01.20	15:00:00	1.23881	1.23894	1.23697	1.23757	10320	6648679000	33
2017.01.20	16:00:00	1.23756	1.23980	1.23749	1.23950	11515	7325698000	33
2017.01.20	17:00:00	1.23949	1.24009	1.23841	1.23869	12860	9057536000	33
2017.01.20	18:00:00	1.23867	1.24050	1.23848	1.23872	11039	6180107000	33
2017.01.20	19:00:00	1.23876	1.24032	1.23853	1.23956	20450	12631152000	33
2017.01.20	20:00:00	1.23959	1.24039	1.23904	1.24033	9174	5181754000	33
2017.01.20	21:00:00	1.24033	1.24100	1.23944	1.23969	10646	5854263000	33
2017.01.20	22:00:00	1.23970	1.24021	1.23822	1.23869	8705	4781574000	33
2017.01.20	23:00:00	1.23869	1.23959	1.23830	1.23928	2718	1420668000	39
2017.01.23	00:00:00	1.23984	1.24918	1.23740	1.23952	132776	638139000	0
2017.01.23	01:00:00	1.23957	1.24009	1.23906	1.23985	4301	2195935000	47
2017.01.23	02:00:00	1.23985	1.23995	1.23902	1.23932	5212	2646108000	40
2017.01.23	03:00:00	1.23932	1.23979	1.23870	1.23957	5914	2975940000	41
2017.01.23	04:00:00	1.23958	1.24144	1.23940	1.24037	5932	3381393000	33
2017.01.23	05:00:00	1.24036	1.24216	1.24032	1.24101	4604	2765355000	39
2017.01.23	06:00:00	1.24104	1.24134	1.24008	1.24031	3874	2515422000	39
2017.01.23	07:00:00	1.24031	1.24046	1.23952	1.24006	5829	3385701000	39
2017.01.23	08:00:00	1.24006	1.24172	1.23957	1.24161	7436	4260235000	39
2017.01.23	09:00:00	1.24160	1.24461	1.24115	1.24433	10075	5846606000	33
2017.01.23	10:00:00	1.24430	1.24446	1.24244	1.24299	10709	6206474000	34
2017.01.23	11:00:00	1.24304	1.24567	1.24292	1.24430	8618	4966604000	34
2017.01.23	12:00:00	1.24429	1.24481	1.24241	1.24410	8205	4429524000	33
2017.01.23	13:00:00	1.24411	1.24429	1.24174	1.24209	8908	5836298000	33
2017.01.23	14:00:00	1.24208	1.24456	1.24148	1.24412	9288	6165732000	33
2017.01.23	15:00:00	1.24411	1.24665	1.24359	1.24555	11719	7789287000	33
2017.01.23	16:00:00	1.24553	1.24792	1.24488	1.24627	17188	10595181000	33
2017.01.23	17:00:00	1.24628	1.24770	1.24531	1.24733	14985	8401880000	28
2017.01.23	18:00:00	1.24729	1.24778	1.24638	1.24713	13871	8674502000	33
2017.01.23	19:00:00	1.24712	1.24795	1.24638	1.24741	9016	5581114000	33
2017.01.23	20:00:00	1.24739	1.24867	1.24701	1.24727	5917	3669262000	33
2017.01.23	21:00:00	1.24730	1.24820	1.24712	1.24818	5958	3711076000	36
2017.01.23	22:00:00	1.24816	1.24870	1.24762	1.24869	4838	2834171000	36
2017.01.23	23:00:00	1.24869	1.24929	1.24755	1.24820	4905	2222303000	39
2017.01.24	00:00:00	1.24880	1.25307	1.24092	1.24837	131300	2719250000	0
2017.01.24	01:00:00	1.24839	1.24896	1.24788	1.24798	3671	1844748000	33
2017.01.24	02:00:00	1.24799	1.24918	1.24780	1.24877	5071	2845333000	42
2017.01.24	03:00:00	1.24880	1.24964	1.24846	1.24868	6217	3576377000	42
2017.01.24	04:00:00	1.24863	1.24986	1.24853	1.24909	5337	3266178000	41
2017.01.24	05:00:00	1.24908	1.24921	1.24780	1.24813	5775	3251090000	41
2017.01.24	06:00:00	1.24814	1.24868	1.24709	1.24729	5187	3003641000	41
2017.01.24	07:00:00	1.24730	1.24743	1.24675	1.24726	4042	2216386000	42
2017.01.24	08:00:00	1.24725	1.24749	1.24628	1.24692	5460	3052256000	39
2017.01.24	09:00:00	1.24690	1.24755	1.24475	1.24598	8807	5069116000	35
2017.01.24	10:00:00	1.24601	1.24782	1.24507	1.24764	9701	6076576000	34
2017.01.24	11:00:00	1.24767	1.25309	1.24346	1.24632	14656	8915310000	33
2017.01.24	12:00:00	1.24630	1.24952	1.24613	1.24693	10046	6120687000	33
2017.01.24	13:00:00	1.24693	1.24715	1.24396	1.24506	8326	5167371000	33
2017.01.24	14:00:00	1.24505	1.24515	1.24106	1.24157	8872	5354631000	33
2017.01.24	15:00:00	1.24158	1.24572	1.24144	1.24542	9361	5474200000	33
2017.01.24	16:00:00	1.24544	1.24700	1.24508	1.24678	11212	6820531000	33
2017.01.24	17:00:00	1.24671	1.25039	1.24536	1.24994	13330	7401977000	33
2017.01.24	18:00:00	1.24996	1.25292	1.24947	1.25284	12042	6759918000	34
2017.01.24	19:00:00	1.25282	1.25282	1.25095	1.25115	6964	4197565000	35
2017.01.24	20:00:00	1.25116	1.25258	1.25109	1.25221	7439	3891779000	33
2017.01.24	21:00:00	1.25223	1.25238	1.25141	1.25229	5670	3135110000	33
2017.01.24	22:00:00	1.25228	1.25236	1.25132	1.25138	4774	2666269000	33
2017.01.24	23:00:00	1.25140	1.25327	1.25120	1.25269	3704	1825876000	37
2017.01.25	00:00:00	1.25293	1.26375	1.25149	1.25414	127285	852142000	0
2017.01.25	01:00:00	1.25415	1.25473	1.25349	1.25438	2991	1477595000	46
2017.01.25	02:00:00	1.25437	1.25491	1.25379	1.25433	5382	2985272000	36
2017.01.25	03:00:00	1.25432	1.25485	1.25367	1.25446	6318	3512151000	40
2017.01.25	04:00:00	1.25446	1.25482	1.25340	1.25434	6563	3759157000	39
2017.01.25	05:00:00	1.25433	1.25487	1.25379	1.25419	4691	2892461000	38
2017.01.25	06:00:00	1.25420	1.25422	1.25205	1.25269	3932	2320170000	33
2017.01.25	07:00:00	1.25269	1.25378	1.25267	1.25320	3179	1829569000	38
2017.01.25	08:00:00	1.25318	1.25429	1.25289	1.25326	4244	2193167000	38
2017.01.25	09:00:00	1.25326	1.25389	1.25182	1.25210	8319	4528572000	34
2017.01.25	10:00:00	1.25209	1.25363	1.25164	1.25279	10941	6454353000	34
2017.01.25	11:00:00	1.25279	1.25809	1.25238	1.25672	13098	7492947000	33
2017.01.25	12:00:00	1.25672	1.25714	1.25461	1.25564	8846	5324083000	33
2017.01.25	13:00:00	1.25564	1.25670	1.25462	1.25585	7150	4379452000	33
2017.01.25	14:00:00	1.25584	1.25715	1.25531	1.25711	11956	6772163000	33
2017.01.25	15:00:00	1.25708	1.25814	1.25620	1.25630	11013	6614387000	34
2017.01.25	16:00:00	1.25629	1.25895	1.25598	1.25859	15161	8569877000	33
2017.01.25	17:00:00	1.25858	1.26047	1.25820	1.25924	13500	7901442000	33
2017.01.25	18:00:00	1.25926	1.26167	1.25926	1.26110	12124	7231768000	33
2017.01.25	19:00:00	1.26111	1.26154	1.26010	1.26088	7256	4136499000	33
2017.01.25	20:00:00	1.26089	1.26282	1.26054	1.26247	7084	4366082000	33
2017.01.25	21:00:00	1.26249	1.26388	1.26220	1.26246	5997	3210410000	33
2017.01.25	22:00:00	1.26244	1.26305	1.26201	1.26226	6571	4127260000	33
2017.01.25	23:00:00	1.26226	1.26245	1.26147	1.26215	3077	1495533000	34
2017.01.26	00:00:00	1.26103	1.26472	1.25378	1.26186	131445	902139000	0
2017.01.26	01:00:00	1.26191	1.26229	1.26146	1.26206	2299	1170315000	46
2017.01.26	02:00:00	1.26208	1.26211	1.26070	1.26154	4976	2499032000	41
2017.01.26	03:00:00	1.26153	1.26200	1.26067	1.26087	5317	2916483000	40
2017.01.26	04:00:00	1.26084	1.26251	1.26068	1.26204	4638	2508636000	42
2017.01.26	05:00:00	1.26203	1.26282	1.26172	1.26280	4190	2387668000	41
2017.01.26	06:00:00	1.26278	1.26426	1.26266	1.26376	4289	2465593000	35
2017.01.26	07:00:00	1.26375	1.26386	1.26320	1.26377	3140	1773060000	42
2017.01.26	08:00:00	1.26377	1.26489	1.26366	1.26427	6530	3413600000	36
2017.01.26	09:00:00	1.26427	1.26468	1.26159	1.26232	9747	5494089000	33
2017.01.26	10:00:00	1.26235	1.26390	1.26221	1.26361	10774	6076026000	33
2017.01.26	11:00:00	1.26361	1.26445	1.25926	1.26137	12672	6924500000	34
2017.01.26	12:00:00	1.26137	1.26194	1.25838	1.26020	11399	6458058000	33
2017.01.26	13:00:00	1.26021	1.26150	1.25617	1.25626	9441	5160127000	33
2017.01.26	14:00:00	1.25626	1.25627	1.25391	1.25531	11764	6557020000	33
2017.01.26	15:00:00	1.25535	1.25787	1.25465	1.25721	14490	8236414000	33
2017.01.26	16:00:00	1.25722	1.25833	1.25519	1.25619	14528	7399507000	33
2017.01.26	17:00:00	1.25618	1.25939	1.25590	1.25922	16341	8275448000	33
2017.01.26	18:00:00	1.25923	1.26052	1.25841	1.25907	12054	5701562000	33
2017.01.26	19:00:00	1.25910	1.25988	1.25705	1.25865	7040	3872094000	33
2017.01.26	20:00:00	1.25864	1.26002	1.25746	1.25859	8870	4710563000	33
2017.01.26	21:00:00	1.25858	1.25983	1.25830	1.25954	5639	3081145000	33
2017.01.26	22:00:00	1.25956	1.26009	1.25867	1.25970	6946	4105039000	33
2017.01.26	23:00:00	1.25972	1.26034	1.25844	1.25844	5410	2575978000	33
2017.01.27	00:00:00	1.25906	1.26075	1.25103	1.25907	114727	1249957000	0
2017.01.27	01:00:00	1.25904	1.25975	1.25881	1.25925	2500	1258728000	44
2017.01.27	02:00:00	1.25929	1.25972	1.25898	1.25927	3332	1729166000	41
2017.01.27	03:00:00	1.25925	1.26014	1.25899	1.25997	5725	3212721000	41
2017.01.27	04:00:00	1.25998	1.26024	1.25845	1.25925	5234	3133125000	37
2017.01.27	05:00:00	1.25924	1.25925	1.25768	1.25821	3860	2256513000	38
2017.01.27	06:00:00	1.25822	1.25845	1.25698	1.25748	3448	2035084000	42
2017.01.27	07:00:00	1.25747	1.25788	1.25651	1.25685	4123	2228697000	40
2017.01.27	08:00:00	1.25686	1.25756	1.25500	1.25572	6589	3284008000	39
2017.01.27	09:00:00	1.25574	1.25802	1.25556	1.25765	7778	3927450000	33
2017.01.27	10:00:00	1.25766	1.25776	1.25448	1.25545	10487	5880769000	35
2017.01.27	11:00:00	1.25547	1.25650	1.25432	1.25432	9651	5501791000	33
2017.01.27	12:00:00	1.25430	1.25539	1.25303	1.25330	8701	4922526000	33
2017.01.27	13:00:00	1.25331	1.25352	1.25197	1.25249	7507	4565463000	33
2017.01.27	14:00:00	1.25251	1.25531	1.25207	1.25490	7376	4349345000	33
2017.01.27	15:00:00	1.25490	1.25510	1.25303	1.25377	13356	7896220000	33
2017.01.27	16:00:00	1.25371	1.25571	1.25220	1.25432	15228	8937435000	33
2017.01.27	17:00:00	1.25421	1.25517	1.25198	1.25249	12298	6931491000	33
2017.01.27	18:00:00	1.25248	1.25279	1.25121	1.25174	9984	5480472000	33
2017.01.27	19:00:00	1.25175	1.25387	1.25144	1.25345	6116	3431167000	35
2017.01.27	20:00:00	1.25346	1.25435	1.25308	1.25417	5558	2861140000	33
2017.01.27	21:00:00	1.25423	1.25465	1.25359	1.25428	3533	1877065000	33
2017.01.27	22:00:00	1.25428	1.25468	1.25311	1.25412	3630	1978320000	33
2017.01.27	23:00:00	1.25410	1.25418	1.25240	1.25332	2225	966327000	42
2017.01.30	00:00:00	1.25482	1.25683	1.24027	1.25331	108967	913550000	0
2017.01.30	01:00:00	1.25335	1.25696	1.25315	1.25599	3844	1991662000	43
2017.01.30	02:00:00	1.25598	1.25607	1.25445	1.25475	4511	2293458000	35
2017.01.30	03:00:00	1.25474	1.25498	1.25419	1.25460	4807	2478066000	37
2017.01.30	04:00:00	1.25464	1.25484	1.25396	1.25397	2158	1143826000	45
2017.01.30	05:00:00	1.25396	1.25436	1.25353	1.25377	2618	1407765000	43
2017.01.30	06:00:00	1.25378	1.25385	1.25334	1.25352	3315	1966291000	43
2017.01.30	07:00:00	1.25352	1.25379	1.25343	1.25375	3660	2151780000	42
2017.01.30	08:00:00	1.25374	1.25387	1.25296	1.25304	3866	2272935000	42
2017.01.30	09:00:00	1.25306	1.25416	1.25296	1.25368	6854	4245285000	36
2017.01.30	10:00:00	1.25369	1.25412	1.24887	1.24901	9929	6190341000	33
2017.01.30	11:00:00	1.24899	1.25115	1.24886	1.25084	7574	4510752000	33
2017.01.30	12:00:00	1.25083	1.25326	1.25060	1.25223	7124	5064212000	33
2017.01.30	13:00:00	1.25225	1.25396	1.25145	1.25371	8164	5322580000	33
2017.01.30	14:00:00	1.25369	1.25517	1.25263	1.25471	12021	7078019000	33
2017.01.30	15:00:00	1.25475	1.25608	1.25370	1.25380	12402	8049610000	35
2017.01.30	16:00:00	1.25379	1.25443	1.25106	1.25123	11884	7171449000	33
2017.01.30	17:00:00	1.25118	1.25120	1.24771	1.24828	14546	8940326000	26
2017.01.30	18:00:00	1.24827	1.24828	1.24401	1.24429	12006	7058978000	33
2017.01.30	19:00:00	1.24429	1.24488	1.24040	1.24232	9139	5470238000	33
2017.01.30	20:00:00	1.24233	1.24313	1.24153	1.24157	6256	3929711000	34
2017.01.30	21:00:00	1.24158	1.24300	1.24158	1.24219	5649	2966820000	33
2017.01.30	22:00:00	1.24218	1.24270	1.24153	1.24205	4823	2580250000	33
2017.01.30	23:00:00	1.24204	1.24317	1.24160	1.24160	4077	1750266000	37
2017.01.31	00:00:00	1.24236	1.24555	1.23450	1.24252	136274	839282000	72
2017.01.31	01:00:00	1.24248	1.24357	1.24202	1.24287	3958	2026595000	42
2017.01.31	02:00:00	1.24288	1.24529	1.24276	1.24457	5775	2866777000	34
2017.01.31	03:00:00	1.24456	1.24512	1.24414	1.24509	4119	2009500000	41
2017.01.31	04:00:00	1.24509	1.24524	1.24418	1.24443	4601	2368069000	42
2017.01.31	05:00:00	1.24445	1.24502	1.24385	1.24443	6426	3272169000	42
2017.01.31	06:00:00	1.24442	1.24506	1.24412	1.24474	4396	2394143000	42
2017.01.31	07:00:00	1.24474	1.24499	1.24423	1.24474	3391	1876873000	40
2017.01.31	08:00:00	1.24473	1.24478	1.24275	1.24353	4973	2499421000	40
2017.01.31	09:00:00	1.24350	1.24461	1.24202	1.24212	8411	5132488000	33
2017.01.31	10:00:00	1.24210	1.24413	1.24196	1.24395	12211	7667439000	33
2017.01.31	11:00:00	1.24394	1.24509	1.23516	1.23522	11512	6546070000	33
2017.01.31	12:00:00	1.23517	1.23890	1.23457	1.23779	11127	6571343000	33
2017.01.31	13:00:00	1.23779	1.23850	1.23629	1.23657	12457	7619070000	33
2017.01.31	14:00:00	1.23660	1.23885	1.23570	1.23870	12036	7113859000	33
2017.01.31	15:00:00	1.23874	1.23916	1.23756	1.23821	11951	7395546000	33
2017.01.31	16:00:00	1.23821	1.24149	1.23745	1.23767	15967	8697106000	33
2017.01.31	17:00:00	1.23770	1.24222	1.23633	1.24130	17391	9060723000	33
2017.01.31	18:00:00	1.24130	1.24434	1.24011	1.24431	14060	7763360000	33
2017.01.31	19:00:00	1.24432	1.24570	1.24397	1.24493	9244	6016472000	33
2017.01.31	20:00:00	1.24492	1.24515	1.24345	1.24405	6099	4073934000	33
2017.01.31	21:00:00	1.24407	1.24489	1.24348	1.24365	6592	3740177000	33
2017.01.31	22:00:00	1.24364	1.24502	1.24310	1.24486	5316	2957945000	37
2017.01.31	23:00:00	1.24484	1.24487	1.24322	1.24331	2358	1085314000	39
2017.02.01	00:00:00	1.24430	1.25757	1.23041	1.24442	120077	327531000	63
2017.02.01	01:00:00	1.24434	1.24514	1.24353	1.24480	3688	1838507000	38
2017.02.01	02:00:00	1.24482	1.24548	1.24423	1.24529	5597	2908928000	35
2017.02.01	03:00:00	1.24531	1.24565	1.24466	1.24475	5355	2437224000	42
2017.02.01	04:00:00	1.24474	1.24511	1.24433	1.24447	4452	2560226000	43
2017.02.01	05:00:00	1.24446	1.24516	1.24413	1.24506	3584	2064864000	43
2017.02.01	06:00:00	1.24507	1.24559	1.24496	1.24533	3607	2114492000	43
2017.02.01	07:00:00	1.24532	1.24562	1.24461	1.24487	4309	2511872000	40
2017.02.01	08:00:00	1.24490	1.24553	1.24409	1.24517	5464	2942602000	37
2017.02.01	09:00:00	1.24518	1.24654	1.24313	1.24577	9178	5659120000	33
2017.02.01	10:00:00	1.24582	1.24615	1.24389	1.24421	8724	6104950000	34
2017.02.01	11:00:00	1.24419	1.24888	1.24410	1.24801	9567	5674057000	33
2017.02.01	12:00:00	1.24802	1.25053	1.24720	1.24847	9065	5831362000	33
2017.02.01	13:00:00	1.24848	1.25122	1.24810	1.25082	9030	6025333000	33
2017.02.01	14:00:00	1.25086	1.25134	1.24907	1.24944	8035	5105012000	33
2017.02.01	15:00:00	1.24942	1.25494	1.24902	1.25443	13959	8665564000	33
2017.02.01	16:00:00	1.25443	1.25604	1.25324	1.25506	11849	8373731000	33
2017.02.01	17:00:00	1.25507	1.25669	1.25383	1.25478	15504	9641896000	33
2017.02.01	18:00:00	1.25483	1.25583	1.25438	1.25530	11203	7304769000	33
2017.02.01	19:00:00	1.25534	1.25639	1.25503	1.25543	6381	4358353000	33
2017.02.01	20:00:00	1.25549	1.25704	1.25448	1.25467	5885	3685282000	33
2017.02.01	21:00:00	1.25465	1.25744	1.25456	1.25708	17441	10240302000	33
2017.02.01	22:00:00	1.25707	1.25772	1.25652	1.25703	7797	4212823000	33
2017.02.01	23:00:00	1.25702	1.25712	1.25607	1.25609	1901	1062388000	38
2017.02.02	00:00:00	1.25611	1.25778	1.23876	1.25674	122106	627734000	33
2017.02.02	01:00:00	1.25673	1.25789	1.25670	1.25707	2690	1360922000	45
2017.02.02	02:00:00	1.25704	1.25765	1.25644	1.25674	7714	3792133000	33
2017.02.02	03:00:00	1.25671	1.25695	1.25617	1.25674	4757	2622487000	42
2017.02.02	04:00:00	1.25673	1.25749	1.25619	1.25636	4861	2585386000	42
2017.02.02	05:00:00	1.25637	1.25682	1.25424	1.25437	5886	3090212000	38
2017.02.02	06:00:00	1.25436	1.25528	1.25436	1.25515	4559	2914064000	41
2017.02.02	07:00:00	1.25514	1.25569	1.25495	1.25528	3593	1987678000	42
2017.02.02	08:00:00	1.25531	1.25557	1.25504	1.25548	4273	2564213000	41
2017.02.02	09:00:00	1.25547	1.25626	1.25411	1.25437	7595	4653672000	34
2017.02.02	10:00:00	1.25439	1.25673	1.25411	1.25499	11504	7153199000	33
2017.02.02	11:00:00	1.25499	1.25639	1.25440	1.25446	10027	6542367000	33
2017.02.02	12:00:00	1.25448	1.25470	1.24812	1.25027	10912	7248259000	33
2017.02.02	13:00:00	1.25026	1.25224	1.24940	1.25104	8615	5820757000	33
2017.02.02	14:00:00	1.25104	1.25348	1.24283	1.24376	17183	10362702000	33
2017.02.02	15:00:00	1.24377	1.24378	1.23973	1.24223	16193	10206416000	33
2017.02.02	16:00:00	1.24227	1.24331	1.23922	1.24015	13994	8515216000	33
2017.02.02	17:00:00	1.24015	1.24126	1.23928	1.23931	12146	7579048000	33
2017.02.02	18:00:00	1.23934	1.24117	1.23894	1.24070	10171	5846661000	33
2017.02.02	19:00:00	1.24069	1.24441	1.24052	1.24439	8654	6282240000	33
2017.02.02	20:00:00	1.24439	1.24507	1.24291	1.24318	6006	4055432000	33
2017.02.02	21:00:00	1.24318	1.24407	1.24244	1.24302	6574	3595112000	34
2017.02.02	22:00:00	1.24308	1.24457	1.24269	1.24411	5962	3568276000	33
2017.02.02	23:00:00	1.24412	1.24429	1.24273	1.24273	2511	1215194000	33
2017.02.03	00:00:00	1.24329	1.24597	1.23750	1.24290	119769	1672451000	0
2017.02.03	01:00:00	1.24307	1.24362	1.24222	1.24222	2301	1181049000	44
2017.02.03	02:00:00	1.24223	1.24272	1.24191	1.24261	4101	2022430000	38
2017.02.03	03:00:00	1.24259	1.24281	1.24162	1.24190	7624	4104221000	42
2017.02.03	04:00:00	1.24189	1.24296	1.24180	1.24275	5551	3153509000	40
2017.02.03	05:00:00	1.24268	1.24385	1.24243	1.24361	6176	3551844000	41
2017.02.03	06:00:00	1.24360	1.24361	1.24276	1.24302	5073	3125516000	41
2017.02.03	07:00:00	1.24303	1.24347	1.24263	1.24301	4472	2594908000	39
2017.02.03	08:00:00	1.24302	1.24379	1.24249	1.24253	3615	2012446000	37
2017.02.03	09:00:00	1.24254	1.24407	1.24248	1.24367	5235	3334826000	35
2017.02.03	10:00:00	1.24366	1.24611	1.24337	1.24510	9668	7506828000	33
2017.02.03	11:00:00	1.24512	1.24558	1.24097	1.24276	9153	7209889000	33
2017.02.03	12:00:00	1.24276	1.24461	1.24247	1.24328	6898	5690113000	33
2017.02.03	13:00:00	1.24328	1.24486	1.24195	1.24432	7493	6168753000	33
2017.02.03	14:00:00	1.24432	1.24562	1.24355	1.24419	8382	6801984000	33
2017.02.03	15:00:00	1.24418	1.24532	1.24143	1.24221	17668	11689022000	33
2017.02.03	16:00:00	1.24224	1.24229	1.23901	1.24002	14587	9198075000	33
2017.02.03	17:00:00	1.24002	1.24048	1.23765	1.23952	15935	9627453000	33
2017.02.03	18:00:00	1.23955	1.24028	1.23902	1.23960	10241	6784546000	33
2017.02.03	19:00:00	1.23961	1.24150	1.23960	1.24057	6156	5457072000	33
2017.02.03	20:00:00	1.24057	1.24129	1.23982	1.23993	8637	5690785000	33
2017.02.03	21:00:00	1.23993	1.24019	1.23910	1.23992	7679	4410868000	35
2017.02.03	22:00:00	1.23991	1.23993	1.23843	1.23890	5545	3170402000	36
2017.02.03	23:00:00	1.23887	1.23899	1.23788	1.23815	2520	986725000	40
2017.02.06	00:00:00	1.23833	1.24368	1.23446	1.23772	111997	760068000	0
2017.02.06	01:00:00	1.23768	1.23905	1.23740	1.23856	3383	1687610000	43
2017.02.06	02:00:00	1.23856	1.23971	1.23825	1.23892	4925	2491878000	33
2017.02.06	03:00:00	1.23889	1.23945	1.23852	1.23930	6171	3138754000	41
2017.02.06	04:00:00	1.23936	1.23944	1.23878	1.23890	5736	3214768000	32
2017.02.06	05:00:00	1.23890	1.23901	1.23813	1.23836	3978	2256334000	37
2017.02.06	06:00:00	1.23837	1.23909	1.23786	1.23886	5113	3026036000	41
2017.02.06	07:00:00	1.23887	1.23979	1.23869	1.23947	5199	3063019000	41
2017.02.06	08:00:00	1.23947	1.24012	1.23872	1.24003	3779	2068312000	37
2017.02.06	09:00:00	1.24003	1.24056	1.23935	1.24003	7569	4014068000	37
2017.02.06	10:00:00	1.24005	1.24110	1.23755	1.23838	10317	5565911000	33
2017.02.06	11:00:00	1.23838	1.24212	1.23819	1.24112	8227	4823153000	38
2017.02.06	12:00:00	1.24110	1.24381	1.24056	1.24294	7748	4593623000	33
2017.02.06	13:00:00	1.24293	1.24293	1.23907	1.24094	8786	5124201000	33
2017.02.06	14:00:00	1.24093	1.24148	1.23934	1.24101	7860	4734976000	36
2017.02.06	15:00:00	1.24102	1.24158	1.23833	1.23864	14582	8184048000	33
2017.02.06	16:00:00	1.23864	1.23980	1.23694	1.23795	13093	8180695000	34
2017.02.06	17:00:00	1.23793	1.23844	1.23490	1.23507	12549	8402972000	33
2017.02.06	18:00:00	1.23507	1.23690	1.23503	1.23647	9663	7342436000	33
2017.02.06	19:00:00	1.23646	1.23858	1.23576	1.23775	7015	5431208000	33
2017.02.06	20:00:00	1.23774	1.23807	1.23625	1.23705	8206	5378201000	33
2017.02.06	21:00:00	1.23704	1.23728	1.23517	1.23565	6337	3728090000	35
2017.02.06	22:00:00	1.23564	1.23597	1.23462	1.23501	5256	2762551000	33
2017.02.06	23:00:00	1.23501	1.23537	1.23449	1.23449	1972	921291000	36
2017.02.07	00:00:00	1.23524	1.24888	1.23352	1.23484	127941	350506000	0
2017.02.07	01:00:00	1.23490	1.23601	1.23473	1.23586	2845	1304912000	41
2017.02.07	02:00:00	1.23586	1.23818	1.23549	1.23729	7424	3216975000	40
2017.02.07	03:00:00	1.23729	1.23818	1.23699	1.23796	8008	3978077000	40
2017.02.07	04:00:00	1.23796	1.23874	1.23779	1.23816	6889	3845337000	42
2017.02.07	05:00:00	1.23817	1.23987	1.23803	1.23956	8595	4365236000	40
2017.02.07	06:00:00	1.23955	1.23971	1.23862	1.23880	6863	3871150000	40
2017.02.07	07:00:00	1.23879	1.23915	1.23847	1.23876	5856	3095739000	39
2017.02.07	08:00:00	1.23876	1.23975	1.23844	1.23852	5940	3450138000	39
2017.02.07	09:00:00	1.23849	1.23944	1.23750	1.23851	8668	5416759000	34
2017.02.07	10:00:00	1.23854	1.23910	1.23390	1.23526	14052	7942490000	33
2017.02.07	11:00:00	1.23529	1.23702	1.23468	1.23679	10575	6837312000	33
2017.02.07	12:00:00	1.23680	1.23710	1.23511	1.23660	8136	5341985000	34
2017.02.07	13:00:00	1.23660	1.23725	1.23451	1.23709	8236	5441676000	33
2017.02.07	14:00:00	1.23708	1.23717	1.23415	1.23526	8025	5687540000	35
2017.02.07	15:00:00	1.23524	1.23541	1.23368	1.23462	9066	6056095000	33
2017.02.07	16:00:00	1.23459	1.23851	1.23448	1.23684	12093	7309485000	33
2017.02.07	17:00:00	1.23683	1.23980	1.23551	1.23980	11548	6893910000	33
2017.02.07	18:00:00	1.23980	1.24566	1.23959	1.24467	14309	7978522000	33
2017.02.07	19:00:00	1.24467	1.24590	1.24370	1.24557	9422	5755290000	33
2017.02.07	20:00:00	1.24557	1.24902	1.24505	1.24739	9447	5849026000	33
2017.02.07	21:00:00	1.24738	1.24767	1.24673	1.24723	5027	3133317000	35
2017.02.07	22:00:00	1.24727	1.24757	1.24659	1.24724	5466	3616398000	33
2017.02.07	23:00:00	1.24723	1.24810	1.24684	1.24684	3325	1910539000	33
2017.02.08	00:00:00	1.24777	1.24991	1.24317	1.24747	123778	776828000	56
2017.02.08	01:00:00	1.24743	1.24795	1.24635	1.24662	4489	1701283000	38
2017.02.08	02:00:00	1.24661	1.24677	1.24561	1.24623	5706	2549744000	34
2017.02.08	03:00:00	1.24622	1.24664	1.24571	1.24604	8447	4687358000	33
2017.02.08	04:00:00	1.24605	1.24683	1.24563	1.24662	6188	3516529000	38
2017.02.08	05:00:00	1.24661	1.24712	1.24646	1.24649	4111	2220020000	36
2017.02.08	06:00:00	1.24648	1.24711	1.24639	1.24671	5286	3112118000	39
2017.02.08	07:00:00	1.24671	1.24745	1.24648	1.24740	4370	2538764000	41
2017.02.08	08:00:00	1.24743	1.24835	1.24702	1.24798	4343	2602441000	38
2017.02.08	09:00:00	1.24799	1.24980	1.24616	1.24742	8262	4763432000	33
2017.02.08	10:00:00	1.24743	1.25005	1.24717	1.24835	11857	8515203000	33
2017.02.08	11:00:00	1.24836	1.24991	1.24833	1.24952	8805	7215531000	33
2017.02.08	12:00:00	1.24950	1.24975	1.24729	1.24805	7784	5782309000	33
2017.02.08	13:00:00	1.24804	1.24864	1.24620	1.24731	6888	5487281000	33
2017.02.08	14:00:00	1.24730	1.24794	1.24579	1.24634	8855	6579782000	33
2017.02.08	15:00:00	1.24634	1.24805	1.24581	1.24733	11583	6266298000	33
2017.02.08	16:00:00	1.24734	1.24849	1.24479	1.24528	14613	6171845000	33
2017.02.08	17:00:00	1.24530	1.24707	1.24334	1.24477	15094	6825661000	33
2017.02.08	18:00:00	1.24479	1.24644	1.24428	1.24569	11437	6866786000	33
2017.02.08	19:00:00	1.24568	1.24684	1.24446	1.24623	9294	7561757000	33
2017.02.08	20:00:00	1.24623	1.24684	1.24577	1.24650	10389	7259684000	33
2017.02.08	21:00:00	1.24651	1.24707	1.24609	1.24674	5425	3572378000	33
2017.02.08	22:00:00	1.24674	1.24770	1.24650	1.24688	5878	3768528000	35
2017.02.08	23:00:00	1.24683	1.24772	1.24676	1.24708	3115	1458494000	37
2017.02.09	00:00:00	1.24715	1.25621	1.24480	1.24701	115201	467384000	44
2017.02.09	01:00:00	1.24701	1.24767	1.24627	1.24641	3622	1670523000	33
2017.02.09	02:00:00	1.24644	1.24722	1.24632	1.24653	5418	2715441000	37
2017.02.09	03:00:00	1.24651	1.24660	1.24508	1.24546	5544	3101768000	36
2017.02.09	04:00:00	1.24547	1.24575	1.24497	1.24538	5642	3006243000	38
2017.02.09	05:00:00	1.24536	1.24622	1.24492	1.24559	5714	3327774000	38
2017.02.09	06:00:00	1.24559	1.24606	1.24533	1.24605	4332	2704328000	40
2017.02.09	07:00:00	1.24602	1.24617	1.24550	1.24592	4862	2769185000	39
2017.02.09	08:00:00	1.24593	1.24661	1.24588	1.24646	3180	1974312000	33
2017.02.09	09:00:00	1.24646	1.24742	1.24637	1.24675	6325	4818337000	33
2017.02.09	10:00:00	1.24675	1.25186	1.24674	1.24826	12611	7617172000	33
2017.02.09	11:00:00	1.24826	1.25045	1.24823	1.24987	9121	5847216000	33
2017.02.09	12:00:00	1.24989	1.25177	1.24934	1.25150	7601	5163358000	34
2017.02.09	13:00:00	1.25150	1.25493	1.25119	1.25490	10051	6619314000	33
2017.02.09	14:00:00	1.25489	1.25572	1.25366	1.25522	8545	4849975000	33
2017.02.09	15:00:00	1.25522	1.25522	1.25302	1.25403	10500	7543633000	35
2017.02.09	16:00:00	1.25405	1.25513	1.25199	1.25363	11442	7476534000	33
2017.02.09	17:00:00	1.25358	1.25636	1.25206	1.25353	17474	11925289000	33
2017.02.09	18:00:00	1.25356	1.25418	1.25281	1.25297	11332	9319184000	27
2017.02.09	19:00:00	1.25299	1.25388	1.25148	1.25282	7902	5968481000	33
2017.02.09	20:00:00	1.25282	1.25337	1.25109	1.25131	8442	5960346000	33
2017.02.09	21:00:00	1.25131	1.25159	1.25081	1.25114	5782	4342233000	33
2017.02.09	22:00:00	1.25120	1.25144	1.25066	1.25115	4904	3417345000	33
2017.02.09	23:00:00	1.25116	1.25162	1.25093	1.25093	2269	1507844000	33
2017.02.10	00:00:00	1.25113	1.25489	1.24743	1.25137	117297	217159000	50
2017.02.10	01:00:00	1.25144	1.25187	1.25079	1.25121	3936	1913503000	39
2017.02.10	02:00:00	1.25121	1.25405	1.25101	1.25329	6785	3486051000	37
2017.02.10	03:00:00	1.25325	1.25352	1.25222	1.25330	6561	3542528000	37
2017.02.10	04:00:00	1.25328	1.25372	1.25304	1.25342	4752	3040619000	36
2017.02.10	05:00:00	1.25343	1.25352	1.25224	1.25254	6013	3519967000	36
2017.02.10	06:00:00	1.25255	1.25289	1.25195	1.25212	4864	2787612000	36
2017.02.10	07:00:00	1.25212	1.25289	1.25206	1.25249	4228	2622761000	37
2017.02.10	08:00:00	1.25249	1.25426	1.25239	1.25341	3654	2247024000	38
2017.02.10	09:00:00	1.25341	1.25360	1.25089	1.25184	7570	4574724000	33
2017.02.10	10:00:00	1.25186	1.25203	1.24858	1.24871	9804	6920425000	33
2017.02.10	11:00:00	1.24874	1.25506	1.24869	1.25309	10702	7219500000	33
2017.02.10	12:00:00	1.25309	1.25374	1.25150	1.25194	7650	6104808000	34
2017.02.10	13:00:00	1.25194	1.25228	1.24757	1.24861	8589	6878958000	33
2017.02.10	14:00:00	1.24865	1.25104	1.24759	1.25082	9093	6527759000	33
2017.02.10	15:00:00	1.25082	1.25175	1.24950	1.25110	9926	7614254000	33
2017.02.10	16:00:00	1.25110	1.25308	1.25026	1.25280	11188	8648350000	33
2017.02.10	17:00:00	1.25285	1.25403	1.25097	1.25392	11601	8553727000	33
2017.02.10	18:00:00	1.25392	1.25499	1.25307	1.25343	11840	8003751000	33
2017.02.10	19:00:00	1.25342	1.25373	1.25205	1.25351	7409	5469720000	33
2017.02.10	20:00:00	1.25348	1.25355	1.25096	1.25222	11299	7722473000	33
2017.02.10	21:00:00	1.25222	1.25271	1.25143	1.25252	5468	4058273000	33
2017.02.10	22:00:00	1.25257	1.25263	1.25153	1.25208	3318	1934498000	33
2017.02.10	23:00:00	1.25207	1.25242	1.25111	1.25119	2145	1609696000	34
2017.02.13	00:00:00	1.25134	1.26006	1.24891	1.25260	99082	1566292000	0
2017.02.13	01:00:00	1.25269	1.25403	1.25256	1.25366	3579	1683020000	41
2017.02.13	02:00:00	1.25368	1.25559	1.25350	1.25385	5659	2803931000	40
2017.02.13	03:00:00	1.25383	1.25418	1.25313	1.25414	5875	3160528000	37
2017.02.13	04:00:00	1.25415	1.25449	1.25382	1.25441	5426	2986241000	38
2017.02.13	05:00:00	1.25444	1.25473	1.25403	1.25458	5074	3157495000	41
2017.02.13	06:00:00	1.25458	1.25471	1.25414	1.25444	4418	2567084000	40
2017.02.13	07:00:00	1.25447	1.25516	1.25438	1.25458	4776	3031478000	39
2017.02.13	08:00:00	1.25459	1.25566	1.25450	1.25498	5438	3244672000	36
2017.02.13	09:00:00	1.25498	1.25661	1.25343	1.25432	8147	4775718000	33
2017.02.13	10:00:00	1.25435	1.25684	1.25361	1.25504	9778	6377461000	34
2017.02.13	11:00:00	1.25503	1.25528	1.25400	1.25444	7768	6463794000	33
2017.02.13	12:00:00	1.25444	1.25579	1.25415	1.25511	6949	5283083000	33
2017.02.13	13:00:00	1.25511	1.25647	1.25456	1.25598	6799	4672802000	34
2017.02.13	14:00:00	1.25602	1.25734	1.25589	1.25663	6896	4907746000	33
2017.02.13	15:00:00	1.25662	1.25770	1.25604	1.25685	8798	6009037000	33
2017.02.13	16:00:00	1.25683	1.25704	1.25469	1.25644	10336	7200934000	33
2017.02.13	17:00:00	1.25645	1.25755	1.25539	1.25648	11136	7638031000	33
2017.02.13	18:00:00	1.25646	1.25769	1.25610	1.25759	10094	6970098000	33
2017.02.13	19:00:00	1.25759	1.25779	1.25688	1.25770	7316	5177861000	33
2017.02.13	20:00:00	1.25772	1.25914	1.25755	1.25860	5958	3891782000	33
2017.02.13	21:00:00	1.25859	1.25970	1.25822	1.25941	5613	4008603000	33
2017.02.13	22:00:00	1.25940	1.26022	1.25922	1.25980	4496	3082216000	33
2017.02.13	23:00:00	1.25974	1.26013	1.25870	1.25918	2237	1210347000	35
2017.02.14	00:00:00	1.25929	1.26050	1.25023	1.25948	118115	678627000	51
2017.02.14	01:00:00	1.25950	1.26012	1.25896	1.25897	2130	1096510000	40
2017.02.14	02:00:00	1.25898	1.25973	1.25871	1.25897	4824	2640878000	41
2017.02.14	03:00:00	1.25902	1.25938	1.25869	1.25902	5553	2864548000	35
2017.02.14	04:00:00	1.25900	1.25961	1.25893	1.25932	5216	2950022000	40
2017.02.14	05:00:00	1.25933	1.25964	1.25887	1.25956	4719	2846217000	34
2017.02.14	06:00:00	1.25953	1.25968	1.25860	1.25910	7870	4521820000	38
2017.02.14	07:00:00	1.25910	1.25932	1.25856	1.25902	5412	2868951000	37
2017.02.14	08:00:00	1.25899	1.25969	1.25885	1.25912	4786	2715835000	39
2017.02.14	09:00:00	1.25914	1.26030	1.25911	1.25942	6793	4348279000	34
2017.02.14	10:00:00	1.25943	1.25974	1.25691	1.25712	10225	8546673000	33
2017.02.14	11:00:00	1.25707	1.25744	1.25163	1.25255	11356	6697451000	33
2017.02.14	12:00:00	1.25255	1.25353	1.25040	1.25205	9943	5737086000	33
2017.02.14	13:00:00	1.25204	1.25279	1.25053	1.25084	7454	5006012000	33
2017.02.14	14:00:00	1.25084	1.25336	1.25064	1.25269	7242	4772829000	33
2017.02.14	15:00:00	1.25274	1.25303	1.25118	1.25135	10336	6693567000	34
2017.02.14	16:00:00	1.25135	1.25272	1.25135	1.25240	10784	6821028000	33
2017.02.14	17:00:00	1.25240	1.25721	1.25206	1.25598	20822	11017488000	33
2017.02.14	18:00:00	1.25604	1.25652	1.25486	1.25521	12639	8101261000	33
2017.02.14	19:00:00	1.25520	1.25706	1.25458	1.25674	7961	6105064000	33
2017.02.14	20:00:00	1.25674	1.25675	1.25528	1.25563	6078	4018233000	33
2017.02.14	21:00:00	1.25561	1.25608	1.25486	1.25492	5437	3853678000	34
2017.02.14	22:00:00	1.25490	1.25531	1.25434	1.25488	5690	3626568000	33
2017.02.14	23:00:00	1.25487	1.25500	1.25379	1.25379	2160	925378000	33
2017.02.15	00:00:00	1.25431	1.25707	1.25032	1.25502	120173	512465000	52
2017.02.15	01:00:00	1.25502	1.25542	1.25449	1.25461	2707	1321515000	41
2017.02.15	02:00:00	1.25459	1.25494	1.25350	1.25390	6396	2981305000	40
2017.02.15	03:00:00	1.25391	1.25410	1.25323	1.25376	7590	4117553000	40
2017.02.15	04:00:00	1.25376	1.25453	1.25326	1.25424	5759	3057986000	39
2017.02.15	05:00:00	1.25425	1.25451	1.25383	1.25415	6221	3994895000	39
2017.02.15	06:00:00	1.25415	1.25423	1.25322	1.25410	4702	2777060000	39
2017.02.15	07:00:00	1.25410	1.25446	1.25363	1.25435	5562	3086592000	39
2017.02.15	08:00:00	1.25436	1.25452	1.25394	1.25416	4195	2629731000	38
2017.02.15	09:00:00	1.25416	1.25530	1.25383	1.25430	6654	5040017000	34
2017.02.15	10:00:00	1.25423	1.25684	1.25420	1.25579	8774	7523460000	33
2017.02.15	11:00:00	1.25579	1.25721	1.25216	1.25216	9315	7238608000	33
2017.02.15	12:00:00	1.25219	1.25553	1.25207	1.25430	7089	5487624000	34
2017.02.15	13:00:00	1.25430	1.25485	1.25287	1.25358	6806	5545253000	33
2017.02.15	14:00:00	1.25359	1.25369	1.25183	1.25284	8014	6155402000	33
2017.02.15	15:00:00	1.25284	1.25373	1.25186	1.25201	12542	9369544000	33
2017.02.15	16:00:00	1.25201	1.25335	1.25046	1.25160	12865	10257548000	33
2017.02.15	17:00:00	1.25160	1.25582	1.25114	1.25510	15994	11310104000	33
2017.02.15	18:00:00	1.25508	1.25564	1.25364	1.25395	13191	8750687000	33
2017.02.15	19:00:00	1.25394	1.25402	1.25094	1.25361	9359	6783888000	33
2017.02.15	20:00:00	1.25359	1.25363	1.25237	1.25268	6850	4750408000	33
2017.02.15	21:00:00	1.25268	1.25333	1.25256	1.25256	5411	3330920000	33
2017.02.15	22:00:00	1.25253	1.25292	1.25159	1.25159	5981	4051410000	33
2017.02.15	23:00:00	1.25160	1.25285	1.25157	1.25189	2685	1333573000	35
2017.02.16	00:00:00	1.25246	1.25406	1.24447	1.25286	108718	840265000	55
2017.02.16	01:00:00	1.25293	1.25349	1.25244	1.25264	2800	1565548000	35
2017.02.16	02:00:00	1.25264	1.25281	1.25019	1.25050	6854	3931561000	33
2017.02.16	03:00:00	1.25049	1.25139	1.25033	1.25052	5492	2978758000	39
2017.02.16	04:00:00	1.25051	1.25131	1.25044	1.25076	5769	3270265000	34
2017.02.16	05:00:00	1.25076	1.25121	1.25053	1.25092	5113	2959857000	38
2017.02.16	06:00:00	1.25094	1.25107	1.25057	1.25087	3993	2172980000	39
2017.02.16	07:00:00	1.25087	1.25161	1.25041	1.25099	4153	2296962000	38
2017.02.16	08:00:00	1.25100	1.25149	1.25066	1.25141	4920	2750706000	37
2017.02.16	09:00:00	1.25141	1.25392	1.25133	1.25351	7300	4970709000	33
2017.02.16	10:00:00	1.25352	1.25420	1.25165	1.25175	9807	6840568000	33
2017.02.16	11:00:00	1.25174	1.25355	1.25113	1.25256	8307	6108349000	33
2017.02.16	12:00:00	1.25257	1.25417	1.25199	1.25313	7946	5835013000	33
2017.02.16	13:00:00	1.25314	1.25343	1.24969	1.25030	7024	5804720000	33
2017.02.16	14:00:00	1.25030	1.25156	1.25022	1.25054	8016	6901361000	33
2017.02.16	15:00:00	1.25055	1.25153	1.24918	1.24984	11038	8926840000	33
2017.02.16	16:00:00	1.24982	1.25061	1.24788	1.24866	11691	8490295000	33
2017.02.16	17:00:00	1.24866	1.24877	1.24749	1.24838	12664	10601525000	33
2017.02.16	18:00:00	1.24839	1.24868	1.24593	1.24642	11096	8070275000	33
2017.02.16	19:00:00	1.24645	1.24727	1.24538	1.24671	7274	5912561000	33
2017.02.16	20:00:00	1.24671	1.24710	1.24521	1.24539	7279	5266911000	33
2017.02.16	21:00:00	1.24537	1.24637	1.24513	1.24584	5856	3888561000	33
2017.02.16	22:00:00	1.24582	1.24659	1.24490	1.24505	4992	3502782000	33
2017.02.16	23:00:00	1.24504	1.24540	1.24442	1.24442	2029	1219348000	33
2017.02.17	00:00:00	1.24481	1.24853	1.23776	1.24487	106510	858213000	0
2017.02.17	01:00:00	1.24487	1.24531	1.24438	1.24493	2435	1195404000	40
2017.02.17	02:00:00	1.24490	1.24685	1.24470	1.24682	6010	2760613000	36
2017.02.17	03:00:00	1.24676	1.24748	1.24633	1.24698	5729	3168676000	35
2017.02.17	04:00:00	1.24695	1.24708	1.24648	1.24662	4257	2386053000	39
2017.02.17	05:00:00	1.24662	1.24695	1.24607	1.24640	4592	2719715000	39
2017.02.17	06:00:00	1.24644	1.24729	1.24611	1.24691	4047	2215957000	38
2017.02.17	07:00:00	1.24691	1.24723	1.24658	1.24685	3396	2049364000	39
2017.02.17	08:00:00	1.24685	1.24711	1.24658	1.24698	3970	2334614000	39
2017.02.17	09:00:00	1.24698	1.24722	1.24626	1.24702	5230	3391430000	35
2017.02.17	10:00:00	1.24704	1.24866	1.24666	1.24671	8745	6970445000	33
2017.02.17	11:00:00	1.24672	1.24697	1.23913	1.24100	14081	9011714000	33
2017.02.17	12:00:00	1.24101	1.24107	1.23791	1.23982	10083	7781668000	33
2017.02.17	13:00:00	1.23981	1.24104	1.23907	1.24022	7508	5148838000	34
2017.02.17	14:00:00	1.24022	1.24168	1.23975	1.24152	7871	5996914000	33
2017.02.17	15:00:00	1.24151	1.24169	1.23994	1.24111	8266	6389927000	33
2017.02.17	16:00:00	1.24110	1.24241	1.24014	1.24132	10112	8559009000	33
2017.02.17	17:00:00	1.24131	1.24477	1.24095	1.24469	11445	8949321000	33
2017.02.17	18:00:00	1.24468	1.24564	1.24317	1.24528	10019	7697201000	33
2017.02.17	19:00:00	1.24528	1.24760	1.24509	1.24704	6797	5419582000	33
2017.02.17	20:00:00	1.24705	1.24718	1.24623	1.24654	5680	3812240000	33
2017.02.17	21:00:00	1.24654	1.24661	1.24488	1.24511	5029	3387200000	33
2017.02.17	22:00:00	1.24507	1.24600	1.24472	1.24474	4576	3037314000	33
2017.02.17	23:00:00	1.24474	1.24523	1.24384	1.24397	2559	1356080000	33
2017.02.20	00:00:00	1.24412	1.25181	1.24313	1.24392	68790	1142630000	0
2017.02.20	01:00:00	1.24392	1.24581	1.24392	1.24537	4892	2469485000	40
2017.02.20	02:00:00	1.24536	1.24563	1.24453	1.24544	5949	3030018000	39
2017.02.20	03:00:00	1.24544	1.24599	1.24478	1.24573	7266	3885556000	39
2017.02.20	04:00:00	1.24573	1.24593	1.24517	1.24539	6448	3912652000	38
2017.02.20	05:00:00	1.24537	1.24576	1.24501	1.24516	3543	2175284000	39
2017.02.20	06:00:00	1.24514	1.24549	1.24505	1.24526	3057	1725471000	38
2017.02.20	07:00:00	1.24526	1.24614	1.24503	1.24595	4308	2559240000	38
2017.02.20	08:00:00	1.24595	1.24750	1.24594	1.24652	5754	4248305000	35
2017.02.20	09:00:00	1.24647	1.24720	1.24576	1.24648	5077	3729315000	33
2017.02.20	10:00:00	1.24648	1.24948	1.24642	1.24918	7549	6089221000	33
2017.02.20	11:00:00	1.24919	1.25154	1.24917	1.25005	8132	6054820000	33
2017.02.20	12:00:00	1.25005	1.25039	1.24869	1.25004	5673	4740957000	33
2017.02.20	13:00:00	1.25007	1.25195	1.24909	1.25153	5364	4723145000	33
2017.02.20	14:00:00	1.25153	1.25153	1.25001	1.25089	6169	5164345000	36
2017.02.20	15:00:00	1.25089	1.25139	1.25002	1.25018	4758	4314846000	34
2017.02.20	16:00:00	1.25019	1.25057	1.24942	1.25017	5507	4177391000	33
2017.02.20	17:00:00	1.25019	1.25051	1.24907	1.24974	5079	3795018000	33
2017.02.20	18:00:00	1.24973	1.24999	1.24855	1.24933	4144	3497026000	35
2017.02.20	19:00:00	1.24933	1.25014	1.24863	1.24953	3078	2293364000	33
2017.02.20	20:00:00	1.24953	1.24980	1.24883	1.24957	3437	1580648000	33
2017.02.20	21:00:00	1.24958	1.24997	1.24899	1.24968	4734	2318404000	33
2017.02.20	22:00:00	1.24968	1.25006	1.24952	1.24968	4236	2318979000	47
2017.02.20	23:00:00	1.24964	1.25007	1.24884	1.24884	3200	2504193000	42
2017.02.21	00:00:00	1.24947	1.25974	1.24755	1.24994	103753	1863193000	53
2017.02.21	01:00:00	1.24994	1.25129	1.24984	1.25110	3139	1509050000	39
2017.02.21	02:00:00	1.25113	1.25231	1.25083	1.25208	6611	3609708000	33
2017.02.21	03:00:00	1.25208	1.25278	1.25173	1.25229	6720	3695873000	33
2017.02.21	04:00:00	1.25228	1.25241	1.25174	1.25212	6849	4220032000	39
2017.02.21	05:00:00	1.25215	1.25242	1.25086	1.25106	6159	3851374000	37
2017.02.21	06:00:00	1.25103	1.25155	1.25076	1.25131	4376	2911726000	39
2017.02.21	07:00:00	1.25129	1.25142	1.25090	1.25127	3813	2331172000	38
2017.02.21	08:00:00	1.25128	1.25207	1.25103	1.25178	5035	2830925000	38
2017.02.21	09:00:00	1.25177	1.25195	1.24948	1.25025	5915	3668066000	33
2017.02.21	10:00:00	1.25024	1.25134	1.24963	1.25071	9025	5954518000	33
2017.02.21	11:00:00	1.25071	1.25422	1.25057	1.25409	9938	6784983000	33
2017.02.21	12:00:00	1.25410	1.25514	1.25220	1.25260	7911	5569941000	33
2017.02.21	13:00:00	1.25260	1.25445	1.25223	1.25360	8109	5798466000	33
2017.02.21	14:00:00	1.25363	1.25373	1.25250	1.25304	7883	6020967000	33
2017.02.21	15:00:00	1.25303	1.25475	1.25272	1.25388	7501	5644980000	33
2017.02.21	16:00:00	1.25388	1.25515	1.25341	1.25497	9521	7273473000	33
2017.02.21	17:00:00	1.25495	1.25920	1.25444	1.25839	11576	7966345000	33
2017.02.21	18:00:00	1.25843	1.25888	1.25661	1.25666	10444	7689922000	33
2017.02.21	19:00:00	1.25667	1.25783	1.25660	1.25695	5105	3826033000	33
2017.02.21	20:00:00	1.25697	1.25758	1.25662	1.25733	4411	3621199000	33
2017.02.21	21:00:00	1.25733	1.25793	1.25695	1.25786	4075	3323074000	33
2017.02.21	22:00:00	1.25784	1.25841	1.25751	1.25800	4690	3678309000	33
2017.02.21	23:00:00	1.25800	1.25987	1.25800	1.25856	2471	1399473000	34
2017.02.22	00:00:00	1.25894	1.26561	1.25651	1.25967	115450	1237024000	54
2017.02.22	01:00:00	1.25966	1.26049	1.25936	1.25999	2734	1406009000	42
2017.02.22	02:00:00	1.26003	1.26078	1.25969	1.26063	4865	2463839000	35
2017.02.22	03:00:00	1.26060	1.26078	1.25990	1.26048	4880	2862033000	38
2017.02.22	04:00:00	1.26051	1.26100	1.25989	1.26073	4248	2424813000	38
2017.02.22	05:00:00	1.26072	1.26090	1.26022	1.26046	4206	2762231000	36
2017.02.22	06:00:00	1.26047	1.26127	1.26031	1.26100	3310	2133159000	37
2017.02.22	07:00:00	1.26100	1.26192	1.26089	1.26160	3413	2209122000	38
2017.02.22	08:00:00	1.26160	1.26288	1.26160	1.26192	5839	3963930000	33
2017.02.22	09:00:00	1.26194	1.26417	1.26194	1.26372	8019	5262094000	33
2017.02.22	10:00:00	1.26378	1.26576	1.26152	1.26238	10871	7610215000	33
2017.02.22	11:00:00	1.26238	1.26358	1.25940	1.25998	11855	8676415000	33
2017.02.22	12:00:00	1.25998	1.26182	1.25952	1.26121	9488	7737516000	33
2017.02.22	13:00:00	1.26121	1.26124	1.25945	1.26033	8522	6491837000	33
2017.02.22	14:00:00	1.26033	1.26074	1.25914	1.25972	7749	6058265000	33
2017.02.22	15:00:00	1.25970	1.26067	1.25921	1.25958	9119	7176119000	33
2017.02.22	16:00:00	1.25958	1.26206	1.25882	1.26185	9587	7165116000	33
2017.02.22	17:00:00	1.26183	1.26244	1.25861	1.25995	14948	11598561000	33
2017.02.22	18:00:00	1.25995	1.26080	1.25883	1.25918	10908	8075367000	33
2017.02.22	19:00:00	1.25918	1.25923	1.25700	1.25795	8263	5847459000	33
2017.02.22	20:00:00	1.25793	1.25901	1.25708	1.25708	5939	4747917000	33
2017.02.22	21:00:00	1.25706	1.25899	1.25615	1.25731	11776	8472203000	33
2017.02.22	22:00:00	1.25732	1.25797	1.25668	1.25786	5550	3844904000	33
2017.02.22	23:00:00	1.25785	1.25823	1.25750	1.25769	2679	1370628000	36
2017.02.23	00:00:00	1.25757	1.26404	1.25577	1.25858	97276	836428000	0
2017.02.23	01:00:00	1.25865	1.25932	1.25851	1.25869	2746	1490571000	39
2017.02.23	02:00:00	1.25879	1.25893	1.25738	1.25768	4240	2114200000	43
2017.02.23	03:00:00	1.25767	1.25786	1.25654	1.25678	4404	2262327000	41
2017.02.23	04:00:00	1.25680	1.25773	1.25662	1.25744	4086	2440619000	33
2017.02.23	05:00:00	1.25744	1.25795	1.25719	1.25753	3858	2195427000	39
2017.02.23	06:00:00	1.25753	1.25773	1.25677	1.25677	3612	2156090000	39
2017.02.23	07:00:00	1.25678	1.25735	1.25635	1.25694	4214	2616957000	35
2017.02.23	08:00:00	1.25693	1.25730	1.25616	1.25657	4652	2782843000	36
2017.02.23	09:00:00	1.25666	1.25862	1.25637	1.25810	7721	5049105000	33
2017.02.23	10:00:00	1.25812	1.25990	1.25774	1.25886	7407	5603221000	33
2017.02.23	11:00:00	1.25888	1.26136	1.25843	1.26063	7947	6318039000	33
2017.02.23	12:00:00	1.26063	1.26074	1.25711	1.25714	7124	5677063000	33
2017.02.23	13:00:00	1.25714	1.25931	1.25713	1.25931	6959	5429387000	33
2017.02.23	14:00:00	1.25930	1.26118	1.25900	1.26011	10977	7164766000	33
2017.02.23	15:00:00	1.26016	1.26092	1.25842	1.25934	11756	8705733000	33
2017.02.23	16:00:00	1.25931	1.26084	1.25862	1.25940	9867	6918370000	33
2017.02.23	17:00:00	1.25940	1.26318	1.25837	1.26173	10733	7438118000	33
2017.02.23	18:00:00	1.26171	1.26318	1.26169	1.26237	10854	7856914000	33
2017.02.23	19:00:00	1.26237	1.26419	1.26231	1.26400	7408	4946878000	33
2017.02.23	20:00:00	1.26394	1.26401	1.26301	1.26370	5872	3927025000	33
2017.02.23	21:00:00	1.26368	1.26400	1.26250	1.26277	3998	2561000000	33
2017.02.23	22:00:00	1.26277	1.26304	1.26202	1.26276	3109	1928975000	33
2017.02.23	23:00:00	1.26277	1.26394	1.26240	1.26300	2856	1457692000	33
2017.02.24	00:00:00	1.26273	1.26419	1.25276	1.26307	99736	586524000	69
2017.02.24	01:00:00	1.26335	1.26377	1.26292	1.26296	3022	1523888000	43
2017.02.24	02:00:00	1.26295	1.26363	1.26281	1.26338	4759	2052565000	39
2017.02.24	03:00:00	1.26339	1.26369	1.26282	1.26311	4821	2605097000	38
2017.02.24	04:00:00	1.26311	1.26345	1.26248	1.26297	3763	1915970000	36
2017.02.24	05:00:00	1.26298	1.26345	1.26273	1.26303	4275	2430133000	39
2017.02.24	06:00:00	1.26305	1.26336	1.26243	1.26304	3666	2059045000	40
2017.02.24	07:00:00	1.26304	1.26340	1.26271	1.26329	3401	2019394000	38
2017.02.24	08:00:00	1.26328	1.26432	1.26305	1.26342	5005	2822364000	37
2017.02.24	09:00:00	1.26342	1.26342	1.26099	1.26173	6550	4116624000	33
2017.02.24	10:00:00	1.26173	1.26249	1.25978	1.26154	9361	6893293000	33
2017.02.24	11:00:00	1.26154	1.26206	1.25925	1.26010	9186	6519963000	33
2017.02.24	12:00:00	1.26010	1.26267	1.25981	1.26133	7010	5331534000	33
2017.02.24	13:00:00	1.26133	1.26192	1.25903	1.26022	8365	5982040000	33
2017.02.24	14:00:00	1.26022	1.26169	1.25947	1.26005	8243	5941810000	33
2017.02.24	15:00:00	1.26005	1.26033	1.25797	1.25856	8663	6293292000	33
2017.02.24	16:00:00	1.25857	1.25959	1.25624	1.25878	12644	8433857000	33
2017.02.24	17:00:00	1.25883	1.25936	1.25479	1.25708	11921	8231439000	33
2017.02.24	18:00:00	1.25707	1.25792	1.25559	1.25657	9431	6603817000	33
2017.02.24	19:00:00	1.25659	1.25664	1.25281	1.25465	9036	6485548000	33
2017.02.24	20:00:00	1.25465	1.25478	1.25360	1.25446	5129	3543593000	33
2017.02.24	21:00:00	1.25446	1.25485	1.25391	1.25453	6282	4402710000	33
2017.02.24	22:00:00	1.25455	1.25515	1.25396	1.25484	4839	3172993000	33
2017.02.24	23:00:00	1.25483	1.25584	1.25468	1.25534	1635	865134000	33
2017.02.27	00:00:00	1.25590	1.25636	1.24820	1.25469	99101	1081104000	0
2017.02.27	01:00:00	1.25470	1.25517	1.24955	1.25087	8948	4318166000	33
2017.02.27	02:00:00	1.25087	1.25281	1.25034	1.25119	5942	3015012000	35
2017.02.27	03:00:00	1.25119	1.25147	1.25079	1.25101	5226	2777434000	38
2017.02.27	04:00:00	1.25097	1.25128	1.25039	1.25095	3999	2259106000	40
2017.02.27	05:00:00	1.25095	1.25229	1.25061	1.25212	4020	2271512000	37
2017.02.27	06:00:00	1.25212	1.25255	1.25176	1.25213	4586	2755627000	36
2017.02.27	07:00:00	1.25213	1.25305	1.25184	1.25283	4289	2592470000	39
2017.02.27	08:00:00	1.25278	1.25286	1.25088	1.25089	5248	2650696000	38
2017.02.27	09:00:00	1.25090	1.25259	1.24921	1.24972	7475	4725647000	33
2017.02.27	10:00:00	1.24969	1.25036	1.24823	1.24978	10245	7605290000	33
2017.02.27	11:00:00	1.24977	1.25201	1.24877	1.25072	9311	6521118000	33
2017.02.27	12:00:00	1.25074	1.25150	1.25002	1.25056	7404	5371760000	33
2017.02.27	13:00:00	1.25057	1.25093	1.24913	1.24993	6551	4640267000	33
2017.02.27	14:00:00	1.24993	1.25043	1.24927	1.25031	5923	4798199000	33
2017.02.27	15:00:00	1.25031	1.25175	1.24941	1.25044	7741	6041417000	33
2017.02.27	16:00:00	1.25044	1.25084	1.24900	1.25002	8744	7020569000	33
2017.02.27	17:00:00	1.25003	1.25456	1.24975	1.25372	14328	9827060000	33
2017.02.27	18:00:00	1.25369	1.25376	1.25213	1.25347	10507	7057782000	33
2017.02.27	19:00:00	1.25350	1.25433	1.25293	1.25423	8112	5569752000	33
2017.02.27	20:00:00	1.25423	1.25530	1.25314	1.25527	7452	4663118000	33
2017.02.27	21:00:00	1.25527	1.25583	1.25490	1.25558	6340	3879884000	33
2017.02.27	22:00:00	1.25557	1.25560	1.25501	1.25515	4256	2587379000	34
2017.02.27	23:00:00	1.25519	1.25582	1.25460	1.25487	1916	1039606000	33
2017.02.28	00:00:00	1.25481	1.25577	1.24417	1.25510	97937	369874000	0
2017.02.28	01:00:00	1.25513	1.25548	1.25457	1.25537	1794	849200000	43
2017.02.28	02:00:00	1.25537	1.25592	1.25418	1.25465	5555	1935636000	33
2017.02.28	03:00:00	1.25464	1.25491	1.25380	1.25442	4423	2372639000	41
2017.02.28	04:00:00	1.25440	1.25462	1.25357	1.25383	3901	2170569000	33
2017.02.28	05:00:00	1.25383	1.25387	1.25323	1.25329	3327	2011069000	40
2017.02.28	06:00:00	1.25328	1.25368	1.25258	1.25295	3719	2083982000	34
2017.02.28	07:00:00	1.25296	1.25355	1.25280	1.25282	3930	2310279000	39
2017.02.28	08:00:00	1.25282	1.25350	1.25179	1.25179	5273	2976592000	38
2017.02.28	09:00:00	1.25178	1.25200	1.25019	1.25109	8069	4198662000	33
2017.02.28	10:00:00	1.25109	1.25297	1.25024	1.25181	9320	5860562000	33
2017.02.28	11:00:00	1.25181	1.25203	1.24846	1.24851	7599	4823342000	33
2017.02.28	12:00:00	1.24859	1.25059	1.24820	1.24974	8306	5313955000	33
2017.02.28	13:00:00	1.24971	1.25040	1.24810	1.24969	7311	4493397000	33
2017.02.28	14:00:00	1.24971	1.24971	1.24763	1.24833	7786	4939775000	33
2017.02.28	15:00:00	1.24833	1.24874	1.24729	1.24862	9715	6989677000	33
2017.02.28	16:00:00	1.24862	1.24964	1.24830	1.24840	9144	6016658000	33
2017.02.28	17:00:00	1.24841	1.25019	1.24479	1.24610	14843	8917408000	33
2017.02.28	18:00:00	1.24608	1.24669	1.24457	1.24520	11365	6422567000	33
2017.02.28	19:00:00	1.24524	1.24543	1.24434	1.24522	7989	5758787000	33
2017.02.28	20:00:00	1.24522	1.24598	1.24451	1.24564	5815	4061686000	34
2017.02.28	21:00:00	1.24565	1.24643	1.24519	1.24581	6035	3650601000	33
2017.02.28	22:00:00	1.24581	1.24629	1.24527	1.24603	6600	4406349000	33
2017.02.28	23:00:00	1.24608	1.24702	1.24454	1.24507	5540	3069999000	33
2017.03.01	00:00:00	1.24490	1.24991	1.23859	1.24507	116613	444544000	0
2017.03.01	01:00:00	1.24505	1.24616	1.24505	1.24587	3811	2055394000	36
2017.03.01	02:00:00	1.24581	1.24661	1.24547	1.24625	5312	2715114000	33
2017.03.01	03:00:00	1.24624	1.24753	1.24622	1.24712	8301	3865485000	33
2017.03.01	04:00:00	1.24710	1.24772	1.24570	1.24625	11576	6391138000	36
2017.03.01	05:00:00	1.24626	1.24712	1.24610	1.24687	8493	4930701000	36
2017.03.01	06:00:00	1.24688	1.24765	1.24676	1.24712	4475	2585218000	37
2017.03.01	07:00:00	1.24712	1.24795	1.24699	1.24723	3402	1878767000	40
2017.03.01	08:00:00	1.24723	1.24801	1.24635	1.24710	5249	3089553000	37
2017.03.01	09:00:00	1.24710	1.24866	1.24699	1.24848	10481	6109692000	33
2017.03.01	10:00:00	1.24850	1.25005	1.24813	1.24900	10165	7226066000	33
2017.03.01	11:00:00	1.24900	1.25004	1.24746	1.24859	9759	5830826000	33
2017.03.01	12:00:00	1.24858	1.24978	1.24799	1.24813	8381	6628533000	33
2017.03.01	13:00:00	1.24815	1.24829	1.24372	1.24374	10650	7148354000	33
2017.03.01	14:00:00	1.24375	1.24497	1.24294	1.24414	9983	6789962000	33
2017.03.01	15:00:00	1.24414	1.24504	1.24370	1.24463	11902	8011021000	33
2017.03.01	16:00:00	1.24461	1.24505	1.24358	1.24373	10413	6924963000	33
2017.03.01	17:00:00	1.24373	1.24491	1.24205	1.24225	13637	8593977000	33
2017.03.01	18:00:00	1.24225	1.24274	1.24032	1.24052	9553	7082341000	33
2017.03.01	19:00:00	1.24052	1.24090	1.23954	1.24073	6837	4642449000	33
2017.03.01	20:00:00	1.24072	1.24092	1.23958	1.23976	5209	3939779000	33
2017.03.01	21:00:00	1.23976	1.24045	1.23896	1.23914	6056	4358891000	33
2017.03.01	22:00:00	1.23916	1.23979	1.23878	1.23932	5279	3711664000	35
2017.03.01	23:00:00	1.23930	1.24028	1.23897	1.23949	2669	1320205000	37
2017.03.02	00:00:00	1.23993	1.24563	1.23868	1.24040	96674	541250000	0
2017.03.02	01:00:00	1.24042	1.24045	1.23882	1.23948	3587	1727709000	33
2017.03.02	02:00:00	1.23947	1.24089	1.23875	1.24061	4175	2215745000	34
2017.03.02	03:00:00	1.24060	1.24092	1.24008	1.24046	4717	2649974000	38
2017.03.02	04:00:00	1.24044	1.24080	1.24009	1.24030	4349	2370133000	35
2017.03.02	05:00:00	1.24030	1.24102	1.24018	1.24049	4165	2452846000	38
2017.03.02	06:00:00	1.24049	1.24088	1.24016	1.24069	4478	2677211000	40
2017.03.02	07:00:00	1.24067	1.24084	1.24019	1.24044	3920	2205408000	40
2017.03.02	08:00:00	1.24045	1.24130	1.24012	1.24090	5001	2774682000	35
2017.03.02	09:00:00	1.24090	1.24259	1.24035	1.24090	7365	5322680000	33
2017.03.02	10:00:00	1.24090	1.24204	1.24008	1.24057	8840	6781078000	33
2017.03.02	11:00:00	1.24057	1.24125	1.23967	1.23980	9442	6166619000	33
2017.03.02	12:00:00	1.23979	1.24093	1.23889	1.24091	7763	5671530000	33
2017.03.02	13:00:00	1.24091	1.24264	1.24058	1.24251	7062	5379618000	33
2017.03.02	14:00:00	1.24253	1.24578	1.24165	1.24471	9283	7213071000	33
2017.03.02	15:00:00	1.24469	1.24546	1.24346	1.24422	8893	6899081000	33
2017.03.02	16:00:00	1.24422	1.24472	1.24161	1.24187	10183	7070766000	33
2017.03.02	17:00:00	1.24192	1.24314	1.24058	1.24181	12492	8579182000	33
2017.03.02	18:00:00	1.24181	1.24237	1.24076	1.24106	9280	6387008000	33
2017.03.02	19:00:00	1.24107	1.24321	1.24097	1.24291	6697	4702343000	33
2017.03.02	20:00:00	1.24293	1.24321	1.24212	1.24310	5841	3698373000	33
2017.03.02	21:00:00	1.24310	1.24334	1.24137	1.24300	5752	4220153000	33
2017.03.02	22:00:00	1.24280	1.24289	1.24209	1.24276	4821	3358040000	33
2017.03.02	23:00:00	1.24277	1.24354	1.24250	1.24313	2783	1329292000	33
2017.03.03	00:00:00	1.24285	1.24370	1.23445	1.24294	102318	693126000	0
2017.03.03	01:00:00	1.24294	1.24367	1.24268	1.24336	2248	1095858000	43
2017.03.03	02:00:00	1.24336	1.24381	1.24298	1.24300	3035	1617989000	35
2017.03.03	03:00:00	1.24300	1.24311	1.24162	1.24163	4361	2271462000	38
2017.03.03	04:00:00	1.24164	1.24342	1.24138	1.24228	5278	2917772000	39
2017.03.03	05:00:00	1.24229	1.24279	1.24207	1.24241	4946	2968006000	38
2017.03.03	06:00:00	1.24243	1.24252	1.24171	1.24204	4543	2712336000	39
2017.03.03	07:00:00	1.24205	1.24216	1.24129	1.24129	4206	2542207000	41
2017.03.03	08:00:00	1.24132	1.24202	1.24075	1.24109	4822	2966765000	33
2017.03.03	09:00:00	1.24110	1.24227	1.24047	1.24184	5759	4108020000	33
2017.03.03	10:00:00	1.24182	1.24263	1.24070	1.24159	8154	6333606000	33
2017.03.03	11:00:00	1.24159	1.24229	1.23814	1.23930	8514	6571124000	33
2017.03.03	12:00:00	1.23932	1.23938	1.23555	1.23668	8954	6784278000	33
2017.03.03	13:00:00	1.23668	1.23767	1.23588	1.23725	8524	6457647000	33
2017.03.03	14:00:00	1.23724	1.23812	1.23606	1.23648	8805	7463558000	33
2017.03.03	15:00:00	1.23647	1.23684	1.23517	1.23524	8803	7750411000	33
2017.03.03	16:00:00	1.23524	1.23706	1.23464	1.23666	9471	7103845000	33
2017.03.03	17:00:00	1.23672	1.24027	1.23616	1.23885	13032	9301464000	33
2017.03.03	18:00:00	1.23888	1.23939	1.23822	1.23904	8031	5979828000	33
2017.03.03	19:00:00	1.23904	1.23951	1.23814	1.23899	6531	4871105000	33
2017.03.03	20:00:00	1.23903	1.24124	1.23835	1.24004	12963	9813331000	33
2017.03.03	21:00:00	1.24007	1.24026	1.23816	1.23959	8452	5742730000	33
2017.03.03	22:00:00	1.23959	1.24084	1.23894	1.24055	5370	3266872000	33
2017.03.03	23:00:00	1.24049	1.24069	1.23832	1.23832	2716	1562351000	33
2017.03.06	00:00:00	1.23923	1.24018	1.23568	1.23883	97563	4786438000	0
2017.03.06	01:00:00	1.23890	1.23990	1.23870	1.23940	3022	1401526000	39
2017.03.06	02:00:00	1.23940	1.23954	1.23859	1.23948	4617	2360931000	39
2017.03.06	03:00:00	1.23949	1.23950	1.23844	1.23891	4894	2254038000	36
2017.03.06	04:00:00	1.23893	1.23907	1.23835	1.23893	4210	2413144000	38
2017.03.06	05:00:00	1.23891	1.23899	1.23843	1.23871	4127	2407813000	37
2017.03.06	06:00:00	1.23872	1.23919	1.23864	1.23913	3059	1808837000	39
2017.03.06	07:00:00	1.23913	1.23985	1.23905	1.23922	3726	2048458000	38
2017.03.06	08:00:00	1.23924	1.23975	1.23854	1.23950	3858	1949409000	35
2017.03.06	09:00:00	1.23951	1.23992	1.23749	1.23806	6394	3757255000	33
2017.03.06	10:00:00	1.23806	1.23872	1.23588	1.23617	10412	6691055000	33
2017.03.06	11:00:00	1.23615	1.23838	1.23604	1.23699	11612	8268824000	33
2017.03.06	12:00:00	1.23700	1.23852	1.23693	1.23801	8163	6254159000	34
2017.03.06	13:00:00	1.23801	1.23872	1.23728	1.23817	7667	5725547000	33
2017.03.06	14:00:00	1.23817	1.23868	1.23749	1.23816	6333	5170234000	33
2017.03.06	15:00:00	1.23816	1.23947	1.23798	1.23821	7972	6480873000	33
2017.03.06	16:00:00	1.23821	1.23904	1.23789	1.23833	9375	7008359000	33
2017.03.06	17:00:00	1.23832	1.23948	1.23639	1.23915	11793	8198827000	33
2017.03.06	18:00:00	1.23912	1.23960	1.23763	1.23819	9332	5998317000	33
2017.03.06	19:00:00	1.23822	1.23857	1.23731	1.23800	5427	3952235000	33
2017.03.06	20:00:00	1.23800	1.23898	1.23772	1.23793	4685	3881654000	33
2017.03.06	21:00:00	1.23793	1.23846	1.23768	1.23804	4533	3065960000	33
2017.03.06	22:00:00	1.23803	1.23818	1.23713	1.23778	4955	2954564000	33
2017.03.06	23:00:00	1.23778	1.23856	1.23756	1.23766	2590	1264272000	36
2017.03.07	00:00:00	1.23846	1.24017	1.23452	1.23865	91962	583480000	0
2017.03.07	01:00:00	1.23867	1.23901	1.23833	1.23847	1970	964114000	33
2017.03.07	02:00:00	1.23849	1.23873	1.23804	1.23869	3196	1390999000	39
2017.03.07	03:00:00	1.23869	1.23919	1.23841	1.23869	3334	1744023000	37
2017.03.07	04:00:00	1.23869	1.23899	1.23815	1.23836	3422	1640750000	37
2017.03.07	05:00:00	1.23838	1.23879	1.23787	1.23796	4038	2095948000	35
2017.03.07	06:00:00	1.23794	1.23846	1.23787	1.23822	4776	2665041000	36
2017.03.07	07:00:00	1.23825	1.23837	1.23776	1.23827	3639	2455692000	37
2017.03.07	08:00:00	1.23827	1.23827	1.23676	1.23686	3910	2243381000	33
2017.03.07	09:00:00	1.23684	1.23745	1.23551	1.23592	6711	4530581000	33
2017.03.07	10:00:00	1.23592	1.23664	1.23466	1.23604	8984	6494388000	33
2017.03.07	11:00:00	1.23604	1.23860	1.23582	1.23835	8932	7410261000	33
2017.03.07	12:00:00	1.23836	1.23857	1.23639	1.23684	9481	7681621000	33
2017.03.07	13:00:00	1.23687	1.23735	1.23516	1.23633	7732	5887103000	33
2017.03.07	14:00:00	1.23630	1.23768	1.23586	1.23744	7759	6592968000	33
2017.03.07	15:00:00	1.23746	1.23921	1.23680	1.23845	8968	7128621000	33
2017.03.07	16:00:00	1.23844	1.24031	1.23689	1.23758	10746	8796676000	33
2017.03.07	17:00:00	1.23758	1.23842	1.23555	1.23568	10452	8208323000	33
2017.03.07	18:00:00	1.23568	1.23735	1.23533	1.23666	8233	6733721000	33
2017.03.07	19:00:00	1.23670	1.23681	1.23565	1.23618	5696	5043211000	33
2017.03.07	20:00:00	1.23620	1.23675	1.23540	1.23644	4704	3382949000	33
2017.03.07	21:00:00	1.23644	1.23687	1.23613	1.23650	3565	2027573000	34
2017.03.07	22:00:00	1.23650	1.23673	1.23601	1.23631	3553	2184043000	33
2017.03.07	23:00:00	1.23635	1.23661	1.23574	1.23574	2097	1169830000	33
2017.03.08	00:00:00	1.23591	1.23710	1.22948	1.23644	95669	364276000	57
2017.03.08	01:00:00	1.23644	1.23662	1.23598	1.23616	1549	779250000	41
2017.03.08	02:00:00	1.23615	1.23649	1.23567	1.23630	3445	1674554000	39
2017.03.08	03:00:00	1.23634	1.23687	1.23629	1.23684	4333	2297636000	37
2017.03.08	04:00:00	1.23684	1.23715	1.23646	1.23695	3166	1825026000	39
2017.03.08	05:00:00	1.23695	1.23724	1.23676	1.23706	3471	1851484000	39
2017.03.08	06:00:00	1.23704	1.23718	1.23682	1.23692	2599	1496481000	36
2017.03.08	07:00:00	1.23695	1.23704	1.23657	1.23686	2051	1240540000	39
2017.03.08	08:00:00	1.23689	1.23724	1.23669	1.23676	2895	1856419000	33
2017.03.08	09:00:00	1.23675	1.23697	1.23347	1.23437	7364	4944962000	33
2017.03.08	10:00:00	1.23437	1.23512	1.23328	1.23340	10332	8180835000	33
2017.03.08	11:00:00	1.23339	1.23387	1.23167	1.23191	8992	6788327000	33
2017.03.08	12:00:00	1.23189	1.23237	1.23072	1.23072	8200	5713854000	33
2017.03.08	13:00:00	1.23073	1.23153	1.22966	1.23023	8627	6154415000	33
2017.03.08	14:00:00	1.23023	1.23419	1.23020	1.23367	8948	6729205000	33
2017.03.08	15:00:00	1.23368	1.23553	1.23241	1.23444	12680	9595349000	33
2017.03.08	16:00:00	1.23443	1.23463	1.23324	1.23411	10446	7795268000	33
2017.03.08	17:00:00	1.23411	1.23469	1.23198	1.23437	11211	8380472000	33
2017.03.08	18:00:00	1.23439	1.23443	1.23182	1.23265	9788	7008975000	33
2017.03.08	19:00:00	1.23266	1.23366	1.23240	1.23357	6329	4155386000	33
2017.03.08	20:00:00	1.23361	1.23466	1.23349	1.23373	6873	4897959000	33
2017.03.08	21:00:00	1.23375	1.23463	1.23360	1.23438	5350	3325913000	33
2017.03.08	22:00:00	1.23438	1.23464	1.23406	1.23434	4489	2479788000	33
2017.03.08	23:00:00	1.23434	1.23497	1.23391	1.23399	2282	1078100000	36
2017.03.09	00:00:00	1.23453	1.23636	1.22928	1.23469	123471	595523000	38
2017.03.09	01:00:00	1.23472	1.23534	1.23465	1.23470	2214	1064005000	41
2017.03.09	02:00:00	1.23470	1.23510	1.23449	1.23471	3390	1071550000	40
2017.03.09	03:00:00	1.23471	1.23509	1.23413	1.23445	4227	1604397000	34
2017.03.09	04:00:00	1.23445	1.23456	1.23405	1.23448	4758	2481310000	36
2017.03.09	05:00:00	1.23447	1.23543	1.23438	1.23456	3696	1703778000	36
2017.03.09	06:00:00	1.23456	1.23533	1.23448	1.23526	3402	1704276000	37
2017.03.09	07:00:00	1.23525	1.23530	1.23411	1.23455	2625	1276662000	34
2017.03.09	08:00:00	1.23455	1.23500	1.23409	1.23460	5552	3095197000	33
2017.03.09	09:00:00	1.23462	1.23513	1.23360	1.23395	8243	5325544000	33
2017.03.09	10:00:00	1.23394	1.23465	1.23329	1.23356	11476	8265660000	33
2017.03.09	11:00:00	1.23349	1.23406	1.23239	1.23328	11553	8120296000	33
2017.03.09	12:00:00	1.23328	1.23350	1.23189	1.23268	9111	6425622000	33
2017.03.09	13:00:00	1.23267	1.23401	1.23195	1.23267	8830	6266619000	33
2017.03.09	14:00:00	1.23268	1.23603	1.23240	1.23542	10778	7521859000	33
2017.03.09	15:00:00	1.23545	1.23652	1.23452	1.23554	16455	12795251000	33
2017.03.09	16:00:00	1.23554	1.23600	1.23372	1.23372	16565	12504179000	33
2017.03.09	17:00:00	1.23371	1.23396	1.23009	1.23244	15569	9465828000	33
2017.03.09	18:00:00	1.23244	1.23324	1.23197	1.23223	11560	5666129000	33
2017.03.09	19:00:00	1.23223	1.23301	1.23164	1.23267	6605	3939159000	33
2017.03.09	20:00:00	1.23268	1.23415	1.22956	1.23007	8039	5335833000	33
2017.03.09	21:00:00	1.23005	1.23052	1.22944	1.22968	6868	4071585000	33
2017.03.09	22:00:00	1.22972	1.23107	1.22946	1.23082	5295	3426620000	33
2017.03.09	23:00:00	1.23084	1.23245	1.23063	1.23096	3937	1925444000	27
2017.03.10	00:00:00	1.23056	1.23216	1.22665	1.23020	116595	1075814000	48
2017.03.10	01:00:00	1.23022	1.23111	1.22980	1.23023	2630	1565990000	33
2017.03.10	02:00:00	1.23027	1.23063	1.22991	1.23043	5386	2400142000	40
2017.03.10	03:00:00	1.23043	1.23088	1.23004	1.23061	4388	2341361000	37
2017.03.10	04:00:00	1.23060	1.23093	1.23019	1.23046	4051	2253222000	34
2017.03.10	05:00:00	1.23047	1.23057	1.22986	1.23039	3216	1790694000	36
2017.03.10	06:00:00	1.23040	1.23059	1.22986	1.23038	2488	1363468000	38
2017.03.10	07:00:00	1.23036	1.23089	1.22967	1.23080	4269	2104827000	36
2017.03.10	08:00:00	1.23078	1.23120	1.23019	1.23117	3925	2172671000	36
2017.03.10	09:00:00	1.23115	1.23209	1.23008	1.23086	7102	4606104000	33
2017.03.10	10:00:00	1.23086	1.23188	1.22921	1.23115	9758	8229175000	33
2017.03.10	11:00:00	1.23113	1.23233	1.23089	1.23171	8395	7020915000	33
2017.03.10	12:00:00	1.23170	1.23227	1.22986	1.23055	8155	6143356000	33
2017.03.10	13:00:00	1.23056	1.23131	1.22885	1.22938	9056	6710223000	33
2017.03.10	14:00:00	1.22939	1.23091	1.22900	1.23084	7659	5882980000	33
2017.03.10	15:00:00	1.23083	1.23186	1.22886	1.23015	15548	10405327000	33
2017.03.10	16:00:00	1.23016	1.23020	1.22782	1.22852	14007	9153819000	33
2017.03.10	17:00:00	1.22850	1.22950	1.22680	1.22900	17783	10754146000	33
2017.03.10	18:00:00	1.22901	1.22920	1.22693	1.22819	13146	7406862000	33
2017.03.10	19:00:00	1.22818	1.22938	1.22798	1.22916	8089	5914717000	33
2017.03.10	20:00:00	1.22918	1.22951	1.22846	1.22853	6610	4471654000	33
2017.03.10	21:00:00	1.22856	1.22928	1.22829	1.22900	6424	4902189000	33
2017.03.10	22:00:00	1.22900	1.23003	1.22880	1.22959	4826	3039848000	33
2017.03.10	23:00:00	1.22955	1.23023	1.22903	1.22951	2981	1181913000	40
2017.03.13	00:00:00	1.22892	1.23670	1.22742	1.22868	104422	871894000	50
2017.03.13	01:00:00	1.22861	1.22888	1.22798	1.22874	2164	1075250000	41
2017.03.13	02:00:00	1.22877	1.22921	1.22830	1.22871	4500	2410937000	37
2017.03.13	03:00:00	1.22869	1.22896	1.22808	1.22859	6579	3800198000	36
2017.03.13	04:00:00	1.22859	1.22869	1.22804	1.22857	5868	3233397000	38
2017.03.13	05:00:00	1.22857	1.22871	1.22789	1.22804	4463	2600996000	37
2017.03.13	06:00:00	1.22804	1.22820	1.22771	1.22784	4354	2341562000	38
2017.03.13	07:00:00	1.22784	1.22830	1.22761	1.22779	4014	1928704000	36
2017.03.13	08:00:00	1.22779	1.23005	1.22762	1.22960	6928	3342187000	34
2017.03.13	09:00:00	1.22961	1.23685	1.22961	1.23547	10663	6196100000	33
2017.03.13	10:00:00	1.23549	1.23619	1.23402	1.23443	11798	9483769000	33
2017.03.13	11:00:00	1.23447	1.23482	1.22909	1.22962	10739	7791311000	33
2017.03.13	12:00:00	1.22962	1.23110	1.22931	1.23022	9744	7369446000	33
2017.03.13	13:00:00	1.23022	1.23295	1.22961	1.23291	11164	8297466000	33
2017.03.13	14:00:00	1.23293	1.23299	1.23176	1.23202	8560	6650962000	33
2017.03.13	15:00:00	1.23203	1.23266	1.23131	1.23232	9263	6608364000	33
2017.03.13	16:00:00	1.23232	1.23261	1.23087	1.23124	9726	6945842000	33
2017.03.13	17:00:00	1.23126	1.23270	1.23077	1.23159	10098	6771301000	33
2017.03.13	18:00:00	1.23159	1.23198	1.23071	1.23124	7832	5563480000	33
2017.03.13	19:00:00	1.23124	1.23192	1.23089	1.23179	6756	4076357000	33
2017.03.13	20:00:00	1.23180	1.23250	1.23133	1.23142	4926	2805511000	33
2017.03.13	21:00:00	1.23144	1.23168	1.23019	1.23080	5185	2800898000	33
2017.03.13	22:00:00	1.23080	1.23113	1.23013	1.23044	2295	1299954000	33
2017.03.13	23:00:00	1.23028	1.23106	1.22984	1.23059	1828	738670000	49
2017.03.14	00:00:00	1.23036	1.23111	1.22119	1.23034	97439	580283000	0
2017.03.14	01:00:00	1.23036	1.23076	1.22943	1.22966	2973	1333187000	33
2017.03.14	02:00:00	1.22966	1.22997	1.22914	1.22975	2920	1554868000	36
2017.03.14	03:00:00	1.22975	1.23012	1.22943	1.22970	4284	2197179000	36
2017.03.14	04:00:00	1.22971	1.22990	1.22899	1.22919	3500	1707987000	38
2017.03.14	05:00:00	1.22925	1.22978	1.22896	1.22936	2304	1349479000	37
2017.03.14	06:00:00	1.22937	1.22971	1.22923	1.22945	2761	1523664000	38
2017.03.14	07:00:00	1.22945	1.22962	1.22895	1.22912	2085	1158890000	33
2017.03.14	08:00:00	1.22912	1.22913	1.22493	1.22623	8126	3907115000	33
2017.03.14	09:00:00	1.22624	1.22640	1.22372	1.22508	9631	5715484000	33
2017.03.14	10:00:00	1.22509	1.22548	1.22183	1.22252	12473	8144759000	33
2017.03.14	11:00:00	1.22252	1.22385	1.22133	1.22228	9229	6452966000	33
2017.03.14	12:00:00	1.22236	1.22335	1.22146	1.22298	7854	6963402000	33
2017.03.14	13:00:00	1.22296	1.22411	1.22272	1.22303	7601	5756199000	33
2017.03.14	14:00:00	1.22303	1.22511	1.22260	1.22476	10004	7840710000	33
2017.03.14	15:00:00	1.22476	1.22662	1.22393	1.22471	10038	7737243000	33
2017.03.14	16:00:00	1.22473	1.22604	1.22347	1.22430	12265	8439820000	33
2017.03.14	17:00:00	1.22432	1.22645	1.22412	1.22590	9078	7162832000	33
2017.03.14	18:00:00	1.22591	1.22623	1.22458	1.22476	7772	5637572000	33
2017.03.14	19:00:00	1.22476	1.22673	1.22474	1.22673	6073	4000464000	33
2017.03.14	20:00:00	1.22673	1.22802	1.22631	1.22783	6220	3612048000	33
2017.03.14	21:00:00	1.22784	1.22830	1.22711	1.22753	5622	3427703000	33
2017.03.14	22:00:00	1.22754	1.22785	1.22712	1.22729	2615	1473914000	33
2017.03.14	23:00:00	1.22660	1.22774	1.22641	1.22729	2091	1067356000	57
2017.03.15	00:00:00	1.22732	1.23583	1.22596	1.22692	112386	440914000	0
2017.03.15	01:00:00	1.22693	1.22712	1.22676	1.22697	1227	681641000	38
2017.03.15	02:00:00	1.22697	1.22755	1.22687	1.22730	3556	1994620000	37
2017.03.15	03:00:00	1.22730	1.22761	1.22672	1.22731	3389	1733660000	34
2017.03.15	04:00:00	1.22729	1.22739	1.22669	1.22670	2878	1573360000	33
2017.03.15	05:00:00	1.22670	1.22712	1.22618	1.22679	2208	1192193000	34
2017.03.15	06:00:00	1.22680	1.22751	1.22678	1.22746	3109	1578006000	36
2017.03.15	07:00:00	1.22747	1.22855	1.22742	1.22840	3175	1531845000	38
2017.03.15	08:00:00	1.22838	1.23588	1.22815	1.23216	9223	4447876000	33
2017.03.15	09:00:00	1.23217	1.23255	1.23050	1.23187	8438	5324073000	33
2017.03.15	10:00:00	1.23185	1.23359	1.23127	1.23239	8998	6034037000	33
2017.03.15	11:00:00	1.23239	1.23328	1.22877	1.23069	11438	7603804000	33
2017.03.15	12:00:00	1.23069	1.23080	1.22884	1.22999	7621	4977410000	33
2017.03.15	13:00:00	1.22999	1.23043	1.22917	1.23007	6682	4994193000	33
2017.03.15	14:00:00	1.23005	1.23099	1.22962	1.23020	7863	6240136000	33
2017.03.15	15:00:00	1.23017	1.23165	1.22979	1.23108	8135	6400909000	33
2017.03.15	16:00:00	1.23108	1.23124	1.22939	1.22960	8945	6436244000	33
2017.03.15	17:00:00	1.22961	1.23201	1.22932	1.23167	8633	6733450000	33
2017.03.15	18:00:00	1.23171	1.23208	1.23089	1.23120	8584	5836040000	33
2017.03.15	19:00:00	1.23120	1.23179	1.22997	1.23018	7748	5355648000	33
2017.03.15	20:00:00	1.23011	1.23215	1.22776	1.23000	20976	12486377000	33
2017.03.15	21:00:00	1.23000	1.23043	1.22869	1.22908	12873	8285788000	33
2017.03.15	22:00:00	1.22908	1.23006	1.22793	1.22897	6920	4071339000	33
2017.03.15	23:00:00	1.22910	1.23028	1.22831	1.22931	2336	1160239000	33
2017.03.16	00:00:00	1.22914	1.23303	1.22239	1.22996	123740	1979656000	35
2017.03.16	01:00:00	1.22991	1.22999	1.22763	1.22806	3346	1721420000	40
2017.03.16	02:00:00	1.22807	1.22818	1.22632	1.22644	6708	3769996000	37
2017.03.16	03:00:00	1.22646	1.22712	1.22601	1.22656	5264	2976060000	38
2017.03.16	04:00:00	1.22657	1.22711	1.22630	1.22662	4810	2522000000	33
2017.03.16	05:00:00	1.22663	1.22703	1.22615	1.22653	6734	3723396000	36
2017.03.16	06:00:00	1.22651	1.22669	1.22599	1.22647	4156	2178054000	38
2017.03.16	07:00:00	1.22647	1.22666	1.22578	1.22582	3466	1673963000	39
2017.03.16	08:00:00	1.22583	1.22693	1.22493	1.22677	6223	3365057000	36
2017.03.16	09:00:00	1.22683	1.22744	1.22502	1.22682	11748	7787594000	33
2017.03.16	10:00:00	1.22677	1.22796	1.22532	1.22536	10350	7040058000	33
2017.03.16	11:00:00	1.22535	1.22619	1.22343	1.22414	8551	6708869000	33
2017.03.16	12:00:00	1.22409	1.22535	1.22377	1.22383	9371	7190542000	33
2017.03.16	13:00:00	1.22382	1.22408	1.22255	1.22325	9125	6783072000	33
2017.03.16	14:00:00	1.22325	1.23282	1.22321	1.23248	16967	10535145000	33
2017.03.16	15:00:00	1.23248	1.23317	1.23075	1.23103	12087	8920771000	33
2017.03.16	16:00:00	1.23103	1.23155	1.23020	1.23101	11292	8102086000	33
2017.03.16	17:00:00	1.23101	1.23188	1.22931	1.23092	11708	8269994000	33
2017.03.16	18:00:00	1.23092	1.23154	1.23016	1.23128	8997	6810356000	33
2017.03.16	19:00:00	1.23128	1.23252	1.23087	1.23175	7874	5770432000	33
2017.03.16	20:00:00	1.23174	1.23236	1.23093	1.23133	7582	4953251000	33
2017.03.16	21:00:00	1.23134	1.23191	1.22987	1.23100	8775	6521164000	33
2017.03.16	22:00:00	1.23101	1.23141	1.22992	1.23128	3568	2081700000	33
2017.03.16	23:00:00	1.23114	1.23138	1.23003	1.23091	2022	883240000	42
2017.03.17	00:00:00	1.23115	1.23775	1.22872	1.23068	97695	1275896000	40
2017.03.17	01:00:00	1.23067	1.23112	1.22954	1.23002	2121	970433000	35
2017.03.17	02:00:00	1.23004	1.23093	1.22997	1.23088	3124	1649191000	39
2017.03.17	03:00:00	1.23089	1.23098	1.22984	1.23009	3923	2234681000	37
2017.03.17	04:00:00	1.23008	1.23066	1.22956	1.23050	2311	1128731000	33
2017.03.17	05:00:00	1.23052	1.23095	1.23037	1.23074	2282	1239468000	33
2017.03.17	06:00:00	1.23074	1.23136	1.23051	1.23124	1962	1121102000	33
2017.03.17	07:00:00	1.23124	1.23165	1.23089	1.23115	2363	1390691000	37
2017.03.17	08:00:00	1.23118	1.23262	1.23107	1.23166	4732	2619728000	33
2017.03.17	09:00:00	1.23168	1.23209	1.22883	1.22997	10468	6676442000	33
2017.03.17	10:00:00	1.22997	1.23424	1.22932	1.23303	9969	7129735000	33
2017.03.17	11:00:00	1.23303	1.23376	1.23157	1.23225	9112	6245142000	33
2017.03.17	12:00:00	1.23225	1.23292	1.23097	1.23242	9595	6628691000	33
2017.03.17	13:00:00	1.23248	1.23334	1.22923	1.23237	12734	8809204000	33
2017.03.17	14:00:00	1.23242	1.23270	1.23087	1.23091	9440	5931313000	33
2017.03.17	15:00:00	1.23091	1.23281	1.23034	1.23226	10172	7720513000	33
2017.03.17	16:00:00	1.23223	1.23377	1.23175	1.23346	10698	7604454000	33
2017.03.17	17:00:00	1.23347	1.23479	1.23273	1.23430	10619	7466669000	33
2017.03.17	18:00:00	1.23429	1.23569	1.23385	1.23561	8894	5965179000	33
2017.03.17	19:00:00	1.23559	1.23590	1.23459	1.23498	6431	4230075000	33
2017.03.17	20:00:00	1.23496	1.23643	1.23473	1.23637	4129	2889433000	33
2017.03.17	21:00:00	1.23640	1.23711	1.23624	1.23661	4343	3027050000	33
2017.03.17	22:00:00	1.23662	1.23776	1.23640	1.23672	2889	1459909000	33
2017.03.20	00:00:00	1.23580	1.23940	1.23070	1.23563	86323	843044000	47
2017.03.20	01:00:00	1.23562	1.23563	1.23499	1.23501	1361	700762000	47
2017.03.20	02:00:00	1.23503	1.23503	1.23378	1.23398	2394	1218696000	37
2017.03.20	03:00:00	1.23398	1.23430	1.23378	1.23400	3535	2063619000	39
2017.03.20	04:00:00	1.23400	1.23410	1.23342	1.23357	3407	1951667000	37
2017.03.20	05:00:00	1.23357	1.23387	1.23307	1.23378	2483	1545762000	38
2017.03.20	06:00:00	1.23380	1.23394	1.23350	1.23392	1945	1167578000	37
2017.03.20	07:00:00	1.23392	1.23481	1.23383	1.23468	2218	1165276000	39
2017.03.20	08:00:00	1.23467	1.23507	1.23418	1.23497	3896	2038738000	33
2017.03.20	09:00:00	1.23498	1.23870	1.23494	1.23864	9582	6157147000	33
2017.03.20	10:00:00	1.23865	1.23950	1.23754	1.23767	9840	6972717000	33
2017.03.20	11:00:00	1.23769	1.23954	1.23748	1.23902	9108	7114288000	33
2017.03.20	12:00:00	1.23902	1.23907	1.23737	1.23828	7629	5636427000	33
2017.03.20	13:00:00	1.23825	1.23851	1.23458	1.23521	8967	5699807000	33
2017.03.20	14:00:00	1.23523	1.23579	1.23382	1.23480	9405	7073320000	33
2017.03.20	15:00:00	1.23480	1.23550	1.23413	1.23446	9913	7199687000	33
2017.03.20	16:00:00	1.23447	1.23479	1.23365	1.23390	9356	6486038000	33
2017.03.20	17:00:00	1.23390	1.23418	1.23204	1.23238	9235	6591678000	33
2017.03.20	18:00:00	1.23234	1.23303	1.23082	1.23225	9558	7282827000	33
2017.03.20	19:00:00	1.23230	1.23320	1.23186	1.23279	6295	3752554000	33
2017.03.20	20:00:00	1.23278	1.23345	1.23228	1.23304	4652	2716210000	33
2017.03.20	21:00:00	1.23300	1.23407	1.23298	1.23364	5034	3102105000	33
2017.03.20	22:00:00	1.23363	1.23409	1.23332	1.23338	3313	1966253000	34
2017.03.20	23:00:00	1.23267	1.23432	1.23211	1.23390	1877	579760000	48
2017.03.21	00:00:00	1.23292	1.24223	1.23158	1.23434	110972	836280000	0
2017.03.21	01:00:00	1.23433	1.23566	1.23427	1.23512	3365	1551950000	33
2017.03.21	02:00:00	1.23512	1.23516	1.23374	1.23398	5414	2676291000	33
2017.03.21	03:00:00	1.23403	1.23462	1.23365	1.23451	4867	2298180000	33
2017.03.21	04:00:00	1.23451	1.23464	1.23369	1.23389	3109	1597092000	34
2017.03.21	05:00:00	1.23389	1.23490	1.23389	1.23465	2869	1696807000	33
2017.03.21	06:00:00	1.23465	1.23486	1.23392	1.23404	1965	1070610000	36
2017.03.21	07:00:00	1.23403	1.23414	1.23252	1.23284	2900	1511051000	36
2017.03.21	08:00:00	1.23286	1.23390	1.23174	1.23370	4813	2490011000	33
2017.03.21	09:00:00	1.23369	1.23423	1.23207	1.23207	8961	5814525000	33
2017.03.21	10:00:00	1.23207	1.23435	1.23189	1.23312	10056	7207233000	33
2017.03.21	11:00:00	1.23305	1.24067	1.23297	1.24062	13039	7991763000	33
2017.03.21	12:00:00	1.24062	1.24234	1.24052	1.24122	10037	6643099000	33
2017.03.21	13:00:00	1.24122	1.24163	1.23944	1.24052	9928	6955677000	33
2017.03.21	14:00:00	1.24052	1.24109	1.23921	1.23980	9074	6637540000	33
2017.03.21	15:00:00	1.23980	1.23982	1.23810	1.23872	10272	7394088000	33
2017.03.21	16:00:00	1.23870	1.23941	1.23652	1.23671	13908	9395367000	33
2017.03.21	17:00:00	1.23671	1.24062	1.23642	1.23983	15346	10314149000	33
2017.03.21	18:00:00	1.23984	1.24033	1.23853	1.23914	10277	6623641000	33
2017.03.21	19:00:00	1.23913	1.24011	1.23892	1.23912	8127	5505604000	33
2017.03.21	20:00:00	1.23912	1.24116	1.23900	1.24093	7090	4470611000	33
2017.03.21	21:00:00	1.24096	1.24138	1.24068	1.24075	6174	4040098000	33
2017.03.21	22:00:00	1.24075	1.24124	1.23995	1.23996	3141	1794900000	33
2017.03.21	23:00:00	1.23985	1.24011	1.23916	1.23943	1003	249800000	37
2017.03.22	00:00:00	1.23983	1.24115	1.22924	1.23905	68666	834400000	42
2017.03.22	01:00:00	1.23906	1.24001	1.23862	1.23976	2179	1062300000	33
2017.03.22	02:00:00	1.23976	1.24093	1.23960	1.24080	4353	2470101000	39
2017.03.22	03:00:00	1.24079	1.24120	1.24032	1.24037	4176	1885351000	37
2017.03.22	04:00:00	1.24037	1.24071	1.23932	1.23941	3613	2065621000	36
2017.03.22	05:00:00	1.23942	1.24023	1.23916	1.24019	3104	1446852000	35
2017.03.22	06:00:00	1.24019	1.24025	1.23933	1.23993	2838	1028150000	35
2017.03.22	07:00:00	1.23992	1.24035	1.23950	1.23966	3175	1727677000	38
2017.03.22	08:00:00	1.23966	1.24124	1.23950	1.23997	6740	3790323000	33
2017.03.22	09:00:00	1.23997	1.24050	1.23716	1.23734	8095	4837919000	33
2017.03.22	10:00:00	1.23735	1.23965	1.23653	1.23766	11904	8937187000	33
2017.03.22	11:00:00	1.23768	1.23844	1.23690	1.23772	10834	7842116000	33
2017.03.22	12:00:00	1.23772	1.23881	1.23639	1.23705	8235	6143514000	33
2017.03.22	13:00:00	1.23706	1.23828	1.23652	1.23713	8596	6709860000	33
2017.03.22	14:00:00	1.23716	1.23719	1.23603	1.23640	8882	6209013000	33
2017.03.22	15:00:00	1.23642	1.23642	1.23234	1.23248	11681	7896385000	33
2017.03.22	16:00:00	1.23254	1.23329	1.22947	1.23069	15202	10451181000	33
2017.03.22	17:00:00	1.23068	1.23488	1.23023	1.23482	13991	9254617000	33
2017.03.22	18:00:00	1.23480	1.23562	1.23404	1.23544	10149	7280328000	33
2017.03.22	19:00:00	1.23544	1.23689	1.23479	1.23602	8746	5920008000	33
2017.03.22	20:00:00	1.23603	1.23865	1.23603	1.23827	5264	3598878000	33
2017.03.22	21:00:00	1.23827	1.23853	1.23754	1.23833	4489	2776442000	33
2017.03.22	22:00:00	1.23831	1.23831	1.23722	1.23735	2232	1326350000	33
2017.03.22	23:00:00	1.23723	1.23784	1.23654	1.23725	1290	439439000	43
2017.03.23	00:00:00	1.23726	1.24411	1.23630	1.23696	98795	742952000	46
2017.03.23	01:00:00	1.23702	1.23746	1.23667	1.23739	1709	889901000	38
2017.03.23	02:00:00	1.23741	1.23762	1.23702	1.23762	3815	2192021000	35
2017.03.23	03:00:00	1.23762	1.23918	1.23741	1.23888	4095	2175704000	38
2017.03.23	04:00:00	1.23887	1.23925	1.23871	1.23893	2225	1158150000	36
2017.03.23	05:00:00	1.23894	1.23921	1.23867	1.23892	1716	984000000	38
2017.03.23	06:00:00	1.23892	1.23911	1.23851	1.23878	2281	1404600000	39
2017.03.23	07:00:00	1.23878	1.23936	1.23869	1.23895	2234	1336190000	33
2017.03.23	08:00:00	1.23894	1.24071	1.23854	1.23986	4875	2296851000	34
2017.03.23	09:00:00	1.23986	1.24081	1.23799	1.23911	6340	4174051000	33
2017.03.23	10:00:00	1.23911	1.24113	1.23866	1.23957	9334	6683751000	33
2017.03.23	11:00:00	1.23958	1.24426	1.23801	1.24161	12399	8790269000	33
2017.03.23	12:00:00	1.24162	1.24333	1.24025	1.24130	10923	8136136000	33
2017.03.23	13:00:00	1.24127	1.24202	1.23979	1.24062	7679	6342246000	33
2017.03.23	14:00:00	1.24062	1.24142	1.23991	1.24021	8581	6830740000	33
2017.03.23	15:00:00	1.24020	1.24309	1.23955	1.24242	12698	9762585000	33
2017.03.23	16:00:00	1.24245	1.24322	1.24103	1.24130	11846	8231822000	33
2017.03.23	17:00:00	1.24130	1.24293	1.24116	1.24288	11800	8177250000	33
2017.03.23	18:00:00	1.24286	1.24354	1.24236	1.24345	9426	6698601000	33
2017.03.23	19:00:00	1.24345	1.24364	1.24216	1.24242	11639	7785693000	33
2017.03.23	20:00:00	1.24244	1.24297	1.24193	1.24263	4706	2911188000	33
2017.03.23	21:00:00	1.24266	1.24335	1.24249	1.24321	5990	3784887000	33
2017.03.23	22:00:00	1.24323	1.24365	1.24285	1.24356	2356	1282393000	29
2017.03.23	23:00:00	1.24354	1.24362	1.24273	1.24293	933	275306000	26
2017.03.24	00:00:00	1.24344	1.24393	1.23584	1.24313	85136	861830000	0
2017.03.24	01:00:00	1.24312	1.24322	1.24269	1.24306	2247	1056450000	35
2017.03.24	02:00:00	1.24303	1.24308	1.24196	1.24225	4629	2371197000	33
2017.03.24	03:00:00	1.24224	1.24259	1.24174	1.24203	3523	1923179000	38
2017.03.24	04:00:00	1.24204	1.24371	1.24177	1.24357	3599	2018546000	38
2017.03.24	05:00:00	1.24355	1.24403	1.24303	1.24311	2565	1512186000	33
2017.03.24	06:00:00	1.24311	1.24323	1.24216	1.24224	3136	1933989000	34
2017.03.24	07:00:00	1.24224	1.24264	1.24209	1.24216	2536	1489552000	37
2017.03.24	08:00:00	1.24215	1.24226	1.24163	1.24188	2708	1494273000	37
2017.03.24	09:00:00	1.24188	1.24220	1.24037	1.24061	5450	3319387000	33
2017.03.24	10:00:00	1.24058	1.24086	1.23869	1.23924	9490	5613049000	33
2017.03.24	11:00:00	1.23924	1.23939	1.23744	1.23787	6353	2986799000	33
2017.03.24	12:00:00	1.23786	1.23834	1.23693	1.23739	6757	4395075000	33
2017.03.24	13:00:00	1.23739	1.23929	1.23699	1.23890	7256	5560956000	33
2017.03.24	14:00:00	1.23890	1.23971	1.23763	1.23771	8415	5905088000	33
2017.03.24	15:00:00	1.23771	1.23890	1.23682	1.23710	9363	5893568000	33
2017.03.24	16:00:00	1.23708	1.23802	1.23695	1.23801	9224	6214490000	33
2017.03.24	17:00:00	1.23802	1.23815	1.23678	1.23778	8347	4850728000	33
2017.03.24	18:00:00	1.23779	1.23798	1.23631	1.23688	10037	7808031000	33
2017.03.24	19:00:00	1.23689	1.23769	1.23643	1.23730	5710	4705954000	33
2017.03.24	20:00:00	1.23733	1.23792	1.23729	1.23790	3111	1960511000	33
2017.03.24	21:00:00	1.23791	1.23797	1.23645	1.23751	10504	7473981000	33
2017.03.24	22:00:00	1.23750	1.23784	1.23301	1.23301	3344	2660870000	33
2017.03.27	00:00:00	1.23529	1.24070	1.23440	1.23583	88444	435100000	0
2017.03.27	01:00:00	1.23571	1.23640	1.23519	1.23632	3216	1607858000	47
2017.03.27	02:00:00	1.23633	1.23694	1.23605	1.23627	3989	2003115000	38
2017.03.27	03:00:00	1.23631	1.23676	1.23594	1.23636	3301	1562784000	33
2017.03.27	04:00:00	1.23638	1.23681	1.23605	1.23641	4325	2208668000	33
2017.03.27	05:00:00	1.23642	1.23703	1.23599	1.23676	5502	3009610000	35
2017.03.27	06:00:00	1.23676	1.23763	1.23667	1.23722	3495	2001029000	34
2017.03.27	07:00:00	1.23723	1.23778	1.23704	1.23714	2832	1639124000	37
2017.03.27	08:00:00	1.23715	1.23792	1.23715	1.23723	2721	1642579000	37
2017.03.27	09:00:00	1.23724	1.23835	1.23467	1.23501	7663	5382886000	33
2017.03.27	10:00:00	1.23499	1.23762	1.23458	1.23756	11155	8793349000	33
2017.03.27	11:00:00	1.23754	1.23883	1.23687	1.23844	8313	6391836000	33
2017.03.27	12:00:00	1.23846	1.23930	1.23723	1.23928	7487	5989195000	33
2017.03.27	13:00:00	1.23931	1.24088	1.23818	1.23984	7409	6138876000	33
2017.03.27	14:00:00	1.23984	1.24050	1.23885	1.23960	7116	5665619000	33
2017.03.27	15:00:00	1.23960	1.24062	1.23747	1.23776	9739	7887432000	33
2017.03.27	16:00:00	1.23776	1.23888	1.23679	1.23790	12189	9031746000	33
2017.03.27	17:00:00	1.23790	1.23824	1.23519	1.23576	10874	8216730000	33
2017.03.27	18:00:00	1.23577	1.23729	1.23569	1.23664	8432	6432442000	33
2017.03.27	19:00:00	1.23665	1.23770	1.23593	1.23759	5951	4229246000	33
2017.03.27	20:00:00	1.23760	1.23804	1.23666	1.23803	5219	3299174000	33
2017.03.27	21:00:00	1.23803	1.23826	1.23728	1.23774	4212	2550098000	33
2017.03.27	22:00:00	1.23774	1.23853	1.23752	1.23808	4556	3211309000	34
2017.03.27	23:00:00	1.23811	1.23833	1.23670	1.23714	2539	1375359000	34
2017.03.28	00:00:00	1.23751	1.24138	1.23002	1.23779	89131	1031937000	0
2017.03.28	01:00:00	1.23778	1.23820	1.23728	1.23755	1600	810441000	33
2017.03.28	02:00:00	1.23755	1.23789	1.23737	1.23773	1672	710955000	39
2017.03.28	03:00:00	1.23772	1.23884	1.23752	1.23872	3277	1480112000	37
2017.03.28	04:00:00	1.23872	1.23884	1.23768	1.23806	3143	1799846000	39
2017.03.28	05:00:00	1.23807	1.23847	1.23742	1.23847	2285	1173668000	36
2017.03.28	06:00:00	1.23847	1.23873	1.23788	1.23831	1887	861220000	36
2017.03.28	07:00:00	1.23831	1.23834	1.23779	1.23813	2435	1358860000	33
2017.03.28	08:00:00	1.23814	1.23829	1.23700	1.23720	3143	1779563000	36
2017.03.28	09:00:00	1.23720	1.23894	1.23602	1.23887	6688	4133891000	33
2017.03.28	10:00:00	1.23887	1.24048	1.23880	1.24026	8466	6012999000	33
2017.03.28	11:00:00	1.24026	1.24131	1.23985	1.24096	8851	6818129000	33
2017.03.28	12:00:00	1.24096	1.24154	1.23740	1.23807	7232	6181349000	33
2017.03.28	13:00:00	1.23806	1.23892	1.23727	1.23779	6169	5018392000	33
2017.03.28	14:00:00	1.23779	1.23860	1.23674	1.23785	6538	5656392000	33
2017.03.28	15:00:00	1.23785	1.23799	1.23471	1.23593	8909	6451788000	33
2017.03.28	16:00:00	1.23593	1.23613	1.23406	1.23436	9765	7481308000	33
2017.03.28	17:00:00	1.23440	1.23501	1.23217	1.23272	11884	8105704000	33
2017.03.28	18:00:00	1.23273	1.23353	1.23122	1.23148	10691	7425683000	33
2017.03.28	19:00:00	1.23147	1.23292	1.23018	1.23249	8250	5582421000	33
2017.03.28	20:00:00	1.23247	1.23545	1.23235	1.23499	7542	4781731000	33
2017.03.28	21:00:00	1.23500	1.23661	1.23405	1.23516	8274	5441981000	33
2017.03.28	22:00:00	1.23514	1.23577	1.23480	1.23576	4592	3216838000	33
2017.03.28	23:00:00	1.23571	1.23598	1.23496	1.23557	2650	1595149000	33
2017.03.29	00:00:00	1.23520	1.24251	1.22814	1.23557	102143	601783000	60
2017.03.29	01:00:00	1.23558	1.23594	1.23527	1.23545	1405	696300000	43
2017.03.29	02:00:00	1.23546	1.23599	1.23171	1.23175	3793	1947976000	33
2017.03.29	03:00:00	1.23177	1.23233	1.22832	1.23092	7366	4148364000	34
2017.03.29	04:00:00	1.23098	1.23126	1.22974	1.23034	4399	2590414000	33
2017.03.29	05:00:00	1.23033	1.23140	1.22999	1.23117	4512	2523727000	36
2017.03.29	06:00:00	1.23116	1.23163	1.23083	1.23159	2353	1304003000	35
2017.03.29	07:00:00	1.23158	1.23172	1.23119	1.23128	2216	1290236000	37
2017.03.29	08:00:00	1.23129	1.23190	1.22977	1.22977	4427	2399759000	33
2017.03.29	09:00:00	1.22978	1.23194	1.22949	1.23194	8818	5229459000	33
2017.03.29	10:00:00	1.23194	1.23345	1.23137	1.23210	10697	7664984000	33
2017.03.29	11:00:00	1.23226	1.23705	1.23203	1.23563	10749	7690152000	33
2017.03.29	12:00:00	1.23559	1.23621	1.23404	1.23534	8401	6114682000	33
2017.03.29	13:00:00	1.23534	1.23600	1.23399	1.23516	6454	5313934000	33
2017.03.29	14:00:00	1.23521	1.24267	1.23508	1.24213	12997	9243740000	33
2017.03.29	15:00:00	1.24215	1.24227	1.23447	1.23515	13094	8964420000	33
2017.03.29	16:00:00	1.23514	1.23785	1.23510	1.23751	10386	7121782000	33
2017.03.29	17:00:00	1.23751	1.23882	1.23712	1.23733	11098	6843798000	33
2017.03.29	18:00:00	1.23736	1.23783	1.23536	1.23655	10241	6480177000	33
2017.03.29	19:00:00	1.23655	1.23749	1.23624	1.23710	6155	4000032000	33
2017.03.29	20:00:00	1.23711	1.23877	1.23693	1.23867	5361	3626343000	33
2017.03.29	21:00:00	1.23867	1.23985	1.23796	1.23913	3933	2987432000	33
2017.03.29	22:00:00	1.23916	1.23957	1.23861	1.23876	4423	3012625000	33
2017.03.29	23:00:00	1.23878	1.23976	1.23839	1.23852	2990	1587084000	33
2017.03.30	00:00:00	1.23874	1.24860	1.23568	1.23880	93562	2629806000	35
2017.03.30	01:00:00	1.23888	1.23932	1.23856	1.23887	2304	1000700000	33
2017.03.30	02:00:00	1.23890	1.23971	1.23890	1.23965	1854	950450000	41
2017.03.30	03:00:00	1.23965	1.24109	1.23947	1.24017	3791	2210132000	35
2017.03.30	04:00:00	1.24016	1.24131	1.23963	1.24075	3533	2003997000	35
2017.03.30	05:00:00	1.24078	1.24138	1.24041	1.24085	2635	1515715000	35
2017.03.30	06:00:00	1.24084	1.24153	1.24083	1.24119	1759	1048355000	37
2017.03.30	07:00:00	1.24119	1.24127	1.24017	1.24024	1278	782715000	36
2017.03.30	08:00:00	1.24018	1.24079	1.23981	1.24021	2156	1200346000	36
2017.03.30	09:00:00	1.24022	1.24028	1.23789	1.23810	5674	3808519000	34
2017.03.30	10:00:00	1.23806	1.23874	1.23678	1.23691	9781	7442379000	33
2017.03.30	11:00:00	1.23691	1.23748	1.23581	1.23673	8394	6451453000	33
2017.03.30	12:00:00	1.23673	1.23988	1.23649	1.23865	8246	6082764000	33
2017.03.30	13:00:00	1.23867	1.23966	1.23828	1.23940	7306	5791100000	33
2017.03.30	14:00:00	1.23941	1.24246	1.23930	1.24170	7989	5816093000	33
2017.03.30	15:00:00	1.24171	1.24260	1.24046	1.24244	9191	7038718000	33
2017.03.30	16:00:00	1.24246	1.24739	1.24212	1.24633	15100	10044291000	33
2017.03.30	17:00:00	1.24634	1.24673	1.24403	1.24404	10480	7027718000	33
2017.03.30	18:00:00	1.24404	1.24547	1.24379	1.24493	9049	6124891000	33
2017.03.30	19:00:00	1.24493	1.24678	1.24471	1.24575	6177	4588944000	33
2017.03.30	20:00:00	1.24574	1.24773	1.24560	1.24700	7183	4200082000	33
2017.03.30	21:00:00	1.24700	1.24872	1.24682	1.24770	5133	3113294000	33
2017.03.30	22:00:00	1.24770	1.24836	1.24698	1.24830	5243	3108950000	33
2017.03.30	23:00:00	1.24829	1.24873	1.24732	1.24788	2959	1648685000	33
2017.03.31	00:00:00	1.24806	1.25899	1.24385	1.24761	101791	785120000	37
2017.03.31	01:00:00	1.24760	1.24838	1.24757	1.24822	1581	785551000	43
2017.03.31	02:00:00	1.24822	1.24840	1.24789	1.24794	1694	979856000	43
2017.03.31	03:00:00	1.24794	1.25081	1.24788	1.24900	6372	3517263000	33
2017.03.31	04:00:00	1.24901	1.25057	1.24895	1.25016	4296	2516340000	39
2017.03.31	05:00:00	1.25016	1.25085	1.24950	1.25034	3247	1780930000	36
2017.03.31	06:00:00	1.25033	1.25039	1.24944	1.24988	2926	1626636000	36
2017.03.31	07:00:00	1.24987	1.25008	1.24885	1.24928	3983	2411454000	34
2017.03.31	08:00:00	1.24928	1.25028	1.24850	1.24872	4706	2790349000	33
2017.03.31	09:00:00	1.24874	1.24942	1.24581	1.24657	7960	5551697000	35
2017.03.31	10:00:00	1.24658	1.24733	1.24530	1.24683	9818	7370579000	33
2017.03.31	11:00:00	1.24684	1.24699	1.24403	1.24490	8506	6166085000	33
2017.03.31	12:00:00	1.24485	1.24699	1.24436	1.24536	8675	6628263000	33
2017.03.31	13:00:00	1.24536	1.24692	1.24499	1.24602	7364	6310193000	33
2017.03.31	14:00:00	1.24603	1.24923	1.24602	1.24915	7126	5943840000	33
2017.03.31	15:00:00	1.24914	1.25059	1.24742	1.24804	9733	6395560000	33
2017.03.31	16:00:00	1.24804	1.24805	1.24590	1.24733	10799	5905136000	33
2017.03.31	17:00:00	1.24733	1.25173	1.24711	1.25146	13353	9516993000	33
2017.03.31	18:00:00	1.25143	1.25361	1.25031	1.25321	12172	8293480000	33
2017.03.31	19:00:00	1.25323	1.25479	1.25276	1.25385	6772	4763335000	33
2017.03.31	20:00:00	1.25385	1.25494	1.25356	1.25485	4809	3141984000	33
2017.03.31	21:00:00	1.25489	1.25527	1.25318	1.25406	5177	3488753000	33
2017.03.31	22:00:00	1.25409	1.25474	1.25367	1.25451	5769	3848894000	33
2017.03.31	23:00:00	1.25452	1.25902	1.25451	1.25842	4899	3240048000	33
2017.04.03	00:00:00	1.25669	1.25793	1.24883	1.25616	99122	808034000	0
2017.04.03	01:00:00	1.25629	1.25792	1.25617	1.25725	2021	1027850000	41
2017.04.03	02:00:00	1.25726	1.25736	1.25636	1.25659	1873	1026666000	39
2017.04.03	03:00:00	1.25658	1.25673	1.25515	1.25570	3084	1677234000	33
2017.04.03	04:00:00	1.25570	1.25602	1.25514	1.25518	2542	1551651000	38
2017.04.03	05:00:00	1.25518	1.25575	1.25463	1.25566	1974	1331767000	38
2017.04.03	06:00:00	1.25566	1.25611	1.25509	1.25535	1788	899023000	33
2017.04.03	07:00:00	1.25533	1.25539	1.25457	1.25524	2129	1224160000	37
2017.04.03	08:00:00	1.25526	1.25636	1.25521	1.25562	2494	1381852000	37
2017.04.03	09:00:00	1.25563	1.25649	1.25470	1.25484	6825	4437807000	33
2017.04.03	10:00:00	1.25488	1.25642	1.25386	1.25597	9262	6549697000	33
2017.04.03	11:00:00	1.25598	1.25622	1.25200	1.25268	9650	6554319000	33
2017.04.03	12:00:00	1.25268	1.25534	1.25120	1.25531	8758	6972572000	33
2017.04.03	13:00:00	1.25529	1.25627	1.25316	1.25409	8112	5533256000	33
2017.04.03	14:00:00	1.25409	1.25430	1.25217	1.25332	6280	4947909000	35
2017.04.03	15:00:00	1.25335	1.25341	1.24990	1.25140	8590	6712371000	33
2017.04.03	16:00:00	1.25141	1.25293	1.25051	1.25238	7774	6268980000	33
2017.04.03	17:00:00	1.25251	1.25336	1.25002	1.25190	12394	7565174000	33
2017.04.03	18:00:00	1.25192	1.25230	1.25062	1.25119	10843	6824722000	33
2017.04.03	19:00:00	1.25120	1.25163	1.25015	1.25021	5854	4223667000	33
2017.04.03	20:00:00	1.25025	1.25041	1.24873	1.24988	3729	2160518000	33
2017.04.03	21:00:00	1.24991	1.25022	1.24936	1.24936	4470	2805313000	33
2017.04.03	22:00:00	1.24938	1.25007	1.24938	1.24983	3397	1880290000	33
2017.04.03	23:00:00	1.24976	1.25031	1.24960	1.25010	2117	1286630000	33
2017.04.04	00:00:00	1.25000	1.25176	1.24417	1.25019	97729	212650000	52
2017.04.04	01:00:00	1.25022	1.25110	1.25009	1.25058	2276	1091800000	41
2017.04.04	02:00:00	1.25053	1.25108	1.25050	1.25081	1910	938840000	37
2017.04.04	03:00:00	1.25082	1.25088	1.25011	1.25054	5009	2649145000	37
2017.04.04	04:00:00	1.25054	1.25165	1.25035	1.25072	4601	2360877000	39
2017.04.04	05:00:00	1.25072	1.25153	1.25065	1.25147	2000	1070594000	40
2017.04.04	06:00:00	1.25147	1.25150	1.25035	1.25048	1833	960635000	37
2017.04.04	07:00:00	1.25048	1.25078	1.24768	1.24894	4936	2622565000	34
2017.04.04	08:00:00	1.24894	1.24910	1.24406	1.24624	6476	3549560000	33
2017.04.04	09:00:00	1.24623	1.24769	1.24557	1.24679	6847	4390713000	33
2017.04.04	10:00:00	1.24680	1.24735	1.24584	1.24625	8333	6159670000	33
2017.04.04	11:00:00	1.24625	1.24773	1.24594	1.24618	7308	5318911000	33
2017.04.04	12:00:00	1.24615	1.24917	1.24576	1.24883	6958	4612230000	33
2017.04.04	13:00:00	1.24883	1.24937	1.24784	1.24840	8017	5940468000	33
2017.04.04	14:00:00	1.24838	1.24873	1.24561	1.24639	8146	5566370000	33
2017.04.04	15:00:00	1.24641	1.24669	1.24442	1.24483	8066	5938041000	33
2017.04.04	16:00:00	1.24483	1.24872	1.24459	1.24763	10631	6745563000	33
2017.04.04	17:00:00	1.24762	1.24824	1.24627	1.24630	9930	6680954000	33
2017.04.04	18:00:00	1.24632	1.24781	1.24506	1.24609	9478	6546225000	33
2017.04.04	19:00:00	1.24607	1.24632	1.24480	1.24579	5049	3628671000	33
2017.04.04	20:00:00	1.24580	1.24754	1.24580	1.24680	4001	2867507000	33
2017.04.04	21:00:00	1.24681	1.24764	1.24674	1.24710	3082	1892628000	33
2017.04.04	22:00:00	1.24709	1.24761	1.24646	1.24670	2947	1874851000	33
2017.04.04	23:00:00	1.24670	1.24686	1.24595	1.24599	1725	1000993000	38
2017.04.05	00:00:00	1.24596	1.25578	1.24510	1.24620	101563	355196000	47
2017.04.05	01:00:00	1.24620	1.24637	1.24499	1.24551	2442	1234550000	41
2017.04.05	02:00:00	1.24545	1.24634	1.24545	1.24589	1854	627700000	33
2017.04.05	03:00:00	1.24591	1.24661	1.24585	1.24615	2244	1291390000	33
2017.04.05	04:00:00	1.24614	1.24672	1.24601	1.24660	2435	1275892000	33
2017.04.05	05:00:00	1.24660	1.24718	1.24654	1.24712	2150	1281755000	38
2017.04.05	06:00:00	1.24713	1.24717	1.24625	1.24692	3034	1903674000	37
2017.04.05	07:00:00	1.24692	1.24729	1.24682	1.24700	4032	2145689000	37
2017.04.05	08:00:00	1.24700	1.24723	1.24668	1.24691	3629	2031877000	36
2017.04.05	09:00:00	1.24694	1.24701	1.24551	1.24602	6258	3993203000	33
2017.04.05	10:00:00	1.24607	1.24698	1.24530	1.24630	9224	6730772000	33
2017.04.05	11:00:00	1.24629	1.25109	1.24541	1.24957	9862	6716679000	33
2017.04.05	12:00:00	1.24956	1.25175	1.24954	1.25165	8873	6442745000	33
2017.04.05	13:00:00	1.25164	1.25210	1.25034	1.25155	5740	3991692000	33
2017.04.05	14:00:00	1.25155	1.25319	1.25128	1.25298	7889	6285689000	33
2017.04.05	15:00:00	1.25298	1.25380	1.25126	1.25172	10757	7427385000	33
2017.04.05	16:00:00	1.25173	1.25366	1.25115	1.25299	8145	5596323000	33
2017.04.05	17:00:00	1.25293	1.25523	1.25218	1.25271	10786	7445932000	33
2017.04.05	18:00:00	1.25272	1.25499	1.25221	1.25498	7887	5444301000	33
2017.04.05	19:00:00	1.25497	1.25536	1.25434	1.25494	4991	3481095000	33
2017.04.05	20:00:00	1.25496	1.25538	1.25431	1.25446	3865	2301293000	33
2017.04.05	21:00:00	1.25470	1.25568	1.25392	1.25430	10406	6313501000	33
2017.04.05	22:00:00	1.25431	1.25454	1.25329	1.25424	7694	5010331000	33
2017.04.05	23:00:00	1.25424	1.25441	1.25347	1.25411	3238	1663366000	35
2017.04.06	00:00:00	1.25385	1.25762	1.24932	1.25407	84090	592885000	46
2017.04.06	01:00:00	1.25405	1.25438	1.25288	1.25331	3188	1365400000	43
2017.04.06	02:00:00	1.25327	1.25336	1.25245	1.25324	2584	992609000	38
2017.04.06	03:00:00	1.25324	1.25376	1.25244	1.25303	4297	2203187000	38
2017.04.06	04:00:00	1.25303	1.25374	1.25273	1.25283	3206	1890376000	37
2017.04.06	05:00:00	1.25284	1.25302	1.25165	1.25259	2763	1474433000	33
2017.04.06	06:00:00	1.25259	1.25266	1.25218	1.25223	2261	1208775000	35
2017.04.06	07:00:00	1.25223	1.25295	1.25193	1.25280	1866	946222000	39
2017.04.06	08:00:00	1.25282	1.25345	1.25235	1.25258	2938	1773475000	39
2017.04.06	09:00:00	1.25264	1.25295	1.25169	1.25288	5074	3411882000	33
2017.04.06	10:00:00	1.25288	1.25747	1.25250	1.25526	12085	8353366000	33
2017.04.06	11:00:00	1.25528	1.25583	1.25248	1.25306	8485	5860557000	33
2017.04.06	12:00:00	1.25305	1.25382	1.25165	1.25293	7741	5495289000	33
2017.04.06	13:00:00	1.25294	1.25386	1.24932	1.24971	7537	5734939000	33
2017.04.06	14:00:00	1.24971	1.25043	1.24920	1.25028	8296	6178007000	33
2017.04.06	15:00:00	1.25028	1.25166	1.24949	1.25109	7126	4995878000	33
2017.04.06	16:00:00	1.25110	1.25275	1.25081	1.25261	8122	6063780000	33
2017.04.06	17:00:00	1.25262	1.25491	1.25193	1.25403	9243	6861514000	33
2017.04.06	18:00:00	1.25407	1.25492	1.25329	1.25401	7565	5593404000	33
2017.04.06	19:00:00	1.25402	1.25430	1.25223	1.25284	4372	3104618000	33
2017.04.06	20:00:00	1.25284	1.25348	1.25238	1.25310	3722	2126258000	33
2017.04.06	21:00:00	1.25310	1.25394	1.25286	1.25381	3112	1869262000	33
2017.04.06	22:00:00	1.25389	1.25390	1.25294	1.25308	2885	1784957000	36
2017.04.06	23:00:00	1.25309	1.25320	1.25282	1.25283	1628	844129000	38
2017.04.07	00:00:00	1.25262	1.25447	1.24553	1.25335	97841	436599000	55
2017.04.07	01:00:00	1.25337	1.25348	1.25280	1.25291	1479	720800000	46
2017.04.07	02:00:00	1.25295	1.25353	1.25258	1.25333	1529	699642000	44
2017.04.07	03:00:00	1.25333	1.25356	1.25214	1.25240	3232	1578486000	33
2017.04.07	04:00:00	1.25239	1.25288	1.25090	1.25106	8827	4672115000	33
2017.04.07	05:00:00	1.25106	1.25258	1.25012	1.25224	6776	3478682000	37
2017.04.07	06:00:00	1.25224	1.25321	1.25193	1.25255	3230	1825828000	36
2017.04.07	07:00:00	1.25255	1.25284	1.25212	1.25265	2436	1253666000	40
2017.04.07	08:00:00	1.25266	1.25308	1.25210	1.25220	3004	1676752000	38
2017.04.07	09:00:00	1.25220	1.25311	1.25084	1.25212	5628	3864385000	33
2017.04.07	10:00:00	1.25212	1.25437	1.25095	1.25388	9712	7307962000	33
2017.04.07	11:00:00	1.25388	1.25394	1.24959	1.25081	8451	6056224000	33
2017.04.07	12:00:00	1.25081	1.25155	1.24850	1.24967	7856	6086240000	33
2017.04.07	13:00:00	1.24967	1.24982	1.24786	1.24918	6478	4620441000	33
2017.04.07	14:00:00	1.24918	1.24985	1.24853	1.24958	6292	4934839000	33
2017.04.07	15:00:00	1.24955	1.25016	1.24689	1.24798	14891	9696608000	33
2017.04.07	16:00:00	1.24800	1.24862	1.24623	1.24627	12699	7019965000	33
2017.04.07	17:00:00	1.24628	1.24834	1.24608	1.24742	10767	6274836000	33
2017.04.07	18:00:00	1.24740	1.24897	1.24722	1.24790	9286	5328880000	33
2017.04.07	19:00:00	1.24788	1.24839	1.24737	1.24802	6243	3987888000	33
2017.04.07	20:00:00	1.24802	1.24907	1.24768	1.24860	6918	4565616000	33
2017.04.07	21:00:00	1.24861	1.24915	1.24834	1.24878	4642	3067827000	33
2017.04.07	22:00:00	1.24875	1.24932	1.24776	1.24797	4187	2489845000	33
2017.04.07	23:00:00	1.24795	1.24846	1.24693	1.24822	2826	1002610000	37
2017.04.10	00:00:00	1.24875	1.25316	1.24677	1.24887	66405	333529000	0
2017.04.10	01:00:00	1.24891	1.24925	1.24856	1.24886	2281	1358492000	50
2017.04.10	02:00:00	1.24886	1.24927	1.24850	1.24891	2302	1156850000	43
2017.04.10	03:00:00	1.24888	1.24970	1.24883	1.24968	2693	1932835000	42
2017.04.10	04:00:00	1.24968	1.25044	1.24964	1.25032	3711	2232573000	37
2017.04.10	05:00:00	1.25030	1.25045	1.24967	1.24970	2536	1328353000	40
2017.04.10	06:00:00	1.24971	1.25016	1.24943	1.24958	1783	1042115000	38
2017.04.10	07:00:00	1.24958	1.24997	1.24941	1.24966	2433	1258813000	39
2017.04.10	08:00:00	1.24966	1.24984	1.24923	1.24940	2598	1538637000	38
2017.04.10	09:00:00	1.24942	1.25061	1.24928	1.25060	5125	3532472000	33
2017.04.10	10:00:00	1.25060	1.25182	1.24988	1.25105	7438	5340435000	33
2017.04.10	11:00:00	1.25107	1.25225	1.25095	1.25132	5954	5016273000	33
2017.04.10	12:00:00	1.25131	1.25167	1.25068	1.25145	5318	4384094000	35
2017.04.10	13:00:00	1.25146	1.25276	1.25136	1.25248	5512	3937524000	33
2017.04.10	14:00:00	1.25248	1.25311	1.25160	1.25179	5613	4438181000	33
2017.04.10	15:00:00	1.25179	1.25238	1.25129	1.25226	5450	4838336000	33
2017.04.10	16:00:00	1.25227	1.25283	1.25153	1.25208	7869	5106447000	33
2017.04.10	17:00:00	1.25208	1.25271	1.25102	1.25229	7703	5592498000	33
2017.04.10	18:00:00	1.25224	1.25255	1.25114	1.25118	6183	4416301000	33
2017.04.10	19:00:00	1.25118	1.25183	1.25077	1.25163	4201	2800277000	33
2017.04.10	20:00:00	1.25163	1.25204	1.25139	1.25202	2822	1833922000	35
2017.04.10	21:00:00	1.25203	1.25224	1.25153	1.25216	3680	2473346000	33
2017.04.10	22:00:00	1.25216	1.25235	1.25147	1.25190	3784	2289242000	37
2017.04.10	23:00:00	1.25190	1.25247	1.25112	1.25112	2925	1755550000	35
2017.04.11	00:00:00	1.25122	1.25894	1.24940	1.25218	85086	1056171000	56
2017.04.11	01:00:00	1.25216	1.25242	1.25178	1.25193	2072	967300000	47
2017.04.11	02:00:00	1.25193	1.25270	1.25192	1.25218	1852	787714000	35
2017.04.11	03:00:00	1.25218	1.25284	1.25185	1.25256	2603	1182132000	33
2017.04.11	04:00:00	1.25256	1.25357	1.25255	1.25312	4163	2074944000	38
2017.04.11	05:00:00	1.25312	1.25348	1.25218	1.25294	4086	2249824000	36
2017.04.11	06:00:00	1.25293	1.25394	1.25267	1.25376	2172	1472024000	36
2017.04.11	07:00:00	1.25376	1.25378	1.25261	1.25265	3593	2104376000	40
2017.04.11	08:00:00	1.25265	1.25309	1.25229	1.25247	2802	1753431000	33
2017.04.11	09:00:00	1.25248	1.25300	1.25162	1.25193	4953	3359885000	33
2017.04.11	10:00:00	1.25193	1.25259	1.24963	1.24998	8434	5739135000	33
2017.04.11	11:00:00	1.25001	1.25277	1.24951	1.25115	8975	5701951000	33
2017.04.11	12:00:00	1.25117	1.25137	1.24953	1.25002	6108	4787377000	33
2017.04.11	13:00:00	1.25002	1.25144	1.24929	1.25140	6024	5010018000	33
2017.04.11	14:00:00	1.25140	1.25271	1.25086	1.25237	5290	4194286000	33
2017.04.11	15:00:00	1.25237	1.25405	1.25233	1.25273	6189	4425478000	33
2017.04.11	16:00:00	1.25274	1.25378	1.25227	1.25320	7828	6009440000	33
2017.04.11	17:00:00	1.25318	1.25641	1.25262	1.25641	11320	7571707000	33
2017.04.11	18:00:00	1.25642	1.25719	1.25550	1.25713	10140	6632935000	33
2017.04.11	19:00:00	1.25714	1.25825	1.25680	1.25799	5892	3846498000	33
2017.04.11	20:00:00	1.25803	1.25884	1.25772	1.25811	5381	4020025000	33
2017.04.11	21:00:00	1.25814	1.25852	1.25773	1.25796	4039	2598798000	33
2017.04.11	22:00:00	1.25793	1.25831	1.25767	1.25820	3740	2647948000	35
2017.04.11	23:00:00	1.25820	1.25833	1.25791	1.25792	2349	1371262000	33
2017.04.12	00:00:00	1.25736	1.26013	1.25594	1.25798	93850	485367000	0
2017.04.12	01:00:00	1.25795	1.25810	1.25745	1.25770	4397	1840600000	42
2017.04.12	02:00:00	1.25769	1.25801	1.25755	1.25760	3236	1443694000	43
2017.04.12	03:00:00	1.25759	1.25809	1.25717	1.25721	6206	3104384000	37
2017.04.12	04:00:00	1.25719	1.25784	1.25692	1.25761	7098	4088614000	33
2017.04.12	05:00:00	1.25761	1.25849	1.25707	1.25814	4869	2864387000	39
2017.04.12	06:00:00	1.25817	1.25842	1.25752	1.25757	4322	2580293000	39
2017.04.12	07:00:00	1.25756	1.25779	1.25707	1.25710	2444	1320378000	39
2017.04.12	08:00:00	1.25709	1.25756	1.25688	1.25754	2764	1597672000	40
2017.04.12	09:00:00	1.25753	1.25781	1.25583	1.25694	5041	3289246000	33
2017.04.12	10:00:00	1.25694	1.25820	1.25674	1.25749	6292	5272775000	33
2017.04.12	11:00:00	1.25746	1.25948	1.25690	1.25800	8217	5919609000	33
2017.04.12	12:00:00	1.25801	1.25923	1.25747	1.25907	6764	5474241000	33
2017.04.12	13:00:00	1.25909	1.25910	1.25745	1.25885	6225	5452919000	33
2017.04.12	14:00:00	1.25886	1.25951	1.25828	1.25846	5751	4997865000	33
2017.04.12	15:00:00	1.25846	1.25869	1.25771	1.25771	6509	5284889000	34
2017.04.12	16:00:00	1.25771	1.25883	1.25760	1.25814	8101	5786218000	33
2017.04.12	17:00:00	1.25814	1.25917	1.25656	1.25687	10093	6725380000	33
2017.04.12	18:00:00	1.25684	1.25733	1.25613	1.25660	7572	5677551000	33
2017.04.12	19:00:00	1.25657	1.25797	1.25628	1.25747	4554	3799132000	33
2017.04.12	20:00:00	1.25747	1.25939	1.25744	1.25929	5519	3319561000	33
2017.04.12	21:00:00	1.25928	1.26004	1.25881	1.25953	4339	3077939000	33
2017.04.12	22:00:00	1.25952	1.25988	1.25684	1.25719	13260	9383590000	33
2017.04.12	23:00:00	1.25720	1.25826	1.25654	1.25654	4712	3194052000	33
2017.04.13	00:00:00	1.25474	1.26073	1.25474	1.25771	87990	670157000	41
2017.04.13	01:00:00	1.25772	1.25838	1.25645	1.25648	2992	1463400000	42
2017.04.13	02:00:00	1.25650	1.25753	1.25650	1.25730	3308	1718985000	42
2017.04.13	03:00:00	1.25731	1.25810	1.25725	1.25772	6139	3364003000	33
2017.04.13	04:00:00	1.25771	1.25858	1.25705	1.25844	7668	4176460000	38
2017.04.13	05:00:00	1.25844	1.25924	1.25767	1.25820	6364	3604194000	33
2017.04.13	06:00:00	1.25819	1.25840	1.25761	1.25774	3422	1949995000	37
2017.04.13	07:00:00	1.25773	1.25793	1.25730	1.25777	2701	1640664000	39
2017.04.13	08:00:00	1.25777	1.25855	1.25723	1.25851	3482	2300101000	35
2017.04.13	09:00:00	1.25853	1.25912	1.25805	1.25870	6947	5235038000	33
2017.04.13	10:00:00	1.25868	1.26025	1.25841	1.25961	7757	6158321000	33
2017.04.13	11:00:00	1.25962	1.25995	1.25823	1.25957	7163	5472960000	33
2017.04.13	12:00:00	1.25957	1.26038	1.25848	1.25898	6317	4481645000	33
2017.04.13	13:00:00	1.25903	1.25990	1.25858	1.25953	5827	4482544000	35
2017.04.13	14:00:00	1.25955	1.26043	1.25883	1.25997	6686	4786449000	33
2017.04.13	15:00:00	1.25992	1.26063	1.25876	1.25885	6696	5283970000	33
2017.04.13	16:00:00	1.25886	1.25959	1.25775	1.25845	9483	5947271000	33
2017.04.13	17:00:00	1.25847	1.25867	1.25724	1.25772	8998	5965563000	33
2017.04.13	18:00:00	1.25772	1.25824	1.25701	1.25788	6831	4968116000	33
2017.04.13	19:00:00	1.25789	1.25882	1.25736	1.25793	4884	3681064000	33
2017.04.13	20:00:00	1.25795	1.25838	1.25719	1.25766	4827	3373605000	33
2017.04.13	21:00:00	1.25769	1.25834	1.25761	1.25827	3020	1888136000	33
2017.04.13	22:00:00	1.25828	1.25838	1.25700	1.25701	4639	2747054000	33
2017.04.13	23:00:00	1.25702	1.25748	1.25673	1.25711	2569	1358828000	39
2017.04.14	00:00:00	1.25680	1.25894	1.25331	1.25702	32411	842943000	0
2017.04.14	01:00:00	1.25701	1.25759	1.25672	1.25736	2318	896350000	52
2017.04.14	02:00:00	1.25733	1.25751	1.25657	1.25712	4217	2296437000	47
2017.04.14	03:00:00	1.25713	1.25786	1.25641	1.25728	3531	1757450000	48
2017.04.14	04:00:00	1.25725	1.25758	1.25631	1.25637	4028	2042289000	49
2017.04.14	05:00:00	1.25641	1.25743	1.25575	1.25713	4170	2119170000	53
2017.04.14	06:00:00	1.25714	1.25767	1.25667	1.25724	3187	1626362000	49
2017.04.14	07:00:00	1.25725	1.25802	1.25694	1.25728	4303	2082306000	46
2017.04.14	08:00:00	1.25727	1.25845	1.25682	1.25711	3303	1478752000	46
2017.04.14	09:00:00	1.25711	1.25824	1.25691	1.25776	4342	2166244000	44
2017.04.14	10:00:00	1.25779	1.25785	1.25684	1.25730	5189	2360264000	44
2017.04.14	11:00:00	1.25729	1.25759	1.25652	1.25681	5305	2380280000	41
2017.04.14	12:00:00	1.25674	1.25728	1.25643	1.25675	4515	1722653000	42
2017.04.14	13:00:00	1.25674	1.25682	1.25582	1.25603	5151	1922548000	44
2017.04.14	14:00:00	1.25603	1.25681	1.25578	1.25620	5578	2095955000	41
2017.04.14	15:00:00	1.25620	1.25721	1.25431	1.25646	6004	2311714000	43
2017.04.14	16:00:00	1.25648	1.25766	1.25623	1.25729	3625	1643548000	33
2017.04.14	17:00:00	1.25730	1.25805	1.25663	1.25762	3480	1887836000	40
2017.04.14	18:00:00	1.25762	1.25790	1.25678	1.25744	2805	1243226000	47
2017.04.14	19:00:00	1.25744	1.25822	1.25670	1.25776	4313	2707968000	50
2017.04.14	20:00:00	1.25776	1.25832	1.25750	1.25775	2933	1720263000	77
2017.04.14	21:00:00	1.25773	1.25843	1.25754	1.25813	1671	941818000	67
2017.04.14	22:00:00	1.25811	1.25904	1.25778	1.25820	2179	1404934000	51
2017.04.14	23:00:00	1.25820	1.25901	1.25725	1.25839	1947	957557000	76
2017.04.17	00:00:00	1.25799	1.26281	1.25568	1.25925	44742	521194000	0
2017.04.17	01:00:00	1.25930	1.26003	1.25835	1.25974	4363	2271946000	51
2017.04.17	02:00:00	1.25975	1.25992	1.25904	1.25973	2528	1286934000	42
2017.04.17	03:00:00	1.25975	1.25987	1.25903	1.25931	2672	1358169000	42
2017.04.17	04:00:00	1.25930	1.25970	1.25867	1.25905	3126	1926342000	36
2017.04.17	05:00:00	1.25905	1.25950	1.25898	1.25922	3019	1459117000	38
2017.04.17	06:00:00	1.25923	1.25996	1.25915	1.25991	1899	1175902000	41
2017.04.17	07:00:00	1.25990	1.25991	1.25922	1.25927	1420	788726000	42
2017.04.17	08:00:00	1.25928	1.25952	1.25917	1.25923	1259	801229000	41
2017.04.17	09:00:00	1.25924	1.25954	1.25822	1.25870	2719	1845484000	35
2017.04.17	10:00:00	1.25865	1.25908	1.25717	1.25798	3799	2847923000	38
2017.04.17	11:00:00	1.25797	1.25878	1.25757	1.25876	2788	1975698000	36
2017.04.17	12:00:00	1.25880	1.26011	1.25865	1.25967	3913	2566141000	39
2017.04.17	13:00:00	1.25967	1.25982	1.25899	1.25921	2118	1301550000	34
2017.04.17	14:00:00	1.25921	1.25930	1.25863	1.25886	2985	2234288000	35
2017.04.17	15:00:00	1.25886	1.25971	1.25821	1.25910	4618	3498514000	33
2017.04.17	16:00:00	1.25909	1.26059	1.25865	1.25973	5040	3578377000	33
2017.04.17	17:00:00	1.25974	1.26137	1.25971	1.26118	6240	4596417000	33
2017.04.17	18:00:00	1.26120	1.26186	1.26032	1.26125	4679	3131339000	33
2017.04.17	19:00:00	1.26123	1.26222	1.26098	1.26207	3221	2355014000	30
2017.04.17	20:00:00	1.26205	1.26272	1.26170	1.26173	2798	1967298000	34
2017.04.17	21:00:00	1.26175	1.26248	1.26133	1.26167	4396	2947208000	33
2017.04.17	22:00:00	1.26167	1.26228	1.26141	1.26174	5588	3365855000	33
2017.04.17	23:00:00	1.26175	1.26208	1.26105	1.26112	2209	1118299000	38
2017.04.18	00:00:00	1.26124	1.28532	1.25510	1.26131	120634	755074000	0
2017.04.18	01:00:00	1.26131	1.26206	1.26101	1.26122	2605	1313050000	46
2017.04.18	02:00:00	1.26125	1.26143	1.26071	1.26081	4489	1854130000	43
2017.04.18	03:00:00	1.26083	1.26150	1.26069	1.26147	3899	1932029000	34
2017.04.18	04:00:00	1.26145	1.26238	1.26066	1.26117	5764	3134070000	33
2017.04.18	05:00:00	1.26117	1.26138	1.26016	1.26105	3376	1892244000	38
2017.04.18	06:00:00	1.26103	1.26115	1.25984	1.26062	2455	1358400000	39
2017.04.18	07:00:00	1.26061	1.26116	1.26053	1.26100	2735	1478743000	40
2017.04.18	08:00:00	1.26100	1.26189	1.26082	1.26144	3453	1835926000	36
2017.04.18	09:00:00	1.26144	1.26320	1.26122	1.26276	5901	4039951000	33
2017.04.18	10:00:00	1.26281	1.26403	1.26176	1.26321	8740	6038966000	33
2017.04.18	11:00:00	1.26319	1.26359	1.26175	1.26234	6427	4803492000	33
2017.04.18	12:00:00	1.26232	1.26247	1.25499	1.25917	12452	7396304000	33
2017.04.18	13:00:00	1.25918	1.26804	1.25813	1.26723	13515	8162760000	33
2017.04.18	14:00:00	1.26723	1.26998	1.26698	1.26750	11944	7449392000	33
2017.04.18	15:00:00	1.26750	1.27190	1.26615	1.27104	12163	8124127000	33
2017.04.18	16:00:00	1.27102	1.27386	1.27075	1.27377	12420	7506977000	33
2017.04.18	17:00:00	1.27377	1.27520	1.27317	1.27483	12303	7944394000	33
2017.04.18	18:00:00	1.27484	1.27485	1.27245	1.27368	10270	6810985000	33
2017.04.18	19:00:00	1.27370	1.27447	1.27288	1.27307	7109	4962851000	33
2017.04.18	20:00:00	1.27307	1.28514	1.27274	1.27871	9598	5840516000	33
2017.04.18	21:00:00	1.27869	1.28008	1.27817	1.27993	6856	3602096000	33
2017.04.18	22:00:00	1.27998	1.28005	1.27844	1.27885	5915	3724715000	33
2017.04.18	23:00:00	1.27885	1.27963	1.27855	1.27880	2453	1326995000	38
2017.04.19	00:00:00	1.27872	1.28231	1.27448	1.27912	100149	586825000	46
2017.04.19	01:00:00	1.27922	1.27967	1.27871	1.27906	2455	924600000	44
2017.04.19	02:00:00	1.27905	1.28045	1.27875	1.27955	2641	1290972000	45
2017.04.19	03:00:00	1.27956	1.28054	1.27912	1.27930	4529	2519984000	39
2017.04.19	04:00:00	1.27931	1.28022	1.27874	1.27897	6344	3703859000	33
2017.04.19	05:00:00	1.27897	1.27936	1.27834	1.27854	2903	1706162000	35
2017.04.19	06:00:00	1.27853	1.28003	1.27846	1.27935	3205	1842177000	33
2017.04.19	07:00:00	1.27938	1.27947	1.27876	1.27925	1930	1089645000	37
2017.04.19	08:00:00	1.27926	1.27991	1.27893	1.27956	3505	1915364000	34
2017.04.19	09:00:00	1.27956	1.27978	1.27811	1.27859	7323	4524206000	33
2017.04.19	10:00:00	1.27864	1.28068	1.27667	1.27750	11338	7244847000	33
2017.04.19	11:00:00	1.27750	1.28069	1.27697	1.27849	9366	6332595000	33
2017.04.19	12:00:00	1.27849	1.27909	1.27688	1.27806	8030	5488769000	33
2017.04.19	13:00:00	1.27806	1.27930	1.27716	1.27877	7356	5597285000	33
2017.04.19	14:00:00	1.27875	1.28218	1.27865	1.28187	7437	5266699000	33
2017.04.19	15:00:00	1.28187	1.28219	1.27878	1.27972	8019	5503509000	33
2017.04.19	16:00:00	1.27973	1.28086	1.27882	1.28018	10065	6408221000	33
2017.04.19	17:00:00	1.28018	1.28063	1.27795	1.27845	11663	7994492000	33
2017.04.19	18:00:00	1.27847	1.27931	1.27675	1.27683	10107	6843021000	33
2017.04.19	19:00:00	1.27684	1.27713	1.27502	1.27628	6970	4534412000	33
2017.04.19	20:00:00	1.27629	1.27676	1.27603	1.27642	4456	3615131000	33
2017.04.19	21:00:00	1.27642	1.27644	1.27493	1.27510	4769	3263417000	33
2017.04.19	22:00:00	1.27508	1.27589	1.27446	1.27567	4264	2433491000	33
2017.04.19	23:00:00	1.27568	1.27572	1.27445	1.27474	2923	1663933000	33
2017.04.20	00:00:00	1.27460	1.28005	1.27322	1.27573	89581	803740000	0
2017.04.20	01:00:00	1.27571	1.27618	1.27501	1.27544	2978	1490311000	44
2017.04.20	02:00:00	1.27544	1.27589	1.27511	1.27524	2977	1561170000	42
2017.04.20	03:00:00	1.27524	1.27566	1.27472	1.27539	3805	2157404000	38
2017.04.20	04:00:00	1.27542	1.27577	1.27492	1.27542	3312	1722460000	40
2017.04.20	05:00:00	1.27541	1.27591	1.27503	1.27589	2625	1334477000	39
2017.04.20	06:00:00	1.27589	1.27608	1.27571	1.27594	1541	729552000	39
2017.04.20	07:00:00	1.27595	1.27697	1.27583	1.27664	2466	1374145000	34
2017.04.20	08:00:00	1.27665	1.27696	1.27638	1.27694	2501	1567465000	37
2017.04.20	09:00:00	1.27694	1.27844	1.27685	1.27735	6962	3970243000	33
2017.04.20	10:00:00	1.27739	1.27861	1.27680	1.27680	8814	5500891000	33
2017.04.20	11:00:00	1.27680	1.27777	1.27633	1.27646	8662	6380961000	33
2017.04.20	12:00:00	1.27646	1.27769	1.27591	1.27687	6896	5018001000	33
2017.04.20	13:00:00	1.27689	1.27761	1.27552	1.27554	5872	4478625000	33
2017.04.20	14:00:00	1.27555	1.27570	1.27353	1.27451	7347	5392267000	33
2017.04.20	15:00:00	1.27455	1.27549	1.27418	1.27451	6191	4876237000	35
2017.04.20	16:00:00	1.27453	1.27549	1.27338	1.27547	9738	7716317000	33
2017.04.20	17:00:00	1.27546	1.27775	1.27460	1.27753	10963	6825952000	33
2017.04.20	18:00:00	1.27753	1.27827	1.27544	1.27778	9158	6354502000	33
2017.04.20	19:00:00	1.27780	1.27791	1.27686	1.27753	5920	5252979000	33
2017.04.20	20:00:00	1.27752	1.27871	1.27752	1.27812	6314	4231567000	33
2017.04.20	21:00:00	1.27812	1.27958	1.27796	1.27939	4786	3370134000	35
2017.04.20	22:00:00	1.27941	1.27974	1.27866	1.27920	6234	3982503000	35
2017.04.20	23:00:00	1.27920	1.27993	1.27902	1.27920	2745	1423737000	36
2017.04.21	00:00:00	1.27856	1.28039	1.27431	1.27859	79639	761414000	39
2017.04.21	01:00:00	1.27860	1.27948	1.27854	1.27892	2628	1226750000	46
2017.04.21	02:00:00	1.27890	1.27924	1.27847	1.27851	2774	1651961000	43
2017.04.21	03:00:00	1.27851	1.27868	1.27779	1.27833	2309	1331869000	41
2017.04.21	04:00:00	1.27835	1.27883	1.27787	1.27837	2437	1449946000	39
2017.04.21	05:00:00	1.27837	1.27897	1.27826	1.27858	1859	1003566000	35
2017.04.21	06:00:00	1.27858	1.27890	1.27835	1.27873	1276	669466000	39
2017.04.21	07:00:00	1.27872	1.27877	1.27814	1.27822	1349	785972000	39
2017.04.21	08:00:00	1.27822	1.27953	1.27798	1.27939	2587	1537811000	33
2017.04.21	09:00:00	1.27943	1.27983	1.27718	1.27804	5073	3262503000	33
2017.04.21	10:00:00	1.27807	1.27998	1.27718	1.27983	8215	6297799000	33
2017.04.21	11:00:00	1.27983	1.28026	1.27535	1.27750	9349	6762925000	33
2017.04.21	12:00:00	1.27749	1.27992	1.27702	1.27743	7735	5645822000	33
2017.04.21	13:00:00	1.27743	1.27773	1.27631	1.27702	6619	5005794000	33
2017.04.21	14:00:00	1.27702	1.27759	1.27477	1.27598	7100	4696804000	33
2017.04.21	15:00:00	1.27599	1.27626	1.27416	1.27576	6945	4749410000	33
2017.04.21	16:00:00	1.27574	1.27839	1.27565	1.27699	8787	5785232000	33
2017.04.21	17:00:00	1.27703	1.27786	1.27536	1.27558	8847	6126762000	33
2017.04.21	18:00:00	1.27557	1.27673	1.27470	1.27628	8095	6202539000	33
2017.04.21	19:00:00	1.27629	1.27815	1.27602	1.27752	5418	4464488000	33
2017.04.21	20:00:00	1.27751	1.27753	1.27625	1.27731	4885	3032514000	33
2017.04.21	21:00:00	1.27733	1.27823	1.27699	1.27722	4630	2956323000	33
2017.04.21	22:00:00	1.27722	1.27756	1.27594	1.27610	4392	2610535000	33
2017.04.21	23:00:00	1.27609	1.27676	1.27455	1.27531	3718	2479499000	33
2017.04.24	00:00:00	1.27054	1.27708	1.26897	1.27061	102762	860996000	0
2017.04.24	01:00:00	1.27062	1.27248	1.27009	1.27032	4923	3074548000	53
2017.04.24	02:00:00	1.27031	1.27354	1.26994	1.27313	3876	1709493000	44
2017.04.24	03:00:00	1.27313	1.27549	1.27286	1.27296	7856	3835324000	33
2017.04.24	04:00:00	1.27297	1.27478	1.27202	1.27457	5214	2551300000	37
2017.04.24	05:00:00	1.27458	1.27568	1.27422	1.27520	4665	2053497000	36
2017.04.24	06:00:00	1.27522	1.27636	1.27476	1.27518	3501	1903747000	37
2017.04.24	07:00:00	1.27516	1.27580	1.27465	1.27535	3579	2038170000	36
2017.04.24	08:00:00	1.27536	1.27584	1.27425	1.27463	4949	2682091000	34
2017.04.24	09:00:00	1.27464	1.27529	1.27078	1.27277	10090	5841510000	33
2017.04.24	10:00:00	1.27280	1.27450	1.27177	1.27443	10603	7022573000	33
2017.04.24	11:00:00	1.27445	1.27598	1.27331	1.27555	8698	5692032000	33
2017.04.24	12:00:00	1.27555	1.27574	1.27366	1.27498	7786	5451822000	33
2017.04.24	13:00:00	1.27500	1.27566	1.27338	1.27524	6481	4862316000	33
2017.04.24	14:00:00	1.27526	1.27695	1.27480	1.27599	6983	4921949000	33
2017.04.24	15:00:00	1.27599	1.27608	1.27086	1.27160	8647	5279323000	33
2017.04.24	16:00:00	1.27158	1.27226	1.26888	1.27011	9156	5309943000	33
2017.04.24	17:00:00	1.27011	1.27233	1.26918	1.27208	8437	5061147000	33
2017.04.24	18:00:00	1.27207	1.27408	1.27143	1.27360	8478	5020708000	33
2017.04.24	19:00:00	1.27362	1.27415	1.27255	1.27410	5502	3494411000	33
2017.04.24	20:00:00	1.27410	1.27472	1.27368	1.27446	4936	3082697000	33
2017.04.24	21:00:00	1.27447	1.27476	1.27377	1.27383	5032	3295936000	33
2017.04.24	22:00:00	1.27385	1.27420	1.27325	1.27332	3447	2133383000	35
2017.04.24	23:00:00	1.27333	1.27403	1.27321	1.27384	3084	1629810000	36
2017.04.25	00:00:00	1.27394	1.27660	1.27185	1.27331	87637	260327000	46
2017.04.25	01:00:00	1.27334	1.27358	1.27279	1.27300	1839	936750000	42
2017.04.25	02:00:00	1.27300	1.27359	1.27207	1.27231	2096	810428000	42
2017.04.25	03:00:00	1.27232	1.27289	1.27202	1.27274	4008	2031450000	38
2017.04.25	04:00:00	1.27274	1.27423	1.27269	1.27405	4527	2319378000	37
2017.04.25	05:00:00	1.27405	1.27411	1.27309	1.27310	4646	2377798000	39
2017.04.25	06:00:00	1.27311	1.27325	1.27267	1.27297	2342	1185940000	37
2017.04.25	07:00:00	1.27298	1.27343	1.27292	1.27303	2003	1204930000	40
2017.04.25	08:00:00	1.27304	1.27486	1.27258	1.27387	3838	2297581000	34
2017.04.25	09:00:00	1.27385	1.27432	1.27311	1.27397	5527	3496781000	33
2017.04.25	10:00:00	1.27400	1.27542	1.27336	1.27431	8653	6249475000	33
2017.04.25	11:00:00	1.27430	1.27532	1.27363	1.27408	6328	4685254000	33
2017.04.25	12:00:00	1.27410	1.27619	1.27338	1.27434	7068	4912789000	33
2017.04.25	13:00:00	1.27433	1.27624	1.27368	1.27565	6210	4579680000	33
2017.04.25	14:00:00	1.27564	1.27647	1.27463	1.27505	6140	4525386000	33
2017.04.25	15:00:00	1.27505	1.27538	1.27406	1.27520	7081	5398284000	33
2017.04.25	16:00:00	1.27522	1.27651	1.27376	1.27386	8727	6008926000	33
2017.04.25	17:00:00	1.27391	1.27442	1.27172	1.27414	12802	8611340000	33
2017.04.25	18:00:00	1.27413	1.27491	1.27287	1.27380	9578	6501800000	33
2017.04.25	19:00:00	1.27380	1.27490	1.27323	1.27374	6443	4628209000	33
2017.04.25	20:00:00	1.27374	1.27410	1.27267	1.27322	4839	2984884000	33
2017.04.25	21:00:00	1.27320	1.27439	1.27301	1.27381	4383	2212716000	33
2017.04.25	22:00:00	1.27381	1.27477	1.27357	1.27400	4176	2821292000	33
2017.04.25	23:00:00	1.27399	1.27579	1.27392	1.27503	4075	1878920000	33
2017.04.26	00:00:00	1.27497	1.27892	1.27280	1.27484	96073	544276000	59
2017.04.26	01:00:00	1.27483	1.27519	1.27407	1.27450	3617	1658204000	45
2017.04.26	02:00:00	1.27450	1.27508	1.27444	1.27487	1897	844550000	41
2017.04.26	03:00:00	1.27489	1.27505	1.27376	1.27402	4210	2274198000	37
2017.04.26	04:00:00	1.27401	1.27464	1.27379	1.27417	4953	2506893000	34
2017.04.26	05:00:00	1.27418	1.27460	1.27375	1.27399	2513	1439253000	38
2017.04.26	06:00:00	1.27401	1.27426	1.27364	1.27398	1739	1072245000	40
2017.04.26	07:00:00	1.27398	1.27408	1.27332	1.27388	2153	1247981000	38
2017.04.26	08:00:00	1.27387	1.27388	1.27300	1.27369	2972	1810161000	38
2017.04.26	09:00:00	1.27370	1.27501	1.27309	1.27483	5687	3366868000	33
2017.04.26	10:00:00	1.27482	1.27584	1.27371	1.27381	8257	6063642000	33
2017.04.26	11:00:00	1.27381	1.27488	1.27270	1.27398	8240	5785637000	33
2017.04.26	12:00:00	1.27401	1.27582	1.27349	1.27553	6943	4872673000	33
2017.04.26	13:00:00	1.27553	1.27660	1.27454	1.27557	6847	5171942000	33
2017.04.26	14:00:00	1.27555	1.27632	1.27424	1.27595	6076	4771035000	33
2017.04.26	15:00:00	1.27594	1.27657	1.27436	1.27499	8870	6487508000	33
2017.04.26	16:00:00	1.27499	1.27607	1.27448	1.27535	9465	6421456000	33
2017.04.26	17:00:00	1.27532	1.27881	1.27457	1.27878	10789	7028728000	33
2017.04.26	18:00:00	1.27876	1.27879	1.27679	1.27794	10108	5854634000	33
2017.04.26	19:00:00	1.27796	1.27816	1.27655	1.27766	6986	4322200000	33
2017.04.26	20:00:00	1.27766	1.27814	1.27666	1.27669	9322	5908660000	33
2017.04.26	21:00:00	1.27669	1.27785	1.27617	1.27630	8887	5696256000	34
2017.04.26	22:00:00	1.27629	1.27671	1.27545	1.27595	5502	3739305000	35
2017.04.26	23:00:00	1.27597	1.27666	1.27575	1.27585	3691	1849435000	34
2017.04.27	00:00:00	1.27567	1.28521	1.27440	1.27481	92864	1038135000	0
2017.04.27	01:00:00	1.27495	1.27632	1.27495	1.27618	3369	1685853000	33
2017.04.27	02:00:00	1.27615	1.27621	1.27563	1.27592	1452	744150000	44
2017.04.27	03:00:00	1.27594	1.27631	1.27560	1.27631	3183	1602056000	38
2017.04.27	04:00:00	1.27632	1.27691	1.27619	1.27691	3229	1746528000	37
2017.04.27	05:00:00	1.27691	1.27817	1.27660	1.27718	4114	2186267000	33
2017.04.27	06:00:00	1.27719	1.27790	1.27684	1.27695	3637	2034847000	35
2017.04.27	07:00:00	1.27696	1.27810	1.27686	1.27799	3539	2034849000	37
2017.04.27	08:00:00	1.27798	1.27889	1.27756	1.27889	2432	1561845000	39
2017.04.27	09:00:00	1.27888	1.28039	1.27845	1.27948	4833	2995521000	33
2017.04.27	10:00:00	1.27949	1.28266	1.27936	1.28023	9052	5958799000	33
2017.04.27	11:00:00	1.28022	1.28095	1.27883	1.27927	7282	5287972000	33
2017.04.27	12:00:00	1.27927	1.28207	1.27859	1.28161	7133	5474539000	33
2017.04.27	13:00:00	1.28162	1.28201	1.28051	1.28124	5496	4281602000	33
2017.04.27	14:00:00	1.28126	1.28161	1.28033	1.28083	6972	5188807000	33
2017.04.27	15:00:00	1.28082	1.28272	1.27946	1.28235	13503	9166434000	33
2017.04.27	16:00:00	1.28236	1.28289	1.28120	1.28248	13656	7617781000	33
2017.04.27	17:00:00	1.28248	1.28383	1.28201	1.28247	9729	6453161000	33
2017.04.27	18:00:00	1.28248	1.28507	1.28105	1.28199	8925	5472582000	33
2017.04.27	19:00:00	1.28199	1.28315	1.28102	1.28216	6781	3905626000	33
2017.04.27	20:00:00	1.28215	1.28275	1.28120	1.28192	5183	3429594000	33
2017.04.27	21:00:00	1.28192	1.28301	1.28163	1.28201	4264	2560189000	33
2017.04.27	22:00:00	1.28201	1.28308	1.28176	1.28279	4440	2832366000	38
2017.04.27	23:00:00	1.28279	1.28317	1.28213	1.28213	4318	2531642000	33
2017.04.28	00:00:00	1.28212	1.28922	1.27964	1.28245	93995	658555000	47
2017.04.28	01:00:00	1.28245	1.28295	1.28221	1.28254	1879	951592000	48
2017.04.28	02:00:00	1.28254	1.28281	1.28165	1.28182	2431	700928000	35
2017.04.28	03:00:00	1.28183	1.28276	1.28171	1.28242	3796	1995392000	39
2017.04.28	04:00:00	1.28242	1.28314	1.28210	1.28289	4858	2737366000	39
2017.04.28	05:00:00	1.28288	1.28376	1.28270	1.28325	2608	1456830000	40
2017.04.28	06:00:00	1.28326	1.28394	1.28309	1.28389	2296	1254160000	39
2017.04.28	07:00:00	1.28389	1.28396	1.28307	1.28381	1813	920645000	34
2017.04.28	08:00:00	1.28377	1.28443	1.28317	1.28398	2892	1709717000	36
2017.04.28	09:00:00	1.28398	1.28401	1.28114	1.28131	4991	3224987000	33
2017.04.28	10:00:00	1.28134	1.28527	1.28053	1.28514	7574	5148614000	33
2017.04.28	11:00:00	1.28507	1.28675	1.28251	1.28414	8833	6486931000	33
2017.04.28	12:00:00	1.28417	1.28489	1.27954	1.28166	12175	8835760000	33
2017.04.28	13:00:00	1.28162	1.28262	1.28109	1.28178	6933	5220812000	33
2017.04.28	14:00:00	1.28178	1.28262	1.28130	1.28181	6645	4777635000	33
2017.04.28	15:00:00	1.28180	1.28255	1.27968	1.28071	11387	7732230000	33
2017.04.28	16:00:00	1.28072	1.28320	1.28059	1.28276	10185	7045516000	33
2017.04.28	17:00:00	1.28277	1.28797	1.28147	1.28727	12786	9003943000	33
2017.04.28	18:00:00	1.28726	1.28837	1.28559	1.28633	10397	6704014000	33
2017.04.28	19:00:00	1.28630	1.28692	1.28584	1.28663	5813	3810655000	33
2017.04.28	20:00:00	1.28663	1.28855	1.28590	1.28767	4814	2994381000	33
2017.04.28	21:00:00	1.28768	1.28837	1.28640	1.28715	4323	3014917000	33
2017.04.28	22:00:00	1.28714	1.28858	1.28651	1.28849	3728	2287370000	33
2017.04.28	23:00:00	1.28853	1.28913	1.28746	1.28746	2343	946450000	33
2017.05.01	00:00:00	1.28418	1.28716	1.28324	1.28563	43517	515666000	0
2017.05.01	01:00:00	1.28569	1.28705	1.28521	1.28547	4912	2597035000	43
2017.05.01	02:00:00	1.28550	1.28574	1.28496	1.28555	2206	1182468000	33
2017.05.01	03:00:00	1.28557	1.28663	1.28534	1.28647	1798	957601000	41
2017.05.01	04:00:00	1.28645	1.28658	1.28555	1.28590	3476	1738664000	33
2017.05.01	05:00:00	1.28590	1.28618	1.28577	1.28603	2108	831184000	39
2017.05.01	06:00:00	1.28603	1.28611	1.28558	1.28584	1244	575085000	39
2017.05.01	07:00:00	1.28583	1.28601	1.28545	1.28571	1456	706290000	42
2017.05.01	08:00:00	1.28572	1.28598	1.28510	1.28577	1614	886346000	33
2017.05.01	09:00:00	1.28579	1.28670	1.28546	1.28551	2849	1699365000	34
2017.05.01	10:00:00	1.28549	1.28693	1.28549	1.28637	2882	1867336000	34
2017.05.01	11:00:00	1.28638	1.28645	1.28561	1.28599	2412	1414602000	33
2017.05.01	12:00:00	1.28597	1.28647	1.28585	1.28646	2445	1474339000	33
2017.05.01	13:00:00	1.28646	1.28672	1.28562	1.28577	2719	1614169000	34
2017.05.01	14:00:00	1.28579	1.28590	1.28392	1.28415	3065	2095144000	33
2017.05.01	15:00:00	1.28415	1.28514	1.28348	1.28440	4017	3034761000	33
2017.05.01	16:00:00	1.28440	1.28571	1.28371	1.28501	5178	3088378000	33
2017.05.01	17:00:00	1.28479	1.28557	1.28438	1.28497	6378	4223318000	33
2017.05.01	18:00:00	1.28496	1.28584	1.28470	1.28567	5003	2866897000	33
2017.05.01	19:00:00	1.28567	1.28593	1.28434	1.28517	5945	3920038000	34
2017.05.01	20:00:00	1.28515	1.28554	1.28481	1.28496	4205	2903673000	34
2017.05.01	21:00:00	1.28499	1.28517	1.28416	1.28459	3218	1779359000	33
2017.05.01	22:00:00	1.28454	1.28476	1.28313	1.28386	3271	2005909000	33
2017.05.01	23:00:00	1.28386	1.28425	1.28325	1.28368	3206	1741192000	38
2017.05.02	00:00:00	1.28311	1.28576	1.27966	1.28332	74447	575046000	49
2017.05.02	01:00:00	1.28346	1.28375	1.28287	1.28375	3215	1781538000	41
2017.05.02	02:00:00	1.28375	1.28416	1.28352	1.28399	2061	1121048000	41
2017.05.02	03:00:00	1.28399	1.28498	1.28392	1.28482	3486	1855904000	37
2017.05.02	04:00:00	1.28482	1.28492	1.28404	1.28426	2307	1323332000	37
2017.05.02	05:00:00	1.28424	1.28516	1.28382	1.28510	2869	1789971000	33
2017.05.02	06:00:00	1.28510	1.28521	1.28433	1.28455	1862	1065165000	37
2017.05.02	07:00:00	1.28455	1.28470	1.28350	1.28362	1942	1206887000	38
2017.05.02	08:00:00	1.28361	1.28420	1.28323	1.28409	2867	1777621000	33
2017.05.02	09:00:00	1.28412	1.28434	1.27955	1.27984	6230	4084992000	33
2017.05.02	10:00:00	1.27984	1.28126	1.27963	1.28002	7124	5285480000	33
2017.05.02	11:00:00	1.28002	1.28393	1.27985	1.28176	8001	5323725000	33
2017.05.02	12:00:00	1.28175	1.28269	1.27997	1.28200	6806	4883160000	33
2017.05.02	13:00:00	1.28203	1.28569	1.28169	1.28538	6077	4560206000	33
2017.05.02	14:00:00	1.28537	1.28539	1.28413	1.28464	6608	4916445000	33
2017.05.02	15:00:00	1.28462	1.28513	1.28279	1.28379	6618	5020331000	33
2017.05.02	16:00:00	1.28378	1.28401	1.28226	1.28238	7475	5615066000	34
2017.05.02	17:00:00	1.28238	1.28546	1.28219	1.28443	9852	7317564000	33
2017.05.02	18:00:00	1.28444	1.28465	1.28033	1.28069	6716	4779318000	33
2017.05.02	19:00:00	1.28067	1.28371	1.28060	1.28362	4754	3458372000	33
2017.05.02	20:00:00	1.28361	1.28427	1.28337	1.28339	4366	3102264000	33
2017.05.02	21:00:00	1.28339	1.28362	1.28211	1.28317	4034	2417336000	33
2017.05.02	22:00:00	1.28317	1.28327	1.28245	1.28308	3987	2277873000	33
2017.05.02	23:00:00	1.28311	1.28346	1.28267	1.28283	2838	1721879000	33
2017.05.03	00:00:00	1.28258	1.28349	1.27694	1.28262	84671	969080000	33
2017.05.03	01:00:00	1.28262	1.28283	1.28188	1.28252	3792	1421011000	48
2017.05.03	02:00:00	1.28252	1.28273	1.28220	1.28232	1299	363700000	40
2017.05.03	03:00:00	1.28234	1.28315	1.28210	1.28304	2223	1031724000	40
2017.05.03	04:00:00	1.28304	1.28317	1.28259	1.28272	2527	1096914000	40
2017.05.03	05:00:00	1.28272	1.28296	1.28255	1.28274	1691	661064000	41
2017.05.03	06:00:00	1.28275	1.28313	1.28254	1.28290	1627	644350000	40
2017.05.03	07:00:00	1.28291	1.28314	1.27941	1.28014	3042	1636242000	33
2017.05.03	08:00:00	1.28015	1.28017	1.27886	1.27941	3922	2058231000	33
2017.05.03	09:00:00	1.27941	1.28096	1.27757	1.28019	7160	4649742000	33
2017.05.03	10:00:00	1.28019	1.28169	1.27943	1.28091	7157	5289180000	33
2017.05.03	11:00:00	1.28089	1.28143	1.27899	1.27935	7110	5092173000	33
2017.05.03	12:00:00	1.27937	1.28000	1.27683	1.27781	6811	5040549000	33
2017.05.03	13:00:00	1.27782	1.28037	1.27717	1.27995	5484	4250160000	33
2017.05.03	14:00:00	1.27993	1.28074	1.27887	1.27949	5403	3716843000	33
2017.05.03	15:00:00	1.27948	1.28008	1.27855	1.27895	8824	6729657000	33
2017.05.03	16:00:00	1.27895	1.27956	1.27788	1.27918	7793	6093945000	33
2017.05.03	17:00:00	1.27934	1.28052	1.27738	1.27812	10667	7563259000	33
2017.05.03	18:00:00	1.27816	1.28025	1.27790	1.28012	7793	5744054000	33
2017.05.03	19:00:00	1.28012	1.28067	1.27927	1.28058	4501	3299120000	33
2017.05.03	20:00:00	1.28057	1.28141	1.27928	1.27939	4077	2648986000	33
2017.05.03	21:00:00	1.27939	1.28111	1.27914	1.27956	12097	6837368000	33
2017.05.03	22:00:00	1.27955	1.27989	1.27870	1.27928	5700	3377151000	34
2017.05.03	23:00:00	1.27928	1.28049	1.27918	1.27965	3639	2252500000	33
2017.05.04	00:00:00	1.27960	1.28087	1.27404	1.27901	91970	1683850000	0
2017.05.04	01:00:00	1.27902	1.27975	1.27878	1.27927	2923	1436450000	33
2017.05.04	02:00:00	1.27928	1.27959	1.27898	1.27959	2188	1049099000	42
2017.05.04	03:00:00	1.27960	1.28022	1.27945	1.28020	2378	1216937000	40
2017.05.04	04:00:00	1.28019	1.28032	1.27964	1.27995	2999	1661322000	33
2017.05.04	05:00:00	1.27995	1.28041	1.27976	1.28038	1810	1069240000	41
2017.05.04	06:00:00	1.28036	1.28042	1.27977	1.27983	2290	1366334000	40
2017.05.04	07:00:00	1.27985	1.28028	1.27980	1.28026	1586	946781000	40
2017.05.04	08:00:00	1.28024	1.28078	1.27992	1.28019	2043	1210179000	38
2017.05.04	09:00:00	1.28020	1.28049	1.27627	1.27819	7601	4842616000	33
2017.05.04	10:00:00	1.27816	1.27962	1.27780	1.27868	9625	6199463000	33
2017.05.04	11:00:00	1.27869	1.28012	1.27780	1.27935	9430	6222637000	33
2017.05.04	12:00:00	1.27935	1.28007	1.27763	1.27812	7786	5978161000	33
2017.05.04	13:00:00	1.27812	1.27905	1.27720	1.27874	7289	5903004000	33
2017.05.04	14:00:00	1.27874	1.27929	1.27804	1.27879	6906	4709123000	33
2017.05.04	15:00:00	1.27879	1.28000	1.27815	1.27940	9161	6378798000	33
2017.05.04	16:00:00	1.27939	1.28031	1.27925	1.27997	8764	6159522000	33
2017.05.04	17:00:00	1.27993	1.28061	1.27916	1.27950	10060	7088488000	33
2017.05.04	18:00:00	1.27950	1.27993	1.27661	1.27670	10406	7739968000	33
2017.05.04	19:00:00	1.27673	1.27697	1.27488	1.27636	7538	5240393000	33
2017.05.04	20:00:00	1.27634	1.27658	1.27535	1.27553	5603	3733264000	33
2017.05.04	21:00:00	1.27557	1.27582	1.27496	1.27548	4972	3049515000	33
2017.05.04	22:00:00	1.27547	1.27550	1.27461	1.27502	3486	2191397000	35
2017.05.04	23:00:00	1.27506	1.27549	1.27400	1.27409	2781	1776911000	37
2017.05.05	00:00:00	1.27417	1.28228	1.27289	1.27444	83363	711694000	33
2017.05.05	01:00:00	1.27443	1.27443	1.27351	1.27385	2060	995202000	50
2017.05.05	02:00:00	1.27386	1.27446	1.27374	1.27438	1115	493556000	42
2017.05.05	03:00:00	1.27439	1.27494	1.27412	1.27486	3134	1768554000	35
2017.05.05	04:00:00	1.27486	1.27493	1.27277	1.27371	2553	1351119000	33
2017.05.05	05:00:00	1.27368	1.27403	1.27362	1.27377	2423	1320995000	38
2017.05.05	06:00:00	1.27377	1.27419	1.27294	1.27330	4170	2508869000	37
2017.05.05	07:00:00	1.27331	1.27464	1.27323	1.27435	4147	2349178000	38
2017.05.05	08:00:00	1.27436	1.27577	1.27435	1.27565	2863	1697536000	38
2017.05.05	09:00:00	1.27563	1.27888	1.27514	1.27860	6680	4285453000	33
2017.05.05	10:00:00	1.27860	1.27889	1.27632	1.27721	7147	5680711000	33
2017.05.05	11:00:00	1.27722	1.27901	1.27684	1.27867	7506	5936367000	33
2017.05.05	12:00:00	1.27867	1.27890	1.27745	1.27824	5825	4136522000	33
2017.05.05	13:00:00	1.27822	1.28095	1.27785	1.27967	5975	4378753000	33
2017.05.05	14:00:00	1.27966	1.28006	1.27772	1.27943	6538	4492070000	33
2017.05.05	15:00:00	1.27942	1.28073	1.27755	1.28018	12514	8356479000	33
2017.05.05	16:00:00	1.28018	1.28062	1.27888	1.27930	9755	6318070000	33
2017.05.05	17:00:00	1.27929	1.28085	1.27904	1.28063	9729	5875945000	33
2017.05.05	18:00:00	1.28065	1.28080	1.27849	1.27875	8809	5681837000	33
2017.05.05	19:00:00	1.27875	1.27978	1.27819	1.27909	6553	4428812000	33
2017.05.05	20:00:00	1.27909	1.28116	1.27888	1.28108	3940	2553700000	33
2017.05.05	21:00:00	1.28111	1.28112	1.27974	1.28088	4419	2792849000	33
2017.05.05	22:00:00	1.28087	1.28151	1.28028	1.28070	4194	2543382000	33
2017.05.05	23:00:00	1.28068	1.28223	1.28057	1.28106	4053	1706684000	39
2017.05.08	00:00:00	1.28192	1.29278	1.28112	1.28285	86477	1413270000	0
2017.05.08	01:00:00	1.28286	1.28341	1.28165	1.28208	3423	1797228000	40
2017.05.08	02:00:00	1.28208	1.28352	1.28165	1.28352	3239	1622610000	34
2017.05.08	03:00:00	1.28352	1.28356	1.28210	1.28213	5278	3079849000	34
2017.05.08	04:00:00	1.28214	1.28265	1.28181	1.28203	4631	2737558000	38
2017.05.08	05:00:00	1.28203	1.28228	1.28160	1.28181	3669	2181188000	38
2017.05.08	06:00:00	1.28182	1.28217	1.28162	1.28211	3382	1805520000	33
2017.05.08	07:00:00	1.28211	1.28306	1.28196	1.28293	4155	2327866000	33
2017.05.08	08:00:00	1.28291	1.28371	1.28165	1.28182	4319	2360008000	38
2017.05.08	09:00:00	1.28182	1.28574	1.28162	1.28558	6873	4465394000	33
2017.05.08	10:00:00	1.28559	1.28720	1.28460	1.28679	9316	6947264000	33
2017.05.08	11:00:00	1.28677	1.28688	1.28390	1.28558	7387	5475258000	33
2017.05.08	12:00:00	1.28559	1.28881	1.28487	1.28872	7561	5400777000	33
2017.05.08	13:00:00	1.28873	1.28906	1.28667	1.28707	6382	4612663000	33
2017.05.08	14:00:00	1.28706	1.28793	1.28639	1.28693	6420	4785814000	33
2017.05.08	15:00:00	1.28691	1.28940	1.28670	1.28934	7662	5261364000	33
2017.05.08	16:00:00	1.28934	1.29148	1.28845	1.28966	9458	6312262000	33
2017.05.08	17:00:00	1.28965	1.29135	1.28960	1.29041	8953	5640708000	33
2017.05.08	18:00:00	1.29040	1.29130	1.28987	1.29123	8004	5647398000	33
2017.05.08	19:00:00	1.29122	1.29187	1.29066	1.29133	4297	3145549000	33
2017.05.08	20:00:00	1.29134	1.29266	1.29112	1.29207	4241	2864260000	33
2017.05.08	21:00:00	1.29205	1.29252	1.29160	1.29177	3373	2216182000	33
2017.05.08	22:00:00	1.29176	1.29265	1.29155	1.29165	3966	2782989000	33
2017.05.08	23:00:00	1.29170	1.29273	1.29163	1.29196	2362	1383237000	36
2017.05.09	00:00:00	1.29140	1.30463	1.29054	1.29233	92354	1461914000	0
2017.05.09	01:00:00	1.29236	1.29244	1.29179	1.29189	1686	881668000	46
2017.05.09	02:00:00	1.29190	1.29217	1.29139	1.29151	2811	1478524000	43
2017.05.09	03:00:00	1.29153	1.29252	1.29121	1.29180	4436	2543274000	33
2017.05.09	04:00:00	1.29180	1.29332	1.29140	1.29226	5244	3152718000	33
2017.05.09	05:00:00	1.29226	1.29289	1.29160	1.29192	4285	2546117000	36
2017.05.09	06:00:00	1.29194	1.29288	1.29181	1.29280	3436	2110601000	40
2017.05.09	07:00:00	1.29278	1.29330	1.29266	1.29295	3006	1856501000	39
2017.05.09	08:00:00	1.29295	1.29374	1.29295	1.29358	2445	1373014000	38
2017.05.09	09:00:00	1.29357	1.29483	1.29278	1.29360	6884	4369452000	33
2017.05.09	10:00:00	1.29362	1.29527	1.29344	1.29496	8195	6136086000	33
2017.05.09	11:00:00	1.29497	1.29520	1.29382	1.29446	7405	5731934000	34
2017.05.09	12:00:00	1.29446	1.29514	1.29324	1.29450	8017	5897510000	33
2017.05.09	13:00:00	1.29449	1.29669	1.29425	1.29536	6660	4986970000	33
2017.05.09	14:00:00	1.29536	1.29730	1.29449	1.29699	7953	6161963000	33
2017.05.09	15:00:00	1.29698	1.29787	1.29650	1.29717	8698	6683236000	33
2017.05.09	16:00:00	1.29715	1.29898	1.29674	1.29808	8183	6477850000	33
2017.05.09	17:00:00	1.29808	1.30204	1.29747	1.30190	10912	8268552000	33
2017.05.09	18:00:00	1.30188	1.30363	1.30081	1.30328	8857	6231046000	33
2017.05.09	19:00:00	1.30328	1.30447	1.30274	1.30387	4672	3616164000	33
2017.05.09	20:00:00	1.30384	1.30404	1.30247	1.30331	5762	3727123000	33
2017.05.09	21:00:00	1.30331	1.30434	1.30323	1.30343	4207	3024035000	33
2017.05.09	22:00:00	1.30343	1.30431	1.30222	1.30244	4722	3006018000	33
2017.05.09	23:00:00	1.30244	1.30332	1.30243	1.30257	2450	1309953000	33
2017.05.10	00:00:00	1.30229	1.30682	1.30151	1.30278	88071	1307902000	0
2017.05.10	01:00:00	1.30266	1.30379	1.30253	1.30325	3339	1604784000	46
2017.05.10	02:00:00	1.30322	1.30401	1.30302	1.30333	3255	1234994000	39
2017.05.10	03:00:00	1.30335	1.30423	1.30303	1.30329	5374	3249597000	40
2017.05.10	04:00:00	1.30329	1.30374	1.30276	1.30336	3985	2228769000	36
2017.05.10	05:00:00	1.30335	1.30355	1.30260	1.30288	2562	1742194000	39
2017.05.10	06:00:00	1.30287	1.30354	1.30275	1.30339	1900	1120131000	40
2017.05.10	07:00:00	1.30342	1.30393	1.30291	1.30349	2469	1616857000	34
2017.05.10	08:00:00	1.30352	1.30457	1.30328	1.30403	3624	2382605000	36
2017.05.10	09:00:00	1.30399	1.30671	1.30398	1.30497	7344	4918168000	33
2017.05.10	10:00:00	1.30499	1.30588	1.30406	1.30522	7862	5908978000	33
2017.05.10	11:00:00	1.30522	1.30610	1.30356	1.30412	8044	6027472000	33
2017.05.10	12:00:00	1.30411	1.30418	1.30235	1.30401	7555	6233291000	33
2017.05.10	13:00:00	1.30402	1.30492	1.30239	1.30303	5901	4804772000	33
2017.05.10	14:00:00	1.30304	1.30381	1.30252	1.30361	8428	6380929000	33
2017.05.10	15:00:00	1.30361	1.30430	1.30296	1.30327	8021	5629750000	33
2017.05.10	16:00:00	1.30328	1.30350	1.30169	1.30213	8086	5727250000	33
2017.05.10	17:00:00	1.30214	1.30613	1.30139	1.30549	9272	7140082000	33
2017.05.10	18:00:00	1.30551	1.30579	1.30462	1.30492	8277	5778202000	33
2017.05.10	19:00:00	1.30492	1.30546	1.30379	1.30522	4744	3615216000	33
2017.05.10	20:00:00	1.30523	1.30586	1.30478	1.30484	4982	3824606000	33
2017.05.10	21:00:00	1.30483	1.30588	1.30479	1.30586	4074	2708087000	33
2017.05.10	22:00:00	1.30585	1.30632	1.30507	1.30567	3418	2083166000	33
2017.05.10	23:00:00	1.30568	1.30589	1.30508	1.30516	2008	1144680000	35
2017.05.11	00:00:00	1.30485	1.30631	1.29530	1.30437	87940	1477891000	0
2017.05.11	01:00:00	1.30439	1.30509	1.30421	1.30438	3086	1572772000	42
2017.05.11	02:00:00	1.30443	1.30476	1.30433	1.30452	2139	1079348000	39
2017.05.11	03:00:00	1.30454	1.30484	1.30406	1.30411	2962	1570631000	38
2017.05.11	04:00:00	1.30411	1.30450	1.30354	1.30434	3355	2100234000	42
2017.05.11	05:00:00	1.30433	1.30500	1.30425	1.30482	2681	1568711000	37
2017.05.11	06:00:00	1.30484	1.30519	1.30473	1.30491	2120	1325896000	39
2017.05.11	07:00:00	1.30491	1.30539	1.30474	1.30536	1965	1281492000	41
2017.05.11	08:00:00	1.30536	1.30624	1.30481	1.30482	2815	1768760000	37
2017.05.11	09:00:00	1.30482	1.30520	1.30366	1.30366	5685	3405168000	33
2017.05.11	10:00:00	1.30366	1.30512	1.30286	1.30298	7194	5379888000	33
2017.05.11	11:00:00	1.30299	1.30359	1.30036	1.30119	6724	4833076000	33
2017.05.11	12:00:00	1.30120	1.30275	1.29975	1.30250	6031	4231577000	33
2017.05.11	13:00:00	1.30250	1.30264	1.30134	1.30197	5726	4392180000	33
2017.05.11	14:00:00	1.30200	1.30213	1.29539	1.29618	12282	8548170000	33
2017.05.11	15:00:00	1.29618	1.29890	1.29589	1.29748	10880	7589559000	33
2017.05.11	16:00:00	1.29753	1.29890	1.29642	1.29691	9315	6042003000	33
2017.05.11	17:00:00	1.29690	1.29768	1.29554	1.29652	10401	6974151000	33
2017.05.11	18:00:00	1.29657	1.29684	1.29521	1.29614	7157	4795470000	33
2017.05.11	19:00:00	1.29615	1.29670	1.29547	1.29611	5089	3816170000	33
2017.05.11	20:00:00	1.29610	1.29725	1.29552	1.29668	4846	3326060000	33
2017.05.11	21:00:00	1.29668	1.29830	1.29657	1.29824	3905	2116414000	33
2017.05.11	22:00:00	1.29820	1.29951	1.29797	1.29881	4293	2433829000	33
2017.05.11	23:00:00	1.29880	1.29897	1.29813	1.29840	2000	1148979000	33
2017.05.12	00:00:00	1.29838	1.29941	1.28652	1.29845	80176	640585000	0
2017.05.12	01:00:00	1.29842	1.29910	1.29821	1.29851	1899	680976000	47
2017.05.12	02:00:00	1.29855	1.29883	1.29838	1.29881	1722	653361000	42
2017.05.12	03:00:00	1.29881	1.29887	1.29750	1.29791	3395	1714113000	38
2017.05.12	04:00:00	1.29792	1.29920	1.29790	1.29865	3245	2019869000	39
2017.05.12	05:00:00	1.29865	1.29930	1.29753	1.29782	3287	1897930000	33
2017.05.12	06:00:00	1.29782	1.29842	1.29780	1.29821	2523	1569847000	38
2017.05.12	07:00:00	1.29823	1.29881	1.29801	1.29862	2279	1294087000	39
2017.05.12	08:00:00	1.29860	1.29890	1.29789	1.29862	2767	1832753000	37
2017.05.12	09:00:00	1.29865	1.29888	1.29800	1.29878	5158	3404042000	33
2017.05.12	10:00:00	1.29877	1.29904	1.29532	1.29604	8128	5578173000	33
2017.05.12	11:00:00	1.29601	1.29646	1.29452	1.29473	5760	4265824000	33
2017.05.12	12:00:00	1.29473	1.29585	1.29439	1.29545	6255	4564341000	33
2017.05.12	13:00:00	1.29544	1.29694	1.29438	1.29511	5855	4003118000	33
2017.05.12	14:00:00	1.29511	1.29606	1.29443	1.29600	5625	3884507000	33
2017.05.12	15:00:00	1.29600	1.29631	1.29388	1.29532	11066	7159994000	33
2017.05.12	16:00:00	1.29530	1.29636	1.29405	1.29492	11421	8568657000	33
2017.05.12	17:00:00	1.29483	1.29534	1.29211	1.29215	9839	7510437000	33
2017.05.12	18:00:00	1.29215	1.29289	1.28641	1.28880	8716	6769510000	33
2017.05.12	19:00:00	1.28880	1.28961	1.28853	1.28945	5016	4093796000	33
2017.05.12	20:00:00	1.28945	1.29053	1.28933	1.29035	3728	2790123000	33
2017.05.12	21:00:00	1.29035	1.29064	1.28996	1.29046	2924	2194539000	36
2017.05.12	22:00:00	1.29049	1.29093	1.28933	1.28933	3137	2083500000	33
2017.05.12	23:00:00	1.28929	1.29025	1.28929	1.28966	2372	1702692000	36
2017.05.15	00:00:00	1.28755	1.29402	1.28379	1.28888	78071	2491179000	0
2017.05.15	01:00:00	1.28895	1.29044	1.28895	1.29007	6102	3063336000	54
2017.05.15	02:00:00	1.29003	1.29012	1.28933	1.28945	3870	1809000000	41
2017.05.15	03:00:00	1.28948	1.29103	1.28930	1.29046	3433	1970721000	37
2017.05.15	04:00:00	1.29044	1.29062	1.29010	1.29044	3063	1790725000	39
2017.05.15	05:00:00	1.29044	1.29114	1.29029	1.29070	3103	1829371000	33
2017.05.15	06:00:00	1.29071	1.29140	1.29058	1.29114	1855	1169133000	36
2017.05.15	07:00:00	1.29114	1.29223	1.29112	1.29210	2032	1337688000	38
2017.05.15	08:00:00	1.29211	1.29243	1.29151	1.29167	2286	1417500000	38
2017.05.15	09:00:00	1.29168	1.29358	1.29135	1.29304	6684	3950307000	33
2017.05.15	10:00:00	1.29307	1.29394	1.29176	1.29228	7377	5231033000	33
2017.05.15	11:00:00	1.29229	1.29265	1.29087	1.29180	5963	4461743000	33
2017.05.15	12:00:00	1.29178	1.29257	1.28974	1.28999	7661	5689775000	33
2017.05.15	13:00:00	1.28998	1.29079	1.28963	1.29037	6688	4789143000	33
2017.05.15	14:00:00	1.29037	1.29050	1.28902	1.28904	5957	4214804000	33
2017.05.15	15:00:00	1.28902	1.28923	1.28591	1.28635	8463	5909425000	33
2017.05.15	16:00:00	1.28633	1.28709	1.28576	1.28599	7936	5977096000	33
2017.05.15	17:00:00	1.28600	1.28798	1.28588	1.28719	8841	6456694000	33
2017.05.15	18:00:00	1.28722	1.28806	1.28653	1.28685	7322	5286985000	33
2017.05.15	19:00:00	1.28682	1.28702	1.28554	1.28611	4570	3058136000	33
2017.05.15	20:00:00	1.28612	1.28624	1.28367	1.28424	4280	2678671000	34
2017.05.15	21:00:00	1.28422	1.28477	1.28401	1.28448	3713	2534419000	33
2017.05.15	22:00:00	1.28448	1.28547	1.28418	1.28540	3589	2242275000	37
2017.05.15	23:00:00	1.28540	1.28578	1.28471	1.28473	1775	1065581000	34
2017.05.16	00:00:00	1.28458	1.28610	1.27235	1.28457	90765	584440000	0
2017.05.16	01:00:00	1.28456	1.28504	1.28425	1.28457	1751	904852000	49
2017.05.16	02:00:00	1.28455	1.28474	1.28426	1.28456	2012	873922000	45
2017.05.16	03:00:00	1.28456	1.28574	1.28450	1.28562	4119	2481707000	38
2017.05.16	04:00:00	1.28562	1.28599	1.28442	1.28453	4991	2899733000	33
2017.05.16	05:00:00	1.28452	1.28524	1.28432	1.28490	3921	2403961000	37
2017.05.16	06:00:00	1.28489	1.28544	1.28454	1.28531	1924	1116755000	38
2017.05.16	07:00:00	1.28532	1.28542	1.28417	1.28464	2786	1698880000	38
2017.05.16	08:00:00	1.28463	1.28514	1.28433	1.28460	3776	2253314000	39
2017.05.16	09:00:00	1.28460	1.28571	1.28452	1.28522	6625	4111861000	33
2017.05.16	10:00:00	1.28518	1.28570	1.28271	1.28353	8196	5610449000	33
2017.05.16	11:00:00	1.28354	1.28577	1.27772	1.27783	10317	7269419000	33
2017.05.16	12:00:00	1.27783	1.27835	1.27588	1.27730	9312	6925044000	33
2017.05.16	13:00:00	1.27730	1.27811	1.27552	1.27661	7344	5544573000	33
2017.05.16	14:00:00	1.27661	1.27671	1.27481	1.27569	7216	5767146000	33
2017.05.16	15:00:00	1.27567	1.27631	1.27432	1.27484	8662	6260497000	33
2017.05.16	16:00:00	1.27480	1.27540	1.27380	1.27462	8964	6357706000	33
2017.05.16	17:00:00	1.27461	1.27524	1.27304	1.27501	9635	7153667000	33
2017.05.16	18:00:00	1.27502	1.27612	1.27480	1.27537	7945	6100632000	33
2017.05.16	19:00:00	1.27537	1.27560	1.27458	1.27505	5718	4738717000	33
2017.05.16	20:00:00	1.27503	1.27555	1.27281	1.27302	4432	3199343000	33
2017.05.16	21:00:00	1.27302	1.27408	1.27247	1.27274	4081	2721733000	33
2017.05.16	22:00:00	1.27274	1.27297	1.27242	1.27289	3443	2442066000	33
2017.05.16	23:00:00	1.27289	1.27350	1.27231	1.27316	2904	1721118000	33
2017.05.17	00:00:00	1.27286	1.27653	1.26734	1.27347	104430	1210642000	0
2017.05.17	01:00:00	1.27347	1.27347	1.27138	1.27176	2439	1270366000	33
2017.05.17	02:00:00	1.27175	1.27192	1.27098	1.27130	3637	2067006000	38
2017.05.17	03:00:00	1.27130	1.27160	1.27073	1.27100	4761	2772581000	37
2017.05.17	04:00:00	1.27101	1.27172	1.27072	1.27100	2890	1723770000	33
2017.05.17	05:00:00	1.27100	1.27117	1.26933	1.26951	3850	2329825000	38
2017.05.17	06:00:00	1.26952	1.27178	1.26951	1.27092	3672	2363226000	33
2017.05.17	07:00:00	1.27092	1.27247	1.27060	1.27168	3040	1754837000	38
2017.05.17	08:00:00	1.27169	1.27248	1.27120	1.27178	4103	2379568000	33
2017.05.17	09:00:00	1.27180	1.27200	1.26756	1.26948	7516	4530219000	33
2017.05.17	10:00:00	1.26947	1.27299	1.26925	1.27289	9225	6875678000	33
2017.05.17	11:00:00	1.27287	1.27477	1.27211	1.27392	8666	6191130000	33
2017.05.17	12:00:00	1.27392	1.27420	1.27233	1.27321	6725	4886915000	33
2017.05.17	13:00:00	1.27320	1.27648	1.27320	1.27577	7142	4875548000	33
2017.05.17	14:00:00	1.27579	1.27603	1.27409	1.27445	6519	4721229000	33
2017.05.17	15:00:00	1.27445	1.27455	1.27254	1.27282	7977	5780168000	33
2017.05.17	16:00:00	1.27283	1.27337	1.26873	1.26875	11717	8522444000	33
2017.05.17	17:00:00	1.26875	1.27167	1.26724	1.26969	12719	8886673000	33
2017.05.17	18:00:00	1.26974	1.27033	1.26760	1.26920	10891	7572027000	33
2017.05.17	19:00:00	1.26922	1.27009	1.26891	1.26934	6014	4216437000	33
2017.05.17	20:00:00	1.26935	1.26953	1.26799	1.26853	5406	3884340000	33
2017.05.17	21:00:00	1.26853	1.26899	1.26785	1.26831	5261	3269368000	33
2017.05.17	22:00:00	1.26835	1.26900	1.26816	1.26857	5473	3633653000	33
2017.05.17	23:00:00	1.26857	1.26952	1.26834	1.26952	3306	2103078000	34
2017.05.18	00:00:00	1.26863	1.27863	1.26241	1.26947	130804	1563620000	0
2017.05.18	01:00:00	1.26946	1.26968	1.26873	1.26920	4756	2508619000	45
2017.05.18	02:00:00	1.26915	1.26995	1.26877	1.26990	3809	2134923000	40
2017.05.18	03:00:00	1.26990	1.27001	1.26840	1.26888	5952	3691611000	33
2017.05.18	04:00:00	1.26886	1.26936	1.26821	1.26885	6771	4230878000	38
2017.05.18	05:00:00	1.26887	1.27003	1.26874	1.26929	3862	2368686000	33
2017.05.18	06:00:00	1.26931	1.26960	1.26901	1.26913	2461	1773620000	37
2017.05.18	07:00:00	1.26912	1.27156	1.26904	1.27117	4111	2644038000	38
2017.05.18	08:00:00	1.27117	1.27157	1.27051	1.27065	4160	2968192000	37
2017.05.18	09:00:00	1.27067	1.27134	1.26947	1.27008	7701	4804418000	33
2017.05.18	10:00:00	1.27004	1.27033	1.26825	1.26891	8803	6375407000	33
2017.05.18	11:00:00	1.26891	1.27722	1.26885	1.27658	12583	8661094000	33
2017.05.18	12:00:00	1.27659	1.27850	1.27412	1.27704	12585	8462382000	33
2017.05.18	13:00:00	1.27703	1.27765	1.27319	1.27358	9644	6982080000	33
2017.05.18	14:00:00	1.27357	1.27478	1.27297	1.27425	9282	6596658000	33
2017.05.18	15:00:00	1.27427	1.27494	1.27156	1.27442	10224	7005204000	33
2017.05.18	16:00:00	1.27442	1.27581	1.27376	1.27449	11812	8025607000	33
2017.05.18	17:00:00	1.27449	1.27489	1.27110	1.27154	13144	8463730000	33
2017.05.18	18:00:00	1.27159	1.27332	1.26973	1.26983	10106	6777206000	33
2017.05.18	19:00:00	1.26981	1.27095	1.26943	1.27012	7823	5196270000	33
2017.05.18	20:00:00	1.27011	1.27119	1.26231	1.26834	10893	7036877000	33
2017.05.18	21:00:00	1.26836	1.26929	1.26767	1.26792	8673	5019331000	33
2017.05.18	22:00:00	1.26790	1.26827	1.26678	1.26712	5056	2786470000	37
2017.05.18	23:00:00	1.26713	1.26814	1.26684	1.26731	2436	1174017000	39
2017.05.19	00:00:00	1.26630	1.27371	1.26514	1.26804	87222	1483220000	0
2017.05.19	01:00:00	1.26794	1.26816	1.26715	1.26756	2117	1074418000	50
2017.05.19	02:00:00	1.26755	1.26886	1.26742	1.26883	2061	1172127000	36
2017.05.19	03:00:00	1.26882	1.26940	1.26844	1.26883	3575	1956318000	36
2017.05.19	04:00:00	1.26884	1.26909	1.26815	1.26821	3939	2342769000	38
2017.05.19	05:00:00	1.26823	1.26933	1.26823	1.26921	2772	1696951000	41
2017.05.19	06:00:00	1.26919	1.26967	1.26908	1.26952	2758	1816611000	34
2017.05.19	07:00:00	1.26949	1.26982	1.26918	1.26964	2067	1231156000	37
2017.05.19	08:00:00	1.26965	1.26987	1.26918	1.26954	2524	1499649000	36
2017.05.19	09:00:00	1.26952	1.26957	1.26840	1.26863	5849	3855374000	33
2017.05.19	10:00:00	1.26861	1.27104	1.26792	1.27075	7328	5409964000	33
2017.05.19	11:00:00	1.27075	1.27162	1.26942	1.27091	8292	5988241000	33
2017.05.19	12:00:00	1.27091	1.27246	1.26937	1.27051	7009	5317582000	33
2017.05.19	13:00:00	1.27055	1.27226	1.27055	1.27207	5796	4055647000	33
2017.05.19	14:00:00	1.27205	1.27228	1.27008	1.27027	6983	5120093000	33
2017.05.19	15:00:00	1.27028	1.27361	1.27024	1.27268	7935	5821052000	33
2017.05.19	16:00:00	1.27270	1.27276	1.26810	1.27008	9891	7190034000	33
2017.05.19	17:00:00	1.27003	1.27085	1.26845	1.26909	9743	6671623000	33
2017.05.19	18:00:00	1.26902	1.27110	1.26874	1.26964	7425	5407149000	33
2017.05.19	19:00:00	1.26963	1.27002	1.26841	1.26877	4881	3731750000	33
2017.05.19	20:00:00	1.26876	1.26883	1.26714	1.26811	4839	3172093000	33
2017.05.19	21:00:00	1.26813	1.26895	1.26762	1.26838	4356	2475745000	33
2017.05.19	22:00:00	1.26837	1.26858	1.26763	1.26812	5312	3168086000	33
2017.05.19	23:00:00	1.26812	1.26861	1.26756	1.26800	2369	1529692000	33
2017.05.22	00:00:00	1.26419	1.26830	1.26027	1.26629	84086	696325000	0
2017.05.22	01:00:00	1.26627	1.26709	1.26586	1.26638	2144	1094735000	52
2017.05.22	02:00:00	1.26640	1.26664	1.26557	1.26586	2454	1477123000	43
2017.05.22	03:00:00	1.26591	1.26623	1.26381	1.26463	4921	3009994000	37
2017.05.22	04:00:00	1.26461	1.26578	1.26444	1.26554	4401	2637625000	38
2017.05.22	05:00:00	1.26554	1.26623	1.26552	1.26583	2906	1794602000	37
2017.05.22	06:00:00	1.26578	1.26684	1.26573	1.26670	2254	1428002000	38
2017.05.22	07:00:00	1.26670	1.26678	1.26629	1.26662	1714	1121262000	39
2017.05.22	08:00:00	1.26660	1.26762	1.26582	1.26714	2587	1740359000	33
2017.05.22	09:00:00	1.26714	1.26816	1.26479	1.26716	6674	4450188000	33
2017.05.22	10:00:00	1.26718	1.26742	1.26475	1.26573	8950	6582473000	33
2017.05.22	11:00:00	1.26573	1.26638	1.26337	1.26429	6437	4900104000	33
2017.05.22	12:00:00	1.26429	1.26487	1.26298	1.26400	7098	5203288000	33
2017.05.22	13:00:00	1.26400	1.26422	1.26087	1.26196	9682	6669717000	33
2017.05.22	14:00:00	1.26195	1.26331	1.26012	1.26293	7129	5387073000	33
2017.05.22	15:00:00	1.26292	1.26385	1.26120	1.26210	6434	4822153000	33
2017.05.22	16:00:00	1.26208	1.26333	1.26056	1.26188	8703	5536543000	33
2017.05.22	17:00:00	1.26191	1.26717	1.26163	1.26589	10175	7199801000	33
2017.05.22	18:00:00	1.26584	1.26702	1.26528	1.26618	8422	6244412000	33
2017.05.22	19:00:00	1.26618	1.26656	1.26549	1.26578	4398	3248954000	33
2017.05.22	20:00:00	1.26577	1.26595	1.26441	1.26445	2763	1959357000	33
2017.05.22	21:00:00	1.26447	1.26505	1.26408	1.26479	3074	2356753000	34
2017.05.22	22:00:00	1.26477	1.26523	1.26455	1.26494	2759	2143478000	33
2017.05.22	23:00:00	1.26493	1.26542	1.26471	1.26527	2006	1444125000	33
2017.05.23	00:00:00	1.26483	1.26590	1.25894	1.26492	102946	1500171000	0
2017.05.23	01:00:00	1.26500	1.26552	1.26387	1.26498	2604	1450937000	50
2017.05.23	02:00:00	1.26496	1.26542	1.26392	1.26421	3567	2143423000	42
2017.05.23	03:00:00	1.26420	1.26457	1.26265	1.26274	5612	3487416000	41
2017.05.23	04:00:00	1.26275	1.26306	1.26173	1.26276	3579	2081922000	36
2017.05.23	05:00:00	1.26276	1.26317	1.26252	1.26264	3326	2000238000	35
2017.05.23	06:00:00	1.26266	1.26323	1.26227	1.26284	2766	1681082000	37
2017.05.23	07:00:00	1.26284	1.26364	1.26255	1.26299	2486	1522647000	39
2017.05.23	08:00:00	1.26300	1.26375	1.26261	1.26356	3194	1976194000	38
2017.05.23	09:00:00	1.26357	1.26470	1.26224	1.26240	9292	5865421000	33
2017.05.23	10:00:00	1.26241	1.26330	1.26108	1.26208	12032	7471908000	33
2017.05.23	11:00:00	1.26210	1.26257	1.26079	1.26149	9306	5807861000	33
2017.05.23	12:00:00	1.26148	1.26262	1.26057	1.26098	7578	4971961000	33
2017.05.23	13:00:00	1.26100	1.26106	1.25884	1.26013	7068	4665759000	33
2017.05.23	14:00:00	1.26014	1.26192	1.25989	1.26120	6370	4327105000	33
2017.05.23	15:00:00	1.26118	1.26218	1.26052	1.26165	8147	5549467000	33
2017.05.23	16:00:00	1.26165	1.26257	1.26118	1.26206	7841	5682046000	33
2017.05.23	17:00:00	1.26198	1.26332	1.26078	1.26085	9499	6406388000	33
2017.05.23	18:00:00	1.26088	1.26552	1.26061	1.26435	13516	9017044000	33
2017.05.23	19:00:00	1.26434	1.26484	1.26343	1.26471	8176	6574262000	33
2017.05.23	20:00:00	1.26472	1.26521	1.26403	1.26518	4432	3400898000	33
2017.05.23	21:00:00	1.26515	1.26556	1.26433	1.26453	4936	3437388000	33
2017.05.23	22:00:00	1.26453	1.26580	1.26453	1.26507	4248	2847739000	33
2017.05.23	23:00:00	1.26509	1.26537	1.26456	1.26471	2439	1723094000	34
2017.05.24	00:00:00	1.26469	1.26914	1.26159	1.26493	90809	799012000	0
2017.05.24	01:00:00	1.26495	1.26521	1.26389	1.26446	3205	1594433000	44
2017.05.24	02:00:00	1.26448	1.26496	1.26423	1.26471	2121	1132952000	41
2017.05.24	03:00:00	1.26475	1.26482	1.26385	1.26462	4726	2855118000	40
2017.05.24	04:00:00	1.26462	1.26526	1.26438	1.26520	3822	2292764000	37
2017.05.24	05:00:00	1.26517	1.26573	1.26499	1.26555	2186	1371912000	42
2017.05.24	06:00:00	1.26554	1.26623	1.26528	1.26621	2634	1687628000	37
2017.05.24	07:00:00	1.26619	1.26690	1.26593	1.26629	2305	1375580000	38
2017.05.24	08:00:00	1.26629	1.26716	1.26610	1.26641	2978	1811723000	36
2017.05.24	09:00:00	1.26643	1.26668	1.26520	1.26561	5586	3782457000	33
2017.05.24	10:00:00	1.26560	1.26728	1.26500	1.26573	7656	5501384000	33
2017.05.24	11:00:00	1.26572	1.26737	1.26466	1.26730	7633	5301974000	33
2017.05.24	12:00:00	1.26730	1.26880	1.26701	1.26854	6870	4584920000	33
2017.05.24	13:00:00	1.26848	1.26903	1.26529	1.26534	7091	4970283000	33
2017.05.24	14:00:00	1.26539	1.26720	1.26536	1.26671	5937	4275950000	33
2017.05.24	15:00:00	1.26672	1.26682	1.26412	1.26600	7845	5273299000	33
2017.05.24	16:00:00	1.26604	1.26604	1.26334	1.26527	10077	6696211000	33
2017.05.24	17:00:00	1.26525	1.26528	1.26308	1.26441	9754	5995288000	33
2017.05.24	18:00:00	1.26442	1.26502	1.26335	1.26355	7621	5220475000	33
2017.05.24	19:00:00	1.26358	1.26394	1.26237	1.26356	4396	3097133000	33
2017.05.24	20:00:00	1.26357	1.26386	1.26242	1.26286	3921	2598290000	33
2017.05.24	21:00:00	1.26289	1.26363	1.26162	1.26285	12617	7990797000	33
2017.05.24	22:00:00	1.26280	1.26280	1.26150	1.26225	5696	3340976000	34
2017.05.24	23:00:00	1.26226	1.26280	1.26148	1.26206	2452	1413839000	33
2017.05.25	00:00:00	1.26124	1.26326	1.25675	1.26257	81405	2235401000	0
2017.05.25	01:00:00	1.26258	1.26281	1.26196	1.26228	2846	1470900000	53
2017.05.25	02:00:00	1.26228	1.26259	1.26156	1.26185	2425	1369982000	38
2017.05.25	03:00:00	1.26184	1.26264	1.26171	1.26201	2842	1560020000	38
2017.05.25	04:00:00	1.26201	1.26284	1.26152	1.26256	3671	2171880000	39
2017.05.25	05:00:00	1.26256	1.26278	1.26174	1.26192	3401	2093589000	38
2017.05.25	06:00:00	1.26190	1.26196	1.26121	1.26160	3159	1916584000	40
2017.05.25	07:00:00	1.26164	1.26239	1.26161	1.26217	2430	1531007000	36
2017.05.25	08:00:00	1.26217	1.26307	1.26185	1.26262	2883	1804516000	37
2017.05.25	09:00:00	1.26264	1.26314	1.26177	1.26227	5594	3584098000	33
2017.05.25	10:00:00	1.26227	1.26259	1.26114	1.26114	6135	3805658000	33
2017.05.25	11:00:00	1.26114	1.26312	1.25932	1.25968	8473	5461884000	33
2017.05.25	12:00:00	1.25967	1.26080	1.25906	1.25966	7023	5003394000	33
2017.05.25	13:00:00	1.25963	1.26141	1.25911	1.26020	7279	5092368000	33
2017.05.25	14:00:00	1.26017	1.26100	1.25914	1.26017	6233	4528283000	34
2017.05.25	15:00:00	1.26015	1.26033	1.25871	1.26003	7795	5769628000	33
2017.05.25	16:00:00	1.26005	1.26038	1.25811	1.25814	7269	4937465000	33
2017.05.25	17:00:00	1.25815	1.25872	1.25662	1.25855	7840	5394507000	33
2017.05.25	18:00:00	1.25854	1.26015	1.25829	1.25891	7524	4991799000	33
2017.05.25	19:00:00	1.25893	1.25957	1.25814	1.25928	4740	3384812000	33
2017.05.25	20:00:00	1.25930	1.25979	1.25907	1.25928	3599	2153137000	33
2017.05.25	21:00:00	1.25928	1.25937	1.25854	1.25875	3542	2319882000	33
2017.05.25	22:00:00	1.25879	1.25947	1.25815	1.25879	3003	1909124000	33
2017.05.25	23:00:00	1.25881	1.25956	1.25846	1.25846	1882	1079545000	33
2017.05.26	00:00:00	1.25664	1.25924	1.24509	1.25811	92824	634133000	46
2017.05.26	01:00:00	1.25814	1.25864	1.25777	1.25780	2244	1182634000	47
2017.05.26	02:00:00	1.25780	1.25832	1.25752	1.25809	2132	1206084000	44
2017.05.26	03:00:00	1.25810	1.25810	1.25576	1.25617	6254	3593178000	35
2017.05.26	04:00:00	1.25619	1.25625	1.25342	1.25400	5471	3268284000	33
2017.05.26	05:00:00	1.25401	1.25486	1.25384	1.25448	4660	2800780000	36
2017.05.26	06:00:00	1.25447	1.25523	1.25406	1.25507	3250	2040852000	33
2017.05.26	07:00:00	1.25510	1.25557	1.25408	1.25408	2592	1635935000	39
2017.05.26	08:00:00	1.25407	1.25454	1.25337	1.25422	3139	1958801000	33
2017.05.26	09:00:00	1.25427	1.25443	1.25068	1.25210	7904	4822834000	33
2017.05.26	10:00:00	1.25212	1.25266	1.25079	1.25099	6926	4678191000	33
2017.05.26	11:00:00	1.25097	1.25111	1.24803	1.24887	7963	5390184000	33
2017.05.26	12:00:00	1.24886	1.25001	1.24760	1.24859	6840	4737952000	33
2017.05.26	13:00:00	1.24858	1.24945	1.24669	1.24680	5960	4395381000	33
2017.05.26	14:00:00	1.24681	1.24964	1.24628	1.24890	7488	5159949000	33
2017.05.26	15:00:00	1.24889	1.24965	1.24614	1.24707	10166	6951115000	33
2017.05.26	16:00:00	1.24710	1.25044	1.24699	1.24857	9589	6406635000	33
2017.05.26	17:00:00	1.24869	1.24934	1.24514	1.24534	9382	7110974000	33
2017.05.26	18:00:00	1.24533	1.24766	1.24498	1.24743	7827	5654227000	33
2017.05.26	19:00:00	1.24742	1.24761	1.24632	1.24683	5270	3811034000	33
2017.05.26	20:00:00	1.24680	1.24762	1.24641	1.24707	3847	2443227000	33
2017.05.26	21:00:00	1.24709	1.24851	1.24677	1.24840	2953	1671956000	33
2017.05.26	22:00:00	1.24837	1.24916	1.24799	1.24866	2598	1463544000	33
2017.05.26	23:00:00	1.24866	1.24906	1.24710	1.24711	2077	1745622000	44
2017.05.29	00:00:00	1.24677	1.25474	1.24639	1.24825	40989	231999000	0
2017.05.29	01:00:00	1.24841	1.24892	1.24826	1.24874	2194	1096750000	40
2017.05.29	02:00:00	1.24872	1.24914	1.24822	1.24909	2692	1443190000	43
2017.05.29	03:00:00	1.24912	1.25108	1.24900	1.24988	3891	2174324000	33
2017.05.29	04:00:00	1.24988	1.25026	1.24968	1.25006	2365	1427830000	39
2017.05.29	05:00:00	1.25009	1.25035	1.24961	1.25011	1795	1183599000	41
2017.05.29	06:00:00	1.25012	1.25059	1.24967	1.25031	1828	1091959000	38
2017.05.29	07:00:00	1.25032	1.25155	1.24997	1.25124	2188	1290062000	38
2017.05.29	08:00:00	1.25124	1.25135	1.25026	1.25117	2345	1455431000	38
2017.05.29	09:00:00	1.25117	1.25137	1.25017	1.25046	3154	1851897000	37
2017.05.29	10:00:00	1.25044	1.25118	1.24994	1.25036	4279	2554784000	35
2017.05.29	11:00:00	1.25034	1.25096	1.24953	1.25033	4045	2295295000	38
2017.05.29	12:00:00	1.25034	1.25176	1.25007	1.25013	4197	2547662000	34
2017.05.29	13:00:00	1.25014	1.25149	1.24976	1.24993	4089	2486646000	35
2017.05.29	14:00:00	1.24993	1.25085	1.24965	1.25083	3656	2223402000	36
2017.05.29	15:00:00	1.25081	1.25187	1.25077	1.25187	2957	1837255000	35
2017.05.29	16:00:00	1.25185	1.25267	1.25155	1.25235	4584	3125442000	33
2017.05.29	17:00:00	1.25234	1.25401	1.25174	1.25358	3856	2547695000	36
2017.05.29	18:00:00	1.25361	1.25366	1.25213	1.25278	3609	2404668000	39
2017.05.29	19:00:00	1.25280	1.25353	1.25277	1.25293	3078	1878211000	41
2017.05.29	20:00:00	1.25293	1.25411	1.25292	1.25411	4083	2546016000	42
2017.05.29	21:00:00	1.25409	1.25412	1.25334	1.25353	3148	2377661000	44
2017.05.29	22:00:00	1.25353	1.25401	1.25324	1.25352	5026	3185195000	40
2017.05.29	23:00:00	1.25352	1.25502	1.25331	1.25472	5752	3818365000	49
2017.05.30	00:00:00	1.25446	1.25947	1.25106	1.25533	86637	1497999000	0
2017.05.30	01:00:00	1.25536	1.25629	1.25419	1.25479	3018	1627284000	49
2017.05.30	02:00:00	1.25479	1.25534	1.25362	1.25464	4381	2474717000	36
2017.05.30	03:00:00	1.25465	1.25492	1.25258	1.25298	4676	2804078000	37
2017.05.30	04:00:00	1.25298	1.25403	1.25257	1.25332	4050	2623995000	35
2017.05.30	05:00:00	1.25336	1.25435	1.25322	1.25398	2339	1417335000	34
2017.05.30	06:00:00	1.25396	1.25472	1.25395	1.25427	2240	1415024000	36
2017.05.30	07:00:00	1.25427	1.25456	1.25376	1.25405	2688	1749981000	35
2017.05.30	08:00:00	1.25404	1.25527	1.25354	1.25498	3572	2197384000	33
2017.05.30	09:00:00	1.25495	1.25659	1.25419	1.25616	6207	3733862000	33
2017.05.30	10:00:00	1.25613	1.25907	1.25505	1.25825	9079	5196675000	33
2017.05.30	11:00:00	1.25823	1.25935	1.25497	1.25618	7582	4657538000	33
2017.05.30	12:00:00	1.25616	1.25644	1.25458	1.25527	7131	5278939000	33
2017.05.30	13:00:00	1.25526	1.25666	1.25469	1.25650	5494	3762855000	33
2017.05.30	14:00:00	1.25655	1.25829	1.25456	1.25498	8712	5827777000	33
2017.05.30	15:00:00	1.25494	1.25730	1.25434	1.25557	9161	6185390000	33
2017.05.30	16:00:00	1.25558	1.25562	1.25325	1.25386	9227	6692623000	33
2017.05.30	17:00:00	1.25381	1.25544	1.25321	1.25398	9832	6526654000	33
2017.05.30	18:00:00	1.25402	1.25543	1.25246	1.25259	7158	4813594000	33
2017.05.30	19:00:00	1.25259	1.25268	1.25096	1.25262	4573	2888001000	33
2017.05.30	20:00:00	1.25262	1.25296	1.25187	1.25288	2487	1542291000	38
2017.05.30	21:00:00	1.25288	1.25326	1.25252	1.25269	2729	1613514000	33
2017.05.30	22:00:00	1.25272	1.25321	1.25227	1.25305	2793	1918177000	33
2017.05.30	23:00:00	1.25304	1.25314	1.25239	1.25301	1858	1135555000	38
2017.05.31	00:00:00	1.25283	1.25341	1.24461	1.24801	103499	1923569000	0
2017.05.31	01:00:00	1.24797	1.24987	1.24785	1.24937	2804	1480163000	42
2017.05.31	02:00:00	1.24937	1.24989	1.24911	1.24960	2529	1596375000	41
2017.05.31	03:00:00	1.24961	1.25105	1.24956	1.25062	3252	1995102000	34
2017.05.31	04:00:00	1.25061	1.25131	1.25043	1.25067	3842	2387799000	40
2017.05.31	05:00:00	1.25066	1.25131	1.25031	1.25122	3336	2069254000	38
2017.05.31	06:00:00	1.25123	1.25137	1.25045	1.25047	2323	1452818000	37
2017.05.31	07:00:00	1.25050	1.25072	1.24951	1.24981	2410	1554288000	41
2017.05.31	08:00:00	1.24981	1.24981	1.24777	1.24872	3737	2255919000	37
2017.05.31	09:00:00	1.24870	1.25049	1.24767	1.24926	7318	4667455000	33
2017.05.31	10:00:00	1.24929	1.24983	1.24799	1.24871	7199	4240082000	33
2017.05.31	11:00:00	1.24870	1.24872	1.24456	1.24533	8743	5567799000	33
2017.05.31	12:00:00	1.24528	1.24723	1.24448	1.24704	8144	4930469000	33
2017.05.31	13:00:00	1.24703	1.24832	1.24624	1.24624	8653	5328953000	33
2017.05.31	14:00:00	1.24625	1.24718	1.24504	1.24690	7275	4644693000	34
2017.05.31	15:00:00	1.24693	1.24905	1.24667	1.24720	7125	4598720000	33
2017.05.31	16:00:00	1.24723	1.24906	1.24696	1.24751	9820	5797290000	33
2017.05.31	17:00:00	1.24754	1.25083	1.24584	1.24895	13676	8054203000	33
2017.05.31	18:00:00	1.24894	1.25000	1.24785	1.24955	12699	8136584000	33
2017.05.31	19:00:00	1.24958	1.24983	1.24764	1.24764	6360	4246410000	33
2017.05.31	20:00:00	1.24766	1.24867	1.24732	1.24771	5556	3735991000	33
2017.05.31	21:00:00	1.24774	1.24780	1.24652	1.24708	4760	2921148000	36
2017.05.31	22:00:00	1.24708	1.24802	1.24663	1.24777	4375	2587506000	36
2017.05.31	23:00:00	1.24781	1.24799	1.24696	1.24696	2458	1352457000	36
2017.06.01	00:00:00	1.24703	1.25372	1.24392	1.24562	85256	1366828000	0
2017.06.01	01:00:00	1.24562	1.24646	1.24562	1.24577	3893	2273230000	50
2017.06.01	02:00:00	1.24579	1.24644	1.24557	1.24644	2632	1499972000	44
2017.06.01	03:00:00	1.24640	1.24688	1.24609	1.24686	4135	2405188000	39
2017.06.01	04:00:00	1.24686	1.24721	1.24598	1.24659	4045	2450979000	39
2017.06.01	05:00:00	1.24657	1.24689	1.24629	1.24671	3925	2374452000	36
2017.06.01	06:00:00	1.24666	1.24688	1.24621	1.24653	2863	1687683000	39
2017.06.01	07:00:00	1.24653	1.24666	1.24556	1.24581	2698	1668467000	39
2017.06.01	08:00:00	1.24582	1.24666	1.24553	1.24625	3438	2064487000	37
2017.06.01	09:00:00	1.24619	1.24632	1.24472	1.24518	5937	3532598000	33
2017.06.01	10:00:00	1.24515	1.24852	1.24491	1.24793	7116	4633330000	33
2017.06.01	11:00:00	1.24794	1.25055	1.24778	1.24968	7558	4931874000	33
2017.06.01	12:00:00	1.24973	1.25015	1.24388	1.24445	8456	5383924000	33
2017.06.01	13:00:00	1.24447	1.24571	1.24380	1.24548	6766	4231738000	33
2017.06.01	14:00:00	1.24550	1.24754	1.24550	1.24689	5663	3702870000	35
2017.06.01	15:00:00	1.24685	1.24892	1.24616	1.24875	10232	6797113000	33
2017.06.01	16:00:00	1.24874	1.25088	1.24866	1.25015	9213	6245504000	33
2017.06.01	17:00:00	1.25015	1.25194	1.24945	1.25039	9701	6364224000	33
2017.06.01	18:00:00	1.25040	1.25360	1.25021	1.25196	7004	4446979000	33
2017.06.01	19:00:00	1.25197	1.25228	1.25085	1.25159	4191	2853293000	36
2017.06.01	20:00:00	1.25159	1.25199	1.25111	1.25154	3267	1993311000	33
2017.06.01	21:00:00	1.25156	1.25172	1.25035	1.25080	4400	2632553000	33
2017.06.01	22:00:00	1.25081	1.25164	1.25069	1.25149	2466	1403642000	37
2017.06.01	23:00:00	1.25154	1.25163	1.25071	1.25071	1508	872836000	34
2017.06.02	00:00:00	1.25042	1.25265	1.23937	1.25142	80269	610900000	68
2017.06.02	01:00:00	1.25132	1.25147	1.25057	1.25074	1430	701182000	45
2017.06.02	02:00:00	1.25074	1.25154	1.25073	1.25146	1927	1164748000	44
2017.06.02	03:00:00	1.25151	1.25261	1.25142	1.25144	2860	1519367000	33
2017.06.02	04:00:00	1.25145	1.25156	1.25105	1.25132	2501	1539085000	40
2017.06.02	05:00:00	1.25129	1.25129	1.25012	1.25057	2955	1891329000	33
2017.06.02	06:00:00	1.25059	1.25079	1.25019	1.25022	2057	1379463000	42
2017.06.02	07:00:00	1.25023	1.25051	1.24978	1.24986	1950	1199472000	41
2017.06.02	08:00:00	1.24984	1.25045	1.24970	1.25018	2721	1758470000	39
2017.06.02	09:00:00	1.25020	1.25057	1.24810	1.24853	4736	2916945000	35
2017.06.02	10:00:00	1.24854	1.24969	1.24777	1.24922	6016	3559348000	33
2017.06.02	11:00:00	1.24922	1.24996	1.24790	1.24807	6044	3835410000	33
2017.06.02	12:00:00	1.24807	1.24989	1.24727	1.24965	5659	3633920000	33
2017.06.02	13:00:00	1.24967	1.25048	1.24786	1.24847	6123	3832189000	34
2017.06.02	14:00:00	1.24849	1.24906	1.24774	1.24855	5835	3761641000	33
2017.06.02	15:00:00	1.24854	1.24896	1.24480	1.24548	13415	8037844000	33
2017.06.02	16:00:00	1.24551	1.24553	1.23955	1.24008	12665	7699881000	33
2017.06.02	17:00:00	1.24004	1.24250	1.23977	1.24120	9745	6139608000	33
2017.06.02	18:00:00	1.24117	1.24328	1.24072	1.24226	8436	5400989000	33
2017.06.02	19:00:00	1.24226	1.24289	1.24169	1.24242	4864	3014366000	36
2017.06.02	20:00:00	1.24242	1.24290	1.24183	1.24183	3230	1748388000	37
2017.06.02	21:00:00	1.24184	1.24197	1.24046	1.24059	2962	1622458000	36
2017.06.02	22:00:00	1.24059	1.24079	1.23951	1.23955	2984	0	37
2017.06.02	23:00:00	1.23955	1.24063	1.23926	1.24015	1493	0	37
2017.06.05	00:00:00	1.23901	1.24867	1.23655	1.23910	62751	0	93
2017.06.05	01:00:00	1.23904	1.24003	1.23869	1.23924	4724	0	55
2017.06.05	02:00:00	1.23926	1.23990	1.23891	1.23913	2875	0	46
2017.06.05	03:00:00	1.23912	1.23994	1.23884	1.23939	2541	0	36
2017.06.05	04:00:00	1.23941	1.24006	1.23928	1.23992	2528	0	39
2017.06.05	05:00:00	1.23999	1.24030	1.23946	1.23965	2161	0	38
2017.06.05	06:00:00	1.23964	1.24017	1.23906	1.23994	2367	0	37
2017.06.05	07:00:00	1.23993	1.24094	1.23985	1.24079	1683	0	39
2017.06.05	08:00:00	1.24078	1.24134	1.24064	1.24122	2667	0	41
2017.06.05	09:00:00	1.24125	1.24170	1.23991	1.24029	3893	0	35
2017.06.05	10:00:00	1.24032	1.24223	1.23990	1.24209	5809	0	33
2017.06.05	11:00:00	1.24211	1.24234	1.24005	1.24179	5841	0	34
2017.06.05	12:00:00	1.24179	1.24463	1.24128	1.24382	6080	0	33
2017.06.05	13:00:00	1.24382	1.24623	1.24356	1.24525	6237	0	33
2017.06.05	14:00:00	1.24526	1.24694	1.24519	1.24640	5529	0	33
2017.06.05	15:00:00	1.24640	1.24676	1.24520	1.24563	4863	0	34
2017.06.05	16:00:00	1.24570	1.24856	1.24502	1.24799	7096	0	33
2017.06.05	17:00:00	1.24802	1.24852	1.24630	1.24712	6909	0	33
2017.06.05	18:00:00	1.24720	1.24785	1.24659	1.24720	4658	0	35
2017.06.05	19:00:00	1.24718	1.24790	1.24689	1.24753	3287	0	34
2017.06.05	20:00:00	1.24752	1.24772	1.24601	1.24615	2811	0	35
2017.06.05	21:00:00	1.24614	1.24623	1.24513	1.24516	2603	0	33
2017.06.05	22:00:00	1.24517	1.24608	1.24516	1.24587	2299	0	36
2017.06.05	23:00:00	1.24589	1.24591	1.24484	1.24536	1381	0	37
2017.06.06	00:00:00	1.24429	1.24749	1.23866	1.24474	79684	0	51
2017.06.06	01:00:00	1.24474	1.24535	1.24443	1.24515	1737	0	46
2017.06.06	02:00:00	1.24514	1.24549	1.24498	1.24518	1671	0	48
2017.06.06	03:00:00	1.24522	1.24550	1.24470	1.24520	2968	0	42
2017.06.06	04:00:00	1.24520	1.24531	1.24455	1.24462	4439	0	39
2017.06.06	05:00:00	1.24463	1.24478	1.24314	1.24408	2958	0	39
2017.06.06	06:00:00	1.24408	1.24539	1.24374	1.24536	1853	0	40
2017.06.06	07:00:00	1.24539	1.24584	1.24531	1.24579	2621	0	41
2017.06.06	08:00:00	1.24579	1.24590	1.24460	1.24538	2465	0	39
2017.06.06	09:00:00	1.24536	1.24692	1.24421	1.24502	6038	0	33
2017.06.06	10:00:00	1.24505	1.24736	1.24402	1.24607	8052	0	33
2017.06.06	11:00:00	1.24604	1.24704	1.24559	1.24629	5724	0	33
2017.06.06	12:00:00	1.24628	1.24654	1.24472	1.24557	5873	0	33
2017.06.06	13:00:00	1.24572	1.24626	1.24468	1.24492	5149	0	33
2017.06.06	14:00:00	1.24489	1.24510	1.24335	1.24481	6910	0	33
2017.06.06	15:00:00	1.24480	1.24517	1.24160	1.24297	8158	0	33
2017.06.06	16:00:00	1.24310	1.24336	1.24145	1.24231	7903	0	33
2017.06.06	17:00:00	1.24233	1.24274	1.24035	1.24214	9366	0	33
2017.06.06	18:00:00	1.24210	1.24237	1.24064	1.24193	6981	0	33
2017.06.06	19:00:00	1.24195	1.24204	1.23963	1.24005	3733	0	33
2017.06.06	20:00:00	1.24004	1.24046	1.23855	1.23943	3642	0	33
2017.06.06	21:00:00	1.23942	1.24065	1.23937	1.24065	3810	0	33
2017.06.06	22:00:00	1.24063	1.24149	1.24038	1.24139	3121	0	33
2017.06.06	23:00:00	1.24144	1.24218	1.24116	1.24184	2296	0	38
2017.06.07	00:00:00	1.24120	1.25054	1.24091	1.24118	93071	0	33
2017.06.07	01:00:00	1.24118	1.24195	1.24103	1.24138	1580	0	47
2017.06.07	02:00:00	1.24136	1.24203	1.24098	1.24203	1825	0	47
2017.06.07	03:00:00	1.24204	1.24219	1.24151	1.24153	2478	0	42
2017.06.07	04:00:00	1.24152	1.24230	1.24152	1.24202	3305	0	39
2017.06.07	05:00:00	1.24204	1.24229	1.24168	1.24189	2110	0	41
2017.06.07	06:00:00	1.24190	1.24225	1.24168	1.24218	1650	0	41
2017.06.07	07:00:00	1.24218	1.24246	1.24207	1.24226	2321	0	40
2017.06.07	08:00:00	1.24224	1.24361	1.24224	1.24360	1991	0	38
2017.06.07	09:00:00	1.24360	1.24410	1.24255	1.24335	4565	0	34
2017.06.07	10:00:00	1.24331	1.24448	1.24184	1.24331	7162	0	33
2017.06.07	11:00:00	1.24329	1.24356	1.24184	1.24265	6069	0	33
2017.06.07	12:00:00	1.24264	1.24389	1.24228	1.24349	6152	0	33
2017.06.07	13:00:00	1.24349	1.24789	1.24330	1.24761	10933	0	33
2017.06.07	14:00:00	1.24764	1.24861	1.24706	1.24802	7752	0	33
2017.06.07	15:00:00	1.24804	1.24829	1.24599	1.24753	7071	0	33
2017.06.07	16:00:00	1.24753	1.24928	1.24573	1.24662	10657	0	33
2017.06.07	17:00:00	1.24657	1.24917	1.24655	1.24858	9938	0	33
2017.06.07	18:00:00	1.24865	1.25023	1.24865	1.24952	8013	0	33
2017.06.07	19:00:00	1.24950	1.24994	1.24581	1.24598	8659	0	33
2017.06.07	20:00:00	1.24594	1.24928	1.24586	1.24890	5108	0	33
2017.06.07	21:00:00	1.24891	1.25013	1.24835	1.24993	5676	0	33
2017.06.07	22:00:00	1.24989	1.25044	1.24933	1.24938	4895	0	33
2017.06.07	23:00:00	1.24939	1.25016	1.24896	1.25005	2244	0	36
2017.06.08	00:00:00	1.25028	1.25388	1.24796	1.24958	99841	0	64
2017.06.08	01:00:00	1.24984	1.25037	1.24931	1.24933	1745	0	46
2017.06.08	02:00:00	1.24932	1.25041	1.24924	1.25039	2259	0	43
2017.06.08	03:00:00	1.25040	1.25099	1.25007	1.25042	3211	0	41
2017.06.08	04:00:00	1.25040	1.25098	1.25014	1.25021	3275	0	39
2017.06.08	05:00:00	1.25024	1.25030	1.24949	1.24950	2669	0	38
2017.06.08	06:00:00	1.24950	1.25008	1.24937	1.25008	2492	0	40
2017.06.08	07:00:00	1.25008	1.25020	1.24943	1.24949	2611	0	40
2017.06.08	08:00:00	1.24950	1.24988	1.24897	1.24920	3535	0	40
2017.06.08	09:00:00	1.24920	1.25186	1.24914	1.25177	4848	0	36
2017.06.08	10:00:00	1.25177	1.25235	1.25026	1.25122	6377	0	36
2017.06.08	11:00:00	1.25122	1.25303	1.25103	1.25259	6253	0	33
2017.06.08	12:00:00	1.25259	1.25377	1.25122	1.25208	7014	0	35
2017.06.08	13:00:00	1.25210	1.25221	1.25014	1.25098	5701	0	33
2017.06.08	14:00:00	1.25098	1.25203	1.24853	1.25128	8318	0	33
2017.06.08	15:00:00	1.25123	1.25189	1.24882	1.24884	13151	0	33
2017.06.08	16:00:00	1.24881	1.25091	1.24786	1.25009	9324	0	33
2017.06.08	17:00:00	1.25011	1.25303	1.24973	1.25194	11671	0	33
2017.06.08	18:00:00	1.25195	1.25265	1.25126	1.25170	7800	0	33
2017.06.08	19:00:00	1.25170	1.25266	1.25070	1.25252	5375	0	34
2017.06.08	20:00:00	1.25252	1.25331	1.25134	1.25142	3760	0	33
2017.06.08	21:00:00	1.25141	1.25212	1.25007	1.25118	4397	0	33
2017.06.08	22:00:00	1.25116	1.25269	1.25108	1.25205	4295	0	33
2017.06.08	23:00:00	1.25206	1.25341	1.25179	1.25250	2985	0	36
2017.06.09	00:00:00	1.25275	1.25275	1.22485	1.23293	144673	0	37
2017.06.09	01:00:00	1.23293	1.24141	1.23117	1.23897	11032	0	38
2017.06.09	02:00:00	1.23897	1.23897	1.23243	1.23286	9943	0	33
2017.06.09	03:00:00	1.23284	1.23632	1.23047	1.23468	11114	0	33
2017.06.09	04:00:00	1.23467	1.23995	1.23399	1.23862	9873	0	33
2017.06.09	05:00:00	1.23861	1.23868	1.23315	1.23479	8167	0	33
2017.06.09	06:00:00	1.23479	1.23791	1.23322	1.23470	6309	0	33
2017.06.09	07:00:00	1.23470	1.23674	1.23425	1.23541	5685	0	33
2017.06.09	08:00:00	1.23542	1.23576	1.22832	1.22957	8679	0	33
2017.06.09	09:00:00	1.22953	1.23228	1.22473	1.22773	13238	0	33
2017.06.09	10:00:00	1.22772	1.23372	1.22746	1.23194	12924	0	33
2017.06.09	11:00:00	1.23194	1.23837	1.23076	1.23553	11789	0	33
2017.06.09	12:00:00	1.23553	1.23874	1.23407	1.23862	8112	0	33
2017.06.09	13:00:00	1.23862	1.24095	1.23785	1.23942	7633	0	33
2017.06.09	14:00:00	1.23943	1.24142	1.23757	1.23795	7010	0	33
2017.06.09	15:00:00	1.23791	1.23959	1.23625	1.23647	7999	0	33
2017.06.09	16:00:00	1.23650	1.23826	1.23594	1.23609	7641	0	33
2017.06.09	17:00:00	1.23605	1.23684	1.23491	1.23596	6575	0	33
2017.06.09	18:00:00	1.23599	1.23638	1.23461	1.23522	6129	0	33
2017.06.09	19:00:00	1.23520	1.23524	1.23283	1.23479	5781	0	33
2017.06.09	20:00:00	1.23479	1.23479	1.23271	1.23295	4549	0	35
2017.06.09	21:00:00	1.23296	1.23351	1.23169	1.23310	4967	0	33
2017.06.09	22:00:00	1.23313	1.23382	1.23278	1.23378	4410	0	33
2017.06.09	23:00:00	1.23378	1.23512	1.23318	1.23482	1915	0	38
2017.06.12	00:00:00	1.23114	1.23698	1.22407	1.23322	84225	0	87
2017.06.12	01:00:00	1.23323	1.23460	1.23276	1.23427	2383	0	48
2017.06.12	02:00:00	1.23426	1.23476	1.23331	1.23470	4847	0	38
2017.06.12	03:00:00	1.23473	1.23487	1.23395	1.23448	3270	0	36
2017.06.12	04:00:00	1.23450	1.23513	1.23396	1.23505	3034	0	38
2017.06.12	05:00:00	1.23505	1.23645	1.23474	1.23569	3459	0	33
2017.06.12	06:00:00	1.23570	1.23602	1.23545	1.23582	2539	0	37
2017.06.12	07:00:00	1.23582	1.23590	1.23498	1.23546	2086	0	36
2017.06.12	08:00:00	1.23545	1.23675	1.23492	1.23646	3077	0	36
2017.06.12	09:00:00	1.23646	1.23687	1.23323	1.23383	5496	0	33
2017.06.12	10:00:00	1.23381	1.23381	1.23199	1.23240	6130	0	33
2017.06.12	11:00:00	1.23240	1.23406	1.23082	1.23125	6980	0	33
2017.06.12	12:00:00	1.23126	1.23188	1.22806	1.22841	7119	0	33
2017.06.12	13:00:00	1.22839	1.22890	1.22718	1.22771	6720	0	33
2017.06.12	14:00:00	1.22772	1.22883	1.22695	1.22735	6109	0	33
2017.06.12	15:00:00	1.22737	1.22757	1.22433	1.22607	7295	0	33
2017.06.12	16:00:00	1.22608	1.22690	1.22503	1.22552	7338	0	33
2017.06.12	17:00:00	1.22552	1.22906	1.22492	1.22802	8723	0	33
2017.06.12	18:00:00	1.22802	1.22839	1.22516	1.22613	7859	0	33
2017.06.12	19:00:00	1.22615	1.22639	1.22524	1.22601	4693	0	33
2017.06.12	20:00:00	1.22596	1.22596	1.22398	1.22422	4905	0	33
2017.06.12	21:00:00	1.22422	1.22601	1.22414	1.22547	3567	0	33
2017.06.12	22:00:00	1.22548	1.22620	1.22518	1.22606	2975	0	35
2017.06.12	23:00:00	1.22605	1.22647	1.22548	1.22595	2450	0	36
2017.06.13	00:00:00	1.22590	1.23603	1.22430	1.22740	82894	0	57
2017.06.13	01:00:00	1.22743	1.22744	1.22670	1.22680	2158	0	46
2017.06.13	02:00:00	1.22678	1.22759	1.22665	1.22749	2403	0	41
2017.06.13	03:00:00	1.22749	1.22775	1.22697	1.22703	3420	0	41
2017.06.13	04:00:00	1.22704	1.22732	1.22596	1.22646	4229	0	34
2017.06.13	05:00:00	1.22646	1.22692	1.22593	1.22626	4287	0	38
2017.06.13	06:00:00	1.22630	1.22666	1.22580	1.22651	3301	0	40
2017.06.13	07:00:00	1.22648	1.22664	1.22610	1.22646	1766	0	38
2017.06.13	08:00:00	1.22645	1.22821	1.22603	1.22819	3362	0	35
2017.06.13	09:00:00	1.22821	1.22962	1.22666	1.22685	5631	0	33
2017.06.13	10:00:00	1.22688	1.22949	1.22621	1.22624	7809	0	34
2017.06.13	11:00:00	1.22626	1.22980	1.22578	1.22769	7953	0	33
2017.06.13	12:00:00	1.22767	1.22994	1.22767	1.22930	5516	0	33
2017.06.13	13:00:00	1.22933	1.23310	1.22903	1.23266	5560	0	33
2017.06.13	14:00:00	1.23264	1.23333	1.23137	1.23145	5417	0	33
2017.06.13	15:00:00	1.23143	1.23190	1.23060	1.23099	6105	0	33
2017.06.13	16:00:00	1.23098	1.23213	1.23012	1.23079	6755	0	33
2017.06.13	17:00:00	1.23075	1.23276	1.23066	1.23250	6801	0	33
2017.06.13	18:00:00	1.23249	1.23481	1.23180	1.23448	6748	0	33
2017.06.13	19:00:00	1.23447	1.23591	1.23415	1.23496	5357	0	33
2017.06.13	20:00:00	1.23496	1.23539	1.23423	1.23439	4111	0	36
2017.06.13	21:00:00	1.23439	1.23528	1.23427	1.23475	3312	0	33
2017.06.13	22:00:00	1.23477	1.23572	1.23467	1.23558	3368	0	33
2017.06.13	23:00:00	1.23558	1.23591	1.23492	1.23522	1821	0	35
2017.06.14	00:00:00	1.23492	1.24019	1.23219	1.23488	121425	0	51
2017.06.14	01:00:00	1.23490	1.23544	1.23465	1.23494	2410	0	48
2017.06.14	02:00:00	1.23493	1.23534	1.23473	1.23489	2364	0	39
2017.06.14	03:00:00	1.23489	1.23496	1.23406	1.23431	3881	0	39
2017.06.14	04:00:00	1.23430	1.23475	1.23407	1.23459	3395	0	40
2017.06.14	05:00:00	1.23458	1.23469	1.23408	1.23465	3527	0	38
2017.06.14	06:00:00	1.23465	1.23473	1.23403	1.23431	2572	0	38
2017.06.14	07:00:00	1.23431	1.23450	1.23410	1.23425	1964	0	41
2017.06.14	08:00:00	1.23425	1.23462	1.23348	1.23418	2569	0	36
2017.06.14	09:00:00	1.23418	1.23851	1.23413	1.23743	7501	0	33
2017.06.14	10:00:00	1.23747	1.23887	1.23720	1.23768	6628	0	33
2017.06.14	11:00:00	1.23770	1.23781	1.23342	1.23427	9472	0	33
2017.06.14	12:00:00	1.23431	1.23592	1.23275	1.23575	7554	0	33
2017.06.14	13:00:00	1.23575	1.23598	1.23392	1.23444	5375	0	33
2017.06.14	14:00:00	1.23443	1.23628	1.23441	1.23561	5459	0	33
2017.06.14	15:00:00	1.23559	1.23652	1.23342	1.23635	11436	0	33
2017.06.14	16:00:00	1.23632	1.23836	1.23408	1.23475	12200	0	33
2017.06.14	17:00:00	1.23478	1.23591	1.23208	1.23576	11515	0	33
2017.06.14	18:00:00	1.23574	1.23732	1.23413	1.23718	9238	0	33
2017.06.14	19:00:00	1.23720	1.23869	1.23656	1.23746	5390	0	33
2017.06.14	20:00:00	1.23744	1.23837	1.23635	1.23720	4895	0	33
2017.06.14	21:00:00	1.23718	1.24007	1.23635	1.23861	17482	0	33
2017.06.14	22:00:00	1.23862	1.23937	1.23791	1.23793	11868	0	33
2017.06.14	23:00:00	1.23796	1.23860	1.23781	1.23821	2914	0	37
2017.06.15	00:00:00	1.23772	1.24694	1.23549	1.23769	103442	0	53
2017.06.15	01:00:00	1.23771	1.23910	1.23759	1.23872	2728	0	42
2017.06.15	02:00:00	1.23872	1.23919	1.23810	1.23865	2205	0	39
2017.06.15	03:00:00	1.23868	1.23879	1.23767	1.23802	4417	0	38
2017.06.15	04:00:00	1.23803	1.23837	1.23728	1.23819	4259	0	38
2017.06.15	05:00:00	1.23818	1.23825	1.23728	1.23797	2798	0	37
2017.06.15	06:00:00	1.23799	1.23817	1.23715	1.23772	3486	0	37
2017.06.15	07:00:00	1.23771	1.23811	1.23709	1.23717	2352	0	35
2017.06.15	08:00:00	1.23717	1.23793	1.23695	1.23695	2540	0	39
2017.06.15	09:00:00	1.23697	1.23771	1.23644	1.23666	5938	0	33
2017.06.15	10:00:00	1.23668	1.23901	1.23602	1.23666	9620	0	33
2017.06.15	11:00:00	1.23665	1.23759	1.23567	1.23678	8359	0	33
2017.06.15	12:00:00	1.23677	1.23807	1.23540	1.23786	7501	0	33
2017.06.15	13:00:00	1.23786	1.23828	1.23555	1.23623	6603	0	33
2017.06.15	14:00:00	1.23623	1.24683	1.23601	1.24366	13169	0	33
2017.06.15	15:00:00	1.24371	1.24436	1.23940	1.24214	10109	0	33
2017.06.15	16:00:00	1.24219	1.24379	1.24198	1.24301	8605	0	33
2017.06.15	17:00:00	1.24301	1.24614	1.24301	1.24377	10022	0	33
2017.06.15	18:00:00	1.24376	1.24455	1.24283	1.24446	7777	0	33
2017.06.15	19:00:00	1.24449	1.24460	1.24307	1.24383	5171	0	33
2017.06.15	20:00:00	1.24381	1.24451	1.24369	1.24391	3395	0	33
2017.06.15	21:00:00	1.24391	1.24403	1.24363	1.24398	3149	0	37
2017.06.15	22:00:00	1.24397	1.24454	1.24369	1.24409	3830	0	35
2017.06.15	23:00:00	1.24408	1.24487	1.24374	1.24377	2331	0	35
2017.06.16	00:00:00	1.24307	1.24641	1.24248	1.24369	81363	0	62
2017.06.16	01:00:00	1.24370	1.24378	1.24318	1.24347	2834	0	51
2017.06.16	02:00:00	1.24346	1.24419	1.24319	1.24410	2066	0	43
2017.06.16	03:00:00	1.24412	1.24527	1.24402	1.24466	3922	0	33
2017.06.16	04:00:00	1.24464	1.24541	1.24430	1.24522	3102	0	34
2017.06.16	05:00:00	1.24519	1.24631	1.24491	1.24537	3655	0	33
2017.06.16	06:00:00	1.24539	1.24590	1.24500	1.24520	3118	0	37
2017.06.16	07:00:00	1.24520	1.24543	1.24450	1.24531	3315	0	37
2017.06.16	08:00:00	1.24531	1.24589	1.24486	1.24522	3026	0	37
2017.06.16	09:00:00	1.24524	1.24569	1.24398	1.24418	6461	0	36
2017.06.16	10:00:00	1.24420	1.24495	1.24303	1.24352	7317	0	33
2017.06.16	11:00:00	1.24351	1.24391	1.24240	1.24302	6592	0	33
2017.06.16	12:00:00	1.24300	1.24372	1.24240	1.24292	6150	0	33
2017.06.16	13:00:00	1.24292	1.24451	1.24263	1.24415	4456	0	34
2017.06.16	14:00:00	1.24413	1.24467	1.24374	1.24445	5031	0	36
2017.06.16	15:00:00	1.24440	1.24585	1.24416	1.24453	6365	0	33
2017.06.16	16:00:00	1.24455	1.24515	1.24297	1.24395	7153	0	33
2017.06.16	17:00:00	1.24391	1.24596	1.24292	1.24533	8864	0	33
2017.06.16	18:00:00	1.24539	1.24581	1.24415	1.24423	7114	0	33
2017.06.16	19:00:00	1.24424	1.24540	1.24408	1.24528	3793	0	33
2017.06.16	20:00:00	1.24533	1.24629	1.24500	1.24527	3240	0	35
2017.06.16	21:00:00	1.24526	1.24526	1.24399	1.24420	2475	0	37
2017.06.16	22:00:00	1.24412	1.24474	1.24326	1.24367	2489	0	36
2017.06.16	23:00:00	1.24366	1.24438	1.24308	1.24383	2212	0	38
2017.06.19	00:00:00	1.24123	1.24677	1.23899	1.24141	76815	0	72
2017.06.19	01:00:00	1.24111	1.24295	1.24096	1.24281	2715	0	33
2017.06.19	02:00:00	1.24283	1.24334	1.24234	1.24301	2028	0	38
2017.06.19	03:00:00	1.24304	1.24465	1.24295	1.24384	3750	0	33
2017.06.19	04:00:00	1.24383	1.24433	1.24276	1.24301	3805	0	33
2017.06.19	05:00:00	1.24299	1.24305	1.24244	1.24299	1781	0	35
2017.06.19	06:00:00	1.24297	1.24363	1.24296	1.24359	1689	0	33
2017.06.19	07:00:00	1.24359	1.24421	1.24340	1.24393	2332	0	34
2017.06.19	08:00:00	1.24395	1.24429	1.24348	1.24373	2724	0	34
2017.06.19	09:00:00	1.24371	1.24425	1.24295	1.24317	6302	0	33
2017.06.19	10:00:00	1.24317	1.24669	1.24311	1.24314	7314	0	33
2017.06.19	11:00:00	1.24316	1.24445	1.24277	1.24407	5513	0	33
2017.06.19	12:00:00	1.24408	1.24499	1.24346	1.24403	4998	0	33
2017.06.19	13:00:00	1.24400	1.24408	1.24127	1.24230	4816	0	33
2017.06.19	14:00:00	1.24232	1.24238	1.24023	1.24169	6153	0	33
2017.06.19	15:00:00	1.24167	1.24295	1.24132	1.24179	8068	0	33
2017.06.19	16:00:00	1.24179	1.24301	1.24091	1.24196	7238	0	33
2017.06.19	17:00:00	1.24196	1.24249	1.24126	1.24227	8166	0	33
2017.06.19	18:00:00	1.24230	1.24252	1.23891	1.24149	8143	0	33
2017.06.19	19:00:00	1.24149	1.24215	1.24067	1.24161	4839	0	35
2017.06.19	20:00:00	1.24163	1.24244	1.24115	1.24153	4119	0	33
2017.06.19	21:00:00	1.24154	1.24229	1.24133	1.24182	3595	0	36
2017.06.19	22:00:00	1.24181	1.24239	1.24174	1.24198	2609	0	34
2017.06.19	23:00:00	1.24199	1.24250	1.24189	1.24237	1717	0	36
2017.06.20	00:00:00	1.24172	1.24418	1.22883	1.24236	89562	0	50
2017.06.20	01:00:00	1.24227	1.24251	1.24211	1.24235	2919	0	51
2017.06.20	02:00:00	1.24235	1.24253	1.24169	1.24239	1809	0	43
2017.06.20	03:00:00	1.24238	1.24248	1.24158	1.24210	3645	0	39
2017.06.20	04:00:00	1.24206	1.24226	1.24166	1.24174	3187	0	38
2017.06.20	05:00:00	1.24174	1.24192	1.24137	1.24165	2180	0	35
2017.06.20	06:00:00	1.24165	1.24194	1.24121	1.24168	2292	0	38
2017.06.20	07:00:00	1.24169	1.24242	1.24145	1.24204	1846	0	35
2017.06.20	08:00:00	1.24204	1.24252	1.24128	1.24130	2917	0	33
2017.06.20	09:00:00	1.24130	1.24288	1.24113	1.24258	4401	0	33
2017.06.20	10:00:00	1.24260	1.24411	1.23459	1.23473	11409	0	33
2017.06.20	11:00:00	1.23472	1.23743	1.23441	1.23620	7335	0	33
2017.06.20	12:00:00	1.23618	1.23704	1.23488	1.23560	5644	0	33
2017.06.20	13:00:00	1.23561	1.23562	1.23263	1.23380	6837	0	33
2017.06.20	14:00:00	1.23379	1.23412	1.23273	1.23335	6402	0	33
2017.06.20	15:00:00	1.23333	1.23341	1.23069	1.23227	9135	0	33
2017.06.20	16:00:00	1.23227	1.23270	1.22875	1.22997	9767	0	33
2017.06.20	17:00:00	1.22997	1.23185	1.22952	1.23116	9174	0	33
2017.06.20	18:00:00	1.23113	1.23246	1.22983	1.23199	8783	0	33
2017.06.20	19:00:00	1.23200	1.23240	1.23096	1.23166	5199	0	34
2017.06.20	20:00:00	1.23165	1.23211	1.23118	1.23133	3399	0	33
2017.06.20	21:00:00	1.23133	1.23188	1.23117	1.23144	3080	0	33
2017.06.20	22:00:00	1.23148	1.23221	1.23129	1.23201	3500	0	33
2017.06.20	23:00:00	1.23203	1.23205	1.23082	1.23082	2236	0	33
2017.06.21	00:00:00	1.23096	1.23784	1.22650	1.23045	84961	0	50
2017.06.21	01:00:00	1.23049	1.23106	1.23028	1.23062	2143	0	43
2017.06.21	02:00:00	1.23064	1.23141	1.23058	1.23102	1745	0	42
2017.06.21	03:00:00	1.23105	1.23114	1.22940	1.22982	3412	0	37
2017.06.21	04:00:00	1.22982	1.23076	1.22978	1.23072	2415	0	38
2017.06.21	05:00:00	1.23070	1.23077	1.22998	1.23025	1782	0	38
2017.06.21	06:00:00	1.23025	1.23077	1.23021	1.23059	1928	0	39
2017.06.21	07:00:00	1.23059	1.23086	1.23044	1.23068	1741	0	37
2017.06.21	08:00:00	1.23068	1.23119	1.23039	1.23056	2731	0	35
2017.06.21	09:00:00	1.23058	1.23093	1.22829	1.22895	5046	0	33
2017.06.21	10:00:00	1.22897	1.22930	1.22642	1.22700	7098	0	33
2017.06.21	11:00:00	1.22699	1.22873	1.22663	1.22785	6404	0	33
2017.06.21	12:00:00	1.22786	1.22946	1.22708	1.22891	5952	0	33
2017.06.21	13:00:00	1.22890	1.23290	1.22869	1.23199	6609	0	33
2017.06.21	14:00:00	1.23197	1.23744	1.23196	1.23682	11843	0	33
2017.06.21	15:00:00	1.23683	1.23773	1.23609	1.23678	7599	0	33
2017.06.21	16:00:00	1.23678	1.23709	1.23465	1.23499	7036	0	33
2017.06.21	17:00:00	1.23498	1.23585	1.23287	1.23450	8455	0	33
2017.06.21	18:00:00	1.23453	1.23459	1.23305	1.23406	6217	0	33
2017.06.21	19:00:00	1.23403	1.23424	1.23205	1.23264	5452	0	33
2017.06.21	20:00:00	1.23264	1.23354	1.23141	1.23218	5298	0	33
2017.06.21	21:00:00	1.23217	1.23291	1.23182	1.23210	4188	0	35
2017.06.21	22:00:00	1.23211	1.23231	1.23152	1.23172	3442	0	37
2017.06.21	23:00:00	1.23173	1.23196	1.23123	1.23191	3154	0	33
2017.06.22	00:00:00	1.23184	1.23429	1.22996	1.23215	74409	0	55
2017.06.22	01:00:00	1.23197	1.23241	1.23182	1.23221	2675	0	48
2017.06.22	02:00:00	1.23221	1.23321	1.23210	1.23242	1843	0	40
2017.06.22	03:00:00	1.23242	1.23281	1.23220	1.23248	3074	0	33
2017.06.22	04:00:00	1.23248	1.23261	1.23154	1.23183	2868	0	36
2017.06.22	05:00:00	1.23183	1.23184	1.23071	1.23128	2729	0	37
2017.06.22	06:00:00	1.23130	1.23225	1.23077	1.23209	2266	0	37
2017.06.22	07:00:00	1.23208	1.23220	1.23169	1.23200	1840	0	35
2017.06.22	08:00:00	1.23200	1.23268	1.23165	1.23166	2716	0	34
2017.06.22	09:00:00	1.23169	1.23237	1.23071	1.23192	4513	0	33
2017.06.22	10:00:00	1.23190	1.23268	1.23084	1.23134	6260	0	33
2017.06.22	11:00:00	1.23145	1.23277	1.23096	1.23207	5997	0	33
2017.06.22	12:00:00	1.23209	1.23230	1.23058	1.23214	5961	0	33
2017.06.22	13:00:00	1.23208	1.23413	1.23205	1.23300	5589	0	33
2017.06.22	14:00:00	1.23301	1.23416	1.23213	1.23355	4916	0	36
2017.06.22	15:00:00	1.23347	1.23355	1.23088	1.23119	6625	0	33
2017.06.22	16:00:00	1.23117	1.23219	1.22985	1.23031	6940	0	35
2017.06.22	17:00:00	1.23031	1.23180	1.23015	1.23063	8510	0	33
2017.06.22	18:00:00	1.23063	1.23170	1.23044	1.23141	6908	0	33
2017.06.22	19:00:00	1.23141	1.23180	1.23096	1.23100	4181	0	33
2017.06.22	20:00:00	1.23101	1.23259	1.23092	1.23235	4133	0	33
2017.06.22	21:00:00	1.23236	1.23277	1.23165	1.23179	2692	0	33
2017.06.22	22:00:00	1.23181	1.23312	1.23172	1.23288	4137	0	33
2017.06.22	23:00:00	1.23288	1.23298	1.23190	1.23196	1515	0	38
2017.06.23	00:00:00	1.23211	1.23766	1.23119	1.23204	70880	0	49
2017.06.23	01:00:00	1.23213	1.23219	1.23152	1.23206	1962	0	46
2017.06.23	02:00:00	1.23209	1.23219	1.23169	1.23186	1088	0	37
2017.06.23	03:00:00	1.23189	1.23289	1.23170	1.23261	2576	0	36
2017.06.23	04:00:00	1.23261	1.23300	1.23221	1.23236	3305	0	36
2017.06.23	05:00:00	1.23237	1.23308	1.23231	1.23271	2146	0	35
2017.06.23	06:00:00	1.23269	1.23301	1.23213	1.23278	2614	0	36
2017.06.23	07:00:00	1.23279	1.23308	1.23246	1.23275	2036	0	38
2017.06.23	08:00:00	1.23274	1.23308	1.23217	1.23302	3193	0	37
2017.06.23	09:00:00	1.23302	1.23511	1.23223	1.23443	5009	0	33
2017.06.23	10:00:00	1.23444	1.23656	1.23409	1.23461	7861	0	33
2017.06.23	11:00:00	1.23461	1.23528	1.23335	1.23525	6553	0	33
2017.06.23	12:00:00	1.23523	1.23615	1.23485	1.23606	5523	0	33
2017.06.23	13:00:00	1.23608	1.23714	1.23539	1.23697	5184	0	33
2017.06.23	14:00:00	1.23697	1.23754	1.23600	1.23613	5284	0	33
2017.06.23	15:00:00	1.23614	1.23620	1.23496	1.23556	5966	0	34
2017.06.23	16:00:00	1.23556	1.23568	1.23247	1.23279	6929	0	33
2017.06.23	17:00:00	1.23277	1.23380	1.23197	1.23358	8763	0	33
2017.06.23	18:00:00	1.23355	1.23396	1.23291	1.23328	5777	0	33
2017.06.23	19:00:00	1.23323	1.23399	1.23237	1.23256	2933	0	33
2017.06.23	20:00:00	1.23257	1.23312	1.23227	1.23311	2371	0	33
2017.06.23	21:00:00	1.23311	1.23338	1.23233	1.23254	2700	0	33
2017.06.23	22:00:00	1.23252	1.23349	1.23240	1.23319	2268	0	35
2017.06.23	23:00:00	1.23318	1.23369	1.23234	1.23260	1964	0	40
2017.06.26	00:00:00	1.23386	1.24008	1.23242	1.23470	73422	0	105
2017.06.26	01:00:00	1.23466	1.23514	1.23333	1.23468	2586	0	45
2017.06.26	02:00:00	1.23470	1.23504	1.23464	1.23495	1209	0	39
2017.06.26	03:00:00	1.23495	1.23578	1.23454	1.23537	2851	0	33
2017.06.26	04:00:00	1.23534	1.23639	1.23534	1.23602	3553	0	33
2017.06.26	05:00:00	1.23602	1.23630	1.23562	1.23600	2411	0	35
2017.06.26	06:00:00	1.23596	1.23627	1.23584	1.23604	2067	0	34
2017.06.26	07:00:00	1.23603	1.23644	1.23585	1.23588	1706	0	38
2017.06.26	08:00:00	1.23588	1.23618	1.23565	1.23574	2216	0	34
2017.06.26	09:00:00	1.23576	1.23690	1.23570	1.23625	4320	0	33
2017.06.26	10:00:00	1.23627	1.23674	1.23480	1.23590	6326	0	35
2017.06.26	11:00:00	1.23590	1.23800	1.23456	1.23698	7764	0	33
2017.06.26	12:00:00	1.23700	1.23730	1.23504	1.23715	6301	0	33
2017.06.26	13:00:00	1.23713	1.23995	1.23688	1.23979	6194	0	33
2017.06.26	14:00:00	1.23979	1.23996	1.23807	1.23845	5752	0	33
2017.06.26	15:00:00	1.23843	1.23880	1.23544	1.23611	8042	0	33
2017.06.26	16:00:00	1.23611	1.23666	1.23472	1.23602	6932	0	33
2017.06.26	17:00:00	1.23602	1.23616	1.23445	1.23582	7525	0	33
2017.06.26	18:00:00	1.23582	1.23659	1.23511	1.23553	6587	0	34
2017.06.26	19:00:00	1.23553	1.23631	1.23489	1.23621	4318	0	33
2017.06.26	20:00:00	1.23620	1.23629	1.23523	1.23568	3289	0	33
2017.06.26	21:00:00	1.23568	1.23680	1.23517	1.23671	3997	0	33
2017.06.26	22:00:00	1.23672	1.23704	1.23629	1.23658	2314	0	34
2017.06.26	23:00:00	1.23659	1.23711	1.23640	1.23673	1657	0	34
2017.06.27	00:00:00	1.23660	1.23889	1.22852	1.23601	95000	0	73
2017.06.27	01:00:00	1.23592	1.23681	1.23592	1.23669	2390	0	47
2017.06.27	02:00:00	1.23671	1.23715	1.23663	1.23708	1198	0	45
2017.06.27	03:00:00	1.23714	1.23725	1.23623	1.23649	2433	0	40
2017.06.27	04:00:00	1.23649	1.23671	1.23614	1.23664	2926	0	35
2017.06.27	05:00:00	1.23663	1.23679	1.23589	1.23624	2366	0	36
2017.06.27	06:00:00	1.23625	1.23680	1.23580	1.23673	2281	0	38
2017.06.27	07:00:00	1.23673	1.23716	1.23651	1.23699	1311	0	39
2017.06.27	08:00:00	1.23698	1.23770	1.23686	1.23756	2102	0	38
2017.06.27	09:00:00	1.23754	1.23828	1.23712	1.23756	4932	0	33
2017.06.27	10:00:00	1.23755	1.23878	1.23697	1.23833	5901	0	35
2017.06.27	11:00:00	1.23832	1.23845	1.23217	1.23260	12171	0	33
2017.06.27	12:00:00	1.23261	1.23433	1.23132	1.23188	7244	0	33
2017.06.27	13:00:00	1.23188	1.23296	1.23070	1.23119	6943	0	33
2017.06.27	14:00:00	1.23123	1.23238	1.23047	1.23151	7297	0	33
2017.06.27	15:00:00	1.23151	1.23236	1.23079	1.23212	6901	0	33
2017.06.27	16:00:00	1.23212	1.23276	1.23018	1.23063	8514	0	33
2017.06.27	17:00:00	1.23064	1.23320	1.23055	1.23266	7988	0	33
2017.06.27	18:00:00	1.23265	1.23290	1.22966	1.22989	8347	0	33
2017.06.27	19:00:00	1.22992	1.23070	1.22883	1.23005	6758	0	33
2017.06.27	20:00:00	1.23008	1.23058	1.22869	1.22913	7799	0	33
2017.06.27	21:00:00	1.22914	1.22949	1.22841	1.22882	5411	0	33
2017.06.27	22:00:00	1.22877	1.23379	1.22871	1.23063	4910	0	33
2017.06.27	23:00:00	1.23064	1.23140	1.23008	1.23028	2909	0	38
2017.06.28	00:00:00	1.23038	1.24447	1.22780	1.23029	114372	0	67
2017.06.28	01:00:00	1.23027	1.23091	1.22976	1.23024	1978	0	51
2017.06.28	02:00:00	1.23024	1.23063	1.23000	1.23057	1834	0	41
2017.06.28	03:00:00	1.23058	1.23063	1.23003	1.23049	3144	0	38
2017.06.28	04:00:00	1.23051	1.23066	1.22974	1.22990	3567	0	38
2017.06.28	05:00:00	1.22988	1.23041	1.22957	1.22993	3572	0	33
2017.06.28	06:00:00	1.22993	1.23036	1.22984	1.22999	2343	0	38
2017.06.28	07:00:00	1.22999	1.23132	1.22996	1.23078	2623	0	36
2017.06.28	08:00:00	1.23079	1.23085	1.22859	1.22865	3535	0	37
2017.06.28	09:00:00	1.22864	1.22982	1.22805	1.22880	7327	0	33
2017.06.28	10:00:00	1.22878	1.23055	1.22770	1.22991	10975	0	33
2017.06.28	11:00:00	1.22993	1.23223	1.22910	1.23192	9357	0	34
2017.06.28	12:00:00	1.23193	1.23237	1.23070	1.23092	8410	0	33
2017.06.28	13:00:00	1.23093	1.23210	1.23003	1.23157	6120	0	35
2017.06.28	14:00:00	1.23157	1.23189	1.22970	1.23113	7386	0	33
2017.06.28	15:00:00	1.23112	1.23849	1.23078	1.23383	14386	0	33
2017.06.28	16:00:00	1.23383	1.24168	1.23323	1.24114	14949	0	33
2017.06.28	17:00:00	1.24112	1.24433	1.24063	1.24238	15102	0	33
2017.06.28	18:00:00	1.24234	1.24365	1.24137	1.24275	10264	0	33
2017.06.28	19:00:00	1.24275	1.24276	1.24107	1.24131	5896	0	33
2017.06.28	20:00:00	1.24129	1.24135	1.23988	1.24000	4400	0	35
2017.06.28	21:00:00	1.24000	1.24105	1.23976	1.24048	4014	0	33
2017.06.28	22:00:00	1.24048	1.24048	1.23987	1.24021	2852	0	33
2017.06.28	23:00:00	1.24019	1.24073	1.23999	1.24006	2190	0	33
2017.06.29	00:00:00	1.23940	1.24493	1.23914	1.24048	104106	0	48
2017.06.29	01:00:00	1.24042	1.24132	1.24027	1.24088	2229	0	50
2017.06.29	02:00:00	1.24089	1.24177	1.24089	1.24156	2169	0	44
2017.06.29	03:00:00	1.24152	1.24153	1.24097	1.24107	3316	0	38
2017.06.29	04:00:00	1.24109	1.24190	1.24083	1.24115	4099	0	36
2017.06.29	05:00:00	1.24115	1.24170	1.24014	1.24111	4198	0	33
2017.06.29	06:00:00	1.24110	1.24136	1.24034	1.24099	2957	0	36
2017.06.29	07:00:00	1.24101	1.24161	1.24054	1.24122	2433	0	37
2017.06.29	08:00:00	1.24122	1.24185	1.24122	1.24128	2949	0	37
2017.06.29	09:00:00	1.24127	1.24370	1.24116	1.24322	6948	0	33
2017.06.29	10:00:00	1.24322	1.24422	1.24221	1.24227	11262	0	33
2017.06.29	11:00:00	1.24228	1.24386	1.24141	1.24141	8705	0	33
2017.06.29	12:00:00	1.24142	1.24481	1.24136	1.24214	8969	0	33
2017.06.29	13:00:00	1.24215	1.24276	1.24056	1.24247	7075	0	35
2017.06.29	14:00:00	1.24248	1.24431	1.24239	1.24287	7414	0	33
2017.06.29	15:00:00	1.24287	1.24434	1.24181	1.24383	9481	0	34
2017.06.29	16:00:00	1.24383	1.24468	1.24316	1.24456	8355	0	33
2017.06.29	17:00:00	1.24455	1.24460	1.24198	1.24348	9024	0	34
2017.06.29	18:00:00	1.24349	1.24361	1.24165	1.24220	8307	0	33
2017.06.29	19:00:00	1.24222	1.24285	1.24155	1.24215	6587	0	35
2017.06.29	20:00:00	1.24215	1.24393	1.24173	1.24313	6153	0	33
2017.06.29	21:00:00	1.24312	1.24345	1.24230	1.24237	4793	0	33
2017.06.29	22:00:00	1.24246	1.24285	1.24216	1.24254	3263	0	37
2017.06.29	23:00:00	1.24251	1.24358	1.24249	1.24276	2161	0	36
2017.06.30	00:00:00	1.24211	1.24943	1.23970	1.24290	97603	0	56
2017.06.30	01:00:00	1.24283	1.24312	1.24244	1.24274	3853	0	40
2017.06.30	02:00:00	1.24271	1.24307	1.24269	1.24280	1513	0	42
2017.06.30	03:00:00	1.24281	1.24556	1.24274	1.24524	4187	0	35
2017.06.30	04:00:00	1.24523	1.24582	1.24459	1.24505	4370	0	33
2017.06.30	05:00:00	1.24503	1.24583	1.24461	1.24543	3846	0	34
2017.06.30	06:00:00	1.24543	1.24552	1.24469	1.24533	2699	0	38
2017.06.30	07:00:00	1.24531	1.24624	1.24514	1.24616	3018	0	41
2017.06.30	08:00:00	1.24615	1.24616	1.24493	1.24503	3389	0	36
2017.06.30	09:00:00	1.24503	1.24587	1.24418	1.24555	5354	0	33
2017.06.30	10:00:00	1.24550	1.24760	1.24467	1.24643	8740	0	33
2017.06.30	11:00:00	1.24643	1.24704	1.24448	1.24453	7562	0	33
2017.06.30	12:00:00	1.24453	1.24548	1.24407	1.24481	7934	0	34
2017.06.30	13:00:00	1.24486	1.24511	1.24249	1.24404	6686	0	33
2017.06.30	14:00:00	1.24407	1.24421	1.24199	1.24318	5388	0	33
2017.06.30	15:00:00	1.24318	1.24385	1.24218	1.24218	6818	0	33
2017.06.30	16:00:00	1.24218	1.24242	1.24033	1.24127	7418	0	33
2017.06.30	17:00:00	1.24127	1.24416	1.23957	1.24382	9041	0	33
2017.06.30	18:00:00	1.24382	1.24541	1.24307	1.24533	7416	0	33
2017.06.30	19:00:00	1.24534	1.24756	1.24504	1.24729	4274	0	33
2017.06.30	20:00:00	1.24729	1.24746	1.24664	1.24738	2902	0	34
2017.06.30	21:00:00	1.24739	1.24834	1.24725	1.24794	4129	0	33
2017.06.30	22:00:00	1.24795	1.24933	1.24789	1.24880	3874	0	35
2017.06.30	23:00:00	1.24879	1.24891	1.24816	1.24823	1891	0	37
2017.07.03	00:00:00	1.24629	1.24930	1.24449	1.24755	79731	0	101
2017.07.03	01:00:00	1.24750	1.24827	1.24750	1.24759	2509	0	39
2017.07.03	02:00:00	1.24759	1.24818	1.24748	1.24778	1457	0	42
2017.07.03	03:00:00	1.24775	1.24821	1.24672	1.24716	3259	0	38
2017.07.03	04:00:00	1.24716	1.24765	1.24684	1.24735	3345	0	39
2017.07.03	05:00:00	1.24735	1.24765	1.24701	1.24759	2751	0	38
2017.07.03	06:00:00	1.24762	1.24784	1.24723	1.24766	3129	0	37
2017.07.03	07:00:00	1.24766	1.24777	1.24670	1.24711	2248	0	37
2017.07.03	08:00:00	1.24709	1.24719	1.24659	1.24683	2422	0	39
2017.07.03	09:00:00	1.24682	1.24843	1.24677	1.24710	5946	0	33
2017.07.03	10:00:00	1.24710	1.24885	1.24696	1.24727	8862	0	33
2017.07.03	11:00:00	1.24723	1.24745	1.24470	1.24484	8832	0	33
2017.07.03	12:00:00	1.24485	1.24725	1.24467	1.24708	6369	0	33
2017.07.03	13:00:00	1.24709	1.24730	1.24545	1.24586	5913	0	34
2017.07.03	14:00:00	1.24585	1.24729	1.24510	1.24685	6941	0	33
2017.07.03	15:00:00	1.24686	1.24892	1.24608	1.24727	7249	0	33
2017.07.03	16:00:00	1.24726	1.24774	1.24572	1.24608	7286	0	33
2017.07.03	17:00:00	1.24613	1.24744	1.24493	1.24579	8299	0	33
2017.07.03	18:00:00	1.24580	1.24832	1.24538	1.24723	7804	0	33
2017.07.03	19:00:00	1.24730	1.24921	1.24719	1.24915	5005	0	33
2017.07.03	20:00:00	1.24915	1.24920	1.24706	1.24731	2796	0	33
2017.07.03	21:00:00	1.24725	1.24742	1.24670	1.24701	1505	0	37
2017.07.03	22:00:00	1.24702	1.24725	1.24679	1.24708	1091	0	37
2017.07.03	23:00:00	1.24709	1.24714	1.24653	1.24658	1747	0	38
2017.07.04	00:00:00	1.24603	1.24934	1.24498	1.24662	63029	0	50
2017.07.04	01:00:00	1.24662	1.24722	1.24631	1.24656	1895	0	48
2017.07.04	02:00:00	1.24656	1.24705	1.24648	1.24694	1449	0	43
2017.07.04	03:00:00	1.24694	1.24724	1.24647	1.24693	2766	0	40
2017.07.04	04:00:00	1.24696	1.24732	1.24638	1.24672	3357	0	38
2017.07.04	05:00:00	1.24679	1.24685	1.24581	1.24612	2968	0	36
2017.07.04	06:00:00	1.24611	1.24686	1.24611	1.24664	1997	0	38
2017.07.04	07:00:00	1.24663	1.24711	1.24611	1.24708	3639	0	35
2017.07.04	08:00:00	1.24709	1.24791	1.24647	1.24691	5806	0	33
2017.07.04	09:00:00	1.24690	1.24779	1.24653	1.24664	6190	0	33
2017.07.04	10:00:00	1.24663	1.24741	1.24541	1.24665	7300	0	33
2017.07.04	11:00:00	1.24665	1.24751	1.24507	1.24615	6862	0	33
2017.07.04	12:00:00	1.24612	1.24780	1.24569	1.24771	6079	0	33
2017.07.04	13:00:00	1.24774	1.24923	1.24768	1.24846	4717	0	33
2017.07.04	14:00:00	1.24844	1.24895	1.24739	1.24740	3934	0	37
2017.07.04	15:00:00	1.24740	1.24831	1.24717	1.24798	4409	0	35
2017.07.04	16:00:00	1.24796	1.24813	1.24706	1.24798	4415	0	34
2017.07.04	17:00:00	1.24798	1.24893	1.24708	1.24757	4874	0	33
2017.07.04	18:00:00	1.24759	1.24795	1.24665	1.24690	4843	0	36
2017.07.04	19:00:00	1.24691	1.24868	1.24652	1.24741	2747	0	33
2017.07.04	20:00:00	1.24744	1.24758	1.24669	1.24719	6694	0	33
2017.07.04	21:00:00	1.24719	1.24748	1.24661	1.24679	6659	0	33
2017.07.04	22:00:00	1.24678	1.24736	1.24665	1.24712	4225	0	38
2017.07.04	23:00:00	1.24712	1.24758	1.24666	1.24719	3411	0	45
2017.07.05	00:00:00	1.24594	1.25076	1.24173	1.24691	94219	0	47
2017.07.05	01:00:00	1.24689	1.24721	1.24602	1.24689	1638	0	52
2017.07.05	02:00:00	1.24686	1.24739	1.24671	1.24709	1508	0	39
2017.07.05	03:00:00	1.24709	1.24769	1.24691	1.24724	2986	0	40
2017.07.05	04:00:00	1.24724	1.24772	1.24709	1.24752	3647	0	37
2017.07.05	05:00:00	1.24752	1.24812	1.24713	1.24733	3341	0	36
2017.07.05	06:00:00	1.24733	1.24785	1.24719	1.24739	2462	0	38
2017.07.05	07:00:00	1.24739	1.24763	1.24677	1.24700	2174	0	33
2017.07.05	08:00:00	1.24702	1.24712	1.24608	1.24626	3772	0	35
2017.07.05	09:00:00	1.24626	1.24719	1.24534	1.24574	6477	0	33
2017.07.05	10:00:00	1.24579	1.24637	1.24375	1.24550	9296	0	33
2017.07.05	11:00:00	1.24549	1.24678	1.24531	1.24654	7390	0	33
2017.07.05	12:00:00	1.24654	1.24997	1.24652	1.24964	8465	0	33
2017.07.05	13:00:00	1.24964	1.25063	1.24794	1.24863	6386	0	33
2017.07.05	14:00:00	1.24863	1.24901	1.24780	1.24818	5115	0	34
2017.07.05	15:00:00	1.24817	1.24897	1.24769	1.24896	5182	0	33
2017.07.05	16:00:00	1.24891	1.24997	1.24806	1.24885	5849	0	36
2017.07.05	17:00:00	1.24868	1.24934	1.24789	1.24825	8090	0	33
2017.07.05	18:00:00	1.24827	1.24847	1.24633	1.24810	6687	0	33
2017.07.05	19:00:00	1.24812	1.24846	1.24643	1.24676	4010	0	33
2017.07.05	20:00:00	1.24678	1.24734	1.24641	1.24649	3516	0	36
2017.07.05	21:00:00	1.24640	1.24815	1.24614	1.24797	8316	0	33
2017.07.05	22:00:00	1.24796	1.24808	1.24681	1.24708	4199	0	35
2017.07.05	23:00:00	1.24710	1.24718	1.24656	1.24674	2020	0	33
2017.07.06	00:00:00	1.24642	1.25164	1.24464	1.24659	95582	0	44
2017.07.06	01:00:00	1.24659	1.24710	1.24644	1.24645	3328	0	43
2017.07.06	02:00:00	1.24647	1.24723	1.24647	1.24686	1691	0	38
2017.07.06	03:00:00	1.24689	1.24738	1.24666	1.24732	4197	0	39
2017.07.06	04:00:00	1.24731	1.24783	1.24666	1.24727	3969	0	36
2017.07.06	05:00:00	1.24725	1.24838	1.24706	1.24776	3038	0	38
2017.07.06	06:00:00	1.24778	1.24851	1.24731	1.24809	3376	0	35
2017.07.06	07:00:00	1.24809	1.24867	1.24803	1.24860	1424	0	41
2017.07.06	08:00:00	1.24859	1.24944	1.24846	1.24917	3129	0	36
2017.07.06	09:00:00	1.24918	1.24948	1.24886	1.24916	4071	0	33
2017.07.06	10:00:00	1.24915	1.24968	1.24691	1.24691	6865	0	33
2017.07.06	11:00:00	1.24694	1.24895	1.24692	1.24815	5426	0	33
2017.07.06	12:00:00	1.24815	1.25137	1.24767	1.25048	8621	0	33
2017.07.06	13:00:00	1.25046	1.25150	1.25012	1.25032	7415	0	34
2017.07.06	14:00:00	1.25031	1.25033	1.24809	1.24827	7387	0	33
2017.07.06	15:00:00	1.24828	1.24839	1.24600	1.24765	8576	0	33
2017.07.06	16:00:00	1.24765	1.24837	1.24451	1.24489	8077	0	33
2017.07.06	17:00:00	1.24490	1.24716	1.24490	1.24657	7743	0	33
2017.07.06	18:00:00	1.24657	1.24956	1.24610	1.24907	8150	0	33
2017.07.06	19:00:00	1.24908	1.24908	1.24673	1.24789	6567	0	33
2017.07.06	20:00:00	1.24789	1.24840	1.24683	1.24719	4650	0	33
2017.07.06	21:00:00	1.24722	1.24755	1.24633	1.24654	4226	0	33
2017.07.06	22:00:00	1.24658	1.24663	1.24545	1.24565	3683	0	35
2017.07.06	23:00:00	1.24566	1.24605	1.24527	1.24576	1255	0	35
2017.07.07	00:00:00	1.24512	1.24673	1.23957	1.24516	90836	0	47
2017.07.07	01:00:00	1.24522	1.24585	1.24495	1.24533	3508	0	45
2017.07.07	02:00:00	1.24535	1.24581	1.24513	1.24523	1738	0	41
2017.07.07	03:00:00	1.24528	1.24578	1.24515	1.24519	3120	0	39
2017.07.07	04:00:00	1.24522	1.24664	1.24519	1.24638	5563	0	35
2017.07.07	05:00:00	1.24636	1.24656	1.24616	1.24635	3238	0	37
2017.07.07	06:00:00	1.24634	1.24656	1.24577	1.24588	2769	0	37
2017.07.07	07:00:00	1.24587	1.24632	1.24583	1.24605	2179	0	35
2017.07.07	08:00:00	1.24605	1.24648	1.24463	1.24513	3397	0	37
2017.07.07	09:00:00	1.24514	1.24567	1.24488	1.24501	4868	0	37
2017.07.07	10:00:00	1.24500	1.24604	1.24458	1.24569	7462	0	33
2017.07.07	11:00:00	1.24567	1.24655	1.24272	1.24321	7883	0	33
2017.07.07	12:00:00	1.24321	1.24334	1.24163	1.24175	6714	0	33
2017.07.07	13:00:00	1.24176	1.24191	1.24046	1.24142	6351	0	33
2017.07.07	14:00:00	1.24142	1.24206	1.24075	1.24195	5374	0	35
2017.07.07	15:00:00	1.24191	1.24230	1.23944	1.24022	13444	0	33
2017.07.07	16:00:00	1.24021	1.24253	1.23985	1.24115	9885	0	33
2017.07.07	17:00:00	1.24113	1.24267	1.24068	1.24196	8153	0	33
2017.07.07	18:00:00	1.24195	1.24297	1.24173	1.24189	7393	0	35
2017.07.07	19:00:00	1.24190	1.24240	1.24141	1.24205	4729	0	33
2017.07.07	20:00:00	1.24205	1.24207	1.24098	1.24181	3444	0	35
2017.07.07	21:00:00	1.24182	1.24213	1.24138	1.24179	2243	0	33
2017.07.07	22:00:00	1.24180	1.24243	1.24170	1.24180	2888	0	36
2017.07.07	23:00:00	1.24180	1.24201	1.24100	1.24155	1470	0	34
2017.07.10	00:00:00	1.24044	1.24656	1.24037	1.24161	58931	0	77
2017.07.10	01:00:00	1.24171	1.24222	1.24154	1.24187	2792	0	33
2017.07.10	02:00:00	1.24192	1.24220	1.24182	1.24187	2116	0	43
2017.07.10	03:00:00	1.24185	1.24319	1.24178	1.24250	2802	0	40
2017.07.10	04:00:00	1.24248	1.24293	1.24234	1.24285	2692	0	40
2017.07.10	05:00:00	1.24284	1.24310	1.24265	1.24285	1971	0	37
2017.07.10	06:00:00	1.24284	1.24317	1.24276	1.24291	2058	0	36
2017.07.10	07:00:00	1.24293	1.24314	1.24271	1.24290	1920	0	39
2017.07.10	08:00:00	1.24288	1.24374	1.24277	1.24340	2539	0	38
2017.07.10	09:00:00	1.24342	1.24431	1.24307	1.24355	5121	0	35
2017.07.10	10:00:00	1.24355	1.24358	1.24114	1.24177	6444	0	33
2017.07.10	11:00:00	1.24177	1.24249	1.24085	1.24116	6283	0	33
2017.07.10	12:00:00	1.24116	1.24261	1.24065	1.24237	4797	0	35
2017.07.10	13:00:00	1.24240	1.24462	1.24198	1.24443	3729	0	36
2017.07.10	14:00:00	1.24444	1.24643	1.24443	1.24511	5368	0	33
2017.07.10	15:00:00	1.24510	1.24560	1.24431	1.24507	5525	0	34
2017.07.10	16:00:00	1.24506	1.24523	1.24343	1.24344	6248	0	33
2017.07.10	17:00:00	1.24343	1.24437	1.24304	1.24354	7139	0	33
2017.07.10	18:00:00	1.24353	1.24511	1.24316	1.24413	6685	0	33
2017.07.10	19:00:00	1.24415	1.24415	1.24321	1.24394	2866	0	37
2017.07.10	20:00:00	1.24394	1.24415	1.24336	1.24379	2379	0	36
2017.07.10	21:00:00	1.24379	1.24381	1.24345	1.24358	1660	0	36
2017.07.10	22:00:00	1.24359	1.24389	1.24335	1.24371	2087	0	37
2017.07.10	23:00:00	1.24370	1.24377	1.24329	1.24346	981	0	37
2017.07.11	00:00:00	1.24353	1.25172	1.23673	1.24356	72577	0	48
2017.07.11	01:00:00	1.24359	1.24400	1.24359	1.24376	2024	0	49
2017.07.11	02:00:00	1.24377	1.24410	1.24365	1.24410	2053	0	44
2017.07.11	03:00:00	1.24409	1.24429	1.24388	1.24405	1831	0	41
2017.07.11	04:00:00	1.24405	1.24420	1.24378	1.24401	2120	0	39
2017.07.11	05:00:00	1.24400	1.24472	1.24385	1.24420	1670	0	39
2017.07.11	06:00:00	1.24420	1.24466	1.24417	1.24459	1190	0	41
2017.07.11	07:00:00	1.24458	1.24542	1.24449	1.24527	1685	0	36
2017.07.11	08:00:00	1.24529	1.24552	1.24486	1.24526	2119	0	37
2017.07.11	09:00:00	1.24526	1.24611	1.24503	1.24506	3956	0	33
2017.07.11	10:00:00	1.24507	1.24822	1.24496	1.24769	6588	0	35
2017.07.11	11:00:00	1.24768	1.25092	1.24703	1.25055	5756	0	34
2017.07.11	12:00:00	1.25057	1.25161	1.24935	1.24976	4996	0	33
2017.07.11	13:00:00	1.24977	1.25121	1.24974	1.25018	4174	0	36
2017.07.11	14:00:00	1.25018	1.25063	1.24955	1.24968	4247	0	33
2017.07.11	15:00:00	1.24968	1.25063	1.24664	1.24717	7125	0	33
2017.07.11	16:00:00	1.24719	1.24757	1.24445	1.24470	7459	0	33
2017.07.11	17:00:00	1.24464	1.24553	1.24309	1.24355	8638	0	33
2017.07.11	18:00:00	1.24353	1.24365	1.24127	1.24275	9175	0	33
2017.07.11	19:00:00	1.24274	1.24277	1.24006	1.24065	6890	0	33
2017.07.11	20:00:00	1.24065	1.24093	1.23720	1.23845	5882	0	33
2017.07.11	21:00:00	1.23844	1.23873	1.23663	1.23702	4815	0	33
2017.07.11	22:00:00	1.23705	1.23821	1.23704	1.23803	3021	0	37
2017.07.11	23:00:00	1.23802	1.23830	1.23776	1.23816	1357	0	37
2017.07.12	00:00:00	1.23733	1.24508	1.23384	1.23785	94428	0	43
2017.07.12	01:00:00	1.23782	1.23879	1.23771	1.23826	3124	0	45
2017.07.12	02:00:00	1.23828	1.23873	1.23815	1.23835	2071	0	45
2017.07.12	03:00:00	1.23837	1.23916	1.23794	1.23873	2857	0	42
2017.07.12	04:00:00	1.23872	1.23909	1.23738	1.23814	3418	0	39
2017.07.12	05:00:00	1.23815	1.23825	1.23616	1.23693	2901	0	35
2017.07.12	06:00:00	1.23691	1.23736	1.23656	1.23710	2770	0	40
2017.07.12	07:00:00	1.23711	1.23767	1.23655	1.23681	2910	0	41
2017.07.12	08:00:00	1.23682	1.23789	1.23646	1.23770	2680	0	37
2017.07.12	09:00:00	1.23772	1.23772	1.23471	1.23551	8121	0	33
2017.07.12	10:00:00	1.23552	1.23612	1.23372	1.23434	7013	0	33
2017.07.12	11:00:00	1.23434	1.23861	1.23416	1.23793	8050	0	33
2017.07.12	12:00:00	1.23791	1.23969	1.23706	1.23819	6349	0	34
2017.07.12	13:00:00	1.23818	1.23857	1.23688	1.23790	5515	0	34
2017.07.12	14:00:00	1.23789	1.24035	1.23758	1.23957	6335	0	33
2017.07.12	15:00:00	1.23962	1.24082	1.23801	1.23847	12763	0	33
2017.07.12	16:00:00	1.23848	1.24193	1.23833	1.24045	14073	0	33
2017.07.12	17:00:00	1.24047	1.24497	1.24014	1.24252	13858	0	33
2017.07.12	18:00:00	1.24253	1.24352	1.24182	1.24325	9032	0	33
2017.07.12	19:00:00	1.24324	1.24395	1.24233	1.24359	5567	0	34
2017.07.12	20:00:00	1.24359	1.24405	1.24304	1.24350	3754	0	34
2017.07.12	21:00:00	1.24350	1.24437	1.24266	1.24362	3290	0	35
2017.07.12	22:00:00	1.24364	1.24390	1.24276	1.24293	2894	0	36
2017.07.12	23:00:00	1.24294	1.24363	1.24286	1.24355	1087	0	38
2017.07.13	00:00:00	1.24296	1.25229	1.24190	1.24402	87183	0	46
2017.07.13	01:00:00	1.24413	1.24496	1.24361	1.24389	1978	0	54
2017.07.13	02:00:00	1.24391	1.24439	1.24375	1.24390	1987	0	46
2017.07.13	03:00:00	1.24390	1.24452	1.24332	1.24333	3521	0	38
2017.07.13	04:00:00	1.24337	1.24367	1.24257	1.24286	3208	0	39
2017.07.13	05:00:00	1.24285	1.24339	1.24248	1.24253	3230	0	38
2017.07.13	06:00:00	1.24254	1.24296	1.24248	1.24272	2299	0	41
2017.07.13	07:00:00	1.24273	1.24295	1.24226	1.24235	2381	0	41
2017.07.13	08:00:00	1.24236	1.24244	1.24181	1.24196	2310	0	37
2017.07.13	09:00:00	1.24195	1.24471	1.24186	1.24451	6390	0	33
2017.07.13	10:00:00	1.24451	1.24611	1.24411	1.24511	8419	0	33
2017.07.13	11:00:00	1.24512	1.24759	1.24457	1.24634	8228	0	33
2017.07.13	12:00:00	1.24633	1.24820	1.24627	1.24676	7641	0	33
2017.07.13	13:00:00	1.24678	1.24869	1.24506	1.24823	7832	0	33
2017.07.13	14:00:00	1.24821	1.24902	1.24693	1.24816	11081	0	33
2017.07.13	15:00:00	1.24816	1.25052	1.24748	1.24937	8658	0	33
2017.07.13	16:00:00	1.24935	1.25134	1.24869	1.24937	7487	0	33
2017.07.13	17:00:00	1.24936	1.25155	1.24915	1.25123	9507	0	33
2017.07.13	18:00:00	1.25122	1.25172	1.25003	1.25116	7221	0	33
2017.07.13	19:00:00	1.25115	1.25216	1.25034	1.25116	4390	0	33
2017.07.13	20:00:00	1.25117	1.25178	1.25031	1.25118	4156	0	36
2017.07.13	21:00:00	1.25119	1.25151	1.25089	1.25145	3999	0	35
2017.07.13	22:00:00	1.25141	1.25153	1.25105	1.25117	2634	0	33
2017.07.13	23:00:00	1.25116	1.25160	1.25085	1.25138	1254	0	38
2017.07.14	00:00:00	1.25025	1.26379	1.24979	1.25023	77321	0	52
2017.07.14	01:00:00	1.25023	1.25161	1.25023	1.25141	1225	0	50
2017.07.14	02:00:00	1.25140	1.25194	1.25123	1.25160	1429	0	44
2017.07.14	03:00:00	1.25161	1.25279	1.25132	1.25159	3101	0	38
2017.07.14	04:00:00	1.25159	1.25181	1.25088	1.25130	3060	0	39
2017.07.14	05:00:00	1.25131	1.25165	1.25108	1.25125	2755	0	38
2017.07.14	06:00:00	1.25125	1.25209	1.25109	1.25191	1798	0	38
2017.07.14	07:00:00	1.25189	1.25259	1.25159	1.25254	1544	0	39
2017.07.14	08:00:00	1.25256	1.25301	1.25193	1.25196	2547	0	33
2017.07.14	09:00:00	1.25197	1.25300	1.25165	1.25291	5441	0	33
2017.07.14	10:00:00	1.25292	1.25430	1.25228	1.25383	7383	0	33
2017.07.14	11:00:00	1.25385	1.25627	1.25357	1.25561	5291	0	33
2017.07.14	12:00:00	1.25559	1.25712	1.25493	1.25712	6043	0	34
2017.07.14	13:00:00	1.25713	1.25752	1.25619	1.25703	4263	0	37
2017.07.14	14:00:00	1.25704	1.25818	1.25562	1.25648	5382	0	33
2017.07.14	15:00:00	1.25650	1.25654	1.25239	1.25378	13004	0	33
2017.07.14	16:00:00	1.25377	1.25902	1.25280	1.25875	12106	0	33
2017.07.14	17:00:00	1.25872	1.26367	1.25817	1.26281	13059	0	33
2017.07.14	18:00:00	1.26279	1.26307	1.26115	1.26235	7803	0	33
2017.07.14	19:00:00	1.26234	1.26257	1.26144	1.26152	5074	0	35
2017.07.14	20:00:00	1.26149	1.26179	1.25991	1.26120	3362	0	35
2017.07.14	21:00:00	1.26120	1.26198	1.26109	1.26125	2408	0	33
2017.07.14	22:00:00	1.26124	1.26342	1.26122	1.26269	2580	0	33
2017.07.14	23:00:00	1.26271	1.26307	1.26211	1.26219	1629	0	40
2017.07.17	00:00:00	1.26088	1.26372	1.25362	1.26189	66867	0	75
2017.07.17	01:00:00	1.26201	1.26292	1.26188	1.26275	3266	0	50
2017.07.17	02:00:00	1.26260	1.26308	1.26225	1.26282	4650	0	40
2017.07.17	03:00:00	1.26280	1.26354	1.26255	1.26273	3364	0	35
2017.07.17	04:00:00	1.26274	1.26357	1.26233	1.26339	3527	0	39
2017.07.17	05:00:00	1.26340	1.26352	1.26289	1.26310	2690	0	41
2017.07.17	06:00:00	1.26310	1.26348	1.26276	1.26323	2930	0	39
2017.07.17	07:00:00	1.26321	1.26353	1.26224	1.26251	2812	0	40
2017.07.17	08:00:00	1.26252	1.26284	1.26204	1.26241	2595	0	37
2017.07.17	09:00:00	1.26241	1.26360	1.26160	1.26358	6547	0	33
2017.07.17	10:00:00	1.26355	1.26357	1.26038	1.26095	8318	0	33
2017.07.17	11:00:00	1.26094	1.26132	1.25851	1.25958	6430	0	33
2017.07.17	12:00:00	1.25959	1.26088	1.25836	1.25916	6169	0	34
2017.07.17	13:00:00	1.25920	1.25938	1.25688	1.25712	6585	0	33
2017.07.17	14:00:00	1.25713	1.25718	1.25355	1.25462	5183	0	33
2017.07.17	15:00:00	1.25464	1.25642	1.25422	1.25625	7547	0	33
2017.07.17	16:00:00	1.25625	1.25722	1.25550	1.25619	8406	0	33
2017.07.17	17:00:00	1.25619	1.25831	1.25571	1.25800	10588	0	33
2017.07.17	18:00:00	1.25802	1.25905	1.25668	1.25685	7061	0	34
2017.07.17	19:00:00	1.25685	1.25730	1.25649	1.25697	2909	0	33
2017.07.17	20:00:00	1.25697	1.25723	1.25587	1.25620	2708	0	36
2017.07.17	21:00:00	1.25622	1.25663	1.25557	1.25583	2557	0	34
2017.07.17	22:00:00	1.25582	1.25597	1.25527	1.25580	2600	0	33
2017.07.17	23:00:00	1.25580	1.25647	1.25575	1.25639	1189	0	37
2017.07.18	00:00:00	1.25611	1.25815	1.23960	1.25631	107857	0	44
2017.07.18	01:00:00	1.25633	1.25716	1.25598	1.25637	4746	0	46
2017.07.18	02:00:00	1.25636	1.25705	1.25629	1.25699	1732	0	47
2017.07.18	03:00:00	1.25701	1.25730	1.25599	1.25617	3514	0	40
2017.07.18	04:00:00	1.25616	1.25616	1.25372	1.25482	7897	0	33
2017.07.18	05:00:00	1.25484	1.25627	1.25461	1.25610	5605	0	36
2017.07.18	06:00:00	1.25608	1.25698	1.25557	1.25633	3903	0	34
2017.07.18	07:00:00	1.25636	1.25708	1.25594	1.25646	3528	0	37
2017.07.18	08:00:00	1.25647	1.25721	1.25610	1.25678	4175	0	40
2017.07.18	09:00:00	1.25680	1.25803	1.25596	1.25665	8380	0	35
2017.07.18	10:00:00	1.25665	1.25804	1.25369	1.25511	9533	0	33
2017.07.18	11:00:00	1.25512	1.25512	1.24571	1.24699	12177	0	33
2017.07.18	12:00:00	1.24701	1.24718	1.24301	1.24518	10146	0	33
2017.07.18	13:00:00	1.24517	1.24594	1.24252	1.24264	9050	0	34
2017.07.18	14:00:00	1.24262	1.24276	1.24077	1.24144	9830	0	33
2017.07.18	15:00:00	1.24144	1.24264	1.24080	1.24164	11085	0	33
2017.07.18	16:00:00	1.24163	1.24259	1.24088	1.24190	9719	0	33
2017.07.18	17:00:00	1.24190	1.24203	1.23951	1.24046	9308	0	35
2017.07.18	18:00:00	1.24046	1.24280	1.24046	1.24078	7706	0	33
2017.07.18	19:00:00	1.24075	1.24471	1.24070	1.24414	6983	0	33
2017.07.18	20:00:00	1.24415	1.24480	1.24343	1.24449	4510	0	34
2017.07.18	21:00:00	1.24450	1.24594	1.24398	1.24533	3496	0	36
2017.07.18	22:00:00	1.24532	1.24573	1.24486	1.24536	2936	0	36
2017.07.18	23:00:00	1.24537	1.24554	1.24508	1.24523	1212	0	37
2017.07.19	00:00:00	1.24471	1.24710	1.24113	1.24511	82519	0	46
2017.07.19	01:00:00	1.24522	1.24530	1.24457	1.24478	1909	0	53
2017.07.19	02:00:00	1.24477	1.24510	1.24465	1.24488	2617	0	42
2017.07.19	03:00:00	1.24490	1.24494	1.24428	1.24433	2891	0	33
2017.07.19	04:00:00	1.24425	1.24481	1.24417	1.24462	3186	0	40
2017.07.19	05:00:00	1.24466	1.24528	1.24428	1.24498	2873	0	39
2017.07.19	06:00:00	1.24498	1.24517	1.24439	1.24496	3397	0	37
2017.07.19	07:00:00	1.24495	1.24521	1.24473	1.24503	1836	0	38
2017.07.19	08:00:00	1.24504	1.24660	1.24499	1.24641	3480	0	37
2017.07.19	09:00:00	1.24641	1.24703	1.24459	1.24467	7668	0	33
2017.07.19	10:00:00	1.24470	1.24545	1.24148	1.24255	9995	0	33
2017.07.19	11:00:00	1.24254	1.24347	1.24212	1.24228	7535	0	33
2017.07.19	12:00:00	1.24227	1.24305	1.24159	1.24195	6760	0	36
2017.07.19	13:00:00	1.24196	1.24588	1.24147	1.24558	6637	0	34
2017.07.19	14:00:00	1.24557	1.24559	1.24240	1.24244	6404	0	33
2017.07.19	15:00:00	1.24240	1.24302	1.24160	1.24241	7492	0	33
2017.07.19	16:00:00	1.24240	1.24297	1.24117	1.24119	8183	0	35
2017.07.19	17:00:00	1.24120	1.24444	1.24103	1.24441	9471	0	33
2017.07.19	18:00:00	1.24438	1.24517	1.24338	1.24448	7560	0	33
2017.07.19	19:00:00	1.24449	1.24472	1.24392	1.24419	3492	0	36
2017.07.19	20:00:00	1.24419	1.24485	1.24368	1.24394	2963	0	33
2017.07.19	21:00:00	1.24395	1.24434	1.24369	1.24413	2880	0	34
2017.07.19	22:00:00	1.24415	1.24437	1.24377	1.24400	2451	0	38
2017.07.19	23:00:00	1.24400	1.24444	1.24385	1.24420	1500	0	38
2017.07.20	00:00:00	1.24394	1.24577	1.23226	1.24350	76609	0	45
2017.07.20	01:00:00	1.24363	1.24421	1.24326	1.24351	2183	0	49
2017.07.20	02:00:00	1.24352	1.24414	1.24336	1.24385	2212	0	44
2017.07.20	03:00:00	1.24390	1.24417	1.24346	1.24379	2428	0	39
2017.07.20	04:00:00	1.24377	1.24426	1.24347	1.24380	3063	0	40
2017.07.20	05:00:00	1.24378	1.24420	1.24349	1.24364	4039	0	41
2017.07.20	06:00:00	1.24362	1.24494	1.24358	1.24459	4567	0	37
2017.07.20	07:00:00	1.24461	1.24497	1.24433	1.24450	2300	0	41
2017.07.20	08:00:00	1.24451	1.24532	1.24430	1.24431	3106	0	41
2017.07.20	09:00:00	1.24430	1.24504	1.24266	1.24334	6780	0	34
2017.07.20	10:00:00	1.24336	1.24444	1.24130	1.24330	9890	0	33
2017.07.20	11:00:00	1.24331	1.24565	1.24086	1.24314	10320	0	33
2017.07.20	12:00:00	1.24318	1.24329	1.24015	1.24157	8448	0	33
2017.07.20	13:00:00	1.24157	1.24170	1.23974	1.23982	8404	0	33
2017.07.20	14:00:00	1.23982	1.24529	1.23921	1.24426	11817	0	33
2017.07.20	15:00:00	1.24426	1.24475	1.24011	1.24098	16166	0	33
2017.07.20	16:00:00	1.24098	1.24199	1.23980	1.24044	13461	0	33
2017.07.20	17:00:00	1.24042	1.24051	1.23252	1.23558	16904	0	33
2017.07.20	18:00:00	1.23555	1.23621	1.23231	1.23347	10600	0	31
2017.07.20	19:00:00	1.23331	1.23419	1.23215	1.23370	6610	0	33
2017.07.20	20:00:00	1.23366	1.23459	1.23301	1.23407	5604	0	33
2017.07.20	21:00:00	1.23406	1.23498	1.23397	1.23454	5155	0	34
2017.07.20	22:00:00	1.23444	1.23493	1.23404	1.23432	3824	0	34
2017.07.20	23:00:00	1.23431	1.23434	1.23375	1.23394	1395	0	36
2017.07.21	00:00:00	1.23334	1.23715	1.22692	1.23370	50469	0	44
2017.07.21	01:00:00	1.23367	1.23390	1.23322	1.23341	3916	0	44
2017.07.21	02:00:00	1.23335	1.23351	1.23309	1.23332	1976	0	42
2017.07.21	03:00:00	1.23332	1.23364	1.23272	1.23302	3919	0	37
2017.07.21	04:00:00	1.23301	1.23345	1.23236	1.23301	5219	0	40
2017.07.21	05:00:00	1.23303	1.23345	1.23240	1.23323	4481	0	41
2017.07.21	06:00:00	1.23325	1.23372	1.23306	1.23359	2963	0	41
2017.07.21	07:00:00	1.23360	1.23376	1.23328	1.23364	2446	0	42
2017.07.21	08:00:00	1.23364	1.23447	1.23354	1.23379	2885	0	33
2017.07.21	09:00:00	1.23381	1.23475	1.23248	1.23433	11100	0	33
2017.07.21	10:00:00	1.23433	1.23574	1.23294	1.23546	10456	0	33
2017.07.21	11:00:00	1.23545	1.23617	1.23445	1.23523	7137	0	33
2017.07.21	12:00:00	1.23522	1.23661	1.23458	1.23554	7886	0	33
2017.07.21	13:00:00	1.23553	1.23703	1.23428	1.23493	7653	0	33
2017.07.21	14:00:00	1.23493	1.23597	1.23320	1.23365	7664	0	34
2017.07.21	15:00:00	1.23364	1.23433	1.23208	1.23255	7868	0	33
2017.07.21	16:00:00	1.23261	1.23328	1.22883	1.22890	8365	0	33
2017.07.21	17:00:00	1.22880	1.23097	1.22877	1.23055	9501	0	33
2017.07.21	18:00:00	1.23055	1.23071	1.22747	1.22769	7098	0	33
2017.07.21	19:00:00	1.22766	1.22816	1.22709	1.22757	5112	0	33
2017.07.21	20:00:00	1.22756	1.22926	1.22681	1.22811	4774	0	34
2017.07.21	21:00:00	1.22813	1.22837	1.22694	1.22771	3592	0	33
2017.07.21	22:00:00	1.22773	1.22813	1.22715	1.22802	3131	0	35
2017.07.21	23:00:00	1.22800	1.22902	1.22769	1.22877	2045	0	42
2017.07.24	00:00:00	1.22648	1.23472	1.22648	1.22757	48497	0	90
2017.07.24	01:00:00	1.22756	1.22897	1.22749	1.22854	3613	0	46
2017.07.24	02:00:00	1.22854	1.22912	1.22801	1.22832	2120	0	46
2017.07.24	03:00:00	1.22838	1.23069	1.22831	1.22989	3966	0	33
2017.07.24	04:00:00	1.22987	1.23082	1.22986	1.23071	2941	0	41
2017.07.24	05:00:00	1.23072	1.23103	1.23014	1.23098	2655	0	42
2017.07.24	06:00:00	1.23097	1.23106	1.23058	1.23073	2725	0	40
2017.07.24	07:00:00	1.23073	1.23136	1.23066	1.23136	1904	0	42
2017.07.24	08:00:00	1.23137	1.23211	1.23121	1.23155	2472	0	39
2017.07.24	09:00:00	1.23155	1.23175	1.22939	1.23027	7195	0	33
2017.07.24	10:00:00	1.23024	1.23273	1.22992	1.23163	10843	0	33
2017.07.24	11:00:00	1.23165	1.23226	1.23002	1.23170	8107	0	33
2017.07.24	12:00:00	1.23174	1.23369	1.23150	1.23204	8151	0	33
2017.07.24	13:00:00	1.23203	1.23339	1.23103	1.23299	7148	0	34
2017.07.24	14:00:00	1.23297	1.23380	1.23266	1.23352	6232	0	36
2017.07.24	15:00:00	1.23352	1.23382	1.23137	1.23137	7434	0	35
2017.07.24	16:00:00	1.23136	1.23325	1.23132	1.23279	7767	0	35
2017.07.24	17:00:00	1.23295	1.23469	1.23203	1.23393	9096	0	33
2017.07.24	18:00:00	1.23386	1.23406	1.23127	1.23175	8422	0	33
2017.07.24	19:00:00	1.23180	1.23295	1.23155	1.23251	5365	0	33
2017.07.24	20:00:00	1.23250	1.23333	1.23236	1.23294	4100	0	34
2017.07.24	21:00:00	1.23293	1.23346	1.23252	1.23333	3826	0	35
2017.07.24	22:00:00	1.23340	1.23346	1.23296	1.23302	2999	0	37
2017.07.24	23:00:00	1.23302	1.23315	1.23248	1.23288	1412	0	36
2017.07.25	00:00:00	1.23121	1.24090	1.23114	1.23340	58286	0	45
2017.07.25	01:00:00	1.23342	1.23382	1.23297	1.23345	1985	0	52
2017.07.25	02:00:00	1.23344	1.23419	1.23326	1.23397	2214	0	48
2017.07.25	03:00:00	1.23403	1.23442	1.23311	1.23317	3903	0	38
2017.07.25	04:00:00	1.23318	1.23381	1.23313	1.23369	2727	0	40
2017.07.25	05:00:00	1.23370	1.23395	1.23253	1.23280	4235	0	40
2017.07.25	06:00:00	1.23280	1.23359	1.23279	1.23329	1849	0	42
2017.07.25	07:00:00	1.23329	1.23370	1.23252	1.23288	3633	0	39
2017.07.25	08:00:00	1.23288	1.23388	1.23277	1.23348	2744	0	42
2017.07.25	09:00:00	1.23353	1.23371	1.23214	1.23280	6022	0	35
2017.07.25	10:00:00	1.23277	1.23411	1.23261	1.23329	9327	0	33
2017.07.25	11:00:00	1.23332	1.23480	1.23240	1.23445	8846	0	33
2017.07.25	12:00:00	1.23441	1.23582	1.23215	1.23269	7579	0	33
2017.07.25	13:00:00	1.23268	1.23553	1.23242	1.23548	6829	0	34
2017.07.25	14:00:00	1.23548	1.23821	1.23459	1.23816	7342	0	33
2017.07.25	15:00:00	1.23814	1.23818	1.23669	1.23806	9774	0	33
2017.07.25	16:00:00	1.23806	1.23841	1.23591	1.23601	11998	0	33
2017.07.25	17:00:00	1.23601	1.23817	1.23510	1.23810	11384	0	33
2017.07.25	18:00:00	1.23811	1.23952	1.23717	1.23885	9641	0	33
2017.07.25	19:00:00	1.23885	1.23886	1.23719	1.23803	5380	0	33
2017.07.25	20:00:00	1.23802	1.23907	1.23751	1.23881	4062	0	35
2017.07.25	21:00:00	1.23883	1.24021	1.23872	1.23998	5169	0	35
2017.07.25	22:00:00	1.24001	1.24084	1.23963	1.24027	4608	0	34
2017.07.25	23:00:00	1.24029	1.24071	1.24009	1.24059	1806	0	38
2017.07.26	00:00:00	1.23997	1.25271	1.23935	1.24051	57014	0	42
2017.07.26	01:00:00	1.24071	1.24086	1.24035	1.24082	1485	0	44
2017.07.26	02:00:00	1.24084	1.24117	1.24072	1.24086	2591	0	44
2017.07.26	03:00:00	1.24091	1.24141	1.24043	1.24043	4640	0	40
2017.07.26	04:00:00	1.24044	1.24127	1.24040	1.24081	4681	0	41
2017.07.26	05:00:00	1.24083	1.24083	1.24014	1.24030	4065	0	41
2017.07.26	06:00:00	1.24031	1.24069	1.23993	1.24038	3310	0	40
2017.07.26	07:00:00	1.24039	1.24043	1.23992	1.24020	2464	0	41
2017.07.26	08:00:00	1.24020	1.24093	1.24010	1.24091	2766	0	33
2017.07.26	09:00:00	1.24091	1.24162	1.23921	1.24063	6825	0	34
2017.07.26	10:00:00	1.24060	1.24392	1.23963	1.24383	8100	0	33
2017.07.26	11:00:00	1.24384	1.24478	1.24142	1.24249	9504	0	33
2017.07.26	12:00:00	1.24250	1.24770	1.24239	1.24594	7737	0	33
2017.07.26	13:00:00	1.24595	1.25166	1.24580	1.25111	9459	0	33
2017.07.26	14:00:00	1.25112	1.25258	1.24998	1.25044	7485	0	33
2017.07.26	15:00:00	1.25044	1.25119	1.24886	1.25028	7333	0	33
2017.07.26	16:00:00	1.25028	1.25127	1.24948	1.24977	9517	0	33
2017.07.26	17:00:00	1.24978	1.25202	1.24934	1.25170	10595	0	33
2017.07.26	18:00:00	1.25171	1.25194	1.24987	1.24993	8176	0	33
2017.07.26	19:00:00	1.24993	1.25042	1.24968	1.25022	4519	0	33
2017.07.26	20:00:00	1.25021	1.25036	1.24826	1.24838	6922	0	34
2017.07.26	21:00:00	1.24837	1.25043	1.24644	1.24782	15725	0	33
2017.07.26	22:00:00	1.24781	1.24781	1.24535	1.24711	11244	0	33
2017.07.26	23:00:00	1.24711	1.24747	1.24639	1.24645	2307	0	36
2017.07.27	00:00:00	1.24620	1.26403	1.24442	1.24620	93981	0	54
2017.07.27	01:00:00	1.24625	1.24739	1.24625	1.24727	2948	0	50
2017.07.27	02:00:00	1.24731	1.24776	1.24711	1.24727	2474	0	45
2017.07.27	03:00:00	1.24727	1.24793	1.24712	1.24772	5205	0	42
2017.07.27	04:00:00	1.24774	1.24843	1.24721	1.24808	5759	0	38
2017.07.27	05:00:00	1.24807	1.24988	1.24768	1.24911	5488	0	33
2017.07.27	06:00:00	1.24915	1.24976	1.24834	1.24918	5740	0	33
2017.07.27	07:00:00	1.24919	1.24966	1.24810	1.24867	5586	0	37
2017.07.27	08:00:00	1.24869	1.24973	1.24864	1.24926	5421	0	37
2017.07.27	09:00:00	1.24925	1.25022	1.24854	1.25008	8510	0	34
2017.07.27	10:00:00	1.25007	1.25348	1.24927	1.25230	10716	0	33
2017.07.27	11:00:00	1.25230	1.25498	1.25190	1.25307	9618	0	33
2017.07.27	12:00:00	1.25308	1.26063	1.25278	1.26017	8485	0	33
2017.07.27	13:00:00	1.26017	1.26143	1.25984	1.26117	8110	0	33
2017.07.27	14:00:00	1.26118	1.26334	1.25999	1.26246	8383	0	33
2017.07.27	15:00:00	1.26243	1.26391	1.26155	1.26341	9008	0	33
2017.07.27	16:00:00	1.26342	1.26385	1.25990	1.26003	8888	0	33
2017.07.27	17:00:00	1.26003	1.26100	1.25939	1.26020	12137	0	33
2017.07.27	18:00:00	1.26021	1.26292	1.25972	1.26143	10850	0	33
2017.07.27	19:00:00	1.26142	1.26166	1.26026	1.26073	7322	0	33
2017.07.27	20:00:00	1.26076	1.26117	1.25926	1.25979	8071	0	33
2017.07.27	21:00:00	1.25981	1.26069	1.25916	1.26039	8191	0	33
2017.07.27	22:00:00	1.26041	1.26067	1.25944	1.25992	5898	0	34
2017.07.27	23:00:00	1.25994	1.26166	1.25959	1.26099	3463	0	34
2017.07.28	00:00:00	1.25986	1.27525	1.25975	1.26075	103144	0	48
2017.07.28	01:00:00	1.26066	1.26082	1.25979	1.26037	4373	0	36
2017.07.28	02:00:00	1.26037	1.26068	1.25964	1.26008	2929	0	38
2017.07.28	03:00:00	1.26010	1.26978	1.25987	1.26978	5297	0	33
2017.07.28	04:00:00	1.26979	1.27009	1.26539	1.26883	6255	0	33
2017.07.28	05:00:00	1.26881	1.27150	1.26657	1.26951	4312	0	35
2017.07.28	06:00:00	1.26952	1.26966	1.26747	1.26790	4738	0	33
2017.07.28	07:00:00	1.26790	1.26857	1.26713	1.26838	2829	0	38
2017.07.28	08:00:00	1.26838	1.26951	1.26678	1.26780	5369	0	35
2017.07.28	09:00:00	1.26781	1.26796	1.26458	1.26715	7832	0	33
2017.07.28	10:00:00	1.26719	1.26751	1.26340	1.26590	9417	0	33
2017.07.28	11:00:00	1.26590	1.27094	1.26510	1.27085	8971	0	33
2017.07.28	12:00:00	1.27083	1.27276	1.26881	1.26886	8747	0	33
2017.07.28	13:00:00	1.26892	1.26993	1.26737	1.26873	8582	0	33
2017.07.28	14:00:00	1.26873	1.27319	1.26858	1.27059	7564	0	33
2017.07.28	15:00:00	1.27058	1.27077	1.26381	1.26602	14257	0	33
2017.07.28	16:00:00	1.26602	1.27088	1.26524	1.27047	11327	0	33
2017.07.28	17:00:00	1.27045	1.27228	1.26855	1.27045	13467	0	33
2017.07.28	18:00:00	1.27044	1.27145	1.26922	1.27056	10905	0	33
2017.07.28	19:00:00	1.27054	1.27204	1.27047	1.27101	4799	0	38
2017.07.28	20:00:00	1.27097	1.27519	1.27057	1.27397	4484	0	36
2017.07.28	21:00:00	1.27398	1.27439	1.27258	1.27287	4053	0	33
2017.07.28	22:00:00	1.27285	1.27345	1.27226	1.27331	4074	0	33
2017.07.28	23:00:00	1.27332	1.27447	1.27184	1.27201	2065	0	42
2017.07.31	00:00:00	1.26917	1.27844	1.26731	1.27259	70878	0	113
2017.07.31	01:00:00	1.27259	1.27385	1.27244	1.27316	2711	0	43
2017.07.31	02:00:00	1.27315	1.27377	1.27229	1.27375	2340	0	43
2017.07.31	03:00:00	1.27374	1.27385	1.26999	1.27021	5095	0	33
2017.07.31	04:00:00	1.27021	1.27168	1.26947	1.27164	3705	0	33
2017.07.31	05:00:00	1.27162	1.27171	1.27062	1.27090	2289	0	34
2017.07.31	06:00:00	1.27091	1.27164	1.27053	1.27072	2512	0	41
2017.07.31	07:00:00	1.27073	1.27110	1.27054	1.27086	1722	0	45
2017.07.31	08:00:00	1.27086	1.27136	1.27055	1.27095	2604	0	39
2017.07.31	09:00:00	1.27098	1.27227	1.26721	1.26743	7362	0	33
2017.07.31	10:00:00	1.26743	1.26998	1.26725	1.26961	7739	0	33
2017.07.31	11:00:00	1.26960	1.27181	1.26945	1.27085	6627	0	33
2017.07.31	12:00:00	1.27087	1.27270	1.27011	1.27161	7593	0	33
2017.07.31	13:00:00	1.27161	1.27443	1.27113	1.27385	5659	0	33
2017.07.31	14:00:00	1.27384	1.27410	1.27121	1.27161	5857	0	33
2017.07.31	15:00:00	1.27160	1.27296	1.27001	1.27161	6451	0	33
2017.07.31	16:00:00	1.27157	1.27277	1.27119	1.27222	7762	0	33
2017.07.31	17:00:00	1.27224	1.27379	1.27086	1.27141	11813	0	33
2017.07.31	18:00:00	1.27141	1.27488	1.27084	1.27341	10556	0	33
2017.07.31	19:00:00	1.27349	1.27551	1.27155	1.27481	7907	0	33
2017.07.31	20:00:00	1.27481	1.27590	1.27355	1.27460	5957	0	33
2017.07.31	21:00:00	1.27460	1.27580	1.27373	1.27557	5307	0	33
2017.07.31	22:00:00	1.27556	1.27606	1.27451	1.27601	5554	0	35
2017.07.31	23:00:00	1.27603	1.27773	1.27512	1.27721	3531	0	35
2017.08.01	00:00:00	1.27655	1.27953	1.27387	1.27674	65546	0	58
2017.08.01	01:00:00	1.27670	1.27711	1.27634	1.27650	1664	0	43
2017.08.01	02:00:00	1.27652	1.27672	1.27463	1.27644	2792	0	33
2017.08.01	03:00:00	1.27643	1.27757	1.27534	1.27578	4539	0	39
2017.08.01	04:00:00	1.27579	1.27810	1.27562	1.27736	4410	0	44
2017.08.01	05:00:00	1.27738	1.27809	1.27662	1.27747	3604	0	42
2017.08.01	06:00:00	1.27748	1.27796	1.27733	1.27779	2347	0	45
2017.08.01	07:00:00	1.27778	1.27894	1.27705	1.27751	3342	0	33
2017.08.01	08:00:00	1.27752	1.27854	1.27734	1.27755	2960	0	33
2017.08.01	09:00:00	1.27756	1.27889	1.27726	1.27889	6418	0	33
2017.08.01	10:00:00	1.27891	1.27943	1.27581	1.27591	7583	0	33
2017.08.01	11:00:00	1.27592	1.27808	1.27483	1.27729	8528	0	33
2017.08.01	12:00:00	1.27730	1.27804	1.27525	1.27537	7498	0	33
2017.08.01	13:00:00	1.27536	1.27707	1.27436	1.27574	6601	0	33
2017.08.01	14:00:00	1.27575	1.27679	1.27479	1.27645	6160	0	33
2017.08.01	15:00:00	1.27640	1.27699	1.27522	1.27668	7842	0	33
2017.08.01	16:00:00	1.27665	1.27686	1.27423	1.27484	8683	0	33
2017.08.01	17:00:00	1.27488	1.27731	1.27458	1.27691	13087	0	33
2017.08.01	18:00:00	1.27692	1.27797	1.27433	1.27470	8396	0	33
2017.08.01	19:00:00	1.27472	1.27585	1.27463	1.27468	3471	0	33
2017.08.01	20:00:00	1.27468	1.27564	1.27377	1.27506	5244	0	33
2017.08.01	21:00:00	1.27506	1.27628	1.27471	1.27611	3340	0	33
2017.08.01	22:00:00	1.27609	1.27641	1.27519	1.27536	2785	0	34
2017.08.01	23:00:00	1.27542	1.27554	1.27464	1.27528	1166	0	37
2017.08.02	00:00:00	1.27450	1.28474	1.27351	1.27470	80228	0	44
2017.08.02	01:00:00	1.27461	1.27543	1.27461	1.27484	1775	0	49
2017.08.02	02:00:00	1.27484	1.27573	1.27483	1.27489	2011	0	42
2017.08.02	03:00:00	1.27491	1.27682	1.27482	1.27639	3577	0	40
2017.08.02	04:00:00	1.27639	1.27666	1.27561	1.27622	3988	0	37
2017.08.02	05:00:00	1.27622	1.27639	1.27558	1.27592	3355	0	39
2017.08.02	06:00:00	1.27592	1.27618	1.27505	1.27552	3105	0	36
2017.08.02	07:00:00	1.27550	1.27656	1.27520	1.27564	3887	0	33
2017.08.02	08:00:00	1.27566	1.27606	1.27467	1.27570	2036	0	37
2017.08.02	09:00:00	1.27572	1.27652	1.27479	1.27564	5345	0	33
2017.08.02	10:00:00	1.27573	1.27782	1.27560	1.27736	6995	0	33
2017.08.02	11:00:00	1.27735	1.28021	1.27649	1.27974	8882	0	33
2017.08.02	12:00:00	1.27977	1.28464	1.27961	1.28208	8148	0	33
2017.08.02	13:00:00	1.28211	1.28332	1.28165	1.28169	6075	0	33
2017.08.02	14:00:00	1.28169	1.28213	1.28063	1.28068	5882	0	33
2017.08.02	15:00:00	1.28067	1.28351	1.28045	1.28201	9522	0	33
2017.08.02	16:00:00	1.28204	1.28284	1.28150	1.28188	7994	0	33
2017.08.02	17:00:00	1.28189	1.28219	1.27840	1.27845	10462	0	33
2017.08.02	18:00:00	1.27849	1.28177	1.27813	1.28173	7576	0	33
2017.08.02	19:00:00	1.28167	1.28418	1.28102	1.28262	5003	0	33
2017.08.02	20:00:00	1.28262	1.28373	1.28033	1.28357	6599	0	33
2017.08.02	21:00:00	1.28357	1.28432	1.28254	1.28321	4789	0	33
2017.08.02	22:00:00	1.28326	1.28401	1.28294	1.28368	3240	0	33
2017.08.02	23:00:00	1.28369	1.28430	1.28350	1.28387	1690	0	37
2017.08.03	00:00:00	1.28293	1.28530	1.27030	1.28278	77375	0	54
2017.08.03	01:00:00	1.28279	1.28340	1.28213	1.28317	3985	0	38
2017.08.03	02:00:00	1.28317	1.28414	1.28283	1.28355	2334	0	43
2017.08.03	03:00:00	1.28356	1.28412	1.28295	1.28317	2491	0	39
2017.08.03	04:00:00	1.28316	1.28324	1.28165	1.28185	3024	0	39
2017.08.03	05:00:00	1.28183	1.28281	1.28181	1.28251	2429	0	39
2017.08.03	06:00:00	1.28251	1.28328	1.28250	1.28300	1630	0	37
2017.08.03	07:00:00	1.28300	1.28363	1.28287	1.28342	2415	0	41
2017.08.03	08:00:00	1.28342	1.28351	1.28203	1.28262	2906	0	38
2017.08.03	09:00:00	1.28262	1.28325	1.28047	1.28097	5950	0	33
2017.08.03	10:00:00	1.28096	1.28401	1.28020	1.28023	6940	0	33
2017.08.03	11:00:00	1.28021	1.28475	1.27989	1.28364	7918	0	33
2017.08.03	12:00:00	1.28369	1.28493	1.28221	1.28278	5984	0	33
2017.08.03	13:00:00	1.28280	1.28523	1.28222	1.28327	5065	0	33
2017.08.03	14:00:00	1.28235	1.28349	1.27397	1.27399	14854	0	33
2017.08.03	15:00:00	1.27398	1.27427	1.27113	1.27131	10641	0	33
2017.08.03	16:00:00	1.27132	1.27484	1.27126	1.27360	7665	0	33
2017.08.03	17:00:00	1.27360	1.27375	1.27021	1.27216	13318	0	33
2017.08.03	18:00:00	1.27211	1.27381	1.27199	1.27360	8667	0	33
2017.08.03	19:00:00	1.27356	1.27447	1.27284	1.27407	5365	0	34
2017.08.03	20:00:00	1.27410	1.27431	1.27267	1.27300	3462	0	33
2017.08.03	21:00:00	1.27301	1.27381	1.27285	1.27303	3609	0	37
2017.08.03	22:00:00	1.27306	1.27377	1.27120	1.27234	5775	0	36
2017.08.03	23:00:00	1.27232	1.27289	1.27203	1.27224	1656	0	38
2017.08.04	00:00:00	1.27163	1.27527	1.26633	1.27184	65805	0	48
2017.08.04	01:00:00	1.27188	1.27214	1.27149	1.27181	1869	0	47
2017.08.04	02:00:00	1.27180	1.27197	1.27136	1.27195	1761	0	45
2017.08.04	03:00:00	1.27196	1.27213	1.27132	1.27143	3086	0	39
2017.08.04	04:00:00	1.27143	1.27192	1.27122	1.27137	3345	0	41
2017.08.04	05:00:00	1.27137	1.27175	1.27111	1.27151	2253	0	42
2017.08.04	06:00:00	1.27152	1.27169	1.27109	1.27132	2140	0	42
2017.08.04	07:00:00	1.27134	1.27268	1.27104	1.27255	2551	0	38
2017.08.04	08:00:00	1.27254	1.27255	1.27159	1.27239	2171	0	37
2017.08.04	09:00:00	1.27236	1.27255	1.27137	1.27190	3970	0	33
2017.08.04	10:00:00	1.27192	1.27372	1.27192	1.27334	6545	0	33
2017.08.04	11:00:00	1.27334	1.27371	1.27131	1.27192	4061	0	33
2017.08.04	12:00:00	1.27191	1.27293	1.27148	1.27272	3888	0	33
2017.08.04	13:00:00	1.27272	1.27317	1.27188	1.27267	3875	0	33
2017.08.04	14:00:00	1.27269	1.27302	1.27109	1.27261	4784	0	33
2017.08.04	15:00:00	1.27262	1.27465	1.27058	1.27374	13610	0	33
2017.08.04	16:00:00	1.27377	1.27515	1.27236	1.27310	11978	0	33
2017.08.04	17:00:00	1.27310	1.27398	1.26813	1.26830	15294	0	33
2017.08.04	18:00:00	1.26833	1.26855	1.26621	1.26692	8349	0	33
2017.08.04	19:00:00	1.26695	1.26846	1.26630	1.26713	4941	0	33
2017.08.04	20:00:00	1.26713	1.26942	1.26678	1.26799	3588	0	34
2017.08.04	21:00:00	1.26800	1.26870	1.26798	1.26809	2945	0	33
2017.08.04	22:00:00	1.26811	1.26921	1.26804	1.26895	3347	0	35
2017.08.04	23:00:00	1.26897	1.26907	1.26779	1.26779	1562	0	33
2017.08.07	00:00:00	1.26748	1.27171	1.26521	1.26831	53375	0	79
2017.08.07	01:00:00	1.26838	1.26924	1.26786	1.26822	10140	0	52
2017.08.07	02:00:00	1.26824	1.26920	1.26802	1.26890	6331	0	38
2017.08.07	03:00:00	1.26892	1.26987	1.26816	1.26901	5957	0	37
2017.08.07	04:00:00	1.26902	1.26903	1.26765	1.26771	3658	0	33
2017.08.07	05:00:00	1.26772	1.26847	1.26753	1.26844	2065	0	37
2017.08.07	06:00:00	1.26844	1.26846	1.26779	1.26811	1762	0	42
2017.08.07	07:00:00	1.26808	1.26928	1.26797	1.26899	1405	0	44
2017.08.07	08:00:00	1.26898	1.26933	1.26844	1.26908	1664	0	35
2017.08.07	09:00:00	1.26911	1.26924	1.26825	1.26870	3961	0	35
2017.08.07	10:00:00	1.26873	1.27163	1.26826	1.26951	7098	0	33
2017.08.07	11:00:00	1.26950	1.26960	1.26785	1.26818	6177	0	33
2017.08.07	12:00:00	1.26820	1.27041	1.26785	1.26996	5542	0	33
2017.08.07	13:00:00	1.26998	1.27059	1.26820	1.26901	5208	0	33
2017.08.07	14:00:00	1.26905	1.26984	1.26826	1.26931	5167	0	33
2017.08.07	15:00:00	1.26930	1.26988	1.26646	1.26653	5874	0	33
2017.08.07	16:00:00	1.26652	1.26750	1.26547	1.26674	6552	0	33
2017.08.07	17:00:00	1.26670	1.26787	1.26549	1.26647	6889	0	34
2017.08.07	18:00:00	1.26644	1.26664	1.26556	1.26652	4230	0	35
2017.08.07	19:00:00	1.26652	1.26772	1.26651	1.26753	2008	0	33
2017.08.07	20:00:00	1.26752	1.26840	1.26722	1.26822	2435	0	36
2017.08.07	21:00:00	1.26821	1.26825	1.26774	1.26796	1921	0	37
2017.08.07	22:00:00	1.26794	1.26852	1.26789	1.26843	2227	0	38
2017.08.07	23:00:00	1.26842	1.26851	1.26793	1.26846	1019	0	39
2017.08.08	00:00:00	1.26581	1.26985	1.26288	1.26765	70018	0	44
2017.08.08	01:00:00	1.26777	1.26867	1.26777	1.26844	1622	0	36
2017.08.08	02:00:00	1.26845	1.26885	1.26834	1.26876	1459	0	46
2017.08.08	03:00:00	1.26877	1.26941	1.26851	1.26878	1953	0	39
2017.08.08	04:00:00	1.26879	1.26930	1.26846	1.26928	3621	0	39
2017.08.08	05:00:00	1.26927	1.26978	1.26890	1.26949	2368	0	37
2017.08.08	06:00:00	1.26951	1.26955	1.26909	1.26918	2089	0	39
2017.08.08	07:00:00	1.26918	1.26966	1.26904	1.26941	1972	0	42
2017.08.08	08:00:00	1.26940	1.26968	1.26843	1.26869	2031	0	39
2017.08.08	09:00:00	1.26868	1.26911	1.26782	1.26819	3972	0	38
2017.08.08	10:00:00	1.26820	1.26951	1.26820	1.26924	5372	0	36
2017.08.08	11:00:00	1.26926	1.26935	1.26769	1.26854	4758	0	37
2017.08.08	12:00:00	1.26858	1.26898	1.26727	1.26783	5043	0	33
2017.08.08	13:00:00	1.26783	1.26846	1.26613	1.26676	4541	0	36
2017.08.08	14:00:00	1.26687	1.26699	1.26503	1.26582	5092	0	35
2017.08.08	15:00:00	1.26583	1.26591	1.26388	1.26484	5443	0	33
2017.08.08	16:00:00	1.26485	1.26583	1.26454	1.26542	6229	0	33
2017.08.08	17:00:00	1.26542	1.26637	1.26276	1.26477	12647	0	33
2017.08.08	18:00:00	1.26477	1.26678	1.26400	1.26614	8387	0	33
2017.08.08	19:00:00	1.26615	1.26636	1.26499	1.26540	5615	0	33
2017.08.08	20:00:00	1.26539	1.26611	1.26439	1.26595	5103	0	33
2017.08.08	21:00:00	1.26594	1.26654	1.26522	1.26628	3735	0	33
2017.08.08	22:00:00	1.26632	1.26698	1.26499	1.26511	5393	0	36
2017.08.08	23:00:00	1.26512	1.26594	1.26512	1.26586	1656	0	41
2017.08.09	00:00:00	1.26529	1.26586	1.24821	1.26440	77293	0	33
2017.08.09	01:00:00	1.26438	1.26487	1.26337	1.26369	2720	0	43
2017.08.09	02:00:00	1.26369	1.26397	1.26335	1.26351	2113	0	43
2017.08.09	03:00:00	1.26352	1.26356	1.26130	1.26210	5041	0	36
2017.08.09	04:00:00	1.26210	1.26221	1.26080	1.26090	4584	0	33
2017.08.09	05:00:00	1.26088	1.26107	1.25945	1.25963	4664	0	36
2017.08.09	06:00:00	1.25963	1.25976	1.25380	1.25412	3660	0	33
2017.08.09	07:00:00	1.25413	1.25621	1.25365	1.25564	3361	0	35
2017.08.09	08:00:00	1.25565	1.25836	1.25535	1.25809	2854	0	35
2017.08.09	09:00:00	1.25809	1.26154	1.25586	1.26050	8738	0	33
2017.08.09	10:00:00	1.26053	1.26199	1.25370	1.25514	9520	0	33
2017.08.09	11:00:00	1.25515	1.25593	1.25013	1.25328	9746	0	33
2017.08.09	12:00:00	1.25329	1.25493	1.25243	1.25455	6810	0	33
2017.08.09	13:00:00	1.25456	1.25474	1.25281	1.25392	4984	0	33
2017.08.09	14:00:00	1.25396	1.25464	1.25060	1.25060	5723	0	33
2017.08.09	15:00:00	1.25059	1.25128	1.24813	1.25019	9720	0	33
2017.08.09	16:00:00	1.25020	1.25338	1.24913	1.25300	11347	0	33
2017.08.09	17:00:00	1.25300	1.25588	1.25129	1.25462	10405	0	33
2017.08.09	18:00:00	1.25466	1.25596	1.25372	1.25400	6931	0	33
2017.08.09	19:00:00	1.25400	1.25497	1.25360	1.25378	3349	0	33
2017.08.09	20:00:00	1.25381	1.25433	1.25269	1.25335	3854	0	33
2017.08.09	21:00:00	1.25334	1.25346	1.25240	1.25280	3601	0	36
2017.08.09	22:00:00	1.25281	1.25314	1.25200	1.25268	3236	0	35
2017.08.09	23:00:00	1.25267	1.25328	1.25229	1.25294	1588	0	35
2017.08.10	00:00:00	1.25241	1.25698	1.24834	1.25308	75913	0	50
2017.08.10	01:00:00	1.25307	1.25383	1.25235	1.25357	1786	0	48
2017.08.10	02:00:00	1.25361	1.25373	1.25320	1.25337	1650	0	38
2017.08.10	03:00:00	1.25342	1.25458	1.25334	1.25397	4204	0	33
2017.08.10	04:00:00	1.25397	1.25482	1.25356	1.25474	4575	0	39
2017.08.10	05:00:00	1.25475	1.25529	1.25418	1.25508	2690	0	40
2017.08.10	06:00:00	1.25507	1.25517	1.25367	1.25385	2955	0	33
2017.08.10	07:00:00	1.25385	1.25424	1.25319	1.25394	2509	0	34
2017.08.10	08:00:00	1.25394	1.25395	1.25243	1.25317	3431	0	36
2017.08.10	09:00:00	1.25319	1.25411	1.25276	1.25340	4834	0	34
2017.08.10	10:00:00	1.25339	1.25421	1.25173	1.25274	7081	0	33
2017.08.10	11:00:00	1.25275	1.25454	1.25198	1.25421	6017	0	35
2017.08.10	12:00:00	1.25418	1.25491	1.25295	1.25472	6202	0	33
2017.08.10	13:00:00	1.25471	1.25598	1.25349	1.25565	5859	0	33
2017.08.10	14:00:00	1.25569	1.25687	1.25545	1.25653	5399	0	33
2017.08.10	15:00:00	1.25656	1.25668	1.25484	1.25595	8557	0	33
2017.08.10	16:00:00	1.25593	1.25597	1.25240	1.25403	9520	0	33
2017.08.10	17:00:00	1.25404	1.25431	1.25055	1.25185	12514	0	33
2017.08.10	18:00:00	1.25182	1.25285	1.25051	1.25172	7545	0	33
2017.08.10	19:00:00	1.25176	1.25210	1.24996	1.25067	5386	0	33
2017.08.10	20:00:00	1.25068	1.25103	1.24928	1.24942	4224	0	33
2017.08.10	21:00:00	1.24940	1.25083	1.24902	1.25061	3969	0	33
2017.08.10	22:00:00	1.25060	1.25067	1.24867	1.24889	5122	0	36
2017.08.10	23:00:00	1.24889	1.24915	1.24833	1.24884	1731	0	36
2017.08.11	00:00:00	1.24858	1.25241	1.24349	1.24826	77437	0	40
2017.08.11	01:00:00	1.24825	1.24878	1.24765	1.24864	1799	0	45
2017.08.11	02:00:00	1.24857	1.24881	1.24780	1.24781	2347	0	39
2017.08.11	03:00:00	1.24784	1.24835	1.24767	1.24813	1805	0	43
2017.08.11	04:00:00	1.24811	1.24855	1.24785	1.24840	3165	0	33
2017.08.11	05:00:00	1.24839	1.24844	1.24741	1.24789	2582	0	39
2017.08.11	06:00:00	1.24790	1.24830	1.24641	1.24749	3407	0	33
2017.08.11	07:00:00	1.24748	1.24837	1.24684	1.24716	3146	0	40
2017.08.11	08:00:00	1.24715	1.24885	1.24659	1.24884	3514	0	33
2017.08.11	09:00:00	1.24880	1.24983	1.24854	1.24948	5575	0	33
2017.08.11	10:00:00	1.24947	1.25000	1.24847	1.24874	5377	0	34
2017.08.11	11:00:00	1.24872	1.24882	1.24481	1.24502	5899	0	33
2017.08.11	12:00:00	1.24498	1.24687	1.24338	1.24633	5022	0	33
2017.08.11	13:00:00	1.24633	1.24735	1.24563	1.24722	5559	0	33
2017.08.11	14:00:00	1.24727	1.24893	1.24679	1.24867	5567	0	34
2017.08.11	15:00:00	1.24867	1.24912	1.24493	1.24543	12514	0	33
2017.08.11	16:00:00	1.24543	1.24973	1.24536	1.24864	12826	0	33
2017.08.11	17:00:00	1.24865	1.24994	1.24803	1.24919	9540	0	33
2017.08.11	18:00:00	1.24922	1.24980	1.24836	1.24928	7335	0	33
2017.08.11	19:00:00	1.24929	1.25223	1.24895	1.25173	6166	0	34
2017.08.11	20:00:00	1.25175	1.25233	1.24954	1.25032	6286	0	33
2017.08.11	21:00:00	1.25034	1.25176	1.25025	1.25073	4570	0	33
2017.08.11	22:00:00	1.25072	1.25160	1.25067	1.25096	3500	0	40
2017.08.11	23:00:00	1.25096	1.25177	1.25072	1.25119	2207	0	39
2017.08.14	00:00:00	1.24879	1.26180	1.24864	1.25127	57055	0	109
2017.08.14	01:00:00	1.25125	1.25188	1.25087	1.25158	1744	0	50
2017.08.14	02:00:00	1.25160	1.25210	1.25131	1.25210	2375	0	43
2017.08.14	03:00:00	1.25211	1.25265	1.25147	1.25237	4211	0	36
2017.08.14	04:00:00	1.25237	1.25336	1.25235	1.25302	2946	0	37
2017.08.14	05:00:00	1.25304	1.25442	1.25279	1.25421	2045	0	39
2017.08.14	06:00:00	1.25422	1.25449	1.25384	1.25441	1935	0	43
2017.08.14	07:00:00	1.25442	1.25631	1.25432	1.25533	2376	0	33
2017.08.14	08:00:00	1.25533	1.25550	1.25469	1.25535	2430	0	38
2017.08.14	09:00:00	1.25535	1.25598	1.25419	1.25425	5175	0	33
2017.08.14	10:00:00	1.25426	1.25557	1.25269	1.25495	6460	0	34
2017.08.14	11:00:00	1.25494	1.25504	1.25334	1.25340	6150	0	34
2017.08.14	12:00:00	1.25342	1.25608	1.25342	1.25578	5237	0	33
2017.08.14	13:00:00	1.25577	1.25679	1.25541	1.25635	4185	0	37
2017.08.14	14:00:00	1.25637	1.25747	1.25555	1.25555	4752	0	36
2017.08.14	15:00:00	1.25554	1.25796	1.25497	1.25784	6484	0	33
2017.08.14	16:00:00	1.25783	1.25979	1.25730	1.25870	7509	0	33
2017.08.14	17:00:00	1.25868	1.26011	1.25711	1.25995	7954	0	33
2017.08.14	18:00:00	1.25995	1.26167	1.25901	1.26042	6215	0	33
2017.08.14	19:00:00	1.26042	1.26081	1.25920	1.25945	3614	0	33
2017.08.14	20:00:00	1.25946	1.26143	1.25910	1.26103	4241	0	33
2017.08.14	21:00:00	1.26102	1.26109	1.26021	1.26049	3560	0	36
2017.08.14	22:00:00	1.26047	1.26095	1.26002	1.26046	2965	0	33
2017.08.14	23:00:00	1.26047	1.26078	1.26008	1.26017	1675	0	41
2017.08.15	00:00:00	1.25800	1.26456	1.24952	1.25990	68789	0	51
2017.08.15	01:00:00	1.25988	1.26036	1.25939	1.25964	1772	0	44
2017.08.15	02:00:00	1.25965	1.26073	1.25920	1.26073	1999	0	48
2017.08.15	03:00:00	1.26075	1.26180	1.26061	1.26158	4190	0	40
2017.08.15	04:00:00	1.26156	1.26215	1.26130	1.26184	3425	0	42
2017.08.15	05:00:00	1.26185	1.26201	1.26141	1.26177	2335	0	44
2017.08.15	06:00:00	1.26177	1.26189	1.26120	1.26150	1450	0	42
2017.08.15	07:00:00	1.26151	1.26220	1.26143	1.26198	1857	0	40
2017.08.15	08:00:00	1.26200	1.26368	1.26195	1.26344	3821	0	37
2017.08.15	09:00:00	1.26345	1.26442	1.26149	1.26181	5991	0	33
2017.08.15	10:00:00	1.26181	1.26205	1.25906	1.25906	7402	0	33
2017.08.15	11:00:00	1.25907	1.25923	1.25454	1.25493	7840	0	33
2017.08.15	12:00:00	1.25491	1.25533	1.25279	1.25299	6284	0	33
2017.08.15	13:00:00	1.25297	1.25320	1.25003	1.25108	5878	0	33
2017.08.15	14:00:00	1.25107	1.25258	1.25057	1.25093	5767	0	33
2017.08.15	15:00:00	1.25094	1.25342	1.25074	1.25249	10574	0	33
2017.08.15	16:00:00	1.25248	1.25263	1.25123	1.25244	8082	0	34
2017.08.15	17:00:00	1.25244	1.25315	1.25014	1.25029	8156	0	33
2017.08.15	18:00:00	1.25028	1.25209	1.24946	1.24972	6842	0	33
2017.08.15	19:00:00	1.24972	1.25166	1.24949	1.25093	3444	0	33
2017.08.15	20:00:00	1.25094	1.25187	1.25030	1.25152	3051	0	34
2017.08.15	21:00:00	1.25153	1.25185	1.25105	1.25142	2864	0	36
2017.08.15	22:00:00	1.25141	1.25165	1.25069	1.25077	2535	0	35
2017.08.15	23:00:00	1.25076	1.25148	1.25067	1.25147	1284	0	35
2017.08.16	00:00:00	1.25075	1.25811	1.24276	1.25094	79690	0	46
2017.08.16	01:00:00	1.25091	1.25155	1.25076	1.25117	1623	0	49
2017.08.16	02:00:00	1.25117	1.25118	1.25053	1.25104	1989	0	44
2017.08.16	03:00:00	1.25107	1.25169	1.25077	1.25118	2988	0	43
2017.08.16	04:00:00	1.25117	1.25241	1.25091	1.25241	3019	0	42
2017.08.16	05:00:00	1.25241	1.25243	1.25087	1.25088	2138	0	41
2017.08.16	06:00:00	1.25088	1.25177	1.25087	1.25166	1784	0	42
2017.08.16	07:00:00	1.25165	1.25211	1.25163	1.25196	1571	0	43
2017.08.16	08:00:00	1.25196	1.25238	1.25095	1.25130	3260	0	40
2017.08.16	09:00:00	1.25130	1.25132	1.24966	1.25011	4266	0	34
2017.08.16	10:00:00	1.25014	1.25294	1.25011	1.25184	7833	0	33
2017.08.16	11:00:00	1.25182	1.25805	1.25139	1.25544	10404	0	33
2017.08.16	12:00:00	1.25540	1.25605	1.25253	1.25267	5554	0	33
2017.08.16	13:00:00	1.25267	1.25411	1.25182	1.25381	6376	0	33
2017.08.16	14:00:00	1.25379	1.25452	1.25220	1.25299	5301	0	33
2017.08.16	15:00:00	1.25299	1.25515	1.25284	1.25475	7300	0	33
2017.08.16	16:00:00	1.25474	1.25499	1.25271	1.25377	7500	0	33
2017.08.16	17:00:00	1.25379	1.25512	1.25149	1.25473	6730	0	33
2017.08.16	18:00:00	1.25475	1.25565	1.25267	1.25280	6650	0	33
2017.08.16	19:00:00	1.25280	1.25316	1.25031	1.25038	4494	0	34
2017.08.16	20:00:00	1.25039	1.25066	1.24844	1.24904	7703	0	33
2017.08.16	21:00:00	1.24901	1.24929	1.24264	1.24514	12326	0	33
2017.08.16	22:00:00	1.24512	1.24518	1.24337	1.24379	4777	0	33
2017.08.16	23:00:00	1.24380	1.24461	1.24359	1.24450	1395	0	40
2017.08.17	00:00:00	1.24446	1.24837	1.23679	1.24402	86032	0	48
2017.08.17	01:00:00	1.24401	1.24470	1.24379	1.24402	1734	0	52
2017.08.17	02:00:00	1.24409	1.24464	1.24358	1.24372	1981	0	46
2017.08.17	03:00:00	1.24370	1.24458	1.24343	1.24349	2763	0	41
2017.08.17	04:00:00	1.24351	1.24499	1.24342	1.24454	4929	0	36
2017.08.17	05:00:00	1.24453	1.24496	1.24412	1.24425	2677	0	39
2017.08.17	06:00:00	1.24420	1.24497	1.24415	1.24456	1649	0	43
2017.08.17	07:00:00	1.24428	1.24490	1.24400	1.24475	1582	0	43
2017.08.17	08:00:00	1.24478	1.24480	1.24376	1.24403	3177	0	39
2017.08.17	09:00:00	1.24403	1.24601	1.24378	1.24591	4215	0	33
2017.08.17	10:00:00	1.24593	1.24622	1.24102	1.24102	6006	0	33
2017.08.17	11:00:00	1.24096	1.24551	1.24022	1.24375	8389	0	33
2017.08.17	12:00:00	1.24377	1.24614	1.24358	1.24612	5964	0	33
2017.08.17	13:00:00	1.24613	1.24664	1.24259	1.24356	6526	0	33
2017.08.17	14:00:00	1.24355	1.24829	1.24268	1.24484	10297	0	33
2017.08.17	15:00:00	1.24487	1.24759	1.24401	1.24714	8804	0	33
2017.08.17	16:00:00	1.24717	1.24723	1.24422	1.24464	7246	0	33
2017.08.17	17:00:00	1.24466	1.24469	1.24109	1.24205	12700	0	33
2017.08.17	18:00:00	1.24209	1.24309	1.24083	1.24142	6700	0	33
2017.08.17	19:00:00	1.24140	1.24148	1.23849	1.23849	5286	0	34
2017.08.17	20:00:00	1.23852	1.23875	1.23671	1.23852	5456	0	35
2017.08.17	21:00:00	1.23853	1.23901	1.23817	1.23836	4036	0	37
2017.08.17	22:00:00	1.23837	1.23885	1.23817	1.23848	4755	0	36
2017.08.17	23:00:00	1.23847	1.23930	1.23813	1.23890	2088	0	38
2017.08.18	00:00:00	1.23839	1.24378	1.23469	1.23817	72210	0	49
2017.08.18	01:00:00	1.23831	1.23924	1.23805	1.23910	2084	0	48
2017.08.18	02:00:00	1.23909	1.23925	1.23766	1.23766	2851	0	44
2017.08.18	03:00:00	1.23767	1.23927	1.23745	1.23796	4616	0	40
2017.08.18	04:00:00	1.23796	1.23900	1.23791	1.23898	2877	0	40
2017.08.18	05:00:00	1.23898	1.23956	1.23882	1.23910	2115	0	42
2017.08.18	06:00:00	1.23910	1.24047	1.23890	1.23921	2629	0	40
2017.08.18	07:00:00	1.23921	1.23953	1.23897	1.23948	1809	0	43
2017.08.18	08:00:00	1.23945	1.24089	1.23939	1.24065	2694	0	42
2017.08.18	09:00:00	1.24063	1.24074	1.23886	1.24001	4531	0	34
2017.08.18	10:00:00	1.24002	1.24152	1.23904	1.24038	7921	0	33
2017.08.18	11:00:00	1.24037	1.24122	1.23815	1.24041	5712	0	35
2017.08.18	12:00:00	1.24041	1.24150	1.23850	1.23951	6704	0	33
2017.08.18	13:00:00	1.23954	1.24082	1.23843	1.23905	4377	0	33
2017.08.18	14:00:00	1.23907	1.23912	1.23692	1.23800	4305	0	33
2017.08.18	15:00:00	1.23799	1.23913	1.23720	1.23777	5743	0	33
2017.08.18	16:00:00	1.23775	1.23777	1.23542	1.23699	8689	0	33
2017.08.18	17:00:00	1.23689	1.23820	1.23460	1.23619	10398	0	33
2017.08.18	18:00:00	1.23620	1.23998	1.23598	1.23843	10778	0	33
2017.08.18	19:00:00	1.23846	1.24358	1.23800	1.24200	8276	0	33
2017.08.18	20:00:00	1.24200	1.24368	1.24145	1.24201	5920	0	33
2017.08.18	21:00:00	1.24204	1.24312	1.24147	1.24174	3503	0	33
2017.08.18	22:00:00	1.24177	1.24339	1.24157	1.24300	3047	0	34
2017.08.18	23:00:00	1.24299	1.24311	1.24117	1.24216	1123	0	40
2017.08.21	00:00:00	1.23910	1.24765	1.23721	1.24116	52248	0	98
2017.08.21	01:00:00	1.24113	1.24279	1.24113	1.24234	1725	0	54
2017.08.21	02:00:00	1.24230	1.24319	1.24211	1.24280	1989	0	44
2017.08.21	03:00:00	1.24279	1.24327	1.24143	1.24211	2688	0	36
2017.08.21	04:00:00	1.24212	1.24267	1.24168	1.24232	2890	0	42
2017.08.21	05:00:00	1.24233	1.24299	1.24219	1.24293	1473	0	44
2017.08.21	06:00:00	1.24293	1.24344	1.24268	1.24305	1498	0	41
2017.08.21	07:00:00	1.24306	1.24366	1.24297	1.24366	1446	0	42
2017.08.21	08:00:00	1.24365	1.24377	1.24303	1.24344	1614	0	41
2017.08.21	09:00:00	1.24343	1.24346	1.24142	1.24182	4063	0	33
2017.08.21	10:00:00	1.24180	1.24279	1.24072	1.24274	5689	0	33
2017.08.21	11:00:00	1.24274	1.24536	1.24256	1.24514	4418	0	33
2017.08.21	12:00:00	1.24515	1.24655	1.24394	1.24602	3893	0	33
2017.08.21	13:00:00	1.24601	1.24754	1.24568	1.24724	3796	0	33
2017.08.21	14:00:00	1.24725	1.24732	1.24403	1.24417	4287	0	33
2017.08.21	15:00:00	1.24416	1.24472	1.24311	1.24387	4720	0	33
2017.08.21	16:00:00	1.24387	1.24442	1.24182	1.24189	5804	0	33
2017.08.21	17:00:00	1.24188	1.24222	1.23886	1.23969	9709	0	33
2017.08.21	18:00:00	1.23967	1.24236	1.23955	1.24216	6893	0	33
2017.08.21	19:00:00	1.24217	1.24265	1.24147	1.24161	3536	0	33
2017.08.21	20:00:00	1.24160	1.24229	1.24018	1.24061	3319	0	36
2017.08.21	21:00:00	1.24055	1.24116	1.23981	1.24029	3496	0	35
2017.08.21	22:00:00	1.24030	1.24106	1.23967	1.24049	2704	0	38
2017.08.21	23:00:00	1.24048	1.24081	1.24005	1.24050	1216	0	39
2017.08.22	00:00:00	1.23990	1.24304	1.23782	1.24046	54522	0	48
2017.08.22	01:00:00	1.24045	1.24139	1.24028	1.24111	1638	0	51
2017.08.22	02:00:00	1.24112	1.24135	1.24013	1.24132	1721	0	42
2017.08.22	03:00:00	1.24134	1.24166	1.24083	1.24098	2338	0	37
2017.08.22	04:00:00	1.24100	1.24235	1.24100	1.24146	2949	0	40
2017.08.22	05:00:00	1.24146	1.24152	1.24104	1.24121	2205	0	36
2017.08.22	06:00:00	1.24120	1.24137	1.24061	1.24066	2051	0	42
2017.08.22	07:00:00	1.24066	1.24137	1.24046	1.24122	1134	0	43
2017.08.22	08:00:00	1.24121	1.24208	1.24067	1.24197	2172	0	40
2017.08.22	09:00:00	1.24195	1.24295	1.24127	1.24280	3968	0	35
2017.08.22	10:00:00	1.24280	1.24292	1.23987	1.24076	4876	0	33
2017.08.22	11:00:00	1.24076	1.24156	1.23960	1.24101	5502	0	33
2017.08.22	12:00:00	1.24102	1.24114	1.23888	1.23985	4459	0	33
2017.08.22	13:00:00	1.23986	1.24019	1.23784	1.23860	4636	0	33
2017.08.22	14:00:00	1.23858	1.23926	1.23773	1.23830	6090	0	33
2017.08.22	15:00:00	1.23829	1.23974	1.23809	1.23877	5650	0	33
2017.08.22	16:00:00	1.23878	1.24187	1.23836	1.24143	7224	0	33
2017.08.22	17:00:00	1.24141	1.24238	1.23986	1.24217	7629	0	33
2017.08.22	18:00:00	1.24220	1.24229	1.23951	1.24049	5363	0	33
2017.08.22	19:00:00	1.24048	1.24146	1.23950	1.24144	3711	0	35
2017.08.22	20:00:00	1.24144	1.24144	1.24025	1.24079	2742	0	36
2017.08.22	21:00:00	1.24078	1.24208	1.24072	1.24186	2054	0	34
2017.08.22	22:00:00	1.24187	1.24200	1.24102	1.24153	2644	0	37
2017.08.22	23:00:00	1.24153	1.24169	1.24066	1.24109	1720	0	33
2017.08.23	00:00:00	1.24018	1.24292	1.23402	1.24079	66249	0	47
2017.08.23	01:00:00	1.24088	1.24167	1.24084	1.24107	1907	0	51
2017.08.23	02:00:00	1.24099	1.24195	1.24080	1.24177	1817	0	47
2017.08.23	03:00:00	1.24176	1.24221	1.24116	1.24181	4145	0	33
2017.08.23	04:00:00	1.24182	1.24249	1.24127	1.24145	3362	0	39
2017.08.23	05:00:00	1.24145	1.24196	1.24094	1.24107	2845	0	41
2017.08.23	06:00:00	1.24109	1.24157	1.24084	1.24106	3019	0	44
2017.08.23	07:00:00	1.24110	1.24146	1.24043	1.24096	2168	0	45
2017.08.23	08:00:00	1.24097	1.24171	1.24084	1.24163	1873	0	41
2017.08.23	09:00:00	1.24161	1.24212	1.24052	1.24154	4087	0	33
2017.08.23	10:00:00	1.24155	1.24282	1.23932	1.24060	8989	0	33
2017.08.23	11:00:00	1.24069	1.24105	1.23780	1.23938	6500	0	33
2017.08.23	12:00:00	1.23939	1.24047	1.23876	1.23876	4510	0	33
2017.08.23	13:00:00	1.23875	1.24099	1.23820	1.24089	3806	0	33
2017.08.23	14:00:00	1.24089	1.24179	1.23761	1.23782	5763	0	33
2017.08.23	15:00:00	1.23778	1.23780	1.23503	1.23552	5947	0	33
2017.08.23	16:00:00	1.23548	1.23574	1.23437	1.23481	7057	0	33
2017.08.23	17:00:00	1.23481	1.23617	1.23390	1.23440	9303	0	33
2017.08.23	18:00:00	1.23439	1.23675	1.23432	1.23593	6857	0	33
2017.08.23	19:00:00	1.23594	1.23629	1.23434	1.23548	3737	0	33
2017.08.23	20:00:00	1.23545	1.23625	1.23406	1.23592	4169	0	35
2017.08.23	21:00:00	1.23592	1.23622	1.23504	1.23568	4489	0	35
2017.08.23	22:00:00	1.23568	1.23621	1.23514	1.23567	3984	0	36
2017.08.23	23:00:00	1.23573	1.23586	1.23522	1.23578	2382	0	39
2017.08.24	00:00:00	1.23379	1.23761	1.23273	1.23479	51015	0	45
2017.08.24	01:00:00	1.23476	1.23555	1.23432	1.23522	1922	0	55
2017.08.24	02:00:00	1.23526	1.23554	1.23503	1.23519	1361	0	47
2017.08.24	03:00:00	1.23522	1.23571	1.23495	1.23538	3415	0	40
2017.08.24	04:00:00	1.23537	1.23576	1.23497	1.23541	4256	0	35
2017.08.24	05:00:00	1.23539	1.23599	1.23490	1.23496	2320	0	41
2017.08.24	06:00:00	1.23497	1.23551	1.23468	1.23509	2275	0	40
2017.08.24	07:00:00	1.23508	1.23539	1.23440	1.23474	1943	0	38
2017.08.24	08:00:00	1.23473	1.23488	1.23400	1.23408	2087	0	41
2017.08.24	09:00:00	1.23408	1.23651	1.23360	1.23636	5073	0	33
2017.08.24	10:00:00	1.23637	1.23704	1.23439	1.23440	5937	0	34
2017.08.24	11:00:00	1.23440	1.23723	1.23376	1.23660	5565	0	33
2017.08.24	12:00:00	1.23662	1.23749	1.23624	1.23746	5171	0	33
2017.08.24	13:00:00	1.23745	1.23745	1.23602	1.23659	4434	0	36
2017.08.24	14:00:00	1.23660	1.23682	1.23571	1.23618	4222	0	34
2017.08.24	15:00:00	1.23620	1.23752	1.23538	1.23612	5727	0	33
2017.08.24	16:00:00	1.23613	1.23652	1.23283	1.23380	5881	0	33
2017.08.24	17:00:00	1.23381	1.23547	1.23281	1.23392	8747	0	33
2017.08.24	18:00:00	1.23394	1.23528	1.23378	1.23469	6415	0	33
2017.08.24	19:00:00	1.23468	1.23521	1.23313	1.23373	4066	0	36
2017.08.24	20:00:00	1.23373	1.23522	1.23320	1.23471	2915	0	35
2017.08.24	21:00:00	1.23471	1.23634	1.23418	1.23622	2884	0	34
2017.08.24	22:00:00	1.23622	1.23631	1.23526	1.23601	2625	0	34
2017.08.24	23:00:00	1.23602	1.23610	1.23531	1.23558	1448	0	39
2017.08.25	00:00:00	1.23520	1.23818	1.22964	1.23515	70313	0	48
2017.08.25	01:00:00	1.23514	1.23551	1.23482	1.23542	5340	0	51
2017.08.25	02:00:00	1.23541	1.23573	1.23467	1.23524	5125	0	38
2017.08.25	03:00:00	1.23529	1.23692	1.23511	1.23625	4142	0	45
2017.08.25	04:00:00	1.23623	1.23635	1.23519	1.23574	3449	0	37
2017.08.25	05:00:00	1.23578	1.23585	1.23531	1.23552	1381	0	46
2017.08.25	06:00:00	1.23552	1.23588	1.23534	1.23540	1954	0	42
2017.08.25	07:00:00	1.23540	1.23592	1.23540	1.23553	2326	0	44
2017.08.25	08:00:00	1.23554	1.23611	1.23547	1.23607	1721	0	44
2017.08.25	09:00:00	1.23607	1.23615	1.23536	1.23577	2615	0	37
2017.08.25	10:00:00	1.23576	1.23669	1.23451	1.23546	5137	0	33
2017.08.25	11:00:00	1.23546	1.23619	1.23389	1.23442	4320	0	34
2017.08.25	12:00:00	1.23443	1.23539	1.23380	1.23539	4039	0	36
2017.08.25	13:00:00	1.23538	1.23676	1.23529	1.23636	5306	0	33
2017.08.25	14:00:00	1.23637	1.23784	1.23579	1.23625	4063	0	33
2017.08.25	15:00:00	1.23622	1.23749	1.23610	1.23741	5216	0	33
2017.08.25	16:00:00	1.23746	1.23807	1.23606	1.23755	7736	0	33
2017.08.25	17:00:00	1.23757	1.23770	1.23355	1.23416	16357	0	33
2017.08.25	18:00:00	1.23413	1.23421	1.23218	1.23227	9188	0	33
2017.08.25	19:00:00	1.23228	1.23265	1.23127	1.23220	4697	0	34
2017.08.25	20:00:00	1.23219	1.23284	1.23167	1.23185	3840	0	33
2017.08.25	21:00:00	1.23184	1.23290	1.23183	1.23256	3603	0	36
2017.08.25	22:00:00	1.23251	1.23259	1.22952	1.23067	11751	0	33
2017.08.25	23:00:00	1.23066	1.23204	1.23038	1.23175	2598	0	42
2017.08.28	00:00:00	1.23235	1.23649	1.22894	1.23232	46176	0	99
2017.08.28	01:00:00	1.23235	1.23329	1.23191	1.23233	4079	0	51
2017.08.28	02:00:00	1.23234	1.23305	1.23216	1.23259	4180	0	49
2017.08.28	03:00:00	1.23261	1.23315	1.23133	1.23155	4873	0	40
2017.08.28	04:00:00	1.23156	1.23199	1.23110	1.23155	3717	0	43
2017.08.28	05:00:00	1.23155	1.23203	1.23124	1.23174	2498	0	42
2017.08.28	06:00:00	1.23173	1.23372	1.23134	1.23252	2312	0	33
2017.08.28	07:00:00	1.23251	1.23297	1.23116	1.23141	2355	0	40
2017.08.28	08:00:00	1.23141	1.23231	1.23086	1.23195	3529	0	40
2017.08.28	09:00:00	1.23195	1.23222	1.23107	1.23215	3508	0	33
2017.08.28	10:00:00	1.23216	1.23275	1.22902	1.23037	4974	0	36
2017.08.28	11:00:00	1.23034	1.23126	1.22918	1.22971	4116	0	35
2017.08.28	12:00:00	1.22970	1.23032	1.22883	1.22973	3284	0	35
2017.08.28	13:00:00	1.22971	1.23022	1.22939	1.23008	3663	0	34
2017.08.28	14:00:00	1.23010	1.23306	1.23001	1.23270	4744	0	33
2017.08.28	15:00:00	1.23262	1.23351	1.23162	1.23177	5345	0	33
2017.08.28	16:00:00	1.23177	1.23595	1.23122	1.23595	6056	0	33
2017.08.28	17:00:00	1.23596	1.23636	1.23359	1.23475	6005	0	33
2017.08.28	18:00:00	1.23477	1.23508	1.23346	1.23504	6446	0	33
2017.08.28	19:00:00	1.23504	1.23576	1.23441	1.23489	3443	0	33
2017.08.28	20:00:00	1.23486	1.23590	1.23448	1.23535	3258	0	33
2017.08.28	21:00:00	1.23534	1.23587	1.23495	1.23542	3268	0	35
2017.08.28	22:00:00	1.23551	1.23551	1.23464	1.23485	2640	0	33
2017.08.28	23:00:00	1.23486	1.23520	1.23470	1.23508	1493	0	38
2017.08.29	00:00:00	1.23524	1.23530	1.22198	1.23067	83350	0	45
2017.08.29	01:00:00	1.23068	1.23080	1.22764	1.23026	6555	0	50
2017.08.29	02:00:00	1.23026	1.23198	1.23011	1.23090	3876	0	36
2017.08.29	03:00:00	1.23092	1.23280	1.23061	1.23266	5589	0	41
2017.08.29	04:00:00	1.23266	1.23284	1.23072	1.23187	4162	0	40
2017.08.29	05:00:00	1.23187	1.23215	1.23126	1.23171	2742	0	42
2017.08.29	06:00:00	1.23172	1.23209	1.23139	1.23206	2389	0	43
2017.08.29	07:00:00	1.23205	1.23300	1.23195	1.23267	2114	0	40
2017.08.29	08:00:00	1.23267	1.23333	1.23248	1.23271	2331	0	38
2017.08.29	09:00:00	1.23269	1.23410	1.23134	1.23138	6762	0	33
2017.08.29	10:00:00	1.23136	1.23139	1.22801	1.22843	11557	0	33
2017.08.29	11:00:00	1.22844	1.22979	1.22430	1.22527	9653	0	33
2017.08.29	12:00:00	1.22529	1.22614	1.22257	1.22530	7816	0	33
2017.08.29	13:00:00	1.22531	1.22545	1.22194	1.22271	5737	0	33
2017.08.29	14:00:00	1.22271	1.22458	1.22190	1.22452	5798	0	33
2017.08.29	15:00:00	1.22453	1.22523	1.22379	1.22480	7109	0	33
2017.08.29	16:00:00	1.22488	1.22544	1.22355	1.22467	8102	0	33
2017.08.29	17:00:00	1.22462	1.22643	1.22370	1.22641	10521	0	33
2017.08.29	18:00:00	1.22642	1.22756	1.22556	1.22622	8517	0	33
2017.08.29	19:00:00	1.22622	1.22942	1.22599	1.22859	4906	0	33
2017.08.29	20:00:00	1.22861	1.23058	1.22837	1.23036	4312	0	34
2017.08.29	21:00:00	1.23032	1.23304	1.23032	1.23241	5313	0	33
2017.08.29	22:00:00	1.23243	1.23521	1.23240	1.23463	5977	0	34
2017.08.29	23:00:00	1.23462	1.23497	1.23389	1.23426	2692	0	36
2017.08.30	00:00:00	1.23386	1.24618	1.23257	1.23390	74170	0	45
2017.08.30	01:00:00	1.23386	1.23421	1.23354	1.23395	2019	0	44
2017.08.30	02:00:00	1.23395	1.23646	1.23375	1.23483	2786	0	44
2017.08.30	03:00:00	1.23488	1.23563	1.23362	1.23483	3896	0	36
2017.08.30	04:00:00	1.23484	1.23497	1.23394	1.23465	5180	0	35
2017.08.30	05:00:00	1.23468	1.23478	1.23410	1.23472	2112	0	42
2017.08.30	06:00:00	1.23472	1.23558	1.23439	1.23546	2598	0	35
2017.08.30	07:00:00	1.23546	1.23588	1.23508	1.23561	2021	0	41
2017.08.30	08:00:00	1.23560	1.23617	1.23426	1.23469	3600	0	35
2017.08.30	09:00:00	1.23470	1.23608	1.23377	1.23410	8128	0	33
2017.08.30	10:00:00	1.23401	1.23418	1.23249	1.23345	9276	0	33
2017.08.30	11:00:00	1.23348	1.23446	1.23277	1.23431	5710	0	33
2017.08.30	12:00:00	1.23434	1.23633	1.23308	1.23503	5101	0	33
2017.08.30	13:00:00	1.23503	1.23651	1.23495	1.23592	3803	0	33
2017.08.30	14:00:00	1.23594	1.23781	1.23564	1.23738	6004	0	33
2017.08.30	15:00:00	1.23737	1.23855	1.23602	1.23719	10776	0	33
2017.08.30	16:00:00	1.23719	1.23984	1.23648	1.23976	9217	0	33
2017.08.30	17:00:00	1.23974	1.24028	1.23851	1.23967	9389	0	33
2017.08.30	18:00:00	1.23967	1.23973	1.23837	1.23936	7640	0	33
2017.08.30	19:00:00	1.23937	1.24247	1.23925	1.24243	5410	0	33
2017.08.30	20:00:00	1.24243	1.24345	1.24224	1.24302	5216	0	34
2017.08.30	21:00:00	1.24301	1.24497	1.24270	1.24491	4482	0	33
2017.08.30	22:00:00	1.24493	1.24609	1.24478	1.24528	3371	0	34
2017.08.30	23:00:00	1.24528	1.24554	1.24500	1.24521	1751	0	36
2017.08.31	00:00:00	1.24445	1.24625	1.23687	1.24362	81486	0	45
2017.08.31	01:00:00	1.24360	1.24462	1.24356	1.24425	1940	0	37
2017.08.31	02:00:00	1.24427	1.24505	1.24402	1.24487	1805	0	44
2017.08.31	03:00:00	1.24490	1.24508	1.24407	1.24418	3725	0	41
2017.08.31	04:00:00	1.24418	1.24481	1.24385	1.24436	3852	0	37
2017.08.31	05:00:00	1.24435	1.24509	1.24419	1.24446	3143	0	42
2017.08.31	06:00:00	1.24445	1.24486	1.24377	1.24470	2391	0	33
2017.08.31	07:00:00	1.24468	1.24615	1.24457	1.24544	2039	0	34
2017.08.31	08:00:00	1.24543	1.24550	1.24426	1.24530	3360	0	39
2017.08.31	09:00:00	1.24530	1.24577	1.24296	1.24419	5683	0	33
2017.08.31	10:00:00	1.24424	1.24489	1.24299	1.24309	7351	0	33
2017.08.31	11:00:00	1.24313	1.24373	1.24116	1.24186	5113	0	33
2017.08.31	12:00:00	1.24188	1.24406	1.24120	1.24391	6192	0	33
2017.08.31	13:00:00	1.24392	1.24517	1.24197	1.24235	7802	0	33
2017.08.31	14:00:00	1.24237	1.24421	1.24173	1.24397	5959	0	33
2017.08.31	15:00:00	1.24394	1.24444	1.24213	1.24398	8918	0	33
2017.08.31	16:00:00	1.24396	1.24428	1.24249	1.24279	7691	0	33
2017.08.31	17:00:00	1.24279	1.24336	1.23764	1.23833	11870	0	33
2017.08.31	18:00:00	1.23836	1.23936	1.23677	1.23842	10790	0	33
2017.08.31	19:00:00	1.23842	1.24045	1.23815	1.23990	5477	0	33
2017.08.31	20:00:00	1.23994	1.24069	1.23910	1.24050	4613	0	36
2017.08.31	21:00:00	1.24051	1.24142	1.23998	1.24123	6220	0	35
2017.08.31	22:00:00	1.24121	1.24121	1.23932	1.23972	5014	0	36
2017.08.31	23:00:00	1.23974	1.23991	1.23893	1.23936	2249	0	38
2017.09.01	00:00:00	1.23786	1.25042	1.23460	1.23859	79184	0	49
2017.09.01	01:00:00	1.23854	1.24178	1.23840	1.24151	2021	0	50
2017.09.01	02:00:00	1.24150	1.24173	1.24070	1.24139	2053	0	46
2017.09.01	03:00:00	1.24139	1.24209	1.24112	1.24171	2450	0	40
2017.09.01	04:00:00	1.24167	1.24294	1.24167	1.24202	2795	0	40
2017.09.01	05:00:00	1.24201	1.24224	1.24156	1.24202	2324	0	43
2017.09.01	06:00:00	1.24204	1.24220	1.24130	1.24136	2473	0	38
2017.09.01	07:00:00	1.24137	1.24140	1.24026	1.24059	2219	0	38
2017.09.01	08:00:00	1.24060	1.24071	1.23971	1.23982	2177	0	37
2017.09.01	09:00:00	1.23983	1.24106	1.23983	1.24023	4391	0	35
2017.09.01	10:00:00	1.24025	1.24162	1.24005	1.24118	4194	0	33
2017.09.01	11:00:00	1.24118	1.24241	1.23987	1.24233	5328	0	34
2017.09.01	12:00:00	1.24232	1.24241	1.24057	1.24175	4515	0	33
2017.09.01	13:00:00	1.24177	1.24193	1.24007	1.24097	5993	0	33
2017.09.01	14:00:00	1.24097	1.24256	1.24055	1.24180	4675	0	33
2017.09.01	15:00:00	1.24180	1.24537	1.23847	1.24412	15133	0	33
2017.09.01	16:00:00	1.24415	1.24664	1.24342	1.24578	15273	0	33
2017.09.01	17:00:00	1.24634	1.24892	1.24472	1.24880	12999	0	33
2017.09.01	18:00:00	1.24878	1.24945	1.24669	1.24856	8528	0	33
2017.09.01	19:00:00	1.24856	1.25012	1.24799	1.24992	6087	0	33
2017.09.01	20:00:00	1.24993	1.24996	1.24851	1.24983	5015	0	33
2017.09.01	21:00:00	1.24986	1.25032	1.24922	1.24973	3787	0	36
2017.09.01	22:00:00	1.24974	1.25011	1.24911	1.24938	2726	0	36
2017.09.01	23:00:00	1.24937	1.25022	1.24427	1.24427	2017	0	35
2017.09.04	00:00:00	1.24333	1.24664	1.23587	1.24281	53988	0	109
2017.09.04	01:00:00	1.24290	1.24578	1.24250	1.24543	3417	0	39
2017.09.04	02:00:00	1.24547	1.24594	1.24526	1.24549	2176	0	46
2017.09.04	03:00:00	1.24552	1.24655	1.24532	1.24597	3578	0	43
2017.09.04	04:00:00	1.24596	1.24608	1.24499	1.24499	3647	0	36
2017.09.04	05:00:00	1.24498	1.24538	1.24450	1.24465	2354	0	40
2017.09.04	06:00:00	1.24465	1.24505	1.24427	1.24491	2748	0	38
2017.09.04	07:00:00	1.24492	1.24504	1.24454	1.24455	1847	0	41
2017.09.04	08:00:00	1.24455	1.24459	1.24380	1.24446	2548	0	41
2017.09.04	09:00:00	1.24446	1.24448	1.24090	1.24320	6356	0	33
2017.09.04	10:00:00	1.24316	1.24392	1.24221	1.24242	5417	0	34
2017.09.04	11:00:00	1.24243	1.24247	1.23574	1.23685	6316	0	33
2017.09.04	12:00:00	1.23682	1.24049	1.23671	1.23962	4959	0	33
2017.09.04	13:00:00	1.23963	1.24038	1.23884	1.23988	4841	0	33
2017.09.04	14:00:00	1.23989	1.24074	1.23953	1.24050	3887	0	33
2017.09.04	15:00:00	1.24051	1.24168	1.23996	1.24033	4651	0	33
2017.09.04	16:00:00	1.24031	1.24081	1.23928	1.23951	5098	0	33
2017.09.04	17:00:00	1.23949	1.23991	1.23718	1.23872	5421	0	33
2017.09.04	18:00:00	1.23871	1.24010	1.23816	1.23905	4706	0	33
2017.09.04	19:00:00	1.23905	1.23923	1.23649	1.23795	5004	0	34
2017.09.04	20:00:00	1.23794	1.23887	1.23705	1.23796	3137	0	35
2017.09.04	21:00:00	1.23797	1.23895	1.23749	1.23825	1782	0	79
2017.09.04	22:00:00	1.23822	1.23935	1.23732	1.23829	7796	0	56
2017.09.04	23:00:00	1.23825	1.23876	1.23751	1.23799	1349	0	79
2017.09.05	00:00:00	1.23623	1.24704	1.23420	1.23795	81594	0	140
2017.09.05	01:00:00	1.23795	1.23938	1.23790	1.23840	2114	0	55
2017.09.05	02:00:00	1.23840	1.23910	1.23838	1.23889	2214	0	41
2017.09.05	03:00:00	1.23889	1.23919	1.23776	1.23781	3215	0	36
2017.09.05	04:00:00	1.23777	1.23821	1.23706	1.23753	4578	0	34
2017.09.05	05:00:00	1.23752	1.23758	1.23453	1.23555	4939	0	40
2017.09.05	06:00:00	1.23556	1.23601	1.23438	1.23512	5947	0	40
2017.09.05	07:00:00	1.23514	1.23639	1.23408	1.23594	4824	0	33
2017.09.05	08:00:00	1.23593	1.23618	1.23494	1.23578	3471	0	42
2017.09.05	09:00:00	1.23577	1.23751	1.23555	1.23622	4757	0	34
2017.09.05	10:00:00	1.23622	1.23974	1.23606	1.23963	7552	0	33
2017.09.05	11:00:00	1.23963	1.24229	1.23894	1.24066	6786	0	33
2017.09.05	12:00:00	1.24067	1.24153	1.23998	1.24054	4131	0	33
2017.09.05	13:00:00	1.24052	1.24290	1.24031	1.24231	5609	0	33
2017.09.05	14:00:00	1.24231	1.24478	1.24226	1.24373	5256	0	34
2017.09.05	15:00:00	1.24375	1.24400	1.24168	1.24395	7810	0	33
2017.09.05	16:00:00	1.24394	1.24596	1.24376	1.24546	7668	0	33
2017.09.05	17:00:00	1.24547	1.24589	1.24306	1.24561	12471	0	33
2017.09.05	18:00:00	1.24560	1.24696	1.24399	1.24597	8423	0	33
2017.09.05	19:00:00	1.24598	1.24614	1.24328	1.24361	6912	0	33
2017.09.05	20:00:00	1.24360	1.24458	1.24209	1.24454	5785	0	33
2017.09.05	21:00:00	1.24453	1.24560	1.24394	1.24443	5361	0	33
2017.09.05	22:00:00	1.24447	1.24460	1.24292	1.24325	4874	0	33
2017.09.05	23:00:00	1.24324	1.24464	1.24313	1.24438	2072	0	39
2017.09.06	00:00:00	1.24384	1.24979	1.24218	1.24478	77270	0	50
2017.09.06	01:00:00	1.24474	1.24504	1.24347	1.24369	2910	0	45
2017.09.06	02:00:00	1.24372	1.24407	1.24321	1.24349	2159	0	44
2017.09.06	03:00:00	1.24348	1.24471	1.24320	1.24353	3931	0	41
2017.09.06	04:00:00	1.24353	1.24537	1.24319	1.24517	4289	0	38
2017.09.06	05:00:00	1.24517	1.24546	1.24371	1.24462	2850	0	40
2017.09.06	06:00:00	1.24463	1.24463	1.24366	1.24437	2036	0	44
2017.09.06	07:00:00	1.24435	1.24454	1.24334	1.24418	2116	0	41
2017.09.06	08:00:00	1.24418	1.24519	1.24390	1.24415	2491	0	38
2017.09.06	09:00:00	1.24414	1.24512	1.24303	1.24330	4482	0	33
2017.09.06	10:00:00	1.24324	1.24496	1.24276	1.24440	5724	0	33
2017.09.06	11:00:00	1.24443	1.24477	1.24322	1.24359	5931	0	33
2017.09.06	12:00:00	1.24362	1.24414	1.24206	1.24385	6633	0	34
2017.09.06	13:00:00	1.24386	1.24626	1.24266	1.24598	5838	0	34
2017.09.06	14:00:00	1.24597	1.24728	1.24584	1.24661	4798	0	33
2017.09.06	15:00:00	1.24661	1.24734	1.24583	1.24690	6916	0	33
2017.09.06	16:00:00	1.24689	1.24841	1.24629	1.24736	6887	0	33
2017.09.06	17:00:00	1.24736	1.24909	1.24521	1.24575	13886	0	33
2017.09.06	18:00:00	1.24572	1.24768	1.24572	1.24649	8430	0	33
2017.09.06	19:00:00	1.24650	1.24814	1.24563	1.24782	8285	0	33
2017.09.06	20:00:00	1.24783	1.24969	1.24717	1.24851	6713	0	33
2017.09.06	21:00:00	1.24854	1.24926	1.24770	1.24780	5590	0	33
2017.09.06	22:00:00	1.24780	1.24834	1.24718	1.24821	4017	0	37
2017.09.06	23:00:00	1.24819	1.24823	1.24742	1.24819	1357	0	37
2017.09.07	00:00:00	1.24683	1.25141	1.24236	1.24651	82791	0	47
2017.09.07	01:00:00	1.24658	1.24751	1.24626	1.24680	1805	0	49
2017.09.07	02:00:00	1.24680	1.25128	1.24544	1.24661	2633	0	33
2017.09.07	03:00:00	1.24659	1.24753	1.24617	1.24683	3527	0	39
2017.09.07	04:00:00	1.24675	1.24791	1.24672	1.24708	3015	0	45
2017.09.07	05:00:00	1.24708	1.24781	1.24637	1.24754	3004	0	33
2017.09.07	06:00:00	1.24753	1.24764	1.24696	1.24728	1846	0	43
2017.09.07	07:00:00	1.24726	1.24845	1.24724	1.24758	1357	0	44
2017.09.07	08:00:00	1.24759	1.24809	1.24669	1.24727	2010	0	37
2017.09.07	09:00:00	1.24727	1.24763	1.24609	1.24648	4413	0	33
2017.09.07	10:00:00	1.24649	1.24655	1.24439	1.24519	6980	0	33
2017.09.07	11:00:00	1.24518	1.24630	1.24321	1.24543	6319	0	33
2017.09.07	12:00:00	1.24542	1.24542	1.24272	1.24487	5335	0	36
2017.09.07	13:00:00	1.24488	1.24705	1.24465	1.24631	5171	0	33
2017.09.07	14:00:00	1.24630	1.24790	1.24577	1.24773	6593	0	33
2017.09.07	15:00:00	1.24768	1.24957	1.24610	1.24721	16703	0	33
2017.09.07	16:00:00	1.24719	1.24812	1.24562	1.24571	15360	0	33
2017.09.07	17:00:00	1.24571	1.24877	1.24532	1.24833	10061	0	33
2017.09.07	18:00:00	1.24834	1.24907	1.24316	1.24360	10353	0	33
2017.09.07	19:00:00	1.24359	1.24511	1.24227	1.24491	7548	0	33
2017.09.07	20:00:00	1.24490	1.24578	1.24379	1.24489	5575	0	33
2017.09.07	21:00:00	1.24490	1.24642	1.24465	1.24624	5479	0	36
2017.09.07	22:00:00	1.24627	1.24637	1.24520	1.24586	5775	0	39
2017.09.07	23:00:00	1.24587	1.24629	1.24501	1.24507	2060	0	34
2017.09.08	00:00:00	1.24361	1.25146	1.23866	1.24468	84607	0	45
2017.09.08	01:00:00	1.24467	1.24500	1.24364	1.24451	1147	0	52
2017.09.08	02:00:00	1.24446	1.24446	1.24339	1.24417	2244	0	49
2017.09.08	03:00:00	1.24418	1.24446	1.24228	1.24277	4152	0	33
2017.09.08	04:00:00	1.24278	1.24376	1.24194	1.24334	3071	0	35
2017.09.08	05:00:00	1.24333	1.24337	1.23926	1.24082	7064	0	33
2017.09.08	06:00:00	1.24085	1.24206	1.24038	1.24160	5247	0	33
2017.09.08	07:00:00	1.24161	1.24214	1.24137	1.24146	3350	0	44
2017.09.08	08:00:00	1.24147	1.24160	1.23855	1.24063	8551	0	33
2017.09.08	09:00:00	1.24061	1.24183	1.23994	1.24049	10218	0	37
2017.09.08	10:00:00	1.24048	1.24442	1.24038	1.24405	9468	0	33
2017.09.08	11:00:00	1.24405	1.24622	1.24364	1.24469	8847	0	33
2017.09.08	12:00:00	1.24470	1.24744	1.24470	1.24551	7080	0	33
2017.09.08	13:00:00	1.24549	1.24754	1.24493	1.24702	7507	0	33
2017.09.08	14:00:00	1.24703	1.25027	1.24672	1.24951	7197	0	33
2017.09.08	15:00:00	1.24953	1.25084	1.24732	1.24865	9286	0	33
2017.09.08	16:00:00	1.24862	1.25075	1.24802	1.25033	8605	0	33
2017.09.08	17:00:00	1.25035	1.25143	1.24887	1.24952	11423	0	33
2017.09.08	18:00:00	1.24954	1.25026	1.24773	1.24916	7644	0	33
2017.09.08	19:00:00	1.24915	1.24989	1.24803	1.24817	5241	0	33
2017.09.08	20:00:00	1.24815	1.24891	1.24783	1.24856	3701	0	33
2017.09.08	21:00:00	1.24856	1.24894	1.24718	1.24737	3940	0	34
2017.09.08	22:00:00	1.24733	1.24831	1.24711	1.24735	3755	0	33
2017.09.08	23:00:00	1.24734	1.24772	1.24550	1.24560	2254	0	40
2017.09.11	00:00:00	1.24755	1.25964	1.24717	1.24857	67229	0	68
2017.09.11	01:00:00	1.24859	1.24976	1.24795	1.24925	2929	0	46
2017.09.11	02:00:00	1.24926	1.25042	1.24915	1.25033	3627	0	46
2017.09.11	03:00:00	1.25035	1.25143	1.24946	1.25135	4372	0	41
2017.09.11	04:00:00	1.25134	1.25231	1.25015	1.25126	4520	0	34
2017.09.11	05:00:00	1.25130	1.25188	1.25062	1.25071	3087	0	38
2017.09.11	06:00:00	1.25071	1.25115	1.25059	1.25077	2372	0	43
2017.09.11	07:00:00	1.25078	1.25135	1.25065	1.25109	2281	0	43
2017.09.11	08:00:00	1.25110	1.25127	1.25048	1.25094	3030	0	34
2017.09.11	09:00:00	1.25094	1.25395	1.25094	1.25337	7097	0	33
2017.09.11	10:00:00	1.25331	1.25401	1.25153	1.25166	9208	0	33
2017.09.11	11:00:00	1.25171	1.25288	1.25118	1.25143	6789	0	33
2017.09.11	12:00:00	1.25144	1.25247	1.25079	1.25216	6108	0	33
2017.09.11	13:00:00	1.25215	1.25477	1.25215	1.25444	5262	0	33
2017.09.11	14:00:00	1.25443	1.25641	1.25403	1.25463	6076	0	33
2017.09.11	15:00:00	1.25463	1.25758	1.25458	1.25702	7607	0	33
2017.09.11	16:00:00	1.25701	1.25757	1.25608	1.25629	7594	0	33
2017.09.11	17:00:00	1.25630	1.25704	1.25467	1.25486	7503	0	33
2017.09.11	18:00:00	1.25491	1.25579	1.25407	1.25576	7187	0	35
2017.09.11	19:00:00	1.25574	1.25675	1.25540	1.25566	4446	0	33
2017.09.11	20:00:00	1.25565	1.25666	1.25562	1.25647	5032	0	34
2017.09.11	21:00:00	1.25648	1.25714	1.25557	1.25710	3717	0	38
2017.09.11	22:00:00	1.25708	1.25940	1.25704	1.25919	4252	0	33
2017.09.11	23:00:00	1.25926	1.25937	1.25926	1.25936	51	0	29
2017.09.12	00:00:00	1.25753	1.27763	1.25562	1.25859	79092	0	56
2017.09.12	01:00:00	1.25856	1.25898	1.25826	1.25872	1929	0	49
2017.09.12	02:00:00	1.25866	1.25989	1.25857	1.25919	1926	0	33
2017.09.12	03:00:00	1.25919	1.25988	1.25863	1.25957	4202	0	42
2017.09.12	04:00:00	1.25958	1.25978	1.25880	1.25953	3724	0	33
2017.09.12	05:00:00	1.25951	1.25999	1.25914	1.25956	1206	0	38
2017.09.12	06:00:00	1.25966	1.26057	1.25939	1.26046	1161	0	27
2017.09.12	07:00:00	1.26046	1.26068	1.26006	1.26021	1940	800900000	23
2017.09.12	08:00:00	1.26021	1.26090	1.25991	1.25994	4901	0	24
2017.09.12	09:00:00	1.25995	1.26121	1.25922	1.25955	8687	0	20
2017.09.12	10:00:00	1.25952	1.26176	1.25952	1.26112	7870	0	21
2017.09.12	11:00:00	1.26113	1.26958	1.26100	1.26944	11064	0	8
2017.09.12	12:00:00	1.26945	1.27072	1.26772	1.26949	7389	0	6
2017.09.12	13:00:00	1.26946	1.27513	1.26922	1.27393	3447	0	0
2017.09.12	14:00:00	1.27393	1.27440	1.27169	1.27291	2478	0	2
2017.09.12	15:00:00	1.27284	1.27459	1.27249	1.27391	3696	0	0
2017.09.12	16:00:00	1.27387	1.27431	1.27244	1.27328	4464	0	1
2017.09.12	17:00:00	1.27325	1.27361	1.26858	1.27271	6096	0	0
2017.09.12	18:00:00	1.27273	1.27432	1.27088	1.27425	4121	0	1
2017.09.12	19:00:00	1.27425	1.27655	1.27347	1.27404	4008	0	0
2017.09.12	20:00:00	1.27404	1.27622	1.27351	1.27593	2853	0	0
2017.09.12	21:00:00	1.27589	1.27711	1.27533	1.27706	2406	0	2
2017.09.12	22:00:00	1.27705	1.27766	1.27577	1.27587	1827	0	7
2017.09.12	23:00:00	1.27584	1.27615	1.27457	1.27508	728	0	10
2017.09.13	00:00:00	1.27361	1.27925	1.27162	1.27560	75340	0	78
2017.09.13	01:00:00	1.27560	1.27655	1.27544	1.27637	362	0	21
2017.09.13	02:00:00	1.27633	1.27635	1.27515	1.27575	437	0	15
2017.09.13	03:00:00	1.27575	1.27639	1.27545	1.27586	831	0	15
2017.09.13	04:00:00	1.27589	1.27669	1.27491	1.27539	817	0	18
2017.09.13	05:00:00	1.27535	1.27695	1.27507	1.27641	1148	0	12
2017.09.13	06:00:00	1.27641	1.27751	1.27572	1.27670	1161	0	12
2017.09.13	07:00:00	1.27670	1.27696	1.27598	1.27681	520	0	14
2017.09.13	08:00:00	1.27687	1.27718	1.27613	1.27613	508	0	14
2017.09.13	09:00:00	1.27620	1.27877	1.27567	1.27818	2550	0	3
2017.09.13	10:00:00	1.27820	1.27929	1.27642	1.27705	3181	0	5
2017.09.13	11:00:00	1.27705	1.27772	1.27334	1.27408	3634	0	3
2017.09.13	12:00:00	1.27410	1.27486	1.27273	1.27304	2225	0	4
2017.09.13	13:00:00	1.27307	1.27326	1.27164	1.27225	1780	0	0
2017.09.13	14:00:00	1.27222	1.27458	1.27222	1.27436	1521	0	2
2017.09.13	15:00:00	1.27432	1.27461	1.27268	1.27341	2930	0	0
2017.09.13	16:00:00	1.27341	1.27407	1.27264	1.27319	4477	0	0
2017.09.13	17:00:00	1.27319	1.27651	1.27295	1.27468	5536	0	1
2017.09.13	18:00:00	1.27467	1.27633	1.27356	1.27412	4777	0	0
2017.09.13	19:00:00	1.27409	1.27591	1.27367	1.27458	3032	0	0
2017.09.13	20:00:00	1.27457	1.27499	1.27221	1.27397	4272	0	1
2017.09.13	21:00:00	1.27396	1.27478	1.27343	1.27469	1444	0	3
2017.09.13	22:00:00	1.27473	1.27480	1.27274	1.27358	1397	0	0
2017.09.13	23:00:00	1.27363	1.27388	1.27270	1.27271	521	0	10
2017.09.14	00:00:00	1.27266	1.29457	1.27129	1.27288	92209	0	82
2017.09.14	01:00:00	1.27287	1.27373	1.27221	1.27234	371	0	21
2017.09.14	02:00:00	1.27236	1.27343	1.27236	1.27255	385	0	12
2017.09.14	03:00:00	1.27255	1.27438	1.27250	1.27348	969	0	7
2017.09.14	04:00:00	1.27348	1.27454	1.27340	1.27395	838	0	12
2017.09.14	05:00:00	1.27401	1.27433	1.27276	1.27353	528	0	14
2017.09.14	06:00:00	1.27348	1.27353	1.27236	1.27320	418	0	16
2017.09.14	07:00:00	1.27320	1.27340	1.27271	1.27310	313	0	13
2017.09.14	08:00:00	1.27310	1.27447	1.27285	1.27345	656	0	11
2017.09.14	09:00:00	1.27345	1.27575	1.27303	1.27461	3035	0	5
2017.09.14	10:00:00	1.27465	1.27694	1.27129	1.27539	3480	0	0
2017.09.14	11:00:00	1.27539	1.27973	1.27461	1.27665	2780	0	0
2017.09.14	12:00:00	1.27669	1.27745	1.27410	1.27650	2090	0	1
2017.09.14	13:00:00	1.27651	1.27782	1.27484	1.27629	1996	0	2
2017.09.14	14:00:00	1.27618	1.29001	1.27143	1.28974	6075	0	0
2017.09.14	15:00:00	1.28971	1.29333	1.28689	1.29109	10151	0	0
2017.09.14	16:00:00	1.29113	1.29210	1.28934	1.29042	8734	0	3
2017.09.14	17:00:00	1.29042	1.29227	1.28915	1.29061	5346	0	1
2017.09.14	18:00:00	1.29067	1.29451	1.28944	1.29421	5631	0	1
2017.09.14	19:00:00	1.29418	1.29457	1.29272	1.29281	2791	0	2
2017.09.14	20:00:00	1.29281	1.29349	1.29115	1.29198	3756	0	5
2017.09.14	21:00:00	1.29192	1.29246	1.29084	1.29129	3158	0	5
2017.09.14	22:00:00	1.29129	1.29201	1.29101	1.29200	2585	0	13
2017.09.14	23:00:00	1.29200	1.29217	1.28962	1.28962	1434	0	8
2017.09.15	00:00:00	1.28866	1.30764	1.28691	1.28996	85710	0	139
2017.09.15	01:00:00	1.29037	1.29060	1.28664	1.28845	1699	0	42
2017.09.15	02:00:00	1.28839	1.28940	1.28757	1.28794	611	0	16
2017.09.15	03:00:00	1.28790	1.28974	1.28765	1.28946	860	0	14
2017.09.15	04:00:00	1.28942	1.29041	1.28931	1.29041	595	0	15
2017.09.15	05:00:00	1.29047	1.29073	1.28891	1.28997	544	0	15
2017.09.15	06:00:00	1.28997	1.29167	1.28955	1.29069	972	0	12
2017.09.15	07:00:00	1.29072	1.29109	1.29042	1.29104	402	0	15
2017.09.15	08:00:00	1.29100	1.29280	1.29095	1.29191	526	0	12
2017.09.15	09:00:00	1.29195	1.29599	1.29161	1.29468	2980	0	4
2017.09.15	10:00:00	1.29471	1.29485	1.29167	1.29244	3315	0	0
2017.09.15	11:00:00	1.29240	1.29996	1.29146	1.29975	4409	0	1
2017.09.15	12:00:00	1.29967	1.30664	1.29911	1.30548	6154	0	3
2017.09.15	13:00:00	1.30547	1.30767	1.30324	1.30423	3202	0	4
2017.09.15	14:00:00	1.30426	1.30559	1.30165	1.30376	2725	0	1
2017.09.15	15:00:00	1.30372	1.30469	1.30048	1.30110	5020	0	0
2017.09.15	16:00:00	1.30113	1.30250	1.29835	1.30181	4192	0	1
2017.09.15	17:00:00	1.30183	1.30579	1.30169	1.30515	4879	0	0
2017.09.15	18:00:00	1.30518	1.30682	1.30234	1.30261	3607	0	2
2017.09.15	19:00:00	1.30261	1.30391	1.30166	1.30259	2724	0	0
2017.09.15	20:00:00	1.30260	1.30426	1.30243	1.30293	1730	0	1
2017.09.15	21:00:00	1.30290	1.30321	1.30144	1.30167	1369	0	7
2017.09.15	22:00:00	1.30170	1.30384	1.30121	1.30373	1126	0	8
2017.09.15	23:00:00	1.30367	1.30486	1.30304	1.30367	1011	0	21
2017.09.18	00:00:00	1.30174	1.30748	1.29582	1.30506	89376	0	128
2017.09.18	01:00:00	1.30531	1.30531	1.30334	1.30373	672	0	43
2017.09.18	02:00:00	1.30379	1.30471	1.30328	1.30433	540	0	12
2017.09.18	03:00:00	1.30429	1.30503	1.30348	1.30452	719	0	13
2017.09.18	04:00:00	1.30456	1.30601	1.30399	1.30437	821	0	13
2017.09.18	05:00:00	1.30441	1.30604	1.30408	1.30564	963	0	14
2017.09.18	06:00:00	1.30561	1.30641	1.30473	1.30481	468	0	16
2017.09.18	07:00:00	1.30478	1.30646	1.30475	1.30592	731	0	15
2017.09.18	08:00:00	1.30593	1.30600	1.30423	1.30451	626	0	14
2017.09.18	09:00:00	1.30454	1.30752	1.30454	1.30595	2020	0	8
2017.09.18	10:00:00	1.30595	1.30603	1.30048	1.30133	3245	0	4
2017.09.18	11:00:00	1.30137	1.30239	1.30018	1.30187	1997	0	5
2017.09.18	12:00:00	1.30181	1.30257	1.29769	1.29947	2703	0	0
2017.09.18	13:00:00	1.29947	1.30158	1.29739	1.29843	2652	0	0
2017.09.18	14:00:00	1.29843	1.30017	1.29706	1.29987	2709	0	1
2017.09.18	15:00:00	1.29985	1.30040	1.29805	1.30024	2674	0	0
2017.09.18	16:00:00	1.30024	1.30209	1.29984	1.30131	3817	0	2
2017.09.18	17:00:00	1.30130	1.30202	1.29980	1.30152	3788	0	0
2017.09.18	18:00:00	1.30154	1.30172	1.29645	1.29847	6134	0	0
2017.09.18	19:00:00	1.29847	1.29905	1.29732	1.29810	3070	0	1
2017.09.18	20:00:00	1.29810	1.29888	1.29732	1.29818	1362	0	7
2017.09.18	21:00:00	1.29822	1.29850	1.29648	1.29668	2752	0	6
2017.09.18	22:00:00	1.29665	1.29807	1.29578	1.29761	1767	0	5
2017.09.18	23:00:00	1.29769	1.29857	1.29694	1.29694	633	0	9
2017.09.19	00:00:00	1.29657	1.30415	1.29485	1.29732	76556	0	80
2017.09.19	01:00:00	1.29741	1.29961	1.29741	1.29931	660	0	41
2017.09.19	02:00:00	1.29936	1.29999	1.29917	1.29936	543	0	14
2017.09.19	03:00:00	1.29940	1.30021	1.29914	1.29919	781	0	0
2017.09.19	04:00:00	1.29924	1.29926	1.29849	1.29889	783	0	14
2017.09.19	05:00:00	1.29892	1.29921	1.29853	1.29863	365	0	19
2017.09.19	06:00:00	1.29863	1.29885	1.29834	1.29876	371	0	18
2017.09.19	07:00:00	1.29871	1.30086	1.29863	1.30037	691	0	12
2017.09.19	08:00:00	1.30041	1.30215	1.30038	1.30085	1128	0	11
2017.09.19	09:00:00	1.30088	1.30143	1.29744	1.29920	2698	0	1
2017.09.19	10:00:00	1.29927	1.30090	1.29866	1.29869	3091	0	2
2017.09.19	11:00:00	1.29872	1.29897	1.29498	1.29570	4177	0	2
2017.09.19	12:00:00	1.29564	1.30175	1.29511	1.30077	3566	0	2
2017.09.19	13:00:00	1.30078	1.30090	1.29894	1.29967	2777	0	3
2017.09.19	14:00:00	1.29969	1.30136	1.29840	1.29946	4045	0	0
2017.09.19	15:00:00	1.29948	1.30419	1.29895	1.30249	4606	0	0
2017.09.19	16:00:00	1.30249	1.30308	1.29865	1.29917	3941	0	2
2017.09.19	17:00:00	1.29914	1.30210	1.29879	1.30197	4942	0	2
2017.09.19	18:00:00	1.30200	1.30315	1.30091	1.30134	3621	0	2
2017.09.19	19:00:00	1.30136	1.30211	1.29925	1.30009	3097	0	1
2017.09.19	20:00:00	1.30003	1.30039	1.29874	1.29916	2032	0	5
2017.09.19	21:00:00	1.29911	1.30197	1.29906	1.30189	2234	0	2
2017.09.19	22:00:00	1.30183	1.30230	1.30125	1.30203	1196	0	7
2017.09.19	23:00:00	1.30201	1.30231	1.29913	1.29938	949	0	4
2017.09.20	00:00:00	1.29844	1.31108	1.29734	1.29947	85762	0	33
2017.09.20	01:00:00	1.29962	1.30037	1.29962	1.29996	307	0	43
2017.09.20	02:00:00	1.29996	1.30085	1.29990	1.30072	467	0	17
2017.09.20	03:00:00	1.30076	1.30225	1.30035	1.30048	905	0	11
2017.09.20	04:00:00	1.30045	1.30120	1.29921	1.29984	1208	0	15
2017.09.20	05:00:00	1.29989	1.30024	1.29880	1.30016	729	0	18
2017.09.20	06:00:00	1.30021	1.30021	1.29910	1.29935	669	0	15
2017.09.20	07:00:00	1.29931	1.29967	1.29880	1.29887	468	0	17
2017.09.20	08:00:00	1.29890	1.29973	1.29836	1.29923	724	0	15
2017.09.20	09:00:00	1.29919	1.30180	1.29839	1.29958	2296	0	3
2017.09.20	10:00:00	1.29961	1.30111	1.29822	1.29874	2757	0	1
2017.09.20	11:00:00	1.29870	1.30569	1.29739	1.30258	4328	0	1
2017.09.20	12:00:00	1.30255	1.30362	1.29753	1.30153	3582	0	3
2017.09.20	13:00:00	1.30147	1.30165	1.29890	1.30060	2338	0	2
2017.09.20	14:00:00	1.30058	1.30168	1.29995	1.30036	1937	0	4
2017.09.20	15:00:00	1.30037	1.30137	1.29952	1.30073	2205	0	2
2017.09.20	16:00:00	1.30073	1.30396	1.30027	1.30337	2414	0	2
2017.09.20	17:00:00	1.30332	1.30694	1.30332	1.30466	3899	0	0
2017.09.20	18:00:00	1.30462	1.30522	1.30362	1.30446	3133	0	4
2017.09.20	19:00:00	1.30450	1.30672	1.30311	1.30548	2100	0	0
2017.09.20	20:00:00	1.30552	1.30704	1.30437	1.30454	1910	0	3
2017.09.20	21:00:00	1.30437	1.31090	1.30380	1.30785	12354	0	7
2017.09.20	22:00:00	1.30781	1.30862	1.30631	1.30777	4722	0	7
2017.09.20	23:00:00	1.30780	1.30865	1.30671	1.30816	1379	0	11
2017.09.21	00:00:00	1.30795	1.31963	1.30698	1.30810	73409	0	73
2017.09.21	01:00:00	1.30856	1.31032	1.30818	1.30955	731	0	36
2017.09.21	02:00:00	1.30954	1.31091	1.30954	1.31021	968	0	15
2017.09.21	03:00:00	1.31025	1.31066	1.30945	1.30955	936	0	17
2017.09.21	04:00:00	1.30950	1.31014	1.30874	1.30961	1035	0	17
2017.09.21	05:00:00	1.30966	1.31011	1.30914	1.31003	677	0	16
2017.09.21	06:00:00	1.31003	1.31075	1.30958	1.31038	648	0	17
2017.09.21	07:00:00	1.31041	1.31090	1.31004	1.31017	364	0	13
2017.09.21	08:00:00	1.31021	1.31080	1.30999	1.31064	810	0	12
2017.09.21	09:00:00	1.31058	1.31510	1.31029	1.31455	2820	0	3
2017.09.21	10:00:00	1.31461	1.31581	1.31180	1.31292	3777	0	0
2017.09.21	11:00:00	1.31289	1.31344	1.30970	1.31038	2912	0	4
2017.09.21	12:00:00	1.31034	1.31341	1.30996	1.31193	2149	0	0
2017.09.21	13:00:00	1.31201	1.31292	1.31126	1.31175	2011	0	1
2017.09.21	14:00:00	1.31174	1.31375	1.31155	1.31307	2610	0	2
2017.09.21	15:00:00	1.31300	1.31365	1.31111	1.31123	4064	0	0
2017.09.21	16:00:00	1.31127	1.31405	1.31108	1.31274	4215	0	1
2017.09.21	17:00:00	1.31272	1.31815	1.31223	1.31797	4401	0	9
2017.09.21	18:00:00	1.31792	1.31845	1.31416	1.31570	5429	0	7
2017.09.21	19:00:00	1.31573	1.31847	1.31466	1.31807	2622	0	8
2017.09.21	20:00:00	1.31806	1.31963	1.31775	1.31876	1875	0	11
2017.09.21	21:00:00	1.31885	1.31941	1.31851	1.31910	1562	0	9
2017.09.21	22:00:00	1.31909	1.31923	1.31852	1.31854	1540	0	11
2017.09.21	23:00:00	1.31850	1.31924	1.31727	1.31727	886	0	18
2017.09.22	00:00:00	1.31730	1.31817	1.30411	1.31769	74500	0	66
2017.09.22	01:00:00	1.31769	1.31814	1.31716	1.31733	434	0	45
2017.09.22	02:00:00	1.31738	1.31775	1.31694	1.31742	414	0	30
2017.09.22	03:00:00	1.31744	1.31768	1.31484	1.31550	1446	0	26
2017.09.22	04:00:00	1.31550	1.31618	1.31400	1.31563	2413	0	24
2017.09.22	05:00:00	1.31563	1.31597	1.31292	1.31329	2254	0	23
2017.09.22	06:00:00	1.31332	1.31407	1.31324	1.31376	1383	0	24
2017.09.22	07:00:00	1.31380	1.31443	1.31360	1.31385	1115	0	26
2017.09.22	08:00:00	1.31387	1.31541	1.31356	1.31518	2318	0	19
2017.09.22	09:00:00	1.31518	1.31716	1.31332	1.31396	3522	0	14
2017.09.22	10:00:00	1.31404	1.31671	1.31400	1.31562	4383	0	10
2017.09.22	11:00:00	1.31560	1.31613	1.31280	1.31410	3016	0	13
2017.09.22	12:00:00	1.31412	1.31482	1.31210	1.31357	2537	0	13
2017.09.22	13:00:00	1.31362	1.31472	1.31228	1.31424	2630	0	8
2017.09.22	14:00:00	1.31420	1.31585	1.31336	1.31394	2452	0	9
2017.09.22	15:00:00	1.31392	1.31664	1.31369	1.31630	2616	0	9
2017.09.22	16:00:00	1.31628	1.31664	1.30717	1.30832	9501	0	7
2017.09.22	17:00:00	1.30837	1.31368	1.30676	1.31060	7508	0	9
2017.09.22	18:00:00	1.31061	1.31160	1.30799	1.31155	3607	0	8
2017.09.22	19:00:00	1.31158	1.31213	1.31114	1.31203	1851	0	3
2017.09.22	20:00:00	1.31202	1.31235	1.31018	1.31132	1127	0	12
2017.09.22	21:00:00	1.31129	1.31262	1.31090	1.31229	2041	0	13
2017.09.22	22:00:00	1.31229	1.31285	1.31179	1.31212	1718	0	17
2017.09.22	23:00:00	1.31201	1.31270	1.30405	1.30793	2309	0	21
2017.09.25	00:00:00	1.30901	1.31731	1.29527	1.30842	73467	0	133
2017.09.25	01:00:00	1.30791	1.31154	1.30791	1.31054	1238	0	48
2017.09.25	02:00:00	1.31058	1.31140	1.30989	1.31093	970	0	41
2017.09.25	03:00:00	1.31098	1.31402	1.31098	1.31363	1333	0	21
2017.09.25	04:00:00	1.31366	1.31387	1.31289	1.31342	1418	0	26
2017.09.25	05:00:00	1.31333	1.31338	1.31217	1.31234	1138	0	25
2017.09.25	06:00:00	1.31234	1.31335	1.31219	1.31222	1081	0	22
2017.09.25	07:00:00	1.31224	1.31401	1.31200	1.31401	737	0	24
2017.09.25	08:00:00	1.31397	1.31460	1.31355	1.31450	889	0	22
2017.09.25	09:00:00	1.31447	1.31671	1.31443	1.31538	2907	0	9
2017.09.25	10:00:00	1.31542	1.31693	1.31220	1.31220	2822	0	10
2017.09.25	11:00:00	1.31220	1.31608	1.31207	1.31585	2055	0	12
2017.09.25	12:00:00	1.31579	1.31677	1.31476	1.31652	2681	0	9
2017.09.25	13:00:00	1.31648	1.31648	1.31267	1.31270	2444	0	8
2017.09.25	14:00:00	1.31272	1.31474	1.31233	1.31403	2195	0	5
2017.09.25	15:00:00	1.31404	1.31735	1.31325	1.31649	3056	0	6
2017.09.25	16:00:00	1.31653	1.31682	1.31364	1.31424	3135	0	9
2017.09.25	17:00:00	1.31428	1.31462	1.30654	1.30728	4619	0	9
2017.09.25	18:00:00	1.30729	1.30939	1.30158	1.30246	5797	0	1
2017.09.25	19:00:00	1.30240	1.30299	1.29524	1.30022	4958	0	13
2017.09.25	20:00:00	1.30020	1.30334	1.29980	1.30219	1392	0	12
2017.09.25	21:00:00	1.30221	1.30316	1.30180	1.30187	1074	0	13
2017.09.25	22:00:00	1.30188	1.30379	1.30185	1.30223	1531	0	13
2017.09.25	23:00:00	1.30222	1.30254	1.30042	1.30042	734	0	16
2017.09.26	00:00:00	1.29976	1.31080	1.29851	1.30161	74611	0	76
2017.09.26	01:00:00	1.30206	1.30245	1.30072	1.30235	536	0	40
2017.09.26	02:00:00	1.30230	1.30265	1.30198	1.30205	573	0	22
2017.09.26	03:00:00	1.30202	1.30258	1.30081	1.30132	1488	0	27
2017.09.26	04:00:00	1.30129	1.30188	1.30110	1.30162	797	0	22
2017.09.26	05:00:00	1.30164	1.30274	1.30155	1.30248	1081	0	28
2017.09.26	06:00:00	1.30248	1.30300	1.30219	1.30222	890	0	27
2017.09.26	07:00:00	1.30222	1.30333	1.30209	1.30317	837	0	27
2017.09.26	08:00:00	1.30321	1.30469	1.30259	1.30444	1812	0	19
2017.09.26	09:00:00	1.30442	1.30824	1.30437	1.30803	2660	0	6
2017.09.26	10:00:00	1.30807	1.31076	1.30655	1.30795	4256	0	8
2017.09.26	11:00:00	1.30799	1.30844	1.30665	1.30789	2317	0	6
2017.09.26	12:00:00	1.30785	1.30834	1.30660	1.30758	2375	0	7
2017.09.26	13:00:00	1.30754	1.30780	1.30503	1.30534	3587	0	5
2017.09.26	14:00:00	1.30532	1.30561	1.30345	1.30372	3045	0	8
2017.09.26	15:00:00	1.30372	1.30702	1.30308	1.30662	2911	0	4
2017.09.26	16:00:00	1.30659	1.30730	1.30461	1.30479	2968	0	8
2017.09.26	17:00:00	1.30475	1.30600	1.30175	1.30200	3924	0	7
2017.09.26	18:00:00	1.30201	1.30367	1.30113	1.30252	3332	0	7
2017.09.26	19:00:00	1.30255	1.30546	1.30211	1.30402	4319	0	10
2017.09.26	20:00:00	1.30415	1.30461	1.30321	1.30343	2840	0	12
2017.09.26	21:00:00	1.30337	1.30446	1.30296	1.30366	2073	0	14
2017.09.26	22:00:00	1.30367	1.30376	1.30214	1.30277	1669	0	11
2017.09.26	23:00:00	1.30275	1.30388	1.30242	1.30340	592	0	14
2017.09.27	00:00:00	1.30290	1.30936	1.30033	1.30355	82404	0	77
2017.09.27	01:00:00	1.30347	1.30391	1.30331	1.30340	417	0	39
2017.09.27	02:00:00	1.30343	1.30388	1.30274	1.30283	795	0	25
2017.09.27	03:00:00	1.30290	1.30481	1.30290	1.30377	1234	0	22
2017.09.27	04:00:00	1.30380	1.30475	1.30364	1.30406	1184	0	23
2017.09.27	05:00:00	1.30403	1.30453	1.30383	1.30402	727	0	24
2017.09.27	06:00:00	1.30408	1.30438	1.30346	1.30364	1006	0	21
2017.09.27	07:00:00	1.30366	1.30377	1.30302	1.30338	1175	0	19
2017.09.27	08:00:00	1.30335	1.30382	1.30280	1.30338	1441	0	20
2017.09.27	09:00:00	1.30340	1.30374	1.30027	1.30132	3926	0	11
2017.09.27	10:00:00	1.30134	1.30406	1.30084	1.30337	3391	0	9
2017.09.27	11:00:00	1.30331	1.30618	1.30312	1.30566	3931	0	4
2017.09.27	12:00:00	1.30555	1.30608	1.30410	1.30439	2205	0	9
2017.09.27	13:00:00	1.30443	1.30789	1.30443	1.30764	2656	0	0
2017.09.27	14:00:00	1.30764	1.30940	1.30638	1.30875	3217	0	0
2017.09.27	15:00:00	1.30872	1.30872	1.30614	1.30620	4691	0	0
2017.09.27	16:00:00	1.30622	1.30848	1.30557	1.30587	4497	0	0
2017.09.27	17:00:00	1.30592	1.30775	1.30276	1.30464	6383	0	0
2017.09.27	18:00:00	1.30466	1.30718	1.30439	1.30589	4622	0	2
2017.09.27	19:00:00	1.30585	1.30598	1.30046	1.30303	3889	0	0
2017.09.27	20:00:00	1.30298	1.30340	1.30114	1.30213	2253	0	1
2017.09.27	21:00:00	1.30213	1.30259	1.30078	1.30183	3226	0	4
2017.09.27	22:00:00	1.30179	1.30246	1.30088	1.30197	2908	0	9
2017.09.27	23:00:00	1.30197	1.30203	1.30061	1.30061	729	0	9
2017.09.28	00:00:00	1.30054	1.30809	1.30003	1.30199	71792	0	52
2017.09.28	01:00:00	1.30199	1.30246	1.30187	1.30212	519	0	35
2017.09.28	02:00:00	1.30212	1.30287	1.30194	1.30208	546	0	18
2017.09.28	03:00:00	1.30203	1.30383	1.30156	1.30337	832	0	20
2017.09.28	04:00:00	1.30334	1.30348	1.30253	1.30293	1030	0	15
2017.09.28	05:00:00	1.30291	1.30310	1.30237	1.30255	569	0	16
2017.09.28	06:00:00	1.30256	1.30333	1.30227	1.30294	1074	0	11
2017.09.28	07:00:00	1.30290	1.30330	1.30204	1.30250	990	0	3
2017.09.28	08:00:00	1.30254	1.30449	1.30230	1.30304	1187	0	7
2017.09.28	09:00:00	1.30309	1.30367	1.30193	1.30247	2833	0	1
2017.09.28	10:00:00	1.30249	1.30437	1.30149	1.30386	4578	0	0
2017.09.28	11:00:00	1.30394	1.30419	1.30020	1.30115	3983	0	0
2017.09.28	12:00:00	1.30120	1.30259	1.30056	1.30235	2974	0	0
2017.09.28	13:00:00	1.30232	1.30618	1.30141	1.30565	3030	0	0
2017.09.28	14:00:00	1.30571	1.30635	1.30492	1.30593	2100	0	0
2017.09.28	15:00:00	1.30599	1.30815	1.30581	1.30653	4392	0	2
2017.09.28	16:00:00	1.30655	1.30678	1.30418	1.30482	4063	0	0
2017.09.28	17:00:00	1.30482	1.30697	1.30401	1.30581	5546	0	0
2017.09.28	18:00:00	1.30583	1.30635	1.30412	1.30417	3941	0	1
2017.09.28	19:00:00	1.30420	1.30506	1.30348	1.30381	2280	0	1
2017.09.28	20:00:00	1.30378	1.30512	1.30374	1.30485	1608	0	2
2017.09.28	21:00:00	1.30484	1.30493	1.30408	1.30431	1680	0	5
2017.09.28	22:00:00	1.30434	1.30448	1.30356	1.30432	1204	0	1
2017.09.28	23:00:00	1.30429	1.30500	1.30330	1.30334	584	0	10
2017.09.29	00:00:00	1.30302	1.30404	1.29523	1.30344	76959	0	51
2017.09.29	01:00:00	1.30353	1.30392	1.30329	1.30360	511	0	13
2017.09.29	02:00:00	1.30351	1.30406	1.30299	1.30351	429	0	13
2017.09.29	03:00:00	1.30348	1.30367	1.30266	1.30287	715	0	15
2017.09.29	04:00:00	1.30293	1.30380	1.30274	1.30315	490	0	13
2017.09.29	05:00:00	1.30317	1.30349	1.30271	1.30342	458	0	18
2017.09.29	06:00:00	1.30346	1.30366	1.30266	1.30270	418	0	17
2017.09.29	07:00:00	1.30274	1.30341	1.30253	1.30320	476	0	11
2017.09.29	08:00:00	1.30324	1.30381	1.30234	1.30325	568	0	14
2017.09.29	09:00:00	1.30323	1.30376	1.30076	1.30110	2512	0	5
2017.09.29	10:00:00	1.30115	1.30232	1.29971	1.30080	4207	0	0
2017.09.29	11:00:00	1.30077	1.30120	1.29822	1.29822	2219	0	4
2017.09.29	12:00:00	1.29819	1.29925	1.29672	1.29862	3027	0	0
2017.09.29	13:00:00	1.29860	1.29860	1.29564	1.29671	2440	0	0
2017.09.29	14:00:00	1.29677	1.29856	1.29614	1.29791	2959	0	0
2017.09.29	15:00:00	1.29790	1.30010	1.29732	1.29829	4524	0	1
2017.09.29	16:00:00	1.29829	1.29963	1.29670	1.29814	5568	0	1
2017.09.29	17:00:00	1.29810	1.29869	1.29529	1.29800	7259	0	1
2017.09.29	18:00:00	1.29803	1.30052	1.29757	1.29838	4060	0	0
2017.09.29	19:00:00	1.29834	1.29911	1.29720	1.29819	1767	0	2
2017.09.29	20:00:00	1.29822	1.29863	1.29628	1.29778	1329	0	3
2017.09.29	21:00:00	1.29779	1.29878	1.29716	1.29874	1558	0	5
2017.09.29	22:00:00	1.29871	1.29884	1.29726	1.29726	1702	0	7
2017.09.29	23:00:00	1.29727	1.29810	1.29587	1.29635	1229	0	23
2017.10.02	00:00:00	1.29435	1.29797	1.28468	1.29529	75580	0	136
2017.10.02	01:00:00	1.29548	1.29767	1.29534	1.29717	705	0	25
2017.10.02	02:00:00	1.29725	1.29731	1.29631	1.29673	453	0	15
2017.10.02	03:00:00	1.29677	1.29723	1.29574	1.29624	1169	0	7
2017.10.02	04:00:00	1.29622	1.29756	1.29616	1.29679	1420	0	9
2017.10.02	05:00:00	1.29675	1.29708	1.29599	1.29693	727	0	13
2017.10.02	06:00:00	1.29691	1.29728	1.29658	1.29710	571	0	11
2017.10.02	07:00:00	1.29708	1.29769	1.29696	1.29719	827	0	9
2017.10.02	08:00:00	1.29731	1.29798	1.29638	1.29655	835	0	7
2017.10.02	09:00:00	1.29660	1.29743	1.29580	1.29699	2372	0	3
2017.10.02	10:00:00	1.29702	1.29765	1.29477	1.29524	3772	0	0
2017.10.02	11:00:00	1.29525	1.29549	1.29176	1.29307	3746	0	0
2017.10.02	12:00:00	1.29307	1.29426	1.29092	1.29168	3311	0	4
2017.10.02	13:00:00	1.29168	1.29232	1.29088	1.29155	2392	0	0
2017.10.02	14:00:00	1.29155	1.29258	1.28988	1.29010	3116	0	2
2017.10.02	15:00:00	1.29010	1.29010	1.28599	1.28726	4707	0	1
2017.10.02	16:00:00	1.28727	1.29002	1.28472	1.28872	4493	0	1
2017.10.02	17:00:00	1.28872	1.29250	1.28803	1.29250	6349	0	0
2017.10.02	18:00:00	1.29248	1.29303	1.29145	1.29187	4082	0	0
2017.10.02	19:00:00	1.29187	1.29366	1.29158	1.29358	2095	0	2
2017.10.02	20:00:00	1.29362	1.29503	1.29310	1.29460	1670	0	1
2017.10.02	21:00:00	1.29461	1.29554	1.29358	1.29468	1740	0	3
2017.10.02	22:00:00	1.29470	1.29491	1.29369	1.29434	1308	0	4
2017.10.02	23:00:00	1.29432	1.29494	1.29334	1.29343	604	0	5
2017.10.03	00:00:00	1.29304	1.29828	1.28842	1.29328	68966	0	48
2017.10.03	01:00:00	1.29328	1.29425	1.29308	1.29336	690	0	31
2017.10.03	02:00:00	1.29335	1.29387	1.29287	1.29343	483	0	12
2017.10.03	03:00:00	1.29347	1.29406	1.29253	1.29323	1151	0	10
2017.10.03	04:00:00	1.29316	1.29491	1.29223	1.29479	1892	0	8
2017.10.03	05:00:00	1.29475	1.29607	1.29359	1.29506	986	0	6
2017.10.03	06:00:00	1.29506	1.29571	1.29464	1.29554	1165	0	6
2017.10.03	07:00:00	1.29557	1.29613	1.29527	1.29549	566	0	18
2017.10.03	08:00:00	1.29549	1.29619	1.29444	1.29499	1106	0	5
2017.10.03	09:00:00	1.29499	1.29578	1.29402	1.29532	2635	0	2
2017.10.03	10:00:00	1.29536	1.29832	1.29536	1.29584	4111	0	5
2017.10.03	11:00:00	1.29588	1.29638	1.29323	1.29374	3324	0	0
2017.10.03	12:00:00	1.29372	1.29404	1.29187	1.29228	2795	0	2
2017.10.03	13:00:00	1.29231	1.29281	1.29137	1.29170	3222	0	1
2017.10.03	14:00:00	1.29169	1.29186	1.29050	1.29117	2311	0	3
2017.10.03	15:00:00	1.29117	1.29127	1.28891	1.29019	3888	0	0
2017.10.03	16:00:00	1.29019	1.29168	1.28991	1.29153	3597	0	2
2017.10.03	17:00:00	1.29153	1.29178	1.28944	1.28987	4054	0	0
2017.10.03	18:00:00	1.28988	1.29049	1.28899	1.28979	2602	0	2
2017.10.03	19:00:00	1.28976	1.29011	1.28891	1.28976	2021	0	3
2017.10.03	20:00:00	1.28973	1.29146	1.28949	1.29048	1597	0	1
2017.10.03	21:00:00	1.29046	1.29063	1.28942	1.28956	1247	0	7
2017.10.03	22:00:00	1.28955	1.28985	1.28850	1.28899	1148	0	2
2017.10.03	23:00:00	1.28894	1.28926	1.28842	1.28850	524	0	8
2017.10.04	00:00:00	1.28784	1.29572	1.28755	1.28876	67954	0	31
2017.10.04	01:00:00	1.28886	1.28910	1.28815	1.28848	493	0	33
2017.10.04	02:00:00	1.28843	1.28894	1.28834	1.28864	366	0	16
2017.10.04	03:00:00	1.28859	1.28894	1.28755	1.28882	1195	0	16
2017.10.04	04:00:00	1.28881	1.28929	1.28818	1.28893	644	0	17
2017.10.04	05:00:00	1.28896	1.28999	1.28872	1.28937	533	0	15
2017.10.04	06:00:00	1.28941	1.29018	1.28924	1.28995	476	0	13
2017.10.04	07:00:00	1.28995	1.28995	1.28925	1.28931	400	0	17
2017.10.04	08:00:00	1.28935	1.29094	1.28896	1.29033	1111	0	10
2017.10.04	09:00:00	1.29031	1.29116	1.28994	1.29051	2028	0	0
2017.10.04	10:00:00	1.29053	1.29176	1.28892	1.28924	3485	0	0
2017.10.04	11:00:00	1.28924	1.29291	1.28911	1.29205	3303	0	1
2017.10.04	12:00:00	1.29208	1.29303	1.29082	1.29089	2284	0	2
2017.10.04	13:00:00	1.29090	1.29192	1.29019	1.29147	2813	0	3
2017.10.04	14:00:00	1.29148	1.29189	1.28935	1.28945	2580	0	0
2017.10.04	15:00:00	1.28945	1.29045	1.28917	1.29031	3603	0	2
2017.10.04	16:00:00	1.29029	1.29198	1.29017	1.29121	3786	0	0
2017.10.04	17:00:00	1.29117	1.29421	1.29091	1.29367	6459	0	1
2017.10.04	18:00:00	1.29365	1.29506	1.29340	1.29464	3651	0	2
2017.10.04	19:00:00	1.29465	1.29574	1.29410	1.29430	1893	0	1
2017.10.04	20:00:00	1.29428	1.29446	1.29217	1.29222	1497	0	3
2017.10.04	21:00:00	1.29222	1.29276	1.29110	1.29134	1057	0	1
2017.10.04	22:00:00	1.29136	1.29258	1.29128	1.29215	988	0	6
2017.10.04	23:00:00	1.29212	1.29229	1.29123	1.29162	883	0	6
2017.10.05	00:00:00	1.29141	1.29281	1.28284	1.29088	66127	0	23
2017.10.05	01:00:00	1.29106	1.29134	1.29069	1.29108	410	0	23
2017.10.05	02:00:00	1.29104	1.29161	1.29034	1.29060	449	0	11
2017.10.05	03:00:00	1.29060	1.29128	1.29028	1.29028	639	0	13
2017.10.05	04:00:00	1.29025	1.29122	1.29002	1.29078	690	0	16
2017.10.05	05:00:00	1.29077	1.29092	1.29027	1.29030	357	0	14
2017.10.05	06:00:00	1.29029	1.29165	1.29025	1.29152	327	0	13
2017.10.05	07:00:00	1.29155	1.29173	1.29115	1.29116	348	0	17
2017.10.05	08:00:00	1.29119	1.29187	1.29105	1.29128	571	0	14
2017.10.05	09:00:00	1.29125	1.29142	1.28963	1.28970	2023	0	4
2017.10.05	10:00:00	1.28974	1.28983	1.28488	1.28506	4797	0	3
2017.10.05	11:00:00	1.28503	1.28785	1.28484	1.28632	2686	0	1
2017.10.05	12:00:00	1.28629	1.28847	1.28605	1.28829	2747	0	0
2017.10.05	13:00:00	1.28828	1.28902	1.28633	1.28762	2845	0	1
2017.10.05	14:00:00	1.28764	1.28796	1.28536	1.28626	3001	0	1
2017.10.05	15:00:00	1.28623	1.28714	1.28336	1.28356	5180	0	1
2017.10.05	16:00:00	1.28351	1.28533	1.28319	1.28391	5185	0	1
2017.10.05	17:00:00	1.28376	1.28526	1.28365	1.28499	4243	0	2
2017.10.05	18:00:00	1.28496	1.28597	1.28368	1.28549	3342	0	0
2017.10.05	19:00:00	1.28551	1.28644	1.28480	1.28549	2140	0	1
2017.10.05	20:00:00	1.28549	1.28564	1.28371	1.28392	1333	0	2
2017.10.05	21:00:00	1.28395	1.28446	1.28324	1.28335	1234	0	5
2017.10.05	22:00:00	1.28332	1.28382	1.28301	1.28364	889	0	10
2017.10.05	23:00:00	1.28367	1.28367	1.28288	1.28293	568	0	11
2017.10.06	00:00:00	1.28291	1.28356	1.27448	1.28303	70020	0	37
2017.10.06	01:00:00	1.28303	1.28345	1.28281	1.28308	453	0	33
2017.10.06	02:00:00	1.28303	1.28322	1.28223	1.28273	425	0	13
2017.10.06	03:00:00	1.28276	1.28311	1.28139	1.28210	1129	0	11
2017.10.06	04:00:00	1.28214	1.28254	1.28135	1.28199	817	0	15
2017.10.06	05:00:00	1.28202	1.28294	1.28191	1.28277	756	0	10
2017.10.06	06:00:00	1.28278	1.28293	1.28149	1.28173	887	0	14
2017.10.06	07:00:00	1.28176	1.28214	1.28097	1.28156	1191	0	5
2017.10.06	08:00:00	1.28154	1.28195	1.28052	1.28147	1175	0	3
2017.10.06	09:00:00	1.28154	1.28230	1.27946	1.27981	2115	0	3
2017.10.06	10:00:00	1.27991	1.28185	1.27940	1.28075	2906	0	3
2017.10.06	11:00:00	1.28078	1.28127	1.27968	1.28095	2543	0	3
2017.10.06	12:00:00	1.28098	1.28121	1.27933	1.27945	1854	0	0
2017.10.06	13:00:00	1.27944	1.28056	1.27838	1.27968	2611	0	4
2017.10.06	14:00:00	1.27966	1.28350	1.27934	1.28138	3223	0	0
2017.10.06	15:00:00	1.28137	1.28290	1.27816	1.28236	7046	0	0
2017.10.06	16:00:00	1.28241	1.28353	1.27952	1.27952	5952	0	0
2017.10.06	17:00:00	1.27952	1.28134	1.27631	1.27710	8403	0	0
2017.10.06	18:00:00	1.27710	1.27762	1.27452	1.27716	5152	0	0
2017.10.06	19:00:00	1.27716	1.27788	1.27676	1.27741	1968	0	0
2017.10.06	20:00:00	1.27740	1.27826	1.27682	1.27807	1183	0	4
2017.10.06	21:00:00	1.27807	1.27844	1.27787	1.27829	1063	0	3
2017.10.06	22:00:00	1.27829	1.27843	1.27776	1.27802	825	0	6
2017.10.06	23:00:00	1.27802	1.27835	1.27714	1.27728	531	0	15
2017.10.09	00:00:00	1.28013	1.29035	1.27837	1.27904	43793	0	72
2017.10.09	01:00:00	1.27904	1.27963	1.27828	1.27924	681	0	38
2017.10.09	02:00:00	1.27930	1.27987	1.27896	1.27923	593	0	7
2017.10.09	03:00:00	1.27920	1.27989	1.27899	1.27946	548	0	11
2017.10.09	04:00:00	1.27945	1.27992	1.27908	1.27913	681	0	13
2017.10.09	05:00:00	1.27913	1.27956	1.27893	1.27928	733	0	7
2017.10.09	06:00:00	1.27930	1.28110	1.27927	1.28105	798	0	12
2017.10.09	07:00:00	1.28104	1.28136	1.28076	1.28100	767	0	9
2017.10.09	08:00:00	1.28097	1.28229	1.28069	1.28171	787	0	3
2017.10.09	09:00:00	1.28171	1.28402	1.28137	1.28207	2684	0	2
2017.10.09	10:00:00	1.28205	1.28394	1.28202	1.28288	2914	0	0
2017.10.09	11:00:00	1.28291	1.28385	1.28209	1.28284	2541	0	3
2017.10.09	12:00:00	1.28285	1.28654	1.28235	1.28621	2241	0	0
2017.10.09	13:00:00	1.28623	1.28761	1.28562	1.28702	2156	0	0
2017.10.09	14:00:00	1.28699	1.29038	1.28699	1.28966	2772	0	1
2017.10.09	15:00:00	1.28968	1.29003	1.28872	1.28942	2126	0	1
2017.10.09	16:00:00	1.28948	1.29033	1.28818	1.28875	2314	0	0
2017.10.09	17:00:00	1.28874	1.28916	1.28594	1.28624	3380	0	1
2017.10.09	18:00:00	1.28627	1.28659	1.28516	1.28623	1788	0	2
2017.10.09	19:00:00	1.28621	1.28850	1.28607	1.28780	1700	0	4
2017.10.09	20:00:00	1.28784	1.28967	1.28749	1.28933	1363	0	3
2017.10.09	21:00:00	1.28936	1.28936	1.28806	1.28821	798	0	5
2017.10.09	22:00:00	1.28817	1.28849	1.28622	1.28676	860	0	5
2017.10.09	23:00:00	1.28675	1.28759	1.28651	1.28730	485	0	13
2017.10.10	00:00:00	1.28682	1.29004	1.28513	1.28737	59826	0	24
2017.10.10	01:00:00	1.28738	1.28748	1.28647	1.28689	520	0	20
2017.10.10	02:00:00	1.28689	1.28752	1.28675	1.28743	438	0	18
2017.10.10	03:00:00	1.28749	1.28806	1.28722	1.28770	1136	0	11
2017.10.10	04:00:00	1.28774	1.28808	1.28681	1.28708	1588	0	12
2017.10.10	05:00:00	1.28708	1.28722	1.28659	1.28673	911	0	12
2017.10.10	06:00:00	1.28673	1.28738	1.28663	1.28735	955	0	13
2017.10.10	07:00:00	1.28730	1.28826	1.28715	1.28821	1459	0	13
2017.10.10	08:00:00	1.28821	1.28886	1.28773	1.28846	1372	0	9
2017.10.10	09:00:00	1.28846	1.28891	1.28746	1.28818	2752	0	0
2017.10.10	10:00:00	1.28822	1.28978	1.28756	1.28966	3431	0	2
2017.10.10	11:00:00	1.28963	1.29000	1.28784	1.28816	3847	0	1
2017.10.10	12:00:00	1.28819	1.28992	1.28769	1.28826	3414	0	0
2017.10.10	13:00:00	1.28826	1.28882	1.28696	1.28822	3416	0	1
2017.10.10	14:00:00	1.28822	1.28922	1.28755	1.28849	2927	0	0
2017.10.10	15:00:00	1.28847	1.28897	1.28701	1.28753	3071	0	0
2017.10.10	16:00:00	1.28755	1.28856	1.28631	1.28746	3270	0	1
2017.10.10	17:00:00	1.28742	1.28811	1.28516	1.28811	5023	0	1
2017.10.10	18:00:00	1.28812	1.28846	1.28703	1.28774	3408	0	0
2017.10.10	19:00:00	1.28774	1.28842	1.28709	1.28817	1694	0	1
2017.10.10	20:00:00	1.28810	1.28831	1.28718	1.28804	2698	0	2
2017.10.10	21:00:00	1.28804	1.28832	1.28710	1.28710	1503	0	7
2017.10.10	22:00:00	1.28706	1.28781	1.28702	1.28723	913	0	7
2017.10.10	23:00:00	1.28721	1.28784	1.28721	1.28725	586	0	10
2017.10.11	00:00:00	1.28693	1.28870	1.28120	1.28706	57710	0	59
2017.10.11	01:00:00	1.28706	1.28743	1.28675	1.28713	500	0	30
2017.10.11	02:00:00	1.28713	1.28742	1.28676	1.28733	384	0	17
2017.10.11	03:00:00	1.28736	1.28761	1.28680	1.28755	1747	0	10
2017.10.11	04:00:00	1.28755	1.28794	1.28699	1.28748	1507	0	12
2017.10.11	05:00:00	1.28749	1.28875	1.28728	1.28767	1706	0	8
2017.10.11	06:00:00	1.28768	1.28842	1.28735	1.28808	972	0	9
2017.10.11	07:00:00	1.28810	1.28810	1.28735	1.28753	944	0	12
2017.10.11	08:00:00	1.28751	1.28784	1.28611	1.28640	707	0	9
2017.10.11	09:00:00	1.28644	1.28719	1.28564	1.28590	2127	0	1
2017.10.11	10:00:00	1.28590	1.28705	1.28499	1.28673	3343	0	0
2017.10.11	11:00:00	1.28673	1.28735	1.28640	1.28698	3378	0	0
2017.10.11	12:00:00	1.28696	1.28699	1.28483	1.28605	3591	0	0
2017.10.11	13:00:00	1.28605	1.28605	1.28389	1.28425	2967	0	1
2017.10.11	14:00:00	1.28425	1.28522	1.28350	1.28510	2809	0	0
2017.10.11	15:00:00	1.28513	1.28571	1.28429	1.28490	3281	0	2
2017.10.11	16:00:00	1.28487	1.28553	1.28330	1.28342	3992	0	0
2017.10.11	17:00:00	1.28346	1.28356	1.28121	1.28227	3915	0	1
2017.10.11	18:00:00	1.28229	1.28563	1.28208	1.28562	3329	0	0
2017.10.11	19:00:00	1.28561	1.28671	1.28539	1.28635	1343	0	2
2017.10.11	20:00:00	1.28633	1.28741	1.28567	1.28650	1566	0	0
2017.10.11	21:00:00	1.28660	1.28726	1.28567	1.28613	3345	0	5
2017.10.11	22:00:00	1.28613	1.28733	1.28602	1.28712	1723	0	5
2017.10.11	23:00:00	1.28712	1.28735	1.28661	1.28680	768	0	11
2017.10.12	00:00:00	1.28649	1.29557	1.27832	1.28701	73543	0	47
2017.10.12	01:00:00	1.28701	1.28779	1.28693	1.28732	1039	0	15
2017.10.12	02:00:00	1.28732	1.28855	1.28704	1.28828	1104	0	14
2017.10.12	03:00:00	1.28824	1.28903	1.28774	1.28821	1711	0	1
2017.10.12	04:00:00	1.28818	1.28965	1.28770	1.28770	2024	0	0
2017.10.12	05:00:00	1.28775	1.28854	1.28749	1.28813	1911	0	0
2017.10.12	06:00:00	1.28817	1.28885	1.28783	1.28881	897	0	8
2017.10.12	07:00:00	1.28877	1.28881	1.28814	1.28868	684	0	11
2017.10.12	08:00:00	1.28866	1.28938	1.28818	1.28819	990	0	7
2017.10.12	09:00:00	1.28823	1.28857	1.28685	1.28822	2221	0	4
2017.10.12	10:00:00	1.28823	1.28971	1.28760	1.28928	3763	0	1
2017.10.12	11:00:00	1.28928	1.28999	1.28819	1.28819	3120	0	0
2017.10.12	12:00:00	1.28821	1.29028	1.28803	1.28873	2709	0	2
2017.10.12	13:00:00	1.28875	1.28901	1.28389	1.28446	4751	0	0
2017.10.12	14:00:00	1.28449	1.28456	1.27938	1.28005	4773	0	0
2017.10.12	15:00:00	1.28009	1.28211	1.27838	1.28179	4084	0	1
2017.10.12	16:00:00	1.28173	1.28302	1.28088	1.28234	3192	0	1
2017.10.12	17:00:00	1.28238	1.28545	1.28225	1.28495	4241	0	1
2017.10.12	18:00:00	1.28496	1.28561	1.28424	1.28561	2405	0	1
2017.10.12	19:00:00	1.28562	1.29419	1.28522	1.29152	4597	0	0
2017.10.12	20:00:00	1.29154	1.29560	1.29103	1.29354	3451	0	0
2017.10.12	21:00:00	1.29360	1.29484	1.29355	1.29474	1466	0	8
2017.10.12	22:00:00	1.29474	1.29498	1.29319	1.29329	1637	0	9
2017.10.12	23:00:00	1.29325	1.29415	1.29186	1.29329	1022	0	3
2017.10.13	00:00:00	1.29275	1.29959	1.29197	1.29315	71003	0	60
2017.10.13	01:00:00	1.29305	1.29371	1.29284	1.29343	531	0	39
2017.10.13	02:00:00	1.29336	1.29383	1.29289	1.29317	672	0	17
2017.10.13	03:00:00	1.29321	1.29374	1.29239	1.29318	1036	0	15
2017.10.13	04:00:00	1.29321	1.29352	1.29259	1.29287	1051	0	12
2017.10.13	05:00:00	1.29288	1.29438	1.29286	1.29382	1862	0	10
2017.10.13	06:00:00	1.29382	1.29439	1.29366	1.29409	990	0	13
2017.10.13	07:00:00	1.29407	1.29477	1.29397	1.29424	1005	0	12
2017.10.13	08:00:00	1.29409	1.29498	1.29374	1.29472	648	0	9
2017.10.13	09:00:00	1.29468	1.29768	1.29400	1.29715	3228	0	2
2017.10.13	10:00:00	1.29719	1.29921	1.29634	1.29862	4896	0	0
2017.10.13	11:00:00	1.29862	1.29964	1.29715	1.29737	3376	0	0
2017.10.13	12:00:00	1.29740	1.29786	1.29207	1.29310	4355	0	0
2017.10.13	13:00:00	1.29315	1.29782	1.29202	1.29633	3989	0	0
2017.10.13	14:00:00	1.29630	1.29790	1.29592	1.29690	2630	0	3
2017.10.13	15:00:00	1.29693	1.29717	1.29345	1.29452	6716	0	0
2017.10.13	16:00:00	1.29452	1.29654	1.29284	1.29355	5401	0	1
2017.10.13	17:00:00	1.29351	1.29722	1.29334	1.29635	5256	0	0
2017.10.13	18:00:00	1.29637	1.29674	1.29517	1.29641	3277	0	0
2017.10.13	19:00:00	1.29640	1.29647	1.29541	1.29631	1739	0	2
2017.10.13	20:00:00	1.29627	1.29756	1.29598	1.29636	2224	0	2
2017.10.13	21:00:00	1.29631	1.29673	1.29448	1.29482	1673	0	6
2017.10.13	22:00:00	1.29477	1.29561	1.29428	1.29457	971	0	5
2017.10.13	23:00:00	1.29456	1.29535	1.29413	1.29430	749	0	17
2017.10.16	00:00:00	1.29439	1.29886	1.29025	1.29528	56939	0	150
2017.10.16	01:00:00	1.29559	1.29569	1.29445	1.29510	655	0	53
2017.10.16	02:00:00	1.29502	1.29536	1.29399	1.29500	503	0	14
2017.10.16	03:00:00	1.29500	1.29629	1.29489	1.29587	1333	0	0
2017.10.16	04:00:00	1.29588	1.29670	1.29554	1.29653	1330	0	13
2017.10.16	05:00:00	1.29652	1.29716	1.29617	1.29665	774	0	10
2017.10.16	06:00:00	1.29665	1.29690	1.29624	1.29663	691	0	15
2017.10.16	07:00:00	1.29664	1.29712	1.29634	1.29710	765	0	6
2017.10.16	08:00:00	1.29706	1.29731	1.29596	1.29646	942	0	8
2017.10.16	09:00:00	1.29648	1.29717	1.29498	1.29660	2963	0	3
2017.10.16	10:00:00	1.29661	1.29893	1.29642	1.29701	3499	0	1
2017.10.16	11:00:00	1.29701	1.29744	1.29567	1.29712	3031	0	1
2017.10.16	12:00:00	1.29713	1.29806	1.29668	1.29772	2649	0	2
2017.10.16	13:00:00	1.29772	1.29811	1.29656	1.29721	2782	0	0
2017.10.16	14:00:00	1.29717	1.29785	1.29608	1.29649	2045	0	0
2017.10.16	15:00:00	1.29652	1.29732	1.29269	1.29370	3946	0	0
2017.10.16	16:00:00	1.29369	1.29700	1.29359	1.29578	3196	0	0
2017.10.16	17:00:00	1.29586	1.29650	1.29397	1.29517	3798	0	1
2017.10.16	18:00:00	1.29519	1.29520	1.29169	1.29326	2667	0	0
2017.10.16	19:00:00	1.29323	1.29409	1.29266	1.29390	1198	0	2
2017.10.16	20:00:00	1.29388	1.29415	1.29196	1.29212	1863	0	0
2017.10.16	21:00:00	1.29211	1.29383	1.29027	1.29269	3324	0	1
2017.10.16	22:00:00	1.29264	1.29339	1.29223	1.29257	1607	0	4
2017.10.16	23:00:00	1.29257	1.29295	1.29194	1.29203	596	0	12
2017.10.17	00:00:00	1.29201	1.29794	1.28873	1.29222	72349	0	24
2017.10.17	01:00:00	1.29227	1.29289	1.29177	1.29191	685	0	34
2017.10.17	02:00:00	1.29190	1.29276	1.29190	1.29264	370	0	12
2017.10.17	03:00:00	1.29273	1.29353	1.29225	1.29353	1487	0	13
2017.10.17	04:00:00	1.29353	1.29399	1.29256	1.29307	1654	0	10
2017.10.17	05:00:00	1.29308	1.29440	1.29296	1.29413	1011	0	6
2017.10.17	06:00:00	1.29418	1.29483	1.29402	1.29465	971	0	8
2017.10.17	07:00:00	1.29465	1.29493	1.29387	1.29492	762	0	12
2017.10.17	08:00:00	1.29492	1.29636	1.29456	1.29576	1403	0	9
2017.10.17	09:00:00	1.29580	1.29751	1.29546	1.29711	3464	0	0
2017.10.17	10:00:00	1.29714	1.29767	1.29626	1.29630	3611	0	0
2017.10.17	11:00:00	1.29633	1.29793	1.29462	1.29659	4801	0	0
2017.10.17	12:00:00	1.29659	1.29668	1.29401	1.29465	4615	0	0
2017.10.17	13:00:00	1.29465	1.29531	1.29032	1.29102	5036	0	0
2017.10.17	14:00:00	1.29104	1.29130	1.28879	1.28983	4006	0	1
2017.10.17	15:00:00	1.28979	1.29123	1.28910	1.29118	4083	0	0
2017.10.17	16:00:00	1.29115	1.29180	1.28977	1.29059	4337	0	1
2017.10.17	17:00:00	1.29059	1.29146	1.28938	1.29064	5112	0	0
2017.10.17	18:00:00	1.29065	1.29211	1.28983	1.29208	3844	0	0
2017.10.17	19:00:00	1.29205	1.29258	1.29093	1.29181	1373	0	1
2017.10.17	20:00:00	1.29182	1.29204	1.29018	1.29039	1258	0	2
2017.10.17	21:00:00	1.29043	1.29091	1.28952	1.28989	1751	0	5
2017.10.17	22:00:00	1.28989	1.29029	1.28941	1.28948	1226	0	0
2017.10.17	23:00:00	1.28950	1.29072	1.28950	1.29024	739	0	5
2017.10.18	00:00:00	1.28981	1.29608	1.28925	1.29014	72380	0	14
2017.10.18	01:00:00	1.29014	1.29025	1.28943	1.29009	919	0	36
2017.10.18	02:00:00	1.29013	1.29053	1.28965	1.28990	328	0	19
2017.10.18	03:00:00	1.28994	1.29026	1.28957	1.29009	862	0	15
2017.10.18	04:00:00	1.29006	1.29051	1.28989	1.29017	727	0	14
2017.10.18	05:00:00	1.29019	1.29042	1.28969	1.29002	827	0	10
2017.10.18	06:00:00	1.29002	1.29026	1.28948	1.28966	867	0	9
2017.10.18	07:00:00	1.28963	1.29046	1.28931	1.29038	685	0	11
2017.10.18	08:00:00	1.29042	1.29048	1.28937	1.28968	1290	0	11
2017.10.18	09:00:00	1.28973	1.29054	1.28928	1.29015	2764	0	5
2017.10.18	10:00:00	1.29015	1.29086	1.28930	1.29047	3314	0	2
2017.10.18	11:00:00	1.29048	1.29356	1.28972	1.28998	4132	0	1
2017.10.18	12:00:00	1.28998	1.29226	1.28932	1.29161	4673	0	0
2017.10.18	13:00:00	1.29161	1.29368	1.29125	1.29299	3947	0	1
2017.10.18	14:00:00	1.29297	1.29471	1.29273	1.29377	3494	0	0
2017.10.18	15:00:00	1.29381	1.29440	1.29178	1.29324	6244	0	0
2017.10.18	16:00:00	1.29324	1.29383	1.29219	1.29242	4419	0	0
2017.10.18	17:00:00	1.29245	1.29501	1.29196	1.29291	4849	0	1
2017.10.18	18:00:00	1.29296	1.29471	1.29271	1.29420	3471	0	1
2017.10.18	19:00:00	1.29417	1.29452	1.29327	1.29397	2489	0	2
2017.10.18	20:00:00	1.29399	1.29463	1.29348	1.29454	947	0	5
2017.10.18	21:00:00	1.29454	1.29569	1.29393	1.29434	1920	0	3
2017.10.18	22:00:00	1.29433	1.29544	1.29366	1.29499	1701	0	1
2017.10.18	23:00:00	1.29504	1.29619	1.29496	1.29604	1184	0	1
2017.10.19	00:00:00	1.29541	1.29631	1.28278	1.29420	83973	0	31
2017.10.19	01:00:00	1.29459	1.29598	1.29446	1.29586	737	0	34
2017.10.19	02:00:00	1.29587	1.29637	1.29547	1.29618	470	0	19
2017.10.19	03:00:00	1.29613	1.29626	1.29409	1.29420	1626	0	12
2017.10.19	04:00:00	1.29416	1.29484	1.29354	1.29434	1520	0	13
2017.10.19	05:00:00	1.29440	1.29561	1.29439	1.29495	1149	0	9
2017.10.19	06:00:00	1.29492	1.29587	1.29482	1.29493	1006	0	13
2017.10.19	07:00:00	1.29494	1.29577	1.29489	1.29548	1598	0	4
2017.10.19	08:00:00	1.29553	1.29604	1.29478	1.29481	1664	0	1
2017.10.19	09:00:00	1.29484	1.29533	1.29403	1.29451	3332	0	3
2017.10.19	10:00:00	1.29450	1.29456	1.29159	1.29171	5133	0	0
2017.10.19	11:00:00	1.29171	1.29175	1.28570	1.28647	8506	0	0
2017.10.19	12:00:00	1.28649	1.28767	1.28556	1.28628	4218	0	0
2017.10.19	13:00:00	1.28629	1.28698	1.28381	1.28434	5355	0	1
2017.10.19	14:00:00	1.28433	1.28684	1.28433	1.28489	4448	0	0
2017.10.19	15:00:00	1.28492	1.28547	1.28318	1.28448	5340	0	0
2017.10.19	16:00:00	1.28448	1.28587	1.28421	1.28507	5263	0	0
2017.10.19	17:00:00	1.28507	1.28679	1.28409	1.28667	5437	0	0
2017.10.19	18:00:00	1.28668	1.28774	1.28506	1.28526	3124	0	0
2017.10.19	19:00:00	1.28527	1.28531	1.28318	1.28385	2673	0	0
2017.10.19	20:00:00	1.28385	1.28447	1.28282	1.28290	1361	0	2
2017.10.19	21:00:00	1.28291	1.28468	1.28291	1.28440	1522	0	5
2017.10.19	22:00:00	1.28443	1.28452	1.28344	1.28381	1400	0	3
2017.10.19	23:00:00	1.28387	1.28481	1.28333	1.28408	1381	0	9
2017.10.20	00:00:00	1.28376	1.29954	1.28262	1.28363	88230	0	32
2017.10.20	01:00:00	1.28363	1.28396	1.28340	1.28391	417	0	34
2017.10.20	02:00:00	1.28396	1.28426	1.28337	1.28384	471	0	12
2017.10.20	03:00:00	1.28388	1.28421	1.28368	1.28409	957	0	15
2017.10.20	04:00:00	1.28405	1.28683	1.28334	1.28642	3211	0	10
2017.10.20	05:00:00	1.28647	1.29060	1.28565	1.28678	3990	0	3
2017.10.20	06:00:00	1.28673	1.28719	1.28588	1.28636	1771	0	9
2017.10.20	07:00:00	1.28633	1.28664	1.28519	1.28558	1122	0	9
2017.10.20	08:00:00	1.28561	1.28687	1.28464	1.28622	1946	0	7
2017.10.20	09:00:00	1.28620	1.28748	1.28478	1.28688	3612	0	2
2017.10.20	10:00:00	1.28688	1.28911	1.28661	1.28760	5511	0	0
2017.10.20	11:00:00	1.28762	1.29102	1.28725	1.29005	3943	0	1
2017.10.20	12:00:00	1.29009	1.29209	1.28995	1.29021	3503	0	2
2017.10.20	13:00:00	1.29023	1.29523	1.29023	1.29418	3314	0	0
2017.10.20	14:00:00	1.29421	1.29527	1.29282	1.29411	3208	0	0
2017.10.20	15:00:00	1.29405	1.29481	1.29347	1.29468	3486	0	2
2017.10.20	16:00:00	1.29472	1.29517	1.29366	1.29450	3728	0	1
2017.10.20	17:00:00	1.29444	1.29879	1.29430	1.29703	5810	0	0
2017.10.20	18:00:00	1.29703	1.29775	1.29586	1.29724	4258	0	0
2017.10.20	19:00:00	1.29723	1.29853	1.29667	1.29760	3343	0	3
2017.10.20	20:00:00	1.29754	1.29796	1.29718	1.29775	1281	0	0
2017.10.20	21:00:00	1.29773	1.29957	1.29772	1.29889	2195	0	6
2017.10.20	22:00:00	1.29886	1.29915	1.29850	1.29872	1177	0	7
2017.10.20	23:00:00	1.29867	1.29895	1.29735	1.29795	1288	0	18
2017.10.23	00:00:00	1.29802	1.30305	1.29714	1.29856	62561	0	59
2017.10.23	01:00:00	1.29869	1.29952	1.29840	1.29894	460	0	12
2017.10.23	02:00:00	1.29890	1.30101	1.29880	1.30032	666	0	11
2017.10.23	03:00:00	1.30032	1.30055	1.29790	1.29801	1633	0	13
2017.10.23	04:00:00	1.29804	1.29945	1.29797	1.29832	1745	0	13
2017.10.23	05:00:00	1.29828	1.29909	1.29824	1.29885	911	0	13
2017.10.23	06:00:00	1.29888	1.29945	1.29855	1.29917	738	0	13
2017.10.23	07:00:00	1.29921	1.29989	1.29888	1.29889	635	0	6
2017.10.23	08:00:00	1.29885	1.29975	1.29828	1.29949	907	0	12
2017.10.23	09:00:00	1.29953	1.30038	1.29823	1.29922	2397	0	1
2017.10.23	10:00:00	1.29918	1.30004	1.29845	1.29966	3449	0	1
2017.10.23	11:00:00	1.29966	1.29988	1.29719	1.29947	2917	0	5
2017.10.23	12:00:00	1.29943	1.30030	1.29865	1.30019	3289	0	0
2017.10.23	13:00:00	1.30017	1.30166	1.29942	1.30063	3904	0	0
2017.10.23	14:00:00	1.30066	1.30171	1.29851	1.29874	3982	0	1
2017.10.23	15:00:00	1.29875	1.30098	1.29853	1.29954	3390	0	0
2017.10.23	16:00:00	1.29950	1.30181	1.29925	1.30019	3616	0	2
2017.10.23	17:00:00	1.30016	1.30173	1.29928	1.29954	5199	0	1
2017.10.23	18:00:00	1.29956	1.30225	1.29866	1.30183	3651	0	1
2017.10.23	19:00:00	1.30182	1.30182	1.30044	1.30156	2174	0	1
2017.10.23	20:00:00	1.30156	1.30306	1.30143	1.30215	1458	0	2
2017.10.23	21:00:00	1.30213	1.30275	1.30175	1.30220	1920	0	5
2017.10.23	22:00:00	1.30226	1.30291	1.29941	1.30009	1583	0	7
2017.10.23	23:00:00	1.30005	1.30089	1.29956	1.29962	537	0	4
2017.10.24	00:00:00	1.29959	1.30276	1.29739	1.29970	73193	0	35
2017.10.24	01:00:00	1.29958	1.30041	1.29958	1.30029	380	0	28
2017.10.24	02:00:00	1.30031	1.30051	1.29946	1.29993	354	0	20
2017.10.24	03:00:00	1.29993	1.30036	1.29962	1.29989	903	0	11
2017.10.24	04:00:00	1.29990	1.30133	1.29987	1.30117	936	0	12
2017.10.24	05:00:00	1.30117	1.30166	1.30087	1.30135	1879	0	10
2017.10.24	06:00:00	1.30135	1.30162	1.30099	1.30123	1290	0	12
2017.10.24	07:00:00	1.30124	1.30221	1.30124	1.30206	802	0	13
2017.10.24	08:00:00	1.30206	1.30223	1.30142	1.30182	1185	0	10
2017.10.24	09:00:00	1.30188	1.30281	1.30180	1.30249	2840	0	1
2017.10.24	10:00:00	1.30246	1.30259	1.29908	1.29975	4716	0	2
2017.10.24	11:00:00	1.29977	1.30149	1.29937	1.30149	2493	0	0
2017.10.24	12:00:00	1.30150	1.30150	1.29893	1.29931	3037	0	3
2017.10.24	13:00:00	1.29932	1.30099	1.29882	1.30035	2482	0	3
2017.10.24	14:00:00	1.30039	1.30159	1.29975	1.30033	3399	0	3
2017.10.24	15:00:00	1.30036	1.30124	1.29987	1.30046	3773	0	1
2017.10.24	16:00:00	1.30045	1.30153	1.29903	1.29938	5015	0	0
2017.10.24	17:00:00	1.29935	1.30060	1.29827	1.29827	5593	0	1
2017.10.24	18:00:00	1.29826	1.29856	1.29741	1.29795	3648	0	1
2017.10.24	19:00:00	1.29794	1.29955	1.29785	1.29935	1806	0	2
2017.10.24	20:00:00	1.29935	1.30041	1.29869	1.30031	1617	0	2
2017.10.24	21:00:00	1.30028	1.30071	1.29834	1.29874	2219	0	1
2017.10.24	22:00:00	1.29880	1.30021	1.29808	1.29987	3725	0	5
2017.10.24	23:00:00	1.29983	1.30179	1.29977	1.30082	1099	0	8
2017.10.25	00:00:00	1.30087	1.31649	1.29844	1.30081	93340	0	21
2017.10.25	01:00:00	1.30077	1.30136	1.30038	1.30099	426	0	30
2017.10.25	02:00:00	1.30099	1.30136	1.30018	1.30096	436	0	14
2017.10.25	03:00:00	1.30091	1.30118	1.30044	1.30074	1656	0	13
2017.10.25	04:00:00	1.30075	1.30129	1.30033	1.30109	1234	0	12
2017.10.25	05:00:00	1.30108	1.30167	1.30104	1.30133	919	0	12
2017.10.25	06:00:00	1.30129	1.30230	1.30116	1.30225	1095	0	9
2017.10.25	07:00:00	1.30223	1.30235	1.30117	1.30146	572	0	0
2017.10.25	08:00:00	1.30147	1.30174	1.29981	1.29992	1163	0	0
2017.10.25	09:00:00	1.29997	1.30123	1.29987	1.30036	3426	0	1
2017.10.25	10:00:00	1.30038	1.30119	1.29848	1.30019	4435	0	2
2017.10.25	11:00:00	1.30023	1.30773	1.30000	1.30717	6582	0	0
2017.10.25	12:00:00	1.30717	1.31311	1.30709	1.31199	6397	0	0
2017.10.25	13:00:00	1.31199	1.31487	1.31089	1.31461	5569	0	0
2017.10.25	14:00:00	1.31463	1.31653	1.31413	1.31453	4316	0	0
2017.10.25	15:00:00	1.31451	1.31612	1.31391	1.31511	6519	0	0
2017.10.25	16:00:00	1.31512	1.31592	1.31127	1.31183	5742	0	0
2017.10.25	17:00:00	1.31179	1.31268	1.30907	1.31194	9119	0	3
2017.10.25	18:00:00	1.31193	1.31335	1.31021	1.31036	5815	0	5
2017.10.25	19:00:00	1.31033	1.31098	1.30871	1.30899	2666	0	7
2017.10.25	20:00:00	1.30899	1.31060	1.30750	1.31000	2846	0	6
2017.10.25	21:00:00	1.31003	1.31145	1.30856	1.31108	2423	0	2
2017.10.25	22:00:00	1.31120	1.31191	1.31057	1.31137	1366	0	7
2017.10.25	23:00:00	1.31139	1.31262	1.31130	1.31148	899	0	4
2017.10.26	00:00:00	1.31138	1.31364	1.30538	1.31194	80912	0	44
2017.10.26	01:00:00	1.31193	1.31224	1.31104	1.31207	777	0	30
2017.10.26	02:00:00	1.31211	1.31284	1.31202	1.31244	872	0	22
2017.10.26	03:00:00	1.31241	1.31293	1.31116	1.31274	1564	0	16
2017.10.26	04:00:00	1.31274	1.31301	1.31210	1.31278	1979	0	15
2017.10.26	05:00:00	1.31276	1.31281	1.31146	1.31219	1687	0	14
2017.10.26	06:00:00	1.31219	1.31232	1.31135	1.31156	825	0	17
2017.10.26	07:00:00	1.31156	1.31191	1.31112	1.31137	493	0	18
2017.10.26	08:00:00	1.31135	1.31150	1.31059	1.31075	1640	0	7
2017.10.26	09:00:00	1.31071	1.31122	1.31009	1.31076	2413	0	3
2017.10.26	10:00:00	1.31075	1.31111	1.30910	1.30951	4308	0	6
2017.10.26	11:00:00	1.30951	1.31040	1.30738	1.30739	3837	0	6
2017.10.26	12:00:00	1.30737	1.30911	1.30539	1.30860	3564	0	6
2017.10.26	13:00:00	1.30856	1.31054	1.30788	1.30952	2733	0	6
2017.10.26	14:00:00	1.30953	1.31284	1.30912	1.31205	5532	0	6
2017.10.26	15:00:00	1.31201	1.31290	1.30997	1.31146	7966	0	0
2017.10.26	16:00:00	1.31146	1.31307	1.31000	1.31226	6934	0	5
2017.10.26	17:00:00	1.31224	1.31274	1.31028	1.31269	4524	0	5
2017.10.26	18:00:00	1.31258	1.31316	1.31126	1.31160	4571	0	1
2017.10.26	19:00:00	1.31157	1.31295	1.31104	1.31294	2026	0	8
2017.10.26	20:00:00	1.31292	1.31360	1.31209	1.31302	2559	0	8
2017.10.26	21:00:00	1.31305	1.31346	1.31133	1.31235	1871	0	13
2017.10.26	22:00:00	1.31236	1.31265	1.31170	1.31187	1666	0	13
2017.10.26	23:00:00	1.31185	1.31306	1.31142	1.31240	892	0	14
2017.10.27	00:00:00	1.31174	1.31394	1.30556	1.31142	82486	0	0
2017.10.27	01:00:00	1.31142	1.31217	1.31052	1.31066	894	0	33
2017.10.27	02:00:00	1.31066	1.31081	1.30974	1.31017	1422	0	18
2017.10.27	03:00:00	1.31015	1.31078	1.30988	1.31062	1499	0	14
2017.10.27	04:00:00	1.31064	1.31087	1.30953	1.31022	1764	0	14
2017.10.27	05:00:00	1.31024	1.31097	1.30996	1.31057	1499	0	16
2017.10.27	06:00:00	1.31057	1.31143	1.31050	1.31103	1707	0	17
2017.10.27	07:00:00	1.31104	1.31164	1.31089	1.31128	1070	0	20
2017.10.27	08:00:00	1.31131	1.31142	1.31046	1.31098	1741	0	17
2017.10.27	09:00:00	1.31100	1.31173	1.30959	1.30995	2777	0	0
2017.10.27	10:00:00	1.30986	1.31049	1.30643	1.30710	4268	0	1
2017.10.27	11:00:00	1.30714	1.30844	1.30558	1.30838	3702	0	1
2017.10.27	12:00:00	1.30838	1.31019	1.30765	1.30876	2722	0	0
2017.10.27	13:00:00	1.30875	1.31203	1.30811	1.31156	2976	0	0
2017.10.27	14:00:00	1.31156	1.31397	1.31078	1.31287	3054	0	0
2017.10.27	15:00:00	1.31287	1.31302	1.31029	1.31166	5518	0	0
2017.10.27	16:00:00	1.31159	1.31239	1.30863	1.31010	5465	0	4
2017.10.27	17:00:00	1.31012	1.31136	1.30764	1.30981	8565	0	3
2017.10.27	18:00:00	1.30982	1.31220	1.30835	1.30967	3620	0	6
2017.10.27	19:00:00	1.30964	1.31048	1.30913	1.30959	1351	0	12
2017.10.27	20:00:00	1.30963	1.31173	1.30940	1.31118	1365	0	9
2017.10.27	21:00:00	1.31117	1.31154	1.30977	1.31041	1047	0	13
2017.10.27	22:00:00	1.31041	1.31079	1.30987	1.30992	806	0	10
2017.10.27	23:00:00	1.30989	1.31027	1.30880	1.30911	923	0	20
2017.10.30	00:00:00	1.30762	1.31923	1.30689	1.30904	66028	0	88
2017.10.30	01:00:00	1.30921	1.31099	1.30921	1.31044	806	0	40
2017.10.30	02:00:00	1.31056	1.31107	1.31026	1.31074	672	0	22
2017.10.30	03:00:00	1.31071	1.31142	1.31062	1.31133	2293	0	17
2017.10.30	04:00:00	1.31130	1.31131	1.30968	1.31011	2224	0	15
2017.10.30	05:00:00	1.31013	1.31099	1.30967	1.31048	2349	0	20
2017.10.30	06:00:00	1.31048	1.31070	1.30989	1.31024	1282	0	19
2017.10.30	07:00:00	1.31025	1.31133	1.31021	1.31124	859	0	19
2017.10.30	08:00:00	1.31126	1.31145	1.31063	1.31072	1167	0	0
2017.10.30	09:00:00	1.31070	1.31191	1.31055	1.31127	868	0	19
2017.10.30	10:00:00	1.31131	1.31212	1.31055	1.31156	3109	0	9
2017.10.30	11:00:00	1.31162	1.31433	1.31149	1.31274	4859	0	9
2017.10.30	12:00:00	1.31268	1.31317	1.31159	1.31316	2465	0	5
2017.10.30	13:00:00	1.31324	1.31422	1.31255	1.31305	2277	0	6
2017.10.30	14:00:00	1.31305	1.31650	1.31286	1.31619	3604	0	6
2017.10.30	15:00:00	1.31620	1.31828	1.31575	1.31821	4622	0	3
2017.10.30	16:00:00	1.31820	1.31928	1.31667	1.31700	5216	0	2
2017.10.30	17:00:00	1.31702	1.31771	1.31555	1.31629	3664	0	2
2017.10.30	18:00:00	1.31626	1.31738	1.31472	1.31518	4253	0	4
2017.10.30	19:00:00	1.31518	1.31553	1.31331	1.31368	4127	0	2
2017.10.30	20:00:00	1.31366	1.31484	1.31313	1.31313	1274	0	7
2017.10.30	21:00:00	1.31312	1.31392	1.31312	1.31338	1167	0	11
2017.10.30	22:00:00	1.31338	1.31351	1.31281	1.31331	1154	0	8
2017.10.30	23:00:00	1.31331	1.31346	1.31076	1.31316	735	0	6
2017.10.31	00:00:00	1.31297	1.32591	1.31289	1.31333	65579	0	24
2017.10.31	01:00:00	1.31333	1.31446	1.31333	1.31446	521	0	31
2017.10.31	02:00:00	1.31442	1.31465	1.31391	1.31447	587	0	20
2017.10.31	03:00:00	1.31447	1.31487	1.31406	1.31422	1607	0	15
2017.10.31	04:00:00	1.31420	1.31491	1.31380	1.31467	1356	0	0
2017.10.31	05:00:00	1.31466	1.31467	1.31417	1.31445	951	0	16
2017.10.31	06:00:00	1.31445	1.31514	1.31433	1.31485	1219	0	17
2017.10.31	07:00:00	1.31485	1.31551	1.31468	1.31506	781	0	0
2017.10.31	08:00:00	1.31505	1.31604	1.31496	1.31542	471	0	14
2017.10.31	09:00:00	1.31539	1.31622	1.31495	1.31594	1255	0	12
2017.10.31	10:00:00	1.31592	1.31704	1.31465	1.31490	2274	0	8
2017.10.31	11:00:00	1.31496	1.31618	1.31387	1.31482	2878	0	8
2017.10.31	12:00:00	1.31484	1.31826	1.31484	1.31758	2783	0	2
2017.10.31	13:00:00	1.31762	1.32123	1.31739	1.31982	2886	0	1
2017.10.31	14:00:00	1.31986	1.32042	1.31868	1.31951	3428	0	2
2017.10.31	15:00:00	1.31950	1.32280	1.31731	1.32197	4388	0	0
2017.10.31	16:00:00	1.32197	1.32417	1.32187	1.32187	4958	0	0
2017.10.31	17:00:00	1.32187	1.32393	1.32093	1.32135	4441	0	0
2017.10.31	18:00:00	1.32132	1.32395	1.32129	1.32360	6047	0	1
2017.10.31	19:00:00	1.32360	1.32501	1.32303	1.32386	4294	0	2
2017.10.31	20:00:00	1.32388	1.32438	1.32192	1.32264	1442	0	3
2017.10.31	21:00:00	1.32274	1.32587	1.32260	1.32582	3440	0	4
2017.10.31	22:00:00	1.32579	1.32592	1.32467	1.32518	2093	0	2
2017.10.31	23:00:00	1.32512	1.32541	1.32464	1.32464	801	0	8
2017.11.01	00:00:00	1.32464	1.33290	1.32368	1.32414	72678	0	41
2017.11.01	01:00:00	1.32426	1.32531	1.32426	1.32464	814	0	38
2017.11.01	02:00:00	1.32461	1.32619	1.32460	1.32590	454	0	18
2017.11.01	03:00:00	1.32589	1.32699	1.32574	1.32675	1494	0	11
2017.11.01	04:00:00	1.32675	1.32720	1.32626	1.32693	1430	0	7
2017.11.01	05:00:00	1.32691	1.32698	1.32577	1.32621	1057	0	9
2017.11.01	06:00:00	1.32621	1.32627	1.32521	1.32549	912	0	14
2017.11.01	07:00:00	1.32551	1.32588	1.32522	1.32569	954	0	12
2017.11.01	08:00:00	1.32567	1.32649	1.32564	1.32618	984	0	12
2017.11.01	09:00:00	1.32616	1.32684	1.32507	1.32619	1888	0	10
2017.11.01	10:00:00	1.32619	1.32964	1.32595	1.32926	3085	0	3
2017.11.01	11:00:00	1.32929	1.32984	1.32834	1.32981	3054	0	1
2017.11.01	12:00:00	1.32981	1.33293	1.32826	1.33064	3824	0	1
2017.11.01	13:00:00	1.33064	1.33169	1.32973	1.33097	1887	0	0
2017.11.01	14:00:00	1.33100	1.33149	1.32994	1.33046	1963	0	2
2017.11.01	15:00:00	1.33043	1.33288	1.33027	1.33234	5195	0	0
2017.11.01	16:00:00	1.33236	1.33236	1.32997	1.33044	3777	0	0
2017.11.01	17:00:00	1.32999	1.33233	1.32569	1.32842	6037	0	0
2017.11.01	18:00:00	1.32842	1.32842	1.32657	1.32758	3750	0	0
2017.11.01	19:00:00	1.32758	1.32842	1.32622	1.32838	2903	0	0
2017.11.01	20:00:00	1.32834	1.32898	1.32628	1.32663	1797	0	1
2017.11.01	21:00:00	1.32665	1.32997	1.32652	1.32958	4703	0	0
2017.11.01	22:00:00	1.32960	1.32975	1.32864	1.32958	2254	0	1
2017.11.01	23:00:00	1.32963	1.32977	1.32801	1.32822	1187	0	7
2017.11.02	00:00:00	1.32815	1.32934	1.30294	1.32786	90273	0	31
2017.11.02	01:00:00	1.32786	1.32879	1.32786	1.32844	510	0	35
2017.11.02	02:00:00	1.32848	1.32910	1.32824	1.32891	546	0	16
2017.11.02	03:00:00	1.32890	1.32935	1.32858	1.32896	2003	0	14
2017.11.02	04:00:00	1.32896	1.32923	1.32771	1.32810	2531	0	10
2017.11.02	05:00:00	1.32815	1.32885	1.32684	1.32760	1445	0	0
2017.11.02	06:00:00	1.32757	1.32800	1.32692	1.32717	1022	0	12
2017.11.02	07:00:00	1.32716	1.32749	1.32653	1.32702	1156	0	13
2017.11.02	08:00:00	1.32701	1.32772	1.32633	1.32769	809	0	11
2017.11.02	09:00:00	1.32769	1.32778	1.32649	1.32690	1203	0	9
2017.11.02	10:00:00	1.32688	1.32706	1.32526	1.32549	2552	0	2
2017.11.02	11:00:00	1.32553	1.32699	1.32443	1.32539	2659	0	1
2017.11.02	12:00:00	1.32537	1.32580	1.32336	1.32352	3274	0	2
2017.11.02	13:00:00	1.32355	1.32456	1.32075	1.32143	3911	0	3
2017.11.02	14:00:00	1.32143	1.32201	1.31823	1.32173	5230	0	1
2017.11.02	15:00:00	1.32190	1.32658	1.30863	1.31185	10076	0	0
2017.11.02	16:00:00	1.31179	1.31343	1.30941	1.30965	5162	0	1
2017.11.02	17:00:00	1.30965	1.30978	1.30298	1.30379	5269	0	0
2017.11.02	18:00:00	1.30379	1.30603	1.30332	1.30554	3325	0	1
2017.11.02	19:00:00	1.30552	1.30577	1.30347	1.30485	2262	0	4
2017.11.02	20:00:00	1.30488	1.30555	1.30451	1.30505	1452	0	2
2017.11.02	21:00:00	1.30509	1.30547	1.30457	1.30486	1961	0	9
2017.11.02	22:00:00	1.30482	1.30562	1.30454	1.30482	1095	0	10
2017.11.02	23:00:00	1.30483	1.30548	1.30428	1.30460	630	0	32
2017.11.03	00:00:00	1.30440	1.31038	1.30326	1.30452	66818	0	29
2017.11.03	01:00:00	1.30450	1.30467	1.30393	1.30429	472	0	18
2017.11.03	02:00:00	1.30427	1.30463	1.30358	1.30392	1092	0	13
2017.11.03	03:00:00	1.30394	1.30476	1.30369	1.30462	1259	0	9
2017.11.03	04:00:00	1.30462	1.30588	1.30428	1.30586	1245	0	11
2017.11.03	05:00:00	1.30583	1.30611	1.30515	1.30521	743	0	13
2017.11.03	06:00:00	1.30521	1.30546	1.30490	1.30507	818	0	13
2017.11.03	07:00:00	1.30507	1.30526	1.30453	1.30459	662	0	12
2017.11.03	08:00:00	1.30457	1.30514	1.30440	1.30461	1013	0	0
2017.11.03	09:00:00	1.30469	1.30567	1.30342	1.30431	3429	0	1
2017.11.03	10:00:00	1.30439	1.30608	1.30331	1.30509	3696	0	4
2017.11.03	11:00:00	1.30508	1.30711	1.30402	1.30630	3424	0	2
2017.11.03	12:00:00	1.30626	1.30637	1.30461	1.30557	2022	0	4
2017.11.03	13:00:00	1.30555	1.30892	1.30540	1.30774	3941	0	0
2017.11.03	14:00:00	1.30774	1.30825	1.30360	1.30801	7583	0	2
2017.11.03	15:00:00	1.30802	1.30928	1.30712	1.30897	4922	0	4
2017.11.03	16:00:00	1.30897	1.31042	1.30726	1.30924	4849	0	2
2017.11.03	17:00:00	1.30927	1.30970	1.30688	1.30697	4396	0	4
2017.11.03	18:00:00	1.30695	1.30929	1.30664	1.30924	2399	0	1
2017.11.03	19:00:00	1.30924	1.30981	1.30808	1.30842	1716	0	2
2017.11.03	20:00:00	1.30844	1.30892	1.30775	1.30781	1475	0	3
2017.11.03	21:00:00	1.30784	1.30898	1.30777	1.30854	994	0	4
2017.11.03	22:00:00	1.30856	1.30902	1.30734	1.30795	987	0	17
2017.11.06	00:00:00	1.30649	1.31443	1.30548	1.30725	55964	0	57
2017.11.06	01:00:00	1.30752	1.30865	1.30731	1.30829	420	0	16
2017.11.06	02:00:00	1.30833	1.30864	1.30800	1.30835	1347	0	12
2017.11.06	03:00:00	1.30839	1.30930	1.30754	1.30806	2564	0	12
2017.11.06	04:00:00	1.30807	1.30849	1.30717	1.30786	2062	0	9
2017.11.06	05:00:00	1.30787	1.30855	1.30762	1.30849	1048	0	14
2017.11.06	06:00:00	1.30845	1.30915	1.30821	1.30909	1180	0	10
2017.11.06	07:00:00	1.30909	1.30971	1.30881	1.30896	1030	0	13
2017.11.06	08:00:00	1.30896	1.31025	1.30886	1.31022	1052	0	8
2017.11.06	09:00:00	1.31023	1.31119	1.30967	1.31035	2515	0	1
2017.11.06	10:00:00	1.31035	1.31342	1.31018	1.31243	4560	0	2
2017.11.06	11:00:00	1.31243	1.31444	1.31210	1.31253	3637	0	0
2017.11.06	12:00:00	1.31256	1.31383	1.31132	1.31278	1960	0	5
2017.11.06	13:00:00	1.31278	1.31359	1.31200	1.31249	2953	0	2
2017.11.06	14:00:00	1.31251	1.31251	1.31100	1.31184	3058	0	3
2017.11.06	15:00:00	1.31185	1.31233	1.31104	1.31104	3126	0	1
2017.11.06	16:00:00	1.31109	1.31206	1.30984	1.31103	3091	0	1
2017.11.06	17:00:00	1.31100	1.31298	1.31010	1.31281	3692	0	2
2017.11.06	18:00:00	1.31284	1.31316	1.31124	1.31311	3694	0	2
2017.11.06	19:00:00	1.31308	1.31368	1.31252	1.31310	2370	0	4
2017.11.06	20:00:00	1.31313	1.31368	1.31256	1.31353	1335	0	8
2017.11.06	21:00:00	1.31352	1.31446	1.31324	1.31438	1436	0	4
2017.11.06	22:00:00	1.31436	1.31446	1.31358	1.31432	1257	0	9
2017.11.06	23:00:00	1.31428	1.31435	1.31316	1.31339	639	0	8
2017.11.07	00:00:00	1.31304	1.31737	1.30991	1.31355	215016	0	36
2017.11.07	01:00:00	1.31372	1.31439	1.31353	1.31439	538	0	15
2017.11.07	02:00:00	1.31430	1.31433	1.31333	1.31392	1234	0	9
2017.11.07	03:00:00	1.31393	1.31481	1.31361	1.31443	1216	0	10
2017.11.07	04:00:00	1.31443	1.31477	1.31410	1.31476	1053	0	8
2017.11.07	05:00:00	1.31478	1.31517	1.31463	1.31516	979	0	12
2017.11.07	06:00:00	1.31516	1.31521	1.31471	1.31494	1045	0	10
2017.11.07	07:00:00	1.31494	1.31513	1.31414	1.31420	747	0	12
2017.11.07	08:00:00	1.31419	1.31516	1.31371	1.31371	1014	0	3
2017.11.07	09:00:00	1.31369	1.31567	1.31369	1.31543	2567	0	3
2017.11.07	10:00:00	1.31542	1.31734	1.31514	1.31540	3537	0	4
2017.11.07	11:00:00	1.31543	1.31648	1.31456	1.31612	3227	0	0
2017.11.07	12:00:00	1.31612	1.31647	1.31449	1.31476	2963	0	4
2017.11.07	13:00:00	1.31476	1.31501	1.31082	1.31134	3658	0	2
2017.11.07	14:00:00	1.31135	1.31312	1.31063	1.31263	3074	0	5
2017.11.07	15:00:00	1.31263	1.31349	1.31011	1.31107	3348	0	2
2017.11.07	16:00:00	1.31108	1.31215	1.31077	1.31135	3441	0	0
2017.11.07	17:00:00	1.31137	1.31278	1.30990	1.31276	5561	0	3
2017.11.07	18:00:00	1.31279	1.31461	1.31216	1.31460	3075	0	4
2017.11.07	19:00:00	1.31455	1.31505	1.31347	1.31468	2142	0	5
2017.11.07	20:00:00	1.31465	1.31580	1.31420	1.31566	1549	0	6
2017.11.07	21:00:00	1.31569	1.31651	1.31564	1.31619	1253	0	3
2017.11.07	22:00:00	1.31625	1.31662	1.31597	1.31632	1452	0	4
2017.11.07	23:00:00	1.31630	1.31687	1.31546	1.31558	649	0	13
2017.11.08	00:00:00	1.31545	1.31689	1.30816	1.31596	193133	0	46
2017.11.08	01:00:00	1.31589	1.31648	1.31478	1.31479	761	0	11
2017.11.08	02:00:00	1.31482	1.31606	1.31470	1.31600	1079	0	6
2017.11.08	03:00:00	1.31600	1.31608	1.31526	1.31564	1219	0	9
2017.11.08	04:00:00	1.31564	1.31580	1.31512	1.31547	950	0	6
2017.11.08	05:00:00	1.31545	1.31552	1.31503	1.31534	704	0	15
2017.11.08	06:00:00	1.31532	1.31537	1.31484	1.31514	379	0	14
2017.11.08	07:00:00	1.31517	1.31526	1.31461	1.31480	1113	0	12
2017.11.08	08:00:00	1.31481	1.31508	1.31400	1.31448	1162	0	5
2017.11.08	09:00:00	1.31454	1.31475	1.31245	1.31306	2077	0	4
2017.11.08	10:00:00	1.31306	1.31340	1.31070	1.31194	3903	0	2
2017.11.08	11:00:00	1.31192	1.31290	1.31166	1.31229	2724	0	6
2017.11.08	12:00:00	1.31225	1.31229	1.30982	1.31063	2351	0	1
2017.11.08	13:00:00	1.31055	1.31169	1.30983	1.31018	2175	0	6
2017.11.08	14:00:00	1.31017	1.31043	1.30801	1.30897	3188	0	0
2017.11.08	15:00:00	1.30894	1.31037	1.30885	1.30985	2969	0	0
2017.11.08	16:00:00	1.30985	1.30992	1.30853	1.30909	3834	0	2
2017.11.08	17:00:00	1.30912	1.31001	1.30872	1.30997	4002	0	2
2017.11.08	18:00:00	1.30997	1.31048	1.30880	1.31033	3942	0	1
2017.11.08	19:00:00	1.31036	1.31121	1.30985	1.31098	1622	0	2
2017.11.08	20:00:00	1.31099	1.31180	1.31049	1.31180	1260	0	1
2017.11.08	21:00:00	1.31176	1.31176	1.31080	1.31145	1055	0	7
2017.11.08	22:00:00	1.31142	1.31206	1.31109	1.31178	1746	0	5
2017.11.08	23:00:00	1.31177	1.31222	1.31090	1.31090	703	0	9
2017.11.09	00:00:00	1.31078	1.31443	1.30319	1.31096	262527	0	42
2017.11.09	01:00:00	1.31119	1.31130	1.31052	1.31109	801	0	0
2017.11.09	02:00:00	1.31105	1.31193	1.31099	1.31152	1182	0	13
2017.11.09	03:00:00	1.31152	1.31165	1.31039	1.31059	1191	0	5
2017.11.09	04:00:00	1.31058	1.31238	1.31001	1.31208	1757	0	7
2017.11.09	05:00:00	1.31208	1.31254	1.31153	1.31252	1492	0	14
2017.11.09	06:00:00	1.31251	1.31267	1.31104	1.31131	1088	0	10
2017.11.09	07:00:00	1.31134	1.31175	1.31036	1.31175	2359	0	8
2017.11.09	08:00:00	1.31175	1.31214	1.31017	1.31064	1340	0	10
2017.11.09	09:00:00	1.31067	1.31257	1.31064	1.31214	2462	0	5
2017.11.09	10:00:00	1.31212	1.31441	1.31189	1.31318	3701	0	2
2017.11.09	11:00:00	1.31321	1.31398	1.31061	1.31084	3201	0	0
2017.11.09	12:00:00	1.31084	1.31106	1.30873	1.30873	2796	0	3
2017.11.09	13:00:00	1.30877	1.30966	1.30625	1.30659	5194	0	1
2017.11.09	14:00:00	1.30661	1.30851	1.30481	1.30768	5273	0	0
2017.11.09	15:00:00	1.30767	1.30929	1.30684	1.30894	3750	0	1
2017.11.09	16:00:00	1.30894	1.30951	1.30525	1.30566	4350	0	1
2017.11.09	17:00:00	1.30569	1.30948	1.30554	1.30926	4971	0	0
2017.11.09	18:00:00	1.30926	1.30933	1.30622	1.30774	4023	0	2
2017.11.09	19:00:00	1.30776	1.30806	1.30373	1.30575	4265	0	2
2017.11.09	20:00:00	1.30576	1.30761	1.30300	1.30620	3186	0	1
2017.11.09	21:00:00	1.30620	1.30720	1.30595	1.30661	1514	0	6
2017.11.09	22:00:00	1.30660	1.30737	1.30620	1.30712	1894	0	8
2017.11.09	23:00:00	1.30715	1.30754	1.30573	1.30614	717	0	7
2017.11.10	00:00:00	1.30601	1.31649	1.30343	1.30640	214779	0	5
2017.11.10	01:00:00	1.30640	1.30685	1.30613	1.30630	639	0	16
2017.11.10	02:00:00	1.30628	1.30655	1.30559	1.30632	1264	0	12
2017.11.10	03:00:00	1.30632	1.30738	1.30624	1.30713	1122	0	12
2017.11.10	04:00:00	1.30713	1.30771	1.30637	1.30685	1181	0	11
2017.11.10	05:00:00	1.30684	1.30756	1.30683	1.30723	639	0	12
2017.11.10	06:00:00	1.30724	1.30770	1.30709	1.30747	768	0	14
2017.11.10	07:00:00	1.30747	1.30770	1.30701	1.30740	987	0	10
2017.11.10	08:00:00	1.30740	1.30830	1.30684	1.30724	1562	0	2
2017.11.10	09:00:00	1.30724	1.30725	1.30472	1.30626	3844	0	3
2017.11.10	10:00:00	1.30626	1.30770	1.30513	1.30683	3662	0	4
2017.11.10	11:00:00	1.30685	1.30741	1.30450	1.30580	5339	0	1
2017.11.10	12:00:00	1.30580	1.30765	1.30563	1.30645	2885	0	0
2017.11.10	13:00:00	1.30647	1.30869	1.30613	1.30827	3079	0	5
2017.11.10	14:00:00	1.30830	1.31153	1.30821	1.31009	2968	0	2
2017.11.10	15:00:00	1.31007	1.31594	1.31007	1.31433	4128	0	0
2017.11.10	16:00:00	1.31434	1.31455	1.31282	1.31386	3250	0	3
2017.11.10	17:00:00	1.31383	1.31543	1.31277	1.31515	4323	0	3
2017.11.10	18:00:00	1.31516	1.31639	1.31441	1.31621	3487	0	2
2017.11.10	19:00:00	1.31621	1.31649	1.31307	1.31350	1844	0	3
2017.11.10	20:00:00	1.31354	1.31463	1.31308	1.31462	1269	0	6
2017.11.10	21:00:00	1.31461	1.31519	1.31351	1.31416	1215	0	2
2017.11.10	22:00:00	1.31416	1.31491	1.31362	1.31420	844	0	0
2017.11.10	23:00:00	1.31415	1.31423	1.31296	1.31352	597	0	18
2017.11.13	00:00:00	1.31032	1.31259	1.30020	1.31180	104387	0	55
2017.11.13	01:00:00	1.31199	1.31243	1.30735	1.30748	1257	0	25
2017.11.13	02:00:00	1.30741	1.30874	1.30709	1.30782	1876	0	10
2017.11.13	03:00:00	1.30781	1.31172	1.30693	1.30767	1341	0	10
2017.11.13	04:00:00	1.30769	1.30804	1.30699	1.30791	1211	0	12
2017.11.13	05:00:00	1.30791	1.30806	1.30727	1.30743	744	0	14
2017.11.13	06:00:00	1.30744	1.30838	1.30727	1.30828	596	0	11
2017.11.13	07:00:00	1.30829	1.30864	1.30806	1.30839	769	0	11
2017.11.13	08:00:00	1.30839	1.30850	1.30633	1.30705	1304	0	1
2017.11.13	09:00:00	1.30708	1.30711	1.30402	1.30527	3161	0	4
2017.11.13	10:00:00	1.30524	1.30594	1.30215	1.30240	3567	0	0
2017.11.13	11:00:00	1.30250	1.30491	1.30185	1.30451	2890	0	5
2017.11.13	12:00:00	1.30448	1.30597	1.30261	1.30266	2845	0	1
2017.11.13	13:00:00	1.30264	1.30357	1.30147	1.30290	3400	0	1
2017.11.13	14:00:00	1.30288	1.30302	1.30057	1.30201	2544	0	1
2017.11.13	15:00:00	1.30200	1.30273	1.30021	1.30098	4298	0	2
2017.11.13	16:00:00	1.30099	1.30363	1.30065	1.30357	3589	0	1
2017.11.13	17:00:00	1.30359	1.30691	1.30319	1.30514	4325	0	2
2017.11.13	18:00:00	1.30517	1.30712	1.30489	1.30669	3084	0	0
2017.11.13	19:00:00	1.30671	1.30723	1.30565	1.30643	1357	0	3
2017.11.13	20:00:00	1.30645	1.30655	1.30535	1.30578	943	0	6
2017.11.13	21:00:00	1.30577	1.30597	1.30517	1.30571	1012	0	7
2017.11.13	22:00:00	1.30571	1.30699	1.30571	1.30689	923	0	8
2017.11.13	23:00:00	1.30689	1.30689	1.30621	1.30636	594	0	7
2017.11.14	00:00:00	1.30571	1.30770	1.29826	1.30630	117960	0	53
2017.11.14	01:00:00	1.30630	1.30743	1.30630	1.30732	542	0	10
2017.11.14	02:00:00	1.30732	1.30765	1.30673	1.30676	1175	0	11
2017.11.14	03:00:00	1.30677	1.30755	1.30667	1.30725	1372	0	1
2017.11.14	04:00:00	1.30725	1.30766	1.30649	1.30660	892	0	5
2017.11.14	05:00:00	1.30657	1.30710	1.30653	1.30688	749	0	12
2017.11.14	06:00:00	1.30688	1.30714	1.30669	1.30702	831	0	13
2017.11.14	07:00:00	1.30702	1.30746	1.30675	1.30721	606	0	0
2017.11.14	08:00:00	1.30719	1.30740	1.30580	1.30644	1577	0	8
2017.11.14	09:00:00	1.30648	1.30654	1.30406	1.30452	3302	0	0
2017.11.14	10:00:00	1.30448	1.30647	1.30405	1.30500	4116	0	1
2017.11.14	11:00:00	1.30500	1.30534	1.30082	1.30270	4116	0	2
2017.11.14	12:00:00	1.30276	1.30334	1.30156	1.30179	3107	0	1
2017.11.14	13:00:00	1.30178	1.30470	1.30118	1.30415	3007	0	2
2017.11.14	14:00:00	1.30415	1.30417	1.29940	1.30037	3956	0	1
2017.11.14	15:00:00	1.30033	1.30055	1.29824	1.29925	4152	0	0
2017.11.14	16:00:00	1.29928	1.30050	1.29856	1.29985	3981	0	0
2017.11.14	17:00:00	1.29985	1.30203	1.29911	1.30093	5385	0	1
2017.11.14	18:00:00	1.30089	1.30193	1.30016	1.30145	3466	0	1
2017.11.14	19:00:00	1.30145	1.30463	1.30117	1.30361	2905	0	0
2017.11.14	20:00:00	1.30358	1.30379	1.30213	1.30217	2490	0	5
2017.11.14	21:00:00	1.30225	1.30306	1.30161	1.30268	1263	0	2
2017.11.14	22:00:00	1.30265	1.30307	1.30213	1.30236	1125	0	6
2017.11.14	23:00:00	1.30236	1.30316	1.30171	1.30203	672	0	9
2017.11.15	00:00:00	1.30162	1.30413	1.29550	1.30227	138960	0	10
2017.11.15	01:00:00	1.30236	1.30277	1.30178	1.30218	900	0	16
2017.11.15	02:00:00	1.30224	1.30260	1.30139	1.30182	1099	0	9
2017.11.15	03:00:00	1.30182	1.30182	1.29989	1.30020	1428	0	10
2017.11.15	04:00:00	1.30022	1.30024	1.29852	1.29947	1492	0	12
2017.11.15	05:00:00	1.29946	1.29947	1.29874	1.29937	1026	0	11
2017.11.15	06:00:00	1.29939	1.29989	1.29886	1.29983	1205	0	11
2017.11.15	07:00:00	1.29983	1.30000	1.29942	1.29969	949	0	10
2017.11.15	08:00:00	1.29971	1.30177	1.29942	1.30071	1671	0	10
2017.11.15	09:00:00	1.30070	1.30178	1.29914	1.29922	3977	0	3
2017.11.15	10:00:00	1.29925	1.30290	1.29848	1.30258	3920	0	1
2017.11.15	11:00:00	1.30258	1.30280	1.29555	1.29591	5482	0	3
2017.11.15	12:00:00	1.29583	1.30028	1.29548	1.29794	4140	0	4
2017.11.15	13:00:00	1.29790	1.29946	1.29746	1.29807	3206	0	0
2017.11.15	14:00:00	1.29807	1.29855	1.29620	1.29832	3314	0	0
2017.11.15	15:00:00	1.29836	1.29992	1.29696	1.29720	5258	0	0
2017.11.15	16:00:00	1.29726	1.29975	1.29711	1.29733	6002	0	1
2017.11.15	17:00:00	1.29741	1.30265	1.29739	1.30265	5698	0	4
2017.11.15	18:00:00	1.30268	1.30411	1.30261	1.30361	3592	0	5
2017.11.15	19:00:00	1.30353	1.30402	1.30222	1.30285	2254	0	5
2017.11.15	20:00:00	1.30284	1.30284	1.30113	1.30145	1852	0	6
2017.11.15	21:00:00	1.30145	1.30237	1.30107	1.30162	1665	0	1
2017.11.15	22:00:00	1.30165	1.30181	1.30067	1.30118	1660	0	4
2017.11.15	23:00:00	1.30116	1.30200	1.30098	1.30102	669	0	7
2017.11.16	00:00:00	1.30086	1.31178	1.30086	1.30275	134186	0	52
2017.11.16	01:00:00	1.30271	1.30288	1.30172	1.30206	1194	0	4
2017.11.16	02:00:00	1.30207	1.30347	1.30181	1.30300	1519	0	11
2017.11.16	03:00:00	1.30296	1.30323	1.30234	1.30295	730	0	9
2017.11.16	04:00:00	1.30297	1.30324	1.30245	1.30291	912	0	5
2017.11.16	05:00:00	1.30287	1.30329	1.30233	1.30239	745	0	13
2017.11.16	06:00:00	1.30239	1.30370	1.30239	1.30320	853	0	11
2017.11.16	07:00:00	1.30320	1.30363	1.30294	1.30347	669	0	11
2017.11.16	08:00:00	1.30347	1.30416	1.30323	1.30364	1428	0	10
2017.11.16	09:00:00	1.30364	1.30409	1.30090	1.30261	3735	0	5
2017.11.16	10:00:00	1.30261	1.30473	1.30199	1.30401	4170	0	5
2017.11.16	11:00:00	1.30396	1.30774	1.30349	1.30691	4141	0	3
2017.11.16	12:00:00	1.30689	1.30923	1.30668	1.30852	3812	0	1
2017.11.16	13:00:00	1.30852	1.31001	1.30816	1.30966	2958	0	5
2017.11.16	14:00:00	1.30966	1.31075	1.30863	1.31072	2407	0	1
2017.11.16	15:00:00	1.31068	1.31083	1.30787	1.30895	4849	0	0
2017.11.16	16:00:00	1.30895	1.30980	1.30639	1.30756	5420	0	2
2017.11.16	17:00:00	1.30756	1.31074	1.30735	1.31068	5113	0	0
2017.11.16	18:00:00	1.31071	1.31084	1.30878	1.30982	2945	0	2
2017.11.16	19:00:00	1.30983	1.31023	1.30844	1.30988	1932	0	3
2017.11.16	20:00:00	1.30988	1.31031	1.30923	1.31011	1625	0	4
2017.11.16	21:00:00	1.31008	1.31091	1.30987	1.31016	1522	0	5
2017.11.16	22:00:00	1.31016	1.31122	1.30843	1.31119	1241	0	0
2017.11.16	23:00:00	1.31115	1.31176	1.31051	1.31124	1168	0	0
2017.11.17	00:00:00	1.31076	1.31495	1.30455	1.31120	126271	0	32
2017.11.17	01:00:00	1.31108	1.31198	1.31097	1.31129	580	0	16
2017.11.17	02:00:00	1.31129	1.31176	1.31039	1.31108	1682	0	8
2017.11.17	03:00:00	1.31108	1.31418	1.31092	1.31250	2531	0	0
2017.11.17	04:00:00	1.31254	1.31266	1.31101	1.31166	1894	0	10
2017.11.17	05:00:00	1.31170	1.31266	1.31152	1.31230	1704	0	8
2017.11.17	06:00:00	1.31221	1.31275	1.31185	1.31268	1109	0	8
2017.11.17	07:00:00	1.31268	1.31352	1.31217	1.31346	1130	0	9
2017.11.17	08:00:00	1.31345	1.31377	1.31261	1.31336	1582	0	6
2017.11.17	09:00:00	1.31336	1.31498	1.31263	1.31324	3411	0	3
2017.11.17	10:00:00	1.31326	1.31417	1.31151	1.31270	4509	0	4
2017.11.17	11:00:00	1.31274	1.31455	1.31248	1.31405	3148	0	5
2017.11.17	12:00:00	1.31405	1.31422	1.30920	1.30968	3122	0	5
2017.11.17	13:00:00	1.30963	1.31024	1.30694	1.30964	3918	0	1
2017.11.17	14:00:00	1.30964	1.31047	1.30779	1.30889	2913	0	0
2017.11.17	15:00:00	1.30890	1.30938	1.30709	1.30754	4602	0	1
2017.11.17	16:00:00	1.30752	1.30758	1.30545	1.30667	6465	0	0
2017.11.17	17:00:00	1.30666	1.30939	1.30626	1.30854	5837	0	4
2017.11.17	18:00:00	1.30849	1.30960	1.30638	1.30652	5492	0	1
2017.11.17	19:00:00	1.30653	1.30658	1.30516	1.30525	2320	0	8
2017.11.17	20:00:00	1.30527	1.30662	1.30522	1.30628	1738	0	10
2017.11.17	21:00:00	1.30627	1.30685	1.30572	1.30641	1509	0	4
2017.11.17	22:00:00	1.30640	1.30667	1.30540	1.30649	1841	0	11
2017.11.17	23:00:00	1.30644	1.30715	1.30588	1.30659	1086	0	25
2017.11.20	00:00:00	1.30564	1.31536	1.30306	1.30778	132791	0	60
2017.11.20	01:00:00	1.30780	1.30840	1.30548	1.30599	2736	0	20
2017.11.20	02:00:00	1.30601	1.30723	1.30601	1.30693	1669	0	0
2017.11.20	03:00:00	1.30696	1.30709	1.30564	1.30564	1401	0	9
2017.11.20	04:00:00	1.30566	1.30600	1.30302	1.30365	2021	0	9
2017.11.20	05:00:00	1.30366	1.30496	1.30350	1.30481	915	0	13
2017.11.20	06:00:00	1.30481	1.30563	1.30468	1.30541	770	0	10
2017.11.20	07:00:00	1.30539	1.30662	1.30501	1.30622	958	0	10
2017.11.20	08:00:00	1.30623	1.30782	1.30599	1.30773	1093	0	6
2017.11.20	09:00:00	1.30773	1.31077	1.30722	1.31057	3385	0	5
2017.11.20	10:00:00	1.31050	1.31284	1.30963	1.31108	6733	0	1
2017.11.20	11:00:00	1.31108	1.31323	1.31048	1.31320	3398	0	2
2017.11.20	12:00:00	1.31315	1.31325	1.31062	1.31099	3335	0	3
2017.11.20	13:00:00	1.31100	1.31290	1.31031	1.31255	3565	0	2
2017.11.20	14:00:00	1.31253	1.31338	1.31169	1.31201	3255	0	0
2017.11.20	15:00:00	1.31201	1.31404	1.31201	1.31320	3202	0	3
2017.11.20	16:00:00	1.31320	1.31453	1.31231	1.31425	3423	0	3
2017.11.20	17:00:00	1.31423	1.31528	1.31321	1.31420	4175	0	3
2017.11.20	18:00:00	1.31420	1.31460	1.31309	1.31387	3424	0	2
2017.11.20	19:00:00	1.31387	1.31491	1.31257	1.31289	1999	0	2
2017.11.20	20:00:00	1.31287	1.31316	1.31172	1.31284	2013	0	4
2017.11.20	21:00:00	1.31288	1.31536	1.31284	1.31456	2123	0	5
2017.11.20	22:00:00	1.31456	1.31496	1.31396	1.31476	1148	0	11
2017.11.20	23:00:00	1.31473	1.31495	1.31413	1.31441	617	0	12
2017.11.21	00:00:00	1.31403	1.31847	1.31137	1.31458	111927	0	42
2017.11.21	01:00:00	1.31453	1.31522	1.31437	1.31521	392	0	19
2017.11.21	02:00:00	1.31521	1.31560	1.31479	1.31507	919	0	12
2017.11.21	03:00:00	1.31507	1.31517	1.31441	1.31509	1173	0	10
2017.11.21	04:00:00	1.31509	1.31524	1.31450	1.31514	815	0	11
2017.11.21	05:00:00	1.31513	1.31543	1.31467	1.31506	507	0	14
2017.11.21	06:00:00	1.31507	1.31568	1.31506	1.31538	471	0	0
2017.11.21	07:00:00	1.31541	1.31557	1.31482	1.31488	428	0	11
2017.11.21	08:00:00	1.31488	1.31520	1.31434	1.31479	1053	0	7
2017.11.21	09:00:00	1.31478	1.31844	1.31462	1.31837	2634	0	1
2017.11.21	10:00:00	1.31834	1.31837	1.31481	1.31488	3606	0	5
2017.11.21	11:00:00	1.31488	1.31551	1.31390	1.31435	3583	0	6
2017.11.21	12:00:00	1.31436	1.31539	1.31120	1.31223	3678	0	1
2017.11.21	13:00:00	1.31226	1.31640	1.31221	1.31549	3408	0	5
2017.11.21	14:00:00	1.31549	1.31722	1.31488	1.31566	2738	0	2
2017.11.21	15:00:00	1.31566	1.31620	1.31404	1.31520	2978	0	0
2017.11.21	16:00:00	1.31513	1.31552	1.31215	1.31311	4115	0	3
2017.11.21	17:00:00	1.31307	1.31451	1.31222	1.31286	4641	0	1
2017.11.21	18:00:00	1.31285	1.31336	1.31160	1.31196	3786	0	0
2017.11.21	19:00:00	1.31196	1.31307	1.31156	1.31289	2278	0	2
2017.11.21	20:00:00	1.31287	1.31307	1.31188	1.31249	1819	0	6
2017.11.21	21:00:00	1.31251	1.31344	1.31246	1.31276	1570	0	8
2017.11.21	22:00:00	1.31272	1.31302	1.31178	1.31182	1201	0	10
2017.11.21	23:00:00	1.31179	1.31288	1.31177	1.31216	988	0	9
2017.11.22	00:00:00	1.31209	1.31335	1.30429	1.31218	115500	0	36
2017.11.22	01:00:00	1.31229	1.31301	1.31204	1.31213	837	0	21
2017.11.22	02:00:00	1.31215	1.31267	1.31192	1.31227	1156	0	14
2017.11.22	03:00:00	1.31225	1.31258	1.31203	1.31213	1065	0	12
2017.11.22	04:00:00	1.31210	1.31319	1.31204	1.31316	1232	0	0
2017.11.22	05:00:00	1.31315	1.31334	1.31239	1.31291	617	0	12
2017.11.22	06:00:00	1.31287	1.31311	1.31276	1.31305	623	0	15
2017.11.22	07:00:00	1.31304	1.31312	1.31262	1.31271	670	0	9
2017.11.22	08:00:00	1.31271	1.31306	1.31207	1.31253	1112	0	9
2017.11.22	09:00:00	1.31254	1.31293	1.31027	1.31083	3250	0	2
2017.11.22	10:00:00	1.31082	1.31159	1.30955	1.31023	3545	0	0
2017.11.22	11:00:00	1.31023	1.31133	1.30978	1.31092	2755	0	5
2017.11.22	12:00:00	1.31092	1.31158	1.30988	1.31143	1829	0	0
2017.11.22	13:00:00	1.31143	1.31170	1.30910	1.31043	2505	0	3
2017.11.22	14:00:00	1.31043	1.31093	1.30638	1.30686	4270	0	1
2017.11.22	15:00:00	1.30685	1.31077	1.30629	1.30987	4848	0	2
2017.11.22	16:00:00	1.30987	1.31037	1.30876	1.30895	5028	0	1
2017.11.22	17:00:00	1.30904	1.30957	1.30426	1.30616	6398	0	0
2017.11.22	18:00:00	1.30616	1.30794	1.30546	1.30755	3698	0	4
2017.11.22	19:00:00	1.30755	1.30858	1.30669	1.30681	2262	0	2
2017.11.22	20:00:00	1.30681	1.30796	1.30650	1.30656	1555	0	4
2017.11.22	21:00:00	1.30708	1.30826	1.30634	1.30743	3817	0	5
2017.11.22	22:00:00	1.30747	1.30825	1.30697	1.30795	1301	0	8
2017.11.22	23:00:00	1.30789	1.30845	1.30752	1.30799	799	0	10
2017.11.23	00:00:00	1.30765	1.30882	1.30324	1.30781	140300	0	68
2017.11.23	01:00:00	1.30823	1.30883	1.30717	1.30767	828	0	15
2017.11.23	02:00:00	1.30761	1.30780	1.30717	1.30739	965	0	11
2017.11.23	03:00:00	1.30742	1.30798	1.30722	1.30784	1085	0	9
2017.11.23	04:00:00	1.30784	1.30831	1.30730	1.30771	1031	0	7
2017.11.23	05:00:00	1.30768	1.30849	1.30753	1.30838	1048	0	12
2017.11.23	06:00:00	1.30842	1.30864	1.30790	1.30791	488	0	16
2017.11.23	07:00:00	1.30795	1.30820	1.30748	1.30782	457	0	16
2017.11.23	08:00:00	1.30786	1.30810	1.30705	1.30793	918	0	9
2017.11.23	09:00:00	1.30801	1.30822	1.30623	1.30785	2012	0	5
2017.11.23	10:00:00	1.30784	1.30822	1.30571	1.30591	3626	0	0
2017.11.23	11:00:00	1.30583	1.30586	1.30362	1.30519	2604	0	5
2017.11.23	12:00:00	1.30524	1.30583	1.30325	1.30529	2299	0	2
2017.11.23	13:00:00	1.30532	1.30571	1.30344	1.30489	1868	0	2
2017.11.23	14:00:00	1.30487	1.30520	1.30372	1.30505	1320	0	5
2017.11.23	15:00:00	1.30505	1.30655	1.30454	1.30584	2043	0	2
2017.11.23	16:00:00	1.30584	1.30655	1.30510	1.30524	1977	0	9
2017.11.23	17:00:00	1.30524	1.30623	1.30452	1.30535	1510	0	6
2017.11.23	18:00:00	1.30541	1.30666	1.30499	1.30619	1204	0	8
2017.11.23	19:00:00	1.30621	1.30648	1.30468	1.30571	1091	0	17
2017.11.23	20:00:00	1.30588	1.30686	1.30574	1.30620	2007	0	24
2017.11.23	21:00:00	1.30623	1.30662	1.30551	1.30636	9730	0	33
2017.11.23	22:00:00	1.30640	1.30713	1.30560	1.30583	8266	0	33
2017.11.23	23:00:00	1.30586	1.30656	1.30539	1.30583	4511	0	55
2017.11.24	00:00:00	1.30576	1.30840	1.30318	1.30606	135288	0	56
2017.11.24	01:00:00	1.30605	1.30628	1.30562	1.30611	357	0	19
2017.11.24	02:00:00	1.30612	1.30640	1.30548	1.30583	668	0	14
2017.11.24	03:00:00	1.30582	1.30605	1.30515	1.30542	1137	0	0
2017.11.24	04:00:00	1.30543	1.30569	1.30466	1.30538	786	0	12
2017.11.24	05:00:00	1.30538	1.30563	1.30501	1.30533	698	0	11
2017.11.24	06:00:00	1.30533	1.30558	1.30449	1.30469	592	0	11
2017.11.24	07:00:00	1.30469	1.30520	1.30447	1.30486	443	0	11
2017.11.24	08:00:00	1.30490	1.30516	1.30441	1.30489	811	0	10
2017.11.24	09:00:00	1.30489	1.30655	1.30480	1.30601	2090	0	2
2017.11.24	10:00:00	1.30601	1.30789	1.30579	1.30710	3537	0	3
2017.11.24	11:00:00	1.30708	1.30770	1.30558	1.30769	3453	0	2
2017.11.24	12:00:00	1.30768	1.30806	1.30618	1.30668	2035	0	4
2017.11.24	13:00:00	1.30666	1.30760	1.30611	1.30713	2349	0	6
2017.11.24	14:00:00	1.30716	1.30796	1.30695	1.30748	3059	0	2
2017.11.24	15:00:00	1.30751	1.30796	1.30666	1.30730	3840	0	4
2017.11.24	16:00:00	1.30730	1.30841	1.30601	1.30775	4023	0	2
2017.11.24	17:00:00	1.30777	1.30810	1.30606	1.30676	3454	0	2
2017.11.24	18:00:00	1.30675	1.30802	1.30512	1.30535	3195	0	2
2017.11.24	19:00:00	1.30536	1.30666	1.30319	1.30583	2287	0	1
2017.11.24	20:00:00	1.30580	1.30706	1.30522	1.30561	3423	0	2
2017.11.24	21:00:00	1.30576	1.30628	1.30487	1.30612	6008	0	12
2017.11.24	22:00:00	1.30612	1.30677	1.30538	1.30585	5062	0	21
2017.11.24	23:00:00	1.30564	1.30613	1.30394	1.30481	7094	0	28
2017.11.27	00:00:00	1.30306	1.31215	1.30259	1.30537	102977	0	54
2017.11.27	01:00:00	1.30537	1.30679	1.30516	1.30619	579	0	21
2017.11.27	02:00:00	1.30618	1.30636	1.30556	1.30593	728	0	10
2017.11.27	03:00:00	1.30592	1.30672	1.30512	1.30553	1118	0	13
2017.11.27	04:00:00	1.30553	1.30578	1.30520	1.30547	797	0	13
2017.11.27	05:00:00	1.30546	1.30621	1.30525	1.30600	808	0	15
2017.11.27	06:00:00	1.30600	1.30629	1.30525	1.30577	778	0	15
2017.11.27	07:00:00	1.30577	1.30595	1.30521	1.30523	477	0	15
2017.11.27	08:00:00	1.30521	1.30588	1.30487	1.30557	1090	0	8
2017.11.27	09:00:00	1.30560	1.30623	1.30506	1.30594	2281	0	5
2017.11.27	10:00:00	1.30592	1.30760	1.30352	1.30717	6085	0	4
2017.11.27	11:00:00	1.30714	1.30899	1.30695	1.30889	4431	0	3
2017.11.27	12:00:00	1.30889	1.31057	1.30853	1.30975	3598	0	0
2017.11.27	13:00:00	1.30974	1.31009	1.30795	1.30879	3213	0	0
2017.11.27	14:00:00	1.30878	1.31107	1.30824	1.31087	3128	0	1
2017.11.27	15:00:00	1.31087	1.31182	1.30989	1.31068	3734	0	2
2017.11.27	16:00:00	1.31068	1.31215	1.30882	1.30957	3760	0	2
2017.11.27	17:00:00	1.30959	1.31040	1.30743	1.30843	4359	0	0
2017.11.27	18:00:00	1.30861	1.30906	1.30646	1.30712	3433	0	3
2017.11.27	19:00:00	1.30712	1.30851	1.30648	1.30789	2579	0	7
2017.11.27	20:00:00	1.30790	1.30800	1.30735	1.30754	1553	0	4
2017.11.27	21:00:00	1.30756	1.30756	1.30657	1.30673	1177	0	5
2017.11.27	22:00:00	1.30673	1.30774	1.30658	1.30753	1131	0	3
2017.11.27	23:00:00	1.30750	1.30787	1.30639	1.30651	630	0	8
2017.11.28	00:00:00	1.30627	1.31715	1.30012	1.30706	134846	0	58
2017.11.28	01:00:00	1.30684	1.30738	1.30659	1.30713	404	0	23
2017.11.28	02:00:00	1.30715	1.30747	1.30629	1.30647	1548	0	8
2017.11.28	03:00:00	1.30648	1.30713	1.30639	1.30694	1664	0	12
2017.11.28	04:00:00	1.30694	1.30779	1.30674	1.30744	1139	0	10
2017.11.28	05:00:00	1.30744	1.30783	1.30714	1.30769	657	0	15
2017.11.28	06:00:00	1.30769	1.30876	1.30744	1.30860	1039	0	10
2017.11.28	07:00:00	1.30860	1.30918	1.30825	1.30845	1065	0	11
2017.11.28	08:00:00	1.30849	1.31069	1.30776	1.30888	1492	0	3
2017.11.28	09:00:00	1.30888	1.31042	1.30716	1.31026	3128	0	1
2017.11.28	10:00:00	1.31024	1.31074	1.30507	1.30641	5883	0	3
2017.11.28	11:00:00	1.30641	1.30792	1.30602	1.30727	4160	0	1
2017.11.28	12:00:00	1.30730	1.30791	1.30585	1.30625	5098	0	2
2017.11.28	13:00:00	1.30627	1.30751	1.30565	1.30616	3761	0	0
2017.11.28	14:00:00	1.30617	1.30659	1.30429	1.30441	3195	0	2
2017.11.28	15:00:00	1.30441	1.30514	1.30365	1.30457	2462	0	3
2017.11.28	16:00:00	1.30463	1.30525	1.30420	1.30487	4117	0	3
2017.11.28	17:00:00	1.30493	1.30620	1.30161	1.30214	5059	0	1
2017.11.28	18:00:00	1.30212	1.30259	1.30009	1.30079	4255	0	0
2017.11.28	19:00:00	1.30073	1.31122	1.30017	1.31075	5482	0	0
2017.11.28	20:00:00	1.31071	1.31562	1.30553	1.31153	7378	0	2
2017.11.28	21:00:00	1.31159	1.31688	1.31105	1.31684	4169	0	3
2017.11.28	22:00:00	1.31687	1.31715	1.31438	1.31438	2360	0	8
2017.11.28	23:00:00	1.31433	1.31475	1.31179	1.31179	1216	0	9
2017.11.29	00:00:00	1.31169	1.32355	1.30855	1.31376	129178	0	51
2017.11.29	01:00:00	1.31391	1.31540	1.31310	1.31520	1053	0	17
2017.11.29	02:00:00	1.31516	1.31653	1.31447	1.31497	1987	0	7
2017.11.29	03:00:00	1.31496	1.31575	1.31470	1.31575	1272	0	9
2017.11.29	04:00:00	1.31579	1.31629	1.31491	1.31492	1113	0	11
2017.11.29	05:00:00	1.31492	1.31509	1.31449	1.31483	1242	0	10
2017.11.29	06:00:00	1.31486	1.31613	1.31473	1.31606	818	0	13
2017.11.29	07:00:00	1.31602	1.31645	1.31573	1.31620	685	0	16
2017.11.29	08:00:00	1.31615	1.31830	1.31615	1.31797	1529	0	8
2017.11.29	09:00:00	1.31796	1.32014	1.31704	1.31984	4502	0	2
2017.11.29	10:00:00	1.31986	1.32132	1.31825	1.31867	6219	0	1
2017.11.29	11:00:00	1.31867	1.31906	1.31620	1.31770	4418	0	1
2017.11.29	12:00:00	1.31772	1.32015	1.31688	1.31932	3906	0	0
2017.11.29	13:00:00	1.31931	1.32096	1.31837	1.31930	3626	0	1
2017.11.29	14:00:00	1.31930	1.32157	1.31843	1.31913	3401	0	1
2017.11.29	15:00:00	1.31906	1.32178	1.31899	1.32095	4806	0	2
2017.11.29	16:00:00	1.32095	1.32272	1.32021	1.32176	4729	0	0
2017.11.29	17:00:00	1.32174	1.32283	1.31607	1.32000	7351	0	0
2017.11.29	18:00:00	1.32005	1.32297	1.31959	1.32167	5010	0	0
2017.11.29	19:00:00	1.32167	1.32357	1.32062	1.32265	2606	0	3
2017.11.29	20:00:00	1.32260	1.32271	1.32032	1.32179	2348	0	4
2017.11.29	21:00:00	1.32179	1.32238	1.32046	1.32065	2071	0	6
2017.11.29	22:00:00	1.32072	1.32128	1.31967	1.31989	1757	0	3
2017.11.29	23:00:00	1.31986	1.32060	1.31965	1.31975	942	0	11
2017.11.30	00:00:00	1.31974	1.33153	1.31803	1.31997	149540	0	71
2017.11.30	01:00:00	1.31997	1.32098	1.31997	1.32092	697	0	10
2017.11.30	02:00:00	1.32092	1.32097	1.32004	1.32006	1724	0	7
2017.11.30	03:00:00	1.32007	1.32454	1.32007	1.32451	2729	0	10
2017.11.30	04:00:00	1.32456	1.32605	1.32366	1.32584	1449	0	14
2017.11.30	05:00:00	1.32579	1.32600	1.32538	1.32572	1257	0	12
2017.11.30	06:00:00	1.32571	1.32588	1.32537	1.32584	1445	0	13
2017.11.30	07:00:00	1.32587	1.32662	1.32547	1.32593	2075	0	8
2017.11.30	08:00:00	1.32592	1.32682	1.32444	1.32466	3236	0	5
2017.11.30	09:00:00	1.32466	1.32665	1.32424	1.32553	5002	0	0
2017.11.30	10:00:00	1.32547	1.32834	1.32547	1.32619	6943	0	1
2017.11.30	11:00:00	1.32624	1.32937	1.32614	1.32835	8195	0	0
2017.11.30	12:00:00	1.32845	1.32950	1.32515	1.32545	6219	0	1
2017.11.30	13:00:00	1.32542	1.32757	1.32439	1.32645	5470	0	0
2017.11.30	14:00:00	1.32647	1.33034	1.32645	1.32956	5865	0	1
2017.11.30	15:00:00	1.32950	1.33037	1.32786	1.32795	6076	0	1
2017.11.30	16:00:00	1.32799	1.32830	1.32598	1.32710	7832	0	0
2017.11.30	17:00:00	1.32712	1.33091	1.32658	1.32854	11483	0	0
2017.11.30	18:00:00	1.32859	1.32951	1.32688	1.32860	9694	0	0
2017.11.30	19:00:00	1.32858	1.33054	1.32756	1.32953	7368	0	0
2017.11.30	20:00:00	1.32957	1.33041	1.32895	1.32962	5385	0	1
2017.11.30	21:00:00	1.32965	1.33142	1.32890	1.33091	4125	0	4
2017.11.30	22:00:00	1.33104	1.33151	1.33013	1.33050	3308	0	3
2017.11.30	23:00:00	1.33048	1.33101	1.32979	1.32985	2443	0	1
2017.12.01	00:00:00	1.32937	1.33222	1.31324	1.32967	150572	0	64
2017.12.01	01:00:00	1.32988	1.33155	1.32988	1.33127	922	0	9
2017.12.01	02:00:00	1.33125	1.33214	1.33101	1.33158	1994	0	8
2017.12.01	03:00:00	1.33154	1.33174	1.33059	1.33083	1576	0	12
2017.12.01	04:00:00	1.33084	1.33141	1.33061	1.33079	1615	0	14
2017.12.01	05:00:00	1.33078	1.33139	1.33073	1.33128	1175	0	12
2017.12.01	06:00:00	1.33127	1.33137	1.33035	1.33101	1409	0	11
2017.12.01	07:00:00	1.33103	1.33166	1.33069	1.33078	1315	0	11
2017.12.01	08:00:00	1.33085	1.33123	1.32958	1.32993	1549	0	6
2017.12.01	09:00:00	1.32993	1.33157	1.32920	1.33090	4728	0	3
2017.12.01	10:00:00	1.33094	1.33208	1.32638	1.32764	8889	0	0
2017.12.01	11:00:00	1.32764	1.32815	1.32409	1.32617	7665	0	1
2017.12.01	12:00:00	1.32615	1.32733	1.32519	1.32640	6682	0	0
2017.12.01	13:00:00	1.32637	1.32793	1.32557	1.32618	5464	0	1
2017.12.01	14:00:00	1.32621	1.32730	1.32605	1.32701	6124	0	0
2017.12.01	15:00:00	1.32703	1.32940	1.32530	1.32933	9357	0	0
2017.12.01	16:00:00	1.32936	1.32938	1.32687	1.32823	7599	0	0
2017.12.01	17:00:00	1.32817	1.33002	1.32689	1.32744	10813	0	1
2017.12.01	18:00:00	1.32743	1.32789	1.31621	1.31825	19837	0	0
2017.12.01	19:00:00	1.31830	1.31989	1.31484	1.31648	10568	0	1
2017.12.01	20:00:00	1.31648	1.32042	1.31620	1.31858	7631	0	1
2017.12.01	21:00:00	1.31857	1.31857	1.31398	1.31412	6244	0	1
2017.12.01	22:00:00	1.31409	1.31570	1.31401	1.31545	3196	0	2
2017.12.01	23:00:00	1.31540	1.31618	1.31386	1.31457	1541	0	6
2017.12.04	00:00:00	1.31800	1.33183	1.31660	1.32051	123296	0	74
2017.12.04	01:00:00	1.32049	1.32535	1.31941	1.32526	1704	0	4
2017.12.04	02:00:00	1.32522	1.32529	1.32348	1.32353	1365	0	14
2017.12.04	03:00:00	1.32351	1.32423	1.32300	1.32387	1156	0	6
2017.12.04	04:00:00	1.32387	1.32414	1.32259	1.32303	729	0	14
2017.12.04	05:00:00	1.32307	1.32380	1.32256	1.32374	1305	0	10
2017.12.04	06:00:00	1.32371	1.32371	1.32264	1.32287	1037	0	10
2017.12.04	07:00:00	1.32291	1.32325	1.32281	1.32305	590	0	16
2017.12.04	08:00:00	1.32306	1.32357	1.32255	1.32276	4295	0	4
2017.12.04	09:00:00	1.32279	1.32366	1.32013	1.32216	4099	0	0
2017.12.04	10:00:00	1.32219	1.32283	1.31977	1.32049	3847	0	0
2017.12.04	11:00:00	1.32052	1.32145	1.31969	1.32048	2548	0	1
2017.12.04	12:00:00	1.32051	1.32231	1.31994	1.32179	2548	0	2
2017.12.04	13:00:00	1.32178	1.33071	1.32170	1.32841	4397	0	0
2017.12.04	14:00:00	1.32847	1.33170	1.32728	1.32853	4519	0	0
2017.12.04	15:00:00	1.32852	1.33071	1.32761	1.32938	4180	0	0
2017.12.04	16:00:00	1.32940	1.33124	1.32940	1.33073	4719	0	0
2017.12.04	17:00:00	1.33077	1.33179	1.32064	1.32728	8500	0	0
2017.12.04	18:00:00	1.32729	1.32799	1.32370	1.32719	4449	0	0
2017.12.04	19:00:00	1.32719	1.32777	1.32576	1.32765	2282	0	1
2017.12.04	20:00:00	1.32767	1.32852	1.32741	1.32839	1487	0	0
2017.12.04	21:00:00	1.32839	1.32879	1.32663	1.32779	2158	0	3
2017.12.04	22:00:00	1.32782	1.32797	1.32660	1.32691	2328	0	5
2017.12.04	23:00:00	1.32694	1.32814	1.32655	1.32768	938	0	10
2017.12.05	00:00:00	1.32727	1.32882	1.31849	1.32692	106899	0	37
2017.12.05	01:00:00	1.32677	1.32692	1.32618	1.32660	551	0	18
2017.12.05	02:00:00	1.32659	1.32670	1.32592	1.32600	928	0	16
2017.12.05	03:00:00	1.32601	1.32628	1.32542	1.32593	754	0	14
2017.12.05	04:00:00	1.32594	1.32659	1.32573	1.32606	777	0	15
2017.12.05	05:00:00	1.32603	1.32633	1.32532	1.32585	766	0	8
2017.12.05	06:00:00	1.32586	1.32647	1.32562	1.32618	909	0	14
2017.12.05	07:00:00	1.32618	1.32652	1.32577	1.32625	790	0	14
2017.12.05	08:00:00	1.32625	1.32645	1.32323	1.32355	1477	0	4
2017.12.05	09:00:00	1.32358	1.32434	1.32177	1.32250	3815	0	0
2017.12.05	10:00:00	1.32250	1.32402	1.31847	1.31980	5825	0	0
2017.12.05	11:00:00	1.31983	1.32358	1.31917	1.32351	3593	0	0
2017.12.05	12:00:00	1.32351	1.32430	1.32112	1.32262	3193	0	1
2017.12.05	13:00:00	1.32263	1.32306	1.31854	1.32037	3458	0	0
2017.12.05	14:00:00	1.32037	1.32331	1.31925	1.32207	3498	0	0
2017.12.05	15:00:00	1.32207	1.32407	1.32173	1.32247	3363	0	1
2017.12.05	16:00:00	1.32250	1.32595	1.32238	1.32524	4810	0	0
2017.12.05	17:00:00	1.32517	1.32884	1.32417	1.32841	5744	0	0
2017.12.05	18:00:00	1.32840	1.32875	1.32710	1.32713	3716	0	1
2017.12.05	19:00:00	1.32713	1.32858	1.32645	1.32800	2433	0	3
2017.12.05	20:00:00	1.32800	1.32814	1.32737	1.32759	1686	0	6
2017.12.05	21:00:00	1.32757	1.32847	1.32639	1.32823	1803	0	7
2017.12.05	22:00:00	1.32827	1.32835	1.32705	1.32748	1379	0	8
2017.12.05	23:00:00	1.32746	1.32779	1.32636	1.32654	557	0	9
2017.12.06	00:00:00	1.32648	1.32705	1.32035	1.32417	103738	0	53
2017.12.06	01:00:00	1.32425	1.32557	1.32344	1.32461	990	0	8
2017.12.06	02:00:00	1.32458	1.32563	1.32442	1.32550	957	0	9
2017.12.06	03:00:00	1.32550	1.32630	1.32498	1.32630	1209	0	13
2017.12.06	04:00:00	1.32630	1.32630	1.32482	1.32523	1409	0	9
2017.12.06	05:00:00	1.32526	1.32596	1.32475	1.32545	1197	0	13
2017.12.06	06:00:00	1.32545	1.32585	1.32370	1.32448	1432	0	12
2017.12.06	07:00:00	1.32443	1.32455	1.32318	1.32373	1099	0	12
2017.12.06	08:00:00	1.32369	1.32459	1.32327	1.32334	919	0	6
2017.12.06	09:00:00	1.32334	1.32412	1.32024	1.32371	3633	0	1
2017.12.06	10:00:00	1.32367	1.32482	1.32283	1.32354	2926	0	2
2017.12.06	11:00:00	1.32351	1.32418	1.32214	1.32282	3229	0	0
2017.12.06	12:00:00	1.32283	1.32351	1.32044	1.32231	3684	0	1
2017.12.06	13:00:00	1.32233	1.32434	1.32126	1.32126	4240	0	0
2017.12.06	14:00:00	1.32129	1.32275	1.32076	1.32145	2458	0	1
2017.12.06	15:00:00	1.32146	1.32368	1.32079	1.32321	3343	0	1
2017.12.06	16:00:00	1.32324	1.32526	1.32242	1.32323	5153	0	0
2017.12.06	17:00:00	1.32326	1.32539	1.32276	1.32441	5153	0	0
2017.12.06	18:00:00	1.32441	1.32643	1.32435	1.32525	3116	0	0
2017.12.06	19:00:00	1.32524	1.32550	1.32349	1.32437	1680	0	0
2017.12.06	20:00:00	1.32439	1.32473	1.32400	1.32453	1237	0	2
2017.12.06	21:00:00	1.32450	1.32490	1.32372	1.32452	1332	0	5
2017.12.06	22:00:00	1.32454	1.32554	1.32438	1.32483	1405	0	0
2017.12.06	23:00:00	1.32486	1.32591	1.32476	1.32513	739	0	6
2017.12.07	00:00:00	1.32481	1.34055	1.32210	1.32337	110438	0	58
2017.12.07	01:00:00	1.32337	1.32557	1.32198	1.32474	1174	0	0
2017.12.07	02:00:00	1.32480	1.32573	1.32468	1.32555	897	0	14
2017.12.07	03:00:00	1.32551	1.32566	1.32447	1.32461	908	0	14
2017.12.07	04:00:00	1.32459	1.32499	1.32398	1.32402	956	0	3
2017.12.07	05:00:00	1.32404	1.32433	1.32366	1.32400	514	0	15
2017.12.07	06:00:00	1.32401	1.32434	1.32389	1.32431	408	0	17
2017.12.07	07:00:00	1.32434	1.32442	1.32307	1.32373	971	0	13
2017.12.07	08:00:00	1.32377	1.32537	1.32337	1.32507	526	0	10
2017.12.07	09:00:00	1.32507	1.32598	1.32434	1.32455	2103	0	1
2017.12.07	10:00:00	1.32459	1.32579	1.32373	1.32510	2792	0	2
2017.12.07	11:00:00	1.32510	1.32681	1.32485	1.32652	2271	0	0
2017.12.07	12:00:00	1.32652	1.33051	1.32641	1.32784	3648	0	1
2017.12.07	13:00:00	1.32784	1.33040	1.32288	1.32333	3247	0	0
2017.12.07	14:00:00	1.32333	1.33036	1.32206	1.32909	3972	0	0
2017.12.07	15:00:00	1.32910	1.32913	1.32666	1.32674	3444	0	1
2017.12.07	16:00:00	1.32674	1.33154	1.32661	1.33126	4078	0	0
2017.12.07	17:00:00	1.33126	1.33234	1.32944	1.33226	4112	0	1
2017.12.07	18:00:00	1.33224	1.33295	1.33081	1.33259	2920	0	0
2017.12.07	19:00:00	1.33259	1.33332	1.33142	1.33261	2082	0	2
2017.12.07	20:00:00	1.33259	1.33834	1.33164	1.33672	4435	0	1
2017.12.07	21:00:00	1.33670	1.33942	1.33659	1.33910	2607	0	3
2017.12.07	22:00:00	1.33915	1.34050	1.33746	1.33989	1949	0	2
2017.12.07	23:00:00	1.33991	1.34048	1.33837	1.33946	1124	0	9
2017.12.08	00:00:00	1.33939	1.34691	1.32668	1.33972	111897	0	60
2017.12.08	01:00:00	1.33970	1.34135	1.33961	1.34113	682	0	14
2017.12.08	02:00:00	1.34109	1.34119	1.33911	1.33953	1126	0	9
2017.12.08	03:00:00	1.33949	1.34091	1.33924	1.34046	1009	0	0
2017.12.08	04:00:00	1.34050	1.34124	1.34050	1.34114	860	0	10
2017.12.08	05:00:00	1.34114	1.34152	1.34003	1.34024	712	0	7
2017.12.08	06:00:00	1.34024	1.34322	1.34005	1.34271	1389	0	6
2017.12.08	07:00:00	1.34271	1.34585	1.34233	1.34559	1339	0	7
2017.12.08	08:00:00	1.34555	1.34682	1.34056	1.34086	3098	0	2
2017.12.08	09:00:00	1.34086	1.34436	1.34045	1.34405	3326	0	0
2017.12.08	10:00:00	1.34408	1.34689	1.34388	1.34442	4475	0	0
2017.12.08	11:00:00	1.34440	1.34440	1.34154	1.34312	3598	0	0
2017.12.08	12:00:00	1.34316	1.34378	1.34226	1.34267	2189	0	0
2017.12.08	13:00:00	1.34263	1.34430	1.34122	1.34150	1860	0	1
2017.12.08	14:00:00	1.34147	1.34166	1.33730	1.33834	3976	0	1
2017.12.08	15:00:00	1.33832	1.33838	1.33336	1.33453	6047	0	1
2017.12.08	16:00:00	1.33451	1.33617	1.33279	1.33389	4483	0	0
2017.12.08	17:00:00	1.33385	1.33458	1.32916	1.33008	4640	0	0
2017.12.08	18:00:00	1.33005	1.33097	1.32666	1.32710	3137	0	4
2017.12.08	19:00:00	1.32711	1.33144	1.32704	1.33103	2115	0	1
2017.12.08	20:00:00	1.33105	1.33105	1.32922	1.32965	1233	0	0
2017.12.08	21:00:00	1.32965	1.33054	1.32959	1.33005	1194	0	4
2017.12.08	22:00:00	1.33008	1.33008	1.32933	1.32945	993	0	9
2017.12.08	23:00:00	1.32946	1.33050	1.32741	1.32765	1252	0	2
2017.12.11	00:00:00	1.32797	1.33170	1.32061	1.32883	86535	0	80
2017.12.11	01:00:00	1.32870	1.33046	1.32870	1.32951	921	0	0
2017.12.11	02:00:00	1.32958	1.33014	1.32891	1.32910	1784	0	11
2017.12.11	03:00:00	1.32910	1.33001	1.32853	1.32918	1641	0	16
2017.12.11	04:00:00	1.32917	1.32976	1.32908	1.32947	781	0	17
2017.12.11	05:00:00	1.32945	1.32951	1.32874	1.32881	1337	0	12
2017.12.11	06:00:00	1.32881	1.32968	1.32864	1.32905	667	0	9
2017.12.11	07:00:00	1.32906	1.32941	1.32818	1.32894	767	0	10
2017.12.11	08:00:00	1.32894	1.33071	1.32863	1.33007	999	0	6
2017.12.11	09:00:00	1.33008	1.33171	1.32589	1.32732	2520	0	4
2017.12.11	10:00:00	1.32735	1.32785	1.32392	1.32473	3158	0	2
2017.12.11	11:00:00	1.32473	1.32646	1.32436	1.32479	2205	0	2
2017.12.11	12:00:00	1.32479	1.32640	1.32223	1.32606	2635	0	1
2017.12.11	13:00:00	1.32602	1.32782	1.32466	1.32478	2622	0	2
2017.12.11	14:00:00	1.32480	1.32522	1.32294	1.32329	2265	0	3
2017.12.11	15:00:00	1.32326	1.32511	1.32302	1.32435	2804	0	1
2017.12.11	16:00:00	1.32434	1.32601	1.32359	1.32376	3144	0	0
2017.12.11	17:00:00	1.32374	1.32455	1.32171	1.32342	4273	0	0
2017.12.11	18:00:00	1.32342	1.32382	1.32235	1.32283	2985	0	0
2017.12.11	19:00:00	1.32283	1.32294	1.32148	1.32245	1618	0	1
2017.12.11	20:00:00	1.32241	1.32259	1.32061	1.32237	1398	0	5
2017.12.11	21:00:00	1.32239	1.32274	1.32192	1.32247	1172	0	5
2017.12.11	22:00:00	1.32244	1.32297	1.32189	1.32285	1275	0	4
2017.12.11	23:00:00	1.32290	1.32369	1.32213	1.32213	1038	0	1
2017.12.12	00:00:00	1.32206	1.32593	1.31782	1.32272	96678	0	55
2017.12.12	01:00:00	1.32278	1.32341	1.32276	1.32320	493	0	18
2017.12.12	02:00:00	1.32322	1.32364	1.32242	1.32328	835	0	9
2017.12.12	03:00:00	1.32325	1.32343	1.32239	1.32249	1006	0	10
2017.12.12	04:00:00	1.32250	1.32312	1.32240	1.32264	760	0	12
2017.12.12	05:00:00	1.32263	1.32315	1.32258	1.32284	489	0	11
2017.12.12	06:00:00	1.32287	1.32373	1.32272	1.32303	486	0	0
2017.12.12	07:00:00	1.32301	1.32351	1.32272	1.32351	638	0	12
2017.12.12	08:00:00	1.32354	1.32425	1.32316	1.32316	692	0	9
2017.12.12	09:00:00	1.32316	1.32397	1.32301	1.32314	2123	0	6
2017.12.12	10:00:00	1.32318	1.32521	1.32091	1.32128	4559	0	2
2017.12.12	11:00:00	1.32128	1.32337	1.31953	1.32043	4530	0	1
2017.12.12	12:00:00	1.32047	1.32132	1.31784	1.32117	3120	0	1
2017.12.12	13:00:00	1.32120	1.32249	1.32072	1.32224	1943	0	0
2017.12.12	14:00:00	1.32227	1.32516	1.32212	1.32475	2775	0	1
2017.12.12	15:00:00	1.32477	1.32596	1.32361	1.32434	4016	0	0
2017.12.12	16:00:00	1.32435	1.32470	1.32293	1.32385	4392	0	0
2017.12.12	17:00:00	1.32397	1.32533	1.32198	1.32230	3693	0	0
2017.12.12	18:00:00	1.32233	1.32278	1.32033	1.32234	3650	0	0
2017.12.12	19:00:00	1.32236	1.32275	1.32032	1.32117	3172	0	1
2017.12.12	20:00:00	1.32116	1.32137	1.31975	1.31999	2582	0	1
2017.12.12	21:00:00	1.31998	1.32126	1.31977	1.32118	1715	0	0
2017.12.12	22:00:00	1.32116	1.32123	1.32014	1.32044	1520	0	4
2017.12.12	23:00:00	1.32041	1.32062	1.31969	1.32053	964	0	2
2017.12.13	00:00:00	1.31979	1.32565	1.31594	1.32019	105660	0	31
2017.12.13	01:00:00	1.32038	1.32080	1.31995	1.32056	353	0	0
2017.12.13	02:00:00	1.32051	1.32056	1.31950	1.32019	947	0	8
2017.12.13	03:00:00	1.32019	1.32035	1.31946	1.31950	964	0	11
2017.12.13	04:00:00	1.31953	1.32002	1.31945	1.31982	948	0	7
2017.12.13	05:00:00	1.31981	1.32015	1.31857	1.31923	1716	0	7
2017.12.13	06:00:00	1.31919	1.31957	1.31886	1.31943	603	0	9
2017.12.13	07:00:00	1.31949	1.32019	1.31929	1.32002	966	0	6
2017.12.13	08:00:00	1.32003	1.32041	1.31920	1.32041	909	0	1
2017.12.13	09:00:00	1.32036	1.32107	1.31978	1.32107	1434	0	1
2017.12.13	10:00:00	1.32107	1.32415	1.32013	1.32334	3025	0	0
2017.12.13	11:00:00	1.32331	1.32563	1.32218	1.32364	3637	0	0
2017.12.13	12:00:00	1.32362	1.32466	1.32281	1.32281	1737	0	2
2017.12.13	13:00:00	1.32281	1.32570	1.32258	1.32436	2008	0	2
2017.12.13	14:00:00	1.32437	1.32525	1.32373	1.32476	2666	0	1
2017.12.13	15:00:00	1.32472	1.32502	1.31984	1.32048	5105	0	0
2017.12.13	16:00:00	1.32046	1.32407	1.32024	1.32382	3509	0	2
2017.12.13	17:00:00	1.32380	1.32469	1.32135	1.32167	3805	0	0
2017.12.13	18:00:00	1.32167	1.32327	1.32108	1.32240	3578	0	2
2017.12.13	19:00:00	1.32236	1.32240	1.31975	1.31999	2423	0	0
2017.12.13	20:00:00	1.31995	1.32093	1.31896	1.31896	2105	0	3
2017.12.13	21:00:00	1.31914	1.32269	1.31574	1.32078	6838	0	3
2017.12.13	22:00:00	1.32091	1.32274	1.32035	1.32254	2657	0	7
2017.12.13	23:00:00	1.32257	1.32275	1.32124	1.32224	877	0	6
2017.12.14	00:00:00	1.32159	1.33067	1.31631	1.32194	126768	0	48
2017.12.14	01:00:00	1.32209	1.32260	1.32104	1.32143	1567	0	6
2017.12.14	02:00:00	1.32143	1.32242	1.32122	1.32221	1381	0	2
2017.12.14	03:00:00	1.32219	1.32219	1.32104	1.32114	1253	0	10
2017.12.14	04:00:00	1.32119	1.32354	1.32119	1.32343	1272	0	11
2017.12.14	05:00:00	1.32343	1.32468	1.32192	1.32212	1176	0	2
2017.12.14	06:00:00	1.32212	1.32327	1.32204	1.32297	724	0	12
2017.12.14	07:00:00	1.32296	1.32354	1.32241	1.32258	1027	0	0
2017.12.14	08:00:00	1.32255	1.32302	1.32193	1.32262	996	0	10
2017.12.14	09:00:00	1.32265	1.32423	1.32172	1.32419	2471	0	3
2017.12.14	10:00:00	1.32414	1.32657	1.32287	1.32637	3811	0	0
2017.12.14	11:00:00	1.32640	1.32996	1.32615	1.32949	3597	0	1
2017.12.14	12:00:00	1.32949	1.32983	1.32619	1.32850	3479	0	0
2017.12.14	13:00:00	1.32848	1.32862	1.32673	1.32737	2526	0	1
2017.12.14	14:00:00	1.32740	1.32749	1.32390	1.32608	4706	0	1
2017.12.14	15:00:00	1.32608	1.32658	1.32447	1.32565	5158	0	0
2017.12.14	16:00:00	1.32569	1.32647	1.32460	1.32596	5604	0	0
2017.12.14	17:00:00	1.32596	1.32897	1.32534	1.32853	4954	0	1
2017.12.14	18:00:00	1.32852	1.33071	1.32824	1.33033	4318	0	1
2017.12.14	19:00:00	1.33033	1.33050	1.32839	1.32854	2626	0	3
2017.12.14	20:00:00	1.32852	1.32925	1.32690	1.32715	2485	0	4
2017.12.14	21:00:00	1.32715	1.32766	1.32598	1.32709	1760	0	2
2017.12.14	22:00:00	1.32706	1.32735	1.32603	1.32617	1294	0	4
2017.12.14	23:00:00	1.32616	1.32853	1.32616	1.32778	872	0	2
2017.12.15	00:00:00	1.32799	1.32896	1.30894	1.32779	165721	0	51
2017.12.15	01:00:00	1.32819	1.32866	1.32764	1.32840	1178	0	18
2017.12.15	02:00:00	1.32836	1.32878	1.32776	1.32805	1198	0	10
2017.12.15	03:00:00	1.32805	1.32900	1.32764	1.32864	1076	0	11
2017.12.15	04:00:00	1.32864	1.32864	1.32736	1.32801	1581	0	11
2017.12.15	05:00:00	1.32801	1.32811	1.32735	1.32779	1106	0	14
2017.12.15	06:00:00	1.32777	1.32855	1.32738	1.32846	799	0	12
2017.12.15	07:00:00	1.32850	1.32879	1.32766	1.32770	689	0	0
2017.12.15	08:00:00	1.32777	1.32896	1.32676	1.32841	1095	0	8
2017.12.15	09:00:00	1.32836	1.32841	1.32668	1.32748	1938	0	1
2017.12.15	10:00:00	1.32751	1.32804	1.32609	1.32799	3386	0	0
2017.12.15	11:00:00	1.32797	1.32884	1.32527	1.32681	3632	0	2
2017.12.15	12:00:00	1.32685	1.32685	1.32492	1.32519	2621	0	0
2017.12.15	13:00:00	1.32515	1.32618	1.32382	1.32461	2607	0	1
2017.12.15	14:00:00	1.32465	1.32479	1.32168	1.32216	3990	0	0
2017.12.15	15:00:00	1.32213	1.32290	1.31734	1.31873	5102	0	1
2017.12.15	16:00:00	1.31873	1.32161	1.31849	1.32106	5646	0	0
2017.12.15	17:00:00	1.32103	1.32363	1.32047	1.32052	5479	0	0
2017.12.15	18:00:00	1.32049	1.32173	1.31804	1.31841	4507	0	1
2017.12.15	19:00:00	1.31844	1.32079	1.31770	1.32079	3014	0	2
2017.12.15	20:00:00	1.32081	1.32093	1.31864	1.32017	2562	0	4
2017.12.15	21:00:00	1.32013	1.32035	1.31939	1.31960	1685	0	5
2017.12.15	22:00:00	1.31957	1.32025	1.31930	1.31997	1590	0	5
2017.12.15	23:00:00	1.31991	1.32038	1.31776	1.31942	1415	0	11
2017.12.18	00:00:00	1.31636	1.32565	1.31634	1.31894	129820	0	150
2017.12.18	01:00:00	1.31923	1.31995	1.31895	1.31975	1648	0	27
2017.12.18	02:00:00	1.31981	1.32133	1.31926	1.32049	3089	0	4
2017.12.18	03:00:00	1.32040	1.32093	1.32004	1.32073	2508	0	18
2017.12.18	04:00:00	1.32071	1.32110	1.32025	1.32092	1840	0	15
2017.12.18	05:00:00	1.32094	1.32097	1.32038	1.32046	1902	0	13
2017.12.18	06:00:00	1.32045	1.32068	1.31997	1.32052	2436	0	8
2017.12.18	07:00:00	1.32051	1.32111	1.32028	1.32104	1401	0	11
2017.12.18	08:00:00	1.32104	1.32141	1.32069	1.32139	2252	0	13
2017.12.18	09:00:00	1.32141	1.32160	1.32015	1.32053	4784	0	6
2017.12.18	10:00:00	1.32052	1.32180	1.31977	1.32038	6944	0	4
2017.12.18	11:00:00	1.32039	1.32156	1.32000	1.32034	7654	0	4
2017.12.18	12:00:00	1.32030	1.32069	1.31825	1.31923	6785	0	4
2017.12.18	13:00:00	1.31923	1.32107	1.31923	1.32028	6278	0	4
2017.12.18	14:00:00	1.32028	1.32160	1.32007	1.32089	5212	0	4
2017.12.18	15:00:00	1.32090	1.32409	1.32051	1.32314	6663	0	4
2017.12.18	16:00:00	1.32315	1.32562	1.32271	1.32339	9320	0	4
2017.12.18	17:00:00	1.32341	1.32391	1.31959	1.32021	10398	0	4
2017.12.18	18:00:00	1.32019	1.32110	1.31963	1.32033	7973	0	4
2017.12.18	19:00:00	1.32033	1.32084	1.31914	1.31966	5484	0	4
2017.12.18	20:00:00	1.31965	1.32034	1.31916	1.31973	4152	0	6
2017.12.18	21:00:00	1.31973	1.32022	1.31927	1.31942	4162	0	8
2017.12.18	22:00:00	1.31944	1.31991	1.31912	1.31937	4579	0	4
2017.12.18	23:00:00	1.31921	1.31944	1.31852	1.31868	1866	0	11
2017.12.19	00:00:00	1.31867	1.32016	1.31478	1.31881	144005	0	38
2017.12.19	01:00:00	1.31906	1.31913	1.31831	1.31861	1921	0	28
2017.12.19	02:00:00	1.31863	1.31905	1.31826	1.31839	2181	0	9
2017.12.19	03:00:00	1.31837	1.31844	1.31729	1.31806	2057	0	14
2017.12.19	04:00:00	1.31807	1.31843	1.31774	1.31806	3181	0	10
2017.12.19	05:00:00	1.31806	1.31892	1.31779	1.31888	3579	0	12
2017.12.19	06:00:00	1.31888	1.31923	1.31854	1.31915	1559	0	11
2017.12.19	07:00:00	1.31912	1.31917	1.31841	1.31878	1682	0	12
2017.12.19	08:00:00	1.31878	1.31982	1.31807	1.31922	2625	0	13
2017.12.19	09:00:00	1.31921	1.32017	1.31781	1.31956	5934	0	4
2017.12.19	10:00:00	1.31956	1.31990	1.31819	1.31854	6071	0	4
2017.12.19	11:00:00	1.31854	1.31941	1.31653	1.31672	8458	0	4
2017.12.19	12:00:00	1.31669	1.31755	1.31508	1.31645	7613	0	4
2017.12.19	13:00:00	1.31645	1.31805	1.31558	1.31560	6897	0	4
2017.12.19	14:00:00	1.31557	1.31685	1.31478	1.31589	7891	0	4
2017.12.19	15:00:00	1.31589	1.31694	1.31489	1.31622	8329	0	4
2017.12.19	16:00:00	1.31622	1.31934	1.31597	1.31904	9950	0	4
2017.12.19	17:00:00	1.31903	1.31981	1.31682	1.31819	10681	0	8
2017.12.19	18:00:00	1.31819	1.31821	1.31534	1.31624	10905	0	4
2017.12.19	19:00:00	1.31624	1.31871	1.31621	1.31844	7544	0	5
2017.12.19	20:00:00	1.31845	1.31903	1.31752	1.31855	7415	0	4
2017.12.19	21:00:00	1.31855	1.31926	1.31839	1.31863	3833	0	6
2017.12.19	22:00:00	1.31858	1.31912	1.31766	1.31798	4580	0	4
2017.12.19	23:00:00	1.31811	1.31842	1.31757	1.31757	1388	0	14
2017.12.20	00:00:00	1.31735	1.32576	1.31722	1.31830	133346	0	31
2017.12.20	01:00:00	1.31831	1.31920	1.31828	1.31915	1386	0	24
2017.12.20	02:00:00	1.31914	1.31968	1.31899	1.31955	2634	0	4
2017.12.20	03:00:00	1.31958	1.31992	1.31920	1.31939	2323	0	11
2017.12.20	04:00:00	1.31938	1.31958	1.31884	1.31889	1131	0	12
2017.12.20	05:00:00	1.31888	1.31935	1.31879	1.31934	738	0	13
2017.12.20	06:00:00	1.31935	1.31955	1.31907	1.31945	982	0	13
2017.12.20	07:00:00	1.31944	1.31946	1.31867	1.31876	1159	0	14
2017.12.20	08:00:00	1.31873	1.31932	1.31844	1.31858	2384	0	13
2017.12.20	09:00:00	1.31856	1.31965	1.31821	1.31919	4567	0	7
2017.12.20	10:00:00	1.31917	1.32106	1.31845	1.32090	9693	0	4
2017.12.20	11:00:00	1.32090	1.32261	1.32024	1.32175	7231	0	6
2017.12.20	12:00:00	1.32174	1.32342	1.32139	1.32249	7932	0	4
2017.12.20	13:00:00	1.32253	1.32370	1.32154	1.32339	6663	0	7
2017.12.20	14:00:00	1.32339	1.32406	1.32179	1.32358	6680	0	4
2017.12.20	15:00:00	1.32359	1.32577	1.32326	1.32496	8173	0	4
2017.12.20	16:00:00	1.32496	1.32551	1.32093	1.32136	9357	0	4
2017.12.20	17:00:00	1.32140	1.32180	1.31749	1.32016	13761	0	4
2017.12.20	18:00:00	1.32013	1.32205	1.32009	1.32192	8203	0	6
2017.12.20	19:00:00	1.32189	1.32199	1.31954	1.32069	5978	0	4
2017.12.20	20:00:00	1.32069	1.32110	1.32003	1.32098	4266	0	4
2017.12.20	21:00:00	1.32102	1.32165	1.32089	1.32109	3637	0	9
2017.12.20	22:00:00	1.32106	1.32136	1.32021	1.32052	4043	0	11
2017.12.20	23:00:00	1.32053	1.32069	1.31950	1.31965	2122	0	4
2017.12.21	00:00:00	1.31946	1.32349	1.31663	1.31913	132436	0	52
2017.12.21	01:00:00	1.31913	1.31942	1.31838	1.31848	1911	0	36
2017.12.21	02:00:00	1.31847	1.31852	1.31753	1.31808	2025	0	16
2017.12.21	03:00:00	1.31809	1.31845	1.31693	1.31790	2044	0	4
2017.12.21	04:00:00	1.31790	1.31800	1.31723	1.31780	1340	0	13
2017.12.21	05:00:00	1.31778	1.31786	1.31676	1.31772	1819	0	14
2017.12.21	06:00:00	1.31771	1.31772	1.31715	1.31749	1634	0	14
2017.12.21	07:00:00	1.31750	1.31777	1.31730	1.31753	1576	0	14
2017.12.21	08:00:00	1.31753	1.31834	1.31740	1.31744	2108	0	10
2017.12.21	09:00:00	1.31744	1.31780	1.31665	1.31749	5678	0	8
2017.12.21	10:00:00	1.31749	1.31914	1.31735	1.31762	7641	0	11
2017.12.21	11:00:00	1.31764	1.32062	1.31764	1.32027	8738	0	4
2017.12.21	12:00:00	1.32031	1.32106	1.31990	1.31991	6651	0	5
2017.12.21	13:00:00	1.31990	1.32200	1.31985	1.32161	6439	0	5
2017.12.21	14:00:00	1.32161	1.32186	1.31951	1.32088	7571	0	4
2017.12.21	15:00:00	1.32090	1.32172	1.32004	1.32163	6486	0	4
2017.12.21	16:00:00	1.32164	1.32252	1.31985	1.32116	9802	0	4
2017.12.21	17:00:00	1.32122	1.32223	1.32023	1.32064	8602	0	4
2017.12.21	18:00:00	1.32068	1.32252	1.31971	1.32239	11385	0	4
2017.12.21	19:00:00	1.32238	1.32311	1.32208	1.32264	4270	0	7
2017.12.21	20:00:00	1.32268	1.32348	1.32228	1.32315	3953	0	5
2017.12.21	21:00:00	1.32315	1.32333	1.32233	1.32238	4068	0	7
2017.12.21	22:00:00	1.32244	1.32264	1.32198	1.32218	3886	0	7
2017.12.21	23:00:00	1.32220	1.32319	1.32180	1.32250	1754	0	15
2017.12.22	00:00:00	1.32233	1.32614	1.32044	1.32301	116884	0	28
2017.12.22	01:00:00	1.32295	1.32309	1.32224	1.32270	1874	0	17
2017.12.22	02:00:00	1.32266	1.32384	1.32226	1.32298	5650	0	9
2017.12.22	03:00:00	1.32299	1.32348	1.32269	1.32324	3309	0	14
2017.12.22	04:00:00	1.32324	1.32375	1.32223	1.32346	2332	0	4
2017.12.22	05:00:00	1.32345	1.32357	1.32244	1.32293	1565	0	14
2017.12.22	06:00:00	1.32287	1.32322	1.32260	1.32322	1195	0	13
2017.12.22	07:00:00	1.32323	1.32373	1.32323	1.32371	878	0	12
2017.12.22	08:00:00	1.32371	1.32392	1.32266	1.32304	2296	0	9
2017.12.22	09:00:00	1.32304	1.32398	1.32273	1.32388	3443	0	7
2017.12.22	10:00:00	1.32390	1.32430	1.32226	1.32347	7165	0	4
2017.12.22	11:00:00	1.32347	1.32553	1.32201	1.32498	7097	0	4
2017.12.22	12:00:00	1.32498	1.32545	1.32309	1.32486	5957	0	7
2017.12.22	13:00:00	1.32484	1.32518	1.32161	1.32436	8618	0	5
2017.12.22	14:00:00	1.32437	1.32496	1.32298	1.32493	5966	0	4
2017.12.22	15:00:00	1.32493	1.32609	1.32391	1.32479	5941	0	4
2017.12.22	16:00:00	1.32478	1.32601	1.32392	1.32404	7213	0	4
2017.12.22	17:00:00	1.32411	1.32566	1.32273	1.32305	6152	0	5
2017.12.22	18:00:00	1.32303	1.32508	1.32233	1.32416	5293	0	9
2017.12.22	19:00:00	1.32418	1.32461	1.32333	1.32439	3950	0	9
2017.12.22	20:00:00	1.32440	1.32443	1.32318	1.32325	2667	0	12
2017.12.22	21:00:00	1.32325	1.32445	1.32268	1.32384	3010	0	4
2017.12.22	22:00:00	1.32384	1.32398	1.32160	1.32186	2426	0	15
2017.12.22	23:00:00	1.32204	1.32273	1.32026	1.32154	2365	0	18
2017.12.26	00:00:00	1.32019	1.32482	1.32019	1.32289	66859	0	150
2017.12.26	06:00:00	1.32282	1.32298	1.32243	1.32247	336	0	60
2017.12.26	07:00:00	1.32246	1.32301	1.32235	1.32258	471	0	35
2017.12.26	08:00:00	1.32272	1.32335	1.32272	1.32332	405	0	28
2017.12.26	09:00:00	1.32332	1.32341	1.32249	1.32263	1160	0	18
2017.12.26	10:00:00	1.32265	1.32293	1.32213	1.32272	1273	0	16
2017.12.26	11:00:00	1.32272	1.32280	1.32197	1.32268	1778	0	5
2017.12.26	12:00:00	1.32268	1.32480	1.32240	1.32357	1682	0	14
2017.12.26	13:00:00	1.32359	1.32426	1.32314	1.32340	1625	0	17
2017.12.26	14:00:00	1.32341	1.32358	1.32261	1.32299	2318	0	8
2017.12.26	15:00:00	1.32303	1.32337	1.32187	1.32226	2558	0	12
2017.12.26	16:00:00	1.32225	1.32288	1.32055	1.32095	4234	0	10
2017.12.26	17:00:00	1.32095	1.32280	1.32078	1.32265	2778	0	10
2017.12.26	18:00:00	1.32266	1.32275	1.32189	1.32223	2266	0	12
2017.12.26	19:00:00	1.32224	1.32377	1.32209	1.32345	2248	0	12
2017.12.26	20:00:00	1.32342	1.32426	1.32293	1.32395	1932	0	14
2017.12.26	21:00:00	1.32396	1.32401	1.32305	1.32322	2293	0	15
2017.12.26	22:00:00	1.32324	1.32368	1.32285	1.32347	1914	0	15
2017.12.26	23:00:00	1.32339	1.32394	1.32274	1.32274	1683	0	18
2017.12.27	00:00:00	1.32284	1.32898	1.32043	1.32312	107326	0	50
2017.12.27	01:00:00	1.32312	1.32376	1.32252	1.32374	1688	0	17
2017.12.27	02:00:00	1.32363	1.32378	1.32296	1.32320	1296	0	7
2017.12.27	03:00:00	1.32321	1.32381	1.32307	1.32374	1266	0	12
2017.12.27	04:00:00	1.32376	1.32385	1.32241	1.32308	1782	0	8
2017.12.27	05:00:00	1.32308	1.32347	1.32270	1.32347	1402	0	10
2017.12.27	06:00:00	1.32348	1.32386	1.32280	1.32294	1386	0	13
2017.12.27	07:00:00	1.32296	1.32308	1.32256	1.32270	1121	0	14
2017.12.27	08:00:00	1.32270	1.32385	1.32270	1.32338	1729	0	12
2017.12.27	09:00:00	1.32339	1.32552	1.32314	1.32535	3671	0	5
2017.12.27	10:00:00	1.32540	1.32632	1.32450	1.32514	6950	0	4
2017.12.27	11:00:00	1.32513	1.32670	1.32474	1.32584	7179	0	4
2017.12.27	12:00:00	1.32584	1.32740	1.32555	1.32707	6121	0	4
2017.12.27	13:00:00	1.32707	1.32812	1.32611	1.32621	6230	0	4
2017.12.27	14:00:00	1.32621	1.32765	1.32534	1.32765	7377	0	4
2017.12.27	15:00:00	1.32768	1.32900	1.32653	1.32719	6490	0	4
2017.12.27	16:00:00	1.32719	1.32778	1.32461	1.32494	13001	0	4
2017.12.27	17:00:00	1.32491	1.32561	1.32360	1.32388	5947	0	4
2017.12.27	18:00:00	1.32387	1.32551	1.32218	1.32303	6466	0	4
2017.12.27	19:00:00	1.32303	1.32310	1.32140	1.32211	4210	0	8
2017.12.27	20:00:00	1.32212	1.32255	1.32051	1.32139	3814	0	4
2017.12.27	21:00:00	1.32139	1.32213	1.32102	1.32103	3491	0	12
2017.12.27	22:00:00	1.32102	1.32269	1.32102	1.32240	2703	0	9
2017.12.27	23:00:00	1.32242	1.32253	1.32027	1.32027	1481	0	12
2017.12.28	00:00:00	1.32000	1.32255	1.31424	1.32054	145028	0	74
2017.12.28	01:00:00	1.32051	1.32171	1.32042	1.32120	4702	0	38
2017.12.28	02:00:00	1.32121	1.32151	1.32070	1.32146	2060	0	20
2017.12.28	03:00:00	1.32144	1.32237	1.32133	1.32223	1833	0	15
2017.12.28	04:00:00	1.32225	1.32258	1.32160	1.32179	1679	0	18
2017.12.28	05:00:00	1.32181	1.32186	1.32140	1.32158	993	0	22
2017.12.28	06:00:00	1.32159	1.32175	1.32090	1.32111	1575	0	19
2017.12.28	07:00:00	1.32111	1.32115	1.31967	1.32039	6002	0	11
2017.12.28	08:00:00	1.32040	1.32042	1.31957	1.32014	6622	0	15
2017.12.28	09:00:00	1.32013	1.32049	1.31803	1.31848	6828	0	4
2017.12.28	10:00:00	1.31852	1.32046	1.31767	1.31902	6029	0	10
2017.12.28	11:00:00	1.31902	1.32053	1.31899	1.31926	6933	0	8
2017.12.28	12:00:00	1.31926	1.31965	1.31768	1.31795	6111	0	4
2017.12.28	13:00:00	1.31792	1.31825	1.31548	1.31614	3968	0	9
2017.12.28	14:00:00	1.31612	1.31786	1.31587	1.31719	4254	0	9
2017.12.28	15:00:00	1.31719	1.31876	1.31677	1.31677	4693	0	6
2017.12.28	16:00:00	1.31679	1.31685	1.31546	1.31639	7292	0	9
2017.12.28	17:00:00	1.31639	1.31650	1.31470	1.31536	5983	0	8
2017.12.28	18:00:00	1.31538	1.31631	1.31424	1.31467	7666	0	9
2017.12.28	19:00:00	1.31466	1.31610	1.31457	1.31553	5268	0	6
2017.12.28	20:00:00	1.31553	1.31664	1.31535	1.31561	4086	0	11
2017.12.28	21:00:00	1.31560	1.31571	1.31451	1.31511	3241	0	9
2017.12.28	22:00:00	1.31510	1.31615	1.31500	1.31610	2929	0	11
2017.12.28	23:00:00	1.31586	1.31592	1.31358	1.31360	1485	0	6
2017.12.29	00:00:00	1.31107	1.32128	1.31080	1.31379	107714	0	119
2017.12.29	01:00:00	1.31391	1.31529	1.31387	1.31529	2259	0	31
2017.12.29	02:00:00	1.31530	1.31542	1.31453	1.31513	1047	0	27
2017.12.29	03:00:00	1.31514	1.31548	1.31446	1.31518	2370	0	16
2017.12.29	04:00:00	1.31517	1.31647	1.31507	1.31606	2415	0	16
2017.12.29	05:00:00	1.31610	1.31703	1.31606	1.31682	1683	0	16
2017.12.29	06:00:00	1.31682	1.31716	1.31622	1.31688	1174	0	13
2017.12.29	07:00:00	1.31689	1.31722	1.31627	1.31701	1520	0	13
2017.12.29	08:00:00	1.31701	1.31750	1.31684	1.31703	1787	0	15
2017.12.29	09:00:00	1.31703	1.31733	1.31585	1.31590	3694	0	4
2017.12.29	10:00:00	1.31592	1.31859	1.31514	1.31806	6245	0	4
2017.12.29	11:00:00	1.31804	1.31836	1.31694	1.31752	4249	0	6
2017.12.29	12:00:00	1.31750	1.31756	1.31566	1.31596	4005	0	10
2017.12.29	13:00:00	1.31597	1.31841	1.31597	1.31783	3907	0	4
2017.12.29	14:00:00	1.31785	1.31905	1.31711	1.31832	5034	0	4
2017.12.29	15:00:00	1.31831	1.32084	1.31815	1.32067	6080	0	5
2017.12.29	16:00:00	1.32067	1.32112	1.31921	1.31922	5770	0	4
2017.12.29	17:00:00	1.31922	1.32126	1.31799	1.31815	9110	0	4
2017.12.29	18:00:00	1.31816	1.31873	1.31690	1.31739	9302	0	4
2017.12.29	19:00:00	1.31737	1.31865	1.31639	1.31656	4948	0	6
2017.12.29	20:00:00	1.31654	1.31790	1.31647	1.31785	3462	0	8
2017.12.29	21:00:00	1.31782	1.31784	1.31674	1.31752	2274	0	10
2017.12.29	22:00:00	1.31754	1.31771	1.31526	1.31531	2289	0	17
2017.12.29	23:00:00	1.31528	1.31648	1.31467	1.31639	2203	0	20
2018.01.02	00:00:00	1.31246	1.32207	1.31246	1.31597	145259	0	150
2018.01.02	01:00:00	1.31474	1.31690	1.31401	1.31675	2045	0	60
2018.01.02	02:00:00	1.31661	1.31719	1.31593	1.31612	1023	0	45
2018.01.02	03:00:00	1.31611	1.31694	1.31605	1.31638	1338	0	45
2018.01.02	04:00:00	1.31645	1.31664	1.31582	1.31589	1433	0	44
2018.01.02	05:00:00	1.31588	1.31632	1.31551	1.31564	1349	0	44
2018.01.02	06:00:00	1.31565	1.31578	1.31534	1.31567	749	0	44
2018.01.02	07:00:00	1.31569	1.31654	1.31566	1.31654	864	0	18
2018.01.02	08:00:00	1.31629	1.31689	1.31595	1.31613	2791	0	8
2018.01.02	09:00:00	1.31613	1.31725	1.31547	1.31714	6245	0	7
2018.01.02	10:00:00	1.31712	1.31893	1.31701	1.31864	9320	0	4
2018.01.02	11:00:00	1.31863	1.31926	1.31561	1.31603	8330	0	4
2018.01.02	12:00:00	1.31601	1.31688	1.31414	1.31671	9132	0	4
2018.01.02	13:00:00	1.31669	1.31723	1.31488	1.31626	6522	0	5
2018.01.02	14:00:00	1.31628	1.31751	1.31625	1.31698	5997	0	4
2018.01.02	15:00:00	1.31697	1.31791	1.31629	1.31734	6181	0	5
2018.01.02	16:00:00	1.31733	1.31827	1.31665	1.31792	7548	0	7
2018.01.02	17:00:00	1.31791	1.32044	1.31695	1.32020	10868	0	4
2018.01.02	18:00:00	1.32019	1.32133	1.31906	1.32113	9919	0	4
2018.01.02	19:00:00	1.32114	1.32190	1.32071	1.32095	5931	0	7
2018.01.02	20:00:00	1.32094	1.32156	1.32056	1.32156	3537	0	7
2018.01.02	21:00:00	1.32156	1.32201	1.32121	1.32141	2808	0	8
2018.01.02	22:00:00	1.32141	1.32210	1.32096	1.32105	3410	0	11
2018.01.02	23:00:00	1.32099	1.32150	1.31989	1.31998	1920	0	14
2018.01.03	00:00:00	1.31988	1.32458	1.31916	1.32052	159899	0	34
2018.01.03	01:00:00	1.32050	1.32109	1.32021	1.32058	3190	0	17
2018.01.03	02:00:00	1.32058	1.32158	1.32058	1.32158	2295	0	15
2018.01.03	03:00:00	1.32159	1.32240	1.32120	1.32215	2749	0	11
2018.01.03	04:00:00	1.32214	1.32234	1.32140	1.32168	2676	0	4
2018.01.03	05:00:00	1.32167	1.32204	1.32137	1.32168	1327	0	12
2018.01.03	06:00:00	1.32168	1.32216	1.32162	1.32176	1720	0	6
2018.01.03	07:00:00	1.32176	1.32211	1.32148	1.32204	1549	0	9
2018.01.03	08:00:00	1.32204	1.32268	1.32152	1.32203	3807	0	12
2018.01.03	09:00:00	1.32203	1.32271	1.32177	1.32177	5075	0	6
2018.01.03	10:00:00	1.32177	1.32313	1.32140	1.32192	6856	0	7
2018.01.03	11:00:00	1.32192	1.32279	1.32092	1.32123	5650	0	5
2018.01.03	12:00:00	1.32124	1.32376	1.32096	1.32358	7663	0	4
2018.01.03	13:00:00	1.32359	1.32429	1.32292	1.32387	7102	0	4
2018.01.03	14:00:00	1.32388	1.32425	1.32319	1.32331	5332	0	4
2018.01.03	15:00:00	1.32332	1.32459	1.32307	1.32387	5740	0	4
2018.01.03	16:00:00	1.32387	1.32399	1.32226	1.32287	7561	0	4
2018.01.03	17:00:00	1.32263	1.32320	1.32013	1.32014	11437	0	4
2018.01.03	18:00:00	1.32013	1.32103	1.31935	1.31984	7542	0	4
2018.01.03	19:00:00	1.31984	1.32091	1.31963	1.32085	3500	0	7
2018.01.03	20:00:00	1.32084	1.32084	1.31957	1.31995	3226	0	4
2018.01.03	21:00:00	1.31988	1.32148	1.31980	1.32049	6697	0	6
2018.01.03	22:00:00	1.32049	1.32065	1.31972	1.31976	4151	0	11
2018.01.03	23:00:00	1.31984	1.32070	1.31971	1.31972	1697	0	13
2018.01.04	00:00:00	1.31956	1.32329	1.31896	1.32006	142297	0	28
2018.01.04	01:00:00	1.32007	1.32050	1.31977	1.32012	1617	0	20
2018.01.04	02:00:00	1.32007	1.32059	1.31998	1.32037	2140	0	9
2018.01.04	03:00:00	1.32037	1.32159	1.32025	1.32129	2702	0	11
2018.01.04	04:00:00	1.32130	1.32171	1.32103	1.32150	2732	0	9
2018.01.04	05:00:00	1.32154	1.32190	1.32140	1.32187	1893	0	13
2018.01.04	06:00:00	1.32186	1.32195	1.32152	1.32168	1885	0	11
2018.01.04	07:00:00	1.32168	1.32182	1.32106	1.32141	2153	0	9
2018.01.04	08:00:00	1.32140	1.32170	1.32045	1.32047	3909	0	9
2018.01.04	09:00:00	1.32047	1.32169	1.32036	1.32126	4750	0	10
2018.01.04	10:00:00	1.32128	1.32283	1.32069	1.32268	6860	0	8
2018.01.04	11:00:00	1.32268	1.32334	1.32201	1.32224	7072	0	8
2018.01.04	12:00:00	1.32225	1.32243	1.32121	1.32125	5975	0	4
2018.01.04	13:00:00	1.32125	1.32218	1.32090	1.32210	5689	0	7
2018.01.04	14:00:00	1.32211	1.32231	1.32012	1.32034	4762	0	4
2018.01.04	15:00:00	1.32034	1.32105	1.31946	1.32012	8268	0	6
2018.01.04	16:00:00	1.32013	1.32144	1.31919	1.31994	8413	0	4
2018.01.04	17:00:00	1.31995	1.32132	1.31898	1.32099	8180	0	4
2018.01.04	18:00:00	1.32100	1.32181	1.31996	1.32036	8303	0	6
2018.01.04	19:00:00	1.32036	1.32060	1.31971	1.31975	4100	0	9
2018.01.04	20:00:00	1.31974	1.32035	1.31947	1.32019	3872	0	10
2018.01.04	21:00:00	1.32019	1.32122	1.31999	1.32115	3477	0	6
2018.01.04	22:00:00	1.32117	1.32138	1.32059	1.32099	2959	0	8
2018.01.04	23:00:00	1.32090	1.32117	1.31859	1.31867	1792	0	9
2018.01.05	00:00:00	1.31909	1.32600	1.31909	1.32005	145107	0	25
2018.01.05	01:00:00	1.32004	1.32084	1.31974	1.32052	1886	0	14
2018.01.05	02:00:00	1.32050	1.32142	1.32029	1.32135	2790	0	10
2018.01.05	03:00:00	1.32136	1.32138	1.32033	1.32082	2006	0	12
2018.01.05	04:00:00	1.32082	1.32135	1.32078	1.32128	1904	0	8
2018.01.05	05:00:00	1.32127	1.32203	1.32099	1.32181	1772	0	12
2018.01.05	06:00:00	1.32179	1.32189	1.32133	1.32168	1279	0	11
2018.01.05	07:00:00	1.32166	1.32264	1.32166	1.32241	2583	0	7
2018.01.05	08:00:00	1.32242	1.32334	1.32230	1.32299	3993	0	9
2018.01.05	09:00:00	1.32301	1.32330	1.32225	1.32276	5217	0	8
2018.01.05	10:00:00	1.32277	1.32399	1.32187	1.32239	6329	0	4
2018.01.05	11:00:00	1.32238	1.32255	1.32139	1.32196	5696	0	7
2018.01.05	12:00:00	1.32189	1.32311	1.32141	1.32275	5452	0	8
2018.01.05	13:00:00	1.32274	1.32349	1.32233	1.32267	3845	0	5
2018.01.05	14:00:00	1.32266	1.32386	1.32245	1.32329	4464	0	7
2018.01.05	15:00:00	1.32327	1.32395	1.32042	1.32326	11871	0	4
2018.01.05	16:00:00	1.32326	1.32604	1.32322	1.32423	12193	0	4
2018.01.05	17:00:00	1.32401	1.32518	1.32247	1.32261	10666	0	5
2018.01.05	18:00:00	1.32262	1.32317	1.32195	1.32243	7833	0	4
2018.01.05	19:00:00	1.32244	1.32346	1.32224	1.32335	4056	0	8
2018.01.05	20:00:00	1.32337	1.32388	1.32302	1.32382	2928	0	9
2018.01.05	21:00:00	1.32383	1.32406	1.32312	1.32315	2992	0	9
2018.01.05	22:00:00	1.32316	1.32332	1.32276	1.32298	2849	0	9
2018.01.05	23:00:00	1.32281	1.32281	1.32156	1.32204	1634	0	12
2018.01.08	00:00:00	1.32193	1.32685	1.32029	1.32282	124952	0	69
2018.01.08	01:00:00	1.32282	1.32375	1.32253	1.32370	3025	0	21
2018.01.08	02:00:00	1.32367	1.32388	1.32287	1.32305	1472	0	15
2018.01.08	03:00:00	1.32304	1.32415	1.32290	1.32401	2629	0	12
2018.01.08	04:00:00	1.32400	1.32428	1.32359	1.32383	2453	0	10
2018.01.08	05:00:00	1.32385	1.32385	1.32281	1.32318	1813	0	10
2018.01.08	06:00:00	1.32317	1.32322	1.32253	1.32298	1926	0	9
2018.01.08	07:00:00	1.32297	1.32328	1.32261	1.32280	2291	0	12
2018.01.08	08:00:00	1.32279	1.32293	1.32190	1.32198	2090	0	13
2018.01.08	09:00:00	1.32200	1.32307	1.32190	1.32292	4183	0	9
2018.01.08	10:00:00	1.32292	1.32376	1.32224	1.32286	5569	0	1
2018.01.08	11:00:00	1.32286	1.32385	1.32253	1.32351	3936	0	6
2018.01.08	12:00:00	1.32350	1.32397	1.32145	1.32320	5973	0	1
2018.01.08	13:00:00	1.32321	1.32459	1.32321	1.32379	4309	0	8
2018.01.08	14:00:00	1.32379	1.32570	1.32342	1.32501	5154	0	4
2018.01.08	15:00:00	1.32500	1.32513	1.32310	1.32456	5553	0	9
2018.01.08	16:00:00	1.32457	1.32460	1.32260	1.32410	7785	0	3
2018.01.08	17:00:00	1.32413	1.32686	1.32372	1.32591	7713	0	3
2018.01.08	18:00:00	1.32591	1.32671	1.32397	1.32434	7268	0	1
2018.01.08	19:00:00	1.32435	1.32472	1.32376	1.32383	4757	0	8
2018.01.08	20:00:00	1.32384	1.32540	1.32382	1.32529	3492	0	9
2018.01.08	21:00:00	1.32530	1.32643	1.32514	1.32622	2727	0	7
2018.01.08	22:00:00	1.32627	1.32637	1.32545	1.32570	2477	0	7
2018.01.08	23:00:00	1.32569	1.32609	1.32513	1.32513	1211	0	9
2018.01.09	00:00:00	1.32506	1.33140	1.32307	1.32561	142875	0	50
2018.01.09	01:00:00	1.32563	1.32633	1.32563	1.32628	972	0	16
2018.01.09	02:00:00	1.32621	1.32673	1.32591	1.32648	1800	0	4
2018.01.09	03:00:00	1.32651	1.32673	1.32563	1.32627	3867	0	11
2018.01.09	04:00:00	1.32627	1.32650	1.32564	1.32635	3414	0	10
2018.01.09	05:00:00	1.32635	1.32689	1.32616	1.32640	1805	0	11
2018.01.09	06:00:00	1.32638	1.32644	1.32598	1.32626	1339	0	13
2018.01.09	07:00:00	1.32628	1.32712	1.32603	1.32696	2092	0	9
2018.01.09	08:00:00	1.32699	1.32727	1.32640	1.32656	3114	0	6
2018.01.09	09:00:00	1.32654	1.32781	1.32575	1.32746	7241	0	10
2018.01.09	10:00:00	1.32738	1.32904	1.32700	1.32739	9346	0	5
2018.01.09	11:00:00	1.32739	1.32955	1.32713	1.32915	7517	0	6
2018.01.09	12:00:00	1.32909	1.33023	1.32796	1.32978	5727	0	1
2018.01.09	13:00:00	1.32980	1.33123	1.32955	1.33008	5097	0	4
2018.01.09	14:00:00	1.33010	1.33036	1.32802	1.32896	5410	0	1
2018.01.09	15:00:00	1.32893	1.32982	1.32778	1.32882	6022	0	1
2018.01.09	16:00:00	1.32880	1.32986	1.32844	1.32935	7767	0	8
2018.01.09	17:00:00	1.32936	1.33003	1.32857	1.32907	8655	0	1
2018.01.09	18:00:00	1.32906	1.32912	1.32786	1.32912	7395	0	1
2018.01.09	19:00:00	1.32910	1.33054	1.32890	1.33007	4789	0	1
2018.01.09	20:00:00	1.33005	1.33072	1.32982	1.33056	3383	0	3
2018.01.09	21:00:00	1.33054	1.33127	1.33032	1.33087	3497	0	2
2018.01.09	22:00:00	1.33086	1.33131	1.33047	1.33124	3049	0	7
2018.01.09	23:00:00	1.33103	1.33144	1.32959	1.32959	1611	0	10
2018.01.10	00:00:00	1.32953	1.33197	1.31875	1.33133	198371	0	36
2018.01.10	01:00:00	1.33134	1.33157	1.33095	1.33128	2070	0	18
2018.01.10	02:00:00	1.33127	1.33198	1.33090	1.33099	2927	0	13
2018.01.10	03:00:00	1.33099	1.33144	1.33054	1.33091	4254	0	11
2018.01.10	04:00:00	1.33092	1.33139	1.33057	1.33059	2340	0	10
2018.01.10	05:00:00	1.33060	1.33101	1.33039	1.33059	1298	0	10
2018.01.10	06:00:00	1.33063	1.33116	1.33058	1.33084	1794	0	10
2018.01.10	07:00:00	1.33083	1.33083	1.32998	1.33029	2782	0	10
2018.01.10	08:00:00	1.33029	1.33100	1.32987	1.32992	4803	0	10
2018.01.10	09:00:00	1.32992	1.33039	1.32685	1.32733	7662	0	5
2018.01.10	10:00:00	1.32733	1.32844	1.32666	1.32835	7226	0	10
2018.01.10	11:00:00	1.32835	1.32889	1.32585	1.32604	8010	0	7
2018.01.10	12:00:00	1.32605	1.32605	1.32215	1.32236	14203	0	1
2018.01.10	13:00:00	1.32233	1.32646	1.32114	1.32547	13990	0	1
2018.01.10	14:00:00	1.32548	1.32586	1.32171	1.32181	9364	0	2
2018.01.10	15:00:00	1.32179	1.32320	1.32136	1.32226	9261	0	5
2018.01.10	16:00:00	1.32226	1.32254	1.31937	1.31963	11370	0	1
2018.01.10	17:00:00	1.31963	1.32239	1.31878	1.32223	10341	0	4
2018.01.10	18:00:00	1.32225	1.32255	1.32107	1.32142	8761	0	6
2018.01.10	19:00:00	1.32142	1.32280	1.32071	1.32264	5204	0	5
2018.01.10	20:00:00	1.32264	1.32295	1.32158	1.32288	4872	0	4
2018.01.10	21:00:00	1.32286	1.32313	1.32125	1.32144	6814	0	1
2018.01.10	22:00:00	1.32144	1.32179	1.32063	1.32102	5198	0	7
2018.01.10	23:00:00	1.32115	1.32168	1.32062	1.32079	1458	0	10
2018.01.11	00:00:00	1.31994	1.32365	1.31727	1.32111	189188	0	42
2018.01.11	01:00:00	1.32114	1.32162	1.32072	1.32093	1253	0	23
2018.01.11	02:00:00	1.32093	1.32155	1.32070	1.32125	3899	0	11
2018.01.11	03:00:00	1.32126	1.32178	1.32104	1.32165	5402	0	11
2018.01.11	04:00:00	1.32164	1.32212	1.32142	1.32163	2820	0	11
2018.01.11	05:00:00	1.32162	1.32171	1.32077	1.32170	4821	0	10
2018.01.11	06:00:00	1.32170	1.32178	1.32100	1.32121	3520	0	10
2018.01.11	07:00:00	1.32123	1.32180	1.32098	1.32141	3299	0	10
2018.01.11	08:00:00	1.32139	1.32301	1.32114	1.32204	3924	0	9
2018.01.11	09:00:00	1.32204	1.32336	1.32162	1.32285	6500	0	5
2018.01.11	10:00:00	1.32285	1.32368	1.32069	1.32138	6974	0	1
2018.01.11	11:00:00	1.32138	1.32287	1.32066	1.32089	6634	0	8
2018.01.11	12:00:00	1.32088	1.32178	1.32013	1.32087	6049	0	7
2018.01.11	13:00:00	1.32092	1.32134	1.31777	1.31800	6188	0	5
2018.01.11	14:00:00	1.31793	1.31954	1.31734	1.31805	14343	0	1
2018.01.11	15:00:00	1.31806	1.31921	1.31726	1.31868	15497	0	1
2018.01.11	16:00:00	1.31871	1.31948	1.31762	1.31857	10981	0	1
2018.01.11	17:00:00	1.31858	1.31972	1.31757	1.31923	11450	0	1
2018.01.11	18:00:00	1.31926	1.32180	1.31920	1.32011	8531	0	3
2018.01.11	19:00:00	1.32012	1.32143	1.31906	1.32125	5226	0	9
2018.01.11	20:00:00	1.32121	1.32188	1.32036	1.32077	5780	0	5
2018.01.11	21:00:00	1.32079	1.32145	1.32044	1.32131	3663	0	8
2018.01.11	22:00:00	1.32130	1.32150	1.32070	1.32107	2570	0	11
2018.01.11	23:00:00	1.32105	1.32151	1.32035	1.32035	2114	0	10
2018.01.12	00:00:00	1.31996	1.33090	1.31969	1.32012	230942	0	58
2018.01.12	01:00:00	1.32006	1.32158	1.32005	1.32109	2051	0	17
2018.01.12	02:00:00	1.32109	1.32161	1.32073	1.32131	5715	0	11
2018.01.12	03:00:00	1.32132	1.32236	1.32083	1.32227	3817	0	10
2018.01.12	04:00:00	1.32227	1.32251	1.32161	1.32194	2994	0	13
2018.01.12	05:00:00	1.32198	1.32206	1.32139	1.32149	2281	0	12
2018.01.12	06:00:00	1.32148	1.32221	1.32131	1.32211	2831	0	10
2018.01.12	07:00:00	1.32212	1.32301	1.32182	1.32291	2718	0	8
2018.01.12	08:00:00	1.32292	1.32296	1.32175	1.32176	3024	0	10
2018.01.12	09:00:00	1.32176	1.32234	1.32064	1.32126	8574	0	1
2018.01.12	10:00:00	1.32131	1.32285	1.31959	1.32244	13893	0	1
2018.01.12	11:00:00	1.32244	1.32328	1.32169	1.32258	10741	0	1
2018.01.12	12:00:00	1.32260	1.32311	1.32087	1.32211	7170	0	8
2018.01.12	13:00:00	1.32212	1.32438	1.32177	1.32422	8570	0	2
2018.01.12	14:00:00	1.32422	1.32436	1.32304	1.32405	7270	0	3
2018.01.12	15:00:00	1.32404	1.33040	1.32298	1.32808	18611	0	1
2018.01.12	16:00:00	1.32811	1.32939	1.32618	1.32884	14974	0	1
2018.01.12	17:00:00	1.32888	1.32983	1.32718	1.32982	13367	0	1
2018.01.12	18:00:00	1.32981	1.32996	1.32827	1.32943	11263	0	1
2018.01.12	19:00:00	1.32944	1.33073	1.32889	1.33013	7231	0	1
2018.01.12	20:00:00	1.33010	1.33092	1.32944	1.32977	7843	0	1
2018.01.12	21:00:00	1.32977	1.33055	1.32945	1.33053	6667	0	6
2018.01.12	22:00:00	1.33050	1.33052	1.32932	1.32940	3017	0	11
2018.01.12	23:00:00	1.32938	1.32984	1.32761	1.32817	5130	0	12
2018.01.15	00:00:00	1.32846	1.33054	1.32373	1.32902	171425	0	70
2018.01.15	01:00:00	1.32911	1.33022	1.32832	1.32940	2174	0	11
2018.01.15	02:00:00	1.32940	1.33013	1.32898	1.32943	5510	0	14
2018.01.15	03:00:00	1.32943	1.32979	1.32891	1.32912	6082	0	6
2018.01.15	04:00:00	1.32910	1.32945	1.32805	1.32812	4418	0	13
2018.01.15	05:00:00	1.32812	1.32881	1.32802	1.32863	3773	0	13
2018.01.15	06:00:00	1.32863	1.32863	1.32794	1.32848	3975	0	9
2018.01.15	07:00:00	1.32846	1.32875	1.32718	1.32865	7361	0	1
2018.01.15	08:00:00	1.32865	1.33058	1.32749	1.32839	6530	0	1
2018.01.15	09:00:00	1.32840	1.32959	1.32767	1.32942	6662	0	1
2018.01.15	10:00:00	1.32943	1.32962	1.32532	1.32541	9128	0	2
2018.01.15	11:00:00	1.32541	1.32868	1.32413	1.32729	11027	0	1
2018.01.15	12:00:00	1.32727	1.32846	1.32628	1.32697	11265	0	1
2018.01.15	13:00:00	1.32697	1.32697	1.32437	1.32474	8499	0	3
2018.01.15	14:00:00	1.32474	1.32615	1.32407	1.32485	6546	0	4
2018.01.15	15:00:00	1.32485	1.32572	1.32376	1.32521	7108	0	5
2018.01.15	16:00:00	1.32523	1.32730	1.32493	1.32718	7878	0	3
2018.01.15	17:00:00	1.32721	1.32954	1.32535	1.32950	7960	0	1
2018.01.15	18:00:00	1.32948	1.33077	1.32831	1.32945	7552	0	1
2018.01.15	19:00:00	1.32943	1.32994	1.32861	1.32904	3208	0	10
2018.01.15	20:00:00	1.32900	1.32977	1.32808	1.32871	2546	0	6
2018.01.15	21:00:00	1.32870	1.32949	1.32763	1.32785	2501	0	5
2018.01.15	22:00:00	1.32789	1.32870	1.32770	1.32831	1180	0	6
2018.01.15	23:00:00	1.32835	1.32855	1.32727	1.32727	1131	0	7
2018.01.16	00:00:00	1.32753	1.33036	1.32186	1.32837	202118	0	35
2018.01.16	01:00:00	1.32835	1.32899	1.32814	1.32864	1825	0	14
2018.01.16	02:00:00	1.32864	1.32926	1.32829	1.32913	3420	0	1
2018.01.16	03:00:00	1.32909	1.32988	1.32890	1.32915	3960	0	7
2018.01.16	04:00:00	1.32916	1.32949	1.32886	1.32907	3959	0	9
2018.01.16	05:00:00	1.32908	1.32921	1.32850	1.32852	3055	0	13
2018.01.16	06:00:00	1.32853	1.32911	1.32851	1.32866	3128	0	9
2018.01.16	07:00:00	1.32866	1.32914	1.32854	1.32894	2624	0	12
2018.01.16	08:00:00	1.32896	1.32944	1.32832	1.32920	6006	0	7
2018.01.16	09:00:00	1.32923	1.33034	1.32793	1.32903	13673	0	3
2018.01.16	10:00:00	1.32902	1.32988	1.32764	1.32828	11228	0	2
2018.01.16	11:00:00	1.32829	1.33004	1.32725	1.32824	10634	0	1
2018.01.16	12:00:00	1.32824	1.32848	1.32622	1.32739	10462	0	1
2018.01.16	13:00:00	1.32737	1.32851	1.32703	1.32712	6084	0	5
2018.01.16	14:00:00	1.32711	1.32727	1.32596	1.32685	7807	0	3
2018.01.16	15:00:00	1.32685	1.32825	1.32639	1.32815	7093	0	9
2018.01.16	16:00:00	1.32817	1.32949	1.32785	1.32824	11813	0	5
2018.01.16	17:00:00	1.32825	1.32872	1.32489	1.32508	11971	0	1
2018.01.16	18:00:00	1.32507	1.32636	1.32464	1.32477	9129	0	1
2018.01.16	19:00:00	1.32483	1.32645	1.32435	1.32585	5353	0	3
2018.01.16	20:00:00	1.32582	1.32678	1.32474	1.32474	5739	0	1
2018.01.16	21:00:00	1.32476	1.32492	1.32188	1.32317	6945	0	3
2018.01.16	22:00:00	1.32321	1.32390	1.32230	1.32302	3930	0	9
2018.01.16	23:00:00	1.32295	1.32385	1.32272	1.32276	1429	0	13
2018.01.17	00:00:00	1.32269	1.33565	1.32152	1.32311	250352	0	35
2018.01.17	01:00:00	1.32316	1.32352	1.32279	1.32337	2940	0	16
2018.01.17	02:00:00	1.32335	1.32599	1.32318	1.32441	8160	0	3
2018.01.17	03:00:00	1.32441	1.32563	1.32397	1.32511	5914	0	13
2018.01.17	04:00:00	1.32511	1.32598	1.32490	1.32528	4881	0	11
2018.01.17	05:00:00	1.32524	1.32653	1.32520	1.32598	5533	0	7
2018.01.17	06:00:00	1.32596	1.32627	1.32530	1.32581	5123	0	9
2018.01.17	07:00:00	1.32581	1.32624	1.32541	1.32600	5753	0	12
2018.01.17	08:00:00	1.32602	1.32693	1.32532	1.32645	6334	0	11
2018.01.17	09:00:00	1.32645	1.32680	1.32490	1.32496	10621	0	2
2018.01.17	10:00:00	1.32501	1.32725	1.32494	1.32685	11709	0	1
2018.01.17	11:00:00	1.32686	1.32918	1.32668	1.32900	8932	0	5
2018.01.17	12:00:00	1.32900	1.32928	1.32718	1.32793	9901	0	1
2018.01.17	13:00:00	1.32794	1.33063	1.32773	1.32953	9324	0	1
2018.01.17	14:00:00	1.32951	1.33018	1.32892	1.32892	7462	0	1
2018.01.17	15:00:00	1.32891	1.32969	1.32729	1.32746	9413	0	6
2018.01.17	16:00:00	1.32746	1.32948	1.32659	1.32772	11651	0	1
2018.01.17	17:00:00	1.32774	1.32953	1.32671	1.32935	14849	0	1
2018.01.17	18:00:00	1.32936	1.32969	1.32844	1.32929	11654	0	1
2018.01.17	19:00:00	1.32931	1.33039	1.32882	1.33012	6128	0	8
2018.01.17	20:00:00	1.33014	1.33551	1.33010	1.33423	11220	0	1
2018.01.17	21:00:00	1.33421	1.33496	1.33321	1.33436	9015	0	5
2018.01.17	22:00:00	1.33436	1.33555	1.33379	1.33391	8383	0	4
2018.01.17	23:00:00	1.33385	1.33568	1.33286	1.33494	4631	0	1
2018.01.18	00:00:00	1.33445	1.33550	1.32898	1.33444	159667	0	56
2018.01.18	01:00:00	1.33444	1.33466	1.33324	1.33433	2581	0	14
2018.01.18	02:00:00	1.33432	1.33444	1.33261	1.33285	7273	0	1
2018.01.18	03:00:00	1.33284	1.33364	1.33223	1.33234	6290	0	11
2018.01.18	04:00:00	1.33234	1.33323	1.33215	1.33309	4229	0	15
2018.01.18	05:00:00	1.33309	1.33332	1.33263	1.33276	3956	0	12
2018.01.18	06:00:00	1.33275	1.33331	1.33252	1.33316	4407	0	10
2018.01.18	07:00:00	1.33316	1.33331	1.33222	1.33314	5812	0	10
2018.01.18	08:00:00	1.33313	1.33440	1.33251	1.33440	5003	0	8
2018.01.18	09:00:00	1.33441	1.33470	1.33214	1.33396	10455	0	2
2018.01.18	10:00:00	1.33396	1.33402	1.33123	1.33125	11163	0	5
2018.01.18	11:00:00	1.33126	1.33253	1.33089	1.33100	7692	0	1
2018.01.18	12:00:00	1.33100	1.33155	1.32909	1.33077	8560	0	1
2018.01.18	13:00:00	1.33075	1.33317	1.32943	1.33294	9203	0	7
2018.01.18	14:00:00	1.33293	1.33333	1.33081	1.33137	8176	0	4
2018.01.18	15:00:00	1.33137	1.33200	1.33007	1.33012	8834	0	8
2018.01.18	16:00:00	1.33013	1.33257	1.32951	1.33134	11468	0	7
2018.01.18	17:00:00	1.33133	1.33304	1.32897	1.33163	14221	0	2
2018.01.18	18:00:00	1.33162	1.33310	1.33097	1.33132	14026	0	2
2018.01.18	19:00:00	1.33133	1.33237	1.33115	1.33147	7992	0	8
2018.01.18	20:00:00	1.33143	1.33218	1.33112	1.33169	6097	0	9
2018.01.18	21:00:00	1.33169	1.33190	1.33095	1.33135	4221	0	10
2018.01.18	22:00:00	1.33135	1.33217	1.33109	1.33211	5942	0	11
2018.01.18	23:00:00	1.33200	1.33280	1.33147	1.33147	2688	0	13
2018.01.19	00:00:00	1.33071	1.33564	1.32810	1.33169	113158	0	65
2018.01.19	01:00:00	1.33177	1.33243	1.33154	1.33219	2594	0	9
2018.01.19	02:00:00	1.33219	1.33266	1.33175	1.33253	5080	0	13
2018.01.19	03:00:00	1.33252	1.33280	1.33201	1.33226	4366	0	13
2018.01.19	04:00:00	1.33228	1.33238	1.33135	1.33183	4689	0	11
2018.01.19	05:00:00	1.33180	1.33243	1.33118	1.33171	5084	0	11
2018.01.19	06:00:00	1.33169	1.33208	1.33112	1.33157	4032	0	9
2018.01.19	07:00:00	1.33156	1.33191	1.33123	1.33140	3070	0	15
2018.01.19	08:00:00	1.33141	1.33148	1.33017	1.33024	5253	0	12
2018.01.19	09:00:00	1.33024	1.33099	1.32905	1.33036	8857	0	8
2018.01.19	10:00:00	1.33035	1.33161	1.32882	1.32961	11288	0	1
2018.01.19	11:00:00	1.32961	1.33121	1.32833	1.32945	12142	0	1
2018.01.19	12:00:00	1.32944	1.33154	1.32900	1.33126	8612	0	2
2018.01.19	13:00:00	1.33120	1.33161	1.32804	1.32971	9749	0	1
2018.01.19	14:00:00	1.32970	1.33095	1.32894	1.32962	8166	0	1
2018.01.19	15:00:00	1.32963	1.33227	1.32957	1.33070	12716	0	1
2018.01.19	16:00:00	1.33072	1.33299	1.32996	1.33133	11163	0	4
2018.01.19	17:00:00	1.33144	1.33293	1.33051	1.33156	13506	0	1
2018.01.19	18:00:00	1.33156	1.33306	1.33128	1.33174	9096	0	1
2018.01.19	19:00:00	1.33175	1.33355	1.33170	1.33339	6450	0	2
2018.01.19	20:00:00	1.33340	1.33464	1.33297	1.33448	4700	0	6
2018.01.19	21:00:00	1.33448	1.33479	1.33383	1.33431	4036	0	5
2018.01.19	22:00:00	1.33426	1.33522	1.33408	1.33493	3389	0	6
2018.01.19	23:00:00	1.33501	1.33560	1.33343	1.33539	5202	0	13
2018.01.22	00:00:00	1.33428	1.34631	1.33310	1.33525	101024	0	34
2018.01.22	01:00:00	1.33515	1.33613	1.33459	1.33560	3813	0	10
2018.01.22	02:00:00	1.33557	1.33581	1.33479	1.33488	5261	0	1
2018.01.22	03:00:00	1.33487	1.33538	1.33402	1.33485	6530	0	7
2018.01.22	04:00:00	1.33485	1.33544	1.33456	1.33487	5155	0	11
2018.01.22	05:00:00	1.33487	1.33532	1.33445	1.33514	3291	0	1
2018.01.22	06:00:00	1.33514	1.33540	1.33433	1.33519	4205	0	11
2018.01.22	07:00:00	1.33520	1.33535	1.33464	1.33498	3810	0	13
2018.01.22	08:00:00	1.33498	1.33519	1.33408	1.33416	4883	0	12
2018.01.22	09:00:00	1.33419	1.33567	1.33398	1.33492	8534	0	5
2018.01.22	10:00:00	1.33494	1.33577	1.33359	1.33473	7494	0	8
2018.01.22	11:00:00	1.33472	1.33580	1.33339	1.33341	7170	0	1
2018.01.22	12:00:00	1.33343	1.33631	1.33325	1.33527	6992	0	2
2018.01.22	13:00:00	1.33530	1.33633	1.33456	1.33507	5487	0	3
2018.01.22	14:00:00	1.33505	1.33615	1.33493	1.33529	5180	0	5
2018.01.22	15:00:00	1.33526	1.33871	1.33487	1.33861	7205	0	1
2018.01.22	16:00:00	1.33862	1.33922	1.33706	1.33874	8220	0	7
2018.01.22	17:00:00	1.33876	1.34191	1.33811	1.34145	9677	0	1
2018.01.22	18:00:00	1.34145	1.34361	1.34123	1.34357	10084	0	2
2018.01.22	19:00:00	1.34355	1.34476	1.34235	1.34412	7920	0	8
2018.01.22	20:00:00	1.34413	1.34458	1.34296	1.34416	4865	0	6
2018.01.22	21:00:00	1.34415	1.34576	1.34390	1.34542	4471	0	2
2018.01.22	22:00:00	1.34541	1.34631	1.34515	1.34584	4063	0	6
2018.01.22	23:00:00	1.34587	1.34596	1.34451	1.34451	1985	0	11
2018.01.23	00:00:00	1.33774	1.34604	1.33774	1.34448	105329	0	41
2018.01.23	01:00:00	1.34446	1.34557	1.34446	1.34524	4056	0	18
2018.01.23	02:00:00	1.34524	1.34569	1.34443	1.34446	3682	0	10
2018.01.23	03:00:00	1.34447	1.34564	1.34434	1.34543	4600	0	10
2018.01.23	04:00:00	1.34543	1.34600	1.34508	1.34530	3430	0	1
2018.01.23	05:00:00	1.34530	1.34537	1.34429	1.34510	7265	0	5
2018.01.23	06:00:00	1.34510	1.34547	1.34475	1.34520	3663	0	7
2018.01.23	07:00:00	1.34518	1.34522	1.34431	1.34480	3428	0	12
2018.01.23	08:00:00	1.34480	1.34580	1.34468	1.34544	6656	0	7
2018.01.23	09:00:00	1.34544	1.34572	1.34335	1.34338	8510	0	3
2018.01.23	10:00:00	1.34343	1.34392	1.34224	1.34305	11135	0	8
2018.01.23	11:00:00	1.34305	1.34389	1.34213	1.34290	6871	0	3
2018.01.23	12:00:00	1.34283	1.34314	1.34112	1.34212	7740	0	8
2018.01.23	13:00:00	1.34212	1.34212	1.33992	1.34058	8389	0	8
2018.01.23	14:00:00	1.34059	1.34174	1.33878	1.34174	10113	0	3
2018.01.23	15:00:00	1.34173	1.34175	1.34009	1.34058	7145	0	9
2018.01.23	16:00:00	1.34056	1.34318	1.33991	1.34238	10531	0	6
2018.01.23	17:00:00	1.34239	1.34308	1.34062	1.34227	15137	0	1
2018.01.23	18:00:00	1.34229	1.34256	1.33980	1.34051	11831	0	3
2018.01.23	19:00:00	1.34049	1.34135	1.33952	1.34058	6139	0	2
2018.01.23	20:00:00	1.34059	1.34126	1.34031	1.34100	4621	0	2
2018.01.23	21:00:00	1.34099	1.34145	1.34040	1.34101	4640	0	10
2018.01.23	22:00:00	1.34103	1.34151	1.34069	1.34089	2814	0	11
2018.01.23	23:00:00	1.34092	1.34111	1.34003	1.34003	2197	0	4
2018.01.24	00:00:00	1.34052	1.34839	1.33788	1.34104	205481	0	16
2018.01.24	01:00:00	1.34098	1.34132	1.34047	1.34061	2909	0	14
2018.01.24	02:00:00	1.34051	1.34107	1.34009	1.34060	4256	0	1
2018.01.24	03:00:00	1.34062	1.34152	1.34029	1.34098	4932	0	12
2018.01.24	04:00:00	1.34099	1.34207	1.34085	1.34131	7288	0	8
2018.01.24	05:00:00	1.34131	1.34155	1.34005	1.34129	4906	0	11
2018.01.24	06:00:00	1.34129	1.34139	1.33960	1.33976	5902	0	7
2018.01.24	07:00:00	1.33976	1.34022	1.33958	1.34011	3340	0	12
2018.01.24	08:00:00	1.34014	1.34069	1.33973	1.33989	7403	0	9
2018.01.24	09:00:00	1.33988	1.34061	1.33922	1.33979	9961	0	1
2018.01.24	10:00:00	1.33980	1.34168	1.33790	1.34152	14572	0	1
2018.01.24	11:00:00	1.34149	1.34229	1.33979	1.34130	14576	0	1
2018.01.24	12:00:00	1.34129	1.34129	1.33938	1.34013	9453	0	1
2018.01.24	13:00:00	1.34013	1.34472	1.33999	1.34407	10533	0	1
2018.01.24	14:00:00	1.34410	1.34657	1.34391	1.34558	11130	0	1
2018.01.24	15:00:00	1.34558	1.34812	1.34524	1.34649	15064	0	1
2018.01.24	16:00:00	1.34649	1.34688	1.34012	1.34164	15671	0	1
2018.01.24	17:00:00	1.34165	1.34645	1.34016	1.34532	16073	0	1
2018.01.24	18:00:00	1.34535	1.34598	1.34129	1.34194	12272	0	1
2018.01.24	19:00:00	1.34194	1.34293	1.34152	1.34272	8215	0	7
2018.01.24	20:00:00	1.34268	1.34609	1.34265	1.34535	8593	0	8
2018.01.24	21:00:00	1.34535	1.34541	1.34338	1.34369	6445	0	2
2018.01.24	22:00:00	1.34371	1.34415	1.34331	1.34406	4421	0	10
2018.01.24	23:00:00	1.34411	1.34842	1.34346	1.34456	3983	0	12
2018.01.25	00:00:00	1.34570	1.34913	1.32869	1.34640	319483	0	47
2018.01.25	01:00:00	1.34639	1.34657	1.34552	1.34570	2729	0	9
2018.01.25	02:00:00	1.34573	1.34605	1.34488	1.34513	5259	0	6
2018.01.25	03:00:00	1.34514	1.34647	1.34514	1.34630	4658	0	11
2018.01.25	04:00:00	1.34630	1.34743	1.34514	1.34698	8551	0	9
2018.01.25	05:00:00	1.34698	1.34906	1.34686	1.34854	9263	0	1
2018.01.25	06:00:00	1.34850	1.34915	1.34784	1.34828	5736	0	11
2018.01.25	07:00:00	1.34829	1.34847	1.34598	1.34687	5320	0	12
2018.01.25	08:00:00	1.34689	1.34791	1.34458	1.34603	11687	0	1
2018.01.25	09:00:00	1.34603	1.34711	1.34275	1.34311	19474	0	1
2018.01.25	10:00:00	1.34311	1.34560	1.34083	1.34425	16269	0	1
2018.01.25	11:00:00	1.34430	1.34541	1.34209	1.34436	10807	0	2
2018.01.25	12:00:00	1.34437	1.34451	1.34161	1.34369	9352	0	1
2018.01.25	13:00:00	1.34368	1.34526	1.34142	1.34285	8389	0	1
2018.01.25	14:00:00	1.34283	1.34437	1.34228	1.34294	8036	0	1
2018.01.25	15:00:00	1.34297	1.34362	1.34095	1.34267	19493	0	1
2018.01.25	16:00:00	1.34267	1.34353	1.33775	1.33816	25871	0	1
2018.01.25	17:00:00	1.33810	1.33918	1.32869	1.33238	21093	0	1
2018.01.25	18:00:00	1.33241	1.33492	1.33175	1.33448	14249	0	1
2018.01.25	19:00:00	1.33446	1.33599	1.33237	1.33297	8493	0	1
2018.01.25	20:00:00	1.33298	1.33341	1.33007	1.33011	8402	0	4
2018.01.25	21:00:00	1.33010	1.33395	1.32990	1.33139	28223	0	1
2018.01.25	22:00:00	1.33139	1.33221	1.32983	1.33053	13751	0	5
2018.01.25	23:00:00	1.33061	1.33212	1.32932	1.32932	4976	0	19
2018.01.26	00:00:00	1.33002	1.33533	1.31978	1.32976	251555	0	84
2018.01.26	01:00:00	1.33013	1.33267	1.32972	1.33250	3193	0	17
2018.01.26	02:00:00	1.33249	1.33361	1.33240	1.33298	5905	0	9
2018.01.26	03:00:00	1.33298	1.33332	1.33080	1.33083	8211	0	4
2018.01.26	04:00:00	1.33082	1.33384	1.33071	1.33267	9884	0	10
2018.01.26	05:00:00	1.33267	1.33272	1.33188	1.33229	4817	0	12
2018.01.26	06:00:00	1.33228	1.33302	1.33151	1.33260	4454	0	6
2018.01.26	07:00:00	1.33259	1.33268	1.33182	1.33203	4777	0	12
2018.01.26	08:00:00	1.33205	1.33458	1.33144	1.33409	7499	0	2
2018.01.26	09:00:00	1.33411	1.33532	1.33243	1.33253	14277	0	4
2018.01.26	10:00:00	1.33253	1.33321	1.32899	1.33071	13708	0	1
2018.01.26	11:00:00	1.33071	1.33343	1.32982	1.33218	12328	0	1
2018.01.26	12:00:00	1.33220	1.33231	1.32941	1.32943	8422	0	1
2018.01.26	13:00:00	1.32942	1.33319	1.32941	1.33263	9677	0	2
2018.01.26	14:00:00	1.33264	1.33349	1.33110	1.33151	10165	0	1
2018.01.26	15:00:00	1.33151	1.33255	1.33031	1.33204	13319	0	1
2018.01.26	16:00:00	1.33203	1.33302	1.33040	1.33088	19709	0	1
2018.01.26	17:00:00	1.33086	1.33088	1.32533	1.32650	17904	0	1
2018.01.26	18:00:00	1.32650	1.32690	1.32165	1.32445	13821	0	3
2018.01.26	19:00:00	1.32446	1.32769	1.32425	1.32700	9423	0	3
2018.01.26	20:00:00	1.32700	1.32758	1.32421	1.32509	6697	0	6
2018.01.26	21:00:00	1.32509	1.32550	1.32381	1.32409	8981	0	1
2018.01.26	22:00:00	1.32409	1.32422	1.32040	1.32076	5275	0	8
2018.01.26	23:00:00	1.32050	1.32202	1.31981	1.32202	3856	0	19
2018.01.29	00:00:00	1.32009	1.32568	1.31454	1.32052	190215	0	68
2018.01.29	01:00:00	1.32069	1.32176	1.32043	1.32080	2653	0	17
2018.01.29	02:00:00	1.32086	1.32254	1.32011	1.32225	5535	0	12
2018.01.29	03:00:00	1.32224	1.32330	1.32205	1.32307	6912	0	9
2018.01.29	04:00:00	1.32305	1.32405	1.32274	1.32309	6466	0	6
2018.01.29	05:00:00	1.32311	1.32372	1.32236	1.32319	5893	0	9
2018.01.29	06:00:00	1.32318	1.32347	1.32290	1.32322	3096	0	13
2018.01.29	07:00:00	1.32323	1.32360	1.32276	1.32291	4946	0	11
2018.01.29	08:00:00	1.32293	1.32344	1.32251	1.32301	7641	0	10
2018.01.29	09:00:00	1.32304	1.32488	1.32199	1.32477	11098	0	1
2018.01.29	10:00:00	1.32480	1.32564	1.32262	1.32394	12143	0	1
2018.01.29	11:00:00	1.32394	1.32430	1.32063	1.32151	12297	0	2
2018.01.29	12:00:00	1.32150	1.32213	1.31880	1.31906	10800	0	1
2018.01.29	13:00:00	1.31908	1.31911	1.31590	1.31628	9515	0	1
2018.01.29	14:00:00	1.31630	1.31731	1.31552	1.31637	10473	0	1
2018.01.29	15:00:00	1.31640	1.31717	1.31457	1.31569	12060	0	1
2018.01.29	16:00:00	1.31569	1.31812	1.31517	1.31809	11800	0	7
2018.01.29	17:00:00	1.31812	1.31840	1.31591	1.31678	13129	0	1
2018.01.29	18:00:00	1.31679	1.31744	1.31561	1.31719	16488	0	1
2018.01.29	19:00:00	1.31719	1.31858	1.31626	1.31847	7461	0	7
2018.01.29	20:00:00	1.31847	1.31921	1.31791	1.31873	5529	0	10
2018.01.29	21:00:00	1.31871	1.31882	1.31795	1.31840	4348	0	9
2018.01.29	22:00:00	1.31842	1.32001	1.31827	1.31975	3674	0	8
2018.01.29	23:00:00	1.31968	1.31978	1.31896	1.31913	1553	0	15
2018.01.30	00:00:00	1.31886	1.32336	1.31069	1.31937	124524	0	25
2018.01.30	01:00:00	1.31937	1.31989	1.31883	1.31912	3032	0	14
2018.01.30	02:00:00	1.31915	1.31929	1.31812	1.31825	5457	0	10
2018.01.30	03:00:00	1.31825	1.31833	1.31743	1.31809	6012	0	15
2018.01.30	04:00:00	1.31812	1.31868	1.31769	1.31795	7287	0	11
2018.01.30	05:00:00	1.31795	1.31847	1.31704	1.31735	5261	0	17
2018.01.30	06:00:00	1.31735	1.31770	1.31597	1.31638	6776	0	14
2018.01.30	07:00:00	1.31640	1.31730	1.31637	1.31676	5045	0	14
2018.01.30	08:00:00	1.31676	1.31721	1.31552	1.31573	6693	0	3
2018.01.30	09:00:00	1.31575	1.31576	1.31196	1.31212	8627	0	2
2018.01.30	10:00:00	1.31213	1.31287	1.31064	1.31233	15146	0	1
2018.01.30	11:00:00	1.31229	1.31465	1.31143	1.31443	14197	0	2
2018.01.30	12:00:00	1.31444	1.31643	1.31341	1.31438	12723	0	2
2018.01.30	13:00:00	1.31439	1.31700	1.31414	1.31690	10366	0	1
2018.01.30	14:00:00	1.31692	1.31827	1.31639	1.31671	10207	0	6
2018.01.30	15:00:00	1.31673	1.31901	1.31652	1.31722	10493	0	5
2018.01.30	16:00:00	1.31721	1.31871	1.31623	1.31665	13699	0	2
2018.01.30	17:00:00	1.31665	1.32126	1.31635	1.31928	16523	0	1
2018.01.30	18:00:00	1.31930	1.32141	1.31827	1.32109	14114	0	2
2018.01.30	19:00:00	1.32109	1.32257	1.32050	1.32227	8846	0	4
2018.01.30	20:00:00	1.32227	1.32230	1.32121	1.32209	7804	0	2
2018.01.30	21:00:00	1.32210	1.32343	1.32118	1.32140	7312	0	2
2018.01.30	22:00:00	1.32141	1.32226	1.32120	1.32201	4494	0	1
2018.01.30	23:00:00	1.32195	1.32236	1.32100	1.32126	1847	0	14
2018.01.31	00:00:00	1.32134	1.32426	1.31604	1.32220	141048	0	63
2018.01.31	01:00:00	1.32232	1.32294	1.32148	1.32294	2150	0	18
2018.01.31	02:00:00	1.32294	1.32405	1.32205	1.32267	5665	0	13
2018.01.31	03:00:00	1.32268	1.32314	1.32216	1.32247	7139	0	16
2018.01.31	04:00:00	1.32246	1.32345	1.32210	1.32332	5873	0	14
2018.01.31	05:00:00	1.32330	1.32411	1.32257	1.32368	5558	0	8
2018.01.31	06:00:00	1.32368	1.32403	1.32303	1.32335	4439	0	13
2018.01.31	07:00:00	1.32337	1.32393	1.32274	1.32359	3911	0	14
2018.01.31	08:00:00	1.32357	1.32425	1.32256	1.32400	5803	0	6
2018.01.31	09:00:00	1.32396	1.32415	1.32186	1.32186	9980	0	9
2018.01.31	10:00:00	1.32188	1.32278	1.32001	1.32163	11404	0	3
2018.01.31	11:00:00	1.32163	1.32240	1.31601	1.31635	11918	0	1
2018.01.31	12:00:00	1.31640	1.31926	1.31634	1.31924	10982	0	2
2018.01.31	13:00:00	1.31924	1.32104	1.31884	1.32098	8290	0	3
2018.01.31	14:00:00	1.32097	1.32228	1.32033	1.32176	7822	0	1
2018.01.31	15:00:00	1.32175	1.32332	1.32138	1.32267	10943	0	1
2018.01.31	16:00:00	1.32266	1.32318	1.32009	1.32029	12688	0	1
2018.01.31	17:00:00	1.32032	1.32218	1.31893	1.32158	18814	0	1
2018.01.31	18:00:00	1.32158	1.32365	1.32077	1.32257	18662	0	2
2018.01.31	19:00:00	1.32256	1.32364	1.32128	1.32299	9191	0	1
2018.01.31	20:00:00	1.32299	1.32310	1.31910	1.31924	8737	0	1
2018.01.31	21:00:00	1.31918	1.32137	1.31916	1.31981	20375	0	1
2018.01.31	22:00:00	1.31978	1.32169	1.31960	1.32133	10828	0	6
2018.01.31	23:00:00	1.32123	1.32170	1.31926	1.32094	2553	0	11
2018.02.01	00:00:00	1.32116	1.33004	1.31771	1.32230	129791	0	47
2018.02.01	01:00:00	1.32228	1.32291	1.32180	1.32226	1782	0	6
2018.02.01	02:00:00	1.32226	1.32300	1.32182	1.32290	3980	0	15
2018.02.01	03:00:00	1.32290	1.32367	1.32247	1.32348	6231	0	11
2018.02.01	04:00:00	1.32349	1.32373	1.32248	1.32260	3803	0	13
2018.02.01	05:00:00	1.32260	1.32342	1.32234	1.32237	3644	0	12
2018.02.01	06:00:00	1.32237	1.32246	1.32173	1.32177	2995	0	12
2018.02.01	07:00:00	1.32177	1.32206	1.32116	1.32159	3416	0	12
2018.02.01	08:00:00	1.32159	1.32282	1.32121	1.32271	8664	0	4
2018.02.01	09:00:00	1.32271	1.32555	1.32209	1.32522	12492	0	4
2018.02.01	10:00:00	1.32526	1.32999	1.32439	1.32726	16765	0	1
2018.02.01	11:00:00	1.32727	1.32954	1.32656	1.32687	13051	0	3
2018.02.01	12:00:00	1.32686	1.32834	1.32682	1.32735	8822	0	4
2018.02.01	13:00:00	1.32726	1.32848	1.32605	1.32605	9748	0	1
2018.02.01	14:00:00	1.32610	1.32651	1.32423	1.32488	10677	0	6
2018.02.01	15:00:00	1.32491	1.32602	1.32145	1.32368	11450	0	1
2018.02.01	16:00:00	1.32370	1.32375	1.32078	1.32189	11072	0	6
2018.02.01	17:00:00	1.32179	1.32380	1.31964	1.32129	16543	0	1
2018.02.01	18:00:00	1.32132	1.32306	1.32060	1.32303	12145	0	4
2018.02.01	19:00:00	1.32303	1.32335	1.32173	1.32222	8089	0	4
2018.02.01	20:00:00	1.32223	1.32355	1.32222	1.32319	4407	0	13
2018.02.01	21:00:00	1.32321	1.32358	1.32246	1.32308	5271	0	6
2018.02.01	22:00:00	1.32308	1.32334	1.32139	1.32194	6973	0	4
2018.02.01	23:00:00	1.32169	1.32230	1.31985	1.32050	3999	0	13
2018.02.02	00:00:00	1.32049	1.32347	1.31234	1.32077	132848	0	61
2018.02.02	01:00:00	1.32069	1.32153	1.32044	1.32094	2181	0	11
2018.02.02	02:00:00	1.32096	1.32152	1.32085	1.32146	3433	0	13
2018.02.02	03:00:00	1.32146	1.32240	1.32092	1.32141	8611	0	14
2018.02.02	04:00:00	1.32144	1.32191	1.32102	1.32156	6505	0	13
2018.02.02	05:00:00	1.32155	1.32270	1.32135	1.32198	4404	0	10
2018.02.02	06:00:00	1.32197	1.32229	1.32152	1.32184	3057	0	11
2018.02.02	07:00:00	1.32183	1.32200	1.32132	1.32135	2933	0	15
2018.02.02	08:00:00	1.32138	1.32273	1.32104	1.32233	6233	0	13
2018.02.02	09:00:00	1.32245	1.32251	1.32002	1.32043	7495	0	1
2018.02.02	10:00:00	1.32044	1.32229	1.31979	1.32003	12490	0	1
2018.02.02	11:00:00	1.32003	1.32074	1.31875	1.32045	9238	0	4
2018.02.02	12:00:00	1.32044	1.32318	1.31989	1.32223	7998	0	1
2018.02.02	13:00:00	1.32224	1.32333	1.32099	1.32184	6992	0	5
2018.02.02	14:00:00	1.32184	1.32194	1.32031	1.32040	6169	0	7
2018.02.02	15:00:00	1.32039	1.32076	1.31834	1.31944	19056	0	2
2018.02.02	16:00:00	1.31945	1.31990	1.31746	1.31816	16502	0	4
2018.02.02	17:00:00	1.31825	1.31876	1.31552	1.31634	17579	0	1
2018.02.02	18:00:00	1.31633	1.31739	1.31539	1.31661	13089	0	1
2018.02.02	19:00:00	1.31660	1.31793	1.31569	1.31592	11153	0	2
2018.02.02	20:00:00	1.31592	1.31714	1.31531	1.31601	8795	0	10
2018.02.02	21:00:00	1.31601	1.31757	1.31551	1.31565	9971	0	5
2018.02.02	22:00:00	1.31567	1.31600	1.31448	1.31469	7829	0	6
2018.02.02	23:00:00	1.31485	1.31537	1.31315	1.31487	3762	0	17
2018.02.05	00:00:00	1.31480	1.31533	1.29868	1.31362	139377	0	63
2018.02.05	01:00:00	1.31363	1.31425	1.31238	1.31397	5069	0	12
2018.02.05	02:00:00	1.31393	1.31433	1.31278	1.31398	6089	0	14
2018.02.05	03:00:00	1.31396	1.31412	1.31295	1.31379	4709	0	12
2018.02.05	04:00:00	1.31379	1.31394	1.31298	1.31348	5072	0	9
2018.02.05	05:00:00	1.31348	1.31385	1.31309	1.31372	4020	0	8
2018.02.05	06:00:00	1.31371	1.31383	1.31343	1.31371	3614	0	11
2018.02.05	07:00:00	1.31371	1.31389	1.31318	1.31347	3635	0	12
2018.02.05	08:00:00	1.31347	1.31386	1.31263	1.31282	5378	0	14
2018.02.05	09:00:00	1.31281	1.31361	1.31184	1.31226	9678	0	7
2018.02.05	10:00:00	1.31226	1.31382	1.31145	1.31332	11419	0	4
2018.02.05	11:00:00	1.31334	1.31441	1.31101	1.31278	9461	0	2
2018.02.05	12:00:00	1.31280	1.31371	1.31208	1.31257	6073	0	7
2018.02.05	13:00:00	1.31256	1.31276	1.30791	1.30885	9769	0	1
2018.02.05	14:00:00	1.30885	1.30950	1.30662	1.30780	9291	0	6
2018.02.05	15:00:00	1.30780	1.31068	1.30773	1.30994	10846	0	1
2018.02.05	16:00:00	1.30994	1.31156	1.30867	1.31020	13433	0	1
2018.02.05	17:00:00	1.31016	1.31395	1.31000	1.31306	14247	0	3
2018.02.05	18:00:00	1.31307	1.31363	1.31200	1.31324	10271	0	8
2018.02.05	19:00:00	1.31322	1.31400	1.31225	1.31332	6387	0	10
2018.02.05	20:00:00	1.31332	1.31332	1.31137	1.31211	7809	0	9
2018.02.05	21:00:00	1.31211	1.31226	1.30902	1.30935	8894	0	5
2018.02.05	22:00:00	1.30933	1.31106	1.30486	1.30491	23937	0	1
2018.02.05	23:00:00	1.30558	1.30632	1.29851	1.29921	10877	0	11
2018.02.06	00:00:00	1.29952	1.31036	1.29800	1.30126	177725	0	31
2018.02.06	01:00:00	1.30136	1.30224	1.29832	1.29859	4916	0	15
2018.02.06	02:00:00	1.29855	1.30324	1.29788	1.30301	10123	0	9
2018.02.06	03:00:00	1.30302	1.30404	1.29872	1.30004	10498	0	9
2018.02.06	04:00:00	1.30001	1.30116	1.29918	1.30003	13310	0	11
2018.02.06	05:00:00	1.30002	1.30087	1.29909	1.29989	7841	0	9
2018.02.06	06:00:00	1.29990	1.30051	1.29939	1.29972	6695	0	14
2018.02.06	07:00:00	1.29973	1.30254	1.29861	1.30187	6818	0	14
2018.02.06	08:00:00	1.30187	1.30303	1.30120	1.30247	7977	0	11
2018.02.06	09:00:00	1.30246	1.30578	1.30113	1.30202	13954	0	3
2018.02.06	10:00:00	1.30204	1.30508	1.30189	1.30473	17327	0	1
2018.02.06	11:00:00	1.30473	1.30780	1.30379	1.30728	13225	0	1
2018.02.06	12:00:00	1.30728	1.30736	1.30390	1.30546	11019	0	3
2018.02.06	13:00:00	1.30546	1.30575	1.30196	1.30386	12254	0	2
2018.02.06	14:00:00	1.30388	1.30453	1.30045	1.30052	16352	0	1
2018.02.06	15:00:00	1.30051	1.30234	1.29853	1.30014	19453	0	2
2018.02.06	16:00:00	1.30014	1.30435	1.29939	1.30187	15703	0	1
2018.02.06	17:00:00	1.30187	1.30572	1.30051	1.30519	21280	0	3
2018.02.06	18:00:00	1.30521	1.30831	1.30478	1.30677	15274	0	1
2018.02.06	19:00:00	1.30674	1.31036	1.30666	1.30842	10473	0	2
2018.02.06	20:00:00	1.30843	1.30845	1.30624	1.30624	9295	0	2
2018.02.06	21:00:00	1.30624	1.30680	1.30501	1.30634	7541	0	9
2018.02.06	22:00:00	1.30634	1.30741	1.30617	1.30716	7683	0	7
2018.02.06	23:00:00	1.30718	1.30773	1.30425	1.30425	3743	0	10
2018.02.07	00:00:00	1.30421	1.31283	1.30255	1.30582	136073	0	3
2018.02.07	01:00:00	1.30582	1.30682	1.30493	1.30660	2692	0	15
2018.02.07	02:00:00	1.30660	1.30671	1.30519	1.30535	6184	0	14
2018.02.07	03:00:00	1.30536	1.30662	1.30516	1.30651	4651	0	17
2018.02.07	04:00:00	1.30653	1.30696	1.30541	1.30590	5275	0	15
2018.02.07	05:00:00	1.30590	1.30642	1.30531	1.30594	4774	0	16
2018.02.07	06:00:00	1.30594	1.30605	1.30518	1.30567	2637	0	15
2018.02.07	07:00:00	1.30568	1.30575	1.30494	1.30532	3159	0	16
2018.02.07	08:00:00	1.30532	1.30540	1.30384	1.30532	5094	0	14
2018.02.07	09:00:00	1.30530	1.30731	1.30414	1.30471	10943	0	1
2018.02.07	10:00:00	1.30470	1.30645	1.30254	1.30554	11584	0	4
2018.02.07	11:00:00	1.30552	1.30639	1.30456	1.30584	8529	0	7
2018.02.07	12:00:00	1.30586	1.30628	1.30424	1.30443	9294	0	1
2018.02.07	13:00:00	1.30443	1.30689	1.30367	1.30567	8853	0	1
2018.02.07	14:00:00	1.30566	1.30828	1.30497	1.30822	7167	0	1
2018.02.07	15:00:00	1.30821	1.30978	1.30766	1.30810	8511	0	1
2018.02.07	16:00:00	1.30811	1.31140	1.30619	1.31128	11542	0	1
2018.02.07	17:00:00	1.31126	1.31282	1.30954	1.31152	15692	0	1
2018.02.07	18:00:00	1.31152	1.31193	1.30809	1.30988	13269	0	1
2018.02.07	19:00:00	1.30985	1.31044	1.30810	1.31022	11035	0	6
2018.02.07	20:00:00	1.31022	1.31035	1.30639	1.30855	11108	0	4
2018.02.07	21:00:00	1.30857	1.30910	1.30757	1.30828	8029	0	3
2018.02.07	22:00:00	1.30827	1.31091	1.30806	1.30984	8434	0	8
2018.02.07	23:00:00	1.30978	1.31062	1.30820	1.30842	3412	0	11
2018.02.08	00:00:00	1.30846	1.32414	1.30052	1.30803	165982	0	44
2018.02.08	01:00:00	1.30822	1.30916	1.30796	1.30805	1652	0	22
2018.02.08	02:00:00	1.30807	1.30952	1.30795	1.30904	5122	0	17
2018.02.08	03:00:00	1.30907	1.30988	1.30894	1.30958	5349	0	16
2018.02.08	04:00:00	1.30960	1.31050	1.30929	1.31040	3709	0	12
2018.02.08	05:00:00	1.31038	1.31133	1.31028	1.31094	4128	0	13
2018.02.08	06:00:00	1.31094	1.31119	1.31045	1.31095	5530	0	9
2018.02.08	07:00:00	1.31094	1.31269	1.31054	1.31264	5739	0	11
2018.02.08	08:00:00	1.31264	1.31359	1.31188	1.31232	5734	0	4
2018.02.08	09:00:00	1.31232	1.31286	1.30975	1.30996	11421	0	1
2018.02.08	10:00:00	1.30998	1.31045	1.30834	1.30842	11341	0	2
2018.02.08	11:00:00	1.30842	1.31178	1.30824	1.31149	9821	0	1
2018.02.08	12:00:00	1.31148	1.31435	1.31063	1.31372	9397	0	1
2018.02.08	13:00:00	1.31371	1.31513	1.31127	1.31183	9541	0	3
2018.02.08	14:00:00	1.31173	1.32410	1.31136	1.32081	23320	0	1
2018.02.08	15:00:00	1.32081	1.32199	1.31955	1.32052	17161	0	1
2018.02.08	16:00:00	1.32052	1.32150	1.31856	1.31993	15321	0	3
2018.02.08	17:00:00	1.31993	1.31998	1.31492	1.31538	18162	0	4
2018.02.08	18:00:00	1.31537	1.31572	1.30302	1.30735	20376	0	1
2018.02.08	19:00:00	1.30742	1.30748	1.30041	1.30207	16535	0	1
2018.02.08	20:00:00	1.30207	1.30614	1.30067	1.30563	14779	0	1
2018.02.08	21:00:00	1.30561	1.30712	1.30371	1.30378	8991	0	7
2018.02.08	22:00:00	1.30380	1.30427	1.30083	1.30098	8698	0	7
2018.02.08	23:00:00	1.30133	1.30245	1.30073	1.30160	2907	0	9
2018.02.09	00:00:00	1.30159	1.31248	1.29137	1.30245	155729	0	10
2018.02.09	01:00:00	1.30249	1.30360	1.30226	1.30311	2875	0	17
2018.02.09	02:00:00	1.30311	1.30555	1.30294	1.30525	4462	0	1
2018.02.09	03:00:00	1.30523	1.30712	1.30506	1.30584	6133	0	12
2018.02.09	04:00:00	1.30584	1.30622	1.30481	1.30598	6394	0	10
2018.02.09	05:00:00	1.30601	1.30763	1.30597	1.30665	5281	0	13
2018.02.09	06:00:00	1.30664	1.30777	1.30639	1.30701	3035	0	10
2018.02.09	07:00:00	1.30701	1.30855	1.30640	1.30806	3958	0	13
2018.02.09	08:00:00	1.30808	1.30864	1.30699	1.30810	5025	0	3
2018.02.09	09:00:00	1.30815	1.31246	1.30757	1.31141	11312	0	1
2018.02.09	10:00:00	1.31141	1.31168	1.30873	1.31141	11825	0	1
2018.02.09	11:00:00	1.31144	1.31185	1.30554	1.30630	9528	0	4
2018.02.09	12:00:00	1.30635	1.30695	1.30179	1.30273	7563	0	1
2018.02.09	13:00:00	1.30273	1.30322	1.29755	1.29861	10739	0	1
2018.02.09	14:00:00	1.29862	1.29887	1.29133	1.29505	10648	0	1
2018.02.09	15:00:00	1.29506	1.29750	1.29474	1.29700	10736	0	1
2018.02.09	16:00:00	1.29700	1.29833	1.29441	1.29650	9585	0	5
2018.02.09	17:00:00	1.29650	1.29855	1.29427	1.29800	12126	0	3
2018.02.09	18:00:00	1.29800	1.29975	1.29448	1.29547	9826	0	1
2018.02.09	19:00:00	1.29545	1.29630	1.29226	1.29539	9473	0	3
2018.02.09	20:00:00	1.29539	1.29542	1.29210	1.29483	8246	0	1
2018.02.09	21:00:00	1.29484	1.29854	1.29473	1.29596	7784	0	6
2018.02.09	22:00:00	1.29590	1.29957	1.29557	1.29919	5449	0	1
2018.02.09	23:00:00	1.29938	1.30002	1.29805	1.29870	2325	0	23
2018.02.12	00:00:00	1.29589	1.30211	1.29464	1.29967	114461	0	68
2018.02.12	01:00:00	1.29946	1.29950	1.29847	1.29890	1762	0	21
2018.02.12	02:00:00	1.29895	1.29912	1.29735	1.29807	2316	0	26
2018.02.12	03:00:00	1.29804	1.29866	1.29727	1.29769	2690	0	19
2018.02.12	04:00:00	1.29771	1.29907	1.29764	1.29867	1293	0	16
2018.02.12	05:00:00	1.29868	1.30007	1.29843	1.29989	1371	0	1
2018.02.12	06:00:00	1.29989	1.30104	1.29978	1.30052	1883	0	3
2018.02.12	07:00:00	1.30053	1.30110	1.30025	1.30051	1294	0	18
2018.02.12	08:00:00	1.30049	1.30049	1.29930	1.30008	1777	0	11
2018.02.12	09:00:00	1.30008	1.30028	1.29838	1.29874	6836	0	10
2018.02.12	10:00:00	1.29871	1.30214	1.29792	1.29817	11002	0	1
2018.02.12	11:00:00	1.29818	1.30086	1.29808	1.29828	9325	0	1
2018.02.12	12:00:00	1.29829	1.29997	1.29748	1.29992	6033	0	5
2018.02.12	13:00:00	1.29992	1.30089	1.29744	1.29867	6586	0	1
2018.02.12	14:00:00	1.29867	1.30040	1.29791	1.29832	6433	0	3
2018.02.12	15:00:00	1.29833	1.29863	1.29647	1.29662	7232	0	3
2018.02.12	16:00:00	1.29663	1.29859	1.29613	1.29813	8063	0	2
2018.02.12	17:00:00	1.29813	1.29835	1.29458	1.29668	10689	0	8
2018.02.12	18:00:00	1.29669	1.29780	1.29540	1.29774	8031	0	1
2018.02.12	19:00:00	1.29773	1.29856	1.29646	1.29666	4757	0	10
2018.02.12	20:00:00	1.29667	1.29789	1.29608	1.29780	3501	0	1
2018.02.12	21:00:00	1.29779	1.29873	1.29767	1.29814	2871	0	2
2018.02.12	22:00:00	1.29804	1.29924	1.29771	1.29923	4459	0	4
2018.02.12	23:00:00	1.29908	1.30017	1.29861	1.29887	2447	0	12
2018.02.13	00:00:00	1.29873	1.30123	1.29365	1.30005	112520	0	34
2018.02.13	01:00:00	1.30004	1.30032	1.29931	1.30004	1750	0	20
2018.02.13	02:00:00	1.30004	1.30016	1.29865	1.29879	2758	0	6
2018.02.13	03:00:00	1.29879	1.29937	1.29850	1.29923	2527	0	15
2018.02.13	04:00:00	1.29923	1.30032	1.29883	1.30017	2193	0	15
2018.02.13	05:00:00	1.30017	1.30077	1.29962	1.29984	2389	0	15
2018.02.13	06:00:00	1.29983	1.30033	1.29825	1.29939	2729	0	15
2018.02.13	07:00:00	1.29938	1.29941	1.29847	1.29863	2892	0	17
2018.02.13	08:00:00	1.29863	1.29888	1.29738	1.29752	3762	0	15
2018.02.13	09:00:00	1.29751	1.29754	1.29419	1.29500	8789	0	5
2018.02.13	10:00:00	1.29500	1.29694	1.29365	1.29549	9890	0	8
2018.02.13	11:00:00	1.29552	1.29877	1.29491	1.29775	10577	0	1
2018.02.13	12:00:00	1.29774	1.30128	1.29741	1.29916	9630	0	1
2018.02.13	13:00:00	1.29918	1.29919	1.29718	1.29847	5860	0	4
2018.02.13	14:00:00	1.29845	1.29896	1.29625	1.29708	6657	0	9
2018.02.13	15:00:00	1.29709	1.29779	1.29501	1.29544	9503	0	1
2018.02.13	16:00:00	1.29544	1.29848	1.29544	1.29752	9973	0	1
2018.02.13	17:00:00	1.29747	1.29781	1.29563	1.29575	10361	0	2
2018.02.13	18:00:00	1.29575	1.29795	1.29511	1.29684	8921	0	1
2018.02.13	19:00:00	1.29683	1.29683	1.29463	1.29469	5415	0	5
2018.02.13	20:00:00	1.29469	1.29635	1.29456	1.29603	4188	0	4
2018.02.13	21:00:00	1.29604	1.29700	1.29563	1.29678	3423	0	10
2018.02.13	22:00:00	1.29675	1.29894	1.29661	1.29852	4547	0	10
2018.02.13	23:00:00	1.29852	1.29921	1.29807	1.29807	2159	0	9
2018.02.14	00:00:00	1.29766	1.30296	1.29229	1.29889	127763	0	8
2018.02.14	01:00:00	1.29892	1.29914	1.29830	1.29854	1131	0	20
2018.02.14	02:00:00	1.29852	1.29880	1.29811	1.29832	2619	0	19
2018.02.14	03:00:00	1.29832	1.29853	1.29776	1.29797	3546	0	15
2018.02.14	04:00:00	1.29796	1.29885	1.29776	1.29841	5142	0	7
2018.02.14	05:00:00	1.29841	1.29841	1.29536	1.29539	5159	0	4
2018.02.14	06:00:00	1.29540	1.29638	1.29516	1.29609	3668	0	13
2018.02.14	07:00:00	1.29609	1.29731	1.29602	1.29656	2949	0	17
2018.02.14	08:00:00	1.29660	1.29717	1.29623	1.29644	2591	0	15
2018.02.14	09:00:00	1.29644	1.29788	1.29582	1.29681	6568	0	6
2018.02.14	10:00:00	1.29678	1.29698	1.29384	1.29619	7891	0	1
2018.02.14	11:00:00	1.29620	1.29741	1.29409	1.29715	7558	0	4
2018.02.14	12:00:00	1.29706	1.29732	1.29471	1.29471	5770	0	1
2018.02.14	13:00:00	1.29470	1.29473	1.29231	1.29334	6778	0	7
2018.02.14	14:00:00	1.29335	1.29455	1.29315	1.29376	4888	0	9
2018.02.14	15:00:00	1.29376	1.29636	1.29241	1.29441	17093	0	3
2018.02.14	16:00:00	1.29441	1.29696	1.29392	1.29569	15688	0	1
2018.02.14	17:00:00	1.29568	1.30021	1.29560	1.29955	21489	0	1
2018.02.14	18:00:00	1.29954	1.30169	1.29851	1.30046	13211	0	1
2018.02.14	19:00:00	1.30046	1.30178	1.29973	1.30000	9436	0	9
2018.02.14	20:00:00	1.30001	1.30139	1.29984	1.30051	10064	0	6
2018.02.14	21:00:00	1.30050	1.30212	1.30034	1.30164	7047	0	9
2018.02.14	22:00:00	1.30170	1.30294	1.30159	1.30217	6487	0	7
2018.02.14	23:00:00	1.30169	1.30221	1.30020	1.30020	2672	0	16
2018.02.15	00:00:00	1.30022	1.30379	1.29654	1.30068	124171	0	37
2018.02.15	01:00:00	1.30071	1.30115	1.29934	1.29984	2902	0	5
2018.02.15	02:00:00	1.29984	1.30116	1.29979	1.29994	4182	0	13
2018.02.15	03:00:00	1.29997	1.30145	1.29972	1.30054	4586	0	17
2018.02.15	04:00:00	1.30055	1.30067	1.29955	1.30004	4027	0	14
2018.02.15	05:00:00	1.30006	1.30089	1.29977	1.29981	2717	0	16
2018.02.15	06:00:00	1.29981	1.30059	1.29851	1.30038	2985	0	11
2018.02.15	07:00:00	1.30040	1.30047	1.29960	1.29999	1957	0	18
2018.02.15	08:00:00	1.29999	1.30007	1.29851	1.29930	3884	0	6
2018.02.15	09:00:00	1.29929	1.30044	1.29660	1.29943	12309	0	1
2018.02.15	10:00:00	1.29947	1.30078	1.29817	1.29881	10480	0	1
2018.02.15	11:00:00	1.29880	1.30169	1.29834	1.30105	7562	0	1
2018.02.15	12:00:00	1.30106	1.30354	1.30103	1.30124	7425	0	1
2018.02.15	13:00:00	1.30123	1.30165	1.29874	1.29925	6432	0	7
2018.02.15	14:00:00	1.29924	1.30162	1.29922	1.30086	7690	0	1
2018.02.15	15:00:00	1.30085	1.30378	1.30065	1.30209	9181	0	5
2018.02.15	16:00:00	1.30208	1.30290	1.29908	1.30075	9487	0	1
2018.02.15	17:00:00	1.30072	1.30131	1.29645	1.29847	14736	0	2
2018.02.15	18:00:00	1.29847	1.30063	1.29791	1.29806	9809	0	2
2018.02.15	19:00:00	1.29807	1.30060	1.29692	1.30046	9884	0	2
2018.02.15	20:00:00	1.30046	1.30074	1.29898	1.29922	6931	0	2
2018.02.15	21:00:00	1.29922	1.30048	1.29913	1.30013	6048	0	6
2018.02.15	22:00:00	1.30018	1.30073	1.29850	1.29926	5829	0	1
2018.02.15	23:00:00	1.29922	1.29997	1.29882	1.29965	2610	0	10
2018.02.16	00:00:00	1.29939	1.30163	1.29083	1.29927	111170	0	36
2018.02.16	01:00:00	1.29946	1.30079	1.29942	1.30071	1183	0	22
2018.02.16	02:00:00	1.30071	1.30077	1.29944	1.30046	2540	0	14
2018.02.16	03:00:00	1.30045	1.30110	1.30033	1.30086	2558	0	15
2018.02.16	04:00:00	1.30085	1.30106	1.29963	1.30013	5065	0	16
2018.02.16	05:00:00	1.30012	1.30057	1.29984	1.29990	3040	0	17
2018.02.16	06:00:00	1.29989	1.30050	1.29893	1.29983	6003	0	13
2018.02.16	07:00:00	1.29984	1.30028	1.29898	1.29914	2857	0	17
2018.02.16	08:00:00	1.29915	1.30005	1.29848	1.29924	3393	0	12
2018.02.16	09:00:00	1.29923	1.30014	1.29881	1.29972	6076	0	10
2018.02.16	10:00:00	1.29972	1.30092	1.29804	1.29828	8681	0	1
2018.02.16	11:00:00	1.29830	1.29945	1.29620	1.29724	9391	0	5
2018.02.16	12:00:00	1.29726	1.29820	1.29643	1.29773	9372	0	4
2018.02.16	13:00:00	1.29777	1.29859	1.29703	1.29836	7562	0	6
2018.02.16	14:00:00	1.29835	1.29877	1.29724	1.29862	8547	0	4
2018.02.16	15:00:00	1.29861	1.29867	1.29634	1.29715	9670	0	3
2018.02.16	16:00:00	1.29718	1.29948	1.29621	1.29920	12195	0	5
2018.02.16	17:00:00	1.29936	1.29965	1.29764	1.29850	11680	0	6
2018.02.16	18:00:00	1.29850	1.30167	1.29844	1.30111	9010	0	5
2018.02.16	19:00:00	1.30111	1.30130	1.29826	1.30000	5703	0	1
2018.02.16	20:00:00	1.30001	1.30070	1.29951	1.30012	6077	0	8
2018.02.16	21:00:00	1.30012	1.30068	1.29900	1.30029	7291	0	8
2018.02.16	22:00:00	1.30029	1.30079	1.29968	1.29982	3721	0	12
2018.02.16	23:00:00	1.29984	1.30125	1.29967	1.30125	2110	0	15
2018.02.19	00:00:00	1.29918	1.30262	1.29837	1.30036	86005	0	61
2018.02.19	01:00:00	1.30047	1.30144	1.30026	1.30098	1759	0	20
2018.02.19	02:00:00	1.30098	1.30251	1.30056	1.30173	3242	0	2
2018.02.19	03:00:00	1.30171	1.30199	1.30128	1.30153	2623	0	18
2018.02.19	04:00:00	1.30155	1.30251	1.30155	1.30239	1676	0	16
2018.02.19	05:00:00	1.30241	1.30254	1.30212	1.30215	1902	0	15
2018.02.19	06:00:00	1.30215	1.30243	1.30190	1.30203	2739	0	14
2018.02.19	07:00:00	1.30202	1.30203	1.30072	1.30155	3313	0	12
2018.02.19	08:00:00	1.30158	1.30215	1.30127	1.30196	5708	0	13
2018.02.19	09:00:00	1.30195	1.30260	1.30023	1.30028	8085	0	8
2018.02.19	10:00:00	1.30029	1.30133	1.29986	1.30004	6714	0	6
2018.02.19	11:00:00	1.30005	1.30104	1.29947	1.30019	4823	0	9
2018.02.19	12:00:00	1.30019	1.30079	1.29951	1.30049	4704	0	2
2018.02.19	13:00:00	1.30049	1.30142	1.29941	1.29968	5011	0	5
2018.02.19	14:00:00	1.29970	1.29976	1.29838	1.29911	4781	0	6
2018.02.19	15:00:00	1.29911	1.30108	1.29875	1.30038	8556	0	2
2018.02.19	16:00:00	1.30040	1.30148	1.29999	1.30130	5257	0	2
2018.02.19	17:00:00	1.30128	1.30193	1.29977	1.30027	5874	0	5
2018.02.19	18:00:00	1.30027	1.30189	1.29936	1.30171	3848	0	5
2018.02.19	19:00:00	1.30170	1.30211	1.30100	1.30126	2791	0	4
2018.02.19	20:00:00	1.30124	1.30247	1.30072	1.30104	1287	0	1
2018.02.19	21:00:00	1.30098	1.30150	1.30062	1.30071	1384	0	29
2018.02.19	22:00:00	1.30076	1.30108	1.29986	1.30022	1343	0	34
2018.02.19	23:00:00	1.30025	1.30055	1.29930	1.30052	4149	0	60
2018.02.20	00:00:00	1.30045	1.31212	1.29905	1.29977	106221	0	76
2018.02.20	01:00:00	1.29962	1.30063	1.29962	1.30029	886	0	15
2018.02.20	02:00:00	1.30030	1.30077	1.29963	1.29996	2951	0	13
2018.02.20	03:00:00	1.29995	1.30095	1.29970	1.30010	4731	0	14
2018.02.20	04:00:00	1.30011	1.30056	1.29994	1.30018	2249	0	16
2018.02.20	05:00:00	1.30017	1.30058	1.30003	1.30041	1664	0	13
2018.02.20	06:00:00	1.30039	1.30090	1.30033	1.30072	3108	0	13
2018.02.20	07:00:00	1.30073	1.30176	1.30070	1.30141	2535	0	10
2018.02.20	08:00:00	1.30140	1.30161	1.30075	1.30123	4166	0	14
2018.02.20	09:00:00	1.30123	1.30158	1.29902	1.30024	9048	0	2
2018.02.20	10:00:00	1.30024	1.30277	1.29979	1.30225	8393	0	4
2018.02.20	11:00:00	1.30225	1.30854	1.30184	1.30811	13955	0	1
2018.02.20	12:00:00	1.30811	1.30978	1.30651	1.30750	9967	0	3
2018.02.20	13:00:00	1.30750	1.30763	1.30543	1.30688	7814	0	2
2018.02.20	14:00:00	1.30690	1.30788	1.30538	1.30771	6612	0	1
2018.02.20	15:00:00	1.30771	1.31009	1.30762	1.30783	9877	0	2
2018.02.20	16:00:00	1.30784	1.30903	1.30621	1.30632	9670	0	1
2018.02.20	17:00:00	1.30630	1.30912	1.30628	1.30878	9679	0	3
2018.02.20	18:00:00	1.30878	1.31179	1.30792	1.31151	8395	0	4
2018.02.20	19:00:00	1.31150	1.31212	1.31021	1.31062	5982	0	3
2018.02.20	20:00:00	1.31062	1.31072	1.30943	1.30955	5372	0	6
2018.02.20	21:00:00	1.30954	1.30966	1.30813	1.30883	4329	0	9
2018.02.20	22:00:00	1.30883	1.30955	1.30842	1.30931	4262	0	13
2018.02.20	23:00:00	1.30936	1.31029	1.30934	1.30938	1901	0	6
2018.02.21	00:00:00	1.30952	1.31194	1.30332	1.31020	112336	0	49
2018.02.21	01:00:00	1.31023	1.31090	1.30999	1.31080	1004	0	14
2018.02.21	02:00:00	1.31078	1.31130	1.31015	1.31033	3727	0	5
2018.02.21	03:00:00	1.31035	1.31117	1.31035	1.31087	3830	0	12
2018.02.21	04:00:00	1.31092	1.31097	1.30982	1.31061	3381	0	10
2018.02.21	05:00:00	1.31059	1.31129	1.31051	1.31094	2622	0	12
2018.02.21	06:00:00	1.31096	1.31135	1.30993	1.31116	2723	0	5
2018.02.21	07:00:00	1.31116	1.31125	1.31017	1.31053	2646	0	10
2018.02.21	08:00:00	1.31051	1.31062	1.31016	1.31035	3628	0	9
2018.02.21	09:00:00	1.31035	1.31196	1.31032	1.31099	7077	0	4
2018.02.21	10:00:00	1.31101	1.31101	1.30706	1.30783	9869	0	5
2018.02.21	11:00:00	1.30782	1.30948	1.30579	1.30828	10659	0	1
2018.02.21	12:00:00	1.30827	1.30861	1.30578	1.30659	7283	0	1
2018.02.21	13:00:00	1.30659	1.30692	1.30313	1.30568	7633	0	2
2018.02.21	14:00:00	1.30567	1.30706	1.30490	1.30577	9036	0	5
2018.02.21	15:00:00	1.30576	1.30594	1.30383	1.30485	8960	0	5
2018.02.21	16:00:00	1.30484	1.30821	1.30460	1.30665	13467	0	1
2018.02.21	17:00:00	1.30665	1.31000	1.30651	1.30984	12890	0	3
2018.02.21	18:00:00	1.30983	1.31010	1.30696	1.30727	10027	0	1
2018.02.21	19:00:00	1.30726	1.30867	1.30697	1.30828	4406	0	8
2018.02.21	20:00:00	1.30829	1.30861	1.30755	1.30758	4580	0	5
2018.02.21	21:00:00	1.30753	1.30936	1.30685	1.30788	20159	0	6
2018.02.21	22:00:00	1.30788	1.30807	1.30600	1.30616	10594	0	10
2018.02.21	23:00:00	1.30614	1.30690	1.30596	1.30623	4535	0	14
2018.02.22	00:00:00	1.30588	1.30708	1.29936	1.30644	108009	0	39
2018.02.22	01:00:00	1.30642	1.30657	1.30556	1.30575	1393	0	18
2018.02.22	02:00:00	1.30575	1.30626	1.30513	1.30548	2953	0	15
2018.02.22	03:00:00	1.30549	1.30597	1.30487	1.30549	4693	0	16
2018.02.22	04:00:00	1.30550	1.30619	1.30540	1.30606	3163	0	15
2018.02.22	05:00:00	1.30606	1.30624	1.30555	1.30595	2213	0	16
2018.02.22	06:00:00	1.30594	1.30646	1.30588	1.30644	2328	0	14
2018.02.22	07:00:00	1.30644	1.30687	1.30625	1.30633	2639	0	14
2018.02.22	08:00:00	1.30633	1.30659	1.30480	1.30529	4058	0	11
2018.02.22	09:00:00	1.30528	1.30629	1.30482	1.30582	6898	0	6
2018.02.22	10:00:00	1.30581	1.30708	1.30410	1.30418	10813	0	3
2018.02.22	11:00:00	1.30430	1.30495	1.30105	1.30285	10280	0	2
2018.02.22	12:00:00	1.30284	1.30362	1.30204	1.30221	6105	0	9
2018.02.22	13:00:00	1.30223	1.30274	1.29930	1.30062	6166	0	1
2018.02.22	14:00:00	1.30062	1.30298	1.30056	1.30221	11239	0	2
2018.02.22	15:00:00	1.30222	1.30357	1.30125	1.30229	11346	0	1
2018.02.22	16:00:00	1.30228	1.30362	1.30131	1.30141	11244	0	2
2018.02.22	17:00:00	1.30142	1.30391	1.30056	1.30360	11912	0	1
2018.02.22	18:00:00	1.30360	1.30386	1.30255	1.30257	8814	0	5
2018.02.22	19:00:00	1.30257	1.30462	1.30198	1.30326	6140	0	5
2018.02.22	20:00:00	1.30326	1.30394	1.30261	1.30320	5712	0	7
2018.02.22	21:00:00	1.30326	1.30341	1.30198	1.30245	4322	0	6
2018.02.22	22:00:00	1.30244	1.30249	1.30126	1.30143	4493	0	9
2018.02.22	23:00:00	1.30159	1.30229	1.30055	1.30081	2270	0	17
2018.02.23	00:00:00	1.30090	1.31008	1.30055	1.30163	102362	0	37
2018.02.23	01:00:00	1.30159	1.30194	1.30139	1.30183	1491	0	19
2018.02.23	02:00:00	1.30185	1.30246	1.30141	1.30215	2838	0	4
2018.02.23	03:00:00	1.30214	1.30241	1.30162	1.30199	2950	0	14
2018.02.23	04:00:00	1.30198	1.30358	1.30178	1.30354	2943	0	1
2018.02.23	05:00:00	1.30355	1.30387	1.30301	1.30329	3590	0	15
2018.02.23	06:00:00	1.30329	1.30463	1.30326	1.30429	3194	0	16
2018.02.23	07:00:00	1.30429	1.30468	1.30362	1.30368	3222	0	15
2018.02.23	08:00:00	1.30369	1.30401	1.30304	1.30401	4462	0	1
2018.02.23	09:00:00	1.30402	1.30450	1.30327	1.30330	5670	0	1
2018.02.23	10:00:00	1.30329	1.30712	1.30277	1.30628	9775	0	1
2018.02.23	11:00:00	1.30628	1.30634	1.30416	1.30472	7097	0	1
2018.02.23	12:00:00	1.30472	1.30598	1.30460	1.30561	5737	0	7
2018.02.23	13:00:00	1.30563	1.30649	1.30064	1.30585	10684	0	1
2018.02.23	14:00:00	1.30594	1.30848	1.30545	1.30835	7823	0	5
2018.02.23	15:00:00	1.30834	1.30995	1.30781	1.30859	7081	0	2
2018.02.23	16:00:00	1.30859	1.30963	1.30808	1.30893	7222	0	2
2018.02.23	17:00:00	1.30893	1.31005	1.30713	1.30747	10168	0	1
2018.02.23	18:00:00	1.30752	1.30829	1.30653	1.30784	8815	0	1
2018.02.23	19:00:00	1.30784	1.30800	1.30643	1.30743	5526	0	8
2018.02.23	20:00:00	1.30744	1.30876	1.30688	1.30735	4220	0	9
2018.02.23	21:00:00	1.30735	1.30816	1.30701	1.30796	2976	0	11
2018.02.23	22:00:00	1.30798	1.30855	1.30724	1.30835	3716	0	11
2018.02.23	23:00:00	1.30822	1.30849	1.30700	1.30786	3738	0	17
2018.02.26	00:00:00	1.30796	1.31435	1.30685	1.30863	104754	0	104
2018.02.26	01:00:00	1.30857	1.30935	1.30786	1.30905	2927	0	16
2018.02.26	02:00:00	1.30901	1.30909	1.30703	1.30788	4143	0	13
2018.02.26	03:00:00	1.30788	1.30840	1.30709	1.30731	5026	0	15
2018.02.26	04:00:00	1.30729	1.30813	1.30683	1.30770	4111	0	17
2018.02.26	05:00:00	1.30770	1.30833	1.30755	1.30800	2332	0	16
2018.02.26	06:00:00	1.30800	1.30856	1.30772	1.30853	2135	0	14
2018.02.26	07:00:00	1.30854	1.30911	1.30824	1.30856	3710	0	12
2018.02.26	08:00:00	1.30855	1.30894	1.30805	1.30845	6218	0	10
2018.02.26	09:00:00	1.30845	1.31054	1.30800	1.31040	8220	0	10
2018.02.26	10:00:00	1.31041	1.31239	1.31026	1.31233	8013	0	8
2018.02.26	11:00:00	1.31234	1.31257	1.31113	1.31202	7307	0	4
2018.02.26	12:00:00	1.31202	1.31274	1.31126	1.31231	5910	0	9
2018.02.26	13:00:00	1.31231	1.31352	1.31225	1.31314	5958	0	4
2018.02.26	14:00:00	1.31315	1.31352	1.31136	1.31267	5832	0	2
2018.02.26	15:00:00	1.31267	1.31430	1.31161	1.31164	8383	0	1
2018.02.26	16:00:00	1.31165	1.31202	1.30819	1.30827	10655	0	2
2018.02.26	17:00:00	1.30826	1.30944	1.30721	1.30779	11826	0	1
2018.02.26	18:00:00	1.30779	1.30998	1.30725	1.30984	8552	0	3
2018.02.26	19:00:00	1.30984	1.31004	1.30917	1.30960	5441	0	7
2018.02.26	20:00:00	1.30960	1.30987	1.30922	1.30935	3527	0	7
2018.02.26	21:00:00	1.30935	1.30995	1.30906	1.30993	3543	0	7
2018.02.26	22:00:00	1.30993	1.31033	1.30967	1.31007	3484	0	8
2018.02.26	23:00:00	1.31008	1.31051	1.30960	1.30960	2078	0	7
2018.02.27	00:00:00	1.30956	1.31084	1.30371	1.31008	120516	0	34
2018.02.27	01:00:00	1.31008	1.31080	1.30947	1.31068	2892	0	17
2018.02.27	02:00:00	1.31069	1.31070	1.30856	1.30880	4571	0	11
2018.02.27	03:00:00	1.30879	1.30901	1.30839	1.30866	4018	0	1
2018.02.27	04:00:00	1.30868	1.30887	1.30802	1.30842	2938	0	13
2018.02.27	05:00:00	1.30845	1.30884	1.30803	1.30863	3634	0	11
2018.02.27	06:00:00	1.30863	1.30909	1.30850	1.30887	2628	0	13
2018.02.27	07:00:00	1.30885	1.30891	1.30841	1.30881	2221	0	12
2018.02.27	08:00:00	1.30882	1.30898	1.30814	1.30836	4550	0	12
2018.02.27	09:00:00	1.30835	1.31007	1.30827	1.30978	7358	0	7
2018.02.27	10:00:00	1.30979	1.31028	1.30887	1.30961	8345	0	8
2018.02.27	11:00:00	1.30962	1.30991	1.30662	1.30729	8405	0	8
2018.02.27	12:00:00	1.30728	1.30878	1.30623	1.30793	7016	0	1
2018.02.27	13:00:00	1.30791	1.30954	1.30711	1.30739	6488	0	6
2018.02.27	14:00:00	1.30738	1.30766	1.30563	1.30577	6360	0	8
2018.02.27	15:00:00	1.30576	1.30768	1.30447	1.30617	14857	0	2
2018.02.27	16:00:00	1.30616	1.30683	1.30469	1.30511	13769	0	2
2018.02.27	17:00:00	1.30506	1.30588	1.30372	1.30521	18282	0	1
2018.02.27	18:00:00	1.30523	1.30675	1.30392	1.30673	15620	0	2
2018.02.27	19:00:00	1.30673	1.30807	1.30565	1.30736	9782	0	2
2018.02.27	20:00:00	1.30736	1.30799	1.30707	1.30779	5965	0	6
2018.02.27	21:00:00	1.30780	1.30798	1.30651	1.30663	5007	0	6
2018.02.27	22:00:00	1.30662	1.30693	1.30558	1.30579	5581	0	6
2018.02.27	23:00:00	1.30573	1.30634	1.30543	1.30543	2225	0	5
2018.02.28	00:00:00	1.30513	1.31162	1.29895	1.30590	105384	0	28
2018.02.28	01:00:00	1.30588	1.30641	1.30560	1.30628	1835	0	17
2018.02.28	02:00:00	1.30629	1.30659	1.30546	1.30563	4023	0	8
2018.02.28	03:00:00	1.30562	1.30652	1.30547	1.30636	5454	0	13
2018.02.28	04:00:00	1.30633	1.30673	1.30594	1.30643	4030	0	14
2018.02.28	05:00:00	1.30644	1.30658	1.30604	1.30651	4214	0	9
2018.02.28	06:00:00	1.30652	1.30676	1.30629	1.30674	1995	0	13
2018.02.28	07:00:00	1.30675	1.30679	1.30616	1.30636	2366	0	10
2018.02.28	08:00:00	1.30637	1.30690	1.30532	1.30677	4888	0	1
2018.02.28	09:00:00	1.30677	1.30772	1.30637	1.30733	7476	0	5
2018.02.28	10:00:00	1.30734	1.30830	1.30659	1.30808	9538	0	1
2018.02.28	11:00:00	1.30809	1.31159	1.30780	1.30948	10671	0	5
2018.02.28	12:00:00	1.30951	1.30977	1.30698	1.30779	9025	0	7
2018.02.28	13:00:00	1.30779	1.31024	1.30528	1.30581	11949	0	1
2018.02.28	14:00:00	1.30581	1.30630	1.30214	1.30314	11225	0	2
2018.02.28	15:00:00	1.30314	1.30471	1.30212	1.30325	10749	0	1
2018.02.28	16:00:00	1.30325	1.30394	1.30141	1.30371	13108	0	2
2018.02.28	17:00:00	1.30372	1.30383	1.30000	1.30179	20272	0	1
2018.02.28	18:00:00	1.30180	1.30310	1.29979	1.30058	15057	0	1
2018.02.28	19:00:00	1.30057	1.30179	1.29990	1.30156	8185	0	2
2018.02.28	20:00:00	1.30155	1.30170	1.30042	1.30079	5017	0	9
2018.02.28	21:00:00	1.30082	1.30147	1.29954	1.29982	4770	0	7
2018.02.28	22:00:00	1.29982	1.30051	1.29900	1.30008	6526	0	10
2018.02.28	23:00:00	1.30012	1.30038	1.29917	1.29917	2061	0	10
2018.03.01	00:00:00	1.29910	1.30504	1.29588	1.29881	74849	0	58
2018.03.01	01:00:00	1.29881	1.29958	1.29835	1.29899	1295	0	16
2018.03.01	02:00:00	1.29898	1.29988	1.29898	1.29957	3876	0	7
2018.03.01	03:00:00	1.29959	1.29978	1.29890	1.29971	4239	0	15
2018.03.01	04:00:00	1.29970	1.30010	1.29929	1.29974	4716	0	10
2018.03.01	05:00:00	1.29973	1.30019	1.29933	1.30004	3336	0	12
2018.03.01	06:00:00	1.30004	1.30025	1.29946	1.29957	3150	0	13
2018.03.01	07:00:00	1.29960	1.30007	1.29919	1.29992	3111	0	12
2018.03.01	08:00:00	1.29990	1.30105	1.29978	1.30050	4854	0	8
2018.03.01	09:00:00	1.30050	1.30059	1.29881	1.29936	7786	0	5
2018.03.01	10:00:00	1.29935	1.30198	1.29935	1.30124	10467	0	4
2018.03.01	11:00:00	1.30125	1.30175	1.29906	1.29909	9151	0	9
2018.03.01	12:00:00	1.29908	1.30062	1.29783	1.29964	9271	0	7
2018.03.01	13:00:00	1.29963	1.30090	1.29914	1.30001	8094	0	1
2018.03.01	14:00:00	1.29997	1.30190	1.29989	1.30079	9174	0	1
2018.03.01	15:00:00	1.30078	1.30408	1.30056	1.30321	9542	0	1
2018.03.01	16:00:00	1.30321	1.30501	1.30003	1.30003	11953	0	2
2018.03.01	17:00:00	1.29990	1.30353	1.29990	1.30123	17290	0	1
2018.03.01	18:00:00	1.30124	1.30196	1.29992	1.30113	15285	0	3
2018.03.01	19:00:00	1.30114	1.30144	1.29926	1.29964	11100	0	8
2018.03.01	20:00:00	1.29963	1.30014	1.29866	1.29966	11651	0	1
2018.03.01	21:00:00	1.29968	1.30035	1.29630	1.29767	17595	0	1
2018.03.01	22:00:00	1.29763	1.29833	1.29630	1.29802	12301	0	1
2018.03.01	23:00:00	1.29791	1.29798	1.29649	1.29665	2806	0	9
2018.03.02	00:00:00	1.29677	1.29784	1.28627	1.29671	107014	0	19
2018.03.02	01:00:00	1.29681	1.29751	1.29651	1.29689	1533	0	19
2018.03.02	02:00:00	1.29686	1.29777	1.29664	1.29756	4293	0	12
2018.03.02	03:00:00	1.29756	1.29785	1.29684	1.29753	5476	0	11
2018.03.02	04:00:00	1.29755	1.29771	1.29635	1.29680	4941	0	11
2018.03.02	05:00:00	1.29679	1.29702	1.29564	1.29607	3729	0	6
2018.03.02	06:00:00	1.29607	1.29642	1.29567	1.29571	3406	0	6
2018.03.02	07:00:00	1.29575	1.29588	1.29449	1.29477	4359	0	8
2018.03.02	08:00:00	1.29477	1.29509	1.29437	1.29482	6419	0	9
2018.03.02	09:00:00	1.29482	1.29560	1.29295	1.29359	10722	0	1
2018.03.02	10:00:00	1.29359	1.29392	1.29118	1.29267	10182	0	4
2018.03.02	11:00:00	1.29266	1.29287	1.29053	1.29150	10604	0	2
2018.03.02	12:00:00	1.29150	1.29223	1.29004	1.29150	12446	0	1
2018.03.02	13:00:00	1.29150	1.29200	1.28761	1.28964	15315	0	3
2018.03.02	14:00:00	1.28963	1.29173	1.28907	1.28956	11193	0	3
2018.03.02	15:00:00	1.28956	1.29103	1.28621	1.28999	14045	0	1
2018.03.02	16:00:00	1.29001	1.29003	1.28762	1.28886	13915	0	3
2018.03.02	17:00:00	1.28888	1.29218	1.28848	1.29136	16987	0	1
2018.03.02	18:00:00	1.29136	1.29240	1.28940	1.29125	14138	0	2
2018.03.02	19:00:00	1.29125	1.29196	1.29046	1.29169	9133	0	3
2018.03.02	20:00:00	1.29175	1.29214	1.29035	1.29170	6834	0	1
2018.03.02	21:00:00	1.29169	1.29262	1.29070	1.29186	5398	0	1
2018.03.02	22:00:00	1.29187	1.29263	1.29147	1.29246	4535	0	11
2018.03.02	23:00:00	1.29245	1.29427	1.29218	1.29283	2676	0	14
2018.03.05	00:00:00	1.28976	1.30387	1.28899	1.29210	142795	0	30
2018.03.05	01:00:00	1.29210	1.29342	1.29167	1.29274	4600	0	14
2018.03.05	02:00:00	1.29268	1.29309	1.29149	1.29173	3933	0	14
2018.03.05	03:00:00	1.29174	1.29189	1.29124	1.29147	3022	0	19
2018.03.05	04:00:00	1.29147	1.29148	1.29048	1.29090	3271	0	10
2018.03.05	05:00:00	1.29088	1.29120	1.29052	1.29112	2897	0	13
2018.03.05	06:00:00	1.29112	1.29145	1.29088	1.29145	2626	0	13
2018.03.05	07:00:00	1.29144	1.29178	1.29080	1.29114	3327	0	12
2018.03.05	08:00:00	1.29113	1.29251	1.29098	1.29182	5511	0	3
2018.03.05	09:00:00	1.29181	1.29288	1.29081	1.29088	13110	0	11
2018.03.05	10:00:00	1.29086	1.29353	1.29004	1.29167	13597	0	1
2018.03.05	11:00:00	1.29168	1.29373	1.28963	1.29322	9402	0	8
2018.03.05	12:00:00	1.29322	1.29495	1.29282	1.29462	8900	0	6
2018.03.05	13:00:00	1.29463	1.29609	1.29437	1.29548	6992	0	6
2018.03.05	14:00:00	1.29546	1.29699	1.29523	1.29643	6414	0	2
2018.03.05	15:00:00	1.29643	1.29670	1.29483	1.29491	8557	0	9
2018.03.05	16:00:00	1.29491	1.29677	1.29467	1.29549	10267	0	2
2018.03.05	17:00:00	1.29549	1.30094	1.29549	1.29968	14600	0	1
2018.03.05	18:00:00	1.29971	1.30389	1.29938	1.30199	13548	0	1
2018.03.05	19:00:00	1.30195	1.30216	1.30053	1.30147	7885	0	3
2018.03.05	20:00:00	1.30148	1.30230	1.29946	1.30042	7333	0	1
2018.03.05	21:00:00	1.30042	1.30124	1.30009	1.30069	5670	0	11
2018.03.05	22:00:00	1.30066	1.30181	1.30049	1.30176	5278	0	12
2018.03.05	23:00:00	1.30187	1.30195	1.30108	1.30116	2049	0	15
2018.03.06	00:00:00	1.30136	1.30697	1.29917	1.30121	121184	0	28
2018.03.06	01:00:00	1.30122	1.30195	1.30093	1.30142	1895	0	16
2018.03.06	02:00:00	1.30141	1.30198	1.30091	1.30109	3326	0	13
2018.03.06	03:00:00	1.30111	1.30144	1.30064	1.30069	4990	0	12
2018.03.06	04:00:00	1.30068	1.30094	1.30032	1.30049	3056	0	10
2018.03.06	05:00:00	1.30046	1.30094	1.29998	1.30014	3278	0	10
2018.03.06	06:00:00	1.30015	1.30075	1.29994	1.30036	3307	0	11
2018.03.06	07:00:00	1.30036	1.30089	1.30022	1.30079	4324	0	11
2018.03.06	08:00:00	1.30078	1.30086	1.30003	1.30006	5437	0	10
2018.03.06	09:00:00	1.30008	1.30186	1.29912	1.30171	10039	0	2
2018.03.06	10:00:00	1.30171	1.30225	1.30006	1.30118	10916	0	1
2018.03.06	11:00:00	1.30119	1.30239	1.30006	1.30120	9067	0	3
2018.03.06	12:00:00	1.30121	1.30304	1.30105	1.30247	6455	0	9
2018.03.06	13:00:00	1.30245	1.30382	1.30228	1.30347	15793	0	2
2018.03.06	14:00:00	1.30347	1.30534	1.30267	1.30357	11403	0	7
2018.03.06	15:00:00	1.30361	1.30462	1.30158	1.30172	12420	0	4
2018.03.06	16:00:00	1.30173	1.30452	1.30164	1.30389	15168	0	2
2018.03.06	17:00:00	1.30395	1.30545	1.30274	1.30380	13878	0	1
2018.03.06	18:00:00	1.30379	1.30395	1.30171	1.30315	11685	0	5
2018.03.06	19:00:00	1.30315	1.30499	1.30294	1.30470	8023	0	5
2018.03.06	20:00:00	1.30470	1.30564	1.30467	1.30537	6621	0	7
2018.03.06	21:00:00	1.30537	1.30691	1.30499	1.30640	4869	0	9
2018.03.06	22:00:00	1.30636	1.30692	1.30597	1.30676	4685	0	8
2018.03.06	23:00:00	1.30671	1.30697	1.30560	1.30560	1659	0	12
2018.03.07	00:00:00	1.30598	1.31187	1.29817	1.30234	140801	0	3
2018.03.07	01:00:00	1.30234	1.30429	1.30125	1.30401	5835	0	15
2018.03.07	02:00:00	1.30403	1.30469	1.30247	1.30248	5262	0	15
2018.03.07	03:00:00	1.30248	1.30363	1.30247	1.30351	4497	0	14
2018.03.07	04:00:00	1.30353	1.30370	1.30162	1.30202	4472	0	11
2018.03.07	05:00:00	1.30202	1.30231	1.30127	1.30196	4931	0	11
2018.03.07	06:00:00	1.30197	1.30254	1.30173	1.30251	3588	0	14
2018.03.07	07:00:00	1.30252	1.30256	1.30087	1.30130	4334	0	12
2018.03.07	08:00:00	1.30131	1.30239	1.30107	1.30221	8832	0	9
2018.03.07	09:00:00	1.30219	1.30449	1.30189	1.30394	10628	0	6
2018.03.07	10:00:00	1.30394	1.30426	1.30210	1.30222	8922	0	6
2018.03.07	11:00:00	1.30221	1.30268	1.29815	1.29977	10171	0	1
2018.03.07	12:00:00	1.29977	1.30285	1.29946	1.30182	10370	0	1
2018.03.07	13:00:00	1.30181	1.30185	1.30022	1.30178	7527	0	8
2018.03.07	14:00:00	1.30178	1.30494	1.30166	1.30386	8604	0	1
2018.03.07	15:00:00	1.30386	1.30614	1.30338	1.30610	11911	0	2
2018.03.07	16:00:00	1.30609	1.30953	1.30526	1.30804	11383	0	1
2018.03.07	17:00:00	1.30803	1.30992	1.30722	1.30865	15523	0	1
2018.03.07	18:00:00	1.30864	1.31005	1.30854	1.30885	10461	0	6
2018.03.07	19:00:00	1.30885	1.31066	1.30719	1.31053	8382	0	2
2018.03.07	20:00:00	1.31053	1.31099	1.30980	1.31056	5781	0	7
2018.03.07	21:00:00	1.31056	1.31146	1.31034	1.31113	5611	0	10
2018.03.07	22:00:00	1.31113	1.31167	1.31088	1.31130	5034	0	9
2018.03.07	23:00:00	1.31115	1.31182	1.30987	1.30987	2529	0	9
2018.03.08	00:00:00	1.30981	1.31480	1.30869	1.31122	128059	0	9
2018.03.08	01:00:00	1.31124	1.31168	1.31061	1.31168	1189	0	9
2018.03.08	02:00:00	1.31167	1.31215	1.31163	1.31182	3116	0	15
2018.03.08	03:00:00	1.31181	1.31206	1.31135	1.31137	3550	0	12
2018.03.08	04:00:00	1.31137	1.31165	1.31073	1.31156	3292	0	11
2018.03.08	05:00:00	1.31154	1.31180	1.31110	1.31136	3794	0	11
2018.03.08	06:00:00	1.31137	1.31181	1.31120	1.31151	2676	0	11
2018.03.08	07:00:00	1.31151	1.31151	1.31100	1.31137	3880	0	10
2018.03.08	08:00:00	1.31141	1.31147	1.31002	1.31020	4590	0	11
2018.03.08	09:00:00	1.31019	1.31098	1.30869	1.31079	7750	0	9
2018.03.08	10:00:00	1.31079	1.31164	1.31006	1.31128	9185	0	7
2018.03.08	11:00:00	1.31127	1.31196	1.31006	1.31019	9174	0	6
2018.03.08	12:00:00	1.31019	1.31192	1.31016	1.31169	5864	0	1
2018.03.08	13:00:00	1.31169	1.31298	1.31124	1.31208	7244	0	2
2018.03.08	14:00:00	1.31207	1.31288	1.31070	1.31160	11265	0	4
2018.03.08	15:00:00	1.31160	1.31444	1.31042	1.31439	15763	0	9
2018.03.08	16:00:00	1.31441	1.31473	1.31229	1.31367	12911	0	8
2018.03.08	17:00:00	1.31367	1.31424	1.30979	1.31226	12786	0	1
2018.03.08	18:00:00	1.31224	1.31372	1.31171	1.31307	9526	0	1
2018.03.08	19:00:00	1.31307	1.31332	1.31164	1.31184	4692	0	7
2018.03.08	20:00:00	1.31184	1.31338	1.31175	1.31332	4838	0	10
2018.03.08	21:00:00	1.31333	1.31415	1.31116	1.31294	6647	0	1
2018.03.08	22:00:00	1.31295	1.31391	1.31286	1.31366	5910	0	11
2018.03.08	23:00:00	1.31352	1.31397	1.31273	1.31273	2664	0	11
2018.03.09	00:00:00	1.31289	1.31903	1.31113	1.31373	122550	0	39
2018.03.09	01:00:00	1.31357	1.31373	1.31307	1.31327	1897	0	18
2018.03.09	02:00:00	1.31324	1.31460	1.31288	1.31391	3961	0	1
2018.03.09	03:00:00	1.31390	1.31473	1.31381	1.31446	5355	0	14
2018.03.09	04:00:00	1.31445	1.31449	1.31339	1.31361	3389	0	14
2018.03.09	05:00:00	1.31362	1.31440	1.31354	1.31415	3611	0	10
2018.03.09	06:00:00	1.31415	1.31426	1.31363	1.31396	3849	0	14
2018.03.09	07:00:00	1.31396	1.31437	1.31385	1.31426	3659	0	12
2018.03.09	08:00:00	1.31424	1.31463	1.31359	1.31362	4254	0	10
2018.03.09	09:00:00	1.31362	1.31510	1.31300	1.31475	9091	0	8
2018.03.09	10:00:00	1.31476	1.31651	1.31320	1.31383	8919	0	3
2018.03.09	11:00:00	1.31382	1.31399	1.31102	1.31233	8603	0	1
2018.03.09	12:00:00	1.31237	1.31303	1.31156	1.31277	7588	0	1
2018.03.09	13:00:00	1.31277	1.31460	1.31239	1.31442	6664	0	6
2018.03.09	14:00:00	1.31442	1.31601	1.31397	1.31560	8558	0	6
2018.03.09	15:00:00	1.31562	1.31705	1.31277	1.31514	17302	0	2
2018.03.09	16:00:00	1.31514	1.31789	1.31440	1.31746	14467	0	2
2018.03.09	17:00:00	1.31755	1.31903	1.31676	1.31746	14409	0	1
2018.03.09	18:00:00	1.31746	1.31814	1.31544	1.31580	9694	0	4
2018.03.09	19:00:00	1.31579	1.31658	1.31491	1.31587	7055	0	5
2018.03.09	20:00:00	1.31588	1.31714	1.31570	1.31709	5082	0	9
2018.03.09	21:00:00	1.31710	1.31766	1.31655	1.31665	3565	0	8
2018.03.09	22:00:00	1.31664	1.31751	1.31624	1.31699	5112	0	8
2018.03.09	23:00:00	1.31700	1.31793	1.31651	1.31745	2240	0	11
2018.03.12	00:00:00	1.31316	1.32019	1.31316	1.31749	83889	0	18
2018.03.12	01:00:00	1.31749	1.31782	1.31718	1.31741	1170	0	22
2018.03.12	02:00:00	1.31740	1.31778	1.31691	1.31706	2035	0	1
2018.03.12	03:00:00	1.31706	1.31757	1.31661	1.31693	3444	0	12
2018.03.12	04:00:00	1.31693	1.31700	1.31624	1.31641	2631	0	14
2018.03.12	05:00:00	1.31641	1.31654	1.31611	1.31639	2198	0	9
2018.03.12	06:00:00	1.31636	1.31653	1.31561	1.31581	2709	0	13
2018.03.12	07:00:00	1.31583	1.31668	1.31567	1.31653	3044	0	12
2018.03.12	08:00:00	1.31653	1.31674	1.31610	1.31674	2892	0	11
2018.03.12	09:00:00	1.31671	1.31704	1.31535	1.31690	6278	0	2
2018.03.12	10:00:00	1.31690	1.31766	1.31616	1.31630	6049	0	11
2018.03.12	11:00:00	1.31630	1.31721	1.31575	1.31592	4868	0	6
2018.03.12	12:00:00	1.31597	1.31653	1.31534	1.31651	4611	0	5
2018.03.12	13:00:00	1.31648	1.31680	1.31532	1.31675	5377	0	11
2018.03.12	14:00:00	1.31677	1.32004	1.31646	1.31956	6944	0	1
2018.03.12	15:00:00	1.31954	1.32019	1.31824	1.31874	6427	0	9
2018.03.12	16:00:00	1.31875	1.31946	1.31670	1.31708	7566	0	1
2018.03.12	17:00:00	1.31709	1.31870	1.31628	1.31866	7118	0	10
2018.03.12	18:00:00	1.31866	1.31914	1.31724	1.31755	5569	0	1
2018.03.12	19:00:00	1.31754	1.31768	1.31659	1.31710	3491	0	3
2018.03.12	20:00:00	1.31711	1.31734	1.31605	1.31640	4295	0	4
2018.03.12	21:00:00	1.31639	1.31752	1.31590	1.31749	2724	0	14
2018.03.12	22:00:00	1.31749	1.31758	1.31687	1.31742	1197	0	12
2018.03.12	23:00:00	1.31616	1.31778	1.31582	1.31741	1265	0	41
2018.03.13	00:00:00	1.31744	1.32075	1.31492	1.31766	106119	0	19
2018.03.13	01:00:00	1.31764	1.31773	1.31704	1.31708	1184	0	16
2018.03.13	02:00:00	1.31710	1.31747	1.31637	1.31667	2768	0	12
2018.03.13	03:00:00	1.31666	1.31696	1.31582	1.31678	2070	0	4
2018.03.13	04:00:00	1.31679	1.31686	1.31610	1.31625	2696	0	11
2018.03.13	05:00:00	1.31626	1.31678	1.31611	1.31662	2392	0	12
2018.03.13	06:00:00	1.31662	1.31701	1.31638	1.31683	3185	0	11
2018.03.13	07:00:00	1.31684	1.31727	1.31628	1.31658	2149	0	11
2018.03.13	08:00:00	1.31657	1.31700	1.31615	1.31650	4123	0	10
2018.03.13	09:00:00	1.31652	1.31781	1.31626	1.31773	6175	0	5
2018.03.13	10:00:00	1.31771	1.31885	1.31567	1.31581	6853	0	1
2018.03.13	11:00:00	1.31582	1.31632	1.31485	1.31600	6609	0	7
2018.03.13	12:00:00	1.31601	1.31769	1.31588	1.31677	7913	0	1
2018.03.13	13:00:00	1.31676	1.31699	1.31563	1.31646	6375	0	4
2018.03.13	14:00:00	1.31646	1.31887	1.31592	1.31856	14632	0	1
2018.03.13	15:00:00	1.31857	1.31963	1.31806	1.31900	12008	0	6
2018.03.13	16:00:00	1.31900	1.32053	1.31854	1.31930	15110	0	3
2018.03.13	17:00:00	1.31932	1.32028	1.31750	1.31987	12907	0	1
2018.03.13	18:00:00	1.31987	1.32074	1.31856	1.32036	10026	0	4
2018.03.13	19:00:00	1.32040	1.32059	1.31873	1.31927	7204	0	7
2018.03.13	20:00:00	1.31924	1.31968	1.31860	1.31898	4557	0	3
2018.03.13	21:00:00	1.31898	1.31953	1.31784	1.31808	6660	0	6
2018.03.13	22:00:00	1.31808	1.31879	1.31745	1.31745	2632	0	6
2018.03.13	23:00:00	1.31711	1.31863	1.31651	1.31713	1957	0	31
2018.03.14	00:00:00	1.31764	1.32400	1.31687	1.31807	102037	0	25
2018.03.14	01:00:00	1.31808	1.31834	1.31786	1.31834	1299	0	20
2018.03.14	02:00:00	1.31833	1.31941	1.31829	1.31892	2688	0	14
2018.03.14	03:00:00	1.31893	1.31944	1.31869	1.31910	2972	0	14
2018.03.14	04:00:00	1.31912	1.31948	1.31880	1.31883	3461	0	10
2018.03.14	05:00:00	1.31883	1.31910	1.31826	1.31861	2996	0	8
2018.03.14	06:00:00	1.31862	1.31911	1.31819	1.31895	1481	0	14
2018.03.14	07:00:00	1.31895	1.31923	1.31735	1.31768	2259	0	12
2018.03.14	08:00:00	1.31767	1.31833	1.31741	1.31808	3707	0	8
2018.03.14	09:00:00	1.31814	1.31880	1.31712	1.31879	6028	0	2
2018.03.14	10:00:00	1.31878	1.32007	1.31804	1.31968	12282	0	1
2018.03.14	11:00:00	1.31969	1.32018	1.31879	1.31922	7463	0	4
2018.03.14	12:00:00	1.31922	1.32104	1.31882	1.31999	5618	0	1
2018.03.14	13:00:00	1.32001	1.32094	1.31920	1.32085	5864	0	7
2018.03.14	14:00:00	1.32085	1.32172	1.32020	1.32129	8962	0	5
2018.03.14	15:00:00	1.32129	1.32402	1.32019	1.32317	11104	0	1
2018.03.14	16:00:00	1.32319	1.32322	1.32151	1.32203	11439	0	4
2018.03.14	17:00:00	1.32206	1.32224	1.31734	1.31934	13412	0	1
2018.03.14	18:00:00	1.31934	1.32029	1.31823	1.31990	11160	0	1
2018.03.14	19:00:00	1.31989	1.32088	1.31928	1.32067	5457	0	5
2018.03.14	20:00:00	1.32065	1.32118	1.31982	1.32009	5029	0	6
2018.03.14	21:00:00	1.32008	1.32024	1.31892	1.31943	4714	0	11
2018.03.14	22:00:00	1.31942	1.31998	1.31875	1.31875	3092	0	10
2018.03.14	23:00:00	1.31842	1.31934	1.31842	1.31921	669	0	31
2018.03.15	00:00:00	1.31902	1.32674	1.31643	1.31933	102711	0	26
2018.03.15	01:00:00	1.31933	1.31963	1.31898	1.31925	1735	0	13
2018.03.15	02:00:00	1.31921	1.31975	1.31831	1.31839	3705	0	15
2018.03.15	03:00:00	1.31839	1.31934	1.31818	1.31910	3697	0	13
2018.03.15	04:00:00	1.31912	1.32005	1.31897	1.31986	3274	0	11
2018.03.15	05:00:00	1.31986	1.32062	1.31973	1.32060	2794	0	13
2018.03.15	06:00:00	1.32060	1.32076	1.32031	1.32045	2076	0	9
2018.03.15	07:00:00	1.32046	1.32055	1.31953	1.31978	3771	0	15
2018.03.15	08:00:00	1.31979	1.32120	1.31977	1.32056	4834	0	11
2018.03.15	09:00:00	1.32057	1.32203	1.32053	1.32136	8041	0	8
2018.03.15	10:00:00	1.32136	1.32235	1.31989	1.32021	7521	0	5
2018.03.15	11:00:00	1.32020	1.32026	1.31669	1.31828	9808	0	1
2018.03.15	12:00:00	1.31826	1.31894	1.31695	1.31707	8710	0	1
2018.03.15	13:00:00	1.31706	1.31872	1.31642	1.31800	8233	0	7
2018.03.15	14:00:00	1.31801	1.32001	1.31796	1.31980	11294	0	5
2018.03.15	15:00:00	1.31981	1.32301	1.31965	1.32202	12439	0	1
2018.03.15	16:00:00	1.32200	1.32461	1.32169	1.32446	12850	0	1
2018.03.15	17:00:00	1.32447	1.32615	1.32416	1.32551	12988	0	1
2018.03.15	18:00:00	1.32552	1.32576	1.32354	1.32565	10126	0	3
2018.03.15	19:00:00	1.32565	1.32643	1.32446	1.32448	7218	0	1
2018.03.15	20:00:00	1.32449	1.32591	1.32432	1.32583	5776	0	3
2018.03.15	21:00:00	1.32582	1.32676	1.32518	1.32650	3830	0	4
2018.03.15	22:00:00	1.32650	1.32657	1.32568	1.32572	2254	0	9
2018.03.15	23:00:00	1.32553	1.32610	1.32501	1.32536	1030	0	39
2018.03.16	00:00:00	1.32567	1.32899	1.32333	1.32583	107001	0	24
2018.03.16	01:00:00	1.32589	1.32599	1.32555	1.32582	453	0	17
2018.03.16	02:00:00	1.32582	1.32607	1.32496	1.32515	2377	0	5
2018.03.16	03:00:00	1.32516	1.32541	1.32404	1.32489	3943	0	8
2018.03.16	04:00:00	1.32488	1.32515	1.32412	1.32421	3105	0	8
2018.03.16	05:00:00	1.32421	1.32464	1.32411	1.32414	2743	0	11
2018.03.16	06:00:00	1.32414	1.32460	1.32410	1.32434	1812	0	10
2018.03.16	07:00:00	1.32433	1.32453	1.32387	1.32410	2446	0	11
2018.03.16	08:00:00	1.32410	1.32464	1.32407	1.32440	3708	0	8
2018.03.16	09:00:00	1.32441	1.32604	1.32358	1.32368	6056	0	5
2018.03.16	10:00:00	1.32365	1.32671	1.32332	1.32633	8065	0	2
2018.03.16	11:00:00	1.32633	1.32668	1.32536	1.32624	7924	0	2
2018.03.16	12:00:00	1.32627	1.32645	1.32467	1.32492	7290	0	3
2018.03.16	13:00:00	1.32492	1.32670	1.32446	1.32646	7019	0	3
2018.03.16	14:00:00	1.32647	1.32739	1.32622	1.32702	8710	0	2
2018.03.16	15:00:00	1.32700	1.32720	1.32552	1.32629	14515	0	1
2018.03.16	16:00:00	1.32629	1.32674	1.32527	1.32559	12634	0	2
2018.03.16	17:00:00	1.32560	1.32766	1.32509	1.32668	13658	0	1
2018.03.16	18:00:00	1.32668	1.32766	1.32566	1.32732	9849	0	1
2018.03.16	19:00:00	1.32731	1.32898	1.32700	1.32775	5674	0	6
2018.03.16	20:00:00	1.32775	1.32812	1.32702	1.32792	3660	0	8
2018.03.16	21:00:00	1.32793	1.32830	1.32760	1.32809	3313	0	5
2018.03.16	22:00:00	1.32810	1.32834	1.32636	1.32773	3140	0	17
2018.03.19	00:00:00	1.32660	1.34086	1.32586	1.32838	117333	0	25
2018.03.19	01:00:00	1.32842	1.32850	1.32811	1.32848	480	0	17
2018.03.19	02:00:00	1.32848	1.32883	1.32816	1.32827	3164	0	14
2018.03.19	03:00:00	1.32825	1.32829	1.32770	1.32808	3428	0	9
2018.03.19	04:00:00	1.32808	1.32868	1.32782	1.32814	2991	0	9
2018.03.19	05:00:00	1.32813	1.32872	1.32813	1.32828	2401	0	12
2018.03.19	06:00:00	1.32829	1.32831	1.32656	1.32666	3281	0	12
2018.03.19	07:00:00	1.32666	1.32769	1.32639	1.32758	3724	0	11
2018.03.19	08:00:00	1.32758	1.32791	1.32708	1.32760	3197	0	8
2018.03.19	09:00:00	1.32759	1.32943	1.32746	1.32933	7725	0	1
2018.03.19	10:00:00	1.32932	1.33086	1.32815	1.32944	9662	0	1
2018.03.19	11:00:00	1.32944	1.33312	1.32944	1.33249	9711	0	1
2018.03.19	12:00:00	1.33249	1.33824	1.33234	1.33620	17115	0	1
2018.03.19	13:00:00	1.33623	1.33952	1.33564	1.33935	12296	0	1
2018.03.19	14:00:00	1.33947	1.34088	1.33827	1.33898	18962	0	1
2018.03.19	15:00:00	1.33899	1.33931	1.33664	1.33733	13276	0	1
2018.03.19	16:00:00	1.33734	1.33756	1.33358	1.33383	11709	0	1
2018.03.19	17:00:00	1.33383	1.33572	1.33268	1.33410	13567	0	1
2018.03.19	18:00:00	1.33413	1.33558	1.33381	1.33494	11134	0	1
2018.03.19	19:00:00	1.33494	1.33568	1.33389	1.33531	6709	0	6
2018.03.19	20:00:00	1.33531	1.33592	1.33373	1.33402	6506	0	1
2018.03.19	21:00:00	1.33403	1.33418	1.33286	1.33322	6887	0	5
2018.03.19	22:00:00	1.33325	1.33390	1.33273	1.33349	3131	0	5
2018.03.19	23:00:00	1.33362	1.33426	1.33286	1.33404	1418	0	29
2018.03.20	00:00:00	1.33349	1.33899	1.33259	1.33433	105982	0	21
2018.03.20	01:00:00	1.33428	1.33440	1.33327	1.33398	2381	0	11
2018.03.20	02:00:00	1.33397	1.33450	1.33341	1.33443	3207	0	10
2018.03.20	03:00:00	1.33442	1.33604	1.33403	1.33541	3470	0	8
2018.03.20	04:00:00	1.33541	1.33549	1.33481	1.33481	2629	0	9
2018.03.20	05:00:00	1.33481	1.33588	1.33481	1.33580	2327	0	12
2018.03.20	06:00:00	1.33582	1.33584	1.33513	1.33527	2845	0	9
2018.03.20	07:00:00	1.33527	1.33561	1.33502	1.33551	2543	0	11
2018.03.20	08:00:00	1.33549	1.33661	1.33518	1.33619	4248	0	3
2018.03.20	09:00:00	1.33624	1.33727	1.33525	1.33601	8608	0	1
2018.03.20	10:00:00	1.33601	1.33784	1.33593	1.33713	8776	0	1
2018.03.20	11:00:00	1.33714	1.33727	1.33314	1.33509	8626	0	1
2018.03.20	12:00:00	1.33504	1.33736	1.33492	1.33603	6795	0	5
2018.03.20	13:00:00	1.33602	1.33708	1.33494	1.33696	6743	0	6
2018.03.20	14:00:00	1.33697	1.33768	1.33498	1.33529	10516	0	2
2018.03.20	15:00:00	1.33529	1.33700	1.33512	1.33626	11310	0	4
2018.03.20	16:00:00	1.33623	1.33792	1.33555	1.33749	10569	0	3
2018.03.20	17:00:00	1.33749	1.33823	1.33582	1.33790	10303	0	6
2018.03.20	18:00:00	1.33788	1.33852	1.33523	1.33674	10049	0	5
2018.03.20	19:00:00	1.33674	1.33793	1.33646	1.33742	5917	0	1
2018.03.20	20:00:00	1.33742	1.33795	1.33709	1.33745	3305	0	7
2018.03.20	21:00:00	1.33745	1.33838	1.33739	1.33777	3807	0	6
2018.03.20	22:00:00	1.33776	1.33897	1.33776	1.33869	2986	0	1
2018.03.20	23:00:00	1.33847	1.33895	1.33775	1.33836	1667	0	33
2018.03.21	00:00:00	1.33868	1.34425	1.33651	1.33835	112218	0	30
2018.03.21	01:00:00	1.33835	1.33885	1.33823	1.33868	1174	0	17
2018.03.21	02:00:00	1.33864	1.33897	1.33844	1.33854	2422	0	11
2018.03.21	03:00:00	1.33855	1.33863	1.33814	1.33839	3616	0	8
2018.03.21	04:00:00	1.33840	1.33864	1.33810	1.33838	3786	0	11
2018.03.21	05:00:00	1.33839	1.33860	1.33803	1.33808	2742	0	7
2018.03.21	06:00:00	1.33808	1.33855	1.33789	1.33845	2225	0	12
2018.03.21	07:00:00	1.33845	1.33850	1.33755	1.33757	1821	0	12
2018.03.21	08:00:00	1.33756	1.33790	1.33717	1.33766	2248	0	6
2018.03.21	09:00:00	1.33766	1.33983	1.33766	1.33942	5844	0	3
2018.03.21	10:00:00	1.33941	1.34002	1.33647	1.33705	10051	0	2
2018.03.21	11:00:00	1.33705	1.34269	1.33701	1.34128	11532	0	1
2018.03.21	12:00:00	1.34129	1.34213	1.34004	1.34004	7904	0	1
2018.03.21	13:00:00	1.34006	1.34203	1.33915	1.33980	8652	0	1
2018.03.21	14:00:00	1.33980	1.34077	1.33847	1.33861	8506	0	3
2018.03.21	15:00:00	1.33862	1.34137	1.33840	1.34049	10858	0	1
2018.03.21	16:00:00	1.34057	1.34134	1.33972	1.34051	7612	0	1
2018.03.21	17:00:00	1.34051	1.34216	1.34003	1.34177	8643	0	1
2018.03.21	18:00:00	1.34175	1.34264	1.34097	1.34187	9030	0	1
2018.03.21	19:00:00	1.34186	1.34274	1.34023	1.34023	7007	0	1
2018.03.21	20:00:00	1.34027	1.34423	1.34006	1.34310	17601	0	1
2018.03.21	21:00:00	1.34310	1.34362	1.34126	1.34207	11599	0	5
2018.03.21	22:00:00	1.34207	1.34295	1.34189	1.34248	2997	0	8
2018.03.21	23:00:00	1.34149	1.34303	1.34099	1.34145	1495	0	28
2018.03.22	00:00:00	1.34246	1.34656	1.33424	1.34143	126280	0	15
2018.03.22	01:00:00	1.34146	1.34177	1.34130	1.34162	1458	0	14
2018.03.22	02:00:00	1.34160	1.34216	1.34098	1.34178	4756	0	4
2018.03.22	03:00:00	1.34177	1.34226	1.34152	1.34182	3190	0	9
2018.03.22	04:00:00	1.34179	1.34228	1.34169	1.34220	3541	0	6
2018.03.22	05:00:00	1.34221	1.34229	1.34160	1.34187	2330	0	14
2018.03.22	06:00:00	1.34186	1.34200	1.34146	1.34178	1731	0	12
2018.03.22	07:00:00	1.34178	1.34278	1.34177	1.34198	3347	0	10
2018.03.22	08:00:00	1.34200	1.34251	1.34159	1.34198	4679	0	9
2018.03.22	09:00:00	1.34198	1.34261	1.34006	1.34062	9582	0	3
2018.03.22	10:00:00	1.34065	1.34236	1.33921	1.34140	10516	0	3
2018.03.22	11:00:00	1.34143	1.34272	1.34081	1.34083	11042	0	2
2018.03.22	12:00:00	1.34083	1.34182	1.33825	1.33996	8254	0	3
2018.03.22	13:00:00	1.33997	1.34275	1.33971	1.34068	7876	0	4
2018.03.22	14:00:00	1.34051	1.34662	1.33891	1.33955	12612	0	1
2018.03.22	15:00:00	1.33951	1.33969	1.33727	1.33813	11675	0	1
2018.03.22	16:00:00	1.33813	1.34037	1.33721	1.33770	10069	0	3
2018.03.22	17:00:00	1.33774	1.33833	1.33421	1.33805	10012	0	1
2018.03.22	18:00:00	1.33809	1.34063	1.33691	1.33954	10351	0	1
2018.03.22	19:00:00	1.33953	1.34174	1.33905	1.34139	11477	0	5
2018.03.22	20:00:00	1.34138	1.34223	1.34093	1.34122	5723	0	6
2018.03.22	21:00:00	1.34121	1.34171	1.33892	1.33911	8105	0	7
2018.03.22	22:00:00	1.33912	1.33998	1.33766	1.33778	4332	0	8
2018.03.22	23:00:00	1.33764	1.33936	1.33738	1.33771	4270	0	6
2018.03.23	00:00:00	1.33772	1.34352	1.33331	1.33706	126476	0	22
2018.03.23	01:00:00	1.33712	1.33719	1.33455	1.33572	3279	0	7
2018.03.23	02:00:00	1.33574	1.33614	1.33515	1.33561	7086	0	4
2018.03.23	03:00:00	1.33560	1.33615	1.33538	1.33606	5451	0	10
2018.03.23	04:00:00	1.33605	1.33622	1.33403	1.33443	5760	0	6
2018.03.23	05:00:00	1.33443	1.33483	1.33392	1.33456	3623	0	12
2018.03.23	06:00:00	1.33456	1.33497	1.33443	1.33460	2630	0	12
2018.03.23	07:00:00	1.33461	1.33466	1.33380	1.33420	3517	0	10
2018.03.23	08:00:00	1.33420	1.33470	1.33329	1.33363	6218	0	1
2018.03.23	09:00:00	1.33362	1.33622	1.33360	1.33571	10854	0	5
2018.03.23	10:00:00	1.33571	1.33703	1.33470	1.33487	14999	0	5
2018.03.23	11:00:00	1.33486	1.33623	1.33458	1.33568	8535	0	4
2018.03.23	12:00:00	1.33568	1.33624	1.33456	1.33616	7592	0	1
2018.03.23	13:00:00	1.33616	1.33804	1.33590	1.33754	11291	0	1
2018.03.23	14:00:00	1.33755	1.34053	1.33717	1.34018	11479	0	1
2018.03.23	15:00:00	1.34017	1.34233	1.34015	1.34174	11370	0	3
2018.03.23	16:00:00	1.34177	1.34356	1.34088	1.34321	12150	0	1
2018.03.23	17:00:00	1.34322	1.34345	1.33854	1.33918	15362	0	1
2018.03.23	18:00:00	1.33917	1.34106	1.33917	1.33989	10867	0	1
2018.03.23	19:00:00	1.33989	1.34113	1.33952	1.34070	8703	0	3
2018.03.23	20:00:00	1.34070	1.34093	1.33881	1.33887	5775	0	9
2018.03.23	21:00:00	1.33888	1.33937	1.33730	1.33780	6180	0	4
2018.03.23	22:00:00	1.33778	1.33916	1.33775	1.33848	3248	0	12
2018.03.26	00:00:00	1.33728	1.34678	1.33683	1.33887	104267	0	68
2018.03.26	01:00:00	1.33887	1.33959	1.33807	1.33936	807	0	20
2018.03.26	02:00:00	1.33936	1.34000	1.33936	1.33999	1644	0	15
2018.03.26	03:00:00	1.34000	1.34080	1.33973	1.34063	4517	0	1
2018.03.26	04:00:00	1.34063	1.34095	1.34011	1.34094	2841	0	10
2018.03.26	05:00:00	1.34095	1.34122	1.34060	1.34067	1985	0	11
2018.03.26	06:00:00	1.34066	1.34104	1.34046	1.34088	2558	0	1
2018.03.26	07:00:00	1.34088	1.34126	1.34053	1.34053	1961	0	14
2018.03.26	08:00:00	1.34054	1.34121	1.34054	1.34077	2831	0	8
2018.03.26	09:00:00	1.34076	1.34355	1.34069	1.34344	5508	0	2
2018.03.26	10:00:00	1.34351	1.34455	1.34206	1.34413	11861	0	1
2018.03.26	11:00:00	1.34412	1.34431	1.34227	1.34308	9775	0	3
2018.03.26	12:00:00	1.34309	1.34495	1.34239	1.34430	9531	0	1
2018.03.26	13:00:00	1.34428	1.34667	1.34400	1.34627	8520	0	1
2018.03.26	14:00:00	1.34627	1.34676	1.34445	1.34551	9343	0	1
2018.03.26	15:00:00	1.34551	1.34596	1.34320	1.34343	10853	0	3
2018.03.26	16:00:00	1.34342	1.34364	1.34151	1.34204	14048	0	1
2018.03.26	17:00:00	1.34203	1.34333	1.34069	1.34292	12672	0	1
2018.03.26	18:00:00	1.34291	1.34421	1.34171	1.34410	11507	0	1
2018.03.26	19:00:00	1.34412	1.34428	1.34308	1.34336	9539	0	7
2018.03.26	20:00:00	1.34336	1.34443	1.34260	1.34289	6093	0	1
2018.03.26	21:00:00	1.34290	1.34421	1.34273	1.34398	5985	0	7
2018.03.26	22:00:00	1.34398	1.34525	1.34376	1.34508	6024	0	6
2018.03.26	23:00:00	1.34509	1.34564	1.34462	1.34472	2043	0	9
2018.03.27	00:00:00	1.34466	1.34620	1.33586	1.34471	118185	0	25
2018.03.27	01:00:00	1.34472	1.34583	1.34472	1.34538	2105	0	32
2018.03.27	02:00:00	1.34538	1.34551	1.34497	1.34541	1496	0	20
2018.03.27	03:00:00	1.34544	1.34563	1.34488	1.34510	3402	0	7
2018.03.27	04:00:00	1.34510	1.34592	1.34510	1.34570	3641	0	6
2018.03.27	05:00:00	1.34571	1.34586	1.34531	1.34570	3461	0	9
2018.03.27	06:00:00	1.34569	1.34580	1.34469	1.34516	3554	0	8
2018.03.27	07:00:00	1.34513	1.34526	1.34465	1.34480	2854	0	12
2018.03.27	08:00:00	1.34478	1.34502	1.34440	1.34484	2944	0	11
2018.03.27	09:00:00	1.34484	1.34512	1.34342	1.34428	8161	0	4
2018.03.27	10:00:00	1.34430	1.34453	1.33860	1.33878	13444	0	1
2018.03.27	11:00:00	1.33878	1.34025	1.33826	1.33885	12589	0	1
2018.03.27	12:00:00	1.33885	1.33983	1.33748	1.33773	10308	0	1
2018.03.27	13:00:00	1.33773	1.33867	1.33589	1.33619	7499	0	1
2018.03.27	14:00:00	1.33617	1.33822	1.33593	1.33756	10235	0	1
2018.03.27	15:00:00	1.33754	1.33932	1.33688	1.33916	10834	0	1
2018.03.27	16:00:00	1.33918	1.34241	1.33902	1.34235	10854	0	1
2018.03.27	17:00:00	1.34225	1.34290	1.34063	1.34095	14548	0	1
2018.03.27	18:00:00	1.34096	1.34277	1.34027	1.34136	11230	0	2
2018.03.27	19:00:00	1.34137	1.34243	1.34063	1.34197	7127	0	2
2018.03.27	20:00:00	1.34196	1.34263	1.34112	1.34121	6134	0	5
2018.03.27	21:00:00	1.34120	1.34169	1.34028	1.34038	5242	0	7
2018.03.27	22:00:00	1.34041	1.34087	1.33969	1.34029	8044	0	4
2018.03.27	23:00:00	1.34028	1.34079	1.33980	1.33982	2349	0	1
2018.03.28	00:00:00	1.33974	1.34854	1.33854	1.34016	122068	0	20
2018.03.28	01:00:00	1.34008	1.34033	1.33949	1.34029	2155	0	22
2018.03.28	02:00:00	1.34029	1.34208	1.34007	1.34158	2080	0	11
2018.03.28	03:00:00	1.34157	1.34242	1.34147	1.34179	3889	0	5
2018.03.28	04:00:00	1.34177	1.34277	1.34164	1.34245	3828	0	9
2018.03.28	05:00:00	1.34245	1.34291	1.34230	1.34250	2424	0	7
2018.03.28	06:00:00	1.34250	1.34310	1.34220	1.34310	2207	0	11
2018.03.28	07:00:00	1.34309	1.34469	1.34290	1.34453	3502	0	8
2018.03.28	08:00:00	1.34454	1.34620	1.34446	1.34537	4040	0	8
2018.03.28	09:00:00	1.34537	1.34616	1.34473	1.34517	8238	0	5
2018.03.28	10:00:00	1.34517	1.34543	1.34127	1.34439	13453	0	1
2018.03.28	11:00:00	1.34439	1.34677	1.34438	1.34553	9398	0	2
2018.03.28	12:00:00	1.34554	1.34858	1.34522	1.34522	9631	0	1
2018.03.28	13:00:00	1.34520	1.34687	1.34428	1.34565	8085	0	1
2018.03.28	14:00:00	1.34567	1.34767	1.34532	1.34568	7277	0	7
2018.03.28	15:00:00	1.34570	1.34798	1.34559	1.34641	10398	0	1
2018.03.28	16:00:00	1.34642	1.34820	1.34462	1.34802	14510	0	1
2018.03.28	17:00:00	1.34805	1.34843	1.34404	1.34405	14183	0	1
2018.03.28	18:00:00	1.34403	1.34651	1.34401	1.34557	10290	0	1
2018.03.28	19:00:00	1.34557	1.34717	1.34522	1.34571	7133	0	6
2018.03.28	20:00:00	1.34571	1.34710	1.34517	1.34682	8199	0	4
2018.03.28	21:00:00	1.34683	1.34818	1.34636	1.34744	6983	0	7
2018.03.28	22:00:00	1.34742	1.34810	1.34661	1.34749	6037	0	7
2018.03.28	23:00:00	1.34750	1.34771	1.34615	1.34619	2215	0	8
2018.03.29	00:00:00	1.34615	1.34789	1.33996	1.34662	110907	0	34
2018.03.29	01:00:00	1.34665	1.34726	1.34627	1.34682	3779	0	24
2018.03.29	02:00:00	1.34682	1.34713	1.34673	1.34708	1360	0	15
2018.03.29	03:00:00	1.34705	1.34726	1.34506	1.34569	4099	0	1
2018.03.29	04:00:00	1.34570	1.34609	1.34520	1.34524	4216	0	11
2018.03.29	05:00:00	1.34524	1.34600	1.34488	1.34590	4236	0	11
2018.03.29	06:00:00	1.34589	1.34643	1.34589	1.34629	1932	0	12
2018.03.29	07:00:00	1.34629	1.34648	1.34525	1.34561	2503	0	9
2018.03.29	08:00:00	1.34560	1.34683	1.34543	1.34642	3774	0	6
2018.03.29	09:00:00	1.34642	1.34687	1.34428	1.34446	8458	0	1
2018.03.29	10:00:00	1.34461	1.34659	1.34396	1.34453	12039	0	1
2018.03.29	11:00:00	1.34450	1.34511	1.34337	1.34416	9527	0	1
2018.03.29	12:00:00	1.34414	1.34787	1.34384	1.34733	8050	0	2
2018.03.29	13:00:00	1.34733	1.34776	1.34475	1.34490	8648	0	6
2018.03.29	14:00:00	1.34490	1.34611	1.34424	1.34609	10277	0	7
2018.03.29	15:00:00	1.34609	1.34633	1.34427	1.34461	8114	0	1
2018.03.29	16:00:00	1.34458	1.34498	1.34201	1.34202	5288	0	3
2018.03.29	17:00:00	1.34202	1.34441	1.34189	1.34372	9689	0	1
2018.03.29	18:00:00	1.34369	1.34376	1.34190	1.34210	10672	0	2
2018.03.29	19:00:00	1.34210	1.34263	1.34069	1.34142	6362	0	2
2018.03.29	20:00:00	1.34142	1.34287	1.34086	1.34283	2639	0	7
2018.03.29	21:00:00	1.34287	1.34299	1.34169	1.34181	2469	0	7
2018.03.29	22:00:00	1.34181	1.34189	1.34112	1.34115	1442	0	10
2018.03.29	23:00:00	1.34114	1.34162	1.34025	1.34028	1284	0	8
2018.03.30	00:00:00	1.34020	1.34196	1.33468	1.34166	87835	0	61
2018.03.30	01:00:00	1.34171	1.34190	1.34037	1.34159	1912	0	44
2018.03.30	02:00:00	1.34166	1.34172	1.33996	1.34087	1744	0	62
2018.03.30	03:00:00	1.34091	1.34123	1.33691	1.33792	1999	0	13
2018.03.30	04:00:00	1.33792	1.33991	1.33786	1.33974	1593	0	20
2018.03.30	05:00:00	1.33974	1.34049	1.33938	1.33986	1169	0	33
2018.03.30	06:00:00	1.33986	1.34052	1.33955	1.34013	1189	0	31
2018.03.30	07:00:00	1.34013	1.34052	1.33818	1.33917	676	0	34
2018.03.30	08:00:00	1.33923	1.33985	1.33768	1.33883	1651	0	32
2018.03.30	09:00:00	1.33881	1.33902	1.33722	1.33744	2756	0	24
2018.03.30	10:00:00	1.33744	1.33970	1.33741	1.33905	1645	0	15
2018.03.30	11:00:00	1.33905	1.34004	1.33884	1.33932	1628	0	23
2018.03.30	12:00:00	1.33932	1.33976	1.33870	1.33896	1224	0	31
2018.03.30	13:00:00	1.33898	1.33986	1.33896	1.33944	1032	0	19
2018.03.30	14:00:00	1.33944	1.33991	1.33910	1.33927	821	0	31
2018.03.30	15:00:00	1.33925	1.33957	1.33830	1.33871	939	0	47
2018.03.30	16:00:00	1.33875	1.33888	1.33761	1.33796	1407	0	46
2018.03.30	17:00:00	1.33802	1.33892	1.33771	1.33803	1524	0	32
2018.03.30	18:00:00	1.33803	1.33917	1.33651	1.33668	2019	0	27
2018.03.30	19:00:00	1.33676	1.33837	1.33665	1.33723	3016	0	45
2018.03.30	20:00:00	1.33723	1.33735	1.33541	1.33633	2799	0	52
2018.03.30	21:00:00	1.33622	1.33916	1.33603	1.33795	3666	0	36
2018.03.30	22:00:00	1.33808	1.33914	1.33644	1.33792	3356	0	70
2018.03.30	23:00:00	1.33766	1.33884	1.33601	1.33734	1345	0	50
2018.04.02	00:00:00	1.33397	1.34248	1.33379	1.33683	69465	0	150
2018.04.02	01:00:00	1.33757	1.33973	1.33678	1.33924	1277	0	25
2018.04.02	02:00:00	1.33921	1.33995	1.33902	1.33980	483	0	8
2018.04.02	03:00:00	1.33983	1.34054	1.33954	1.34035	1139	0	14
2018.04.02	04:00:00	1.34040	1.34083	1.34020	1.34020	1275	0	14
2018.04.02	05:00:00	1.34024	1.34057	1.33993	1.34012	985	0	16
2018.04.02	06:00:00	1.34008	1.34027	1.33985	1.34011	1164	0	17
2018.04.02	07:00:00	1.34011	1.34027	1.33969	1.34011	1561	0	16
2018.04.02	08:00:00	1.34011	1.34085	1.33990	1.34077	1472	0	11
2018.04.02	09:00:00	1.34077	1.34137	1.34046	1.34088	1257	0	8
2018.04.02	10:00:00	1.34087	1.34168	1.34035	1.34111	1176	0	5
2018.04.02	11:00:00	1.34111	1.34134	1.34051	1.34088	1909	0	16
2018.04.02	12:00:00	1.34086	1.34092	1.34024	1.34060	902	0	16
2018.04.02	13:00:00	1.34059	1.34092	1.34019	1.34049	1435	0	11
2018.04.02	14:00:00	1.34051	1.34098	1.34027	1.34074	2037	0	15
2018.04.02	15:00:00	1.34075	1.34122	1.34033	1.34077	2684	0	5
2018.04.02	16:00:00	1.34077	1.34081	1.33876	1.33929	3438	0	1
2018.04.02	17:00:00	1.33925	1.34215	1.33913	1.34211	2635	0	1
2018.04.02	18:00:00	1.34212	1.34246	1.34074	1.34126	3839	0	2
2018.04.02	19:00:00	1.34126	1.34213	1.34060	1.34170	2323	0	10
2018.04.02	20:00:00	1.34171	1.34204	1.34059	1.34129	2907	0	1
2018.04.02	21:00:00	1.34129	1.34129	1.33961	1.34066	2254	0	3
2018.04.02	22:00:00	1.34067	1.34136	1.33979	1.34120	1800	0	9
2018.04.02	23:00:00	1.34117	1.34169	1.34036	1.34036	1497	0	13
2018.04.03	00:00:00	1.34026	1.34951	1.33111	1.34149	111396	0	62
2018.04.03	01:00:00	1.34152	1.34206	1.34118	1.34171	590	0	25
2018.04.03	02:00:00	1.34170	1.34203	1.34127	1.34162	972	0	16
2018.04.03	03:00:00	1.34162	1.34214	1.34143	1.34209	2340	0	12
2018.04.03	04:00:00	1.34208	1.34301	1.34206	1.34250	3163	0	8
2018.04.03	05:00:00	1.34252	1.34301	1.34238	1.34284	2156	0	11
2018.04.03	06:00:00	1.34283	1.34315	1.34267	1.34285	2414	0	9
2018.04.03	07:00:00	1.34281	1.34316	1.34263	1.34292	1897	0	12
2018.04.03	08:00:00	1.34291	1.34320	1.34262	1.34312	2439	0	8
2018.04.03	09:00:00	1.34312	1.34363	1.34197	1.34230	7169	0	7
2018.04.03	10:00:00	1.34226	1.34419	1.34170	1.34410	9960	0	6
2018.04.03	11:00:00	1.34410	1.34437	1.34222	1.34298	9028	0	3
2018.04.03	12:00:00	1.34298	1.34472	1.34287	1.34417	7158	0	5
2018.04.03	13:00:00	1.34417	1.34446	1.34227	1.34237	9205	0	2
2018.04.03	14:00:00	1.34237	1.34436	1.34135	1.34382	9069	0	2
2018.04.03	15:00:00	1.34380	1.34584	1.34373	1.34474	6420	0	1
2018.04.03	16:00:00	1.34474	1.34675	1.34405	1.34579	10834	0	2
2018.04.03	17:00:00	1.34579	1.34655	1.34530	1.34580	10524	0	4
2018.04.03	18:00:00	1.34581	1.34943	1.34581	1.34893	8061	0	1
2018.04.03	19:00:00	1.34893	1.34951	1.34797	1.34812	4105	0	3
2018.04.03	20:00:00	1.34812	1.34933	1.34795	1.34849	1426	0	7
2018.04.03	21:00:00	1.34849	1.34856	1.34726	1.34811	1252	0	8
2018.04.03	22:00:00	1.34811	1.34869	1.34774	1.34808	1315	0	10
2018.04.03	23:00:00	1.34808	1.34811	1.34683	1.34699	982	0	12
2018.04.04	00:00:00	1.34696	1.35314	1.34399	1.34790	103544	0	58
2018.04.04	01:00:00	1.34796	1.34832	1.34764	1.34804	449	0	24
2018.04.04	02:00:00	1.34804	1.34854	1.34789	1.34839	324	0	20
2018.04.04	03:00:00	1.34840	1.34943	1.34775	1.34933	1617	0	5
2018.04.04	04:00:00	1.34935	1.34946	1.34879	1.34901	1597	0	12
2018.04.04	05:00:00	1.34901	1.35001	1.34891	1.34949	2165	0	12
2018.04.04	06:00:00	1.34949	1.34979	1.34931	1.34966	1516	0	14
2018.04.04	07:00:00	1.34966	1.34966	1.34901	1.34918	1419	0	9
2018.04.04	08:00:00	1.34918	1.34918	1.34823	1.34854	2272	0	11
2018.04.04	09:00:00	1.34856	1.34894	1.34795	1.34868	3419	0	1
2018.04.04	10:00:00	1.34868	1.34945	1.34681	1.34759	7327	0	1
2018.04.04	11:00:00	1.34762	1.34874	1.34515	1.34874	8058	0	2
2018.04.04	12:00:00	1.34874	1.34892	1.34589	1.34691	4821	0	6
2018.04.04	13:00:00	1.34691	1.34691	1.34465	1.34538	5552	0	3
2018.04.04	14:00:00	1.34538	1.34654	1.34518	1.34560	3937	0	4
2018.04.04	15:00:00	1.34560	1.34824	1.34398	1.34808	6690	0	1
2018.04.04	16:00:00	1.34808	1.35080	1.34801	1.35065	6916	0	1
2018.04.04	17:00:00	1.35063	1.35155	1.34926	1.35143	8199	0	4
2018.04.04	18:00:00	1.35145	1.35151	1.35036	1.35051	5801	0	1
2018.04.04	19:00:00	1.35051	1.35133	1.35027	1.35112	3710	0	4
2018.04.04	20:00:00	1.35112	1.35130	1.35065	1.35120	2877	0	7
2018.04.04	21:00:00	1.35120	1.35230	1.35093	1.35188	3216	0	6
2018.04.04	22:00:00	1.35188	1.35273	1.35170	1.35216	2632	0	9
2018.04.04	23:00:00	1.35216	1.35313	1.35210	1.35246	1149	0	7
2018.04.05	00:00:00	1.35236	1.35371	1.34598	1.35295	99976	0	33
2018.04.05	01:00:00	1.35298	1.35308	1.35231	1.35254	560	0	21
2018.04.05	02:00:00	1.35254	1.35263	1.35226	1.35251	508	0	13
2018.04.05	03:00:00	1.35251	1.35370	1.35189	1.35351	2238	0	4
2018.04.05	04:00:00	1.35351	1.35373	1.35261	1.35367	1474	0	12
2018.04.05	05:00:00	1.35367	1.35371	1.35279	1.35290	1258	0	6
2018.04.05	06:00:00	1.35290	1.35335	1.35287	1.35301	1926	0	10
2018.04.05	07:00:00	1.35301	1.35316	1.35266	1.35274	1681	0	13
2018.04.05	08:00:00	1.35274	1.35292	1.35215	1.35223	1921	0	9
2018.04.05	09:00:00	1.35223	1.35303	1.35154	1.35154	4237	0	3
2018.04.05	10:00:00	1.35154	1.35342	1.35147	1.35169	7054	0	1
2018.04.05	11:00:00	1.35170	1.35225	1.34940	1.34962	5978	0	1
2018.04.05	12:00:00	1.34962	1.35121	1.34960	1.35039	5249	0	2
2018.04.05	13:00:00	1.35039	1.35091	1.34975	1.35064	4498	0	2
2018.04.05	14:00:00	1.35064	1.35212	1.34970	1.35017	4736	0	3
2018.04.05	15:00:00	1.35020	1.35029	1.34866	1.34945	7808	0	1
2018.04.05	16:00:00	1.34943	1.34988	1.34868	1.34941	6951	0	3
2018.04.05	17:00:00	1.34941	1.35091	1.34775	1.34841	8160	0	1
2018.04.05	18:00:00	1.34840	1.34855	1.34595	1.34773	6117	0	2
2018.04.05	19:00:00	1.34773	1.34827	1.34659	1.34660	5520	0	8
2018.04.05	20:00:00	1.34660	1.34849	1.34614	1.34841	2576	0	4
2018.04.05	21:00:00	1.34840	1.34909	1.34782	1.34892	2801	0	6
2018.04.05	22:00:00	1.34892	1.34961	1.34875	1.34961	1541	0	1
2018.04.05	23:00:00	1.34963	1.34974	1.34874	1.34883	1111	0	6
2018.04.06	00:00:00	1.34871	1.35408	1.34584	1.34873	107872	0	33
2018.04.06	01:00:00	1.34873	1.34948	1.34801	1.34804	927	0	8
2018.04.06	02:00:00	1.34804	1.34838	1.34734	1.34777	1386	0	18
2018.04.06	03:00:00	1.34778	1.34819	1.34749	1.34762	2600	0	6
2018.04.06	04:00:00	1.34762	1.34853	1.34730	1.34831	2517	0	13
2018.04.06	05:00:00	1.34831	1.34861	1.34805	1.34805	1807	0	9
2018.04.06	06:00:00	1.34805	1.34825	1.34757	1.34772	1966	0	14
2018.04.06	07:00:00	1.34772	1.34803	1.34726	1.34776	3533	0	12
2018.04.06	08:00:00	1.34775	1.34785	1.34582	1.34676	3228	0	9
2018.04.06	09:00:00	1.34676	1.34842	1.34670	1.34802	3544	0	6
2018.04.06	10:00:00	1.34801	1.34875	1.34750	1.34856	4647	0	1
2018.04.06	11:00:00	1.34857	1.34939	1.34812	1.34902	4759	0	2
2018.04.06	12:00:00	1.34901	1.34919	1.34805	1.34912	4470	0	5
2018.04.06	13:00:00	1.34912	1.35071	1.34886	1.35011	3689	0	5
2018.04.06	14:00:00	1.35011	1.35042	1.34862	1.34985	3366	0	5
2018.04.06	15:00:00	1.34985	1.35224	1.34919	1.35141	13699	0	2
2018.04.06	16:00:00	1.35141	1.35164	1.34901	1.35099	11443	0	1
2018.04.06	17:00:00	1.35099	1.35409	1.35088	1.35294	11038	0	1
2018.04.06	18:00:00	1.35294	1.35364	1.35246	1.35279	6765	0	1
2018.04.06	19:00:00	1.35279	1.35368	1.35228	1.35269	5512	0	2
2018.04.06	20:00:00	1.35269	1.35299	1.35079	1.35096	4987	0	1
2018.04.06	21:00:00	1.35096	1.35188	1.35007	1.35021	2834	0	2
2018.04.06	22:00:00	1.35022	1.35153	1.34998	1.35066	2654	0	4
2018.04.06	23:00:00	1.35063	1.35155	1.35041	1.35126	1475	0	16
2018.04.09	00:00:00	1.34944	1.35531	1.34934	1.35057	95379	0	1
2018.04.09	01:00:00	1.35066	1.35178	1.35021	1.35150	941	0	14
2018.04.09	02:00:00	1.35157	1.35181	1.35107	1.35173	1313	0	18
2018.04.09	03:00:00	1.35173	1.35249	1.35154	1.35233	1600	0	12
2018.04.09	04:00:00	1.35233	1.35295	1.35220	1.35249	1849	0	9
2018.04.09	05:00:00	1.35249	1.35312	1.35221	1.35306	1123	0	11
2018.04.09	06:00:00	1.35306	1.35313	1.35254	1.35300	1307	0	11
2018.04.09	07:00:00	1.35299	1.35313	1.35253	1.35267	833	0	4
2018.04.09	08:00:00	1.35266	1.35278	1.35220	1.35235	1506	0	5
2018.04.09	09:00:00	1.35235	1.35481	1.35229	1.35324	4464	0	8
2018.04.09	10:00:00	1.35324	1.35384	1.35203	1.35362	8503	0	1
2018.04.09	11:00:00	1.35362	1.35399	1.35256	1.35390	5099	0	3
2018.04.09	12:00:00	1.35390	1.35416	1.35310	1.35333	2919	0	4
2018.04.09	13:00:00	1.35333	1.35469	1.35269	1.35441	3884	0	3
2018.04.09	14:00:00	1.35441	1.35493	1.35398	1.35441	3986	0	7
2018.04.09	15:00:00	1.35441	1.35466	1.35327	1.35445	5600	0	1
2018.04.09	16:00:00	1.35445	1.35530	1.35274	1.35331	6752	0	2
2018.04.09	17:00:00	1.35331	1.35381	1.35216	1.35287	7786	0	3
2018.04.09	18:00:00	1.35287	1.35344	1.35222	1.35331	4469	0	6
2018.04.09	19:00:00	1.35331	1.35356	1.35266	1.35306	4298	0	7
2018.04.09	20:00:00	1.35308	1.35343	1.35199	1.35220	2938	0	5
2018.04.09	21:00:00	1.35219	1.35239	1.35159	1.35170	2932	0	7
2018.04.09	22:00:00	1.35170	1.35177	1.35070	1.35107	3282	0	7
2018.04.09	23:00:00	1.35108	1.35133	1.35080	1.35082	983	0	8
2018.04.10	00:00:00	1.35080	1.35707	1.35009	1.35093	99976	0	25
2018.04.10	01:00:00	1.35093	1.35131	1.35056	1.35109	706	0	24
2018.04.10	02:00:00	1.35106	1.35145	1.35079	1.35140	516	0	14
2018.04.10	03:00:00	1.35140	1.35144	1.35082	1.35111	1305	0	11
2018.04.10	04:00:00	1.35111	1.35188	1.35096	1.35152	2540	0	10
2018.04.10	05:00:00	1.35152	1.35263	1.35123	1.35188	4304	0	8
2018.04.10	06:00:00	1.35188	1.35248	1.35147	1.35239	1541	0	2
2018.04.10	07:00:00	1.35239	1.35264	1.35211	1.35234	1062	0	10
2018.04.10	08:00:00	1.35234	1.35290	1.35207	1.35287	1205	0	10
2018.04.10	09:00:00	1.35287	1.35441	1.35273	1.35439	3699	0	7
2018.04.10	10:00:00	1.35439	1.35441	1.35185	1.35216	7284	0	2
2018.04.10	11:00:00	1.35212	1.35389	1.35161	1.35360	6029	0	3
2018.04.10	12:00:00	1.35360	1.35488	1.35356	1.35471	3668	0	1
2018.04.10	13:00:00	1.35471	1.35481	1.35343	1.35372	3459	0	5
2018.04.10	14:00:00	1.35372	1.35392	1.35180	1.35241	7404	0	1
2018.04.10	15:00:00	1.35241	1.35350	1.35226	1.35265	4945	0	1
2018.04.10	16:00:00	1.35272	1.35323	1.35107	1.35323	6926	0	4
2018.04.10	17:00:00	1.35323	1.35569	1.35301	1.35503	6534	0	1
2018.04.10	18:00:00	1.35503	1.35617	1.35432	1.35568	7085	0	1
2018.04.10	19:00:00	1.35568	1.35657	1.35371	1.35373	5632	0	5
2018.04.10	20:00:00	1.35373	1.35577	1.35371	1.35577	3200	0	7
2018.04.10	21:00:00	1.35577	1.35704	1.35537	1.35692	2939	0	5
2018.04.10	22:00:00	1.35692	1.35692	1.35629	1.35685	2537	0	9
2018.04.10	23:00:00	1.35685	1.35693	1.35596	1.35596	1149	0	9
2018.04.11	00:00:00	1.35591	1.36410	1.35564	1.35638	102194	0	16
2018.04.11	01:00:00	1.35638	1.35682	1.35609	1.35628	1520	0	27
2018.04.11	02:00:00	1.35626	1.35667	1.35596	1.35631	1524	0	15
2018.04.11	03:00:00	1.35631	1.35641	1.35586	1.35626	1382	0	13
2018.04.11	04:00:00	1.35625	1.35671	1.35617	1.35628	1765	0	13
2018.04.11	05:00:00	1.35628	1.35661	1.35617	1.35636	1667	0	13
2018.04.11	06:00:00	1.35636	1.35663	1.35627	1.35645	1195	0	13
2018.04.11	07:00:00	1.35645	1.35648	1.35602	1.35616	1263	0	12
2018.04.11	08:00:00	1.35616	1.35679	1.35614	1.35662	1717	0	13
2018.04.11	09:00:00	1.35663	1.35887	1.35647	1.35869	3343	0	3
2018.04.11	10:00:00	1.35870	1.36408	1.35811	1.36232	8564	0	1
2018.04.11	11:00:00	1.36230	1.36364	1.35982	1.36000	6193	0	1
2018.04.11	12:00:00	1.36000	1.36051	1.35896	1.35910	4661	0	4
2018.04.11	13:00:00	1.35911	1.36004	1.35874	1.35943	3972	0	1
2018.04.11	14:00:00	1.35942	1.35947	1.35609	1.35708	5564	0	2
2018.04.11	15:00:00	1.35706	1.35871	1.35628	1.35818	6480	0	4
2018.04.11	16:00:00	1.35818	1.36059	1.35787	1.35991	4936	0	1
2018.04.11	17:00:00	1.35987	1.36067	1.35888	1.35956	6707	0	1
2018.04.11	18:00:00	1.35958	1.36059	1.35920	1.35937	6263	0	4
2018.04.11	19:00:00	1.35935	1.36037	1.35814	1.35829	5455	0	7
2018.04.11	20:00:00	1.35834	1.35933	1.35819	1.35933	2216	0	8
2018.04.11	21:00:00	1.35933	1.35945	1.35778	1.35809	3323	0	4
2018.04.11	22:00:00	1.35807	1.35827	1.35738	1.35816	1554	0	5
2018.04.11	23:00:00	1.35816	1.35850	1.35702	1.35702	994	0	12
2018.04.12	00:00:00	1.35696	1.37125	1.35605	1.35757	103007	0	49
2018.04.12	01:00:00	1.35757	1.35806	1.35727	1.35757	918	0	42
2018.04.12	02:00:00	1.35757	1.35862	1.35754	1.35823	512	0	17
2018.04.12	03:00:00	1.35823	1.35938	1.35805	1.35922	1320	0	9
2018.04.12	04:00:00	1.35922	1.35958	1.35837	1.35844	1619	0	10
2018.04.12	05:00:00	1.35844	1.35878	1.35837	1.35856	2553	0	10
2018.04.12	06:00:00	1.35856	1.35909	1.35843	1.35888	1536	0	10
2018.04.12	07:00:00	1.35889	1.35911	1.35879	1.35906	2351	0	13
2018.04.12	08:00:00	1.35906	1.36125	1.35898	1.36044	2030	0	2
2018.04.12	09:00:00	1.36043	1.36179	1.35989	1.35997	4859	0	3
2018.04.12	10:00:00	1.35999	1.36174	1.35964	1.36115	8543	0	4
2018.04.12	11:00:00	1.36115	1.36153	1.35955	1.36045	6606	0	1
2018.04.12	12:00:00	1.36045	1.36391	1.36001	1.36349	7013	0	3
2018.04.12	13:00:00	1.36347	1.36573	1.36340	1.36566	5961	0	1
2018.04.12	14:00:00	1.36566	1.36912	1.36563	1.36844	9773	0	1
2018.04.12	15:00:00	1.36844	1.36923	1.36670	1.36703	9253	0	5
2018.04.12	16:00:00	1.36704	1.36900	1.36631	1.36823	8604	0	2
2018.04.12	17:00:00	1.36824	1.37119	1.36778	1.36942	10213	0	1
2018.04.12	18:00:00	1.36945	1.37108	1.36919	1.37101	6314	0	1
2018.04.12	19:00:00	1.37101	1.37124	1.36822	1.36830	3553	0	8
2018.04.12	20:00:00	1.36827	1.36910	1.36773	1.36782	2260	0	2
2018.04.12	21:00:00	1.36782	1.36906	1.36770	1.36870	1486	0	10
2018.04.12	22:00:00	1.36870	1.36952	1.36860	1.36927	1136	0	4
2018.04.12	23:00:00	1.36928	1.36937	1.36852	1.36859	1282	0	16
2018.04.13	00:00:00	1.36830	1.37435	1.36787	1.36994	92182	0	47
2018.04.13	01:00:00	1.36995	1.36995	1.36895	1.36906	1292	0	36
2018.04.13	02:00:00	1.36906	1.37027	1.36906	1.37023	549	0	16
2018.04.13	03:00:00	1.37023	1.37132	1.36975	1.37100	1594	0	7
2018.04.13	04:00:00	1.37100	1.37118	1.37056	1.37081	1967	0	12
2018.04.13	05:00:00	1.37081	1.37096	1.36963	1.37026	2749	0	9
2018.04.13	06:00:00	1.37026	1.37047	1.37006	1.37037	1668	0	11
2018.04.13	07:00:00	1.37037	1.37047	1.37009	1.37024	1287	0	15
2018.04.13	08:00:00	1.37024	1.37055	1.37009	1.37017	2274	0	11
2018.04.13	09:00:00	1.37017	1.37354	1.36986	1.37345	7789	0	3
2018.04.13	10:00:00	1.37345	1.37433	1.37061	1.37064	10226	0	1
2018.04.13	11:00:00	1.37066	1.37372	1.37044	1.37343	6914	0	1
2018.04.13	12:00:00	1.37343	1.37394	1.37242	1.37339	4478	0	2
2018.04.13	13:00:00	1.37339	1.37434	1.37265	1.37406	4848	0	2
2018.04.13	14:00:00	1.37406	1.37427	1.37170	1.37280	5752	0	1
2018.04.13	15:00:00	1.37280	1.37324	1.37169	1.37287	3040	0	6
2018.04.13	16:00:00	1.37287	1.37306	1.37219	1.37223	4528	0	7
2018.04.13	17:00:00	1.37228	1.37301	1.36983	1.37086	6278	0	5
2018.04.13	18:00:00	1.37086	1.37306	1.37040	1.37262	6155	0	4
2018.04.13	19:00:00	1.37261	1.37355	1.37029	1.37029	4623	0	6
2018.04.13	20:00:00	1.37029	1.37198	1.37028	1.37164	2253	0	9
2018.04.13	21:00:00	1.37164	1.37164	1.36962	1.36975	2200	0	7
2018.04.13	22:00:00	1.36976	1.37081	1.36908	1.37048	2255	0	12
2018.04.13	23:00:00	1.37048	1.37053	1.36898	1.36921	1175	0	20
2018.04.16	00:00:00	1.36908	1.37662	1.36732	1.36991	93009	0	116
2018.04.16	01:00:00	1.36991	1.37206	1.36969	1.37206	5331	0	1
2018.04.16	02:00:00	1.37206	1.37215	1.37156	1.37199	592	0	1
2018.04.16	03:00:00	1.37199	1.37322	1.37129	1.37289	1476	0	9
2018.04.16	04:00:00	1.37290	1.37294	1.37202	1.37205	1320	0	12
2018.04.16	05:00:00	1.37205	1.37237	1.37173	1.37224	1222	0	15
2018.04.16	06:00:00	1.37224	1.37279	1.37208	1.37246	1327	0	14
2018.04.16	07:00:00	1.37246	1.37291	1.37211	1.37289	818	0	12
2018.04.16	08:00:00	1.37290	1.37306	1.37200	1.37245	1354	0	11
2018.04.16	09:00:00	1.37245	1.37399	1.37142	1.37180	3821	0	2
2018.04.16	10:00:00	1.37182	1.37255	1.36974	1.36978	6074	0	1
2018.04.16	11:00:00	1.36978	1.37179	1.36958	1.37056	5776	0	3
2018.04.16	12:00:00	1.37056	1.37402	1.37038	1.37315	6058	0	1
2018.04.16	13:00:00	1.37315	1.37379	1.37251	1.37299	4032	0	6
2018.04.16	14:00:00	1.37298	1.37509	1.37291	1.37394	3757	0	1
2018.04.16	15:00:00	1.37392	1.37424	1.37265	1.37303	5481	0	2
2018.04.16	16:00:00	1.37306	1.37372	1.37277	1.37320	6586	0	3
2018.04.16	17:00:00	1.37319	1.37568	1.37213	1.37531	6689	0	1
2018.04.16	18:00:00	1.37531	1.37610	1.37429	1.37527	5135	0	1
2018.04.16	19:00:00	1.37527	1.37527	1.37336	1.37356	4875	0	7
2018.04.16	20:00:00	1.37357	1.37506	1.37357	1.37407	1794	0	9
2018.04.16	21:00:00	1.37407	1.37551	1.37407	1.37551	1449	0	9
2018.04.16	22:00:00	1.37551	1.37651	1.37491	1.37642	1628	0	5
2018.04.16	23:00:00	1.37642	1.37658	1.37591	1.37610	1516	0	2
2018.04.17	00:00:00	1.37584	1.38363	1.37072	1.37585	95739	0	32
2018.04.17	01:00:00	1.37586	1.37632	1.37579	1.37602	819	0	17
2018.04.17	02:00:00	1.37602	1.37657	1.37576	1.37590	926	0	12
2018.04.17	03:00:00	1.37591	1.37737	1.37579	1.37663	1413	0	7
2018.04.17	04:00:00	1.37663	1.37728	1.37633	1.37642	1301	0	12
2018.04.17	05:00:00	1.37642	1.37691	1.37611	1.37674	1367	0	11
2018.04.17	06:00:00	1.37674	1.37701	1.37662	1.37687	1274	0	14
2018.04.17	07:00:00	1.37687	1.37760	1.37672	1.37754	1429	0	10
2018.04.17	08:00:00	1.37754	1.37778	1.37647	1.37651	1531	0	9
2018.04.17	09:00:00	1.37649	1.37836	1.37649	1.37770	5583	0	1
2018.04.17	10:00:00	1.37770	1.37907	1.37709	1.37849	8176	0	1
2018.04.17	11:00:00	1.37849	1.37995	1.37686	1.37728	7905	0	1
2018.04.17	12:00:00	1.37728	1.37825	1.37685	1.37761	5784	0	1
2018.04.17	13:00:00	1.37761	1.37850	1.37638	1.37841	3429	0	3
2018.04.17	14:00:00	1.37841	1.37997	1.37800	1.37977	4689	0	1
2018.04.17	15:00:00	1.37978	1.38124	1.37943	1.38090	7347	0	1
2018.04.17	16:00:00	1.38090	1.38138	1.37979	1.38033	7170	0	5
2018.04.17	17:00:00	1.38033	1.38367	1.38027	1.38171	8396	0	3
2018.04.17	18:00:00	1.38171	1.38299	1.38096	1.38223	6945	0	1
2018.04.17	19:00:00	1.38223	1.38327	1.38056	1.38087	5320	0	1
2018.04.17	20:00:00	1.38085	1.38199	1.38068	1.38113	2720	0	7
2018.04.17	21:00:00	1.38112	1.38137	1.38004	1.38016	1917	0	10
2018.04.17	22:00:00	1.38016	1.38028	1.37952	1.38011	2108	0	6
2018.04.17	23:00:00	1.38011	1.38084	1.37969	1.38003	1839	0	5
2018.04.18	00:00:00	1.37708	1.38557	1.37072	1.38073	98507	0	33
2018.04.18	01:00:00	1.38073	1.38218	1.38061	1.38206	648	0	15
2018.04.18	02:00:00	1.38206	1.38239	1.38175	1.38192	837	0	14
2018.04.18	03:00:00	1.38192	1.38316	1.38164	1.38299	1568	0	2
2018.04.18	04:00:00	1.38299	1.38309	1.38232	1.38262	1679	0	8
2018.04.18	05:00:00	1.38262	1.38373	1.38262	1.38305	2473	0	8
2018.04.18	06:00:00	1.38305	1.38337	1.38287	1.38289	1352	0	2
2018.04.18	07:00:00	1.38289	1.38318	1.38254	1.38314	963	0	11
2018.04.18	08:00:00	1.38314	1.38419	1.38269	1.38411	1287	0	10
2018.04.18	09:00:00	1.38411	1.38461	1.38312	1.38350	6240	0	6
2018.04.18	10:00:00	1.38350	1.38555	1.38152	1.38296	8704	0	1
2018.04.18	11:00:00	1.38296	1.38320	1.37296	1.37494	11343	0	1
2018.04.18	12:00:00	1.37494	1.37497	1.37242	1.37377	8495	0	1
2018.04.18	13:00:00	1.37377	1.37629	1.37344	1.37568	4726	0	1
2018.04.18	14:00:00	1.37568	1.37598	1.37387	1.37544	4620	0	3
2018.04.18	15:00:00	1.37546	1.37675	1.37493	1.37661	5919	0	1
2018.04.18	16:00:00	1.37661	1.37663	1.37263	1.37553	7950	0	1
2018.04.18	17:00:00	1.37553	1.37668	1.37359	1.37656	9067	0	3
2018.04.18	18:00:00	1.37656	1.37675	1.37467	1.37577	6191	0	5
2018.04.18	19:00:00	1.37577	1.37630	1.37386	1.37400	5701	0	1
2018.04.18	20:00:00	1.37400	1.37552	1.37393	1.37533	3081	0	3
2018.04.18	21:00:00	1.37533	1.37590	1.37466	1.37532	2545	0	6
2018.04.18	22:00:00	1.37532	1.37567	1.37475	1.37515	2517	0	7
2018.04.18	23:00:00	1.37513	1.37604	1.37478	1.37545	1333	0	3
2018.04.19	00:00:00	1.37469	1.38072	1.36751	1.37569	110723	0	15
2018.04.19	01:00:00	1.37570	1.37590	1.37507	1.37568	711	0	21
2018.04.19	02:00:00	1.37568	1.37585	1.37510	1.37552	816	0	13
2018.04.19	03:00:00	1.37552	1.37564	1.37492	1.37517	1110	0	10
2018.04.19	04:00:00	1.37517	1.37573	1.37469	1.37475	1451	0	9
2018.04.19	05:00:00	1.37474	1.37506	1.37462	1.37465	1403	0	14
2018.04.19	06:00:00	1.37464	1.37508	1.37453	1.37467	2644	0	13
2018.04.19	07:00:00	1.37466	1.37530	1.37465	1.37518	1816	0	12
2018.04.19	08:00:00	1.37518	1.37631	1.37513	1.37601	1549	0	12
2018.04.19	09:00:00	1.37601	1.37711	1.37409	1.37478	4732	0	5
2018.04.19	10:00:00	1.37478	1.37605	1.37290	1.37382	8415	0	1
2018.04.19	11:00:00	1.37381	1.37554	1.37203	1.37351	8905	0	1
2018.04.19	12:00:00	1.37351	1.37561	1.37315	1.37541	5596	0	8
2018.04.19	13:00:00	1.37541	1.37837	1.37333	1.37692	7702	0	1
2018.04.19	14:00:00	1.37692	1.37845	1.37666	1.37712	5170	0	3
2018.04.19	15:00:00	1.37712	1.37832	1.37582	1.37722	7390	0	1
2018.04.19	16:00:00	1.37722	1.37755	1.37606	1.37677	7695	0	2
2018.04.19	17:00:00	1.37677	1.37974	1.37623	1.37942	8785	0	4
2018.04.19	18:00:00	1.37945	1.38076	1.37826	1.37861	9555	0	1
2018.04.19	19:00:00	1.37857	1.37919	1.37773	1.37804	6462	0	3
2018.04.19	20:00:00	1.37803	1.37840	1.36787	1.36831	10603	0	1
2018.04.19	21:00:00	1.36831	1.36954	1.36775	1.36851	3778	0	2
2018.04.19	22:00:00	1.36857	1.36878	1.36794	1.36872	3453	0	7
2018.04.19	23:00:00	1.36872	1.36910	1.36744	1.36778	2500	0	7
2018.04.20	00:00:00	1.36699	1.37175	1.36246	1.36732	106571	0	39
2018.04.20	01:00:00	1.36732	1.36852	1.36720	1.36798	1053	0	10
2018.04.20	02:00:00	1.36798	1.36867	1.36793	1.36834	796	0	16
2018.04.20	03:00:00	1.36836	1.36844	1.36757	1.36804	1586	0	1
2018.04.20	04:00:00	1.36804	1.36867	1.36767	1.36861	1690	0	13
2018.04.20	05:00:00	1.36861	1.36873	1.36812	1.36835	1484	0	14
2018.04.20	06:00:00	1.36835	1.36852	1.36799	1.36849	1363	0	15
2018.04.20	07:00:00	1.36849	1.36900	1.36834	1.36841	866	0	11
2018.04.20	08:00:00	1.36841	1.36924	1.36717	1.36739	2597	0	8
2018.04.20	09:00:00	1.36739	1.36754	1.36518	1.36679	7706	0	1
2018.04.20	10:00:00	1.36679	1.36689	1.36291	1.36449	11076	0	1
2018.04.20	11:00:00	1.36449	1.36844	1.36404	1.36839	6673	0	1
2018.04.20	12:00:00	1.36839	1.37010	1.36650	1.36958	6923	0	1
2018.04.20	13:00:00	1.36958	1.37170	1.36867	1.37087	5169	0	2
2018.04.20	14:00:00	1.37087	1.37158	1.36573	1.36591	4748	0	1
2018.04.20	15:00:00	1.36591	1.36795	1.36518	1.36694	6813	0	1
2018.04.20	16:00:00	1.36693	1.36770	1.36600	1.36609	7120	0	1
2018.04.20	17:00:00	1.36609	1.36818	1.36574	1.36609	10030	0	1
2018.04.20	18:00:00	1.36609	1.36742	1.36502	1.36714	7437	0	3
2018.04.20	19:00:00	1.36714	1.36857	1.36679	1.36801	6296	0	1
2018.04.20	20:00:00	1.36801	1.36812	1.36628	1.36763	2661	0	4
2018.04.20	21:00:00	1.36763	1.36810	1.36672	1.36700	1600	0	1
2018.04.20	22:00:00	1.36700	1.36719	1.36580	1.36667	2134	0	8
2018.04.20	23:00:00	1.36666	1.36706	1.36473	1.36475	1889	0	5
2018.04.23	00:00:00	1.36314	1.36858	1.36014	1.36534	114492	0	108
2018.04.23	01:00:00	1.36533	1.36625	1.36433	1.36606	5794	0	18
2018.04.23	02:00:00	1.36606	1.36684	1.36603	1.36647	1079	0	13
2018.04.23	03:00:00	1.36647	1.36787	1.36647	1.36710	2249	0	2
2018.04.23	04:00:00	1.36710	1.36809	1.36710	1.36769	1893	0	11
2018.04.23	05:00:00	1.36769	1.36787	1.36735	1.36783	1443	0	14
2018.04.23	06:00:00	1.36783	1.36785	1.36723	1.36723	844	0	14
2018.04.23	07:00:00	1.36723	1.36760	1.36691	1.36735	774	0	11
2018.04.23	08:00:00	1.36736	1.36769	1.36713	1.36763	1530	0	10
2018.04.23	09:00:00	1.36770	1.36854	1.36706	1.36744	5043	0	2
2018.04.23	10:00:00	1.36741	1.36802	1.36453	1.36626	9575	0	1
2018.04.23	11:00:00	1.36627	1.36831	1.36608	1.36726	8368	0	2
2018.04.23	12:00:00	1.36727	1.36746	1.36335	1.36374	6876	0	1
2018.04.23	13:00:00	1.36375	1.36429	1.36096	1.36155	7452	0	1
2018.04.23	14:00:00	1.36153	1.36247	1.36011	1.36222	4351	0	2
2018.04.23	15:00:00	1.36222	1.36278	1.36155	1.36259	5361	0	2
2018.04.23	16:00:00	1.36260	1.36356	1.36144	1.36213	6327	0	1
2018.04.23	17:00:00	1.36208	1.36335	1.36130	1.36335	7093	0	1
2018.04.23	18:00:00	1.36334	1.36444	1.36247	1.36408	6346	0	1
2018.04.23	19:00:00	1.36408	1.36436	1.36344	1.36384	4554	0	2
2018.04.23	20:00:00	1.36384	1.36409	1.36277	1.36309	2347	0	9
2018.04.23	21:00:00	1.36309	1.36386	1.36283	1.36371	1946	0	4
2018.04.23	22:00:00	1.36372	1.36475	1.36349	1.36447	1858	0	8
2018.04.23	23:00:00	1.36449	1.36453	1.36330	1.36330	1158	0	13
2018.04.24	00:00:00	1.36325	1.37061	1.36147	1.36333	99174	0	14
2018.04.24	01:00:00	1.36333	1.36364	1.36316	1.36324	631	0	25
2018.04.24	02:00:00	1.36323	1.36344	1.36277	1.36316	733	0	12
2018.04.24	03:00:00	1.36315	1.36355	1.36278	1.36280	1641	0	9
2018.04.24	04:00:00	1.36280	1.36310	1.36216	1.36292	3123	0	10
2018.04.24	05:00:00	1.36292	1.36392	1.36285	1.36380	2349	0	7
2018.04.24	06:00:00	1.36380	1.36415	1.36363	1.36401	1226	0	11
2018.04.24	07:00:00	1.36400	1.36414	1.36363	1.36364	924	0	13
2018.04.24	08:00:00	1.36364	1.36385	1.36322	1.36328	1372	0	12
2018.04.24	09:00:00	1.36328	1.36371	1.36204	1.36283	4459	0	6
2018.04.24	10:00:00	1.36283	1.36315	1.36150	1.36305	6031	0	3
2018.04.24	11:00:00	1.36305	1.36538	1.36234	1.36516	7072	0	1
2018.04.24	12:00:00	1.36519	1.36525	1.36304	1.36455	4355	0	1
2018.04.24	13:00:00	1.36455	1.36481	1.36230	1.36361	5968	0	3
2018.04.24	14:00:00	1.36361	1.36505	1.36361	1.36496	4514	0	3
2018.04.24	15:00:00	1.36496	1.36662	1.36462	1.36583	6001	0	3
2018.04.24	16:00:00	1.36583	1.36840	1.36546	1.36784	8533	0	1
2018.04.24	17:00:00	1.36784	1.37031	1.36694	1.36973	7539	0	1
2018.04.24	18:00:00	1.36975	1.37037	1.36835	1.36986	6653	0	1
2018.04.24	19:00:00	1.36986	1.37061	1.36679	1.36715	5994	0	3
2018.04.24	20:00:00	1.36714	1.36815	1.36710	1.36738	3780	0	7
2018.04.24	21:00:00	1.36738	1.36786	1.36657	1.36742	3135	0	8
2018.04.24	22:00:00	1.36742	1.36883	1.36719	1.36857	2051	0	9
2018.04.24	23:00:00	1.36859	1.36863	1.36765	1.36776	988	0	7
2018.04.25	00:00:00	1.36767	1.37201	1.36676	1.36840	96265	0	35
2018.04.25	01:00:00	1.36838	1.36894	1.36815	1.36863	709	0	24
2018.04.25	02:00:00	1.36863	1.36994	1.36840	1.36968	1055	0	14
2018.04.25	03:00:00	1.36968	1.37128	1.36921	1.37069	1804	0	4
2018.04.25	04:00:00	1.37069	1.37132	1.37018	1.37019	1756	0	9
2018.04.25	05:00:00	1.37019	1.37050	1.36980	1.37034	1175	0	16
2018.04.25	06:00:00	1.37034	1.37137	1.37026	1.37134	853	0	14
2018.04.25	07:00:00	1.37133	1.37138	1.37015	1.37025	1679	0	9
2018.04.25	08:00:00	1.37025	1.37090	1.36995	1.37054	2129	0	10
2018.04.25	09:00:00	1.37054	1.37145	1.37014	1.37050	7357	0	5
2018.04.25	10:00:00	1.37050	1.37117	1.36835	1.36896	5832	0	1
2018.04.25	11:00:00	1.36896	1.37017	1.36842	1.37001	6084	0	1
2018.04.25	12:00:00	1.37001	1.37105	1.36943	1.37094	4913	0	5
2018.04.25	13:00:00	1.37094	1.37185	1.37020	1.37060	4831	0	1
2018.04.25	14:00:00	1.37060	1.37208	1.37056	1.37120	5985	0	1
2018.04.25	15:00:00	1.37120	1.37206	1.37055	1.37164	7050	0	1
2018.04.25	16:00:00	1.37164	1.37205	1.37024	1.37125	7182	0	1
2018.04.25	17:00:00	1.37124	1.37187	1.36989	1.37119	7802	0	3
2018.04.25	18:00:00	1.37115	1.37131	1.36968	1.37008	6090	0	5
2018.04.25	19:00:00	1.37008	1.37086	1.36908	1.36908	4255	0	7
2018.04.25	20:00:00	1.36908	1.36959	1.36880	1.36924	1824	0	10
2018.04.25	21:00:00	1.36924	1.36999	1.36851	1.36992	1570	0	7
2018.04.25	22:00:00	1.36993	1.37023	1.36922	1.36949	1527	0	8
2018.04.25	23:00:00	1.36951	1.36969	1.36854	1.36922	1823	0	9
2018.04.26	00:00:00	1.36912	1.37807	1.36751	1.36971	104485	0	39
2018.04.26	01:00:00	1.36971	1.37021	1.36926	1.36949	1350	0	29
2018.04.26	02:00:00	1.36942	1.36995	1.36932	1.36937	1254	0	12
2018.04.26	03:00:00	1.36937	1.37022	1.36936	1.36975	2150	0	10
2018.04.26	04:00:00	1.36976	1.37019	1.36954	1.37015	1797	0	10
2018.04.26	05:00:00	1.37015	1.37051	1.37001	1.37015	1251	0	12
2018.04.26	06:00:00	1.37015	1.37054	1.36985	1.37009	1313	0	14
2018.04.26	07:00:00	1.37009	1.37026	1.36977	1.37007	1170	0	13
2018.04.26	08:00:00	1.37006	1.37035	1.36990	1.37021	1594	0	12
2018.04.26	09:00:00	1.37020	1.37052	1.36889	1.37049	4680	0	1
2018.04.26	10:00:00	1.37049	1.37102	1.36870	1.36893	8005	0	2
2018.04.26	11:00:00	1.36893	1.37008	1.36830	1.36864	6480	0	3
2018.04.26	12:00:00	1.36864	1.37173	1.36830	1.37171	6020	0	1
2018.04.26	13:00:00	1.37169	1.37379	1.37138	1.37333	5039	0	1
2018.04.26	14:00:00	1.37333	1.37409	1.37210	1.37404	5638	0	3
2018.04.26	15:00:00	1.37405	1.37604	1.37325	1.37355	16407	0	2
2018.04.26	16:00:00	1.37355	1.37646	1.37286	1.37614	9577	0	1
2018.04.26	17:00:00	1.37614	1.37813	1.37570	1.37625	13812	0	1
2018.04.26	18:00:00	1.37623	1.37669	1.37436	1.37594	8272	0	1
2018.04.26	19:00:00	1.37595	1.37686	1.37539	1.37608	4917	0	1
2018.04.26	20:00:00	1.37607	1.37684	1.37606	1.37649	2315	0	9
2018.04.26	21:00:00	1.37649	1.37756	1.37599	1.37752	2567	0	2
2018.04.26	22:00:00	1.37754	1.37786	1.37655	1.37669	2009	0	9
2018.04.26	23:00:00	1.37671	1.37711	1.37592	1.37601	1459	0	8
2018.04.27	00:00:00	1.37470	1.37912	1.35920	1.37683	153252	0	36
2018.04.27	01:00:00	1.37687	1.37703	1.37625	1.37626	1417	0	25
2018.04.27	02:00:00	1.37621	1.37671	1.37621	1.37652	442	0	16
2018.04.27	03:00:00	1.37652	1.37693	1.37639	1.37673	1318	0	6
2018.04.27	04:00:00	1.37673	1.37739	1.37664	1.37704	1850	0	3
2018.04.27	05:00:00	1.37704	1.37735	1.37688	1.37725	1093	0	9
2018.04.27	06:00:00	1.37725	1.37812	1.37722	1.37781	1118	0	12
2018.04.27	07:00:00	1.37781	1.37802	1.37711	1.37751	715	0	10
2018.04.27	08:00:00	1.37751	1.37821	1.37742	1.37804	1657	0	7
2018.04.27	09:00:00	1.37804	1.37920	1.37748	1.37901	5334	0	1
2018.04.27	10:00:00	1.37902	1.37918	1.37556	1.37573	8661	0	1
2018.04.27	11:00:00	1.37573	1.37668	1.36859	1.37041	11244	0	1
2018.04.27	12:00:00	1.37041	1.37106	1.36506	1.36575	7846	0	1
2018.04.27	13:00:00	1.36578	1.36609	1.36380	1.36394	6562	0	1
2018.04.27	14:00:00	1.36394	1.36480	1.36290	1.36419	5982	0	1
2018.04.27	15:00:00	1.36419	1.36545	1.36167	1.36172	7959	0	1
2018.04.27	16:00:00	1.36172	1.36485	1.36133	1.36416	7319	0	1
2018.04.27	17:00:00	1.36417	1.36476	1.36229	1.36330	9105	0	1
2018.04.27	18:00:00	1.36332	1.36408	1.36195	1.36243	4391	0	1
2018.04.27	19:00:00	1.36243	1.36286	1.36127	1.36127	3406	0	2
2018.04.27	20:00:00	1.36127	1.36202	1.36081	1.36159	1563	0	8
2018.04.27	21:00:00	1.36159	1.36243	1.36147	1.36213	2427	0	10
2018.04.27	22:00:00	1.36213	1.36213	1.36093	1.36093	2056	0	7
2018.04.27	23:00:00	1.36089	1.36157	1.36062	1.36131	958	0	16
2018.04.30	00:00:00	1.35949	1.36522	1.35665	1.36068	147986	0	12
2018.04.30	01:00:00	1.36078	1.36154	1.36040	1.36130	981	0	19
2018.04.30	02:00:00	1.36130	1.36140	1.36059	1.36060	538	0	6
2018.04.30	03:00:00	1.36060	1.36073	1.36032	1.36058	1145	0	10
2018.04.30	04:00:00	1.36058	1.36124	1.36042	1.36083	1478	0	13
2018.04.30	05:00:00	1.36083	1.36175	1.36071	1.36153	1137	0	10
2018.04.30	06:00:00	1.36152	1.36196	1.36134	1.36186	1122	0	14
2018.04.30	07:00:00	1.36187	1.36228	1.36147	1.36153	963	0	12
2018.04.30	08:00:00	1.36153	1.36180	1.36124	1.36171	1573	0	10
2018.04.30	09:00:00	1.36171	1.36202	1.35881	1.35903	4821	0	1
2018.04.30	10:00:00	1.35907	1.36054	1.35834	1.35957	5939	0	3
2018.04.30	11:00:00	1.35957	1.36128	1.35894	1.35899	4402	0	1
2018.04.30	12:00:00	1.35899	1.35955	1.35677	1.35692	5278	0	1
2018.04.30	13:00:00	1.35692	1.35881	1.35673	1.35817	4278	0	1
2018.04.30	14:00:00	1.35817	1.36102	1.35811	1.36082	3460	0	1
2018.04.30	15:00:00	1.36085	1.36228	1.36010	1.36179	4324	0	1
2018.04.30	16:00:00	1.36179	1.36380	1.36165	1.36264	5184	0	3
2018.04.30	17:00:00	1.36264	1.36526	1.36204	1.36355	9892	0	1
2018.04.30	18:00:00	1.36356	1.36469	1.36244	1.36269	7008	0	1
2018.04.30	19:00:00	1.36281	1.36353	1.36137	1.36200	6579	0	1
2018.04.30	20:00:00	1.36201	1.36284	1.36183	1.36280	2818	0	2
2018.04.30	21:00:00	1.36280	1.36287	1.36136	1.36204	1779	0	10
2018.04.30	22:00:00	1.36208	1.36445	1.36176	1.36417	1313	0	9
2018.04.30	23:00:00	1.36417	1.36423	1.36278	1.36278	1431	0	10
2018.05.01	00:00:00	1.36280	1.36494	1.35326	1.36383	109322	0	49
2018.05.01	01:00:00	1.36385	1.36448	1.36333	1.36406	1349	0	24
2018.05.01	02:00:00	1.36406	1.36440	1.36376	1.36436	1182	0	16
2018.05.01	03:00:00	1.36436	1.36467	1.36415	1.36455	1536	0	13
2018.05.01	04:00:00	1.36455	1.36470	1.36426	1.36452	1644	0	13
2018.05.01	05:00:00	1.36452	1.36467	1.36411	1.36418	1091	0	14
2018.05.01	06:00:00	1.36418	1.36434	1.36404	1.36426	702	0	12
2018.05.01	07:00:00	1.36426	1.36435	1.36394	1.36422	1230	0	14
2018.05.01	08:00:00	1.36422	1.36455	1.36350	1.36351	2100	0	11
2018.05.01	09:00:00	1.36351	1.36394	1.36290	1.36385	2689	0	5
2018.05.01	10:00:00	1.36385	1.36498	1.36337	1.36368	3873	0	5
2018.05.01	11:00:00	1.36368	1.36478	1.35937	1.35983	7867	0	1
2018.05.01	12:00:00	1.35983	1.36074	1.35760	1.36052	9511	0	1
2018.05.01	13:00:00	1.36052	1.36083	1.35856	1.36025	5958	0	2
2018.05.01	14:00:00	1.36025	1.36032	1.35827	1.35907	3369	0	1
2018.05.01	15:00:00	1.35907	1.35911	1.35708	1.35759	5291	0	1
2018.05.01	16:00:00	1.35759	1.35806	1.35568	1.35582	5551	0	1
2018.05.01	17:00:00	1.35582	1.35785	1.35334	1.35386	12799	0	1
2018.05.01	18:00:00	1.35386	1.35532	1.35340	1.35470	6978	0	1
2018.05.01	19:00:00	1.35470	1.35599	1.35454	1.35523	7093	0	1
2018.05.01	20:00:00	1.35523	1.35627	1.35418	1.35611	2923	0	3
2018.05.01	21:00:00	1.35611	1.35714	1.35573	1.35688	2969	0	4
2018.05.01	22:00:00	1.35688	1.35704	1.35616	1.35638	2156	0	9
2018.05.01	23:00:00	1.35640	1.35722	1.35606	1.35628	1297	0	11
2018.05.02	00:00:00	1.35604	1.36079	1.35201	1.35638	115229	0	53
2018.05.02	01:00:00	1.35638	1.35670	1.35619	1.35644	664	0	19
2018.05.02	02:00:00	1.35644	1.35652	1.35592	1.35625	459	0	11
2018.05.02	03:00:00	1.35625	1.35639	1.35572	1.35601	2208	0	11
2018.05.02	04:00:00	1.35601	1.35635	1.35550	1.35566	2585	0	11
2018.05.02	05:00:00	1.35565	1.35589	1.35530	1.35546	1709	0	6
2018.05.02	06:00:00	1.35546	1.35576	1.35530	1.35566	1177	0	12
2018.05.02	07:00:00	1.35566	1.35583	1.35552	1.35575	824	0	15
2018.05.02	08:00:00	1.35575	1.35589	1.35435	1.35443	2105	0	1
2018.05.02	09:00:00	1.35443	1.35628	1.35279	1.35429	8521	0	2
2018.05.02	10:00:00	1.35429	1.35594	1.35412	1.35470	8162	0	1
2018.05.02	11:00:00	1.35471	1.35811	1.35471	1.35780	8801	0	1
2018.05.02	12:00:00	1.35780	1.35933	1.35711	1.35902	6108	0	2
2018.05.02	13:00:00	1.35903	1.36067	1.35852	1.35948	6114	0	5
2018.05.02	14:00:00	1.35945	1.35983	1.35735	1.35867	6403	0	1
2018.05.02	15:00:00	1.35867	1.35993	1.35746	1.35974	11141	0	1
2018.05.02	16:00:00	1.35974	1.36086	1.35757	1.35759	9880	0	1
2018.05.02	17:00:00	1.35759	1.35902	1.35745	1.35770	10958	0	1
2018.05.02	18:00:00	1.35769	1.35781	1.35619	1.35749	9374	0	2
2018.05.02	19:00:00	1.35750	1.35845	1.35693	1.35739	5920	0	2
2018.05.02	20:00:00	1.35739	1.35764	1.35651	1.35723	3562	0	9
2018.05.02	21:00:00	1.35731	1.35784	1.35545	1.35622	8955	0	3
2018.05.02	22:00:00	1.35622	1.35793	1.35486	1.35633	6984	0	1
2018.05.02	23:00:00	1.35633	1.35668	1.35472	1.35472	2370	0	1
2018.05.03	00:00:00	1.35436	1.35779	1.34808	1.35498	196829	0	42
2018.05.03	01:00:00	1.35498	1.35603	1.35498	1.35575	715	0	23
2018.05.03	02:00:00	1.35575	1.35634	1.35575	1.35611	534	0	15
2018.05.03	03:00:00	1.35611	1.35643	1.35578	1.35622	3125	0	3
2018.05.03	04:00:00	1.35622	1.35628	1.35563	1.35569	3416	0	13
2018.05.03	05:00:00	1.35569	1.35603	1.35541	1.35582	1592	0	14
2018.05.03	06:00:00	1.35580	1.35594	1.35546	1.35589	2004	0	11
2018.05.03	07:00:00	1.35589	1.35605	1.35533	1.35557	1346	0	13
2018.05.03	08:00:00	1.35556	1.35640	1.35552	1.35618	2108	0	9
2018.05.03	09:00:00	1.35616	1.35632	1.35484	1.35527	7086	0	1
2018.05.03	10:00:00	1.35527	1.35645	1.35462	1.35571	11058	0	2
2018.05.03	11:00:00	1.35571	1.35786	1.35390	1.35491	11165	0	1
2018.05.03	12:00:00	1.35489	1.35632	1.35417	1.35577	13460	0	1
2018.05.03	13:00:00	1.35577	1.35708	1.35564	1.35584	8099	0	1
2018.05.03	14:00:00	1.35584	1.35684	1.35549	1.35596	8191	0	1
2018.05.03	15:00:00	1.35596	1.35679	1.35522	1.35623	10720	0	1
2018.05.03	16:00:00	1.35623	1.35764	1.35572	1.35676	8477	0	2
2018.05.03	17:00:00	1.35676	1.35731	1.35250	1.35272	17058	0	1
2018.05.03	18:00:00	1.35272	1.35418	1.35270	1.35368	7928	0	6
2018.05.03	19:00:00	1.35368	1.35597	1.35281	1.35510	8739	0	1
2018.05.03	20:00:00	1.35510	1.35526	1.35390	1.35417	3546	0	7
2018.05.03	21:00:00	1.35417	1.35456	1.35313	1.35353	4217	0	4
2018.05.03	22:00:00	1.35353	1.35480	1.35344	1.35416	3225	0	10
2018.05.03	23:00:00	1.35416	1.35487	1.35327	1.35327	1527	0	12
2018.05.04	00:00:00	1.35279	1.35755	1.35120	1.35398	139848	0	55
2018.05.04	01:00:00	1.35401	1.35417	1.35343	1.35384	430	0	7
2018.05.04	02:00:00	1.35384	1.35397	1.35316	1.35345	556	0	10
2018.05.04	03:00:00	1.35345	1.35490	1.35337	1.35448	1177	0	3
2018.05.04	04:00:00	1.35448	1.35486	1.35429	1.35444	1895	0	16
2018.05.04	05:00:00	1.35444	1.35480	1.35396	1.35405	1108	0	12
2018.05.04	06:00:00	1.35405	1.35455	1.35404	1.35434	852	0	17
2018.05.04	07:00:00	1.35435	1.35477	1.35429	1.35463	721	0	15
2018.05.04	08:00:00	1.35463	1.35535	1.35460	1.35495	1276	0	6
2018.05.04	09:00:00	1.35495	1.35535	1.35368	1.35480	4770	0	1
2018.05.04	10:00:00	1.35482	1.35614	1.35389	1.35485	5674	0	1
2018.05.04	11:00:00	1.35485	1.35563	1.35282	1.35309	5947	0	1
2018.05.04	12:00:00	1.35309	1.35340	1.35193	1.35291	5775	0	5
2018.05.04	13:00:00	1.35291	1.35482	1.35269	1.35410	3651	0	4
2018.05.04	14:00:00	1.35410	1.35460	1.35279	1.35424	3750	0	1
2018.05.04	15:00:00	1.35424	1.35761	1.35282	1.35569	14502	0	1
2018.05.04	16:00:00	1.35569	1.35623	1.35128	1.35140	15413	0	1
2018.05.04	17:00:00	1.35140	1.35344	1.35140	1.35335	8099	0	5
2018.05.04	18:00:00	1.35335	1.35473	1.35300	1.35400	6881	0	1
2018.05.04	19:00:00	1.35398	1.35500	1.35360	1.35406	5953	0	1
2018.05.04	20:00:00	1.35406	1.35532	1.35399	1.35472	2722	0	6
2018.05.04	21:00:00	1.35472	1.35536	1.35442	1.35486	2153	0	8
2018.05.04	22:00:00	1.35486	1.35519	1.35424	1.35431	1404	0	11
2018.05.04	23:00:00	1.35431	1.35437	1.35213	1.35247	1353	0	15
2018.05.07	00:00:00	1.35296	1.36160	1.35264	1.35352	85239	0	72
2018.05.07	01:00:00	1.35367	1.35427	1.35325	1.35382	646	0	20
2018.05.07	02:00:00	1.35382	1.35420	1.35370	1.35391	607	0	17
2018.05.07	03:00:00	1.35391	1.35399	1.35325	1.35384	2489	0	11
2018.05.07	04:00:00	1.35384	1.35399	1.35332	1.35388	1915	0	11
2018.05.07	05:00:00	1.35388	1.35438	1.35385	1.35428	1289	0	11
2018.05.07	06:00:00	1.35428	1.35444	1.35378	1.35422	1699	0	11
2018.05.07	07:00:00	1.35422	1.35445	1.35399	1.35431	1467	0	13
2018.05.07	08:00:00	1.35431	1.35517	1.35415	1.35503	2357	0	11
2018.05.07	09:00:00	1.35502	1.35599	1.35460	1.35594	5486	0	1
2018.05.07	10:00:00	1.35594	1.35833	1.35548	1.35796	7900	0	5
2018.05.07	11:00:00	1.35793	1.35858	1.35729	1.35824	6075	0	9
2018.05.07	12:00:00	1.35824	1.35923	1.35778	1.35794	5376	0	8
2018.05.07	13:00:00	1.35794	1.35972	1.35762	1.35919	4925	0	8
2018.05.07	14:00:00	1.35919	1.36042	1.35896	1.35932	5053	0	4
2018.05.07	15:00:00	1.35932	1.36071	1.35894	1.36059	5710	0	3
2018.05.07	16:00:00	1.36058	1.36062	1.35939	1.35955	5702	0	3
2018.05.07	17:00:00	1.35954	1.36144	1.35940	1.36129	7579	0	2
2018.05.07	18:00:00	1.36129	1.36165	1.35951	1.35972	5130	0	2
2018.05.07	19:00:00	1.35972	1.36001	1.35906	1.35931	4191	0	6
2018.05.07	20:00:00	1.35931	1.35985	1.35916	1.35978	2340	0	8
2018.05.07	21:00:00	1.35978	1.36011	1.35962	1.35990	1842	0	4
2018.05.07	22:00:00	1.35990	1.35990	1.35911	1.35961	3139	0	7
2018.05.07	23:00:00	1.35961	1.35994	1.35878	1.35910	1214	0	7
2018.05.08	00:00:00	1.35910	1.36175	1.35210	1.35959	168025	0	25
2018.05.08	01:00:00	1.35959	1.35989	1.35931	1.35966	631	0	15
2018.05.08	02:00:00	1.35966	1.35992	1.35919	1.35945	742	0	12
2018.05.08	03:00:00	1.35945	1.36038	1.35942	1.36013	1920	0	11
2018.05.08	04:00:00	1.36013	1.36078	1.35980	1.36007	2361	0	13
2018.05.08	05:00:00	1.36007	1.36024	1.35971	1.35984	2092	0	13
2018.05.08	06:00:00	1.35984	1.36008	1.35942	1.35985	1908	0	14
2018.05.08	07:00:00	1.35985	1.35994	1.35923	1.35939	1259	0	2
2018.05.08	08:00:00	1.35939	1.36009	1.35932	1.36007	978	0	12
2018.05.08	09:00:00	1.36007	1.36183	1.35986	1.36166	6926	0	1
2018.05.08	10:00:00	1.36166	1.36170	1.35600	1.35624	9501	0	3
2018.05.08	11:00:00	1.35624	1.35682	1.35525	1.35608	7682	0	2
2018.05.08	12:00:00	1.35609	1.35650	1.35416	1.35503	5792	0	5
2018.05.08	13:00:00	1.35503	1.35637	1.35413	1.35450	4400	0	1
2018.05.08	14:00:00	1.35450	1.35512	1.35357	1.35450	4408	0	5
2018.05.08	15:00:00	1.35450	1.35458	1.35286	1.35329	5580	0	3
2018.05.08	16:00:00	1.35329	1.35556	1.35268	1.35497	5835	0	6
2018.05.08	17:00:00	1.35497	1.35535	1.35233	1.35410	7309	0	1
2018.05.08	18:00:00	1.35410	1.35499	1.35215	1.35415	11315	0	1
2018.05.08	19:00:00	1.35415	1.35763	1.35393	1.35671	11533	0	3
2018.05.08	20:00:00	1.35670	1.35756	1.35656	1.35658	2531	0	10
2018.05.08	21:00:00	1.35658	1.35778	1.35595	1.35655	7057	0	7
2018.05.08	22:00:00	1.35655	1.35763	1.35605	1.35761	1847	0	10
2018.05.08	23:00:00	1.35761	1.35777	1.35685	1.35685	1132	0	1
2018.05.09	00:00:00	1.35677	1.36414	1.35447	1.35673	171134	0	36
2018.05.09	01:00:00	1.35673	1.35742	1.35663	1.35707	541	0	21
2018.05.09	02:00:00	1.35707	1.35762	1.35699	1.35702	708	0	16
2018.05.09	03:00:00	1.35702	1.35868	1.35699	1.35842	2597	0	1
2018.05.09	04:00:00	1.35842	1.35928	1.35829	1.35840	4152	0	12
2018.05.09	05:00:00	1.35840	1.35853	1.35796	1.35806	2264	0	10
2018.05.09	06:00:00	1.35806	1.35820	1.35703	1.35727	2883	0	11
2018.05.09	07:00:00	1.35727	1.35765	1.35705	1.35749	1452	0	16
2018.05.09	08:00:00	1.35749	1.35799	1.35700	1.35700	2040	0	14
2018.05.09	09:00:00	1.35700	1.35775	1.35453	1.35492	6206	0	1
2018.05.09	10:00:00	1.35492	1.35853	1.35468	1.35847	8582	0	5
2018.05.09	11:00:00	1.35847	1.35955	1.35718	1.35840	8348	0	1
2018.05.09	12:00:00	1.35840	1.35891	1.35605	1.35613	7487	0	4
2018.05.09	13:00:00	1.35613	1.35855	1.35554	1.35822	7861	0	1
2018.05.09	14:00:00	1.35822	1.36153	1.35822	1.36098	9024	0	1
2018.05.09	15:00:00	1.36099	1.36169	1.35974	1.36149	14267	0	5
2018.05.09	16:00:00	1.36149	1.36297	1.36067	1.36267	9634	0	3
2018.05.09	17:00:00	1.36267	1.36340	1.36106	1.36328	8761	0	1
2018.05.09	18:00:00	1.36327	1.36421	1.36185	1.36243	6380	0	4
2018.05.09	19:00:00	1.36245	1.36318	1.36124	1.36193	6272	0	1
2018.05.09	20:00:00	1.36192	1.36231	1.36145	1.36155	2861	0	4
2018.05.09	21:00:00	1.36155	1.36249	1.36147	1.36214	1942	0	3
2018.05.09	22:00:00	1.36213	1.36249	1.36158	1.36238	1642	0	1
2018.05.09	23:00:00	1.36237	1.36240	1.36102	1.36102	904	0	8
2018.05.10	00:00:00	1.36094	1.36481	1.35106	1.36118	133417	0	43
2018.05.10	01:00:00	1.36116	1.36205	1.36091	1.36172	501	0	19
2018.05.10	02:00:00	1.36172	1.36215	1.36159	1.36174	603	0	14
2018.05.10	03:00:00	1.36174	1.36224	1.36157	1.36161	1733	0	14
2018.05.10	04:00:00	1.36161	1.36190	1.36081	1.36153	2451	0	9
2018.05.10	05:00:00	1.36152	1.36220	1.36143	1.36167	1937	0	9
2018.05.10	06:00:00	1.36169	1.36268	1.36164	1.36236	1864	0	1
2018.05.10	07:00:00	1.36236	1.36279	1.36200	1.36230	1353	0	13
2018.05.10	08:00:00	1.36230	1.36236	1.36129	1.36163	1756	0	11
2018.05.10	09:00:00	1.36163	1.36320	1.36161	1.36194	5183	0	6
2018.05.10	10:00:00	1.36194	1.36246	1.35959	1.36021	10347	0	1
2018.05.10	11:00:00	1.36021	1.36208	1.35841	1.36156	8287	0	1
2018.05.10	12:00:00	1.36156	1.36311	1.36080	1.36271	6969	0	1
2018.05.10	13:00:00	1.36267	1.36483	1.36148	1.36179	5663	0	1
2018.05.10	14:00:00	1.36179	1.36222	1.35252	1.35609	17076	0	1
2018.05.10	15:00:00	1.35609	1.35656	1.35249	1.35327	16651	0	1
2018.05.10	16:00:00	1.35327	1.35527	1.35215	1.35258	14702	0	2
2018.05.10	17:00:00	1.35258	1.35280	1.35107	1.35206	13056	0	1
2018.05.10	18:00:00	1.35208	1.35636	1.35148	1.35344	9311	0	1
2018.05.10	19:00:00	1.35346	1.35461	1.35330	1.35387	5841	0	1
2018.05.10	20:00:00	1.35386	1.35570	1.35295	1.35513	3421	0	9
2018.05.10	21:00:00	1.35513	1.35581	1.35459	1.35501	2445	0	1
2018.05.10	22:00:00	1.35501	1.35525	1.35459	1.35516	2459	0	8
2018.05.10	23:00:00	1.35516	1.35571	1.35490	1.35546	1466	0	10
2018.05.11	00:00:00	1.35533	1.35763	1.35335	1.35522	100151	0	86
2018.05.11	01:00:00	1.35522	1.35599	1.35516	1.35549	785	0	27
2018.05.11	02:00:00	1.35549	1.35680	1.35538	1.35622	920	0	14
2018.05.11	03:00:00	1.35622	1.35696	1.35574	1.35617	2331	0	6
2018.05.11	04:00:00	1.35617	1.35712	1.35616	1.35656	1916	0	11
2018.05.11	05:00:00	1.35656	1.35704	1.35632	1.35679	1561	0	11
2018.05.11	06:00:00	1.35679	1.35713	1.35677	1.35693	1226	0	10
2018.05.11	07:00:00	1.35693	1.35705	1.35674	1.35693	927	0	13
2018.05.11	08:00:00	1.35693	1.35706	1.35547	1.35576	1439	0	10
2018.05.11	09:00:00	1.35577	1.35651	1.35506	1.35616	5039	0	6
2018.05.11	10:00:00	1.35615	1.35764	1.35548	1.35687	8029	0	5
2018.05.11	11:00:00	1.35688	1.35767	1.35467	1.35525	7390	0	2
2018.05.11	12:00:00	1.35525	1.35639	1.35452	1.35549	6188	0	5
2018.05.11	13:00:00	1.35549	1.35720	1.35489	1.35649	5927	0	1
2018.05.11	14:00:00	1.35650	1.35706	1.35566	1.35648	4130	0	4
2018.05.11	15:00:00	1.35647	1.35657	1.35537	1.35613	8290	0	1
2018.05.11	16:00:00	1.35613	1.35658	1.35385	1.35410	7768	0	4
2018.05.11	17:00:00	1.35410	1.35547	1.35363	1.35498	11178	0	1
2018.05.11	18:00:00	1.35498	1.35553	1.35338	1.35548	6938	0	1
2018.05.11	19:00:00	1.35548	1.35583	1.35345	1.35490	5553	0	1
2018.05.11	20:00:00	1.35491	1.35527	1.35448	1.35505	2185	0	8
2018.05.11	21:00:00	1.35501	1.35593	1.35484	1.35574	1947	0	8
2018.05.11	22:00:00	1.35574	1.35583	1.35523	1.35529	1577	0	10
2018.05.11	23:00:00	1.35527	1.35548	1.35428	1.35445	1334	0	18
2018.05.14	00:00:00	1.35254	1.35847	1.35210	1.35324	89137	0	120
2018.05.14	01:00:00	1.35329	1.35542	1.35329	1.35505	1374	0	22
2018.05.14	02:00:00	1.35505	1.35517	1.35465	1.35489	874	0	17
2018.05.14	03:00:00	1.35489	1.35528	1.35443	1.35504	1879	0	4
2018.05.14	04:00:00	1.35504	1.35589	1.35496	1.35562	1275	0	14
2018.05.14	05:00:00	1.35562	1.35578	1.35540	1.35546	1241	0	12
2018.05.14	06:00:00	1.35546	1.35596	1.35538	1.35553	981	0	13
2018.05.14	07:00:00	1.35553	1.35598	1.35553	1.35587	849	0	15
2018.05.14	08:00:00	1.35587	1.35617	1.35533	1.35554	1611	0	12
2018.05.14	09:00:00	1.35554	1.35608	1.35457	1.35493	4388	0	2
2018.05.14	10:00:00	1.35493	1.35674	1.35401	1.35594	7431	0	1
2018.05.14	11:00:00	1.35594	1.35848	1.35594	1.35730	4291	0	5
2018.05.14	12:00:00	1.35730	1.35835	1.35687	1.35785	5065	0	2
2018.05.14	13:00:00	1.35785	1.35830	1.35621	1.35664	3455	0	4
2018.05.14	14:00:00	1.35665	1.35736	1.35607	1.35617	3803	0	5
2018.05.14	15:00:00	1.35617	1.35661	1.35383	1.35399	4766	0	6
2018.05.14	16:00:00	1.35399	1.35552	1.35363	1.35489	4966	0	1
2018.05.14	17:00:00	1.35489	1.35740	1.35467	1.35670	6799	0	1
2018.05.14	18:00:00	1.35670	1.35689	1.35564	1.35614	4435	0	5
2018.05.14	19:00:00	1.35614	1.35627	1.35542	1.35563	3464	0	7
2018.05.14	20:00:00	1.35563	1.35599	1.35487	1.35589	2238	0	1
2018.05.14	21:00:00	1.35589	1.35689	1.35572	1.35672	2525	0	7
2018.05.14	22:00:00	1.35673	1.35694	1.35610	1.35623	1281	0	7
2018.05.14	23:00:00	1.35623	1.35647	1.35575	1.35606	1064	0	9
2018.05.15	00:00:00	1.35574	1.35731	1.34961	1.35598	114899	0	25
2018.05.15	01:00:00	1.35598	1.35673	1.35580	1.35628	994	0	25
2018.05.15	02:00:00	1.35628	1.35693	1.35625	1.35642	362	0	5
2018.05.15	03:00:00	1.35642	1.35695	1.35638	1.35665	1399	0	13
2018.05.15	04:00:00	1.35665	1.35734	1.35658	1.35714	1065	0	12
2018.05.15	05:00:00	1.35715	1.35728	1.35670	1.35680	843	0	10
2018.05.15	06:00:00	1.35680	1.35702	1.35668	1.35695	501	0	13
2018.05.15	07:00:00	1.35695	1.35699	1.35642	1.35661	1439	0	9
2018.05.15	08:00:00	1.35661	1.35706	1.35590	1.35594	1399	0	8
2018.05.15	09:00:00	1.35594	1.35660	1.35528	1.35626	3495	0	3
2018.05.15	10:00:00	1.35628	1.35660	1.35307	1.35310	4988	0	4
2018.05.15	11:00:00	1.35310	1.35641	1.35260	1.35433	5128	0	1
2018.05.15	12:00:00	1.35434	1.35597	1.35399	1.35485	4329	0	2
2018.05.15	13:00:00	1.35485	1.35615	1.35447	1.35460	3080	0	6
2018.05.15	14:00:00	1.35460	1.35540	1.35394	1.35500	7483	0	1
2018.05.15	15:00:00	1.35500	1.35568	1.35211	1.35242	10713	0	1
2018.05.15	16:00:00	1.35242	1.35253	1.35004	1.35100	9511	0	1
2018.05.15	17:00:00	1.35101	1.35286	1.35077	1.35171	9840	0	1
2018.05.15	18:00:00	1.35171	1.35244	1.35022	1.35081	8027	0	1
2018.05.15	19:00:00	1.35085	1.35250	1.34965	1.35236	5997	0	2
2018.05.15	20:00:00	1.35233	1.35367	1.35196	1.35316	3212	0	5
2018.05.15	21:00:00	1.35316	1.35379	1.35287	1.35364	4210	0	7
2018.05.15	22:00:00	1.35364	1.35381	1.35307	1.35365	2911	0	10
2018.05.15	23:00:00	1.35365	1.35373	1.35177	1.35185	1679	0	10
2018.05.16	00:00:00	1.35107	1.35301	1.34614	1.35193	129471	0	1
2018.05.16	01:00:00	1.35193	1.35242	1.35046	1.35118	2692	0	26
2018.05.16	02:00:00	1.35115	1.35182	1.35101	1.35178	1024	0	14
2018.05.16	03:00:00	1.35178	1.35204	1.35127	1.35146	3222	0	8
2018.05.16	04:00:00	1.35147	1.35162	1.35007	1.35031	2859	0	11
2018.05.16	05:00:00	1.35031	1.35039	1.34960	1.35017	1517	0	12
2018.05.16	06:00:00	1.35017	1.35038	1.34993	1.35022	1311	0	14
2018.05.16	07:00:00	1.35022	1.35113	1.34996	1.35080	1051	0	12
2018.05.16	08:00:00	1.35080	1.35129	1.35062	1.35076	1512	0	11
2018.05.16	09:00:00	1.35076	1.35133	1.34918	1.34925	5893	0	2
2018.05.16	10:00:00	1.34925	1.34971	1.34748	1.34914	8210	0	1
2018.05.16	11:00:00	1.34914	1.34997	1.34727	1.34738	6011	0	3
2018.05.16	12:00:00	1.34735	1.34863	1.34700	1.34825	7356	0	3
2018.05.16	13:00:00	1.34825	1.34956	1.34736	1.34913	6768	0	3
2018.05.16	14:00:00	1.34913	1.35095	1.34837	1.34930	6460	0	3
2018.05.16	15:00:00	1.34930	1.34958	1.34618	1.34701	6246	0	1
2018.05.16	16:00:00	1.34701	1.34977	1.34646	1.34833	8104	0	1
2018.05.16	17:00:00	1.34833	1.34965	1.34808	1.34912	7393	0	6
2018.05.16	18:00:00	1.34910	1.35073	1.34817	1.34833	5729	0	1
2018.05.16	19:00:00	1.34833	1.35007	1.34810	1.34948	6973	0	1
2018.05.16	20:00:00	1.34948	1.35032	1.34900	1.35010	1771	0	12
2018.05.16	21:00:00	1.35010	1.35027	1.34947	1.35000	1283	0	13
2018.05.16	22:00:00	1.35001	1.35106	1.34965	1.35097	810	0	10
2018.05.16	23:00:00	1.35097	1.35136	1.34994	1.34994	988	0	10
2018.05.17	00:00:00	1.34932	1.35695	1.34884	1.35209	189853	0	39
2018.05.17	01:00:00	1.35206	1.35351	1.35115	1.35313	1980	0	38
2018.05.17	02:00:00	1.35313	1.35560	1.35313	1.35547	1450	0	16
2018.05.17	03:00:00	1.35547	1.35605	1.35516	1.35531	1851	0	10
2018.05.17	04:00:00	1.35531	1.35592	1.35511	1.35562	1597	0	13
2018.05.17	05:00:00	1.35562	1.35597	1.35449	1.35498	2339	0	11
2018.05.17	06:00:00	1.35498	1.35529	1.35465	1.35485	912	0	8
2018.05.17	07:00:00	1.35485	1.35501	1.35414	1.35438	1051	0	9
2018.05.17	08:00:00	1.35438	1.35544	1.35411	1.35505	3008	0	13
2018.05.17	09:00:00	1.35503	1.35698	1.35305	1.35345	9528	0	1
2018.05.17	10:00:00	1.35343	1.35463	1.35116	1.35303	9463	0	1
2018.05.17	11:00:00	1.35303	1.35512	1.35219	1.35500	4246	0	3
2018.05.17	12:00:00	1.35500	1.35511	1.35255	1.35274	5089	0	2
2018.05.17	13:00:00	1.35274	1.35309	1.35008	1.35205	5880	0	4
2018.05.17	14:00:00	1.35205	1.35300	1.35141	1.35240	5239	0	6
2018.05.17	15:00:00	1.35240	1.35481	1.35198	1.35455	7716	0	5
2018.05.17	16:00:00	1.35454	1.35474	1.35154	1.35284	8930	0	5
2018.05.17	17:00:00	1.35284	1.35473	1.35234	1.35306	9170	0	1
2018.05.17	18:00:00	1.35304	1.35419	1.35231	1.35239	6808	0	4
2018.05.17	19:00:00	1.35239	1.35348	1.35234	1.35263	5280	0	1
2018.05.17	20:00:00	1.35263	1.35363	1.35250	1.35323	1333	0	13
2018.05.17	21:00:00	1.35323	1.35330	1.35119	1.35237	1001	0	1
2018.05.17	22:00:00	1.35242	1.35301	1.35233	1.35285	717	0	12
2018.05.17	23:00:00	1.35285	1.35393	1.35277	1.35300	1374	0	18
2018.05.18	00:00:00	1.35300	1.35384	1.34187	1.35336	153984	0	65
2018.05.18	01:00:00	1.35336	1.35386	1.35320	1.35340	3484	0	31
2018.05.18	02:00:00	1.35337	1.35367	1.35326	1.35339	473	0	15
2018.05.18	03:00:00	1.35338	1.35366	1.35255	1.35255	1652	0	10
2018.05.18	04:00:00	1.35255	1.35267	1.35190	1.35193	1468	0	13
2018.05.18	05:00:00	1.35197	1.35268	1.35197	1.35237	1267	0	7
2018.05.18	06:00:00	1.35237	1.35238	1.35184	1.35210	1570	0	8
2018.05.18	07:00:00	1.35210	1.35239	1.35192	1.35197	878	0	14
2018.05.18	08:00:00	1.35197	1.35230	1.35176	1.35188	1364	0	6
2018.05.18	09:00:00	1.35187	1.35245	1.35080	1.35097	3518	0	6
2018.05.18	10:00:00	1.35095	1.35195	1.34981	1.35052	5116	0	2
2018.05.18	11:00:00	1.35052	1.35060	1.34830	1.34877	4672	0	4
2018.05.18	12:00:00	1.34877	1.34971	1.34735	1.34841	5835	0	3
2018.05.18	13:00:00	1.34841	1.34978	1.34758	1.34858	4608	0	1
2018.05.18	14:00:00	1.34858	1.34936	1.34826	1.34862	4364	0	1
2018.05.18	15:00:00	1.34862	1.34872	1.34670	1.34788	8015	0	5
2018.05.18	16:00:00	1.34786	1.34798	1.34579	1.34613	9811	0	6
2018.05.18	17:00:00	1.34613	1.34659	1.34293	1.34556	10290	0	2
2018.05.18	18:00:00	1.34556	1.34595	1.34268	1.34350	5710	0	1
2018.05.18	19:00:00	1.34350	1.34407	1.34190	1.34359	3941	0	1
2018.05.18	20:00:00	1.34357	1.34497	1.34328	1.34497	1566	0	5
2018.05.18	21:00:00	1.34497	1.34537	1.34404	1.34509	1256	0	7
2018.05.18	22:00:00	1.34507	1.34522	1.34462	1.34485	806	0	10
2018.05.18	23:00:00	1.34485	1.34501	1.34354	1.34354	1183	0	16
2018.05.21	00:00:00	1.33990	1.34543	1.33768	1.34374	99139	0	24
2018.05.21	01:00:00	1.34375	1.34503	1.34370	1.34448	1076	0	34
2018.05.21	02:00:00	1.34448	1.34523	1.34447	1.34489	700	0	15
2018.05.21	03:00:00	1.34489	1.34525	1.34420	1.34518	3426	0	10
2018.05.21	04:00:00	1.34518	1.34549	1.34350	1.34354	2800	0	12
2018.05.21	05:00:00	1.34354	1.34423	1.34222	1.34269	2602	0	2
2018.05.21	06:00:00	1.34268	1.34305	1.34225	1.34246	1722	0	10
2018.05.21	07:00:00	1.34246	1.34263	1.34160	1.34219	1727	0	11
2018.05.21	08:00:00	1.34219	1.34291	1.34215	1.34244	1981	0	7
2018.05.21	09:00:00	1.34241	1.34248	1.34053	1.34088	4740	0	1
2018.05.21	10:00:00	1.34088	1.34171	1.33957	1.33985	6461	0	8
2018.05.21	11:00:00	1.33985	1.34029	1.33835	1.33919	8667	0	7
2018.05.21	12:00:00	1.33919	1.34064	1.33866	1.34045	7056	0	1
2018.05.21	13:00:00	1.34045	1.34085	1.33938	1.33986	6802	0	3
2018.05.21	14:00:00	1.33986	1.34222	1.33940	1.34169	5824	0	2
2018.05.21	15:00:00	1.34169	1.34233	1.34032	1.34114	6982	0	2
2018.05.21	16:00:00	1.34116	1.34139	1.33984	1.34006	7483	0	1
2018.05.21	17:00:00	1.34006	1.34067	1.33809	1.33834	7897	0	1
2018.05.21	18:00:00	1.33832	1.33967	1.33807	1.33877	4667	0	4
2018.05.21	19:00:00	1.33877	1.33893	1.33769	1.33804	4447	0	2
2018.05.21	20:00:00	1.33804	1.33920	1.33774	1.33897	1566	0	9
2018.05.21	21:00:00	1.33897	1.33897	1.33812	1.33837	1402	0	9
2018.05.21	22:00:00	1.33836	1.33902	1.33817	1.33882	1418	0	8
2018.05.21	23:00:00	1.33881	1.33934	1.33803	1.33816	1123	0	9
2018.05.22	00:00:00	1.33781	1.34328	1.33113	1.33873	116699	0	32
2018.05.22	01:00:00	1.33873	1.33917	1.33841	1.33851	978	0	25
2018.05.22	02:00:00	1.33851	1.33901	1.33837	1.33878	562	0	15
2018.05.22	03:00:00	1.33878	1.33899	1.33855	1.33867	1725	0	10
2018.05.22	04:00:00	1.33867	1.33876	1.33736	1.33737	2107	0	10
2018.05.22	05:00:00	1.33737	1.33777	1.33715	1.33771	1209	0	12
2018.05.22	06:00:00	1.33771	1.33787	1.33704	1.33735	1016	0	6
2018.05.22	07:00:00	1.33733	1.33750	1.33667	1.33713	695	0	10
2018.05.22	08:00:00	1.33713	1.33817	1.33712	1.33813	968	0	9
2018.05.22	09:00:00	1.33813	1.34013	1.33798	1.33998	4104	0	7
2018.05.22	10:00:00	1.33998	1.34117	1.33787	1.33787	11097	0	5
2018.05.22	11:00:00	1.33789	1.34331	1.33789	1.34149	8283	0	3
2018.05.22	12:00:00	1.34149	1.34206	1.33999	1.34110	5640	0	3
2018.05.22	13:00:00	1.34110	1.34177	1.33951	1.34011	5205	0	4
2018.05.22	14:00:00	1.34013	1.34017	1.33877	1.33894	5452	0	1
2018.05.22	15:00:00	1.33894	1.33933	1.33652	1.33718	8135	0	4
2018.05.22	16:00:00	1.33718	1.33784	1.33666	1.33713	6298	0	5
2018.05.22	17:00:00	1.33713	1.33713	1.33114	1.33272	9352	0	2
2018.05.22	18:00:00	1.33274	1.33443	1.33207	1.33432	6831	0	5
2018.05.22	19:00:00	1.33432	1.33467	1.33338	1.33449	2478	0	3
2018.05.22	20:00:00	1.33449	1.33496	1.33357	1.33363	1618	0	4
2018.05.22	21:00:00	1.33363	1.33441	1.33336	1.33339	1223	0	11
2018.05.22	22:00:00	1.33339	1.33355	1.33279	1.33333	871	0	11
2018.05.22	23:00:00	1.33333	1.33361	1.33268	1.33268	884	0	13
2018.05.23	00:00:00	1.33276	1.33386	1.31779	1.33321	136402	0	35
2018.05.23	01:00:00	1.33325	1.33330	1.33253	1.33275	849	0	31
2018.05.23	02:00:00	1.33268	1.33323	1.33268	1.33323	871	0	15
2018.05.23	03:00:00	1.33323	1.33362	1.33271	1.33319	2869	0	11
2018.05.23	04:00:00	1.33319	1.33352	1.33176	1.33259	5470	0	11
2018.05.23	05:00:00	1.33259	1.33291	1.33189	1.33200	2901	0	13
2018.05.23	06:00:00	1.33201	1.33202	1.33098	1.33146	2396	0	11
2018.05.23	07:00:00	1.33146	1.33197	1.33088	1.33161	1442	0	12
2018.05.23	08:00:00	1.33162	1.33183	1.33055	1.33075	1962	0	7
2018.05.23	09:00:00	1.33077	1.33091	1.32729	1.32747	5673	0	1
2018.05.23	10:00:00	1.32752	1.32843	1.32359	1.32796	13386	0	1
2018.05.23	11:00:00	1.32796	1.32846	1.32280	1.32499	12115	0	1
2018.05.23	12:00:00	1.32499	1.32509	1.32198	1.32234	8595	0	3
2018.05.23	13:00:00	1.32234	1.32370	1.32177	1.32258	6918	0	5
2018.05.23	14:00:00	1.32258	1.32347	1.31804	1.31868	7275	0	2
2018.05.23	15:00:00	1.31867	1.32213	1.31784	1.32094	8430	0	1
2018.05.23	16:00:00	1.32092	1.32577	1.32052	1.32529	10428	0	1
2018.05.23	17:00:00	1.32529	1.32768	1.32481	1.32591	8740	0	2
2018.05.23	18:00:00	1.32591	1.32881	1.32581	1.32757	6385	0	5
2018.05.23	19:00:00	1.32757	1.32999	1.32729	1.32850	6875	0	1
2018.05.23	20:00:00	1.32850	1.32973	1.32690	1.32944	1711	0	2
2018.05.23	21:00:00	1.32944	1.33015	1.32862	1.32939	4065	0	1
2018.05.23	22:00:00	1.32939	1.33056	1.32912	1.32929	1816	0	5
2018.05.23	23:00:00	1.32929	1.32954	1.32824	1.32824	1124	0	9
2018.05.24	00:00:00	1.32785	1.33162	1.32334	1.32802	135860	0	55
2018.05.24	01:00:00	1.32802	1.32840	1.32762	1.32783	1387	0	33
2018.05.24	02:00:00	1.32779	1.33012	1.32774	1.32927	3227	0	7
2018.05.24	03:00:00	1.32928	1.32954	1.32734	1.32817	5144	0	10
2018.05.24	04:00:00	1.32816	1.32846	1.32725	1.32802	4392	0	8
2018.05.24	05:00:00	1.32795	1.32840	1.32756	1.32776	3809	0	13
2018.05.24	06:00:00	1.32776	1.32833	1.32749	1.32829	2501	0	12
2018.05.24	07:00:00	1.32830	1.32862	1.32745	1.32758	2893	0	9
2018.05.24	08:00:00	1.32758	1.32805	1.32673	1.32785	3561	0	4
2018.05.24	09:00:00	1.32785	1.32907	1.32646	1.32816	8214	0	1
2018.05.24	10:00:00	1.32816	1.32864	1.32638	1.32670	8196	0	2
2018.05.24	11:00:00	1.32670	1.33164	1.32602	1.32974	11502	0	1
2018.05.24	12:00:00	1.32974	1.33037	1.32681	1.32696	6251	0	1
2018.05.24	13:00:00	1.32696	1.32911	1.32670	1.32829	4756	0	1
2018.05.24	14:00:00	1.32829	1.32876	1.32634	1.32756	7113	0	6
2018.05.24	15:00:00	1.32756	1.32801	1.32636	1.32655	7342	0	4
2018.05.24	16:00:00	1.32654	1.32659	1.32333	1.32478	8337	0	3
2018.05.24	17:00:00	1.32477	1.32672	1.32380	1.32586	11221	0	1
2018.05.24	18:00:00	1.32586	1.32716	1.32505	1.32715	6399	0	1
2018.05.24	19:00:00	1.32715	1.32781	1.32653	1.32744	3462	0	6
2018.05.24	20:00:00	1.32746	1.32807	1.32698	1.32750	1829	0	1
2018.05.24	21:00:00	1.32750	1.32766	1.32697	1.32697	1315	0	6
2018.05.24	22:00:00	1.32697	1.32791	1.32614	1.32656	1388	0	5
2018.05.24	23:00:00	1.32656	1.32723	1.32573	1.32575	1224	0	14
2018.05.25	00:00:00	1.32560	1.32772	1.31367	1.32552	167098	0	130
2018.05.25	01:00:00	1.32564	1.32646	1.32564	1.32618	1472	0	40
2018.05.25	02:00:00	1.32618	1.32684	1.32604	1.32643	903	0	7
2018.05.25	03:00:00	1.32643	1.32770	1.32593	1.32642	2697	0	1
2018.05.25	04:00:00	1.32642	1.32711	1.32602	1.32687	4734	0	13
2018.05.25	05:00:00	1.32687	1.32691	1.32603	1.32654	2344	0	16
2018.05.25	06:00:00	1.32654	1.32691	1.32647	1.32662	1663	0	13
2018.05.25	07:00:00	1.32662	1.32675	1.32626	1.32633	1576	0	15
2018.05.25	08:00:00	1.32634	1.32651	1.32605	1.32645	853	0	13
2018.05.25	09:00:00	1.32647	1.32647	1.32412	1.32494	4544	0	2
2018.05.25	10:00:00	1.32494	1.32514	1.32276	1.32367	6980	0	1
2018.05.25	11:00:00	1.32366	1.32744	1.32314	1.32744	12153	0	1
2018.05.25	12:00:00	1.32743	1.32774	1.32491	1.32603	6754	0	1
2018.05.25	13:00:00	1.32604	1.32680	1.32306	1.32357	6033	0	7
2018.05.25	14:00:00	1.32357	1.32434	1.32261	1.32338	10010	0	1
2018.05.25	15:00:00	1.32340	1.32575	1.32313	1.32499	8146	0	2
2018.05.25	16:00:00	1.32499	1.32526	1.31831	1.31888	10897	0	1
2018.05.25	17:00:00	1.31888	1.32149	1.31884	1.31989	8230	0	1
2018.05.25	18:00:00	1.31990	1.32129	1.31923	1.32016	5418	0	2
2018.05.25	19:00:00	1.32014	1.32063	1.31935	1.32057	3568	0	1
2018.05.25	20:00:00	1.32057	1.32079	1.32004	1.32071	1710	0	12
2018.05.25	21:00:00	1.32071	1.32148	1.32062	1.32110	1308	0	10
2018.05.25	22:00:00	1.32110	1.32110	1.31895	1.31934	1256	0	11
2018.05.25	23:00:00	1.31926	1.31941	1.31526	1.31591	867	0	32
2018.05.28	00:00:00	1.31844	1.32489	1.31833	1.32014	175918	0	89
2018.05.28	01:00:00	1.31995	1.32127	1.31940	1.32110	3996	0	36
2018.05.28	02:00:00	1.32110	1.32128	1.32028	1.32028	909	0	12
2018.05.28	03:00:00	1.32028	1.32180	1.32017	1.32061	3894	0	10
2018.05.28	04:00:00	1.32061	1.32087	1.31948	1.32058	3735	0	11
2018.05.28	05:00:00	1.32058	1.32117	1.32036	1.32111	1346	0	11
2018.05.28	06:00:00	1.32111	1.32213	1.32101	1.32207	1017	0	5
2018.05.28	07:00:00	1.32207	1.32272	1.32190	1.32249	942	0	12
2018.05.28	08:00:00	1.32248	1.32257	1.32182	1.32241	1701	0	12
2018.05.28	09:00:00	1.32239	1.32269	1.32114	1.32223	6505	0	10
2018.05.28	10:00:00	1.32223	1.32248	1.32097	1.32144	9421	0	8
2018.05.28	11:00:00	1.32144	1.32218	1.32123	1.32148	8176	0	9
2018.05.28	12:00:00	1.32150	1.32310	1.32118	1.32254	7136	0	9
2018.05.28	13:00:00	1.32254	1.32466	1.32177	1.32427	14116	0	11
2018.05.28	14:00:00	1.32426	1.32491	1.32312	1.32314	6319	0	8
2018.05.28	15:00:00	1.32314	1.32456	1.32273	1.32443	8500	0	2
2018.05.28	16:00:00	1.32443	1.32444	1.32273	1.32348	8721	0	10
2018.05.28	17:00:00	1.32348	1.32378	1.32110	1.32116	6026	0	2
2018.05.28	18:00:00	1.32115	1.32265	1.32113	1.32171	3912	0	14
2018.05.28	19:00:00	1.32171	1.32248	1.32164	1.32239	1981	0	18
2018.05.28	20:00:00	1.32236	1.32291	1.32202	1.32267	699	0	18
2018.05.28	21:00:00	1.32266	1.32279	1.32246	1.32262	516	0	27
2018.05.28	22:00:00	1.32262	1.32297	1.32204	1.32243	883	0	16
2018.05.28	23:00:00	1.32243	1.32280	1.32171	1.32171	2155	0	28
2018.05.29	00:00:00	1.32002	1.32331	1.30510	1.32229	306436	0	60
2018.05.29	01:00:00	1.32229	1.32256	1.32168	1.32250	1206	0	36
2018.05.29	02:00:00	1.32250	1.32255	1.32197	1.32248	383	0	14
2018.05.29	03:00:00	1.32248	1.32263	1.32166	1.32226	2434	0	4
2018.05.29	04:00:00	1.32226	1.32249	1.32100	1.32162	4253	0	10
2018.05.29	05:00:00	1.32162	1.32230	1.32143	1.32214	1538	0	11
2018.05.29	06:00:00	1.32214	1.32234	1.32176	1.32212	1580	0	7
2018.05.29	07:00:00	1.32212	1.32245	1.32183	1.32213	1066	0	14
2018.05.29	08:00:00	1.32213	1.32243	1.32186	1.32235	835	0	11
2018.05.29	09:00:00	1.32235	1.32249	1.31979	1.32045	6281	0	2
2018.05.29	10:00:00	1.32045	1.32055	1.31565	1.31600	9146	0	1
2018.05.29	11:00:00	1.31600	1.31602	1.31064	1.31426	12923	0	1
2018.05.29	12:00:00	1.31426	1.31961	1.31406	1.31905	14439	0	1
2018.05.29	13:00:00	1.31905	1.32086	1.31630	1.31999	11710	0	1
2018.05.29	14:00:00	1.31999	1.32168	1.31914	1.32104	11084	0	1
2018.05.29	15:00:00	1.32104	1.32334	1.32075	1.32291	8081	0	1
2018.05.29	16:00:00	1.32291	1.32298	1.31837	1.31843	7765	0	2
2018.05.29	17:00:00	1.31842	1.32272	1.31839	1.32036	9461	0	1
2018.05.29	18:00:00	1.32035	1.32059	1.31539	1.31576	11146	0	1
2018.05.29	19:00:00	1.31576	1.31626	1.31349	1.31382	6508	0	1
2018.05.29	20:00:00	1.31382	1.31401	1.31096	1.31096	3261	0	5
2018.05.29	21:00:00	1.31095	1.31098	1.30510	1.30888	4477	0	6
2018.05.29	22:00:00	1.30887	1.31389	1.30874	1.31297	4138	0	5
2018.05.29	23:00:00	1.31297	1.31409	1.31237	1.31260	2257	0	4
2018.05.30	00:00:00	1.31253	1.31834	1.31012	1.31322	212082	0	40
2018.05.30	01:00:00	1.31325	1.31377	1.31313	1.31357	1770	0	23
2018.05.30	02:00:00	1.31357	1.31383	1.31290	1.31309	1100	0	11
2018.05.30	03:00:00	1.31309	1.31428	1.31304	1.31379	3684	0	8
2018.05.30	04:00:00	1.31380	1.31545	1.31374	1.31457	2964	0	13
2018.05.30	05:00:00	1.31458	1.31505	1.31398	1.31474	2547	0	12
2018.05.30	06:00:00	1.31474	1.31649	1.31474	1.31624	2087	0	11
2018.05.30	07:00:00	1.31624	1.31641	1.31515	1.31540	1391	0	9
2018.05.30	08:00:00	1.31540	1.31707	1.31539	1.31639	2091	0	8
2018.05.30	09:00:00	1.31639	1.31832	1.31612	1.31802	7433	0	4
2018.05.30	10:00:00	1.31802	1.31837	1.31646	1.31730	10361	0	4
2018.05.30	11:00:00	1.31730	1.31766	1.31376	1.31402	11151	0	3
2018.05.30	12:00:00	1.31402	1.31480	1.31009	1.31246	10987	0	1
2018.05.30	13:00:00	1.31246	1.31570	1.31131	1.31523	9670	0	2
2018.05.30	14:00:00	1.31523	1.31724	1.31434	1.31566	6897	0	2
2018.05.30	15:00:00	1.31568	1.31673	1.31362	1.31414	10276	0	1
2018.05.30	16:00:00	1.31417	1.31490	1.31314	1.31350	8661	0	1
2018.05.30	17:00:00	1.31350	1.31539	1.31184	1.31402	9660	0	1
2018.05.30	18:00:00	1.31400	1.31777	1.31332	1.31519	12204	0	1
2018.05.30	19:00:00	1.31519	1.31584	1.31254	1.31360	4536	0	2
2018.05.30	20:00:00	1.31360	1.31521	1.31318	1.31478	2525	0	6
2018.05.30	21:00:00	1.31478	1.31497	1.31348	1.31356	2132	0	4
2018.05.30	22:00:00	1.31356	1.31443	1.31352	1.31420	1301	0	7
2018.05.30	23:00:00	1.31420	1.31421	1.31335	1.31339	1711	0	9
2018.05.31	00:00:00	1.31350	1.31764	1.30587	1.31377	207414	0	25
2018.05.31	01:00:00	1.31377	1.31419	1.31332	1.31365	1490	0	28
2018.05.31	02:00:00	1.31361	1.31365	1.31306	1.31324	1201	0	9
2018.05.31	03:00:00	1.31324	1.31399	1.31226	1.31397	4641	0	8
2018.05.31	04:00:00	1.31397	1.31427	1.31366	1.31395	2911	0	14
2018.05.31	05:00:00	1.31395	1.31479	1.31384	1.31412	1519	0	12
2018.05.31	06:00:00	1.31412	1.31553	1.31400	1.31496	1794	0	14
2018.05.31	07:00:00	1.31496	1.31514	1.31436	1.31443	888	0	13
2018.05.31	08:00:00	1.31443	1.31634	1.31438	1.31631	2312	0	8
2018.05.31	09:00:00	1.31631	1.31735	1.31478	1.31595	6005	0	1
2018.05.31	10:00:00	1.31595	1.31702	1.31461	1.31613	8830	0	1
2018.05.31	11:00:00	1.31613	1.31769	1.31540	1.31611	6456	0	3
2018.05.31	12:00:00	1.31613	1.31619	1.31128	1.31383	8160	0	1
2018.05.31	13:00:00	1.31383	1.31475	1.31261	1.31432	5384	0	4
2018.05.31	14:00:00	1.31432	1.31594	1.31372	1.31497	5745	0	3
2018.05.31	15:00:00	1.31497	1.31515	1.31289	1.31291	6934	0	1
2018.05.31	16:00:00	1.31287	1.31325	1.30962	1.30993	11691	0	1
2018.05.31	17:00:00	1.30993	1.31330	1.30792	1.30854	13663	0	1
2018.05.31	18:00:00	1.30854	1.30924	1.30579	1.30804	16109	0	1
2018.05.31	19:00:00	1.30804	1.30895	1.30668	1.30879	5336	0	3
2018.05.31	20:00:00	1.30879	1.31041	1.30773	1.30929	3359	0	1
2018.05.31	21:00:00	1.30929	1.30980	1.30830	1.30911	2688	0	5
2018.05.31	22:00:00	1.30911	1.31007	1.30881	1.30986	2599	0	11
2018.05.31	23:00:00	1.30986	1.31097	1.30980	1.31018	1536	0	11
2018.06.01	00:00:00	1.31039	1.32051	1.30845	1.30984	183657	0	11
2018.06.01	01:00:00	1.30984	1.31010	1.30868	1.30882	1754	0	21
2018.06.01	02:00:00	1.30882	1.30916	1.30852	1.30893	1646	0	18
2018.06.01	03:00:00	1.30894	1.30962	1.30876	1.30937	1927	0	10
2018.06.01	04:00:00	1.30937	1.30979	1.30868	1.30965	2760	0	10
2018.06.01	05:00:00	1.30965	1.31010	1.30866	1.30986	1894	0	13
2018.06.01	06:00:00	1.30986	1.31010	1.30932	1.31004	1456	0	8
2018.06.01	07:00:00	1.31004	1.31030	1.30964	1.30998	665	0	12
2018.06.01	08:00:00	1.30998	1.31104	1.30962	1.31102	1295	0	4
2018.06.01	09:00:00	1.31102	1.31342	1.31063	1.31320	5154	0	3
2018.06.01	10:00:00	1.31320	1.31375	1.31061	1.31184	7299	0	4
2018.06.01	11:00:00	1.31184	1.31243	1.31018	1.31140	5240	0	1
2018.06.01	12:00:00	1.31139	1.31180	1.30993	1.31017	5492	0	4
2018.06.01	13:00:00	1.31017	1.31395	1.31009	1.31295	5777	0	2
2018.06.01	14:00:00	1.31297	1.31680	1.31266	1.31579	8187	0	1
2018.06.01	15:00:00	1.31581	1.31863	1.31209	1.31833	14355	0	1
2018.06.01	16:00:00	1.31833	1.32045	1.31796	1.31947	10152	0	1
2018.06.01	17:00:00	1.31953	1.32039	1.31612	1.31664	16173	0	1
2018.06.01	18:00:00	1.31664	1.31965	1.31664	1.31787	7740	0	1
2018.06.01	19:00:00	1.31787	1.31937	1.31770	1.31858	2516	0	1
2018.06.01	20:00:00	1.31857	1.31961	1.31847	1.31938	1454	0	8
2018.06.01	21:00:00	1.31938	1.31980	1.31903	1.31943	1282	0	8
2018.06.01	22:00:00	1.31943	1.31988	1.31890	1.31952	1044	0	4
2018.06.01	23:00:00	1.31952	1.31976	1.31816	1.31845	1024	0	17
2018.06.04	00:00:00	1.31689	1.32255	1.31439	1.31855	157732	0	150
2018.06.04	01:00:00	1.31905	1.31974	1.31808	1.31969	772	0	33
2018.06.04	02:00:00	1.31968	1.32033	1.31952	1.32018	1524	0	10
2018.06.04	03:00:00	1.32018	1.32260	1.32004	1.32215	3773	0	5
2018.06.04	04:00:00	1.32215	1.32233	1.32125	1.32188	2829	0	9
2018.06.04	05:00:00	1.32189	1.32202	1.32122	1.32141	2847	0	13
2018.06.04	06:00:00	1.32140	1.32161	1.32041	1.32049	1636	0	8
2018.06.04	07:00:00	1.32049	1.32095	1.32011	1.32086	1052	0	12
2018.06.04	08:00:00	1.32086	1.32090	1.32005	1.32016	1694	0	12
2018.06.04	09:00:00	1.32016	1.32110	1.31963	1.31963	4856	0	6
2018.06.04	10:00:00	1.31963	1.32005	1.31810	1.31877	7578	0	2
2018.06.04	11:00:00	1.31877	1.31877	1.31635	1.31660	7037	0	1
2018.06.04	12:00:00	1.31660	1.31926	1.31602	1.31788	6706	0	3
2018.06.04	13:00:00	1.31788	1.31828	1.31587	1.31806	4901	0	1
2018.06.04	14:00:00	1.31806	1.31806	1.31619	1.31630	3221	0	1
2018.06.04	15:00:00	1.31630	1.31784	1.31606	1.31779	4854	0	5
2018.06.04	16:00:00	1.31779	1.31786	1.31588	1.31652	5299	0	6
2018.06.04	17:00:00	1.31652	1.31816	1.31579	1.31669	7077	0	1
2018.06.04	18:00:00	1.31670	1.31729	1.31441	1.31599	5742	0	1
2018.06.04	19:00:00	1.31599	1.31726	1.31533	1.31640	5051	0	5
2018.06.04	20:00:00	1.31643	1.31730	1.31587	1.31729	1362	0	1
2018.06.04	21:00:00	1.31729	1.31729	1.31550	1.31621	1342	0	9
2018.06.04	22:00:00	1.31621	1.31621	1.31508	1.31588	787	0	7
2018.06.04	23:00:00	1.31584	1.31602	1.31465	1.31481	876	0	11
2018.06.05	00:00:00	1.31453	1.32038	1.30613	1.31538	157956	0	49
2018.06.05	01:00:00	1.31538	1.31572	1.31506	1.31537	1010	0	35
2018.06.05	02:00:00	1.31532	1.31588	1.31531	1.31583	702	0	18
2018.06.05	03:00:00	1.31583	1.31607	1.31530	1.31553	2004	0	13
2018.06.05	04:00:00	1.31554	1.31576	1.31473	1.31562	2288	0	9
2018.06.05	05:00:00	1.31562	1.31570	1.31465	1.31539	1732	0	12
2018.06.05	06:00:00	1.31539	1.31635	1.31537	1.31614	1114	0	13
2018.06.05	07:00:00	1.31614	1.31652	1.31574	1.31617	2004	0	14
2018.06.05	08:00:00	1.31617	1.31638	1.31558	1.31594	3376	0	12
2018.06.05	09:00:00	1.31597	1.31624	1.31526	1.31591	4658	0	4
2018.06.05	10:00:00	1.31591	1.31645	1.31454	1.31507	6519	0	5
2018.06.05	11:00:00	1.31507	1.31964	1.31478	1.31867	7721	0	1
2018.06.05	12:00:00	1.31870	1.31996	1.31803	1.31853	5254	0	1
2018.06.05	13:00:00	1.31853	1.32021	1.31602	1.31674	5877	0	2
2018.06.05	14:00:00	1.31674	1.31834	1.31632	1.31722	5385	0	1
2018.06.05	15:00:00	1.31722	1.32045	1.31694	1.32011	8216	0	1
2018.06.05	16:00:00	1.32010	1.32012	1.31855	1.31933	7596	0	1
2018.06.05	17:00:00	1.31933	1.31953	1.31733	1.31788	7237	0	1
2018.06.05	18:00:00	1.31789	1.31910	1.31666	1.31719	7246	0	5
2018.06.05	19:00:00	1.31719	1.31879	1.31640	1.31694	10437	0	1
2018.06.05	20:00:00	1.31694	1.31871	1.31652	1.31809	4066	0	1
2018.06.05	21:00:00	1.31809	1.31888	1.31775	1.31864	2434	0	11
2018.06.05	22:00:00	1.31864	1.31866	1.31778	1.31848	1455	0	5
2018.06.05	23:00:00	1.31843	1.31917	1.31761	1.31761	1176	0	1
2018.06.06	00:00:00	1.31749	1.32687	1.31511	1.31918	152404	0	54
2018.06.06	01:00:00	1.31918	1.31927	1.31879	1.31917	991	0	25
2018.06.06	02:00:00	1.31917	1.32022	1.31897	1.31951	1325	0	1
2018.06.06	03:00:00	1.31951	1.31990	1.31917	1.31924	1956	0	5
2018.06.06	04:00:00	1.31924	1.31973	1.31904	1.31924	1903	0	12
2018.06.06	05:00:00	1.31924	1.31948	1.31887	1.31896	1263	0	13
2018.06.06	06:00:00	1.31896	1.32005	1.31882	1.32000	1074	0	4
2018.06.06	07:00:00	1.31999	1.32030	1.31981	1.32009	1013	0	12
2018.06.06	08:00:00	1.32009	1.32082	1.31994	1.32025	2027	0	9
2018.06.06	09:00:00	1.32021	1.32111	1.32002	1.32051	6992	0	5
2018.06.06	10:00:00	1.32051	1.32177	1.31977	1.32152	12381	0	1
2018.06.06	11:00:00	1.32152	1.32251	1.32134	1.32175	6578	0	5
2018.06.06	12:00:00	1.32175	1.32573	1.32175	1.32518	6702	0	1
2018.06.06	13:00:00	1.32518	1.32671	1.32419	1.32560	5606	0	1
2018.06.06	14:00:00	1.32560	1.32692	1.32491	1.32616	5537	0	1
2018.06.06	15:00:00	1.32619	1.32695	1.32432	1.32449	6534	0	3
2018.06.06	16:00:00	1.32449	1.32553	1.32198	1.32243	5814	0	5
2018.06.06	17:00:00	1.32245	1.32404	1.32163	1.32316	9279	0	3
2018.06.06	18:00:00	1.32314	1.32333	1.32137	1.32185	6822	0	1
2018.06.06	19:00:00	1.32185	1.32229	1.32022	1.32223	4734	0	1
2018.06.06	20:00:00	1.32223	1.32275	1.32138	1.32261	2082	0	9
2018.06.06	21:00:00	1.32261	1.32263	1.32158	1.32214	1475	0	8
2018.06.06	22:00:00	1.32214	1.32327	1.32192	1.32260	1101	0	11
2018.06.06	23:00:00	1.32260	1.32356	1.32160	1.32229	1059	0	14
2018.06.07	00:00:00	1.32228	1.32418	1.31241	1.32258	180884	0	51
2018.06.07	01:00:00	1.32278	1.32320	1.32249	1.32310	618	0	25
2018.06.07	02:00:00	1.32310	1.32335	1.32281	1.32323	388	0	14
2018.06.07	03:00:00	1.32326	1.32414	1.32314	1.32391	2066	0	1
2018.06.07	04:00:00	1.32391	1.32423	1.32337	1.32339	2012	0	9
2018.06.07	05:00:00	1.32339	1.32376	1.32319	1.32330	1392	0	11
2018.06.07	06:00:00	1.32330	1.32393	1.32321	1.32388	1300	0	8
2018.06.07	07:00:00	1.32388	1.32424	1.32215	1.32248	2013	0	7
2018.06.07	08:00:00	1.32248	1.32292	1.32190	1.32235	1464	0	7
2018.06.07	09:00:00	1.32233	1.32351	1.32156	1.32326	4805	0	7
2018.06.07	10:00:00	1.32326	1.32422	1.32161	1.32342	6961	0	3
2018.06.07	11:00:00	1.32342	1.32347	1.32144	1.32195	5269	0	2
2018.06.07	12:00:00	1.32202	1.32242	1.31932	1.32031	4581	0	1
2018.06.07	13:00:00	1.32031	1.32056	1.31740	1.31965	5644	0	4
2018.06.07	14:00:00	1.31965	1.32034	1.31371	1.31494	9453	0	1
2018.06.07	15:00:00	1.31494	1.31816	1.31336	1.31641	7572	0	1
2018.06.07	16:00:00	1.31642	1.31644	1.31283	1.31432	7035	0	3
2018.06.07	17:00:00	1.31432	1.31822	1.31232	1.31814	9614	0	1
2018.06.07	18:00:00	1.31812	1.32095	1.31709	1.31879	9240	0	3
2018.06.07	19:00:00	1.31879	1.31908	1.31469	1.31684	6129	0	1
2018.06.07	20:00:00	1.31684	1.31684	1.31363	1.31543	4289	0	8
2018.06.07	21:00:00	1.31543	1.31651	1.31357	1.31605	2642	0	2
2018.06.07	22:00:00	1.31608	1.31668	1.31554	1.31567	1245	0	7
2018.06.07	23:00:00	1.31567	1.31601	1.31539	1.31555	1547	0	9
2018.06.08	00:00:00	1.31504	1.32280	1.31383	1.31451	164258	0	52
2018.06.08	01:00:00	1.31451	1.31583	1.31451	1.31566	433	0	25
2018.06.08	02:00:00	1.31566	1.31626	1.31549	1.31589	738	0	17
2018.06.08	03:00:00	1.31590	1.31625	1.31566	1.31569	1853	0	13
2018.06.08	04:00:00	1.31568	1.31627	1.31565	1.31596	1567	0	14
2018.06.08	05:00:00	1.31596	1.31615	1.31570	1.31593	1784	0	10
2018.06.08	06:00:00	1.31593	1.31593	1.31516	1.31533	2257	0	15
2018.06.08	07:00:00	1.31533	1.31647	1.31531	1.31622	1441	0	12
2018.06.08	08:00:00	1.31622	1.31687	1.31604	1.31684	1582	0	9
2018.06.08	09:00:00	1.31684	1.31774	1.31453	1.31597	9159	0	1
2018.06.08	10:00:00	1.31596	1.31851	1.31451	1.31842	11454	0	3
2018.06.08	11:00:00	1.31841	1.31891	1.31467	1.31658	9211	0	1
2018.06.08	12:00:00	1.31658	1.31980	1.31658	1.31839	6326	0	2
2018.06.08	13:00:00	1.31839	1.31886	1.31695	1.31768	6310	0	1
2018.06.08	14:00:00	1.31768	1.31956	1.31712	1.31819	7686	0	1
2018.06.08	15:00:00	1.31821	1.32099	1.31747	1.32061	8833	0	1
2018.06.08	16:00:00	1.32061	1.32214	1.31946	1.32111	4726	0	2
2018.06.08	17:00:00	1.32111	1.32171	1.31883	1.32037	3519	0	4
2018.06.08	18:00:00	1.32037	1.32252	1.32017	1.32177	3813	0	5
2018.06.08	19:00:00	1.32177	1.32278	1.32132	1.32187	2360	0	6
2018.06.08	20:00:00	1.32187	1.32223	1.32089	1.32103	1259	0	10
2018.06.08	21:00:00	1.32103	1.32184	1.32090	1.32112	906	0	9
2018.06.08	22:00:00	1.32112	1.32188	1.32065	1.32069	1094	0	9
2018.06.08	23:00:00	1.32063	1.32071	1.31982	1.32059	667	0	21
2018.06.11	00:00:00	1.31913	1.32562	1.31692	1.31983	129826	0	122
2018.06.11	01:00:00	1.31985	1.32066	1.31977	1.32008	590	0	34
2018.06.11	02:00:00	1.32008	1.32099	1.32008	1.32093	695	0	18
2018.06.11	03:00:00	1.32095	1.32154	1.32053	1.32123	1666	0	1
2018.06.11	04:00:00	1.32123	1.32139	1.32064	1.32086	2300	0	13
2018.06.11	05:00:00	1.32086	1.32236	1.32083	1.32201	1389	0	12
2018.06.11	06:00:00	1.32201	1.32211	1.32128	1.32133	1288	0	11
2018.06.11	07:00:00	1.32133	1.32148	1.32096	1.32148	785	0	14
2018.06.11	08:00:00	1.32148	1.32150	1.32099	1.32135	771	0	8
2018.06.11	09:00:00	1.32135	1.32567	1.32101	1.32417	6307	0	1
2018.06.11	10:00:00	1.32417	1.32479	1.32242	1.32336	6558	0	1
2018.06.11	11:00:00	1.32336	1.32422	1.31715	1.31817	7582	0	2
2018.06.11	12:00:00	1.31817	1.31889	1.31738	1.31858	4241	0	5
2018.06.11	13:00:00	1.31858	1.31872	1.31707	1.31814	4231	0	1
2018.06.11	14:00:00	1.31814	1.31892	1.31697	1.31887	3795	0	2
2018.06.11	15:00:00	1.31887	1.31934	1.31702	1.31785	6198	0	1
2018.06.11	16:00:00	1.31785	1.31900	1.31716	1.31837	3801	0	2
2018.06.11	17:00:00	1.31837	1.31946	1.31762	1.31832	5958	0	1
2018.06.11	18:00:00	1.31831	1.31885	1.31729	1.31821	4570	0	6
2018.06.11	19:00:00	1.31819	1.31917	1.31739	1.31863	3264	0	6
2018.06.11	20:00:00	1.31863	1.31867	1.31756	1.31782	2063	0	10
2018.06.11	21:00:00	1.31782	1.31817	1.31711	1.31785	1706	0	7
2018.06.11	22:00:00	1.31786	1.31848	1.31786	1.31830	927	0	7
2018.06.11	23:00:00	1.31832	1.31861	1.31740	1.31740	925	0	11
2018.06.12	00:00:00	1.31725	1.32114	1.31400	1.31808	172456	0	39
2018.06.12	01:00:00	1.31808	1.31880	1.31783	1.31879	959	0	38
2018.06.12	02:00:00	1.31879	1.31937	1.31871	1.31896	1048	0	15
2018.06.12	03:00:00	1.31895	1.31934	1.31727	1.31765	4255	0	10
2018.06.12	04:00:00	1.31765	1.31875	1.31732	1.31856	1941	0	11
2018.06.12	05:00:00	1.31856	1.31884	1.31808	1.31855	1413	0	7
2018.06.12	06:00:00	1.31856	1.31914	1.31838	1.31880	1449	0	2
2018.06.12	07:00:00	1.31880	1.31927	1.31858	1.31911	1869	0	10
2018.06.12	08:00:00	1.31910	1.31999	1.31906	1.31921	2443	0	8
2018.06.12	09:00:00	1.31921	1.31989	1.31732	1.31736	5440	0	4
2018.06.12	10:00:00	1.31735	1.31987	1.31678	1.31897	7876	0	1
2018.06.12	11:00:00	1.31897	1.32105	1.31710	1.31845	7938	0	1
2018.06.12	12:00:00	1.31845	1.31955	1.31742	1.31777	5051	0	1
2018.06.12	13:00:00	1.31777	1.31825	1.31667	1.31785	3995	0	1
2018.06.12	14:00:00	1.31785	1.31894	1.31739	1.31799	4448	0	3
2018.06.12	15:00:00	1.31800	1.31808	1.31498	1.31581	7463	0	1
2018.06.12	16:00:00	1.31580	1.31610	1.31405	1.31478	6870	0	1
2018.06.12	17:00:00	1.31478	1.31640	1.31435	1.31455	6723	0	1
2018.06.12	18:00:00	1.31456	1.32068	1.31420	1.32053	8473	0	1
2018.06.12	19:00:00	1.32053	1.32111	1.31885	1.31912	4797	0	3
2018.06.12	20:00:00	1.31912	1.32122	1.31878	1.32021	5406	0	1
2018.06.12	21:00:00	1.32021	1.32021	1.31858	1.31869	3974	0	4
2018.06.12	22:00:00	1.31871	1.31919	1.31849	1.31908	1269	0	7
2018.06.12	23:00:00	1.31908	1.31955	1.31883	1.31946	927	0	9
2018.06.13	00:00:00	1.31879	1.32040	1.31460	1.31993	160916	0	32
2018.06.13	01:00:00	1.31991	1.32018	1.31940	1.31943	817	0	16
2018.06.13	02:00:00	1.31943	1.32008	1.31942	1.31998	746	0	12
2018.06.13	03:00:00	1.31998	1.32012	1.31951	1.31965	1696	0	8
2018.06.13	04:00:00	1.31963	1.32016	1.31948	1.31962	1899	0	11
2018.06.13	05:00:00	1.31960	1.32028	1.31951	1.31955	981	0	10
2018.06.13	06:00:00	1.31955	1.31983	1.31934	1.31948	788	0	12
2018.06.13	07:00:00	1.31948	1.31975	1.31907	1.31908	664	0	10
2018.06.13	08:00:00	1.31908	1.31997	1.31907	1.31949	1447	0	4
2018.06.13	09:00:00	1.31949	1.32013	1.31917	1.32000	4815	0	3
2018.06.13	10:00:00	1.32000	1.32047	1.31767	1.31928	5158	0	1
2018.06.13	11:00:00	1.31928	1.31942	1.31629	1.31737	7447	0	1
2018.06.13	12:00:00	1.31738	1.31769	1.31583	1.31747	5659	0	1
2018.06.13	13:00:00	1.31747	1.31779	1.31655	1.31688	4548	0	5
2018.06.13	14:00:00	1.31688	1.31764	1.31614	1.31710	3301	0	3
2018.06.13	15:00:00	1.31707	1.31737	1.31528	1.31602	4811	0	3
2018.06.13	16:00:00	1.31602	1.31657	1.31494	1.31534	5459	0	1
2018.06.13	17:00:00	1.31534	1.31755	1.31466	1.31702	5443	0	2
2018.06.13	18:00:00	1.31702	1.31775	1.31613	1.31694	4405	0	1
2018.06.13	19:00:00	1.31694	1.31846	1.31673	1.31782	3370	0	1
2018.06.13	20:00:00	1.31782	1.31832	1.31702	1.31736	1666	0	12
2018.06.13	21:00:00	1.31736	1.31877	1.31654	1.31744	14042	0	1
2018.06.13	22:00:00	1.31744	1.31859	1.31665	1.31811	5258	0	1
2018.06.13	23:00:00	1.31811	1.31835	1.31747	1.31757	1079	0	12
2018.06.14	00:00:00	1.31774	1.32597	1.31552	1.31727	202164	0	49
2018.06.14	01:00:00	1.31727	1.31809	1.31677	1.31754	895	0	21
2018.06.14	02:00:00	1.31754	1.31782	1.31734	1.31752	532	0	17
2018.06.14	03:00:00	1.31754	1.31806	1.31713	1.31784	2628	0	8
2018.06.14	04:00:00	1.31784	1.31840	1.31763	1.31786	2625	0	13
2018.06.14	05:00:00	1.31786	1.31865	1.31768	1.31829	1721	0	7
2018.06.14	06:00:00	1.31829	1.31838	1.31796	1.31828	1350	0	13
2018.06.14	07:00:00	1.31828	1.31868	1.31812	1.31850	823	0	13
2018.06.14	08:00:00	1.31850	1.31899	1.31836	1.31870	1786	0	8
2018.06.14	09:00:00	1.31864	1.31899	1.31763	1.31835	2913	0	8
2018.06.14	10:00:00	1.31835	1.31886	1.31699	1.31744	5174	0	3
2018.06.14	11:00:00	1.31743	1.32153	1.31698	1.32118	7252	0	1
2018.06.14	12:00:00	1.32118	1.32233	1.32071	1.32078	5967	0	4
2018.06.14	13:00:00	1.32078	1.32112	1.31969	1.32105	3746	0	5
2018.06.14	14:00:00	1.32105	1.32355	1.32020	1.32145	11735	0	1
2018.06.14	15:00:00	1.32143	1.32316	1.31978	1.31981	21444	0	1
2018.06.14	16:00:00	1.31981	1.32342	1.31846	1.32338	14710	0	1
2018.06.14	17:00:00	1.32338	1.32460	1.32226	1.32258	12282	0	1
2018.06.14	18:00:00	1.32258	1.32604	1.32257	1.32543	9062	0	1
2018.06.14	19:00:00	1.32543	1.32553	1.32133	1.32236	7616	0	1
2018.06.14	20:00:00	1.32238	1.32511	1.32203	1.32412	4387	0	1
2018.06.14	21:00:00	1.32412	1.32423	1.32238	1.32331	3067	0	5
2018.06.14	22:00:00	1.32331	1.32387	1.32237	1.32241	2878	0	8
2018.06.14	23:00:00	1.32241	1.32300	1.32153	1.32163	2914	0	2
2018.06.15	00:00:00	1.32148	1.32690	1.31901	1.32159	190209	0	34
2018.06.15	01:00:00	1.32163	1.32257	1.32162	1.32239	1588	0	23
2018.06.15	02:00:00	1.32240	1.32253	1.32127	1.32147	1245	0	9
2018.06.15	03:00:00	1.32148	1.32212	1.32123	1.32139	2588	0	3
2018.06.15	04:00:00	1.32141	1.32210	1.32127	1.32201	2095	0	12
2018.06.15	05:00:00	1.32200	1.32201	1.32108	1.32177	1928	0	9
2018.06.15	06:00:00	1.32177	1.32190	1.32130	1.32140	1065	0	11
2018.06.15	07:00:00	1.32140	1.32194	1.32140	1.32187	845	0	8
2018.06.15	08:00:00	1.32187	1.32221	1.32099	1.32107	1465	0	10
2018.06.15	09:00:00	1.32107	1.32142	1.32007	1.32095	6276	0	1
2018.06.15	10:00:00	1.32095	1.32152	1.31906	1.32090	11491	0	3
2018.06.15	11:00:00	1.32090	1.32256	1.32038	1.32223	8245	0	1
2018.06.15	12:00:00	1.32218	1.32396	1.32173	1.32390	8020	0	1
2018.06.15	13:00:00	1.32390	1.32655	1.32273	1.32654	11005	0	1
2018.06.15	14:00:00	1.32654	1.32695	1.32482	1.32542	4712	0	3
2018.06.15	15:00:00	1.32542	1.32596	1.32349	1.32368	8868	0	3
2018.06.15	16:00:00	1.32368	1.32453	1.32269	1.32297	10728	0	1
2018.06.15	17:00:00	1.32297	1.32388	1.32157	1.32190	11684	0	1
2018.06.15	18:00:00	1.32190	1.32346	1.32032	1.32321	8671	0	1
2018.06.15	19:00:00	1.32321	1.32400	1.32302	1.32377	4111	0	1
2018.06.15	20:00:00	1.32377	1.32414	1.32323	1.32337	1665	0	7
2018.06.15	21:00:00	1.32337	1.32468	1.32293	1.32455	1877	0	7
2018.06.15	22:00:00	1.32455	1.32465	1.32367	1.32372	1323	0	5
2018.06.15	23:00:00	1.32368	1.32512	1.32327	1.32477	1377	0	15
2018.06.18	00:00:00	1.31879	1.32442	1.31590	1.32314	133757	0	99
2018.06.18	01:00:00	1.32314	1.32431	1.32314	1.32412	3791	0	38
2018.06.18	02:00:00	1.32412	1.32449	1.32407	1.32444	447	0	20
2018.06.18	03:00:00	1.32444	1.32444	1.32333	1.32348	2396	0	13
2018.06.18	04:00:00	1.32348	1.32352	1.32276	1.32276	1615	0	11
2018.06.18	05:00:00	1.32276	1.32345	1.32276	1.32312	1769	0	10
2018.06.18	06:00:00	1.32312	1.32320	1.32228	1.32254	1465	0	10
2018.06.18	07:00:00	1.32254	1.32277	1.32236	1.32261	1142	0	10
2018.06.18	08:00:00	1.32262	1.32344	1.32232	1.32316	1137	0	12
2018.06.18	09:00:00	1.32315	1.32340	1.32171	1.32171	3099	0	6
2018.06.18	10:00:00	1.32171	1.32268	1.31948	1.31958	7693	0	3
2018.06.18	11:00:00	1.31958	1.32015	1.31846	1.31955	6081	0	4
2018.06.18	12:00:00	1.31955	1.32084	1.31860	1.32052	5091	0	4
2018.06.18	13:00:00	1.32052	1.32120	1.31882	1.31893	4834	0	5
2018.06.18	14:00:00	1.31892	1.31920	1.31741	1.31849	5927	0	2
2018.06.18	15:00:00	1.31850	1.31851	1.31598	1.31744	4876	0	4
2018.06.18	16:00:00	1.31744	1.31782	1.31605	1.31709	4902	0	4
2018.06.18	17:00:00	1.31709	1.31760	1.31594	1.31685	6701	0	1
2018.06.18	18:00:00	1.31685	1.31851	1.31640	1.31846	4887	0	1
2018.06.18	19:00:00	1.31846	1.31856	1.31680	1.31738	2149	0	2
2018.06.18	20:00:00	1.31738	1.31859	1.31701	1.31778	1497	0	7
2018.06.18	21:00:00	1.31778	1.31804	1.31708	1.31714	1166	0	1
2018.06.18	22:00:00	1.31714	1.31763	1.31692	1.31736	1145	0	7
2018.06.18	23:00:00	1.31736	1.31844	1.31717	1.31773	1130	0	3
2018.06.19	00:00:00	1.31758	1.31896	1.30791	1.31851	192573	0	30
2018.06.19	01:00:00	1.31850	1.31883	1.31817	1.31847	1550	0	20
2018.06.19	02:00:00	1.31847	1.31856	1.31724	1.31815	2386	0	8
2018.06.19	03:00:00	1.31818	1.31820	1.31687	1.31727	3886	0	10
2018.06.19	04:00:00	1.31728	1.31778	1.31654	1.31662	2481	0	12
2018.06.19	05:00:00	1.31662	1.31702	1.31642	1.31658	2354	0	12
2018.06.19	06:00:00	1.31658	1.31674	1.31613	1.31617	2018	0	15
2018.06.19	07:00:00	1.31619	1.31646	1.31563	1.31617	2440	0	12
2018.06.19	08:00:00	1.31617	1.31634	1.31465	1.31481	2894	0	10
2018.06.19	09:00:00	1.31482	1.31522	1.31225	1.31312	8249	0	1
2018.06.19	10:00:00	1.31312	1.31368	1.31150	1.31153	10590	0	1
2018.06.19	11:00:00	1.31151	1.31366	1.31117	1.31340	16087	0	2
2018.06.19	12:00:00	1.31340	1.31448	1.31058	1.31119	8509	0	1
2018.06.19	13:00:00	1.31119	1.31165	1.31013	1.31151	5507	0	2
2018.06.19	14:00:00	1.31151	1.31197	1.30956	1.31153	7849	0	1
2018.06.19	15:00:00	1.31153	1.31170	1.30931	1.31069	8909	0	6
2018.06.19	16:00:00	1.31067	1.31098	1.30897	1.30933	8171	0	1
2018.06.19	17:00:00	1.30931	1.31144	1.30796	1.31133	9329	0	2
2018.06.19	18:00:00	1.31134	1.31146	1.31037	1.31070	7629	0	3
2018.06.19	19:00:00	1.31070	1.31201	1.31057	1.31166	4856	0	7
2018.06.19	20:00:00	1.31166	1.31166	1.31017	1.31050	2182	0	8
2018.06.19	21:00:00	1.31050	1.31122	1.30996	1.31019	1945	0	10
2018.06.19	22:00:00	1.31019	1.31070	1.30975	1.31048	1387	0	9
2018.06.19	23:00:00	1.31048	1.31082	1.30890	1.30925	1182	0	12
2018.06.20	00:00:00	1.30911	1.31620	1.30820	1.30926	179046	0	63
2018.06.20	01:00:00	1.30926	1.30950	1.30885	1.30943	466	0	17
2018.06.20	02:00:00	1.30943	1.30974	1.30930	1.30969	878	0	14
2018.06.20	03:00:00	1.30971	1.31018	1.30942	1.30945	2213	0	2
2018.06.20	04:00:00	1.30944	1.30968	1.30860	1.30927	2956	0	9
2018.06.20	05:00:00	1.30927	1.31029	1.30926	1.30989	2046	0	11
2018.06.20	06:00:00	1.30989	1.30995	1.30941	1.30982	2059	0	12
2018.06.20	07:00:00	1.30982	1.31040	1.30955	1.31032	1186	0	13
2018.06.20	08:00:00	1.31032	1.31184	1.31025	1.31176	2143	0	9
2018.06.20	09:00:00	1.31176	1.31193	1.30972	1.31031	4442	0	1
2018.06.20	10:00:00	1.31031	1.31175	1.30966	1.31175	8708	0	2
2018.06.20	11:00:00	1.31175	1.31259	1.31078	1.31179	9333	0	1
2018.06.20	12:00:00	1.31179	1.31239	1.31111	1.31158	6206	0	6
2018.06.20	13:00:00	1.31158	1.31382	1.31158	1.31274	4282	0	3
2018.06.20	14:00:00	1.31274	1.31410	1.31216	1.31287	5584	0	2
2018.06.20	15:00:00	1.31287	1.31347	1.31176	1.31262	6481	0	1
2018.06.20	16:00:00	1.31263	1.31320	1.31058	1.31091	11096	0	1
2018.06.20	17:00:00	1.31090	1.31272	1.31025	1.31132	10452	0	2
2018.06.20	18:00:00	1.31132	1.31607	1.31059	1.31519	8003	0	1
2018.06.20	19:00:00	1.31518	1.31626	1.31418	1.31430	5185	0	1
2018.06.20	20:00:00	1.31430	1.31438	1.31169	1.31263	2980	0	5
2018.06.20	21:00:00	1.31263	1.31351	1.31210	1.31313	2523	0	8
2018.06.20	22:00:00	1.31313	1.31332	1.31271	1.31304	1548	0	9
2018.06.20	23:00:00	1.31304	1.31311	1.31134	1.31135	1845	0	7
2018.06.21	00:00:00	1.31139	1.31714	1.30636	1.31189	225752	0	47
2018.06.21	01:00:00	1.31189	1.31268	1.31184	1.31224	560	0	20
2018.06.21	02:00:00	1.31224	1.31250	1.31189	1.31204	627	0	10
2018.06.21	03:00:00	1.31205	1.31255	1.31185	1.31206	1599	0	11
2018.06.21	04:00:00	1.31206	1.31312	1.31193	1.31302	2299	0	8
2018.06.21	05:00:00	1.31302	1.31338	1.31283	1.31314	3072	0	15
2018.06.21	06:00:00	1.31314	1.31342	1.31270	1.31331	2711	0	9
2018.06.21	07:00:00	1.31331	1.31335	1.31225	1.31250	1870	0	10
2018.06.21	08:00:00	1.31250	1.31266	1.31151	1.31181	2264	0	11
2018.06.21	09:00:00	1.31181	1.31216	1.31046	1.31065	7165	0	1
2018.06.21	10:00:00	1.31065	1.31209	1.30802	1.30806	14466	0	3
2018.06.21	11:00:00	1.30806	1.30925	1.30695	1.30697	13474	0	1
2018.06.21	12:00:00	1.30697	1.30879	1.30636	1.30750	8255	0	6
2018.06.21	13:00:00	1.30750	1.30912	1.30700	1.30843	8214	0	1
2018.06.21	14:00:00	1.30844	1.31718	1.30820	1.31613	16653	0	1
2018.06.21	15:00:00	1.31613	1.31673	1.31391	1.31516	14189	0	1
2018.06.21	16:00:00	1.31516	1.31589	1.31388	1.31517	11862	0	1
2018.06.21	17:00:00	1.31517	1.31523	1.31292	1.31436	15949	0	1
2018.06.21	18:00:00	1.31435	1.31526	1.31321	1.31464	7934	0	4
2018.06.21	19:00:00	1.31466	1.31495	1.31352	1.31368	4939	0	4
2018.06.21	20:00:00	1.31368	1.31409	1.31276	1.31409	2512	0	2
2018.06.21	21:00:00	1.31409	1.31445	1.31308	1.31333	2903	0	5
2018.06.21	22:00:00	1.31333	1.31371	1.31263	1.31316	1973	0	7
2018.06.21	23:00:00	1.31320	1.31380	1.31211	1.31267	1343	0	8
2018.06.22	00:00:00	1.31362	1.31774	1.30809	1.31225	179825	0	67
2018.06.22	01:00:00	1.31226	1.31291	1.31132	1.31290	1382	0	23
2018.06.22	02:00:00	1.31290	1.31381	1.31290	1.31345	450	0	13
2018.06.22	03:00:00	1.31345	1.31432	1.31333	1.31400	4421	0	7
2018.06.22	04:00:00	1.31400	1.31451	1.31364	1.31434	2163	0	14
2018.06.22	05:00:00	1.31434	1.31480	1.31379	1.31392	1561	0	14
2018.06.22	06:00:00	1.31392	1.31433	1.31386	1.31417	1740	0	10
2018.06.22	07:00:00	1.31417	1.31477	1.31390	1.31415	1458	0	8
2018.06.22	08:00:00	1.31415	1.31543	1.31389	1.31414	2409	0	2
2018.06.22	09:00:00	1.31414	1.31567	1.31336	1.31510	5499	0	2
2018.06.22	10:00:00	1.31505	1.31601	1.31353	1.31468	11864	0	1
2018.06.22	11:00:00	1.31469	1.31739	1.31423	1.31683	8221	0	1
2018.06.22	12:00:00	1.31683	1.31780	1.31545	1.31555	6031	0	1
2018.06.22	13:00:00	1.31556	1.31695	1.31400	1.31681	8914	0	1
2018.06.22	14:00:00	1.31680	1.31686	1.31461	1.31479	4662	0	1
2018.06.22	15:00:00	1.31480	1.31575	1.31421	1.31554	6329	0	1
2018.06.22	16:00:00	1.31554	1.31639	1.31369	1.31432	9286	0	1
2018.06.22	17:00:00	1.31430	1.31470	1.31177	1.31365	12583	0	1
2018.06.22	18:00:00	1.31365	1.31405	1.31194	1.31251	4595	0	1
2018.06.22	19:00:00	1.31251	1.31283	1.31045	1.31063	3609	0	6
2018.06.22	20:00:00	1.31063	1.31147	1.30974	1.30993	1788	0	5
2018.06.22	21:00:00	1.30993	1.31005	1.30849	1.30937	1943	0	9
2018.06.22	22:00:00	1.30937	1.31052	1.30925	1.30986	1071	0	5
2018.06.22	23:00:00	1.30983	1.31025	1.30941	1.30995	1886	0	17
2018.06.25	00:00:00	1.31004	1.31203	1.30581	1.31071	148053	0	72
2018.06.25	01:00:00	1.31068	1.31109	1.30794	1.31056	992	0	10
2018.06.25	02:00:00	1.31059	1.31060	1.31002	1.31015	1415	0	11
2018.06.25	03:00:00	1.31015	1.31053	1.30868	1.30947	5168	0	5
2018.06.25	04:00:00	1.30949	1.30974	1.30894	1.30952	3859	0	8
2018.06.25	05:00:00	1.30952	1.30986	1.30896	1.30931	2345	0	11
2018.06.25	06:00:00	1.30930	1.31028	1.30915	1.30966	2812	0	8
2018.06.25	07:00:00	1.30967	1.31006	1.30931	1.30939	1755	0	11
2018.06.25	08:00:00	1.30940	1.30988	1.30897	1.30988	1892	0	7
2018.06.25	09:00:00	1.30988	1.31040	1.30874	1.30892	3842	0	5
2018.06.25	10:00:00	1.30892	1.30931	1.30586	1.30780	6285	0	1
2018.06.25	11:00:00	1.30780	1.30948	1.30681	1.30746	6932	0	6
2018.06.25	12:00:00	1.30746	1.30849	1.30683	1.30753	4801	0	6
2018.06.25	13:00:00	1.30753	1.31021	1.30708	1.31012	4779	0	1
2018.06.25	14:00:00	1.31009	1.31146	1.30890	1.31113	7341	0	1
2018.06.25	15:00:00	1.31113	1.31192	1.31050	1.31078	4947	0	1
2018.06.25	16:00:00	1.31078	1.31211	1.31050	1.31074	6155	0	1
2018.06.25	17:00:00	1.31074	1.31197	1.31009	1.31139	7076	0	1
2018.06.25	18:00:00	1.31139	1.31143	1.31026	1.31049	5797	0	5
2018.06.25	19:00:00	1.31049	1.31085	1.30909	1.30936	4296	0	1
2018.06.25	20:00:00	1.30936	1.30962	1.30866	1.30947	1885	0	6
2018.06.25	21:00:00	1.30947	1.31031	1.30872	1.30893	1981	0	9
2018.06.25	22:00:00	1.30893	1.31148	1.30886	1.31128	2506	0	4
2018.06.25	23:00:00	1.31128	1.31129	1.31018	1.31018	1006	0	9
2018.06.26	00:00:00	1.30985	1.31280	1.30665	1.31079	176304	0	59
2018.06.26	01:00:00	1.31065	1.31113	1.31040	1.31074	641	0	22
2018.06.26	02:00:00	1.31071	1.31081	1.31033	1.31055	1041	0	14
2018.06.26	03:00:00	1.31056	1.31095	1.30997	1.31019	3392	0	4
2018.06.26	04:00:00	1.31019	1.31049	1.30966	1.31000	2866	0	11
2018.06.26	05:00:00	1.31000	1.31033	1.30930	1.31006	2908	0	12
2018.06.26	06:00:00	1.31006	1.31046	1.30969	1.31020	2363	0	12
2018.06.26	07:00:00	1.31020	1.31106	1.31007	1.31066	1411	0	13
2018.06.26	08:00:00	1.31066	1.31116	1.31034	1.31075	2006	0	9
2018.06.26	09:00:00	1.31076	1.31166	1.30977	1.31158	4634	0	2
2018.06.26	10:00:00	1.31159	1.31211	1.31112	1.31150	9126	0	1
2018.06.26	11:00:00	1.31152	1.31222	1.31019	1.31057	7855	0	2
2018.06.26	12:00:00	1.31057	1.31119	1.30668	1.30936	11361	0	1
2018.06.26	13:00:00	1.30936	1.31031	1.30835	1.30997	6755	0	3
2018.06.26	14:00:00	1.30996	1.31066	1.30941	1.30944	6095	0	1
2018.06.26	15:00:00	1.30944	1.31055	1.30894	1.30970	6511	0	5
2018.06.26	16:00:00	1.30970	1.31108	1.30956	1.30989	6260	0	2
2018.06.26	17:00:00	1.30989	1.31286	1.30980	1.31011	9559	0	1
2018.06.26	18:00:00	1.31011	1.31206	1.30986	1.31113	5820	0	1
2018.06.26	19:00:00	1.31113	1.31181	1.31030	1.31069	4461	0	6
2018.06.26	20:00:00	1.31069	1.31083	1.30885	1.30968	2916	0	1
2018.06.26	21:00:00	1.30968	1.31162	1.30907	1.31149	1687	0	1
2018.06.26	22:00:00	1.31148	1.31152	1.30976	1.30976	1386	0	4
2018.06.26	23:00:00	1.30976	1.31060	1.30911	1.30955	1304	0	12
2018.06.27	00:00:00	1.30941	1.31129	1.30598	1.30985	178411	0	73
2018.06.27	01:00:00	1.30985	1.31026	1.30948	1.31019	813	0	21
2018.06.27	02:00:00	1.31021	1.31039	1.30997	1.31001	399	0	17
2018.06.27	03:00:00	1.31003	1.31057	1.30961	1.30994	2997	0	9
2018.06.27	04:00:00	1.30994	1.31029	1.30905	1.30959	4362	0	10
2018.06.27	05:00:00	1.30960	1.31009	1.30935	1.30969	3112	0	13
2018.06.27	06:00:00	1.30969	1.31011	1.30963	1.30995	3617	0	15
2018.06.27	07:00:00	1.30995	1.31036	1.30988	1.31024	2478	0	13
2018.06.27	08:00:00	1.31022	1.31042	1.30962	1.30963	3257	0	7
2018.06.27	09:00:00	1.30963	1.31010	1.30881	1.30947	4256	0	6
2018.06.27	10:00:00	1.30947	1.30963	1.30698	1.30723	7176	0	7
2018.06.27	11:00:00	1.30720	1.30858	1.30660	1.30823	7883	0	1
2018.06.27	12:00:00	1.30823	1.31129	1.30780	1.31108	7600	0	2
2018.06.27	13:00:00	1.31108	1.31135	1.30944	1.30955	6661	0	1
2018.06.27	14:00:00	1.30952	1.30974	1.30739	1.30914	10069	0	1
2018.06.27	15:00:00	1.30914	1.30914	1.30631	1.30659	9771	0	1
2018.06.27	16:00:00	1.30658	1.30959	1.30605	1.30904	8749	0	1
2018.06.27	17:00:00	1.30902	1.30964	1.30714	1.30816	10221	0	1
2018.06.27	18:00:00	1.30817	1.30900	1.30733	1.30893	8440	0	1
2018.06.27	19:00:00	1.30893	1.30993	1.30845	1.30904	5807	0	1
2018.06.27	20:00:00	1.30904	1.30931	1.30819	1.30930	3449	0	7
2018.06.27	21:00:00	1.30929	1.30991	1.30822	1.30861	2985	0	1
2018.06.27	22:00:00	1.30861	1.30878	1.30703	1.30733	3789	0	1
2018.06.27	23:00:00	1.30737	1.30807	1.30681	1.30690	1849	0	5
2018.06.28	00:00:00	1.30688	1.30793	1.30301	1.30696	249890	0	35
2018.06.28	01:00:00	1.30700	1.30798	1.30546	1.30788	3931	0	24
2018.06.28	02:00:00	1.30788	1.30788	1.30750	1.30773	989	0	13
2018.06.28	03:00:00	1.30773	1.30777	1.30612	1.30615	4532	0	7
2018.06.28	04:00:00	1.30615	1.30674	1.30587	1.30647	2976	0	14
2018.06.28	05:00:00	1.30646	1.30712	1.30630	1.30671	2672	0	8
2018.06.28	06:00:00	1.30672	1.30711	1.30642	1.30688	1648	0	8
2018.06.28	07:00:00	1.30688	1.30744	1.30679	1.30736	1833	0	11
2018.06.28	08:00:00	1.30736	1.30751	1.30438	1.30560	3001	0	1
2018.06.28	09:00:00	1.30559	1.30626	1.30504	1.30543	5124	0	2
2018.06.28	10:00:00	1.30544	1.30667	1.30416	1.30416	12635	0	6
2018.06.28	11:00:00	1.30416	1.30663	1.30406	1.30647	8334	0	2
2018.06.28	12:00:00	1.30647	1.30736	1.30573	1.30690	5497	0	1
2018.06.28	13:00:00	1.30690	1.30722	1.30488	1.30522	7208	0	1
2018.06.28	14:00:00	1.30522	1.30643	1.30473	1.30546	5395	0	3
2018.06.28	15:00:00	1.30546	1.30562	1.30331	1.30342	9263	0	1
2018.06.28	16:00:00	1.30342	1.30571	1.30306	1.30561	11104	0	1
2018.06.28	17:00:00	1.30559	1.30686	1.30446	1.30686	12533	0	1
2018.06.28	18:00:00	1.30684	1.30735	1.30553	1.30663	8497	0	1
2018.06.28	19:00:00	1.30663	1.30676	1.30522	1.30569	4676	0	1
2018.06.28	20:00:00	1.30569	1.30608	1.30453	1.30487	2868	0	8
2018.06.28	21:00:00	1.30487	1.30510	1.30355	1.30474	3611	0	1
2018.06.28	22:00:00	1.30474	1.30521	1.30395	1.30408	2050	0	9
2018.06.28	23:00:00	1.30409	1.30489	1.30374	1.30380	1458	0	7
2018.06.29	00:00:00	1.30416	1.31178	1.30229	1.30313	210478	0	74
2018.06.29	01:00:00	1.30329	1.30472	1.30322	1.30456	759	0	24
2018.06.29	02:00:00	1.30456	1.30472	1.30411	1.30426	791	0	14
2018.06.29	03:00:00	1.30426	1.30471	1.30359	1.30364	4040	0	2
2018.06.29	04:00:00	1.30364	1.30424	1.30364	1.30383	3116	0	10
2018.06.29	05:00:00	1.30383	1.30592	1.30345	1.30387	7988	0	1
2018.06.29	06:00:00	1.30388	1.30444	1.30230	1.30436	6717	0	6
2018.06.29	07:00:00	1.30436	1.30453	1.30334	1.30346	5312	0	4
2018.06.29	08:00:00	1.30346	1.30423	1.30303	1.30410	3587	0	8
2018.06.29	09:00:00	1.30410	1.30417	1.30281	1.30358	5402	0	3
2018.06.29	10:00:00	1.30358	1.30598	1.30355	1.30531	8631	0	4
2018.06.29	11:00:00	1.30531	1.31051	1.30454	1.30709	17923	0	1
2018.06.29	12:00:00	1.30707	1.30812	1.30381	1.30534	8795	0	1
2018.06.29	13:00:00	1.30533	1.30576	1.30412	1.30572	7237	0	1
2018.06.29	14:00:00	1.30572	1.30627	1.30427	1.30551	6993	0	1
2018.06.29	15:00:00	1.30551	1.30618	1.30462	1.30464	9833	0	1
2018.06.29	16:00:00	1.30464	1.30741	1.30441	1.30741	8883	0	3
2018.06.29	17:00:00	1.30741	1.31183	1.30693	1.31059	11771	0	1
2018.06.29	18:00:00	1.31061	1.31180	1.30910	1.30928	10677	0	1
2018.06.29	19:00:00	1.30928	1.30958	1.30809	1.30867	5219	0	2
2018.06.29	20:00:00	1.30867	1.30869	1.30704	1.30707	2882	0	1
2018.06.29	21:00:00	1.30708	1.30779	1.30672	1.30748	2168	0	7
2018.06.29	22:00:00	1.30748	1.30776	1.30686	1.30687	1274	0	9
2018.06.29	23:00:00	1.30686	1.30833	1.30613	1.30792	1764	0	12
2018.07.02	00:00:00	1.30513	1.30858	1.30341	1.30689	80402	0	69
2018.07.02	01:00:00	1.30717	1.30802	1.30669	1.30776	3304	0	24
2018.07.02	02:00:00	1.30776	1.30806	1.30734	1.30789	1117	0	14
2018.07.02	03:00:00	1.30789	1.30799	1.30697	1.30724	3032	0	7
2018.07.02	04:00:00	1.30724	1.30838	1.30723	1.30773	5833	0	12
2018.07.02	05:00:00	1.30773	1.30786	1.30714	1.30738	2118	0	13
2018.07.02	06:00:00	1.30739	1.30741	1.30650	1.30662	3541	0	13
2018.07.02	07:00:00	1.30662	1.30737	1.30642	1.30720	2671	0	13
2018.07.02	08:00:00	1.30720	1.30765	1.30651	1.30765	2852	0	10
2018.07.02	09:00:00	1.30765	1.30804	1.30592	1.30692	5033	0	4
2018.07.02	10:00:00	1.30692	1.30695	1.30477	1.30505	8733	0	3
2018.07.02	11:00:00	1.30505	1.30633	1.30403	1.30599	8535	0	1
2018.07.02	12:00:00	1.30599	1.30636	1.30527	1.30581	4411	0	7
2018.07.02	13:00:00	1.30579	1.30690	1.30555	1.30678	4727	0	4
2018.07.02	14:00:00	1.30678	1.30711	1.30508	1.30520	4764	0	1
2018.07.02	15:00:00	1.30520	1.30560	1.30346	1.30475	8555	0	1
2018.07.02	16:00:00	1.30475	1.30589	1.30408	1.30585	7447	0	4
2018.07.02	17:00:00	1.30585	1.30697	1.30424	1.30549	10646	0	1
2018.07.02	18:00:00	1.30549	1.30656	1.30498	1.30622	5261	0	1
2018.07.02	19:00:00	1.30622	1.30655	1.30577	1.30655	3435	0	4
2018.07.02	20:00:00	1.30655	1.30655	1.30549	1.30577	2039	0	7
2018.07.02	21:00:00	1.30577	1.30615	1.30534	1.30546	1612	0	9
2018.07.02	22:00:00	1.30546	1.30595	1.30508	1.30532	2158	0	6
2018.07.02	23:00:00	1.30532	1.30624	1.30504	1.30533	2434	0	5
2018.07.03	00:00:00	1.30544	1.31093	1.30287	1.30527	82189	0	54
2018.07.03	01:00:00	1.30527	1.30595	1.30527	1.30576	665	0	15
2018.07.03	02:00:00	1.30576	1.30576	1.30511	1.30546	772	0	7
2018.07.03	03:00:00	1.30546	1.30582	1.30504	1.30515	2232	0	9
2018.07.03	04:00:00	1.30515	1.30584	1.30444	1.30530	4832	0	8
2018.07.03	05:00:00	1.30530	1.30595	1.30506	1.30562	3231	0	9
2018.07.03	06:00:00	1.30562	1.30623	1.30543	1.30608	2771	0	14
2018.07.03	07:00:00	1.30608	1.30615	1.30566	1.30610	2685	0	8
2018.07.03	08:00:00	1.30609	1.30763	1.30576	1.30666	3513	0	7
2018.07.03	09:00:00	1.30666	1.30748	1.30659	1.30718	5700	0	3
2018.07.03	10:00:00	1.30718	1.30828	1.30653	1.30676	10604	0	1
2018.07.03	11:00:00	1.30676	1.31009	1.30607	1.31000	9659	0	1
2018.07.03	12:00:00	1.31000	1.31055	1.30818	1.30845	7531	0	4
2018.07.03	13:00:00	1.30845	1.31097	1.30836	1.30979	4960	0	1
2018.07.03	14:00:00	1.30979	1.31097	1.30954	1.30966	4300	0	1
2018.07.03	15:00:00	1.30966	1.31030	1.30873	1.30943	6573	0	2
2018.07.03	16:00:00	1.30943	1.30980	1.30708	1.30755	5272	0	3
2018.07.03	17:00:00	1.30755	1.30833	1.30618	1.30784	7231	0	2
2018.07.03	18:00:00	1.30787	1.30869	1.30702	1.30703	5503	0	2
2018.07.03	19:00:00	1.30704	1.30766	1.30662	1.30696	3922	0	8
2018.07.03	20:00:00	1.30695	1.30738	1.30667	1.30707	1229	0	8
2018.07.03	21:00:00	1.30707	1.30871	1.30669	1.30864	973	0	7
2018.07.03	22:00:00	1.30864	1.31021	1.30850	1.31012	837	0	1
2018.07.03	23:00:00	1.31012	1.31012	1.30860	1.30861	1675	0	11
2018.07.04	00:00:00	1.30860	1.31477	1.30772	1.30878	70893	0	30
2018.07.04	01:00:00	1.30878	1.30912	1.30805	1.30858	626	0	24
2018.07.04	02:00:00	1.30858	1.30887	1.30850	1.30882	533	0	16
2018.07.04	03:00:00	1.30882	1.30915	1.30827	1.30831	2925	0	13
2018.07.04	04:00:00	1.30831	1.30920	1.30806	1.30870	4826	0	8
2018.07.04	05:00:00	1.30867	1.30932	1.30823	1.30913	3672	0	11
2018.07.04	06:00:00	1.30913	1.30925	1.30856	1.30898	2672	0	11
2018.07.04	07:00:00	1.30898	1.30982	1.30894	1.30951	2541	0	11
2018.07.04	08:00:00	1.30951	1.30991	1.30908	1.30924	2740	0	9
2018.07.04	09:00:00	1.30924	1.31077	1.30868	1.31042	5840	0	1
2018.07.04	10:00:00	1.31040	1.31040	1.30786	1.30827	6917	0	1
2018.07.04	11:00:00	1.30827	1.31137	1.30781	1.31115	7198	0	4
2018.07.04	12:00:00	1.31115	1.31199	1.31090	1.31167	4115	0	3
2018.07.04	13:00:00	1.31167	1.31291	1.31119	1.31173	3558	0	5
2018.07.04	14:00:00	1.31173	1.31201	1.31085	1.31194	3561	0	7
2018.07.04	15:00:00	1.31198	1.31231	1.31042	1.31094	5910	0	7
2018.07.04	16:00:00	1.31094	1.31229	1.31045	1.31185	7609	0	7
2018.07.04	17:00:00	1.31184	1.31328	1.31143	1.31168	8676	0	4
2018.07.04	18:00:00	1.31169	1.31412	1.31157	1.31392	4414	0	7
2018.07.04	19:00:00	1.31392	1.31403	1.31215	1.31229	4700	0	1
2018.07.04	20:00:00	1.31229	1.31482	1.31210	1.31346	3137	0	2
2018.07.04	21:00:00	1.31346	1.31393	1.31280	1.31342	912	0	2
2018.07.04	22:00:00	1.31342	1.31378	1.31248	1.31294	4336	0	1
2018.07.04	23:00:00	1.31294	1.31391	1.31239	1.31239	5303	0	22
2018.07.05	00:00:00	1.31036	1.31684	1.30928	1.31310	89811	0	128
2018.07.05	01:00:00	1.31310	1.31349	1.31272	1.31295	541	0	24
2018.07.05	02:00:00	1.31295	1.31330	1.31264	1.31266	859	0	15
2018.07.05	03:00:00	1.31266	1.31330	1.31207	1.31210	2878	0	7
2018.07.05	04:00:00	1.31210	1.31433	1.31208	1.31431	3495	0	9
2018.07.05	05:00:00	1.31431	1.31451	1.31377	1.31395	3310	0	7
2018.07.05	06:00:00	1.31395	1.31419	1.31356	1.31376	2278	0	13
2018.07.05	07:00:00	1.31379	1.31429	1.31363	1.31372	2064	0	11
2018.07.05	08:00:00	1.31372	1.31439	1.31265	1.31275	5023	0	10
2018.07.05	09:00:00	1.31276	1.31353	1.31193	1.31311	6104	0	4
2018.07.05	10:00:00	1.31311	1.31470	1.31281	1.31334	5415	0	4
2018.07.05	11:00:00	1.31335	1.31439	1.31304	1.31421	4636	0	1
2018.07.05	12:00:00	1.31421	1.31691	1.31320	1.31552	6297	0	1
2018.07.05	13:00:00	1.31552	1.31612	1.31409	1.31431	4746	0	1
2018.07.05	14:00:00	1.31431	1.31554	1.31414	1.31507	4534	0	2
2018.07.05	15:00:00	1.31507	1.31601	1.31445	1.31565	6264	0	6
2018.07.05	16:00:00	1.31565	1.31614	1.31094	1.31227	11103	0	1
2018.07.05	17:00:00	1.31227	1.31358	1.31140	1.31162	10336	0	1
2018.07.05	18:00:00	1.31161	1.31295	1.31120	1.31295	6549	0	4
2018.07.05	19:00:00	1.31295	1.31316	1.31208	1.31276	3226	0	4
2018.07.05	20:00:00	1.31276	1.31337	1.31184	1.31201	3133	0	8
2018.07.05	21:00:00	1.31200	1.31375	1.31180	1.31356	4539	0	7
2018.07.05	22:00:00	1.31354	1.31389	1.31323	1.31351	1782	0	7
2018.07.05	23:00:00	1.31351	1.31353	1.31081	1.31081	1006	0	10
2018.07.06	00:00:00	1.31130	1.31619	1.30895	1.31297	90219	0	49
2018.07.06	01:00:00	1.31297	1.31351	1.31248	1.31333	580	0	19
2018.07.06	02:00:00	1.31339	1.31362	1.31300	1.31310	879	0	11
2018.07.06	03:00:00	1.31310	1.31322	1.31273	1.31277	3002	0	12
2018.07.06	04:00:00	1.31277	1.31330	1.31271	1.31292	3422	0	13
2018.07.06	05:00:00	1.31289	1.31327	1.31265	1.31320	2368	0	11
2018.07.06	06:00:00	1.31320	1.31390	1.31318	1.31379	1511	0	8
2018.07.06	07:00:00	1.31379	1.31405	1.31318	1.31327	3732	0	12
2018.07.06	08:00:00	1.31327	1.31393	1.31316	1.31360	2621	0	6
2018.07.06	09:00:00	1.31359	1.31383	1.31282	1.31334	5410	0	1
2018.07.06	10:00:00	1.31336	1.31475	1.31283	1.31458	7339	0	1
2018.07.06	11:00:00	1.31458	1.31509	1.31384	1.31454	5105	0	7
2018.07.06	12:00:00	1.31454	1.31486	1.31268	1.31277	5532	0	1
2018.07.06	13:00:00	1.31276	1.31412	1.31223	1.31386	3625	0	5
2018.07.06	14:00:00	1.31386	1.31445	1.31281	1.31312	3314	0	6
2018.07.06	15:00:00	1.31312	1.31408	1.31127	1.31200	11893	0	2
2018.07.06	16:00:00	1.31200	1.31317	1.31139	1.31170	7685	0	1
2018.07.06	17:00:00	1.31170	1.31342	1.31153	1.31319	7599	0	2
2018.07.06	18:00:00	1.31320	1.31388	1.31262	1.31306	6324	0	4
2018.07.06	19:00:00	1.31306	1.31364	1.31247	1.31259	4329	0	1
2018.07.06	20:00:00	1.31261	1.31372	1.31236	1.31323	1326	0	6
2018.07.06	21:00:00	1.31323	1.31382	1.31306	1.31349	1373	0	9
2018.07.06	22:00:00	1.31350	1.31454	1.31341	1.31446	1201	0	6
2018.07.06	23:00:00	1.31446	1.31626	1.31431	1.31512	2533	0	8
2018.07.09	00:00:00	1.31536	1.32005	1.30867	1.31725	86564	0	73
2018.07.09	01:00:00	1.31710	1.31800	1.31469	1.31552	7666	0	26
2018.07.09	02:00:00	1.31556	1.31627	1.31483	1.31526	2338	0	6
2018.07.09	03:00:00	1.31526	1.31549	1.31378	1.31391	2886	0	5
2018.07.09	04:00:00	1.31391	1.31437	1.31333	1.31389	3412	0	8
2018.07.09	05:00:00	1.31389	1.31398	1.31313	1.31378	2227	0	11
2018.07.09	06:00:00	1.31378	1.31432	1.31365	1.31406	1879	0	8
2018.07.09	07:00:00	1.31406	1.31441	1.31402	1.31432	1054	0	7
2018.07.09	08:00:00	1.31432	1.31490	1.31357	1.31454	3038	0	9
2018.07.09	09:00:00	1.31454	1.31568	1.31403	1.31441	7950	0	1
2018.07.09	10:00:00	1.31441	1.31621	1.31289	1.31621	7813	0	1
2018.07.09	11:00:00	1.31621	1.31800	1.31571	1.31672	10674	0	1
2018.07.09	12:00:00	1.31672	1.31804	1.31644	1.31684	7430	0	2
2018.07.09	13:00:00	1.31684	1.31790	1.31641	1.31707	4665	0	1
2018.07.09	14:00:00	1.31707	1.31858	1.31666	1.31854	4744	0	5
2018.07.09	15:00:00	1.31854	1.31985	1.31743	1.31985	5118	0	30
2018.07.09	16:00:00	1.31985	1.32001	1.31630	1.31694	7542	0	30
2018.07.09	17:00:00	1.31694	1.31788	1.31146	1.31317	11426	0	17
2018.07.09	18:00:00	1.31311	1.31423	1.30851	1.30896	7333	0	30
2018.07.09	19:00:00	1.30896	1.31207	1.30874	1.31096	5230	0	30
2018.07.09	20:00:00	1.31096	1.31513	1.31078	1.31401	4299	0	30
2018.07.09	21:00:00	1.31401	1.31550	1.31392	1.31457	3529	0	30
2018.07.09	22:00:00	1.31450	1.31474	1.31394	1.31424	2710	0	30
2018.07.09	23:00:00	1.31424	1.31465	1.31342	1.31406	1540	0	28
2018.07.10	00:00:00	1.31401	1.32041	1.31240	1.31445	76807	0	17
2018.07.10	01:00:00	1.31443	1.31447	1.31344	1.31368	1163	0	21
2018.07.10	02:00:00	1.31369	1.31405	1.31348	1.31393	868	0	14
2018.07.10	03:00:00	1.31393	1.31420	1.31339	1.31403	2176	0	12
2018.07.10	04:00:00	1.31403	1.31468	1.31394	1.31404	2083	0	10
2018.07.10	05:00:00	1.31406	1.31455	1.31393	1.31440	1779	0	11
2018.07.10	06:00:00	1.31440	1.31450	1.31326	1.31341	1868	0	10
2018.07.10	07:00:00	1.31341	1.31399	1.31330	1.31399	1407	0	8
2018.07.10	08:00:00	1.31398	1.31409	1.31300	1.31343	1690	0	10
2018.07.10	09:00:00	1.31345	1.31474	1.31239	1.31452	5039	0	1
2018.07.10	10:00:00	1.31450	1.31773	1.31423	1.31758	10266	0	1
2018.07.10	11:00:00	1.31758	1.31938	1.31481	1.31567	10327	0	1
2018.07.10	12:00:00	1.31567	1.31680	1.31512	1.31589	6758	0	5
2018.07.10	13:00:00	1.31589	1.31744	1.31589	1.31686	6398	0	3
2018.07.10	14:00:00	1.31686	1.31799	1.31642	1.31734	7532	0	2
2018.07.10	15:00:00	1.31735	1.32048	1.31723	1.31953	7151	0	1
2018.07.10	16:00:00	1.31953	1.32018	1.31800	1.31804	6317	0	1
2018.07.10	17:00:00	1.31804	1.31903	1.31704	1.31752	8607	0	1
2018.07.10	18:00:00	1.31752	1.31834	1.31508	1.31674	7056	0	1
2018.07.10	19:00:00	1.31676	1.31681	1.31438	1.31532	6827	0	1
2018.07.10	20:00:00	1.31531	1.31653	1.31511	1.31647	2373	0	8
2018.07.10	21:00:00	1.31647	1.31688	1.31619	1.31622	1445	0	6
2018.07.10	22:00:00	1.31623	1.31702	1.31602	1.31696	1624	0	8
2018.07.10	23:00:00	1.31697	1.31756	1.31604	1.31628	1696	0	12
2018.07.11	00:00:00	1.31614	1.31830	1.31393	1.31662	89063	0	47
2018.07.11	01:00:00	1.31662	1.31691	1.31515	1.31563	2508	0	30
2018.07.11	02:00:00	1.31563	1.31743	1.31544	1.31596	1709	0	10
2018.07.11	03:00:00	1.31596	1.31609	1.31520	1.31528	2379	0	36
2018.07.11	04:00:00	1.31529	1.31607	1.31501	1.31596	3799	0	32
2018.07.11	05:00:00	1.31596	1.31624	1.31550	1.31581	2813	0	32
2018.07.11	06:00:00	1.31581	1.31650	1.31513	1.31577	1664	0	14
2018.07.11	07:00:00	1.31581	1.31598	1.31510	1.31523	2058	0	13
2018.07.11	08:00:00	1.31523	1.31610	1.31510	1.31548	2142	0	16
2018.07.11	09:00:00	1.31548	1.31617	1.31458	1.31467	4330	0	9
2018.07.11	10:00:00	1.31467	1.31657	1.31425	1.31584	6696	0	8
2018.07.11	11:00:00	1.31584	1.31641	1.31496	1.31637	4985	0	30
2018.07.11	12:00:00	1.31637	1.31809	1.31546	1.31732	5904	0	8
2018.07.11	13:00:00	1.31734	1.31754	1.31581	1.31717	7329	0	1
2018.07.11	14:00:00	1.31717	1.31836	1.31624	1.31641	7630	0	2
2018.07.11	15:00:00	1.31643	1.31713	1.31494	1.31525	10790	0	1
2018.07.11	16:00:00	1.31525	1.31619	1.31414	1.31585	7914	0	1
2018.07.11	17:00:00	1.31585	1.31618	1.31454	1.31560	9587	0	1
2018.07.11	18:00:00	1.31560	1.31581	1.31454	1.31472	9431	0	5
2018.07.11	19:00:00	1.31472	1.31562	1.31433	1.31482	5270	0	2
2018.07.11	20:00:00	1.31482	1.31581	1.31396	1.31569	5416	0	6
2018.07.11	21:00:00	1.31565	1.31644	1.31463	1.31571	6659	0	31
2018.07.11	22:00:00	1.31571	1.31603	1.31477	1.31517	4792	0	32
2018.07.11	23:00:00	1.31515	1.31548	1.31456	1.31481	2419	0	32
2018.07.12	00:00:00	1.31464	1.32563	1.31348	1.31437	81724	0	37
2018.07.12	01:00:00	1.31437	1.31483	1.31435	1.31467	1550	0	45
2018.07.12	02:00:00	1.31470	1.31474	1.31432	1.31462	1054	0	38
2018.07.12	03:00:00	1.31462	1.31496	1.31438	1.31476	1681	0	34
2018.07.12	04:00:00	1.31476	1.31480	1.31348	1.31384	2871	0	34
2018.07.12	05:00:00	1.31384	1.31439	1.31370	1.31401	1340	0	30
2018.07.12	06:00:00	1.31400	1.31442	1.31371	1.31433	1429	0	32
2018.07.12	07:00:00	1.31434	1.31508	1.31419	1.31469	1891	0	32
2018.07.12	08:00:00	1.31471	1.31549	1.31401	1.31458	2183	0	13
2018.07.12	09:00:00	1.31433	1.31536	1.31427	1.31519	3739	0	15
2018.07.12	10:00:00	1.31516	1.31592	1.31478	1.31585	5965	0	31
2018.07.12	11:00:00	1.31585	1.31796	1.31487	1.31752	5674	0	5
2018.07.12	12:00:00	1.31752	1.31839	1.31674	1.31779	6667	0	1
2018.07.12	13:00:00	1.31778	1.31916	1.31766	1.31867	6035	0	3
2018.07.12	14:00:00	1.31867	1.31883	1.31707	1.31855	7489	0	2
2018.07.12	15:00:00	1.31857	1.32176	1.31806	1.32080	9897	0	3
2018.07.12	16:00:00	1.32080	1.32556	1.32067	1.32487	9846	0	1
2018.07.12	17:00:00	1.32487	1.32572	1.32204	1.32222	10299	0	1
2018.07.12	18:00:00	1.32226	1.32551	1.32196	1.32484	7545	0	6
2018.07.12	19:00:00	1.32486	1.32499	1.32322	1.32374	7657	0	7
2018.07.12	20:00:00	1.32372	1.32389	1.32271	1.32307	3166	0	11
2018.07.12	21:00:00	1.32307	1.32410	1.32282	1.32394	2909	0	2
2018.07.12	22:00:00	1.32394	1.32439	1.32378	1.32431	2164	0	5
2018.07.12	23:00:00	1.32431	1.32431	1.32303	1.32303	2063	0	9
2018.07.13	00:00:00	1.32321	1.32633	1.31592	1.32347	78838	0	32
2018.07.13	01:00:00	1.32347	1.32347	1.32126	1.32229	2785	0	13
2018.07.13	02:00:00	1.32229	1.32231	1.32072	1.32140	2084	0	12
2018.07.13	03:00:00	1.32139	1.32226	1.32129	1.32177	3198	0	1
2018.07.13	04:00:00	1.32177	1.32199	1.32098	1.32131	2845	0	10
2018.07.13	05:00:00	1.32131	1.32160	1.32019	1.32062	2589	0	14
2018.07.13	06:00:00	1.32062	1.32073	1.31990	1.32049	1307	0	8
2018.07.13	07:00:00	1.32049	1.32049	1.31995	1.32003	1534	0	12
2018.07.13	08:00:00	1.32003	1.32101	1.31980	1.32048	1938	0	10
2018.07.13	09:00:00	1.32048	1.32102	1.31958	1.32047	4317	0	6
2018.07.13	10:00:00	1.32046	1.32117	1.31660	1.31771	8638	0	1
2018.07.13	11:00:00	1.31771	1.31771	1.31633	1.31721	6946	0	6
2018.07.13	12:00:00	1.31721	1.31876	1.31597	1.31803	8091	0	1
2018.07.13	13:00:00	1.31803	1.32070	1.31773	1.32035	6464	0	1
2018.07.13	14:00:00	1.32035	1.32262	1.31926	1.32178	7590	0	1
2018.07.13	15:00:00	1.32178	1.32307	1.32121	1.32192	7145	0	1
2018.07.13	16:00:00	1.32191	1.32400	1.32189	1.32301	10060	0	3
2018.07.13	17:00:00	1.32300	1.32504	1.32265	1.32464	11506	0	1
2018.07.13	18:00:00	1.32463	1.32641	1.32422	1.32510	7420	0	1
2018.07.13	19:00:00	1.32510	1.32593	1.32486	1.32517	4576	0	7
2018.07.13	20:00:00	1.32517	1.32586	1.32505	1.32536	2001	0	8
2018.07.13	21:00:00	1.32536	1.32567	1.32499	1.32552	2270	0	8
2018.07.13	22:00:00	1.32552	1.32622	1.32546	1.32574	1427	0	3
2018.07.13	23:00:00	1.32574	1.32596	1.32540	1.32548	1020	0	13
2018.07.16	00:00:00	1.32406	1.32662	1.31845	1.32400	64712	0	107
2018.07.16	01:00:00	1.32401	1.32573	1.32401	1.32568	1072	0	35
2018.07.16	02:00:00	1.32568	1.32604	1.32546	1.32562	669	0	13
2018.07.16	03:00:00	1.32562	1.32611	1.32556	1.32597	1809	0	12
2018.07.16	04:00:00	1.32597	1.32612	1.32549	1.32588	2404	0	6
2018.07.16	05:00:00	1.32590	1.32639	1.32568	1.32598	3448	0	10
2018.07.16	06:00:00	1.32598	1.32615	1.32565	1.32576	1772	0	9
2018.07.16	07:00:00	1.32575	1.32593	1.32556	1.32584	1393	0	11
2018.07.16	08:00:00	1.32583	1.32625	1.32545	1.32570	2572	0	10
2018.07.16	09:00:00	1.32566	1.32605	1.32520	1.32580	4199	0	6
2018.07.16	10:00:00	1.32573	1.32632	1.32377	1.32466	8615	0	3
2018.07.16	11:00:00	1.32466	1.32581	1.32412	1.32571	5574	0	4
2018.07.16	12:00:00	1.32571	1.32661	1.32469	1.32606	6313	0	1
2018.07.16	13:00:00	1.32607	1.32624	1.32412	1.32559	4914	0	2
2018.07.16	14:00:00	1.32559	1.32658	1.32420	1.32454	4501	0	1
2018.07.16	15:00:00	1.32453	1.32541	1.32243	1.32253	5010	0	1
2018.07.16	16:00:00	1.32253	1.32419	1.32210	1.32277	7664	0	3
2018.07.16	17:00:00	1.32277	1.32327	1.32107	1.32122	8417	0	1
2018.07.16	18:00:00	1.32123	1.32131	1.31932	1.32001	6361	0	2
2018.07.16	19:00:00	1.32001	1.32027	1.31897	1.31916	3741	0	6
2018.07.16	20:00:00	1.31916	1.31946	1.31855	1.31891	1640	0	7
2018.07.16	21:00:00	1.31891	1.31920	1.31852	1.31869	1600	0	10
2018.07.16	22:00:00	1.31869	1.31936	1.31850	1.31895	1581	0	10
2018.07.16	23:00:00	1.31895	1.31950	1.31859	1.31859	1043	0	9
2018.07.17	00:00:00	1.31852	1.32018	1.30701	1.31976	87941	0	10
2018.07.17	01:00:00	1.31976	1.31976	1.31898	1.31962	1045	0	23
2018.07.17	02:00:00	1.31962	1.31963	1.31914	1.31944	906	0	13
2018.07.17	03:00:00	1.31944	1.31946	1.31873	1.31901	2702	0	6
2018.07.17	04:00:00	1.31901	1.31956	1.31842	1.31842	2865	0	10
2018.07.17	05:00:00	1.31843	1.31923	1.31842	1.31900	1625	0	9
2018.07.17	06:00:00	1.31900	1.31982	1.31899	1.31951	2603	0	4
2018.07.17	07:00:00	1.31951	1.31998	1.31951	1.31967	2197	0	13
2018.07.17	08:00:00	1.31968	1.31978	1.31909	1.31912	1628	0	10
2018.07.17	09:00:00	1.31913	1.31991	1.31863	1.31958	3917	0	6
2018.07.17	10:00:00	1.31958	1.31986	1.31732	1.31841	5532	0	2
2018.07.17	11:00:00	1.31841	1.31935	1.31669	1.31801	7996	0	1
2018.07.17	12:00:00	1.31801	1.31892	1.31663	1.31663	4734	0	1
2018.07.17	13:00:00	1.31663	1.31765	1.31550	1.31682	4871	0	1
2018.07.17	14:00:00	1.31682	1.31685	1.31286	1.31368	6134	0	1
2018.07.17	15:00:00	1.31369	1.31369	1.30833	1.30956	8466	0	1
2018.07.17	16:00:00	1.30956	1.31148	1.30938	1.31113	8138	0	6
2018.07.17	17:00:00	1.31113	1.31415	1.31062	1.31381	13414	0	1
2018.07.17	18:00:00	1.31380	1.31507	1.31306	1.31498	9560	0	1
2018.07.17	19:00:00	1.31498	1.31532	1.31272	1.31297	7551	0	1
2018.07.17	20:00:00	1.31297	1.31349	1.30698	1.31310	5686	0	1
2018.07.17	21:00:00	1.31310	1.31334	1.31070	1.31139	2806	0	1
2018.07.17	22:00:00	1.31138	1.31157	1.31016	1.31050	1184	0	9
2018.07.17	23:00:00	1.31050	1.31174	1.31013	1.31130	1204	0	8
2018.07.18	00:00:00	1.31141	1.31390	1.30121	1.31145	79423	0	21
2018.07.18	01:00:00	1.31144	1.31158	1.31113	1.31142	387	0	23
2018.07.18	02:00:00	1.31141	1.31148	1.31044	1.31101	1027	0	11
2018.07.18	03:00:00	1.31102	1.31188	1.31102	1.31180	2683	0	12
2018.07.18	04:00:00	1.31178	1.31178	1.31124	1.31169	3083	0	10
2018.07.18	05:00:00	1.31167	1.31215	1.31161	1.31179	1823	0	15
2018.07.18	06:00:00	1.31179	1.31260	1.31179	1.31245	1735	0	6
2018.07.18	07:00:00	1.31245	1.31264	1.31190	1.31233	1807	0	11
2018.07.18	08:00:00	1.31233	1.31263	1.31190	1.31218	2926	0	11
2018.07.18	09:00:00	1.31218	1.31276	1.31138	1.31248	4415	0	7
2018.07.18	10:00:00	1.31248	1.31392	1.31117	1.31133	7855	0	6
2018.07.18	11:00:00	1.31133	1.31309	1.30519	1.30662	12101	0	1
2018.07.18	12:00:00	1.30663	1.30718	1.30297	1.30339	8068	0	1
2018.07.18	13:00:00	1.30339	1.30437	1.30296	1.30299	6807	0	4
2018.07.18	14:00:00	1.30299	1.30381	1.30255	1.30307	6042	0	1
2018.07.18	15:00:00	1.30307	1.30360	1.30108	1.30329	6937	0	5
2018.07.18	16:00:00	1.30331	1.30448	1.30270	1.30391	9048	0	2
2018.07.18	17:00:00	1.30391	1.30505	1.30313	1.30453	9299	0	2
2018.07.18	18:00:00	1.30453	1.30511	1.30384	1.30404	6295	0	4
2018.07.18	19:00:00	1.30404	1.30526	1.30374	1.30468	5041	0	3
2018.07.18	20:00:00	1.30468	1.30501	1.30427	1.30442	1592	0	7
2018.07.18	21:00:00	1.30443	1.30525	1.30406	1.30510	1411	0	6
2018.07.18	22:00:00	1.30510	1.30706	1.30462	1.30655	2724	0	1
2018.07.18	23:00:00	1.30655	1.30716	1.30518	1.30518	1441	0	5
2018.07.19	00:00:00	1.30503	1.30657	1.29843	1.30563	92269	0	43
2018.07.19	01:00:00	1.30562	1.30609	1.30549	1.30584	1024	0	29
2018.07.19	02:00:00	1.30584	1.30631	1.30578	1.30611	972	0	15
2018.07.19	03:00:00	1.30612	1.30617	1.30519	1.30526	3319	0	8
2018.07.19	04:00:00	1.30526	1.30541	1.30452	1.30509	4043	0	9
2018.07.19	05:00:00	1.30509	1.30579	1.30467	1.30578	2600	0	9
2018.07.19	06:00:00	1.30580	1.30657	1.30552	1.30638	2151	0	13
2018.07.19	07:00:00	1.30637	1.30652	1.30599	1.30642	2046	0	9
2018.07.19	08:00:00	1.30642	1.30664	1.30597	1.30630	2191	0	9
2018.07.19	09:00:00	1.30630	1.30631	1.30446	1.30534	5019	0	1
2018.07.19	10:00:00	1.30534	1.30594	1.30251	1.30298	9857	0	2
2018.07.19	11:00:00	1.30295	1.30443	1.30053	1.30238	12521	0	1
2018.07.19	12:00:00	1.30238	1.30381	1.30207	1.30271	8825	0	3
2018.07.19	13:00:00	1.30271	1.30357	1.30133	1.30140	6452	0	2
2018.07.19	14:00:00	1.30140	1.30203	1.30051	1.30141	7725	0	1
2018.07.19	15:00:00	1.30141	1.30212	1.30091	1.30105	8676	0	1
2018.07.19	16:00:00	1.30105	1.30198	1.30044	1.30127	10834	0	1
2018.07.19	17:00:00	1.30127	1.30302	1.30103	1.30196	9234	0	1
2018.07.19	18:00:00	1.30196	1.30220	1.30059	1.30064	6548	0	5
2018.07.19	19:00:00	1.30063	1.30089	1.29962	1.30033	3008	0	3
2018.07.19	20:00:00	1.30033	1.30113	1.29866	1.29998	13423	0	1
2018.07.19	21:00:00	1.29998	1.30058	1.29963	1.29977	5971	0	9
2018.07.19	22:00:00	1.29977	1.30016	1.29927	1.29956	2998	0	9
2018.07.19	23:00:00	1.29955	1.30051	1.29950	1.29980	1497	0	11
2018.07.20	00:00:00	1.29803	1.30478	1.29699	1.30036	95767	0	16
2018.07.20	01:00:00	1.30032	1.30065	1.30003	1.30031	1756	0	36
2018.07.20	02:00:00	1.30031	1.30088	1.30023	1.30065	1786	0	12
2018.07.20	03:00:00	1.30065	1.30139	1.30038	1.30050	4095	0	11
2018.07.20	04:00:00	1.30050	1.30142	1.30000	1.30084	7396	0	1
2018.07.20	05:00:00	1.30085	1.30162	1.30034	1.30054	6473	0	10
2018.07.20	06:00:00	1.30054	1.30134	1.30030	1.30107	4314	0	14
2018.07.20	07:00:00	1.30107	1.30143	1.30057	1.30068	3443	0	13
2018.07.20	08:00:00	1.30068	1.30129	1.30054	1.30099	3676	0	11
2018.07.20	09:00:00	1.30099	1.30132	1.29978	1.30071	6449	0	5
2018.07.20	10:00:00	1.30071	1.30096	1.29859	1.29913	9453	0	7
2018.07.20	11:00:00	1.29913	1.30053	1.29908	1.30039	5983	0	7
2018.07.20	12:00:00	1.30039	1.30093	1.29954	1.29978	8533	0	7
2018.07.20	13:00:00	1.29978	1.30196	1.29883	1.30069	9243	0	3
2018.07.20	14:00:00	1.30069	1.30207	1.30056	1.30085	5647	0	1
2018.07.20	15:00:00	1.30085	1.30133	1.29912	1.30027	12025	0	1
2018.07.20	16:00:00	1.30027	1.30330	1.29976	1.30304	13191	0	1
2018.07.20	17:00:00	1.30305	1.30416	1.30221	1.30378	10529	0	1
2018.07.20	18:00:00	1.30378	1.30470	1.30315	1.30390	6257	0	1
2018.07.20	19:00:00	1.30390	1.30476	1.30335	1.30455	3014	0	2
2018.07.20	20:00:00	1.30453	1.30486	1.30373	1.30434	1843	0	4
2018.07.20	21:00:00	1.30434	1.30434	1.30244	1.30329	2578	0	1
2018.07.20	22:00:00	1.30329	1.30388	1.30269	1.30308	1635	0	3
2018.07.20	23:00:00	1.30308	1.30366	1.30239	1.30309	1858	0	10
2018.07.23	00:00:00	1.30115	1.30361	1.29841	1.30216	69410	0	79
2018.07.23	01:00:00	1.30213	1.30329	1.30209	1.30304	1650	0	53
2018.07.23	02:00:00	1.30296	1.30302	1.30231	1.30253	1896	0	35
2018.07.23	03:00:00	1.30253	1.30285	1.30142	1.30226	3370	0	32
2018.07.23	04:00:00	1.30223	1.30260	1.30177	1.30223	3442	0	35
2018.07.23	05:00:00	1.30223	1.30255	1.30218	1.30247	3193	0	34
2018.07.23	06:00:00	1.30247	1.30279	1.30227	1.30249	2199	0	36
2018.07.23	07:00:00	1.30248	1.30266	1.30203	1.30250	3282	0	32
2018.07.23	08:00:00	1.30244	1.30283	1.30215	1.30235	2934	0	30
2018.07.23	09:00:00	1.30235	1.30288	1.30183	1.30247	4529	0	30
2018.07.23	10:00:00	1.30250	1.30325	1.30205	1.30267	6848	0	30
2018.07.23	11:00:00	1.30267	1.30313	1.30069	1.30096	5993	0	30
2018.07.23	12:00:00	1.30096	1.30218	1.30096	1.30173	5699	0	30
2018.07.23	13:00:00	1.30174	1.30357	1.30173	1.30305	4525	0	31
2018.07.23	14:00:00	1.30309	1.30353	1.30191	1.30258	3673	0	30
2018.07.23	15:00:00	1.30261	1.30306	1.30187	1.30200	5385	0	30
2018.07.23	16:00:00	1.30200	1.30219	1.30016	1.30051	7185	0	30
2018.07.23	17:00:00	1.30051	1.30187	1.29918	1.30180	8269	0	30
2018.07.23	18:00:00	1.30180	1.30189	1.29993	1.30067	6554	0	30
2018.07.23	19:00:00	1.30068	1.30127	1.30028	1.30094	3184	0	30
2018.07.23	20:00:00	1.30094	1.30174	1.30044	1.30111	2872	0	31
2018.07.23	21:00:00	1.30111	1.30130	1.29972	1.30079	3212	0	31
2018.07.23	22:00:00	1.30079	1.30113	1.30030	1.30094	2626	0	30
2018.07.23	23:00:00	1.30100	1.30113	1.29982	1.30006	2171	0	25
2018.07.24	00:00:00	1.29841	1.30712	1.29671	1.30014	78231	0	31
2018.07.24	01:00:00	1.30014	1.30095	1.30001	1.30088	1229	0	43
2018.07.24	02:00:00	1.30085	1.30135	1.30049	1.30121	2386	0	33
2018.07.24	03:00:00	1.30120	1.30125	1.30037	1.30042	2520	0	32
2018.07.24	04:00:00	1.30042	1.30113	1.30011	1.30074	4598	0	30
2018.07.24	05:00:00	1.30075	1.30094	1.30026	1.30077	2794	0	35
2018.07.24	06:00:00	1.30079	1.30083	1.30018	1.30031	2611	0	34
2018.07.24	07:00:00	1.30035	1.30070	1.30021	1.30061	2690	0	28
2018.07.24	08:00:00	1.30063	1.30085	1.30033	1.30066	1706	0	33
2018.07.24	09:00:00	1.30066	1.30154	1.30027	1.30102	4766	0	30
2018.07.24	10:00:00	1.30100	1.30351	1.30048	1.30268	7992	0	30
2018.07.24	11:00:00	1.30268	1.30388	1.30243	1.30376	5640	0	30
2018.07.24	12:00:00	1.30376	1.30407	1.30265	1.30308	4868	0	30
2018.07.24	13:00:00	1.30310	1.30461	1.30297	1.30351	5657	0	30
2018.07.24	14:00:00	1.30350	1.30423	1.30310	1.30371	5791	0	30
2018.07.24	15:00:00	1.30376	1.30416	1.30280	1.30322	6351	0	30
2018.07.24	16:00:00	1.30314	1.30626	1.30305	1.30534	7184	0	30
2018.07.24	17:00:00	1.30534	1.30654	1.30444	1.30650	7809	0	30
2018.07.24	18:00:00	1.30650	1.30653	1.30512	1.30589	5172	0	30
2018.07.24	19:00:00	1.30592	1.30709	1.30572	1.30587	3335	0	30
2018.07.24	20:00:00	1.30586	1.30617	1.30510	1.30560	3855	0	31
2018.07.24	21:00:00	1.30560	1.30607	1.30508	1.30586	3777	0	30
2018.07.24	22:00:00	1.30586	1.30673	1.30558	1.30607	2414	0	30
2018.07.24	23:00:00	1.30610	1.30637	1.30571	1.30592	1816	0	30
2018.07.25	00:00:00	1.30580	1.30843	1.30318	1.30567	78634	0	30
2018.07.25	01:00:00	1.30567	1.30648	1.30548	1.30629	1208	0	34
2018.07.25	02:00:00	1.30629	1.30666	1.30617	1.30635	821	0	33
2018.07.25	03:00:00	1.30636	1.30665	1.30576	1.30611	3051	0	31
2018.07.25	04:00:00	1.30611	1.30649	1.30592	1.30619	2800	0	33
2018.07.25	05:00:00	1.30624	1.30681	1.30612	1.30672	2695	0	31
2018.07.25	06:00:00	1.30672	1.30679	1.30620	1.30657	2433	0	33
2018.07.25	07:00:00	1.30661	1.30661	1.30601	1.30606	1655	0	34
2018.07.25	08:00:00	1.30606	1.30629	1.30548	1.30618	2966	0	32
2018.07.25	09:00:00	1.30618	1.30738	1.30574	1.30710	4451	0	30
2018.07.25	10:00:00	1.30710	1.30737	1.30565	1.30576	5744	0	30
2018.07.25	11:00:00	1.30576	1.30610	1.30491	1.30578	5385	0	30
2018.07.25	12:00:00	1.30578	1.30605	1.30312	1.30423	5776	0	30
2018.07.25	13:00:00	1.30423	1.30549	1.30364	1.30525	5139	0	30
2018.07.25	14:00:00	1.30525	1.30560	1.30417	1.30507	5812	0	30
2018.07.25	15:00:00	1.30510	1.30685	1.30446	1.30595	4749	0	30
2018.07.25	16:00:00	1.30595	1.30654	1.30546	1.30605	7142	0	30
2018.07.25	17:00:00	1.30607	1.30691	1.30450	1.30676	8444	0	30
2018.07.25	18:00:00	1.30678	1.30718	1.30601	1.30711	7359	0	30
2018.07.25	19:00:00	1.30710	1.30724	1.30596	1.30675	4126	0	30
2018.07.25	20:00:00	1.30675	1.30739	1.30644	1.30662	5549	0	30
2018.07.25	21:00:00	1.30664	1.30761	1.30648	1.30734	3922	0	30
2018.07.25	22:00:00	1.30732	1.30838	1.30690	1.30777	5046	0	30
2018.07.25	23:00:00	1.30778	1.30826	1.30737	1.30775	3242	0	31
2018.07.26	00:00:00	1.30761	1.31028	1.30265	1.30709	76666	0	35
2018.07.26	01:00:00	1.30727	1.30805	1.30701	1.30733	2166	0	41
2018.07.26	02:00:00	1.30733	1.30795	1.30731	1.30787	1535	0	34
2018.07.26	03:00:00	1.30787	1.30820	1.30749	1.30810	2940	0	33
2018.07.26	04:00:00	1.30811	1.30862	1.30791	1.30814	3024	0	35
2018.07.26	05:00:00	1.30814	1.30854	1.30802	1.30820	2745	0	33
2018.07.26	06:00:00	1.30820	1.30872	1.30802	1.30866	2184	0	34
2018.07.26	07:00:00	1.30866	1.30890	1.30848	1.30865	1679	0	32
2018.07.26	08:00:00	1.30862	1.30895	1.30849	1.30857	2772	0	32
2018.07.26	09:00:00	1.30857	1.30939	1.30802	1.30880	4575	0	30
2018.07.26	10:00:00	1.30881	1.30949	1.30729	1.30887	4997	0	30
2018.07.26	11:00:00	1.30887	1.30894	1.30757	1.30835	4410	0	30
2018.07.26	12:00:00	1.30836	1.31030	1.30800	1.30949	4211	0	30
2018.07.26	13:00:00	1.30949	1.30964	1.30799	1.30811	3950	0	30
2018.07.26	14:00:00	1.30811	1.30846	1.30744	1.30764	5594	0	30
2018.07.26	15:00:00	1.30763	1.30769	1.30575	1.30629	9986	0	30
2018.07.26	16:00:00	1.30627	1.30682	1.30469	1.30507	9455	0	30
2018.07.26	17:00:00	1.30504	1.30643	1.30307	1.30625	9472	0	30
2018.07.26	18:00:00	1.30625	1.30668	1.30322	1.30365	6893	0	30
2018.07.26	19:00:00	1.30366	1.30400	1.30293	1.30379	4808	0	30
2018.07.26	20:00:00	1.30379	1.30440	1.30361	1.30419	4128	0	31
2018.07.26	21:00:00	1.30419	1.30425	1.30345	1.30367	3291	0	30
2018.07.26	22:00:00	1.30367	1.30398	1.30321	1.30334	2308	0	30
2018.07.26	23:00:00	1.30331	1.30359	1.30272	1.30279	1977	0	26
2018.07.27	00:00:00	1.30253	1.30687	1.30000	1.30277	64046	0	51
2018.07.27	01:00:00	1.30277	1.30312	1.30268	1.30278	1051	0	48
2018.07.27	02:00:00	1.30281	1.30317	1.30208	1.30281	2227	0	32
2018.07.27	03:00:00	1.30284	1.30304	1.30219	1.30238	2724	0	31
2018.07.27	04:00:00	1.30236	1.30259	1.30196	1.30204	2905	0	30
2018.07.27	05:00:00	1.30204	1.30265	1.30202	1.30265	1631	0	32
2018.07.27	06:00:00	1.30265	1.30266	1.30193	1.30254	2240	0	32
2018.07.27	07:00:00	1.30254	1.30285	1.30242	1.30259	1601	0	32
2018.07.27	08:00:00	1.30259	1.30312	1.30245	1.30307	2317	0	32
2018.07.27	09:00:00	1.30307	1.30339	1.30194	1.30273	3959	0	31
2018.07.27	10:00:00	1.30273	1.30474	1.30261	1.30458	4914	0	30
2018.07.27	11:00:00	1.30458	1.30559	1.30421	1.30499	5279	0	30
2018.07.27	12:00:00	1.30499	1.30549	1.30448	1.30490	4083	0	31
2018.07.27	13:00:00	1.30490	1.30594	1.30478	1.30588	3107	0	30
2018.07.27	14:00:00	1.30589	1.30630	1.30531	1.30559	3350	0	30
2018.07.27	15:00:00	1.30559	1.30617	1.30444	1.30601	7399	0	30
2018.07.27	16:00:00	1.30601	1.30681	1.30487	1.30537	7146	0	30
2018.07.27	17:00:00	1.30537	1.30598	1.30405	1.30487	7334	0	30
2018.07.27	18:00:00	1.30487	1.30513	1.30346	1.30364	5764	0	30
2018.07.27	19:00:00	1.30364	1.30391	1.30257	1.30299	3399	0	30
2018.07.27	20:00:00	1.30297	1.30352	1.30215	1.30352	3278	0	30
2018.07.27	21:00:00	1.30352	1.30380	1.30313	1.30328	2449	0	30
2018.07.27	22:00:00	1.30328	1.30384	1.30299	1.30317	1797	0	31
2018.07.27	23:00:00	1.30327	1.30350	1.30244	1.30346	1844	0	33
2018.07.30	00:00:00	1.30154	1.30587	1.29739	1.30313	67906	0	116
2018.07.30	01:00:00	1.30336	1.30340	1.30266	1.30312	810	0	39
2018.07.30	02:00:00	1.30313	1.30337	1.30291	1.30312	535	0	32
2018.07.30	03:00:00	1.30312	1.30375	1.30308	1.30346	1813	0	33
2018.07.30	04:00:00	1.30349	1.30365	1.30316	1.30332	2307	0	32
2018.07.30	05:00:00	1.30332	1.30407	1.30329	1.30363	2012	0	35
2018.07.30	06:00:00	1.30363	1.30390	1.30340	1.30347	2282	0	33
2018.07.30	07:00:00	1.30345	1.30374	1.30336	1.30364	1108	0	35
2018.07.30	08:00:00	1.30365	1.30439	1.30335	1.30409	2063	0	32
2018.07.30	09:00:00	1.30409	1.30535	1.30408	1.30508	2060	0	31
2018.07.30	10:00:00	1.30506	1.30580	1.30377	1.30459	5226	0	30
2018.07.30	11:00:00	1.30459	1.30513	1.30280	1.30364	3644	0	30
2018.07.30	12:00:00	1.30365	1.30365	1.30187	1.30242	3708	0	30
2018.07.30	13:00:00	1.30241	1.30285	1.30045	1.30100	3581	0	30
2018.07.30	14:00:00	1.30100	1.30184	1.30062	1.30109	3543	0	30
2018.07.30	15:00:00	1.30109	1.30225	1.30091	1.30151	4237	0	30
2018.07.30	16:00:00	1.30152	1.30223	1.29984	1.30032	5681	0	16
2018.07.30	17:00:00	1.30030	1.30114	1.29898	1.29966	6408	0	30
2018.07.30	18:00:00	1.29965	1.29986	1.29857	1.29863	4426	0	30
2018.07.30	19:00:00	1.29865	1.29927	1.29786	1.29802	2784	0	21
2018.07.30	20:00:00	1.29800	1.29857	1.29783	1.29835	2238	0	31
2018.07.30	21:00:00	1.29835	1.29839	1.29743	1.29750	1748	0	30
2018.07.30	22:00:00	1.29749	1.29803	1.29745	1.29771	1786	0	30
2018.07.30	23:00:00	1.29771	1.29798	1.29746	1.29747	1314	0	27
2018.07.31	00:00:00	1.29739	1.30067	1.29499	1.29755	71485	0	53
2018.07.31	01:00:00	1.29755	1.29799	1.29750	1.29783	561	0	34
2018.07.31	02:00:00	1.29782	1.29802	1.29764	1.29799	802	0	36
2018.07.31	03:00:00	1.29799	1.29799	1.29647	1.29706	1917	0	30
2018.07.31	04:00:00	1.29706	1.29711	1.29542	1.29586	2009	0	31
2018.07.31	05:00:00	1.29586	1.29600	1.29532	1.29592	1747	0	32
2018.07.31	06:00:00	1.29591	1.29634	1.29587	1.29621	1007	0	32
2018.07.31	07:00:00	1.29621	1.29658	1.29576	1.29629	4330	0	31
2018.07.31	08:00:00	1.29629	1.29662	1.29608	1.29623	2312	0	30
2018.07.31	09:00:00	1.29623	1.29757	1.29584	1.29701	5640	0	30
2018.07.31	10:00:00	1.29701	1.29867	1.29665	1.29862	5683	0	30
2018.07.31	11:00:00	1.29862	1.30008	1.29845	1.29868	4567	0	30
2018.07.31	12:00:00	1.29868	1.30028	1.29860	1.29996	4017	0	30
2018.07.31	13:00:00	1.29996	1.30055	1.29966	1.30034	3764	0	30
2018.07.31	14:00:00	1.30034	1.30065	1.29939	1.29980	4082	0	30
2018.07.31	15:00:00	1.29980	1.29994	1.29776	1.29780	5869	0	30
2018.07.31	16:00:00	1.29777	1.29962	1.29774	1.29916	9645	0	30
2018.07.31	17:00:00	1.29918	1.29955	1.29481	1.29821	8679	0	30
2018.07.31	18:00:00	1.29822	1.29878	1.29664	1.29867	7789	0	30
2018.07.31	19:00:00	1.29867	1.29932	1.29850	1.29887	3704	0	30
2018.07.31	20:00:00	1.29888	1.29970	1.29837	1.29957	2427	0	30
2018.07.31	21:00:00	1.29957	1.29991	1.29916	1.29929	2330	0	30
2018.07.31	22:00:00	1.29929	1.29966	1.29904	1.29934	2992	0	31
2018.07.31	23:00:00	1.29934	1.29996	1.29910	1.29915	1282	0	9
2018.08.01	00:00:00	1.29854	1.30296	1.29752	1.29842	71447	0	37
2018.08.01	01:00:00	1.29849	1.29971	1.29846	1.29883	1475	0	29
2018.08.01	02:00:00	1.29883	1.29913	1.29876	1.29909	1373	0	30
2018.08.01	03:00:00	1.29909	1.29935	1.29890	1.29929	1362	0	30
2018.08.01	04:00:00	1.29929	1.29944	1.29871	1.29933	2028	0	31
2018.08.01	05:00:00	1.29932	1.30046	1.29923	1.30028	2148	0	30
2018.08.01	06:00:00	1.30027	1.30095	1.30007	1.30085	1783	0	33
2018.08.01	07:00:00	1.30085	1.30111	1.30066	1.30102	1715	0	33
2018.08.01	08:00:00	1.30101	1.30107	1.30027	1.30080	2286	0	32
2018.08.01	09:00:00	1.30080	1.30146	1.30055	1.30115	4129	0	30
2018.08.01	10:00:00	1.30117	1.30144	1.29993	1.30019	4674	0	30
2018.08.01	11:00:00	1.30019	1.30173	1.30001	1.30102	4057	0	30
2018.08.01	12:00:00	1.30102	1.30162	1.30008	1.30156	3358	0	30
2018.08.01	13:00:00	1.30156	1.30164	1.30011	1.30091	3168	0	30
2018.08.01	14:00:00	1.30091	1.30205	1.30078	1.30114	4533	0	30
2018.08.01	15:00:00	1.30114	1.30260	1.30062	1.30254	6012	0	30
2018.08.01	16:00:00	1.30254	1.30271	1.30134	1.30151	6379	0	30
2018.08.01	17:00:00	1.30151	1.30294	1.30100	1.30275	7325	0	30
2018.08.01	18:00:00	1.30275	1.30275	1.30135	1.30173	5348	0	30
2018.08.01	19:00:00	1.30173	1.30189	1.30055	1.30087	4111	0	30
2018.08.01	20:00:00	1.30088	1.30144	1.30006	1.30033	3613	0	30
2018.08.01	21:00:00	1.30031	1.30208	1.30010	1.30177	4635	0	30
2018.08.01	22:00:00	1.30177	1.30201	1.30134	1.30168	3599	0	30
2018.08.01	23:00:00	1.30169	1.30215	1.30140	1.30209	1354	0	25
2018.08.02	00:00:00	1.30191	1.30394	1.29398	1.30166	73659	0	34
2018.08.02	01:00:00	1.30166	1.30206	1.30137	1.30160	813	0	22
2018.08.02	02:00:00	1.30160	1.30183	1.30143	1.30149	883	0	36
2018.08.02	03:00:00	1.30153	1.30174	1.30122	1.30163	2028	0	32
2018.08.02	04:00:00	1.30163	1.30168	1.30126	1.30132	2317	0	37
2018.08.02	05:00:00	1.30132	1.30138	1.30077	1.30089	1642	0	33
2018.08.02	06:00:00	1.30089	1.30137	1.30075	1.30082	1409	0	31
2018.08.02	07:00:00	1.30082	1.30118	1.30041	1.30077	1572	0	31
2018.08.02	08:00:00	1.30077	1.30104	1.30049	1.30066	1423	0	33
2018.08.02	09:00:00	1.30067	1.30085	1.29986	1.30052	2546	0	30
2018.08.02	10:00:00	1.30052	1.30097	1.29930	1.29989	4923	0	30
2018.08.02	11:00:00	1.29989	1.30143	1.29979	1.30080	3714	0	30
2018.08.02	12:00:00	1.30083	1.30089	1.29912	1.29990	4288	0	30
2018.08.02	13:00:00	1.29990	1.30027	1.29896	1.29970	3683	0	30
2018.08.02	14:00:00	1.29966	1.30388	1.29576	1.29678	9667	0	30
2018.08.02	15:00:00	1.29678	1.29748	1.29388	1.29712	6606	0	30
2018.08.02	16:00:00	1.29712	1.29794	1.29704	1.29748	5194	0	30
2018.08.02	17:00:00	1.29744	1.29787	1.29533	1.29534	6252	0	30
2018.08.02	18:00:00	1.29534	1.29637	1.29512	1.29592	4839	0	31
2018.08.02	19:00:00	1.29592	1.29626	1.29539	1.29606	3437	0	30
2018.08.02	20:00:00	1.29606	1.29620	1.29464	1.29582	2774	0	31
2018.08.02	21:00:00	1.29583	1.29658	1.29497	1.29621	3330	0	31
2018.08.02	22:00:00	1.29623	1.29635	1.29515	1.29519	3312	0	31
2018.08.02	23:00:00	1.29520	1.29593	1.29511	1.29511	1808	0	31
2018.08.03	00:00:00	1.29482	1.29663	1.29030	1.29587	67630	0	30
2018.08.03	01:00:00	1.29587	1.29587	1.29544	1.29568	532	0	31
2018.08.03	02:00:00	1.29568	1.29580	1.29537	1.29557	1189	0	36
2018.08.03	03:00:00	1.29557	1.29599	1.29543	1.29593	1289	0	30
2018.08.03	04:00:00	1.29591	1.29601	1.29529	1.29559	2211	0	33
2018.08.03	05:00:00	1.29559	1.29579	1.29516	1.29541	1454	0	34
2018.08.03	06:00:00	1.29541	1.29610	1.29541	1.29597	1111	0	34
2018.08.03	07:00:00	1.29597	1.29613	1.29564	1.29589	874	0	35
2018.08.03	08:00:00	1.29589	1.29661	1.29573	1.29639	1023	0	33
2018.08.03	09:00:00	1.29639	1.29646	1.29540	1.29559	3157	0	30
2018.08.03	10:00:00	1.29559	1.29605	1.29258	1.29294	5963	0	30
2018.08.03	11:00:00	1.29298	1.29411	1.29232	1.29247	4609	0	30
2018.08.03	12:00:00	1.29247	1.29445	1.29247	1.29442	3392	0	30
2018.08.03	13:00:00	1.29442	1.29482	1.29282	1.29373	2933	0	30
2018.08.03	14:00:00	1.29373	1.29592	1.29344	1.29443	8134	0	30
2018.08.03	15:00:00	1.29460	1.29539	1.29377	1.29405	8061	0	30
2018.08.03	16:00:00	1.29403	1.29436	1.29175	1.29203	8763	0	30
2018.08.03	17:00:00	1.29227	1.29271	1.29118	1.29254	7292	0	30
2018.08.03	18:00:00	1.29255	1.29262	1.29148	1.29218	5050	0	30
2018.08.03	19:00:00	1.29218	1.29261	1.29175	1.29231	2876	0	30
2018.08.03	20:00:00	1.29231	1.29291	1.29200	1.29268	1926	0	30
2018.08.03	21:00:00	1.29268	1.29298	1.29209	1.29291	1975	0	30
2018.08.03	22:00:00	1.29291	1.29297	1.29241	1.29271	1621	0	30
2018.08.03	23:00:00	1.29271	1.29305	1.29182	1.29279	1227	0	35
2018.08.06	00:00:00	1.28936	1.29422	1.28874	1.29226	54328	0	65
2018.08.06	01:00:00	1.29238	1.29306	1.29224	1.29285	572	0	42
2018.08.06	02:00:00	1.29285	1.29323	1.29278	1.29293	660	0	37
2018.08.06	03:00:00	1.29296	1.29308	1.29261	1.29294	1450	0	34
2018.08.06	04:00:00	1.29294	1.29314	1.29251	1.29259	2081	0	30
2018.08.06	05:00:00	1.29259	1.29301	1.29220	1.29277	1472	0	31
2018.08.06	06:00:00	1.29277	1.29326	1.29273	1.29304	1131	0	35
2018.08.06	07:00:00	1.29304	1.29339	1.29284	1.29314	1016	0	33
2018.08.06	08:00:00	1.29314	1.29341	1.29279	1.29327	1372	0	31
2018.08.06	09:00:00	1.29327	1.29408	1.29288	1.29379	2694	0	30
2018.08.06	10:00:00	1.29379	1.29415	1.29128	1.29158	4811	0	30
2018.08.06	11:00:00	1.29158	1.29161	1.28961	1.29033	4307	0	30
2018.08.06	12:00:00	1.29032	1.29084	1.28930	1.28996	3617	0	30
2018.08.06	13:00:00	1.28996	1.29100	1.28864	1.29024	5278	0	30
2018.08.06	14:00:00	1.29025	1.29097	1.28939	1.28988	3323	0	30
2018.08.06	15:00:00	1.28988	1.29000	1.28868	1.28937	4091	0	30
2018.08.06	16:00:00	1.28937	1.29074	1.28922	1.29057	4308	0	30
2018.08.06	17:00:00	1.29057	1.29100	1.28921	1.28925	4681	0	30
2018.08.06	18:00:00	1.28928	1.29031	1.28907	1.28965	4169	0	30
2018.08.06	19:00:00	1.28965	1.28993	1.28922	1.28958	2590	0	30
2018.08.06	20:00:00	1.28958	1.28984	1.28935	1.28961	2111	0	30
2018.08.06	21:00:00	1.28960	1.28992	1.28936	1.28940	2386	0	32
2018.08.06	22:00:00	1.28940	1.28995	1.28936	1.28955	1871	0	31
2018.08.06	23:00:00	1.28956	1.28999	1.28930	1.28993	841	0	30
2018.08.07	00:00:00	1.28952	1.29128	1.28679	1.28906	60462	0	50
2018.08.07	01:00:00	1.28906	1.28961	1.28895	1.28950	888	0	44
2018.08.07	02:00:00	1.28950	1.28975	1.28927	1.28948	1339	0	30
2018.08.07	03:00:00	1.28948	1.28973	1.28922	1.28955	1334	0	32
2018.08.07	04:00:00	1.28955	1.28973	1.28900	1.28917	1711	0	34
2018.08.07	05:00:00	1.28915	1.28954	1.28910	1.28929	1241	0	33
2018.08.07	06:00:00	1.28929	1.28939	1.28914	1.28932	1080	0	34
2018.08.07	07:00:00	1.28932	1.28948	1.28920	1.28941	1022	0	33
2018.08.07	08:00:00	1.28942	1.28999	1.28941	1.28984	1470	0	34
2018.08.07	09:00:00	1.28984	1.29119	1.28957	1.29091	2906	0	31
2018.08.07	10:00:00	1.29091	1.29121	1.28964	1.29021	4054	0	30
2018.08.07	11:00:00	1.29021	1.29074	1.28970	1.29046	4142	0	30
2018.08.07	12:00:00	1.29046	1.29116	1.28974	1.29018	3059	0	31
2018.08.07	13:00:00	1.29018	1.29043	1.28921	1.28943	3036	0	30
2018.08.07	14:00:00	1.28943	1.28961	1.28827	1.28831	3844	0	30
2018.08.07	15:00:00	1.28831	1.28868	1.28693	1.28778	4148	0	30
2018.08.07	16:00:00	1.28778	1.28866	1.28673	1.28692	4757	0	30
2018.08.07	17:00:00	1.28694	1.28872	1.28683	1.28863	4777	0	30
2018.08.07	18:00:00	1.28863	1.28887	1.28812	1.28835	3705	0	30
2018.08.07	19:00:00	1.28834	1.28891	1.28772	1.28840	2785	0	30
2018.08.07	20:00:00	1.28839	1.28858	1.28758	1.28797	2614	0	30
2018.08.07	21:00:00	1.28797	1.28814	1.28688	1.28753	3506	0	30
2018.08.07	22:00:00	1.28753	1.28811	1.28720	1.28806	2563	0	31
2018.08.07	23:00:00	1.28806	1.28828	1.28787	1.28807	1179	0	22
2018.08.08	00:00:00	1.28771	1.28865	1.27917	1.28829	58529	0	43
2018.08.08	01:00:00	1.28829	1.28859	1.28799	1.28828	830	0	32
2018.08.08	02:00:00	1.28828	1.28842	1.28794	1.28833	887	0	35
2018.08.08	03:00:00	1.28833	1.28840	1.28759	1.28766	1939	0	35
2018.08.08	04:00:00	1.28766	1.28774	1.28725	1.28741	1571	0	31
2018.08.08	05:00:00	1.28741	1.28763	1.28730	1.28755	1637	0	37
2018.08.08	06:00:00	1.28755	1.28796	1.28710	1.28763	2408	0	32
2018.08.08	07:00:00	1.28763	1.28787	1.28743	1.28774	1835	0	33
2018.08.08	08:00:00	1.28774	1.28803	1.28755	1.28778	1687	0	30
2018.08.08	09:00:00	1.28776	1.28776	1.28576	1.28621	3526	0	30
2018.08.08	10:00:00	1.28621	1.28717	1.28542	1.28589	4886	0	30
2018.08.08	11:00:00	1.28589	1.28615	1.28503	1.28583	5343	0	30
2018.08.08	12:00:00	1.28583	1.28606	1.28366	1.28436	4071	0	30
2018.08.08	13:00:00	1.28434	1.28473	1.28067	1.28097	4624	0	30
2018.08.08	14:00:00	1.28097	1.28196	1.28064	1.28140	5255	0	30
2018.08.08	15:00:00	1.28140	1.28220	1.28039	1.28219	5818	0	30
2018.08.08	16:00:00	1.28216	1.28220	1.28120	1.28153	5143	0	30
2018.08.08	17:00:00	1.28153	1.28167	1.28020	1.28096	4962	0	30
2018.08.08	18:00:00	1.28096	1.28198	1.28028	1.28048	4574	0	30
2018.08.08	19:00:00	1.28049	1.28083	1.27974	1.28073	2636	0	31
2018.08.08	20:00:00	1.28072	1.28076	1.27981	1.27994	2869	0	31
2018.08.08	21:00:00	1.27994	1.28033	1.27949	1.28008	2862	0	31
2018.08.08	22:00:00	1.28008	1.28018	1.27936	1.27951	1971	0	33
2018.08.08	23:00:00	1.27952	1.27973	1.27915	1.27937	1102	0	16
2018.08.09	00:00:00	1.27892	1.28172	1.27324	1.27884	66146	0	43
2018.08.09	01:00:00	1.27888	1.27959	1.27871	1.27920	832	0	44
2018.08.09	02:00:00	1.27920	1.27933	1.27881	1.27889	800	0	32
2018.08.09	03:00:00	1.27889	1.27906	1.27856	1.27859	2083	0	31
2018.08.09	04:00:00	1.27859	1.27870	1.27673	1.27801	3719	0	30
2018.08.09	05:00:00	1.27801	1.27873	1.27765	1.27857	2570	0	36
2018.08.09	06:00:00	1.27855	1.27909	1.27848	1.27868	1464	0	31
2018.08.09	07:00:00	1.27868	1.27877	1.27825	1.27857	1788	0	38
2018.08.09	08:00:00	1.27858	1.27965	1.27858	1.27918	2249	0	31
2018.08.09	09:00:00	1.27918	1.27976	1.27869	1.27949	4429	0	31
2018.08.09	10:00:00	1.27950	1.27967	1.27731	1.27763	5314	0	30
2018.08.09	11:00:00	1.27761	1.28045	1.27703	1.28032	4638	0	30
2018.08.09	12:00:00	1.28032	1.28137	1.27891	1.28028	4785	0	30
2018.08.09	13:00:00	1.28028	1.28166	1.27974	1.28002	4382	0	30
2018.08.09	14:00:00	1.28001	1.28078	1.27971	1.27998	3550	0	30
2018.08.09	15:00:00	1.27999	1.28109	1.27936	1.27946	3973	0	30
2018.08.09	16:00:00	1.27946	1.27960	1.27455	1.27563	5517	0	30
2018.08.09	17:00:00	1.27562	1.27624	1.27433	1.27511	6317	0	30
2018.08.09	18:00:00	1.27509	1.27531	1.27398	1.27477	5204	0	30
2018.08.09	19:00:00	1.27477	1.27505	1.27311	1.27397	4412	0	30
2018.08.09	20:00:00	1.27398	1.27529	1.27335	1.27521	3468	0	30
2018.08.09	21:00:00	1.27521	1.27570	1.27491	1.27562	2618	0	30
2018.08.09	22:00:00	1.27562	1.27573	1.27417	1.27453	2850	0	31
2018.08.09	23:00:00	1.27453	1.27493	1.27351	1.27390	1760	0	24
2018.08.10	00:00:00	1.27355	1.27709	1.26486	1.27430	83955	0	47
2018.08.10	01:00:00	1.27428	1.27456	1.27402	1.27408	1224	0	40
2018.08.10	02:00:00	1.27408	1.27515	1.27403	1.27492	1460	0	35
2018.08.10	03:00:00	1.27493	1.27536	1.27442	1.27472	3048	0	31
2018.08.10	04:00:00	1.27474	1.27513	1.27440	1.27497	2621	0	34
2018.08.10	05:00:00	1.27497	1.27523	1.27459	1.27471	2146	0	34
2018.08.10	06:00:00	1.27470	1.27515	1.27468	1.27499	2537	0	34
2018.08.10	07:00:00	1.27499	1.27508	1.27419	1.27470	2631	0	30
2018.08.10	08:00:00	1.27470	1.27705	1.27390	1.27667	8093	0	30
2018.08.10	09:00:00	1.27667	1.27698	1.27249	1.27299	10996	0	30
2018.08.10	10:00:00	1.27299	1.27361	1.26726	1.26792	10600	0	30
2018.08.10	11:00:00	1.26792	1.26997	1.26744	1.26824	7860	0	30
2018.08.10	12:00:00	1.26824	1.27220	1.26778	1.27146	6825	0	30
2018.08.10	13:00:00	1.27146	1.27184	1.27020	1.27037	5377	0	30
2018.08.10	14:00:00	1.27034	1.27044	1.26854	1.26992	5654	0	31
2018.08.10	15:00:00	1.26989	1.27049	1.26797	1.26865	9742	0	30
2018.08.10	16:00:00	1.26865	1.26885	1.26481	1.26604	9801	0	30
2018.08.10	17:00:00	1.26604	1.26945	1.26549	1.26867	9265	0	30
2018.08.10	18:00:00	1.26867	1.27101	1.26836	1.27071	7743	0	30
2018.08.10	19:00:00	1.27071	1.27082	1.26834	1.26894	5880	0	30
2018.08.10	20:00:00	1.26893	1.27004	1.26836	1.26950	4387	0	30
2018.08.10	21:00:00	1.26952	1.27035	1.26892	1.26971	2714	0	31
2018.08.10	22:00:00	1.26971	1.27165	1.26950	1.27084	4056	0	31
2018.08.10	23:00:00	1.27084	1.27155	1.26929	1.27092	1747	0	34
2018.08.13	00:00:00	1.26599	1.27091	1.26380	1.26640	74656	0	46
2018.08.13	01:00:00	1.26659	1.26912	1.26621	1.26796	2112	0	47
2018.08.13	02:00:00	1.26796	1.26960	1.26765	1.26872	2076	0	33
2018.08.13	03:00:00	1.26875	1.26900	1.26757	1.26762	3192	0	36
2018.08.13	04:00:00	1.26760	1.26826	1.26658	1.26678	3931	0	30
2018.08.13	05:00:00	1.26678	1.26730	1.26584	1.26600	2861	0	33
2018.08.13	06:00:00	1.26596	1.26752	1.26592	1.26702	2728	0	30
2018.08.13	07:00:00	1.26700	1.26732	1.26595	1.26615	2454	0	34
2018.08.13	08:00:00	1.26616	1.26711	1.26571	1.26691	3233	0	33
2018.08.13	09:00:00	1.26692	1.26920	1.26668	1.26687	5507	0	30
2018.08.13	10:00:00	1.26691	1.26831	1.26627	1.26729	6755	0	30
2018.08.13	11:00:00	1.26731	1.27003	1.26652	1.26910	5455	0	30
2018.08.13	12:00:00	1.26910	1.26936	1.26780	1.26832	4590	0	30
2018.08.13	13:00:00	1.26832	1.26836	1.26710	1.26814	3927	0	30
2018.08.13	14:00:00	1.26814	1.27065	1.26730	1.26971	6102	0	30
2018.08.13	15:00:00	1.26971	1.27056	1.26852	1.27013	9214	0	30
2018.08.13	16:00:00	1.27013	1.27073	1.26885	1.27059	7872	0	30
2018.08.13	17:00:00	1.27060	1.27085	1.26925	1.26942	6456	0	30
2018.08.13	18:00:00	1.26942	1.26979	1.26695	1.26722	6014	0	30
2018.08.13	19:00:00	1.26722	1.26765	1.26635	1.26650	4972	0	30
2018.08.13	20:00:00	1.26650	1.26770	1.26628	1.26742	3512	0	30
2018.08.13	21:00:00	1.26742	1.26806	1.26682	1.26692	3203	0	30
2018.08.13	22:00:00	1.26692	1.26730	1.26653	1.26678	2178	0	32
2018.08.13	23:00:00	1.26678	1.26775	1.26671	1.26745	1904	0	18
2018.08.14	00:00:00	1.26734	1.27275	1.26267	1.26699	67018	0	42
2018.08.14	01:00:00	1.26699	1.26776	1.26674	1.26758	987	0	38
2018.08.14	02:00:00	1.26758	1.26866	1.26712	1.26729	1489	0	31
2018.08.14	03:00:00	1.26730	1.26842	1.26709	1.26814	1939	0	34
2018.08.14	04:00:00	1.26814	1.26896	1.26789	1.26871	2653	0	33
2018.08.14	05:00:00	1.26871	1.26912	1.26839	1.26895	2516	0	34
2018.08.14	06:00:00	1.26895	1.26948	1.26852	1.26942	2988	0	33
2018.08.14	07:00:00	1.26941	1.26948	1.26887	1.26925	2485	0	32
2018.08.14	08:00:00	1.26925	1.26975	1.26860	1.26940	2504	0	33
2018.08.14	09:00:00	1.26940	1.27083	1.26894	1.27039	6213	0	30
2018.08.14	10:00:00	1.27039	1.27157	1.26821	1.27046	6280	0	31
2018.08.14	11:00:00	1.27046	1.27272	1.26804	1.26811	7433	0	30
2018.08.14	12:00:00	1.26810	1.26891	1.26661	1.26687	6155	0	30
2018.08.14	13:00:00	1.26687	1.26736	1.26535	1.26537	4957	0	30
2018.08.14	14:00:00	1.26538	1.26556	1.26438	1.26468	5064	0	30
2018.08.14	15:00:00	1.26467	1.26652	1.26399	1.26608	6109	0	30
2018.08.14	16:00:00	1.26611	1.26648	1.26516	1.26572	5991	0	30
2018.08.14	17:00:00	1.26573	1.26696	1.26458	1.26590	6592	0	30
2018.08.14	18:00:00	1.26589	1.26656	1.26403	1.26469	6925	0	30
2018.08.14	19:00:00	1.26468	1.26479	1.26261	1.26299	4885	0	30
2018.08.14	20:00:00	1.26298	1.26480	1.26290	1.26475	4145	0	30
2018.08.14	21:00:00	1.26475	1.26484	1.26391	1.26412	3291	0	30
2018.08.14	22:00:00	1.26412	1.26429	1.26335	1.26376	1843	0	30
2018.08.14	23:00:00	1.26388	1.26451	1.26366	1.26442	1291	0	24
2018.08.15	00:00:00	1.26433	1.26971	1.25916	1.26406	71243	0	30
2018.08.15	01:00:00	1.26402	1.26469	1.26383	1.26448	1076	0	39
2018.08.15	02:00:00	1.26448	1.26455	1.26361	1.26418	1411	0	35
2018.08.15	03:00:00	1.26419	1.26498	1.26387	1.26468	1739	0	35
2018.08.15	04:00:00	1.26468	1.26606	1.26458	1.26606	2533	0	32
2018.08.15	05:00:00	1.26605	1.26612	1.26469	1.26479	2739	0	32
2018.08.15	06:00:00	1.26479	1.26501	1.26445	1.26491	2390	0	37
2018.08.15	07:00:00	1.26491	1.26547	1.26419	1.26535	1944	0	30
2018.08.15	08:00:00	1.26535	1.26610	1.26470	1.26577	2534	0	30
2018.08.15	09:00:00	1.26577	1.26710	1.26552	1.26690	3921	0	30
2018.08.15	10:00:00	1.26696	1.26898	1.26688	1.26803	4692	0	30
2018.08.15	11:00:00	1.26803	1.26854	1.26619	1.26743	5843	0	30
2018.08.15	12:00:00	1.26743	1.26969	1.26685	1.26928	4379	0	30
2018.08.15	13:00:00	1.26928	1.26969	1.26642	1.26799	5810	0	30
2018.08.15	14:00:00	1.26799	1.26819	1.26578	1.26674	6579	0	30
2018.08.15	15:00:00	1.26672	1.26703	1.26495	1.26609	6412	0	30
2018.08.15	16:00:00	1.26608	1.26614	1.26227	1.26258	7820	0	30
2018.08.15	17:00:00	1.26257	1.26280	1.25911	1.25926	8674	0	30
2018.08.15	18:00:00	1.25926	1.26294	1.25907	1.26094	8234	0	30
2018.08.15	19:00:00	1.26094	1.26320	1.26089	1.26223	6018	0	30
2018.08.15	20:00:00	1.26226	1.26240	1.26145	1.26161	3285	0	30
2018.08.15	21:00:00	1.26161	1.26200	1.26005	1.26014	3197	0	31
2018.08.15	22:00:00	1.26014	1.26129	1.26001	1.26096	3362	0	31
2018.08.15	23:00:00	1.26096	1.26182	1.26086	1.26123	1441	0	31
2018.08.16	00:00:00	1.26116	1.26767	1.26038	1.26121	71579	0	37
2018.08.16	01:00:00	1.26115	1.26168	1.26045	1.26129	652	0	31
2018.08.16	02:00:00	1.26129	1.26134	1.26055	1.26082	1115	0	32
2018.08.16	03:00:00	1.26083	1.26121	1.26033	1.26095	2895	0	33
2018.08.16	04:00:00	1.26095	1.26267	1.26044	1.26211	5210	0	34
2018.08.16	05:00:00	1.26212	1.26282	1.26190	1.26245	4393	0	30
2018.08.16	06:00:00	1.26245	1.26307	1.26223	1.26261	3425	0	30
2018.08.16	07:00:00	1.26258	1.26299	1.26170	1.26195	3518	0	35
2018.08.16	08:00:00	1.26195	1.26291	1.26178	1.26249	3554	0	30
2018.08.16	09:00:00	1.26250	1.26278	1.26171	1.26238	5162	0	30
2018.08.16	10:00:00	1.26235	1.26326	1.26173	1.26253	6106	0	30
2018.08.16	11:00:00	1.26254	1.26380	1.26045	1.26212	5511	0	31
2018.08.16	12:00:00	1.26212	1.26246	1.26095	1.26157	4784	0	30
2018.08.16	13:00:00	1.26156	1.26241	1.26109	1.26193	3851	0	30
2018.08.16	14:00:00	1.26193	1.26283	1.26143	1.26196	4563	0	31
2018.08.16	15:00:00	1.26196	1.26261	1.26116	1.26209	6372	0	30
2018.08.16	16:00:00	1.26209	1.26622	1.26200	1.26513	6891	0	19
2018.08.16	17:00:00	1.26513	1.26575	1.26413	1.26551	7539	0	30
2018.08.16	18:00:00	1.26550	1.26750	1.26528	1.26710	5499	0	30
2018.08.16	19:00:00	1.26710	1.26761	1.26538	1.26583	6034	0	30
2018.08.16	20:00:00	1.26583	1.26621	1.26533	1.26612	4200	0	30
2018.08.16	21:00:00	1.26612	1.26698	1.26585	1.26614	3387	0	30
2018.08.16	22:00:00	1.26614	1.26748	1.26610	1.26723	3726	0	30
2018.08.16	23:00:00	1.26724	1.26729	1.26650	1.26686	1340	0	22
2018.08.17	00:00:00	1.26704	1.27008	1.26267	1.26730	63790	0	50
2018.08.17	01:00:00	1.26729	1.26769	1.26703	1.26753	1239	0	45
2018.08.17	02:00:00	1.26747	1.26790	1.26728	1.26769	1094	0	34
2018.08.17	03:00:00	1.26769	1.26831	1.26764	1.26821	2166	0	31
2018.08.17	04:00:00	1.26821	1.26821	1.26744	1.26765	3037	0	30
2018.08.17	05:00:00	1.26765	1.26790	1.26737	1.26764	2719	0	35
2018.08.17	06:00:00	1.26764	1.26775	1.26718	1.26750	1974	0	36
2018.08.17	07:00:00	1.26750	1.26826	1.26744	1.26816	1231	0	32
2018.08.17	08:00:00	1.26813	1.26852	1.26803	1.26838	2203	0	31
2018.08.17	09:00:00	1.26838	1.27001	1.26795	1.26866	4271	0	30
2018.08.17	10:00:00	1.26866	1.26877	1.26572	1.26627	4968	0	19
2018.08.17	11:00:00	1.26627	1.26737	1.26589	1.26654	6345	0	18
2018.08.17	12:00:00	1.26654	1.26687	1.26541	1.26581	5855	0	30
2018.08.17	13:00:00	1.26581	1.26740	1.26492	1.26589	5615	0	30
2018.08.17	14:00:00	1.26590	1.26702	1.26544	1.26604	5132	0	17
2018.08.17	15:00:00	1.26604	1.26622	1.26502	1.26548	5952	0	30
2018.08.17	16:00:00	1.26548	1.26692	1.26495	1.26633	5885	0	30
2018.08.17	17:00:00	1.26626	1.26785	1.26510	1.26752	7728	0	30
2018.08.17	18:00:00	1.26751	1.26785	1.26585	1.26658	4711	0	30
2018.08.17	19:00:00	1.26658	1.26686	1.26522	1.26568	3372	0	30
2018.08.17	20:00:00	1.26568	1.26613	1.26551	1.26599	2412	0	32
2018.08.17	21:00:00	1.26599	1.26906	1.26573	1.26874	5963	0	30
2018.08.17	22:00:00	1.26877	1.26892	1.26770	1.26875	2924	0	30
2018.08.17	23:00:00	1.26875	1.26941	1.26862	1.26917	1380	0	37
2018.08.20	00:00:00	1.26650	1.27115	1.26468	1.26854	50395	0	89
2018.08.20	01:00:00	1.26867	1.26884	1.26813	1.26835	931	0	46
2018.08.20	02:00:00	1.26837	1.26891	1.26837	1.26846	956	0	34
2018.08.20	03:00:00	1.26846	1.26870	1.26748	1.26751	2303	0	34
2018.08.20	04:00:00	1.26750	1.26774	1.26668	1.26674	2769	0	30
2018.08.20	05:00:00	1.26675	1.26716	1.26664	1.26696	1888	0	30
2018.08.20	06:00:00	1.26697	1.26765	1.26694	1.26759	1501	0	33
2018.08.20	07:00:00	1.26759	1.26787	1.26748	1.26767	1581	0	34
2018.08.20	08:00:00	1.26767	1.26785	1.26737	1.26764	1526	0	35
2018.08.20	09:00:00	1.26764	1.26788	1.26648	1.26741	3907	0	30
2018.08.20	10:00:00	1.26741	1.26870	1.26666	1.26814	5601	0	30
2018.08.20	11:00:00	1.26814	1.26875	1.26709	1.26860	4657	0	30
2018.08.20	12:00:00	1.26860	1.26935	1.26851	1.26892	3240	0	30
2018.08.20	13:00:00	1.26893	1.26990	1.26812	1.26986	4881	0	30
2018.08.20	14:00:00	1.26986	1.27108	1.26972	1.27031	4524	0	30
2018.08.20	15:00:00	1.27033	1.27047	1.26865	1.26876	4536	0	30
2018.08.20	16:00:00	1.26876	1.26977	1.26835	1.26876	5418	0	30
2018.08.20	17:00:00	1.26876	1.26898	1.26807	1.26858	4654	0	30
2018.08.20	18:00:00	1.26858	1.26973	1.26810	1.26904	5014	0	30
2018.08.20	19:00:00	1.26903	1.26988	1.26869	1.26976	4017	0	30
2018.08.20	20:00:00	1.26976	1.26978	1.26867	1.26879	2256	0	30
2018.08.20	21:00:00	1.26879	1.26905	1.26802	1.26813	2254	0	30
2018.08.20	22:00:00	1.26811	1.26855	1.26772	1.26796	2293	0	31
2018.08.20	23:00:00	1.26797	1.26856	1.26754	1.26854	1806	0	31
2018.08.21	00:00:00	1.26834	1.27239	1.26535	1.26826	66518	0	36
2018.08.21	01:00:00	1.26826	1.26827	1.26769	1.26809	1353	0	38
2018.08.21	02:00:00	1.26812	1.26813	1.26733	1.26793	1490	0	33
2018.08.21	03:00:00	1.26792	1.26799	1.26529	1.26654	4289	0	30
2018.08.21	04:00:00	1.26651	1.26755	1.26633	1.26731	2998	0	30
2018.08.21	05:00:00	1.26732	1.26755	1.26694	1.26724	2473	0	31
2018.08.21	06:00:00	1.26724	1.26859	1.26714	1.26850	2252	0	32
2018.08.21	07:00:00	1.26850	1.26870	1.26811	1.26813	1826	0	32
2018.08.21	08:00:00	1.26813	1.26953	1.26801	1.26915	2333	0	33
2018.08.21	09:00:00	1.26910	1.26914	1.26782	1.26822	4053	0	30
2018.08.21	10:00:00	1.26822	1.26822	1.26611	1.26612	5796	0	30
2018.08.21	11:00:00	1.26612	1.26697	1.26588	1.26657	5004	0	31
2018.08.21	12:00:00	1.26657	1.26657	1.26555	1.26630	4095	0	30
2018.08.21	13:00:00	1.26633	1.26740	1.26628	1.26691	2746	0	30
2018.08.21	14:00:00	1.26692	1.26756	1.26646	1.26709	4145	0	30
2018.08.21	15:00:00	1.26709	1.26783	1.26651	1.26678	6520	0	30
2018.08.21	16:00:00	1.26677	1.26993	1.26673	1.26945	5939	0	30
2018.08.21	17:00:00	1.26943	1.27236	1.26929	1.27158	6704	0	30
2018.08.21	18:00:00	1.27158	1.27180	1.26893	1.26972	6534	0	30
2018.08.21	19:00:00	1.26972	1.27019	1.26928	1.26983	5196	0	30
2018.08.21	20:00:00	1.26983	1.27072	1.26900	1.27044	5083	0	30
2018.08.21	21:00:00	1.27044	1.27218	1.27026	1.27098	4572	0	30
2018.08.21	22:00:00	1.27099	1.27186	1.27099	1.27143	1939	0	31
2018.08.21	23:00:00	1.27145	1.27154	1.27022	1.27022	1397	0	33
2018.08.22	00:00:00	1.26961	1.27128	1.26574	1.27024	62370	0	53
2018.08.22	01:00:00	1.27023	1.27073	1.27023	1.27053	1720	0	37
2018.08.22	02:00:00	1.27053	1.27053	1.27001	1.27015	843	0	34
2018.08.22	03:00:00	1.27016	1.27040	1.26975	1.26979	2082	0	34
2018.08.22	04:00:00	1.26979	1.27031	1.26925	1.26955	1738	0	34
2018.08.22	05:00:00	1.26955	1.27029	1.26955	1.26991	1711	0	35
2018.08.22	06:00:00	1.26991	1.27078	1.26983	1.27022	2648	0	33
2018.08.22	07:00:00	1.27022	1.27085	1.27012	1.27085	1446	0	34
2018.08.22	08:00:00	1.27085	1.27110	1.27054	1.27062	1880	0	32
2018.08.22	09:00:00	1.27058	1.27069	1.26975	1.27025	3055	0	30
2018.08.22	10:00:00	1.27025	1.27031	1.26840	1.26866	4403	0	30
2018.08.22	11:00:00	1.26866	1.26885	1.26681	1.26747	5272	0	30
2018.08.22	12:00:00	1.26747	1.26812	1.26615	1.26673	5451	0	30
2018.08.22	13:00:00	1.26673	1.26743	1.26566	1.26720	4042	0	30
2018.08.22	14:00:00	1.26720	1.26812	1.26655	1.26736	5327	0	30
2018.08.22	15:00:00	1.26736	1.26883	1.26684	1.26881	5655	0	30
2018.08.22	16:00:00	1.26881	1.26958	1.26791	1.26907	6890	0	30
2018.08.22	17:00:00	1.26911	1.26955	1.26817	1.26880	6093	0	30
2018.08.22	18:00:00	1.26882	1.26981	1.26788	1.26969	5031	0	30
2018.08.22	19:00:00	1.26969	1.27000	1.26905	1.26954	2921	0	30
2018.08.22	20:00:00	1.26954	1.26969	1.26908	1.26938	1813	0	32
2018.08.22	21:00:00	1.26938	1.27009	1.26914	1.26975	5314	0	31
2018.08.22	22:00:00	1.26978	1.26980	1.26915	1.26946	2305	0	31
2018.08.22	23:00:00	1.26947	1.26963	1.26890	1.26890	1401	0	28
2018.08.23	00:00:00	1.26852	1.26961	1.26204	1.26920	63980	0	30
2018.08.23	01:00:00	1.26921	1.26925	1.26850	1.26886	1480	0	40
2018.08.23	02:00:00	1.26886	1.26905	1.26856	1.26876	1577	0	31
2018.08.23	03:00:00	1.26877	1.26892	1.26778	1.26837	3119	0	17
2018.08.23	04:00:00	1.26838	1.26883	1.26774	1.26809	2780	0	33
2018.08.23	05:00:00	1.26810	1.26822	1.26718	1.26748	3332	0	32
2018.08.23	06:00:00	1.26749	1.26783	1.26677	1.26721	2645	0	33
2018.08.23	07:00:00	1.26721	1.26740	1.26633	1.26738	2483	0	34
2018.08.23	08:00:00	1.26737	1.26809	1.26724	1.26760	1808	0	17
2018.08.23	09:00:00	1.26760	1.26792	1.26624	1.26657	3450	0	23
2018.08.23	10:00:00	1.26657	1.26742	1.26600	1.26624	4155	0	18
2018.08.23	11:00:00	1.26624	1.26627	1.26436	1.26524	4697	0	30
2018.08.23	12:00:00	1.26521	1.26617	1.26461	1.26502	4444	0	30
2018.08.23	13:00:00	1.26503	1.26804	1.26502	1.26784	4434	0	30
2018.08.23	14:00:00	1.26785	1.26789	1.26634	1.26647	4069	0	30
2018.08.23	15:00:00	1.26647	1.26680	1.26508	1.26612	4710	0	30
2018.08.23	16:00:00	1.26612	1.26704	1.26557	1.26572	6963	0	30
2018.08.23	17:00:00	1.26575	1.26580	1.26305	1.26327	7683	0	30
2018.08.23	18:00:00	1.26330	1.26380	1.26244	1.26320	5273	0	30
2018.08.23	19:00:00	1.26320	1.26351	1.26237	1.26287	3376	0	30
2018.08.23	20:00:00	1.26287	1.26353	1.26253	1.26302	3354	0	30
2018.08.23	21:00:00	1.26302	1.26365	1.26299	1.26350	2329	0	30
2018.08.23	22:00:00	1.26350	1.26356	1.26256	1.26344	2415	0	31
2018.08.23	23:00:00	1.26341	1.26359	1.26311	1.26311	1198	0	32
2018.08.24	00:00:00	1.26230	1.26494	1.25932	1.26212	64115	0	52
2018.08.24	01:00:00	1.26232	1.26349	1.26224	1.26306	2070	0	39
2018.08.24	02:00:00	1.26305	1.26343	1.26273	1.26304	1098	0	31
2018.08.24	03:00:00	1.26304	1.26313	1.26217	1.26294	2389	0	35
2018.08.24	04:00:00	1.26294	1.26308	1.26236	1.26243	3135	0	32
2018.08.24	05:00:00	1.26243	1.26343	1.26203	1.26318	3442	0	32
2018.08.24	06:00:00	1.26315	1.26380	1.26277	1.26352	3505	0	34
2018.08.24	07:00:00	1.26355	1.26364	1.26301	1.26344	1854	0	37
2018.08.24	08:00:00	1.26344	1.26364	1.26291	1.26341	2910	0	31
2018.08.24	09:00:00	1.26340	1.26375	1.26291	1.26364	3357	0	30
2018.08.24	10:00:00	1.26364	1.26430	1.26312	1.26393	3554	0	30
2018.08.24	11:00:00	1.26392	1.26430	1.26276	1.26325	3603	0	30
2018.08.24	12:00:00	1.26327	1.26328	1.26083	1.26195	4116	0	30
2018.08.24	13:00:00	1.26194	1.26461	1.26153	1.26442	5007	0	30
2018.08.24	14:00:00	1.26442	1.26489	1.26334	1.26334	5992	0	30
2018.08.24	15:00:00	1.26334	1.26438	1.26290	1.26432	4815	0	31
2018.08.24	16:00:00	1.26433	1.26461	1.26291	1.26317	6282	0	30
2018.08.24	17:00:00	1.26317	1.26463	1.26283	1.26325	12034	0	30
2018.08.24	18:00:00	1.26325	1.26354	1.26272	1.26296	6630	0	30
2018.08.24	19:00:00	1.26296	1.26365	1.26270	1.26274	2989	0	30
2018.08.24	20:00:00	1.26274	1.26301	1.26182	1.26233	3703	0	32
2018.08.24	21:00:00	1.26231	1.26260	1.26170	1.26249	2543	0	32
2018.08.24	22:00:00	1.26248	1.26306	1.26228	1.26278	1749	0	31
2018.08.24	23:00:00	1.26278	1.26353	1.26223	1.26330	1164	0	33
2018.08.27	00:00:00	1.26116	1.26542	1.26072	1.26277	52820	0	33
2018.08.27	01:00:00	1.26277	1.26312	1.26226	1.26286	651	0	35
2018.08.27	02:00:00	1.26286	1.26369	1.26278	1.26292	1110	0	31
2018.08.27	03:00:00	1.26292	1.26337	1.26260	1.26305	2924	0	31
2018.08.27	04:00:00	1.26305	1.26328	1.26261	1.26286	2028	0	33
2018.08.27	05:00:00	1.26286	1.26341	1.26260	1.26334	2792	0	34
2018.08.27	06:00:00	1.26331	1.26390	1.26330	1.26377	2020	0	31
2018.08.27	07:00:00	1.26377	1.26440	1.26359	1.26418	3527	0	33
2018.08.27	08:00:00	1.26418	1.26447	1.26398	1.26406	2178	0	34
2018.08.27	09:00:00	1.26406	1.26422	1.26285	1.26303	4176	0	30
2018.08.27	10:00:00	1.26303	1.26348	1.26268	1.26291	3829	0	31
2018.08.27	11:00:00	1.26289	1.26350	1.26228	1.26281	3543	0	30
2018.08.27	12:00:00	1.26281	1.26289	1.26184	1.26191	2797	0	32
2018.08.27	13:00:00	1.26192	1.26325	1.26188	1.26307	3299	0	31
2018.08.27	14:00:00	1.26307	1.26441	1.26268	1.26439	3865	0	30
2018.08.27	15:00:00	1.26439	1.26538	1.26389	1.26506	5346	0	30
2018.08.27	16:00:00	1.26506	1.26506	1.26435	1.26449	5320	0	30
2018.08.27	17:00:00	1.26447	1.26461	1.26287	1.26378	6540	0	30
2018.08.27	18:00:00	1.26380	1.26400	1.26271	1.26350	5851	0	30
2018.08.27	19:00:00	1.26351	1.26367	1.26225	1.26229	4378	0	31
2018.08.27	20:00:00	1.26229	1.26266	1.26203	1.26224	2825	0	31
2018.08.27	21:00:00	1.26224	1.26305	1.26223	1.26288	1911	0	31
2018.08.27	22:00:00	1.26285	1.26286	1.26228	1.26271	1802	0	32
2018.08.27	23:00:00	1.26271	1.26312	1.26254	1.26285	878	0	27
2018.08.28	00:00:00	1.26279	1.26362	1.25570	1.26316	65525	0	48
2018.08.28	01:00:00	1.26316	1.26319	1.26272	1.26285	1283	0	37
2018.08.28	02:00:00	1.26283	1.26319	1.26266	1.26310	1357	0	33
2018.08.28	03:00:00	1.26309	1.26316	1.26250	1.26282	2144	0	34
2018.08.28	04:00:00	1.26282	1.26294	1.26200	1.26277	3577	0	30
2018.08.28	05:00:00	1.26277	1.26298	1.26176	1.26212	2032	0	31
2018.08.28	06:00:00	1.26211	1.26249	1.26185	1.26221	2671	0	32
2018.08.28	07:00:00	1.26221	1.26240	1.26185	1.26232	1540	0	31
2018.08.28	08:00:00	1.26230	1.26237	1.26111	1.26170	2140	0	33
2018.08.28	09:00:00	1.26170	1.26224	1.26091	1.26213	3199	0	31
2018.08.28	10:00:00	1.26213	1.26284	1.26091	1.26099	6090	0	30
2018.08.28	11:00:00	1.26100	1.26148	1.25987	1.26075	5352	0	30
2018.08.28	12:00:00	1.26075	1.26101	1.25967	1.26046	5070	0	30
2018.08.28	13:00:00	1.26046	1.26046	1.25888	1.25913	4538	0	30
2018.08.28	14:00:00	1.25912	1.26064	1.25882	1.25999	5151	0	30
2018.08.28	15:00:00	1.25999	1.26147	1.25960	1.26136	6351	0	30
2018.08.28	16:00:00	1.26136	1.26167	1.25897	1.25926	6165	0	30
2018.08.28	17:00:00	1.25926	1.25992	1.25618	1.25734	7794	0	30
2018.08.28	18:00:00	1.25731	1.25758	1.25638	1.25639	5516	0	30
2018.08.28	19:00:00	1.25639	1.25689	1.25600	1.25628	3882	0	31
2018.08.28	20:00:00	1.25625	1.25635	1.25582	1.25600	2145	0	30
2018.08.28	21:00:00	1.25600	1.25707	1.25565	1.25669	3950	0	30
2018.08.28	22:00:00	1.25668	1.25677	1.25618	1.25622	3302	0	30
2018.08.28	23:00:00	1.25622	1.25654	1.25607	1.25614	1102	0	24
2018.08.29	00:00:00	1.25620	1.26656	1.25103	1.25629	73226	0	60
2018.08.29	01:00:00	1.25628	1.25667	1.25583	1.25646	711	0	41
2018.08.29	02:00:00	1.25648	1.25667	1.25632	1.25641	1501	0	31
2018.08.29	03:00:00	1.25641	1.25703	1.25629	1.25664	3089	0	33
2018.08.29	04:00:00	1.25663	1.25701	1.25617	1.25639	1565	0	37
2018.08.29	05:00:00	1.25639	1.25655	1.25603	1.25624	1566	0	32
2018.08.29	06:00:00	1.25624	1.25658	1.25563	1.25653	1103	0	31
2018.08.29	07:00:00	1.25654	1.25700	1.25632	1.25695	2444	0	32
2018.08.29	08:00:00	1.25695	1.25696	1.25556	1.25564	4004	0	30
2018.08.29	09:00:00	1.25566	1.25622	1.25530	1.25570	4105	0	30
2018.08.29	10:00:00	1.25570	1.25743	1.25542	1.25680	5636	0	30
2018.08.29	11:00:00	1.25680	1.25815	1.25662	1.25767	4699	0	30
2018.08.29	12:00:00	1.25767	1.25846	1.25693	1.25815	3979	0	30
2018.08.29	13:00:00	1.25816	1.26002	1.25797	1.25897	4520	0	30
2018.08.29	14:00:00	1.25897	1.25976	1.25804	1.25812	4831	0	31
2018.08.29	15:00:00	1.25812	1.25829	1.25518	1.25562	6025	0	30
2018.08.29	16:00:00	1.25561	1.25874	1.25096	1.25873	8670	0	30
2018.08.29	17:00:00	1.25878	1.26577	1.25768	1.26528	14822	0	30
2018.08.29	18:00:00	1.26528	1.26652	1.26296	1.26543	8118	0	30
2018.08.29	19:00:00	1.26543	1.26550	1.26111	1.26372	7015	0	30
2018.08.29	20:00:00	1.26371	1.26461	1.26311	1.26391	3550	0	30
2018.08.29	21:00:00	1.26391	1.26476	1.26334	1.26456	3536	0	30
2018.08.29	22:00:00	1.26456	1.26503	1.26398	1.26492	3133	0	30
2018.08.29	23:00:00	1.26492	1.26506	1.26369	1.26396	1500	0	26
2018.08.30	00:00:00	1.26398	1.26623	1.25969	1.26449	66210	0	33
2018.08.30	01:00:00	1.26448	1.26463	1.26379	1.26406	1851	0	42
2018.08.30	02:00:00	1.26408	1.26498	1.26390	1.26491	933	0	35
2018.08.30	03:00:00	1.26491	1.26516	1.26399	1.26468	2296	0	30
2018.08.30	04:00:00	1.26468	1.26479	1.26372	1.26441	3162	0	31
2018.08.30	05:00:00	1.26443	1.26532	1.26437	1.26466	2462	0	33
2018.08.30	06:00:00	1.26466	1.26531	1.26463	1.26503	2286	0	30
2018.08.30	07:00:00	1.26503	1.26513	1.26461	1.26479	2185	0	32
2018.08.30	08:00:00	1.26480	1.26506	1.26342	1.26424	2563	0	30
2018.08.30	09:00:00	1.26426	1.26618	1.26421	1.26490	4164	0	30
2018.08.30	10:00:00	1.26490	1.26508	1.26229	1.26251	5583	0	30
2018.08.30	11:00:00	1.26252	1.26252	1.25963	1.26104	6395	0	30
2018.08.30	12:00:00	1.26104	1.26263	1.26084	1.26245	3999	0	30
2018.08.30	13:00:00	1.26245	1.26389	1.26128	1.26281	4273	0	30
2018.08.30	14:00:00	1.26280	1.26338	1.26168	1.26222	4817	0	30
2018.08.30	15:00:00	1.26222	1.26356	1.26219	1.26303	5931	0	30
2018.08.30	16:00:00	1.26303	1.26342	1.26119	1.26288	9169	0	30
2018.08.30	17:00:00	1.26289	1.26423	1.26236	1.26256	7594	0	30
2018.08.30	18:00:00	1.26256	1.26300	1.26110	1.26164	7781	0	30
2018.08.30	19:00:00	1.26165	1.26281	1.26101	1.26270	5166	0	31
2018.08.30	20:00:00	1.26270	1.26305	1.26127	1.26177	3794	0	31
2018.08.30	21:00:00	1.26177	1.26217	1.26084	1.26142	5055	0	30
2018.08.30	22:00:00	1.26142	1.26149	1.26063	1.26125	3393	0	30
2018.08.30	23:00:00	1.26125	1.26171	1.26096	1.26096	1524	0	31
2018.08.31	00:00:00	1.25956	1.26159	1.25092	1.26018	73732	0	52
2018.08.31	01:00:00	1.26020	1.26114	1.25953	1.26006	1697	0	40
2018.08.31	02:00:00	1.26006	1.26066	1.25973	1.26023	1169	0	33
2018.08.31	03:00:00	1.26023	1.26033	1.25964	1.26012	1805	0	33
2018.08.31	04:00:00	1.26012	1.26072	1.25948	1.25949	3153	0	34
2018.08.31	05:00:00	1.25948	1.25993	1.25928	1.25953	1832	0	33
2018.08.31	06:00:00	1.25954	1.25985	1.25913	1.25969	1620	0	35
2018.08.31	07:00:00	1.25969	1.26006	1.25940	1.25999	1673	0	32
2018.08.31	08:00:00	1.25999	1.26042	1.25964	1.25979	3481	0	33
2018.08.31	09:00:00	1.25979	1.26033	1.25928	1.25940	3425	0	32
2018.08.31	10:00:00	1.25943	1.25943	1.25422	1.25748	8089	0	30
2018.08.31	11:00:00	1.25748	1.25973	1.25644	1.25966	5693	0	30
2018.08.31	12:00:00	1.25966	1.25969	1.25700	1.25747	5356	0	30
2018.08.31	13:00:00	1.25747	1.25766	1.25628	1.25637	5709	0	30
2018.08.31	14:00:00	1.25637	1.25752	1.25470	1.25718	7318	0	30
2018.08.31	15:00:00	1.25719	1.25784	1.25566	1.25619	7494	0	30
2018.08.31	16:00:00	1.25619	1.25684	1.25522	1.25635	8442	0	30
2018.08.31	17:00:00	1.25635	1.25824	1.25515	1.25713	9079	0	30
2018.08.31	18:00:00	1.25713	1.25891	1.25638	1.25709	9183	0	30
2018.08.31	19:00:00	1.25707	1.25718	1.25544	1.25693	5949	0	30
2018.08.31	20:00:00	1.25695	1.25710	1.25627	1.25654	3632	0	32
2018.08.31	21:00:00	1.25651	1.25661	1.25562	1.25594	3386	0	32
2018.08.31	22:00:00	1.25594	1.25649	1.25571	1.25635	3673	0	31
2018.08.31	23:00:00	1.25635	1.25640	1.25487	1.25493	1208	0	32
2018.09.03	00:00:00	1.25165	1.25413	1.24671	1.25214	48753	0	58
2018.09.03	01:00:00	1.25214	1.25331	1.25210	1.25305	2043	0	40
2018.09.03	02:00:00	1.25305	1.25326	1.25233	1.25271	858	0	30
2018.09.03	03:00:00	1.25271	1.25348	1.25255	1.25314	1486	0	34
2018.09.03	04:00:00	1.25314	1.25357	1.25262	1.25352	1995	0	33
2018.09.03	05:00:00	1.25353	1.25383	1.25324	1.25345	2485	0	31
2018.09.03	06:00:00	1.25343	1.25398	1.25332	1.25387	1792	0	30
2018.09.03	07:00:00	1.25385	1.25405	1.25356	1.25385	2055	0	34
2018.09.03	08:00:00	1.25385	1.25395	1.25315	1.25329	2382	0	30
2018.09.03	09:00:00	1.25329	1.25329	1.25152	1.25236	3361	0	30
2018.09.03	10:00:00	1.25237	1.25284	1.25086	1.25266	6145	0	30
2018.09.03	11:00:00	1.25266	1.25305	1.24995	1.25115	7192	0	30
2018.09.03	12:00:00	1.25117	1.25122	1.24869	1.24886	4265	0	30
2018.09.03	13:00:00	1.24886	1.25006	1.24774	1.24932	5091	0	30
2018.09.03	14:00:00	1.24932	1.24934	1.24769	1.24878	3876	0	30
2018.09.03	15:00:00	1.24880	1.24966	1.24682	1.24747	5516	0	30
2018.09.03	16:00:00	1.24747	1.24851	1.24697	1.24838	4673	0	30
2018.09.03	17:00:00	1.24840	1.24861	1.24722	1.24759	4685	0	31
2018.09.03	18:00:00	1.24762	1.24851	1.24713	1.24768	3552	0	31
2018.09.03	19:00:00	1.24768	1.24892	1.24737	1.24834	1483	0	30
2018.09.03	20:00:00	1.24836	1.24838	1.24735	1.24765	784	0	32
2018.09.03	21:00:00	1.24765	1.24831	1.24699	1.24751	1068	0	33
2018.09.03	22:00:00	1.24751	1.24782	1.24677	1.24715	575	0	37
2018.09.03	23:00:00	1.24720	1.24818	1.24698	1.24701	1106	0	30
2018.09.04	00:00:00	1.24220	1.25393	1.24220	1.24682	67566	0	89
2018.09.04	01:00:00	1.24699	1.24771	1.24674	1.24727	734	0	35
2018.09.04	02:00:00	1.24727	1.24735	1.24698	1.24730	644	0	35
2018.09.04	03:00:00	1.24730	1.24733	1.24657	1.24732	2264	0	33
2018.09.04	04:00:00	1.24732	1.24774	1.24665	1.24770	2766	0	34
2018.09.04	05:00:00	1.24770	1.24773	1.24694	1.24720	1659	0	31
2018.09.04	06:00:00	1.24720	1.24748	1.24699	1.24722	1809	0	33
2018.09.04	07:00:00	1.24722	1.24764	1.24714	1.24731	1809	0	36
2018.09.04	08:00:00	1.24730	1.24734	1.24658	1.24670	2090	0	32
2018.09.04	09:00:00	1.24670	1.24817	1.24629	1.24774	5054	0	30
2018.09.04	10:00:00	1.24774	1.24902	1.24759	1.24864	5374	0	30
2018.09.04	11:00:00	1.24865	1.24981	1.24695	1.24792	6616	0	30
2018.09.04	12:00:00	1.24792	1.24919	1.24714	1.24863	5253	0	30
2018.09.04	13:00:00	1.24861	1.24935	1.24834	1.24850	4093	0	31
2018.09.04	14:00:00	1.24849	1.25019	1.24768	1.24953	6190	0	30
2018.09.04	15:00:00	1.24953	1.25160	1.24894	1.25037	5113	0	30
2018.09.04	16:00:00	1.25037	1.25238	1.25018	1.25127	6638	0	30
2018.09.04	17:00:00	1.25104	1.25252	1.25083	1.25108	7411	0	30
2018.09.04	18:00:00	1.25112	1.25191	1.25026	1.25141	6381	0	30
2018.09.04	19:00:00	1.25140	1.25364	1.25043	1.25249	5720	0	30
2018.09.04	20:00:00	1.25248	1.25385	1.25238	1.25358	4173	0	30
2018.09.04	21:00:00	1.25358	1.25364	1.25268	1.25297	2273	0	31
2018.09.04	22:00:00	1.25297	1.25300	1.25199	1.25259	2987	0	31
2018.09.04	23:00:00	1.25252	1.25268	1.25188	1.25234	1277	0	34
2018.09.05	00:00:00	1.25219	1.26238	1.24582	1.25182	74431	0	33
2018.09.05	01:00:00	1.25182	1.25227	1.25136	1.25222	2305	0	33
2018.09.05	02:00:00	1.25222	1.25249	1.25186	1.25207	1670	0	34
2018.09.05	03:00:00	1.25209	1.25221	1.25160	1.25179	2298	0	34
2018.09.05	04:00:00	1.25179	1.25269	1.25172	1.25216	3210	0	30
2018.09.05	05:00:00	1.25216	1.25240	1.25175	1.25198	2710	0	31
2018.09.05	06:00:00	1.25199	1.25226	1.25167	1.25210	1836	0	35
2018.09.05	07:00:00	1.25210	1.25225	1.25157	1.25188	1701	0	30
2018.09.05	08:00:00	1.25188	1.25201	1.25122	1.25128	2457	0	33
2018.09.05	09:00:00	1.25127	1.25146	1.24993	1.25033	4386	0	30
2018.09.05	10:00:00	1.25033	1.25141	1.24950	1.25040	6145	0	30
2018.09.05	11:00:00	1.25041	1.25048	1.24760	1.24911	5964	0	30
2018.09.05	12:00:00	1.24911	1.24998	1.24578	1.24648	5485	0	30
2018.09.05	13:00:00	1.24648	1.24935	1.24616	1.24870	4715	0	30
2018.09.05	14:00:00	1.24870	1.24955	1.24797	1.24945	3775	0	30
2018.09.05	15:00:00	1.24945	1.25009	1.24871	1.24981	4356	0	30
2018.09.05	16:00:00	1.24979	1.26238	1.24932	1.26043	12033	0	17
2018.09.05	17:00:00	1.26043	1.26072	1.25828	1.25851	8206	0	30
2018.09.05	18:00:00	1.25854	1.25888	1.25119	1.25342	9554	0	30
2018.09.05	19:00:00	1.25342	1.25476	1.25272	1.25347	4196	0	30
2018.09.05	20:00:00	1.25347	1.25438	1.25339	1.25401	2712	0	30
2018.09.05	21:00:00	1.25401	1.25456	1.25348	1.25399	2610	0	30
2018.09.05	22:00:00	1.25396	1.25453	1.25375	1.25441	2446	0	24
2018.09.05	23:00:00	1.25441	1.25451	1.25387	1.25387	1502	0	25
2018.09.06	00:00:00	1.25383	1.25551	1.24724	1.25343	71836	0	43
2018.09.06	01:00:00	1.25343	1.25405	1.25343	1.25391	1230	0	30
2018.09.06	02:00:00	1.25391	1.25429	1.25385	1.25407	1290	0	34
2018.09.06	03:00:00	1.25407	1.25407	1.25243	1.25262	2694	0	31
2018.09.06	04:00:00	1.25262	1.25332	1.25254	1.25278	2140	0	33
2018.09.06	05:00:00	1.25278	1.25311	1.25267	1.25296	2371	0	32
2018.09.06	06:00:00	1.25295	1.25296	1.25225	1.25253	2289	0	33
2018.09.06	07:00:00	1.25251	1.25340	1.25251	1.25304	1447	0	35
2018.09.06	08:00:00	1.25309	1.25309	1.25230	1.25247	2877	0	33
2018.09.06	09:00:00	1.25246	1.25302	1.25141	1.25302	3442	0	30
2018.09.06	10:00:00	1.25303	1.25463	1.25208	1.25262	6125	0	30
2018.09.06	11:00:00	1.25262	1.25458	1.25209	1.25458	5684	0	30
2018.09.06	12:00:00	1.25458	1.25535	1.25309	1.25408	5027	0	30
2018.09.06	13:00:00	1.25406	1.25472	1.25301	1.25342	4530	0	30
2018.09.06	14:00:00	1.25342	1.25439	1.25235	1.25396	4566	0	30
2018.09.06	15:00:00	1.25396	1.25548	1.25317	1.25357	6192	0	30
2018.09.06	16:00:00	1.25357	1.25433	1.25227	1.25366	5434	0	30
2018.09.06	17:00:00	1.25399	1.25399	1.25028	1.25302	8171	0	30
2018.09.06	18:00:00	1.25304	1.25334	1.25168	1.25183	7863	0	30
2018.09.06	19:00:00	1.25183	1.25233	1.24982	1.25012	3676	0	30
2018.09.06	20:00:00	1.25009	1.25088	1.24972	1.25047	2804	0	30
2018.09.06	21:00:00	1.25047	1.25047	1.24905	1.24922	2988	0	30
2018.09.06	22:00:00	1.24922	1.25000	1.24843	1.24846	2679	0	31
2018.09.06	23:00:00	1.24847	1.24895	1.24722	1.24757	1977	0	30
2018.09.07	00:00:00	1.24721	1.25766	1.24700	1.24768	77914	0	39
2018.09.07	01:00:00	1.24771	1.24815	1.24710	1.24745	1302	0	34
2018.09.07	02:00:00	1.24745	1.24775	1.24729	1.24759	2536	0	34
2018.09.07	03:00:00	1.24759	1.24770	1.24693	1.24722	2895	0	31
2018.09.07	04:00:00	1.24721	1.24783	1.24701	1.24761	2261	0	34
2018.09.07	05:00:00	1.24761	1.24790	1.24725	1.24746	2000	0	36
2018.09.07	06:00:00	1.24747	1.24788	1.24726	1.24787	1645	0	35
2018.09.07	07:00:00	1.24787	1.24822	1.24757	1.24764	1838	0	35
2018.09.07	08:00:00	1.24765	1.24817	1.24730	1.24765	1409	0	31
2018.09.07	09:00:00	1.24763	1.24905	1.24722	1.24819	4264	0	30
2018.09.07	10:00:00	1.24819	1.24953	1.24778	1.24942	5376	0	30
2018.09.07	11:00:00	1.24942	1.24954	1.24800	1.24880	4449	0	31
2018.09.07	12:00:00	1.24880	1.25210	1.24777	1.25136	4469	0	30
2018.09.07	13:00:00	1.25137	1.25757	1.25059	1.25680	7705	0	30
2018.09.07	14:00:00	1.25680	1.25717	1.25335	1.25392	6271	0	30
2018.09.07	15:00:00	1.25393	1.25719	1.25386	1.25445	9988	0	30
2018.09.07	16:00:00	1.25447	1.25484	1.25148	1.25156	8142	0	30
2018.09.07	17:00:00	1.25156	1.25510	1.25153	1.25281	8549	0	30
2018.09.07	18:00:00	1.25281	1.25687	1.25214	1.25228	7598	0	30
2018.09.07	19:00:00	1.25228	1.25320	1.25081	1.25293	7986	0	30
2018.09.07	20:00:00	1.25293	1.25325	1.25149	1.25193	3682	0	30
2018.09.07	21:00:00	1.25193	1.25262	1.25171	1.25208	2526	0	30
2018.09.07	22:00:00	1.25208	1.25236	1.25159	1.25185	2131	0	30
2018.09.07	23:00:00	1.25185	1.25218	1.25124	1.25164	1311	0	36
2018.09.10	00:00:00	1.25024	1.27107	1.24843	1.25192	62112	0	68
2018.09.10	01:00:00	1.25192	1.25261	1.25120	1.25212	1089	0	39
2018.09.10	02:00:00	1.25211	1.25247	1.25195	1.25230	967	0	35
2018.09.10	03:00:00	1.25230	1.25292	1.25217	1.25266	2776	0	30
2018.09.10	04:00:00	1.25266	1.25299	1.25231	1.25293	3295	0	34
2018.09.10	05:00:00	1.25293	1.25294	1.25252	1.25268	1995	0	36
2018.09.10	06:00:00	1.25268	1.25290	1.25185	1.25190	1901	0	30
2018.09.10	07:00:00	1.25190	1.25249	1.25176	1.25219	2056	0	33
2018.09.10	08:00:00	1.25219	1.25252	1.25205	1.25230	1177	0	30
2018.09.10	09:00:00	1.25230	1.25307	1.25130	1.25164	2935	0	30
2018.09.10	10:00:00	1.25167	1.25466	1.25139	1.25419	4966	0	30
2018.09.10	11:00:00	1.25419	1.25695	1.25399	1.25693	5158	0	30
2018.09.10	12:00:00	1.25693	1.25986	1.25678	1.25934	3695	0	30
2018.09.10	13:00:00	1.25934	1.25934	1.25758	1.25883	3429	0	30
2018.09.10	14:00:00	1.25883	1.26032	1.25812	1.25977	3856	0	30
2018.09.10	15:00:00	1.25977	1.26892	1.25966	1.26870	6707	0	30
2018.09.10	16:00:00	1.26869	1.26959	1.26622	1.26667	9701	0	30
2018.09.10	17:00:00	1.26667	1.26766	1.26556	1.26610	6024	0	30
2018.09.10	18:00:00	1.26610	1.26854	1.26564	1.26845	4849	0	30
2018.09.10	19:00:00	1.26845	1.27033	1.26805	1.26964	3952	0	30
2018.09.10	20:00:00	1.26964	1.27085	1.26946	1.27037	2819	0	30
2018.09.10	21:00:00	1.27037	1.27104	1.26989	1.26994	1991	0	30
2018.09.10	22:00:00	1.26992	1.27031	1.26980	1.27005	1639	0	30
2018.09.10	23:00:00	1.27005	1.27013	1.26913	1.26996	845	0	30
2018.09.11	00:00:00	1.26973	1.27415	1.26295	1.26965	63418	0	44
2018.09.11	01:00:00	1.26965	1.26965	1.26898	1.26938	850	0	38
2018.09.11	02:00:00	1.26938	1.26982	1.26937	1.26971	1060	0	34
2018.09.11	03:00:00	1.26967	1.27165	1.26962	1.27114	2247	0	34
2018.09.11	04:00:00	1.27117	1.27133	1.27052	1.27108	2936	0	30
2018.09.11	05:00:00	1.27109	1.27121	1.27048	1.27064	1709	0	31
2018.09.11	06:00:00	1.27066	1.27127	1.27043	1.27106	2464	0	33
2018.09.11	07:00:00	1.27106	1.27154	1.27061	1.27075	2636	0	33
2018.09.11	08:00:00	1.27074	1.27241	1.27037	1.27185	2174	0	30
2018.09.11	09:00:00	1.27189	1.27410	1.27171	1.27319	4245	0	30
2018.09.11	10:00:00	1.27315	1.27412	1.27130	1.27243	5678	0	30
2018.09.11	11:00:00	1.27243	1.27328	1.26497	1.27025	7332	0	30
2018.09.11	12:00:00	1.27025	1.27087	1.26876	1.27048	4853	0	30
2018.09.11	13:00:00	1.27044	1.27112	1.26731	1.26740	4317	0	30
2018.09.11	14:00:00	1.26741	1.26832	1.26579	1.26691	4036	0	30
2018.09.11	15:00:00	1.26691	1.27005	1.26243	1.26459	8225	0	30
2018.09.11	16:00:00	1.26459	1.26639	1.26402	1.26578	5619	0	30
2018.09.11	17:00:00	1.26578	1.26741	1.26501	1.26607	6402	0	30
2018.09.11	18:00:00	1.26607	1.26716	1.26525	1.26711	4284	0	30
2018.09.11	19:00:00	1.26713	1.26723	1.26601	1.26637	2852	0	30
2018.09.11	20:00:00	1.26638	1.26711	1.26600	1.26632	1839	0	30
2018.09.11	21:00:00	1.26634	1.26660	1.26604	1.26617	1894	0	32
2018.09.11	22:00:00	1.26617	1.26674	1.26591	1.26624	1657	0	32
2018.09.11	23:00:00	1.26624	1.26755	1.26604	1.26672	2277	0	13
2018.09.12	00:00:00	1.26666	1.27028	1.26283	1.26592	65146	0	50
2018.09.12	01:00:00	1.26592	1.26640	1.26568	1.26618	769	0	30
2018.09.12	02:00:00	1.26618	1.26651	1.26608	1.26632	1270	0	35
2018.09.12	03:00:00	1.26632	1.26712	1.26620	1.26701	2407	0	32
2018.09.12	04:00:00	1.26702	1.26714	1.26649	1.26690	1884	0	34
2018.09.12	05:00:00	1.26692	1.26716	1.26625	1.26648	1593	0	34
2018.09.12	06:00:00	1.26645	1.26683	1.26617	1.26682	1830	0	30
2018.09.12	07:00:00	1.26682	1.26749	1.26662	1.26722	1932	0	32
2018.09.12	08:00:00	1.26721	1.26748	1.26638	1.26683	2121	0	32
2018.09.12	09:00:00	1.26682	1.26706	1.26534	1.26550	3151	0	30
2018.09.12	10:00:00	1.26548	1.26928	1.26545	1.26927	5045	0	30
2018.09.12	11:00:00	1.26926	1.27021	1.26870	1.26886	4914	0	30
2018.09.12	12:00:00	1.26886	1.26904	1.26760	1.26820	3585	0	31
2018.09.12	13:00:00	1.26820	1.26822	1.26384	1.26390	3757	0	30
2018.09.12	14:00:00	1.26390	1.26595	1.26339	1.26587	6234	0	30
2018.09.12	15:00:00	1.26587	1.26660	1.26455	1.26592	5200	0	30
2018.09.12	16:00:00	1.26592	1.26617	1.26389	1.26401	5334	0	30
2018.09.12	17:00:00	1.26402	1.26498	1.26277	1.26441	6190	0	30
2018.09.12	18:00:00	1.26437	1.26602	1.26360	1.26405	6688	0	30
2018.09.12	19:00:00	1.26405	1.26952	1.26393	1.26714	4978	0	30
2018.09.12	20:00:00	1.26712	1.26761	1.26644	1.26715	3378	0	30
2018.09.12	21:00:00	1.26714	1.26739	1.26611	1.26628	2523	0	31
2018.09.12	22:00:00	1.26628	1.26640	1.26582	1.26610	2220	0	31
2018.09.12	23:00:00	1.26610	1.26642	1.26563	1.26585	1176	0	17
2018.09.13	00:00:00	1.26479	1.26885	1.26270	1.26539	70421	0	48
2018.09.13	01:00:00	1.26540	1.26612	1.26514	1.26556	1005	0	39
2018.09.13	02:00:00	1.26559	1.26606	1.26544	1.26545	1688	0	30
2018.09.13	03:00:00	1.26545	1.26585	1.26536	1.26565	2123	0	32
2018.09.13	04:00:00	1.26566	1.26581	1.26458	1.26482	1962	0	33
2018.09.13	05:00:00	1.26482	1.26490	1.26397	1.26412	2074	0	33
2018.09.13	06:00:00	1.26412	1.26490	1.26401	1.26484	1525	0	33
2018.09.13	07:00:00	1.26483	1.26496	1.26449	1.26478	1359	0	32
2018.09.13	08:00:00	1.26478	1.26479	1.26319	1.26329	2201	0	33
2018.09.13	09:00:00	1.26329	1.26395	1.26266	1.26369	2883	0	30
2018.09.13	10:00:00	1.26369	1.26478	1.26347	1.26447	4020	0	31
2018.09.13	11:00:00	1.26447	1.26550	1.26416	1.26543	3070	0	30
2018.09.13	12:00:00	1.26546	1.26675	1.26524	1.26614	3303	0	30
2018.09.13	13:00:00	1.26614	1.26683	1.26460	1.26640	3211	0	30
2018.09.13	14:00:00	1.26640	1.26673	1.26315	1.26478	4936	0	30
2018.09.13	15:00:00	1.26478	1.26632	1.26395	1.26496	8549	0	30
2018.09.13	16:00:00	1.26496	1.26870	1.26422	1.26730	8636	0	30
2018.09.13	17:00:00	1.26730	1.26856	1.26594	1.26712	7914	0	30
2018.09.13	18:00:00	1.26712	1.26838	1.26675	1.26824	5427	0	30
2018.09.13	19:00:00	1.26824	1.26879	1.26756	1.26810	2875	0	30
2018.09.13	20:00:00	1.26810	1.26840	1.26595	1.26630	2712	0	27
2018.09.13	21:00:00	1.26628	1.26678	1.26601	1.26624	2734	0	30
2018.09.13	22:00:00	1.26624	1.26638	1.26497	1.26557	2745	0	30
2018.09.13	23:00:00	1.26557	1.26586	1.26496	1.26517	1025	0	18
2018.09.14	00:00:00	1.26519	1.26762	1.25909	1.26528	67341	0	50
2018.09.14	01:00:00	1.26536	1.26583	1.26479	1.26529	1656	0	30
2018.09.14	02:00:00	1.26529	1.26669	1.26522	1.26669	1542	0	36
2018.09.14	03:00:00	1.26669	1.26750	1.26659	1.26690	2123	0	32
2018.09.14	04:00:00	1.26690	1.26690	1.26606	1.26627	1956	0	33
2018.09.14	05:00:00	1.26627	1.26630	1.26537	1.26543	1777	0	31
2018.09.14	06:00:00	1.26543	1.26614	1.26513	1.26543	1418	0	35
2018.09.14	07:00:00	1.26541	1.26578	1.26514	1.26575	1536	0	32
2018.09.14	08:00:00	1.26574	1.26609	1.26514	1.26521	1787	0	32
2018.09.14	09:00:00	1.26521	1.26631	1.26511	1.26596	3994	0	31
2018.09.14	10:00:00	1.26596	1.26682	1.26494	1.26590	4549	0	30
2018.09.14	11:00:00	1.26590	1.26640	1.26418	1.26596	3955	0	30
2018.09.14	12:00:00	1.26596	1.26633	1.26403	1.26526	3940	0	30
2018.09.14	13:00:00	1.26524	1.26614	1.26451	1.26501	3874	0	30
2018.09.14	14:00:00	1.26501	1.26532	1.26194	1.26231	5412	0	30
2018.09.14	15:00:00	1.26229	1.26728	1.26216	1.26422	7592	0	30
2018.09.14	16:00:00	1.26422	1.26636	1.26371	1.26490	5959	0	30
2018.09.14	17:00:00	1.26490	1.26600	1.26277	1.26295	6439	0	30
2018.09.14	18:00:00	1.26295	1.26485	1.26271	1.26437	5053	0	30
2018.09.14	19:00:00	1.26436	1.26503	1.26312	1.26373	5709	0	30
2018.09.14	20:00:00	1.26373	1.26458	1.26370	1.26384	2776	0	30
2018.09.14	21:00:00	1.26384	1.26388	1.26293	1.26316	2142	0	32
2018.09.14	22:00:00	1.26316	1.26339	1.26266	1.26327	1707	0	33
2018.09.14	23:00:00	1.26327	1.26426	1.26306	1.26402	1449	0	30
2018.09.17	00:00:00	1.26149	1.26664	1.26063	1.26431	64514	0	112
2018.09.17	01:00:00	1.26449	1.26465	1.26352	1.26463	1318	0	40
2018.09.17	02:00:00	1.26461	1.26461	1.26383	1.26412	1066	0	32
2018.09.17	03:00:00	1.26413	1.26496	1.26389	1.26485	2245	0	33
2018.09.17	04:00:00	1.26485	1.26488	1.26391	1.26435	2387	0	33
2018.09.17	05:00:00	1.26435	1.26512	1.26428	1.26501	2229	0	37
2018.09.17	06:00:00	1.26501	1.26520	1.26467	1.26511	2267	0	32
2018.09.17	07:00:00	1.26511	1.26548	1.26479	1.26522	2178	0	35
2018.09.17	08:00:00	1.26522	1.26606	1.26514	1.26568	1700	0	32
2018.09.17	09:00:00	1.26568	1.26568	1.26417	1.26464	3613	0	32
2018.09.17	10:00:00	1.26462	1.26512	1.26261	1.26271	4591	0	32
2018.09.17	11:00:00	1.26270	1.26527	1.26222	1.26434	5030	0	30
2018.09.17	12:00:00	1.26437	1.26459	1.26259	1.26414	4749	0	30
2018.09.17	13:00:00	1.26415	1.26441	1.26246	1.26335	5331	0	30
2018.09.17	14:00:00	1.26331	1.26476	1.26274	1.26400	5975	0	30
2018.09.17	15:00:00	1.26401	1.26581	1.26303	1.26536	6179	0	30
2018.09.17	16:00:00	1.26536	1.26631	1.26427	1.26526	5732	0	30
2018.09.17	17:00:00	1.26526	1.26571	1.26373	1.26534	6223	0	30
2018.09.17	18:00:00	1.26536	1.26570	1.26404	1.26432	4532	0	30
2018.09.17	19:00:00	1.26432	1.26638	1.26425	1.26614	2608	0	30
2018.09.17	20:00:00	1.26614	1.26659	1.26573	1.26642	2624	0	30
2018.09.17	21:00:00	1.26642	1.26659	1.26603	1.26659	1691	0	31
2018.09.17	22:00:00	1.26659	1.26659	1.26547	1.26575	2142	0	30
2018.09.17	23:00:00	1.26578	1.26657	1.26533	1.26627	1161	0	11
2018.09.18	00:00:00	1.26595	1.26867	1.26051	1.26602	73815	0	25
2018.09.18	01:00:00	1.26602	1.26676	1.26544	1.26556	2932	0	30
2018.09.18	02:00:00	1.26556	1.26606	1.26528	1.26530	2206	0	36
2018.09.18	03:00:00	1.26530	1.26554	1.26494	1.26516	2046	0	31
2018.09.18	04:00:00	1.26516	1.26554	1.26495	1.26550	2083	0	34
2018.09.18	05:00:00	1.26549	1.26574	1.26509	1.26564	2126	0	32
2018.09.18	06:00:00	1.26560	1.26605	1.26510	1.26580	3295	0	32
2018.09.18	07:00:00	1.26580	1.26604	1.26534	1.26561	1723	0	34
2018.09.18	08:00:00	1.26561	1.26562	1.26490	1.26534	2863	0	35
2018.09.18	09:00:00	1.26535	1.26582	1.26405	1.26433	5634	0	30
2018.09.18	10:00:00	1.26433	1.26473	1.26257	1.26257	7620	0	30
2018.09.18	11:00:00	1.26256	1.26395	1.26180	1.26180	4438	0	30
2018.09.18	12:00:00	1.26180	1.26265	1.26045	1.26215	3839	0	30
2018.09.18	13:00:00	1.26214	1.26402	1.26195	1.26392	3362	0	30
2018.09.18	14:00:00	1.26392	1.26452	1.26311	1.26357	4615	0	30
2018.09.18	15:00:00	1.26357	1.26434	1.26273	1.26390	5301	0	30
2018.09.18	16:00:00	1.26390	1.26601	1.26335	1.26600	7134	0	30
2018.09.18	17:00:00	1.26600	1.26642	1.26442	1.26518	6549	0	30
2018.09.18	18:00:00	1.26518	1.26594	1.26462	1.26556	4583	0	30
2018.09.18	19:00:00	1.26556	1.26719	1.26542	1.26656	4506	0	30
2018.09.18	20:00:00	1.26656	1.26774	1.26637	1.26748	2376	0	32
2018.09.18	21:00:00	1.26746	1.26870	1.26700	1.26749	2792	0	30
2018.09.18	22:00:00	1.26750	1.26841	1.26749	1.26811	2002	0	31
2018.09.18	23:00:00	1.26811	1.26817	1.26754	1.26812	816	0	22
2018.09.19	00:00:00	1.26793	1.27729	1.26654	1.26727	74144	0	30
2018.09.19	01:00:00	1.26732	1.26978	1.26730	1.26872	1870	0	33
2018.09.19	02:00:00	1.26872	1.26941	1.26854	1.26881	1119	0	32
2018.09.19	03:00:00	1.26881	1.26881	1.26782	1.26782	2000	0	32
2018.09.19	04:00:00	1.26782	1.26836	1.26764	1.26824	1502	0	32
2018.09.19	05:00:00	1.26823	1.26872	1.26808	1.26828	1651	0	32
2018.09.19	06:00:00	1.26828	1.26880	1.26802	1.26806	2171	0	31
2018.09.19	07:00:00	1.26806	1.26826	1.26754	1.26763	1060	0	33
2018.09.19	08:00:00	1.26763	1.26848	1.26712	1.26759	1951	0	33
2018.09.19	09:00:00	1.26759	1.26936	1.26746	1.26866	3200	0	31
2018.09.19	10:00:00	1.26866	1.27014	1.26780	1.26878	4972	0	30
2018.09.19	11:00:00	1.26875	1.27444	1.26861	1.27351	7687	0	30
2018.09.19	12:00:00	1.27351	1.27439	1.27234	1.27319	5451	0	30
2018.09.19	13:00:00	1.27320	1.27676	1.27314	1.27648	4152	0	31
2018.09.19	14:00:00	1.27649	1.27729	1.26949	1.27277	8865	0	30
2018.09.19	15:00:00	1.27277	1.27343	1.27184	1.27293	5619	0	30
2018.09.19	16:00:00	1.27295	1.27435	1.27160	1.27239	6490	0	30
2018.09.19	17:00:00	1.27239	1.27384	1.27187	1.27280	8101	0	30
2018.09.19	18:00:00	1.27286	1.27352	1.27205	1.27266	5525	0	30
2018.09.19	19:00:00	1.27266	1.27276	1.27176	1.27189	2951	0	30
2018.09.19	20:00:00	1.27189	1.27211	1.26940	1.27049	3292	0	30
2018.09.19	21:00:00	1.27049	1.27106	1.27019	1.27098	1546	0	33
2018.09.19	22:00:00	1.27097	1.27124	1.27064	1.27101	1445	0	34
2018.09.19	23:00:00	1.27101	1.27192	1.27052	1.27100	921	0	26
2018.09.20	00:00:00	1.27089	1.27898	1.26896	1.27053	84623	0	49
2018.09.20	01:00:00	1.27053	1.27149	1.27026	1.27092	4404	0	39
2018.09.20	02:00:00	1.27096	1.27145	1.27075	1.27111	4086	0	39
2018.09.20	03:00:00	1.27110	1.27148	1.27025	1.27111	2798	0	31
2018.09.20	04:00:00	1.27111	1.27124	1.27066	1.27115	2432	0	35
2018.09.20	05:00:00	1.27113	1.27136	1.27088	1.27125	1581	0	34
2018.09.20	06:00:00	1.27126	1.27160	1.27123	1.27126	1832	0	34
2018.09.20	07:00:00	1.27123	1.27226	1.27120	1.27206	1680	0	34
2018.09.20	08:00:00	1.27206	1.27234	1.27125	1.27138	3031	0	30
2018.09.20	09:00:00	1.27136	1.27151	1.27063	1.27132	2863	0	30
2018.09.20	10:00:00	1.27132	1.27461	1.27126	1.27334	4689	0	30
2018.09.20	11:00:00	1.27334	1.27584	1.27317	1.27437	6571	0	30
2018.09.20	12:00:00	1.27436	1.27673	1.27420	1.27560	4989	0	30
2018.09.20	13:00:00	1.27562	1.27792	1.27500	1.27685	6370	0	30
2018.09.20	14:00:00	1.27685	1.27897	1.27668	1.27755	6964	0	30
2018.09.20	15:00:00	1.27759	1.27804	1.27616	1.27732	9141	0	30
2018.09.20	16:00:00	1.27732	1.27757	1.27362	1.27497	7955	0	30
2018.09.20	17:00:00	1.27502	1.27560	1.27117	1.27358	6186	0	30
2018.09.20	18:00:00	1.27358	1.27387	1.27208	1.27371	5818	0	30
2018.09.20	19:00:00	1.27371	1.27379	1.27215	1.27297	4103	0	30
2018.09.20	20:00:00	1.27294	1.27337	1.27251	1.27293	3025	0	30
2018.09.20	21:00:00	1.27293	1.27357	1.27235	1.27288	2221	0	32
2018.09.20	22:00:00	1.27289	1.27340	1.27237	1.27281	2591	0	31
2018.09.20	23:00:00	1.27282	1.27291	1.27117	1.27126	989	0	17
2018.09.21	00:00:00	1.27067	1.27274	1.25017	1.27239	80727	0	44
2018.09.21	01:00:00	1.27238	1.27262	1.27197	1.27236	1028	0	36
2018.09.21	02:00:00	1.27235	1.27263	1.27223	1.27228	579	0	34
2018.09.21	03:00:00	1.27228	1.27247	1.27170	1.27237	1589	0	31
2018.09.21	04:00:00	1.27237	1.27246	1.27151	1.27176	2134	0	30
2018.09.21	05:00:00	1.27174	1.27210	1.27143	1.27194	2245	0	30
2018.09.21	06:00:00	1.27195	1.27215	1.27164	1.27214	1301	0	30
2018.09.21	07:00:00	1.27214	1.27271	1.27205	1.27242	2221	0	32
2018.09.21	08:00:00	1.27243	1.27264	1.27136	1.27170	2535	0	31
2018.09.21	09:00:00	1.27170	1.27184	1.26882	1.27049	3874	0	30
2018.09.21	10:00:00	1.27049	1.27057	1.26376	1.26488	9508	0	30
2018.09.21	11:00:00	1.26489	1.26684	1.26254	1.26273	6552	0	30
2018.09.21	12:00:00	1.26272	1.26297	1.25932	1.26053	5922	0	30
2018.09.21	13:00:00	1.26053	1.26174	1.25955	1.26154	5496	0	30
2018.09.21	14:00:00	1.26154	1.26173	1.25813	1.25821	4789	0	30
2018.09.21	15:00:00	1.25822	1.25866	1.25473	1.25716	8854	0	30
2018.09.21	16:00:00	1.25716	1.25771	1.25069	1.25111	11997	0	30
2018.09.21	17:00:00	1.25113	1.25474	1.25002	1.25467	8185	0	30
2018.09.21	18:00:00	1.25467	1.25508	1.25256	1.25332	5821	0	30
2018.09.21	19:00:00	1.25331	1.25590	1.25325	1.25459	3079	0	30
2018.09.21	20:00:00	1.25459	1.25472	1.25357	1.25420	2133	0	30
2018.09.21	21:00:00	1.25419	1.25450	1.25325	1.25348	1896	0	31
2018.09.21	22:00:00	1.25346	1.25434	1.25318	1.25394	1947	0	32
2018.09.21	23:00:00	1.25391	1.25440	1.25183	1.25263	1185	0	32
2018.09.24	00:00:00	1.25290	1.26571	1.25183	1.25302	67385	0	51
2018.09.24	01:00:00	1.25302	1.25353	1.25281	1.25301	868	0	42
2018.09.24	02:00:00	1.25301	1.25367	1.25258	1.25367	725	0	33
2018.09.24	03:00:00	1.25369	1.25522	1.25355	1.25512	1821	0	30
2018.09.24	04:00:00	1.25512	1.25523	1.25471	1.25493	2160	0	33
2018.09.24	05:00:00	1.25493	1.25499	1.25457	1.25470	1679	0	35
2018.09.24	06:00:00	1.25470	1.25484	1.25444	1.25452	1443	0	32
2018.09.24	07:00:00	1.25452	1.25506	1.25437	1.25498	863	0	36
2018.09.24	08:00:00	1.25500	1.25515	1.25458	1.25494	2034	0	33
2018.09.24	09:00:00	1.25494	1.25572	1.25439	1.25542	4362	0	30
2018.09.24	10:00:00	1.25539	1.25852	1.25528	1.25744	5139	0	30
2018.09.24	11:00:00	1.25746	1.25897	1.25730	1.25819	5473	0	30
2018.09.24	12:00:00	1.25817	1.25851	1.25701	1.25792	3756	0	30
2018.09.24	13:00:00	1.25794	1.25936	1.25788	1.25917	3749	0	30
2018.09.24	14:00:00	1.25917	1.26163	1.25908	1.26154	4339	0	30
2018.09.24	15:00:00	1.26153	1.26273	1.26128	1.26169	5807	0	30
2018.09.24	16:00:00	1.26169	1.26280	1.26022	1.26104	9223	0	30
2018.09.24	17:00:00	1.26108	1.26173	1.26012	1.26144	7247	0	30
2018.09.24	18:00:00	1.26145	1.26333	1.26109	1.26285	5822	0	30
2018.09.24	19:00:00	1.26285	1.26303	1.26156	1.26250	3321	0	30
2018.09.24	20:00:00	1.26250	1.26335	1.26179	1.26328	2258	0	30
2018.09.24	21:00:00	1.26330	1.26405	1.26302	1.26338	1949	0	32
2018.09.24	22:00:00	1.26338	1.26510	1.26338	1.26504	1847	0	30
2018.09.24	23:00:00	1.26502	1.26576	1.26465	1.26466	1101	0	20
2018.09.25	00:00:00	1.26449	1.27270	1.25919	1.26496	70641	0	44
2018.09.25	01:00:00	1.26496	1.26525	1.26472	1.26516	1916	0	38
2018.09.25	02:00:00	1.26516	1.26523	1.26472	1.26503	2048	0	33
2018.09.25	03:00:00	1.26503	1.26522	1.26435	1.26498	2983	0	33
2018.09.25	04:00:00	1.26501	1.26554	1.26479	1.26529	2681	0	32
2018.09.25	05:00:00	1.26529	1.26617	1.26517	1.26600	3110	0	33
2018.09.25	06:00:00	1.26600	1.26640	1.26597	1.26626	1899	0	35
2018.09.25	07:00:00	1.26627	1.26631	1.26580	1.26601	2095	0	34
2018.09.25	08:00:00	1.26601	1.26659	1.26593	1.26613	1926	0	30
2018.09.25	09:00:00	1.26613	1.26745	1.26603	1.26628	4611	0	30
2018.09.25	10:00:00	1.26632	1.26913	1.26466	1.26851	6298	0	30
2018.09.25	11:00:00	1.26852	1.27019	1.26786	1.27017	7143	0	30
2018.09.25	12:00:00	1.27017	1.27149	1.27002	1.27092	4307	0	30
2018.09.25	13:00:00	1.27092	1.27099	1.26935	1.27055	3610	0	30
2018.09.25	14:00:00	1.27055	1.27146	1.27010	1.27107	5648	0	30
2018.09.25	15:00:00	1.27107	1.27196	1.26991	1.27060	5429	0	30
2018.09.25	16:00:00	1.27060	1.27061	1.26867	1.26881	5660	0	30
2018.09.25	17:00:00	1.26875	1.27081	1.26821	1.26830	6980	0	30
2018.09.25	18:00:00	1.26829	1.26988	1.26821	1.26925	6032	0	30
2018.09.25	19:00:00	1.26926	1.26967	1.26883	1.26938	2436	0	30
2018.09.25	20:00:00	1.26937	1.27007	1.26912	1.27004	2649	0	30
2018.09.25	21:00:00	1.27004	1.27265	1.26978	1.27219	2316	0	31
2018.09.25	22:00:00	1.27219	1.27247	1.27167	1.27168	1528	0	32
2018.09.25	23:00:00	1.27168	1.27206	1.27147	1.27151	1038	0	30
2018.09.26	00:00:00	1.27156	1.27785	1.26879	1.27162	75676	0	30
2018.09.26	01:00:00	1.27162	1.27214	1.27146	1.27151	1444	0	33
2018.09.26	02:00:00	1.27151	1.27209	1.27150	1.27204	1420	0	36
2018.09.26	03:00:00	1.27204	1.27207	1.27153	1.27177	4116	0	35
2018.09.26	04:00:00	1.27179	1.27199	1.27098	1.27103	3467	0	35
2018.09.26	05:00:00	1.27103	1.27127	1.27089	1.27111	2491	0	31
2018.09.26	06:00:00	1.27113	1.27124	1.27057	1.27106	2362	0	36
2018.09.26	07:00:00	1.27106	1.27117	1.27035	1.27038	2139	0	33
2018.09.26	08:00:00	1.27038	1.27061	1.26996	1.27022	2068	0	33
2018.09.26	09:00:00	1.27016	1.27157	1.26977	1.27142	3159	0	30
2018.09.26	10:00:00	1.27142	1.27153	1.26861	1.26975	4569	0	30
2018.09.26	11:00:00	1.26974	1.27136	1.26938	1.27131	4164	0	30
2018.09.26	12:00:00	1.27128	1.27240	1.27081	1.27199	3637	0	30
2018.09.26	13:00:00	1.27198	1.27384	1.27167	1.27308	4625	0	30
2018.09.26	14:00:00	1.27310	1.27507	1.27193	1.27482	4941	0	30
2018.09.26	15:00:00	1.27484	1.27651	1.27476	1.27576	4703	0	30
2018.09.26	16:00:00	1.27576	1.27673	1.27458	1.27520	4824	0	30
2018.09.26	17:00:00	1.27522	1.27781	1.27517	1.27607	5890	0	30
2018.09.26	18:00:00	1.27607	1.27674	1.27512	1.27596	5105	0	30
2018.09.26	19:00:00	1.27596	1.27600	1.27284	1.27327	3099	0	30
2018.09.26	20:00:00	1.27326	1.27365	1.27141	1.27189	3443	0	30
2018.09.26	21:00:00	1.27189	1.27296	1.27042	1.27193	11361	0	30
2018.09.26	22:00:00	1.27193	1.27214	1.27026	1.27026	5279	0	32
2018.09.26	23:00:00	1.27028	1.27170	1.27025	1.27152	1904	0	36
2018.09.27	00:00:00	1.27111	1.28160	1.26897	1.27058	80617	0	53
2018.09.27	01:00:00	1.27058	1.27124	1.27024	1.27084	2124	0	40
2018.09.27	02:00:00	1.27089	1.27125	1.27082	1.27104	1590	0	37
2018.09.27	03:00:00	1.27104	1.27195	1.27088	1.27175	3378	0	36
2018.09.27	04:00:00	1.27175	1.27239	1.27051	1.27067	3545	0	34
2018.09.27	05:00:00	1.27069	1.27069	1.26952	1.26990	2636	0	34
2018.09.27	06:00:00	1.26990	1.27029	1.26987	1.27018	2285	0	33
2018.09.27	07:00:00	1.27018	1.27041	1.26936	1.27001	1944	0	34
2018.09.27	08:00:00	1.27001	1.27031	1.26887	1.26978	6161	0	30
2018.09.27	09:00:00	1.26978	1.27160	1.26971	1.27143	5768	0	30
2018.09.27	10:00:00	1.27136	1.27154	1.26982	1.27049	8473	0	30
2018.09.27	11:00:00	1.27051	1.27271	1.27043	1.27267	6056	0	30
2018.09.27	12:00:00	1.27264	1.27274	1.27040	1.27253	4296	0	30
2018.09.27	13:00:00	1.27253	1.27552	1.27226	1.27478	4700	0	30
2018.09.27	14:00:00	1.27478	1.27649	1.27427	1.27585	4479	0	30
2018.09.27	15:00:00	1.27584	1.27890	1.27582	1.27757	6718	0	30
2018.09.27	16:00:00	1.27757	1.27922	1.27748	1.27897	5655	0	30
2018.09.27	17:00:00	1.27899	1.28140	1.27849	1.27913	6457	0	30
2018.09.27	18:00:00	1.27915	1.28154	1.27902	1.28098	6108	0	30
2018.09.27	19:00:00	1.28098	1.28100	1.27965	1.28065	3493	0	30
2018.09.27	20:00:00	1.28065	1.28081	1.27946	1.28018	2557	0	31
2018.09.27	21:00:00	1.28018	1.28021	1.27846	1.27939	2622	0	30
2018.09.27	22:00:00	1.27939	1.27939	1.27649	1.27696	3375	0	30
2018.09.27	23:00:00	1.27696	1.27811	1.27679	1.27758	1694	0	22
2018.09.28	00:00:00	1.27746	1.27977	1.26968	1.27796	76219	0	54
2018.09.28	01:00:00	1.27796	1.27807	1.27692	1.27725	1526	0	35
2018.09.28	02:00:00	1.27725	1.27737	1.27692	1.27736	810	0	36
2018.09.28	03:00:00	1.27738	1.27804	1.27720	1.27731	2848	0	34
2018.09.28	04:00:00	1.27732	1.27785	1.27725	1.27779	2754	0	35
2018.09.28	05:00:00	1.27776	1.27776	1.27725	1.27745	2303	0	35
2018.09.28	06:00:00	1.27743	1.27754	1.27707	1.27711	2007	0	35
2018.09.28	07:00:00	1.27711	1.27772	1.27694	1.27744	2712	0	33
2018.09.28	08:00:00	1.27742	1.27762	1.27710	1.27745	2013	0	32
2018.09.28	09:00:00	1.27744	1.27788	1.27595	1.27636	5627	0	31
2018.09.28	10:00:00	1.27636	1.27716	1.27428	1.27436	5943	0	30
2018.09.28	11:00:00	1.27437	1.27790	1.27294	1.27704	6131	0	30
2018.09.28	12:00:00	1.27704	1.27760	1.27170	1.27230	6443	0	30
2018.09.28	13:00:00	1.27231	1.27376	1.26963	1.27336	5943	0	30
2018.09.28	14:00:00	1.27336	1.27526	1.27308	1.27408	5020	0	30
2018.09.28	15:00:00	1.27408	1.27526	1.27259	1.27295	5642	0	30
2018.09.28	16:00:00	1.27295	1.27334	1.27032	1.27090	5573	0	30
2018.09.28	17:00:00	1.27086	1.27482	1.27004	1.27367	6558	0	30
2018.09.28	18:00:00	1.27364	1.27402	1.27223	1.27350	5964	0	30
2018.09.28	19:00:00	1.27350	1.27398	1.27289	1.27312	3279	0	30
2018.09.28	20:00:00	1.27312	1.27548	1.27272	1.27546	2368	0	30
2018.09.28	21:00:00	1.27546	1.27701	1.27491	1.27674	2569	0	31
2018.09.28	22:00:00	1.27674	1.27936	1.27645	1.27898	2885	0	30
2018.09.28	23:00:00	1.27898	1.27979	1.27869	1.27890	1132	0	35
2018.10.01	00:00:00	1.27810	1.28818	1.27639	1.27737	72791	0	69
2018.10.01	01:00:00	1.27737	1.27879	1.27737	1.27858	1038	0	39
2018.10.01	02:00:00	1.27858	1.27961	1.27858	1.27941	1874	0	36
2018.10.01	03:00:00	1.27941	1.27953	1.27898	1.27910	2341	0	31
2018.10.01	04:00:00	1.27910	1.27933	1.27864	1.27866	2562	0	31
2018.10.01	05:00:00	1.27866	1.27895	1.27818	1.27824	2241	0	31
2018.10.01	06:00:00	1.27825	1.27873	1.27798	1.27867	2199	0	35
2018.10.01	07:00:00	1.27867	1.27903	1.27821	1.27858	1763	0	30
2018.10.01	08:00:00	1.27858	1.27868	1.27748	1.27822	1816	0	32
2018.10.01	09:00:00	1.27821	1.27983	1.27810	1.27883	3428	0	30
2018.10.01	10:00:00	1.27879	1.28393	1.27859	1.28336	5726	0	30
2018.10.01	11:00:00	1.28336	1.28554	1.28161	1.28532	5336	0	30
2018.10.01	12:00:00	1.28532	1.28535	1.28169	1.28183	5020	0	30
2018.10.01	13:00:00	1.28187	1.28281	1.28078	1.28082	4148	0	30
2018.10.01	14:00:00	1.28082	1.28247	1.28075	1.28110	4656	0	30
2018.10.01	15:00:00	1.28110	1.28837	1.27900	1.28587	10675	0	30
2018.10.01	16:00:00	1.28587	1.28631	1.28381	1.28549	6733	0	30
2018.10.01	17:00:00	1.28546	1.28693	1.28224	1.28263	7270	0	30
2018.10.01	18:00:00	1.28263	1.28446	1.28130	1.28199	7518	0	30
2018.10.01	19:00:00	1.28200	1.28306	1.28190	1.28239	4524	0	30
2018.10.01	20:00:00	1.28239	1.28370	1.28230	1.28360	2992	0	30
2018.10.01	21:00:00	1.28360	1.28388	1.28245	1.28287	2061	0	30
2018.10.01	22:00:00	1.28287	1.28308	1.28239	1.28264	2422	0	30
2018.10.01	23:00:00	1.28264	1.28289	1.28231	1.28286	1215	0	34
2018.10.02	00:00:00	1.28278	1.28372	1.27356	1.28207	82551	0	36
2018.10.02	01:00:00	1.28207	1.28319	1.28181	1.28297	1741	0	36
2018.10.02	02:00:00	1.28297	1.28320	1.28256	1.28287	2149	0	33
2018.10.02	03:00:00	1.28287	1.28330	1.28284	1.28309	2508	0	30
2018.10.02	04:00:00	1.28306	1.28356	1.28292	1.28295	3337	0	32
2018.10.02	05:00:00	1.28295	1.28301	1.28244	1.28264	2773	0	30
2018.10.02	06:00:00	1.28264	1.28316	1.28254	1.28305	2715	0	33
2018.10.02	07:00:00	1.28305	1.28316	1.28249	1.28277	1717	0	24
2018.10.02	08:00:00	1.28277	1.28279	1.28152	1.28191	4266	0	31
2018.10.02	09:00:00	1.28188	1.28222	1.28059	1.28114	5099	0	30
2018.10.02	10:00:00	1.28114	1.28136	1.27674	1.27896	8680	0	30
2018.10.02	11:00:00	1.27896	1.27912	1.27454	1.27475	6827	0	30
2018.10.02	12:00:00	1.27475	1.27584	1.27358	1.27460	5350	0	30
2018.10.02	13:00:00	1.27461	1.27539	1.27403	1.27409	4640	0	30
2018.10.02	14:00:00	1.27408	1.27581	1.27389	1.27444	5121	0	30
2018.10.02	15:00:00	1.27444	1.27728	1.27403	1.27569	8495	0	30
2018.10.02	16:00:00	1.27569	1.27614	1.27503	1.27590	5283	0	30
2018.10.02	17:00:00	1.27595	1.27729	1.27484	1.27671	8660	0	30
2018.10.02	18:00:00	1.27671	1.27842	1.27635	1.27799	6828	0	30
2018.10.02	19:00:00	1.27796	1.27925	1.27790	1.27860	4504	0	30
2018.10.02	20:00:00	1.27860	1.27988	1.27769	1.27940	2535	0	30
2018.10.02	21:00:00	1.27940	1.27957	1.27768	1.27828	2066	0	30
2018.10.02	22:00:00	1.27828	1.27835	1.27702	1.27761	2385	0	31
2018.10.02	23:00:00	1.27761	1.27768	1.27660	1.27672	1449	0	20
2018.10.03	00:00:00	1.27659	1.28826	1.27325	1.27675	90971	0	39
2018.10.03	01:00:00	1.27671	1.27716	1.27665	1.27701	1943	0	44
2018.10.03	02:00:00	1.27701	1.27720	1.27680	1.27690	1443	0	36
2018.10.03	03:00:00	1.27688	1.27721	1.27654	1.27697	3829	0	34
2018.10.03	04:00:00	1.27696	1.27825	1.27694	1.27817	5409	0	31
2018.10.03	05:00:00	1.27816	1.27882	1.27736	1.27849	6979	0	32
2018.10.03	06:00:00	1.27849	1.27880	1.27785	1.27817	3201	0	31
2018.10.03	07:00:00	1.27820	1.27912	1.27790	1.27891	3008	0	33
2018.10.03	08:00:00	1.27891	1.28086	1.27875	1.27967	5990	0	31
2018.10.03	09:00:00	1.27967	1.28144	1.27963	1.28054	6244	0	32
2018.10.03	10:00:00	1.28051	1.28194	1.28028	1.28175	6143	0	30
2018.10.03	11:00:00	1.28175	1.28286	1.28089	1.28271	5987	0	30
2018.10.03	12:00:00	1.28270	1.28308	1.28161	1.28263	7308	0	30
2018.10.03	13:00:00	1.28262	1.28281	1.28124	1.28128	5927	0	30
2018.10.03	14:00:00	1.28128	1.28334	1.28024	1.28316	5871	0	30
2018.10.03	15:00:00	1.28315	1.28479	1.28309	1.28411	8780	0	30
2018.10.03	16:00:00	1.28411	1.28614	1.28333	1.28512	7472	0	30
2018.10.03	17:00:00	1.28568	1.28826	1.28487	1.28572	10509	0	30
2018.10.03	18:00:00	1.28572	1.28678	1.28496	1.28518	6125	0	30
2018.10.03	19:00:00	1.28518	1.28578	1.28445	1.28522	4206	0	30
2018.10.03	20:00:00	1.28522	1.28564	1.28465	1.28496	4151	0	30
2018.10.03	21:00:00	1.28496	1.28511	1.28405	1.28416	2912	0	31
2018.10.03	22:00:00	1.28411	1.28458	1.28385	1.28441	2100	0	30
2018.10.03	23:00:00	1.28441	1.28524	1.28243	1.28373	3015	0	31
2018.10.04	00:00:00	1.28368	1.29291	1.27901	1.28249	86756	0	41
2018.10.04	01:00:00	1.28249	1.28360	1.28235	1.28257	2356	0	41
2018.10.04	02:00:00	1.28257	1.28364	1.28257	1.28346	1969	0	31
2018.10.04	03:00:00	1.28346	1.28348	1.28184	1.28276	3382	0	30
2018.10.04	04:00:00	1.28276	1.28289	1.28172	1.28189	3263	0	32
2018.10.04	05:00:00	1.28189	1.28280	1.28170	1.28258	2402	0	32
2018.10.04	06:00:00	1.28258	1.28304	1.28194	1.28220	3131	0	30
2018.10.04	07:00:00	1.28221	1.28318	1.28199	1.28277	3120	0	30
2018.10.04	08:00:00	1.28277	1.28406	1.28235	1.28318	4203	0	32
2018.10.04	09:00:00	1.28318	1.28373	1.28175	1.28305	6561	0	30
2018.10.04	10:00:00	1.28305	1.28533	1.28267	1.28422	8216	0	30
2018.10.04	11:00:00	1.28422	1.28620	1.28392	1.28548	6647	0	30
2018.10.04	12:00:00	1.28548	1.28831	1.28481	1.28747	7851	0	30
2018.10.04	13:00:00	1.28746	1.28842	1.28658	1.28699	4527	0	30
2018.10.04	14:00:00	1.28698	1.28867	1.28646	1.28809	6003	0	30
2018.10.04	15:00:00	1.28809	1.29073	1.28722	1.28956	8162	0	30
2018.10.04	16:00:00	1.28955	1.29129	1.28918	1.29052	8379	0	30
2018.10.04	17:00:00	1.29038	1.29218	1.28972	1.29081	10950	0	30
2018.10.04	18:00:00	1.29079	1.29188	1.29060	1.29142	6651	0	30
2018.10.04	19:00:00	1.29142	1.29177	1.28986	1.29115	4536	0	30
2018.10.04	20:00:00	1.29113	1.29174	1.29039	1.29092	3066	0	30
2018.10.04	21:00:00	1.29094	1.29290	1.29062	1.29123	3459	0	31
2018.10.04	22:00:00	1.29122	1.29208	1.29079	1.29080	2304	0	30
2018.10.04	23:00:00	1.29081	1.29126	1.29058	1.29110	1577	0	30
2018.10.05	00:00:00	1.29103	1.30131	1.28918	1.29101	85467	0	32
2018.10.05	01:00:00	1.29101	1.29129	1.29085	1.29111	832	0	41
2018.10.05	02:00:00	1.29111	1.29136	1.29078	1.29087	1457	0	32
2018.10.05	03:00:00	1.29087	1.29240	1.29071	1.29236	3353	0	33
2018.10.05	04:00:00	1.29236	1.29270	1.29171	1.29194	3340	0	32
2018.10.05	05:00:00	1.29194	1.29235	1.29181	1.29193	3543	0	33
2018.10.05	06:00:00	1.29193	1.29214	1.29143	1.29172	2882	0	33
2018.10.05	07:00:00	1.29172	1.29252	1.29130	1.29239	2668	0	31
2018.10.05	08:00:00	1.29242	1.29258	1.29146	1.29163	3088	0	30
2018.10.05	09:00:00	1.29166	1.29685	1.29154	1.29557	7599	0	30
2018.10.05	10:00:00	1.29558	1.29685	1.29472	1.29600	6475	0	30
2018.10.05	11:00:00	1.29600	1.29618	1.29406	1.29533	6238	0	30
2018.10.05	12:00:00	1.29534	1.29596	1.29468	1.29521	5588	0	30
2018.10.05	13:00:00	1.29521	1.29751	1.29502	1.29555	4693	0	30
2018.10.05	14:00:00	1.29558	1.29671	1.29515	1.29667	4610	0	30
2018.10.05	15:00:00	1.29667	1.29836	1.29468	1.29788	11132	0	30
2018.10.05	16:00:00	1.29790	1.29892	1.29704	1.29709	11667	0	30
2018.10.05	17:00:00	1.29709	1.30077	1.29550	1.29656	10506	0	30
2018.10.05	18:00:00	1.29658	1.30075	1.29646	1.29991	7971	0	30
2018.10.05	19:00:00	1.29990	1.30016	1.29810	1.29871	4847	0	30
2018.10.05	20:00:00	1.29872	1.30018	1.29846	1.30004	3287	0	30
2018.10.05	21:00:00	1.30002	1.30030	1.29945	1.29945	2965	0	30
2018.10.05	22:00:00	1.29945	1.30086	1.29942	1.30048	3097	0	33
2018.10.05	23:00:00	1.30046	1.30131	1.30041	1.30099	1585	0	32
2018.10.08	00:00:00	1.30101	1.30258	1.29359	1.30046	70172	0	86
2018.10.08	01:00:00	1.30049	1.30201	1.30049	1.30167	1988	0	43
2018.10.08	02:00:00	1.30167	1.30176	1.30094	1.30117	6507	0	35
2018.10.08	03:00:00	1.30117	1.30207	1.30077	1.30079	2476	0	34
2018.10.08	04:00:00	1.30079	1.30171	1.30077	1.30149	2070	0	37
2018.10.08	05:00:00	1.30149	1.30161	1.30083	1.30132	3559	0	35
2018.10.08	06:00:00	1.30130	1.30137	1.29958	1.29973	1906	0	30
2018.10.08	07:00:00	1.29973	1.29992	1.29947	1.29951	1914	0	35
2018.10.08	08:00:00	1.29949	1.30013	1.29946	1.29968	1824	0	34
2018.10.08	09:00:00	1.29969	1.29980	1.29721	1.29727	4145	0	30
2018.10.08	10:00:00	1.29727	1.29735	1.29495	1.29518	6325	0	30
2018.10.08	11:00:00	1.29519	1.29575	1.29433	1.29517	7715	0	30
2018.10.08	12:00:00	1.29517	1.29646	1.29488	1.29632	4933	0	30
2018.10.08	13:00:00	1.29632	1.29699	1.29351	1.29391	5677	0	30
2018.10.08	14:00:00	1.29390	1.29512	1.29384	1.29479	4392	0	30
2018.10.08	15:00:00	1.29478	1.29695	1.29451	1.29688	6106	0	30
2018.10.08	16:00:00	1.29688	1.29757	1.29587	1.29727	7130	0	30
2018.10.08	17:00:00	1.29727	1.29841	1.29667	1.29763	7033	0	30
2018.10.08	18:00:00	1.29763	1.29763	1.29643	1.29690	5661	0	30
2018.10.08	19:00:00	1.29690	1.29845	1.29672	1.29825	3260	0	30
2018.10.08	20:00:00	1.29825	1.29920	1.29765	1.29901	1744	0	30
2018.10.08	21:00:00	1.29901	1.29977	1.29812	1.29946	3077	0	32
2018.10.08	22:00:00	1.29946	1.29951	1.29879	1.29913	2160	0	30
2018.10.08	23:00:00	1.29915	1.29937	1.29855	1.29857	1445	0	23
2018.10.09	00:00:00	1.29855	1.30523	1.29573	1.29888	81489	0	52
2018.10.09	01:00:00	1.29888	1.29920	1.29864	1.29883	1988	0	46
2018.10.09	02:00:00	1.29883	1.29940	1.29872	1.29902	2057	0	37
2018.10.09	03:00:00	1.29902	1.29933	1.29866	1.29908	2572	0	32
2018.10.09	04:00:00	1.29908	1.29963	1.29896	1.29940	3733	0	34
2018.10.09	05:00:00	1.29939	1.29955	1.29899	1.29949	2132	0	34
2018.10.09	06:00:00	1.29950	1.29977	1.29925	1.29976	2119	0	31
2018.10.09	07:00:00	1.29976	1.30045	1.29949	1.30044	2102	0	31
2018.10.09	08:00:00	1.30044	1.30051	1.29935	1.29997	2249	0	30
2018.10.09	09:00:00	1.29998	1.30017	1.29904	1.29952	6315	0	31
2018.10.09	10:00:00	1.29952	1.30147	1.29824	1.29853	8154	0	30
2018.10.09	11:00:00	1.29853	1.29892	1.29767	1.29812	7522	0	30
2018.10.09	12:00:00	1.29813	1.29828	1.29616	1.29667	8290	0	30
2018.10.09	13:00:00	1.29666	1.29813	1.29567	1.29769	6692	0	30
2018.10.09	14:00:00	1.29769	1.29788	1.29620	1.29637	5704	0	30
2018.10.09	15:00:00	1.29638	1.29994	1.29624	1.29990	7993	0	30
2018.10.09	16:00:00	1.29990	1.29990	1.29782	1.29798	7766	0	30
2018.10.09	17:00:00	1.29798	1.30190	1.29654	1.30081	11767	0	30
2018.10.09	18:00:00	1.30081	1.30517	1.30012	1.30419	10809	0	30
2018.10.09	19:00:00	1.30418	1.30459	1.30230	1.30275	5488	0	30
2018.10.09	20:00:00	1.30274	1.30461	1.30271	1.30408	3425	0	30
2018.10.09	21:00:00	1.30408	1.30458	1.30384	1.30419	3426	0	30
2018.10.09	22:00:00	1.30419	1.30435	1.30274	1.30282	2570	0	30
2018.10.09	23:00:00	1.30284	1.30360	1.30245	1.30337	980	0	21
2018.10.10	00:00:00	1.30308	1.31080	1.30091	1.30321	82514	0	42
2018.10.10	01:00:00	1.30321	1.30380	1.30307	1.30322	1034	0	41
2018.10.10	02:00:00	1.30322	1.30466	1.30316	1.30460	1932	0	35
2018.10.10	03:00:00	1.30460	1.30464	1.30305	1.30343	3520	0	33
2018.10.10	04:00:00	1.30343	1.30401	1.30317	1.30358	4039	0	32
2018.10.10	05:00:00	1.30358	1.30387	1.30311	1.30347	2971	0	36
2018.10.10	06:00:00	1.30347	1.30389	1.30337	1.30341	2105	0	31
2018.10.10	07:00:00	1.30341	1.30431	1.30340	1.30428	2419	0	32
2018.10.10	08:00:00	1.30428	1.30537	1.30427	1.30493	2779	0	30
2018.10.10	09:00:00	1.30492	1.30590	1.30454	1.30586	5649	0	30
2018.10.10	10:00:00	1.30586	1.30695	1.30453	1.30598	7451	0	30
2018.10.10	11:00:00	1.30600	1.30663	1.30405	1.30445	6739	0	30
2018.10.10	12:00:00	1.30448	1.30634	1.30427	1.30515	7072	0	30
2018.10.10	13:00:00	1.30516	1.30584	1.30417	1.30525	5465	0	30
2018.10.10	14:00:00	1.30524	1.30676	1.30479	1.30494	5254	0	30
2018.10.10	15:00:00	1.30497	1.30730	1.30435	1.30691	8257	0	30
2018.10.10	16:00:00	1.30691	1.30878	1.30666	1.30764	10092	0	30
2018.10.10	17:00:00	1.30764	1.30834	1.30587	1.30655	10260	0	30
2018.10.10	18:00:00	1.30658	1.30881	1.30627	1.30846	8238	0	30
2018.10.10	19:00:00	1.30843	1.30897	1.30771	1.30886	4162	0	30
2018.10.10	20:00:00	1.30887	1.31004	1.30863	1.30964	3391	0	30
2018.10.10	21:00:00	1.30964	1.31079	1.30881	1.30922	4208	0	30
2018.10.10	22:00:00	1.30922	1.30934	1.30669	1.30714	4889	0	30
2018.10.10	23:00:00	1.30714	1.30717	1.30512	1.30589	2118	0	24
2018.10.11	00:00:00	1.30522	1.31035	1.30205	1.30541	103832	0	39
2018.10.11	01:00:00	1.30539	1.30628	1.30528	1.30572	2139	0	35
2018.10.11	02:00:00	1.30570	1.30637	1.30417	1.30480	2901	0	32
2018.10.11	03:00:00	1.30480	1.30691	1.30468	1.30682	5468	0	31
2018.10.11	04:00:00	1.30682	1.30707	1.30448	1.30522	6974	0	31
2018.10.11	05:00:00	1.30521	1.30527	1.30434	1.30498	5909	0	30
2018.10.11	06:00:00	1.30500	1.30508	1.30375	1.30413	4745	0	31
2018.10.11	07:00:00	1.30414	1.30442	1.30360	1.30405	4294	0	31
2018.10.11	08:00:00	1.30405	1.30521	1.30387	1.30494	5385	0	30
2018.10.11	09:00:00	1.30494	1.30550	1.30404	1.30428	7826	0	30
2018.10.11	10:00:00	1.30431	1.30505	1.30288	1.30306	10256	0	30
2018.10.11	11:00:00	1.30307	1.30492	1.30305	1.30431	6321	0	30
2018.10.11	12:00:00	1.30431	1.30653	1.30378	1.30524	6486	0	30
2018.10.11	13:00:00	1.30524	1.30526	1.30377	1.30423	6719	0	30
2018.10.11	14:00:00	1.30422	1.30699	1.30406	1.30634	6398	0	30
2018.10.11	15:00:00	1.30636	1.30690	1.30508	1.30645	10987	0	30
2018.10.11	16:00:00	1.30646	1.30843	1.30564	1.30758	11700	0	30
2018.10.11	17:00:00	1.30758	1.30854	1.30685	1.30761	12002	0	30
2018.10.11	18:00:00	1.30759	1.30889	1.30439	1.30836	12272	0	30
2018.10.11	19:00:00	1.30839	1.30974	1.30787	1.30872	6786	0	30
2018.10.11	20:00:00	1.30872	1.30939	1.30764	1.30900	4459	0	30
2018.10.11	21:00:00	1.30900	1.31020	1.30798	1.30882	7166	0	30
2018.10.11	22:00:00	1.30881	1.31035	1.30843	1.30898	5364	0	30
2018.10.11	23:00:00	1.30898	1.30984	1.30897	1.30898	1971	0	30
2018.10.12	00:00:00	1.30858	1.31145	1.30240	1.30925	86040	0	61
2018.10.12	01:00:00	1.30925	1.31005	1.30895	1.30976	1728	0	30
2018.10.12	02:00:00	1.30976	1.31005	1.30943	1.30998	2280	0	32
2018.10.12	03:00:00	1.30995	1.31062	1.30942	1.31013	4336	0	32
2018.10.12	04:00:00	1.31013	1.31030	1.30943	1.30945	4682	0	32
2018.10.12	05:00:00	1.30945	1.31007	1.30930	1.30961	4070	0	30
2018.10.12	06:00:00	1.30961	1.31013	1.30919	1.30980	3122	0	31
2018.10.12	07:00:00	1.30980	1.31035	1.30959	1.31020	3168	0	33
2018.10.12	08:00:00	1.31020	1.31076	1.30927	1.30984	4822	0	30
2018.10.12	09:00:00	1.30984	1.31112	1.30974	1.31066	5310	0	30
2018.10.12	10:00:00	1.31065	1.31140	1.30951	1.31003	7560	0	30
2018.10.12	11:00:00	1.31000	1.31025	1.30787	1.30882	8571	0	30
2018.10.12	12:00:00	1.30881	1.31074	1.30880	1.30933	6139	0	30
2018.10.12	13:00:00	1.30931	1.31137	1.30856	1.31051	7176	0	30
2018.10.12	14:00:00	1.31050	1.31050	1.30815	1.30880	5965	0	30
2018.10.12	15:00:00	1.30879	1.30913	1.30500	1.30714	8315	0	30
2018.10.12	16:00:00	1.30714	1.30819	1.30675	1.30781	9223	0	30
2018.10.12	17:00:00	1.30779	1.30935	1.30488	1.30517	10202	0	30
2018.10.12	18:00:00	1.30517	1.30672	1.30397	1.30414	6965	0	30
2018.10.12	19:00:00	1.30414	1.30508	1.30277	1.30354	5583	0	31
2018.10.12	20:00:00	1.30354	1.30446	1.30333	1.30428	3080	0	30
2018.10.12	21:00:00	1.30424	1.30484	1.30274	1.30382	3032	0	30
2018.10.12	22:00:00	1.30380	1.30428	1.30222	1.30359	3516	0	30
2018.10.12	23:00:00	1.30359	1.30460	1.30353	1.30409	1538	0	33
2018.10.15	00:00:00	1.29631	1.30032	1.29388	1.29824	84690	0	36
2018.10.15	01:00:00	1.29824	1.30010	1.29770	1.29811	3488	0	39
2018.10.15	02:00:00	1.29813	1.29889	1.29792	1.29809	3074	0	33
2018.10.15	03:00:00	1.29809	1.29942	1.29798	1.29903	2696	0	31
2018.10.15	04:00:00	1.29903	1.29950	1.29855	1.29928	2518	0	31
2018.10.15	05:00:00	1.29928	1.29932	1.29840	1.29853	1989	0	31
2018.10.15	06:00:00	1.29854	1.29859	1.29781	1.29855	2100	0	33
2018.10.15	07:00:00	1.29856	1.29882	1.29805	1.29825	2231	0	34
2018.10.15	08:00:00	1.29827	1.29982	1.29814	1.29969	2713	0	30
2018.10.15	09:00:00	1.29968	1.29968	1.29773	1.29826	6340	0	30
2018.10.15	10:00:00	1.29825	1.29968	1.29774	1.29967	8517	0	30
2018.10.15	11:00:00	1.29967	1.30027	1.29869	1.29896	7888	0	30
2018.10.15	12:00:00	1.29897	1.29925	1.29501	1.29615	8914	0	30
2018.10.15	13:00:00	1.29619	1.29825	1.29529	1.29786	7301	0	30
2018.10.15	14:00:00	1.29784	1.29903	1.29762	1.29896	7039	0	30
2018.10.15	15:00:00	1.29897	1.29916	1.29657	1.29662	7254	0	30
2018.10.15	16:00:00	1.29660	1.29730	1.29491	1.29504	8072	0	30
2018.10.15	17:00:00	1.29504	1.29895	1.29445	1.29808	10469	0	30
2018.10.15	18:00:00	1.29808	1.29986	1.29720	1.29924	7173	0	30
2018.10.15	19:00:00	1.29924	1.30026	1.29855	1.29895	3568	0	30
2018.10.15	20:00:00	1.29895	1.29971	1.29880	1.29956	2617	0	30
2018.10.15	21:00:00	1.29954	1.29976	1.29853	1.29853	2816	0	30
2018.10.15	22:00:00	1.29854	1.29871	1.29746	1.29817	2089	0	31
2018.10.15	23:00:00	1.29817	1.29838	1.29760	1.29762	1400	0	31
2018.10.16	00:00:00	1.29692	1.30851	1.29616	1.29794	80547	0	40
2018.10.16	01:00:00	1.29794	1.29870	1.29789	1.29819	2880	0	36
2018.10.16	02:00:00	1.29822	1.29844	1.29803	1.29818	1741	0	34
2018.10.16	03:00:00	1.29821	1.29892	1.29806	1.29813	3690	0	30
2018.10.16	04:00:00	1.29813	1.29886	1.29797	1.29848	4147	0	31
2018.10.16	05:00:00	1.29849	1.29912	1.29842	1.29887	4262	0	30
2018.10.16	06:00:00	1.29887	1.29951	1.29822	1.29930	3819	0	30
2018.10.16	07:00:00	1.29930	1.29962	1.29911	1.29943	3729	0	31
2018.10.16	08:00:00	1.29942	1.30126	1.29942	1.30109	4532	0	30
2018.10.16	09:00:00	1.30109	1.30248	1.30057	1.30118	6548	0	30
2018.10.16	10:00:00	1.30119	1.30318	1.29971	1.30180	9667	0	30
2018.10.16	11:00:00	1.30180	1.30521	1.30164	1.30268	6999	0	30
2018.10.16	12:00:00	1.30269	1.30538	1.30269	1.30519	7565	0	30
2018.10.16	13:00:00	1.30519	1.30737	1.30452	1.30575	6333	0	30
2018.10.16	14:00:00	1.30574	1.30614	1.30490	1.30585	5429	0	30
2018.10.16	15:00:00	1.30585	1.30634	1.30441	1.30544	6678	0	30
2018.10.16	16:00:00	1.30546	1.30752	1.30381	1.30743	9481	0	30
2018.10.16	17:00:00	1.30742	1.30840	1.30686	1.30721	7633	0	30
2018.10.16	18:00:00	1.30721	1.30846	1.30633	1.30673	5944	0	30
2018.10.16	19:00:00	1.30673	1.30762	1.30448	1.30487	4047	0	30
2018.10.16	20:00:00	1.30487	1.30626	1.30345	1.30622	2810	0	30
2018.10.16	21:00:00	1.30621	1.30668	1.30555	1.30568	1270	0	32
2018.10.16	22:00:00	1.30568	1.30608	1.30504	1.30566	1691	0	32
2018.10.16	23:00:00	1.30564	1.30631	1.30518	1.30574	1620	0	26
2018.10.17	00:00:00	1.30527	1.30689	1.30034	1.30537	81699	0	49
2018.10.17	01:00:00	1.30537	1.30604	1.30504	1.30568	2177	0	41
2018.10.17	02:00:00	1.30567	1.30621	1.30542	1.30596	1896	0	36
2018.10.17	03:00:00	1.30596	1.30639	1.30567	1.30613	2569	0	34
2018.10.17	04:00:00	1.30615	1.30669	1.30598	1.30620	2728	0	30
2018.10.17	05:00:00	1.30624	1.30628	1.30550	1.30596	3150	0	32
2018.10.17	06:00:00	1.30596	1.30624	1.30555	1.30614	2842	0	31
2018.10.17	07:00:00	1.30614	1.30620	1.30571	1.30583	2143	0	31
2018.10.17	08:00:00	1.30583	1.30599	1.30497	1.30552	3474	0	31
2018.10.17	09:00:00	1.30549	1.30688	1.30535	1.30656	6140	0	30
2018.10.17	10:00:00	1.30657	1.30665	1.30324	1.30373	8309	0	30
2018.10.17	11:00:00	1.30373	1.30432	1.30092	1.30258	8552	0	30
2018.10.17	12:00:00	1.30257	1.30427	1.30221	1.30385	6944	0	30
2018.10.17	13:00:00	1.30387	1.30454	1.30282	1.30426	6806	0	30
2018.10.17	14:00:00	1.30423	1.30442	1.30125	1.30231	9026	0	30
2018.10.17	15:00:00	1.30231	1.30256	1.30030	1.30070	6209	0	30
2018.10.17	16:00:00	1.30071	1.30349	1.30045	1.30312	6901	0	30
2018.10.17	17:00:00	1.30315	1.30396	1.30184	1.30350	8174	0	30
2018.10.17	18:00:00	1.30358	1.30398	1.30204	1.30379	5870	0	30
2018.10.17	19:00:00	1.30377	1.30513	1.30342	1.30476	4292	0	30
2018.10.17	20:00:00	1.30474	1.30674	1.30442	1.30649	3699	0	30
2018.10.17	21:00:00	1.30649	1.30651	1.30403	1.30534	4671	0	15
2018.10.17	22:00:00	1.30536	1.30587	1.30494	1.30570	2394	0	32
2018.10.17	23:00:00	1.30570	1.30585	1.30483	1.30505	1526	0	35
2018.10.18	00:00:00	1.30490	1.30653	1.29560	1.30333	87045	0	52
2018.10.18	01:00:00	1.30333	1.30428	1.30311	1.30373	1642	0	42
2018.10.18	02:00:00	1.30372	1.30400	1.30267	1.30318	2393	0	33
2018.10.18	03:00:00	1.30321	1.30357	1.30227	1.30258	3610	0	31
2018.10.18	04:00:00	1.30257	1.30305	1.30250	1.30255	3066	0	33
2018.10.18	05:00:00	1.30255	1.30299	1.30216	1.30267	3152	0	32
2018.10.18	06:00:00	1.30266	1.30309	1.30256	1.30283	1968	0	32
2018.10.18	07:00:00	1.30282	1.30330	1.30272	1.30277	2241	0	31
2018.10.18	08:00:00	1.30281	1.30305	1.30214	1.30264	2686	0	30
2018.10.18	09:00:00	1.30265	1.30276	1.30181	1.30265	5960	0	30
2018.10.18	10:00:00	1.30268	1.30366	1.30170	1.30203	8290	0	30
2018.10.18	11:00:00	1.30203	1.30333	1.30145	1.30245	7665	0	30
2018.10.18	12:00:00	1.30244	1.30331	1.30160	1.30306	7206	0	30
2018.10.18	13:00:00	1.30306	1.30359	1.30193	1.30274	5077	0	30
2018.10.18	14:00:00	1.30274	1.30285	1.30113	1.30265	6192	0	30
2018.10.18	15:00:00	1.30264	1.30594	1.30252	1.30567	5952	0	30
2018.10.18	16:00:00	1.30568	1.30649	1.30297	1.30360	6294	0	30
2018.10.18	17:00:00	1.30365	1.30369	1.30107	1.30140	8517	0	30
2018.10.18	18:00:00	1.30140	1.30195	1.29820	1.29820	10065	0	30
2018.10.18	19:00:00	1.29820	1.29950	1.29679	1.29691	7820	0	30
2018.10.18	20:00:00	1.29691	1.29772	1.29556	1.29610	5464	0	30
2018.10.18	21:00:00	1.29610	1.29770	1.29583	1.29724	5580	0	30
2018.10.18	22:00:00	1.29719	1.29729	1.29596	1.29652	4853	0	32
2018.10.18	23:00:00	1.29650	1.29665	1.29572	1.29597	1293	0	26
2018.10.19	00:00:00	1.29585	1.30547	1.29510	1.29578	81878	0	40
2018.10.19	01:00:00	1.29578	1.29655	1.29575	1.29650	1180	0	40
2018.10.19	02:00:00	1.29650	1.29667	1.29611	1.29631	1649	0	34
2018.10.19	03:00:00	1.29631	1.29828	1.29625	1.29822	3410	0	30
2018.10.19	04:00:00	1.29822	1.29864	1.29775	1.29830	3150	0	30
2018.10.19	05:00:00	1.29830	1.29843	1.29784	1.29794	4087	0	32
2018.10.19	06:00:00	1.29794	1.29807	1.29701	1.29704	1974	0	30
2018.10.19	07:00:00	1.29704	1.29754	1.29683	1.29695	1610	0	30
2018.10.19	08:00:00	1.29695	1.29784	1.29694	1.29783	2423	0	34
2018.10.19	09:00:00	1.29783	1.29877	1.29754	1.29819	5443	0	31
2018.10.19	10:00:00	1.29819	1.29944	1.29746	1.29829	8740	0	30
2018.10.19	11:00:00	1.29828	1.30000	1.29768	1.29830	9320	0	30
2018.10.19	12:00:00	1.29830	1.29864	1.29608	1.29641	7093	0	30
2018.10.19	13:00:00	1.29643	1.29854	1.29625	1.29787	6347	0	30
2018.10.19	14:00:00	1.29787	1.29840	1.29648	1.29731	7040	0	30
2018.10.19	15:00:00	1.29731	1.29795	1.29628	1.29766	6357	0	30
2018.10.19	16:00:00	1.29766	1.30018	1.29739	1.29944	7314	0	30
2018.10.19	17:00:00	1.29947	1.30064	1.29853	1.30014	8485	0	30
2018.10.19	18:00:00	1.30011	1.30065	1.29823	1.30007	6875	0	30
2018.10.19	19:00:00	1.30006	1.30545	1.29945	1.30243	7683	0	30
2018.10.19	20:00:00	1.30246	1.30417	1.30152	1.30314	3641	0	30
2018.10.19	21:00:00	1.30314	1.30342	1.30256	1.30265	2902	0	31
2018.10.19	22:00:00	1.30265	1.30300	1.30230	1.30262	2076	0	32
2018.10.19	23:00:00	1.30263	1.30287	1.30078	1.30127	1598	0	35
2018.10.22	00:00:00	1.29968	1.30339	1.28990	1.29912	78193	0	64
2018.10.22	01:00:00	1.29916	1.30225	1.29916	1.30176	999	0	43
2018.10.22	02:00:00	1.30176	1.30210	1.30142	1.30166	1262	0	35
2018.10.22	03:00:00	1.30165	1.30207	1.30108	1.30121	3474	0	33
2018.10.22	04:00:00	1.30121	1.30156	1.30092	1.30110	3938	0	31
2018.10.22	05:00:00	1.30111	1.30238	1.30110	1.30238	2594	0	31
2018.10.22	06:00:00	1.30233	1.30238	1.30201	1.30202	3322	0	34
2018.10.22	07:00:00	1.30202	1.30246	1.30170	1.30194	2180	0	33
2018.10.22	08:00:00	1.30194	1.30280	1.30193	1.30225	2463	0	32
2018.10.22	09:00:00	1.30225	1.30336	1.30211	1.30314	7185	0	30
2018.10.22	10:00:00	1.30314	1.30314	1.29997	1.30050	7844	0	30
2018.10.22	11:00:00	1.30050	1.30192	1.30003	1.30090	8117	0	30
2018.10.22	12:00:00	1.30086	1.30123	1.29955	1.29974	5448	0	30
2018.10.22	13:00:00	1.29974	1.30012	1.29865	1.29926	6262	0	30
2018.10.22	14:00:00	1.29926	1.29926	1.29584	1.29661	7558	0	30
2018.10.22	15:00:00	1.29661	1.29663	1.29258	1.29289	5828	0	15
2018.10.22	16:00:00	1.29283	1.29348	1.29088	1.29178	6855	0	20
2018.10.22	17:00:00	1.29179	1.29434	1.29164	1.29300	8048	0	30
2018.10.22	18:00:00	1.29300	1.29480	1.29192	1.29242	7560	0	30
2018.10.22	19:00:00	1.29243	1.29317	1.29195	1.29269	4260	0	30
2018.10.22	20:00:00	1.29269	1.29313	1.29158	1.29159	3289	0	30
2018.10.22	21:00:00	1.29159	1.29215	1.29087	1.29195	2427	0	30
2018.10.22	22:00:00	1.29197	1.29230	1.29149	1.29150	1533	0	34
2018.10.22	23:00:00	1.29150	1.29193	1.29107	1.29129	1028	0	23
2018.10.23	00:00:00	1.29085	1.29814	1.28926	1.29067	89482	0	61
2018.10.23	01:00:00	1.29067	1.29173	1.29067	1.29153	1985	0	32
2018.10.23	02:00:00	1.29152	1.29193	1.29106	1.29128	2116	0	33
2018.10.23	03:00:00	1.29128	1.29178	1.29103	1.29161	3705	0	33
2018.10.23	04:00:00	1.29161	1.29194	1.29117	1.29185	3349	0	31
2018.10.23	05:00:00	1.29185	1.29258	1.29166	1.29243	2844	0	33
2018.10.23	06:00:00	1.29243	1.29243	1.29114	1.29161	2809	0	33
2018.10.23	07:00:00	1.29162	1.29162	1.29078	1.29094	1572	0	31
2018.10.23	08:00:00	1.29094	1.29168	1.29091	1.29139	2233	0	31
2018.10.23	09:00:00	1.29139	1.29180	1.28922	1.29157	9836	0	30
2018.10.23	10:00:00	1.29157	1.29382	1.29068	1.29248	10978	0	30
2018.10.23	11:00:00	1.29250	1.29519	1.29203	1.29267	8981	0	30
2018.10.23	12:00:00	1.29269	1.29310	1.29100	1.29179	7643	0	30
2018.10.23	13:00:00	1.29180	1.29299	1.29057	1.29290	6625	0	30
2018.10.23	14:00:00	1.29290	1.29807	1.29174	1.29649	10467	0	30
2018.10.23	15:00:00	1.29648	1.29752	1.29527	1.29589	7979	0	30
2018.10.23	16:00:00	1.29591	1.29593	1.29232	1.29295	8960	0	30
2018.10.23	17:00:00	1.29295	1.29295	1.29063	1.29093	9649	0	30
2018.10.23	18:00:00	1.29098	1.29179	1.29008	1.29048	9421	0	30
2018.10.23	19:00:00	1.29044	1.29269	1.29038	1.29257	6367	0	30
2018.10.23	20:00:00	1.29257	1.29336	1.29146	1.29154	4425	0	30
2018.10.23	21:00:00	1.29154	1.29303	1.29142	1.29293	5611	0	30
2018.10.23	22:00:00	1.29293	1.29293	1.29160	1.29171	3215	0	33
2018.10.23	23:00:00	1.29172	1.29244	1.29133	1.29143	1062	0	28
2018.10.24	00:00:00	1.29123	1.29251	1.28372	1.29121	91006	0	58
2018.10.24	01:00:00	1.29122	1.29174	1.29092	1.29096	1068	0	40
2018.10.24	02:00:00	1.29095	1.29194	1.29066	1.29115	2386	0	30
2018.10.24	03:00:00	1.29115	1.29239	1.29106	1.29214	3853	0	31
2018.10.24	04:00:00	1.29213	1.29226	1.29109	1.29184	4154	0	31
2018.10.24	05:00:00	1.29183	1.29186	1.29118	1.29144	2839	0	31
2018.10.24	06:00:00	1.29144	1.29241	1.29128	1.29213	3017	0	33
2018.10.24	07:00:00	1.29214	1.29223	1.29177	1.29179	1893	0	32
2018.10.24	08:00:00	1.29178	1.29186	1.29138	1.29147	2965	0	31
2018.10.24	09:00:00	1.29148	1.29179	1.29030	1.29066	6040	0	31
2018.10.24	10:00:00	1.29066	1.29115	1.28885	1.29020	13154	0	30
2018.10.24	11:00:00	1.29021	1.29058	1.28899	1.28960	11150	0	30
2018.10.24	12:00:00	1.28961	1.28973	1.28818	1.28833	7851	0	30
2018.10.24	13:00:00	1.28832	1.28854	1.28608	1.28764	8886	0	30
2018.10.24	14:00:00	1.28765	1.28863	1.28674	1.28814	7605	0	30
2018.10.24	15:00:00	1.28812	1.29013	1.28680	1.28937	8387	0	30
2018.10.24	16:00:00	1.28934	1.29020	1.28845	1.29003	7158	0	30
2018.10.24	17:00:00	1.29004	1.29045	1.28775	1.28807	9543	0	30
2018.10.24	18:00:00	1.28807	1.28829	1.28626	1.28717	9380	0	30
2018.10.24	19:00:00	1.28717	1.28733	1.28479	1.28529	7302	0	30
2018.10.24	20:00:00	1.28529	1.28626	1.28399	1.28400	5172	0	30
2018.10.24	21:00:00	1.28401	1.28512	1.28367	1.28431	3257	0	32
2018.10.24	22:00:00	1.28431	1.28533	1.28390	1.28437	4224	0	31
2018.10.24	23:00:00	1.28438	1.28541	1.28437	1.28507	1409	0	31
2018.10.25	00:00:00	1.28493	1.28989	1.27707	1.28434	88150	0	53
2018.10.25	01:00:00	1.28433	1.28509	1.28426	1.28465	1833	0	30
2018.10.25	02:00:00	1.28465	1.28498	1.28382	1.28416	2133	0	33
2018.10.25	03:00:00	1.28416	1.28525	1.28416	1.28460	3691	0	35
2018.10.25	04:00:00	1.28457	1.28492	1.28399	1.28405	3812	0	32
2018.10.25	05:00:00	1.28404	1.28431	1.28336	1.28390	3321	0	33
2018.10.25	06:00:00	1.28388	1.28400	1.28362	1.28376	2383	0	31
2018.10.25	07:00:00	1.28375	1.28436	1.28355	1.28399	3265	0	30
2018.10.25	08:00:00	1.28400	1.28425	1.28317	1.28401	3814	0	30
2018.10.25	09:00:00	1.28401	1.28716	1.28349	1.28611	7022	0	30
2018.10.25	10:00:00	1.28612	1.28822	1.28567	1.28782	9995	0	30
2018.10.25	11:00:00	1.28785	1.28854	1.28567	1.28758	8283	0	30
2018.10.25	12:00:00	1.28757	1.28838	1.28679	1.28815	7403	0	30
2018.10.25	13:00:00	1.28815	1.28863	1.28722	1.28847	5756	0	30
2018.10.25	14:00:00	1.28847	1.28994	1.28791	1.28832	6860	0	30
2018.10.25	15:00:00	1.28832	1.28930	1.28705	1.28811	10882	0	30
2018.10.25	16:00:00	1.28810	1.28813	1.28477	1.28582	12413	0	30
2018.10.25	17:00:00	1.28582	1.28614	1.28269	1.28317	10507	0	30
2018.10.25	18:00:00	1.28317	1.28405	1.28208	1.28359	8669	0	30
2018.10.25	19:00:00	1.28361	1.28388	1.28193	1.28225	5664	0	30
2018.10.25	20:00:00	1.28228	1.28281	1.28182	1.28253	4048	0	31
2018.10.25	21:00:00	1.28253	1.28363	1.28252	1.28254	5022	0	30
2018.10.25	22:00:00	1.28253	1.28263	1.28016	1.28111	3646	0	30
2018.10.25	23:00:00	1.28112	1.28161	1.28039	1.28064	1732	0	21
2018.10.26	00:00:00	1.27981	1.28326	1.27642	1.28107	96450	0	61
2018.10.26	01:00:00	1.28110	1.28176	1.28059	1.28151	2091	0	39
2018.10.26	02:00:00	1.28151	1.28233	1.28097	1.28159	3605	0	30
2018.10.26	03:00:00	1.28159	1.28264	1.28069	1.28263	5385	0	30
2018.10.26	04:00:00	1.28263	1.28273	1.28201	1.28236	4092	0	30
2018.10.26	05:00:00	1.28236	1.28257	1.28152	1.28158	3565	0	33
2018.10.26	06:00:00	1.28158	1.28219	1.28093	1.28104	5931	0	33
2018.10.26	07:00:00	1.28104	1.28230	1.28104	1.28182	4627	0	32
2018.10.26	08:00:00	1.28182	1.28221	1.28119	1.28140	5949	0	33
2018.10.26	09:00:00	1.28140	1.28199	1.27993	1.27993	5670	0	30
2018.10.26	10:00:00	1.27992	1.28120	1.27929	1.28012	10392	0	30
2018.10.26	11:00:00	1.28011	1.28259	1.28010	1.28246	7078	0	30
2018.10.26	12:00:00	1.28245	1.28285	1.28077	1.28132	9511	0	30
2018.10.26	13:00:00	1.28131	1.28133	1.27959	1.28015	9804	0	30
2018.10.26	14:00:00	1.28014	1.28176	1.27966	1.28097	8761	0	30
2018.10.26	15:00:00	1.28096	1.28319	1.28047	1.28279	6996	0	30
2018.10.26	16:00:00	1.28276	1.28304	1.28141	1.28164	7576	0	30
2018.10.26	17:00:00	1.28165	1.28170	1.27837	1.27910	12604	0	30
2018.10.26	18:00:00	1.27911	1.28096	1.27890	1.27966	10286	0	30
2018.10.26	19:00:00	1.27967	1.28130	1.27878	1.28085	7735	0	30
2018.10.26	20:00:00	1.28085	1.28157	1.27986	1.28052	6121	0	30
2018.10.26	21:00:00	1.28055	1.28068	1.27884	1.27915	4189	0	31
2018.10.26	22:00:00	1.27918	1.28008	1.27883	1.27951	2769	0	31
2018.10.26	23:00:00	1.27951	1.27969	1.27833	1.27843	1353	0	33
2018.10.29	00:00:00	1.27856	1.28460	1.27705	1.27955	76576	0	43
2018.10.29	01:00:00	1.27955	1.28013	1.27955	1.27997	1159	0	36
2018.10.29	02:00:00	1.27994	1.28088	1.27985	1.28000	3699	0	31
2018.10.29	03:00:00	1.28000	1.28083	1.28000	1.28049	2175	0	34
2018.10.29	04:00:00	1.28049	1.28109	1.28037	1.28096	1732	0	32
2018.10.29	05:00:00	1.28096	1.28117	1.28054	1.28072	1840	0	30
2018.10.29	06:00:00	1.28072	1.28096	1.28044	1.28091	2816	0	32
2018.10.29	07:00:00	1.28091	1.28115	1.28059	1.28079	2832	0	31
2018.10.29	08:00:00	1.28080	1.28142	1.28051	1.28098	3217	0	32
2018.10.29	09:00:00	1.28098	1.28146	1.27963	1.28036	5119	0	32
2018.10.29	10:00:00	1.28036	1.28134	1.27976	1.28043	7993	0	30
2018.10.29	11:00:00	1.28045	1.28238	1.28007	1.28225	11761	0	30
2018.10.29	12:00:00	1.28225	1.28342	1.28139	1.28321	9010	0	30
2018.10.29	13:00:00	1.28321	1.28457	1.28186	1.28212	8133	0	30
2018.10.29	14:00:00	1.28212	1.28299	1.28165	1.28233	7124	0	30
2018.10.29	15:00:00	1.28231	1.28293	1.28160	1.28239	7895	0	30
2018.10.29	16:00:00	1.28239	1.28273	1.28093	1.28121	6527	0	30
2018.10.29	17:00:00	1.28122	1.28255	1.28015	1.28129	6825	0	30
2018.10.29	18:00:00	1.28129	1.28288	1.28045	1.28201	6186	0	30
2018.10.29	19:00:00	1.28202	1.28257	1.28179	1.28196	5146	0	30
2018.10.29	20:00:00	1.28197	1.28226	1.28132	1.28184	4401	0	31
2018.10.29	21:00:00	1.28184	1.28239	1.28117	1.28231	5330	0	30
2018.10.29	22:00:00	1.28233	1.28237	1.28153	1.28153	1448	0	19
2018.10.29	23:00:00	1.28137	1.28247	1.28108	1.28193	2313	0	44
2018.10.30	00:00:00	1.28136	1.28374	1.27546	1.28197	82638	0	50
2018.10.30	01:00:00	1.28197	1.28245	1.28186	1.28228	3470	0	35
2018.10.30	02:00:00	1.28228	1.28294	1.28206	1.28257	4648	0	32
2018.10.30	03:00:00	1.28258	1.28315	1.28243	1.28304	3261	0	30
2018.10.30	04:00:00	1.28304	1.28359	1.28279	1.28341	3773	0	31
2018.10.30	05:00:00	1.28341	1.28363	1.28326	1.28355	1963	0	31
2018.10.30	06:00:00	1.28355	1.28358	1.28274	1.28316	3077	0	32
2018.10.30	07:00:00	1.28316	1.28324	1.28198	1.28203	2802	0	32
2018.10.30	08:00:00	1.28203	1.28263	1.28120	1.28127	2538	0	33
2018.10.30	09:00:00	1.28127	1.28205	1.28005	1.28116	6001	0	30
2018.10.30	10:00:00	1.28117	1.28166	1.27940	1.28158	6978	0	30
2018.10.30	11:00:00	1.28157	1.28171	1.27870	1.27905	8663	0	30
2018.10.30	12:00:00	1.27905	1.27923	1.27769	1.27785	7699	0	30
2018.10.30	13:00:00	1.27786	1.27796	1.27606	1.27710	7996	0	30
2018.10.30	14:00:00	1.27712	1.27760	1.27639	1.27739	7081	0	30
2018.10.30	15:00:00	1.27737	1.28051	1.27652	1.28020	10482	0	30
2018.10.30	16:00:00	1.28020	1.28077	1.27755	1.27801	8266	0	30
2018.10.30	17:00:00	1.27801	1.28000	1.27774	1.27881	6688	0	23
2018.10.30	18:00:00	1.27881	1.27892	1.27550	1.27559	7039	0	30
2018.10.30	19:00:00	1.27560	1.27710	1.27539	1.27683	4351	0	30
2018.10.30	20:00:00	1.27683	1.27711	1.27578	1.27648	3495	0	30
2018.10.30	21:00:00	1.27648	1.27729	1.27647	1.27702	3429	0	32
2018.10.30	22:00:00	1.27703	1.27748	1.27662	1.27662	1324	0	23
2018.10.30	23:00:00	1.27652	1.27780	1.27622	1.27718	1651	0	34
2018.10.31	00:00:00	1.27642	1.28912	1.27559	1.27706	77700	0	44
2018.10.31	01:00:00	1.27706	1.27739	1.27689	1.27719	2019	0	34
2018.10.31	02:00:00	1.27720	1.27762	1.27697	1.27733	2578	0	31
2018.10.31	03:00:00	1.27733	1.27768	1.27693	1.27739	2869	0	30
2018.10.31	04:00:00	1.27738	1.27754	1.27660	1.27704	2087	0	34
2018.10.31	05:00:00	1.27704	1.27749	1.27688	1.27726	2239	0	31
2018.10.31	06:00:00	1.27726	1.27743	1.27687	1.27715	1801	0	32
2018.10.31	07:00:00	1.27715	1.27787	1.27705	1.27727	2895	0	30
2018.10.31	08:00:00	1.27727	1.27842	1.27725	1.27829	2303	0	33
2018.10.31	09:00:00	1.27829	1.27930	1.27713	1.27908	5556	0	30
2018.10.31	10:00:00	1.27909	1.28053	1.27850	1.27923	7094	0	30
2018.10.31	11:00:00	1.27923	1.28090	1.27902	1.28065	6883	0	30
2018.10.31	12:00:00	1.28066	1.28168	1.28043	1.28152	5897	0	30
2018.10.31	13:00:00	1.28151	1.28387	1.28057	1.28355	7245	0	30
2018.10.31	14:00:00	1.28354	1.28481	1.28260	1.28299	8704	0	30
2018.10.31	15:00:00	1.28299	1.28480	1.28234	1.28400	7873	0	30
2018.10.31	16:00:00	1.28400	1.28549	1.28277	1.28379	8564	0	30
2018.10.31	17:00:00	1.28379	1.28728	1.28253	1.28496	14549	0	30
2018.10.31	18:00:00	1.28500	1.28586	1.28377	1.28581	9303	0	30
2018.10.31	19:00:00	1.28582	1.28906	1.28569	1.28700	5541	0	30
2018.10.31	20:00:00	1.28700	1.28779	1.28652	1.28762	3475	0	30
2018.10.31	21:00:00	1.28764	1.28764	1.28633	1.28698	4360	0	30
2018.10.31	22:00:00	1.28697	1.28800	1.28673	1.28726	1661	0	26
2018.10.31	23:00:00	1.28725	1.28742	1.28587	1.28721	2049	0	56
2018.11.01	00:00:00	1.28715	1.30495	1.28538	1.28741	91017	0	42
2018.11.01	01:00:00	1.28741	1.28779	1.28680	1.28688	1612	0	30
2018.11.01	02:00:00	1.28689	1.29484	1.28676	1.29397	5931	0	30
2018.11.01	03:00:00	1.29409	1.29478	1.29291	1.29358	4053	0	30
2018.11.01	04:00:00	1.29356	1.29412	1.29325	1.29333	3993	0	34
2018.11.01	05:00:00	1.29334	1.29374	1.29295	1.29316	2919	0	30
2018.11.01	06:00:00	1.29316	1.29351	1.29267	1.29275	2408	0	30
2018.11.01	07:00:00	1.29275	1.29335	1.29197	1.29297	2896	0	32
2018.11.01	08:00:00	1.29295	1.29440	1.29153	1.29355	3606	0	30
2018.11.01	09:00:00	1.29357	1.29508	1.29334	1.29491	6900	0	30
2018.11.01	10:00:00	1.29490	1.29693	1.29438	1.29455	10071	0	30
2018.11.01	11:00:00	1.29455	1.29531	1.29206	1.29529	8716	0	30
2018.11.01	12:00:00	1.29528	1.29528	1.28964	1.29169	9612	0	30
2018.11.01	13:00:00	1.29170	1.29512	1.29081	1.29397	9395	0	30
2018.11.01	14:00:00	1.29410	1.29671	1.29384	1.29538	10995	0	30
2018.11.01	15:00:00	1.29542	1.29708	1.29493	1.29544	6812	0	30
2018.11.01	16:00:00	1.29541	1.29805	1.29507	1.29779	9001	0	30
2018.11.01	17:00:00	1.29778	1.30171	1.29540	1.30154	10199	0	30
2018.11.01	18:00:00	1.30156	1.30291	1.30013	1.30255	7243	0	30
2018.11.01	19:00:00	1.30256	1.30300	1.30142	1.30171	6318	0	30
2018.11.01	20:00:00	1.30172	1.30493	1.30163	1.30404	4282	0	30
2018.11.01	21:00:00	1.30403	1.30484	1.30350	1.30362	2922	0	31
2018.11.01	22:00:00	1.30362	1.30376	1.30217	1.30288	2126	0	16
2018.11.01	23:00:00	1.30248	1.30327	1.29954	1.30220	2727	0	67
2018.11.02	00:00:00	1.30287	1.30438	1.29663	1.30255	81885	0	33
2018.11.02	01:00:00	1.30253	1.30312	1.30236	1.30290	1105	0	30
2018.11.02	02:00:00	1.30290	1.30303	1.30227	1.30232	2336	0	33
2018.11.02	03:00:00	1.30232	1.30257	1.30153	1.30181	2699	0	34
2018.11.02	04:00:00	1.30181	1.30197	1.30135	1.30151	2405	0	33
2018.11.02	05:00:00	1.30151	1.30162	1.30117	1.30125	2134	0	31
2018.11.02	06:00:00	1.30124	1.30207	1.30073	1.30160	5013	0	31
2018.11.02	07:00:00	1.30161	1.30290	1.30153	1.30254	6192	0	30
2018.11.02	08:00:00	1.30254	1.30268	1.30184	1.30224	4118	0	30
2018.11.02	09:00:00	1.30224	1.30392	1.30220	1.30351	7291	0	30
2018.11.02	10:00:00	1.30346	1.30431	1.30253	1.30288	8018	0	30
2018.11.02	11:00:00	1.30290	1.30394	1.30130	1.30186	8017	0	30
2018.11.02	12:00:00	1.30186	1.30220	1.29907	1.29948	6066	0	30
2018.11.02	13:00:00	1.29949	1.29950	1.29786	1.29823	5558	0	30
2018.11.02	14:00:00	1.29821	1.29966	1.29665	1.29938	11022	0	30
2018.11.02	15:00:00	1.29939	1.30063	1.29934	1.30019	8882	0	30
2018.11.02	16:00:00	1.30018	1.30123	1.29895	1.29955	8466	0	30
2018.11.02	17:00:00	1.29953	1.30188	1.29888	1.30098	9945	0	30
2018.11.02	18:00:00	1.30099	1.30111	1.29974	1.30035	8390	0	30
2018.11.02	19:00:00	1.30035	1.30100	1.29972	1.30084	5261	0	30
2018.11.02	20:00:00	1.30084	1.30258	1.30019	1.30224	3638	0	31
2018.11.02	21:00:00	1.30223	1.30230	1.30095	1.30112	3264	0	30
2018.11.02	22:00:00	1.30108	1.30195	1.30056	1.30088	1259	0	32
2018.11.05	00:00:00	1.30553	1.31069	1.30225	1.30407	70619	0	32
2018.11.05	01:00:00	1.30411	1.30469	1.30346	1.30356	2568	0	32
2018.11.05	02:00:00	1.30359	1.30430	1.30349	1.30410	2666	0	30
2018.11.05	03:00:00	1.30411	1.30428	1.30377	1.30407	1888	0	30
2018.11.05	04:00:00	1.30408	1.30421	1.30359	1.30404	2203	0	34
2018.11.05	05:00:00	1.30404	1.30448	1.30399	1.30415	1329	0	30
2018.11.05	06:00:00	1.30415	1.30447	1.30409	1.30421	1274	0	31
2018.11.05	07:00:00	1.30421	1.30455	1.30390	1.30429	1493	0	31
2018.11.05	08:00:00	1.30430	1.30658	1.30381	1.30584	2427	0	30
2018.11.05	09:00:00	1.30585	1.30695	1.30491	1.30595	4247	0	30
2018.11.05	10:00:00	1.30595	1.30603	1.30366	1.30477	6867	0	31
2018.11.05	11:00:00	1.30479	1.30699	1.30277	1.30686	6544	0	31
2018.11.05	12:00:00	1.30685	1.30840	1.30639	1.30826	4843	0	30
2018.11.05	13:00:00	1.30826	1.30975	1.30712	1.30827	4884	0	30
2018.11.05	14:00:00	1.30827	1.30844	1.30460	1.30612	6477	0	30
2018.11.05	15:00:00	1.30616	1.30850	1.30570	1.30791	6058	0	30
2018.11.05	16:00:00	1.30790	1.30842	1.30690	1.30821	5652	0	30
2018.11.05	17:00:00	1.30818	1.30873	1.30731	1.30844	7288	0	30
2018.11.05	18:00:00	1.30844	1.30957	1.30767	1.30901	5786	0	30
2018.11.05	19:00:00	1.30902	1.30903	1.30764	1.30782	3082	0	32
2018.11.05	20:00:00	1.30782	1.30900	1.30740	1.30856	3939	0	31
2018.11.05	21:00:00	1.30856	1.31039	1.30843	1.31026	3089	0	32
2018.11.05	22:00:00	1.31029	1.31035	1.30930	1.30939	3283	0	32
2018.11.05	23:00:00	1.30939	1.31060	1.30925	1.30977	1691	0	29
2018.11.06	00:00:00	1.30947	1.31439	1.30646	1.31132	73654	0	30
2018.11.06	01:00:00	1.31132	1.31243	1.31089	1.31137	1623	0	35
2018.11.06	02:00:00	1.31137	1.31169	1.31112	1.31151	2172	0	31
2018.11.06	03:00:00	1.31152	1.31197	1.31122	1.31145	2619	0	30
2018.11.06	04:00:00	1.31145	1.31222	1.31136	1.31182	2200	0	33
2018.11.06	05:00:00	1.31182	1.31194	1.31140	1.31170	2311	0	32
2018.11.06	06:00:00	1.31170	1.31193	1.31109	1.31118	2694	0	33
2018.11.06	07:00:00	1.31117	1.31151	1.31060	1.31091	2146	0	31
2018.11.06	08:00:00	1.31091	1.31209	1.31073	1.31094	3368	0	30
2018.11.06	09:00:00	1.31093	1.31234	1.31079	1.31219	4865	0	30
2018.11.06	10:00:00	1.31219	1.31320	1.31183	1.31258	7212	0	30
2018.11.06	11:00:00	1.31258	1.31324	1.31128	1.31170	6108	0	30
2018.11.06	12:00:00	1.31171	1.31216	1.30816	1.30861	8380	0	30
2018.11.06	13:00:00	1.30861	1.31289	1.30856	1.31206	6002	0	30
2018.11.06	14:00:00	1.31205	1.31374	1.31153	1.31158	6970	0	30
2018.11.06	15:00:00	1.31158	1.31297	1.31039	1.31049	8084	0	30
2018.11.06	16:00:00	1.31047	1.31234	1.31043	1.31140	6031	0	30
2018.11.06	17:00:00	1.31143	1.31293	1.31065	1.31289	6323	0	30
2018.11.06	18:00:00	1.31288	1.31320	1.31179	1.31289	5208	0	30
2018.11.06	19:00:00	1.31288	1.31384	1.31267	1.31297	4216	0	30
2018.11.06	20:00:00	1.31297	1.31441	1.31274	1.31408	3148	0	30
2018.11.06	21:00:00	1.31409	1.31411	1.31305	1.31330	3304	0	30
2018.11.06	22:00:00	1.31330	1.31349	1.31307	1.31339	1899	0	31
2018.11.06	23:00:00	1.31339	1.31425	1.31270	1.31282	1275	0	27
2018.11.07	00:00:00	1.31280	1.31631	1.30825	1.31270	89822	0	47
2018.11.07	01:00:00	1.31269	1.31379	1.31253	1.31287	2251	0	31
2018.11.07	02:00:00	1.31288	1.31406	1.31168	1.31170	5080	0	34
2018.11.07	03:00:00	1.31173	1.31463	1.31155	1.31426	7975	0	32
2018.11.07	04:00:00	1.31426	1.31456	1.31296	1.31326	6428	0	34
2018.11.07	05:00:00	1.31326	1.31439	1.31269	1.31364	4179	0	32
2018.11.07	06:00:00	1.31365	1.31434	1.31262	1.31292	3365	0	31
2018.11.07	07:00:00	1.31290	1.31344	1.31252	1.31320	2676	0	34
2018.11.07	08:00:00	1.31320	1.31370	1.31231	1.31342	2815	0	31
2018.11.07	09:00:00	1.31342	1.31413	1.31233	1.31384	5860	0	31
2018.11.07	10:00:00	1.31383	1.31483	1.31238	1.31288	8644	0	30
2018.11.07	11:00:00	1.31288	1.31341	1.31134	1.31193	7892	0	30
2018.11.07	12:00:00	1.31194	1.31201	1.30920	1.31062	7992	0	30
2018.11.07	13:00:00	1.31060	1.31125	1.30997	1.31076	5264	0	30
2018.11.07	14:00:00	1.31075	1.31192	1.30936	1.31001	6719	0	30
2018.11.07	15:00:00	1.31002	1.31051	1.30855	1.30897	7317	0	30
2018.11.07	16:00:00	1.30897	1.31212	1.30818	1.31155	8513	0	30
2018.11.07	17:00:00	1.31154	1.31437	1.31087	1.31251	8947	0	30
2018.11.07	18:00:00	1.31251	1.31405	1.31251	1.31395	6724	0	30
2018.11.07	19:00:00	1.31395	1.31483	1.31334	1.31428	5315	0	30
2018.11.07	20:00:00	1.31429	1.31531	1.31419	1.31454	5831	0	30
2018.11.07	21:00:00	1.31454	1.31515	1.31422	1.31504	5502	0	30
2018.11.07	22:00:00	1.31504	1.31597	1.31462	1.31560	3921	0	30
2018.11.07	23:00:00	1.31559	1.31636	1.31477	1.31479	2079	0	18
2018.11.08	00:00:00	1.31457	1.31715	1.30648	1.31483	83859	0	52
2018.11.08	01:00:00	1.31483	1.31570	1.31483	1.31502	1711	0	36
2018.11.08	02:00:00	1.31499	1.31569	1.31480	1.31561	2563	0	33
2018.11.08	03:00:00	1.31561	1.31568	1.31497	1.31532	2989	0	30
2018.11.08	04:00:00	1.31532	1.31574	1.31508	1.31555	3236	0	31
2018.11.08	05:00:00	1.31554	1.31593	1.31515	1.31583	3860	0	30
2018.11.08	06:00:00	1.31582	1.31602	1.31534	1.31596	2856	0	32
2018.11.08	07:00:00	1.31596	1.31627	1.31538	1.31567	3671	0	31
2018.11.08	08:00:00	1.31567	1.31586	1.31477	1.31480	3768	0	31
2018.11.08	09:00:00	1.31480	1.31558	1.31317	1.31542	5644	0	31
2018.11.08	10:00:00	1.31542	1.31655	1.31517	1.31576	7295	0	30
2018.11.08	11:00:00	1.31576	1.31625	1.31438	1.31477	7025	0	30
2018.11.08	12:00:00	1.31479	1.31712	1.31224	1.31339	8307	0	30
2018.11.08	13:00:00	1.31340	1.31480	1.31174	1.31449	6911	0	30
2018.11.08	14:00:00	1.31452	1.31608	1.31297	1.31379	7036	0	30
2018.11.08	15:00:00	1.31379	1.31461	1.31282	1.31316	6505	0	30
2018.11.08	16:00:00	1.31315	1.31378	1.31168	1.31362	7851	0	30
2018.11.08	17:00:00	1.31362	1.31671	1.31360	1.31602	8616	0	30
2018.11.08	18:00:00	1.31602	1.31624	1.31428	1.31567	6878	0	30
2018.11.08	19:00:00	1.31569	1.31644	1.31490	1.31492	6234	0	30
2018.11.08	20:00:00	1.31491	1.31550	1.31405	1.31430	3998	0	30
2018.11.08	21:00:00	1.31431	1.31511	1.31222	1.31385	8895	0	31
2018.11.08	22:00:00	1.31392	1.31422	1.31338	1.31390	4483	0	30
2018.11.08	23:00:00	1.31401	1.31428	1.31364	1.31373	1667	0	26
2018.11.09	00:00:00	1.31349	1.31493	1.29865	1.31385	84069	0	48
2018.11.09	01:00:00	1.31375	1.31428	1.31332	1.31411	2617	0	32
2018.11.09	02:00:00	1.31411	1.31472	1.31398	1.31414	2958	0	33
2018.11.09	03:00:00	1.31415	1.31471	1.31378	1.31461	4464	0	32
2018.11.09	04:00:00	1.31464	1.31482	1.31380	1.31406	2865	0	31
2018.11.09	05:00:00	1.31406	1.31447	1.31354	1.31388	2618	0	30
2018.11.09	06:00:00	1.31387	1.31447	1.31360	1.31428	2828	0	30
2018.11.09	07:00:00	1.31428	1.31430	1.31346	1.31372	3253	0	30
2018.11.09	08:00:00	1.31372	1.31473	1.31318	1.31319	3429	0	31
2018.11.09	09:00:00	1.31319	1.31346	1.31150	1.31174	6071	0	30
2018.11.09	10:00:00	1.31173	1.31249	1.30989	1.31089	7773	0	30
2018.11.09	11:00:00	1.31090	1.31215	1.30933	1.31106	7465	0	30
2018.11.09	12:00:00	1.31108	1.31124	1.30825	1.30832	6532	0	30
2018.11.09	13:00:00	1.30837	1.31036	1.30824	1.31030	5378	0	30
2018.11.09	14:00:00	1.31030	1.31216	1.30990	1.31163	4216	0	30
2018.11.09	15:00:00	1.31163	1.31183	1.31052	1.31117	7287	0	30
2018.11.09	16:00:00	1.31118	1.31243	1.31061	1.31235	6696	0	30
2018.11.09	17:00:00	1.31233	1.31285	1.30869	1.30912	8480	0	30
2018.11.09	18:00:00	1.30911	1.30921	1.30561	1.30566	8691	0	30
2018.11.09	19:00:00	1.30566	1.30649	1.30439	1.30444	6979	0	30
2018.11.09	20:00:00	1.30444	1.30512	1.30402	1.30459	4341	0	30
2018.11.09	21:00:00	1.30457	1.30488	1.30386	1.30454	4055	0	31
2018.11.09	22:00:00	1.30454	1.30489	1.30327	1.30367	3629	0	31
2018.11.09	23:00:00	1.30365	1.30478	1.30337	1.30433	1392	0	33
2018.11.12	00:00:00	1.29772	1.30515	1.29522	1.29988	88197	0	38
2018.11.12	01:00:00	1.29988	1.30144	1.29958	1.30132	3647	0	34
2018.11.12	02:00:00	1.30131	1.30171	1.30115	1.30156	2808	0	32
2018.11.12	03:00:00	1.30158	1.30211	1.30120	1.30157	2989	0	31
2018.11.12	04:00:00	1.30157	1.30177	1.30098	1.30134	2222	0	30
2018.11.12	05:00:00	1.30134	1.30223	1.30114	1.30181	3021	0	32
2018.11.12	06:00:00	1.30181	1.30183	1.30083	1.30146	2494	0	30
2018.11.12	07:00:00	1.30146	1.30151	1.29802	1.29832	3779	0	30
2018.11.12	08:00:00	1.29832	1.29956	1.29752	1.29917	4922	0	30
2018.11.12	09:00:00	1.29923	1.29934	1.29692	1.29742	8593	0	30
2018.11.12	10:00:00	1.29742	1.29896	1.29581	1.29722	9250	0	30
2018.11.12	11:00:00	1.29722	1.29751	1.29596	1.29649	7212	0	30
2018.11.12	12:00:00	1.29649	1.29751	1.29517	1.29746	7522	0	30
2018.11.12	13:00:00	1.29744	1.30033	1.29744	1.29899	7488	0	30
2018.11.12	14:00:00	1.29899	1.29933	1.29819	1.29848	5183	0	30
2018.11.12	15:00:00	1.29849	1.30299	1.29743	1.30267	8984	0	30
2018.11.12	16:00:00	1.30267	1.30512	1.30158	1.30249	9205	0	30
2018.11.12	17:00:00	1.30245	1.30269	1.29795	1.29798	7384	0	30
2018.11.12	18:00:00	1.29799	1.29880	1.29552	1.29690	6569	0	30
2018.11.12	19:00:00	1.29689	1.29697	1.29529	1.29597	5385	0	30
2018.11.12	20:00:00	1.29597	1.29704	1.29550	1.29695	4516	0	30
2018.11.12	21:00:00	1.29695	1.29812	1.29662	1.29796	3605	0	30
2018.11.12	22:00:00	1.29798	1.29863	1.29733	1.29838	3174	0	31
2018.11.12	23:00:00	1.29837	1.29929	1.29799	1.29876	2974	0	25
2018.11.13	00:00:00	1.29852	1.31519	1.29537	1.29836	89987	0	49
2018.11.13	01:00:00	1.29835	1.29885	1.29793	1.29855	1474	0	30
2018.11.13	02:00:00	1.29855	1.29918	1.29795	1.29893	3463	0	32
2018.11.13	03:00:00	1.29893	1.29901	1.29842	1.29860	2835	0	30
2018.11.13	04:00:00	1.29862	1.29953	1.29861	1.29931	3551	0	31
2018.11.13	05:00:00	1.29931	1.30102	1.29913	1.30088	4135	0	30
2018.11.13	06:00:00	1.30089	1.30157	1.30053	1.30108	4513	0	31
2018.11.13	07:00:00	1.30108	1.30114	1.30044	1.30067	2764	0	33
2018.11.13	08:00:00	1.30067	1.30119	1.30027	1.30097	2743	0	31
2018.11.13	09:00:00	1.30096	1.30300	1.29946	1.30266	7749	0	31
2018.11.13	10:00:00	1.30264	1.30468	1.30114	1.30365	10166	0	30
2018.11.13	11:00:00	1.30365	1.30469	1.30252	1.30263	7305	0	30
2018.11.13	12:00:00	1.30263	1.30531	1.30218	1.30486	8963	0	30
2018.11.13	13:00:00	1.30486	1.30518	1.30347	1.30458	8142	0	30
2018.11.13	14:00:00	1.30459	1.30826	1.30426	1.30698	8846	0	30
2018.11.13	15:00:00	1.30697	1.30977	1.30639	1.30810	9066	0	30
2018.11.13	16:00:00	1.30812	1.30916	1.30693	1.30764	7901	0	30
2018.11.13	17:00:00	1.30764	1.31191	1.30555	1.31098	12173	0	30
2018.11.13	18:00:00	1.31092	1.31518	1.30810	1.31361	13259	0	30
2018.11.13	19:00:00	1.31359	1.31439	1.31004	1.31027	7911	0	30
2018.11.13	20:00:00	1.31027	1.31072	1.30696	1.30736	5515	0	30
2018.11.13	21:00:00	1.30735	1.30791	1.30581	1.30626	3520	0	30
2018.11.13	22:00:00	1.30626	1.30680	1.30530	1.30531	4111	0	30
2018.11.13	23:00:00	1.30531	1.30646	1.30527	1.30574	1345	0	21
2018.11.14	00:00:00	1.30594	1.31251	1.29742	1.31223	97508	0	34
2018.11.14	01:00:00	1.31223	1.31256	1.30889	1.30906	3576	0	32
2018.11.14	02:00:00	1.30907	1.31003	1.30843	1.30854	4391	0	31
2018.11.14	03:00:00	1.30857	1.30946	1.30831	1.30913	4054	0	30
2018.11.14	04:00:00	1.30906	1.30958	1.30880	1.30919	3933	0	30
2018.11.14	05:00:00	1.30919	1.30972	1.30898	1.30922	3432	0	31
2018.11.14	06:00:00	1.30922	1.30927	1.30793	1.30806	3714	0	30
2018.11.14	07:00:00	1.30806	1.30813	1.30723	1.30776	2541	0	32
2018.11.14	08:00:00	1.30776	1.30954	1.30766	1.30909	2878	0	30
2018.11.14	09:00:00	1.30909	1.30955	1.30739	1.30743	8246	0	30
2018.11.14	10:00:00	1.30743	1.30791	1.30531	1.30731	8069	0	30
2018.11.14	11:00:00	1.30730	1.30941	1.30644	1.30910	6130	0	30
2018.11.14	12:00:00	1.30913	1.31029	1.30375	1.30480	7629	0	30
2018.11.14	13:00:00	1.30480	1.30774	1.30127	1.30602	7850	0	30
2018.11.14	14:00:00	1.30602	1.30941	1.30566	1.30924	7472	0	30
2018.11.14	15:00:00	1.30924	1.30938	1.30609	1.30686	7865	0	30
2018.11.14	16:00:00	1.30685	1.30979	1.30484	1.30837	11252	0	30
2018.11.14	17:00:00	1.30837	1.31186	1.30653	1.31036	10022	0	30
2018.11.14	18:00:00	1.31038	1.31222	1.30907	1.30951	8321	0	30
2018.11.14	19:00:00	1.30949	1.31158	1.30092	1.30448	13148	0	30
2018.11.14	20:00:00	1.30446	1.30494	1.29737	1.30131	10445	0	30
2018.11.14	21:00:00	1.30131	1.31103	1.29957	1.30936	11951	0	30
2018.11.14	22:00:00	1.30936	1.31254	1.30711	1.30742	7045	0	30
2018.11.14	23:00:00	1.30744	1.30844	1.30585	1.30619	1843	0	13
2018.11.15	00:00:00	1.30661	1.30960	1.28082	1.30653	106480	0	68
2018.11.15	01:00:00	1.30653	1.30783	1.30523	1.30606	2622	0	31
2018.11.15	02:00:00	1.30608	1.30719	1.30528	1.30571	3921	0	30
2018.11.15	03:00:00	1.30571	1.30877	1.30557	1.30876	3556	0	30
2018.11.15	04:00:00	1.30875	1.30887	1.30792	1.30807	2759	0	32
2018.11.15	05:00:00	1.30806	1.30826	1.30761	1.30768	1456	0	30
2018.11.15	06:00:00	1.30766	1.30853	1.30738	1.30820	2085	0	30
2018.11.15	07:00:00	1.30822	1.30916	1.30790	1.30916	2553	0	32
2018.11.15	08:00:00	1.30916	1.30955	1.30861	1.30867	2429	0	31
2018.11.15	09:00:00	1.30867	1.30909	1.30449	1.30482	7926	0	30
2018.11.15	10:00:00	1.30483	1.30501	1.29327	1.29618	12204	0	30
2018.11.15	11:00:00	1.29619	1.29619	1.28554	1.28716	18756	0	30
2018.11.15	12:00:00	1.28715	1.28958	1.28422	1.28819	14205	0	30
2018.11.15	13:00:00	1.28818	1.28959	1.28480	1.28819	10881	0	30
2018.11.15	14:00:00	1.28819	1.29052	1.28331	1.28391	12312	0	30
2018.11.15	15:00:00	1.28391	1.28748	1.28287	1.28527	12956	0	30
2018.11.15	16:00:00	1.28528	1.28703	1.28402	1.28563	13164	0	30
2018.11.15	17:00:00	1.28566	1.28662	1.28176	1.28603	13423	0	30
2018.11.15	18:00:00	1.28617	1.28642	1.28166	1.28204	12072	0	30
2018.11.15	19:00:00	1.28204	1.28645	1.28088	1.28253	10673	0	30
2018.11.15	20:00:00	1.28257	1.28436	1.28070	1.28289	4991	0	30
2018.11.15	21:00:00	1.28289	1.28716	1.28286	1.28640	6290	0	30
2018.11.15	22:00:00	1.28641	1.28698	1.28538	1.28606	5219	0	31
2018.11.15	23:00:00	1.28606	1.28674	1.28537	1.28541	1818	0	32
2018.11.16	00:00:00	1.28129	1.29461	1.28052	1.28421	84189	0	96
2018.11.16	01:00:00	1.28421	1.28642	1.28396	1.28530	1982	0	33
2018.11.16	02:00:00	1.28530	1.28886	1.28515	1.28717	2825	0	31
2018.11.16	03:00:00	1.28717	1.28746	1.28626	1.28648	2526	0	30
2018.11.16	04:00:00	1.28649	1.28685	1.28597	1.28613	2297	0	34
2018.11.16	05:00:00	1.28613	1.28760	1.28611	1.28749	1499	0	32
2018.11.16	06:00:00	1.28751	1.28784	1.28716	1.28748	1177	0	33
2018.11.16	07:00:00	1.28747	1.28762	1.28704	1.28751	1443	0	30
2018.11.16	08:00:00	1.28751	1.28840	1.28706	1.28786	2592	0	30
2018.11.16	09:00:00	1.28786	1.28859	1.28667	1.28750	4898	0	30
2018.11.16	10:00:00	1.28753	1.29076	1.28723	1.28772	9763	0	30
2018.11.16	11:00:00	1.28772	1.29107	1.28645	1.28830	11897	0	30
2018.11.16	12:00:00	1.28829	1.29221	1.28822	1.29131	8237	0	30
2018.11.16	13:00:00	1.29134	1.29210	1.29042	1.29101	6080	0	30
2018.11.16	14:00:00	1.29101	1.29457	1.28939	1.29402	6807	0	30
2018.11.16	15:00:00	1.29400	1.29455	1.29035	1.29080	11403	0	30
2018.11.16	16:00:00	1.29080	1.29104	1.28734	1.28953	9055	0	30
2018.11.16	17:00:00	1.28953	1.28953	1.28631	1.28712	7723	0	30
2018.11.16	18:00:00	1.28710	1.28751	1.28396	1.28534	7281	0	30
2018.11.16	19:00:00	1.28534	1.28583	1.28139	1.28191	6528	0	30
2018.11.16	20:00:00	1.28189	1.28340	1.28125	1.28157	3480	0	31
2018.11.16	21:00:00	1.28157	1.28313	1.28120	1.28266	3240	0	30
2018.11.16	22:00:00	1.28262	1.28286	1.28187	1.28234	1827	0	30
2018.11.16	23:00:00	1.28234	1.28278	1.28155	1.28159	1225	0	33
2018.11.19	00:00:00	1.28142	1.28680	1.27431	1.28261	73208	0	139
2018.11.19	01:00:00	1.28259	1.28360	1.28182	1.28246	2763	0	31
2018.11.19	02:00:00	1.28246	1.28310	1.28209	1.28285	2302	0	30
2018.11.19	03:00:00	1.28285	1.28333	1.28250	1.28315	1897	0	33
2018.11.19	04:00:00	1.28315	1.28325	1.28263	1.28313	1657	0	28
2018.11.19	05:00:00	1.28313	1.28375	1.28311	1.28368	2099	0	34
2018.11.19	06:00:00	1.28366	1.28371	1.28262	1.28291	1693	0	33
2018.11.19	07:00:00	1.28291	1.28332	1.28235	1.28321	1619	0	34
2018.11.19	08:00:00	1.28321	1.28417	1.28247	1.28341	2083	0	30
2018.11.19	09:00:00	1.28343	1.28539	1.28284	1.28490	3820	0	30
2018.11.19	10:00:00	1.28490	1.28673	1.28478	1.28527	5531	0	30
2018.11.19	11:00:00	1.28528	1.28553	1.28254	1.28325	5679	0	30
2018.11.19	12:00:00	1.28325	1.28336	1.28070	1.28242	5567	0	30
2018.11.19	13:00:00	1.28242	1.28322	1.27423	1.27537	6412	0	30
2018.11.19	14:00:00	1.27536	1.27919	1.27530	1.27905	6388	0	30
2018.11.19	15:00:00	1.27905	1.28081	1.27732	1.27983	6705	0	30
2018.11.19	16:00:00	1.27984	1.28045	1.27698	1.27733	5924	0	30
2018.11.19	17:00:00	1.27732	1.27858	1.27606	1.27851	8284	0	30
2018.11.19	18:00:00	1.27851	1.27916	1.27539	1.27604	6247	0	30
2018.11.19	19:00:00	1.27604	1.27760	1.27542	1.27622	3887	0	30
2018.11.19	20:00:00	1.27622	1.27764	1.27581	1.27658	3162	0	30
2018.11.19	21:00:00	1.27657	1.27736	1.27608	1.27719	2829	0	30
2018.11.19	22:00:00	1.27718	1.27769	1.27689	1.27709	2313	0	31
2018.11.19	23:00:00	1.27707	1.27739	1.27642	1.27650	998	0	23
2018.11.20	00:00:00	1.27612	1.27891	1.27124	1.27721	79151	0	44
2018.11.20	01:00:00	1.27721	1.27768	1.27621	1.27680	2625	0	32
2018.11.20	02:00:00	1.27680	1.27696	1.27571	1.27655	2386	0	31
2018.11.20	03:00:00	1.27658	1.27690	1.27622	1.27656	2168	0	31
2018.11.20	04:00:00	1.27656	1.27656	1.27544	1.27605	1905	0	30
2018.11.20	05:00:00	1.27605	1.27610	1.27552	1.27580	1220	0	33
2018.11.20	06:00:00	1.27578	1.27642	1.27578	1.27639	1651	0	33
2018.11.20	07:00:00	1.27639	1.27687	1.27625	1.27641	1316	0	31
2018.11.20	08:00:00	1.27641	1.27667	1.27548	1.27566	2081	0	31
2018.11.20	09:00:00	1.27566	1.27676	1.27388	1.27628	4196	0	30
2018.11.20	10:00:00	1.27635	1.27707	1.27361	1.27448	7740	0	30
2018.11.20	11:00:00	1.27449	1.27503	1.27257	1.27422	7072	0	30
2018.11.20	12:00:00	1.27421	1.27796	1.27414	1.27712	6409	0	30
2018.11.20	13:00:00	1.27710	1.27871	1.27494	1.27546	5253	0	30
2018.11.20	14:00:00	1.27545	1.27545	1.27327	1.27358	5904	0	30
2018.11.20	15:00:00	1.27361	1.27439	1.27283	1.27424	6479	0	30
2018.11.20	16:00:00	1.27424	1.27649	1.27390	1.27488	7815	0	30
2018.11.20	17:00:00	1.27486	1.27611	1.27382	1.27404	9335	0	30
2018.11.20	18:00:00	1.27410	1.27508	1.27346	1.27349	6395	0	30
2018.11.20	19:00:00	1.27356	1.27459	1.27287	1.27295	4067	0	31
2018.11.20	20:00:00	1.27303	1.27366	1.27122	1.27136	4750	0	30
2018.11.20	21:00:00	1.27136	1.27268	1.27127	1.27178	3694	0	30
2018.11.20	22:00:00	1.27178	1.27267	1.27172	1.27218	3409	0	31
2018.11.20	23:00:00	1.27218	1.27253	1.27156	1.27220	1286	0	20
2018.11.21	00:00:00	1.27214	1.27500	1.26991	1.27225	67228	0	60
2018.11.21	01:00:00	1.27229	1.27249	1.27153	1.27183	1955	0	31
2018.11.21	02:00:00	1.27183	1.27267	1.27147	1.27262	2102	0	30
2018.11.21	03:00:00	1.27264	1.27268	1.27184	1.27215	1760	0	30
2018.11.21	04:00:00	1.27219	1.27281	1.27170	1.27200	2340	0	31
2018.11.21	05:00:00	1.27200	1.27238	1.27144	1.27154	1440	0	30
2018.11.21	06:00:00	1.27154	1.27230	1.27154	1.27194	758	0	30
2018.11.21	07:00:00	1.27192	1.27264	1.27176	1.27252	1019	0	23
2018.11.21	08:00:00	1.27252	1.27320	1.27208	1.27318	1657	0	32
2018.11.21	09:00:00	1.27317	1.27495	1.27286	1.27342	3607	0	30
2018.11.21	10:00:00	1.27341	1.27453	1.27175	1.27177	4734	0	31
2018.11.21	11:00:00	1.27177	1.27291	1.27106	1.27123	4731	0	30
2018.11.21	12:00:00	1.27123	1.27260	1.27058	1.27184	6597	0	30
2018.11.21	13:00:00	1.27182	1.27295	1.27102	1.27275	6575	0	30
2018.11.21	14:00:00	1.27279	1.27368	1.27200	1.27258	4839	0	30
2018.11.21	15:00:00	1.27258	1.27327	1.27058	1.27116	5846	0	30
2018.11.21	16:00:00	1.27116	1.27340	1.27077	1.27194	4623	0	30
2018.11.21	17:00:00	1.27195	1.27362	1.27070	1.27214	6970	0	30
2018.11.21	18:00:00	1.27217	1.27332	1.27092	1.27131	5897	0	30
2018.11.21	19:00:00	1.27131	1.27163	1.27030	1.27099	3615	0	30
2018.11.21	20:00:00	1.27099	1.27154	1.27001	1.27108	3371	0	30
2018.11.21	21:00:00	1.27108	1.27164	1.27018	1.27075	2235	0	32
2018.11.21	22:00:00	1.27075	1.27109	1.27027	1.27046	1496	0	33
2018.11.21	23:00:00	1.27046	1.27088	1.27015	1.27044	894	0	31
2018.11.22	00:00:00	1.27026	1.28331	1.26833	1.26953	63703	0	58
2018.11.22	01:00:00	1.26951	1.27085	1.26938	1.27027	1796	0	34
2018.11.22	02:00:00	1.27027	1.27096	1.27006	1.27047	1172	0	32
2018.11.22	03:00:00	1.27048	1.27096	1.27034	1.27073	1707	0	34
2018.11.22	04:00:00	1.27074	1.27097	1.27028	1.27040	1678	0	36
2018.11.22	05:00:00	1.27038	1.27038	1.26995	1.26995	760	0	26
2018.11.22	06:00:00	1.26995	1.27081	1.26995	1.27048	973	0	27
2018.11.22	07:00:00	1.27048	1.27101	1.27037	1.27075	749	0	27
2018.11.22	08:00:00	1.27076	1.27112	1.27021	1.27072	1362	0	27
2018.11.22	09:00:00	1.27074	1.27127	1.27013	1.27084	2583	0	30
2018.11.22	10:00:00	1.27083	1.27128	1.27007	1.27064	3158	0	31
2018.11.22	11:00:00	1.27064	1.27128	1.26985	1.27089	1808	0	31
2018.11.22	12:00:00	1.27088	1.28323	1.27088	1.28204	12243	0	30
2018.11.22	13:00:00	1.28204	1.28255	1.27237	1.28106	7279	0	30
2018.11.22	14:00:00	1.28106	1.28177	1.27838	1.28120	7207	0	30
2018.11.22	15:00:00	1.28120	1.28179	1.27958	1.28098	3036	0	31
2018.11.22	16:00:00	1.28098	1.28212	1.28003	1.28036	3619	0	31
2018.11.22	17:00:00	1.28036	1.28077	1.27840	1.28038	5278	0	30
2018.11.22	18:00:00	1.28039	1.28106	1.27972	1.28053	5368	0	30
2018.11.22	19:00:00	1.28053	1.28112	1.28000	1.28035	3940	0	33
2018.11.22	20:00:00	1.28033	1.28129	1.27872	1.27993	4716	0	65
2018.11.22	21:00:00	1.27993	1.28030	1.27973	1.27988	677	0	81
2018.11.22	22:00:00	1.27988	1.28054	1.27967	1.28018	931	0	100
2018.11.22	23:00:00	1.28018	1.28141	1.27934	1.28079	1052	0	35
2018.11.23	00:00:00	1.27997	1.28131	1.27566	1.27983	64409	0	78
2018.11.23	01:00:00	1.27987	1.28123	1.27970	1.28052	1871	0	30
2018.11.23	02:00:00	1.28052	1.28085	1.28015	1.28042	1265	0	35
2018.11.23	03:00:00	1.28042	1.28060	1.27970	1.27994	1495	0	33
2018.11.23	04:00:00	1.27994	1.28034	1.27956	1.27992	2192	0	30
2018.11.23	05:00:00	1.27995	1.28010	1.27942	1.27985	1593	0	32
2018.11.23	06:00:00	1.27985	1.28008	1.27972	1.27997	1122	0	30
2018.11.23	07:00:00	1.27999	1.28031	1.27955	1.27979	1555	0	34
2018.11.23	08:00:00	1.27979	1.28047	1.27934	1.28001	1475	0	31
2018.11.23	09:00:00	1.28001	1.28050	1.27826	1.27885	2960	0	30
2018.11.23	10:00:00	1.27887	1.27974	1.27697	1.27829	7865	0	30
2018.11.23	11:00:00	1.27827	1.28008	1.27825	1.27901	5389	0	30
2018.11.23	12:00:00	1.27901	1.28002	1.27859	1.27985	5249	0	30
2018.11.23	13:00:00	1.27985	1.28009	1.27646	1.27871	5650	0	30
2018.11.23	14:00:00	1.27872	1.27958	1.27737	1.27800	5779	0	30
2018.11.23	15:00:00	1.27803	1.27895	1.27699	1.27776	5752	0	30
2018.11.23	16:00:00	1.27776	1.27956	1.27725	1.27945	5094	0	31
2018.11.23	17:00:00	1.27946	1.28024	1.27606	1.27684	5884	0	30
2018.11.23	18:00:00	1.27684	1.27802	1.27647	1.27722	6658	0	30
2018.11.23	19:00:00	1.27722	1.27850	1.27709	1.27774	3617	0	30
2018.11.23	20:00:00	1.27774	1.27799	1.27700	1.27700	1602	0	31
2018.11.23	21:00:00	1.27700	1.27784	1.27642	1.27744	1428	0	27
2018.11.23	22:00:00	1.27740	1.27826	1.27681	1.27784	2512	0	43
2018.11.23	23:00:00	1.27785	1.27851	1.27591	1.27604	1975	0	68
2018.11.26	00:00:00	1.27673	1.28305	1.27673	1.27749	64741	0	105
2018.11.26	01:00:00	1.27749	1.27861	1.27734	1.27761	3216	0	44
2018.11.26	02:00:00	1.27761	1.27838	1.27689	1.27701	1989	0	35
2018.11.26	03:00:00	1.27701	1.27819	1.27698	1.27741	2679	0	32
2018.11.26	04:00:00	1.27743	1.27812	1.27740	1.27786	2213	0	34
2018.11.26	05:00:00	1.27786	1.27873	1.27776	1.27857	2149	0	35
2018.11.26	06:00:00	1.27857	1.27859	1.27752	1.27801	2189	0	33
2018.11.26	07:00:00	1.27801	1.27833	1.27762	1.27813	2251	0	31
2018.11.26	08:00:00	1.27813	1.27838	1.27747	1.27759	2046	0	31
2018.11.26	09:00:00	1.27762	1.27902	1.27709	1.27808	5134	0	32
2018.11.26	10:00:00	1.27805	1.27999	1.27779	1.27873	7870	0	30
2018.11.26	11:00:00	1.27873	1.27938	1.27729	1.27897	6571	0	31
2018.11.26	12:00:00	1.27897	1.28106	1.27885	1.28074	4940	0	30
2018.11.26	13:00:00	1.28074	1.28112	1.28023	1.28097	3838	0	30
2018.11.26	14:00:00	1.28097	1.28183	1.28038	1.28162	3721	0	30
2018.11.26	15:00:00	1.28162	1.28253	1.28056	1.28249	5415	0	30
2018.11.26	16:00:00	1.28249	1.28296	1.28108	1.28277	5016	0	30
2018.11.26	17:00:00	1.28277	1.28303	1.28084	1.28086	5447	0	30
2018.11.26	18:00:00	1.28086	1.28104	1.27863	1.27873	5124	0	30
2018.11.26	19:00:00	1.27873	1.27946	1.27846	1.27941	2794	0	30
2018.11.26	20:00:00	1.27941	1.28031	1.27906	1.27947	2740	0	31
2018.11.26	21:00:00	1.27948	1.28041	1.27926	1.27965	2477	0	30
2018.11.26	22:00:00	1.27968	1.27986	1.27906	1.27941	2215	0	32
2018.11.26	23:00:00	1.27939	1.27960	1.27864	1.27864	1412	0	19
2018.11.27	00:00:00	1.27806	1.27981	1.27077	1.27852	86981	0	52
2018.11.27	01:00:00	1.27848	1.27923	1.27827	1.27892	1790	0	30
2018.11.27	02:00:00	1.27892	1.27904	1.27836	1.27873	1458	0	32
2018.11.27	03:00:00	1.27873	1.27903	1.27834	1.27870	3381	0	35
2018.11.27	04:00:00	1.27870	1.27915	1.27845	1.27907	1856	0	31
2018.11.27	05:00:00	1.27906	1.27973	1.27891	1.27954	1257	0	27
2018.11.27	06:00:00	1.27954	1.27956	1.27838	1.27860	995	0	24
2018.11.27	07:00:00	1.27860	1.27905	1.27810	1.27834	2688	0	31
2018.11.27	08:00:00	1.27834	1.27850	1.27525	1.27617	2960	0	30
2018.11.27	09:00:00	1.27618	1.27652	1.27430	1.27546	9891	0	30
2018.11.27	10:00:00	1.27546	1.27549	1.27311	1.27434	9204	0	30
2018.11.27	11:00:00	1.27434	1.27583	1.27371	1.27486	7325	0	30
2018.11.27	12:00:00	1.27486	1.27575	1.27439	1.27518	7355	0	30
2018.11.27	13:00:00	1.27521	1.27530	1.27319	1.27402	6778	0	31
2018.11.27	14:00:00	1.27401	1.27450	1.27220	1.27297	5700	0	30
2018.11.27	15:00:00	1.27298	1.27546	1.27261	1.27545	7939	0	30
2018.11.27	16:00:00	1.27547	1.27572	1.27263	1.27307	7730	0	30
2018.11.27	17:00:00	1.27314	1.27386	1.27205	1.27248	8594	0	30
2018.11.27	18:00:00	1.27246	1.27402	1.27220	1.27239	6695	0	30
2018.11.27	19:00:00	1.27238	1.27314	1.27198	1.27264	3904	0	30
2018.11.27	20:00:00	1.27262	1.27265	1.27108	1.27157	3726	0	30
2018.11.27	21:00:00	1.27157	1.27177	1.27092	1.27143	2745	0	33
2018.11.27	22:00:00	1.27143	1.27152	1.27101	1.27141	2174	0	33
2018.11.27	23:00:00	1.27143	1.27280	1.27072	1.27251	2259	0	12
2018.11.28	00:00:00	1.27211	1.27909	1.27013	1.27147	79580	0	53
2018.11.28	01:00:00	1.27131	1.27248	1.27131	1.27216	1926	0	37
2018.11.28	02:00:00	1.27216	1.27282	1.27183	1.27253	1709	0	33
2018.11.28	03:00:00	1.27253	1.27269	1.27210	1.27232	1671	0	34
2018.11.28	04:00:00	1.27233	1.27337	1.27228	1.27328	1828	0	30
2018.11.28	05:00:00	1.27328	1.27328	1.27274	1.27308	1422	0	35
2018.11.28	06:00:00	1.27307	1.27339	1.27284	1.27292	824	0	36
2018.11.28	07:00:00	1.27292	1.27381	1.27292	1.27358	1147	0	35
2018.11.28	08:00:00	1.27358	1.27423	1.27356	1.27418	1331	0	30
2018.11.28	09:00:00	1.27418	1.27475	1.27337	1.27426	4389	0	31
2018.11.28	10:00:00	1.27426	1.27508	1.27300	1.27473	6115	0	30
2018.11.28	11:00:00	1.27473	1.27581	1.27418	1.27513	6162	0	30
2018.11.28	12:00:00	1.27513	1.27737	1.27478	1.27711	5565	0	30
2018.11.28	13:00:00	1.27711	1.27902	1.27616	1.27856	5306	0	30
2018.11.28	14:00:00	1.27856	1.27875	1.27724	1.27751	5187	0	30
2018.11.28	15:00:00	1.27751	1.27812	1.27677	1.27723	4853	0	30
2018.11.28	16:00:00	1.27725	1.27755	1.27499	1.27669	6517	0	30
2018.11.28	17:00:00	1.27674	1.27753	1.27471	1.27558	8184	0	30
2018.11.28	18:00:00	1.27557	1.27576	1.27370	1.27558	5846	0	30
2018.11.28	19:00:00	1.27558	1.27591	1.27327	1.27453	12237	0	30
2018.11.28	20:00:00	1.27453	1.27598	1.27429	1.27477	7642	0	30
2018.11.28	21:00:00	1.27478	1.27510	1.27410	1.27436	5013	0	30
2018.11.28	22:00:00	1.27443	1.27479	1.27392	1.27411	3379	0	30
2018.11.28	23:00:00	1.27412	1.27460	1.27386	1.27398	1465	0	24
2018.11.29	00:00:00	1.27382	1.27514	1.26775	1.27391	80543	0	57
2018.11.29	01:00:00	1.27377	1.27469	1.27349	1.27352	1584	0	30
2018.11.29	02:00:00	1.27352	1.27428	1.27338	1.27356	1969	0	20
2018.11.29	03:00:00	1.27356	1.27380	1.27333	1.27367	1983	0	31
2018.11.29	04:00:00	1.27368	1.27422	1.27341	1.27371	3246	0	30
2018.11.29	05:00:00	1.27371	1.27424	1.27364	1.27371	1557	0	18
2018.11.29	06:00:00	1.27371	1.27455	1.27353	1.27389	2016	0	19
2018.11.29	07:00:00	1.27389	1.27443	1.27362	1.27378	1741	0	30
2018.11.29	08:00:00	1.27378	1.27467	1.27337	1.27434	2147	0	30
2018.11.29	09:00:00	1.27433	1.27487	1.27321	1.27375	4589	0	30
2018.11.29	10:00:00	1.27375	1.27378	1.26980	1.27077	7027	0	30
2018.11.29	11:00:00	1.27073	1.27078	1.26765	1.27001	6067	0	30
2018.11.29	12:00:00	1.27001	1.27278	1.26975	1.27149	4683	0	31
2018.11.29	13:00:00	1.27149	1.27158	1.26988	1.27110	5074	0	22
2018.11.29	14:00:00	1.27110	1.27115	1.26976	1.27013	7012	0	30
2018.11.29	15:00:00	1.27013	1.27216	1.26974	1.27149	7432	0	30
2018.11.29	16:00:00	1.27149	1.27364	1.27078	1.27276	6821	0	30
2018.11.29	17:00:00	1.27275	1.27390	1.27163	1.27235	8035	0	30
2018.11.29	18:00:00	1.27235	1.27512	1.27229	1.27442	6670	0	30
2018.11.29	19:00:00	1.27442	1.27462	1.27323	1.27391	2948	0	30
2018.11.29	20:00:00	1.27392	1.27419	1.27321	1.27340	2739	0	30
2018.11.29	21:00:00	1.27340	1.27380	1.27300	1.27345	5159	0	33
2018.11.29	22:00:00	1.27345	1.27368	1.27281	1.27321	3463	0	32
2018.11.29	23:00:00	1.27321	1.27365	1.27290	1.27320	1272	0	30
2018.11.30	00:00:00	1.27176	1.27680	1.26750	1.27273	76200	0	59
2018.11.30	01:00:00	1.27273	1.27336	1.27246	1.27329	1770	0	31
2018.11.30	02:00:00	1.27329	1.27353	1.27286	1.27324	1911	0	33
2018.11.30	03:00:00	1.27324	1.27327	1.27264	1.27310	1615	0	34
2018.11.30	04:00:00	1.27310	1.27327	1.27281	1.27285	1578	0	36
2018.11.30	05:00:00	1.27285	1.27356	1.27282	1.27338	1622	0	30
2018.11.30	06:00:00	1.27338	1.27375	1.27305	1.27366	1258	0	27
2018.11.30	07:00:00	1.27366	1.27434	1.27360	1.27380	1334	0	30
2018.11.30	08:00:00	1.27380	1.27449	1.27368	1.27370	1611	0	25
2018.11.30	09:00:00	1.27370	1.27376	1.27255	1.27285	3089	0	32
2018.11.30	10:00:00	1.27286	1.27507	1.27244	1.27438	5167	0	30
2018.11.30	11:00:00	1.27438	1.27460	1.27098	1.27130	7548	0	30
2018.11.30	12:00:00	1.27123	1.27192	1.26932	1.27138	7151	0	30
2018.11.30	13:00:00	1.27134	1.27301	1.27108	1.27273	6485	0	30
2018.11.30	14:00:00	1.27273	1.27381	1.27249	1.27261	5648	0	30
2018.11.30	15:00:00	1.27261	1.27398	1.27235	1.27292	7224	0	30
2018.11.30	16:00:00	1.27292	1.27403	1.27228	1.27315	7691	0	30
2018.11.30	17:00:00	1.27315	1.27565	1.27272	1.27462	10705	0	30
2018.11.30	18:00:00	1.27461	1.27675	1.27445	1.27531	7484	0	30
2018.11.30	19:00:00	1.27530	1.27544	1.27357	1.27363	4220	0	30
2018.11.30	20:00:00	1.27363	1.27439	1.27257	1.27373	3285	0	30
2018.11.30	21:00:00	1.27373	1.27422	1.27319	1.27370	1662	0	31
2018.11.30	22:00:00	1.27368	1.27429	1.27268	1.27276	2019	0	30
2018.11.30	23:00:00	1.27277	1.27359	1.27260	1.27299	1478	0	20
2018.12.03	00:00:00	1.27399	1.27837	1.26732	1.27269	76036	0	47
2018.12.03	01:00:00	1.27261	1.27333	1.27248	1.27324	1984	0	36
2018.12.03	02:00:00	1.27324	1.27406	1.27278	1.27388	2587	0	31
2018.12.03	03:00:00	1.27388	1.27423	1.27347	1.27384	1317	0	33
2018.12.03	04:00:00	1.27385	1.27457	1.27380	1.27435	2125	0	32
2018.12.03	05:00:00	1.27434	1.27457	1.27393	1.27435	2040	0	22
2018.12.03	06:00:00	1.27431	1.27485	1.27415	1.27428	1935	0	33
2018.12.03	07:00:00	1.27428	1.27469	1.27398	1.27464	2296	0	23
2018.12.03	08:00:00	1.27464	1.27503	1.27434	1.27501	2217	0	33
2018.12.03	09:00:00	1.27503	1.27800	1.27456	1.27743	5013	0	30
2018.12.03	10:00:00	1.27743	1.27833	1.27495	1.27673	5601	0	30
2018.12.03	11:00:00	1.27672	1.27722	1.27413	1.27462	5658	0	30
2018.12.03	12:00:00	1.27462	1.27483	1.26929	1.27048	6192	0	30
2018.12.03	13:00:00	1.27048	1.27120	1.26979	1.27077	4784	0	30
2018.12.03	14:00:00	1.27077	1.27080	1.26905	1.27010	5110	0	30
2018.12.03	15:00:00	1.27010	1.27061	1.26755	1.26765	6880	0	30
2018.12.03	16:00:00	1.26765	1.26949	1.26725	1.26900	5626	0	30
2018.12.03	17:00:00	1.26939	1.27135	1.26781	1.27130	9501	0	30
2018.12.03	18:00:00	1.27127	1.27182	1.27023	1.27073	6725	0	30
2018.12.03	19:00:00	1.27073	1.27219	1.27065	1.27155	4172	0	30
2018.12.03	20:00:00	1.27155	1.27163	1.26997	1.27003	4418	0	30
2018.12.03	21:00:00	1.26998	1.27113	1.26996	1.27108	3764	0	30
2018.12.03	22:00:00	1.27112	1.27112	1.27034	1.27067	2794	0	30
2018.12.03	23:00:00	1.27071	1.27071	1.26913	1.26913	1730	0	23
2018.12.04	00:00:00	1.26890	1.27562	1.26457	1.26960	92582	0	55
2018.12.04	01:00:00	1.26960	1.26996	1.26946	1.26969	1951	0	37
2018.12.04	02:00:00	1.26969	1.26991	1.26912	1.26926	2238	0	31
2018.12.04	03:00:00	1.26925	1.26959	1.26903	1.26944	3627	0	31
2018.12.04	04:00:00	1.26944	1.26958	1.26915	1.26942	1527	0	34
2018.12.04	05:00:00	1.26942	1.26978	1.26920	1.26938	1055	0	31
2018.12.04	06:00:00	1.26938	1.26990	1.26909	1.26939	2345	0	31
2018.12.04	07:00:00	1.26939	1.26954	1.26893	1.26902	3279	0	30
2018.12.04	08:00:00	1.26902	1.26991	1.26801	1.26893	3628	0	30
2018.12.04	09:00:00	1.26893	1.26919	1.26765	1.26848	5169	0	30
2018.12.04	10:00:00	1.26848	1.27321	1.26711	1.27282	7824	0	30
2018.12.04	11:00:00	1.27286	1.27560	1.27173	1.27234	8094	0	30
2018.12.04	12:00:00	1.27234	1.27536	1.27201	1.27428	5550	0	30
2018.12.04	13:00:00	1.27426	1.27529	1.27385	1.27464	5398	0	30
2018.12.04	14:00:00	1.27463	1.27502	1.27301	1.27399	6465	0	30
2018.12.04	15:00:00	1.27399	1.27471	1.27208	1.27267	7324	0	30
2018.12.04	16:00:00	1.27267	1.27274	1.26814	1.26943	9356	0	30
2018.12.04	17:00:00	1.26946	1.27054	1.26753	1.26900	8034	0	30
2018.12.04	18:00:00	1.26903	1.27084	1.26793	1.26856	9051	0	30
2018.12.04	19:00:00	1.26855	1.26970	1.26448	1.26883	10198	0	30
2018.12.04	20:00:00	1.26882	1.27012	1.26811	1.26944	5586	0	30
2018.12.04	21:00:00	1.26944	1.26945	1.26794	1.26820	3626	0	30
2018.12.04	22:00:00	1.26820	1.26857	1.26763	1.26838	2829	0	32
2018.12.04	23:00:00	1.26841	1.26870	1.26698	1.26701	1389	0	31
2018.12.05	00:00:00	1.26763	1.27614	1.26627	1.26791	69956	0	62
2018.12.05	01:00:00	1.26791	1.26853	1.26773	1.26843	1444	0	31
2018.12.05	02:00:00	1.26843	1.26888	1.26798	1.26885	2536	0	33
2018.12.05	03:00:00	1.26885	1.26942	1.26870	1.26894	1886	0	31
2018.12.05	04:00:00	1.26894	1.26947	1.26867	1.26896	1823	0	31
2018.12.05	05:00:00	1.26896	1.26964	1.26714	1.26922	2201	0	32
2018.12.05	06:00:00	1.26922	1.26935	1.26824	1.26838	1920	0	31
2018.12.05	07:00:00	1.26838	1.26888	1.26785	1.26805	1815	0	32
2018.12.05	08:00:00	1.26804	1.26925	1.26748	1.26897	3098	0	30
2018.12.05	09:00:00	1.26897	1.27020	1.26742	1.26977	3396	0	31
2018.12.05	10:00:00	1.26976	1.27289	1.26936	1.27148	5755	0	30
2018.12.05	11:00:00	1.27151	1.27284	1.26921	1.27017	5121	0	30
2018.12.05	12:00:00	1.27015	1.27392	1.26994	1.27392	3105	0	30
2018.12.05	13:00:00	1.27390	1.27610	1.27322	1.27424	7618	0	30
2018.12.05	14:00:00	1.27424	1.27530	1.27280	1.27412	4619	0	30
2018.12.05	15:00:00	1.27412	1.27486	1.27222	1.27292	5066	0	30
2018.12.05	16:00:00	1.27292	1.27303	1.27029	1.27102	6652	0	30
2018.12.05	17:00:00	1.27102	1.27228	1.27043	1.27150	6562	0	30
2018.12.05	18:00:00	1.27152	1.27230	1.27085	1.27154	5505	0	30
2018.12.05	19:00:00	1.27155	1.27240	1.27078	1.27164	2888	0	30
2018.12.05	20:00:00	1.27164	1.27252	1.27119	1.27164	2775	0	30
2018.12.05	21:00:00	1.27167	1.27200	1.27048	1.27053	1994	0	32
2018.12.05	22:00:00	1.27053	1.27114	1.26976	1.26995	2341	0	30
2018.12.05	23:00:00	1.26993	1.27050	1.26986	1.27031	657	0	20
2018.12.06	00:00:00	1.27001	1.27191	1.26495	1.26943	85962	0	50
2018.12.06	01:00:00	1.26958	1.27002	1.26848	1.26849	3302	0	39
2018.12.06	02:00:00	1.26849	1.26921	1.26788	1.26824	2507	0	30
2018.12.06	03:00:00	1.26824	1.26835	1.26762	1.26801	2032	0	32
2018.12.06	04:00:00	1.26801	1.26844	1.26758	1.26790	1748	0	30
2018.12.06	05:00:00	1.26790	1.26800	1.26711	1.26788	1425	0	30
2018.12.06	06:00:00	1.26788	1.26812	1.26730	1.26760	1751	0	31
2018.12.06	07:00:00	1.26760	1.26777	1.26558	1.26639	1942	0	30
2018.12.06	08:00:00	1.26640	1.26798	1.26613	1.26792	2689	0	33
2018.12.06	09:00:00	1.26790	1.26894	1.26719	1.26866	4947	0	30
2018.12.06	10:00:00	1.26862	1.27094	1.26816	1.27018	7348	0	30
2018.12.06	11:00:00	1.27018	1.27119	1.26861	1.27020	6612	0	30
2018.12.06	12:00:00	1.27017	1.27148	1.26982	1.27060	6560	0	30
2018.12.06	13:00:00	1.27060	1.27156	1.27025	1.27109	4418	0	30
2018.12.06	14:00:00	1.27109	1.27191	1.26972	1.27127	6623	0	30
2018.12.06	15:00:00	1.27127	1.27153	1.26884	1.26891	7917	0	30
2018.12.06	16:00:00	1.26891	1.26961	1.26601	1.26601	11056	0	30
2018.12.06	17:00:00	1.26602	1.26794	1.26489	1.26790	10905	0	30
2018.12.06	18:00:00	1.26784	1.26883	1.26633	1.26822	9754	0	30
2018.12.06	19:00:00	1.26821	1.27129	1.26725	1.26957	5568	0	30
2018.12.06	20:00:00	1.26955	1.26959	1.26852	1.26876	3954	0	30
2018.12.06	21:00:00	1.26876	1.26903	1.26824	1.26862	3480	0	31
2018.12.06	22:00:00	1.26863	1.27000	1.26835	1.26990	2862	0	31
2018.12.06	23:00:00	1.26988	1.27000	1.26861	1.26865	1264	0	30
2018.12.07	00:00:00	1.26859	1.26954	1.25844	1.26809	74887	0	49
2018.12.07	01:00:00	1.26809	1.26940	1.26795	1.26917	2069	0	31
2018.12.07	02:00:00	1.26917	1.26926	1.26810	1.26878	3143	0	30
2018.12.07	03:00:00	1.26882	1.26883	1.26757	1.26774	1658	0	32
2018.12.07	04:00:00	1.26774	1.26826	1.26743	1.26765	1524	0	27
2018.12.07	05:00:00	1.26765	1.26791	1.26686	1.26723	1444	0	26
2018.12.07	06:00:00	1.26723	1.26797	1.26704	1.26794	1862	0	32
2018.12.07	07:00:00	1.26794	1.26806	1.26692	1.26703	1364	0	32
2018.12.07	08:00:00	1.26703	1.26781	1.26689	1.26749	2194	0	31
2018.12.07	09:00:00	1.26749	1.26833	1.26681	1.26711	3793	0	31
2018.12.07	10:00:00	1.26710	1.26798	1.26528	1.26555	6141	0	30
2018.12.07	11:00:00	1.26555	1.26832	1.26413	1.26782	4124	0	30
2018.12.07	12:00:00	1.26780	1.26955	1.26672	1.26748	3358	0	30
2018.12.07	13:00:00	1.26749	1.26805	1.26690	1.26731	4391	0	30
2018.12.07	14:00:00	1.26732	1.26893	1.26725	1.26817	5691	0	30
2018.12.07	15:00:00	1.26817	1.26876	1.26604	1.26760	11713	0	30
2018.12.07	16:00:00	1.26760	1.26796	1.26447	1.26586	9161	0	30
2018.12.07	17:00:00	1.26586	1.26614	1.26311	1.26537	8416	0	30
2018.12.07	18:00:00	1.26540	1.26552	1.26297	1.26362	6765	0	30
2018.12.07	19:00:00	1.26364	1.26408	1.26093	1.26228	5083	0	30
2018.12.07	20:00:00	1.26228	1.26241	1.26014	1.26031	3966	0	30
2018.12.07	21:00:00	1.26030	1.26158	1.25930	1.26122	3925	0	30
2018.12.07	22:00:00	1.26122	1.26194	1.26053	1.26057	2892	0	32
2018.12.07	23:00:00	1.26057	1.26136	1.25975	1.25992	1515	0	32
2018.12.10	00:00:00	1.25788	1.26096	1.23784	1.25844	88020	0	58
2018.12.10	01:00:00	1.25839	1.25928	1.25762	1.25884	3047	0	34
2018.12.10	02:00:00	1.25884	1.25984	1.25841	1.25963	3511	0	30
2018.12.10	03:00:00	1.25962	1.25988	1.25863	1.25912	3341	0	32
2018.12.10	04:00:00	1.25912	1.25930	1.25858	1.25899	2346	0	31
2018.12.10	05:00:00	1.25899	1.25938	1.25875	1.25928	1522	0	32
2018.12.10	06:00:00	1.25928	1.25964	1.25866	1.25960	1418	0	32
2018.12.10	07:00:00	1.25962	1.25977	1.25910	1.25933	1716	0	31
2018.12.10	08:00:00	1.25931	1.25962	1.25829	1.25851	2604	0	31
2018.12.10	09:00:00	1.25851	1.25874	1.25761	1.25781	4752	0	31
2018.12.10	10:00:00	1.25784	1.26091	1.25712	1.25886	6049	0	30
2018.12.10	11:00:00	1.25886	1.26014	1.25814	1.25917	4212	0	30
2018.12.10	12:00:00	1.25917	1.25921	1.25622	1.25822	4296	0	30
2018.12.10	13:00:00	1.25821	1.25830	1.25093	1.25177	9502	0	30
2018.12.10	14:00:00	1.25177	1.25346	1.24925	1.25115	8475	0	30
2018.12.10	15:00:00	1.25115	1.25184	1.24777	1.24867	8138	0	30
2018.12.10	16:00:00	1.24867	1.25034	1.24819	1.24962	7237	0	30
2018.12.10	17:00:00	1.24961	1.25042	1.23830	1.23980	11345	0	30
2018.12.10	18:00:00	1.23981	1.24328	1.23775	1.24249	12722	0	30
2018.12.10	19:00:00	1.24249	1.24417	1.24220	1.24367	6694	0	30
2018.12.10	20:00:00	1.24367	1.24426	1.24217	1.24273	4014	0	30
2018.12.10	21:00:00	1.24273	1.24319	1.24191	1.24263	3009	0	30
2018.12.10	22:00:00	1.24263	1.24336	1.24241	1.24296	2487	0	30
2018.12.10	23:00:00	1.24296	1.24414	1.24285	1.24380	1297	0	26
2018.12.11	00:00:00	1.24319	1.24821	1.23925	1.24369	87110	0	60
2018.12.11	01:00:00	1.24365	1.24384	1.24255	1.24277	2324	0	30
2018.12.11	02:00:00	1.24280	1.24311	1.24208	1.24287	2002	0	30
2018.12.11	03:00:00	1.24287	1.24352	1.24253	1.24294	2111	0	35
2018.12.11	04:00:00	1.24293	1.24383	1.24279	1.24342	1797	0	31
2018.12.11	05:00:00	1.24342	1.24365	1.24282	1.24335	2100	0	30
2018.12.11	06:00:00	1.24335	1.24416	1.24335	1.24383	2002	0	32
2018.12.11	07:00:00	1.24383	1.24386	1.24280	1.24285	1411	0	31
2018.12.11	08:00:00	1.24285	1.24355	1.24259	1.24300	1763	0	31
2018.12.11	09:00:00	1.24301	1.24389	1.24252	1.24354	3260	0	31
2018.12.11	10:00:00	1.24354	1.24593	1.24335	1.24494	6365	0	30
2018.12.11	11:00:00	1.24494	1.24696	1.24380	1.24493	4791	0	30
2018.12.11	12:00:00	1.24492	1.24706	1.24480	1.24497	5878	0	30
2018.12.11	13:00:00	1.24497	1.24761	1.24424	1.24446	5397	0	30
2018.12.11	14:00:00	1.24446	1.24728	1.24423	1.24662	6209	0	30
2018.12.11	15:00:00	1.24661	1.24816	1.24555	1.24747	7603	0	30
2018.12.11	16:00:00	1.24745	1.24790	1.24473	1.24475	8910	0	30
2018.12.11	17:00:00	1.24476	1.24604	1.24189	1.24246	11114	0	30
2018.12.11	18:00:00	1.24252	1.24452	1.24010	1.24342	11506	0	30
2018.12.11	19:00:00	1.24342	1.24476	1.24243	1.24293	6091	0	30
2018.12.11	20:00:00	1.24293	1.24367	1.24212	1.24359	3744	0	30
2018.12.11	21:00:00	1.24359	1.24495	1.24334	1.24357	4221	0	31
2018.12.11	22:00:00	1.24357	1.24408	1.23955	1.24043	5369	0	30
2018.12.11	23:00:00	1.24043	1.24112	1.23920	1.24013	2145	0	30
2018.12.12	00:00:00	1.23963	1.25810	1.23931	1.24024	94616	0	40
2018.12.12	01:00:00	1.24024	1.24096	1.23989	1.24052	4000	0	35
2018.12.12	02:00:00	1.24052	1.24142	1.24034	1.24074	3210	0	30
2018.12.12	03:00:00	1.24074	1.24117	1.24057	1.24112	2104	0	30
2018.12.12	04:00:00	1.24111	1.24155	1.24084	1.24133	1580	0	30
2018.12.12	05:00:00	1.24134	1.24173	1.24102	1.24147	1895	0	34
2018.12.12	06:00:00	1.24147	1.24191	1.24113	1.24146	1790	0	35
2018.12.12	07:00:00	1.24146	1.24177	1.24117	1.24149	2062	0	33
2018.12.12	08:00:00	1.24151	1.24230	1.24031	1.24226	2016	0	30
2018.12.12	09:00:00	1.24225	1.24296	1.23968	1.24212	5854	0	30
2018.12.12	10:00:00	1.24213	1.24601	1.23987	1.24364	9389	0	30
2018.12.12	11:00:00	1.24364	1.24548	1.24350	1.24496	5191	0	30
2018.12.12	12:00:00	1.24496	1.24688	1.24358	1.24616	4524	0	30
2018.12.12	13:00:00	1.24613	1.24916	1.24589	1.24840	4870	0	30
2018.12.12	14:00:00	1.24844	1.25302	1.24823	1.25217	10756	0	30
2018.12.12	15:00:00	1.25220	1.25481	1.25009	1.25462	10528	0	30
2018.12.12	16:00:00	1.25462	1.25586	1.25341	1.25353	11697	0	30
2018.12.12	17:00:00	1.25353	1.25689	1.25242	1.25643	11816	0	30
2018.12.12	18:00:00	1.25644	1.25651	1.25505	1.25535	7435	0	30
2018.12.12	19:00:00	1.25535	1.25610	1.25377	1.25460	5801	0	30
2018.12.12	20:00:00	1.25460	1.25545	1.25332	1.25351	3821	0	30
2018.12.12	21:00:00	1.25351	1.25457	1.25266	1.25429	4173	0	30
2018.12.12	22:00:00	1.25429	1.25800	1.25359	1.25773	3800	0	30
2018.12.12	23:00:00	1.25774	1.25774	1.25061	1.25431	4534	0	30
2018.12.13	00:00:00	1.25418	1.25900	1.25041	1.25387	80355	0	50
2018.12.13	01:00:00	1.25413	1.25486	1.25304	1.25309	2421	0	32
2018.12.13	02:00:00	1.25309	1.25400	1.25306	1.25307	2772	0	32
2018.12.13	03:00:00	1.25307	1.25394	1.25299	1.25363	2203	0	33
2018.12.13	04:00:00	1.25363	1.25457	1.25363	1.25429	1596	0	33
2018.12.13	05:00:00	1.25429	1.25451	1.25367	1.25396	1466	0	33
2018.12.13	06:00:00	1.25396	1.25398	1.25317	1.25336	1749	0	30
2018.12.13	07:00:00	1.25337	1.25425	1.25329	1.25378	1427	0	32
2018.12.13	08:00:00	1.25378	1.25452	1.25302	1.25374	2596	0	32
2018.12.13	09:00:00	1.25375	1.25626	1.25345	1.25542	3853	0	30
2018.12.13	10:00:00	1.25543	1.25835	1.25428	1.25727	5919	0	30
2018.12.13	11:00:00	1.25727	1.25777	1.25552	1.25615	4815	0	30
2018.12.13	12:00:00	1.25616	1.25659	1.25453	1.25577	4143	0	31
2018.12.13	13:00:00	1.25577	1.25580	1.25418	1.25482	2766	0	30
2018.12.13	14:00:00	1.25482	1.25701	1.25447	1.25630	4264	0	30
2018.12.13	15:00:00	1.25628	1.25906	1.25583	1.25800	8971	0	30
2018.12.13	16:00:00	1.25800	1.25864	1.25458	1.25503	9206	0	30
2018.12.13	17:00:00	1.25504	1.25783	1.25323	1.25346	7582	0	30
2018.12.13	18:00:00	1.25350	1.25618	1.25313	1.25542	7692	0	30
2018.12.13	19:00:00	1.25542	1.25560	1.25415	1.25511	5050	0	31
2018.12.13	20:00:00	1.25511	1.25735	1.25481	1.25699	4012	0	30
2018.12.13	21:00:00	1.25699	1.25778	1.25666	1.25751	3389	0	30
2018.12.13	22:00:00	1.25751	1.25851	1.25727	1.25839	2799	0	32
2018.12.13	23:00:00	1.25839	1.25858	1.25723	1.25723	1471	0	31
2018.12.14	00:00:00	1.25717	1.25852	1.24994	1.25695	81054	0	55
2018.12.14	01:00:00	1.25695	1.25824	1.25677	1.25723	1974	0	36
2018.12.14	02:00:00	1.25721	1.25723	1.25525	1.25593	2483	0	30
2018.12.14	03:00:00	1.25593	1.25603	1.25498	1.25522	2820	0	33
2018.12.14	04:00:00	1.25522	1.25540	1.25455	1.25514	2069	0	30
2018.12.14	05:00:00	1.25514	1.25553	1.25485	1.25512	1420	0	34
2018.12.14	06:00:00	1.25512	1.25556	1.25481	1.25533	1325	0	33
2018.12.14	07:00:00	1.25535	1.25573	1.25520	1.25553	1576	0	32
2018.12.14	08:00:00	1.25555	1.25573	1.25345	1.25429	2397	0	30
2018.12.14	09:00:00	1.25429	1.25537	1.25378	1.25499	3214	0	30
2018.12.14	10:00:00	1.25500	1.25531	1.25171	1.25188	7945	0	30
2018.12.14	11:00:00	1.25183	1.25541	1.25150	1.25471	5539	0	22
2018.12.14	12:00:00	1.25470	1.25605	1.25402	1.25413	4698	0	28
2018.12.14	13:00:00	1.25414	1.25424	1.25225	1.25244	4745	0	25
2018.12.14	14:00:00	1.25245	1.25371	1.25214	1.25344	4565	0	27
2018.12.14	15:00:00	1.25343	1.25348	1.24982	1.25082	6655	0	30
2018.12.14	16:00:00	1.25082	1.25271	1.25057	1.25165	6217	0	30
2018.12.14	17:00:00	1.25164	1.25274	1.25112	1.25152	6593	0	30
2018.12.14	18:00:00	1.25151	1.25303	1.25095	1.25301	5716	0	30
2018.12.14	19:00:00	1.25301	1.25362	1.25261	1.25267	2996	0	31
2018.12.14	20:00:00	1.25267	1.25489	1.25257	1.25466	2498	0	30
2018.12.14	21:00:00	1.25466	1.25519	1.25429	1.25498	2547	0	30
2018.12.14	22:00:00	1.25498	1.25594	1.25488	1.25537	2015	0	31
2018.12.14	23:00:00	1.25531	1.25655	1.25505	1.25604	1775	0	32
2018.12.17	00:00:00	1.24988	1.25672	1.24797	1.25475	81646	0	63
2018.12.17	01:00:00	1.25475	1.25601	1.25428	1.25522	13881	0	40
2018.12.17	02:00:00	1.25523	1.25546	1.25454	1.25511	4891	0	31
2018.12.17	03:00:00	1.25511	1.25555	1.25444	1.25461	2328	0	37
2018.12.17	04:00:00	1.25462	1.25543	1.25456	1.25513	1439	0	32
2018.12.17	05:00:00	1.25513	1.25521	1.25473	1.25494	1126	0	34
2018.12.17	06:00:00	1.25498	1.25556	1.25492	1.25534	1141	0	33
2018.12.17	07:00:00	1.25534	1.25566	1.25522	1.25552	1688	0	33
2018.12.17	08:00:00	1.25552	1.25552	1.25458	1.25504	1969	0	31
2018.12.17	09:00:00	1.25502	1.25614	1.25451	1.25511	3431	0	30
2018.12.17	10:00:00	1.25511	1.25627	1.25500	1.25609	6589	0	30
2018.12.17	11:00:00	1.25609	1.25614	1.25460	1.25470	4914	0	30
2018.12.17	12:00:00	1.25475	1.25594	1.25454	1.25479	5201	0	30
2018.12.17	13:00:00	1.25479	1.25670	1.25467	1.25581	5065	0	30
2018.12.17	14:00:00	1.25581	1.25639	1.25247	1.25248	6548	0	30
2018.12.17	15:00:00	1.25248	1.25317	1.25102	1.25158	7381	0	30
2018.12.17	16:00:00	1.25162	1.25276	1.25004	1.25140	7645	0	30
2018.12.17	17:00:00	1.25141	1.25410	1.25090	1.25363	6652	0	30
2018.12.17	18:00:00	1.25368	1.25372	1.25107	1.25192	5840	0	30
2018.12.17	19:00:00	1.25193	1.25283	1.25115	1.25182	3608	0	30
2018.12.17	20:00:00	1.25182	1.25321	1.25162	1.25310	2834	0	30
2018.12.17	21:00:00	1.25310	1.25376	1.25211	1.25336	2533	0	30
2018.12.17	22:00:00	1.25335	1.25352	1.25171	1.25194	3247	0	31
2018.12.17	23:00:00	1.25194	1.25304	1.25194	1.25266	1479	0	14
2018.12.18	00:00:00	1.25202	1.25864	1.25114	1.25253	66709	0	44
2018.12.18	01:00:00	1.25253	1.25268	1.25172	1.25204	2157	0	31
2018.12.18	02:00:00	1.25205	1.25238	1.25162	1.25237	2124	0	33
2018.12.18	03:00:00	1.25237	1.25278	1.25212	1.25277	2013	0	31
2018.12.18	04:00:00	1.25277	1.25318	1.25236	1.25271	1608	0	31
2018.12.18	05:00:00	1.25271	1.25333	1.25224	1.25286	2249	0	33
2018.12.18	06:00:00	1.25286	1.25336	1.25267	1.25285	1175	0	29
2018.12.18	07:00:00	1.25286	1.25371	1.25270	1.25331	2170	0	33
2018.12.18	08:00:00	1.25335	1.25419	1.25330	1.25394	2272	0	34
2018.12.18	09:00:00	1.25394	1.25522	1.25277	1.25478	4038	0	30
2018.12.18	10:00:00	1.25476	1.25551	1.25365	1.25400	8372	0	30
2018.12.18	11:00:00	1.25393	1.25476	1.25247	1.25426	7101	0	30
2018.12.18	12:00:00	1.25424	1.25462	1.25259	1.25346	6446	0	30
2018.12.18	13:00:00	1.25344	1.25827	1.25327	1.25763	8029	0	30
2018.12.18	14:00:00	1.25765	1.25857	1.25681	1.25794	4489	0	30
2018.12.18	15:00:00	1.25796	1.25823	1.25498	1.25502	6860	0	30
2018.12.18	16:00:00	1.25502	1.25572	1.25368	1.25469	7733	0	30
2018.12.18	17:00:00	1.25468	1.25671	1.25361	1.25385	7026	0	30
2018.12.18	18:00:00	1.25389	1.25631	1.25362	1.25514	5578	0	30
2018.12.18	19:00:00	1.25512	1.25620	1.25422	1.25462	5568	0	30
2018.12.18	20:00:00	1.25462	1.25471	1.25345	1.25410	4983	0	31
2018.12.18	21:00:00	1.25410	1.25543	1.25403	1.25444	4604	0	30
2018.12.18	22:00:00	1.25445	1.25496	1.25396	1.25420	3933	0	30
2018.12.18	23:00:00	1.25420	1.25544	1.25407	1.25430	1635	0	24
2018.12.19	00:00:00	1.25332	1.25765	1.25210	1.25458	85627	0	31
2018.12.19	01:00:00	1.25458	1.25586	1.25456	1.25576	1861	0	35
2018.12.19	02:00:00	1.25576	1.25650	1.25527	1.25594	3055	0	31
2018.12.19	03:00:00	1.25595	1.25676	1.25580	1.25636	2006	0	34
2018.12.19	04:00:00	1.25636	1.25660	1.25590	1.25652	1922	0	30
2018.12.19	05:00:00	1.25654	1.25713	1.25648	1.25705	1440	0	36
2018.12.19	06:00:00	1.25705	1.25724	1.25548	1.25595	1863	0	30
2018.12.19	07:00:00	1.25595	1.25612	1.25555	1.25602	1623	0	33
2018.12.19	08:00:00	1.25602	1.25621	1.25548	1.25605	1733	0	31
2018.12.19	09:00:00	1.25603	1.25732	1.25540	1.25666	4919	0	31
2018.12.19	10:00:00	1.25665	1.25695	1.25439	1.25453	6590	0	30
2018.12.19	11:00:00	1.25453	1.25723	1.25340	1.25656	5814	0	30
2018.12.19	12:00:00	1.25655	1.25682	1.25502	1.25574	6141	0	30
2018.12.19	13:00:00	1.25575	1.25724	1.25502	1.25692	6242	0	30
2018.12.19	14:00:00	1.25696	1.25762	1.25400	1.25400	4956	0	30
2018.12.19	15:00:00	1.25403	1.25458	1.25201	1.25306	5685	0	30
2018.12.19	16:00:00	1.25305	1.25620	1.25296	1.25571	7209	0	30
2018.12.19	17:00:00	1.25571	1.25590	1.25427	1.25507	7819	0	30
2018.12.19	18:00:00	1.25506	1.25653	1.25398	1.25630	6372	0	30
2018.12.19	19:00:00	1.25630	1.25662	1.25442	1.25497	5250	0	30
2018.12.19	20:00:00	1.25496	1.25514	1.25365	1.25365	4192	0	30
2018.12.19	21:00:00	1.25365	1.25548	1.25360	1.25484	13011	0	32
2018.12.19	22:00:00	1.25487	1.25580	1.25389	1.25527	9247	0	33
2018.12.19	23:00:00	1.25527	1.25569	1.25388	1.25399	2903	0	31
2018.12.20	00:00:00	1.25371	1.25768	1.24849	1.25378	94933	0	63
2018.12.20	01:00:00	1.25382	1.25604	1.25358	1.25468	4982	0	32
2018.12.20	02:00:00	1.25471	1.25566	1.25448	1.25534	2110	0	34
2018.12.20	03:00:00	1.25534	1.25574	1.25489	1.25537	1561	0	32
2018.12.20	04:00:00	1.25537	1.25600	1.25519	1.25546	1124	0	35
2018.12.20	05:00:00	1.25546	1.25551	1.25502	1.25542	1557	0	30
2018.12.20	06:00:00	1.25542	1.25692	1.25518	1.25631	1741	0	30
2018.12.20	07:00:00	1.25631	1.25690	1.25595	1.25607	2247	0	30
2018.12.20	08:00:00	1.25608	1.25649	1.25515	1.25633	3567	0	31
2018.12.20	09:00:00	1.25633	1.25760	1.25475	1.25479	6240	0	30
2018.12.20	10:00:00	1.25478	1.25611	1.25452	1.25519	8316	0	30
2018.12.20	11:00:00	1.25519	1.25569	1.25223	1.25262	10178	0	30
2018.12.20	12:00:00	1.25262	1.25372	1.25232	1.25254	8360	0	30
2018.12.20	13:00:00	1.25254	1.25448	1.25231	1.25282	8010	0	30
2018.12.20	14:00:00	1.25280	1.25448	1.25248	1.25303	8097	0	30
2018.12.20	15:00:00	1.25300	1.25469	1.25298	1.25431	8349	0	30
2018.12.20	16:00:00	1.25431	1.25442	1.25306	1.25362	8511	0	30
2018.12.20	17:00:00	1.25362	1.25515	1.25318	1.25494	9990	0	30
2018.12.20	18:00:00	1.25494	1.25646	1.25421	1.25442	8470	0	30
2018.12.20	19:00:00	1.25442	1.25506	1.25269	1.25376	7257	0	30
2018.12.20	20:00:00	1.25376	1.25422	1.24997	1.25010	5467	0	30
2018.12.20	21:00:00	1.25010	1.25110	1.24841	1.25049	6087	0	31
2018.12.20	22:00:00	1.25049	1.25049	1.24931	1.24975	4778	0	30
2018.12.20	23:00:00	1.24975	1.25082	1.24964	1.24994	1914	0	22
2018.12.21	00:00:00	1.24951	1.25809	1.24798	1.24936	89409	0	48
2018.12.21	01:00:00	1.24915	1.25037	1.24913	1.25021	3628	0	50
2018.12.21	02:00:00	1.25022	1.25048	1.24942	1.24971	4630	0	34
2018.12.21	03:00:00	1.24971	1.25013	1.24936	1.24949	2304	0	36
2018.12.21	04:00:00	1.24949	1.24954	1.24864	1.24915	1655	0	30
2018.12.21	05:00:00	1.24915	1.24932	1.24888	1.24890	1024	0	36
2018.12.21	06:00:00	1.24890	1.24899	1.24826	1.24888	2123	0	37
2018.12.21	07:00:00	1.24888	1.24930	1.24862	1.24869	2533	0	34
2018.12.21	08:00:00	1.24871	1.25048	1.24868	1.25046	1829	0	33
2018.12.21	09:00:00	1.25044	1.25123	1.24976	1.25060	4081	0	31
2018.12.21	10:00:00	1.25062	1.25265	1.25044	1.25063	7334	0	30
2018.12.21	11:00:00	1.25063	1.25439	1.25025	1.25332	7274	0	31
2018.12.21	12:00:00	1.25335	1.25469	1.25219	1.25419	6367	0	30
2018.12.21	13:00:00	1.25421	1.25484	1.25259	1.25380	5382	0	30
2018.12.21	14:00:00	1.25380	1.25537	1.25369	1.25423	6183	0	30
2018.12.21	15:00:00	1.25422	1.25552	1.25345	1.25490	6484	0	31
2018.12.21	16:00:00	1.25489	1.25538	1.25211	1.25319	7723	0	30
2018.12.21	17:00:00	1.25319	1.25815	1.25314	1.25574	13567	0	30
2018.12.21	18:00:00	1.25572	1.25805	1.25379	1.25703	10857	0	30
2018.12.21	19:00:00	1.25703	1.25706	1.25454	1.25467	5263	0	31
2018.12.21	20:00:00	1.25467	1.25615	1.25357	1.25529	4301	0	31
2018.12.21	21:00:00	1.25529	1.25739	1.25483	1.25696	3192	0	31
2018.12.21	22:00:00	1.25693	1.25729	1.25570	1.25619	3228	0	31
2018.12.21	23:00:00	1.25619	1.25784	1.25573	1.25752	1527	0	29
2018.12.24	00:00:00	1.25682	1.26026	1.24722	1.25651	69905	0	100
2018.12.24	01:00:00	1.25651	1.25709	1.25603	1.25699	2047	0	34
2018.12.24	02:00:00	1.25704	1.25727	1.25670	1.25672	2008	0	31
2018.12.24	03:00:00	1.25672	1.25810	1.25672	1.25755	1703	0	30
2018.12.24	04:00:00	1.25755	1.25942	1.25745	1.25925	1073	0	32
2018.12.24	05:00:00	1.25925	1.25940	1.25799	1.25848	811	0	33
2018.12.24	06:00:00	1.25848	1.25887	1.25818	1.25880	779	0	30
2018.12.24	07:00:00	1.25880	1.25886	1.25763	1.25814	658	0	29
2018.12.24	08:00:00	1.25812	1.25861	1.25781	1.25855	773	0	30
2018.12.24	09:00:00	1.25856	1.26013	1.25841	1.25941	2198	0	30
2018.12.24	10:00:00	1.25941	1.26017	1.25715	1.25891	5198	0	30
2018.12.24	11:00:00	1.25893	1.25970	1.25824	1.25839	3584	0	32
2018.12.24	12:00:00	1.25839	1.25923	1.25596	1.25762	3063	0	30
2018.12.24	13:00:00	1.25761	1.25782	1.25489	1.25507	3390	0	31
2018.12.24	14:00:00	1.25507	1.25576	1.25393	1.25547	4067	0	30
2018.12.24	15:00:00	1.25547	1.25729	1.25457	1.25596	6036	0	30
2018.12.24	16:00:00	1.25596	1.25900	1.25471	1.25479	7970	0	31
2018.12.24	17:00:00	1.25477	1.25884	1.25472	1.25790	10009	0	30
2018.12.24	18:00:00	1.25790	1.25873	1.25623	1.25834	6415	0	30
2018.12.24	19:00:00	1.25834	1.25838	1.25566	1.25647	2687	0	34
2018.12.24	20:00:00	1.25647	1.25731	1.25245	1.25259	1931	0	38
2018.12.26	00:00:00	1.24743	1.25920	1.24742	1.25750	55282	0	150
2018.12.26	06:00:00	1.25263	1.25285	1.25233	1.25235	842	0	31
2018.12.26	07:00:00	1.25235	1.25290	1.25219	1.25265	1109	0	33
2018.12.26	08:00:00	1.25266	1.25376	1.25216	1.25341	1136	0	31
2018.12.26	09:00:00	1.25342	1.25385	1.25306	1.25362	1240	0	30
2018.12.26	10:00:00	1.25362	1.25499	1.25309	1.25483	2177	0	36
2018.12.26	11:00:00	1.25483	1.25572	1.25463	1.25527	1218	0	37
2018.12.26	12:00:00	1.25527	1.25534	1.25435	1.25440	823	0	33
2018.12.26	13:00:00	1.25440	1.25688	1.25434	1.25688	1406	0	42
2018.12.26	14:00:00	1.25688	1.25694	1.25539	1.25567	1473	0	30
2018.12.26	15:00:00	1.25567	1.25738	1.25489	1.25724	2507	0	32
2018.12.26	16:00:00	1.25724	1.25915	1.25638	1.25784	4137	0	31
2018.12.26	17:00:00	1.25784	1.25820	1.25354	1.25394	3584	0	30
2018.12.26	18:00:00	1.25396	1.25601	1.25361	1.25575	3677	0	30
2018.12.26	19:00:00	1.25575	1.25689	1.25530	1.25688	4575	0	31
2018.12.26	20:00:00	1.25688	1.25733	1.25536	1.25620	3782	0	33
2018.12.26	21:00:00	1.25624	1.25846	1.25606	1.25839	3770	0	41
2018.12.26	22:00:00	1.25839	1.25874	1.25788	1.25819	2886	0	39
2018.12.26	23:00:00	1.25821	1.25877	1.25740	1.25759	1644	0	28
2018.12.27	00:00:00	1.25707	1.25814	1.24473	1.25734	85107	0	65
2018.12.27	01:00:00	1.25727	1.25808	1.25692	1.25751	6681	0	38
2018.12.27	02:00:00	1.25751	1.25777	1.25668	1.25704	3538	0	33
2018.12.27	03:00:00	1.25704	1.25704	1.25573	1.25575	2849	0	30
2018.12.27	04:00:00	1.25573	1.25660	1.25566	1.25603	3181	0	34
2018.12.27	05:00:00	1.25604	1.25628	1.25575	1.25595	3168	0	35
2018.12.27	06:00:00	1.25593	1.25663	1.25577	1.25620	3416	0	32
2018.12.27	07:00:00	1.25619	1.25681	1.25572	1.25647	3135	0	36
2018.12.27	08:00:00	1.25647	1.25663	1.25552	1.25597	4012	0	32
2018.12.27	09:00:00	1.25597	1.25689	1.25577	1.25615	2742	0	30
2018.12.27	10:00:00	1.25615	1.25645	1.25530	1.25560	4981	0	32
2018.12.27	11:00:00	1.25560	1.25637	1.25149	1.25176	6845	0	31
2018.12.27	12:00:00	1.25176	1.25230	1.24986	1.25099	4691	0	30
2018.12.27	13:00:00	1.25098	1.25257	1.24990	1.25239	4278	0	30
2018.12.27	14:00:00	1.25239	1.25387	1.25156	1.25370	6373	0	30
2018.12.27	15:00:00	1.25370	1.25412	1.24789	1.24810	7259	0	30
2018.12.27	16:00:00	1.24809	1.24974	1.24444	1.24451	6742	0	30
2018.12.27	17:00:00	1.24449	1.25369	1.24448	1.25060	9882	0	30
2018.12.27	18:00:00	1.25060	1.25340	1.24950	1.25013	7583	0	30
2018.12.27	19:00:00	1.25011	1.25059	1.24704	1.24824	6405	0	30
2018.12.27	20:00:00	1.24824	1.24921	1.24692	1.24740	5160	0	30
2018.12.27	21:00:00	1.24740	1.24774	1.24629	1.24677	4567	0	32
2018.12.27	22:00:00	1.24677	1.24961	1.24669	1.24952	6228	0	31
2018.12.27	23:00:00	1.24952	1.24979	1.24857	1.24864	1802	0	30
2018.12.28	00:00:00	1.24837	1.25149	1.24118	1.24937	55524	0	64
2018.12.28	01:00:00	1.24937	1.24937	1.24801	1.24805	1960	0	36
2018.12.28	02:00:00	1.24805	1.24821	1.24654	1.24654	1655	0	32
2018.12.28	03:00:00	1.24658	1.24740	1.24623	1.24654	1106	0	37
2018.12.28	04:00:00	1.24652	1.24770	1.24636	1.24734	1399	0	35
2018.12.28	05:00:00	1.24734	1.24792	1.24693	1.24698	1622	0	35
2018.12.28	06:00:00	1.24698	1.24740	1.24679	1.24732	1205	0	40
2018.12.28	07:00:00	1.24731	1.24756	1.24711	1.24754	1426	0	33
2018.12.28	08:00:00	1.24754	1.24754	1.24671	1.24671	1587	0	38
2018.12.28	09:00:00	1.24669	1.24761	1.24608	1.24633	1674	0	34
2018.12.28	10:00:00	1.24633	1.24792	1.24537	1.24640	3213	0	31
2018.12.28	11:00:00	1.24640	1.24713	1.24435	1.24539	4187	0	33
2018.12.28	12:00:00	1.24542	1.24581	1.24316	1.24548	3932	0	30
2018.12.28	13:00:00	1.24548	1.24571	1.24377	1.24532	4086	0	30
2018.12.28	14:00:00	1.24532	1.24547	1.24352	1.24373	3974	0	30
2018.12.28	15:00:00	1.24370	1.24390	1.24111	1.24198	4437	0	31
2018.12.28	16:00:00	1.24197	1.24370	1.24185	1.24345	4879	0	30
2018.12.28	17:00:00	1.24345	1.24843	1.24306	1.24834	6740	0	30
2018.12.28	18:00:00	1.24832	1.24965	1.24740	1.24899	5324	0	30
2018.12.28	19:00:00	1.24899	1.25068	1.24824	1.25015	4233	0	30
2018.12.28	20:00:00	1.25010	1.25127	1.24941	1.24962	3162	0	33
2018.12.28	21:00:00	1.24962	1.25141	1.24946	1.25109	2444	0	30
2018.12.28	22:00:00	1.25109	1.25148	1.24877	1.24922	2582	0	31
2018.12.28	23:00:00	1.24929	1.24939	1.24850	1.24923	1381	0	41
2018.12.31	00:00:00	1.24683	1.26324	1.24614	1.24903	49283	0	119
2018.12.31	01:00:00	1.24903	1.25002	1.24818	1.24831	1781	0	42
2018.12.31	02:00:00	1.24831	1.24865	1.24785	1.24806	997	0	38
2018.12.31	03:00:00	1.24806	1.24883	1.24790	1.24857	729	0	34
2018.12.31	04:00:00	1.24853	1.24913	1.24853	1.24873	668	0	32
2018.12.31	05:00:00	1.24875	1.24952	1.24874	1.24941	583	0	34
2018.12.31	06:00:00	1.24941	1.25054	1.24927	1.25047	1060	0	33
2018.12.31	07:00:00	1.25046	1.25068	1.24980	1.25020	1250	0	33
2018.12.31	08:00:00	1.25017	1.25029	1.24889	1.24892	771	0	31
2018.12.31	09:00:00	1.24892	1.25686	1.24870	1.25679	3272	0	30
2018.12.31	10:00:00	1.25679	1.25679	1.25213	1.25447	4074	0	30
2018.12.31	11:00:00	1.25447	1.25571	1.25377	1.25455	2854	0	30
2018.12.31	12:00:00	1.25452	1.25523	1.25356	1.25368	2617	0	30
2018.12.31	13:00:00	1.25368	1.25626	1.25308	1.25586	4030	0	31
2018.12.31	14:00:00	1.25586	1.25978	1.25563	1.25951	4101	0	34
2018.12.31	15:00:00	1.25951	1.26042	1.25815	1.25823	3480	0	30
2018.12.31	16:00:00	1.25823	1.26321	1.25785	1.26279	4976	0	30
2018.12.31	17:00:00	1.26279	1.26306	1.25484	1.25484	7965	0	30
2018.12.31	18:00:00	1.25485	1.25543	1.25309	1.25433	7109	0	30
2018.12.31	19:00:00	1.25433	1.25455	1.25199	1.25252	3280	0	33
2018.12.31	20:00:00	1.25248	1.25394	1.25219	1.25340	2492	0	30
2018.12.31	21:00:00	1.25340	1.25401	1.25100	1.25338	1396	0	40
2018.12.31	22:00:00	1.25338	1.25345	1.25228	1.25259	1448	0	40
2019.01.02	00:00:00	1.24772	1.25404	1.24360	1.24793	73310	0	150
2019.01.02	06:00:00	1.25210	1.25241	1.25187	1.25235	997	0	25
2019.01.02	07:00:00	1.25239	1.25297	1.25183	1.25217	1662	0	29
2019.01.02	08:00:00	1.25209	1.25231	1.25094	1.25123	2042	0	26
2019.01.02	09:00:00	1.25110	1.25175	1.25066	1.25126	3243	0	32
2019.01.02	10:00:00	1.25126	1.25193	1.24641	1.24725	7728	0	30
2019.01.02	11:00:00	1.24725	1.24912	1.24605	1.24809	6078	0	30
2019.01.02	12:00:00	1.24808	1.24927	1.24651	1.24725	4480	0	30
2019.01.02	13:00:00	1.24725	1.24788	1.24608	1.24659	4786	0	30
2019.01.02	14:00:00	1.24660	1.24773	1.24634	1.24694	5581	0	30
2019.01.02	15:00:00	1.24693	1.24716	1.24463	1.24611	8428	0	30
2019.01.02	16:00:00	1.24611	1.24707	1.24548	1.24617	7543	0	30
2019.01.02	17:00:00	1.24619	1.24767	1.24477	1.24518	9664	0	30
2019.01.02	18:00:00	1.24526	1.24651	1.24346	1.24501	8842	0	30
2019.01.02	19:00:00	1.24500	1.24657	1.24446	1.24621	6556	0	30
2019.01.02	20:00:00	1.24621	1.24886	1.24605	1.24860	3075	0	30
2019.01.02	21:00:00	1.24860	1.24963	1.24801	1.24882	3187	0	30
2019.01.02	22:00:00	1.24884	1.24933	1.24831	1.24859	3069	0	34
2019.01.02	23:00:00	1.24858	1.24892	1.24747	1.24786	1636	0	30
2019.01.03	00:00:00	1.24771	1.25086	1.22735	1.23125	83842	0	56
2019.01.03	01:00:00	1.23120	1.23974	1.23112	1.23782	5113	0	32
2019.01.03	02:00:00	1.23782	1.24022	1.23777	1.23963	2604	0	30
2019.01.03	03:00:00	1.23963	1.23983	1.23709	1.23884	2078	0	34
2019.01.03	04:00:00	1.23884	1.24009	1.23820	1.23829	2180	0	36
2019.01.03	05:00:00	1.23832	1.23893	1.23765	1.23826	1841	0	33
2019.01.03	06:00:00	1.23825	1.23847	1.23748	1.23750	1330	0	32
2019.01.03	07:00:00	1.23750	1.23765	1.23628	1.23710	1897	0	35
2019.01.03	08:00:00	1.23711	1.23728	1.23618	1.23638	2482	0	32
2019.01.03	09:00:00	1.23638	1.23879	1.23635	1.23846	4715	0	30
2019.01.03	10:00:00	1.23846	1.24049	1.23737	1.23891	7159	0	30
2019.01.03	11:00:00	1.23891	1.24181	1.23815	1.24084	4958	0	30
2019.01.03	12:00:00	1.24084	1.24251	1.24029	1.24201	4977	0	31
2019.01.03	13:00:00	1.24201	1.24255	1.24013	1.24255	5031	0	30
2019.01.03	14:00:00	1.24255	1.24305	1.24133	1.24260	4347	0	30
2019.01.03	15:00:00	1.24260	1.24485	1.24146	1.24429	7502	0	30
2019.01.03	16:00:00	1.24429	1.24575	1.24332	1.24346	6329	0	32
2019.01.03	17:00:00	1.24296	1.24686	1.24073	1.24649	14524	0	30
2019.01.03	18:00:00	1.24649	1.24980	1.24575	1.24897	11489	0	30
2019.01.03	19:00:00	1.24897	1.25081	1.24786	1.24979	8201	0	30
2019.01.03	20:00:00	1.24978	1.25004	1.24860	1.24924	4149	0	30
2019.01.03	21:00:00	1.24924	1.24960	1.24837	1.24837	4817	0	31
2019.01.03	22:00:00	1.24837	1.24886	1.24773	1.24788	4720	0	32
2019.01.03	23:00:00	1.24788	1.24807	1.24618	1.24619	1923	0	28
2019.01.04	00:00:00	1.24510	1.25712	1.24484	1.24651	78425	0	54
2019.01.04	01:00:00	1.24651	1.24695	1.24619	1.24650	2460	0	38
2019.01.04	02:00:00	1.24650	1.24660	1.24516	1.24615	3594	0	30
2019.01.04	03:00:00	1.24615	1.24702	1.24533	1.24651	2329	0	33
2019.01.04	04:00:00	1.24650	1.24694	1.24619	1.24665	1613	0	35
2019.01.04	05:00:00	1.24665	1.24790	1.24629	1.24757	1717	0	38
2019.01.04	06:00:00	1.24754	1.24813	1.24725	1.24785	1809	0	38
2019.01.04	07:00:00	1.24785	1.24797	1.24692	1.24706	1963	0	38
2019.01.04	08:00:00	1.24706	1.24755	1.24648	1.24659	2340	0	40
2019.01.04	09:00:00	1.24659	1.24819	1.24617	1.24791	3119	0	30
2019.01.04	10:00:00	1.24792	1.24945	1.24771	1.24909	4483	0	30
2019.01.04	11:00:00	1.24907	1.25057	1.24845	1.25046	5139	0	30
2019.01.04	12:00:00	1.25046	1.25365	1.25045	1.25180	5342	0	30
2019.01.04	13:00:00	1.25181	1.25194	1.24970	1.25026	4480	0	30
2019.01.04	14:00:00	1.25026	1.25090	1.24967	1.25032	3859	0	31
2019.01.04	15:00:00	1.25033	1.25147	1.24868	1.25048	8179	0	30
2019.01.04	16:00:00	1.25048	1.25095	1.24873	1.24988	8757	0	30
2019.01.04	17:00:00	1.25002	1.25406	1.24926	1.25406	12763	0	30
2019.01.04	18:00:00	1.25403	1.25583	1.25333	1.25566	10026	0	30
2019.01.04	19:00:00	1.25565	1.25644	1.25406	1.25459	6273	0	30
2019.01.04	20:00:00	1.25460	1.25618	1.25416	1.25570	4658	0	30
2019.01.04	21:00:00	1.25570	1.25670	1.25519	1.25669	5254	0	32
2019.01.04	22:00:00	1.25667	1.25711	1.25598	1.25628	3825	0	30
2019.01.04	23:00:00	1.25624	1.25633	1.25469	1.25479	2127	0	32
2019.01.07	00:00:00	1.25328	1.25634	1.25038	1.25372	56020	0	150
2019.01.07	01:00:00	1.25387	1.25627	1.25383	1.25496	3018	0	30
2019.01.07	02:00:00	1.25496	1.25514	1.25439	1.25448	2478	0	30
2019.01.07	03:00:00	1.25451	1.25537	1.25402	1.25417	2342	0	32
2019.01.07	04:00:00	1.25417	1.25449	1.25397	1.25429	1114	0	37
2019.01.07	05:00:00	1.25429	1.25465	1.25411	1.25463	1093	0	29
2019.01.07	06:00:00	1.25463	1.25515	1.25416	1.25469	1158	0	33
2019.01.07	07:00:00	1.25469	1.25499	1.25428	1.25476	668	0	30
2019.01.07	08:00:00	1.25476	1.25496	1.25407	1.25459	1727	0	35
2019.01.07	09:00:00	1.25459	1.25516	1.25392	1.25435	3993	0	30
2019.01.07	10:00:00	1.25435	1.25458	1.25185	1.25230	4542	0	30
2019.01.07	11:00:00	1.25230	1.25368	1.25082	1.25246	4643	0	30
2019.01.07	12:00:00	1.25246	1.25251	1.25032	1.25102	3761	0	31
2019.01.07	13:00:00	1.25102	1.25221	1.25069	1.25216	3746	0	30
2019.01.07	14:00:00	1.25216	1.25261	1.25094	1.25113	4050	0	31
2019.01.07	15:00:00	1.25113	1.25186	1.25080	1.25130	5290	0	30
2019.01.07	16:00:00	1.25128	1.25200	1.25028	1.25106	6697	0	31
2019.01.07	17:00:00	1.25100	1.25353	1.25071	1.25334	9579	0	30
2019.01.07	18:00:00	1.25333	1.25383	1.25042	1.25135	8122	0	30
2019.01.07	19:00:00	1.25135	1.25276	1.25051	1.25253	4613	0	30
2019.01.07	20:00:00	1.25253	1.25288	1.25090	1.25144	4354	0	31
2019.01.07	21:00:00	1.25144	1.25157	1.25055	1.25062	3953	0	30
2019.01.07	22:00:00	1.25062	1.25113	1.25038	1.25080	3625	0	31
2019.01.07	23:00:00	1.25082	1.25200	1.25053	1.25151	1193	0	20
2019.01.08	00:00:00	1.25159	1.25483	1.24653	1.25216	56087	0	45
2019.01.08	01:00:00	1.25216	1.25237	1.25133	1.25192	2069	0	33
2019.01.08	02:00:00	1.25193	1.25215	1.25138	1.25197	1653	0	33
2019.01.08	03:00:00	1.25198	1.25216	1.25147	1.25186	2727	0	33
2019.01.08	04:00:00	1.25186	1.25278	1.25186	1.25235	1705	0	36
2019.01.08	05:00:00	1.25235	1.25311	1.25218	1.25270	1582	0	36
2019.01.08	06:00:00	1.25270	1.25314	1.25221	1.25243	1135	0	31
2019.01.08	07:00:00	1.25243	1.25244	1.25189	1.25216	1560	0	33
2019.01.08	08:00:00	1.25217	1.25299	1.25182	1.25229	2284	0	32
2019.01.08	09:00:00	1.25229	1.25480	1.25138	1.25170	4551	0	30
2019.01.08	10:00:00	1.25171	1.25327	1.25016	1.25297	4537	0	30
2019.01.08	11:00:00	1.25297	1.25371	1.25105	1.25153	4611	0	30
2019.01.08	12:00:00	1.25153	1.25169	1.25021	1.25118	5077	0	30
2019.01.08	13:00:00	1.25120	1.25161	1.24975	1.25106	4690	0	30
2019.01.08	14:00:00	1.25107	1.25161	1.24925	1.25043	4033	0	30
2019.01.08	15:00:00	1.25040	1.25197	1.25027	1.25132	6388	0	31
2019.01.08	16:00:00	1.25133	1.25195	1.24894	1.24903	6385	0	30
2019.01.08	17:00:00	1.24901	1.25013	1.24815	1.24925	7120	0	30
2019.01.08	18:00:00	1.24939	1.24945	1.24802	1.24807	6583	0	30
2019.01.08	19:00:00	1.24808	1.24811	1.24644	1.24766	4399	0	30
2019.01.08	20:00:00	1.24765	1.24779	1.24709	1.24739	3423	0	31
2019.01.08	21:00:00	1.24739	1.24792	1.24662	1.24777	3382	0	30
2019.01.08	22:00:00	1.24773	1.24857	1.24766	1.24822	2809	0	30
2019.01.08	23:00:00	1.24822	1.24832	1.24728	1.24761	1078	0	32
2019.01.09	00:00:00	1.24699	1.25237	1.24391	1.24743	72579	0	35
2019.01.09	01:00:00	1.24754	1.24926	1.24751	1.24910	2439	0	32
2019.01.09	02:00:00	1.24918	1.24925	1.24837	1.24896	2152	0	27
2019.01.09	03:00:00	1.24897	1.24973	1.24881	1.24932	2464	0	25
2019.01.09	04:00:00	1.24934	1.25017	1.24906	1.24985	2536	0	24
2019.01.09	05:00:00	1.24985	1.25058	1.24970	1.25013	1772	0	27
2019.01.09	06:00:00	1.25012	1.25063	1.24976	1.25062	1500	0	28
2019.01.09	07:00:00	1.25062	1.25082	1.24999	1.25018	1771	0	26
2019.01.09	08:00:00	1.25018	1.25018	1.24950	1.24950	2007	0	22
2019.01.09	09:00:00	1.24952	1.25000	1.24850	1.24879	3584	0	26
2019.01.09	10:00:00	1.24880	1.25229	1.24846	1.25137	5937	0	26
2019.01.09	11:00:00	1.25136	1.25148	1.24865	1.24934	4480	0	26
2019.01.09	12:00:00	1.24933	1.24944	1.24690	1.24746	4150	0	27
2019.01.09	13:00:00	1.24748	1.24924	1.24727	1.24864	3616	0	26
2019.01.09	14:00:00	1.24863	1.25060	1.24796	1.25011	3522	0	27
2019.01.09	15:00:00	1.25011	1.25037	1.24536	1.24550	5150	0	26
2019.01.09	16:00:00	1.24555	1.24740	1.24386	1.24554	9431	0	28
2019.01.09	17:00:00	1.24554	1.24716	1.24378	1.24475	11934	0	25
2019.01.09	18:00:00	1.24476	1.24658	1.24390	1.24632	9257	0	28
2019.01.09	19:00:00	1.24635	1.24696	1.24486	1.24652	6011	0	26
2019.01.09	20:00:00	1.24651	1.24723	1.24622	1.24643	4666	0	27
2019.01.09	21:00:00	1.24641	1.24790	1.24552	1.24748	8249	0	27
2019.01.09	22:00:00	1.24748	1.24766	1.24577	1.24609	4322	0	28
2019.01.09	23:00:00	1.24605	1.24641	1.24551	1.24585	1602	0	24
2019.01.10	00:00:00	1.24560	1.25561	1.24176	1.24646	73311	0	38
2019.01.10	01:00:00	1.24643	1.24695	1.24496	1.24593	3495	0	21
2019.01.10	02:00:00	1.24600	1.24619	1.24462	1.24537	2854	0	25
2019.01.10	03:00:00	1.24539	1.24547	1.24355	1.24363	4129	0	31
2019.01.10	04:00:00	1.24363	1.24404	1.24327	1.24377	2206	0	27
2019.01.10	05:00:00	1.24376	1.24412	1.24330	1.24330	2547	0	27
2019.01.10	06:00:00	1.24324	1.24351	1.24280	1.24332	1875	0	25
2019.01.10	07:00:00	1.24332	1.24387	1.24307	1.24367	1676	0	26
2019.01.10	08:00:00	1.24367	1.24454	1.24332	1.24347	2322	0	29
2019.01.10	09:00:00	1.24346	1.24435	1.24173	1.24435	3794	0	21
2019.01.10	10:00:00	1.24435	1.24453	1.24269	1.24396	5776	0	27
2019.01.10	11:00:00	1.24397	1.24649	1.24380	1.24557	5350	0	27
2019.01.10	12:00:00	1.24556	1.24612	1.24462	1.24477	3932	0	28
2019.01.10	13:00:00	1.24476	1.24567	1.24290	1.24499	4291	0	23
2019.01.10	14:00:00	1.24499	1.24572	1.24355	1.24566	4447	0	27
2019.01.10	15:00:00	1.24563	1.25010	1.24562	1.25005	6011	0	28
2019.01.10	16:00:00	1.25005	1.25051	1.24910	1.24985	5735	0	21
2019.01.10	17:00:00	1.24985	1.25311	1.24922	1.25241	7105	0	23
2019.01.10	18:00:00	1.25240	1.25423	1.25193	1.25325	5831	0	21
2019.01.10	19:00:00	1.25325	1.25352	1.25157	1.25317	5970	0	27
2019.01.10	20:00:00	1.25315	1.25450	1.25258	1.25374	6015	0	28
2019.01.10	21:00:00	1.25375	1.25484	1.25365	1.25414	3660	0	27
2019.01.10	22:00:00	1.25414	1.25511	1.25407	1.25497	1730	0	26
2019.01.10	23:00:00	1.25498	1.25569	1.25450	1.25459	1261	0	24
2019.01.11	00:00:00	1.25454	1.26499	1.24798	1.25384	67456	0	36
2019.01.11	01:00:00	1.25389	1.25489	1.25388	1.25465	1985	0	28
2019.01.11	02:00:00	1.25468	1.25514	1.25359	1.25406	2238	0	26
2019.01.11	03:00:00	1.25407	1.25474	1.25405	1.25461	2924	0	25
2019.01.11	04:00:00	1.25459	1.25478	1.25432	1.25462	2615	0	22
2019.01.11	05:00:00	1.25462	1.25477	1.25418	1.25460	1793	0	24
2019.01.11	06:00:00	1.25459	1.25486	1.25434	1.25482	2691	0	26
2019.01.11	07:00:00	1.25480	1.25480	1.25374	1.25419	1918	0	26
2019.01.11	08:00:00	1.25420	1.25456	1.25357	1.25364	1378	0	31
2019.01.11	09:00:00	1.25364	1.25447	1.25176	1.25256	3701	0	30
2019.01.11	10:00:00	1.25257	1.25387	1.25070	1.25080	5772	0	30
2019.01.11	11:00:00	1.25078	1.25385	1.24789	1.25306	7191	0	30
2019.01.11	12:00:00	1.25308	1.26153	1.25269	1.25897	8443	0	30
2019.01.11	13:00:00	1.25898	1.26209	1.25458	1.26046	8673	0	30
2019.01.11	14:00:00	1.26046	1.26101	1.25789	1.25803	5983	0	30
2019.01.11	15:00:00	1.25802	1.25986	1.25713	1.25920	8536	0	30
2019.01.11	16:00:00	1.25919	1.26054	1.25841	1.25915	11600	0	30
2019.01.11	17:00:00	1.25908	1.26044	1.25842	1.25994	9978	0	30
2019.01.11	18:00:00	1.25994	1.26197	1.25970	1.26137	8066	0	30
2019.01.11	19:00:00	1.26137	1.26416	1.26129	1.26371	5856	0	30
2019.01.11	20:00:00	1.26372	1.26493	1.26351	1.26431	4174	0	31
2019.01.11	21:00:00	1.26431	1.26449	1.26358	1.26432	2392	0	30
2019.01.11	22:00:00	1.26430	1.26442	1.26259	1.26360	3381	0	30
2019.01.11	23:00:00	1.26360	1.26396	1.26262	1.26277	1188	0	34
2019.01.14	00:00:00	1.26475	1.26799	1.25926	1.26439	62081	0	89
2019.01.14	01:00:00	1.26439	1.26554	1.26397	1.26405	1883	0	31
2019.01.14	02:00:00	1.26405	1.26474	1.26392	1.26447	978	0	30
2019.01.14	03:00:00	1.26447	1.26449	1.26350	1.26358	2587	0	33
2019.01.14	04:00:00	1.26358	1.26384	1.26273	1.26281	1276	0	39
2019.01.14	05:00:00	1.26281	1.26324	1.26257	1.26288	2457	0	30
2019.01.14	06:00:00	1.26290	1.26344	1.26256	1.26261	1597	0	34
2019.01.14	07:00:00	1.26259	1.26358	1.26247	1.26339	1828	0	34
2019.01.14	08:00:00	1.26339	1.26341	1.26231	1.26322	3108	0	32
2019.01.14	09:00:00	1.26322	1.26423	1.26077	1.26190	5433	0	32
2019.01.14	10:00:00	1.26190	1.26226	1.25917	1.25948	5407	0	31
2019.01.14	11:00:00	1.25948	1.26115	1.25947	1.26099	4999	0	30
2019.01.14	12:00:00	1.26099	1.26367	1.26025	1.26203	6449	0	30
2019.01.14	13:00:00	1.26203	1.26406	1.26135	1.26364	6896	0	30
2019.01.14	14:00:00	1.26368	1.26389	1.26176	1.26216	7254	0	30
2019.01.14	15:00:00	1.26214	1.26307	1.26065	1.26164	5627	0	30
2019.01.14	16:00:00	1.26164	1.26287	1.26055	1.26055	5207	0	30
2019.01.14	17:00:00	1.26061	1.26792	1.26014	1.26654	9095	0	30
2019.01.14	18:00:00	1.26654	1.26730	1.26125	1.26189	8269	0	30
2019.01.14	19:00:00	1.26189	1.26359	1.26113	1.26332	3681	0	30
2019.01.14	20:00:00	1.26331	1.26520	1.26316	1.26327	2457	0	30
2019.01.14	21:00:00	1.26327	1.26329	1.26193	1.26246	3182	0	31
2019.01.14	22:00:00	1.26246	1.26246	1.26107	1.26231	2266	0	31
2019.01.14	23:00:00	1.26234	1.26290	1.26154	1.26154	1219	0	31
2019.01.15	00:00:00	1.26174	1.27260	1.25259	1.26140	81824	0	69
2019.01.15	01:00:00	1.26140	1.26375	1.26140	1.26296	1511	0	33
2019.01.15	02:00:00	1.26296	1.26437	1.26273	1.26407	1638	0	31
2019.01.15	03:00:00	1.26407	1.26592	1.26373	1.26428	2612	0	32
2019.01.15	04:00:00	1.26428	1.26491	1.26400	1.26433	1330	0	31
2019.01.15	05:00:00	1.26431	1.26537	1.26431	1.26490	1335	0	32
2019.01.15	06:00:00	1.26490	1.26538	1.26453	1.26529	1486	0	31
2019.01.15	07:00:00	1.26529	1.26686	1.26500	1.26677	1570	0	32
2019.01.15	08:00:00	1.26677	1.26684	1.26548	1.26618	1962	0	35
2019.01.15	09:00:00	1.26618	1.26629	1.26370	1.26434	3316	0	30
2019.01.15	10:00:00	1.26433	1.26574	1.26376	1.26559	6911	0	30
2019.01.15	11:00:00	1.26559	1.26733	1.26508	1.26722	9394	0	30
2019.01.15	12:00:00	1.26722	1.26776	1.26502	1.26645	6688	0	30
2019.01.15	13:00:00	1.26645	1.26832	1.26522	1.26825	4112	0	30
2019.01.15	14:00:00	1.26826	1.26926	1.26450	1.26548	5567	0	30
2019.01.15	15:00:00	1.26546	1.26680	1.26469	1.26550	6579	0	30
2019.01.15	16:00:00	1.26553	1.26602	1.26334	1.26512	6937	0	30
2019.01.15	17:00:00	1.26509	1.26533	1.26206	1.26284	8780	0	30
2019.01.15	18:00:00	1.26279	1.26332	1.26016	1.26122	10445	0	30
2019.01.15	19:00:00	1.26120	1.26185	1.25793	1.25829	5872	0	30
2019.01.15	20:00:00	1.25829	1.25908	1.25544	1.25597	6101	0	30
2019.01.15	21:00:00	1.25597	1.26831	1.25245	1.26797	9897	0	30
2019.01.15	22:00:00	1.26797	1.27257	1.26664	1.27184	9248	0	30
2019.01.15	23:00:00	1.27184	1.27226	1.26956	1.27012	2855	0	30
2019.01.16	00:00:00	1.26982	1.27674	1.26688	1.27038	67359	0	50
2019.01.16	01:00:00	1.27038	1.27143	1.27021	1.27057	2103	0	30
2019.01.16	02:00:00	1.27059	1.27084	1.26883	1.26954	2419	0	31
2019.01.16	03:00:00	1.26954	1.26969	1.26681	1.26811	1720	0	32
2019.01.16	04:00:00	1.26811	1.26863	1.26795	1.26857	1204	0	35
2019.01.16	05:00:00	1.26856	1.26942	1.26829	1.26930	1164	0	28
2019.01.16	06:00:00	1.26931	1.27007	1.26931	1.26989	1106	0	30
2019.01.16	07:00:00	1.26990	1.27189	1.26954	1.27155	1252	0	30
2019.01.16	08:00:00	1.27155	1.27159	1.26954	1.27011	1521	0	31
2019.01.16	09:00:00	1.27011	1.27342	1.27004	1.27130	4382	0	30
2019.01.16	10:00:00	1.27130	1.27470	1.26971	1.27040	6714	0	30
2019.01.16	11:00:00	1.27040	1.27390	1.27036	1.27230	5318	0	30
2019.01.16	12:00:00	1.27230	1.27266	1.27028	1.27111	4400	0	30
2019.01.16	13:00:00	1.27109	1.27248	1.27061	1.27223	4128	0	30
2019.01.16	14:00:00	1.27224	1.27489	1.27051	1.27422	6005	0	30
2019.01.16	15:00:00	1.27421	1.27500	1.27086	1.27132	6525	0	30
2019.01.16	16:00:00	1.27132	1.27594	1.27062	1.27585	6888	0	30
2019.01.16	17:00:00	1.27583	1.27649	1.27333	1.27351	7463	0	30
2019.01.16	18:00:00	1.27352	1.27479	1.27253	1.27296	5481	0	30
2019.01.16	19:00:00	1.27299	1.27550	1.27101	1.27202	4791	0	30
2019.01.16	20:00:00	1.27202	1.27251	1.27058	1.27216	2760	0	30
2019.01.16	21:00:00	1.27216	1.27556	1.27167	1.27496	5623	0	30
2019.01.16	22:00:00	1.27496	1.27667	1.27436	1.27557	4625	0	30
2019.01.16	23:00:00	1.27560	1.27614	1.27464	1.27505	1639	0	37
2019.01.17	00:00:00	1.27525	1.29171	1.27285	1.27386	68399	0	70
2019.01.17	01:00:00	1.27384	1.27590	1.27384	1.27588	2763	0	33
2019.01.17	02:00:00	1.27587	1.27587	1.27500	1.27523	2556	0	31
2019.01.17	03:00:00	1.27523	1.27631	1.27519	1.27625	1194	0	31
2019.01.17	04:00:00	1.27625	1.27667	1.27552	1.27589	1233	0	30
2019.01.17	05:00:00	1.27592	1.27630	1.27556	1.27592	900	0	28
2019.01.17	06:00:00	1.27592	1.27661	1.27567	1.27630	1203	0	35
2019.01.17	07:00:00	1.27628	1.27686	1.27572	1.27679	1208	0	32
2019.01.17	08:00:00	1.27679	1.27679	1.27518	1.27527	1460	0	30
2019.01.17	09:00:00	1.27526	1.27647	1.27415	1.27432	4106	0	30
2019.01.17	10:00:00	1.27432	1.27707	1.27276	1.27603	5606	0	30
2019.01.17	11:00:00	1.27600	1.27832	1.27576	1.27790	4920	0	30
2019.01.17	12:00:00	1.27790	1.27840	1.27672	1.27824	4656	0	30
2019.01.17	13:00:00	1.27824	1.28055	1.27702	1.27905	6051	0	30
2019.01.17	14:00:00	1.27905	1.28066	1.27816	1.28066	4325	0	30
2019.01.17	15:00:00	1.28066	1.28274	1.28030	1.28157	7397	0	30
2019.01.17	16:00:00	1.28156	1.28364	1.28135	1.28350	5774	0	30
2019.01.17	17:00:00	1.28347	1.28423	1.28195	1.28345	8379	0	30
2019.01.17	18:00:00	1.28349	1.28652	1.28292	1.28641	7537	0	30
2019.01.17	19:00:00	1.28641	1.28898	1.28604	1.28834	4280	0	30
2019.01.17	20:00:00	1.28834	1.29007	1.28817	1.28940	3349	0	30
2019.01.17	21:00:00	1.28940	1.29165	1.28930	1.29030	6674	0	30
2019.01.17	22:00:00	1.29023	1.29096	1.28917	1.29031	4621	0	30
2019.01.17	23:00:00	1.29031	1.29095	1.29001	1.29083	1417	0	31
2019.01.18	00:00:00	1.29082	1.29115	1.28004	1.28933	60666	0	66
2019.01.18	01:00:00	1.28933	1.29094	1.28933	1.29029	1935	0	38
2019.01.18	02:00:00	1.29029	1.29034	1.28826	1.28924	2010	0	31
2019.01.18	03:00:00	1.28924	1.29055	1.28900	1.29048	1623	0	31
2019.01.18	04:00:00	1.29048	1.29105	1.28893	1.28903	1833	0	31
2019.01.18	05:00:00	1.28905	1.28935	1.28843	1.28882	1499	0	31
2019.01.18	06:00:00	1.28882	1.29010	1.28860	1.29001	1164	0	32
2019.01.18	07:00:00	1.29003	1.29036	1.28955	1.28969	1183	0	29
2019.01.18	08:00:00	1.28971	1.29076	1.28880	1.28939	1541	0	28
2019.01.18	09:00:00	1.28939	1.28970	1.28739	1.28768	2655	0	30
2019.01.18	10:00:00	1.28768	1.28798	1.28603	1.28642	5548	0	30
2019.01.18	11:00:00	1.28644	1.28757	1.28508	1.28601	4210	0	30
2019.01.18	12:00:00	1.28601	1.28725	1.28486	1.28645	4219	0	30
2019.01.18	13:00:00	1.28645	1.28807	1.28424	1.28488	3748	0	30
2019.01.18	14:00:00	1.28488	1.28610	1.28447	1.28543	4286	0	30
2019.01.18	15:00:00	1.28543	1.28654	1.28502	1.28528	4422	0	30
2019.01.18	16:00:00	1.28527	1.28602	1.28271	1.28376	7821	0	30
2019.01.18	17:00:00	1.28378	1.28503	1.28234	1.28453	9967	0	30
2019.01.18	18:00:00	1.28453	1.28473	1.28332	1.28370	7104	0	30
2019.01.18	19:00:00	1.28370	1.28405	1.28231	1.28294	2741	0	30
2019.01.18	20:00:00	1.28293	1.28305	1.28183	1.28207	3358	0	30
2019.01.18	21:00:00	1.28204	1.28217	1.28051	1.28094	4176	0	30
2019.01.18	22:00:00	1.28096	1.28099	1.27996	1.28075	3201	0	30
2019.01.18	23:00:00	1.28080	1.28182	1.28075	1.28145	1773	0	37
2019.01.21	00:00:00	1.27883	1.28788	1.27763	1.27978	55438	0	128
2019.01.21	01:00:00	1.27981	1.28110	1.27881	1.27916	1371	0	35
2019.01.21	02:00:00	1.27916	1.28051	1.27873	1.27939	2891	0	31
2019.01.21	03:00:00	1.27939	1.28011	1.27916	1.28007	1719	0	28
2019.01.21	04:00:00	1.28007	1.28028	1.27914	1.28006	1638	0	30
2019.01.21	05:00:00	1.28006	1.28011	1.27926	1.27937	1315	0	32
2019.01.21	06:00:00	1.27938	1.28059	1.27925	1.28032	974	0	31
2019.01.21	07:00:00	1.28032	1.28102	1.28024	1.28061	1008	0	32
2019.01.21	08:00:00	1.28059	1.28120	1.28044	1.28083	1392	0	32
2019.01.21	09:00:00	1.28083	1.28127	1.28001	1.28034	2225	0	31
2019.01.21	10:00:00	1.28033	1.28084	1.27828	1.27903	4130	0	30
2019.01.21	11:00:00	1.27903	1.28071	1.27796	1.28026	3676	0	30
2019.01.21	12:00:00	1.28026	1.28195	1.27975	1.28194	2367	0	30
2019.01.21	13:00:00	1.28193	1.28431	1.28109	1.28425	3057	0	30
2019.01.21	14:00:00	1.28425	1.28591	1.28404	1.28544	3153	0	30
2019.01.21	15:00:00	1.28545	1.28554	1.28341	1.28355	3151	0	30
2019.01.21	16:00:00	1.28355	1.28423	1.28265	1.28296	2967	0	30
2019.01.21	17:00:00	1.28294	1.28635	1.28180	1.28623	4502	0	30
2019.01.21	18:00:00	1.28623	1.28785	1.28545	1.28630	4156	0	30
2019.01.21	19:00:00	1.28630	1.28639	1.28553	1.28623	1079	0	31
2019.01.21	20:00:00	1.28622	1.28629	1.28490	1.28560	2489	0	31
2019.01.21	21:00:00	1.28560	1.28582	1.28536	1.28564	1998	0	35
2019.01.21	22:00:00	1.28561	1.28610	1.28528	1.28534	2044	0	41
2019.01.21	23:00:00	1.28534	1.28578	1.28449	1.28546	854	0	60
2019.01.22	00:00:00	1.28503	1.29311	1.28231	1.28593	64142	0	81
2019.01.22	01:00:00	1.28593	1.28625	1.28547	1.28556	2318	0	31
2019.01.22	02:00:00	1.28556	1.28653	1.28500	1.28544	1601	0	30
2019.01.22	03:00:00	1.28544	1.28596	1.28526	1.28549	1816	0	32
2019.01.22	04:00:00	1.28549	1.28586	1.28519	1.28565	1202	0	30
2019.01.22	05:00:00	1.28565	1.28586	1.28498	1.28517	2135	0	30
2019.01.22	06:00:00	1.28517	1.28555	1.28456	1.28542	2937	0	30
2019.01.22	07:00:00	1.28542	1.28549	1.28405	1.28431	2070	0	32
2019.01.22	08:00:00	1.28431	1.28493	1.28418	1.28465	2463	0	30
2019.01.22	09:00:00	1.28465	1.28477	1.28237	1.28347	4834	0	30
2019.01.22	10:00:00	1.28347	1.28513	1.28225	1.28480	5801	0	30
2019.01.22	11:00:00	1.28480	1.28818	1.28441	1.28728	6536	0	30
2019.01.22	12:00:00	1.28728	1.28844	1.28676	1.28687	4954	0	30
2019.01.22	13:00:00	1.28687	1.28694	1.28418	1.28466	4031	0	30
2019.01.22	14:00:00	1.28466	1.28667	1.28442	1.28640	4515	0	30
2019.01.22	15:00:00	1.28637	1.28989	1.28596	1.28956	6772	0	30
2019.01.22	16:00:00	1.28956	1.29109	1.28867	1.29035	7089	0	30
2019.01.22	17:00:00	1.29035	1.29310	1.28968	1.29240	7208	0	30
2019.01.22	18:00:00	1.29238	1.29275	1.29141	1.29170	4778	0	30
2019.01.22	19:00:00	1.29170	1.29292	1.29147	1.29211	3386	0	30
2019.01.22	20:00:00	1.29211	1.29285	1.29145	1.29274	4070	0	30
2019.01.22	21:00:00	1.29274	1.29290	1.29168	1.29181	2961	0	31
2019.01.22	22:00:00	1.29181	1.29245	1.29168	1.29198	2587	0	31
2019.01.22	23:00:00	1.29199	1.29233	1.29171	1.29190	1265	0	29
2019.01.23	00:00:00	1.29159	1.30316	1.29022	1.29182	62175	0	48
2019.01.23	01:00:00	1.29179	1.29243	1.29133	1.29169	2067	0	32
2019.01.23	02:00:00	1.29168	1.29230	1.29140	1.29155	2011	0	32
2019.01.23	03:00:00	1.29155	1.29232	1.29143	1.29171	2503	0	30
2019.01.23	04:00:00	1.29171	1.29254	1.29143	1.29253	1925	0	30
2019.01.23	05:00:00	1.29253	1.29308	1.29137	1.29151	2473	0	30
2019.01.23	06:00:00	1.29152	1.29196	1.29111	1.29161	1659	0	31
2019.01.23	07:00:00	1.29161	1.29162	1.29057	1.29091	2033	0	31
2019.01.23	08:00:00	1.29091	1.29315	1.29068	1.29289	2359	0	30
2019.01.23	09:00:00	1.29288	1.29377	1.29265	1.29340	4408	0	30
2019.01.23	10:00:00	1.29340	1.29546	1.29181	1.29480	6140	0	30
2019.01.23	11:00:00	1.29480	1.29755	1.29460	1.29606	6452	0	30
2019.01.23	12:00:00	1.29608	1.29803	1.29435	1.29710	6699	0	30
2019.01.23	13:00:00	1.29714	1.30019	1.29684	1.29990	7534	0	30
2019.01.23	14:00:00	1.29990	1.30040	1.29872	1.29918	5796	0	30
2019.01.23	15:00:00	1.29918	1.30082	1.29890	1.30037	6913	0	30
2019.01.23	16:00:00	1.30037	1.30167	1.29962	1.30111	6494	0	30
2019.01.23	17:00:00	1.30113	1.30308	1.29997	1.30094	8726	0	30
2019.01.23	18:00:00	1.30093	1.30138	1.29992	1.29997	5891	0	30
2019.01.23	19:00:00	1.29997	1.30027	1.29904	1.29936	2970	0	30
2019.01.23	20:00:00	1.29936	1.29987	1.29862	1.29919	3481	0	30
2019.01.23	21:00:00	1.29919	1.29972	1.29864	1.29929	2876	0	31
2019.01.23	22:00:00	1.29929	1.30050	1.29914	1.30028	2040	0	30
2019.01.23	23:00:00	1.30028	1.30028	1.29950	1.29989	741	0	19
2019.01.24	00:00:00	1.29893	1.30208	1.29487	1.30066	69052	0	53
2019.01.24	01:00:00	1.30064	1.30118	1.29996	1.30090	2216	0	30
2019.01.24	02:00:00	1.30090	1.30199	1.30035	1.30051	3464	0	31
2019.01.24	03:00:00	1.30052	1.30135	1.30032	1.30045	2384	0	31
2019.01.24	04:00:00	1.30045	1.30059	1.29962	1.29968	2750	0	30
2019.01.24	05:00:00	1.29968	1.29971	1.29915	1.29945	1051	0	32
2019.01.24	06:00:00	1.29945	1.29954	1.29910	1.29949	1918	0	30
2019.01.24	07:00:00	1.29949	1.29993	1.29935	1.29973	1395	0	30
2019.01.24	08:00:00	1.29973	1.30021	1.29908	1.29931	1764	0	30
2019.01.24	09:00:00	1.29931	1.29938	1.29703	1.29751	4600	0	30
2019.01.24	10:00:00	1.29756	1.30050	1.29681	1.29726	10281	0	30
2019.01.24	11:00:00	1.29726	1.29867	1.29614	1.29624	6993	0	30
2019.01.24	12:00:00	1.29624	1.29799	1.29592	1.29744	4022	0	30
2019.01.24	13:00:00	1.29744	1.29811	1.29551	1.29581	4308	0	30
2019.01.24	14:00:00	1.29581	1.29680	1.29495	1.29578	4606	0	30
2019.01.24	15:00:00	1.29578	1.29821	1.29481	1.29789	11948	0	30
2019.01.24	16:00:00	1.29787	1.29835	1.29564	1.29683	9720	0	30
2019.01.24	17:00:00	1.29683	1.29834	1.29638	1.29729	7528	0	30
2019.01.24	18:00:00	1.29728	1.29857	1.29661	1.29785	7604	0	30
2019.01.24	19:00:00	1.29784	1.29875	1.29722	1.29767	6162	0	30
2019.01.24	20:00:00	1.29768	1.29955	1.29768	1.29905	3528	0	30
2019.01.24	21:00:00	1.29905	1.30120	1.29886	1.30100	3963	0	30
2019.01.24	22:00:00	1.30104	1.30178	1.30071	1.30093	3374	0	31
2019.01.24	23:00:00	1.30095	1.30175	1.30068	1.30116	1217	0	30
2019.01.25	00:00:00	1.30107	1.31170	1.29941	1.30160	71141	0	78
2019.01.25	01:00:00	1.30148	1.30668	1.30123	1.30602	8348	0	30
2019.01.25	02:00:00	1.30602	1.30686	1.30380	1.30529	4311	0	30
2019.01.25	03:00:00	1.30529	1.30554	1.30413	1.30459	2406	0	30
2019.01.25	04:00:00	1.30459	1.30580	1.30448	1.30573	1622	0	32
2019.01.25	05:00:00	1.30573	1.30634	1.30528	1.30576	1557	0	30
2019.01.25	06:00:00	1.30575	1.30655	1.30541	1.30543	1918	0	32
2019.01.25	07:00:00	1.30543	1.30750	1.30540	1.30652	1863	0	30
2019.01.25	08:00:00	1.30652	1.30666	1.30468	1.30491	3091	0	30
2019.01.25	09:00:00	1.30491	1.30626	1.30386	1.30474	6718	0	31
2019.01.25	10:00:00	1.30474	1.30503	1.30241	1.30310	7219	0	30
2019.01.25	11:00:00	1.30309	1.30350	1.30226	1.30307	5995	0	30
2019.01.25	12:00:00	1.30307	1.30346	1.30058	1.30203	5414	0	30
2019.01.25	13:00:00	1.30203	1.30540	1.30182	1.30462	6119	0	30
2019.01.25	14:00:00	1.30462	1.30667	1.30404	1.30491	5177	0	30
2019.01.25	15:00:00	1.30491	1.30622	1.30359	1.30408	6823	0	30
2019.01.25	16:00:00	1.30410	1.30606	1.30334	1.30563	9037	0	30
2019.01.25	17:00:00	1.30563	1.30811	1.30431	1.30748	11159	0	30
2019.01.25	18:00:00	1.30748	1.30862	1.30609	1.30805	6948	0	30
2019.01.25	19:00:00	1.30805	1.30861	1.30668	1.30834	6017	0	30
2019.01.25	20:00:00	1.30834	1.31002	1.30787	1.30991	4219	0	30
2019.01.25	21:00:00	1.30991	1.31047	1.30963	1.31028	5168	0	30
2019.01.25	22:00:00	1.31026	1.31125	1.31016	1.31114	4493	0	30
2019.01.25	23:00:00	1.31114	1.31158	1.30985	1.31068	1390	0	40
2019.01.28	00:00:00	1.30948	1.31168	1.30330	1.31130	51391	0	73
2019.01.28	01:00:00	1.31142	1.31161	1.31053	1.31091	1939	0	31
2019.01.28	02:00:00	1.31091	1.31096	1.30954	1.31015	2982	0	31
2019.01.28	03:00:00	1.31015	1.31020	1.30903	1.30948	1758	0	32
2019.01.28	04:00:00	1.30948	1.30972	1.30908	1.30929	1951	0	30
2019.01.28	05:00:00	1.30927	1.31007	1.30884	1.30980	2241	0	30
2019.01.28	06:00:00	1.30980	1.31002	1.30916	1.30954	2341	0	30
2019.01.28	07:00:00	1.30954	1.30958	1.30856	1.30882	1629	0	32
2019.01.28	08:00:00	1.30882	1.30895	1.30664	1.30671	2216	0	31
2019.01.28	09:00:00	1.30671	1.30722	1.30643	1.30678	4615	0	30
2019.01.28	10:00:00	1.30674	1.30811	1.30639	1.30682	6279	0	30
2019.01.28	11:00:00	1.30682	1.30729	1.30432	1.30508	6143	0	30
2019.01.28	12:00:00	1.30508	1.30670	1.30477	1.30583	3805	0	30
2019.01.28	13:00:00	1.30583	1.30729	1.30424	1.30446	3860	0	30
2019.01.28	14:00:00	1.30446	1.30595	1.30380	1.30471	4416	0	30
2019.01.28	15:00:00	1.30471	1.30653	1.30363	1.30618	5495	0	30
2019.01.28	16:00:00	1.30620	1.30680	1.30371	1.30573	9071	0	30
2019.01.28	17:00:00	1.30573	1.30646	1.30368	1.30395	7539	0	30
2019.01.28	18:00:00	1.30391	1.30568	1.30341	1.30362	6468	0	30
2019.01.28	19:00:00	1.30362	1.30503	1.30323	1.30494	3280	0	30
2019.01.28	20:00:00	1.30494	1.30503	1.30405	1.30426	3010	0	30
2019.01.28	21:00:00	1.30428	1.30494	1.30416	1.30459	2822	0	30
2019.01.28	22:00:00	1.30459	1.30535	1.30448	1.30534	2343	0	32
2019.01.28	23:00:00	1.30538	1.30560	1.30462	1.30463	1771	0	36
2019.01.29	00:00:00	1.30440	1.31161	1.29871	1.30352	70796	0	56
2019.01.29	01:00:00	1.30352	1.30491	1.30342	1.30485	2148	0	31
2019.01.29	02:00:00	1.30485	1.30492	1.30366	1.30394	2505	0	30
2019.01.29	03:00:00	1.30393	1.30483	1.30391	1.30477	1684	0	31
2019.01.29	04:00:00	1.30477	1.30501	1.30435	1.30462	815	0	33
2019.01.29	05:00:00	1.30462	1.30474	1.30390	1.30397	1438	0	32
2019.01.29	06:00:00	1.30396	1.30452	1.30386	1.30435	1419	0	31
2019.01.29	07:00:00	1.30435	1.30450	1.30399	1.30439	1558	0	33
2019.01.29	08:00:00	1.30439	1.30484	1.30432	1.30472	2393	0	31
2019.01.29	09:00:00	1.30472	1.30498	1.30206	1.30330	5262	0	30
2019.01.29	10:00:00	1.30329	1.30610	1.30307	1.30500	7550	0	30
2019.01.29	11:00:00	1.30503	1.30647	1.30417	1.30595	5454	0	27
2019.01.29	12:00:00	1.30595	1.30619	1.30379	1.30604	5336	0	30
2019.01.29	13:00:00	1.30604	1.30696	1.30510	1.30684	5551	0	30
2019.01.29	14:00:00	1.30688	1.30872	1.30607	1.30800	6742	0	30
2019.01.29	15:00:00	1.30802	1.31154	1.30772	1.31075	7347	0	30
2019.01.29	16:00:00	1.31075	1.31143	1.30901	1.31055	9533	0	30
2019.01.29	17:00:00	1.31056	1.31126	1.30709	1.30786	9499	0	30
2019.01.29	18:00:00	1.30786	1.30892	1.30557	1.30777	9076	0	30
2019.01.29	19:00:00	1.30777	1.30939	1.30638	1.30742	4907	0	30
2019.01.29	20:00:00	1.30740	1.30855	1.30721	1.30833	4576	0	30
2019.01.29	21:00:00	1.30833	1.31036	1.30200	1.30310	8477	0	30
2019.01.29	22:00:00	1.30309	1.30446	1.29900	1.30056	12528	0	30
2019.01.29	23:00:00	1.30056	1.30122	1.29883	1.29941	3116	0	31
2019.01.30	00:00:00	1.29864	1.30751	1.29782	1.30057	68222	0	55
2019.01.30	01:00:00	1.30057	1.30148	1.29915	1.30087	2595	0	31
2019.01.30	02:00:00	1.30087	1.30201	1.30082	1.30165	2985	0	30
2019.01.30	03:00:00	1.30165	1.30222	1.30115	1.30222	3215	0	31
2019.01.30	04:00:00	1.30220	1.30295	1.30184	1.30238	1890	0	31
2019.01.30	05:00:00	1.30238	1.30325	1.30209	1.30219	2018	0	30
2019.01.30	06:00:00	1.30219	1.30284	1.30188	1.30218	2186	0	32
2019.01.30	07:00:00	1.30218	1.30275	1.30201	1.30247	1686	0	33
2019.01.30	08:00:00	1.30247	1.30270	1.30173	1.30214	2805	0	31
2019.01.30	09:00:00	1.30214	1.30392	1.30162	1.30202	6012	0	30
2019.01.30	10:00:00	1.30202	1.30642	1.30150	1.30614	7753	0	30
2019.01.30	11:00:00	1.30615	1.30665	1.30548	1.30562	5287	0	30
2019.01.30	12:00:00	1.30562	1.30607	1.30429	1.30489	4801	0	30
2019.01.30	13:00:00	1.30486	1.30659	1.30421	1.30631	4978	0	30
2019.01.30	14:00:00	1.30631	1.30652	1.30537	1.30607	5025	0	30
2019.01.30	15:00:00	1.30606	1.30656	1.30392	1.30579	7407	0	30
2019.01.30	16:00:00	1.30575	1.30745	1.30521	1.30528	7708	0	30
2019.01.30	17:00:00	1.30532	1.30586	1.30338	1.30463	6712	0	30
2019.01.30	18:00:00	1.30472	1.30571	1.30386	1.30447	6255	0	30
2019.01.30	19:00:00	1.30447	1.30526	1.30398	1.30489	3845	0	30
2019.01.30	20:00:00	1.30489	1.30522	1.30421	1.30454	3082	0	30
2019.01.30	21:00:00	1.30456	1.30589	1.30385	1.30416	10633	0	30
2019.01.30	22:00:00	1.30413	1.30419	1.30246	1.30256	7272	0	32
2019.01.30	23:00:00	1.30261	1.30369	1.30257	1.30365	1839	0	33
2019.01.31	00:00:00	1.30372	1.30691	1.30098	1.30309	67488	0	63
2019.01.31	01:00:00	1.30310	1.30399	1.30292	1.30327	1752	0	31
2019.01.31	02:00:00	1.30327	1.30387	1.30169	1.30176	3067	0	30
2019.01.31	03:00:00	1.30176	1.30289	1.30176	1.30264	2037	0	31
2019.01.31	04:00:00	1.30264	1.30311	1.30232	1.30301	1885	0	31
2019.01.31	05:00:00	1.30301	1.30363	1.30284	1.30337	2525	0	30
2019.01.31	06:00:00	1.30337	1.30349	1.30283	1.30289	1169	0	29
2019.01.31	07:00:00	1.30289	1.30304	1.30230	1.30295	1892	0	31
2019.01.31	08:00:00	1.30295	1.30405	1.30270	1.30399	2242	0	31
2019.01.31	09:00:00	1.30399	1.30528	1.30354	1.30405	5904	0	31
2019.01.31	10:00:00	1.30404	1.30522	1.30261	1.30339	7658	0	30
2019.01.31	11:00:00	1.30339	1.30427	1.30176	1.30289	6285	0	30
2019.01.31	12:00:00	1.30294	1.30493	1.30190	1.30420	7025	0	30
2019.01.31	13:00:00	1.30419	1.30442	1.30283	1.30377	5450	0	30
2019.01.31	14:00:00	1.30377	1.30533	1.30224	1.30338	5658	0	30
2019.01.31	15:00:00	1.30339	1.30373	1.30092	1.30262	7098	0	30
2019.01.31	16:00:00	1.30261	1.30427	1.30237	1.30373	7543	0	30
2019.01.31	17:00:00	1.30372	1.30477	1.30169	1.30441	9194	0	30
2019.01.31	18:00:00	1.30438	1.30693	1.30432	1.30510	9263	0	30
2019.01.31	19:00:00	1.30510	1.30564	1.30368	1.30382	4349	0	31
2019.01.31	20:00:00	1.30382	1.30404	1.30228	1.30327	4811	0	30
2019.01.31	21:00:00	1.30326	1.30432	1.30272	1.30403	3425	0	30
2019.01.31	22:00:00	1.30403	1.30451	1.30319	1.30443	3063	0	31
2019.01.31	23:00:00	1.30430	1.30430	1.30328	1.30341	1151	0	31
2019.02.01	00:00:00	1.30211	1.30532	1.29477	1.30312	71258	0	55
2019.02.01	01:00:00	1.30312	1.30312	1.30243	1.30279	1735	0	35
2019.02.01	02:00:00	1.30276	1.30338	1.30254	1.30283	2379	0	30
2019.02.01	03:00:00	1.30283	1.30318	1.30196	1.30256	2908	0	32
2019.02.01	04:00:00	1.30255	1.30279	1.30056	1.30224	2789	0	34
2019.02.01	05:00:00	1.30224	1.30251	1.30173	1.30178	1695	0	32
2019.02.01	06:00:00	1.30177	1.30261	1.30175	1.30215	1715	0	31
2019.02.01	07:00:00	1.30214	1.30370	1.30211	1.30352	1823	0	31
2019.02.01	08:00:00	1.30352	1.30482	1.30339	1.30475	1459	0	32
2019.02.01	09:00:00	1.30473	1.30528	1.30336	1.30395	4164	0	31
2019.02.01	10:00:00	1.30395	1.30449	1.30165	1.30239	5031	0	30
2019.02.01	11:00:00	1.30239	1.30282	1.29506	1.29515	8237	0	30
2019.02.01	12:00:00	1.29509	1.29779	1.29470	1.29564	6355	0	30
2019.02.01	13:00:00	1.29567	1.29749	1.29565	1.29694	3749	0	30
2019.02.01	14:00:00	1.29694	1.29789	1.29617	1.29646	3815	0	30
2019.02.01	15:00:00	1.29648	1.29818	1.29599	1.29694	9553	0	31
2019.02.01	16:00:00	1.29694	1.30143	1.29662	1.30016	8843	0	30
2019.02.01	17:00:00	1.30011	1.30393	1.30011	1.30138	10132	0	30
2019.02.01	18:00:00	1.30136	1.30154	1.29997	1.30143	7620	0	30
2019.02.01	19:00:00	1.30141	1.30185	1.30040	1.30123	3472	0	31
2019.02.01	20:00:00	1.30121	1.30128	1.29963	1.30123	3394	0	30
2019.02.01	21:00:00	1.30123	1.30195	1.30091	1.30182	2962	0	30
2019.02.01	22:00:00	1.30182	1.30211	1.30080	1.30199	2525	0	31
2019.02.01	23:00:00	1.30199	1.30240	1.30126	1.30185	1429	0	30
2019.02.04	00:00:00	1.29876	1.30790	1.29820	1.30064	78088	0	146
2019.02.04	01:00:00	1.30066	1.30212	1.30007	1.30165	923	0	33
2019.02.04	02:00:00	1.30163	1.30235	1.30134	1.30208	2962	0	32
2019.02.04	03:00:00	1.30208	1.30261	1.30170	1.30225	1227	0	33
2019.02.04	04:00:00	1.30225	1.30286	1.30222	1.30263	2197	0	32
2019.02.04	05:00:00	1.30260	1.30360	1.30226	1.30335	1469	0	31
2019.02.04	06:00:00	1.30334	1.30361	1.30301	1.30324	2226	0	30
2019.02.04	07:00:00	1.30324	1.30349	1.30240	1.30309	1730	0	33
2019.02.04	08:00:00	1.30311	1.30342	1.30285	1.30304	1319	0	30
2019.02.04	09:00:00	1.30301	1.30428	1.30261	1.30413	3418	0	30
2019.02.04	10:00:00	1.30416	1.30505	1.30232	1.30271	6515	0	30
2019.02.04	11:00:00	1.30271	1.30315	1.30088	1.30245	5369	0	30
2019.02.04	12:00:00	1.30245	1.30285	1.30078	1.30207	4999	0	30
2019.02.04	13:00:00	1.30207	1.30282	1.30162	1.30227	4316	0	30
2019.02.04	14:00:00	1.30227	1.30342	1.30209	1.30337	4440	0	30
2019.02.04	15:00:00	1.30334	1.30353	1.30140	1.30212	4195	0	30
2019.02.04	16:00:00	1.30214	1.30474	1.30177	1.30454	6425	0	30
2019.02.04	17:00:00	1.30454	1.30781	1.30425	1.30496	8954	0	30
2019.02.04	18:00:00	1.30496	1.30525	1.30278	1.30324	6640	0	30
2019.02.04	19:00:00	1.30324	1.30340	1.30141	1.30164	4365	0	30
2019.02.04	20:00:00	1.30164	1.30214	1.30015	1.30187	4243	0	30
2019.02.04	21:00:00	1.30187	1.30205	1.30090	1.30190	2837	0	30
2019.02.04	22:00:00	1.30190	1.30203	1.30081	1.30123	2663	0	30
2019.02.04	23:00:00	1.30121	1.30143	1.30028	1.30044	1743	0	34
2019.02.05	00:00:00	1.30036	1.30486	1.29307	1.30054	68863	0	52
2019.02.05	01:00:00	1.30054	1.30104	1.29982	1.29985	1670	0	34
2019.02.05	02:00:00	1.29989	1.30175	1.29989	1.30092	2070	0	30
2019.02.05	03:00:00	1.30092	1.30124	1.30078	1.30112	1204	0	30
2019.02.05	04:00:00	1.30112	1.30163	1.30102	1.30151	1159	0	33
2019.02.05	05:00:00	1.30151	1.30174	1.30126	1.30161	1764	0	33
2019.02.05	06:00:00	1.30161	1.30200	1.30121	1.30154	1589	0	35
2019.02.05	07:00:00	1.30154	1.30193	1.30105	1.30134	1436	0	33
2019.02.05	08:00:00	1.30134	1.30229	1.30099	1.30202	1558	0	32
2019.02.05	09:00:00	1.30204	1.30330	1.30155	1.30291	2768	0	30
2019.02.05	10:00:00	1.30291	1.30387	1.30218	1.30317	4851	0	30
2019.02.05	11:00:00	1.30317	1.30474	1.30100	1.30228	6367	0	30
2019.02.05	12:00:00	1.30227	1.30338	1.30189	1.30248	4038	0	30
2019.02.05	13:00:00	1.30248	1.30314	1.30156	1.30280	4545	0	30
2019.02.05	14:00:00	1.30280	1.30346	1.30203	1.30230	3987	0	30
2019.02.05	15:00:00	1.30230	1.30265	1.29775	1.29790	5501	0	30
2019.02.05	16:00:00	1.29792	1.29853	1.29546	1.29616	7471	0	30
2019.02.05	17:00:00	1.29609	1.29621	1.29344	1.29391	7351	0	30
2019.02.05	18:00:00	1.29391	1.29514	1.29305	1.29512	6283	0	30
2019.02.05	19:00:00	1.29512	1.29562	1.29419	1.29474	3414	0	30
2019.02.05	20:00:00	1.29474	1.29539	1.29447	1.29516	2598	0	30
2019.02.05	21:00:00	1.29514	1.29600	1.29499	1.29597	3351	0	30
2019.02.05	22:00:00	1.29600	1.29601	1.29501	1.29521	2624	0	31
2019.02.05	23:00:00	1.29522	1.29541	1.29452	1.29456	1288	0	31
2019.02.06	00:00:00	1.29360	1.29843	1.29246	1.29513	74641	0	48
2019.02.06	01:00:00	1.29513	1.29567	1.29491	1.29514	2702	0	36
2019.02.06	02:00:00	1.29514	1.29583	1.29488	1.29537	2613	0	32
2019.02.06	03:00:00	1.29537	1.29546	1.29441	1.29541	3567	0	30
2019.02.06	04:00:00	1.29541	1.29543	1.29346	1.29448	3909	0	31
2019.02.06	05:00:00	1.29447	1.29525	1.29447	1.29514	1824	0	30
2019.02.06	06:00:00	1.29514	1.29551	1.29497	1.29528	2013	0	31
2019.02.06	07:00:00	1.29528	1.29538	1.29421	1.29454	1629	0	33
2019.02.06	08:00:00	1.29454	1.29510	1.29393	1.29489	2047	0	32
2019.02.06	09:00:00	1.29489	1.29500	1.29350	1.29448	5043	0	30
2019.02.06	10:00:00	1.29450	1.29737	1.29423	1.29679	6654	0	30
2019.02.06	11:00:00	1.29679	1.29791	1.29630	1.29697	4637	0	30
2019.02.06	12:00:00	1.29697	1.29698	1.29495	1.29615	4740	0	30
2019.02.06	13:00:00	1.29615	1.29665	1.29535	1.29579	4633	0	30
2019.02.06	14:00:00	1.29580	1.29652	1.29482	1.29554	2935	0	30
2019.02.06	15:00:00	1.29555	1.29695	1.29528	1.29669	5251	0	30
2019.02.06	16:00:00	1.29667	1.29836	1.29651	1.29766	5898	0	30
2019.02.06	17:00:00	1.29766	1.29786	1.29636	1.29722	4939	0	30
2019.02.06	18:00:00	1.29722	1.29745	1.29552	1.29655	6198	0	30
2019.02.06	19:00:00	1.29655	1.29739	1.29598	1.29712	3366	0	30
2019.02.06	20:00:00	1.29711	1.29735	1.29601	1.29669	3623	0	30
2019.02.06	21:00:00	1.29668	1.29709	1.29620	1.29688	3446	0	31
2019.02.06	22:00:00	1.29688	1.29712	1.29586	1.29588	3102	0	30
2019.02.06	23:00:00	1.29588	1.29659	1.29565	1.29566	1632	0	26
2019.02.07	00:00:00	1.29298	1.30048	1.28878	1.29579	78900	0	47
2019.02.07	01:00:00	1.29579	1.29674	1.29556	1.29613	1266	0	31
2019.02.07	02:00:00	1.29613	1.29643	1.29579	1.29619	1950	0	30
2019.02.07	03:00:00	1.29619	1.29632	1.29570	1.29626	1577	0	32
2019.02.07	04:00:00	1.29626	1.29633	1.29580	1.29617	1265	0	37
2019.02.07	05:00:00	1.29617	1.29628	1.29595	1.29620	785	0	35
2019.02.07	06:00:00	1.29620	1.29679	1.29598	1.29651	1100	0	34
2019.02.07	07:00:00	1.29651	1.29694	1.29634	1.29648	1998	0	32
2019.02.07	08:00:00	1.29650	1.29682	1.29594	1.29594	1956	0	30
2019.02.07	09:00:00	1.29594	1.29644	1.29422	1.29431	3919	0	30
2019.02.07	10:00:00	1.29429	1.29429	1.29274	1.29363	5994	0	30
2019.02.07	11:00:00	1.29363	1.29452	1.29292	1.29402	4686	0	30
2019.02.07	12:00:00	1.29402	1.29404	1.29228	1.29270	5912	0	30
2019.02.07	13:00:00	1.29268	1.29418	1.29215	1.29236	5743	0	30
2019.02.07	14:00:00	1.29242	1.29242	1.28865	1.29161	7176	0	30
2019.02.07	15:00:00	1.29163	1.29919	1.29106	1.29908	8037	0	30
2019.02.07	16:00:00	1.29910	1.30038	1.29784	1.29899	7314	0	30
2019.02.07	17:00:00	1.29899	1.29981	1.29769	1.29829	6329	0	30
2019.02.07	18:00:00	1.29832	1.29910	1.29658	1.29769	6209	0	30
2019.02.07	19:00:00	1.29769	1.29888	1.29741	1.29808	4125	0	30
2019.02.07	20:00:00	1.29806	1.29837	1.29730	1.29780	2999	0	30
2019.02.07	21:00:00	1.29776	1.29822	1.29735	1.29757	3066	0	31
2019.02.07	22:00:00	1.29757	1.29834	1.29728	1.29768	3605	0	31
2019.02.07	23:00:00	1.29768	1.29823	1.29756	1.29788	1604	0	32
2019.02.08	00:00:00	1.29657	1.29934	1.29256	1.29796	67033	0	61
2019.02.08	01:00:00	1.29796	1.29808	1.29772	1.29782	1629	0	36
2019.02.08	02:00:00	1.29782	1.29839	1.29756	1.29835	2649	0	31
2019.02.08	03:00:00	1.29836	1.29862	1.29729	1.29740	1708	0	33
2019.02.08	04:00:00	1.29740	1.29752	1.29693	1.29742	1871	0	34
2019.02.08	05:00:00	1.29743	1.29772	1.29703	1.29718	1299	0	30
2019.02.08	06:00:00	1.29718	1.29735	1.29680	1.29703	1386	0	35
2019.02.08	07:00:00	1.29703	1.29749	1.29699	1.29736	1505	0	34
2019.02.08	08:00:00	1.29736	1.29743	1.29648	1.29689	2005	0	31
2019.02.08	09:00:00	1.29690	1.29749	1.29537	1.29663	3190	0	30
2019.02.08	10:00:00	1.29665	1.29731	1.29477	1.29519	6172	0	30
2019.02.08	11:00:00	1.29518	1.29615	1.29407	1.29582	4047	0	30
2019.02.08	12:00:00	1.29582	1.29875	1.29570	1.29836	3939	0	30
2019.02.08	13:00:00	1.29836	1.29931	1.29773	1.29776	3284	0	30
2019.02.08	14:00:00	1.29774	1.29890	1.29719	1.29842	3741	0	30
2019.02.08	15:00:00	1.29842	1.29885	1.29779	1.29815	3882	0	30
2019.02.08	16:00:00	1.29815	1.29881	1.29491	1.29491	5212	0	30
2019.02.08	17:00:00	1.29491	1.29533	1.29380	1.29494	6948	0	30
2019.02.08	18:00:00	1.29494	1.29522	1.29291	1.29316	5951	0	30
2019.02.08	19:00:00	1.29316	1.29342	1.29251	1.29259	3739	0	30
2019.02.08	20:00:00	1.29259	1.29369	1.29253	1.29346	2877	0	30
2019.02.08	21:00:00	1.29347	1.29358	1.29294	1.29316	2534	0	30
2019.02.08	22:00:00	1.29314	1.29379	1.29284	1.29345	2607	0	30
2019.02.08	23:00:00	1.29346	1.29415	1.29304	1.29383	1304	0	32
2019.02.11	00:00:00	1.29244	1.30501	1.29054	1.29192	76344	0	31
2019.02.11	01:00:00	1.29191	1.29295	1.29140	1.29261	1339	0	36
2019.02.11	02:00:00	1.29260	1.29337	1.29253	1.29326	1014	0	42
2019.02.11	03:00:00	1.29327	1.29359	1.29243	1.29268	863	0	39
2019.02.11	04:00:00	1.29268	1.29323	1.29241	1.29275	703	0	30
2019.02.11	05:00:00	1.29275	1.29298	1.29228	1.29276	930	0	29
2019.02.11	06:00:00	1.29276	1.29308	1.29256	1.29268	499	0	29
2019.02.11	07:00:00	1.29268	1.29310	1.29243	1.29278	543	0	30
2019.02.11	08:00:00	1.29278	1.29401	1.29249	1.29358	779	0	29
2019.02.11	09:00:00	1.29358	1.29425	1.29122	1.29141	3766	0	32
2019.02.11	10:00:00	1.29140	1.29340	1.29136	1.29268	4590	0	30
2019.02.11	11:00:00	1.29268	1.29483	1.29197	1.29359	5306	0	30
2019.02.11	12:00:00	1.29358	1.29458	1.29328	1.29450	3574	0	30
2019.02.11	13:00:00	1.29450	1.29675	1.29435	1.29529	4491	0	30
2019.02.11	14:00:00	1.29529	1.29531	1.29423	1.29480	3979	0	30
2019.02.11	15:00:00	1.29480	1.29596	1.29324	1.29380	3226	0	30
2019.02.11	16:00:00	1.29380	1.29443	1.29242	1.29263	4562	0	31
2019.02.11	17:00:00	1.29262	1.29269	1.29137	1.29179	5707	0	30
2019.02.11	18:00:00	1.29182	1.29196	1.29083	1.29103	4854	0	30
2019.02.11	19:00:00	1.29103	1.29161	1.29049	1.29114	3649	0	30
2019.02.11	20:00:00	1.29114	1.29159	1.29069	1.29119	2988	0	30
2019.02.11	21:00:00	1.29118	1.29132	1.29070	1.29101	2858	0	30
2019.02.11	22:00:00	1.29101	1.29171	1.29082	1.29164	2873	0	34
2019.02.11	23:00:00	1.29164	1.29165	1.29092	1.29099	978	0	31
2019.02.12	00:00:00	1.29057	1.30026	1.28894	1.29075	70777	0	43
2019.02.12	01:00:00	1.29075	1.29163	1.29048	1.29147	3433	0	40
2019.02.12	02:00:00	1.29148	1.29273	1.29123	1.29190	2323	0	32
2019.02.12	03:00:00	1.29193	1.29225	1.29156	1.29224	2574	0	32
2019.02.12	04:00:00	1.29224	1.29230	1.29156	1.29204	1607	0	31
2019.02.12	05:00:00	1.29204	1.29206	1.29167	1.29182	1049	0	35
2019.02.12	06:00:00	1.29181	1.29226	1.29137	1.29207	980	0	32
2019.02.12	07:00:00	1.29207	1.29243	1.29188	1.29194	1545	0	33
2019.02.12	08:00:00	1.29194	1.29230	1.29160	1.29182	1812	0	33
2019.02.12	09:00:00	1.29181	1.29289	1.29136	1.29278	4372	0	30
2019.02.12	10:00:00	1.29278	1.29401	1.29180	1.29299	7779	0	30
2019.02.12	11:00:00	1.29299	1.29435	1.29252	1.29406	3706	0	30
2019.02.12	12:00:00	1.29406	1.29512	1.29317	1.29405	3157	0	30
2019.02.12	13:00:00	1.29405	1.29675	1.29384	1.29611	3708	0	30
2019.02.12	14:00:00	1.29611	1.29668	1.29554	1.29595	4495	0	30
2019.02.12	15:00:00	1.29600	1.29983	1.29576	1.29945	4845	0	30
2019.02.12	16:00:00	1.29945	1.30023	1.29863	1.29990	4892	0	30
2019.02.12	17:00:00	1.29990	1.30010	1.29689	1.29743	4977	0	30
2019.02.12	18:00:00	1.29743	1.29791	1.29610	1.29714	5364	0	30
2019.02.12	19:00:00	1.29715	1.29761	1.29610	1.29735	3924	0	30
2019.02.12	20:00:00	1.29734	1.29878	1.29726	1.29799	4451	0	30
2019.02.12	21:00:00	1.29799	1.29838	1.29747	1.29767	2514	0	30
2019.02.12	22:00:00	1.29767	1.29794	1.29696	1.29703	2227	0	30
2019.02.12	23:00:00	1.29697	1.29771	1.29697	1.29735	1251	0	34
2019.02.13	00:00:00	1.29696	1.30146	1.29472	1.29678	85572	0	73
2019.02.13	01:00:00	1.29678	1.29743	1.29650	1.29674	1392	0	31
2019.02.13	02:00:00	1.29674	1.29725	1.29667	1.29690	2337	0	33
2019.02.13	03:00:00	1.29690	1.29770	1.29667	1.29765	3946	0	33
2019.02.13	04:00:00	1.29765	1.29780	1.29709	1.29725	2374	0	33
2019.02.13	05:00:00	1.29725	1.29815	1.29724	1.29751	2078	0	31
2019.02.13	06:00:00	1.29751	1.29751	1.29706	1.29711	1012	0	33
2019.02.13	07:00:00	1.29711	1.29822	1.29697	1.29817	1708	0	32
2019.02.13	08:00:00	1.29817	1.29938	1.29807	1.29874	2127	0	32
2019.02.13	09:00:00	1.29875	1.29975	1.29794	1.29874	5254	0	30
2019.02.13	10:00:00	1.29873	1.29932	1.29700	1.29702	5928	0	30
2019.02.13	11:00:00	1.29702	1.29750	1.29524	1.29603	6289	0	30
2019.02.13	12:00:00	1.29602	1.29745	1.29527	1.29556	4762	0	30
2019.02.13	13:00:00	1.29556	1.30135	1.29464	1.30034	5577	0	30
2019.02.13	14:00:00	1.30034	1.30041	1.29718	1.29769	4400	0	30
2019.02.13	15:00:00	1.29768	1.29928	1.29718	1.29852	6489	0	30
2019.02.13	16:00:00	1.29853	1.29868	1.29657	1.29834	5569	0	30
2019.02.13	17:00:00	1.29834	1.29881	1.29647	1.29769	5556	0	30
2019.02.13	18:00:00	1.29771	1.29807	1.29488	1.29565	5532	0	30
2019.02.13	19:00:00	1.29566	1.29708	1.29510	1.29631	3918	0	30
2019.02.13	20:00:00	1.29634	1.29740	1.29584	1.29688	2586	0	30
2019.02.13	21:00:00	1.29687	1.29714	1.29620	1.29620	2934	0	32
2019.02.13	22:00:00	1.29621	1.29689	1.29615	1.29628	2903	0	31
2019.02.13	23:00:00	1.29628	1.29681	1.29587	1.29607	1443	0	30
2019.02.14	00:00:00	1.29550	1.29797	1.28532	1.29665	80695	0	43
2019.02.14	01:00:00	1.29664	1.29695	1.29602	1.29677	1276	0	35
2019.02.14	02:00:00	1.29676	1.29700	1.29648	1.29661	2051	0	30
2019.02.14	03:00:00	1.29657	1.29683	1.29599	1.29617	2510	0	30
2019.02.14	04:00:00	1.29617	1.29700	1.29616	1.29655	1420	0	34
2019.02.14	05:00:00	1.29655	1.29715	1.29627	1.29684	2823	0	31
2019.02.14	06:00:00	1.29684	1.29700	1.29654	1.29692	1821	0	32
2019.02.14	07:00:00	1.29692	1.29739	1.29662	1.29676	2412	0	32
2019.02.14	08:00:00	1.29675	1.29762	1.29665	1.29755	3588	0	32
2019.02.14	09:00:00	1.29755	1.29790	1.29585	1.29611	5995	0	30
2019.02.14	10:00:00	1.29617	1.29626	1.29335	1.29390	8895	0	30
2019.02.14	11:00:00	1.29387	1.29464	1.29320	1.29435	5114	0	30
2019.02.14	12:00:00	1.29431	1.29527	1.29339	1.29455	4421	0	30
2019.02.14	13:00:00	1.29459	1.29540	1.29145	1.29162	4208	0	30
2019.02.14	14:00:00	1.29156	1.29236	1.29061	1.29181	5512	0	30
2019.02.14	15:00:00	1.29181	1.29300	1.28923	1.29035	9136	0	30
2019.02.14	16:00:00	1.29036	1.29036	1.28530	1.28659	8675	0	30
2019.02.14	17:00:00	1.28662	1.28771	1.28592	1.28682	6864	0	30
2019.02.14	18:00:00	1.28682	1.28791	1.28631	1.28732	5241	0	30
2019.02.14	19:00:00	1.28732	1.28875	1.28613	1.28658	6014	0	30
2019.02.14	20:00:00	1.28658	1.28668	1.28555	1.28606	3251	0	30
2019.02.14	21:00:00	1.28606	1.28643	1.28526	1.28589	2550	0	30
2019.02.14	22:00:00	1.28589	1.28635	1.28543	1.28581	3252	0	30
2019.02.14	23:00:00	1.28581	1.28650	1.28545	1.28605	1009	0	26
2019.02.15	00:00:00	1.28619	1.29616	1.28503	1.28586	81754	0	46
2019.02.15	01:00:00	1.28586	1.28623	1.28485	1.28599	556	0	34
2019.02.15	02:00:00	1.28599	1.28639	1.28580	1.28633	2635	0	30
2019.02.15	03:00:00	1.28633	1.28671	1.28593	1.28657	1809	0	32
2019.02.15	04:00:00	1.28657	1.28669	1.28592	1.28619	1050	0	31
2019.02.15	05:00:00	1.28620	1.28646	1.28588	1.28626	1198	0	33
2019.02.15	06:00:00	1.28621	1.28654	1.28605	1.28648	1685	0	33
2019.02.15	07:00:00	1.28648	1.28686	1.28632	1.28683	1021	0	31
2019.02.15	08:00:00	1.28683	1.28765	1.28676	1.28751	986	0	31
2019.02.15	09:00:00	1.28751	1.28844	1.28615	1.28789	3996	0	30
2019.02.15	10:00:00	1.28789	1.28929	1.28651	1.28774	5440	0	30
2019.02.15	11:00:00	1.28774	1.28995	1.28759	1.28924	5318	0	30
2019.02.15	12:00:00	1.28925	1.29048	1.28856	1.28977	4065	0	28
2019.02.15	13:00:00	1.28977	1.29139	1.28924	1.28965	3495	0	30
2019.02.15	14:00:00	1.28965	1.29071	1.28949	1.28984	4442	0	30
2019.02.15	15:00:00	1.28985	1.29115	1.28884	1.29076	7347	0	30
2019.02.15	16:00:00	1.29076	1.29155	1.28852	1.29006	7554	0	30
2019.02.15	17:00:00	1.29006	1.29339	1.28872	1.29336	7254	0	30
2019.02.15	18:00:00	1.29336	1.29467	1.29277	1.29376	4584	0	30
2019.02.15	19:00:00	1.29371	1.29609	1.29341	1.29502	3560	0	30
2019.02.15	20:00:00	1.29501	1.29562	1.29449	1.29450	4389	0	30
2019.02.15	21:00:00	1.29450	1.29508	1.29426	1.29494	2620	0	30
2019.02.15	22:00:00	1.29493	1.29582	1.29466	1.29521	2615	0	30
2019.02.15	23:00:00	1.29521	1.29552	1.29470	1.29497	1221	0	31
2019.02.18	00:00:00	1.29610	1.29872	1.29464	1.29602	69876	0	103
2019.02.18	01:00:00	1.29600	1.29633	1.29548	1.29617	1804	0	36
2019.02.18	02:00:00	1.29617	1.29619	1.29503	1.29553	2370	0	33
2019.02.18	03:00:00	1.29553	1.29573	1.29512	1.29535	1550	0	31
2019.02.18	04:00:00	1.29535	1.29581	1.29487	1.29530	2710	0	31
2019.02.18	05:00:00	1.29527	1.29568	1.29505	1.29567	2273	0	30
2019.02.18	06:00:00	1.29567	1.29611	1.29553	1.29602	924	0	31
2019.02.18	07:00:00	1.29602	1.29615	1.29539	1.29569	2211	0	31
2019.02.18	08:00:00	1.29569	1.29632	1.29555	1.29593	1919	0	30
2019.02.18	09:00:00	1.29593	1.29635	1.29478	1.29571	3985	0	30
2019.02.18	10:00:00	1.29571	1.29655	1.29457	1.29618	5452	0	30
2019.02.18	11:00:00	1.29618	1.29753	1.29498	1.29551	4116	0	30
2019.02.18	12:00:00	1.29549	1.29775	1.29486	1.29745	3718	0	30
2019.02.18	13:00:00	1.29745	1.29777	1.29655	1.29703	2461	0	30
2019.02.18	14:00:00	1.29703	1.29717	1.29576	1.29641	2397	0	30
2019.02.18	15:00:00	1.29641	1.29681	1.29516	1.29547	2603	0	30
2019.02.18	16:00:00	1.29547	1.29622	1.29519	1.29621	2459	0	31
2019.02.18	17:00:00	1.29620	1.29823	1.29565	1.29778	3747	0	30
2019.02.18	18:00:00	1.29779	1.29841	1.29727	1.29767	3013	0	30
2019.02.18	19:00:00	1.29764	1.29866	1.29741	1.29780	1845	0	30
2019.02.18	20:00:00	1.29779	1.29819	1.29743	1.29763	2148	0	38
2019.02.18	21:00:00	1.29763	1.29811	1.29739	1.29792	2535	0	31
2019.02.18	22:00:00	1.29792	1.29817	1.29733	1.29784	5060	0	46
2019.02.18	23:00:00	1.29789	1.29821	1.29696	1.29716	3899	0	43
2019.02.19	00:00:00	1.29697	1.30857	1.29615	1.29753	81761	0	69
2019.02.19	01:00:00	1.29762	1.29840	1.29719	1.29804	743	0	25
2019.02.19	02:00:00	1.29804	1.29809	1.29708	1.29733	2002	0	31
2019.02.19	03:00:00	1.29732	1.29765	1.29633	1.29676	3209	0	31
2019.02.19	04:00:00	1.29675	1.29696	1.29610	1.29632	2821	0	32
2019.02.19	05:00:00	1.29632	1.29679	1.29631	1.29661	3074	0	32
2019.02.19	06:00:00	1.29662	1.29705	1.29640	1.29679	1948	0	30
2019.02.19	07:00:00	1.29679	1.29702	1.29635	1.29686	1260	0	31
2019.02.19	08:00:00	1.29686	1.29727	1.29675	1.29691	1074	0	32
2019.02.19	09:00:00	1.29691	1.29792	1.29656	1.29736	3924	0	30
2019.02.19	10:00:00	1.29737	1.29944	1.29669	1.29693	5216	0	30
2019.02.19	11:00:00	1.29693	1.29818	1.29662	1.29756	5583	0	30
2019.02.19	12:00:00	1.29755	1.29802	1.29700	1.29778	2893	0	30
2019.02.19	13:00:00	1.29778	1.29937	1.29723	1.29904	5507	0	30
2019.02.19	14:00:00	1.29901	1.30180	1.29841	1.30163	4147	0	30
2019.02.19	15:00:00	1.30163	1.30261	1.29996	1.30076	4886	0	30
2019.02.19	16:00:00	1.30075	1.30338	1.29951	1.30313	6348	0	30
2019.02.19	17:00:00	1.30314	1.30531	1.30006	1.30531	8407	0	30
2019.02.19	18:00:00	1.30530	1.30637	1.30470	1.30555	7451	0	30
2019.02.19	19:00:00	1.30555	1.30746	1.30479	1.30662	6312	0	30
2019.02.19	20:00:00	1.30663	1.30721	1.30584	1.30632	4052	0	30
2019.02.19	21:00:00	1.30633	1.30850	1.30630	1.30746	3569	0	31
2019.02.19	22:00:00	1.30746	1.30809	1.30729	1.30773	3363	0	30
2019.02.19	23:00:00	1.30768	1.30789	1.30708	1.30756	1718	0	31
2019.02.20	00:00:00	1.30663	1.30878	1.30224	1.30697	84214	0	51
2019.02.20	01:00:00	1.30697	1.30795	1.30665	1.30751	2161	0	33
2019.02.20	02:00:00	1.30751	1.30778	1.30668	1.30719	2785	0	31
2019.02.20	03:00:00	1.30720	1.30860	1.30697	1.30822	3513	0	31
2019.02.20	04:00:00	1.30822	1.30846	1.30801	1.30825	2731	0	30
2019.02.20	05:00:00	1.30825	1.30828	1.30726	1.30780	2317	0	30
2019.02.20	06:00:00	1.30779	1.30804	1.30757	1.30774	2020	0	33
2019.02.20	07:00:00	1.30772	1.30797	1.30689	1.30734	3112	0	30
2019.02.20	08:00:00	1.30732	1.30758	1.30682	1.30685	1834	0	30
2019.02.20	09:00:00	1.30685	1.30751	1.30569	1.30574	4589	0	30
2019.02.20	10:00:00	1.30571	1.30630	1.30367	1.30431	6570	0	30
2019.02.20	11:00:00	1.30431	1.30547	1.30410	1.30490	4869	0	30
2019.02.20	12:00:00	1.30490	1.30514	1.30394	1.30466	3567	0	30
2019.02.20	13:00:00	1.30466	1.30474	1.30250	1.30339	4510	0	30
2019.02.20	14:00:00	1.30339	1.30543	1.30308	1.30475	4809	0	30
2019.02.20	15:00:00	1.30475	1.30478	1.30313	1.30341	4137	0	30
2019.02.20	16:00:00	1.30341	1.30400	1.30245	1.30282	4799	0	30
2019.02.20	17:00:00	1.30282	1.30868	1.30282	1.30566	9308	0	30
2019.02.20	18:00:00	1.30564	1.30701	1.30496	1.30666	6795	0	30
2019.02.20	19:00:00	1.30664	1.30698	1.30396	1.30657	5397	0	30
2019.02.20	20:00:00	1.30657	1.30847	1.30541	1.30543	4440	0	30
2019.02.20	21:00:00	1.30543	1.30715	1.30543	1.30621	8055	0	30
2019.02.20	22:00:00	1.30619	1.30666	1.30555	1.30638	3532	0	30
2019.02.20	23:00:00	1.30638	1.30653	1.30470	1.30584	2047	0	31
2019.02.21	00:00:00	1.30224	1.30999	1.30224	1.30484	89578	0	46
2019.02.21	01:00:00	1.30484	1.30573	1.30449	1.30458	1186	0	36
2019.02.21	02:00:00	1.30458	1.30485	1.30380	1.30448	3627	0	32
2019.02.21	03:00:00	1.30448	1.30490	1.30384	1.30457	4615	0	30
2019.02.21	04:00:00	1.30457	1.30494	1.30431	1.30491	3062	0	30
2019.02.21	05:00:00	1.30491	1.30643	1.30488	1.30577	2995	0	31
2019.02.21	06:00:00	1.30577	1.30577	1.30490	1.30530	2112	0	30
2019.02.21	07:00:00	1.30530	1.30564	1.30418	1.30439	5902	0	31
2019.02.21	08:00:00	1.30444	1.30540	1.30424	1.30488	4768	0	33
2019.02.21	09:00:00	1.30488	1.30580	1.30444	1.30570	6199	0	30
2019.02.21	10:00:00	1.30570	1.30901	1.30538	1.30896	8560	0	30
2019.02.21	11:00:00	1.30896	1.30956	1.30756	1.30905	7042	0	30
2019.02.21	12:00:00	1.30903	1.30990	1.30845	1.30862	4116	0	30
2019.02.21	13:00:00	1.30862	1.30893	1.30441	1.30684	5368	0	30
2019.02.21	14:00:00	1.30681	1.30969	1.30650	1.30865	6036	0	30
2019.02.21	15:00:00	1.30865	1.30972	1.30755	1.30848	5928	0	30
2019.02.21	16:00:00	1.30849	1.30883	1.30585	1.30630	5693	0	30
2019.02.21	17:00:00	1.30630	1.30699	1.30518	1.30623	5947	0	30
2019.02.21	18:00:00	1.30623	1.30751	1.30449	1.30707	5480	0	30
2019.02.21	19:00:00	1.30707	1.30712	1.30473	1.30556	3818	0	30
2019.02.21	20:00:00	1.30556	1.30614	1.30525	1.30556	3366	0	30
2019.02.21	21:00:00	1.30556	1.30617	1.30479	1.30567	3527	0	31
2019.02.21	22:00:00	1.30572	1.30572	1.30478	1.30501	3188	0	30
2019.02.21	23:00:00	1.30500	1.30544	1.30483	1.30501	1344	0	23
2019.02.22	00:00:00	1.30439	1.30709	1.29967	1.30398	81240	0	64
2019.02.22	01:00:00	1.30403	1.30537	1.30351	1.30502	2856	0	34
2019.02.22	02:00:00	1.30501	1.30549	1.30462	1.30536	2583	0	34
2019.02.22	03:00:00	1.30536	1.30550	1.30462	1.30517	3439	0	32
2019.02.22	04:00:00	1.30518	1.30533	1.30480	1.30497	1693	0	34
2019.02.22	05:00:00	1.30497	1.30511	1.30448	1.30483	2149	0	33
2019.02.22	06:00:00	1.30483	1.30486	1.30417	1.30419	1869	0	34
2019.02.22	07:00:00	1.30419	1.30479	1.30398	1.30442	1315	0	30
2019.02.22	08:00:00	1.30443	1.30497	1.30366	1.30465	2436	0	30
2019.02.22	09:00:00	1.30467	1.30547	1.30390	1.30414	3440	0	30
2019.02.22	10:00:00	1.30412	1.30471	1.30254	1.30353	4615	0	30
2019.02.22	11:00:00	1.30353	1.30370	1.30159	1.30279	4233	0	30
2019.02.22	12:00:00	1.30281	1.30307	1.30210	1.30261	3226	0	30
2019.02.22	13:00:00	1.30261	1.30308	1.30141	1.30164	3201	0	30
2019.02.22	14:00:00	1.30164	1.30179	1.29997	1.30014	4363	0	30
2019.02.22	15:00:00	1.30017	1.30108	1.29962	1.30034	7086	0	30
2019.02.22	16:00:00	1.30034	1.30353	1.29978	1.30259	6249	0	30
2019.02.22	17:00:00	1.30258	1.30702	1.30246	1.30545	8759	0	30
2019.02.22	18:00:00	1.30545	1.30643	1.30460	1.30618	4812	0	30
2019.02.22	19:00:00	1.30618	1.30618	1.30461	1.30558	4917	0	30
2019.02.22	20:00:00	1.30558	1.30628	1.30557	1.30594	2727	0	30
2019.02.22	21:00:00	1.30594	1.30618	1.30544	1.30610	2752	0	30
2019.02.22	22:00:00	1.30610	1.30610	1.30477	1.30555	3071	0	31
2019.02.22	23:00:00	1.30555	1.30604	1.30534	1.30580	940	0	33
2019.02.25	00:00:00	1.30567	1.31137	1.30343	1.30557	81065	0	84
2019.02.25	01:00:00	1.30558	1.30723	1.30558	1.30616	2637	0	38
2019.02.25	02:00:00	1.30615	1.30647	1.30590	1.30623	1535	0	31
2019.02.25	03:00:00	1.30623	1.30628	1.30567	1.30589	2397	0	31
2019.02.25	04:00:00	1.30589	1.30631	1.30546	1.30622	3092	0	31
2019.02.25	05:00:00	1.30622	1.30628	1.30512	1.30538	2384	0	32
2019.02.25	06:00:00	1.30536	1.30566	1.30528	1.30562	2003	0	31
2019.02.25	07:00:00	1.30562	1.30591	1.30541	1.30584	1825	0	32
2019.02.25	08:00:00	1.30584	1.30623	1.30559	1.30584	2178	0	32
2019.02.25	09:00:00	1.30583	1.30713	1.30488	1.30695	4282	0	30
2019.02.25	10:00:00	1.30699	1.30841	1.30569	1.30622	6526	0	30
2019.02.25	11:00:00	1.30622	1.30734	1.30546	1.30721	4305	0	30
2019.02.25	12:00:00	1.30721	1.30724	1.30426	1.30478	3534	0	30
2019.02.25	13:00:00	1.30478	1.30704	1.30442	1.30683	4445	0	30
2019.02.25	14:00:00	1.30683	1.30866	1.30653	1.30818	4044	0	30
2019.02.25	15:00:00	1.30817	1.30867	1.30651	1.30705	5006	0	30
2019.02.25	16:00:00	1.30706	1.30858	1.30665	1.30733	5824	0	30
2019.02.25	17:00:00	1.30735	1.30850	1.30622	1.30677	7270	0	30
2019.02.25	18:00:00	1.30679	1.30757	1.30612	1.30641	5406	0	30
2019.02.25	19:00:00	1.30641	1.31075	1.30613	1.30925	7732	0	30
2019.02.25	20:00:00	1.30925	1.30973	1.30842	1.30907	3662	0	30
2019.02.25	21:00:00	1.30907	1.31088	1.30892	1.31031	2849	0	30
2019.02.25	22:00:00	1.31031	1.31137	1.30989	1.31036	2737	0	30
2019.02.25	23:00:00	1.31037	1.31050	1.30970	1.31012	1334	0	30
2019.02.26	00:00:00	1.31011	1.32813	1.30989	1.31232	98034	0	48
2019.02.26	01:00:00	1.31238	1.31270	1.31202	1.31270	1666	0	37
2019.02.26	02:00:00	1.31268	1.31327	1.31254	1.31259	1582	0	32
2019.02.26	03:00:00	1.31260	1.31347	1.31256	1.31321	2450	0	32
2019.02.26	04:00:00	1.31323	1.31410	1.31312	1.31396	2611	0	33
2019.02.26	05:00:00	1.31396	1.31450	1.31331	1.31346	1066	0	32
2019.02.26	06:00:00	1.31341	1.31369	1.31279	1.31293	1350	0	33
2019.02.26	07:00:00	1.31294	1.31315	1.31254	1.31295	1425	0	30
2019.02.26	08:00:00	1.31295	1.31436	1.31266	1.31416	2221	0	30
2019.02.26	09:00:00	1.31415	1.31643	1.31387	1.31598	5565	0	30
2019.02.26	10:00:00	1.31600	1.31647	1.31404	1.31416	5492	0	30
2019.02.26	11:00:00	1.31414	1.31792	1.31403	1.31736	5628	0	30
2019.02.26	12:00:00	1.31741	1.32384	1.31700	1.32173	7280	0	30
2019.02.26	13:00:00	1.32173	1.32196	1.31868	1.32194	5973	0	30
2019.02.26	14:00:00	1.32192	1.32451	1.31857	1.31921	7401	0	30
2019.02.26	15:00:00	1.31931	1.32224	1.31811	1.31824	6388	0	30
2019.02.26	16:00:00	1.31823	1.31964	1.31711	1.31959	6971	0	30
2019.02.26	17:00:00	1.31959	1.32503	1.31636	1.32470	10997	0	30
2019.02.26	18:00:00	1.32469	1.32808	1.32424	1.32523	11324	0	30
2019.02.26	19:00:00	1.32523	1.32530	1.32334	1.32498	5172	0	30
2019.02.26	20:00:00	1.32498	1.32621	1.32453	1.32616	3352	0	30
2019.02.26	21:00:00	1.32617	1.32725	1.32505	1.32583	5332	0	30
2019.02.26	22:00:00	1.32583	1.32626	1.32484	1.32515	4434	0	30
2019.02.26	23:00:00	1.32516	1.32553	1.32477	1.32477	1198	0	29
2019.02.27	00:00:00	1.32406	1.33283	1.32313	1.32491	93483	0	43
2019.02.27	01:00:00	1.32491	1.32582	1.32465	1.32555	2018	0	34
2019.02.27	02:00:00	1.32555	1.32577	1.32470	1.32492	2112	0	33
2019.02.27	03:00:00	1.32492	1.32587	1.32466	1.32507	4865	0	32
2019.02.27	04:00:00	1.32509	1.32564	1.32482	1.32485	3151	0	33
2019.02.27	05:00:00	1.32485	1.32537	1.32449	1.32491	4613	0	37
2019.02.27	06:00:00	1.32491	1.32537	1.32476	1.32497	1537	0	37
2019.02.27	07:00:00	1.32497	1.32522	1.32451	1.32519	2309	0	30
2019.02.27	08:00:00	1.32519	1.32522	1.32376	1.32384	3183	0	30
2019.02.27	09:00:00	1.32384	1.32547	1.32384	1.32470	5200	0	30
2019.02.27	10:00:00	1.32475	1.32624	1.32351	1.32423	6825	0	30
2019.02.27	11:00:00	1.32423	1.32486	1.32302	1.32394	5996	0	30
2019.02.27	12:00:00	1.32396	1.32606	1.32333	1.32524	5825	0	30
2019.02.27	13:00:00	1.32527	1.32890	1.32474	1.32706	5759	0	30
2019.02.27	14:00:00	1.32709	1.32895	1.32602	1.32832	4624	0	30
2019.02.27	15:00:00	1.32832	1.32975	1.32701	1.32823	5955	0	30
2019.02.27	16:00:00	1.32822	1.33090	1.32760	1.33061	6146	0	30
2019.02.27	17:00:00	1.33057	1.33291	1.32939	1.33154	9643	0	30
2019.02.27	18:00:00	1.33154	1.33262	1.33030	1.33208	7503	0	30
2019.02.27	19:00:00	1.33208	1.33234	1.33067	1.33141	3750	0	30
2019.02.27	20:00:00	1.33141	1.33273	1.33133	1.33204	2616	0	30
2019.02.27	21:00:00	1.33204	1.33230	1.33100	1.33220	3880	0	30
2019.02.27	22:00:00	1.33217	1.33260	1.33155	1.33206	1910	0	30
2019.02.27	23:00:00	1.33206	1.33270	1.33181	1.33238	1508	0	21
2019.02.28	00:00:00	1.33238	1.33297	1.31984	1.33166	72685	0	50
2019.02.28	01:00:00	1.33169	1.33262	1.33166	1.33230	1182	0	40
2019.02.28	02:00:00	1.33230	1.33273	1.33181	1.33201	2588	0	30
2019.02.28	03:00:00	1.33201	1.33212	1.33108	1.33131	1935	0	34
2019.02.28	04:00:00	1.33131	1.33161	1.32974	1.32975	1583	0	34
2019.02.28	05:00:00	1.32975	1.32980	1.32806	1.32853	2057	0	33
2019.02.28	06:00:00	1.32854	1.32860	1.32793	1.32828	1713	0	33
2019.02.28	07:00:00	1.32828	1.32855	1.32800	1.32851	1821	0	33
2019.02.28	08:00:00	1.32848	1.32857	1.32699	1.32758	2363	0	30
2019.02.28	09:00:00	1.32760	1.32778	1.32373	1.32496	6831	0	30
2019.02.28	10:00:00	1.32494	1.32655	1.32325	1.32642	5785	0	30
2019.02.28	11:00:00	1.32642	1.32672	1.32394	1.32431	4873	0	30
2019.02.28	12:00:00	1.32431	1.32459	1.32188	1.32273	5356	0	30
2019.02.28	13:00:00	1.32270	1.32353	1.32047	1.32115	4849	0	30
2019.02.28	14:00:00	1.32115	1.32159	1.31977	1.32020	3540	0	30
2019.02.28	15:00:00	1.32020	1.32340	1.32002	1.32269	7448	0	30
2019.02.28	16:00:00	1.32267	1.32532	1.32084	1.32502	6764	0	30
2019.02.28	17:00:00	1.32510	1.32806	1.32227	1.32453	10688	0	30
2019.02.28	18:00:00	1.32449	1.32657	1.32333	1.32378	8701	0	30
2019.02.28	19:00:00	1.32381	1.32386	1.32213	1.32307	5044	0	30
2019.02.28	20:00:00	1.32307	1.32396	1.32252	1.32338	4610	0	30
2019.02.28	21:00:00	1.32338	1.32424	1.32301	1.32364	4336	0	30
2019.02.28	22:00:00	1.32364	1.32383	1.32274	1.32370	2892	0	30
2019.02.28	23:00:00	1.32368	1.32369	1.32305	1.32316	1370	0	28
2019.03.01	00:00:00	1.32319	1.32622	1.31665	1.32279	70354	0	37
2019.03.01	01:00:00	1.32279	1.32338	1.32258	1.32263	1019	0	34
2019.03.01	02:00:00	1.32263	1.32291	1.32235	1.32240	2454	0	35
2019.03.01	03:00:00	1.32242	1.32344	1.32237	1.32315	3173	0	30
2019.03.01	04:00:00	1.32315	1.32376	1.32282	1.32373	2007	0	34
2019.03.01	05:00:00	1.32373	1.32413	1.32338	1.32339	1938	0	30
2019.03.01	06:00:00	1.32342	1.32412	1.32330	1.32407	1311	0	34
2019.03.01	07:00:00	1.32407	1.32421	1.32347	1.32363	1318	0	32
2019.03.01	08:00:00	1.32362	1.32389	1.32254	1.32296	1358	0	32
2019.03.01	09:00:00	1.32296	1.32400	1.32218	1.32368	4406	0	30
2019.03.01	10:00:00	1.32365	1.32588	1.32345	1.32542	5529	0	30
2019.03.01	11:00:00	1.32543	1.32614	1.32362	1.32433	5650	0	30
2019.03.01	12:00:00	1.32433	1.32434	1.32202	1.32278	4229	0	30
2019.03.01	13:00:00	1.32278	1.32316	1.31936	1.31971	4506	0	30
2019.03.01	14:00:00	1.31971	1.32264	1.31960	1.32160	5351	0	30
2019.03.01	15:00:00	1.32162	1.32206	1.31980	1.32048	6038	0	30
2019.03.01	16:00:00	1.32048	1.32465	1.32035	1.32381	6952	0	30
2019.03.01	17:00:00	1.32337	1.32459	1.32115	1.32133	7682	0	30
2019.03.01	18:00:00	1.32133	1.32194	1.31943	1.32038	7479	0	30
2019.03.01	19:00:00	1.32038	1.32079	1.31893	1.31929	4107	0	30
2019.03.01	20:00:00	1.31929	1.31979	1.31829	1.31880	3455	0	30
2019.03.01	21:00:00	1.31882	1.31931	1.31785	1.31812	4634	0	30
2019.03.01	22:00:00	1.31812	1.31979	1.31657	1.31879	5674	0	30
2019.03.01	23:00:00	1.31879	1.32042	1.31870	1.31880	2322	0	30
2019.03.04	00:00:00	1.32126	1.32699	1.31551	1.32042	70873	0	64
2019.03.04	01:00:00	1.32053	1.32204	1.32053	1.32169	2394	0	35
2019.03.04	02:00:00	1.32170	1.32220	1.32108	1.32186	2334	0	33
2019.03.04	03:00:00	1.32186	1.32212	1.32124	1.32210	2500	0	30
2019.03.04	04:00:00	1.32212	1.32279	1.32210	1.32250	1213	0	33
2019.03.04	05:00:00	1.32249	1.32324	1.32219	1.32314	1126	0	31
2019.03.04	06:00:00	1.32314	1.32314	1.32256	1.32259	1299	0	35
2019.03.04	07:00:00	1.32259	1.32281	1.32176	1.32221	1458	0	34
2019.03.04	08:00:00	1.32223	1.32302	1.32220	1.32237	856	0	29
2019.03.04	09:00:00	1.32237	1.32460	1.32198	1.32393	4915	0	30
2019.03.04	10:00:00	1.32394	1.32604	1.32383	1.32565	7533	0	30
2019.03.04	11:00:00	1.32565	1.32691	1.32491	1.32546	5671	0	30
2019.03.04	12:00:00	1.32545	1.32562	1.32256	1.32272	4314	0	30
2019.03.04	13:00:00	1.32271	1.32300	1.32031	1.32071	6441	0	30
2019.03.04	14:00:00	1.32075	1.32223	1.31930	1.32205	5126	0	30
2019.03.04	15:00:00	1.32205	1.32333	1.32028	1.32072	4810	0	30
2019.03.04	16:00:00	1.32070	1.32072	1.31834	1.31951	6108	0	30
2019.03.04	17:00:00	1.31951	1.32044	1.31669	1.31698	7573	0	30
2019.03.04	18:00:00	1.31700	1.31818	1.31628	1.31761	6102	0	30
2019.03.04	19:00:00	1.31761	1.31841	1.31725	1.31765	3204	0	30
2019.03.04	20:00:00	1.31764	1.31808	1.31651	1.31694	2399	0	30
2019.03.04	21:00:00	1.31696	1.31696	1.31580	1.31623	1881	0	30
2019.03.04	22:00:00	1.31622	1.31634	1.31549	1.31560	2545	0	30
2019.03.04	23:00:00	1.31560	1.31685	1.31552	1.31640	1500	0	31
2019.03.05	00:00:00	1.31553	1.32383	1.31120	1.31621	77715	0	58
2019.03.05	01:00:00	1.31621	1.31684	1.31607	1.31649	2741	0	34
2019.03.05	02:00:00	1.31649	1.31667	1.31598	1.31628	1693	0	34
2019.03.05	03:00:00	1.31628	1.31654	1.31607	1.31619	2351	0	30
2019.03.05	04:00:00	1.31617	1.31654	1.31600	1.31632	1508	0	35
2019.03.05	05:00:00	1.31632	1.31635	1.31496	1.31498	2167	0	30
2019.03.05	06:00:00	1.31498	1.31566	1.31472	1.31537	2185	0	35
2019.03.05	07:00:00	1.31537	1.31563	1.31504	1.31538	1482	0	34
2019.03.05	08:00:00	1.31537	1.31590	1.31511	1.31564	2459	0	30
2019.03.05	09:00:00	1.31564	1.31731	1.31545	1.31711	4331	0	31
2019.03.05	10:00:00	1.31713	1.32011	1.31710	1.31871	6554	0	30
2019.03.05	11:00:00	1.31871	1.32088	1.31812	1.31976	4563	0	30
2019.03.05	12:00:00	1.31976	1.31996	1.31675	1.31715	2907	0	30
2019.03.05	13:00:00	1.31713	1.31854	1.31557	1.31818	3933	0	30
2019.03.05	14:00:00	1.31815	1.31854	1.31265	1.31363	6074	0	30
2019.03.05	15:00:00	1.31369	1.31398	1.31112	1.31266	7225	0	30
2019.03.05	16:00:00	1.31265	1.31463	1.31257	1.31353	7202	0	30
2019.03.05	17:00:00	1.31342	1.31733	1.31340	1.31595	9515	0	30
2019.03.05	18:00:00	1.31597	1.32168	1.31560	1.31981	8870	0	30
2019.03.05	19:00:00	1.31980	1.32209	1.31911	1.32185	4027	0	30
2019.03.05	20:00:00	1.32186	1.32366	1.32185	1.32258	3398	0	30
2019.03.05	21:00:00	1.32258	1.32363	1.32248	1.32276	3290	0	30
2019.03.05	22:00:00	1.32276	1.32337	1.32253	1.32312	3024	0	30
2019.03.05	23:00:00	1.32310	1.32378	1.32278	1.32280	1732	0	30
2019.03.06	00:00:00	1.32284	1.32423	1.31843	1.32050	74196	0	35
2019.03.06	01:00:00	1.32051	1.32188	1.32010	1.32129	4108	0	35
2019.03.06	02:00:00	1.32129	1.32160	1.32060	1.32083	2476	0	34
2019.03.06	03:00:00	1.32083	1.32141	1.32075	1.32116	1113	0	33
2019.03.06	04:00:00	1.32116	1.32156	1.32028	1.32035	1567	0	30
2019.03.06	05:00:00	1.32038	1.32090	1.31947	1.32004	2065	0	33
2019.03.06	06:00:00	1.32004	1.32079	1.32000	1.32043	1887	0	33
2019.03.06	07:00:00	1.32043	1.32050	1.31977	1.32038	2054	0	31
2019.03.06	08:00:00	1.32038	1.32057	1.31977	1.31995	2080	0	32
2019.03.06	09:00:00	1.31994	1.32089	1.31872	1.32033	4652	0	30
2019.03.06	10:00:00	1.32032	1.32101	1.31925	1.32097	5058	0	30
2019.03.06	11:00:00	1.32096	1.32176	1.31998	1.32139	4808	0	30
2019.03.06	12:00:00	1.32139	1.32147	1.31920	1.32038	4667	0	30
2019.03.06	13:00:00	1.32038	1.32123	1.31969	1.32055	4604	0	30
2019.03.06	14:00:00	1.32055	1.32107	1.31892	1.32069	5452	0	30
2019.03.06	15:00:00	1.32069	1.32174	1.31930	1.32034	7993	0	30
2019.03.06	16:00:00	1.32035	1.32119	1.31892	1.32039	6832	0	30
2019.03.06	17:00:00	1.32039	1.32197	1.31933	1.32036	8875	0	30
2019.03.06	18:00:00	1.32032	1.32127	1.31829	1.31963	7214	0	30
2019.03.06	19:00:00	1.31963	1.32262	1.31927	1.32245	5852	0	30
2019.03.06	20:00:00	1.32246	1.32298	1.32162	1.32256	3506	0	30
2019.03.06	21:00:00	1.32256	1.32381	1.32245	1.32352	3619	0	31
2019.03.06	22:00:00	1.32351	1.32384	1.32295	1.32375	2802	0	30
2019.03.06	23:00:00	1.32374	1.32416	1.32285	1.32322	1881	0	30
2019.03.07	00:00:00	1.32303	1.32833	1.31757	1.32339	84766	0	47
2019.03.07	01:00:00	1.32341	1.32403	1.32255	1.32356	1343	0	32
2019.03.07	02:00:00	1.32357	1.32371	1.32303	1.32334	1856	0	33
2019.03.07	03:00:00	1.32334	1.32347	1.32263	1.32268	2038	0	33
2019.03.07	04:00:00	1.32266	1.32399	1.32264	1.32398	2280	0	33
2019.03.07	05:00:00	1.32398	1.32417	1.32331	1.32355	1642	0	34
2019.03.07	06:00:00	1.32351	1.32365	1.32308	1.32326	1675	0	30
2019.03.07	07:00:00	1.32326	1.32371	1.32316	1.32355	1877	0	30
2019.03.07	08:00:00	1.32357	1.32378	1.32268	1.32309	2157	0	31
2019.03.07	09:00:00	1.32309	1.32368	1.32179	1.32313	3756	0	30
2019.03.07	10:00:00	1.32313	1.32361	1.32175	1.32252	6077	0	30
2019.03.07	11:00:00	1.32252	1.32367	1.32097	1.32246	6763	0	30
2019.03.07	12:00:00	1.32245	1.32255	1.32037	1.32102	4799	0	30
2019.03.07	13:00:00	1.32102	1.32104	1.31850	1.31955	5162	0	30
2019.03.07	14:00:00	1.31955	1.32139	1.31747	1.32114	9071	0	30
2019.03.07	15:00:00	1.32115	1.32355	1.32039	1.32161	10686	0	30
2019.03.07	16:00:00	1.32161	1.32276	1.31898	1.32030	9408	0	30
2019.03.07	17:00:00	1.32028	1.32395	1.31963	1.32245	8159	0	30
2019.03.07	18:00:00	1.32246	1.32437	1.32061	1.32423	9092	0	30
2019.03.07	19:00:00	1.32423	1.32830	1.32377	1.32642	7321	0	30
2019.03.07	20:00:00	1.32642	1.32678	1.32303	1.32311	4528	0	30
2019.03.07	21:00:00	1.32311	1.32376	1.32223	1.32335	5397	0	30
2019.03.07	22:00:00	1.32336	1.32339	1.32248	1.32296	2845	0	30
2019.03.07	23:00:00	1.32296	1.32356	1.32267	1.32267	1697	0	32
2019.03.08	00:00:00	1.32274	1.32425	1.30838	1.32225	85788	0	58
2019.03.08	01:00:00	1.32224	1.32347	1.32214	1.32316	1411	0	37
2019.03.08	02:00:00	1.32316	1.32418	1.32299	1.32387	2239	0	35
2019.03.08	03:00:00	1.32387	1.32407	1.32338	1.32378	2580	0	32
2019.03.08	04:00:00	1.32380	1.32394	1.32333	1.32350	2052	0	32
2019.03.08	05:00:00	1.32350	1.32385	1.32299	1.32378	2311	0	32
2019.03.08	06:00:00	1.32378	1.32405	1.32290	1.32314	2569	0	32
2019.03.08	07:00:00	1.32313	1.32348	1.32159	1.32200	2326	0	33
2019.03.08	08:00:00	1.32201	1.32220	1.32091	1.32123	2521	0	31
2019.03.08	09:00:00	1.32123	1.32192	1.32019	1.32106	5337	0	30
2019.03.08	10:00:00	1.32106	1.32339	1.32097	1.32168	6266	0	30
2019.03.08	11:00:00	1.32167	1.32285	1.32123	1.32165	6212	0	30
2019.03.08	12:00:00	1.32165	1.32184	1.32036	1.32125	5742	0	30
2019.03.08	13:00:00	1.32125	1.32167	1.31978	1.32025	4864	0	30
2019.03.08	14:00:00	1.32025	1.32025	1.31741	1.31908	4227	0	30
2019.03.08	15:00:00	1.31908	1.31951	1.31743	1.31801	8777	0	30
2019.03.08	16:00:00	1.31801	1.31815	1.31512	1.31601	7807	0	30
2019.03.08	17:00:00	1.31601	1.31843	1.31010	1.31035	13335	0	30
2019.03.08	18:00:00	1.31032	1.31375	1.31022	1.31038	9750	0	30
2019.03.08	19:00:00	1.31038	1.31055	1.30829	1.31005	6037	0	30
2019.03.08	20:00:00	1.31005	1.31017	1.30896	1.30944	3382	0	31
2019.03.08	21:00:00	1.30944	1.31088	1.30921	1.31074	2486	0	30
2019.03.08	22:00:00	1.31074	1.31156	1.31005	1.31155	2759	0	33
2019.03.08	23:00:00	1.31155	1.31215	1.31144	1.31180	1160	0	32
2019.03.11	00:00:00	1.30556	1.33233	1.30497	1.30847	88093	0	37
2019.03.11	01:00:00	1.30849	1.30943	1.30839	1.30873	1851	0	39
2019.03.11	02:00:00	1.30873	1.30903	1.30615	1.30689	2387	0	32
2019.03.11	03:00:00	1.30686	1.30830	1.30681	1.30827	2868	0	31
2019.03.11	04:00:00	1.30827	1.30835	1.30722	1.30781	1810	0	35
2019.03.11	05:00:00	1.30781	1.30823	1.30762	1.30804	942	0	37
2019.03.11	06:00:00	1.30804	1.30880	1.30800	1.30879	1179	0	37
2019.03.11	07:00:00	1.30879	1.30916	1.30838	1.30892	1205	0	31
2019.03.11	08:00:00	1.30894	1.30975	1.30879	1.30930	2187	0	32
2019.03.11	09:00:00	1.30929	1.31221	1.30917	1.31194	5858	0	30
2019.03.11	10:00:00	1.31197	1.31248	1.30955	1.30982	7423	0	30
2019.03.11	11:00:00	1.30981	1.31031	1.30607	1.30772	6038	0	30
2019.03.11	12:00:00	1.30772	1.31295	1.30762	1.31070	5206	0	30
2019.03.11	13:00:00	1.31070	1.31408	1.30980	1.31381	7173	0	30
2019.03.11	14:00:00	1.31382	1.31820	1.31335	1.31727	7958	0	30
2019.03.11	15:00:00	1.31727	1.32159	1.31565	1.32083	9799	0	30
2019.03.11	16:00:00	1.32085	1.32181	1.31868	1.32024	7857	0	30
2019.03.11	17:00:00	1.32024	1.32422	1.31977	1.32378	7384	0	30
2019.03.11	18:00:00	1.32377	1.32789	1.32253	1.32781	9419	0	30
2019.03.11	19:00:00	1.32782	1.33227	1.32717	1.32879	7796	0	30
2019.03.11	20:00:00	1.32880	1.33119	1.32809	1.32970	5643	0	30
2019.03.11	21:00:00	1.32972	1.32995	1.32695	1.32788	5357	0	30
2019.03.11	22:00:00	1.32785	1.32932	1.32772	1.32828	1631	0	30
2019.03.11	23:00:00	1.32840	1.33241	1.32805	1.33224	2020	0	40
2019.03.12	00:00:00	1.32880	1.34222	1.31193	1.33620	102325	0	30
2019.03.12	01:00:00	1.33621	1.33924	1.33618	1.33793	3139	0	31
2019.03.12	02:00:00	1.33793	1.33808	1.33515	1.33523	3208	0	31
2019.03.12	03:00:00	1.33523	1.33556	1.33423	1.33480	1638	0	31
2019.03.12	04:00:00	1.33480	1.33547	1.33480	1.33522	1697	0	33
2019.03.12	05:00:00	1.33523	1.33553	1.33464	1.33507	1941	0	31
2019.03.12	06:00:00	1.33508	1.33527	1.33428	1.33484	2198	0	30
2019.03.12	07:00:00	1.33488	1.33571	1.33447	1.33501	1815	0	32
2019.03.12	08:00:00	1.33503	1.33528	1.33381	1.33459	2288	0	31
2019.03.12	09:00:00	1.33459	1.33813	1.33449	1.33556	5020	0	30
2019.03.12	10:00:00	1.33555	1.33721	1.33239	1.33267	9975	0	30
2019.03.12	11:00:00	1.33267	1.33380	1.32855	1.33109	10309	0	30
2019.03.12	12:00:00	1.33111	1.33145	1.32463	1.32732	8713	0	30
2019.03.12	13:00:00	1.32732	1.33099	1.31141	1.31850	14177	0	30
2019.03.12	14:00:00	1.31850	1.32181	1.31590	1.31977	12303	0	30
2019.03.12	15:00:00	1.31977	1.32494	1.31734	1.32444	10112	0	30
2019.03.12	16:00:00	1.32441	1.32447	1.32012	1.32208	6747	0	30
2019.03.12	17:00:00	1.32208	1.32258	1.31924	1.31982	6586	0	30
2019.03.12	18:00:00	1.31984	1.32029	1.31592	1.31626	6111	0	30
2019.03.12	19:00:00	1.31626	1.31862	1.31452	1.31641	3634	0	30
2019.03.12	20:00:00	1.31641	1.31755	1.31468	1.31750	4964	0	30
2019.03.12	21:00:00	1.31750	1.32358	1.31438	1.31655	8924	0	30
2019.03.12	22:00:00	1.31655	1.31765	1.31420	1.31672	2138	0	30
2019.03.12	23:00:00	1.31680	1.31784	1.31560	1.31723	1972	0	58
2019.03.13	00:00:00	1.31707	1.34171	1.31592	1.31737	84214	0	33
2019.03.13	01:00:00	1.31735	1.31764	1.31583	1.31610	1388	0	35
2019.03.13	02:00:00	1.31610	1.31805	1.31600	1.31685	1797	0	32
2019.03.13	03:00:00	1.31685	1.31874	1.31685	1.31832	2117	0	34
2019.03.13	04:00:00	1.31832	1.31870	1.31793	1.31869	1296	0	34
2019.03.13	05:00:00	1.31869	1.31869	1.31796	1.31813	1638	0	33
2019.03.13	06:00:00	1.31809	1.31908	1.31802	1.31850	1585	0	32
2019.03.13	07:00:00	1.31850	1.31960	1.31849	1.31956	1531	0	32
2019.03.13	08:00:00	1.31956	1.32197	1.31848	1.32035	2239	0	33
2019.03.13	09:00:00	1.32035	1.32516	1.31908	1.32494	6142	0	30
2019.03.13	10:00:00	1.32496	1.32555	1.32240	1.32373	7361	0	30
2019.03.13	11:00:00	1.32373	1.32431	1.32074	1.32101	5934	0	30
2019.03.13	12:00:00	1.32101	1.32366	1.32005	1.32296	6239	0	30
2019.03.13	13:00:00	1.32296	1.32591	1.32208	1.32342	6462	0	30
2019.03.13	14:00:00	1.32342	1.32536	1.32260	1.32532	6476	0	30
2019.03.13	15:00:00	1.32534	1.32698	1.32320	1.32636	8274	0	30
2019.03.13	16:00:00	1.32630	1.32688	1.32518	1.32605	5023	0	30
2019.03.13	17:00:00	1.32605	1.32916	1.32543	1.32877	9783	0	30
2019.03.13	18:00:00	1.32888	1.32904	1.32661	1.32776	7118	0	30
2019.03.13	19:00:00	1.32776	1.32904	1.32628	1.32639	4013	0	30
2019.03.13	20:00:00	1.32640	1.32781	1.32558	1.32600	3715	0	31
2019.03.13	21:00:00	1.32600	1.33172	1.32593	1.32953	8791	0	30
2019.03.13	22:00:00	1.32954	1.34170	1.32912	1.33868	6010	0	30
2019.03.13	23:00:00	1.33871	1.33871	1.33518	1.33556	1631	0	75
2019.03.14	00:00:00	1.33862	1.33862	1.32571	1.33469	91742	0	38
2019.03.14	01:00:00	1.33467	1.33489	1.33179	1.33303	2621	0	33
2019.03.14	02:00:00	1.33303	1.33312	1.33095	1.33244	2154	0	30
2019.03.14	03:00:00	1.33244	1.33256	1.33052	1.33064	2848	0	32
2019.03.14	04:00:00	1.33064	1.33170	1.33020	1.33094	2324	0	33
2019.03.14	05:00:00	1.33095	1.33145	1.33029	1.33116	2628	0	32
2019.03.14	06:00:00	1.33114	1.33118	1.32965	1.33001	2784	0	30
2019.03.14	07:00:00	1.33000	1.33069	1.32973	1.33066	2631	0	31
2019.03.14	08:00:00	1.33068	1.33363	1.33004	1.33269	3281	0	30
2019.03.14	09:00:00	1.33269	1.33425	1.33147	1.33229	4739	0	30
2019.03.14	10:00:00	1.33229	1.33769	1.33218	1.33602	8778	0	30
2019.03.14	11:00:00	1.33600	1.33612	1.33106	1.33116	8971	0	30
2019.03.14	12:00:00	1.33116	1.33192	1.32557	1.32917	9254	0	30
2019.03.14	13:00:00	1.32918	1.33081	1.32721	1.32938	7768	0	30
2019.03.14	14:00:00	1.32939	1.33460	1.32807	1.33352	8359	0	30
2019.03.14	15:00:00	1.33353	1.33386	1.32928	1.33043	7166	0	30
2019.03.14	16:00:00	1.33043	1.33046	1.32861	1.33034	6089	0	30
2019.03.14	17:00:00	1.33032	1.33412	1.33025	1.33383	7831	0	32
2019.03.14	18:00:00	1.33383	1.33459	1.33161	1.33240	5165	0	30
2019.03.14	19:00:00	1.33242	1.33342	1.32923	1.33081	4690	0	30
2019.03.14	20:00:00	1.33082	1.33361	1.32748	1.32876	5557	0	30
2019.03.14	21:00:00	1.32874	1.32882	1.32675	1.32769	3563	0	32
2019.03.14	22:00:00	1.32769	1.32930	1.32711	1.32865	1112	0	33
2019.03.14	23:00:00	1.32878	1.33097	1.32618	1.33059	3408	0	33
2019.03.15	00:00:00	1.32886	1.33414	1.32328	1.32941	75661	0	41
2019.03.15	01:00:00	1.32940	1.33046	1.32937	1.33029	1600	0	34
2019.03.15	02:00:00	1.33025	1.33042	1.32909	1.32917	1780	0	32
2019.03.15	03:00:00	1.32917	1.32919	1.32802	1.32843	1841	0	36
2019.03.15	04:00:00	1.32843	1.32907	1.32832	1.32896	2533	0	35
2019.03.15	05:00:00	1.32893	1.32896	1.32678	1.32743	2491	0	32
2019.03.15	06:00:00	1.32741	1.32813	1.32726	1.32766	2029	0	34
2019.03.15	07:00:00	1.32766	1.32779	1.32673	1.32680	1299	0	31
2019.03.15	08:00:00	1.32676	1.32814	1.32675	1.32787	2208	0	30
2019.03.15	09:00:00	1.32788	1.32869	1.32319	1.32536	4990	0	30
2019.03.15	10:00:00	1.32536	1.32889	1.32462	1.32872	6697	0	30
2019.03.15	11:00:00	1.32872	1.33145	1.32834	1.33100	4668	0	30
2019.03.15	12:00:00	1.33099	1.33312	1.33057	1.33099	5801	0	30
2019.03.15	13:00:00	1.33098	1.33165	1.32959	1.33149	5932	0	30
2019.03.15	14:00:00	1.33149	1.33155	1.32906	1.33013	6633	0	30
2019.03.15	15:00:00	1.33012	1.33161	1.32919	1.33103	7712	0	30
2019.03.15	16:00:00	1.33107	1.33141	1.32921	1.33004	7467	0	31
2019.03.15	17:00:00	1.33005	1.33176	1.32834	1.33105	9337	0	30
2019.03.15	18:00:00	1.33105	1.33405	1.33027	1.33309	6537	0	31
2019.03.15	19:00:00	1.33311	1.33347	1.33155	1.33180	2023	0	30
2019.03.15	20:00:00	1.33180	1.33180	1.33045	1.33133	1837	0	31
2019.03.15	21:00:00	1.33133	1.33263	1.33104	1.33185	3078	0	30
2019.03.15	22:00:00	1.33183	1.33225	1.33033	1.33136	1780	0	33
2019.03.18	00:00:00	1.33212	1.33318	1.32059	1.33135	69420	0	36
2019.03.18	01:00:00	1.33136	1.33304	1.33136	1.33267	1880	0	35
2019.03.18	02:00:00	1.33266	1.33283	1.33176	1.33191	3353	0	34
2019.03.18	03:00:00	1.33191	1.33205	1.33144	1.33174	2124	0	31
2019.03.18	04:00:00	1.33174	1.33202	1.33128	1.33190	3121	0	32
2019.03.18	05:00:00	1.33190	1.33196	1.33108	1.33162	2773	0	33
2019.03.18	06:00:00	1.33162	1.33191	1.33069	1.33073	1570	0	30
2019.03.18	07:00:00	1.33073	1.33114	1.32956	1.33061	1979	0	34
2019.03.18	08:00:00	1.33061	1.33158	1.32923	1.32974	2633	0	30
2019.03.18	09:00:00	1.32974	1.33067	1.32883	1.33024	3669	0	30
2019.03.18	10:00:00	1.33024	1.33128	1.32708	1.32753	7431	0	30
2019.03.18	11:00:00	1.32753	1.32765	1.32491	1.32650	7636	0	30
2019.03.18	12:00:00	1.32648	1.32704	1.32324	1.32563	5247	0	30
2019.03.18	13:00:00	1.32563	1.32730	1.32508	1.32629	5440	0	30
2019.03.18	14:00:00	1.32628	1.32762	1.32455	1.32541	5144	0	30
2019.03.18	15:00:00	1.32543	1.32649	1.32421	1.32437	4546	0	30
2019.03.18	16:00:00	1.32438	1.32718	1.32420	1.32550	4248	0	30
2019.03.18	17:00:00	1.32550	1.32550	1.32050	1.32212	9561	0	30
2019.03.18	18:00:00	1.32212	1.32457	1.32212	1.32422	6520	0	30
2019.03.18	19:00:00	1.32423	1.32528	1.32389	1.32512	2417	0	30
2019.03.18	20:00:00	1.32512	1.32667	1.32403	1.32647	2971	0	31
2019.03.18	21:00:00	1.32652	1.32671	1.32528	1.32640	2947	0	30
2019.03.18	22:00:00	1.32638	1.32657	1.32574	1.32656	1317	0	36
2019.03.18	23:00:00	1.32631	1.32667	1.32488	1.32595	2126	0	54
2019.03.19	00:00:00	1.32671	1.33044	1.32387	1.32600	69116	0	37
2019.03.19	01:00:00	1.32600	1.32797	1.32600	1.32784	2425	0	30
2019.03.19	02:00:00	1.32785	1.32845	1.32701	1.32738	2984	0	31
2019.03.19	03:00:00	1.32740	1.32793	1.32696	1.32755	2979	0	33
2019.03.19	04:00:00	1.32758	1.32843	1.32736	1.32782	2869	0	30
2019.03.19	05:00:00	1.32781	1.32807	1.32755	1.32787	2035	0	35
2019.03.19	06:00:00	1.32787	1.32852	1.32755	1.32818	1362	0	33
2019.03.19	07:00:00	1.32816	1.32825	1.32711	1.32779	1916	0	32
2019.03.19	08:00:00	1.32779	1.32807	1.32727	1.32771	2296	0	31
2019.03.19	09:00:00	1.32772	1.32786	1.32603	1.32715	3642	0	31
2019.03.19	10:00:00	1.32714	1.32769	1.32591	1.32603	5746	0	30
2019.03.19	11:00:00	1.32602	1.32784	1.32572	1.32693	5438	0	30
2019.03.19	12:00:00	1.32692	1.32934	1.32602	1.32876	5542	0	30
2019.03.19	13:00:00	1.32876	1.33038	1.32718	1.32749	7107	0	30
2019.03.19	14:00:00	1.32749	1.32865	1.32670	1.32687	5720	0	30
2019.03.19	15:00:00	1.32690	1.32730	1.32479	1.32483	6772	0	30
2019.03.19	16:00:00	1.32483	1.32610	1.32380	1.32534	6961	0	30
2019.03.19	17:00:00	1.32534	1.32642	1.32438	1.32631	6296	0	30
2019.03.19	18:00:00	1.32633	1.32767	1.32519	1.32673	7603	0	30
2019.03.19	19:00:00	1.32673	1.32716	1.32520	1.32560	2614	0	30
2019.03.19	20:00:00	1.32560	1.32638	1.32549	1.32574	2117	0	31
2019.03.19	21:00:00	1.32579	1.32645	1.32529	1.32540	2002	0	30
2019.03.19	22:00:00	1.32541	1.32590	1.32489	1.32490	1145	0	30
2019.03.19	23:00:00	1.32501	1.32587	1.32434	1.32522	2614	0	52
2019.03.20	00:00:00	1.32524	1.32609	1.30718	1.32516	81707	0	37
2019.03.20	01:00:00	1.32514	1.32567	1.32495	1.32528	1902	0	35
2019.03.20	02:00:00	1.32528	1.32538	1.32465	1.32483	3860	0	35
2019.03.20	03:00:00	1.32487	1.32572	1.32481	1.32499	3159	0	31
2019.03.20	04:00:00	1.32499	1.32531	1.32485	1.32519	1684	0	35
2019.03.20	05:00:00	1.32518	1.32543	1.32472	1.32500	1827	0	34
2019.03.20	06:00:00	1.32500	1.32518	1.32483	1.32485	1236	0	35
2019.03.20	07:00:00	1.32483	1.32499	1.32455	1.32475	1595	0	34
2019.03.20	08:00:00	1.32475	1.32489	1.32396	1.32417	1867	0	30
2019.03.20	09:00:00	1.32414	1.32495	1.32294	1.32407	5413	0	30
2019.03.20	10:00:00	1.32404	1.32417	1.32142	1.32250	8080	0	30
2019.03.20	11:00:00	1.32250	1.32328	1.32064	1.32195	6386	0	30
2019.03.20	12:00:00	1.32197	1.32316	1.32029	1.32260	6135	0	30
2019.03.20	13:00:00	1.32260	1.32378	1.31995	1.32036	5914	0	30
2019.03.20	14:00:00	1.32036	1.32036	1.31200	1.31282	10210	0	30
2019.03.20	15:00:00	1.31283	1.31635	1.31264	1.31533	8080	0	30
2019.03.20	16:00:00	1.31532	1.31713	1.31333	1.31550	7075	0	30
2019.03.20	17:00:00	1.31550	1.31765	1.31425	1.31560	8654	0	30
2019.03.20	18:00:00	1.31563	1.31771	1.31395	1.31514	7085	0	30
2019.03.20	19:00:00	1.31514	1.31543	1.31271	1.31386	4258	0	30
2019.03.20	20:00:00	1.31356	1.31453	1.31066	1.31098	11354	0	30
2019.03.20	21:00:00	1.31095	1.31123	1.30703	1.30792	8654	0	30
2019.03.20	22:00:00	1.30792	1.31015	1.30788	1.30888	2928	0	31
2019.03.20	23:00:00	1.30897	1.30920	1.30656	1.30733	2720	0	53
2019.03.21	00:00:00	1.30905	1.31155	1.29188	1.30784	92216	0	41
2019.03.21	01:00:00	1.30786	1.30900	1.30778	1.30844	2354	0	35
2019.03.21	02:00:00	1.30845	1.30977	1.30845	1.30935	2996	0	32
2019.03.21	03:00:00	1.30935	1.31008	1.30929	1.30994	1840	0	30
2019.03.21	04:00:00	1.30994	1.31000	1.30941	1.30966	2612	0	33
2019.03.21	05:00:00	1.30966	1.30978	1.30908	1.30964	2856	0	30
2019.03.21	06:00:00	1.30964	1.30972	1.30831	1.30953	2713	0	32
2019.03.21	07:00:00	1.30955	1.31021	1.30950	1.30986	2188	0	31
2019.03.21	08:00:00	1.30987	1.31071	1.30950	1.31009	2472	0	32
2019.03.21	09:00:00	1.31012	1.31149	1.30740	1.30774	6629	0	30
2019.03.21	10:00:00	1.30771	1.30808	1.30532	1.30679	10011	0	30
2019.03.21	11:00:00	1.30676	1.30844	1.30610	1.30766	6507	0	30
2019.03.21	12:00:00	1.30766	1.30810	1.30363	1.30547	7395	0	30
2019.03.21	13:00:00	1.30546	1.30583	1.30223	1.30230	8003	0	30
2019.03.21	14:00:00	1.30248	1.30679	1.30229	1.30327	9378	0	30
2019.03.21	15:00:00	1.30327	1.30637	1.30229	1.30556	9024	0	30
2019.03.21	16:00:00	1.30557	1.30663	1.30127	1.30198	9299	0	30
2019.03.21	17:00:00	1.30200	1.30235	1.29683	1.29725	10328	0	30
2019.03.21	18:00:00	1.29725	1.29741	1.29133	1.29664	10709	0	30
2019.03.21	19:00:00	1.29664	1.29818	1.29560	1.29739	4438	0	31
2019.03.21	20:00:00	1.29740	1.30019	1.29628	1.29916	7170	0	30
2019.03.21	21:00:00	1.29916	1.30115	1.29792	1.30010	4771	0	30
2019.03.21	22:00:00	1.30011	1.30129	1.29913	1.29917	1841	0	29
2019.03.21	23:00:00	1.29917	1.30213	1.29646	1.30009	2967	0	38
2019.03.22	00:00:00	1.29774	1.31433	1.29735	1.30129	75415	0	37
2019.03.22	01:00:00	1.30118	1.30261	1.30081	1.30222	1930	0	32
2019.03.22	02:00:00	1.30224	1.30301	1.30193	1.30270	4246	0	30
2019.03.22	03:00:00	1.30272	1.30381	1.30253	1.30374	3715	0	33
2019.03.22	04:00:00	1.30371	1.30457	1.30349	1.30430	1942	0	32
2019.03.22	05:00:00	1.30430	1.30452	1.30380	1.30428	1911	0	34
2019.03.22	06:00:00	1.30428	1.30438	1.30344	1.30355	1343	0	32
2019.03.22	07:00:00	1.30355	1.30463	1.30320	1.30447	1736	0	33
2019.03.22	08:00:00	1.30451	1.30571	1.30426	1.30449	2577	0	30
2019.03.22	09:00:00	1.30449	1.30504	1.30231	1.30369	4866	0	30
2019.03.22	10:00:00	1.30369	1.30539	1.30123	1.30419	14011	0	30
2019.03.22	11:00:00	1.30417	1.30601	1.30304	1.30502	11496	0	30
2019.03.22	12:00:00	1.30500	1.30916	1.30491	1.30856	8345	0	30
2019.03.22	13:00:00	1.30858	1.30982	1.30635	1.30706	9031	0	30
2019.03.22	14:00:00	1.30706	1.30998	1.30705	1.30824	7284	0	30
2019.03.22	15:00:00	1.30824	1.31212	1.30762	1.31024	7282	0	30
2019.03.22	16:00:00	1.31024	1.31208	1.30937	1.31148	10486	0	30
2019.03.22	17:00:00	1.31148	1.31385	1.31050	1.31378	9100	0	30
2019.03.22	18:00:00	1.31378	1.31410	1.31086	1.31160	8939	0	30
2019.03.22	19:00:00	1.31160	1.31416	1.31081	1.31245	3756	0	30
2019.03.22	20:00:00	1.31245	1.31398	1.31214	1.31330	3106	0	31
2019.03.22	21:00:00	1.31329	1.31373	1.31161	1.31211	3636	0	30
2019.03.22	22:00:00	1.31215	1.31274	1.31142	1.31142	1929	0	32
2019.03.25	00:00:00	1.31252	1.31493	1.30608	1.31269	69058	0	35
2019.03.25	01:00:00	1.31267	1.31330	1.31244	1.31246	1381	0	40
2019.03.25	02:00:00	1.31249	1.31262	1.31038	1.31054	3534	0	31
2019.03.25	03:00:00	1.31054	1.31139	1.31032	1.31077	2963	0	32
2019.03.25	04:00:00	1.31078	1.31185	1.31066	1.31183	2372	0	34
2019.03.25	05:00:00	1.31183	1.31223	1.31124	1.31171	2746	0	34
2019.03.25	06:00:00	1.31170	1.31228	1.31146	1.31204	2454	0	33
2019.03.25	07:00:00	1.31204	1.31281	1.31188	1.31231	3009	0	33
2019.03.25	08:00:00	1.31231	1.31237	1.30949	1.30996	2373	0	31
2019.03.25	09:00:00	1.30992	1.31196	1.30857	1.31092	5400	0	30
2019.03.25	10:00:00	1.31096	1.31321	1.31006	1.31268	8792	0	30
2019.03.25	11:00:00	1.31268	1.31316	1.30928	1.30986	7365	0	30
2019.03.25	12:00:00	1.30986	1.31006	1.30796	1.30917	6786	0	30
2019.03.25	13:00:00	1.30917	1.31075	1.30832	1.31055	5378	0	30
2019.03.25	14:00:00	1.31051	1.31487	1.30951	1.31303	8668	0	30
2019.03.25	15:00:00	1.31305	1.31474	1.30976	1.31236	7771	0	30
2019.03.25	16:00:00	1.31236	1.31467	1.30979	1.31006	7456	0	30
2019.03.25	17:00:00	1.31006	1.31300	1.30894	1.30895	7436	0	30
2019.03.25	18:00:00	1.30895	1.30963	1.30674	1.30793	6455	0	30
2019.03.25	19:00:00	1.30795	1.30797	1.30668	1.30757	3122	0	30
2019.03.25	20:00:00	1.30757	1.30835	1.30602	1.30801	4389	0	31
2019.03.25	21:00:00	1.30801	1.30992	1.30763	1.30920	2961	0	30
2019.03.25	22:00:00	1.30918	1.30964	1.30890	1.30924	1211	0	32
2019.03.25	23:00:00	1.30951	1.30951	1.30751	1.30884	3515	0	66
2019.03.26	00:00:00	1.30766	1.31784	1.30649	1.31028	69898	0	31
2019.03.26	01:00:00	1.31028	1.31149	1.30993	1.31094	1734	0	33
2019.03.26	02:00:00	1.31098	1.31100	1.30887	1.30923	2202	0	31
2019.03.26	03:00:00	1.30923	1.30985	1.30896	1.30978	1954	0	35
2019.03.26	04:00:00	1.30978	1.31006	1.30903	1.30908	1614	0	31
2019.03.26	05:00:00	1.30911	1.30948	1.30908	1.30940	1802	0	31
2019.03.26	06:00:00	1.30936	1.30948	1.30808	1.30828	3370	0	32
2019.03.26	07:00:00	1.30827	1.30922	1.30824	1.30846	2635	0	30
2019.03.26	08:00:00	1.30846	1.31050	1.30805	1.31032	2592	0	33
2019.03.26	09:00:00	1.31032	1.31307	1.30995	1.31208	5214	0	30
2019.03.26	10:00:00	1.31208	1.31208	1.30900	1.30959	6993	0	30
2019.03.26	11:00:00	1.30956	1.31121	1.30643	1.31049	7020	0	30
2019.03.26	12:00:00	1.31049	1.31586	1.30961	1.31328	7512	0	30
2019.03.26	13:00:00	1.31328	1.31570	1.31224	1.31523	6843	0	30
2019.03.26	14:00:00	1.31519	1.31773	1.31419	1.31641	8646	0	30
2019.03.26	15:00:00	1.31641	1.31719	1.31434	1.31449	7211	0	30
2019.03.26	16:00:00	1.31448	1.31646	1.31279	1.31539	7542	0	30
2019.03.26	17:00:00	1.31537	1.31617	1.31273	1.31342	6171	0	30
2019.03.26	18:00:00	1.31342	1.31405	1.31236	1.31302	5259	0	30
2019.03.26	19:00:00	1.31302	1.31353	1.31172	1.31345	3146	0	30
2019.03.26	20:00:00	1.31344	1.31459	1.31300	1.31333	4223	0	30
2019.03.26	21:00:00	1.31333	1.31371	1.31224	1.31254	3404	0	31
2019.03.26	22:00:00	1.31248	1.31404	1.31161	1.31248	1951	0	31
2019.03.26	23:00:00	1.31298	1.31348	1.31134	1.31269	3027	0	58
2019.03.27	00:00:00	1.31267	1.32031	1.30795	1.31229	83865	0	37
2019.03.27	01:00:00	1.31231	1.31306	1.31226	1.31273	2258	0	36
2019.03.27	02:00:00	1.31273	1.31401	1.31230	1.31320	3645	0	34
2019.03.27	03:00:00	1.31320	1.31323	1.31164	1.31199	3417	0	31
2019.03.27	04:00:00	1.31199	1.31279	1.31139	1.31274	2224	0	30
2019.03.27	05:00:00	1.31274	1.31286	1.31199	1.31231	1925	0	33
2019.03.27	06:00:00	1.31231	1.31319	1.31219	1.31258	2620	0	32
2019.03.27	07:00:00	1.31256	1.31319	1.31240	1.31286	1724	0	35
2019.03.27	08:00:00	1.31286	1.31335	1.31248	1.31293	2020	0	31
2019.03.27	09:00:00	1.31293	1.31381	1.31091	1.31351	4789	0	30
2019.03.27	10:00:00	1.31351	1.31419	1.31020	1.31130	8826	0	30
2019.03.27	11:00:00	1.31130	1.31241	1.31072	1.31137	7090	0	30
2019.03.27	12:00:00	1.31137	1.31199	1.30783	1.31184	7258	0	30
2019.03.27	13:00:00	1.31185	1.31422	1.31115	1.31413	7089	0	30
2019.03.27	14:00:00	1.31415	1.31612	1.31300	1.31535	7601	0	30
2019.03.27	15:00:00	1.31536	1.31645	1.31414	1.31462	8022	0	30
2019.03.27	16:00:00	1.31462	1.31495	1.31279	1.31311	6662	0	30
2019.03.27	17:00:00	1.31315	1.31658	1.31130	1.31194	9511	0	30
2019.03.27	18:00:00	1.31199	1.31557	1.31141	1.31472	8585	0	30
2019.03.27	19:00:00	1.31472	1.31663	1.31356	1.31544	7038	0	30
2019.03.27	20:00:00	1.31542	1.31989	1.31479	1.31938	6264	0	30
2019.03.27	21:00:00	1.31938	1.32031	1.31827	1.31856	4912	0	30
2019.03.27	22:00:00	1.31853	1.31939	1.31134	1.31144	3781	0	30
2019.03.27	23:00:00	1.31155	1.31379	1.30722	1.30752	2923	0	72
2019.03.28	00:00:00	1.31168	1.31393	1.29790	1.30804	76845	0	34
2019.03.28	01:00:00	1.30804	1.30905	1.30712	1.30806	2756	0	31
2019.03.28	02:00:00	1.30806	1.31153	1.30798	1.31121	3430	0	33
2019.03.28	03:00:00	1.31121	1.31163	1.31049	1.31149	2941	0	32
2019.03.28	04:00:00	1.31149	1.31205	1.31129	1.31181	3041	0	30
2019.03.28	05:00:00	1.31181	1.31275	1.31137	1.31257	2542	0	30
2019.03.28	06:00:00	1.31257	1.31322	1.31253	1.31314	2354	0	33
2019.03.28	07:00:00	1.31314	1.31335	1.31273	1.31282	2345	0	32
2019.03.28	08:00:00	1.31282	1.31291	1.31207	1.31257	2060	0	30
2019.03.28	09:00:00	1.31257	1.31293	1.30928	1.31053	5417	0	30
2019.03.28	10:00:00	1.31047	1.31065	1.30743	1.30956	8539	0	30
2019.03.28	11:00:00	1.30954	1.31065	1.30699	1.30757	5380	0	30
2019.03.28	12:00:00	1.30759	1.30998	1.30619	1.30981	7809	0	30
2019.03.28	13:00:00	1.30981	1.31018	1.30494	1.30679	8800	0	30
2019.03.28	14:00:00	1.30679	1.31050	1.30536	1.30722	7152	0	30
2019.03.28	15:00:00	1.30721	1.30731	1.30310	1.30323	8288	0	30
2019.03.28	16:00:00	1.30323	1.30608	1.30284	1.30482	7957	0	30
2019.03.28	17:00:00	1.30479	1.30559	1.30137	1.30245	7852	0	30
2019.03.28	18:00:00	1.30244	1.30329	1.29882	1.30006	7346	0	30
2019.03.28	19:00:00	1.30009	1.30341	1.29892	1.30080	5924	0	30
2019.03.28	20:00:00	1.30080	1.30080	1.29839	1.29965	4020	0	30
2019.03.28	21:00:00	1.29965	1.30052	1.29858	1.30043	2356	0	30
2019.03.28	22:00:00	1.30043	1.30068	1.29764	1.29764	1923	0	31
2019.03.28	23:00:00	1.29774	1.29863	1.29619	1.29740	3511	0	55
2019.03.29	00:00:00	1.29739	1.30736	1.29208	1.29856	67175	0	43
2019.03.29	01:00:00	1.29856	1.29900	1.29827	1.29855	1390	0	32
2019.03.29	02:00:00	1.29855	1.30088	1.29842	1.29940	3759	0	30
2019.03.29	03:00:00	1.29940	1.30095	1.29900	1.30062	2969	0	32
2019.03.29	04:00:00	1.30062	1.30115	1.30021	1.30099	2838	0	31
2019.03.29	05:00:00	1.30099	1.30130	1.30068	1.30074	1913	0	30
2019.03.29	06:00:00	1.30074	1.30168	1.30070	1.30157	2593	0	35
2019.03.29	07:00:00	1.30157	1.30199	1.30123	1.30145	2242	0	32
2019.03.29	08:00:00	1.30145	1.30293	1.30101	1.30175	2728	0	30
2019.03.29	09:00:00	1.30179	1.30288	1.29699	1.29699	4089	0	30
2019.03.29	10:00:00	1.29699	1.29882	1.29525	1.29567	7506	0	30
2019.03.29	11:00:00	1.29567	1.29746	1.29442	1.29702	7226	0	30
2019.03.29	12:00:00	1.29702	1.30353	1.29642	1.30191	9540	0	30
2019.03.29	13:00:00	1.30191	1.30726	1.30175	1.30505	9928	0	30
2019.03.29	14:00:00	1.30505	1.30594	1.30301	1.30357	6617	0	31
2019.03.29	15:00:00	1.30359	1.30380	1.29971	1.30094	6053	0	30
2019.03.29	16:00:00	1.30094	1.30106	1.29193	1.29433	11028	0	30
2019.03.29	17:00:00	1.29428	1.30070	1.29387	1.29785	10733	0	30
2019.03.29	18:00:00	1.29785	1.29868	1.29454	1.29472	6643	0	30
2019.03.29	19:00:00	1.29467	1.29599	1.29346	1.29346	3833	0	31
2019.03.29	20:00:00	1.29346	1.29565	1.29292	1.29499	3620	0	31
2019.03.29	21:00:00	1.29493	1.29673	1.29484	1.29650	3609	0	33
2019.03.29	22:00:00	1.29650	1.29710	1.29541	1.29603	2020	0	30
2019.04.01	00:00:00	1.29645	1.31285	1.29422	1.29626	57766	0	105
2019.04.01	01:00:00	1.29626	1.29695	1.29510	1.29556	1083	0	30
2019.04.01	02:00:00	1.29556	1.29603	1.29530	1.29575	2034	0	30
2019.04.01	03:00:00	1.29575	1.29604	1.29510	1.29569	2432	0	31
2019.04.01	04:00:00	1.29569	1.29728	1.29541	1.29696	3478	0	31
2019.04.01	05:00:00	1.29701	1.29806	1.29682	1.29786	2891	0	30
2019.04.01	06:00:00	1.29786	1.29865	1.29762	1.29843	1718	0	30
2019.04.01	07:00:00	1.29842	1.29862	1.29783	1.29857	2054	0	30
2019.04.01	08:00:00	1.29857	1.30078	1.29857	1.29989	2502	0	30
2019.04.01	09:00:00	1.29991	1.30229	1.29949	1.30060	4868	0	30
2019.04.01	10:00:00	1.30063	1.30067	1.29869	1.29968	6760	0	30
2019.04.01	11:00:00	1.29966	1.30141	1.29868	1.30097	7528	0	30
2019.04.01	12:00:00	1.30093	1.30226	1.29962	1.30187	6341	0	30
2019.04.01	13:00:00	1.30188	1.30443	1.30090	1.30407	6122	0	30
2019.04.01	14:00:00	1.30405	1.30573	1.30309	1.30470	5969	0	30
2019.04.01	15:00:00	1.30472	1.30546	1.30226	1.30470	5820	0	30
2019.04.01	16:00:00	1.30470	1.30653	1.30357	1.30573	7101	0	30
2019.04.01	17:00:00	1.30573	1.31190	1.30497	1.31054	8350	0	30
2019.04.01	18:00:00	1.31055	1.31268	1.30901	1.31249	5650	0	30
2019.04.01	19:00:00	1.31249	1.31276	1.31039	1.31049	3376	0	30
2019.04.01	20:00:00	1.31049	1.31232	1.31047	1.31181	2597	0	30
2019.04.01	21:00:00	1.31181	1.31239	1.31071	1.31093	2859	0	31
2019.04.01	22:00:00	1.31096	1.31151	1.30940	1.31040	2875	0	31
2019.04.01	23:00:00	1.31040	1.31085	1.30775	1.30789	1872	0	30
2019.04.02	00:00:00	1.30687	1.31243	1.30041	1.30391	64448	0	70
2019.04.02	01:00:00	1.30391	1.30704	1.30366	1.30637	2902	0	36
2019.04.02	02:00:00	1.30637	1.30641	1.30539	1.30570	1948	0	38
2019.04.02	03:00:00	1.30570	1.30615	1.30485	1.30615	2015	0	30
2019.04.02	04:00:00	1.30615	1.30630	1.30494	1.30499	2061	0	32
2019.04.02	05:00:00	1.30499	1.30532	1.30435	1.30518	1556	0	32
2019.04.02	06:00:00	1.30518	1.30556	1.30481	1.30535	3585	0	31
2019.04.02	07:00:00	1.30534	1.30564	1.30500	1.30517	2196	0	33
2019.04.02	08:00:00	1.30517	1.30632	1.30497	1.30501	2858	0	31
2019.04.02	09:00:00	1.30502	1.30511	1.30237	1.30348	5449	0	30
2019.04.02	10:00:00	1.30348	1.30407	1.30168	1.30404	9432	0	30
2019.04.02	11:00:00	1.30404	1.30572	1.30326	1.30381	6688	0	30
2019.04.02	12:00:00	1.30381	1.30656	1.30336	1.30391	4600	0	30
2019.04.02	13:00:00	1.30391	1.30604	1.30344	1.30560	3984	0	30
2019.04.02	14:00:00	1.30561	1.30561	1.30085	1.30100	5296	0	30
2019.04.02	15:00:00	1.30100	1.30215	1.30031	1.30156	6212	0	30
2019.04.02	16:00:00	1.30156	1.30429	1.30108	1.30379	6465	0	30
2019.04.02	17:00:00	1.30378	1.30405	1.30080	1.30118	7814	0	30
2019.04.02	18:00:00	1.30119	1.30251	1.30067	1.30139	6414	0	30
2019.04.02	19:00:00	1.30139	1.30569	1.30056	1.30514	3939	0	30
2019.04.02	20:00:00	1.30510	1.31053	1.30452	1.30908	8818	0	30
2019.04.02	21:00:00	1.30910	1.31044	1.30871	1.30909	3016	0	30
2019.04.02	22:00:00	1.30909	1.31052	1.30882	1.31044	2721	0	30
2019.04.02	23:00:00	1.31044	1.31236	1.30970	1.30984	2667	0	30
2019.04.03	00:00:00	1.30906	1.31723	1.30750	1.30942	51629	0	58
2019.04.03	01:00:00	1.30945	1.31151	1.30941	1.31008	876	0	33
2019.04.03	02:00:00	1.31008	1.31075	1.30982	1.31007	1785	0	37
2019.04.03	03:00:00	1.31007	1.31059	1.30963	1.31020	3869	0	30
2019.04.03	04:00:00	1.31020	1.31050	1.30950	1.31012	3312	0	31
2019.04.03	05:00:00	1.31012	1.31171	1.31005	1.31140	3650	0	31
2019.04.03	06:00:00	1.31140	1.31153	1.31086	1.31096	837	0	34
2019.04.03	07:00:00	1.31096	1.31115	1.31007	1.31095	1153	0	33
2019.04.03	08:00:00	1.31095	1.31119	1.31013	1.31081	1390	0	33
2019.04.03	09:00:00	1.31081	1.31575	1.31078	1.31572	6019	0	30
2019.04.03	10:00:00	1.31573	1.31728	1.31397	1.31451	10024	0	30
2019.04.03	11:00:00	1.31448	1.31544	1.31026	1.31234	9281	0	30
2019.04.03	12:00:00	1.31236	1.31340	1.31115	1.31337	5443	0	30
2019.04.03	13:00:00	1.31337	1.31385	1.31259	1.31297	4831	0	30
2019.04.03	14:00:00	1.31299	1.31321	1.31063	1.31188	5116	0	30
2019.04.03	15:00:00	1.31188	1.31377	1.31120	1.31189	5882	0	30
2019.04.03	16:00:00	1.31189	1.31195	1.30740	1.30818	5946	0	30
2019.04.03	17:00:00	1.30771	1.31179	1.30755	1.31172	7848	0	30
2019.04.03	18:00:00	1.31167	1.31443	1.31009	1.31420	6073	0	30
2019.04.03	19:00:00	1.31420	1.31420	1.31093	1.31304	4376	0	30
2019.04.03	20:00:00	1.31304	1.31404	1.31099	1.31140	3247	0	30
2019.04.03	21:00:00	1.31140	1.31332	1.31062	1.31237	3266	0	30
2019.04.03	22:00:00	1.31241	1.31362	1.31195	1.31356	2381	0	32
2019.04.03	23:00:00	1.31352	1.31352	1.31256	1.31275	1022	0	31
2019.04.04	00:00:00	1.31295	1.31661	1.30560	1.31139	49337	0	42
2019.04.04	01:00:00	1.31139	1.31434	1.31139	1.31399	1209	0	41
2019.04.04	02:00:00	1.31399	1.31472	1.31335	1.31388	1544	0	35
2019.04.04	03:00:00	1.31388	1.31462	1.31388	1.31426	1437	0	33
2019.04.04	04:00:00	1.31426	1.31442	1.31374	1.31425	1469	0	36
2019.04.04	05:00:00	1.31425	1.31447	1.31383	1.31438	1773	0	31
2019.04.04	06:00:00	1.31438	1.31462	1.31392	1.31403	1708	0	34
2019.04.04	07:00:00	1.31403	1.31437	1.31390	1.31407	1526	0	35
2019.04.04	08:00:00	1.31407	1.31561	1.31393	1.31515	1754	0	35
2019.04.04	09:00:00	1.31519	1.31609	1.31429	1.31586	5676	0	30
2019.04.04	10:00:00	1.31586	1.31657	1.31407	1.31632	5998	0	30
2019.04.04	11:00:00	1.31632	1.31632	1.31358	1.31433	5525	0	30
2019.04.04	12:00:00	1.31433	1.31449	1.31223	1.31337	5398	0	30
2019.04.04	13:00:00	1.31337	1.31425	1.31228	1.31256	5349	0	30
2019.04.04	14:00:00	1.31256	1.31265	1.31119	1.31159	6494	0	30
2019.04.04	15:00:00	1.31159	1.31295	1.31129	1.31215	5579	0	31
2019.04.04	16:00:00	1.31215	1.31234	1.30984	1.31123	7260	0	30
2019.04.04	17:00:00	1.31122	1.31151	1.30735	1.30785	7597	0	30
2019.04.04	18:00:00	1.30785	1.30802	1.30574	1.30727	6883	0	30
2019.04.04	19:00:00	1.30726	1.30854	1.30629	1.30785	3260	0	30
2019.04.04	20:00:00	1.30785	1.30798	1.30626	1.30668	2168	0	30
2019.04.04	21:00:00	1.30665	1.30689	1.30552	1.30610	1986	0	30
2019.04.04	22:00:00	1.30612	1.30848	1.30609	1.30811	2315	0	30
2019.04.04	23:00:00	1.30810	1.30811	1.30662	1.30662	1173	0	36
2019.04.05	00:00:00	1.30668	1.31194	1.29898	1.30626	47137	0	55
2019.04.05	01:00:00	1.30626	1.30702	1.30610	1.30667	752	0	36
2019.04.05	02:00:00	1.30668	1.30730	1.30632	1.30708	1579	0	36
2019.04.05	03:00:00	1.30708	1.30830	1.30705	1.30789	2750	0	31
2019.04.05	04:00:00	1.30789	1.30815	1.30722	1.30791	1915	0	34
2019.04.05	05:00:00	1.30794	1.30845	1.30770	1.30819	1040	0	35
2019.04.05	06:00:00	1.30819	1.30955	1.30819	1.30942	739	0	30
2019.04.05	07:00:00	1.30942	1.31015	1.30915	1.30947	1859	0	35
2019.04.05	08:00:00	1.30947	1.31183	1.30909	1.31081	2873	0	30
2019.04.05	09:00:00	1.31084	1.31143	1.30849	1.30863	3572	0	30
2019.04.05	10:00:00	1.30864	1.31058	1.30852	1.30904	6448	0	30
2019.04.05	11:00:00	1.30904	1.30958	1.30792	1.30794	7610	0	31
2019.04.05	12:00:00	1.30794	1.30895	1.30749	1.30834	5729	0	30
2019.04.05	13:00:00	1.30834	1.30879	1.30704	1.30714	4461	0	30
2019.04.05	14:00:00	1.30714	1.30756	1.30596	1.30723	3567	0	30
2019.04.05	15:00:00	1.30722	1.30769	1.30362	1.30443	8664	0	30
2019.04.05	16:00:00	1.30441	1.30516	1.30122	1.30184	7086	0	30
2019.04.05	17:00:00	1.30181	1.30341	1.30086	1.30105	6466	0	30
2019.04.05	18:00:00	1.30106	1.30263	1.30075	1.30108	6207	0	30
2019.04.05	19:00:00	1.30108	1.30271	1.29892	1.30169	3549	0	30
2019.04.05	20:00:00	1.30170	1.30361	1.30137	1.30331	1796	0	30
2019.04.05	21:00:00	1.30331	1.30340	1.30234	1.30263	2179	0	30
2019.04.05	22:00:00	1.30263	1.30346	1.30201	1.30317	2315	0	31
2019.04.05	23:00:00	1.30318	1.30377	1.30260	1.30307	1201	0	30
2019.04.08	00:00:00	1.30151	1.30632	1.30069	1.30236	47025	0	88
2019.04.08	01:00:00	1.30236	1.30343	1.30225	1.30327	914	0	43
2019.04.08	02:00:00	1.30322	1.30386	1.30318	1.30382	1521	0	37
2019.04.08	03:00:00	1.30385	1.30464	1.30303	1.30429	3469	0	31
2019.04.08	04:00:00	1.30429	1.30432	1.30302	1.30366	2107	0	35
2019.04.08	05:00:00	1.30366	1.30476	1.30339	1.30390	1911	0	33
2019.04.08	06:00:00	1.30390	1.30501	1.30381	1.30469	2787	0	31
2019.04.08	07:00:00	1.30469	1.30489	1.30431	1.30440	1392	0	31
2019.04.08	08:00:00	1.30440	1.30509	1.30412	1.30436	1351	0	35
2019.04.08	09:00:00	1.30435	1.30509	1.30398	1.30481	3307	0	30
2019.04.08	10:00:00	1.30481	1.30578	1.30360	1.30517	6934	0	30
2019.04.08	11:00:00	1.30518	1.30616	1.30472	1.30555	5750	0	30
2019.04.08	12:00:00	1.30555	1.30623	1.30425	1.30574	5313	0	30
2019.04.08	13:00:00	1.30574	1.30580	1.30373	1.30473	3783	0	30
2019.04.08	14:00:00	1.30475	1.30512	1.30370	1.30448	5592	0	30
2019.04.08	15:00:00	1.30450	1.30492	1.30402	1.30461	4651	0	31
2019.04.08	16:00:00	1.30461	1.30462	1.30061	1.30216	6025	0	30
2019.04.08	17:00:00	1.30216	1.30373	1.30195	1.30341	4800	0	30
2019.04.08	18:00:00	1.30341	1.30399	1.30253	1.30373	3884	0	30
2019.04.08	19:00:00	1.30373	1.30509	1.30344	1.30428	2301	0	30
2019.04.08	20:00:00	1.30428	1.30576	1.30413	1.30551	1386	0	30
2019.04.08	21:00:00	1.30553	1.30587	1.30493	1.30521	1228	0	30
2019.04.08	22:00:00	1.30520	1.30551	1.30466	1.30466	2299	0	31
2019.04.08	23:00:00	1.30468	1.30524	1.30442	1.30445	854	0	36
2019.04.09	00:00:00	1.30267	1.30947	1.30250	1.30511	56746	0	57
2019.04.09	01:00:00	1.30511	1.30546	1.30423	1.30477	1422	0	42
2019.04.09	02:00:00	1.30478	1.30521	1.30433	1.30480	1530	0	35
2019.04.09	03:00:00	1.30481	1.30525	1.30451	1.30476	1954	0	33
2019.04.09	04:00:00	1.30476	1.30570	1.30476	1.30554	3172	0	35
2019.04.09	05:00:00	1.30554	1.30609	1.30548	1.30567	2060	0	34
2019.04.09	06:00:00	1.30565	1.30613	1.30552	1.30595	1821	0	33
2019.04.09	07:00:00	1.30595	1.30615	1.30563	1.30572	1283	0	33
2019.04.09	08:00:00	1.30572	1.30747	1.30569	1.30728	1628	0	32
2019.04.09	09:00:00	1.30728	1.30736	1.30532	1.30656	3909	0	30
2019.04.09	10:00:00	1.30662	1.30714	1.30478	1.30516	4749	0	30
2019.04.09	11:00:00	1.30516	1.30994	1.30425	1.30850	7405	0	30
2019.04.09	12:00:00	1.30846	1.30901	1.30451	1.30731	4833	0	30
2019.04.09	13:00:00	1.30730	1.30793	1.30573	1.30752	4304	0	30
2019.04.09	14:00:00	1.30755	1.30774	1.30510	1.30536	3636	0	30
2019.04.09	15:00:00	1.30536	1.30692	1.30393	1.30446	7741	0	30
2019.04.09	16:00:00	1.30447	1.30489	1.30308	1.30368	6938	0	30
2019.04.09	17:00:00	1.30368	1.30552	1.30325	1.30478	6368	0	30
2019.04.09	18:00:00	1.30478	1.30657	1.30320	1.30447	5069	0	30
2019.04.09	19:00:00	1.30447	1.30448	1.30316	1.30346	2791	0	30
2019.04.09	20:00:00	1.30344	1.30431	1.30290	1.30329	2433	0	30
2019.04.09	21:00:00	1.30333	1.30368	1.30245	1.30362	2044	0	31
2019.04.09	22:00:00	1.30362	1.30541	1.30338	1.30457	3983	0	30
2019.04.09	23:00:00	1.30457	1.30549	1.30443	1.30448	2020	0	30
2019.04.10	00:00:00	1.30257	1.31472	1.30239	1.30490	69620	0	62
2019.04.10	01:00:00	1.30490	1.30547	1.30441	1.30495	836	0	38
2019.04.10	02:00:00	1.30493	1.30519	1.30483	1.30488	1228	0	40
2019.04.10	03:00:00	1.30492	1.30501	1.30445	1.30488	2522	0	36
2019.04.10	04:00:00	1.30488	1.30537	1.30467	1.30523	1463	0	36
2019.04.10	05:00:00	1.30523	1.30576	1.30491	1.30554	1367	0	37
2019.04.10	06:00:00	1.30554	1.30596	1.30547	1.30569	1924	0	35
2019.04.10	07:00:00	1.30570	1.30638	1.30555	1.30591	2036	0	31
2019.04.10	08:00:00	1.30591	1.30764	1.30590	1.30697	1851	0	30
2019.04.10	09:00:00	1.30697	1.30742	1.30633	1.30729	3062	0	30
2019.04.10	10:00:00	1.30731	1.30801	1.30590	1.30770	4815	0	30
2019.04.10	11:00:00	1.30770	1.30922	1.30729	1.30767	5135	0	30
2019.04.10	12:00:00	1.30767	1.30838	1.30747	1.30797	3744	0	30
2019.04.10	13:00:00	1.30798	1.30894	1.30766	1.30885	4313	0	30
2019.04.10	14:00:00	1.30888	1.31023	1.30856	1.30874	3874	0	30
2019.04.10	15:00:00	1.30876	1.31080	1.30804	1.30928	7381	0	30
2019.04.10	16:00:00	1.30928	1.31064	1.30867	1.30958	7901	0	30
2019.04.10	17:00:00	1.30956	1.31276	1.30833	1.31191	7313	0	30
2019.04.10	18:00:00	1.31191	1.31289	1.31058	1.31214	5536	0	30
2019.04.10	19:00:00	1.31214	1.31447	1.31148	1.31420	3700	0	30
2019.04.10	20:00:00	1.31421	1.31468	1.31305	1.31323	2968	0	30
2019.04.10	21:00:00	1.31324	1.31408	1.31133	1.31134	4969	0	30
2019.04.10	22:00:00	1.31136	1.31309	1.31126	1.31260	3295	0	30
2019.04.10	23:00:00	1.31260	1.31275	1.31154	1.31166	1249	0	30
2019.04.11	00:00:00	1.31187	1.31389	1.30798	1.31154	55743	0	64
2019.04.11	01:00:00	1.31154	1.31247	1.31102	1.31163	1165	0	39
2019.04.11	02:00:00	1.31162	1.31267	1.31155	1.31256	1067	0	36
2019.04.11	03:00:00	1.31257	1.31277	1.31159	1.31232	2321	0	33
2019.04.11	04:00:00	1.31232	1.31268	1.31188	1.31212	1376	0	33
2019.04.11	05:00:00	1.31212	1.31326	1.31210	1.31271	1881	0	33
2019.04.11	06:00:00	1.31270	1.31306	1.31223	1.31283	1160	0	32
2019.04.11	07:00:00	1.31283	1.31342	1.31254	1.31323	1489	0	35
2019.04.11	08:00:00	1.31323	1.31339	1.31182	1.31199	1645	0	32
2019.04.11	09:00:00	1.31199	1.31243	1.31039	1.31085	5039	0	30
2019.04.11	10:00:00	1.31083	1.31293	1.31041	1.31112	7563	0	30
2019.04.11	11:00:00	1.31112	1.31141	1.30734	1.30943	4846	0	30
2019.04.11	12:00:00	1.30943	1.31141	1.30915	1.31139	2902	0	30
2019.04.11	13:00:00	1.31140	1.31200	1.31034	1.31162	2315	0	30
2019.04.11	14:00:00	1.31162	1.31280	1.31026	1.31166	3465	0	30
2019.04.11	15:00:00	1.31166	1.31367	1.31106	1.31341	5354	0	30
2019.04.11	16:00:00	1.31341	1.31383	1.31132	1.31170	4257	0	30
2019.04.11	17:00:00	1.31170	1.31247	1.31030	1.31188	6044	0	30
2019.04.11	18:00:00	1.31187	1.31240	1.30995	1.31011	5209	0	30
2019.04.11	19:00:00	1.31008	1.31203	1.30996	1.31046	3310	0	30
2019.04.11	20:00:00	1.31046	1.31130	1.30975	1.31081	2991	0	30
2019.04.11	21:00:00	1.31081	1.31086	1.30975	1.31032	2746	0	30
2019.04.11	22:00:00	1.31032	1.31033	1.30947	1.30984	2143	0	30
2019.04.11	23:00:00	1.30984	1.31032	1.30906	1.30916	1325	0	30
2019.04.12	00:00:00	1.30936	1.31295	1.30734	1.30875	57392	0	56
2019.04.12	01:00:00	1.30873	1.30958	1.30873	1.30939	1462	0	42
2019.04.12	02:00:00	1.30939	1.30951	1.30890	1.30893	1023	0	38
2019.04.12	03:00:00	1.30893	1.30949	1.30871	1.30908	3813	0	30
2019.04.12	04:00:00	1.30908	1.31013	1.30908	1.30995	1657	0	36
2019.04.12	05:00:00	1.30995	1.31041	1.30984	1.31010	1729	0	33
2019.04.12	06:00:00	1.31010	1.31145	1.31009	1.31083	2363	0	33
2019.04.12	07:00:00	1.31083	1.31083	1.31039	1.31048	1061	0	38
2019.04.12	08:00:00	1.31048	1.31059	1.30946	1.30948	1073	0	31
2019.04.12	09:00:00	1.30948	1.30983	1.30876	1.30918	1772	0	31
2019.04.12	10:00:00	1.30918	1.30946	1.30822	1.30901	4055	0	30
2019.04.12	11:00:00	1.30901	1.30989	1.30778	1.30861	6973	0	30
2019.04.12	12:00:00	1.30861	1.30879	1.30771	1.30837	4965	0	30
2019.04.12	13:00:00	1.30837	1.30951	1.30808	1.30893	3470	0	30
2019.04.12	14:00:00	1.30893	1.31068	1.30834	1.31004	4446	0	30
2019.04.12	15:00:00	1.31007	1.31261	1.30996	1.31170	6092	0	30
2019.04.12	16:00:00	1.31172	1.31291	1.31125	1.31189	5614	0	30
2019.04.12	17:00:00	1.31189	1.31218	1.30985	1.31146	6722	0	30
2019.04.12	18:00:00	1.31146	1.31253	1.31022	1.31056	5087	0	30
2019.04.12	19:00:00	1.31057	1.31152	1.30986	1.31122	3367	0	30
2019.04.12	20:00:00	1.31122	1.31186	1.31063	1.31068	1841	0	30
2019.04.12	21:00:00	1.31068	1.31133	1.31050	1.31121	2655	0	30
2019.04.12	22:00:00	1.31121	1.31146	1.31036	1.31125	1933	0	31
2019.04.12	23:00:00	1.31125	1.31129	1.31000	1.31017	918	0	33
2019.04.15	00:00:00	1.30891	1.31613	1.30857	1.31004	53996	0	76
2019.04.15	01:00:00	1.31003	1.31080	1.31001	1.31073	637	0	35
2019.04.15	02:00:00	1.31073	1.31149	1.31067	1.31149	1196	0	34
2019.04.15	03:00:00	1.31149	1.31266	1.31143	1.31224	1944	0	30
2019.04.15	04:00:00	1.31226	1.31245	1.31180	1.31197	1348	0	33
2019.04.15	05:00:00	1.31198	1.31307	1.31194	1.31284	1886	0	31
2019.04.15	06:00:00	1.31284	1.31290	1.31183	1.31189	1636	0	30
2019.04.15	07:00:00	1.31189	1.31234	1.31169	1.31175	1225	0	32
2019.04.15	08:00:00	1.31175	1.31198	1.31092	1.31092	825	0	31
2019.04.15	09:00:00	1.31093	1.31150	1.30937	1.30956	2692	0	31
2019.04.15	10:00:00	1.30956	1.31211	1.30946	1.31170	4288	0	30
2019.04.15	11:00:00	1.31170	1.31333	1.31149	1.31274	3815	0	30
2019.04.15	12:00:00	1.31274	1.31314	1.31169	1.31304	2582	0	30
2019.04.15	13:00:00	1.31303	1.31493	1.31276	1.31461	4061	0	30
2019.04.15	14:00:00	1.31461	1.31507	1.31398	1.31448	3495	0	30
2019.04.15	15:00:00	1.31448	1.31496	1.31401	1.31448	3615	0	30
2019.04.15	16:00:00	1.31448	1.31584	1.31407	1.31463	4664	0	30
2019.04.15	17:00:00	1.31462	1.31601	1.31394	1.31580	5204	0	30
2019.04.15	18:00:00	1.31582	1.31607	1.31474	1.31543	3704	0	30
2019.04.15	19:00:00	1.31543	1.31592	1.31491	1.31572	2029	0	30
2019.04.15	20:00:00	1.31571	1.31573	1.31462	1.31519	2144	0	30
2019.04.15	21:00:00	1.31520	1.31585	1.31492	1.31507	1895	0	30
2019.04.15	22:00:00	1.31505	1.31516	1.31415	1.31475	2274	0	30
2019.04.15	23:00:00	1.31473	1.31529	1.31448	1.31486	1572	0	31
2019.04.16	00:00:00	1.31494	1.31721	1.31227	1.31455	59232	0	52
2019.04.16	01:00:00	1.31455	1.31527	1.31430	1.31464	830	0	36
2019.04.16	02:00:00	1.31472	1.31498	1.31461	1.31468	621	0	28
2019.04.16	03:00:00	1.31468	1.31523	1.31451	1.31492	2266	0	35
2019.04.16	04:00:00	1.31492	1.31509	1.31387	1.31408	2582	0	35
2019.04.16	05:00:00	1.31410	1.31423	1.31376	1.31386	1599	0	36
2019.04.16	06:00:00	1.31386	1.31427	1.31373	1.31383	1636	0	30
2019.04.16	07:00:00	1.31383	1.31390	1.31352	1.31368	1314	0	34
2019.04.16	08:00:00	1.31368	1.31432	1.31351	1.31411	769	0	30
2019.04.16	09:00:00	1.31410	1.31461	1.31369	1.31419	2783	0	30
2019.04.16	10:00:00	1.31419	1.31447	1.31242	1.31255	6101	0	30
2019.04.16	11:00:00	1.31255	1.31542	1.31220	1.31516	3278	0	30
2019.04.16	12:00:00	1.31517	1.31585	1.31441	1.31548	6025	0	30
2019.04.16	13:00:00	1.31548	1.31615	1.31490	1.31611	4272	0	30
2019.04.16	14:00:00	1.31610	1.31671	1.31558	1.31655	3870	0	30
2019.04.16	15:00:00	1.31655	1.31718	1.31355	1.31457	6195	0	30
2019.04.16	16:00:00	1.31458	1.31597	1.31344	1.31551	6848	0	30
2019.04.16	17:00:00	1.31551	1.31556	1.31308	1.31393	6912	0	30
2019.04.16	18:00:00	1.31393	1.31437	1.31234	1.31339	5938	0	30
2019.04.16	19:00:00	1.31338	1.31591	1.31326	1.31537	4168	0	30
2019.04.16	20:00:00	1.31537	1.31567	1.31465	1.31540	2455	0	30
2019.04.16	21:00:00	1.31540	1.31565	1.31442	1.31467	2267	0	31
2019.04.16	22:00:00	1.31467	1.31513	1.31412	1.31471	2229	0	30
2019.04.16	23:00:00	1.31471	1.31516	1.31440	1.31442	1564	0	36
2019.04.17	00:00:00	1.31444	1.31826	1.31266	1.31418	61203	0	59
2019.04.17	01:00:00	1.31417	1.31495	1.31380	1.31397	1577	0	37
2019.04.17	02:00:00	1.31398	1.31471	1.31394	1.31416	1447	0	33
2019.04.17	03:00:00	1.31416	1.31461	1.31354	1.31424	2354	0	32
2019.04.17	04:00:00	1.31424	1.31479	1.31397	1.31451	1342	0	35
2019.04.17	05:00:00	1.31451	1.31463	1.31383	1.31441	2648	0	30
2019.04.17	06:00:00	1.31441	1.31493	1.31433	1.31479	1137	0	32
2019.04.17	07:00:00	1.31479	1.31505	1.31463	1.31494	762	0	37
2019.04.17	08:00:00	1.31493	1.31582	1.31493	1.31552	1262	0	31
2019.04.17	09:00:00	1.31547	1.31593	1.31428	1.31461	3847	0	30
2019.04.17	10:00:00	1.31461	1.31536	1.31428	1.31447	5714	0	30
2019.04.17	11:00:00	1.31447	1.31623	1.31374	1.31376	5899	0	30
2019.04.17	12:00:00	1.31376	1.31490	1.31259	1.31483	5574	0	30
2019.04.17	13:00:00	1.31483	1.31642	1.31446	1.31596	4865	0	30
2019.04.17	14:00:00	1.31595	1.31762	1.31588	1.31741	5583	0	30
2019.04.17	15:00:00	1.31739	1.31741	1.31496	1.31511	5418	0	30
2019.04.17	16:00:00	1.31513	1.31659	1.31408	1.31536	6156	0	30
2019.04.17	17:00:00	1.31539	1.31657	1.31465	1.31630	7251	0	30
2019.04.17	18:00:00	1.31634	1.31670	1.31548	1.31620	6396	0	30
2019.04.17	19:00:00	1.31617	1.31744	1.31587	1.31738	2833	0	31
2019.04.17	20:00:00	1.31738	1.31800	1.31670	1.31785	1896	0	30
2019.04.17	21:00:00	1.31785	1.31787	1.31703	1.31725	1992	0	30
2019.04.17	22:00:00	1.31725	1.31778	1.31716	1.31759	1932	0	31
2019.04.17	23:00:00	1.31759	1.31820	1.31733	1.31782	1512	0	30
2019.04.18	00:00:00	1.31674	1.32037	1.31437	1.31711	54702	0	50
2019.04.18	01:00:00	1.31711	1.31771	1.31711	1.31753	604	0	35
2019.04.18	02:00:00	1.31754	1.31770	1.31740	1.31753	526	0	30
2019.04.18	03:00:00	1.31753	1.31794	1.31724	1.31782	1419	0	33
2019.04.18	04:00:00	1.31782	1.31807	1.31751	1.31769	1801	0	31
2019.04.18	05:00:00	1.31768	1.31771	1.31684	1.31734	1578	0	32
2019.04.18	06:00:00	1.31734	1.31734	1.31681	1.31686	1180	0	34
2019.04.18	07:00:00	1.31686	1.31750	1.31672	1.31730	1014	0	35
2019.04.18	08:00:00	1.31730	1.31763	1.31708	1.31731	1363	0	34
2019.04.18	09:00:00	1.31730	1.31767	1.31659	1.31680	3114	0	32
2019.04.18	10:00:00	1.31680	1.31744	1.31535	1.31598	9096	0	30
2019.04.18	11:00:00	1.31601	1.31692	1.31429	1.31610	8021	0	30
2019.04.18	12:00:00	1.31617	1.31617	1.31432	1.31535	6867	0	30
2019.04.18	13:00:00	1.31535	1.31569	1.31442	1.31517	5102	0	30
2019.04.18	14:00:00	1.31517	1.31674	1.31499	1.31639	5757	0	30
2019.04.18	15:00:00	1.31639	1.31743	1.31538	1.31710	8312	0	30
2019.04.18	16:00:00	1.31715	1.31905	1.31688	1.31838	6352	0	30
2019.04.18	17:00:00	1.31840	1.31888	1.31653	1.31819	6444	0	30
2019.04.18	18:00:00	1.31823	1.32030	1.31758	1.32011	4937	0	30
2019.04.18	19:00:00	1.32011	1.32015	1.31752	1.31809	3867	0	30
2019.04.18	20:00:00	1.31809	1.31905	1.31806	1.31813	2083	0	30
2019.04.18	21:00:00	1.31813	1.31906	1.31794	1.31853	2071	0	32
2019.04.18	22:00:00	1.31853	1.31900	1.31831	1.31853	2585	0	31
2019.04.18	23:00:00	1.31853	1.31930	1.31829	1.31832	2131	0	33
2019.04.19	00:00:00	1.31800	1.31944	1.31597	1.31870	82384	0	78
2019.04.19	01:00:00	1.31870	1.31905	1.31818	1.31819	2634	0	59
2019.04.19	02:00:00	1.31819	1.31860	1.31767	1.31842	2145	0	47
2019.04.19	03:00:00	1.31842	1.31869	1.31819	1.31858	3211	0	46
2019.04.19	04:00:00	1.31858	1.31906	1.31786	1.31814	6134	0	45
2019.04.19	05:00:00	1.31815	1.31871	1.31749	1.31823	14559	0	35
2019.04.19	06:00:00	1.31825	1.31914	1.31817	1.31894	2801	0	48
2019.04.19	07:00:00	1.31894	1.31943	1.31805	1.31936	6854	0	45
2019.04.19	08:00:00	1.31932	1.31941	1.31801	1.31807	4396	0	32
2019.04.19	09:00:00	1.31807	1.31853	1.31728	1.31730	19603	0	52
2019.04.19	10:00:00	1.31730	1.31781	1.31636	1.31666	1880	0	52
2019.04.19	11:00:00	1.31670	1.31729	1.31659	1.31710	2341	0	52
2019.04.19	12:00:00	1.31710	1.31854	1.31708	1.31755	1201	0	38
2019.04.19	13:00:00	1.31755	1.31787	1.31737	1.31751	1493	0	65
2019.04.19	14:00:00	1.31751	1.31830	1.31716	1.31788	5235	0	47
2019.04.19	15:00:00	1.31788	1.31799	1.31685	1.31724	5235	0	42
2019.04.19	16:00:00	1.31724	1.31762	1.31712	1.31745	4359	0	44
2019.04.19	17:00:00	1.31745	1.31820	1.31727	1.31801	6829	0	40
2019.04.19	18:00:00	1.31801	1.31885	1.31742	1.31863	6522	0	38
2019.04.19	19:00:00	1.31863	1.31918	1.31816	1.31844	6684	0	57
2019.04.19	20:00:00	1.31842	1.31895	1.31743	1.31794	4546	0	75
2019.04.19	21:00:00	1.31794	1.31850	1.31742	1.31792	4649	0	72
2019.04.19	22:00:00	1.31791	1.31863	1.31760	1.31816	2398	0	92
2019.04.19	23:00:00	1.31816	1.31879	1.31586	1.31611	2340	0	105
2019.04.22	00:00:00	1.31596	1.31905	1.31553	1.31638	23727	0	121
2019.04.22	01:00:00	1.31634	1.31829	1.31629	1.31802	979	0	44
2019.04.22	02:00:00	1.31802	1.31834	1.31771	1.31775	984	0	36
2019.04.22	03:00:00	1.31778	1.31799	1.31720	1.31740	1045	0	31
2019.04.22	04:00:00	1.31741	1.31825	1.31741	1.31816	1062	0	30
2019.04.22	05:00:00	1.31816	1.31857	1.31795	1.31847	1066	0	30
2019.04.22	06:00:00	1.31847	1.31879	1.31818	1.31828	777	0	34
2019.04.22	07:00:00	1.31827	1.31855	1.31824	1.31845	513	0	27
2019.04.22	08:00:00	1.31845	1.31883	1.31822	1.31827	532	0	31
2019.04.22	09:00:00	1.31827	1.31868	1.31819	1.31844	1194	0	31
2019.04.22	10:00:00	1.31843	1.31853	1.31783	1.31848	1747	0	30
2019.04.22	11:00:00	1.31848	1.31897	1.31801	1.31809	741	0	30
2019.04.22	12:00:00	1.31813	1.31846	1.31786	1.31796	561	0	18
2019.04.22	13:00:00	1.31795	1.31828	1.31776	1.31778	608	0	34
2019.04.22	14:00:00	1.31778	1.31784	1.31744	1.31756	885	0	31
2019.04.22	15:00:00	1.31758	1.31778	1.31690	1.31726	2485	0	30
2019.04.22	16:00:00	1.31726	1.31860	1.31710	1.31858	1818	0	30
2019.04.22	17:00:00	1.31856	1.31875	1.31779	1.31809	3401	0	30
2019.04.22	18:00:00	1.31809	1.31852	1.31773	1.31820	1903	0	30
2019.04.22	19:00:00	1.31820	1.31859	1.31790	1.31849	1006	0	30
2019.04.22	20:00:00	1.31849	1.31853	1.31793	1.31804	1019	0	32
2019.04.22	21:00:00	1.31804	1.31886	1.31797	1.31885	1071	0	34
2019.04.22	22:00:00	1.31886	1.31888	1.31827	1.31838	872	0	30
2019.04.22	23:00:00	1.31837	1.31863	1.31787	1.31794	536	0	36
2019.04.23	00:00:00	1.31729	1.32730	1.31655	1.31770	58382	0	63
2019.04.23	01:00:00	1.31777	1.31824	1.31755	1.31810	841	0	37
2019.04.23	02:00:00	1.31807	1.31823	1.31780	1.31796	519	0	33
2019.04.23	03:00:00	1.31798	1.31908	1.31790	1.31892	2123	0	31
2019.04.23	04:00:00	1.31892	1.31947	1.31872	1.31874	1288	0	36
2019.04.23	05:00:00	1.31875	1.31900	1.31860	1.31883	802	0	30
2019.04.23	06:00:00	1.31883	1.31927	1.31878	1.31922	922	0	31
2019.04.23	07:00:00	1.31923	1.31948	1.31906	1.31940	1362	0	34
2019.04.23	08:00:00	1.31940	1.31949	1.31860	1.31866	919	0	34
2019.04.23	09:00:00	1.31866	1.32045	1.31797	1.32011	3430	0	30
2019.04.23	10:00:00	1.32011	1.32172	1.32010	1.32159	4805	0	30
2019.04.23	11:00:00	1.32160	1.32338	1.32146	1.32300	4179	0	30
2019.04.23	12:00:00	1.32303	1.32538	1.32280	1.32516	3957	0	30
2019.04.23	13:00:00	1.32514	1.32633	1.32478	1.32581	4088	0	30
2019.04.23	14:00:00	1.32581	1.32668	1.32521	1.32641	3517	0	30
2019.04.23	15:00:00	1.32640	1.32724	1.32297	1.32353	5658	0	30
2019.04.23	16:00:00	1.32354	1.32527	1.32256	1.32349	6978	0	30
2019.04.23	17:00:00	1.32348	1.32415	1.32088	1.32133	8088	0	30
2019.04.23	18:00:00	1.32136	1.32271	1.32099	1.32242	4975	0	30
2019.04.23	19:00:00	1.32242	1.32264	1.32111	1.32166	3270	0	30
2019.04.23	20:00:00	1.32167	1.32167	1.31960	1.31967	2653	0	30
2019.04.23	21:00:00	1.31969	1.32024	1.31939	1.31986	2098	0	30
2019.04.23	22:00:00	1.31983	1.32019	1.31948	1.32005	2725	0	32
2019.04.23	23:00:00	1.32005	1.32006	1.31881	1.31909	1327	0	30
2019.04.24	00:00:00	1.31923	1.32071	1.31561	1.31902	76450	0	71
2019.04.24	01:00:00	1.31904	1.31976	1.31867	1.31947	2390	0	44
2019.04.24	02:00:00	1.31949	1.31976	1.31898	1.31970	2142	0	30
2019.04.24	03:00:00	1.31970	1.32059	1.31963	1.32053	2439	0	30
2019.04.24	04:00:00	1.32052	1.32062	1.31965	1.31989	4159	0	32
2019.04.24	05:00:00	1.31989	1.32050	1.31979	1.32006	2209	0	31
2019.04.24	06:00:00	1.32006	1.32055	1.31985	1.32047	1391	0	35
2019.04.24	07:00:00	1.32047	1.32061	1.31962	1.31967	1295	0	35
2019.04.24	08:00:00	1.31971	1.31972	1.31898	1.31918	1293	0	31
2019.04.24	09:00:00	1.31917	1.31922	1.31780	1.31790	2557	0	30
2019.04.24	10:00:00	1.31792	1.31874	1.31689	1.31705	4853	0	30
2019.04.24	11:00:00	1.31704	1.31729	1.31557	1.31621	6330	0	30
2019.04.24	12:00:00	1.31621	1.31778	1.31612	1.31771	4525	0	30
2019.04.24	13:00:00	1.31769	1.31911	1.31747	1.31783	4629	0	30
2019.04.24	14:00:00	1.31781	1.31909	1.31707	1.31905	4728	0	30
2019.04.24	15:00:00	1.31906	1.31970	1.31834	1.31967	4832	0	30
2019.04.24	16:00:00	1.31967	1.31970	1.31785	1.31833	6487	0	30
2019.04.24	17:00:00	1.31833	1.31876	1.31716	1.31829	6855	0	30
2019.04.24	18:00:00	1.31828	1.31896	1.31795	1.31846	4905	0	30
2019.04.24	19:00:00	1.31845	1.31904	1.31783	1.31873	4486	0	30
2019.04.24	20:00:00	1.31873	1.31907	1.31835	1.31860	3099	0	30
2019.04.24	21:00:00	1.31860	1.31887	1.31768	1.31846	5264	0	30
2019.04.24	22:00:00	1.31846	1.31851	1.31656	1.31656	3715	0	30
2019.04.24	23:00:00	1.31656	1.31694	1.31584	1.31585	1434	0	35
2019.04.25	00:00:00	1.31463	1.31821	1.31338	1.31614	55513	0	70
2019.04.25	01:00:00	1.31618	1.31666	1.31596	1.31650	2663	0	49
2019.04.25	02:00:00	1.31650	1.31673	1.31635	1.31640	1130	0	40
2019.04.25	03:00:00	1.31640	1.31754	1.31638	1.31727	1180	0	36
2019.04.25	04:00:00	1.31727	1.31787	1.31654	1.31760	1432	0	30
2019.04.25	05:00:00	1.31760	1.31778	1.31683	1.31694	1342	0	30
2019.04.25	06:00:00	1.31693	1.31693	1.31623	1.31662	1096	0	33
2019.04.25	07:00:00	1.31662	1.31703	1.31625	1.31633	919	0	30
2019.04.25	08:00:00	1.31633	1.31717	1.31622	1.31699	1087	0	32
2019.04.25	09:00:00	1.31699	1.31786	1.31631	1.31782	2951	0	30
2019.04.25	10:00:00	1.31781	1.31816	1.31612	1.31648	6923	0	31
2019.04.25	11:00:00	1.31648	1.31667	1.31430	1.31447	5607	0	30
2019.04.25	12:00:00	1.31447	1.31578	1.31332	1.31498	4533	0	30
2019.04.25	13:00:00	1.31498	1.31648	1.31488	1.31601	3873	0	30
2019.04.25	14:00:00	1.31601	1.31647	1.31522	1.31543	4086	0	30
2019.04.25	15:00:00	1.31549	1.31620	1.31463	1.31604	5982	0	30
2019.04.25	16:00:00	1.31606	1.31675	1.31520	1.31648	5843	0	30
2019.04.25	17:00:00	1.31648	1.31699	1.31551	1.31691	6253	0	30
2019.04.25	18:00:00	1.31691	1.31727	1.31533	1.31564	5201	0	30
2019.04.25	19:00:00	1.31564	1.31688	1.31525	1.31624	1978	0	30
2019.04.25	20:00:00	1.31624	1.31643	1.31508	1.31524	3064	0	30
2019.04.25	21:00:00	1.31522	1.31627	1.31518	1.31615	2747	0	30
2019.04.25	22:00:00	1.31608	1.31660	1.31555	1.31571	2310	0	31
2019.04.25	23:00:00	1.31572	1.31607	1.31528	1.31559	1037	0	32
2019.04.26	00:00:00	1.31572	1.31925	1.31418	1.31464	60418	0	60
2019.04.26	01:00:00	1.31463	1.31599	1.31463	1.31559	673	0	38
2019.04.26	02:00:00	1.31560	1.31589	1.31509	1.31510	986	0	36
2019.04.26	03:00:00	1.31510	1.31577	1.31477	1.31500	2463	0	30
2019.04.26	04:00:00	1.31500	1.31545	1.31456	1.31525	1874	0	36
2019.04.26	05:00:00	1.31526	1.31610	1.31489	1.31568	2134	0	31
2019.04.26	06:00:00	1.31569	1.31614	1.31556	1.31577	1531	0	30
2019.04.26	07:00:00	1.31577	1.31617	1.31570	1.31583	857	0	35
2019.04.26	08:00:00	1.31583	1.31633	1.31567	1.31626	1289	0	36
2019.04.26	09:00:00	1.31627	1.31740	1.31616	1.31701	2321	0	31
2019.04.26	10:00:00	1.31703	1.31738	1.31583	1.31713	2662	0	30
2019.04.26	11:00:00	1.31713	1.31807	1.31671	1.31722	3161	0	30
2019.04.26	12:00:00	1.31721	1.31736	1.31593	1.31652	2814	0	30
2019.04.26	13:00:00	1.31652	1.31861	1.31616	1.31849	3224	0	30
2019.04.26	14:00:00	1.31849	1.31918	1.31758	1.31798	4037	0	30
2019.04.26	15:00:00	1.31798	1.31834	1.31678	1.31779	8341	0	30
2019.04.26	16:00:00	1.31779	1.31785	1.31659	1.31707	7364	0	30
2019.04.26	17:00:00	1.31702	1.31889	1.31639	1.31828	8259	0	30
2019.04.26	18:00:00	1.31828	1.31855	1.31675	1.31746	6862	0	30
2019.04.26	19:00:00	1.31744	1.31797	1.31720	1.31749	3337	0	30
2019.04.26	20:00:00	1.31749	1.31763	1.31688	1.31712	1581	0	30
2019.04.26	21:00:00	1.31712	1.31722	1.31655	1.31720	1965	0	30
2019.04.26	22:00:00	1.31722	1.31726	1.31643	1.31668	2649	0	32
2019.04.26	23:00:00	1.31667	1.31702	1.31637	1.31651	1535	0	37
2019.04.29	00:00:00	1.31525	1.32018	1.31509	1.31629	41077	0	116
2019.04.29	01:00:00	1.31616	1.31713	1.31600	1.31697	403	0	39
2019.04.29	02:00:00	1.31697	1.31720	1.31671	1.31681	996	0	38
2019.04.29	03:00:00	1.31681	1.31732	1.31660	1.31709	1985	0	37
2019.04.29	04:00:00	1.31709	1.31744	1.31699	1.31713	821	0	38
2019.04.29	05:00:00	1.31713	1.31744	1.31700	1.31709	1461	0	30
2019.04.29	06:00:00	1.31709	1.31779	1.31696	1.31768	869	0	31
2019.04.29	07:00:00	1.31768	1.31843	1.31756	1.31807	1001	0	30
2019.04.29	08:00:00	1.31807	1.31826	1.31754	1.31807	670	0	30
2019.04.29	09:00:00	1.31807	1.31922	1.31783	1.31914	2208	0	30
2019.04.29	10:00:00	1.31914	1.31944	1.31841	1.31927	4573	0	30
2019.04.29	11:00:00	1.31927	1.32013	1.31896	1.31916	4018	0	31
2019.04.29	12:00:00	1.31916	1.31951	1.31725	1.31780	3549	0	30
2019.04.29	13:00:00	1.31781	1.31889	1.31691	1.31770	3111	0	30
2019.04.29	14:00:00	1.31770	1.31874	1.31724	1.31818	3026	0	30
2019.04.29	15:00:00	1.31818	1.31933	1.31658	1.31903	3771	0	29
2019.04.29	16:00:00	1.31906	1.31909	1.31756	1.31774	4532	0	30
2019.04.29	17:00:00	1.31773	1.31792	1.31706	1.31762	4954	0	30
2019.04.29	18:00:00	1.31759	1.31876	1.31718	1.31817	3120	0	30
2019.04.29	19:00:00	1.31817	1.31909	1.31783	1.31871	4300	0	30
2019.04.29	20:00:00	1.31871	1.31928	1.31861	1.31896	2629	0	31
2019.04.29	21:00:00	1.31896	1.31956	1.31882	1.31903	2187	0	30
2019.04.29	22:00:00	1.31903	1.31918	1.31843	1.31890	2226	0	33
2019.04.29	23:00:00	1.31890	1.31892	1.31819	1.31841	862	0	36
2019.04.30	00:00:00	1.31842	1.33037	1.31685	1.31736	51385	0	54
2019.04.30	01:00:00	1.31739	1.31836	1.31728	1.31812	591	0	35
2019.04.30	02:00:00	1.31814	1.31841	1.31797	1.31834	538	0	36
2019.04.30	03:00:00	1.31835	1.31868	1.31816	1.31856	794	0	36
2019.04.30	04:00:00	1.31856	1.31867	1.31792	1.31859	3287	0	34
2019.04.30	05:00:00	1.31859	1.31916	1.31858	1.31909	1851	0	32
2019.04.30	06:00:00	1.31909	1.31918	1.31864	1.31887	1678	0	31
2019.04.30	07:00:00	1.31887	1.31902	1.31863	1.31881	1253	0	33
2019.04.30	08:00:00	1.31881	1.31974	1.31871	1.31926	1742	0	32
2019.04.30	09:00:00	1.31926	1.31943	1.31760	1.31832	3062	0	30
2019.04.30	10:00:00	1.31830	1.31951	1.31777	1.31935	5004	0	30
2019.04.30	11:00:00	1.31933	1.32126	1.31912	1.32074	7162	0	30
2019.04.30	12:00:00	1.32074	1.32322	1.32066	1.32312	4950	0	30
2019.04.30	13:00:00	1.32312	1.32615	1.32288	1.32583	3652	0	30
2019.04.30	14:00:00	1.32583	1.32651	1.32511	1.32526	4312	0	30
2019.04.30	15:00:00	1.32526	1.32741	1.32494	1.32715	5858	0	30
2019.04.30	16:00:00	1.32715	1.32906	1.32678	1.32763	5914	0	30
2019.04.30	17:00:00	1.32761	1.33039	1.32719	1.32805	9433	0	30
2019.04.30	18:00:00	1.32801	1.32955	1.32734	1.32911	8256	0	30
2019.04.30	19:00:00	1.32912	1.32974	1.32816	1.32844	2629	0	30
2019.04.30	20:00:00	1.32844	1.32921	1.32806	1.32902	2578	0	30
2019.04.30	21:00:00	1.32902	1.32915	1.32775	1.32804	3173	0	31
2019.04.30	22:00:00	1.32801	1.32873	1.32782	1.32860	4252	0	31
2019.04.30	23:00:00	1.32860	1.32878	1.32789	1.32817	1343	0	32
2019.05.01	00:00:00	1.32776	1.33029	1.32569	1.32759	55215	0	54
2019.05.01	01:00:00	1.32759	1.32874	1.32759	1.32825	1469	0	44
2019.05.01	02:00:00	1.32824	1.32877	1.32787	1.32874	1425	0	35
2019.05.01	03:00:00	1.32873	1.32882	1.32803	1.32830	1494	0	34
2019.05.01	04:00:00	1.32830	1.32851	1.32815	1.32831	1247	0	35
2019.05.01	05:00:00	1.32832	1.32908	1.32826	1.32885	1133	0	30
2019.05.01	06:00:00	1.32885	1.32948	1.32874	1.32938	1200	0	35
2019.05.01	07:00:00	1.32936	1.32946	1.32911	1.32919	1125	0	24
2019.05.01	08:00:00	1.32921	1.32990	1.32911	1.32974	1064	0	31
2019.05.01	09:00:00	1.32974	1.32998	1.32877	1.32914	1824	0	30
2019.05.01	10:00:00	1.32914	1.33022	1.32831	1.32842	3362	0	30
2019.05.01	11:00:00	1.32842	1.32950	1.32792	1.32803	2745	0	30
2019.05.01	12:00:00	1.32805	1.32893	1.32752	1.32786	2922	0	30
2019.05.01	13:00:00	1.32786	1.32806	1.32660	1.32685	2402	0	31
2019.05.01	14:00:00	1.32685	1.32813	1.32676	1.32766	3558	0	30
2019.05.01	15:00:00	1.32767	1.32857	1.32693	1.32745	6142	0	30
2019.05.01	16:00:00	1.32745	1.32821	1.32690	1.32697	4696	0	30
2019.05.01	17:00:00	1.32684	1.32755	1.32576	1.32753	7297	0	31
2019.05.01	18:00:00	1.32752	1.32771	1.32639	1.32685	5128	0	30
2019.05.01	19:00:00	1.32686	1.32723	1.32593	1.32642	3577	0	30
2019.05.01	20:00:00	1.32642	1.32707	1.32563	1.32633	3701	0	30
2019.05.01	21:00:00	1.32633	1.32848	1.32596	1.32815	13224	0	32
2019.05.01	22:00:00	1.32815	1.32820	1.32719	1.32770	10497	0	31
2019.05.01	23:00:00	1.32769	1.32807	1.32718	1.32785	2109	0	30
2019.05.02	00:00:00	1.32760	1.33248	1.32387	1.32798	74463	0	54
2019.05.02	01:00:00	1.32797	1.32802	1.32734	1.32763	1291	0	39
2019.05.02	02:00:00	1.32763	1.32817	1.32758	1.32776	917	0	35
2019.05.02	03:00:00	1.32774	1.32861	1.32766	1.32824	1620	0	33
2019.05.02	04:00:00	1.32824	1.32855	1.32815	1.32843	1408	0	34
2019.05.02	05:00:00	1.32842	1.32853	1.32786	1.32847	1581	0	33
2019.05.02	06:00:00	1.32847	1.32898	1.32775	1.32803	1585	0	33
2019.05.02	07:00:00	1.32803	1.32825	1.32756	1.32763	1709	0	30
2019.05.02	08:00:00	1.32763	1.32776	1.32715	1.32720	710	0	32
2019.05.02	09:00:00	1.32721	1.32939	1.32710	1.32913	3082	0	30
2019.05.02	10:00:00	1.32912	1.33246	1.32893	1.33217	7145	0	30
2019.05.02	11:00:00	1.33216	1.33219	1.32920	1.32962	5395	0	30
2019.05.02	12:00:00	1.32964	1.33089	1.32961	1.33078	4836	0	31
2019.05.02	13:00:00	1.33078	1.33083	1.32924	1.32940	6435	0	30
2019.05.02	14:00:00	1.32940	1.33249	1.32766	1.32891	9488	0	30
2019.05.02	15:00:00	1.32890	1.32919	1.32755	1.32828	6433	0	30
2019.05.02	16:00:00	1.32828	1.32991	1.32781	1.32797	7367	0	30
2019.05.02	17:00:00	1.32797	1.32874	1.32731	1.32798	7681	0	30
2019.05.02	18:00:00	1.32800	1.32850	1.32614	1.32637	7393	0	30
2019.05.02	19:00:00	1.32637	1.32724	1.32602	1.32678	6131	0	30
2019.05.02	20:00:00	1.32681	1.32743	1.32661	1.32733	4079	0	30
2019.05.02	21:00:00	1.32733	1.32801	1.32677	1.32800	3667	0	31
2019.05.02	22:00:00	1.32799	1.32873	1.32734	1.32855	2878	0	32
2019.05.02	23:00:00	1.32853	1.32862	1.32787	1.32787	1694	0	30
2019.05.03	00:00:00	1.32555	1.33986	1.32544	1.32773	68515	0	56
2019.05.03	01:00:00	1.32773	1.32808	1.32758	1.32805	1116	0	44
2019.05.03	02:00:00	1.32803	1.32839	1.32794	1.32819	1021	0	31
2019.05.03	03:00:00	1.32819	1.32868	1.32813	1.32863	1392	0	32
2019.05.03	04:00:00	1.32864	1.32887	1.32838	1.32858	1678	0	33
2019.05.03	05:00:00	1.32858	1.32909	1.32840	1.32894	2029	0	30
2019.05.03	06:00:00	1.32894	1.32955	1.32885	1.32930	1260	0	34
2019.05.03	07:00:00	1.32930	1.32939	1.32906	1.32906	1079	0	34
2019.05.03	08:00:00	1.32906	1.32951	1.32901	1.32935	1440	0	30
2019.05.03	09:00:00	1.32939	1.32984	1.32795	1.32807	4843	0	32
2019.05.03	10:00:00	1.32807	1.32883	1.32763	1.32791	7545	0	31
2019.05.03	11:00:00	1.32791	1.32866	1.32733	1.32769	5715	0	30
2019.05.03	12:00:00	1.32769	1.32781	1.32603	1.32616	6111	0	30
2019.05.03	13:00:00	1.32616	1.32694	1.32535	1.32591	6093	0	31
2019.05.03	14:00:00	1.32591	1.32690	1.32553	1.32654	4659	0	30
2019.05.03	15:00:00	1.32655	1.32864	1.32519	1.32812	10094	0	30
2019.05.03	16:00:00	1.32812	1.32867	1.32677	1.32841	9516	0	30
2019.05.03	17:00:00	1.32835	1.33540	1.32781	1.33433	12374	0	30
2019.05.03	18:00:00	1.33433	1.33983	1.33429	1.33679	11633	0	30
2019.05.03	19:00:00	1.33679	1.33807	1.33631	1.33707	6632	0	30
2019.05.03	20:00:00	1.33707	1.33879	1.33698	1.33845	3506	0	30
2019.05.03	21:00:00	1.33845	1.33939	1.33843	1.33913	3350	0	30
2019.05.03	22:00:00	1.33914	1.33951	1.33844	1.33851	4740	0	32
2019.05.03	23:00:00	1.33850	1.33908	1.33767	1.33874	1670	0	35
2019.05.06	00:00:00	1.33453	1.33834	1.33131	1.33754	54281	0	63
2019.05.06	01:00:00	1.33753	1.33821	1.33689	1.33800	3014	0	42
2019.05.06	02:00:00	1.33800	1.33813	1.33642	1.33656	2871	0	33
2019.05.06	03:00:00	1.33657	1.33666	1.33488	1.33531	4469	0	34
2019.05.06	04:00:00	1.33531	1.33602	1.33473	1.33597	3060	0	32
2019.05.06	05:00:00	1.33597	1.33604	1.33368	1.33403	2356	0	32
2019.05.06	06:00:00	1.33401	1.33435	1.33210	1.33233	2712	0	31
2019.05.06	07:00:00	1.33233	1.33286	1.33169	1.33267	1482	0	32
2019.05.06	08:00:00	1.33267	1.33353	1.33188	1.33328	2140	0	30
2019.05.06	09:00:00	1.33328	1.33378	1.33239	1.33338	2877	0	30
2019.05.06	10:00:00	1.33339	1.33408	1.33267	1.33377	5865	0	30
2019.05.06	11:00:00	1.33377	1.33448	1.33326	1.33352	2760	0	30
2019.05.06	12:00:00	1.33352	1.33456	1.33325	1.33363	3303	0	30
2019.05.06	13:00:00	1.33362	1.33571	1.33353	1.33517	3963	0	30
2019.05.06	14:00:00	1.33517	1.33517	1.33314	1.33380	4228	0	30
2019.05.06	15:00:00	1.33381	1.33452	1.33333	1.33405	5579	0	30
2019.05.06	16:00:00	1.33405	1.33482	1.33327	1.33442	6174	0	30
2019.05.06	17:00:00	1.33442	1.33480	1.33274	1.33304	5428	0	30
2019.05.06	18:00:00	1.33308	1.33328	1.33224	1.33250	4861	0	30
2019.05.06	19:00:00	1.33250	1.33279	1.33168	1.33176	2547	0	30
2019.05.06	20:00:00	1.33177	1.33270	1.33126	1.33253	2647	0	30
2019.05.06	21:00:00	1.33254	1.33273	1.33214	1.33259	2480	0	31
2019.05.06	22:00:00	1.33258	1.33305	1.33240	1.33280	2901	0	30
2019.05.06	23:00:00	1.33284	1.33299	1.33242	1.33259	1116	0	32
2019.05.07	00:00:00	1.33271	1.33528	1.33077	1.33218	61799	0	71
2019.05.07	01:00:00	1.33218	1.33270	1.33167	1.33194	701	0	25
2019.05.07	02:00:00	1.33194	1.33235	1.33188	1.33230	1201	0	37
2019.05.07	03:00:00	1.33233	1.33330	1.33224	1.33290	2108	0	30
2019.05.07	04:00:00	1.33290	1.33333	1.33272	1.33302	1554	0	33
2019.05.07	05:00:00	1.33302	1.33391	1.33289	1.33370	1279	0	34
2019.05.07	06:00:00	1.33369	1.33417	1.33322	1.33380	1528	0	34
2019.05.07	07:00:00	1.33380	1.33446	1.33338	1.33349	2331	0	35
2019.05.07	08:00:00	1.33349	1.33440	1.33342	1.33412	1596	0	32
2019.05.07	09:00:00	1.33413	1.33466	1.33296	1.33448	4623	0	31
2019.05.07	10:00:00	1.33445	1.33523	1.33324	1.33397	7499	0	30
2019.05.07	11:00:00	1.33395	1.33398	1.33231	1.33355	4226	0	30
2019.05.07	12:00:00	1.33358	1.33411	1.33290	1.33307	3334	0	30
2019.05.07	13:00:00	1.33308	1.33426	1.33294	1.33386	2406	0	31
2019.05.07	14:00:00	1.33387	1.33429	1.33253	1.33297	3576	0	30
2019.05.07	15:00:00	1.33297	1.33344	1.33203	1.33210	6525	0	30
2019.05.07	16:00:00	1.33208	1.33317	1.33129	1.33312	6761	0	30
2019.05.07	17:00:00	1.33312	1.33424	1.33214	1.33338	7441	0	30
2019.05.07	18:00:00	1.33339	1.33389	1.33267	1.33293	6218	0	30
2019.05.07	19:00:00	1.33293	1.33341	1.33186	1.33327	3530	0	30
2019.05.07	20:00:00	1.33327	1.33342	1.33210	1.33218	4130	0	30
2019.05.07	21:00:00	1.33218	1.33249	1.33070	1.33195	3979	0	30
2019.05.07	22:00:00	1.33204	1.33240	1.33145	1.33229	3697	0	30
2019.05.07	23:00:00	1.33229	1.33291	1.33206	1.33225	1144	0	32
2019.05.08	00:00:00	1.33243	1.33307	1.32244	1.33157	63372	0	55
2019.05.08	01:00:00	1.33156	1.33261	1.33145	1.33230	942	0	33
2019.05.08	02:00:00	1.33231	1.33254	1.33214	1.33228	1506	0	28
2019.05.08	03:00:00	1.33228	1.33261	1.33209	1.33235	2022	0	35
2019.05.08	04:00:00	1.33235	1.33255	1.33190	1.33227	2155	0	37
2019.05.08	05:00:00	1.33227	1.33261	1.33177	1.33217	3330	0	34
2019.05.08	06:00:00	1.33217	1.33266	1.33121	1.33154	1961	0	30
2019.05.08	07:00:00	1.33154	1.33194	1.33137	1.33162	1012	0	31
2019.05.08	08:00:00	1.33162	1.33247	1.33154	1.33243	956	0	33
2019.05.08	09:00:00	1.33242	1.33292	1.33019	1.33026	3648	0	32
2019.05.08	10:00:00	1.33026	1.33050	1.32704	1.32741	6811	0	30
2019.05.08	11:00:00	1.32743	1.32867	1.32678	1.32726	6102	0	30
2019.05.08	12:00:00	1.32726	1.32761	1.32468	1.32501	4227	0	30
2019.05.08	13:00:00	1.32501	1.32521	1.32237	1.32384	5774	0	30
2019.05.08	14:00:00	1.32383	1.32421	1.32285	1.32315	5099	0	30
2019.05.08	15:00:00	1.32308	1.32591	1.32286	1.32463	9142	0	30
2019.05.08	16:00:00	1.32463	1.32558	1.32425	1.32529	8326	0	30
2019.05.08	17:00:00	1.32529	1.32545	1.32244	1.32394	9062	0	30
2019.05.08	18:00:00	1.32393	1.32569	1.32298	1.32477	8353	0	30
2019.05.08	19:00:00	1.32478	1.32649	1.32437	1.32609	3466	0	30
2019.05.08	20:00:00	1.32609	1.32655	1.32582	1.32628	2392	0	30
2019.05.08	21:00:00	1.32627	1.32671	1.32590	1.32651	2205	0	32
2019.05.08	22:00:00	1.32650	1.32727	1.32612	1.32681	2099	0	30
2019.05.08	23:00:00	1.32681	1.32779	1.32661	1.32688	1147	0	30
2019.05.09	00:00:00	1.32617	1.32894	1.31696	1.32711	58496	0	47
2019.05.09	01:00:00	1.32711	1.32762	1.32638	1.32749	1802	0	32
2019.05.09	02:00:00	1.32748	1.32792	1.32705	1.32711	2110	0	35
2019.05.09	03:00:00	1.32711	1.32798	1.32682	1.32783	3266	0	35
2019.05.09	04:00:00	1.32783	1.32805	1.32754	1.32756	1731	0	36
2019.05.09	05:00:00	1.32756	1.32799	1.32732	1.32745	1724	0	33
2019.05.09	06:00:00	1.32745	1.32762	1.32707	1.32752	1119	0	33
2019.05.09	07:00:00	1.32752	1.32795	1.32719	1.32788	1096	0	30
2019.05.09	08:00:00	1.32788	1.32885	1.32747	1.32819	1270	0	30
2019.05.09	09:00:00	1.32819	1.32830	1.32633	1.32694	2739	0	31
2019.05.09	10:00:00	1.32694	1.32733	1.32268	1.32320	6392	0	30
2019.05.09	11:00:00	1.32320	1.32320	1.32041	1.32203	5948	0	30
2019.05.09	12:00:00	1.32203	1.32438	1.32203	1.32356	3523	0	30
2019.05.09	13:00:00	1.32356	1.32398	1.32235	1.32293	3782	0	30
2019.05.09	14:00:00	1.32293	1.32366	1.32249	1.32333	2985	0	30
2019.05.09	15:00:00	1.32334	1.32337	1.32031	1.32041	6347	0	30
2019.05.09	16:00:00	1.32040	1.32102	1.31689	1.31760	8159	0	30
2019.05.09	17:00:00	1.31761	1.32008	1.31688	1.31956	11230	0	30
2019.05.09	18:00:00	1.31956	1.31984	1.31774	1.31836	4822	0	30
2019.05.09	19:00:00	1.31836	1.32173	1.31827	1.32082	5734	0	30
2019.05.09	20:00:00	1.32079	1.32278	1.32062	1.32225	3900	0	30
2019.05.09	21:00:00	1.32225	1.32256	1.32134	1.32134	2545	0	32
2019.05.09	22:00:00	1.32136	1.32137	1.32015	1.32076	2513	0	33
2019.05.09	23:00:00	1.32076	1.32088	1.31970	1.32015	1392	0	31
2019.05.10	00:00:00	1.32017	1.32202	1.31436	1.31990	64750	0	51
2019.05.10	01:00:00	1.31995	1.32063	1.31984	1.32053	2237	0	25
2019.05.10	02:00:00	1.32052	1.32090	1.32031	1.32080	2661	0	36
2019.05.10	03:00:00	1.32083	1.32183	1.32061	1.32090	6652	0	30
2019.05.10	04:00:00	1.32090	1.32198	1.32058	1.32183	4065	0	33
2019.05.10	05:00:00	1.32182	1.32187	1.32124	1.32124	2346	0	30
2019.05.10	06:00:00	1.32124	1.32146	1.32028	1.32035	3862	0	32
2019.05.10	07:00:00	1.32035	1.32063	1.31903	1.31909	2661	0	34
2019.05.10	08:00:00	1.31909	1.31916	1.31815	1.31863	1864	0	34
2019.05.10	09:00:00	1.31863	1.31998	1.31829	1.31991	3360	0	30
2019.05.10	10:00:00	1.31986	1.32174	1.31816	1.31821	4733	0	30
2019.05.10	11:00:00	1.31821	1.32094	1.31768	1.31815	4662	0	30
2019.05.10	12:00:00	1.31815	1.31998	1.31789	1.31984	3391	0	30
2019.05.10	13:00:00	1.31984	1.32094	1.31911	1.31930	3583	0	30
2019.05.10	14:00:00	1.31930	1.31949	1.31799	1.31806	3785	0	30
2019.05.10	15:00:00	1.31806	1.31923	1.31592	1.31730	7035	0	30
2019.05.10	16:00:00	1.31729	1.31861	1.31657	1.31687	8107	0	30
2019.05.10	17:00:00	1.31688	1.31834	1.31672	1.31745	6933	0	30
2019.05.10	18:00:00	1.31745	1.31807	1.31655	1.31759	6236	0	30
2019.05.10	19:00:00	1.31759	1.31830	1.31724	1.31756	3092	0	30
2019.05.10	20:00:00	1.31756	1.31842	1.31739	1.31770	3360	0	32
2019.05.10	21:00:00	1.31769	1.31801	1.31655	1.31700	2484	0	30
2019.05.10	22:00:00	1.31699	1.31722	1.31555	1.31583	3639	0	31
2019.05.10	23:00:00	1.31583	1.31588	1.31425	1.31521	1343	0	37
2019.05.13	00:00:00	1.31340	1.31580	1.30147	1.31417	57307	0	76
2019.05.13	01:00:00	1.31381	1.31548	1.31365	1.31479	1259	0	33
2019.05.13	02:00:00	1.31480	1.31490	1.31424	1.31430	1070	0	33
2019.05.13	03:00:00	1.31430	1.31514	1.31425	1.31484	1522	0	32
2019.05.13	04:00:00	1.31484	1.31510	1.31445	1.31490	1431	0	31
2019.05.13	05:00:00	1.31490	1.31535	1.31465	1.31530	1615	0	37
2019.05.13	06:00:00	1.31530	1.31543	1.31496	1.31516	958	0	26
2019.05.13	07:00:00	1.31517	1.31528	1.31493	1.31519	897	0	34
2019.05.13	08:00:00	1.31519	1.31558	1.31504	1.31543	661	0	32
2019.05.13	09:00:00	1.31543	1.31552	1.31427	1.31438	1528	0	30
2019.05.13	10:00:00	1.31441	1.31444	1.31209	1.31401	5379	0	30
2019.05.13	11:00:00	1.31401	1.31408	1.31224	1.31331	4060	0	30
2019.05.13	12:00:00	1.31331	1.31393	1.31248	1.31288	2983	0	30
2019.05.13	13:00:00	1.31285	1.31332	1.31222	1.31269	3062	0	30
2019.05.13	14:00:00	1.31267	1.31275	1.31116	1.31128	3420	0	30
2019.05.13	15:00:00	1.31131	1.31193	1.30959	1.31172	9582	0	30
2019.05.13	16:00:00	1.31172	1.31228	1.30909	1.30964	7439	0	30
2019.05.13	17:00:00	1.30964	1.30969	1.30598	1.30629	8864	0	30
2019.05.13	18:00:00	1.30632	1.30700	1.30303	1.30438	8120	0	30
2019.05.13	19:00:00	1.30438	1.30446	1.30143	1.30206	4400	0	30
2019.05.13	20:00:00	1.30205	1.30383	1.30138	1.30375	3651	0	30
2019.05.13	21:00:00	1.30375	1.30493	1.30355	1.30478	3401	0	31
2019.05.13	22:00:00	1.30476	1.30507	1.30392	1.30412	2516	0	31
2019.05.13	23:00:00	1.30411	1.30443	1.30341	1.30354	1185	0	34
2019.05.14	00:00:00	1.30354	1.30651	1.30080	1.30325	52297	0	54
2019.05.14	01:00:00	1.30324	1.30363	1.30070	1.30172	2551	0	40
2019.05.14	02:00:00	1.30172	1.30325	1.30172	1.30323	1778	0	35
2019.05.14	03:00:00	1.30322	1.30480	1.30316	1.30447	2229	0	31
2019.05.14	04:00:00	1.30447	1.30473	1.30398	1.30398	2212	0	32
2019.05.14	05:00:00	1.30398	1.30492	1.30394	1.30464	1833	0	34
2019.05.14	06:00:00	1.30464	1.30514	1.30447	1.30464	1646	0	32
2019.05.14	07:00:00	1.30464	1.30475	1.30390	1.30421	1839	0	30
2019.05.14	08:00:00	1.30421	1.30464	1.30400	1.30420	1197	0	35
2019.05.14	09:00:00	1.30420	1.30447	1.30241	1.30291	2877	0	30
2019.05.14	10:00:00	1.30291	1.30334	1.30192	1.30321	5043	0	30
2019.05.14	11:00:00	1.30321	1.30443	1.30197	1.30432	3976	0	30
2019.05.14	12:00:00	1.30434	1.30533	1.30385	1.30443	2565	0	30
2019.05.14	13:00:00	1.30443	1.30650	1.30430	1.30530	3266	0	30
2019.05.14	14:00:00	1.30528	1.30572	1.30406	1.30447	3208	0	30
2019.05.14	15:00:00	1.30454	1.30474	1.30221	1.30299	6489	0	30
2019.05.14	16:00:00	1.30298	1.30328	1.30088	1.30203	6869	0	30
2019.05.14	17:00:00	1.30203	1.30384	1.30169	1.30288	5924	0	30
2019.05.14	18:00:00	1.30289	1.30340	1.30203	1.30323	6111	0	30
2019.05.14	19:00:00	1.30324	1.30453	1.30295	1.30333	2205	0	30
2019.05.14	20:00:00	1.30334	1.30344	1.30252	1.30271	1863	0	30
2019.05.14	21:00:00	1.30271	1.30297	1.30229	1.30245	2590	0	30
2019.05.14	22:00:00	1.30247	1.30297	1.30190	1.30195	2159	0	32
2019.05.14	23:00:00	1.30196	1.30247	1.30127	1.30154	1456	0	33
2019.05.15	00:00:00	1.30126	1.30260	1.29316	1.30131	52085	0	54
2019.05.15	01:00:00	1.30125	1.30188	1.30125	1.30179	1386	0	44
2019.05.15	02:00:00	1.30180	1.30202	1.30166	1.30182	1829	0	35
2019.05.15	03:00:00	1.30182	1.30185	1.30083	1.30133	1420	0	35
2019.05.15	04:00:00	1.30133	1.30199	1.30097	1.30177	1665	0	35
2019.05.15	05:00:00	1.30177	1.30212	1.30135	1.30204	1779	0	34
2019.05.15	06:00:00	1.30202	1.30213	1.30174	1.30201	881	0	35
2019.05.15	07:00:00	1.30201	1.30246	1.30198	1.30237	658	0	35
2019.05.15	08:00:00	1.30237	1.30252	1.30203	1.30213	925	0	34
2019.05.15	09:00:00	1.30213	1.30248	1.30153	1.30225	1781	0	30
2019.05.15	10:00:00	1.30225	1.30225	1.29896	1.30015	4706	0	30
2019.05.15	11:00:00	1.30013	1.30038	1.29828	1.29845	3064	0	30
2019.05.15	12:00:00	1.29845	1.30012	1.29826	1.29938	3806	0	30
2019.05.15	13:00:00	1.29938	1.30040	1.29885	1.30009	3346	0	30
2019.05.15	14:00:00	1.30008	1.30063	1.29860	1.29896	4031	0	30
2019.05.15	15:00:00	1.29896	1.29967	1.29462	1.29590	7333	0	30
2019.05.15	16:00:00	1.29590	1.29625	1.29312	1.29397	8909	0	30
2019.05.15	17:00:00	1.29400	1.29764	1.29321	1.29736	11467	0	30
2019.05.15	18:00:00	1.29736	1.29931	1.29686	1.29924	5413	0	30
2019.05.15	19:00:00	1.29924	1.29949	1.29763	1.29809	3916	0	30
2019.05.15	20:00:00	1.29808	1.29813	1.29683	1.29689	1651	0	31
2019.05.15	21:00:00	1.29689	1.29746	1.29582	1.29600	2264	0	33
2019.05.15	22:00:00	1.29603	1.29664	1.29511	1.29518	2437	0	32
2019.05.15	23:00:00	1.29518	1.29579	1.29490	1.29507	908	0	33
2019.05.16	00:00:00	1.29534	1.29604	1.29114	1.29458	48215	0	53
2019.05.16	01:00:00	1.29460	1.29524	1.29452	1.29502	1533	0	39
2019.05.16	02:00:00	1.29502	1.29519	1.29473	1.29501	1399	0	38
2019.05.16	03:00:00	1.29501	1.29515	1.29464	1.29502	1119	0	36
2019.05.16	04:00:00	1.29502	1.29513	1.29429	1.29471	2119	0	31
2019.05.16	05:00:00	1.29471	1.29540	1.29452	1.29513	1754	0	35
2019.05.16	06:00:00	1.29513	1.29581	1.29502	1.29562	1058	0	35
2019.05.16	07:00:00	1.29562	1.29598	1.29547	1.29549	886	0	33
2019.05.16	08:00:00	1.29549	1.29558	1.29475	1.29492	1344	0	32
2019.05.16	09:00:00	1.29492	1.29505	1.29374	1.29421	2597	0	30
2019.05.16	10:00:00	1.29417	1.29439	1.29159	1.29309	4732	0	30
2019.05.16	11:00:00	1.29309	1.29548	1.29254	1.29380	4471	0	30
2019.05.16	12:00:00	1.29381	1.29508	1.29366	1.29406	3599	0	30
2019.05.16	13:00:00	1.29405	1.29458	1.29304	1.29357	3667	0	30
2019.05.16	14:00:00	1.29357	1.29380	1.29239	1.29275	3740	0	30
2019.05.16	15:00:00	1.29275	1.29392	1.29210	1.29260	7529	0	30
2019.05.16	16:00:00	1.29260	1.29379	1.29187	1.29190	6290	0	29
2019.05.16	17:00:00	1.29190	1.29355	1.29106	1.29145	6008	0	30
2019.05.16	18:00:00	1.29145	1.29324	1.29129	1.29308	3729	0	30
2019.05.16	19:00:00	1.29308	1.29327	1.29162	1.29173	2598	0	30
2019.05.16	20:00:00	1.29174	1.29265	1.29117	1.29204	2464	0	30
2019.05.16	21:00:00	1.29205	1.29264	1.29174	1.29201	2299	0	32
2019.05.16	22:00:00	1.29204	1.29258	1.29177	1.29189	2874	0	31
2019.05.16	23:00:00	1.29187	1.29250	1.29169	1.29186	890	0	35
2019.05.17	00:00:00	1.29158	1.29255	1.28526	1.29147	58590	0	47
2019.05.17	01:00:00	1.29149	1.29241	1.29139	1.29224	1688	0	33
2019.05.17	02:00:00	1.29224	1.29246	1.29204	1.29236	905	0	37
2019.05.17	03:00:00	1.29238	1.29242	1.29124	1.29138	1691	0	34
2019.05.17	04:00:00	1.29138	1.29160	1.29111	1.29139	1146	0	34
2019.05.17	05:00:00	1.29139	1.29196	1.29135	1.29149	1561	0	33
2019.05.17	06:00:00	1.29149	1.29163	1.29014	1.29070	2470	0	34
2019.05.17	07:00:00	1.29067	1.29144	1.29055	1.29090	1749	0	31
2019.05.17	08:00:00	1.29090	1.29094	1.28939	1.28963	2590	0	30
2019.05.17	09:00:00	1.28963	1.29093	1.28931	1.29069	3949	0	30
2019.05.17	10:00:00	1.29069	1.29072	1.28898	1.29017	4696	0	31
2019.05.17	11:00:00	1.29018	1.29031	1.28879	1.28976	4621	0	30
2019.05.17	12:00:00	1.28976	1.29033	1.28908	1.29001	5690	0	30
2019.05.17	13:00:00	1.29000	1.29003	1.28805	1.28899	4459	0	30
2019.05.17	14:00:00	1.28899	1.28936	1.28727	1.28741	5254	0	30
2019.05.17	15:00:00	1.28741	1.28912	1.28721	1.28826	6735	0	30
2019.05.17	16:00:00	1.28826	1.28983	1.28772	1.28827	5662	0	30
2019.05.17	17:00:00	1.28834	1.28922	1.28719	1.28753	8457	0	30
2019.05.17	18:00:00	1.28754	1.28869	1.28573	1.28573	5691	0	30
2019.05.17	19:00:00	1.28573	1.28694	1.28570	1.28640	2634	0	30
2019.05.17	20:00:00	1.28640	1.28691	1.28573	1.28608	3265	0	30
2019.05.17	21:00:00	1.28608	1.28658	1.28593	1.28650	2373	0	33
2019.05.17	22:00:00	1.28650	1.28653	1.28523	1.28548	4264	0	30
2019.05.17	23:00:00	1.28544	1.28632	1.28490	1.28490	1402	0	36
2019.05.20	00:00:00	1.28637	1.28882	1.28187	1.28661	46694	0	74
2019.05.20	01:00:00	1.28670	1.28697	1.28555	1.28605	653	0	35
2019.05.20	02:00:00	1.28605	1.28676	1.28592	1.28650	1211	0	36
2019.05.20	03:00:00	1.28650	1.28803	1.28629	1.28799	1939	0	31
2019.05.20	04:00:00	1.28799	1.28830	1.28778	1.28814	2170	0	33
2019.05.20	05:00:00	1.28814	1.28821	1.28765	1.28801	1812	0	32
2019.05.20	06:00:00	1.28801	1.28809	1.28753	1.28786	1607	0	32
2019.05.20	07:00:00	1.28786	1.28859	1.28782	1.28847	1363	0	31
2019.05.20	08:00:00	1.28848	1.28863	1.28811	1.28831	1291	0	33
2019.05.20	09:00:00	1.28832	1.28857	1.28735	1.28739	3090	0	31
2019.05.20	10:00:00	1.28740	1.28853	1.28648	1.28798	4595	0	30
2019.05.20	11:00:00	1.28798	1.28875	1.28594	1.28607	4358	0	30
2019.05.20	12:00:00	1.28604	1.28732	1.28594	1.28696	3232	0	30
2019.05.20	13:00:00	1.28696	1.28699	1.28562	1.28655	3130	0	30
2019.05.20	14:00:00	1.28655	1.28658	1.28557	1.28568	2174	0	30
2019.05.20	15:00:00	1.28568	1.28578	1.28463	1.28475	3472	0	30
2019.05.20	16:00:00	1.28475	1.28513	1.28261	1.28430	5731	0	30
2019.05.20	17:00:00	1.28430	1.28538	1.28344	1.28414	4532	0	30
2019.05.20	18:00:00	1.28414	1.28464	1.28178	1.28204	4088	0	30
2019.05.20	19:00:00	1.28204	1.28341	1.28198	1.28265	1975	0	30
2019.05.20	20:00:00	1.28265	1.28324	1.28233	1.28316	1152	0	31
2019.05.20	21:00:00	1.28316	1.28334	1.28275	1.28323	1603	0	30
2019.05.20	22:00:00	1.28318	1.28342	1.28292	1.28323	1447	0	33
2019.05.20	23:00:00	1.28323	1.28335	1.28272	1.28287	867	0	30
2019.05.21	00:00:00	1.28271	1.29321	1.28109	1.28289	60347	0	81
2019.05.21	01:00:00	1.28289	1.28333	1.28288	1.28317	429	0	31
2019.05.21	02:00:00	1.28312	1.28372	1.28306	1.28366	1579	0	30
2019.05.21	03:00:00	1.28366	1.28467	1.28363	1.28459	1226	0	30
2019.05.21	04:00:00	1.28459	1.28474	1.28407	1.28465	1278	0	35
2019.05.21	05:00:00	1.28465	1.28499	1.28439	1.28489	1251	0	33
2019.05.21	06:00:00	1.28489	1.28515	1.28441	1.28495	1980	0	34
2019.05.21	07:00:00	1.28495	1.28495	1.28440	1.28471	1027	0	30
2019.05.21	08:00:00	1.28471	1.28592	1.28452	1.28587	1460	0	31
2019.05.21	09:00:00	1.28588	1.28603	1.28510	1.28534	3015	0	30
2019.05.21	10:00:00	1.28534	1.28561	1.28101	1.28123	5469	0	30
2019.05.21	11:00:00	1.28124	1.28265	1.28108	1.28217	4228	0	30
2019.05.21	12:00:00	1.28219	1.28231	1.28131	1.28191	3445	0	30
2019.05.21	13:00:00	1.28191	1.28323	1.28160	1.28243	3617	0	30
2019.05.21	14:00:00	1.28242	1.28424	1.28141	1.28401	3824	0	30
2019.05.21	15:00:00	1.28399	1.28817	1.28391	1.28753	7823	0	30
2019.05.21	16:00:00	1.28753	1.28808	1.28485	1.28683	5877	0	30
2019.05.21	17:00:00	1.28680	1.29341	1.28496	1.29042	9058	0	30
2019.05.21	18:00:00	1.29042	1.29157	1.28763	1.28767	14185	0	30
2019.05.21	19:00:00	1.28767	1.28787	1.28591	1.28641	2920	0	30
2019.05.21	20:00:00	1.28641	1.28709	1.28572	1.28591	2509	0	30
2019.05.21	21:00:00	1.28590	1.28592	1.28402	1.28459	3280	0	30
2019.05.21	22:00:00	1.28458	1.28481	1.28369	1.28385	2637	0	30
2019.05.21	23:00:00	1.28385	1.28451	1.28379	1.28424	1048	0	30
2019.05.22	00:00:00	1.28434	1.28631	1.27320	1.28439	57031	0	51
2019.05.22	01:00:00	1.28441	1.28454	1.28386	1.28394	1505	0	35
2019.05.22	02:00:00	1.28395	1.28473	1.28391	1.28453	663	0	31
2019.05.22	03:00:00	1.28453	1.28514	1.28433	1.28511	1436	0	32
2019.05.22	04:00:00	1.28510	1.28573	1.28499	1.28566	1076	0	33
2019.05.22	05:00:00	1.28566	1.28613	1.28560	1.28594	1215	0	34
2019.05.22	06:00:00	1.28594	1.28624	1.28582	1.28603	1094	0	33
2019.05.22	07:00:00	1.28603	1.28619	1.28554	1.28613	1015	0	34
2019.05.22	08:00:00	1.28612	1.28633	1.28507	1.28525	1308	0	32
2019.05.22	09:00:00	1.28525	1.28555	1.28154	1.28181	3328	0	30
2019.05.22	10:00:00	1.28181	1.28221	1.27999	1.28063	5522	0	30
2019.05.22	11:00:00	1.28063	1.28183	1.27933	1.27971	5113	0	30
2019.05.22	12:00:00	1.27971	1.28062	1.27922	1.28028	3734	0	30
2019.05.22	13:00:00	1.28028	1.28052	1.27859	1.27880	2704	0	30
2019.05.22	14:00:00	1.27878	1.27882	1.27478	1.27529	4511	0	30
2019.05.22	15:00:00	1.27528	1.27578	1.27401	1.27463	5841	0	30
2019.05.22	16:00:00	1.27462	1.27610	1.27314	1.27433	6342	0	30
2019.05.22	17:00:00	1.27433	1.27755	1.27358	1.27711	6556	0	30
2019.05.22	18:00:00	1.27713	1.27976	1.27569	1.27850	7610	0	30
2019.05.22	19:00:00	1.27850	1.27854	1.27717	1.27812	2828	0	30
2019.05.22	20:00:00	1.27811	1.28022	1.27784	1.27904	2290	0	31
2019.05.22	21:00:00	1.27904	1.27937	1.27710	1.27769	4253	0	31
2019.05.22	22:00:00	1.27766	1.27831	1.27711	1.27810	2471	0	32
2019.05.22	23:00:00	1.27808	1.27860	1.27783	1.27793	962	0	18
2019.05.23	00:00:00	1.27725	1.27862	1.26853	1.27765	72650	0	51
2019.05.23	01:00:00	1.27767	1.27822	1.27744	1.27757	719	0	22
2019.05.23	02:00:00	1.27757	1.27795	1.27748	1.27767	918	0	22
2019.05.23	03:00:00	1.27767	1.27791	1.27700	1.27707	1119	0	32
2019.05.23	04:00:00	1.27707	1.27712	1.27604	1.27640	1767	0	30
2019.05.23	05:00:00	1.27640	1.27653	1.27492	1.27501	1476	0	30
2019.05.23	06:00:00	1.27501	1.27559	1.27494	1.27552	1714	0	34
2019.05.23	07:00:00	1.27553	1.27559	1.27506	1.27538	897	0	32
2019.05.23	08:00:00	1.27538	1.27539	1.27444	1.27493	1060	0	30
2019.05.23	09:00:00	1.27492	1.27529	1.27219	1.27296	5124	0	30
2019.05.23	10:00:00	1.27296	1.27330	1.27211	1.27266	6421	0	30
2019.05.23	11:00:00	1.27262	1.27421	1.27157	1.27392	5304	0	30
2019.05.23	12:00:00	1.27393	1.27593	1.27379	1.27490	4399	0	30
2019.05.23	13:00:00	1.27490	1.27604	1.27404	1.27519	4103	0	30
2019.05.23	14:00:00	1.27519	1.27562	1.27374	1.27379	3114	0	30
2019.05.23	15:00:00	1.27379	1.27415	1.27293	1.27394	5230	0	30
2019.05.23	16:00:00	1.27394	1.27582	1.27372	1.27412	9078	0	30
2019.05.23	17:00:00	1.27410	1.27529	1.27130	1.27481	10449	0	30
2019.05.23	18:00:00	1.27477	1.27547	1.27082	1.27151	7479	0	30
2019.05.23	19:00:00	1.27151	1.27258	1.27103	1.27200	5320	0	30
2019.05.23	20:00:00	1.27200	1.27200	1.27044	1.27049	4031	0	31
2019.05.23	21:00:00	1.27049	1.27055	1.26859	1.26867	3230	0	30
2019.05.23	22:00:00	1.26870	1.26979	1.26846	1.26944	3306	0	31
2019.05.23	23:00:00	1.26944	1.27020	1.26936	1.26954	1104	0	31
2019.05.24	00:00:00	1.26946	1.27509	1.26778	1.26953	63646	0	53
2019.05.24	01:00:00	1.26953	1.27028	1.26927	1.26977	2260	0	31
2019.05.24	02:00:00	1.26977	1.27012	1.26963	1.26984	976	0	33
2019.05.24	03:00:00	1.26984	1.27104	1.26977	1.27080	1622	0	34
2019.05.24	04:00:00	1.27081	1.27090	1.27045	1.27052	1786	0	34
2019.05.24	05:00:00	1.27052	1.27099	1.27041	1.27065	1756	0	33
2019.05.24	06:00:00	1.27065	1.27103	1.27037	1.27085	1201	0	33
2019.05.24	07:00:00	1.27085	1.27099	1.27058	1.27072	624	0	35
2019.05.24	08:00:00	1.27072	1.27102	1.27066	1.27098	832	0	31
2019.05.24	09:00:00	1.27097	1.27180	1.27043	1.27066	3905	0	30
2019.05.24	10:00:00	1.27066	1.27083	1.26773	1.27026	6443	0	30
2019.05.24	11:00:00	1.27021	1.27256	1.26954	1.27212	5309	0	30
2019.05.24	12:00:00	1.27212	1.27363	1.26931	1.27333	6399	0	30
2019.05.24	13:00:00	1.27333	1.27501	1.27181	1.27234	4438	0	30
2019.05.24	14:00:00	1.27234	1.27301	1.26921	1.26937	4306	0	30
2019.05.24	15:00:00	1.26937	1.27047	1.26801	1.26966	7359	0	30
2019.05.24	16:00:00	1.26965	1.27152	1.26872	1.26933	7372	0	30
2019.05.24	17:00:00	1.26933	1.27286	1.26846	1.27117	6707	0	30
2019.05.24	18:00:00	1.27117	1.27243	1.26997	1.27238	5217	0	30
2019.05.24	19:00:00	1.27238	1.27322	1.27184	1.27312	3587	0	30
2019.05.24	20:00:00	1.27314	1.27446	1.27254	1.27265	2743	0	30
2019.05.24	21:00:00	1.27265	1.27308	1.27220	1.27299	1777	0	31
2019.05.24	22:00:00	1.27299	1.27367	1.27276	1.27277	1643	0	30
2019.05.24	23:00:00	1.27278	1.27310	1.27254	1.27287	1064	0	39
2019.05.27	00:00:00	1.27323	1.27951	1.27192	1.27394	47323	0	120
2019.05.27	01:00:00	1.27392	1.27503	1.27340	1.27489	821	0	29
2019.05.27	02:00:00	1.27489	1.27492	1.27446	1.27464	903	0	37
2019.05.27	03:00:00	1.27463	1.27560	1.27437	1.27541	871	0	27
2019.05.27	04:00:00	1.27541	1.27558	1.27501	1.27534	1316	0	32
2019.05.27	05:00:00	1.27533	1.27616	1.27528	1.27606	1431	0	32
2019.05.27	06:00:00	1.27606	1.27651	1.27590	1.27639	925	0	34
2019.05.27	07:00:00	1.27639	1.27698	1.27639	1.27660	1134	0	32
2019.05.27	08:00:00	1.27660	1.27808	1.27660	1.27807	1737	0	32
2019.05.27	09:00:00	1.27807	1.27937	1.27773	1.27876	4547	0	30
2019.05.27	10:00:00	1.27874	1.27877	1.27750	1.27826	4826	0	30
2019.05.27	11:00:00	1.27826	1.27944	1.27751	1.27776	3553	0	31
2019.05.27	12:00:00	1.27774	1.27786	1.27596	1.27600	3801	0	30
2019.05.27	13:00:00	1.27601	1.27602	1.27362	1.27486	3795	0	30
2019.05.27	14:00:00	1.27486	1.27594	1.27465	1.27547	3321	0	30
2019.05.27	15:00:00	1.27548	1.27606	1.27408	1.27419	3160	0	30
2019.05.27	16:00:00	1.27419	1.27498	1.27319	1.27348	3835	0	30
2019.05.27	17:00:00	1.27346	1.27356	1.27207	1.27341	2024	0	30
2019.05.27	18:00:00	1.27344	1.27349	1.27218	1.27266	2055	0	30
2019.05.27	19:00:00	1.27266	1.27326	1.27240	1.27318	1071	0	35
2019.05.27	20:00:00	1.27317	1.27317	1.27233	1.27266	4568	0	40
2019.05.27	21:00:00	1.27266	1.27293	1.27237	1.27276	5332	0	41
2019.05.27	22:00:00	1.27276	1.27300	1.27259	1.27300	4828	0	41
2019.05.27	23:00:00	1.27300	1.27305	1.27219	1.27232	3703	0	36
2019.05.28	00:00:00	1.27217	1.27921	1.27035	1.27259	72754	0	66
2019.05.28	01:00:00	1.27259	1.27297	1.27235	1.27293	1336	0	44
2019.05.28	02:00:00	1.27293	1.27318	1.27281	1.27307	1641	0	36
2019.05.28	03:00:00	1.27307	1.27329	1.27272	1.27288	1269	0	34
2019.05.28	04:00:00	1.27286	1.27295	1.27234	1.27293	2005	0	34
2019.05.28	05:00:00	1.27293	1.27343	1.27254	1.27306	1606	0	32
2019.05.28	06:00:00	1.27306	1.27335	1.27283	1.27330	944	0	35
2019.05.28	07:00:00	1.27329	1.27340	1.27265	1.27333	1326	0	31
2019.05.28	08:00:00	1.27333	1.27358	1.27270	1.27278	1170	0	32
2019.05.28	09:00:00	1.27277	1.27510	1.27236	1.27334	4678	0	30
2019.05.28	10:00:00	1.27334	1.27385	1.27099	1.27228	8983	0	30
2019.05.28	11:00:00	1.27229	1.27235	1.27026	1.27150	6221	0	30
2019.05.28	12:00:00	1.27150	1.27318	1.27075	1.27078	4772	0	30
2019.05.28	13:00:00	1.27078	1.27293	1.27049	1.27241	5180	0	30
2019.05.28	14:00:00	1.27241	1.27426	1.27204	1.27350	4531	0	30
2019.05.28	15:00:00	1.27349	1.27489	1.27284	1.27445	4510	0	30
2019.05.28	16:00:00	1.27445	1.27682	1.27424	1.27581	5163	0	30
2019.05.28	17:00:00	1.27581	1.27851	1.27491	1.27838	7754	0	30
2019.05.28	18:00:00	1.27838	1.27914	1.27714	1.27746	7070	0	30
2019.05.28	19:00:00	1.27746	1.27868	1.27743	1.27789	3255	0	31
2019.05.28	20:00:00	1.27789	1.27795	1.27624	1.27628	2264	0	30
2019.05.28	21:00:00	1.27631	1.27661	1.27548	1.27548	2363	0	33
2019.05.28	22:00:00	1.27548	1.27569	1.27455	1.27460	2205	0	31
2019.05.28	23:00:00	1.27460	1.27517	1.27440	1.27465	1111	0	35
2019.05.29	00:00:00	1.27461	1.27638	1.26936	1.27473	57951	0	52
2019.05.29	01:00:00	1.27473	1.27500	1.27437	1.27487	1510	0	29
2019.05.29	02:00:00	1.27487	1.27490	1.27460	1.27481	851	0	35
2019.05.29	03:00:00	1.27481	1.27517	1.27390	1.27401	2029	0	30
2019.05.29	04:00:00	1.27401	1.27413	1.27360	1.27383	2948	0	32
2019.05.29	05:00:00	1.27384	1.27397	1.27327	1.27336	2068	0	34
2019.05.29	06:00:00	1.27335	1.27375	1.27331	1.27356	1226	0	30
2019.05.29	07:00:00	1.27357	1.27376	1.27336	1.27357	1918	0	33
2019.05.29	08:00:00	1.27355	1.27451	1.27350	1.27395	1691	0	33
2019.05.29	09:00:00	1.27396	1.27431	1.27303	1.27332	3541	0	32
2019.05.29	10:00:00	1.27334	1.27339	1.27090	1.27173	6533	0	30
2019.05.29	11:00:00	1.27174	1.27245	1.27033	1.27137	5588	0	30
2019.05.29	12:00:00	1.27137	1.27200	1.26929	1.27109	4904	0	30
2019.05.29	13:00:00	1.27109	1.27285	1.27085	1.27217	3786	0	30
2019.05.29	14:00:00	1.27222	1.27236	1.27080	1.27136	4120	0	30
2019.05.29	15:00:00	1.27136	1.27451	1.27066	1.27383	5215	0	30
2019.05.29	16:00:00	1.27383	1.27510	1.27356	1.27457	6135	0	30
2019.05.29	17:00:00	1.27457	1.27632	1.27263	1.27263	9501	0	30
2019.05.29	18:00:00	1.27262	1.27297	1.27016	1.27139	7409	0	30
2019.05.29	19:00:00	1.27139	1.27143	1.27026	1.27067	3407	0	30
2019.05.29	20:00:00	1.27067	1.27285	1.27065	1.27261	4392	0	30
2019.05.29	21:00:00	1.27259	1.27261	1.27155	1.27201	2553	0	32
2019.05.29	22:00:00	1.27201	1.27302	1.27185	1.27260	3061	0	32
2019.05.29	23:00:00	1.27260	1.27332	1.27237	1.27246	817	0	38
2019.05.30	00:00:00	1.27271	1.27561	1.26855	1.27227	50951	0	64
2019.05.30	01:00:00	1.27227	1.27315	1.27191	1.27295	734	0	20
2019.05.30	02:00:00	1.27295	1.27332	1.27295	1.27324	1225	0	34
2019.05.30	03:00:00	1.27328	1.27352	1.27211	1.27214	2032	0	36
2019.05.30	04:00:00	1.27215	1.27229	1.27188	1.27205	1147	0	33
2019.05.30	05:00:00	1.27205	1.27229	1.27176	1.27214	1176	0	34
2019.05.30	06:00:00	1.27214	1.27244	1.27189	1.27193	1197	0	35
2019.05.30	07:00:00	1.27193	1.27263	1.27183	1.27238	925	0	33
2019.05.30	08:00:00	1.27238	1.27287	1.27215	1.27287	777	0	16
2019.05.30	09:00:00	1.27287	1.27424	1.27254	1.27410	2586	0	30
2019.05.30	10:00:00	1.27410	1.27463	1.27259	1.27335	5342	0	30
2019.05.30	11:00:00	1.27337	1.27522	1.27317	1.27416	3920	0	30
2019.05.30	12:00:00	1.27414	1.27554	1.27401	1.27496	3120	0	30
2019.05.30	13:00:00	1.27496	1.27521	1.27335	1.27474	3396	0	30
2019.05.30	14:00:00	1.27474	1.27486	1.27316	1.27390	3215	0	30
2019.05.30	15:00:00	1.27389	1.27390	1.27215	1.27217	4627	0	30
2019.05.30	16:00:00	1.27217	1.27331	1.27151	1.27212	5640	0	30
2019.05.30	17:00:00	1.27212	1.27253	1.26847	1.26954	5909	0	30
2019.05.30	18:00:00	1.26954	1.27137	1.26916	1.27096	5377	0	30
2019.05.30	19:00:00	1.27096	1.27136	1.27046	1.27077	1934	0	30
2019.05.30	20:00:00	1.27077	1.27142	1.27046	1.27068	1586	0	32
2019.05.30	21:00:00	1.27068	1.27099	1.26959	1.27006	2842	0	31
2019.05.30	22:00:00	1.27008	1.27104	1.26987	1.27019	2791	0	32
2019.05.30	23:00:00	1.27018	1.27133	1.26998	1.27011	1280	0	31
2019.05.31	00:00:00	1.27019	1.27110	1.26177	1.27022	65137	0	53
2019.05.31	01:00:00	1.27023	1.27062	1.27008	1.27044	721	0	38
2019.05.31	02:00:00	1.27043	1.27065	1.26920	1.26924	2459	0	31
2019.05.31	03:00:00	1.26925	1.26971	1.26810	1.26813	3010	0	32
2019.05.31	04:00:00	1.26813	1.26887	1.26799	1.26883	1654	0	35
2019.05.31	05:00:00	1.26883	1.26902	1.26787	1.26819	2527	0	32
2019.05.31	06:00:00	1.26819	1.26819	1.26746	1.26773	1771	0	34
2019.05.31	07:00:00	1.26772	1.26789	1.26711	1.26725	1919	0	35
2019.05.31	08:00:00	1.26725	1.26903	1.26708	1.26805	1837	0	33
2019.05.31	09:00:00	1.26804	1.26889	1.26755	1.26861	3197	0	30
2019.05.31	10:00:00	1.26861	1.26909	1.26724	1.26835	5470	0	30
2019.05.31	11:00:00	1.26835	1.26976	1.26768	1.26798	4506	0	30
2019.05.31	12:00:00	1.26798	1.26809	1.26253	1.26345	6460	0	30
2019.05.31	13:00:00	1.26345	1.26506	1.26241	1.26410	5489	0	30
2019.05.31	14:00:00	1.26410	1.26529	1.26354	1.26378	4837	0	30
2019.05.31	15:00:00	1.26379	1.26642	1.26335	1.26473	7045	0	30
2019.05.31	16:00:00	1.26471	1.26555	1.26367	1.26530	6729	0	30
2019.05.31	17:00:00	1.26533	1.26841	1.26439	1.26741	10138	0	30
2019.05.31	18:00:00	1.26738	1.26857	1.26569	1.26598	7399	0	30
2019.05.31	19:00:00	1.26600	1.26610	1.26500	1.26506	2724	0	30
2019.05.31	20:00:00	1.26506	1.26554	1.26326	1.26413	3029	0	30
2019.05.31	21:00:00	1.26413	1.26463	1.26360	1.26383	3941	0	30
2019.05.31	22:00:00	1.26383	1.26581	1.26372	1.26561	3783	0	30
2019.05.31	23:00:00	1.26558	1.26573	1.26348	1.26384	1204	0	33
2019.06.03	00:00:00	1.26328	1.26548	1.25577	1.26391	63291	0	120
2019.06.03	01:00:00	1.26391	1.26470	1.26293	1.26303	1651	0	36
2019.06.03	02:00:00	1.26304	1.26330	1.26274	1.26325	1516	0	32
2019.06.03	03:00:00	1.26326	1.26404	1.26321	1.26326	2356	0	33
2019.06.03	04:00:00	1.26326	1.26394	1.26277	1.26363	2442	0	32
2019.06.03	05:00:00	1.26362	1.26364	1.26241	1.26254	1687	0	32
2019.06.03	06:00:00	1.26254	1.26263	1.26181	1.26244	2182	0	30
2019.06.03	07:00:00	1.26241	1.26249	1.26120	1.26120	822	0	36
2019.06.03	08:00:00	1.26120	1.26262	1.26120	1.26182	677	0	32
2019.06.03	09:00:00	1.26182	1.26330	1.26116	1.26287	3022	0	30
2019.06.03	10:00:00	1.26287	1.26296	1.25929	1.26019	8038	0	30
2019.06.03	11:00:00	1.26020	1.26131	1.25980	1.26008	6107	0	30
2019.06.03	12:00:00	1.26011	1.26365	1.25945	1.26324	4176	0	30
2019.06.03	13:00:00	1.26324	1.26438	1.26290	1.26322	3740	0	30
2019.06.03	14:00:00	1.26322	1.26323	1.25946	1.25969	5932	0	30
2019.06.03	15:00:00	1.25969	1.26066	1.25856	1.26042	6880	0	30
2019.06.03	16:00:00	1.26042	1.26149	1.25987	1.26023	7121	0	30
2019.06.03	17:00:00	1.26016	1.26274	1.25964	1.26163	8212	0	30
2019.06.03	18:00:00	1.26167	1.26220	1.26034	1.26109	6787	0	30
2019.06.03	19:00:00	1.26108	1.26140	1.25930	1.25949	4532	0	31
2019.06.03	20:00:00	1.25949	1.25999	1.25689	1.25800	7382	0	30
2019.06.03	21:00:00	1.25803	1.25882	1.25676	1.25678	4664	0	32
2019.06.03	22:00:00	1.25676	1.25747	1.25567	1.25706	5873	0	31
2019.06.03	23:00:00	1.25709	1.25780	1.25646	1.25649	1751	0	32
2019.06.04	00:00:00	1.25648	1.26252	1.25533	1.25630	63891	0	48
2019.06.04	01:00:00	1.25631	1.25700	1.25607	1.25645	1622	0	35
2019.06.04	02:00:00	1.25646	1.25707	1.25644	1.25682	1359	0	36
2019.06.04	03:00:00	1.25682	1.25698	1.25656	1.25688	1481	0	32
2019.06.04	04:00:00	1.25687	1.25691	1.25624	1.25644	1543	0	35
2019.06.04	05:00:00	1.25645	1.25741	1.25635	1.25727	1824	0	32
2019.06.04	06:00:00	1.25727	1.25767	1.25717	1.25759	1627	0	34
2019.06.04	07:00:00	1.25759	1.25789	1.25727	1.25749	2503	0	32
2019.06.04	08:00:00	1.25749	1.25812	1.25733	1.25796	1512	0	34
2019.06.04	09:00:00	1.25796	1.25826	1.25673	1.25731	6180	0	31
2019.06.04	10:00:00	1.25729	1.25821	1.25584	1.25717	6726	0	30
2019.06.04	11:00:00	1.25717	1.25767	1.25566	1.25737	5570	0	30
2019.06.04	12:00:00	1.25736	1.25903	1.25736	1.25878	5802	0	30
2019.06.04	13:00:00	1.25877	1.26012	1.25820	1.25969	5679	0	30
2019.06.04	14:00:00	1.25969	1.25996	1.25835	1.25958	6146	0	30
2019.06.04	15:00:00	1.25961	1.26139	1.25932	1.26131	8675	0	30
2019.06.04	16:00:00	1.26131	1.26172	1.25965	1.26006	7325	0	30
2019.06.04	17:00:00	1.26006	1.26249	1.25930	1.26059	12931	0	30
2019.06.04	18:00:00	1.26059	1.26067	1.25880	1.25974	5251	0	30
2019.06.04	19:00:00	1.25975	1.26084	1.25947	1.26069	2652	0	30
2019.06.04	20:00:00	1.26070	1.26090	1.25908	1.25974	4044	0	31
2019.06.04	21:00:00	1.25974	1.26018	1.25848	1.25864	4204	0	30
2019.06.04	22:00:00	1.25860	1.25989	1.25849	1.25980	2928	0	30
2019.06.04	23:00:00	1.25975	1.25978	1.25926	1.25936	740	0	33
2019.06.05	00:00:00	1.25838	1.26293	1.25555	1.25979	61086	0	61
2019.06.05	01:00:00	1.25980	1.26004	1.25956	1.25987	1843	0	40
2019.06.05	02:00:00	1.25987	1.26067	1.25985	1.26067	926	0	33
2019.06.05	03:00:00	1.26066	1.26066	1.25957	1.26023	1683	0	30
2019.06.05	04:00:00	1.26023	1.26047	1.25883	1.25910	1966	0	33
2019.06.05	05:00:00	1.25910	1.25977	1.25892	1.25940	2126	0	30
2019.06.05	06:00:00	1.25943	1.26040	1.25933	1.26039	1823	0	33
2019.06.05	07:00:00	1.26038	1.26072	1.26028	1.26036	1126	0	34
2019.06.05	08:00:00	1.26036	1.26099	1.26021	1.26024	1208	0	30
2019.06.05	09:00:00	1.26025	1.26029	1.25839	1.25969	3254	0	23
2019.06.05	10:00:00	1.25969	1.26025	1.25772	1.25985	6839	0	30
2019.06.05	11:00:00	1.25986	1.26264	1.25978	1.26112	5315	0	30
2019.06.05	12:00:00	1.26112	1.26168	1.26029	1.26036	3297	0	30
2019.06.05	13:00:00	1.26036	1.26109	1.25934	1.26022	4590	0	30
2019.06.05	14:00:00	1.26020	1.26128	1.25959	1.25967	5579	0	30
2019.06.05	15:00:00	1.25967	1.26005	1.25542	1.25649	13256	0	30
2019.06.05	16:00:00	1.25649	1.25954	1.25608	1.25846	8384	0	30
2019.06.05	17:00:00	1.25845	1.26108	1.25811	1.25975	10461	0	30
2019.06.05	18:00:00	1.25972	1.26121	1.25911	1.26011	8121	0	30
2019.06.05	19:00:00	1.26010	1.26177	1.26001	1.26088	4600	0	30
2019.06.05	20:00:00	1.26088	1.26238	1.26082	1.26238	2663	0	31
2019.06.05	21:00:00	1.26235	1.26285	1.26170	1.26182	3528	0	32
2019.06.05	22:00:00	1.26182	1.26204	1.26115	1.26154	3488	0	31
2019.06.05	23:00:00	1.26151	1.26169	1.26097	1.26147	784	0	34
2019.06.06	00:00:00	1.26133	1.26552	1.25619	1.26149	57651	0	52
2019.06.06	01:00:00	1.26149	1.26155	1.26094	1.26130	1027	0	29
2019.06.06	02:00:00	1.26132	1.26146	1.26091	1.26122	1053	0	32
2019.06.06	03:00:00	1.26122	1.26183	1.26104	1.26121	1932	0	35
2019.06.06	04:00:00	1.26121	1.26138	1.26095	1.26123	1222	0	37
2019.06.06	05:00:00	1.26123	1.26174	1.26104	1.26172	1428	0	34
2019.06.06	06:00:00	1.26173	1.26185	1.26098	1.26184	1562	0	30
2019.06.06	07:00:00	1.26184	1.26184	1.26125	1.26136	784	0	30
2019.06.06	08:00:00	1.26136	1.26172	1.26025	1.26035	763	0	31
2019.06.06	09:00:00	1.26036	1.26097	1.25924	1.26036	3612	0	30
2019.06.06	10:00:00	1.26036	1.26133	1.25945	1.26127	4513	0	30
2019.06.06	11:00:00	1.26127	1.26216	1.26010	1.26111	4309	0	30
2019.06.06	12:00:00	1.26111	1.26295	1.26098	1.26259	5932	0	30
2019.06.06	13:00:00	1.26259	1.26347	1.26229	1.26292	3822	0	30
2019.06.06	14:00:00	1.26292	1.26542	1.26170	1.26277	7204	0	30
2019.06.06	15:00:00	1.26283	1.26305	1.26031	1.26066	13580	0	30
2019.06.06	16:00:00	1.26065	1.26145	1.25961	1.25980	10904	0	30
2019.06.06	17:00:00	1.25981	1.26120	1.25703	1.25772	8244	0	30
2019.06.06	18:00:00	1.25769	1.25809	1.25647	1.25665	7292	0	30
2019.06.06	19:00:00	1.25663	1.25717	1.25612	1.25676	4354	0	30
2019.06.06	20:00:00	1.25673	1.25702	1.25629	1.25691	3337	0	33
2019.06.06	21:00:00	1.25691	1.25866	1.25674	1.25760	6438	0	30
2019.06.06	22:00:00	1.25762	1.25915	1.25760	1.25856	3545	0	30
2019.06.06	23:00:00	1.25857	1.25937	1.25761	1.25761	1735	0	30
2019.06.07	00:00:00	1.25766	1.26560	1.25636	1.25798	55240	0	54
2019.06.07	01:00:00	1.25792	1.25856	1.25788	1.25842	931	0	41
2019.06.07	02:00:00	1.25844	1.25894	1.25823	1.25838	1452	0	36
2019.06.07	03:00:00	1.25840	1.25849	1.25749	1.25796	2608	0	33
2019.06.07	04:00:00	1.25797	1.25852	1.25778	1.25849	1601	0	33
2019.06.07	05:00:00	1.25850	1.25911	1.25819	1.25882	1726	0	36
2019.06.07	06:00:00	1.25882	1.25914	1.25869	1.25885	1761	0	35
2019.06.07	07:00:00	1.25887	1.25918	1.25867	1.25899	1746	0	37
2019.06.07	08:00:00	1.25899	1.25940	1.25859	1.25922	749	0	17
2019.06.07	09:00:00	1.25922	1.26221	1.25908	1.26207	3443	0	31
2019.06.07	10:00:00	1.26207	1.26371	1.26121	1.26256	4301	0	30
2019.06.07	11:00:00	1.26257	1.26383	1.26197	1.26375	4111	0	31
2019.06.07	12:00:00	1.26373	1.26553	1.26326	1.26463	3142	0	30
2019.06.07	13:00:00	1.26463	1.26487	1.26334	1.26423	3369	0	30
2019.06.07	14:00:00	1.26422	1.26422	1.26122	1.26172	5297	0	30
2019.06.07	15:00:00	1.26172	1.26274	1.25747	1.25825	12790	0	30
2019.06.07	16:00:00	1.25825	1.26015	1.25631	1.25940	10776	0	30
2019.06.07	17:00:00	1.25940	1.26051	1.25765	1.25926	9275	0	30
2019.06.07	18:00:00	1.25925	1.25949	1.25670	1.25817	6889	0	30
2019.06.07	19:00:00	1.25816	1.25835	1.25658	1.25741	4022	0	30
2019.06.07	20:00:00	1.25741	1.25823	1.25713	1.25769	4561	0	31
2019.06.07	21:00:00	1.25769	1.25788	1.25694	1.25707	3906	0	33
2019.06.07	22:00:00	1.25704	1.25788	1.25701	1.25722	2535	0	30
2019.06.07	23:00:00	1.25722	1.25809	1.25688	1.25772	1159	0	37
2019.06.10	00:00:00	1.25746	1.26067	1.25402	1.25861	60945	0	98
2019.06.10	01:00:00	1.25861	1.25924	1.25842	1.25905	1304	0	40
2019.06.10	02:00:00	1.25905	1.25973	1.25902	1.25935	938	0	34
2019.06.10	03:00:00	1.25934	1.25951	1.25900	1.25933	1906	0	33
2019.06.10	04:00:00	1.25933	1.25993	1.25895	1.25942	2866	0	33
2019.06.10	05:00:00	1.25942	1.26021	1.25937	1.26002	1908	0	36
2019.06.10	06:00:00	1.26002	1.26011	1.25931	1.25933	1304	0	34
2019.06.10	07:00:00	1.25933	1.25948	1.25903	1.25942	1225	0	35
2019.06.10	08:00:00	1.25942	1.25968	1.25854	1.25867	1381	0	34
2019.06.10	09:00:00	1.25867	1.25898	1.25770	1.25881	2682	0	31
2019.06.10	10:00:00	1.25880	1.25973	1.25837	1.25952	4534	0	31
2019.06.10	11:00:00	1.25953	1.26059	1.25608	1.25681	5516	0	30
2019.06.10	12:00:00	1.25684	1.25818	1.25675	1.25707	3898	0	30
2019.06.10	13:00:00	1.25707	1.25763	1.25515	1.25515	4244	0	30
2019.06.10	14:00:00	1.25514	1.25573	1.25408	1.25481	4247	0	30
2019.06.10	15:00:00	1.25479	1.25549	1.25448	1.25476	6608	0	30
2019.06.10	16:00:00	1.25476	1.25606	1.25396	1.25550	8505	0	30
2019.06.10	17:00:00	1.25552	1.25708	1.25538	1.25606	6795	0	30
2019.06.10	18:00:00	1.25605	1.25637	1.25464	1.25542	5691	0	30
2019.06.10	19:00:00	1.25542	1.25566	1.25482	1.25530	3332	0	32
2019.06.10	20:00:00	1.25533	1.25620	1.25509	1.25565	4606	0	30
2019.06.10	21:00:00	1.25563	1.25604	1.25512	1.25543	4859	0	30
2019.06.10	22:00:00	1.25541	1.25602	1.25530	1.25600	2883	0	31
2019.06.10	23:00:00	1.25600	1.25613	1.25501	1.25508	1314	0	31
2019.06.11	00:00:00	1.25506	1.26338	1.25389	1.25455	63440	0	54
2019.06.11	01:00:00	1.25455	1.25563	1.25455	1.25563	705	0	25
2019.06.11	02:00:00	1.25563	1.25574	1.25509	1.25531	1791	0	36
2019.06.11	03:00:00	1.25531	1.25585	1.25524	1.25556	1834	0	37
2019.06.11	04:00:00	1.25556	1.25563	1.25506	1.25529	3197	0	35
2019.06.11	05:00:00	1.25527	1.25540	1.25498	1.25540	1336	0	34
2019.06.11	06:00:00	1.25540	1.25549	1.25519	1.25532	1537	0	35
2019.06.11	07:00:00	1.25532	1.25552	1.25503	1.25513	1266	0	33
2019.06.11	08:00:00	1.25513	1.25558	1.25499	1.25541	1326	0	37
2019.06.11	09:00:00	1.25541	1.25614	1.25446	1.25478	3941	0	31
2019.06.11	10:00:00	1.25478	1.25725	1.25435	1.25648	6056	0	30
2019.06.11	11:00:00	1.25650	1.25944	1.25584	1.25941	6730	0	30
2019.06.11	12:00:00	1.25941	1.26140	1.25927	1.26033	5930	0	30
2019.06.11	13:00:00	1.26034	1.26178	1.25965	1.25972	5818	0	30
2019.06.11	14:00:00	1.25973	1.26019	1.25845	1.25970	4942	0	30
2019.06.11	15:00:00	1.25974	1.26154	1.25933	1.26137	9246	0	30
2019.06.11	16:00:00	1.26137	1.26264	1.26068	1.26248	8091	0	30
2019.06.11	17:00:00	1.26244	1.26316	1.26093	1.26215	9625	0	30
2019.06.11	18:00:00	1.26215	1.26331	1.26152	1.26262	7535	0	30
2019.06.11	19:00:00	1.26262	1.26311	1.26181	1.26200	3490	0	30
2019.06.11	20:00:00	1.26203	1.26214	1.26090	1.26155	4187	0	30
2019.06.11	21:00:00	1.26155	1.26234	1.26139	1.26158	3412	0	32
2019.06.11	22:00:00	1.26158	1.26226	1.26156	1.26204	3422	0	32
2019.06.11	23:00:00	1.26206	1.26249	1.26192	1.26211	844	0	37
2019.06.12	00:00:00	1.26132	1.26765	1.26018	1.26203	62193	0	45
2019.06.12	01:00:00	1.26203	1.26259	1.26197	1.26243	629	0	23
2019.06.12	02:00:00	1.26243	1.26258	1.26228	1.26257	1156	0	38
2019.06.12	03:00:00	1.26257	1.26284	1.26222	1.26233	1793	0	34
2019.06.12	04:00:00	1.26234	1.26254	1.26141	1.26172	2163	0	32
2019.06.12	05:00:00	1.26172	1.26197	1.26120	1.26175	2192	0	31
2019.06.12	06:00:00	1.26175	1.26183	1.26114	1.26122	1293	0	31
2019.06.12	07:00:00	1.26122	1.26140	1.26081	1.26138	1352	0	33
2019.06.12	08:00:00	1.26137	1.26142	1.26053	1.26059	1147	0	31
2019.06.12	09:00:00	1.26056	1.26119	1.26033	1.26107	2509	0	31
2019.06.12	10:00:00	1.26107	1.26229	1.26011	1.26199	5746	0	30
2019.06.12	11:00:00	1.26199	1.26392	1.26173	1.26341	6234	0	30
2019.06.12	12:00:00	1.26341	1.26406	1.26275	1.26357	3721	0	30
2019.06.12	13:00:00	1.26357	1.26730	1.26343	1.26508	6223	0	30
2019.06.12	14:00:00	1.26506	1.26672	1.26427	1.26658	5451	0	30
2019.06.12	15:00:00	1.26658	1.26762	1.26584	1.26696	9109	0	30
2019.06.12	16:00:00	1.26696	1.26740	1.26627	1.26632	8073	0	30
2019.06.12	17:00:00	1.26632	1.26698	1.26385	1.26450	8918	0	30
2019.06.12	18:00:00	1.26453	1.26594	1.26137	1.26171	8461	0	23
2019.06.12	19:00:00	1.26170	1.26296	1.26125	1.26252	6479	0	32
2019.06.12	20:00:00	1.26252	1.26309	1.26200	1.26292	3575	0	30
2019.06.12	21:00:00	1.26294	1.26350	1.26250	1.26324	3947	0	31
2019.06.12	22:00:00	1.26324	1.26348	1.26269	1.26290	3405	0	30
2019.06.12	23:00:00	1.26285	1.26327	1.26267	1.26277	1133	0	36
2019.06.13	00:00:00	1.26259	1.26343	1.25719	1.26244	58000	0	50
2019.06.13	01:00:00	1.26244	1.26307	1.26227	1.26285	1070	0	30
2019.06.13	02:00:00	1.26286	1.26309	1.26248	1.26261	1113	0	23
2019.06.13	03:00:00	1.26261	1.26333	1.26251	1.26330	1320	0	37
2019.06.13	04:00:00	1.26330	1.26336	1.26262	1.26286	3468	0	34
2019.06.13	05:00:00	1.26285	1.26286	1.26075	1.26141	2756	0	33
2019.06.13	06:00:00	1.26141	1.26249	1.26125	1.26189	1815	0	32
2019.06.13	07:00:00	1.26189	1.26217	1.26158	1.26199	1498	0	35
2019.06.13	08:00:00	1.26198	1.26239	1.26148	1.26230	1248	0	36
2019.06.13	09:00:00	1.26230	1.26282	1.26144	1.26228	3360	0	30
2019.06.13	10:00:00	1.26229	1.26230	1.25886	1.25947	6820	0	30
2019.06.13	11:00:00	1.25947	1.25954	1.25719	1.25768	5483	0	30
2019.06.13	12:00:00	1.25768	1.25889	1.25710	1.25861	3714	0	26
2019.06.13	13:00:00	1.25862	1.25949	1.25784	1.25811	4384	0	30
2019.06.13	14:00:00	1.25811	1.25852	1.25737	1.25818	3975	0	30
2019.06.13	15:00:00	1.25818	1.26115	1.25808	1.26066	9305	0	30
2019.06.13	16:00:00	1.26065	1.26146	1.25969	1.26144	9362	0	30
2019.06.13	17:00:00	1.26144	1.26212	1.26032	1.26160	6750	0	30
2019.06.13	18:00:00	1.26159	1.26226	1.26057	1.26063	5032	0	30
2019.06.13	19:00:00	1.26065	1.26134	1.25993	1.26112	4223	0	31
2019.06.13	20:00:00	1.26112	1.26149	1.26027	1.26047	3579	0	34
2019.06.13	21:00:00	1.26047	1.26048	1.25926	1.25979	3755	0	32
2019.06.13	22:00:00	1.25976	1.26014	1.25934	1.26010	3435	0	32
2019.06.13	23:00:00	1.26008	1.26022	1.25927	1.25930	1152	0	22
2019.06.14	00:00:00	1.25896	1.26032	1.25615	1.25923	59142	0	49
2019.06.14	01:00:00	1.25923	1.25996	1.25923	1.25980	753	0	32
2019.06.14	02:00:00	1.25980	1.25987	1.25946	1.25973	779	0	30
2019.06.14	03:00:00	1.25973	1.25983	1.25887	1.25892	1439	0	30
2019.06.14	04:00:00	1.25892	1.25915	1.25839	1.25842	2331	0	32
2019.06.14	05:00:00	1.25842	1.25885	1.25815	1.25885	1822	0	32
2019.06.14	06:00:00	1.25885	1.25966	1.25880	1.25953	1003	0	34
2019.06.14	07:00:00	1.25953	1.26023	1.25951	1.25993	466	0	16
2019.06.14	08:00:00	1.25993	1.26024	1.25970	1.26013	558	0	34
2019.06.14	09:00:00	1.26011	1.26022	1.25777	1.25780	2827	0	30
2019.06.14	10:00:00	1.25780	1.25900	1.25690	1.25845	6057	0	30
2019.06.14	11:00:00	1.25845	1.26001	1.25811	1.25988	5632	0	30
2019.06.14	12:00:00	1.25986	1.25990	1.25783	1.25956	6088	0	30
2019.06.14	13:00:00	1.25956	1.25996	1.25783	1.25793	4172	0	30
2019.06.14	14:00:00	1.25790	1.25888	1.25711	1.25843	5451	0	30
2019.06.14	15:00:00	1.25839	1.25999	1.25770	1.25924	11573	0	30
2019.06.14	16:00:00	1.25923	1.25932	1.25736	1.25783	9115	0	30
2019.06.14	17:00:00	1.25783	1.25871	1.25687	1.25832	10109	0	30
2019.06.14	18:00:00	1.25832	1.25917	1.25777	1.25869	7351	0	30
2019.06.14	19:00:00	1.25869	1.25953	1.25805	1.25814	4590	0	30
2019.06.14	20:00:00	1.25814	1.25856	1.25745	1.25752	4001	0	31
2019.06.14	21:00:00	1.25752	1.25780	1.25694	1.25716	3003	0	31
2019.06.14	22:00:00	1.25714	1.25749	1.25666	1.25680	2946	0	33
2019.06.14	23:00:00	1.25672	1.25728	1.25652	1.25658	1979	0	35
2019.06.17	00:00:00	1.25560	1.25918	1.25177	1.25649	59483	0	57
2019.06.17	01:00:00	1.25649	1.25737	1.25635	1.25691	924	0	20
2019.06.17	02:00:00	1.25691	1.25789	1.25688	1.25775	1569	0	29
2019.06.17	03:00:00	1.25777	1.25802	1.25732	1.25767	1794	0	32
2019.06.17	04:00:00	1.25767	1.25805	1.25753	1.25788	1285	0	34
2019.06.17	05:00:00	1.25788	1.25848	1.25763	1.25838	928	0	31
2019.06.17	06:00:00	1.25838	1.25898	1.25838	1.25886	934	0	31
2019.06.17	07:00:00	1.25886	1.25908	1.25848	1.25868	795	0	35
2019.06.17	08:00:00	1.25870	1.25871	1.25789	1.25803	1221	0	30
2019.06.17	09:00:00	1.25803	1.25843	1.25726	1.25748	3628	0	30
2019.06.17	10:00:00	1.25746	1.25750	1.25510	1.25521	5754	0	30
2019.06.17	11:00:00	1.25521	1.25790	1.25519	1.25786	4134	0	31
2019.06.17	12:00:00	1.25786	1.25849	1.25703	1.25821	3608	0	30
2019.06.17	13:00:00	1.25821	1.25873	1.25767	1.25813	4350	0	30
2019.06.17	14:00:00	1.25813	1.25835	1.25605	1.25663	4850	0	30
2019.06.17	15:00:00	1.25663	1.25739	1.25571	1.25739	6034	0	30
2019.06.17	16:00:00	1.25739	1.25753	1.25591	1.25643	4957	0	30
2019.06.17	17:00:00	1.25641	1.25653	1.25451	1.25514	5848	0	30
2019.06.17	18:00:00	1.25514	1.25527	1.25358	1.25419	7066	0	30
2019.06.17	19:00:00	1.25419	1.25474	1.25359	1.25394	3774	0	30
2019.06.17	20:00:00	1.25397	1.25429	1.25273	1.25360	4657	0	30
2019.06.17	21:00:00	1.25358	1.25377	1.25198	1.25208	3911	0	31
2019.06.17	22:00:00	1.25208	1.25243	1.25179	1.25198	2890	0	32
2019.06.17	23:00:00	1.25198	1.25213	1.25164	1.25202	771	0	26
2019.06.18	00:00:00	1.25200	1.25646	1.24836	1.25158	75931	0	41
2019.06.18	01:00:00	1.25159	1.25213	1.25159	1.25204	597	0	31
2019.06.18	02:00:00	1.25204	1.25234	1.25186	1.25228	690	0	16
2019.06.18	03:00:00	1.25229	1.25254	1.25202	1.25207	1158	0	30
2019.06.18	04:00:00	1.25206	1.25233	1.24827	1.24926	2557	0	30
2019.06.18	05:00:00	1.24926	1.25044	1.24911	1.24913	2200	0	33
2019.06.18	06:00:00	1.24916	1.24935	1.24866	1.24921	1344	0	32
2019.06.18	07:00:00	1.24921	1.25080	1.24911	1.25056	1174	0	30
2019.06.18	08:00:00	1.25058	1.25058	1.24957	1.24959	2659	0	34
2019.06.18	09:00:00	1.24959	1.25130	1.24957	1.25077	4176	0	30
2019.06.18	10:00:00	1.25075	1.25083	1.24896	1.24926	6309	0	30
2019.06.18	11:00:00	1.24920	1.25303	1.24891	1.25301	13987	0	30
2019.06.18	12:00:00	1.25301	1.25341	1.25214	1.25289	7747	0	30
2019.06.18	13:00:00	1.25289	1.25298	1.25149	1.25211	6149	0	30
2019.06.18	14:00:00	1.25211	1.25242	1.25026	1.25057	6048	0	30
2019.06.18	15:00:00	1.25057	1.25094	1.24906	1.25036	8664	0	26
2019.06.18	16:00:00	1.25036	1.25400	1.24988	1.25343	10831	0	30
2019.06.18	17:00:00	1.25343	1.25545	1.25181	1.25494	11094	0	30
2019.06.18	18:00:00	1.25497	1.25579	1.25374	1.25377	11295	0	30
2019.06.18	19:00:00	1.25378	1.25512	1.25303	1.25471	7516	0	31
2019.06.18	20:00:00	1.25470	1.25573	1.25418	1.25487	6025	0	30
2019.06.18	21:00:00	1.25486	1.25626	1.25456	1.25597	4609	0	31
2019.06.18	22:00:00	1.25598	1.25637	1.25567	1.25586	4025	0	30
2019.06.18	23:00:00	1.25584	1.25608	1.25541	1.25565	1537	0	27
2019.06.19	00:00:00	1.25552	1.25862	1.25316	1.25535	67929	0	49
2019.06.19	01:00:00	1.25534	1.25610	1.25534	1.25587	474	0	26
2019.06.19	02:00:00	1.25589	1.25758	1.25579	1.25735	748	0	33
2019.06.19	03:00:00	1.25735	1.25778	1.25697	1.25738	1427	0	32
2019.06.19	04:00:00	1.25739	1.25762	1.25699	1.25732	1725	0	35
2019.06.19	05:00:00	1.25732	1.25830	1.25717	1.25759	1697	0	33
2019.06.19	06:00:00	1.25759	1.25763	1.25681	1.25684	1088	0	33
2019.06.19	07:00:00	1.25684	1.25684	1.25597	1.25642	1600	0	31
2019.06.19	08:00:00	1.25642	1.25656	1.25579	1.25611	1518	0	31
2019.06.19	09:00:00	1.25612	1.25621	1.25337	1.25354	3762	0	30
2019.06.19	10:00:00	1.25353	1.25540	1.25308	1.25453	5985	0	30
2019.06.19	11:00:00	1.25451	1.25573	1.25418	1.25479	5832	0	30
2019.06.19	12:00:00	1.25482	1.25619	1.25454	1.25518	5238	0	30
2019.06.19	13:00:00	1.25519	1.25583	1.25421	1.25470	4664	0	30
2019.06.19	14:00:00	1.25470	1.25535	1.25441	1.25535	3866	0	30
2019.06.19	15:00:00	1.25535	1.25690	1.25470	1.25579	5126	0	30
2019.06.19	16:00:00	1.25579	1.25691	1.25542	1.25670	5094	0	30
2019.06.19	17:00:00	1.25671	1.25847	1.25655	1.25696	9109	0	30
2019.06.19	18:00:00	1.25696	1.25857	1.25683	1.25743	6751	0	30
2019.06.19	19:00:00	1.25742	1.25790	1.25662	1.25784	5350	0	31
2019.06.19	20:00:00	1.25784	1.25811	1.25717	1.25777	4763	0	32
2019.06.19	21:00:00	1.25777	1.25863	1.25617	1.25646	17726	0	31
2019.06.19	22:00:00	1.25646	1.25748	1.25584	1.25720	9724	0	30
2019.06.19	23:00:00	1.25720	1.25720	1.25614	1.25614	2203	0	25
2019.06.20	00:00:00	1.25650	1.25759	1.24313	1.25560	86665	0	48
2019.06.20	01:00:00	1.25560	1.25618	1.25544	1.25608	812	0	31
2019.06.20	02:00:00	1.25608	1.25630	1.25585	1.25604	1157	0	37
2019.06.20	03:00:00	1.25604	1.25622	1.25484	1.25485	3247	0	33
2019.06.20	04:00:00	1.25485	1.25581	1.25484	1.25541	4050	0	32
2019.06.20	05:00:00	1.25539	1.25662	1.25538	1.25602	3054	0	33
2019.06.20	06:00:00	1.25602	1.25631	1.25571	1.25592	2653	0	33
2019.06.20	07:00:00	1.25592	1.25599	1.25543	1.25574	2225	0	32
2019.06.20	08:00:00	1.25575	1.25707	1.25572	1.25677	1915	0	33
2019.06.20	09:00:00	1.25677	1.25683	1.25539	1.25584	8383	0	30
2019.06.20	10:00:00	1.25584	1.25751	1.25507	1.25655	11777	0	30
2019.06.20	11:00:00	1.25654	1.25692	1.25512	1.25519	9739	0	30
2019.06.20	12:00:00	1.25519	1.25539	1.25434	1.25489	6992	0	30
2019.06.20	13:00:00	1.25490	1.25501	1.25327	1.25420	6383	0	30
2019.06.20	14:00:00	1.25425	1.25454	1.24956	1.25004	7841	0	30
2019.06.20	15:00:00	1.25004	1.25034	1.24711	1.24879	10454	0	30
2019.06.20	16:00:00	1.24876	1.24942	1.24642	1.24757	9245	0	30
2019.06.20	17:00:00	1.24757	1.24867	1.24493	1.24733	11182	0	30
2019.06.20	18:00:00	1.24730	1.24761	1.24563	1.24719	9623	0	30
2019.06.20	19:00:00	1.24718	1.24737	1.24306	1.24590	8503	0	30
2019.06.20	20:00:00	1.24593	1.24662	1.24549	1.24614	5329	0	30
2019.06.20	21:00:00	1.24615	1.24670	1.24509	1.24511	4989	0	31
2019.06.20	22:00:00	1.24510	1.24648	1.24500	1.24643	4693	0	30
2019.06.20	23:00:00	1.24643	1.24728	1.24618	1.24645	1830	0	31
2019.06.21	00:00:00	1.24593	1.24917	1.24113	1.24638	77664	0	67
2019.06.21	01:00:00	1.24638	1.24670	1.24614	1.24638	364	0	24
2019.06.21	02:00:00	1.24638	1.24676	1.24636	1.24657	927	0	35
2019.06.21	03:00:00	1.24657	1.24711	1.24638	1.24708	1910	0	37
2019.06.21	04:00:00	1.24708	1.24775	1.24704	1.24761	3153	0	34
2019.06.21	05:00:00	1.24761	1.24814	1.24752	1.24798	3330	0	34
2019.06.21	06:00:00	1.24798	1.24834	1.24776	1.24798	1744	0	32
2019.06.21	07:00:00	1.24798	1.24809	1.24723	1.24746	2067	0	34
2019.06.21	08:00:00	1.24746	1.24793	1.24702	1.24711	2168	0	33
2019.06.21	09:00:00	1.24710	1.24722	1.24581	1.24671	7153	0	30
2019.06.21	10:00:00	1.24668	1.24911	1.24622	1.24885	11951	0	30
2019.06.21	11:00:00	1.24883	1.24902	1.24485	1.24511	9333	0	30
2019.06.21	12:00:00	1.24510	1.24548	1.24364	1.24367	6466	0	30
2019.06.21	13:00:00	1.24367	1.24437	1.24320	1.24427	9502	0	30
2019.06.21	14:00:00	1.24427	1.24429	1.24185	1.24312	8134	0	30
2019.06.21	15:00:00	1.24309	1.24335	1.24104	1.24168	6708	0	30
2019.06.21	16:00:00	1.24168	1.24483	1.24150	1.24431	7595	0	30
2019.06.21	17:00:00	1.24432	1.24600	1.24346	1.24555	11587	0	30
2019.06.21	18:00:00	1.24555	1.24649	1.24293	1.24333	8024	0	30
2019.06.21	19:00:00	1.24332	1.24367	1.24187	1.24240	9104	0	30
2019.06.21	20:00:00	1.24238	1.24330	1.24207	1.24306	8361	0	30
2019.06.21	21:00:00	1.24306	1.24432	1.24280	1.24408	4565	0	31
2019.06.21	22:00:00	1.24408	1.24502	1.24318	1.24473	4720	0	31
2019.06.21	23:00:00	1.24473	1.24480	1.24353	1.24408	1797	0	35
2019.06.24	00:00:00	1.24096	1.24725	1.23598	1.24263	68008	0	84
2019.06.24	01:00:00	1.24263	1.24380	1.24258	1.24378	1077	0	29
2019.06.24	02:00:00	1.24379	1.24400	1.24359	1.24384	1651	0	31
2019.06.24	03:00:00	1.24384	1.24458	1.24345	1.24425	3198	0	34
2019.06.24	04:00:00	1.24425	1.24463	1.24403	1.24418	2171	0	32
2019.06.24	05:00:00	1.24418	1.24586	1.24410	1.24545	1551	0	30
2019.06.24	06:00:00	1.24545	1.24587	1.24509	1.24572	1433	0	34
2019.06.24	07:00:00	1.24572	1.24602	1.24550	1.24591	1198	0	32
2019.06.24	08:00:00	1.24593	1.24653	1.24582	1.24628	1967	0	31
2019.06.24	09:00:00	1.24628	1.24718	1.24586	1.24591	6037	0	30
2019.06.24	10:00:00	1.24589	1.24605	1.24365	1.24383	6923	0	30
2019.06.24	11:00:00	1.24383	1.24436	1.24197	1.24264	8100	0	30
2019.06.24	12:00:00	1.24263	1.24448	1.24263	1.24445	6259	0	30
2019.06.24	13:00:00	1.24446	1.24457	1.24204	1.24225	4869	0	30
2019.06.24	14:00:00	1.24228	1.24334	1.24175	1.24282	4226	0	30
2019.06.24	15:00:00	1.24282	1.24360	1.24020	1.24048	7081	0	30
2019.06.24	16:00:00	1.24044	1.24056	1.23865	1.23964	7118	0	30
2019.06.24	17:00:00	1.23963	1.24047	1.23633	1.23640	8129	0	30
2019.06.24	18:00:00	1.23643	1.23740	1.23589	1.23688	7141	0	30
2019.06.24	19:00:00	1.23688	1.23914	1.23685	1.23901	3888	0	30
2019.06.24	20:00:00	1.23901	1.23965	1.23875	1.23941	3386	0	30
2019.06.24	21:00:00	1.23941	1.23953	1.23837	1.23851	3611	0	30
2019.06.24	22:00:00	1.23850	1.23893	1.23814	1.23850	3920	0	32
2019.06.24	23:00:00	1.23851	1.23861	1.23782	1.23787	1768	0	30
2019.06.25	00:00:00	1.23713	1.24579	1.23582	1.23692	76392	0	53
2019.06.25	01:00:00	1.23692	1.23809	1.23691	1.23790	687	0	27
2019.06.25	02:00:00	1.23790	1.23822	1.23767	1.23822	1162	0	27
2019.06.25	03:00:00	1.23822	1.23859	1.23794	1.23857	2965	0	36
2019.06.25	04:00:00	1.23856	1.23873	1.23759	1.23868	4546	0	33
2019.06.25	05:00:00	1.23867	1.23885	1.23751	1.23754	4179	0	33
2019.06.25	06:00:00	1.23755	1.23780	1.23714	1.23718	2427	0	34
2019.06.25	07:00:00	1.23718	1.23718	1.23583	1.23611	3275	0	31
2019.06.25	08:00:00	1.23611	1.23909	1.23608	1.23880	4122	0	31
2019.06.25	09:00:00	1.23880	1.24334	1.23861	1.24325	4926	0	30
2019.06.25	10:00:00	1.24325	1.24355	1.24146	1.24343	5879	0	30
2019.06.25	11:00:00	1.24342	1.24563	1.24322	1.24492	4663	0	30
2019.06.25	12:00:00	1.24492	1.24564	1.24391	1.24504	3039	0	30
2019.06.25	13:00:00	1.24504	1.24571	1.24452	1.24486	2793	0	30
2019.06.25	14:00:00	1.24486	1.24497	1.24320	1.24357	3293	0	30
2019.06.25	15:00:00	1.24354	1.24365	1.24027	1.24045	5198	0	30
2019.06.25	16:00:00	1.24044	1.24052	1.23758	1.23800	5785	0	30
2019.06.25	17:00:00	1.23800	1.23837	1.23614	1.23723	8899	0	30
2019.06.25	18:00:00	1.23724	1.23743	1.23644	1.23711	6139	0	30
2019.06.25	19:00:00	1.23710	1.23920	1.23625	1.23865	7566	0	30
2019.06.25	20:00:00	1.23865	1.23914	1.23726	1.23900	13412	0	30
2019.06.25	21:00:00	1.23900	1.23928	1.23722	1.23760	7160	0	30
2019.06.25	22:00:00	1.23761	1.23840	1.23732	1.23798	5519	0	31
2019.06.25	23:00:00	1.23799	1.23845	1.23745	1.23761	1491	0	31
2019.06.26	00:00:00	1.23603	1.24261	1.23469	1.23691	78668	0	49
2019.06.26	01:00:00	1.23691	1.23730	1.23650	1.23689	1336	0	45
2019.06.26	02:00:00	1.23689	1.23711	1.23667	1.23693	2210	0	38
2019.06.26	03:00:00	1.23692	1.23757	1.23666	1.23751	2850	0	34
2019.06.26	04:00:00	1.23751	1.23834	1.23716	1.23829	3541	0	34
2019.06.26	05:00:00	1.23828	1.23903	1.23773	1.23890	4559	0	30
2019.06.26	06:00:00	1.23890	1.23932	1.23827	1.23835	3039	0	33
2019.06.26	07:00:00	1.23835	1.23835	1.23706	1.23708	2469	0	32
2019.06.26	08:00:00	1.23708	1.23755	1.23669	1.23714	2710	0	31
2019.06.26	09:00:00	1.23714	1.23805	1.23587	1.23588	7076	0	31
2019.06.26	10:00:00	1.23588	1.23638	1.23462	1.23534	8425	0	30
2019.06.26	11:00:00	1.23533	1.23697	1.23490	1.23633	6109	0	30
2019.06.26	12:00:00	1.23641	1.23953	1.23609	1.23946	9385	0	30
2019.06.26	13:00:00	1.23946	1.24254	1.23919	1.23976	7920	0	30
2019.06.26	14:00:00	1.23976	1.24008	1.23866	1.23998	7270	0	30
2019.06.26	15:00:00	1.23996	1.24061	1.23815	1.23932	8615	0	30
2019.06.26	16:00:00	1.23932	1.24013	1.23842	1.23928	7207	0	30
2019.06.26	17:00:00	1.23925	1.23996	1.23614	1.23656	8516	0	30
2019.06.26	18:00:00	1.23656	1.23920	1.23586	1.23903	8182	0	30
2019.06.26	19:00:00	1.23901	1.24073	1.23886	1.24066	7478	0	30
2019.06.26	20:00:00	1.24069	1.24117	1.23938	1.24094	7357	0	30
2019.06.26	21:00:00	1.24094	1.24160	1.24050	1.24076	5498	0	30
2019.06.26	22:00:00	1.24078	1.24122	1.24030	1.24070	6274	0	31
2019.06.26	23:00:00	1.24071	1.24093	1.24027	1.24036	1941	0	30
2019.06.27	00:00:00	1.24070	1.24455	1.23570	1.24046	69530	0	51
2019.06.27	01:00:00	1.24045	1.24073	1.24009	1.24040	454	0	25
2019.06.27	02:00:00	1.24040	1.24082	1.24035	1.24080	526	0	29
2019.06.27	03:00:00	1.24080	1.24132	1.24043	1.24118	1610	0	34
2019.06.27	04:00:00	1.24119	1.24170	1.24090	1.24150	3262	0	36
2019.06.27	05:00:00	1.24155	1.24223	1.24138	1.24216	3624	0	35
2019.06.27	06:00:00	1.24215	1.24299	1.24213	1.24279	1280	0	28
2019.06.27	07:00:00	1.24279	1.24392	1.24256	1.24388	2069	0	34
2019.06.27	08:00:00	1.24388	1.24425	1.24335	1.24335	1118	0	30
2019.06.27	09:00:00	1.24335	1.24430	1.24207	1.24424	5270	0	30
2019.06.27	10:00:00	1.24411	1.24449	1.24175	1.24184	8626	0	30
2019.06.27	11:00:00	1.24184	1.24300	1.24142	1.24267	5250	0	30
2019.06.27	12:00:00	1.24267	1.24440	1.24255	1.24308	5770	0	30
2019.06.27	13:00:00	1.24308	1.24328	1.24201	1.24205	5659	0	30
2019.06.27	14:00:00	1.24205	1.24260	1.24048	1.24129	5219	0	30
2019.06.27	15:00:00	1.24132	1.24364	1.24111	1.24281	5178	0	30
2019.06.27	16:00:00	1.24282	1.24338	1.23961	1.23983	6049	0	30
2019.06.27	17:00:00	1.23983	1.24320	1.23836	1.23871	7903	0	30
2019.06.27	18:00:00	1.23878	1.23913	1.23731	1.23752	7860	0	30
2019.06.27	19:00:00	1.23753	1.23848	1.23725	1.23805	6885	0	30
2019.06.27	20:00:00	1.23803	1.23834	1.23716	1.23761	3809	0	30
2019.06.27	21:00:00	1.23763	1.23771	1.23563	1.23583	5387	0	31
2019.06.27	22:00:00	1.23583	1.23756	1.23582	1.23715	4441	0	31
2019.06.27	23:00:00	1.23716	1.23735	1.23677	1.23708	1706	0	33
2019.06.28	00:00:00	1.23606	1.24287	1.23392	1.23690	63950	0	55
2019.06.28	01:00:00	1.23691	1.23757	1.23683	1.23749	349	0	49
2019.06.28	02:00:00	1.23748	1.23776	1.23741	1.23763	1540	0	38
2019.06.28	03:00:00	1.23764	1.23769	1.23627	1.23658	2309	0	30
2019.06.28	04:00:00	1.23658	1.23686	1.23566	1.23580	2881	0	35
2019.06.28	05:00:00	1.23580	1.23596	1.23552	1.23586	1615	0	36
2019.06.28	06:00:00	1.23586	1.23672	1.23557	1.23661	2310	0	34
2019.06.28	07:00:00	1.23661	1.23668	1.23552	1.23570	2582	0	30
2019.06.28	08:00:00	1.23570	1.23652	1.23547	1.23625	2032	0	31
2019.06.28	09:00:00	1.23625	1.23643	1.23467	1.23538	3350	0	30
2019.06.28	10:00:00	1.23538	1.23698	1.23474	1.23544	5635	0	30
2019.06.28	11:00:00	1.23544	1.23613	1.23382	1.23456	5128	0	30
2019.06.28	12:00:00	1.23456	1.23641	1.23456	1.23597	4751	0	30
2019.06.28	13:00:00	1.23597	1.23680	1.23527	1.23671	5375	0	30
2019.06.28	14:00:00	1.23671	1.23911	1.23617	1.23844	4888	0	30
2019.06.28	15:00:00	1.23843	1.23953	1.23784	1.23900	4835	0	30
2019.06.28	16:00:00	1.23900	1.24091	1.23849	1.24077	6377	0	30
2019.06.28	17:00:00	1.24075	1.24284	1.24001	1.24081	9023	0	30
2019.06.28	18:00:00	1.24078	1.24101	1.23846	1.23947	8809	0	30
2019.06.28	19:00:00	1.23946	1.24009	1.23858	1.23993	6874	0	30
2019.06.28	20:00:00	1.23994	1.24045	1.23890	1.23934	6491	0	30
2019.06.28	21:00:00	1.23933	1.23962	1.23881	1.23909	6048	0	30
2019.06.28	22:00:00	1.23907	1.23969	1.23792	1.23948	4432	0	32
2019.06.28	23:00:00	1.23948	1.24001	1.23872	1.23919	1238	0	36
2019.07.01	00:00:00	1.24274	1.24889	1.24040	1.24200	68442	0	65
2019.07.01	01:00:00	1.24197	1.24332	1.24181	1.24328	2135	0	39
2019.07.01	02:00:00	1.24331	1.24347	1.24290	1.24332	2246	0	33
2019.07.01	03:00:00	1.24331	1.24334	1.24225	1.24284	1955	0	30
2019.07.01	04:00:00	1.24284	1.24439	1.24281	1.24438	2094	0	36
2019.07.01	05:00:00	1.24438	1.24581	1.24438	1.24542	1320	0	31
2019.07.01	06:00:00	1.24542	1.24653	1.24541	1.24652	783	0	33
2019.07.01	07:00:00	1.24652	1.24744	1.24652	1.24702	1271	0	31
2019.07.01	08:00:00	1.24702	1.24753	1.24599	1.24732	3944	0	30
2019.07.01	09:00:00	1.24732	1.24762	1.24595	1.24601	4782	0	30
2019.07.01	10:00:00	1.24601	1.24700	1.24435	1.24443	7403	0	30
2019.07.01	11:00:00	1.24441	1.24508	1.24261	1.24389	6286	0	30
2019.07.01	12:00:00	1.24389	1.24433	1.24265	1.24298	5513	0	30
2019.07.01	13:00:00	1.24298	1.24403	1.24097	1.24103	6120	0	30
2019.07.01	14:00:00	1.24103	1.24143	1.24028	1.24138	5612	0	30
2019.07.01	15:00:00	1.24138	1.24479	1.24113	1.24341	5799	0	30
2019.07.01	16:00:00	1.24342	1.24607	1.24342	1.24504	7057	0	30
2019.07.01	17:00:00	1.24494	1.24617	1.24306	1.24525	9181	0	30
2019.07.01	18:00:00	1.24525	1.24760	1.24478	1.24694	7024	0	30
2019.07.01	19:00:00	1.24694	1.24827	1.24647	1.24732	5938	0	30
2019.07.01	20:00:00	1.24731	1.24882	1.24717	1.24859	5621	0	30
2019.07.01	21:00:00	1.24859	1.24876	1.24739	1.24799	5067	0	30
2019.07.01	22:00:00	1.24801	1.24853	1.24751	1.24802	4129	0	30
2019.07.01	23:00:00	1.24803	1.24831	1.24766	1.24812	1377	0	28
2019.07.02	00:00:00	1.24791	1.24964	1.24029	1.24785	65395	0	46
2019.07.02	01:00:00	1.24785	1.24830	1.24777	1.24807	1179	0	31
2019.07.02	02:00:00	1.24807	1.24829	1.24784	1.24829	1546	0	34
2019.07.02	03:00:00	1.24829	1.24856	1.24792	1.24813	1798	0	30
2019.07.02	04:00:00	1.24813	1.24817	1.24775	1.24788	2279	0	33
2019.07.02	05:00:00	1.24787	1.24805	1.24746	1.24758	1701	0	33
2019.07.02	06:00:00	1.24758	1.24761	1.24718	1.24721	1622	0	33
2019.07.02	07:00:00	1.24722	1.24726	1.24604	1.24683	1959	0	30
2019.07.02	08:00:00	1.24683	1.24720	1.24631	1.24716	1658	0	30
2019.07.02	09:00:00	1.24715	1.24924	1.24678	1.24812	2958	0	30
2019.07.02	10:00:00	1.24812	1.24823	1.24489	1.24645	6825	0	30
2019.07.02	11:00:00	1.24645	1.24697	1.24518	1.24622	5725	0	30
2019.07.02	12:00:00	1.24622	1.24656	1.24492	1.24603	6972	0	30
2019.07.02	13:00:00	1.24603	1.24770	1.24511	1.24740	6664	0	30
2019.07.02	14:00:00	1.24741	1.24831	1.24703	1.24774	4083	0	30
2019.07.02	15:00:00	1.24774	1.24906	1.24751	1.24832	4385	0	30
2019.07.02	16:00:00	1.24830	1.24937	1.24803	1.24873	4971	0	30
2019.07.02	17:00:00	1.24874	1.24957	1.24257	1.24351	8479	0	30
2019.07.02	18:00:00	1.24351	1.24380	1.24168	1.24203	6375	0	30
2019.07.02	19:00:00	1.24203	1.24247	1.24024	1.24223	6340	0	30
2019.07.02	20:00:00	1.24222	1.24258	1.24150	1.24241	6037	0	30
2019.07.02	21:00:00	1.24239	1.24326	1.24209	1.24230	5839	0	30
2019.07.02	22:00:00	1.24227	1.24299	1.24169	1.24255	7652	0	30
2019.07.02	23:00:00	1.24252	1.24263	1.24168	1.24180	1686	0	28
2019.07.03	00:00:00	1.24156	1.24210	1.23705	1.24171	56294	0	30
2019.07.03	01:00:00	1.24171	1.24203	1.24076	1.24103	746	0	26
2019.07.03	02:00:00	1.24103	1.24134	1.24081	1.24123	1431	0	36
2019.07.03	03:00:00	1.24123	1.24126	1.23951	1.23974	2086	0	33
2019.07.03	04:00:00	1.23974	1.23987	1.23873	1.23971	3628	0	32
2019.07.03	05:00:00	1.23971	1.24025	1.23953	1.23957	3379	0	34
2019.07.03	06:00:00	1.23958	1.24057	1.23944	1.23976	3464	0	33
2019.07.03	07:00:00	1.23976	1.24054	1.23950	1.24029	2169	0	35
2019.07.03	08:00:00	1.24030	1.24068	1.23991	1.24009	1947	0	32
2019.07.03	09:00:00	1.24009	1.24023	1.23775	1.23852	4513	0	30
2019.07.03	10:00:00	1.23854	1.24086	1.23814	1.24040	6801	0	30
2019.07.03	11:00:00	1.24039	1.24081	1.23930	1.23948	6422	0	30
2019.07.03	12:00:00	1.23948	1.23973	1.23806	1.23897	4298	0	30
2019.07.03	13:00:00	1.23897	1.23899	1.23712	1.23719	3621	0	30
2019.07.03	14:00:00	1.23719	1.23841	1.23696	1.23807	4682	0	30
2019.07.03	15:00:00	1.23811	1.23965	1.23760	1.23892	7115	0	30
2019.07.03	16:00:00	1.23892	1.23977	1.23847	1.23925	7213	0	30
2019.07.03	17:00:00	1.23907	1.23955	1.23783	1.23863	9293	0	30
2019.07.03	18:00:00	1.23866	1.23993	1.23839	1.23961	6973	0	30
2019.07.03	19:00:00	1.23961	1.24131	1.23882	1.24044	4974	0	31
2019.07.03	20:00:00	1.24045	1.24124	1.23983	1.24111	2013	0	32
2019.07.03	21:00:00	1.24111	1.24153	1.24083	1.24151	1389	0	34
2019.07.03	22:00:00	1.24147	1.24166	1.24065	1.24070	875	0	15
2019.07.03	23:00:00	1.24069	1.24102	1.23969	1.23969	1126	0	40
2019.07.04	00:00:00	1.23888	1.24137	1.23791	1.23977	39241	0	137
2019.07.04	01:00:00	1.23978	1.24064	1.23954	1.24028	1128	0	28
2019.07.04	02:00:00	1.24029	1.24044	1.23992	1.24009	749	0	33
2019.07.04	03:00:00	1.24009	1.24092	1.23981	1.24072	1318	0	31
2019.07.04	04:00:00	1.24073	1.24101	1.24030	1.24041	1104	0	37
2019.07.04	05:00:00	1.24041	1.24092	1.24039	1.24043	955	0	32
2019.07.04	06:00:00	1.24043	1.24108	1.24043	1.24065	777	0	33
2019.07.04	07:00:00	1.24065	1.24125	1.24063	1.24122	624	0	30
2019.07.04	08:00:00	1.24122	1.24130	1.24052	1.24065	510	0	29
2019.07.04	09:00:00	1.24063	1.24112	1.23985	1.24023	1906	0	30
2019.07.04	10:00:00	1.24023	1.24119	1.23887	1.24005	3922	0	30
2019.07.04	11:00:00	1.24005	1.24104	1.23995	1.24095	3318	0	30
2019.07.04	12:00:00	1.24095	1.24112	1.23951	1.24002	3053	0	30
2019.07.04	13:00:00	1.24002	1.24016	1.23918	1.23931	3151	0	30
2019.07.04	14:00:00	1.23934	1.23977	1.23896	1.23931	1407	0	31
2019.07.04	15:00:00	1.23933	1.23965	1.23890	1.23923	1582	0	30
2019.07.04	16:00:00	1.23926	1.23990	1.23894	1.23894	2626	0	30
2019.07.04	17:00:00	1.23894	1.24035	1.23879	1.23918	2973	0	30
2019.07.04	18:00:00	1.23918	1.24060	1.23889	1.23942	2185	0	30
2019.07.04	19:00:00	1.23942	1.23966	1.23872	1.23922	1525	0	32
2019.07.04	20:00:00	1.23921	1.23933	1.23854	1.23931	4256	0	35
2019.07.04	21:00:00	1.23930	1.23962	1.23858	1.23871	1899	0	50
2019.07.04	22:00:00	1.23873	1.23910	1.23824	1.23838	1477	0	48
2019.07.04	23:00:00	1.23837	1.23896	1.23784	1.23832	2423	0	66
2019.07.05	00:00:00	1.23743	1.24291	1.23743	1.23777	53876	0	141
2019.07.05	01:00:00	1.23777	1.23888	1.23777	1.23856	905	0	33
2019.07.05	02:00:00	1.23856	1.23898	1.23856	1.23897	707	0	33
2019.07.05	03:00:00	1.23899	1.23948	1.23895	1.23910	670	0	36
2019.07.05	04:00:00	1.23910	1.23955	1.23898	1.23910	1503	0	36
2019.07.05	05:00:00	1.23910	1.23938	1.23887	1.23934	856	0	29
2019.07.05	06:00:00	1.23934	1.23941	1.23899	1.23907	554	0	31
2019.07.05	07:00:00	1.23907	1.23965	1.23906	1.23942	1058	0	35
2019.07.05	08:00:00	1.23942	1.23993	1.23924	1.23937	725	0	32
2019.07.05	09:00:00	1.23936	1.24050	1.23919	1.24036	2960	0	31
2019.07.05	10:00:00	1.24036	1.24124	1.23957	1.23959	4550	0	30
2019.07.05	11:00:00	1.23958	1.24001	1.23853	1.23972	5248	0	31
2019.07.05	12:00:00	1.23972	1.23985	1.23882	1.23897	3061	0	30
2019.07.05	13:00:00	1.23897	1.23927	1.23764	1.23900	4040	0	30
2019.07.05	14:00:00	1.23900	1.24046	1.23900	1.23976	4540	0	30
2019.07.05	15:00:00	1.23979	1.24249	1.23912	1.24067	11387	0	30
2019.07.05	16:00:00	1.24067	1.24237	1.23927	1.23936	9687	0	30
2019.07.05	17:00:00	1.23936	1.24057	1.23842	1.24017	8579	0	30
2019.07.05	18:00:00	1.24015	1.24137	1.23982	1.24082	6850	0	30
2019.07.05	19:00:00	1.24082	1.24168	1.24031	1.24147	5268	0	30
2019.07.05	20:00:00	1.24146	1.24261	1.24138	1.24234	5430	0	30
2019.07.05	21:00:00	1.24235	1.24289	1.24223	1.24223	4541	0	32
2019.07.05	22:00:00	1.24223	1.24268	1.24205	1.24212	3988	0	30
2019.07.05	23:00:00	1.24212	1.24222	1.24140	1.24142	1119	0	39
2019.07.08	00:00:00	1.24145	1.24426	1.23951	1.24168	45510	0	64
2019.07.08	01:00:00	1.24174	1.24189	1.24090	1.24151	254	0	26
2019.07.08	02:00:00	1.24151	1.24156	1.24095	1.24142	531	0	29
2019.07.08	03:00:00	1.24140	1.24173	1.24113	1.24153	784	0	26
2019.07.08	04:00:00	1.24149	1.24166	1.24067	1.24088	759	0	30
2019.07.08	05:00:00	1.24086	1.24113	1.23985	1.23991	714	0	27
2019.07.08	06:00:00	1.23995	1.24023	1.23949	1.23974	746	0	29
2019.07.08	07:00:00	1.23974	1.24036	1.23966	1.24025	860	0	27
2019.07.08	08:00:00	1.24025	1.24077	1.24017	1.24058	410	0	14
2019.07.08	09:00:00	1.24058	1.24152	1.24019	1.24053	1281	0	29
2019.07.08	10:00:00	1.24029	1.24180	1.23944	1.23983	839	0	27
2019.07.08	11:00:00	1.24004	1.24226	1.23983	1.24216	856	0	27
2019.07.08	12:00:00	1.24211	1.24302	1.24177	1.24253	663	0	27
2019.07.08	13:00:00	1.24240	1.24251	1.24156	1.24227	1006	0	27
2019.07.08	14:00:00	1.24227	1.24247	1.24097	1.24168	3580	0	24
2019.07.08	15:00:00	1.24170	1.24248	1.24076	1.24227	4372	0	21
2019.07.08	16:00:00	1.24226	1.24371	1.24137	1.24195	6099	0	25
2019.07.08	17:00:00	1.24195	1.24400	1.24186	1.24328	4850	0	23
2019.07.08	18:00:00	1.24328	1.24337	1.24200	1.24233	4020	0	24
2019.07.08	19:00:00	1.24234	1.24320	1.24207	1.24316	1926	0	26
2019.07.08	20:00:00	1.24316	1.24348	1.24272	1.24330	1558	0	23
2019.07.08	21:00:00	1.24330	1.24397	1.24305	1.24362	1464	0	30
2019.07.08	22:00:00	1.24366	1.24411	1.24352	1.24383	1168	0	27
2019.07.08	23:00:00	1.24380	1.24429	1.24319	1.24319	854	0	15
2019.07.09	00:00:00	1.24378	1.24496	1.23608	1.24333	64300	0	34
2019.07.09	01:00:00	1.24345	1.24432	1.24345	1.24406	751	0	16
2019.07.09	02:00:00	1.24406	1.24449	1.24399	1.24418	990	0	11
2019.07.09	03:00:00	1.24418	1.24469	1.24408	1.24468	1405	0	27
2019.07.09	04:00:00	1.24468	1.24498	1.24395	1.24402	1467	0	27
2019.07.09	05:00:00	1.24402	1.24421	1.24301	1.24313	915	0	11
2019.07.09	06:00:00	1.24312	1.24371	1.24307	1.24371	1135	0	26
2019.07.09	07:00:00	1.24371	1.24395	1.24332	1.24389	816	0	11
2019.07.09	08:00:00	1.24388	1.24405	1.24363	1.24385	828	0	29
2019.07.09	09:00:00	1.24383	1.24383	1.24121	1.24150	3543	0	23
2019.07.09	10:00:00	1.24147	1.24226	1.23959	1.24011	4977	0	25
2019.07.09	11:00:00	1.24011	1.24022	1.23792	1.24003	5383	0	24
2019.07.09	12:00:00	1.24003	1.24023	1.23873	1.23933	4177	0	23
2019.07.09	13:00:00	1.23933	1.24006	1.23882	1.23966	3578	0	23
2019.07.09	14:00:00	1.23968	1.23970	1.23729	1.23781	4158	0	11
2019.07.09	15:00:00	1.23781	1.23794	1.23643	1.23650	4104	0	21
2019.07.09	16:00:00	1.23650	1.23902	1.23627	1.23828	5391	0	22
2019.07.09	17:00:00	1.23828	1.23863	1.23720	1.23832	5208	0	25
2019.07.09	18:00:00	1.23832	1.23892	1.23677	1.23725	4412	0	24
2019.07.09	19:00:00	1.23725	1.23794	1.23616	1.23792	2469	0	23
2019.07.09	20:00:00	1.23792	1.23854	1.23768	1.23789	2077	0	29
2019.07.09	21:00:00	1.23789	1.23900	1.23766	1.23836	1360	0	22
2019.07.09	22:00:00	1.23839	1.23892	1.23818	1.23855	1267	0	33
2019.07.09	23:00:00	1.23851	1.23865	1.23780	1.23782	678	0	11
2019.07.10	00:00:00	1.23774	1.23922	1.23475	1.23784	59331	0	55
2019.07.10	01:00:00	1.23798	1.23818	1.23780	1.23803	527	0	22
2019.07.10	02:00:00	1.23803	1.23830	1.23764	1.23769	931	0	20
2019.07.10	03:00:00	1.23769	1.23821	1.23759	1.23809	1417	0	27
2019.07.10	04:00:00	1.23809	1.23829	1.23723	1.23750	1202	0	24
2019.07.10	05:00:00	1.23750	1.23759	1.23692	1.23693	1212	0	28
2019.07.10	06:00:00	1.23693	1.23734	1.23650	1.23654	925	0	12
2019.07.10	07:00:00	1.23654	1.23696	1.23624	1.23661	756	0	11
2019.07.10	08:00:00	1.23661	1.23732	1.23641	1.23689	1045	0	26
2019.07.10	09:00:00	1.23692	1.23693	1.23472	1.23567	3628	0	26
2019.07.10	10:00:00	1.23566	1.23639	1.23522	1.23619	5485	0	25
2019.07.10	11:00:00	1.23619	1.23719	1.23543	1.23673	6451	0	24
2019.07.10	12:00:00	1.23673	1.23831	1.23637	1.23778	5410	0	22
2019.07.10	13:00:00	1.23778	1.23821	1.23636	1.23661	3821	0	23
2019.07.10	14:00:00	1.23661	1.23733	1.23620	1.23721	3677	0	23
2019.07.10	15:00:00	1.23722	1.23885	1.23676	1.23795	8965	0	22
2019.07.10	16:00:00	1.23793	1.23921	1.23779	1.23829	6972	0	24
2019.07.10	17:00:00	1.23827	1.23895	1.23663	1.23700	7177	0	23
2019.07.10	18:00:00	1.23698	1.23783	1.23627	1.23709	6220	0	22
2019.07.10	19:00:00	1.23708	1.23839	1.23654	1.23818	2904	0	24
2019.07.10	20:00:00	1.23819	1.23858	1.23661	1.23740	2661	0	23
2019.07.10	21:00:00	1.23737	1.23792	1.23676	1.23723	2526	0	23
2019.07.10	22:00:00	1.23724	1.23778	1.23696	1.23710	1450	0	21
2019.07.10	23:00:00	1.23710	1.23758	1.23638	1.23703	739	0	11
2019.07.11	00:00:00	1.23590	1.24105	1.23421	1.23708	61354	0	56
2019.07.11	01:00:00	1.23728	1.23747	1.23586	1.23620	706	0	25
2019.07.11	02:00:00	1.23619	1.23642	1.23536	1.23568	836	0	21
2019.07.11	03:00:00	1.23568	1.23588	1.23501	1.23559	2411	0	22
2019.07.11	04:00:00	1.23561	1.23571	1.23433	1.23435	1543	0	23
2019.07.11	05:00:00	1.23435	1.23512	1.23415	1.23471	1751	0	24
2019.07.11	06:00:00	1.23469	1.23595	1.23435	1.23578	1977	0	23
2019.07.11	07:00:00	1.23576	1.23589	1.23524	1.23584	1618	0	25
2019.07.11	08:00:00	1.23584	1.23601	1.23530	1.23582	2049	0	23
2019.07.11	09:00:00	1.23583	1.23656	1.23578	1.23654	2785	0	26
2019.07.11	10:00:00	1.23655	1.23730	1.23534	1.23577	4674	0	23
2019.07.11	11:00:00	1.23578	1.23629	1.23525	1.23531	4027	0	23
2019.07.11	12:00:00	1.23531	1.23708	1.23529	1.23618	4440	0	23
2019.07.11	13:00:00	1.23618	1.23863	1.23600	1.23833	5205	0	22
2019.07.11	14:00:00	1.23831	1.23869	1.23737	1.23743	4762	0	24
2019.07.11	15:00:00	1.23742	1.24004	1.23657	1.23985	9140	0	22
2019.07.11	16:00:00	1.23985	1.24029	1.23873	1.23999	6144	0	21
2019.07.11	17:00:00	1.24003	1.24029	1.23849	1.23993	6091	0	22
2019.07.11	18:00:00	1.23993	1.24101	1.23938	1.24046	4444	0	22
2019.07.11	19:00:00	1.24046	1.24061	1.23839	1.23914	3882	0	21
2019.07.11	20:00:00	1.23914	1.23952	1.23823	1.23917	4073	0	23
2019.07.11	21:00:00	1.23917	1.23996	1.23900	1.23983	2576	0	28
2019.07.11	22:00:00	1.23986	1.24019	1.23932	1.24017	1583	0	33
2019.07.11	23:00:00	1.24017	1.24063	1.23919	1.23925	884	0	19
2019.07.12	00:00:00	1.24001	1.24134	1.23424	1.23958	62441	0	67
2019.07.12	01:00:00	1.23949	1.24003	1.23938	1.24001	349	0	28
2019.07.12	02:00:00	1.23998	1.24043	1.23976	1.24021	1252	0	24
2019.07.12	03:00:00	1.24024	1.24089	1.24022	1.24083	1463	0	22
2019.07.12	04:00:00	1.24083	1.24127	1.24035	1.24073	1804	0	24
2019.07.12	05:00:00	1.24073	1.24100	1.24011	1.24064	2212	0	24
2019.07.12	06:00:00	1.24063	1.24134	1.24035	1.24099	1413	0	26
2019.07.12	07:00:00	1.24100	1.24104	1.24044	1.24072	1398	0	27
2019.07.12	08:00:00	1.24072	1.24113	1.24002	1.24078	1782	0	27
2019.07.12	09:00:00	1.24077	1.24104	1.23947	1.23996	3235	0	24
2019.07.12	10:00:00	1.23996	1.24010	1.23653	1.23673	4935	0	23
2019.07.12	11:00:00	1.23671	1.23802	1.23621	1.23721	4716	0	22
2019.07.12	12:00:00	1.23726	1.23728	1.23588	1.23720	5427	0	23
2019.07.12	13:00:00	1.23719	1.23781	1.23588	1.23629	3855	0	23
2019.07.12	14:00:00	1.23629	1.23629	1.23445	1.23594	3967	0	22
2019.07.12	15:00:00	1.23594	1.23635	1.23425	1.23614	5518	0	21
2019.07.12	16:00:00	1.23614	1.23762	1.23477	1.23613	6324	0	25
2019.07.12	17:00:00	1.23613	1.23808	1.23575	1.23752	4836	0	26
2019.07.12	18:00:00	1.23750	1.23778	1.23500	1.23579	4435	0	21
2019.07.12	19:00:00	1.23579	1.23741	1.23565	1.23661	2735	0	23
2019.07.12	20:00:00	1.23661	1.23703	1.23617	1.23671	2373	0	22
2019.07.12	21:00:00	1.23672	1.23795	1.23666	1.23743	2092	0	24
2019.07.12	22:00:00	1.23743	1.23761	1.23693	1.23719	1419	0	34
2019.07.12	23:00:00	1.23719	1.23777	1.23699	1.23741	658	0	14
2019.07.15	00:00:00	1.23353	1.23851	1.23056	1.23753	57229	0	115
2019.07.15	01:00:00	1.23736	1.23818	1.23736	1.23765	630	0	23
2019.07.15	02:00:00	1.23765	1.23785	1.23724	1.23732	1031	0	14
2019.07.15	03:00:00	1.23731	1.23752	1.23674	1.23689	1003	0	11
2019.07.15	04:00:00	1.23689	1.23710	1.23662	1.23686	1786	0	12
2019.07.15	05:00:00	1.23691	1.23797	1.23668	1.23780	1945	0	22
2019.07.15	06:00:00	1.23780	1.23780	1.23714	1.23717	1567	0	25
2019.07.15	07:00:00	1.23717	1.23743	1.23684	1.23701	1132	0	28
2019.07.15	08:00:00	1.23701	1.23802	1.23694	1.23776	811	0	12
2019.07.15	09:00:00	1.23776	1.23793	1.23555	1.23597	2147	0	23
2019.07.15	10:00:00	1.23598	1.23649	1.23456	1.23481	3675	0	22
2019.07.15	11:00:00	1.23481	1.23546	1.23367	1.23367	3784	0	21
2019.07.15	12:00:00	1.23367	1.23431	1.23338	1.23408	3136	0	23
2019.07.15	13:00:00	1.23408	1.23443	1.23235	1.23245	2147	0	23
2019.07.15	14:00:00	1.23245	1.23271	1.23131	1.23189	3015	0	21
2019.07.15	15:00:00	1.23189	1.23209	1.23060	1.23160	3459	0	25
2019.07.15	16:00:00	1.23160	1.23313	1.23124	1.23282	3734	0	23
2019.07.15	17:00:00	1.23282	1.23367	1.23178	1.23221	3892	0	23
2019.07.15	18:00:00	1.23220	1.23337	1.23164	1.23298	3903	0	23
2019.07.15	19:00:00	1.23298	1.23304	1.23194	1.23194	1842	0	28
2019.07.15	20:00:00	1.23194	1.23319	1.23182	1.23313	1219	0	23
2019.07.15	21:00:00	1.23313	1.23313	1.23239	1.23285	1240	0	26
2019.07.15	22:00:00	1.23285	1.23292	1.23213	1.23220	1111	0	27
2019.07.15	23:00:00	1.23222	1.23228	1.23176	1.23190	536	0	11
2019.07.16	00:00:00	1.23189	1.23308	1.22378	1.23140	58649	0	37
2019.07.16	01:00:00	1.23140	1.23199	1.23130	1.23195	652	0	25
2019.07.16	02:00:00	1.23201	1.23212	1.23183	1.23204	497	0	14
2019.07.16	03:00:00	1.23204	1.23264	1.23155	1.23252	1594	0	32
2019.07.16	04:00:00	1.23250	1.23280	1.23219	1.23258	1929	0	29
2019.07.16	05:00:00	1.23258	1.23282	1.23235	1.23258	955	0	29
2019.07.16	06:00:00	1.23257	1.23289	1.23249	1.23252	1077	0	29
2019.07.16	07:00:00	1.23251	1.23300	1.23236	1.23299	624	0	25
2019.07.16	08:00:00	1.23299	1.23304	1.23213	1.23242	712	0	26
2019.07.16	09:00:00	1.23242	1.23304	1.22950	1.22961	2035	0	12
2019.07.16	10:00:00	1.22961	1.22978	1.22690	1.22730	4508	0	24
2019.07.16	11:00:00	1.22730	1.22785	1.22609	1.22676	5327	0	23
2019.07.16	12:00:00	1.22677	1.22730	1.22508	1.22573	3978	0	26
2019.07.16	13:00:00	1.22573	1.22745	1.22377	1.22455	5203	0	23
2019.07.16	14:00:00	1.22455	1.22702	1.22410	1.22652	2748	0	23
2019.07.16	15:00:00	1.22652	1.22819	1.22648	1.22745	5487	0	24
2019.07.16	16:00:00	1.22745	1.22790	1.22551	1.22664	4868	0	24
2019.07.16	17:00:00	1.22663	1.22737	1.22441	1.22599	6233	0	23
2019.07.16	18:00:00	1.22599	1.22728	1.22547	1.22710	3771	0	25
2019.07.16	19:00:00	1.22712	1.22736	1.22590	1.22696	3665	0	21
2019.07.16	20:00:00	1.22696	1.22742	1.22642	1.22662	3119	0	24
2019.07.16	21:00:00	1.22663	1.22702	1.22595	1.22640	2618	0	29
2019.07.16	22:00:00	1.22637	1.22668	1.22504	1.22506	1865	0	23
2019.07.16	23:00:00	1.22506	1.22593	1.22504	1.22531	740	0	9
2019.07.17	00:00:00	1.22502	1.22962	1.22369	1.22550	57115	0	36
2019.07.17	01:00:00	1.22538	1.22617	1.22521	1.22589	425	0	18
2019.07.17	02:00:00	1.22585	1.22619	1.22582	1.22600	854	0	27
2019.07.17	03:00:00	1.22600	1.22631	1.22583	1.22589	1094	0	29
2019.07.17	04:00:00	1.22589	1.22599	1.22535	1.22571	1028	0	29
2019.07.17	05:00:00	1.22571	1.22590	1.22523	1.22525	783	0	29
2019.07.17	06:00:00	1.22525	1.22580	1.22523	1.22565	731	0	12
2019.07.17	07:00:00	1.22565	1.22608	1.22557	1.22605	708	0	32
2019.07.17	08:00:00	1.22605	1.22619	1.22567	1.22606	850	0	30
2019.07.17	09:00:00	1.22607	1.22621	1.22381	1.22461	2813	0	23
2019.07.17	10:00:00	1.22461	1.22626	1.22367	1.22609	4949	0	26
2019.07.17	11:00:00	1.22609	1.22738	1.22595	1.22728	4410	0	24
2019.07.17	12:00:00	1.22727	1.22773	1.22641	1.22710	3395	0	24
2019.07.17	13:00:00	1.22710	1.22841	1.22681	1.22772	3885	0	25
2019.07.17	14:00:00	1.22772	1.22843	1.22736	1.22765	2114	0	24
2019.07.17	15:00:00	1.22766	1.22830	1.22689	1.22721	3108	0	23
2019.07.17	16:00:00	1.22721	1.22873	1.22677	1.22850	3635	0	21
2019.07.17	17:00:00	1.22850	1.22887	1.22763	1.22771	4719	0	21
2019.07.17	18:00:00	1.22771	1.22819	1.22701	1.22725	4505	0	25
2019.07.17	19:00:00	1.22725	1.22960	1.22720	1.22925	2992	0	23
2019.07.17	20:00:00	1.22924	1.22947	1.22738	1.22753	1752	0	29
2019.07.17	21:00:00	1.22754	1.22794	1.22707	1.22758	2075	0	25
2019.07.17	22:00:00	1.22758	1.22768	1.22644	1.22672	1596	0	26
2019.07.17	23:00:00	1.22672	1.22764	1.22667	1.22726	897	0	12
2019.07.18	00:00:00	1.22706	1.23439	1.22468	1.22652	64955	0	12
2019.07.18	01:00:00	1.22652	1.22730	1.22647	1.22713	759	0	22
2019.07.18	02:00:00	1.22713	1.22734	1.22670	1.22699	609	0	21
2019.07.18	03:00:00	1.22699	1.22709	1.22502	1.22511	1233	0	23
2019.07.18	04:00:00	1.22511	1.22573	1.22486	1.22524	1818	0	26
2019.07.18	05:00:00	1.22525	1.22595	1.22503	1.22556	1328	0	29
2019.07.18	06:00:00	1.22556	1.22572	1.22523	1.22535	873	0	30
2019.07.18	07:00:00	1.22535	1.22565	1.22516	1.22548	813	0	14
2019.07.18	08:00:00	1.22548	1.22554	1.22489	1.22536	1292	0	23
2019.07.18	09:00:00	1.22536	1.22615	1.22515	1.22541	2384	0	25
2019.07.18	10:00:00	1.22548	1.22882	1.22466	1.22807	5624	0	23
2019.07.18	11:00:00	1.22809	1.22990	1.22750	1.22927	4917	0	24
2019.07.18	12:00:00	1.22927	1.23004	1.22856	1.22896	3260	0	23
2019.07.18	13:00:00	1.22896	1.23329	1.22888	1.23320	6433	0	21
2019.07.18	14:00:00	1.23320	1.23440	1.23192	1.23221	4784	0	21
2019.07.18	15:00:00	1.23221	1.23240	1.23017	1.23077	6338	0	22
2019.07.18	16:00:00	1.23074	1.23209	1.22998	1.23185	4371	0	22
2019.07.18	17:00:00	1.23183	1.23264	1.23072	1.23215	4358	0	23
2019.07.18	18:00:00	1.23213	1.23262	1.23100	1.23212	3721	0	23
2019.07.18	19:00:00	1.23212	1.23296	1.23150	1.23155	1719	0	21
2019.07.18	20:00:00	1.23155	1.23182	1.23051	1.23128	1776	0	24
2019.07.18	21:00:00	1.23126	1.23280	1.23005	1.23278	5373	0	24
2019.07.18	22:00:00	1.23277	1.23281	1.23090	1.23212	4282	0	24
2019.07.18	23:00:00	1.23212	1.23226	1.23083	1.23092	984	0	10
2019.07.19	00:00:00	1.23072	1.23363	1.22590	1.23090	59658	0	48
2019.07.19	01:00:00	1.23090	1.23270	1.23090	1.23228	2456	0	23
2019.07.19	02:00:00	1.23227	1.23245	1.23173	1.23239	1116	0	23
2019.07.19	03:00:00	1.23239	1.23329	1.23238	1.23318	2095	0	23
2019.07.19	04:00:00	1.23318	1.23336	1.23236	1.23321	1792	0	23
2019.07.19	05:00:00	1.23321	1.23351	1.23230	1.23290	1261	0	23
2019.07.19	06:00:00	1.23290	1.23346	1.23280	1.23326	894	0	11
2019.07.19	07:00:00	1.23327	1.23361	1.23270	1.23279	969	0	25
2019.07.19	08:00:00	1.23279	1.23293	1.23214	1.23250	1655	0	24
2019.07.19	09:00:00	1.23250	1.23278	1.23129	1.23162	2713	0	21
2019.07.19	10:00:00	1.23163	1.23269	1.23046	1.23051	3868	0	22
2019.07.19	11:00:00	1.23051	1.23241	1.23051	1.23089	2742	0	22
2019.07.19	12:00:00	1.23089	1.23214	1.22898	1.23185	4013	0	21
2019.07.19	13:00:00	1.23185	1.23270	1.23109	1.23205	3632	0	21
2019.07.19	14:00:00	1.23205	1.23233	1.23029	1.23175	2746	0	22
2019.07.19	15:00:00	1.23177	1.23177	1.22912	1.22923	4268	0	23
2019.07.19	16:00:00	1.22923	1.22975	1.22831	1.22946	3752	0	22
2019.07.19	17:00:00	1.22947	1.22975	1.22736	1.22790	4560	0	21
2019.07.19	18:00:00	1.22791	1.22861	1.22707	1.22751	4583	0	24
2019.07.19	19:00:00	1.22752	1.22813	1.22710	1.22728	2537	0	23
2019.07.19	20:00:00	1.22728	1.22791	1.22715	1.22768	1893	0	24
2019.07.19	21:00:00	1.22768	1.22875	1.22710	1.22807	4349	0	22
2019.07.19	22:00:00	1.22800	1.22833	1.22707	1.22775	1873	0	28
2019.07.19	23:00:00	1.22775	1.22784	1.22655	1.22662	679	0	18
2019.07.22	00:00:00	1.22451	1.23033	1.22274	1.22848	53028	0	89
2019.07.22	01:00:00	1.22845	1.22958	1.22746	1.22819	770	0	16
2019.07.22	02:00:00	1.22819	1.22970	1.22800	1.22968	926	0	13
2019.07.22	03:00:00	1.22968	1.22995	1.22929	1.22948	1427	0	22
2019.07.22	04:00:00	1.22948	1.23031	1.22935	1.22955	1710	0	24
2019.07.22	05:00:00	1.22955	1.22981	1.22907	1.22929	1067	0	14
2019.07.22	06:00:00	1.22929	1.22995	1.22912	1.22971	916	0	23
2019.07.22	07:00:00	1.22971	1.22986	1.22940	1.22960	1301	0	12
2019.07.22	08:00:00	1.22962	1.23009	1.22944	1.22968	940	0	29
2019.07.22	09:00:00	1.22968	1.22968	1.22838	1.22887	2383	0	23
2019.07.22	10:00:00	1.22887	1.22910	1.22510	1.22549	4352	0	22
2019.07.22	11:00:00	1.22548	1.22711	1.22359	1.22368	3705	0	26
2019.07.22	12:00:00	1.22368	1.22467	1.22350	1.22440	3425	0	24
2019.07.22	13:00:00	1.22441	1.22449	1.22333	1.22342	3397	0	24
2019.07.22	14:00:00	1.22341	1.22378	1.22299	1.22346	3228	0	22
2019.07.22	15:00:00	1.22346	1.22398	1.22271	1.22325	4111	0	22
2019.07.22	16:00:00	1.22324	1.22559	1.22322	1.22505	4704	0	22
2019.07.22	17:00:00	1.22504	1.22569	1.22384	1.22531	4624	0	22
2019.07.22	18:00:00	1.22528	1.22563	1.22400	1.22414	3018	0	23
2019.07.22	19:00:00	1.22414	1.22470	1.22336	1.22465	1847	0	21
2019.07.22	20:00:00	1.22465	1.22484	1.22427	1.22463	1290	0	25
2019.07.22	21:00:00	1.22459	1.22538	1.22426	1.22512	1465	0	27
2019.07.22	22:00:00	1.22512	1.22536	1.22472	1.22506	1303	0	28
2019.07.22	23:00:00	1.22504	1.22532	1.22462	1.22462	701	0	12
2019.07.23	00:00:00	1.22459	1.22737	1.22241	1.22503	59737	0	46
2019.07.23	01:00:00	1.22504	1.22573	1.22481	1.22557	657	0	28
2019.07.23	02:00:00	1.22557	1.22579	1.22535	1.22558	732	0	23
2019.07.23	03:00:00	1.22558	1.22647	1.22497	1.22604	1786	0	23
2019.07.23	04:00:00	1.22605	1.22655	1.22566	1.22610	1307	0	29
2019.07.23	05:00:00	1.22612	1.22616	1.22554	1.22556	1086	0	29
2019.07.23	06:00:00	1.22556	1.22632	1.22537	1.22618	1269	0	12
2019.07.23	07:00:00	1.22619	1.22640	1.22581	1.22583	1028	0	11
2019.07.23	08:00:00	1.22583	1.22596	1.22508	1.22519	705	0	11
2019.07.23	09:00:00	1.22519	1.22656	1.22462	1.22551	2468	0	23
2019.07.23	10:00:00	1.22551	1.22561	1.22311	1.22394	4497	0	21
2019.07.23	11:00:00	1.22394	1.22428	1.22240	1.22362	3865	0	22
2019.07.23	12:00:00	1.22364	1.22553	1.22364	1.22471	3569	0	22
2019.07.23	13:00:00	1.22471	1.22518	1.22373	1.22486	2973	0	22
2019.07.23	14:00:00	1.22487	1.22700	1.22460	1.22513	4736	0	22
2019.07.23	15:00:00	1.22513	1.22523	1.22240	1.22387	5399	0	22
2019.07.23	16:00:00	1.22386	1.22530	1.22248	1.22408	4886	0	23
2019.07.23	17:00:00	1.22408	1.22583	1.22336	1.22511	6166	0	23
2019.07.23	18:00:00	1.22511	1.22632	1.22416	1.22593	4380	0	23
2019.07.23	19:00:00	1.22592	1.22621	1.22455	1.22524	2125	0	27
2019.07.23	20:00:00	1.22522	1.22675	1.22506	1.22629	2148	0	23
2019.07.23	21:00:00	1.22629	1.22740	1.22594	1.22598	2013	0	23
2019.07.23	22:00:00	1.22598	1.22627	1.22561	1.22583	1151	0	24
2019.07.23	23:00:00	1.22578	1.22580	1.22500	1.22546	750	0	12
2019.07.24	00:00:00	1.22499	1.23338	1.22401	1.22480	67514	0	57
2019.07.24	01:00:00	1.22480	1.22524	1.22472	1.22516	550	0	22
2019.07.24	02:00:00	1.22518	1.22551	1.22470	1.22546	556	0	22
2019.07.24	03:00:00	1.22546	1.22654	1.22536	1.22621	1775	0	23
2019.07.24	04:00:00	1.22618	1.22630	1.22555	1.22599	1160	0	23
2019.07.24	05:00:00	1.22599	1.22650	1.22583	1.22644	888	0	24
2019.07.24	06:00:00	1.22645	1.22649	1.22612	1.22618	839	0	11
2019.07.24	07:00:00	1.22618	1.22660	1.22611	1.22655	760	0	10
2019.07.24	08:00:00	1.22655	1.22749	1.22618	1.22702	954	0	11
2019.07.24	09:00:00	1.22703	1.22813	1.22687	1.22734	2204	0	22
2019.07.24	10:00:00	1.22735	1.22865	1.22593	1.22778	6336	0	21
2019.07.24	11:00:00	1.22779	1.22898	1.22768	1.22881	5207	0	23
2019.07.24	12:00:00	1.22881	1.23070	1.22852	1.22907	4470	0	22
2019.07.24	13:00:00	1.22907	1.23338	1.22889	1.23321	4887	0	22
2019.07.24	14:00:00	1.23321	1.23321	1.23127	1.23145	4169	0	21
2019.07.24	15:00:00	1.23146	1.23197	1.22938	1.22983	4859	0	22
2019.07.24	16:00:00	1.22983	1.23015	1.22861	1.22861	3983	0	22
2019.07.24	17:00:00	1.22861	1.23156	1.22857	1.23129	5438	0	22
2019.07.24	18:00:00	1.23127	1.23180	1.23032	1.23136	4459	0	22
2019.07.24	19:00:00	1.23137	1.23160	1.23028	1.23134	2029	0	28
2019.07.24	20:00:00	1.23134	1.23161	1.23027	1.23067	2078	0	27
2019.07.24	21:00:00	1.23067	1.23099	1.22965	1.23001	1686	0	23
2019.07.24	22:00:00	1.23004	1.23049	1.22980	1.23001	1109	0	31
2019.07.24	23:00:00	1.22999	1.23002	1.22898	1.22898	670	0	16
2019.07.25	00:00:00	1.22914	1.23685	1.22811	1.22867	68837	0	34
2019.07.25	01:00:00	1.22867	1.22928	1.22867	1.22904	666	0	23
2019.07.25	02:00:00	1.22906	1.22934	1.22872	1.22927	944	0	18
2019.07.25	03:00:00	1.22927	1.22967	1.22926	1.22937	1289	0	23
2019.07.25	04:00:00	1.22936	1.22942	1.22875	1.22900	1198	0	22
2019.07.25	05:00:00	1.22900	1.22949	1.22892	1.22937	973	0	25
2019.07.25	06:00:00	1.22937	1.22937	1.22859	1.22859	1083	0	25
2019.07.25	07:00:00	1.22859	1.22894	1.22848	1.22867	1130	0	14
2019.07.25	08:00:00	1.22867	1.22949	1.22864	1.22912	1388	0	16
2019.07.25	09:00:00	1.22913	1.22961	1.22807	1.22905	3234	0	24
2019.07.25	10:00:00	1.22911	1.23068	1.22852	1.23049	4658	0	23
2019.07.25	11:00:00	1.23049	1.23087	1.22957	1.22965	3422	0	22
2019.07.25	12:00:00	1.22967	1.23165	1.22909	1.23146	3284	0	22
2019.07.25	13:00:00	1.23142	1.23256	1.23056	1.23147	4924	0	22
2019.07.25	14:00:00	1.23147	1.23364	1.23073	1.23358	6813	0	21
2019.07.25	15:00:00	1.23358	1.23649	1.23349	1.23552	11753	0	22
2019.07.25	16:00:00	1.23554	1.23571	1.23378	1.23491	12956	0	21
2019.07.25	17:00:00	1.23491	1.23680	1.23205	1.23647	7708	0	23
2019.07.25	18:00:00	1.23649	1.23682	1.23422	1.23431	5371	0	21
2019.07.25	19:00:00	1.23435	1.23450	1.23286	1.23314	3825	0	25
2019.07.25	20:00:00	1.23314	1.23400	1.23258	1.23365	3336	0	22
2019.07.25	21:00:00	1.23364	1.23487	1.23310	1.23433	3152	0	24
2019.07.25	22:00:00	1.23436	1.23442	1.23344	1.23384	1330	0	34
2019.07.25	23:00:00	1.23384	1.23405	1.23325	1.23372	560	0	12
2019.07.26	00:00:00	1.23305	1.23445	1.22940	1.23346	65613	0	76
2019.07.26	01:00:00	1.23338	1.23375	1.23330	1.23373	496	0	24
2019.07.26	02:00:00	1.23373	1.23412	1.23356	1.23400	458	0	19
2019.07.26	03:00:00	1.23400	1.23417	1.23317	1.23335	1660	0	33
2019.07.26	04:00:00	1.23335	1.23345	1.23288	1.23308	1602	0	29
2019.07.26	05:00:00	1.23308	1.23337	1.23250	1.23252	1289	0	13
2019.07.26	06:00:00	1.23252	1.23298	1.23219	1.23278	721	0	28
2019.07.26	07:00:00	1.23278	1.23347	1.23265	1.23330	641	0	24
2019.07.26	08:00:00	1.23330	1.23331	1.23280	1.23309	1012	0	32
2019.07.26	09:00:00	1.23309	1.23320	1.23121	1.23171	2718	0	23
2019.07.26	10:00:00	1.23171	1.23316	1.23157	1.23226	4201	0	23
2019.07.26	11:00:00	1.23224	1.23381	1.23184	1.23360	4701	0	22
2019.07.26	12:00:00	1.23360	1.23390	1.23283	1.23343	3233	0	23
2019.07.26	13:00:00	1.23343	1.23442	1.23317	1.23368	3727	0	21
2019.07.26	14:00:00	1.23368	1.23421	1.23289	1.23375	2794	0	22
2019.07.26	15:00:00	1.23375	1.23458	1.23204	1.23268	6195	0	22
2019.07.26	16:00:00	1.23269	1.23319	1.23238	1.23255	6572	0	22
2019.07.26	17:00:00	1.23254	1.23279	1.22991	1.23044	6934	0	22
2019.07.26	18:00:00	1.23044	1.23124	1.22978	1.23032	5277	0	22
2019.07.26	19:00:00	1.23034	1.23107	1.23004	1.23067	3082	0	26
2019.07.26	20:00:00	1.23067	1.23161	1.23048	1.23104	2408	0	22
2019.07.26	21:00:00	1.23104	1.23149	1.23095	1.23118	1338	0	28
2019.07.26	22:00:00	1.23118	1.23124	1.23046	1.23096	1416	0	29
2019.07.26	23:00:00	1.23096	1.23103	1.22947	1.22970	663	0	16
2019.07.29	00:00:00	1.22721	1.23066	1.21120	1.22897	58928	0	34
2019.07.29	01:00:00	1.22895	1.22999	1.22885	1.22938	2204	0	22
2019.07.29	02:00:00	1.22935	1.22959	1.22899	1.22912	772	0	13
2019.07.29	03:00:00	1.22912	1.22921	1.22793	1.22830	669	0	12
2019.07.29	04:00:00	1.22830	1.22835	1.22737	1.22779	686	0	12
2019.07.29	05:00:00	1.22779	1.22800	1.22685	1.22758	1291	0	12
2019.07.29	06:00:00	1.22758	1.22800	1.22739	1.22746	1005	0	8
2019.07.29	07:00:00	1.22746	1.22816	1.22737	1.22801	711	0	11
2019.07.29	08:00:00	1.22803	1.22823	1.22766	1.22778	759	0	12
2019.07.29	09:00:00	1.22778	1.22874	1.22692	1.22692	2137	0	24
2019.07.29	10:00:00	1.22692	1.22703	1.22428	1.22439	3390	0	22
2019.07.29	11:00:00	1.22439	1.22456	1.22184	1.22217	2826	0	21
2019.07.29	12:00:00	1.22218	1.22303	1.22157	1.22252	2551	0	22
2019.07.29	13:00:00	1.22252	1.22323	1.22116	1.22176	3364	0	23
2019.07.29	14:00:00	1.22177	1.22199	1.22033	1.22127	3520	0	21
2019.07.29	15:00:00	1.22127	1.22144	1.21467	1.21490	5372	0	21
2019.07.29	16:00:00	1.21490	1.21668	1.21420	1.21472	6136	0	21
2019.07.29	17:00:00	1.21472	1.21647	1.21207	1.21352	6217	0	23
2019.07.29	18:00:00	1.21353	1.21413	1.21166	1.21314	6177	0	23
2019.07.29	19:00:00	1.21314	1.21342	1.21156	1.21199	1918	0	22
2019.07.29	20:00:00	1.21198	1.21258	1.21154	1.21208	1317	0	28
2019.07.29	21:00:00	1.21208	1.21261	1.21162	1.21173	1975	0	29
2019.07.29	22:00:00	1.21170	1.21229	1.21155	1.21159	2135	0	35
2019.07.29	23:00:00	1.21162	1.21205	1.21112	1.21124	1064	0	13
2019.07.30	00:00:00	1.21088	1.21238	1.20177	1.21119	70669	0	54
2019.07.30	01:00:00	1.21110	1.21221	1.21089	1.21215	1181	0	22
2019.07.30	02:00:00	1.21208	1.21245	1.21140	1.21155	1305	0	22
2019.07.30	03:00:00	1.21155	1.21199	1.21066	1.21073	1261	0	22
2019.07.30	04:00:00	1.21073	1.21111	1.20595	1.20668	4101	0	24
2019.07.30	05:00:00	1.20668	1.20783	1.20621	1.20622	2810	0	26
2019.07.30	06:00:00	1.20622	1.20741	1.20477	1.20508	1979	0	21
2019.07.30	07:00:00	1.20509	1.20564	1.20190	1.20238	2920	0	23
2019.07.30	08:00:00	1.20237	1.20395	1.20174	1.20338	2328	0	22
2019.07.30	09:00:00	1.20338	1.20623	1.20320	1.20457	4327	0	24
2019.07.30	10:00:00	1.20457	1.20738	1.20342	1.20506	5556	0	22
2019.07.30	11:00:00	1.20506	1.20580	1.20356	1.20546	3821	0	22
2019.07.30	12:00:00	1.20546	1.20751	1.20509	1.20728	4196	0	22
2019.07.30	13:00:00	1.20728	1.20739	1.20457	1.20475	3917	0	22
2019.07.30	14:00:00	1.20475	1.20545	1.20289	1.20506	4481	0	22
2019.07.30	15:00:00	1.20506	1.20629	1.20379	1.20414	7760	0	22
2019.07.30	16:00:00	1.20412	1.20716	1.20412	1.20652	6621	0	22
2019.07.30	17:00:00	1.20652	1.20688	1.20292	1.20458	7629	0	22
2019.07.30	18:00:00	1.20453	1.20621	1.20310	1.20340	5662	0	22
2019.07.30	19:00:00	1.20340	1.20538	1.20330	1.20512	2717	0	24
2019.07.30	20:00:00	1.20508	1.20551	1.20432	1.20502	2262	0	25
2019.07.30	21:00:00	1.20502	1.20529	1.20375	1.20426	2541	0	25
2019.07.30	22:00:00	1.20423	1.20448	1.20339	1.20355	1283	0	22
2019.07.30	23:00:00	1.20355	1.20388	1.20269	1.20271	1237	0	23
2019.07.31	00:00:00	1.20269	1.21258	1.20164	1.20309	58961	0	57
2019.07.31	01:00:00	1.20307	1.20437	1.20281	1.20409	1245	0	28
2019.07.31	02:00:00	1.20401	1.20481	1.20354	1.20356	800	0	22
2019.07.31	03:00:00	1.20357	1.20386	1.20238	1.20329	1559	0	22
2019.07.31	04:00:00	1.20329	1.20432	1.20315	1.20384	1976	0	21
2019.07.31	05:00:00	1.20383	1.20407	1.20322	1.20360	1289	0	21
2019.07.31	06:00:00	1.20358	1.20466	1.20358	1.20425	1270	0	20
2019.07.31	07:00:00	1.20423	1.20510	1.20408	1.20498	1237	0	22
2019.07.31	08:00:00	1.20499	1.20587	1.20499	1.20538	1346	0	27
2019.07.31	09:00:00	1.20538	1.20560	1.20360	1.20428	3229	0	22
2019.07.31	10:00:00	1.20425	1.20615	1.20372	1.20480	4150	0	22
2019.07.31	11:00:00	1.20480	1.20557	1.20348	1.20451	3465	0	22
2019.07.31	12:00:00	1.20457	1.20592	1.20440	1.20529	3271	0	23
2019.07.31	13:00:00	1.20529	1.20574	1.20423	1.20426	2767	0	22
2019.07.31	14:00:00	1.20426	1.20640	1.20345	1.20570	2558	0	22
2019.07.31	15:00:00	1.20571	1.20621	1.20397	1.20579	4633	0	22
2019.07.31	16:00:00	1.20574	1.21158	1.20572	1.21131	6998	0	22
2019.07.31	17:00:00	1.21131	1.21208	1.20888	1.21208	9133	0	22
2019.07.31	18:00:00	1.21209	1.21255	1.20916	1.21016	7253	0	22
2019.07.31	19:00:00	1.21016	1.21022	1.20886	1.20910	2937	0	25
2019.07.31	20:00:00	1.20910	1.21092	1.20895	1.20969	2755	0	25
2019.07.31	21:00:00	1.20969	1.21089	1.20660	1.20810	14052	0	23
2019.07.31	22:00:00	1.20812	1.20966	1.20766	1.20928	8696	0	24
2019.07.31	23:00:00	1.20928	1.20950	1.20773	1.20784	1916	0	22
2019.08.01	00:00:00	1.20766	1.20942	1.19868	1.20747	88088	0	29
2019.08.01	01:00:00	1.20750	1.20824	1.20697	1.20774	1275	0	23
2019.08.01	02:00:00	1.20777	1.20830	1.20722	1.20804	2806	0	26
2019.08.01	03:00:00	1.20804	1.20921	1.20664	1.20698	4866	0	23
2019.08.01	04:00:00	1.20699	1.20932	1.20688	1.20879	3265	0	28
2019.08.01	05:00:00	1.20879	1.20936	1.20835	1.20844	1604	0	26
2019.08.01	06:00:00	1.20844	1.20887	1.20844	1.20864	1076	0	22
2019.08.01	07:00:00	1.20864	1.20874	1.20768	1.20803	877	0	12
2019.08.01	08:00:00	1.20803	1.20857	1.20786	1.20820	2163	0	28
2019.08.01	09:00:00	1.20820	1.20927	1.20783	1.20817	3580	0	23
2019.08.01	10:00:00	1.20817	1.20849	1.20662	1.20681	4621	0	24
2019.08.01	11:00:00	1.20679	1.20706	1.20496	1.20498	3842	0	22
2019.08.01	12:00:00	1.20498	1.20613	1.20260	1.20360	4608	0	22
2019.08.01	13:00:00	1.20360	1.20600	1.20268	1.20478	4542	0	21
2019.08.01	14:00:00	1.20478	1.20645	1.20418	1.20577	5804	0	21
2019.08.01	15:00:00	1.20576	1.20672	1.20389	1.20460	6372	0	22
2019.08.01	16:00:00	1.20461	1.20469	1.20287	1.20367	8176	0	23
2019.08.01	17:00:00	1.20400	1.20849	1.20244	1.20847	10844	0	22
2019.08.01	18:00:00	1.20848	1.20856	1.20520	1.20680	7718	0	22
2019.08.01	19:00:00	1.20680	1.20682	1.20482	1.20518	2594	0	23
2019.08.01	20:00:00	1.20519	1.20522	1.20244	1.20358	8372	0	24
2019.08.01	21:00:00	1.20358	1.20440	1.20221	1.20244	8996	0	21
2019.08.01	22:00:00	1.20244	1.20301	1.20134	1.20206	5513	0	22
2019.08.01	23:00:00	1.20206	1.20339	1.19987	1.20107	2929	0	23
2019.08.02	00:00:00	1.19751	1.20170	1.19033	1.19967	90560	0	57
2019.08.02	01:00:00	1.19969	1.20059	1.19919	1.20055	1339	0	24
2019.08.02	02:00:00	1.20057	1.20091	1.20024	1.20024	1753	0	24
2019.08.02	03:00:00	1.20024	1.20128	1.19892	1.19932	4879	0	22
2019.08.02	04:00:00	1.19936	1.19955	1.19484	1.19797	5585	0	23
2019.08.02	05:00:00	1.19797	1.19827	1.19601	1.19676	4600	0	35
2019.08.02	06:00:00	1.19676	1.19721	1.19596	1.19604	3122	0	35
2019.08.02	07:00:00	1.19602	1.19730	1.19566	1.19703	3019	0	38
2019.08.02	08:00:00	1.19703	1.19778	1.19655	1.19776	2322	0	24
2019.08.02	09:00:00	1.19776	1.19780	1.19623	1.19689	4786	0	25
2019.08.02	10:00:00	1.19688	1.19749	1.19511	1.19539	9805	0	23
2019.08.02	11:00:00	1.19539	1.19687	1.19456	1.19516	7138	0	27
2019.08.02	12:00:00	1.19516	1.19673	1.19511	1.19568	5394	0	23
2019.08.02	13:00:00	1.19567	1.19577	1.19208	1.19246	4791	0	21
2019.08.02	14:00:00	1.19246	1.19473	1.19243	1.19384	4440	0	26
2019.08.02	15:00:00	1.19378	1.19610	1.19238	1.19596	10878	0	23
2019.08.02	16:00:00	1.19595	1.19850	1.19337	1.19362	11844	0	22
2019.08.02	17:00:00	1.19362	1.19462	1.19042	1.19109	10558	0	22
2019.08.02	18:00:00	1.19114	1.19270	1.19028	1.19123	7774	0	21
2019.08.02	19:00:00	1.19123	1.19360	1.19085	1.19222	4019	0	24
2019.08.02	20:00:00	1.19221	1.19384	1.19186	1.19363	4402	0	23
2019.08.02	21:00:00	1.19364	1.19527	1.19342	1.19431	3500	0	23
2019.08.02	22:00:00	1.19432	1.19481	1.19355	1.19357	3354	0	22
2019.08.02	23:00:00	1.19357	1.19524	1.19314	1.19417	826	0	14
2019.08.05	00:00:00	1.19136	1.19557	1.18086	1.19364	89982	0	78
2019.08.05	01:00:00	1.19351	1.19411	1.19287	1.19340	1296	0	33
2019.08.05	02:00:00	1.19340	1.19398	1.19315	1.19369	1248	0	18
2019.08.05	03:00:00	1.19369	1.19452	1.19166	1.19405	3209	0	21
2019.08.05	04:00:00	1.19405	1.19442	1.19058	1.19149	5811	0	30
2019.08.05	05:00:00	1.19149	1.19158	1.18910	1.18922	6390	0	23
2019.08.05	06:00:00	1.18921	1.19054	1.18888	1.18926	3304	0	27
2019.08.05	07:00:00	1.18926	1.19024	1.18926	1.19000	2114	0	30
2019.08.05	08:00:00	1.18999	1.19022	1.18736	1.18749	2567	0	22
2019.08.05	09:00:00	1.18744	1.18764	1.18530	1.18596	5217	0	23
2019.08.05	10:00:00	1.18596	1.18640	1.18354	1.18425	7601	0	22
2019.08.05	11:00:00	1.18425	1.18505	1.18208	1.18331	6593	0	23
2019.08.05	12:00:00	1.18331	1.18542	1.18257	1.18319	6888	0	22
2019.08.05	13:00:00	1.18319	1.18541	1.18204	1.18537	5522	0	21
2019.08.05	14:00:00	1.18537	1.18668	1.18361	1.18514	6260	0	21
2019.08.05	15:00:00	1.18513	1.18612	1.18451	1.18611	5572	0	22
2019.08.05	16:00:00	1.18611	1.18690	1.18497	1.18646	7096	0	21
2019.08.05	17:00:00	1.18646	1.18706	1.18165	1.18219	10417	0	22
2019.08.05	18:00:00	1.18218	1.18361	1.18011	1.18233	9276	0	23
2019.08.05	19:00:00	1.18232	1.18315	1.18123	1.18132	5184	0	25
2019.08.05	20:00:00	1.18132	1.18331	1.18079	1.18261	4003	0	25
2019.08.05	21:00:00	1.18261	1.18286	1.18161	1.18209	3573	0	24
2019.08.05	22:00:00	1.18209	1.18351	1.18151	1.18246	3877	0	22
2019.08.05	23:00:00	1.18246	1.18290	1.18138	1.18189	912	0	13
2019.08.06	00:00:00	1.18151	1.19482	1.17929	1.18061	90200	0	29
2019.08.06	01:00:00	1.17991	1.18120	1.17927	1.18098	3117	0	23
2019.08.06	02:00:00	1.18098	1.18113	1.17957	1.17974	3957	0	24
2019.08.06	03:00:00	1.17974	1.18097	1.17962	1.18024	3637	0	31
2019.08.06	04:00:00	1.18024	1.18212	1.18023	1.18122	5700	0	24
2019.08.06	05:00:00	1.18124	1.18323	1.18105	1.18321	2180	0	30
2019.08.06	06:00:00	1.18321	1.18416	1.18263	1.18387	2831	0	31
2019.08.06	07:00:00	1.18387	1.18597	1.18372	1.18468	5733	0	23
2019.08.06	08:00:00	1.18467	1.18597	1.18407	1.18418	3314	0	23
2019.08.06	09:00:00	1.18414	1.18643	1.18408	1.18542	6182	0	25
2019.08.06	10:00:00	1.18542	1.18781	1.18437	1.18629	7714	0	22
2019.08.06	11:00:00	1.18629	1.18822	1.18612	1.18698	5829	0	22
2019.08.06	12:00:00	1.18698	1.18985	1.18662	1.18931	4380	0	23
2019.08.06	13:00:00	1.18931	1.18977	1.18760	1.18771	2757	0	23
2019.08.06	14:00:00	1.18770	1.18860	1.18657	1.18846	4352	0	23
2019.08.06	15:00:00	1.18846	1.18918	1.18795	1.18868	6287	0	23
2019.08.06	16:00:00	1.18869	1.19225	1.18778	1.19219	8820	0	22
2019.08.06	17:00:00	1.19216	1.19494	1.18968	1.19011	9485	0	22
2019.08.06	18:00:00	1.19010	1.19054	1.18673	1.18819	7576	0	22
2019.08.06	19:00:00	1.18819	1.18836	1.18594	1.18631	3503	0	24
2019.08.06	20:00:00	1.18629	1.18706	1.18582	1.18622	2875	0	24
2019.08.06	21:00:00	1.18620	1.18766	1.18579	1.18702	3553	0	25
2019.08.06	22:00:00	1.18699	1.18827	1.18698	1.18767	2103	0	24
2019.08.06	23:00:00	1.18767	1.18786	1.18712	1.18742	976	0	14
2019.08.07	00:00:00	1.18692	1.19018	1.17881	1.18750	93079	0	80
2019.08.07	01:00:00	1.18752	1.18777	1.18626	1.18675	695	0	19
2019.08.07	02:00:00	1.18666	1.18746	1.18664	1.18744	1185	0	24
2019.08.07	03:00:00	1.18744	1.18858	1.18739	1.18834	3226	0	22
2019.08.07	04:00:00	1.18833	1.18874	1.18691	1.18704	4675	0	22
2019.08.07	05:00:00	1.18700	1.18712	1.18522	1.18679	4467	0	23
2019.08.07	06:00:00	1.18680	1.18767	1.18472	1.18650	4000	0	22
2019.08.07	07:00:00	1.18650	1.18742	1.18612	1.18735	2836	0	22
2019.08.07	08:00:00	1.18734	1.18833	1.18716	1.18723	3124	0	32
2019.08.07	09:00:00	1.18721	1.18736	1.18522	1.18660	3832	0	22
2019.08.07	10:00:00	1.18660	1.18964	1.18590	1.18945	5387	0	23
2019.08.07	11:00:00	1.18945	1.19016	1.18724	1.18733	5380	0	22
2019.08.07	12:00:00	1.18732	1.18876	1.18728	1.18836	5742	0	27
2019.08.07	13:00:00	1.18836	1.19003	1.18760	1.18786	4345	0	25
2019.08.07	14:00:00	1.18786	1.18875	1.18478	1.18484	5771	0	23
2019.08.07	15:00:00	1.18484	1.18498	1.18141	1.18285	10409	0	24
2019.08.07	16:00:00	1.18284	1.18386	1.18005	1.18239	12808	0	21
2019.08.07	17:00:00	1.18239	1.18448	1.18120	1.18262	13169	0	23
2019.08.07	18:00:00	1.18262	1.18289	1.17973	1.18025	10725	0	25
2019.08.07	19:00:00	1.18026	1.18127	1.17870	1.18103	6031	0	26
2019.08.07	20:00:00	1.18104	1.18255	1.18056	1.18231	5859	0	23
2019.08.07	21:00:00	1.18231	1.18310	1.18170	1.18231	5067	0	31
2019.08.07	22:00:00	1.18228	1.18406	1.18190	1.18395	4946	0	24
2019.08.07	23:00:00	1.18395	1.18447	1.18330	1.18406	1312	0	18
2019.08.08	00:00:00	1.18297	1.18729	1.18006	1.18321	74298	0	87
2019.08.08	01:00:00	1.18327	1.18415	1.18315	1.18352	847	0	23
2019.08.08	02:00:00	1.18350	1.18502	1.18333	1.18338	1619	0	22
2019.08.08	03:00:00	1.18338	1.18488	1.18329	1.18424	2332	0	30
2019.08.08	04:00:00	1.18424	1.18624	1.18375	1.18621	5112	0	23
2019.08.08	05:00:00	1.18621	1.18702	1.18532	1.18677	2782	0	22
2019.08.08	06:00:00	1.18677	1.18727	1.18643	1.18655	2625	0	28
2019.08.08	07:00:00	1.18654	1.18663	1.18592	1.18601	1413	0	34
2019.08.08	08:00:00	1.18603	1.18657	1.18567	1.18621	1479	0	24
2019.08.08	09:00:00	1.18620	1.18650	1.18534	1.18586	3763	0	26
2019.08.08	10:00:00	1.18586	1.18715	1.18534	1.18652	5064	0	22
2019.08.08	11:00:00	1.18655	1.18660	1.18442	1.18517	4112	0	22
2019.08.08	12:00:00	1.18517	1.18678	1.18510	1.18584	4008	0	21
2019.08.08	13:00:00	1.18584	1.18702	1.18506	1.18593	2776	0	22
2019.08.08	14:00:00	1.18593	1.18605	1.18384	1.18489	4178	0	24
2019.08.08	15:00:00	1.18489	1.18590	1.18151	1.18316	5593	0	22
2019.08.08	16:00:00	1.18316	1.18615	1.18170	1.18581	9863	0	22
2019.08.08	17:00:00	1.18581	1.18662	1.18423	1.18612	7818	0	23
2019.08.08	18:00:00	1.18612	1.18633	1.18302	1.18338	6617	0	22
2019.08.08	19:00:00	1.18338	1.18518	1.18299	1.18435	3191	0	23
2019.08.08	20:00:00	1.18435	1.18514	1.18383	1.18389	3456	0	24
2019.08.08	21:00:00	1.18388	1.18418	1.18287	1.18305	4476	0	28
2019.08.08	22:00:00	1.18305	1.18338	1.18258	1.18279	1785	0	25
2019.08.08	23:00:00	1.18279	1.18338	1.18196	1.18221	1172	0	15
2019.08.09	00:00:00	1.18006	1.18340	1.16806	1.18176	77022	0	46
2019.08.09	01:00:00	1.18175	1.18270	1.18160	1.18254	1643	0	32
2019.08.09	02:00:00	1.18255	1.18271	1.18184	1.18258	1682	0	16
2019.08.09	03:00:00	1.18257	1.18338	1.18218	1.18240	2221	0	36
2019.08.09	04:00:00	1.18240	1.18256	1.18184	1.18188	2481	0	40
2019.08.09	05:00:00	1.18188	1.18214	1.18167	1.18178	814	0	13
2019.08.09	06:00:00	1.18178	1.18186	1.18141	1.18164	883	0	13
2019.08.09	07:00:00	1.18164	1.18185	1.18115	1.18171	671	0	10
2019.08.09	08:00:00	1.18173	1.18266	1.18162	1.18221	730	0	10
2019.08.09	09:00:00	1.18221	1.18250	1.18158	1.18182	1540	0	30
2019.08.09	10:00:00	1.18180	1.18322	1.18108	1.18285	3092	0	25
2019.08.09	11:00:00	1.18285	1.18293	1.17820	1.18024	4666	0	23
2019.08.09	12:00:00	1.18025	1.18038	1.17714	1.17828	3650	0	23
2019.08.09	13:00:00	1.17828	1.17847	1.17570	1.17645	4057	0	22
2019.08.09	14:00:00	1.17645	1.17684	1.17261	1.17472	4546	0	23
2019.08.09	15:00:00	1.17468	1.17523	1.17246	1.17367	4857	0	24
2019.08.09	16:00:00	1.17367	1.17618	1.17291	1.17501	4720	0	25
2019.08.09	17:00:00	1.17501	1.17685	1.17400	1.17582	7924	0	21
2019.08.09	18:00:00	1.17586	1.17633	1.17277	1.17328	7967	0	22
2019.08.09	19:00:00	1.17329	1.17412	1.17140	1.17358	4953	0	26
2019.08.09	20:00:00	1.17357	1.17487	1.17326	1.17399	4378	0	23
2019.08.09	21:00:00	1.17399	1.17399	1.17111	1.17180	2904	0	23
2019.08.09	22:00:00	1.17180	1.17237	1.16930	1.16986	4145	0	27
2019.08.09	23:00:00	1.16988	1.17075	1.16907	1.16923	1176	0	18
2019.08.12	00:00:00	1.17122	1.17673	1.16753	1.17070	85581	0	120
2019.08.12	01:00:00	1.17070	1.17099	1.16931	1.16991	1758	0	22
2019.08.12	02:00:00	1.16992	1.17012	1.16745	1.16753	1879	0	29
2019.08.12	03:00:00	1.16752	1.16934	1.16748	1.16886	2877	0	22
2019.08.12	04:00:00	1.16886	1.17073	1.16885	1.16996	4160	0	25
2019.08.12	05:00:00	1.16994	1.17066	1.16987	1.17000	2782	0	28
2019.08.12	06:00:00	1.17001	1.17069	1.16980	1.16983	1919	0	30
2019.08.12	07:00:00	1.16983	1.16997	1.16897	1.16986	1846	0	13
2019.08.12	08:00:00	1.16987	1.17027	1.16955	1.17000	1891	0	13
2019.08.12	09:00:00	1.16999	1.17192	1.16996	1.17147	5796	0	22
2019.08.12	10:00:00	1.17148	1.17641	1.17138	1.17629	9255	0	23
2019.08.12	11:00:00	1.17629	1.17664	1.17455	1.17489	7894	0	25
2019.08.12	12:00:00	1.17489	1.17528	1.17356	1.17359	6431	0	23
2019.08.12	13:00:00	1.17357	1.17471	1.17328	1.17415	6168	0	27
2019.08.12	14:00:00	1.17415	1.17604	1.17415	1.17463	6057	0	26
2019.08.12	15:00:00	1.17463	1.17503	1.17327	1.17479	6744	0	27
2019.08.12	16:00:00	1.17479	1.17506	1.17257	1.17461	7588	0	24
2019.08.12	17:00:00	1.17462	1.17552	1.17027	1.17196	8800	0	24
2019.08.12	18:00:00	1.17197	1.17298	1.16913	1.17035	7297	0	22
2019.08.12	19:00:00	1.17036	1.17202	1.16993	1.17187	3055	0	23
2019.08.12	20:00:00	1.17187	1.17207	1.17085	1.17088	2064	0	25
2019.08.12	21:00:00	1.17089	1.17148	1.16980	1.17001	2722	0	29
2019.08.12	22:00:00	1.17003	1.17083	1.16996	1.17046	2573	0	23
2019.08.12	23:00:00	1.17046	1.17118	1.16995	1.17022	910	0	14
2019.08.13	00:00:00	1.17000	1.17989	1.16745	1.17023	78450	0	27
2019.08.13	01:00:00	1.17024	1.17056	1.16955	1.17045	1003	0	23
2019.08.13	02:00:00	1.17043	1.17071	1.17018	1.17043	1496	0	32
2019.08.13	03:00:00	1.17044	1.17124	1.17032	1.17077	2353	0	27
2019.08.13	04:00:00	1.17080	1.17099	1.17022	1.17068	2258	0	29
2019.08.13	05:00:00	1.17068	1.17371	1.17053	1.17331	2674	0	23
2019.08.13	06:00:00	1.17330	1.17359	1.17204	1.17291	3373	0	22
2019.08.13	07:00:00	1.17291	1.17337	1.17279	1.17290	1931	0	31
2019.08.13	08:00:00	1.17290	1.17327	1.17214	1.17227	1672	0	30
2019.08.13	09:00:00	1.17229	1.17238	1.16965	1.17062	5890	0	21
2019.08.13	10:00:00	1.17062	1.17131	1.16911	1.17089	7833	0	26
2019.08.13	11:00:00	1.17090	1.17349	1.17051	1.17182	5164	0	23
2019.08.13	12:00:00	1.17182	1.17220	1.16892	1.16912	6838	0	23
2019.08.13	13:00:00	1.16912	1.17030	1.16864	1.16937	6556	0	25
2019.08.13	14:00:00	1.16939	1.16981	1.16815	1.16926	3941	0	23
2019.08.13	15:00:00	1.16926	1.16951	1.16710	1.16866	7534	0	23
2019.08.13	16:00:00	1.16865	1.17641	1.16742	1.17537	12211	0	22
2019.08.13	17:00:00	1.17534	1.17984	1.17310	1.17550	15046	0	23
2019.08.13	18:00:00	1.17550	1.17601	1.17309	1.17556	8779	0	22
2019.08.13	19:00:00	1.17556	1.17713	1.17514	1.17622	4999	0	22
2019.08.13	20:00:00	1.17622	1.17789	1.17481	1.17571	5199	0	22
2019.08.13	21:00:00	1.17574	1.17704	1.17531	1.17643	3389	0	22
2019.08.13	22:00:00	1.17644	1.17708	1.17620	1.17689	2450	0	27
2019.08.13	23:00:00	1.17689	1.17789	1.17657	1.17720	918	0	13
2019.08.14	00:00:00	1.17711	1.17801	1.17144	1.17709	96549	0	46
2019.08.14	01:00:00	1.17708	1.17718	1.17642	1.17649	2095	0	24
2019.08.14	02:00:00	1.17655	1.17741	1.17655	1.17736	1728	0	32
2019.08.14	03:00:00	1.17736	1.17746	1.17562	1.17563	3312	0	28
2019.08.14	04:00:00	1.17563	1.17730	1.17489	1.17521	3655	0	28
2019.08.14	05:00:00	1.17521	1.17574	1.17438	1.17539	3170	0	31
2019.08.14	06:00:00	1.17539	1.17676	1.17524	1.17644	2191	0	30
2019.08.14	07:00:00	1.17644	1.17794	1.17630	1.17736	2462	0	31
2019.08.14	08:00:00	1.17737	1.17766	1.17655	1.17663	2506	0	33
2019.08.14	09:00:00	1.17663	1.17723	1.17582	1.17595	4114	0	26
2019.08.14	10:00:00	1.17594	1.17603	1.17426	1.17547	5122	0	27
2019.08.14	11:00:00	1.17547	1.17612	1.17410	1.17494	5883	0	23
2019.08.14	12:00:00	1.17492	1.17705	1.17474	1.17686	4949	0	28
2019.08.14	13:00:00	1.17686	1.17702	1.17498	1.17594	6709	0	23
2019.08.14	14:00:00	1.17594	1.17649	1.17125	1.17208	11115	0	23
2019.08.14	15:00:00	1.17207	1.17333	1.17136	1.17329	10940	0	27
2019.08.14	16:00:00	1.17329	1.17486	1.17171	1.17474	10927	0	24
2019.08.14	17:00:00	1.17473	1.17473	1.17230	1.17359	12339	0	25
2019.08.14	18:00:00	1.17359	1.17513	1.17281	1.17476	8304	0	23
2019.08.14	19:00:00	1.17475	1.17581	1.17277	1.17317	4207	0	22
2019.08.14	20:00:00	1.17317	1.17429	1.17277	1.17366	3426	0	30
2019.08.14	21:00:00	1.17362	1.17415	1.17313	1.17376	3296	0	33
2019.08.14	22:00:00	1.17376	1.17490	1.17340	1.17341	3845	0	26
2019.08.14	23:00:00	1.17341	1.17373	1.17291	1.17323	1342	0	14
2019.08.15	00:00:00	1.17085	1.18519	1.17085	1.17301	94505	0	57
2019.08.15	01:00:00	1.17301	1.17354	1.17278	1.17326	829	0	25
2019.08.15	02:00:00	1.17328	1.17395	1.17298	1.17383	1071	0	33
2019.08.15	03:00:00	1.17383	1.17414	1.17333	1.17385	2440	0	34
2019.08.15	04:00:00	1.17385	1.17407	1.17320	1.17368	2824	0	22
2019.08.15	05:00:00	1.17371	1.17381	1.17302	1.17325	2550	0	31
2019.08.15	06:00:00	1.17325	1.17385	1.17302	1.17334	1733	0	34
2019.08.15	07:00:00	1.17334	1.17360	1.17293	1.17348	1988	0	34
2019.08.15	08:00:00	1.17348	1.17368	1.17304	1.17360	2211	0	32
2019.08.15	09:00:00	1.17362	1.17722	1.17356	1.17649	7587	0	23
2019.08.15	10:00:00	1.17650	1.17725	1.17560	1.17721	8531	0	23
2019.08.15	11:00:00	1.17721	1.17894	1.17643	1.17768	6957	0	25
2019.08.15	12:00:00	1.17768	1.17852	1.17638	1.17736	10197	0	22
2019.08.15	13:00:00	1.17736	1.17806	1.17550	1.17635	9537	0	21
2019.08.15	14:00:00	1.17634	1.18349	1.17603	1.18178	12370	0	21
2019.08.15	15:00:00	1.18173	1.18317	1.18100	1.18225	13591	0	22
2019.08.15	16:00:00	1.18224	1.18489	1.18150	1.18476	13325	0	21
2019.08.15	17:00:00	1.18476	1.18510	1.18158	1.18182	12877	0	23
2019.08.15	18:00:00	1.18180	1.18326	1.18158	1.18209	7610	0	23
2019.08.15	19:00:00	1.18211	1.18384	1.18158	1.18331	3381	0	28
2019.08.15	20:00:00	1.18331	1.18382	1.18101	1.18169	3828	0	23
2019.08.15	21:00:00	1.18169	1.18311	1.18123	1.18271	5571	0	26
2019.08.15	22:00:00	1.18271	1.18339	1.18196	1.18224	3233	0	13
2019.08.15	23:00:00	1.18224	1.18224	1.17917	1.17919	1201	0	15
2019.08.16	00:00:00	1.17963	1.19396	1.17815	1.17961	85003	0	60
2019.08.16	01:00:00	1.17961	1.18113	1.17928	1.18069	911	0	26
2019.08.16	02:00:00	1.18066	1.18078	1.18007	1.18047	1486	0	35
2019.08.16	03:00:00	1.18047	1.18151	1.18002	1.18145	3107	0	30
2019.08.16	04:00:00	1.18144	1.18176	1.18064	1.18167	2202	0	22
2019.08.16	05:00:00	1.18167	1.18262	1.18153	1.18217	2052	0	33
2019.08.16	06:00:00	1.18218	1.18261	1.18183	1.18259	2180	0	28
2019.08.16	07:00:00	1.18258	1.18363	1.18254	1.18341	1457	0	26
2019.08.16	08:00:00	1.18341	1.18592	1.18341	1.18538	1895	0	24
2019.08.16	09:00:00	1.18538	1.18646	1.18484	1.18629	4628	0	22
2019.08.16	10:00:00	1.18630	1.18731	1.18582	1.18647	7539	0	22
2019.08.16	11:00:00	1.18647	1.19013	1.18599	1.18990	6862	0	29
2019.08.16	12:00:00	1.18988	1.19214	1.18921	1.19177	6922	0	21
2019.08.16	13:00:00	1.19174	1.19275	1.19113	1.19191	5653	0	21
2019.08.16	14:00:00	1.19191	1.19221	1.19081	1.19170	6733	0	26
2019.08.16	15:00:00	1.19170	1.19396	1.19139	1.19284	6855	0	21
2019.08.16	16:00:00	1.19284	1.19287	1.19026	1.19102	7795	0	21
2019.08.16	17:00:00	1.19102	1.19122	1.18857	1.18930	11998	0	23
2019.08.16	18:00:00	1.18930	1.19158	1.18894	1.19051	6436	0	27
2019.08.16	19:00:00	1.19051	1.19065	1.18928	1.18992	2902	0	26
2019.08.16	20:00:00	1.18991	1.18994	1.18787	1.18858	6273	0	25
2019.08.16	21:00:00	1.18861	1.18914	1.18763	1.18864	2260	0	24
2019.08.16	22:00:00	1.18864	1.18882	1.18800	1.18846	2174	0	23
2019.08.16	23:00:00	1.18847	1.18908	1.18798	1.18814	417	0	22
2019.08.19	00:00:00	1.18688	1.19250	1.18462	1.18769	67629	0	120
2019.08.19	01:00:00	1.18782	1.18991	1.18766	1.18974	1504	0	29
2019.08.19	02:00:00	1.18973	1.19085	1.18953	1.19069	4868	0	23
2019.08.19	03:00:00	1.19053	1.19074	1.18853	1.18873	2128	0	24
2019.08.19	04:00:00	1.18873	1.18925	1.18855	1.18865	1389	0	27
2019.08.19	05:00:00	1.18866	1.18960	1.18851	1.18930	1181	0	33
2019.08.19	06:00:00	1.18930	1.19081	1.18903	1.19055	1270	0	33
2019.08.19	07:00:00	1.19055	1.19092	1.19015	1.19055	775	0	22
2019.08.19	08:00:00	1.19055	1.19153	1.19029	1.19141	1273	0	31
2019.08.19	09:00:00	1.19138	1.19226	1.19019	1.19038	2653	0	21
2019.08.19	10:00:00	1.19038	1.19039	1.18541	1.18590	6302	0	24
2019.08.19	11:00:00	1.18591	1.18689	1.18456	1.18579	5585	0	23
2019.08.19	12:00:00	1.18582	1.18695	1.18554	1.18663	4108	0	26
2019.08.19	13:00:00	1.18662	1.18839	1.18629	1.18742	4494	0	27
2019.08.19	14:00:00	1.18742	1.18772	1.18601	1.18758	4239	0	24
2019.08.19	15:00:00	1.18758	1.18870	1.18745	1.18840	4294	0	24
2019.08.19	16:00:00	1.18840	1.19006	1.18809	1.18839	3882	0	26
2019.08.19	17:00:00	1.18839	1.19013	1.18760	1.18987	4652	0	26
2019.08.19	18:00:00	1.18987	1.19249	1.18958	1.19035	4743	0	23
2019.08.19	19:00:00	1.19034	1.19068	1.18869	1.18979	2247	0	23
2019.08.19	20:00:00	1.18979	1.19028	1.18949	1.18998	1884	0	25
2019.08.19	21:00:00	1.18997	1.19078	1.18982	1.19038	2595	0	23
2019.08.19	22:00:00	1.19046	1.19125	1.19031	1.19062	1790	0	33
2019.08.19	23:00:00	1.19062	1.19120	1.19003	1.19005	1088	0	11
2019.08.20	00:00:00	1.19015	1.19327	1.18179	1.18974	61018	0	35
2019.08.20	01:00:00	1.18974	1.19015	1.18960	1.18979	1038	0	18
2019.08.20	02:00:00	1.18983	1.19025	1.18978	1.19003	896	0	13
2019.08.20	03:00:00	1.19003	1.19043	1.18945	1.19029	1741	0	25
2019.08.20	04:00:00	1.19029	1.19070	1.18994	1.19060	1157	0	22
2019.08.20	05:00:00	1.19062	1.19077	1.18996	1.19048	1367	0	23
2019.08.20	06:00:00	1.19046	1.19050	1.18956	1.18996	1138	0	25
2019.08.20	07:00:00	1.18999	1.19004	1.18954	1.18957	668	0	31
2019.08.20	08:00:00	1.18957	1.18960	1.18847	1.18897	1246	0	25
2019.08.20	09:00:00	1.18897	1.18920	1.18596	1.18651	3494	0	21
2019.08.20	10:00:00	1.18651	1.18689	1.18396	1.18495	4948	0	21
2019.08.20	11:00:00	1.18495	1.18569	1.18400	1.18430	3528	0	23
2019.08.20	12:00:00	1.18429	1.18511	1.18319	1.18409	3467	0	23
2019.08.20	13:00:00	1.18410	1.18507	1.18189	1.18254	3769	0	24
2019.08.20	14:00:00	1.18254	1.18479	1.18173	1.18462	3277	0	25
2019.08.20	15:00:00	1.18462	1.18693	1.18406	1.18546	5999	0	22
2019.08.20	16:00:00	1.18546	1.19331	1.18421	1.18917	7896	0	21
2019.08.20	17:00:00	1.18896	1.18992	1.18678	1.18759	10922	0	24
2019.08.20	18:00:00	1.18760	1.19070	1.18748	1.18970	7083	0	25
2019.08.20	19:00:00	1.18969	1.19134	1.18903	1.19070	2766	0	21
2019.08.20	20:00:00	1.19070	1.19102	1.18996	1.19021	2453	0	24
2019.08.20	21:00:00	1.19021	1.19039	1.18968	1.18977	1942	0	27
2019.08.20	22:00:00	1.18979	1.19026	1.18931	1.18986	1654	0	26
2019.08.20	23:00:00	1.18986	1.19026	1.18943	1.18965	1190	0	11
2019.08.21	00:00:00	1.18911	1.19235	1.18704	1.18945	79296	0	38
2019.08.21	01:00:00	1.18945	1.19011	1.18910	1.18949	4532	0	24
2019.08.21	02:00:00	1.18946	1.18980	1.18923	1.18929	745	0	14
2019.08.21	03:00:00	1.18929	1.19111	1.18929	1.19025	1664	0	22
2019.08.21	04:00:00	1.19025	1.19128	1.19016	1.19115	1383	0	28
2019.08.21	05:00:00	1.19115	1.19142	1.19066	1.19093	1781	0	34
2019.08.21	06:00:00	1.19095	1.19119	1.18965	1.19003	2059	0	27
2019.08.21	07:00:00	1.19003	1.19039	1.18967	1.18990	1117	0	32
2019.08.21	08:00:00	1.18990	1.19024	1.18930	1.18952	996	0	30
2019.08.21	09:00:00	1.18952	1.18956	1.18767	1.18839	3151	0	21
2019.08.21	10:00:00	1.18839	1.18913	1.18702	1.18833	3912	0	21
2019.08.21	11:00:00	1.18833	1.19011	1.18780	1.18999	4143	0	24
2019.08.21	12:00:00	1.18999	1.19048	1.18843	1.18868	4075	0	27
2019.08.21	13:00:00	1.18867	1.18867	1.18726	1.18735	2950	0	26
2019.08.21	14:00:00	1.18732	1.18913	1.18698	1.18795	3145	0	22
2019.08.21	15:00:00	1.18794	1.19042	1.18736	1.19003	4388	0	26
2019.08.21	16:00:00	1.19003	1.19123	1.18937	1.19028	4284	0	10
2019.08.21	17:00:00	1.19028	1.19031	1.18747	1.18989	6365	0	21
2019.08.21	18:00:00	1.18989	1.19201	1.18964	1.19173	4990	0	25
2019.08.21	19:00:00	1.19175	1.19232	1.18979	1.19052	3142	0	24
2019.08.21	20:00:00	1.19052	1.19086	1.18984	1.18984	1697	0	32
2019.08.21	21:00:00	1.19017	1.19117	1.18943	1.19067	4045	0	23
2019.08.21	22:00:00	1.19067	1.19191	1.19061	1.19166	2472	0	28
2019.08.21	23:00:00	1.19166	1.19168	1.19070	1.19072	1152	0	11
2019.08.22	00:00:00	1.18758	1.20648	1.18758	1.19067	83690	0	49
2019.08.22	01:00:00	1.19066	1.19102	1.19004	1.19072	493	0	8
2019.08.22	02:00:00	1.19072	1.19123	1.19068	1.19121	798	0	26
2019.08.22	03:00:00	1.19121	1.19194	1.19104	1.19173	915	0	22
2019.08.22	04:00:00	1.19173	1.19224	1.19117	1.19130	1015	0	23
2019.08.22	05:00:00	1.19128	1.19211	1.19121	1.19134	665	0	12
2019.08.22	06:00:00	1.19134	1.19191	1.19097	1.19129	1439	0	31
2019.08.22	07:00:00	1.19129	1.19140	1.19030	1.19065	1330	0	20
2019.08.22	08:00:00	1.19065	1.19114	1.19055	1.19094	916	0	35
2019.08.22	09:00:00	1.19095	1.19095	1.18928	1.19003	3385	0	29
2019.08.22	10:00:00	1.19005	1.19292	1.18840	1.19278	9306	0	22
2019.08.22	11:00:00	1.19278	1.19434	1.19203	1.19292	7132	0	22
2019.08.22	12:00:00	1.19292	1.19410	1.19141	1.19195	6253	0	22
2019.08.22	13:00:00	1.19193	1.19387	1.19038	1.19290	4914	0	25
2019.08.22	14:00:00	1.19290	1.19680	1.19267	1.19519	6851	0	22
2019.08.22	15:00:00	1.19519	1.20431	1.19464	1.20263	7993	0	22
2019.08.22	16:00:00	1.20263	1.20599	1.20188	1.20393	11998	0	22
2019.08.22	17:00:00	1.20390	1.20641	1.20246	1.20536	9861	0	24
2019.08.22	18:00:00	1.20536	1.20568	1.20342	1.20436	7150	0	22
2019.08.22	19:00:00	1.20436	1.20589	1.20436	1.20563	2452	0	24
2019.08.22	20:00:00	1.20563	1.20581	1.20499	1.20515	1255	0	31
2019.08.22	21:00:00	1.20515	1.20590	1.20514	1.20532	1222	0	17
2019.08.22	22:00:00	1.20533	1.20579	1.20498	1.20512	1161	0	29
2019.08.22	23:00:00	1.20511	1.20557	1.20469	1.20469	1046	0	19
2019.08.23	00:00:00	1.20522	1.20738	1.18654	1.20440	87024	0	47
2019.08.23	01:00:00	1.20447	1.20569	1.20405	1.20470	789	0	19
2019.08.23	02:00:00	1.20470	1.20547	1.20455	1.20484	1010	0	22
2019.08.23	03:00:00	1.20484	1.20543	1.20450	1.20518	972	0	21
2019.08.23	04:00:00	1.20518	1.20548	1.20501	1.20519	999	0	30
2019.08.23	05:00:00	1.20519	1.20520	1.20443	1.20501	556	0	31
2019.08.23	06:00:00	1.20501	1.20534	1.20475	1.20483	713	0	28
2019.08.23	07:00:00	1.20483	1.20497	1.20398	1.20447	541	0	23
2019.08.23	08:00:00	1.20447	1.20521	1.20427	1.20505	538	0	30
2019.08.23	09:00:00	1.20505	1.20570	1.20219	1.20220	2348	0	22
2019.08.23	10:00:00	1.20220	1.20402	1.20177	1.20305	3893	0	26
2019.08.23	11:00:00	1.20304	1.20537	1.20206	1.20485	2538	0	22
2019.08.23	12:00:00	1.20482	1.20600	1.20410	1.20463	2747	0	23
2019.08.23	13:00:00	1.20463	1.20735	1.20432	1.20645	2621	0	21
2019.08.23	14:00:00	1.20645	1.20645	1.20473	1.20624	2189	0	26
2019.08.23	15:00:00	1.20621	1.20650	1.20300	1.20376	7799	0	22
2019.08.23	16:00:00	1.20376	1.20471	1.20312	1.20339	5341	0	25
2019.08.23	17:00:00	1.20333	1.20466	1.20201	1.20380	10287	0	22
2019.08.23	18:00:00	1.20386	1.20409	1.19425	1.19485	12653	0	21
2019.08.23	19:00:00	1.19485	1.19701	1.19445	1.19628	4384	0	23
2019.08.23	20:00:00	1.19628	1.19714	1.19561	1.19602	3706	0	24
2019.08.23	21:00:00	1.19602	1.19708	1.19544	1.19706	2663	0	30
2019.08.23	22:00:00	1.19704	1.19765	1.19640	1.19688	2958	0	24
2019.08.23	23:00:00	1.19688	1.19796	1.19650	1.19650	990	0	25
2019.08.26	00:00:00	1.19337	1.20148	1.19170	1.19329	126575	0	23
2019.08.26	01:00:00	1.19329	1.19460	1.19152	1.19291	4483	0	23
2019.08.26	02:00:00	1.19292	1.19433	1.19259	1.19265	4869	0	25
2019.08.26	03:00:00	1.19265	1.19610	1.19265	1.19528	3229	0	23
2019.08.26	04:00:00	1.19528	1.19676	1.19490	1.19617	3697	0	23
2019.08.26	05:00:00	1.19617	1.19927	1.19552	1.19673	3613	0	23
2019.08.26	06:00:00	1.19673	1.19834	1.19648	1.19747	3192	0	23
2019.08.26	07:00:00	1.19747	1.19749	1.19568	1.19586	2899	0	31
2019.08.26	08:00:00	1.19586	1.19669	1.19553	1.19558	3499	0	23
2019.08.26	09:00:00	1.19560	1.19989	1.19481	1.19862	4553	0	24
2019.08.26	10:00:00	1.19862	1.20140	1.19605	1.19624	8771	0	21
2019.08.26	11:00:00	1.19628	1.19785	1.19621	1.19780	4415	0	21
2019.08.26	12:00:00	1.19780	1.19925	1.19691	1.19757	5385	0	22
2019.08.26	13:00:00	1.19756	1.19943	1.19729	1.19910	4590	0	26
2019.08.26	14:00:00	1.19910	1.20025	1.19871	1.19926	4430	0	21
2019.08.26	15:00:00	1.19928	1.20040	1.19755	1.19937	4395	0	21
2019.08.26	16:00:00	1.19935	1.19936	1.19565	1.19569	7388	0	23
2019.08.26	17:00:00	1.19569	1.19643	1.19379	1.19535	7051	0	21
2019.08.26	18:00:00	1.19534	1.19649	1.19508	1.19633	5209	0	27
2019.08.26	19:00:00	1.19635	1.19818	1.19597	1.19804	2416	0	25
2019.08.26	20:00:00	1.19801	1.19840	1.19691	1.19734	2311	0	22
2019.08.26	21:00:00	1.19734	1.19747	1.19641	1.19668	2211	0	23
2019.08.26	22:00:00	1.19668	1.19692	1.19602	1.19664	1921	0	23
2019.08.26	23:00:00	1.19664	1.19671	1.19490	1.19516	784	0	13
2019.08.27	00:00:00	1.19659	1.20899	1.19396	1.19626	99130	0	34
2019.08.27	01:00:00	1.19618	1.19687	1.19597	1.19665	461	0	15
2019.08.27	02:00:00	1.19665	1.19704	1.19621	1.19648	767	0	34
2019.08.27	03:00:00	1.19647	1.19656	1.19487	1.19487	1902	0	22
2019.08.27	04:00:00	1.19487	1.19609	1.19468	1.19605	1977	0	23
2019.08.27	05:00:00	1.19607	1.19607	1.19500	1.19516	1391	0	27
2019.08.27	06:00:00	1.19515	1.19527	1.19423	1.19450	1169	0	27
2019.08.27	07:00:00	1.19450	1.19595	1.19439	1.19588	938	0	24
2019.08.27	08:00:00	1.19588	1.19629	1.19521	1.19523	1176	0	14
2019.08.27	09:00:00	1.19522	1.19688	1.19464	1.19482	3566	0	25
2019.08.27	10:00:00	1.19482	1.19916	1.19436	1.19902	4551	0	24
2019.08.27	11:00:00	1.19902	1.20101	1.19895	1.20095	4150	0	23
2019.08.27	12:00:00	1.20095	1.20229	1.19986	1.20222	5417	0	25
2019.08.27	13:00:00	1.20222	1.20359	1.20080	1.20139	5241	0	22
2019.08.27	14:00:00	1.20139	1.20274	1.20090	1.20225	3861	0	20
2019.08.27	15:00:00	1.20225	1.20482	1.20143	1.20421	4503	0	21
2019.08.27	16:00:00	1.20421	1.20892	1.20385	1.20734	7369	0	20
2019.08.27	17:00:00	1.20726	1.20837	1.20383	1.20450	7181	0	25
2019.08.27	18:00:00	1.20450	1.20647	1.20439	1.20591	5124	0	20
2019.08.27	19:00:00	1.20591	1.20697	1.20517	1.20528	4120	0	21
2019.08.27	20:00:00	1.20525	1.20606	1.20512	1.20606	1966	0	23
2019.08.27	21:00:00	1.20606	1.20620	1.20556	1.20589	1548	0	28
2019.08.27	22:00:00	1.20589	1.20628	1.20494	1.20542	1543	0	23
2019.08.27	23:00:00	1.20545	1.20567	1.20508	1.20539	860	0	13
2019.08.28	00:00:00	1.20569	1.20677	1.19323	1.20532	103392	0	49
2019.08.28	01:00:00	1.20532	1.20595	1.20530	1.20548	669	0	23
2019.08.28	02:00:00	1.20548	1.20577	1.20465	1.20473	1164	0	12
2019.08.28	03:00:00	1.20473	1.20597	1.20471	1.20489	2012	0	22
2019.08.28	04:00:00	1.20486	1.20538	1.20394	1.20414	2275	0	22
2019.08.28	05:00:00	1.20414	1.20492	1.20380	1.20453	1575	0	29
2019.08.28	06:00:00	1.20453	1.20563	1.20450	1.20504	1417	0	29
2019.08.28	07:00:00	1.20507	1.20580	1.20500	1.20574	801	0	13
2019.08.28	08:00:00	1.20576	1.20658	1.20556	1.20609	1185	0	21
2019.08.28	09:00:00	1.20608	1.20631	1.20506	1.20578	1854	0	23
2019.08.28	10:00:00	1.20576	1.20673	1.20352	1.20356	4337	0	22
2019.08.28	11:00:00	1.20356	1.20366	1.19306	1.19628	9692	0	20
2019.08.28	12:00:00	1.19629	1.20078	1.19545	1.19740	6002	0	21
2019.08.28	13:00:00	1.19740	1.19870	1.19640	1.19705	3939	0	20
2019.08.28	14:00:00	1.19705	1.19941	1.19627	1.19793	4414	0	10
2019.08.28	15:00:00	1.19793	1.19829	1.19604	1.19816	6052	0	20
2019.08.28	16:00:00	1.19816	1.19938	1.19721	1.19871	6493	0	20
2019.08.28	17:00:00	1.19869	1.19962	1.19726	1.19918	6641	0	20
2019.08.28	18:00:00	1.19918	1.20140	1.19877	1.20103	4434	0	24
2019.08.28	19:00:00	1.20103	1.20107	1.19975	1.20052	2657	0	20
2019.08.28	20:00:00	1.20052	1.20084	1.19933	1.19984	2281	0	25
2019.08.28	21:00:00	1.19983	1.20014	1.19875	1.19934	1442	0	14
2019.08.28	22:00:00	1.19934	1.19944	1.19845	1.19890	1921	0	23
2019.08.28	23:00:00	1.19890	1.19926	1.19815	1.19824	905	0	14
2019.08.29	00:00:00	1.19841	1.20359	1.19490	1.19839	102549	0	93
2019.08.29	01:00:00	1.19839	1.19892	1.19833	1.19868	536	0	18
2019.08.29	02:00:00	1.19868	1.19914	1.19856	1.19904	1087	0	23
2019.08.29	03:00:00	1.19904	1.19912	1.19774	1.19787	1614	0	14
2019.08.29	04:00:00	1.19787	1.19794	1.19663	1.19665	1618	0	23
2019.08.29	05:00:00	1.19665	1.19687	1.19589	1.19591	1271	0	23
2019.08.29	06:00:00	1.19591	1.19654	1.19576	1.19640	908	0	22
2019.08.29	07:00:00	1.19641	1.19668	1.19623	1.19660	885	0	29
2019.08.29	08:00:00	1.19660	1.19733	1.19625	1.19685	1114	0	22
2019.08.29	09:00:00	1.19685	1.19813	1.19568	1.19607	1813	0	24
2019.08.29	10:00:00	1.19607	1.19761	1.19483	1.19698	5131	0	20
2019.08.29	11:00:00	1.19697	1.19918	1.19674	1.19903	4138	0	22
2019.08.29	12:00:00	1.19904	1.20023	1.19815	1.19892	4557	0	21
2019.08.29	13:00:00	1.19891	1.20021	1.19818	1.19859	3228	0	22
2019.08.29	14:00:00	1.19859	1.20094	1.19785	1.20049	3378	0	22
2019.08.29	15:00:00	1.20049	1.20217	1.19840	1.19912	5467	0	20
2019.08.29	16:00:00	1.19912	1.20030	1.19740	1.20005	6130	0	20
2019.08.29	17:00:00	1.20002	1.20174	1.19850	1.20154	7131	0	23
2019.08.29	18:00:00	1.20154	1.20218	1.20048	1.20154	3988	0	21
2019.08.29	19:00:00	1.20154	1.20356	1.20141	1.20310	2472	0	23
2019.08.29	20:00:00	1.20310	1.20341	1.20221	1.20280	2354	0	23
2019.08.29	21:00:00	1.20280	1.20306	1.20196	1.20205	2327	0	24
2019.08.29	22:00:00	1.20205	1.20233	1.20158	1.20169	1334	0	25
2019.08.29	23:00:00	1.20169	1.20208	1.20127	1.20128	841	0	15
2019.08.30	00:00:00	1.20152	1.20786	1.20044	1.20146	102580	0	58
2019.08.30	01:00:00	1.20138	1.20210	1.20128	1.20182	402	0	17
2019.08.30	02:00:00	1.20182	1.20197	1.20103	1.20115	733	0	18
2019.08.30	03:00:00	1.20118	1.20250	1.20115	1.20214	2056	0	29
2019.08.30	04:00:00	1.20214	1.20275	1.20206	1.20268	1749	0	30
2019.08.30	05:00:00	1.20268	1.20294	1.20246	1.20250	1188	0	30
2019.08.30	06:00:00	1.20250	1.20351	1.20224	1.20252	1040	0	10
2019.08.30	07:00:00	1.20252	1.20308	1.20227	1.20302	903	0	14
2019.08.30	08:00:00	1.20302	1.20348	1.20274	1.20308	1033	0	22
2019.08.30	09:00:00	1.20308	1.20343	1.20215	1.20254	3115	0	24
2019.08.30	10:00:00	1.20254	1.20498	1.20149	1.20454	5616	0	22
2019.08.30	11:00:00	1.20453	1.20493	1.20215	1.20288	3690	0	22
2019.08.30	12:00:00	1.20288	1.20579	1.20110	1.20540	4493	0	21
2019.08.30	13:00:00	1.20539	1.20540	1.20262	1.20457	3324	0	20
2019.08.30	14:00:00	1.20457	1.20479	1.20318	1.20439	3393	0	22
2019.08.30	15:00:00	1.20439	1.20475	1.20293	1.20385	4055	0	20
2019.08.30	16:00:00	1.20382	1.20635	1.20358	1.20616	4278	0	22
2019.08.30	17:00:00	1.20619	1.20782	1.20389	1.20526	6762	0	22
2019.08.30	18:00:00	1.20526	1.20575	1.20318	1.20408	6298	0	20
2019.08.30	19:00:00	1.20408	1.20564	1.20408	1.20461	2337	0	22
2019.08.30	20:00:00	1.20461	1.20516	1.20309	1.20434	2964	0	27
2019.08.30	21:00:00	1.20434	1.20482	1.20369	1.20388	2298	0	28
2019.08.30	22:00:00	1.20391	1.20444	1.20356	1.20412	1938	0	29
2019.08.30	23:00:00	1.20412	1.20416	1.20293	1.20360	745	0	17
2019.09.02	00:00:00	1.20201	1.20597	1.19279	1.20248	69586	0	106
2019.09.02	01:00:00	1.20248	1.20330	1.20135	1.20247	787	0	27
2019.09.02	02:00:00	1.20247	1.20327	1.20235	1.20287	967	0	30
2019.09.02	03:00:00	1.20287	1.20321	1.20153	1.20185	1223	0	30
2019.09.02	04:00:00	1.20185	1.20374	1.20185	1.20352	1777	0	23
2019.09.02	05:00:00	1.20352	1.20394	1.20263	1.20355	1239	0	30
2019.09.02	06:00:00	1.20355	1.20371	1.20305	1.20370	1050	0	29
2019.09.02	07:00:00	1.20370	1.20422	1.20353	1.20410	702	0	30
2019.09.02	08:00:00	1.20410	1.20472	1.20409	1.20458	908	0	30
2019.09.02	09:00:00	1.20458	1.20594	1.20412	1.20416	1885	0	24
2019.09.02	10:00:00	1.20416	1.20573	1.20192	1.20202	2718	0	23
2019.09.02	11:00:00	1.20202	1.20207	1.19583	1.19702	4681	0	20
2019.09.02	12:00:00	1.19706	1.19872	1.19668	1.19802	3763	0	22
2019.09.02	13:00:00	1.19801	1.19801	1.19598	1.19679	3010	0	13
2019.09.02	14:00:00	1.19679	1.19891	1.19632	1.19724	3754	0	10
2019.09.02	15:00:00	1.19724	1.19775	1.19611	1.19699	3120	0	22
2019.09.02	16:00:00	1.19699	1.19732	1.19426	1.19633	3150	0	23
2019.09.02	17:00:00	1.19633	1.19633	1.19353	1.19523	4567	0	20
2019.09.02	18:00:00	1.19522	1.19626	1.19464	1.19484	2878	0	22
2019.09.02	19:00:00	1.19484	1.19522	1.19265	1.19517	1481	0	21
2019.09.02	20:00:00	1.19517	1.19521	1.19290	1.19456	3056	0	26
2019.09.02	21:00:00	1.19456	1.19509	1.19434	1.19500	671	0	24
2019.09.02	22:00:00	1.19499	1.19520	1.19460	1.19460	1006	0	31
2019.09.02	23:00:00	1.19460	1.19548	1.19388	1.19388	2314	0	45
2019.09.03	00:00:00	1.19484	1.19684	1.18508	1.19481	97533	0	67
2019.09.03	01:00:00	1.19482	1.19543	1.19437	1.19527	548	0	26
2019.09.03	02:00:00	1.19527	1.19536	1.19483	1.19497	748	0	31
2019.09.03	03:00:00	1.19497	1.19635	1.19497	1.19581	1604	0	22
2019.09.03	04:00:00	1.19581	1.19646	1.19506	1.19607	2221	0	21
2019.09.03	05:00:00	1.19607	1.19629	1.19413	1.19419	1528	0	30
2019.09.03	06:00:00	1.19419	1.19456	1.19357	1.19400	1316	0	22
2019.09.03	07:00:00	1.19400	1.19452	1.19335	1.19442	1537	0	27
2019.09.03	08:00:00	1.19442	1.19451	1.19011	1.19096	2134	0	23
2019.09.03	09:00:00	1.19098	1.19193	1.18778	1.18930	5047	0	20
2019.09.03	10:00:00	1.18930	1.19071	1.18499	1.18693	7862	0	22
2019.09.03	11:00:00	1.18693	1.19091	1.18688	1.18809	6415	0	22
2019.09.03	12:00:00	1.18808	1.18866	1.18530	1.18633	3527	0	21
2019.09.03	13:00:00	1.18633	1.19686	1.18576	1.19186	6119	0	21
2019.09.03	14:00:00	1.19186	1.19352	1.18963	1.19046	5361	0	21
2019.09.03	15:00:00	1.19046	1.19158	1.18936	1.18963	5512	0	20
2019.09.03	16:00:00	1.18960	1.19148	1.18898	1.18995	5028	0	20
2019.09.03	17:00:00	1.18995	1.19476	1.18838	1.19429	9576	0	21
2019.09.03	18:00:00	1.19431	1.19436	1.19234	1.19287	5289	0	22
2019.09.03	19:00:00	1.19287	1.19448	1.19270	1.19343	2315	0	25
2019.09.03	20:00:00	1.19343	1.19469	1.19335	1.19358	1691	0	24
2019.09.03	21:00:00	1.19360	1.19426	1.19271	1.19287	1983	0	26
2019.09.03	22:00:00	1.19288	1.19360	1.19269	1.19288	1524	0	20
2019.09.03	23:00:00	1.19290	1.19301	1.19174	1.19177	816	0	18
2019.09.04	00:00:00	1.19262	1.20283	1.19086	1.19242	92768	0	22
2019.09.04	01:00:00	1.19233	1.19344	1.19233	1.19315	1019	0	20
2019.09.04	02:00:00	1.19315	1.19345	1.19277	1.19305	786	0	21
2019.09.04	03:00:00	1.19304	1.19327	1.19238	1.19276	1431	0	20
2019.09.04	04:00:00	1.19276	1.19455	1.19263	1.19452	1883	0	23
2019.09.04	05:00:00	1.19452	1.19525	1.19367	1.19479	1436	0	24
2019.09.04	06:00:00	1.19479	1.19531	1.19448	1.19467	1060	0	24
2019.09.04	07:00:00	1.19467	1.19483	1.19395	1.19433	1270	0	22
2019.09.04	08:00:00	1.19433	1.19538	1.19433	1.19525	1274	0	31
2019.09.04	09:00:00	1.19521	1.19811	1.19452	1.19768	3458	0	20
2019.09.04	10:00:00	1.19767	1.20080	1.19742	1.19983	5297	0	21
2019.09.04	11:00:00	1.19982	1.20153	1.19750	1.19816	4560	0	24
2019.09.04	12:00:00	1.19815	1.20040	1.19762	1.20026	4067	0	20
2019.09.04	13:00:00	1.20026	1.20186	1.19948	1.20139	3293	0	20
2019.09.04	14:00:00	1.20139	1.20280	1.19944	1.20076	3436	0	21
2019.09.04	15:00:00	1.20076	1.20197	1.19903	1.19924	3630	0	22
2019.09.04	16:00:00	1.19924	1.20027	1.19826	1.19836	4904	0	20
2019.09.04	17:00:00	1.19833	1.19933	1.19563	1.19619	6961	0	20
2019.09.04	18:00:00	1.19619	1.19695	1.19523	1.19656	3467	0	24
2019.09.04	19:00:00	1.19656	1.19839	1.19605	1.19786	2691	0	20
2019.09.04	20:00:00	1.19786	1.19811	1.19640	1.19658	2207	0	24
2019.09.04	21:00:00	1.19658	1.19821	1.19623	1.19679	2552	0	20
2019.09.04	22:00:00	1.19679	1.19897	1.19673	1.19883	1640	0	21
2019.09.04	23:00:00	1.19883	1.20250	1.19838	1.20126	1776	0	14
2019.09.05	00:00:00	1.20143	1.21759	1.20006	1.20115	98447	0	44
2019.09.05	01:00:00	1.20115	1.20155	1.20086	1.20099	597	0	16
2019.09.05	02:00:00	1.20099	1.20188	1.20086	1.20109	840	0	16
2019.09.05	03:00:00	1.20109	1.20254	1.20043	1.20049	1544	0	23
2019.09.05	04:00:00	1.20049	1.20359	1.20049	1.20322	3058	0	29
2019.09.05	05:00:00	1.20325	1.20483	1.20311	1.20463	2352	0	24
2019.09.05	06:00:00	1.20463	1.20480	1.20421	1.20444	985	0	31
2019.09.05	07:00:00	1.20447	1.20457	1.20387	1.20399	989	0	30
2019.09.05	08:00:00	1.20399	1.20469	1.20325	1.20326	1107	0	31
2019.09.05	09:00:00	1.20330	1.20382	1.20033	1.20184	3931	0	23
2019.09.05	10:00:00	1.20184	1.20443	1.20001	1.20367	5084	0	21
2019.09.05	11:00:00	1.20367	1.20736	1.20328	1.20539	4286	0	24
2019.09.05	12:00:00	1.20539	1.20899	1.20451	1.20880	4976	0	20
2019.09.05	13:00:00	1.20880	1.21381	1.20867	1.21223	6197	0	20
2019.09.05	14:00:00	1.21226	1.21468	1.21127	1.21141	4168	0	22
2019.09.05	15:00:00	1.21141	1.21380	1.21065	1.21283	4428	0	20
2019.09.05	16:00:00	1.21283	1.21417	1.21157	1.21334	4392	0	23
2019.09.05	17:00:00	1.21333	1.21642	1.21263	1.21530	7581	0	20
2019.09.05	18:00:00	1.21530	1.21757	1.21465	1.21723	3885	0	22
2019.09.05	19:00:00	1.21723	1.21724	1.21460	1.21479	2327	0	23
2019.09.05	20:00:00	1.21479	1.21570	1.21449	1.21514	1453	0	22
2019.09.05	21:00:00	1.21514	1.21639	1.21500	1.21585	1514	0	24
2019.09.05	22:00:00	1.21585	1.21657	1.21581	1.21625	1189	0	28
2019.09.05	23:00:00	1.21622	1.21642	1.21529	1.21557	737	0	15
2019.09.06	00:00:00	1.21507	1.22022	1.21254	1.21482	88638	0	54
2019.09.06	01:00:00	1.21455	1.21600	1.21455	1.21522	853	0	18
2019.09.06	02:00:00	1.21521	1.21548	1.21462	1.21531	1385	0	15
2019.09.06	03:00:00	1.21531	1.21648	1.21509	1.21555	1512	0	23
2019.09.06	04:00:00	1.21555	1.21619	1.21534	1.21600	1298	0	30
2019.09.06	05:00:00	1.21600	1.21705	1.21554	1.21685	1406	0	23
2019.09.06	06:00:00	1.21685	1.21697	1.21614	1.21656	1226	0	22
2019.09.06	07:00:00	1.21656	1.21680	1.21633	1.21674	995	0	21
2019.09.06	08:00:00	1.21674	1.21742	1.21577	1.21694	1592	0	21
2019.09.06	09:00:00	1.21691	1.21788	1.21590	1.21626	3408	0	22
2019.09.06	10:00:00	1.21629	1.21662	1.21374	1.21572	4909	0	21
2019.09.06	11:00:00	1.21572	1.21637	1.21373	1.21608	3708	0	21
2019.09.06	12:00:00	1.21608	1.21923	1.21569	1.21752	5454	0	21
2019.09.06	13:00:00	1.21752	1.21907	1.21712	1.21803	3206	0	21
2019.09.06	14:00:00	1.21803	1.22018	1.21794	1.21944	3129	0	23
2019.09.06	15:00:00	1.21944	1.21988	1.21635	1.21728	5906	0	21
2019.09.06	16:00:00	1.21728	1.21775	1.21591	1.21642	5259	0	22
2019.09.06	17:00:00	1.21642	1.21662	1.21415	1.21427	4261	0	22
2019.09.06	18:00:00	1.21428	1.21474	1.21317	1.21331	3108	0	27
2019.09.06	19:00:00	1.21331	1.21397	1.21246	1.21347	3109	0	26
2019.09.06	20:00:00	1.21347	1.21463	1.21316	1.21406	2558	0	28
2019.09.06	21:00:00	1.21406	1.21441	1.21334	1.21430	1532	0	29
2019.09.06	22:00:00	1.21432	1.21466	1.21387	1.21437	1280	0	31
2019.09.06	23:00:00	1.21437	1.21484	1.21294	1.21316	705	0	14
2019.09.09	00:00:00	1.21211	1.22716	1.21083	1.21208	79856	0	86
2019.09.09	01:00:00	1.21214	1.21363	1.21193	1.21350	957	0	22
2019.09.09	02:00:00	1.21351	1.21415	1.21344	1.21397	838	0	22
2019.09.09	03:00:00	1.21397	1.21467	1.21310	1.21456	1571	0	31
2019.09.09	04:00:00	1.21456	1.21536	1.21425	1.21479	2074	0	21
2019.09.09	05:00:00	1.21479	1.21504	1.21436	1.21457	1205	0	32
2019.09.09	06:00:00	1.21457	1.21458	1.21388	1.21390	943	0	27
2019.09.09	07:00:00	1.21390	1.21453	1.21377	1.21428	912	0	30
2019.09.09	08:00:00	1.21428	1.21430	1.21259	1.21309	926	0	15
2019.09.09	09:00:00	1.21309	1.21336	1.21158	1.21280	2158	0	27
2019.09.09	10:00:00	1.21280	1.21497	1.21075	1.21428	3439	0	24
2019.09.09	11:00:00	1.21426	1.22048	1.21426	1.21966	4097	0	22
2019.09.09	12:00:00	1.21964	1.22418	1.21907	1.22235	3265	0	24
2019.09.09	13:00:00	1.22235	1.22711	1.22208	1.22701	4408	0	23
2019.09.09	14:00:00	1.22703	1.22711	1.22306	1.22365	3345	0	20
2019.09.09	15:00:00	1.22365	1.22523	1.22303	1.22505	2731	0	20
2019.09.09	16:00:00	1.22505	1.22549	1.22394	1.22445	2866	0	27
2019.09.09	17:00:00	1.22445	1.22475	1.21966	1.22234	4008	0	23
2019.09.09	18:00:00	1.22234	1.22560	1.22132	1.22542	2939	0	23
2019.09.09	19:00:00	1.22542	1.22547	1.22254	1.22294	2014	0	23
2019.09.09	20:00:00	1.22294	1.22459	1.22294	1.22445	1410	0	29
2019.09.09	21:00:00	1.22445	1.22464	1.22398	1.22425	1194	0	28
2019.09.09	22:00:00	1.22425	1.22468	1.22406	1.22454	1035	0	28
2019.09.09	23:00:00	1.22461	1.22461	1.22388	1.22434	1044	0	14
2019.09.10	00:00:00	1.22451	1.22810	1.21955	1.22449	79250	0	59
2019.09.10	01:00:00	1.22449	1.22477	1.22418	1.22459	470	0	25
2019.09.10	02:00:00	1.22459	1.22514	1.22416	1.22513	950	0	32
2019.09.10	03:00:00	1.22513	1.22563	1.22422	1.22513	1171	0	22
2019.09.10	04:00:00	1.22513	1.22596	1.22467	1.22528	1360	0	28
2019.09.10	05:00:00	1.22528	1.22529	1.22395	1.22399	928	0	26
2019.09.10	06:00:00	1.22399	1.22495	1.22398	1.22451	746	0	15
2019.09.10	07:00:00	1.22451	1.22463	1.22424	1.22430	585	0	32
2019.09.10	08:00:00	1.22430	1.22459	1.22389	1.22443	640	0	31
2019.09.10	09:00:00	1.22443	1.22797	1.22418	1.22602	2088	0	22
2019.09.10	10:00:00	1.22602	1.22660	1.22015	1.22068	3517	0	22
2019.09.10	11:00:00	1.22068	1.22328	1.22014	1.22159	2726	0	20
2019.09.10	12:00:00	1.22159	1.22255	1.21948	1.21987	2424	0	21
2019.09.10	13:00:00	1.21987	1.22232	1.21971	1.22211	2265	0	24
2019.09.10	14:00:00	1.22211	1.22480	1.22200	1.22376	2872	0	22
2019.09.10	15:00:00	1.22376	1.22532	1.22327	1.22499	3610	0	22
2019.09.10	16:00:00	1.22496	1.22580	1.22402	1.22496	3420	0	23
2019.09.10	17:00:00	1.22496	1.22559	1.22162	1.22206	4154	0	22
2019.09.10	18:00:00	1.22208	1.22461	1.22202	1.22388	3330	0	21
2019.09.10	19:00:00	1.22387	1.22468	1.22341	1.22394	2367	0	26
2019.09.10	20:00:00	1.22392	1.22397	1.22278	1.22340	1438	0	29
2019.09.10	21:00:00	1.22340	1.22449	1.22326	1.22441	1504	0	22
2019.09.10	22:00:00	1.22442	1.22486	1.22397	1.22475	1480	0	29
2019.09.10	23:00:00	1.22475	1.22588	1.22458	1.22509	1054	0	16
2019.09.11	00:00:00	1.22518	1.22895	1.22215	1.22501	81732	0	56
2019.09.11	01:00:00	1.22501	1.22553	1.22453	1.22478	717	0	19
2019.09.11	02:00:00	1.22478	1.22554	1.22430	1.22517	1407	0	22
2019.09.11	03:00:00	1.22515	1.22535	1.22449	1.22501	2190	0	37
2019.09.11	04:00:00	1.22504	1.22506	1.22398	1.22447	2091	0	36
2019.09.11	05:00:00	1.22451	1.22490	1.22413	1.22453	1499	0	29
2019.09.11	06:00:00	1.22453	1.22595	1.22453	1.22538	1206	0	36
2019.09.11	07:00:00	1.22539	1.22593	1.22452	1.22549	1833	0	38
2019.09.11	08:00:00	1.22549	1.22679	1.22512	1.22629	1571	0	24
2019.09.11	09:00:00	1.22638	1.22711	1.22519	1.22622	1699	0	26
2019.09.11	10:00:00	1.22622	1.22822	1.22499	1.22774	3006	0	26
2019.09.11	11:00:00	1.22772	1.22852	1.22643	1.22794	2672	0	20
2019.09.11	12:00:00	1.22794	1.22894	1.22692	1.22792	2795	0	20
2019.09.11	13:00:00	1.22792	1.22854	1.22588	1.22618	2437	0	22
2019.09.11	14:00:00	1.22618	1.22815	1.22594	1.22662	2856	0	23
2019.09.11	15:00:00	1.22653	1.22701	1.22490	1.22537	2848	0	22
2019.09.11	16:00:00	1.22537	1.22564	1.22405	1.22440	2650	0	27
2019.09.11	17:00:00	1.22428	1.22691	1.22367	1.22655	3420	0	20
2019.09.11	18:00:00	1.22655	1.22689	1.22365	1.22449	2740	0	22
2019.09.11	19:00:00	1.22449	1.22484	1.22313	1.22325	1767	0	20
2019.09.11	20:00:00	1.22325	1.22397	1.22284	1.22297	1465	0	27
2019.09.11	21:00:00	1.22297	1.22401	1.22268	1.22374	1555	0	25
2019.09.11	22:00:00	1.22376	1.22503	1.22352	1.22457	1125	0	29
2019.09.11	23:00:00	1.22455	1.22460	1.22358	1.22361	989	0	17
2019.09.12	00:00:00	1.22409	1.22587	1.21922	1.22373	96487	0	76
2019.09.12	01:00:00	1.22374	1.22476	1.22371	1.22434	624	0	29
2019.09.12	02:00:00	1.22434	1.22581	1.22392	1.22558	1429	0	21
2019.09.12	03:00:00	1.22558	1.22587	1.22497	1.22539	1613	0	27
2019.09.12	04:00:00	1.22538	1.22542	1.22422	1.22470	1216	0	29
2019.09.12	05:00:00	1.22470	1.22490	1.22425	1.22449	873	0	23
2019.09.12	06:00:00	1.22449	1.22542	1.22434	1.22503	1125	0	30
2019.09.12	07:00:00	1.22503	1.22518	1.22430	1.22481	768	0	16
2019.09.12	08:00:00	1.22481	1.22495	1.22363	1.22376	880	0	21
2019.09.12	09:00:00	1.22376	1.22479	1.22269	1.22322	2311	0	21
2019.09.12	10:00:00	1.22322	1.22459	1.22149	1.22170	2946	0	24
2019.09.12	11:00:00	1.22172	1.22221	1.21915	1.22033	2627	0	22
2019.09.12	12:00:00	1.22033	1.22164	1.22022	1.22110	2128	0	23
2019.09.12	13:00:00	1.22112	1.22205	1.21977	1.21988	2485	0	22
2019.09.12	14:00:00	1.21988	1.22583	1.21970	1.22479	5042	0	22
2019.09.12	15:00:00	1.22483	1.22538	1.22001	1.22094	6632	0	15
2019.09.12	16:00:00	1.22096	1.22337	1.22011	1.22196	8436	0	22
2019.09.12	17:00:00	1.22197	1.22368	1.22036	1.22232	6873	0	20
2019.09.12	18:00:00	1.22230	1.22308	1.22077	1.22208	4703	0	21
2019.09.12	19:00:00	1.22206	1.22260	1.22051	1.22111	2168	0	21
2019.09.12	20:00:00	1.22111	1.22229	1.22075	1.22109	2379	0	23
2019.09.12	21:00:00	1.22109	1.22299	1.22082	1.22277	1741	0	21
2019.09.12	22:00:00	1.22276	1.22315	1.22211	1.22223	1148	0	30
2019.09.12	23:00:00	1.22223	1.22230	1.22085	1.22105	547	0	13
2019.09.13	00:00:00	1.22160	1.23819	1.21987	1.22141	84999	0	47
2019.09.13	01:00:00	1.22141	1.22182	1.22111	1.22158	600	0	17
2019.09.13	02:00:00	1.22158	1.22161	1.22109	1.22117	758	0	16
2019.09.13	03:00:00	1.22117	1.22136	1.22003	1.22022	1218	0	25
2019.09.13	04:00:00	1.22022	1.22036	1.21977	1.22002	975	0	32
2019.09.13	05:00:00	1.21996	1.22091	1.21989	1.22077	830	0	29
2019.09.13	06:00:00	1.22077	1.22189	1.22066	1.22160	724	0	30
2019.09.13	07:00:00	1.22160	1.22243	1.22138	1.22225	910	0	30
2019.09.13	08:00:00	1.22225	1.22227	1.22161	1.22212	628	0	31
2019.09.13	09:00:00	1.22212	1.22500	1.22117	1.22500	3340	0	23
2019.09.13	10:00:00	1.22496	1.22610	1.22368	1.22550	4236	0	22
2019.09.13	11:00:00	1.22547	1.23022	1.22539	1.22951	4154	0	20
2019.09.13	12:00:00	1.22944	1.23163	1.22858	1.22883	3468	0	15
2019.09.13	13:00:00	1.22883	1.22992	1.22785	1.22827	2689	0	15
2019.09.13	14:00:00	1.22827	1.22879	1.22695	1.22716	2046	0	22
2019.09.13	15:00:00	1.22716	1.23075	1.22641	1.22999	3469	0	22
2019.09.13	16:00:00	1.23000	1.23056	1.22830	1.22930	3462	0	20
2019.09.13	17:00:00	1.22930	1.23085	1.22770	1.23048	3913	0	23
2019.09.13	18:00:00	1.23048	1.23399	1.23006	1.23346	3021	0	22
2019.09.13	19:00:00	1.23346	1.23613	1.23305	1.23457	2019	0	26
2019.09.13	20:00:00	1.23457	1.23576	1.23444	1.23551	1538	0	25
2019.09.13	21:00:00	1.23558	1.23679	1.23506	1.23647	1514	0	20
2019.09.13	22:00:00	1.23651	1.23710	1.23582	1.23671	1791	0	38
2019.09.13	23:00:00	1.23667	1.23807	1.23658	1.23685	1002	0	16
2019.09.16	00:00:00	1.23394	1.23700	1.23006	1.23390	74759	0	46
2019.09.16	01:00:00	1.23390	1.23467	1.23329	1.23384	1261	0	28
2019.09.16	02:00:00	1.23381	1.23414	1.23298	1.23310	823	0	20
2019.09.16	03:00:00	1.23310	1.23319	1.23168	1.23267	1518	0	20
2019.09.16	04:00:00	1.23267	1.23273	1.23146	1.23261	1279	0	24
2019.09.16	05:00:00	1.23258	1.23272	1.23165	1.23269	679	0	30
2019.09.16	06:00:00	1.23269	1.23376	1.23224	1.23290	858	0	30
2019.09.16	07:00:00	1.23290	1.23309	1.23161	1.23222	607	0	16
2019.09.16	08:00:00	1.23222	1.23269	1.23196	1.23248	794	0	30
2019.09.16	09:00:00	1.23245	1.23348	1.23074	1.23139	2848	0	24
2019.09.16	10:00:00	1.23136	1.23358	1.23067	1.23303	3383	0	25
2019.09.16	11:00:00	1.23303	1.23323	1.23018	1.23041	2661	0	27
2019.09.16	12:00:00	1.23036	1.23218	1.23001	1.23210	2504	0	23
2019.09.16	13:00:00	1.23215	1.23457	1.23199	1.23412	2659	0	23
2019.09.16	14:00:00	1.23414	1.23431	1.23197	1.23288	2541	0	23
2019.09.16	15:00:00	1.23288	1.23545	1.23255	1.23425	3855	0	21
2019.09.16	16:00:00	1.23425	1.23644	1.23401	1.23637	2642	0	25
2019.09.16	17:00:00	1.23639	1.23639	1.23057	1.23312	4308	0	20
2019.09.16	18:00:00	1.23312	1.23360	1.23171	1.23208	3044	0	26
2019.09.16	19:00:00	1.23208	1.23313	1.23157	1.23278	2036	0	23
2019.09.16	20:00:00	1.23278	1.23370	1.23169	1.23329	1382	0	16
2019.09.16	21:00:00	1.23330	1.23390	1.23218	1.23267	1193	0	29
2019.09.16	22:00:00	1.23267	1.23405	1.23242	1.23398	1220	0	16
2019.09.16	23:00:00	1.23398	1.23423	1.23320	1.23352	896	0	17
2019.09.17	00:00:00	1.23362	1.24309	1.23031	1.23353	75401	0	85
2019.09.17	01:00:00	1.23353	1.23424	1.23350	1.23372	462	0	18
2019.09.17	02:00:00	1.23372	1.23429	1.23324	1.23370	866	0	23
2019.09.17	03:00:00	1.23370	1.23392	1.23173	1.23181	1318	0	30
2019.09.17	04:00:00	1.23181	1.23233	1.23126	1.23151	1364	0	28
2019.09.17	05:00:00	1.23151	1.23187	1.23053	1.23094	833	0	13
2019.09.17	06:00:00	1.23094	1.23163	1.23023	1.23074	1072	0	27
2019.09.17	07:00:00	1.23075	1.23171	1.23060	1.23155	739	0	16
2019.09.17	08:00:00	1.23155	1.23196	1.23132	1.23167	931	0	15
2019.09.17	09:00:00	1.23167	1.23380	1.23070	1.23367	2728	0	23
2019.09.17	10:00:00	1.23367	1.23452	1.23096	1.23100	3822	0	21
2019.09.17	11:00:00	1.23100	1.23417	1.23080	1.23261	2984	0	24
2019.09.17	12:00:00	1.23267	1.23414	1.23206	1.23323	2561	0	25
2019.09.17	13:00:00	1.23328	1.23546	1.23299	1.23303	2201	0	26
2019.09.17	14:00:00	1.23303	1.23521	1.23297	1.23503	2262	0	21
2019.09.17	15:00:00	1.23503	1.23666	1.23421	1.23617	2614	0	21
2019.09.17	16:00:00	1.23620	1.23932	1.23611	1.23841	4881	0	21
2019.09.17	17:00:00	1.23841	1.24197	1.23732	1.24126	4312	0	21
2019.09.17	18:00:00	1.24125	1.24130	1.23884	1.23986	3605	0	20
2019.09.17	19:00:00	1.23986	1.24081	1.23957	1.24056	1910	0	29
2019.09.17	20:00:00	1.24056	1.24308	1.24054	1.24242	1925	0	21
2019.09.17	21:00:00	1.24243	1.24297	1.24203	1.24213	1539	0	21
2019.09.17	22:00:00	1.24215	1.24236	1.24123	1.24152	1207	0	29
2019.09.17	23:00:00	1.24157	1.24157	1.24062	1.24086	796	0	16
2019.09.18	00:00:00	1.24125	1.24768	1.23753	1.24085	62933	0	34
2019.09.18	01:00:00	1.24090	1.24152	1.24090	1.24115	470	0	16
2019.09.18	02:00:00	1.24115	1.24126	1.24059	1.24091	768	0	31
2019.09.18	03:00:00	1.24091	1.24154	1.24029	1.24043	1056	0	29
2019.09.18	04:00:00	1.24044	1.24096	1.24025	1.24074	1146	0	29
2019.09.18	05:00:00	1.24074	1.24101	1.24026	1.24079	824	0	30
2019.09.18	06:00:00	1.24079	1.24105	1.24043	1.24048	763	0	30
2019.09.18	07:00:00	1.24047	1.24066	1.24024	1.24058	552	0	31
2019.09.18	08:00:00	1.24058	1.24127	1.24011	1.24094	642	0	14
2019.09.18	09:00:00	1.24094	1.24146	1.24058	1.24105	1226	0	28
2019.09.18	10:00:00	1.24105	1.24181	1.23819	1.24068	3423	0	21
2019.09.18	11:00:00	1.24064	1.24113	1.23746	1.23919	2914	0	22
2019.09.18	12:00:00	1.23919	1.24072	1.23877	1.24042	2000	0	20
2019.09.18	13:00:00	1.24047	1.24134	1.24022	1.24078	2298	0	26
2019.09.18	14:00:00	1.24078	1.24084	1.23830	1.23928	2344	0	11
2019.09.18	15:00:00	1.23928	1.24094	1.23872	1.23976	2602	0	22
2019.09.18	16:00:00	1.23977	1.24279	1.23888	1.24185	2933	0	20
2019.09.18	17:00:00	1.24183	1.24329	1.24084	1.24265	3254	0	22
2019.09.18	18:00:00	1.24263	1.24263	1.24101	1.24135	2129	0	20
2019.09.18	19:00:00	1.24135	1.24239	1.24059	1.24111	1724	0	28
2019.09.18	20:00:00	1.24109	1.24308	1.24107	1.24111	1875	0	25
2019.09.18	21:00:00	1.24104	1.24380	1.24072	1.24257	5399	0	20
2019.09.18	22:00:00	1.24257	1.24765	1.24236	1.24474	3945	0	21
2019.09.18	23:00:00	1.24474	1.24531	1.24280	1.24319	1149	0	14
2019.09.19	00:00:00	1.24277	1.24561	1.23296	1.24272	80974	0	49
2019.09.19	01:00:00	1.24269	1.24385	1.24228	1.24352	591	0	19
2019.09.19	02:00:00	1.24352	1.24375	1.24297	1.24311	769	0	15
2019.09.19	03:00:00	1.24311	1.24423	1.24310	1.24382	1304	0	24
2019.09.19	04:00:00	1.24382	1.24411	1.24261	1.24309	1449	0	26
2019.09.19	05:00:00	1.24309	1.24371	1.24253	1.24274	1012	0	25
2019.09.19	06:00:00	1.24274	1.24323	1.24242	1.24252	1328	0	30
2019.09.19	07:00:00	1.24251	1.24355	1.24200	1.24348	843	0	22
2019.09.19	08:00:00	1.24344	1.24351	1.24227	1.24304	941	0	30
2019.09.19	09:00:00	1.24302	1.24312	1.24108	1.24250	2154	0	20
2019.09.19	10:00:00	1.24249	1.24467	1.23742	1.23792	4544	0	23
2019.09.19	11:00:00	1.23795	1.23961	1.23695	1.23848	3256	0	22
2019.09.19	12:00:00	1.23850	1.23877	1.23545	1.23669	2422	0	23
2019.09.19	13:00:00	1.23669	1.23671	1.23323	1.23340	2242	0	23
2019.09.19	14:00:00	1.23346	1.23595	1.23294	1.23595	2846	0	20
2019.09.19	15:00:00	1.23595	1.23796	1.23502	1.23764	2624	0	22
2019.09.19	16:00:00	1.23764	1.24004	1.23740	1.23970	2996	0	21
2019.09.19	17:00:00	1.23970	1.24086	1.23822	1.23968	2858	0	24
2019.09.19	18:00:00	1.23967	1.24027	1.23839	1.23877	2177	0	23
2019.09.19	19:00:00	1.23877	1.24102	1.23866	1.24075	1796	0	22
2019.09.19	20:00:00	1.24075	1.24556	1.24060	1.24482	4455	0	22
2019.09.19	21:00:00	1.24482	1.24483	1.24300	1.24328	2299	0	25
2019.09.19	22:00:00	1.24325	1.24405	1.24268	1.24268	1611	0	23
2019.09.19	23:00:00	1.24268	1.24388	1.24264	1.24301	968	0	18
2019.09.20	00:00:00	1.24361	1.24728	1.23530	1.24297	79890	0	94
2019.09.20	01:00:00	1.24294	1.24371	1.24280	1.24324	849	0	17
2019.09.20	02:00:00	1.24324	1.24367	1.24267	1.24314	863	0	16
2019.09.20	03:00:00	1.24314	1.24353	1.24266	1.24276	1387	0	27
2019.09.20	04:00:00	1.24273	1.24299	1.24203	1.24295	1085	0	27
2019.09.20	05:00:00	1.24292	1.24359	1.24248	1.24293	991	0	30
2019.09.20	06:00:00	1.24293	1.24467	1.24266	1.24451	1102	0	30
2019.09.20	07:00:00	1.24450	1.24499	1.24346	1.24491	955	0	30
2019.09.20	08:00:00	1.24491	1.24544	1.24440	1.24491	1015	0	25
2019.09.20	09:00:00	1.24491	1.24720	1.24488	1.24532	2488	0	20
2019.09.20	10:00:00	1.24532	1.24607	1.24168	1.24592	3382	0	21
2019.09.20	11:00:00	1.24591	1.24618	1.24171	1.24183	3018	0	25
2019.09.20	12:00:00	1.24185	1.24352	1.24106	1.24117	2386	0	26
2019.09.20	13:00:00	1.24117	1.24177	1.23873	1.23920	2750	0	21
2019.09.20	14:00:00	1.23918	1.24042	1.23745	1.23831	2691	0	24
2019.09.20	15:00:00	1.23831	1.24044	1.23609	1.23809	3785	0	22
2019.09.20	16:00:00	1.23809	1.23892	1.23622	1.23748	3496	0	20
2019.09.20	17:00:00	1.23748	1.24140	1.23720	1.24075	4115	0	23
2019.09.20	18:00:00	1.24073	1.24148	1.23950	1.23999	3675	0	21
2019.09.20	19:00:00	1.24000	1.24033	1.23916	1.23921	1708	0	25
2019.09.20	20:00:00	1.23922	1.23924	1.23645	1.23724	3039	0	30
2019.09.20	21:00:00	1.23724	1.23855	1.23654	1.23714	2149	0	29
2019.09.20	22:00:00	1.23712	1.23744	1.23575	1.23575	1556	0	23
2019.09.20	23:00:00	1.23573	1.23637	1.23514	1.23554	721	0	17
2019.09.23	00:00:00	1.23536	1.23839	1.22880	1.23541	75202	0	86
2019.09.23	01:00:00	1.23544	1.23660	1.23510	1.23642	636	0	38
2019.09.23	02:00:00	1.23642	1.23670	1.23580	1.23613	804	0	25
2019.09.23	03:00:00	1.23613	1.23834	1.23579	1.23744	1103	0	22
2019.09.23	04:00:00	1.23744	1.23788	1.23703	1.23717	1044	0	17
2019.09.23	05:00:00	1.23717	1.23769	1.23680	1.23747	773	0	16
2019.09.23	06:00:00	1.23747	1.23783	1.23694	1.23768	555	0	18
2019.09.23	07:00:00	1.23767	1.23793	1.23726	1.23734	613	0	15
2019.09.23	08:00:00	1.23734	1.23768	1.23541	1.23610	674	0	15
2019.09.23	09:00:00	1.23613	1.23677	1.23340	1.23390	1853	0	23
2019.09.23	10:00:00	1.23388	1.23586	1.23157	1.23162	4536	0	20
2019.09.23	11:00:00	1.23162	1.23190	1.22954	1.23073	2883	0	21
2019.09.23	12:00:00	1.23067	1.23347	1.23000	1.23347	2398	0	22
2019.09.23	13:00:00	1.23347	1.23347	1.23112	1.23131	2550	0	23
2019.09.23	14:00:00	1.23129	1.23493	1.23120	1.23286	2317	0	20
2019.09.23	15:00:00	1.23286	1.23351	1.23064	1.23129	3133	0	20
2019.09.23	16:00:00	1.23129	1.23212	1.23017	1.23087	3413	0	22
2019.09.23	17:00:00	1.23087	1.23180	1.22926	1.22978	3981	0	26
2019.09.23	18:00:00	1.22980	1.23106	1.22872	1.22941	3008	0	23
2019.09.23	19:00:00	1.22941	1.23042	1.22889	1.23029	1637	0	21
2019.09.23	20:00:00	1.23029	1.23040	1.22926	1.22979	1193	0	13
2019.09.23	21:00:00	1.22979	1.23089	1.22954	1.23082	1206	0	23
2019.09.23	22:00:00	1.23082	1.23148	1.23026	1.23112	1223	0	25
2019.09.23	23:00:00	1.23109	1.23164	1.23056	1.23056	655	0	11
2019.09.24	00:00:00	1.23021	1.23599	1.22879	1.23018	50286	0	21
2019.09.24	01:00:00	1.23014	1.23061	1.22992	1.23038	477	0	31
2019.09.24	02:00:00	1.23034	1.23100	1.23008	1.23040	826	0	22
2019.09.24	03:00:00	1.23040	1.23177	1.23038	1.23170	904	0	25
2019.09.24	04:00:00	1.23174	1.23185	1.23111	1.23152	816	0	24
2019.09.24	05:00:00	1.23152	1.23188	1.23125	1.23147	691	0	24
2019.09.24	06:00:00	1.23147	1.23148	1.23085	1.23097	758	0	23
2019.09.24	07:00:00	1.23097	1.23177	1.23089	1.23139	660	0	23
2019.09.24	08:00:00	1.23139	1.23203	1.23098	1.23100	694	0	28
2019.09.24	09:00:00	1.23103	1.23211	1.23100	1.23168	1269	0	25
2019.09.24	10:00:00	1.23168	1.23250	1.22949	1.23067	2168	0	20
2019.09.24	11:00:00	1.23066	1.23192	1.22920	1.23093	2822	0	20
2019.09.24	12:00:00	1.23093	1.23626	1.23073	1.23184	4189	0	21
2019.09.24	13:00:00	1.23184	1.23352	1.23048	1.23108	3131	0	24
2019.09.24	14:00:00	1.23108	1.23377	1.23044	1.23321	2468	0	20
2019.09.24	15:00:00	1.23324	1.23434	1.23270	1.23298	2518	0	22
2019.09.24	16:00:00	1.23298	1.23548	1.23279	1.23510	3364	0	24
2019.09.24	17:00:00	1.23510	1.23519	1.23168	1.23265	5139	0	24
2019.09.24	18:00:00	1.23265	1.23413	1.23073	1.23151	3331	0	25
2019.09.24	19:00:00	1.23148	1.23194	1.22926	1.22992	2669	0	21
2019.09.24	20:00:00	1.22992	1.23118	1.22932	1.22988	2096	0	20
2019.09.24	21:00:00	1.22988	1.23165	1.22911	1.23124	3753	0	26
2019.09.24	22:00:00	1.23124	1.23162	1.23030	1.23127	2169	0	34
2019.09.24	23:00:00	1.23127	1.23169	1.23028	1.23087	796	0	15
2019.09.25	00:00:00	1.23100	1.23155	1.22021	1.23090	47886	0	114
2019.09.25	01:00:00	1.23090	1.23153	1.23082	1.23123	464	0	30
2019.09.25	02:00:00	1.23123	1.23160	1.23083	1.23116	952	0	31
2019.09.25	03:00:00	1.23116	1.23123	1.22982	1.23069	1487	0	22
2019.09.25	04:00:00	1.23069	1.23112	1.23033	1.23054	1159	0	30
2019.09.25	05:00:00	1.23054	1.23141	1.22984	1.23130	1339	0	29
2019.09.25	06:00:00	1.23130	1.23132	1.23011	1.23014	888	0	26
2019.09.25	07:00:00	1.23011	1.23069	1.22959	1.23039	848	0	20
2019.09.25	08:00:00	1.23039	1.23052	1.22979	1.23004	905	0	26
2019.09.25	09:00:00	1.23004	1.23122	1.22898	1.23099	2097	0	25
2019.09.25	10:00:00	1.23091	1.23099	1.22580	1.22677	3959	0	23
2019.09.25	11:00:00	1.22677	1.22716	1.22449	1.22522	3428	0	24
2019.09.25	12:00:00	1.22522	1.22627	1.22459	1.22592	2710	0	29
2019.09.25	13:00:00	1.22592	1.22667	1.22384	1.22427	3109	0	25
2019.09.25	14:00:00	1.22427	1.22528	1.22169	1.22197	3536	0	22
2019.09.25	15:00:00	1.22197	1.22273	1.22119	1.22209	3502	0	20
2019.09.25	16:00:00	1.22208	1.22337	1.22189	1.22212	4478	0	20
2019.09.25	17:00:00	1.22212	1.22455	1.22016	1.22391	7076	0	24
2019.09.25	18:00:00	1.22389	1.22550	1.22346	1.22483	4845	0	24
2019.09.25	19:00:00	1.22483	1.22622	1.22433	1.22476	2637	0	25
2019.09.25	20:00:00	1.22476	1.22542	1.22416	1.22485	2029	0	30
2019.09.25	21:00:00	1.22483	1.22570	1.22478	1.22519	1777	0	30
2019.09.25	22:00:00	1.22519	1.22561	1.22490	1.22515	932	0	26
2019.09.25	23:00:00	1.22515	1.22583	1.22481	1.22521	896	0	13
2019.09.26	00:00:00	1.22484	1.22774	1.22288	1.22469	46285	0	52
2019.09.26	01:00:00	1.22469	1.22543	1.22469	1.22512	582	0	21
2019.09.26	02:00:00	1.22509	1.22520	1.22458	1.22476	916	0	33
2019.09.26	03:00:00	1.22476	1.22531	1.22422	1.22522	989	0	24
2019.09.26	04:00:00	1.22528	1.22541	1.22497	1.22512	701	0	36
2019.09.26	05:00:00	1.22512	1.22663	1.22497	1.22606	981	0	21
2019.09.26	06:00:00	1.22606	1.22702	1.22581	1.22640	974	0	23
2019.09.26	07:00:00	1.22640	1.22642	1.22564	1.22575	557	0	35
2019.09.26	08:00:00	1.22575	1.22640	1.22521	1.22618	1079	0	34
2019.09.26	09:00:00	1.22618	1.22634	1.22441	1.22480	1846	0	30
2019.09.26	10:00:00	1.22483	1.22757	1.22483	1.22603	3445	0	22
2019.09.26	11:00:00	1.22597	1.22639	1.22379	1.22465	3771	0	24
2019.09.26	12:00:00	1.22464	1.22502	1.22274	1.22478	3543	0	28
2019.09.26	13:00:00	1.22478	1.22725	1.22395	1.22718	3973	0	22
2019.09.26	14:00:00	1.22719	1.22767	1.22627	1.22725	3121	0	23
2019.09.26	15:00:00	1.22727	1.22757	1.22510	1.22553	4570	0	24
2019.09.26	16:00:00	1.22553	1.22608	1.22320	1.22541	4459	0	22
2019.09.26	17:00:00	1.22541	1.22573	1.22342	1.22419	4962	0	24
2019.09.26	18:00:00	1.22420	1.22687	1.22382	1.22515	4811	0	22
2019.09.26	19:00:00	1.22514	1.22645	1.22404	1.22503	2530	0	30
2019.09.26	20:00:00	1.22503	1.22645	1.22500	1.22621	1687	0	30
2019.09.26	21:00:00	1.22621	1.22647	1.22405	1.22406	1790	0	22
2019.09.26	22:00:00	1.22404	1.22559	1.22404	1.22435	1754	0	23
2019.09.26	23:00:00	1.22435	1.22477	1.22361	1.22361	823	0	10
2019.09.27	00:00:00	1.22462	1.22650	1.21553	1.22422	42856	0	76
2019.09.27	01:00:00	1.22422	1.22484	1.22416	1.22461	640	0	19
2019.09.27	02:00:00	1.22465	1.22481	1.22435	1.22444	878	0	34
2019.09.27	03:00:00	1.22444	1.22462	1.22390	1.22449	1308	0	22
2019.09.27	04:00:00	1.22447	1.22512	1.22439	1.22501	1023	0	21
2019.09.27	05:00:00	1.22509	1.22552	1.22493	1.22530	878	0	23
2019.09.27	06:00:00	1.22529	1.22552	1.22471	1.22515	688	0	14
2019.09.27	07:00:00	1.22513	1.22514	1.22480	1.22492	618	0	35
2019.09.27	08:00:00	1.22492	1.22644	1.22485	1.22609	1043	0	18
2019.09.27	09:00:00	1.22609	1.22645	1.22520	1.22569	2141	0	21
2019.09.27	10:00:00	1.22569	1.22607	1.21912	1.21953	4937	0	22
2019.09.27	11:00:00	1.21953	1.22123	1.21930	1.21957	2888	0	21
2019.09.27	12:00:00	1.21951	1.22020	1.21883	1.21918	2638	0	23
2019.09.27	13:00:00	1.21924	1.22139	1.21904	1.22069	3470	0	22
2019.09.27	14:00:00	1.22069	1.22252	1.21982	1.22248	2224	0	23
2019.09.27	15:00:00	1.22244	1.22390	1.22187	1.22244	4754	0	23
2019.09.27	16:00:00	1.22244	1.22426	1.22209	1.22305	4395	0	26
2019.09.27	17:00:00	1.22305	1.22328	1.22034	1.22104	4935	0	23
2019.09.27	18:00:00	1.22106	1.22172	1.21919	1.22107	5502	0	23
2019.09.27	19:00:00	1.22104	1.22104	1.21843	1.21901	2473	0	20
2019.09.27	20:00:00	1.21901	1.21926	1.21755	1.21758	1732	0	21
2019.09.27	21:00:00	1.21758	1.21762	1.21665	1.21706	1547	0	28
2019.09.27	22:00:00	1.21707	1.21830	1.21675	1.21798	1203	0	28
2019.09.27	23:00:00	1.21798	1.21833	1.21725	1.21759	643	0	17
2019.09.30	00:00:00	1.21755	1.23133	1.21628	1.21684	29226	0	111
2019.09.30	01:00:00	1.21684	1.21833	1.21684	1.21744	452	0	21
2019.09.30	02:00:00	1.21744	1.21822	1.21736	1.21809	583	0	16
2019.09.30	03:00:00	1.21809	1.21835	1.21768	1.21792	992	0	22
2019.09.30	04:00:00	1.21792	1.21832	1.21785	1.21790	1013	0	32
2019.09.30	05:00:00	1.21790	1.21810	1.21733	1.21776	594	0	24
2019.09.30	06:00:00	1.21776	1.21823	1.21751	1.21797	620	0	36
2019.09.30	07:00:00	1.21797	1.21826	1.21775	1.21816	580	0	29
2019.09.30	08:00:00	1.21816	1.21901	1.21816	1.21887	657	0	16
2019.09.30	09:00:00	1.21887	1.21999	1.21834	1.21914	1884	0	32
2019.09.30	10:00:00	1.21914	1.22189	1.21907	1.22077	2663	0	28
2019.09.30	11:00:00	1.22081	1.22414	1.22068	1.22399	2768	0	23
2019.09.30	12:00:00	1.22401	1.22439	1.22284	1.22362	2670	0	23
2019.09.30	13:00:00	1.22362	1.22514	1.22345	1.22419	2338	0	23
2019.09.30	14:00:00	1.22421	1.22608	1.22372	1.22435	3350	0	22
2019.09.30	15:00:00	1.22435	1.22694	1.22413	1.22659	4392	0	23
2019.09.30	16:00:00	1.22658	1.22783	1.22617	1.22714	3918	0	22
2019.09.30	17:00:00	1.22712	1.23146	1.22657	1.22842	5712	0	22
2019.09.30	18:00:00	1.22840	1.22854	1.22634	1.22752	4697	0	23
2019.09.30	19:00:00	1.22752	1.22785	1.22567	1.22620	1988	0	21
2019.09.30	20:00:00	1.22620	1.22684	1.22570	1.22591	1776	0	20
2019.09.30	21:00:00	1.22591	1.22822	1.22583	1.22729	1936	0	27
2019.09.30	22:00:00	1.22729	1.22766	1.22654	1.22698	1272	0	28
2019.09.30	23:00:00	1.22699	1.22740	1.22637	1.22692	865	0	18
2019.10.01	00:00:00	1.22627	1.23247	1.21560	1.22613	31980	0	52
2019.10.01	01:00:00	1.22613	1.22674	1.22578	1.22585	671	0	16
2019.10.01	02:00:00	1.22585	1.22617	1.22566	1.22582	545	0	38
2019.10.01	03:00:00	1.22582	1.22635	1.22556	1.22564	807	0	29
2019.10.01	04:00:00	1.22564	1.22646	1.22558	1.22627	1147	0	24
2019.10.01	05:00:00	1.22627	1.22672	1.22614	1.22664	698	0	15
2019.10.01	06:00:00	1.22661	1.22752	1.22660	1.22738	672	0	30
2019.10.01	07:00:00	1.22737	1.22784	1.22721	1.22743	1246	0	35
2019.10.01	08:00:00	1.22743	1.22807	1.22707	1.22803	956	0	34
2019.10.01	09:00:00	1.22803	1.22822	1.22642	1.22716	2527	0	27
2019.10.01	10:00:00	1.22717	1.22970	1.22690	1.22877	4575	0	22
2019.10.01	11:00:00	1.22879	1.23052	1.22637	1.22913	5383	0	24
2019.10.01	12:00:00	1.22926	1.23039	1.22689	1.23025	3485	0	26
2019.10.01	13:00:00	1.23025	1.23245	1.23000	1.23157	3378	0	20
2019.10.01	14:00:00	1.23157	1.23214	1.22763	1.22790	3515	0	26
2019.10.01	15:00:00	1.22790	1.22790	1.22349	1.22397	4334	0	22
2019.10.01	16:00:00	1.22399	1.22425	1.22119	1.22172	4824	0	22
2019.10.01	17:00:00	1.22193	1.22193	1.21775	1.21791	8526	0	23
2019.10.01	18:00:00	1.21785	1.21913	1.21550	1.21629	5198	0	21
2019.10.01	19:00:00	1.21626	1.22504	1.21568	1.22395	4515	0	20
2019.10.01	20:00:00	1.22398	1.22473	1.21794	1.22025	3266	0	21
2019.10.01	21:00:00	1.22026	1.22168	1.21980	1.22140	1666	0	32
2019.10.01	22:00:00	1.22141	1.22228	1.22066	1.22111	1969	0	29
2019.10.01	23:00:00	1.22118	1.22199	1.22055	1.22140	811	0	21
2019.10.02	00:00:00	1.22053	1.23176	1.21908	1.22014	29707	0	12
2019.10.02	01:00:00	1.22014	1.22103	1.21981	1.22018	475	0	16
2019.10.02	02:00:00	1.22018	1.22056	1.21979	1.22009	801	0	29
2019.10.02	03:00:00	1.22008	1.22050	1.21988	1.22008	1102	0	26
2019.10.02	04:00:00	1.22008	1.22079	1.21994	1.22077	858	0	21
2019.10.02	05:00:00	1.22077	1.22084	1.21994	1.21994	727	0	25
2019.10.02	06:00:00	1.21994	1.22034	1.21979	1.21993	645	0	30
2019.10.02	07:00:00	1.21993	1.22025	1.21982	1.22002	604	0	16
2019.10.02	08:00:00	1.22002	1.22024	1.21894	1.21923	877	0	16
2019.10.02	09:00:00	1.21920	1.22078	1.21897	1.22058	3072	0	25
2019.10.02	10:00:00	1.22058	1.22527	1.21995	1.22464	4460	0	22
2019.10.02	11:00:00	1.22464	1.22620	1.22218	1.22227	4617	0	22
2019.10.02	12:00:00	1.22227	1.22419	1.22220	1.22419	3443	0	22
2019.10.02	13:00:00	1.22423	1.22650	1.22370	1.22414	3849	0	22
2019.10.02	14:00:00	1.22414	1.22963	1.22393	1.22907	4406	0	22
2019.10.02	15:00:00	1.22907	1.23173	1.22645	1.22703	5568	0	21
2019.10.02	16:00:00	1.22702	1.22799	1.22558	1.22774	4839	0	20
2019.10.02	17:00:00	1.22772	1.22943	1.22634	1.22847	6689	0	22
2019.10.02	18:00:00	1.22847	1.22915	1.22619	1.22799	5809	0	23
2019.10.02	19:00:00	1.22805	1.22823	1.22541	1.22691	2923	0	30
2019.10.02	20:00:00	1.22691	1.22821	1.22658	1.22742	2556	0	29
2019.10.02	21:00:00	1.22742	1.22756	1.22629	1.22756	2227	0	23
2019.10.02	22:00:00	1.22756	1.22756	1.22583	1.22603	1569	0	28
2019.10.02	23:00:00	1.22603	1.22665	1.22562	1.22591	851	0	12
2019.10.03	00:00:00	1.22585	1.24017	1.22394	1.22544	33842	0	36
2019.10.03	01:00:00	1.22545	1.22610	1.22515	1.22605	578	0	26
2019.10.03	02:00:00	1.22605	1.22716	1.22593	1.22631	939	0	25
2019.10.03	03:00:00	1.22631	1.22646	1.22490	1.22532	1369	0	23
2019.10.03	04:00:00	1.22533	1.22665	1.22530	1.22613	948	0	32
2019.10.03	05:00:00	1.22613	1.22692	1.22608	1.22675	756	0	39
2019.10.03	06:00:00	1.22675	1.22812	1.22668	1.22759	848	0	14
2019.10.03	07:00:00	1.22759	1.22781	1.22718	1.22742	638	0	35
2019.10.03	08:00:00	1.22742	1.22742	1.22584	1.22680	632	0	23
2019.10.03	09:00:00	1.22679	1.23067	1.22635	1.23014	3373	0	24
2019.10.03	10:00:00	1.23013	1.23090	1.22880	1.22935	5048	0	23
2019.10.03	11:00:00	1.22933	1.23132	1.22836	1.22998	4468	0	13
2019.10.03	12:00:00	1.22998	1.23129	1.22863	1.22959	3662	0	17
2019.10.03	13:00:00	1.22958	1.23155	1.22895	1.23012	3164	0	13
2019.10.03	14:00:00	1.23011	1.23211	1.22901	1.23173	3869	0	13
2019.10.03	15:00:00	1.23173	1.23805	1.23173	1.23789	5886	0	13
2019.10.03	16:00:00	1.23788	1.24015	1.23684	1.23731	6092	0	24
2019.10.03	17:00:00	1.23731	1.23755	1.23479	1.23642	8553	0	22
2019.10.03	18:00:00	1.23640	1.23751	1.23547	1.23563	5710	0	22
2019.10.03	19:00:00	1.23563	1.23660	1.23425	1.23443	2559	0	16
2019.10.03	20:00:00	1.23440	1.23504	1.23379	1.23383	2165	0	16
2019.10.03	21:00:00	1.23383	1.23431	1.23331	1.23335	1601	0	30
2019.10.03	22:00:00	1.23335	1.23371	1.23202	1.23211	1523	0	15
2019.10.03	23:00:00	1.23211	1.23230	1.23101	1.23129	1224	0	11
2019.10.04	00:00:00	1.23190	1.23521	1.22195	1.23149	45524	0	60
2019.10.04	01:00:00	1.23151	1.23176	1.23114	1.23152	692	0	12
2019.10.04	02:00:00	1.23154	1.23184	1.23118	1.23176	770	0	11
2019.10.04	03:00:00	1.23176	1.23296	1.23151	1.23259	1105	0	11
2019.10.04	04:00:00	1.23259	1.23320	1.23239	1.23306	1076	0	13
2019.10.04	05:00:00	1.23307	1.23399	1.23299	1.23337	1012	0	13
2019.10.04	06:00:00	1.23337	1.23376	1.23287	1.23295	918	0	12
2019.10.04	07:00:00	1.23295	1.23306	1.23238	1.23275	745	0	13
2019.10.04	08:00:00	1.23275	1.23510	1.23275	1.23504	1107	0	13
2019.10.04	09:00:00	1.23504	1.23509	1.23287	1.23414	2324	0	12
2019.10.04	10:00:00	1.23414	1.23458	1.23035	1.23053	3579	0	21
2019.10.04	11:00:00	1.23054	1.23126	1.22882	1.22901	2762	0	23
2019.10.04	12:00:00	1.22901	1.22960	1.22765	1.22813	2540	0	23
2019.10.04	13:00:00	1.22813	1.22828	1.22523	1.22524	2463	0	11
2019.10.04	14:00:00	1.22524	1.22653	1.22309	1.22606	4310	0	23
2019.10.04	15:00:00	1.22603	1.22685	1.22393	1.22615	7100	0	26
2019.10.04	16:00:00	1.22615	1.22619	1.22202	1.22277	5705	0	21
2019.10.04	17:00:00	1.22279	1.22366	1.22180	1.22332	5162	0	22
2019.10.04	18:00:00	1.22331	1.22580	1.22232	1.22548	4986	0	22
2019.10.04	19:00:00	1.22548	1.22774	1.22456	1.22665	2284	0	26
2019.10.04	20:00:00	1.22665	1.22742	1.22641	1.22722	1468	0	11
2019.10.04	21:00:00	1.22722	1.22740	1.22613	1.22690	1873	0	36
2019.10.04	22:00:00	1.22692	1.22755	1.22677	1.22693	1449	0	14
2019.10.04	23:00:00	1.22695	1.22763	1.22675	1.22721	973	0	13
2019.10.07	00:00:00	1.22564	1.22777	1.22150	1.22497	40636	0	150
2019.10.07	01:00:00	1.22497	1.22678	1.22474	1.22640	862	0	15
2019.10.07	02:00:00	1.22641	1.22643	1.22570	1.22587	770	0	10
2019.10.07	03:00:00	1.22587	1.22688	1.22583	1.22643	1160	0	16
2019.10.07	04:00:00	1.22643	1.22667	1.22580	1.22611	913	0	12
2019.10.07	05:00:00	1.22611	1.22666	1.22598	1.22649	754	0	13
2019.10.07	06:00:00	1.22646	1.22731	1.22637	1.22711	837	0	13
2019.10.07	07:00:00	1.22708	1.22757	1.22690	1.22754	877	0	14
2019.10.07	08:00:00	1.22754	1.22777	1.22638	1.22640	1007	0	14
2019.10.07	09:00:00	1.22640	1.22666	1.22488	1.22490	2292	0	23
2019.10.07	10:00:00	1.22490	1.22516	1.22308	1.22341	3515	0	16
2019.10.07	11:00:00	1.22341	1.22341	1.22136	1.22243	4087	0	14
2019.10.07	12:00:00	1.22243	1.22321	1.22193	1.22285	2937	0	14
2019.10.07	13:00:00	1.22285	1.22613	1.22264	1.22610	2199	0	13
2019.10.07	14:00:00	1.22610	1.22658	1.22409	1.22476	3647	0	22
2019.10.07	15:00:00	1.22476	1.22551	1.22353	1.22415	3776	0	17
2019.10.07	16:00:00	1.22414	1.22578	1.22368	1.22493	4327	0	21
2019.10.07	17:00:00	1.22489	1.22577	1.22361	1.22400	4116	0	21
2019.10.07	18:00:00	1.22402	1.22559	1.22387	1.22548	3382	0	22
2019.10.07	19:00:00	1.22548	1.22600	1.22420	1.22467	1651	0	12
2019.10.07	20:00:00	1.22464	1.22622	1.22348	1.22535	2771	0	15
2019.10.07	21:00:00	1.22535	1.22560	1.22289	1.22326	2111	0	27
2019.10.07	22:00:00	1.22329	1.22348	1.22252	1.22298	1577	0	28
2019.10.07	23:00:00	1.22298	1.22335	1.22222	1.22226	935	0	8
2019.10.08	00:00:00	1.22232	1.22412	1.20924	1.22213	43233	0	29
2019.10.08	01:00:00	1.22213	1.22236	1.22164	1.22197	542	0	7
2019.10.08	02:00:00	1.22197	1.22249	1.22189	1.22223	684	0	10
2019.10.08	03:00:00	1.22223	1.22363	1.22220	1.22318	1032	0	10
2019.10.08	04:00:00	1.22318	1.22346	1.22235	1.22257	1363	0	12
2019.10.08	05:00:00	1.22257	1.22395	1.22250	1.22331	1172	0	10
2019.10.08	06:00:00	1.22328	1.22406	1.22311	1.22361	1051	0	6
2019.10.08	07:00:00	1.22361	1.22416	1.22335	1.22366	886	0	8
2019.10.08	08:00:00	1.22366	1.22370	1.22294	1.22299	662	0	10
2019.10.08	09:00:00	1.22298	1.22318	1.22007	1.22019	1894	0	8
2019.10.08	10:00:00	1.22019	1.22156	1.21849	1.22030	4186	0	23
2019.10.08	11:00:00	1.22029	1.22050	1.21676	1.21760	3591	0	24
2019.10.08	12:00:00	1.21758	1.21763	1.21302	1.21493	4422	0	16
2019.10.08	13:00:00	1.21493	1.21498	1.20973	1.21164	4574	0	11
2019.10.08	14:00:00	1.21167	1.21173	1.20972	1.21117	4663	0	21
2019.10.08	15:00:00	1.21117	1.21380	1.20956	1.21017	4536	0	20
2019.10.08	16:00:00	1.21017	1.21152	1.20974	1.21106	4170	0	21
2019.10.08	17:00:00	1.21105	1.21365	1.20911	1.21283	6099	0	21
2019.10.08	18:00:00	1.21285	1.21383	1.21216	1.21314	4248	0	21
2019.10.08	19:00:00	1.21315	1.21562	1.21283	1.21496	2062	0	14
2019.10.08	20:00:00	1.21496	1.21556	1.21330	1.21332	1980	0	13
2019.10.08	21:00:00	1.21335	1.21451	1.21230	1.21390	3785	0	11
2019.10.08	22:00:00	1.21392	1.21432	1.21337	1.21411	3213	0	33
2019.10.08	23:00:00	1.21409	1.21413	1.21278	1.21293	959	0	15
2019.10.09	00:00:00	1.21302	1.22001	1.21212	1.21272	70787	0	52
2019.10.09	01:00:00	1.21272	1.21378	1.21272	1.21333	568	0	21
2019.10.09	02:00:00	1.21332	1.21357	1.21235	1.21264	877	0	18
2019.10.09	03:00:00	1.21264	1.21335	1.21232	1.21310	1019	0	14
2019.10.09	04:00:00	1.21313	1.21343	1.21272	1.21306	898	0	12
2019.10.09	05:00:00	1.21306	1.21370	1.21288	1.21350	672	0	10
2019.10.09	06:00:00	1.21350	1.21360	1.21301	1.21318	600	0	12
2019.10.09	07:00:00	1.21317	1.21390	1.21304	1.21327	661	0	11
2019.10.09	08:00:00	1.21327	1.21362	1.21281	1.21345	688	0	9
2019.10.09	09:00:00	1.21346	1.21366	1.21212	1.21241	2254	0	14
2019.10.09	10:00:00	1.21240	1.21454	1.21227	1.21305	4835	0	22
2019.10.09	11:00:00	1.21304	1.21989	1.21292	1.21596	5703	0	22
2019.10.09	12:00:00	1.21596	1.21732	1.21320	1.21530	5813	0	23
2019.10.09	13:00:00	1.21529	1.21542	1.21302	1.21538	4156	0	28
2019.10.09	14:00:00	1.21538	1.21691	1.21465	1.21644	3922	0	22
2019.10.09	15:00:00	1.21639	1.21680	1.21493	1.21510	3809	0	14
2019.10.09	16:00:00	1.21510	1.21649	1.21429	1.21515	3915	0	21
2019.10.09	17:00:00	1.21515	1.21623	1.21461	1.21580	4233	0	26
2019.10.09	18:00:00	1.21578	1.21684	1.21504	1.21512	3815	0	20
2019.10.09	19:00:00	1.21512	1.21575	1.21466	1.21520	2097	0	14
2019.10.09	20:00:00	1.21520	1.21571	1.21489	1.21514	2020	0	14
2019.10.09	21:00:00	1.21506	1.21627	1.21502	1.21595	1949	0	16
2019.10.09	22:00:00	1.21595	1.21622	1.21523	1.21538	2080	0	13
2019.10.09	23:00:00	1.21540	1.21579	1.21506	1.21534	1025	0	12
2019.10.10	00:00:00	1.21503	1.24261	1.21176	1.21475	95776	0	22
2019.10.10	01:00:00	1.21474	1.21562	1.21168	1.21179	1395	0	21
2019.10.10	02:00:00	1.21179	1.21284	1.21173	1.21261	1116	0	15
2019.10.10	03:00:00	1.21261	1.21598	1.21255	1.21466	2568	0	18
2019.10.10	04:00:00	1.21466	1.21623	1.21443	1.21545	2447	0	15
2019.10.10	05:00:00	1.21544	1.21636	1.21528	1.21589	1288	0	15
2019.10.10	06:00:00	1.21589	1.21630	1.21564	1.21604	737	0	11
2019.10.10	07:00:00	1.21604	1.21656	1.21585	1.21636	687	0	8
2019.10.10	08:00:00	1.21636	1.21681	1.21573	1.21578	613	0	12
2019.10.10	09:00:00	1.21577	1.21583	1.21433	1.21475	2530	0	14
2019.10.10	10:00:00	1.21475	1.21558	1.21287	1.21353	4253	0	21
2019.10.10	11:00:00	1.21354	1.21503	1.21286	1.21301	3352	0	20
2019.10.10	12:00:00	1.21301	1.21641	1.21264	1.21528	3490	0	8
2019.10.10	13:00:00	1.21528	1.21581	1.21447	1.21534	2572	0	25
2019.10.10	14:00:00	1.21534	1.21674	1.21406	1.21419	3475	0	22
2019.10.10	15:00:00	1.21419	1.21541	1.21334	1.21499	4638	0	20
2019.10.10	16:00:00	1.21498	1.21646	1.21393	1.21632	5585	0	22
2019.10.10	17:00:00	1.21633	1.22450	1.21489	1.22323	8409	0	20
2019.10.10	18:00:00	1.22321	1.23345	1.22239	1.23245	8497	0	20
2019.10.10	19:00:00	1.23245	1.23461	1.22991	1.23400	5599	0	21
2019.10.10	20:00:00	1.23400	1.24065	1.23399	1.24046	3736	0	22
2019.10.10	21:00:00	1.24046	1.24198	1.23685	1.24007	4650	0	21
2019.10.10	22:00:00	1.24007	1.24250	1.23948	1.24113	3384	0	27
2019.10.10	23:00:00	1.24116	1.24134	1.23935	1.23960	1347	0	16
2019.10.11	00:00:00	1.23898	1.26723	1.23771	1.23863	100607	0	76
2019.10.11	01:00:00	1.23863	1.23992	1.23813	1.23834	1021	0	16
2019.10.11	02:00:00	1.23834	1.23877	1.23757	1.23802	1091	0	12
2019.10.11	03:00:00	1.23802	1.23915	1.23800	1.23912	1270	0	9
2019.10.11	04:00:00	1.23912	1.24025	1.23861	1.23998	1395	0	11
2019.10.11	05:00:00	1.23998	1.24035	1.23972	1.24005	672	0	12
2019.10.11	06:00:00	1.24005	1.24053	1.23944	1.24023	810	0	12
2019.10.11	07:00:00	1.24021	1.24221	1.24003	1.24162	990	0	10
2019.10.11	08:00:00	1.24162	1.24296	1.24157	1.24248	1051	0	8
2019.10.11	09:00:00	1.24248	1.24393	1.24056	1.24217	2861	0	22
2019.10.11	10:00:00	1.24219	1.24342	1.24062	1.24261	4454	0	22
2019.10.11	11:00:00	1.24262	1.24823	1.23758	1.24823	6808	0	20
2019.10.11	12:00:00	1.24824	1.25177	1.24607	1.24744	6449	0	21
2019.10.11	13:00:00	1.24738	1.25639	1.24698	1.25253	6920	0	20
2019.10.11	14:00:00	1.25254	1.26410	1.25205	1.26111	8695	0	20
2019.10.11	15:00:00	1.26113	1.26195	1.25665	1.26082	6927	0	20
2019.10.11	16:00:00	1.26082	1.26494	1.26004	1.26456	7374	0	10
2019.10.11	17:00:00	1.26456	1.26718	1.26171	1.26659	8102	0	22
2019.10.11	18:00:00	1.26656	1.26706	1.26347	1.26393	7128	0	21
2019.10.11	19:00:00	1.26393	1.26468	1.26124	1.26173	4597	0	25
2019.10.11	20:00:00	1.26172	1.26329	1.26102	1.26240	3084	0	22
2019.10.11	21:00:00	1.26240	1.26324	1.26126	1.26262	2621	0	31
2019.10.11	22:00:00	1.26259	1.26367	1.26214	1.26237	2960	0	35
2019.10.11	23:00:00	1.26237	1.26273	1.25960	1.26031	1325	0	19
2019.10.14	00:00:00	1.25926	1.26167	1.24629	1.25902	87856	0	134
2019.10.14	01:00:00	1.25915	1.26147	1.25859	1.26139	920	0	15
2019.10.14	02:00:00	1.26136	1.26158	1.25885	1.25918	1444	0	15
2019.10.14	03:00:00	1.25918	1.25918	1.25688	1.25720	1769	0	15
2019.10.14	04:00:00	1.25720	1.25725	1.25517	1.25569	1568	0	14
2019.10.14	05:00:00	1.25573	1.25576	1.25411	1.25422	1232	0	12
2019.10.14	06:00:00	1.25422	1.25501	1.25384	1.25497	1230	0	12
2019.10.14	07:00:00	1.25497	1.25669	1.25482	1.25528	1096	0	13
2019.10.14	08:00:00	1.25528	1.25634	1.25364	1.25417	1128	0	11
2019.10.14	09:00:00	1.25416	1.25518	1.25037	1.25277	3931	0	21
2019.10.14	10:00:00	1.25282	1.25559	1.25164	1.25311	4737	0	24
2019.10.14	11:00:00	1.25313	1.25459	1.25166	1.25295	3789	0	22
2019.10.14	12:00:00	1.25295	1.25295	1.24857	1.24949	4383	0	22
2019.10.14	13:00:00	1.24949	1.25141	1.24904	1.24965	2705	0	14
2019.10.14	14:00:00	1.24963	1.25019	1.24832	1.24871	3454	0	21
2019.10.14	15:00:00	1.24871	1.25155	1.24619	1.25150	3990	0	24
2019.10.14	16:00:00	1.25150	1.25706	1.25051	1.25497	5185	0	21
2019.10.14	17:00:00	1.25497	1.26055	1.25294	1.25416	6044	0	20
2019.10.14	18:00:00	1.25414	1.25616	1.25345	1.25579	3457	0	25
2019.10.14	19:00:00	1.25580	1.25623	1.25022	1.25301	2773	0	17
2019.10.14	20:00:00	1.25301	1.25343	1.25162	1.25303	1466	0	11
2019.10.14	21:00:00	1.25303	1.25400	1.25275	1.25367	1324	0	14
2019.10.14	22:00:00	1.25368	1.25398	1.25214	1.25288	1294	0	14
2019.10.14	23:00:00	1.25280	1.25710	1.25205	1.25696	2134	0	21
2019.10.15	00:00:00	1.25891	1.27786	1.25575	1.25839	101596	0	88
2019.10.15	01:00:00	1.25839	1.25918	1.25667	1.25717	853	0	15
2019.10.15	02:00:00	1.25722	1.25840	1.25688	1.25785	917	0	8
2019.10.15	03:00:00	1.25785	1.25785	1.25659	1.25677	1086	0	10
2019.10.15	04:00:00	1.25677	1.26003	1.25671	1.25752	1954	0	14
2019.10.15	05:00:00	1.25753	1.25807	1.25662	1.25708	1026	0	13
2019.10.15	06:00:00	1.25708	1.25770	1.25671	1.25712	1260	0	14
2019.10.15	07:00:00	1.25712	1.25938	1.25677	1.25910	1762	0	10
2019.10.15	08:00:00	1.25908	1.25912	1.25801	1.25818	1038	0	14
2019.10.15	09:00:00	1.25828	1.26541	1.25629	1.26201	4987	0	16
2019.10.15	10:00:00	1.26198	1.26563	1.26126	1.26337	5667	0	25
2019.10.15	11:00:00	1.26337	1.26646	1.26229	1.26313	4965	0	21
2019.10.15	12:00:00	1.26329	1.26395	1.25852	1.26178	6063	0	20
2019.10.15	13:00:00	1.26178	1.26401	1.26079	1.26167	4163	0	25
2019.10.15	14:00:00	1.26170	1.26336	1.25929	1.25990	4279	0	24
2019.10.15	15:00:00	1.25990	1.26216	1.25924	1.26212	5126	0	25
2019.10.15	16:00:00	1.26213	1.26376	1.26039	1.26088	5068	0	29
2019.10.15	17:00:00	1.26095	1.27743	1.26085	1.27585	10013	0	20
2019.10.15	18:00:00	1.27583	1.27763	1.26909	1.27112	8540	0	22
2019.10.15	19:00:00	1.27115	1.27431	1.26914	1.27370	4038	0	21
2019.10.15	20:00:00	1.27370	1.27634	1.27318	1.27557	2610	0	22
2019.10.15	21:00:00	1.27557	1.27679	1.27510	1.27648	2136	0	9
2019.10.15	22:00:00	1.27646	1.27785	1.27538	1.27652	2449	0	15
2019.10.15	23:00:00	1.27647	1.27699	1.27479	1.27652	2063	0	15
2019.10.16	00:00:00	1.27443	1.28276	1.26152	1.27356	104087	0	80
2019.10.16	01:00:00	1.27364	1.27543	1.27364	1.27475	870	0	7
2019.10.16	02:00:00	1.27475	1.27478	1.27371	1.27400	1036	0	13
2019.10.16	03:00:00	1.27404	1.27427	1.27210	1.27219	1908	0	9
2019.10.16	04:00:00	1.27219	1.27295	1.27110	1.27272	1866	0	4
2019.10.16	05:00:00	1.27272	1.27337	1.27203	1.27281	973	0	14
2019.10.16	06:00:00	1.27280	1.27283	1.27185	1.27238	1167	0	3
2019.10.16	07:00:00	1.27238	1.27273	1.27217	1.27235	988	0	14
2019.10.16	08:00:00	1.27235	1.27305	1.27153	1.27249	1180	0	13
2019.10.16	09:00:00	1.27261	1.27504	1.26933	1.27068	5703	0	5
2019.10.16	10:00:00	1.27073	1.27169	1.26325	1.26704	6535	0	6
2019.10.16	11:00:00	1.26704	1.27170	1.26560	1.27039	5324	0	2
2019.10.16	12:00:00	1.27038	1.27550	1.26138	1.27373	7093	0	2
2019.10.16	13:00:00	1.27373	1.27373	1.26956	1.27268	5370	0	12
2019.10.16	14:00:00	1.27274	1.27600	1.27057	1.27123	5014	0	9
2019.10.16	15:00:00	1.27123	1.28065	1.26991	1.27440	7776	0	2
2019.10.16	16:00:00	1.27439	1.27995	1.27285	1.27961	5114	0	8
2019.10.16	17:00:00	1.27963	1.28076	1.27363	1.27607	7006	0	2
2019.10.16	18:00:00	1.27608	1.28267	1.27483	1.27995	6302	0	2
2019.10.16	19:00:00	1.27994	1.28067	1.27783	1.27796	3237	0	6
2019.10.16	20:00:00	1.27796	1.28076	1.27410	1.27712	3016	0	10
2019.10.16	21:00:00	1.27712	1.27781	1.27568	1.27772	2440	0	11
2019.10.16	22:00:00	1.27763	1.27797	1.27563	1.27583	1326	0	13
2019.10.16	23:00:00	1.27581	1.27638	1.27551	1.27600	969	0	19
2019.10.17	00:00:00	1.27494	1.28936	1.26213	1.27493	104635	0	89
2019.10.17	01:00:00	1.27493	1.27583	1.27430	1.27447	1710	0	19
2019.10.17	02:00:00	1.27449	1.27549	1.27433	1.27468	832	0	12
2019.10.17	03:00:00	1.27465	1.27569	1.27335	1.27390	1730	0	13
2019.10.17	04:00:00	1.27390	1.27435	1.27295	1.27333	1622	0	15
2019.10.17	05:00:00	1.27333	1.27433	1.27305	1.27349	987	0	12
2019.10.17	06:00:00	1.27349	1.27385	1.27311	1.27340	889	0	14
2019.10.17	07:00:00	1.27340	1.27400	1.27302	1.27357	866	0	12
2019.10.17	08:00:00	1.27357	1.27370	1.26725	1.26943	2431	0	10
2019.10.17	09:00:00	1.26949	1.27035	1.26667	1.26831	3289	0	7
2019.10.17	10:00:00	1.26829	1.27021	1.26759	1.26918	3874	0	11
2019.10.17	11:00:00	1.26918	1.27412	1.26809	1.27101	5596	0	3
2019.10.17	12:00:00	1.27107	1.28928	1.27090	1.28373	9215	0	2
2019.10.17	13:00:00	1.28378	1.28412	1.27588	1.27722	6846	0	8
2019.10.17	14:00:00	1.27722	1.27736	1.27185	1.27190	5944	0	5
2019.10.17	15:00:00	1.27190	1.27229	1.26193	1.26667	7602	0	4
2019.10.17	16:00:00	1.26667	1.26933	1.26383	1.26828	6380	0	3
2019.10.17	17:00:00	1.26829	1.27168	1.26695	1.26792	5314	0	8
2019.10.17	18:00:00	1.26792	1.27142	1.26653	1.26831	4869	0	7
2019.10.17	19:00:00	1.26831	1.26991	1.26707	1.26817	3155	0	15
2019.10.17	20:00:00	1.26817	1.27004	1.26751	1.26983	2255	0	4
2019.10.17	21:00:00	1.26983	1.27227	1.26915	1.27208	2211	0	11
2019.10.17	22:00:00	1.27208	1.27258	1.27115	1.27135	1596	0	9
2019.10.17	23:00:00	1.27135	1.27356	1.27123	1.27308	1225	0	16
2019.10.18	00:00:00	1.27352	1.27796	1.26730	1.27241	93700	0	94
2019.10.18	01:00:00	1.27280	1.27336	1.27125	1.27133	929	0	4
2019.10.18	02:00:00	1.27134	1.27142	1.27024	1.27034	1052	0	7
2019.10.18	03:00:00	1.27034	1.27112	1.27004	1.27034	1217	0	6
2019.10.18	04:00:00	1.27034	1.27072	1.26968	1.27039	1162	0	16
2019.10.18	05:00:00	1.27039	1.27059	1.26818	1.26857	1495	0	3
2019.10.18	06:00:00	1.26857	1.26893	1.26846	1.26854	963	0	14
2019.10.18	07:00:00	1.26852	1.26909	1.26784	1.26813	962	0	11
2019.10.18	08:00:00	1.26811	1.26884	1.26727	1.26750	1141	0	14
2019.10.18	09:00:00	1.26748	1.27155	1.26741	1.27152	2717	0	5
2019.10.18	10:00:00	1.27152	1.27387	1.26990	1.27139	4324	0	3
2019.10.18	11:00:00	1.27140	1.27520	1.27089	1.27464	4611	0	2
2019.10.18	12:00:00	1.27464	1.27578	1.27179	1.27499	3843	0	3
2019.10.18	13:00:00	1.27499	1.27623	1.27305	1.27421	3483	0	9
2019.10.18	14:00:00	1.27421	1.27426	1.26994	1.27119	4104	0	8
2019.10.18	15:00:00	1.27119	1.27308	1.27051	1.27235	3490	0	10
2019.10.18	16:00:00	1.27235	1.27310	1.26901	1.27293	4322	0	11
2019.10.18	17:00:00	1.27293	1.27384	1.27171	1.27261	4164	0	6
2019.10.18	18:00:00	1.27262	1.27320	1.26832	1.27155	4514	0	5
2019.10.18	19:00:00	1.27155	1.27384	1.26989	1.27315	3514	0	4
2019.10.18	20:00:00	1.27315	1.27728	1.27304	1.27702	3264	0	9
2019.10.18	21:00:00	1.27701	1.27741	1.27510	1.27536	2282	0	14
2019.10.18	22:00:00	1.27536	1.27555	1.27393	1.27419	2053	0	15
2019.10.18	23:00:00	1.27416	1.27638	1.27314	1.27638	1377	0	17
2019.10.21	00:00:00	1.27225	1.28195	1.26778	1.27232	76971	0	26
2019.10.21	01:00:00	1.27185	1.27241	1.26769	1.27096	2021	0	6
2019.10.21	02:00:00	1.27096	1.27119	1.26946	1.27065	2687	0	7
2019.10.21	03:00:00	1.27065	1.27297	1.27049	1.27280	1890	0	5
2019.10.21	04:00:00	1.27284	1.27327	1.27199	1.27216	1561	0	14
2019.10.21	05:00:00	1.27216	1.27289	1.27176	1.27187	1221	0	5
2019.10.21	06:00:00	1.27187	1.27289	1.27183	1.27258	914	0	9
2019.10.21	07:00:00	1.27259	1.27286	1.27194	1.27250	998	0	13
2019.10.21	08:00:00	1.27246	1.27263	1.27053	1.27167	1288	0	12
2019.10.21	09:00:00	1.27167	1.27595	1.27124	1.27476	3231	0	4
2019.10.21	10:00:00	1.27476	1.27602	1.27178	1.27540	5010	0	4
2019.10.21	11:00:00	1.27540	1.28117	1.27540	1.27780	5750	0	4
2019.10.21	12:00:00	1.27780	1.28014	1.27723	1.27906	3147	0	11
2019.10.21	13:00:00	1.27906	1.28063	1.27828	1.27915	2499	0	4
2019.10.21	14:00:00	1.27915	1.28180	1.27802	1.28113	2973	0	12
2019.10.21	15:00:00	1.28117	1.28156	1.27904	1.27968	3628	0	3
2019.10.21	16:00:00	1.27969	1.28051	1.27788	1.28004	4276	0	5
2019.10.21	17:00:00	1.28003	1.28173	1.27740	1.28077	5756	0	4
2019.10.21	18:00:00	1.28077	1.28195	1.28006	1.28061	3812	0	4
2019.10.21	19:00:00	1.28061	1.28099	1.27917	1.27936	2395	0	4
2019.10.21	20:00:00	1.27934	1.27963	1.27681	1.27702	1799	0	4
2019.10.21	21:00:00	1.27701	1.27871	1.27674	1.27782	1678	0	14
2019.10.21	22:00:00	1.27782	1.27876	1.27759	1.27785	1484	0	7
2019.10.21	23:00:00	1.27785	1.27802	1.27685	1.27685	1522	0	11
2019.10.22	00:00:00	1.27782	1.28505	1.27211	1.27768	93097	0	40
2019.10.22	01:00:00	1.27768	1.27860	1.27734	1.27823	782	0	19
2019.10.22	02:00:00	1.27823	1.27907	1.27801	1.27902	678	0	8
2019.10.22	03:00:00	1.27902	1.28042	1.27889	1.27948	1483	0	10
2019.10.22	04:00:00	1.27948	1.28052	1.27913	1.28036	1710	0	18
2019.10.22	05:00:00	1.28034	1.28098	1.27985	1.28093	1091	0	9
2019.10.22	06:00:00	1.28093	1.28132	1.28018	1.28033	1347	0	14
2019.10.22	07:00:00	1.28033	1.28116	1.28033	1.28078	1024	0	12
2019.10.22	08:00:00	1.28078	1.28137	1.28041	1.28056	840	0	3
2019.10.22	09:00:00	1.28056	1.28079	1.27879	1.27903	2745	0	5
2019.10.22	10:00:00	1.27907	1.28095	1.27587	1.27817	4591	0	8
2019.10.22	11:00:00	1.27815	1.28003	1.27739	1.27900	4669	0	7
2019.10.22	12:00:00	1.27899	1.28026	1.27812	1.27823	3123	0	11
2019.10.22	13:00:00	1.27820	1.28237	1.27812	1.28089	3588	0	3
2019.10.22	14:00:00	1.28089	1.28108	1.27818	1.27846	3618	0	7
2019.10.22	15:00:00	1.27846	1.27932	1.27349	1.27543	4892	0	4
2019.10.22	16:00:00	1.27543	1.27741	1.27381	1.27702	4255	0	3
2019.10.22	17:00:00	1.27703	1.27778	1.27529	1.27601	4068	0	4
2019.10.22	18:00:00	1.27601	1.28110	1.27514	1.28034	5436	0	4
2019.10.22	19:00:00	1.28033	1.28119	1.27960	1.28042	2218	0	5
2019.10.22	20:00:00	1.28042	1.28263	1.27844	1.28178	2199	0	7
2019.10.22	21:00:00	1.28178	1.28514	1.27349	1.27375	8254	0	2
2019.10.22	22:00:00	1.27371	1.27609	1.27216	1.27577	3259	0	8
2019.10.22	23:00:00	1.27577	1.27608	1.27324	1.27324	1400	0	11
2019.10.23	00:00:00	1.27308	1.28008	1.27024	1.27282	84961	0	49
2019.10.23	01:00:00	1.27282	1.27583	1.27264	1.27583	2031	0	13
2019.10.23	02:00:00	1.27583	1.27591	1.27433	1.27453	1565	0	16
2019.10.23	03:00:00	1.27454	1.27492	1.27227	1.27358	1664	0	2
2019.10.23	04:00:00	1.27358	1.27366	1.27173	1.27188	1396	0	15
2019.10.23	05:00:00	1.27188	1.27224	1.27129	1.27153	1295	0	9
2019.10.23	06:00:00	1.27153	1.27205	1.27084	1.27168	1034	0	9
2019.10.23	07:00:00	1.27168	1.27340	1.27146	1.27238	1371	0	5
2019.10.23	08:00:00	1.27238	1.27339	1.27209	1.27289	1323	0	9
2019.10.23	09:00:00	1.27300	1.27403	1.27180	1.27287	2886	0	11
2019.10.23	10:00:00	1.27288	1.27523	1.27091	1.27292	4969	0	3
2019.10.23	11:00:00	1.27295	1.27491	1.27020	1.27145	3817	0	3
2019.10.23	12:00:00	1.27147	1.27245	1.27050	1.27198	3353	0	8
2019.10.23	13:00:00	1.27198	1.27494	1.27192	1.27391	4786	0	5
2019.10.23	14:00:00	1.27391	1.27422	1.27236	1.27350	3272	0	11
2019.10.23	15:00:00	1.27350	1.27584	1.27276	1.27439	2952	0	4
2019.10.23	16:00:00	1.27440	1.27617	1.27401	1.27535	3175	0	5
2019.10.23	17:00:00	1.27531	1.27699	1.27359	1.27563	3810	0	3
2019.10.23	18:00:00	1.27560	1.27709	1.27541	1.27651	3650	0	5
2019.10.23	19:00:00	1.27651	1.27669	1.27440	1.27540	2122	0	12
2019.10.23	20:00:00	1.27540	1.27740	1.27535	1.27700	2062	0	12
2019.10.23	21:00:00	1.27699	1.27907	1.27637	1.27834	1848	0	12
2019.10.23	22:00:00	1.27838	1.27939	1.27822	1.27898	1994	0	5
2019.10.23	23:00:00	1.27898	1.28011	1.27880	1.27888	1528	0	3
2019.10.24	00:00:00	1.27879	1.28254	1.26916	1.27870	82533	0	41
2019.10.24	01:00:00	1.27870	1.27951	1.27868	1.27917	1076	0	24
2019.10.24	02:00:00	1.27921	1.27976	1.27882	1.27972	988	0	3
2019.10.24	03:00:00	1.27972	1.27973	1.27884	1.27947	1224	0	13
2019.10.24	04:00:00	1.27948	1.27957	1.27886	1.27921	1010	0	14
2019.10.24	05:00:00	1.27921	1.27993	1.27879	1.27912	1129	0	11
2019.10.24	06:00:00	1.27912	1.27960	1.27852	1.27883	979	0	10
2019.10.24	07:00:00	1.27883	1.27973	1.27881	1.27924	651	0	14
2019.10.24	08:00:00	1.27924	1.27969	1.27900	1.27934	796	0	8
2019.10.24	09:00:00	1.27934	1.28200	1.27908	1.28180	2137	0	3
2019.10.24	10:00:00	1.28169	1.28253	1.27688	1.27704	5895	0	3
2019.10.24	11:00:00	1.27682	1.27817	1.27575	1.27640	4612	0	7
2019.10.24	12:00:00	1.27640	1.27736	1.27563	1.27590	2440	0	13
2019.10.24	13:00:00	1.27589	1.27685	1.27556	1.27685	2045	0	4
2019.10.24	14:00:00	1.27685	1.27772	1.27619	1.27743	2353	0	13
2019.10.24	15:00:00	1.27743	1.27911	1.27633	1.27786	3485	0	4
2019.10.24	16:00:00	1.27785	1.27800	1.27434	1.27466	5482	0	3
2019.10.24	17:00:00	1.27467	1.27559	1.27236	1.27381	4745	0	3
2019.10.24	18:00:00	1.27378	1.27425	1.27098	1.27109	4992	0	7
2019.10.24	19:00:00	1.27109	1.27641	1.26918	1.27541	4448	0	3
2019.10.24	20:00:00	1.27541	1.27541	1.27345	1.27456	1686	0	11
2019.10.24	21:00:00	1.27454	1.27615	1.27425	1.27602	1825	0	7
2019.10.24	22:00:00	1.27615	1.27626	1.27483	1.27484	1901	0	12
2019.10.24	23:00:00	1.27482	1.27528	1.27437	1.27454	1054	0	18
2019.10.25	00:00:00	1.27368	1.27694	1.27069	1.27400	72384	0	69
2019.10.25	01:00:00	1.27395	1.27461	1.27346	1.27347	2277	0	8
2019.10.25	02:00:00	1.27347	1.27425	1.27342	1.27392	1144	0	16
2019.10.25	03:00:00	1.27392	1.27573	1.27390	1.27517	1115	0	3
2019.10.25	04:00:00	1.27517	1.27549	1.27437	1.27443	873	0	7
2019.10.25	05:00:00	1.27443	1.27493	1.27433	1.27461	830	0	13
2019.10.25	06:00:00	1.27461	1.27524	1.27454	1.27495	817	0	3
2019.10.25	07:00:00	1.27495	1.27530	1.27465	1.27495	688	0	13
2019.10.25	08:00:00	1.27495	1.27512	1.27444	1.27466	822	0	14
2019.10.25	09:00:00	1.27466	1.27606	1.27424	1.27536	1642	0	8
2019.10.25	10:00:00	1.27536	1.27644	1.27208	1.27321	3848	0	10
2019.10.25	11:00:00	1.27323	1.27517	1.27143	1.27220	2632	0	12
2019.10.25	12:00:00	1.27220	1.27373	1.27175	1.27268	2510	0	4
2019.10.25	13:00:00	1.27268	1.27390	1.27210	1.27253	2302	0	11
2019.10.25	14:00:00	1.27254	1.27262	1.27068	1.27200	3102	0	11
2019.10.25	15:00:00	1.27199	1.27270	1.27136	1.27180	2871	0	2
2019.10.25	16:00:00	1.27180	1.27308	1.27140	1.27254	3863	0	6
2019.10.25	17:00:00	1.27251	1.27552	1.27247	1.27538	4716	0	6
2019.10.25	18:00:00	1.27538	1.27644	1.27459	1.27608	4753	0	5
2019.10.25	19:00:00	1.27607	1.27639	1.27506	1.27580	2139	0	12
2019.10.25	20:00:00	1.27579	1.27590	1.27505	1.27567	1740	0	10
2019.10.25	21:00:00	1.27567	1.27624	1.27519	1.27591	1560	0	12
2019.10.25	22:00:00	1.27593	1.27593	1.27483	1.27556	1391	0	11
2019.10.25	23:00:00	1.27556	1.27597	1.27479	1.27592	937	0	11
2019.10.28	00:00:00	1.27394	1.28191	1.27394	1.27592	65092	0	25
2019.10.28	01:00:00	1.27594	1.27597	1.27525	1.27546	624	0	18
2019.10.28	02:00:00	1.27547	1.27555	1.27487	1.27492	1146	0	12
2019.10.28	03:00:00	1.27491	1.27575	1.27489	1.27564	986	0	15
2019.10.28	04:00:00	1.27564	1.27641	1.27544	1.27580	1000	0	13
2019.10.28	05:00:00	1.27580	1.27651	1.27567	1.27621	831	0	12
2019.10.28	06:00:00	1.27621	1.27656	1.27588	1.27624	660	0	10
2019.10.28	07:00:00	1.27623	1.27654	1.27583	1.27623	685	0	14
2019.10.28	08:00:00	1.27623	1.27691	1.27582	1.27679	1291	0	15
2019.10.28	09:00:00	1.27679	1.27849	1.27501	1.27825	2549	0	9
2019.10.28	10:00:00	1.27824	1.27911	1.27598	1.27605	4200	0	3
2019.10.28	11:00:00	1.27604	1.27952	1.27598	1.27902	3286	0	3
2019.10.28	12:00:00	1.27905	1.27935	1.27601	1.27681	2720	0	4
2019.10.28	13:00:00	1.27677	1.27813	1.27653	1.27732	2527	0	11
2019.10.28	14:00:00	1.27727	1.27991	1.27712	1.27896	3316	0	4
2019.10.28	15:00:00	1.27895	1.28156	1.27825	1.28028	3789	0	4
2019.10.28	16:00:00	1.28028	1.28196	1.27973	1.27975	4565	0	2
2019.10.28	17:00:00	1.27975	1.28162	1.27970	1.28054	4160	0	7
2019.10.28	18:00:00	1.28055	1.28102	1.27908	1.27944	3356	0	10
2019.10.28	19:00:00	1.27944	1.28054	1.27919	1.27968	1639	0	11
2019.10.28	20:00:00	1.27968	1.27995	1.27867	1.27877	1399	0	3
2019.10.28	21:00:00	1.27877	1.28009	1.27864	1.27908	1553	0	9
2019.10.28	22:00:00	1.27908	1.27920	1.27764	1.27821	1217	0	8
2019.10.28	23:00:00	1.27817	1.27891	1.27760	1.27871	804	0	84
2019.10.29	00:00:00	1.27906	1.28275	1.27449	1.27869	74787	0	11
2019.10.29	01:00:00	1.27874	1.27901	1.27859	1.27891	581	0	17
2019.10.29	02:00:00	1.27893	1.27927	1.27762	1.27814	1102	0	11
2019.10.29	03:00:00	1.27816	1.27823	1.27704	1.27800	1005	0	10
2019.10.29	04:00:00	1.27800	1.27819	1.27768	1.27774	956	0	12
2019.10.29	05:00:00	1.27774	1.27820	1.27719	1.27761	864	0	10
2019.10.29	06:00:00	1.27761	1.27853	1.27760	1.27830	834	0	14
2019.10.29	07:00:00	1.27830	1.27863	1.27798	1.27852	716	0	14
2019.10.29	08:00:00	1.27852	1.27908	1.27821	1.27906	1033	0	12
2019.10.29	09:00:00	1.27906	1.27949	1.27722	1.27840	2556	0	5
2019.10.29	10:00:00	1.27838	1.27982	1.27771	1.27781	3254	0	8
2019.10.29	11:00:00	1.27781	1.27843	1.27540	1.27627	3478	0	3
2019.10.29	12:00:00	1.27627	1.28209	1.27454	1.28137	4161	0	3
2019.10.29	13:00:00	1.28137	1.28145	1.27902	1.27908	5241	0	4
2019.10.29	14:00:00	1.27912	1.28061	1.27817	1.27931	4096	0	5
2019.10.29	15:00:00	1.27929	1.28136	1.27850	1.28034	4683	0	3
2019.10.29	16:00:00	1.28031	1.28276	1.27982	1.28015	6018	0	2
2019.10.29	17:00:00	1.28013	1.28243	1.27898	1.28214	5051	0	6
2019.10.29	18:00:00	1.28219	1.28219	1.28010	1.28041	4593	0	11
2019.10.29	19:00:00	1.28041	1.28051	1.27732	1.27754	2364	0	11
2019.10.29	20:00:00	1.27754	1.27820	1.27624	1.27799	1750	0	8
2019.10.29	21:00:00	1.27800	1.27873	1.27770	1.27771	1198	0	14
2019.10.29	22:00:00	1.27767	1.27933	1.27767	1.27823	1375	0	13
2019.10.29	23:00:00	1.27784	1.27881	1.27634	1.27832	1071	0	50
2019.10.30	00:00:00	1.27840	1.28126	1.27461	1.27885	81546	0	10
2019.10.30	01:00:00	1.27885	1.27925	1.27868	1.27883	808	0	15
2019.10.30	02:00:00	1.27883	1.27934	1.27844	1.27888	1072	0	5
2019.10.30	03:00:00	1.27890	1.27940	1.27867	1.27910	863	0	13
2019.10.30	04:00:00	1.27911	1.27929	1.27847	1.27861	1131	0	8
2019.10.30	05:00:00	1.27861	1.27899	1.27841	1.27864	850	0	12
2019.10.30	06:00:00	1.27864	1.27892	1.27837	1.27889	786	0	10
2019.10.30	07:00:00	1.27889	1.27891	1.27828	1.27865	628	0	2
2019.10.30	08:00:00	1.27863	1.27878	1.27740	1.27844	1366	0	2
2019.10.30	09:00:00	1.27843	1.27976	1.27802	1.27954	2769	0	9
2019.10.30	10:00:00	1.27954	1.28085	1.27683	1.27746	4101	0	8
2019.10.30	11:00:00	1.27745	1.27853	1.27678	1.27839	3109	0	3
2019.10.30	12:00:00	1.27839	1.27921	1.27713	1.27906	3458	0	8
2019.10.30	13:00:00	1.27905	1.27982	1.27841	1.27975	3820	0	8
2019.10.30	14:00:00	1.27973	1.28130	1.27912	1.27925	5211	0	3
2019.10.30	15:00:00	1.27925	1.27976	1.27759	1.27802	4936	0	7
2019.10.30	16:00:00	1.27802	1.27823	1.27577	1.27609	5121	0	3
2019.10.30	17:00:00	1.27605	1.27673	1.27496	1.27529	4119	0	7
2019.10.30	18:00:00	1.27529	1.27570	1.27477	1.27539	3369	0	6
2019.10.30	19:00:00	1.27539	1.27582	1.27420	1.27470	1647	0	11
2019.10.30	20:00:00	1.27471	1.27820	1.27405	1.27680	5844	0	9
2019.10.30	21:00:00	1.27668	1.27702	1.27580	1.27661	4036	0	6
2019.10.30	22:00:00	1.27661	1.27695	1.27574	1.27574	1414	0	14
2019.10.30	23:00:00	1.27596	1.27621	1.27486	1.27582	869	0	53
2019.10.31	00:00:00	1.27619	1.28005	1.27465	1.27626	88063	0	15
2019.10.31	01:00:00	1.27628	1.27655	1.27562	1.27586	1398	0	15
2019.10.31	02:00:00	1.27595	1.27618	1.27524	1.27571	1457	0	7
2019.10.31	03:00:00	1.27571	1.27580	1.27487	1.27565	1515	0	16
2019.10.31	04:00:00	1.27565	1.27616	1.27526	1.27558	1116	0	11
2019.10.31	05:00:00	1.27557	1.27626	1.27518	1.27597	1286	0	12
2019.10.31	06:00:00	1.27597	1.27646	1.27587	1.27602	904	0	8
2019.10.31	07:00:00	1.27602	1.27612	1.27534	1.27576	966	0	13
2019.10.31	08:00:00	1.27576	1.27610	1.27515	1.27610	1282	0	13
2019.10.31	09:00:00	1.27610	1.27824	1.27580	1.27810	3259	0	8
2019.10.31	10:00:00	1.27810	1.27918	1.27757	1.27842	4522	0	3
2019.10.31	11:00:00	1.27842	1.27877	1.27559	1.27681	5199	0	6
2019.10.31	12:00:00	1.27681	1.27934	1.27654	1.27867	4218	0	3
2019.10.31	13:00:00	1.27866	1.28008	1.27801	1.27945	4989	0	2
2019.10.31	14:00:00	1.27942	1.28008	1.27785	1.27914	5245	0	7
2019.10.31	15:00:00	1.27918	1.27987	1.27776	1.27792	5619	0	6
2019.10.31	16:00:00	1.27792	1.27829	1.27660	1.27696	5282	0	5
2019.10.31	17:00:00	1.27699	1.27829	1.27615	1.27681	6112	0	3
2019.10.31	18:00:00	1.27683	1.27807	1.27578	1.27713	5593	0	9
2019.10.31	19:00:00	1.27713	1.27727	1.27535	1.27617	2055	0	12
2019.10.31	20:00:00	1.27617	1.27720	1.27559	1.27711	1759	0	3
2019.10.31	21:00:00	1.27700	1.27790	1.27648	1.27764	1686	0	15
2019.10.31	22:00:00	1.27764	1.27786	1.27607	1.27607	897	0	11
2019.10.31	23:00:00	1.27602	1.27640	1.27427	1.27513	1276	0	51
2019.11.01	00:00:00	1.27522	1.28092	1.27420	1.27608	75976	0	10
2019.11.01	01:00:00	1.27604	1.27632	1.27574	1.27625	920	0	13
2019.11.01	02:00:00	1.27625	1.27836	1.27606	1.27766	1377	0	4
2019.11.01	03:00:00	1.27765	1.27813	1.27708	1.27785	2719	0	15
2019.11.01	04:00:00	1.27785	1.27878	1.27744	1.27866	1202	0	7
2019.11.01	05:00:00	1.27866	1.27870	1.27763	1.27763	1101	0	11
2019.11.01	06:00:00	1.27763	1.27823	1.27746	1.27767	847	0	10
2019.11.01	07:00:00	1.27767	1.27810	1.27715	1.27761	1006	0	13
2019.11.01	08:00:00	1.27762	1.27823	1.27695	1.27812	922	0	3
2019.11.01	09:00:00	1.27816	1.27897	1.27758	1.27876	2722	0	2
2019.11.01	10:00:00	1.27873	1.27916	1.27722	1.27738	3688	0	5
2019.11.01	11:00:00	1.27738	1.27873	1.27691	1.27810	3159	0	9
2019.11.01	12:00:00	1.27810	1.27890	1.27794	1.27845	2462	0	3
2019.11.01	13:00:00	1.27845	1.27942	1.27734	1.27881	3574	0	5
2019.11.01	14:00:00	1.27881	1.28088	1.27770	1.27981	5863	0	18
2019.11.01	15:00:00	1.27976	1.28074	1.27834	1.27894	4762	0	24
2019.11.01	16:00:00	1.27899	1.28018	1.27827	1.27944	5715	0	21
2019.11.01	17:00:00	1.27944	1.27955	1.27521	1.27601	4503	0	20
2019.11.01	18:00:00	1.27604	1.27634	1.27464	1.27482	4656	0	27
2019.11.01	19:00:00	1.27482	1.27623	1.27432	1.27501	2093	0	12
2019.11.01	20:00:00	1.27501	1.27542	1.27444	1.27502	1596	0	13
2019.11.01	21:00:00	1.27504	1.27518	1.27462	1.27481	1149	0	14
2019.11.01	22:00:00	1.27483	1.27536	1.27444	1.27461	876	0	12
2019.11.04	00:00:00	1.27213	1.27759	1.27189	1.27464	65316	0	42
2019.11.04	01:00:00	1.27464	1.27546	1.27450	1.27526	1221	0	7
2019.11.04	02:00:00	1.27524	1.27617	1.27506	1.27585	956	0	8
2019.11.04	03:00:00	1.27585	1.27615	1.27555	1.27566	777	0	8
2019.11.04	04:00:00	1.27566	1.27647	1.27540	1.27642	893	0	14
2019.11.04	05:00:00	1.27645	1.27645	1.27587	1.27594	1022	0	11
2019.11.04	06:00:00	1.27594	1.27626	1.27585	1.27609	723	0	8
2019.11.04	07:00:00	1.27609	1.27668	1.27602	1.27607	708	0	11
2019.11.04	08:00:00	1.27607	1.27613	1.27541	1.27580	791	0	11
2019.11.04	09:00:00	1.27588	1.27594	1.27417	1.27514	2176	0	14
2019.11.04	10:00:00	1.27511	1.27754	1.27496	1.27666	4742	0	24
2019.11.04	11:00:00	1.27665	1.27710	1.27607	1.27622	3467	0	22
2019.11.04	12:00:00	1.27622	1.27687	1.27534	1.27571	3135	0	18
2019.11.04	13:00:00	1.27571	1.27679	1.27571	1.27618	2622	0	13
2019.11.04	14:00:00	1.27618	1.27700	1.27505	1.27535	3223	0	26
2019.11.04	15:00:00	1.27532	1.27656	1.27486	1.27500	3494	0	18
2019.11.04	16:00:00	1.27500	1.27538	1.27405	1.27426	3387	0	23
2019.11.04	17:00:00	1.27405	1.27487	1.27312	1.27422	4221	0	20
2019.11.04	18:00:00	1.27414	1.27466	1.27347	1.27383	3398	0	25
2019.11.04	19:00:00	1.27384	1.27394	1.27266	1.27266	1530	0	12
2019.11.04	20:00:00	1.27266	1.27307	1.27203	1.27222	1565	0	9
2019.11.04	21:00:00	1.27222	1.27259	1.27185	1.27240	1550	0	15
2019.11.04	22:00:00	1.27247	1.27313	1.27214	1.27239	1389	0	12
2019.11.04	23:00:00	1.27238	1.27261	1.27194	1.27221	831	0	13
2019.11.05	00:00:00	1.27223	1.28034	1.27138	1.27234	79428	0	49
2019.11.05	01:00:00	1.27225	1.27418	1.27225	1.27376	1213	0	15
2019.11.05	02:00:00	1.27377	1.27377	1.27304	1.27307	827	0	12
2019.11.05	03:00:00	1.27307	1.27356	1.27296	1.27351	1068	0	13
2019.11.05	04:00:00	1.27351	1.27426	1.27351	1.27415	796	0	9
2019.11.05	05:00:00	1.27415	1.27469	1.27394	1.27438	1199	0	11
2019.11.05	06:00:00	1.27438	1.27446	1.27351	1.27352	1233	0	9
2019.11.05	07:00:00	1.27354	1.27386	1.27335	1.27373	891	0	11
2019.11.05	08:00:00	1.27373	1.27455	1.27348	1.27406	1136	0	15
2019.11.05	09:00:00	1.27404	1.27543	1.27383	1.27496	2855	0	21
2019.11.05	10:00:00	1.27495	1.27600	1.27443	1.27568	4973	0	22
2019.11.05	11:00:00	1.27568	1.27751	1.27513	1.27720	3933	0	22
2019.11.05	12:00:00	1.27715	1.27870	1.27703	1.27855	3592	0	18
2019.11.05	13:00:00	1.27855	1.27987	1.27768	1.27922	3925	0	18
2019.11.05	14:00:00	1.27922	1.28026	1.27787	1.27841	3885	0	19
2019.11.05	15:00:00	1.27841	1.27876	1.27769	1.27772	3545	0	20
2019.11.05	16:00:00	1.27772	1.27873	1.27691	1.27744	4323	0	19
2019.11.05	17:00:00	1.27746	1.27860	1.27570	1.27609	6334	0	23
2019.11.05	18:00:00	1.27610	1.27824	1.27590	1.27804	4253	0	23
2019.11.05	19:00:00	1.27806	1.27842	1.27751	1.27805	2286	0	14
2019.11.05	20:00:00	1.27807	1.27988	1.27802	1.27954	2498	0	25
2019.11.05	21:00:00	1.27955	1.28010	1.27943	1.27962	1500	0	11
2019.11.05	22:00:00	1.27964	1.27986	1.27883	1.27910	1451	0	12
2019.11.05	23:00:00	1.27908	1.27913	1.27825	1.27862	1108	0	10
2019.11.06	00:00:00	1.27856	1.28024	1.27456	1.27772	66349	0	32
2019.11.06	01:00:00	1.27776	1.27893	1.27703	1.27834	566	0	16
2019.11.06	02:00:00	1.27834	1.27884	1.27806	1.27834	1355	0	14
2019.11.06	03:00:00	1.27834	1.27862	1.27782	1.27844	1430	0	16
2019.11.06	04:00:00	1.27844	1.27875	1.27790	1.27816	967	0	12
2019.11.06	05:00:00	1.27816	1.27869	1.27807	1.27849	716	0	12
2019.11.06	06:00:00	1.27846	1.27906	1.27827	1.27864	971	0	11
2019.11.06	07:00:00	1.27865	1.27910	1.27851	1.27903	706	0	10
2019.11.06	08:00:00	1.27903	1.27911	1.27852	1.27864	991	0	13
2019.11.06	09:00:00	1.27848	1.27913	1.27804	1.27881	2211	0	14
2019.11.06	10:00:00	1.27881	1.27993	1.27819	1.27959	3649	0	25
2019.11.06	11:00:00	1.27959	1.28000	1.27849	1.27915	2786	0	25
2019.11.06	12:00:00	1.27914	1.27978	1.27845	1.27956	2409	0	25
2019.11.06	13:00:00	1.27956	1.28018	1.27924	1.28008	2023	0	13
2019.11.06	14:00:00	1.28010	1.28018	1.27866	1.27901	2800	0	26
2019.11.06	15:00:00	1.27901	1.27978	1.27880	1.27940	3591	0	15
2019.11.06	16:00:00	1.27941	1.27995	1.27761	1.27764	3535	0	19
2019.11.06	17:00:00	1.27764	1.27840	1.27690	1.27761	3413	0	22
2019.11.06	18:00:00	1.27760	1.27847	1.27597	1.27671	4438	0	19
2019.11.06	19:00:00	1.27668	1.27741	1.27538	1.27596	2496	0	14
2019.11.06	20:00:00	1.27596	1.27596	1.27445	1.27498	1954	0	16
2019.11.06	21:00:00	1.27499	1.27581	1.27467	1.27559	1494	0	15
2019.11.06	22:00:00	1.27557	1.27578	1.27518	1.27555	1218	0	15
2019.11.06	23:00:00	1.27554	1.27633	1.27532	1.27579	966	0	13
2019.11.07	00:00:00	1.27545	1.27862	1.27046	1.27510	82906	0	62
2019.11.07	01:00:00	1.27510	1.27621	1.27500	1.27560	852	0	16
2019.11.07	02:00:00	1.27560	1.27577	1.27519	1.27521	895	0	13
2019.11.07	03:00:00	1.27521	1.27576	1.27438	1.27488	1107	0	14
2019.11.07	04:00:00	1.27488	1.27502	1.27350	1.27459	1263	0	11
2019.11.07	05:00:00	1.27459	1.27488	1.27399	1.27445	1406	0	11
2019.11.07	06:00:00	1.27461	1.27471	1.27405	1.27465	675	0	10
2019.11.07	07:00:00	1.27465	1.27519	1.27430	1.27514	764	0	9
2019.11.07	08:00:00	1.27514	1.27535	1.27414	1.27473	1021	0	11
2019.11.07	09:00:00	1.27469	1.27648	1.27408	1.27598	4881	0	15
2019.11.07	10:00:00	1.27595	1.27849	1.27557	1.27778	4559	0	20
2019.11.07	11:00:00	1.27777	1.27811	1.27719	1.27777	3803	0	23
2019.11.07	12:00:00	1.27778	1.27859	1.27537	1.27545	3983	0	20
2019.11.07	13:00:00	1.27540	1.27568	1.27400	1.27445	3699	0	18
2019.11.07	14:00:00	1.27444	1.27498	1.27044	1.27320	6849	0	18
2019.11.07	15:00:00	1.27320	1.27338	1.27040	1.27170	4614	0	21
2019.11.07	16:00:00	1.27169	1.27512	1.27159	1.27509	4661	0	19
2019.11.07	17:00:00	1.27508	1.27594	1.27376	1.27542	5413	0	19
2019.11.07	18:00:00	1.27542	1.27715	1.27525	1.27684	4215	0	23
2019.11.07	19:00:00	1.27687	1.27848	1.27611	1.27794	3347	0	21
2019.11.07	20:00:00	1.27794	1.27810	1.27699	1.27740	2469	0	15
2019.11.07	21:00:00	1.27740	1.27775	1.27593	1.27596	2495	0	13
2019.11.07	22:00:00	1.27596	1.27620	1.27447	1.27482	1975	0	23
2019.11.07	23:00:00	1.27481	1.27513	1.27439	1.27468	1014	0	10
2019.11.08	00:00:00	1.27365	1.27784	1.27292	1.27436	68657	0	54
2019.11.08	01:00:00	1.27436	1.27542	1.27427	1.27507	1007	0	10
2019.11.08	02:00:00	1.27507	1.27548	1.27443	1.27493	1290	0	15
2019.11.08	03:00:00	1.27495	1.27515	1.27446	1.27486	1100	0	15
2019.11.08	04:00:00	1.27486	1.27508	1.27401	1.27406	1088	0	13
2019.11.08	05:00:00	1.27406	1.27445	1.27390	1.27424	1048	0	10
2019.11.08	06:00:00	1.27424	1.27492	1.27415	1.27451	759	0	11
2019.11.08	07:00:00	1.27451	1.27477	1.27406	1.27414	788	0	14
2019.11.08	08:00:00	1.27414	1.27438	1.27350	1.27363	1091	0	7
2019.11.08	09:00:00	1.27363	1.27587	1.27357	1.27585	2798	0	16
2019.11.08	10:00:00	1.27579	1.27671	1.27520	1.27639	3584	0	21
2019.11.08	11:00:00	1.27639	1.27677	1.27447	1.27504	3270	0	25
2019.11.08	12:00:00	1.27504	1.27631	1.27495	1.27596	2655	0	13
2019.11.08	13:00:00	1.27595	1.27635	1.27486	1.27603	3111	0	21
2019.11.08	14:00:00	1.27598	1.27700	1.27496	1.27543	3440	0	20
2019.11.08	15:00:00	1.27539	1.27614	1.27485	1.27594	3600	0	18
2019.11.08	16:00:00	1.27594	1.27783	1.27571	1.27644	4002	0	18
2019.11.08	17:00:00	1.27644	1.27726	1.27498	1.27514	5048	0	20
2019.11.08	18:00:00	1.27513	1.27543	1.27384	1.27510	3362	0	23
2019.11.08	19:00:00	1.27511	1.27512	1.27333	1.27370	1882	0	14
2019.11.08	20:00:00	1.27369	1.27483	1.27353	1.27453	1590	0	15
2019.11.08	21:00:00	1.27453	1.27521	1.27438	1.27503	1461	0	14
2019.11.08	22:00:00	1.27503	1.27545	1.27480	1.27518	1028	0	14
2019.11.08	23:00:00	1.27521	1.27568	1.27363	1.27369	1129	0	11
2019.11.11	00:00:00	1.27281	1.28186	1.27253	1.27512	59009	0	101
2019.11.11	01:00:00	1.27512	1.27600	1.27491	1.27566	856	0	14
2019.11.11	02:00:00	1.27566	1.27649	1.27566	1.27642	887	0	8
2019.11.11	03:00:00	1.27642	1.27646	1.27527	1.27536	807	0	16
2019.11.11	04:00:00	1.27535	1.27564	1.27454	1.27491	875	0	15
2019.11.11	05:00:00	1.27491	1.27519	1.27447	1.27475	728	0	10
2019.11.11	06:00:00	1.27475	1.27513	1.27445	1.27498	659	0	14
2019.11.11	07:00:00	1.27517	1.27557	1.27477	1.27536	671	0	12
2019.11.11	08:00:00	1.27541	1.27541	1.27381	1.27437	1072	0	11
2019.11.11	09:00:00	1.27439	1.27564	1.27428	1.27549	2078	0	15
2019.11.11	10:00:00	1.27549	1.27599	1.27461	1.27580	3063	0	9
2019.11.11	11:00:00	1.27578	1.27586	1.27340	1.27421	2879	0	20
2019.11.11	12:00:00	1.27421	1.27543	1.27361	1.27528	2655	0	12
2019.11.11	13:00:00	1.27528	1.27661	1.27514	1.27643	2763	0	19
2019.11.11	14:00:00	1.27643	1.28179	1.27572	1.27992	5276	0	18
2019.11.11	15:00:00	1.27991	1.28032	1.27834	1.27834	2781	0	20
2019.11.11	16:00:00	1.27831	1.28022	1.27830	1.27987	2923	0	10
2019.11.11	17:00:00	1.27990	1.28042	1.27918	1.28029	3504	0	22
2019.11.11	18:00:00	1.28028	1.28051	1.27709	1.27821	2890	0	24
2019.11.11	19:00:00	1.27822	1.27849	1.27693	1.27693	1215	0	10
2019.11.11	20:00:00	1.27695	1.27708	1.27626	1.27643	1227	0	10
2019.11.11	21:00:00	1.27643	1.27673	1.27579	1.27661	1030	0	9
2019.11.11	22:00:00	1.27661	1.27678	1.27595	1.27664	888	0	7
2019.11.11	23:00:00	1.27664	1.27678	1.27622	1.27647	924	0	10
2019.11.12	00:00:00	1.27636	1.27980	1.27434	1.27647	73662	0	50
2019.11.12	01:00:00	1.27647	1.27681	1.27605	1.27641	941	0	13
2019.11.12	02:00:00	1.27641	1.27763	1.27634	1.27731	1258	0	15
2019.11.12	03:00:00	1.27731	1.27819	1.27703	1.27801	1164	0	10
2019.11.12	04:00:00	1.27801	1.27831	1.27773	1.27826	896	0	14
2019.11.12	05:00:00	1.27826	1.27867	1.27774	1.27829	877	0	14
2019.11.12	06:00:00	1.27829	1.27865	1.27808	1.27838	779	0	13
2019.11.12	07:00:00	1.27838	1.27929	1.27813	1.27908	957	0	9
2019.11.12	08:00:00	1.27908	1.27972	1.27879	1.27889	1090	0	10
2019.11.12	09:00:00	1.27894	1.27910	1.27736	1.27771	2332	0	11
2019.11.12	10:00:00	1.27771	1.27771	1.27484	1.27507	3579	0	19
2019.11.12	11:00:00	1.27507	1.27704	1.27423	1.27668	3538	0	20
2019.11.12	12:00:00	1.27668	1.27765	1.27640	1.27699	2668	0	23
2019.11.12	13:00:00	1.27696	1.27873	1.27684	1.27811	2666	0	23
2019.11.12	14:00:00	1.27811	1.27851	1.27720	1.27726	2667	0	25
2019.11.12	15:00:00	1.27726	1.27796	1.27689	1.27708	2871	0	18
2019.11.12	16:00:00	1.27708	1.27831	1.27696	1.27752	3884	0	14
2019.11.12	17:00:00	1.27751	1.27846	1.27599	1.27633	3939	0	16
2019.11.12	18:00:00	1.27632	1.27671	1.27520	1.27633	3751	0	25
2019.11.12	19:00:00	1.27633	1.27810	1.27628	1.27686	3084	0	15
2019.11.12	20:00:00	1.27685	1.27730	1.27586	1.27626	1678	0	15
2019.11.12	21:00:00	1.27623	1.27629	1.27573	1.27595	1695	0	15
2019.11.12	22:00:00	1.27595	1.27649	1.27546	1.27578	1536	0	14
2019.11.12	23:00:00	1.27583	1.27591	1.27506	1.27553	1286	0	10
2019.11.13	00:00:00	1.27556	1.27720	1.26911	1.27540	71488	0	48
2019.11.13	01:00:00	1.27540	1.27598	1.27470	1.27558	1061	0	14
2019.11.13	02:00:00	1.27558	1.27611	1.27487	1.27506	1065	0	12
2019.11.13	03:00:00	1.27506	1.27581	1.27448	1.27453	1308	0	13
2019.11.13	04:00:00	1.27453	1.27493	1.27431	1.27462	960	0	11
2019.11.13	05:00:00	1.27462	1.27472	1.27389	1.27397	815	0	13
2019.11.13	06:00:00	1.27397	1.27421	1.27301	1.27306	682	0	11
2019.11.13	07:00:00	1.27306	1.27338	1.27257	1.27298	849	0	10
2019.11.13	08:00:00	1.27298	1.27401	1.27220	1.27372	1136	0	11
2019.11.13	09:00:00	1.27374	1.27466	1.27319	1.27438	1842	0	8
2019.11.13	10:00:00	1.27438	1.27438	1.27173	1.27209	4019	0	22
2019.11.13	11:00:00	1.27210	1.27235	1.27027	1.27198	4047	0	18
2019.11.13	12:00:00	1.27199	1.27278	1.27082	1.27268	3297	0	24
2019.11.13	13:00:00	1.27268	1.27315	1.27042	1.27044	2778	0	13
2019.11.13	14:00:00	1.27044	1.27111	1.26962	1.27008	2862	0	13
2019.11.13	15:00:00	1.27008	1.27179	1.26970	1.27165	3441	0	21
2019.11.13	16:00:00	1.27166	1.27222	1.26937	1.26959	4300	0	18
2019.11.13	17:00:00	1.26959	1.27079	1.26926	1.27004	4213	0	19
2019.11.13	18:00:00	1.27003	1.27118	1.26958	1.27000	3301	0	22
2019.11.13	19:00:00	1.26998	1.27102	1.26985	1.27091	1999	0	13
2019.11.13	20:00:00	1.27091	1.27103	1.26960	1.26985	1586	0	11
2019.11.13	21:00:00	1.26985	1.27014	1.26907	1.27013	2006	0	13
2019.11.13	22:00:00	1.27011	1.27125	1.26994	1.27110	1431	0	17
2019.11.13	23:00:00	1.27110	1.27281	1.27102	1.27163	1190	0	11
2019.11.14	00:00:00	1.27183	1.27355	1.26732	1.27122	68989	0	44
2019.11.14	01:00:00	1.27122	1.27227	1.27122	1.27200	786	0	8
2019.11.14	02:00:00	1.27200	1.27203	1.27128	1.27130	939	0	16
2019.11.14	03:00:00	1.27130	1.27276	1.27130	1.27249	1120	0	9
2019.11.14	04:00:00	1.27246	1.27246	1.27097	1.27104	1114	0	14
2019.11.14	05:00:00	1.27104	1.27117	1.27049	1.27059	842	0	12
2019.11.14	06:00:00	1.27059	1.27099	1.27027	1.27063	992	0	10
2019.11.14	07:00:00	1.27063	1.27122	1.26980	1.26982	1101	0	8
2019.11.14	08:00:00	1.26985	1.27069	1.26958	1.26992	1114	0	14
2019.11.14	09:00:00	1.26990	1.27021	1.26903	1.26995	3019	0	19
2019.11.14	10:00:00	1.26995	1.27040	1.26730	1.26816	3423	0	21
2019.11.14	11:00:00	1.26816	1.27072	1.26760	1.26885	3308	0	20
2019.11.14	12:00:00	1.26882	1.27206	1.26881	1.27116	2649	0	19
2019.11.14	13:00:00	1.27116	1.27184	1.26925	1.26967	2762	0	20
2019.11.14	14:00:00	1.26967	1.27042	1.26894	1.26930	2858	0	12
2019.11.14	15:00:00	1.26928	1.27002	1.26886	1.26922	2283	0	11
2019.11.14	16:00:00	1.26922	1.27145	1.26874	1.27014	2909	0	23
2019.11.14	17:00:00	1.27013	1.27160	1.26964	1.27063	3516	0	18
2019.11.14	18:00:00	1.27067	1.27232	1.26984	1.27200	4235	0	14
2019.11.14	19:00:00	1.27195	1.27354	1.27181	1.27263	1965	0	11
2019.11.14	20:00:00	1.27263	1.27291	1.27200	1.27226	1736	0	15
2019.11.14	21:00:00	1.27226	1.27252	1.27194	1.27208	1627	0	10
2019.11.14	22:00:00	1.27208	1.27341	1.27206	1.27321	1102	0	13
2019.11.14	23:00:00	1.27321	1.27351	1.27227	1.27227	920	0	10
2019.11.15	00:00:00	1.27232	1.27839	1.27226	1.27254	55562	0	38
2019.11.15	01:00:00	1.27254	1.27360	1.27254	1.27350	854	0	14
2019.11.15	02:00:00	1.27350	1.27404	1.27319	1.27402	1186	0	15
2019.11.15	03:00:00	1.27402	1.27423	1.27352	1.27418	995	0	9
2019.11.15	04:00:00	1.27418	1.27432	1.27391	1.27408	771	0	11
2019.11.15	05:00:00	1.27408	1.27424	1.27356	1.27375	803	0	8
2019.11.15	06:00:00	1.27375	1.27396	1.27353	1.27382	704	0	12
2019.11.15	07:00:00	1.27377	1.27409	1.27353	1.27383	683	0	11
2019.11.15	08:00:00	1.27383	1.27453	1.27367	1.27449	955	0	10
2019.11.15	09:00:00	1.27449	1.27449	1.27316	1.27328	1573	0	11
2019.11.15	10:00:00	1.27327	1.27363	1.27241	1.27326	2283	0	12
2019.11.15	11:00:00	1.27326	1.27683	1.27326	1.27553	3039	0	14
2019.11.15	12:00:00	1.27549	1.27572	1.27323	1.27351	2452	0	21
2019.11.15	13:00:00	1.27349	1.27446	1.27313	1.27429	2128	0	20
2019.11.15	14:00:00	1.27429	1.27592	1.27397	1.27539	2557	0	13
2019.11.15	15:00:00	1.27539	1.27564	1.27370	1.27491	2679	0	18
2019.11.15	16:00:00	1.27491	1.27810	1.27482	1.27719	4967	0	18
2019.11.15	17:00:00	1.27719	1.27837	1.27574	1.27665	4119	0	19
2019.11.15	18:00:00	1.27665	1.27803	1.27608	1.27738	2814	0	15
2019.11.15	19:00:00	1.27738	1.27808	1.27669	1.27763	2015	0	24
2019.11.15	20:00:00	1.27763	1.27767	1.27647	1.27660	1304	0	12
2019.11.15	21:00:00	1.27660	1.27766	1.27652	1.27763	1334	0	12
2019.11.15	22:00:00	1.27764	1.27773	1.27658	1.27704	1064	0	13
2019.11.15	23:00:00	1.27703	1.27713	1.27613	1.27627	863	0	10
2019.11.18	00:00:00	1.27220	1.28598	1.27220	1.27737	70714	0	68
2019.11.18	01:00:00	1.27732	1.27829	1.27687	1.27762	1569	0	20
2019.11.18	02:00:00	1.27762	1.27803	1.27709	1.27778	1142	0	8
2019.11.18	03:00:00	1.27778	1.27860	1.27766	1.27857	865	0	13
2019.11.18	04:00:00	1.27857	1.27924	1.27857	1.27905	939	0	10
2019.11.18	05:00:00	1.27905	1.27960	1.27900	1.27923	1155	0	10
2019.11.18	06:00:00	1.27920	1.27948	1.27868	1.27872	917	0	7
2019.11.18	07:00:00	1.27872	1.27959	1.27869	1.27928	902	0	11
2019.11.18	08:00:00	1.27928	1.28032	1.27926	1.28031	948	0	12
2019.11.18	09:00:00	1.28031	1.28250	1.27990	1.28126	3146	0	19
2019.11.18	10:00:00	1.28126	1.28279	1.28110	1.28123	3939	0	23
2019.11.18	11:00:00	1.28123	1.28412	1.28095	1.28408	2739	0	10
2019.11.18	12:00:00	1.28408	1.28601	1.28297	1.28318	3446	0	12
2019.11.18	13:00:00	1.28318	1.28401	1.28169	1.28185	2115	0	12
2019.11.18	14:00:00	1.28186	1.28449	1.28154	1.28441	2445	0	15
2019.11.18	15:00:00	1.28441	1.28454	1.28121	1.28230	4214	0	18
2019.11.18	16:00:00	1.28229	1.28244	1.28006	1.28028	3992	0	18
2019.11.18	17:00:00	1.28028	1.28060	1.27870	1.28037	4344	0	22
2019.11.18	18:00:00	1.28037	1.28108	1.27974	1.28065	3616	0	14
2019.11.18	19:00:00	1.28064	1.28099	1.28013	1.28070	1693	0	14
2019.11.18	20:00:00	1.28071	1.28092	1.28012	1.28089	1526	0	9
2019.11.18	21:00:00	1.28089	1.28114	1.28017	1.28042	1344	0	8
2019.11.18	22:00:00	1.28042	1.28104	1.27993	1.28004	1170	0	10
2019.11.18	23:00:00	1.28006	1.28173	1.28003	1.28147	922	0	14
2019.11.19	00:00:00	1.28120	1.28467	1.27903	1.28070	67042	0	41
2019.11.19	01:00:00	1.28070	1.28143	1.28066	1.28087	733	0	26
2019.11.19	02:00:00	1.28087	1.28139	1.28062	1.28130	1285	0	26
2019.11.19	03:00:00	1.28130	1.28157	1.28102	1.28155	1044	0	15
2019.11.19	04:00:00	1.28155	1.28298	1.28139	1.28261	753	0	18
2019.11.19	05:00:00	1.28262	1.28284	1.28174	1.28189	613	0	19
2019.11.19	06:00:00	1.28189	1.28216	1.28178	1.28194	436	0	18
2019.11.19	07:00:00	1.28194	1.28282	1.28186	1.28269	824	0	12
2019.11.19	08:00:00	1.28269	1.28313	1.28252	1.28310	821	0	15
2019.11.19	09:00:00	1.28310	1.28382	1.28224	1.28267	1882	0	13
2019.11.19	10:00:00	1.28265	1.28386	1.28199	1.28296	3107	0	19
2019.11.19	11:00:00	1.28295	1.28445	1.28256	1.28435	3170	0	20
2019.11.19	12:00:00	1.28434	1.28461	1.28192	1.28202	2597	0	12
2019.11.19	13:00:00	1.28199	1.28267	1.28119	1.28260	2491	0	22
2019.11.19	14:00:00	1.28259	1.28293	1.28142	1.28208	2617	0	6
2019.11.19	15:00:00	1.28205	1.28300	1.28178	1.28264	3202	0	21
2019.11.19	16:00:00	1.28263	1.28346	1.28185	1.28266	3300	0	20
2019.11.19	17:00:00	1.28268	1.28367	1.27945	1.27975	4383	0	18
2019.11.19	18:00:00	1.27975	1.28135	1.27946	1.28109	3049	0	9
2019.11.19	19:00:00	1.28110	1.28146	1.27946	1.28042	2113	0	14
2019.11.19	20:00:00	1.28042	1.28047	1.27977	1.27991	1515	0	13
2019.11.19	21:00:00	1.27991	1.28036	1.27894	1.27928	1374	0	11
2019.11.19	22:00:00	1.27928	1.28082	1.27912	1.28057	1268	0	12
2019.11.19	23:00:00	1.28057	1.28057	1.27982	1.27982	927	0	9
2019.11.20	00:00:00	1.27988	1.28347	1.27653	1.28035	76775	0	42
2019.11.20	01:00:00	1.28035	1.28051	1.27920	1.28031	1073	0	18
2019.11.20	02:00:00	1.28031	1.28050	1.27921	1.27958	1293	0	12
2019.11.20	03:00:00	1.27958	1.27989	1.27709	1.27823	1777	0	14
2019.11.20	04:00:00	1.27823	1.27886	1.27796	1.27862	1196	0	14
2019.11.20	05:00:00	1.27860	1.27899	1.27828	1.27828	861	0	13
2019.11.20	06:00:00	1.27828	1.27865	1.27810	1.27849	778	0	10
2019.11.20	07:00:00	1.27849	1.27865	1.27756	1.27788	895	0	13
2019.11.20	08:00:00	1.27785	1.27874	1.27772	1.27856	923	0	10
2019.11.20	09:00:00	1.27853	1.27954	1.27850	1.27926	2385	0	9
2019.11.20	10:00:00	1.27926	1.27991	1.27651	1.27682	3716	0	20
2019.11.20	11:00:00	1.27681	1.28016	1.27681	1.27979	3225	0	21
2019.11.20	12:00:00	1.27979	1.28023	1.27901	1.27936	2880	0	11
2019.11.20	13:00:00	1.27936	1.28067	1.27917	1.27975	2555	0	11
2019.11.20	14:00:00	1.27975	1.28102	1.27945	1.28027	2627	0	22
2019.11.20	15:00:00	1.28025	1.28098	1.28001	1.28078	2961	0	21
2019.11.20	16:00:00	1.28077	1.28322	1.28062	1.28265	4345	0	18
2019.11.20	17:00:00	1.28264	1.28345	1.28090	1.28108	4489	0	19
2019.11.20	18:00:00	1.28110	1.28221	1.28090	1.28154	3366	0	19
2019.11.20	19:00:00	1.28154	1.28233	1.28046	1.28052	2368	0	13
2019.11.20	20:00:00	1.28049	1.28100	1.27918	1.27997	3690	0	20
2019.11.20	21:00:00	1.27987	1.28157	1.27977	1.28097	2407	0	15
2019.11.20	22:00:00	1.28098	1.28107	1.27973	1.28014	1288	0	16
2019.11.20	23:00:00	1.28016	1.28089	1.27990	1.27996	757	0	12
2019.11.21	00:00:00	1.27990	1.28599	1.27864	1.27991	82125	0	48
2019.11.21	01:00:00	1.27991	1.28032	1.27991	1.28005	691	0	13
2019.11.21	02:00:00	1.28005	1.28036	1.27917	1.27956	1140	0	12
2019.11.21	03:00:00	1.27956	1.27986	1.27854	1.27885	1524	0	12
2019.11.21	04:00:00	1.27885	1.28122	1.27874	1.28070	2008	0	13
2019.11.21	05:00:00	1.28070	1.28114	1.28039	1.28095	1216	0	12
2019.11.21	06:00:00	1.28097	1.28097	1.28040	1.28061	970	0	13
2019.11.21	07:00:00	1.28062	1.28097	1.28060	1.28080	900	0	12
2019.11.21	08:00:00	1.28079	1.28131	1.28039	1.28089	954	0	10
2019.11.21	09:00:00	1.28086	1.28174	1.28055	1.28174	2102	0	8
2019.11.21	10:00:00	1.28176	1.28225	1.28017	1.28142	3473	0	22
2019.11.21	11:00:00	1.28141	1.28199	1.28093	1.28194	2858	0	24
2019.11.21	12:00:00	1.28194	1.28323	1.28186	1.28215	3727	0	19
2019.11.21	13:00:00	1.28215	1.28383	1.28082	1.28369	3664	0	10
2019.11.21	14:00:00	1.28369	1.28515	1.28341	1.28444	3648	0	18
2019.11.21	15:00:00	1.28443	1.28595	1.28413	1.28535	4826	0	20
2019.11.21	16:00:00	1.28535	1.28554	1.28361	1.28368	4604	0	12
2019.11.21	17:00:00	1.28373	1.28402	1.28084	1.28095	5170	0	21
2019.11.21	18:00:00	1.28097	1.28151	1.27953	1.28114	4115	0	20
2019.11.21	19:00:00	1.28113	1.28135	1.28013	1.28072	2181	0	13
2019.11.21	20:00:00	1.28072	1.28102	1.28036	1.28085	1892	0	12
2019.11.21	21:00:00	1.28085	1.28174	1.28052	1.28130	1578	0	11
2019.11.21	22:00:00	1.28130	1.28193	1.28105	1.28191	1114	0	12
2019.11.21	23:00:00	1.28185	1.28209	1.28145	1.28157	1046	0	12
2019.11.22	00:00:00	1.28134	1.28512	1.27696	1.28167	79274	0	65
2019.11.22	01:00:00	1.28167	1.28252	1.28156	1.28245	1038	0	11
2019.11.22	02:00:00	1.28245	1.28313	1.28231	1.28269	1063	0	12
2019.11.22	03:00:00	1.28269	1.28402	1.28267	1.28360	1224	0	10
2019.11.22	04:00:00	1.28360	1.28367	1.28263	1.28263	920	0	8
2019.11.22	05:00:00	1.28263	1.28307	1.28252	1.28280	888	0	12
2019.11.22	06:00:00	1.28283	1.28352	1.28281	1.28335	651	0	7
2019.11.22	07:00:00	1.28335	1.28382	1.28318	1.28369	896	0	10
2019.11.22	08:00:00	1.28369	1.28427	1.28310	1.28349	1020	0	10
2019.11.22	09:00:00	1.28349	1.28429	1.28243	1.28422	2118	0	11
2019.11.22	10:00:00	1.28424	1.28510	1.28309	1.28332	5095	0	18
2019.11.22	11:00:00	1.28336	1.28369	1.27842	1.27896	5548	0	14
2019.11.22	12:00:00	1.27896	1.28106	1.27871	1.28063	2826	0	21
2019.11.22	13:00:00	1.28063	1.28094	1.27921	1.27969	3074	0	12
2019.11.22	14:00:00	1.27968	1.28060	1.27780	1.27881	3322	0	12
2019.11.22	15:00:00	1.27881	1.27913	1.27782	1.27826	3498	0	13
2019.11.22	16:00:00	1.27827	1.27959	1.27785	1.27903	3964	0	22
2019.11.22	17:00:00	1.27903	1.27926	1.27718	1.27743	4060	0	11
2019.11.22	18:00:00	1.27742	1.27894	1.27665	1.27850	3593	0	14
2019.11.22	19:00:00	1.27851	1.27976	1.27837	1.27971	2014	0	12
2019.11.22	20:00:00	1.27970	1.28060	1.27912	1.28047	1772	0	13
2019.11.22	21:00:00	1.28047	1.28066	1.27978	1.27999	1562	0	11
2019.11.22	22:00:00	1.27999	1.28084	1.27990	1.28011	1076	0	11
2019.11.22	23:00:00	1.28011	1.28011	1.27868	1.27877	1063	0	11
2019.11.25	00:00:00	1.28200	1.28779	1.27974	1.28167	71949	0	35
2019.11.25	01:00:00	1.28167	1.28223	1.28136	1.28207	870	0	10
2019.11.25	02:00:00	1.28207	1.28211	1.28106	1.28164	1256	0	14
2019.11.25	03:00:00	1.28164	1.28207	1.28124	1.28125	905	0	14
2019.11.25	04:00:00	1.28125	1.28156	1.28045	1.28049	1143	0	12
2019.11.25	05:00:00	1.28049	1.28072	1.27965	1.27982	904	0	11
2019.11.25	06:00:00	1.27982	1.28072	1.27975	1.28027	842	0	7
2019.11.25	07:00:00	1.28027	1.28168	1.28015	1.28152	1196	0	12
2019.11.25	08:00:00	1.28152	1.28170	1.28082	1.28157	1283	0	6
2019.11.25	09:00:00	1.28161	1.28321	1.28112	1.28286	2336	0	12
2019.11.25	10:00:00	1.28283	1.28417	1.28251	1.28385	3592	0	20
2019.11.25	11:00:00	1.28385	1.28504	1.28376	1.28484	3253	0	18
2019.11.25	12:00:00	1.28486	1.28521	1.28429	1.28501	2213	0	13
2019.11.25	13:00:00	1.28500	1.28509	1.28434	1.28453	1875	0	12
2019.11.25	14:00:00	1.28453	1.28505	1.28429	1.28448	2294	0	9
2019.11.25	15:00:00	1.28447	1.28571	1.28429	1.28516	3157	0	11
2019.11.25	16:00:00	1.28516	1.28554	1.28349	1.28515	4287	0	18
2019.11.25	17:00:00	1.28510	1.28776	1.28472	1.28706	4178	0	18
2019.11.25	18:00:00	1.28705	1.28709	1.28329	1.28376	3867	0	18
2019.11.25	19:00:00	1.28376	1.28492	1.28325	1.28459	2029	0	13
2019.11.25	20:00:00	1.28458	1.28572	1.28441	1.28549	1780	0	13
2019.11.25	21:00:00	1.28549	1.28648	1.28534	1.28635	1252	0	11
2019.11.25	22:00:00	1.28630	1.28674	1.28560	1.28622	1590	0	13
2019.11.25	23:00:00	1.28625	1.28632	1.28469	1.28469	868	0	7
2019.11.26	00:00:00	1.28500	1.28710	1.28043	1.28535	76130	0	38
2019.11.26	01:00:00	1.28535	1.28583	1.28525	1.28535	844	0	13
2019.11.26	02:00:00	1.28535	1.28646	1.28535	1.28587	927	0	10
2019.11.26	03:00:00	1.28587	1.28704	1.28528	1.28622	1605	0	11
2019.11.26	04:00:00	1.28622	1.28630	1.28519	1.28523	1190	0	10
2019.11.26	05:00:00	1.28523	1.28565	1.28485	1.28506	1112	0	9
2019.11.26	06:00:00	1.28506	1.28527	1.28447	1.28480	919	0	10
2019.11.26	07:00:00	1.28480	1.28518	1.28459	1.28471	1065	0	11
2019.11.26	08:00:00	1.28471	1.28532	1.28471	1.28511	944	0	12
2019.11.26	09:00:00	1.28507	1.28616	1.28447	1.28584	2326	0	12
2019.11.26	10:00:00	1.28584	1.28584	1.28420	1.28474	3798	0	20
2019.11.26	11:00:00	1.28474	1.28554	1.28331	1.28340	3515	0	23
2019.11.26	12:00:00	1.28340	1.28347	1.28124	1.28147	2600	0	18
2019.11.26	13:00:00	1.28147	1.28376	1.28141	1.28352	2819	0	19
2019.11.26	14:00:00	1.28354	1.28365	1.28193	1.28218	2697	0	13
2019.11.26	15:00:00	1.28218	1.28261	1.28090	1.28124	2676	0	18
2019.11.26	16:00:00	1.28123	1.28306	1.28041	1.28148	3830	0	14
2019.11.26	17:00:00	1.28148	1.28310	1.28098	1.28173	4685	0	20
2019.11.26	18:00:00	1.28171	1.28230	1.28137	1.28205	3833	0	20
2019.11.26	19:00:00	1.28203	1.28300	1.28169	1.28282	2154	0	10
2019.11.26	20:00:00	1.28283	1.28316	1.28230	1.28265	1803	0	11
2019.11.26	21:00:00	1.28265	1.28326	1.28175	1.28279	1402	0	12
2019.11.26	22:00:00	1.28282	1.28296	1.28219	1.28236	1253	0	7
2019.11.26	23:00:00	1.28236	1.28311	1.28233	1.28273	929	0	9
2019.11.27	00:00:00	1.28200	1.29142	1.28032	1.28220	79973	0	66
2019.11.27	01:00:00	1.28233	1.28336	1.28205	1.28287	873	0	14
2019.11.27	02:00:00	1.28287	1.28289	1.28201	1.28224	1369	0	9
2019.11.27	03:00:00	1.28224	1.28309	1.28199	1.28233	1324	0	6
2019.11.27	04:00:00	1.28233	1.28278	1.28180	1.28226	895	0	11
2019.11.27	05:00:00	1.28226	1.28270	1.28200	1.28244	988	0	12
2019.11.27	06:00:00	1.28244	1.28306	1.28224	1.28273	1153	0	10
2019.11.27	07:00:00	1.28273	1.28306	1.28213	1.28215	874	0	12
2019.11.27	08:00:00	1.28215	1.28250	1.28157	1.28179	1141	0	11
2019.11.27	09:00:00	1.28179	1.28191	1.28022	1.28158	2327	0	13
2019.11.27	10:00:00	1.28158	1.28243	1.28136	1.28180	3536	0	19
2019.11.27	11:00:00	1.28181	1.28370	1.28149	1.28323	3280	0	18
2019.11.27	12:00:00	1.28323	1.28591	1.28309	1.28553	3008	0	10
2019.11.27	13:00:00	1.28553	1.28628	1.28423	1.28599	3457	0	15
2019.11.27	14:00:00	1.28598	1.28622	1.28486	1.28559	2787	0	13
2019.11.27	15:00:00	1.28558	1.28701	1.28497	1.28657	4094	0	18
2019.11.27	16:00:00	1.28657	1.28704	1.28571	1.28634	4144	0	21
2019.11.27	17:00:00	1.28634	1.28687	1.28496	1.28622	4448	0	18
2019.11.27	18:00:00	1.28621	1.28840	1.28598	1.28727	4119	0	18
2019.11.27	19:00:00	1.28728	1.28789	1.28700	1.28781	2097	0	12
2019.11.27	20:00:00	1.28778	1.29045	1.28770	1.28953	2586	0	11
2019.11.27	21:00:00	1.28953	1.29070	1.28903	1.29062	1866	0	12
2019.11.27	22:00:00	1.29067	1.29089	1.28935	1.28956	1559	0	9
2019.11.27	23:00:00	1.28956	1.29135	1.28814	1.29073	1531	0	12
2019.11.28	00:00:00	1.29083	1.29394	1.28821	1.29253	61022	0	75
2019.11.28	01:00:00	1.29251	1.29310	1.29067	1.29106	1122	0	15
2019.11.28	02:00:00	1.29096	1.29174	1.29006	1.29029	1428	0	14
2019.11.28	03:00:00	1.29033	1.29130	1.29022	1.29112	1167	0	13
2019.11.28	04:00:00	1.29110	1.29143	1.29082	1.29114	814	0	12
2019.11.28	05:00:00	1.29114	1.29173	1.29104	1.29114	1016	0	11
2019.11.28	06:00:00	1.29114	1.29146	1.29088	1.29134	691	0	9
2019.11.28	07:00:00	1.29132	1.29233	1.29122	1.29208	898	0	7
2019.11.28	08:00:00	1.29208	1.29357	1.29191	1.29336	1277	0	12
2019.11.28	09:00:00	1.29334	1.29388	1.29291	1.29300	2210	0	13
2019.11.28	10:00:00	1.29300	1.29349	1.29061	1.29192	3728	0	21
2019.11.28	11:00:00	1.29191	1.29291	1.29079	1.29178	2717	0	13
2019.11.28	12:00:00	1.29180	1.29211	1.29061	1.29183	2158	0	10
2019.11.28	13:00:00	1.29183	1.29229	1.28956	1.29020	2817	0	18
2019.11.28	14:00:00	1.29020	1.29060	1.28817	1.28942	2848	0	20
2019.11.28	15:00:00	1.28941	1.29025	1.28924	1.28947	2736	0	10
2019.11.28	16:00:00	1.28946	1.29034	1.28910	1.28925	1962	0	11
2019.11.28	17:00:00	1.28925	1.28968	1.28818	1.28850	2148	0	9
2019.11.28	18:00:00	1.28850	1.28976	1.28850	1.28933	1728	0	9
2019.11.28	19:00:00	1.28933	1.28970	1.28866	1.28891	1006	0	12
2019.11.28	20:00:00	1.28891	1.28943	1.28800	1.28929	2799	0	24
2019.11.28	21:00:00	1.28929	1.28988	1.28917	1.28944	796	0	37
2019.11.28	22:00:00	1.28944	1.28966	1.28901	1.28942	261	0	33
2019.11.28	23:00:00	1.28942	1.28973	1.28816	1.28898	959	0	36
2019.11.29	00:00:00	1.28854	1.29405	1.28771	1.28859	71332	0	66
2019.11.29	01:00:00	1.28859	1.28942	1.28847	1.28914	644	0	27
2019.11.29	02:00:00	1.28914	1.28950	1.28877	1.28895	1276	0	13
2019.11.29	03:00:00	1.28895	1.28917	1.28860	1.28881	1276	0	13
2019.11.29	04:00:00	1.28881	1.28925	1.28867	1.28901	900	0	13
2019.11.29	05:00:00	1.28901	1.28927	1.28858	1.28904	1016	0	13
2019.11.29	06:00:00	1.28904	1.28935	1.28868	1.28918	873	0	10
2019.11.29	07:00:00	1.28918	1.28960	1.28906	1.28956	990	0	10
2019.11.29	08:00:00	1.28954	1.29006	1.28904	1.28968	921	0	12
2019.11.29	09:00:00	1.28968	1.28999	1.28828	1.28996	1855	0	11
2019.11.29	10:00:00	1.28995	1.29006	1.28807	1.28944	2572	0	12
2019.11.29	11:00:00	1.28942	1.28971	1.28768	1.28827	3017	0	22
2019.11.29	12:00:00	1.28825	1.28909	1.28785	1.28863	2168	0	9
2019.11.29	13:00:00	1.28863	1.29106	1.28828	1.29008	2551	0	13
2019.11.29	14:00:00	1.29008	1.29097	1.28882	1.29005	2532	0	12
2019.11.29	15:00:00	1.29005	1.29095	1.28964	1.29071	3352	0	10
2019.11.29	16:00:00	1.29070	1.29218	1.29024	1.29167	3873	0	18
2019.11.29	17:00:00	1.29165	1.29304	1.29081	1.29281	5538	0	19
2019.11.29	18:00:00	1.29282	1.29389	1.29104	1.29379	4432	0	21
2019.11.29	19:00:00	1.29379	1.29399	1.29260	1.29265	2501	0	18
2019.11.29	20:00:00	1.29265	1.29346	1.29221	1.29317	1728	0	14
2019.11.29	21:00:00	1.29317	1.29344	1.29270	1.29331	1546	0	23
2019.11.29	22:00:00	1.29331	1.29363	1.29272	1.29317	985	0	20
2019.11.29	23:00:00	1.29317	1.29363	1.29129	1.29160	1008	0	32
2019.12.02	00:00:00	1.29067	1.29297	1.28203	1.29089	75967	0	22
2019.12.02	01:00:00	1.29079	1.29173	1.29074	1.29126	1197	0	17
2019.12.02	02:00:00	1.29126	1.29254	1.29117	1.29183	1379	0	12
2019.12.02	03:00:00	1.29183	1.29217	1.29128	1.29145	1385	0	10
2019.12.02	04:00:00	1.29145	1.29181	1.29128	1.29148	1075	0	11
2019.12.02	05:00:00	1.29148	1.29162	1.29065	1.29088	940	0	10
2019.12.02	06:00:00	1.29088	1.29140	1.29062	1.29128	924	0	12
2019.12.02	07:00:00	1.29128	1.29177	1.29091	1.29151	1075	0	12
2019.12.02	08:00:00	1.29148	1.29186	1.29114	1.29144	862	0	11
2019.12.02	09:00:00	1.29146	1.29292	1.29048	1.29161	2120	0	11
2019.12.02	10:00:00	1.29160	1.29274	1.29101	1.29104	3130	0	9
2019.12.02	11:00:00	1.29104	1.29134	1.28976	1.29088	2945	0	20
2019.12.02	12:00:00	1.29087	1.29091	1.28885	1.28920	2646	0	14
2019.12.02	13:00:00	1.28920	1.28963	1.28800	1.28882	2889	0	19
2019.12.02	14:00:00	1.28882	1.29034	1.28862	1.28967	3349	0	7
2019.12.02	15:00:00	1.28972	1.29038	1.28813	1.28856	3435	0	10
2019.12.02	16:00:00	1.28857	1.28938	1.28683	1.28684	3445	0	21
2019.12.02	17:00:00	1.28688	1.28720	1.28281	1.28292	6734	0	18
2019.12.02	18:00:00	1.28298	1.28331	1.28196	1.28315	3582	0	18
2019.12.02	19:00:00	1.28315	1.28420	1.28268	1.28293	2763	0	22
2019.12.02	20:00:00	1.28293	1.28422	1.28285	1.28286	1776	0	29
2019.12.02	21:00:00	1.28286	1.28394	1.28263	1.28327	1703	0	15
2019.12.02	22:00:00	1.28328	1.28372	1.28309	1.28324	1498	0	12
2019.12.02	23:00:00	1.28324	1.28351	1.28206	1.28206	911	0	9
2019.12.03	00:00:00	1.28251	1.28655	1.28040	1.28272	80620	0	23
2019.12.03	01:00:00	1.28272	1.28295	1.28233	1.28278	1096	0	10
2019.12.03	02:00:00	1.28279	1.28279	1.28202	1.28261	1406	0	13
2019.12.03	03:00:00	1.28261	1.28279	1.28230	1.28268	1130	0	11
2019.12.03	04:00:00	1.28264	1.28368	1.28237	1.28346	1130	0	13
2019.12.03	05:00:00	1.28346	1.28430	1.28332	1.28372	1007	0	12
2019.12.03	06:00:00	1.28372	1.28426	1.28366	1.28391	986	0	12
2019.12.03	07:00:00	1.28391	1.28429	1.28368	1.28403	882	0	8
2019.12.03	08:00:00	1.28403	1.28457	1.28374	1.28445	917	0	8
2019.12.03	09:00:00	1.28443	1.28504	1.28329	1.28493	2544	0	12
2019.12.03	10:00:00	1.28496	1.28580	1.28465	1.28567	4261	0	20
2019.12.03	11:00:00	1.28566	1.28584	1.28372	1.28467	3357	0	20
2019.12.03	12:00:00	1.28466	1.28571	1.28315	1.28518	4983	0	22
2019.12.03	13:00:00	1.28514	1.28571	1.28425	1.28442	3362	0	22
2019.12.03	14:00:00	1.28442	1.28640	1.28413	1.28629	3544	0	23
2019.12.03	15:00:00	1.28631	1.28651	1.28416	1.28432	3605	0	19
2019.12.03	16:00:00	1.28432	1.28460	1.28247	1.28298	5129	0	23
2019.12.03	17:00:00	1.28296	1.28312	1.28036	1.28152	5432	0	18
2019.12.03	18:00:00	1.28149	1.28247	1.28139	1.28215	3693	0	9
2019.12.03	19:00:00	1.28213	1.28332	1.28194	1.28277	1951	0	11
2019.12.03	20:00:00	1.28277	1.28310	1.28201	1.28296	1649	0	9
2019.12.03	21:00:00	1.28297	1.28298	1.28192	1.28212	1346	0	11
2019.12.03	22:00:00	1.28212	1.28306	1.28169	1.28301	1299	0	11
2019.12.03	23:00:00	1.28293	1.28323	1.28231	1.28256	1060	0	10
2019.12.04	00:00:00	1.28179	1.29693	1.28084	1.28217	86117	0	40
2019.12.04	01:00:00	1.28217	1.28332	1.28212	1.28307	1184	0	7
2019.12.04	02:00:00	1.28303	1.28316	1.28202	1.28225	1497	0	13
2019.12.04	03:00:00	1.28225	1.28314	1.28194	1.28304	1481	0	11
2019.12.04	04:00:00	1.28304	1.28323	1.28274	1.28285	1048	0	11
2019.12.04	05:00:00	1.28285	1.28361	1.28265	1.28326	1036	0	6
2019.12.04	06:00:00	1.28328	1.28356	1.28302	1.28308	948	0	13
2019.12.04	07:00:00	1.28308	1.28315	1.28237	1.28289	913	0	9
2019.12.04	08:00:00	1.28289	1.28329	1.28251	1.28257	942	0	8
2019.12.04	09:00:00	1.28262	1.28262	1.28079	1.28144	2402	0	11
2019.12.04	10:00:00	1.28143	1.28669	1.28109	1.28652	4931	0	19
2019.12.04	11:00:00	1.28650	1.29092	1.28645	1.29075	6476	0	18
2019.12.04	12:00:00	1.29075	1.29078	1.28832	1.29016	3148	0	23
2019.12.04	13:00:00	1.29016	1.29120	1.28994	1.29066	3474	0	15
2019.12.04	14:00:00	1.29066	1.29495	1.29059	1.29415	4092	0	20
2019.12.04	15:00:00	1.29415	1.29492	1.29220	1.29249	5134	0	18
2019.12.04	16:00:00	1.29251	1.29322	1.29151	1.29247	3766	0	19
2019.12.04	17:00:00	1.29247	1.29690	1.29197	1.29603	6272	0	18
2019.12.04	18:00:00	1.29603	1.29677	1.29495	1.29546	4110	0	18
2019.12.04	19:00:00	1.29547	1.29549	1.29452	1.29490	1631	0	13
2019.12.04	20:00:00	1.29491	1.29553	1.29452	1.29514	1434	0	11
2019.12.04	21:00:00	1.29514	1.29596	1.29504	1.29577	1234	0	10
2019.12.04	22:00:00	1.29575	1.29591	1.29522	1.29552	1195	0	13
2019.12.04	23:00:00	1.29552	1.29595	1.29476	1.29476	984	0	8
2019.12.05	00:00:00	1.29502	1.30151	1.29405	1.29493	72471	0	45
2019.12.05	01:00:00	1.29484	1.29595	1.29482	1.29547	1071	0	12
2019.12.05	02:00:00	1.29547	1.29576	1.29490	1.29527	1157	0	11
2019.12.05	03:00:00	1.29527	1.29589	1.29507	1.29553	1191	0	11
2019.12.05	04:00:00	1.29550	1.29608	1.29549	1.29556	1235	0	12
2019.12.05	05:00:00	1.29556	1.29618	1.29529	1.29529	1072	0	8
2019.12.05	06:00:00	1.29529	1.29582	1.29513	1.29544	821	0	10
2019.12.05	07:00:00	1.29544	1.29564	1.29469	1.29502	826	0	9
2019.12.05	08:00:00	1.29502	1.29517	1.29427	1.29436	889	0	8
2019.12.05	09:00:00	1.29441	1.29922	1.29441	1.29889	3032	0	13
2019.12.05	10:00:00	1.29889	1.29986	1.29830	1.29880	3416	0	12
2019.12.05	11:00:00	1.29879	1.29971	1.29792	1.29883	2543	0	12
2019.12.05	12:00:00	1.29883	1.29938	1.29765	1.29870	2375	0	7
2019.12.05	13:00:00	1.29870	1.29922	1.29813	1.29823	2315	0	11
2019.12.05	14:00:00	1.29824	1.29898	1.29713	1.29776	2598	0	14
2019.12.05	15:00:00	1.29775	1.29896	1.29717	1.29896	3174	0	22
2019.12.05	16:00:00	1.29896	1.30146	1.29845	1.30045	3391	0	21
2019.12.05	17:00:00	1.30044	1.30062	1.29812	1.29998	4434	0	20
2019.12.05	18:00:00	1.29997	1.30007	1.29798	1.29947	4027	0	20
2019.12.05	19:00:00	1.29947	1.29979	1.29822	1.29885	1885	0	11
2019.12.05	20:00:00	1.29885	1.29908	1.29848	1.29893	1568	0	12
2019.12.05	21:00:00	1.29893	1.29928	1.29844	1.29909	1442	0	10
2019.12.05	22:00:00	1.29913	1.29939	1.29869	1.29914	1492	0	8
2019.12.05	23:00:00	1.29918	1.29977	1.29852	1.29852	1037	0	8
2019.12.06	00:00:00	1.29788	1.30118	1.29495	1.29891	71118	0	54
2019.12.06	01:00:00	1.29883	1.29919	1.29864	1.29885	769	0	13
2019.12.06	02:00:00	1.29883	1.29920	1.29853	1.29884	1116	0	14
2019.12.06	03:00:00	1.29884	1.29898	1.29822	1.29831	970	0	13
2019.12.06	04:00:00	1.29831	1.29880	1.29814	1.29841	908	0	12
2019.12.06	05:00:00	1.29841	1.29903	1.29827	1.29903	996	0	6
2019.12.06	06:00:00	1.29901	1.29917	1.29853	1.29857	922	0	7
2019.12.06	07:00:00	1.29855	1.29885	1.29826	1.29834	704	0	11
2019.12.06	08:00:00	1.29834	1.30085	1.29830	1.30021	1372	0	12
2019.12.06	09:00:00	1.30023	1.30032	1.29836	1.29882	1816	0	11
2019.12.06	10:00:00	1.29879	1.29909	1.29535	1.29616	3152	0	18
2019.12.06	11:00:00	1.29616	1.29721	1.29492	1.29654	2577	0	11
2019.12.06	12:00:00	1.29652	1.29821	1.29642	1.29758	2496	0	9
2019.12.06	13:00:00	1.29758	1.29893	1.29751	1.29791	2268	0	13
2019.12.06	14:00:00	1.29792	1.29997	1.29764	1.29980	2380	0	12
2019.12.06	15:00:00	1.29981	1.30111	1.29665	1.30028	5470	0	20
2019.12.06	16:00:00	1.30026	1.30079	1.29897	1.29998	4090	0	22
2019.12.06	17:00:00	1.29998	1.30057	1.29822	1.29853	5266	0	21
2019.12.06	18:00:00	1.29853	1.30047	1.29848	1.30047	3128	0	20
2019.12.06	19:00:00	1.30045	1.30081	1.29964	1.30026	1687	0	10
2019.12.06	20:00:00	1.30026	1.30109	1.30025	1.30066	1253	0	8
2019.12.06	21:00:00	1.30066	1.30098	1.30030	1.30038	1328	0	12
2019.12.06	22:00:00	1.30038	1.30090	1.30001	1.30070	1671	0	13
2019.12.06	23:00:00	1.30070	1.30070	1.29956	1.30020	877	0	9
2019.12.09	00:00:00	1.30111	1.30565	1.29734	1.30005	69321	0	80
2019.12.09	01:00:00	1.30002	1.30151	1.29991	1.30132	1783	0	14
2019.12.09	02:00:00	1.30132	1.30190	1.30115	1.30119	1310	0	13
2019.12.09	03:00:00	1.30119	1.30200	1.30119	1.30180	1107	0	13
2019.12.09	04:00:00	1.30179	1.30230	1.30165	1.30216	1159	0	10
2019.12.09	05:00:00	1.30216	1.30256	1.30208	1.30230	832	0	12
2019.12.09	06:00:00	1.30230	1.30264	1.30183	1.30183	997	0	13
2019.12.09	07:00:00	1.30183	1.30254	1.30170	1.30240	876	0	11
2019.12.09	08:00:00	1.30240	1.30549	1.30209	1.30468	2196	0	13
2019.12.09	09:00:00	1.30463	1.30495	1.30381	1.30400	2018	0	12
2019.12.09	10:00:00	1.30399	1.30448	1.30193	1.30278	3280	0	12
2019.12.09	11:00:00	1.30278	1.30332	1.30213	1.30253	2210	0	10
2019.12.09	12:00:00	1.30249	1.30410	1.30240	1.30364	2327	0	12
2019.12.09	13:00:00	1.30364	1.30450	1.30301	1.30370	2427	0	12
2019.12.09	14:00:00	1.30370	1.30419	1.30084	1.30102	2556	0	11
2019.12.09	15:00:00	1.30101	1.30270	1.30059	1.30137	3232	0	21
2019.12.09	16:00:00	1.30137	1.30159	1.30009	1.30050	3246	0	11
2019.12.09	17:00:00	1.30050	1.30116	1.29955	1.30007	3600	0	20
2019.12.09	18:00:00	1.30011	1.30019	1.29893	1.29962	2555	0	9
2019.12.09	19:00:00	1.29957	1.30012	1.29917	1.29977	1900	0	10
2019.12.09	20:00:00	1.29977	1.30038	1.29933	1.29997	1730	0	10
2019.12.09	21:00:00	1.29997	1.30007	1.29869	1.29870	1805	0	13
2019.12.09	22:00:00	1.29870	1.29931	1.29864	1.29876	1123	0	9
2019.12.09	23:00:00	1.29877	1.29905	1.29744	1.29753	981	0	8
2019.12.10	00:00:00	1.29763	1.30033	1.29480	1.29732	72508	0	33
2019.12.10	01:00:00	1.29740	1.29864	1.29738	1.29852	980	0	12
2019.12.10	02:00:00	1.29848	1.29906	1.29827	1.29871	878	0	12
2019.12.10	03:00:00	1.29871	1.29952	1.29861	1.29929	904	0	7
2019.12.10	04:00:00	1.29929	1.29941	1.29869	1.29917	890	0	8
2019.12.10	05:00:00	1.29917	1.29937	1.29892	1.29911	799	0	9
2019.12.10	06:00:00	1.29911	1.29936	1.29887	1.29904	862	0	10
2019.12.10	07:00:00	1.29904	1.29945	1.29879	1.29886	889	0	8
2019.12.10	08:00:00	1.29886	1.29971	1.29882	1.29937	830	0	10
2019.12.10	09:00:00	1.29945	1.29950	1.29725	1.29748	1963	0	8
2019.12.10	10:00:00	1.29752	1.29874	1.29590	1.29847	3402	0	19
2019.12.10	11:00:00	1.29846	1.29977	1.29714	1.29773	3430	0	19
2019.12.10	12:00:00	1.29773	1.29936	1.29753	1.29880	3137	0	21
2019.12.10	13:00:00	1.29879	1.30007	1.29725	1.29863	3264	0	18
2019.12.10	14:00:00	1.29864	1.29926	1.29781	1.29891	2600	0	12
2019.12.10	15:00:00	1.29894	1.30025	1.29827	1.29844	3837	0	23
2019.12.10	16:00:00	1.29844	1.29961	1.29836	1.29893	3870	0	21
2019.12.10	17:00:00	1.29893	1.30000	1.29789	1.29860	4292	0	21
2019.12.10	18:00:00	1.29860	1.29886	1.29710	1.29813	3614	0	11
2019.12.10	19:00:00	1.29812	1.29884	1.29791	1.29852	2401	0	9
2019.12.10	20:00:00	1.29851	1.29929	1.29781	1.29854	1896	0	9
2019.12.10	21:00:00	1.29854	1.29949	1.29776	1.29854	2136	0	8
2019.12.10	22:00:00	1.29852	1.29894	1.29661	1.29792	2009	0	10
2019.12.10	23:00:00	1.29792	1.29908	1.29447	1.29451	1866	0	10
2019.12.11	00:00:00	1.29481	1.29996	1.28937	1.29148	85025	0	36
2019.12.11	01:00:00	1.29155	1.29269	1.29061	1.29246	1629	0	13
2019.12.11	02:00:00	1.29246	1.29294	1.29184	1.29292	1208	0	12
2019.12.11	03:00:00	1.29302	1.29306	1.29244	1.29244	1044	0	10
2019.12.11	04:00:00	1.29244	1.29311	1.29223	1.29296	880	0	10
2019.12.11	05:00:00	1.29296	1.29349	1.29272	1.29329	874	0	6
2019.12.11	06:00:00	1.29329	1.29458	1.29327	1.29381	903	0	9
2019.12.11	07:00:00	1.29381	1.29468	1.29381	1.29390	837	0	6
2019.12.11	08:00:00	1.29390	1.29416	1.29314	1.29355	1346	0	12
2019.12.11	09:00:00	1.29363	1.29405	1.29142	1.29158	2767	0	10
2019.12.11	10:00:00	1.29158	1.29456	1.29145	1.29350	4219	0	20
2019.12.11	11:00:00	1.29349	1.29528	1.29326	1.29377	3653	0	14
2019.12.11	12:00:00	1.29377	1.29567	1.29368	1.29547	3210	0	14
2019.12.11	13:00:00	1.29546	1.29607	1.29459	1.29523	2709	0	14
2019.12.11	14:00:00	1.29519	1.29612	1.29450	1.29583	2968	0	10
2019.12.11	15:00:00	1.29580	1.29789	1.29520	1.29727	3947	0	19
2019.12.11	16:00:00	1.29728	1.29990	1.29718	1.29963	4037	0	22
2019.12.11	17:00:00	1.29960	1.29990	1.29871	1.29951	3502	0	11
2019.12.11	18:00:00	1.29950	1.29963	1.29840	1.29856	2710	0	10
2019.12.11	19:00:00	1.29855	1.29913	1.29813	1.29832	1949	0	9
2019.12.11	20:00:00	1.29832	1.29896	1.29704	1.29705	1703	0	12
2019.12.11	21:00:00	1.29708	1.29883	1.29619	1.29648	3896	0	25
2019.12.11	22:00:00	1.29647	1.29753	1.29626	1.29719	2499	0	20
2019.12.11	23:00:00	1.29719	1.29730	1.29583	1.29687	1224	0	11
2019.12.12	00:00:00	1.29671	1.29930	1.28829	1.29666	84424	0	27
2019.12.12	01:00:00	1.29667	1.29698	1.29603	1.29676	883	0	9
2019.12.12	02:00:00	1.29675	1.29748	1.29626	1.29662	1127	0	12
2019.12.12	03:00:00	1.29662	1.29923	1.29643	1.29891	1044	0	11
2019.12.12	04:00:00	1.29894	1.29920	1.29839	1.29880	1252	0	10
2019.12.12	05:00:00	1.29882	1.29919	1.29822	1.29855	984	0	11
2019.12.12	06:00:00	1.29856	1.29859	1.29798	1.29817	748	0	9
2019.12.12	07:00:00	1.29817	1.29832	1.29739	1.29746	886	0	11
2019.12.12	08:00:00	1.29746	1.29858	1.29746	1.29770	926	0	8
2019.12.12	09:00:00	1.29770	1.29892	1.29751	1.29892	2049	0	7
2019.12.12	10:00:00	1.29892	1.29892	1.29582	1.29640	2972	0	9
2019.12.12	11:00:00	1.29639	1.29754	1.29527	1.29527	2859	0	11
2019.12.12	12:00:00	1.29527	1.29744	1.29511	1.29612	2944	0	23
2019.12.12	13:00:00	1.29609	1.29622	1.29206	1.29537	4682	0	18
2019.12.12	14:00:00	1.29539	1.29539	1.29199	1.29484	3165	0	21
2019.12.12	15:00:00	1.29485	1.29521	1.28820	1.29175	6311	0	19
2019.12.12	16:00:00	1.29173	1.29610	1.29124	1.29474	7169	0	20
2019.12.12	17:00:00	1.29475	1.29667	1.29267	1.29468	7348	0	18
2019.12.12	18:00:00	1.29464	1.29572	1.29411	1.29474	5128	0	21
2019.12.12	19:00:00	1.29475	1.29545	1.29274	1.29318	3199	0	25
2019.12.12	20:00:00	1.29318	1.29378	1.28764	1.29031	4127	0	20
2019.12.12	21:00:00	1.29031	1.29540	1.28874	1.29483	4933	0	18
2019.12.12	22:00:00	1.29481	1.29855	1.29473	1.29679	5053	0	18
2019.12.12	23:00:00	1.29679	1.29802	1.29507	1.29639	2350	0	24
2019.12.13	00:00:00	1.29620	1.33090	1.29620	1.32468	125938	0	37
2019.12.13	01:00:00	1.32468	1.32804	1.32452	1.32706	3677	0	19
2019.12.13	02:00:00	1.32706	1.32769	1.32500	1.32596	2647	0	20
2019.12.13	03:00:00	1.32593	1.32863	1.32519	1.32834	2614	0	20
2019.12.13	04:00:00	1.32834	1.32963	1.32627	1.32691	1998	0	12
2019.12.13	05:00:00	1.32691	1.32771	1.32407	1.32760	1974	0	17
2019.12.13	06:00:00	1.32760	1.32796	1.32536	1.32561	1512	0	13
2019.12.13	07:00:00	1.32561	1.32786	1.32561	1.32741	1238	0	15
2019.12.13	08:00:00	1.32739	1.32843	1.32393	1.32550	2247	0	14
2019.12.13	09:00:00	1.32551	1.32682	1.31588	1.31738	5826	0	18
2019.12.13	10:00:00	1.31739	1.32091	1.31580	1.31660	6308	0	18
2019.12.13	11:00:00	1.31659	1.31806	1.31222	1.31778	5689	0	10
2019.12.13	12:00:00	1.31773	1.31823	1.31586	1.31732	4528	0	18
2019.12.13	13:00:00	1.31732	1.31732	1.31481	1.31572	3677	0	21
2019.12.13	14:00:00	1.31572	1.31609	1.31454	1.31536	3468	0	15
2019.12.13	15:00:00	1.31536	1.31573	1.30911	1.31092	5886	0	25
2019.12.13	16:00:00	1.31095	1.31211	1.30791	1.30935	8139	0	18
2019.12.13	17:00:00	1.30934	1.31557	1.30814	1.31139	9805	0	18
2019.12.13	18:00:00	1.31140	1.31344	1.30923	1.31304	6191	0	21
2019.12.13	19:00:00	1.31304	1.31325	1.31107	1.31126	2830	0	22
2019.12.13	20:00:00	1.31125	1.31247	1.31119	1.31214	2046	0	13
2019.12.13	21:00:00	1.31211	1.31233	1.31144	1.31212	2011	0	9
2019.12.13	22:00:00	1.31213	1.31317	1.31198	1.31299	1950	0	15
2019.12.13	23:00:00	1.31299	1.31321	1.31170	1.31223	918	0	8
2019.12.16	00:00:00	1.31067	1.31981	1.30920	1.31193	86040	0	72
2019.12.16	01:00:00	1.31193	1.31399	1.31181	1.31371	1756	0	16
2019.12.16	02:00:00	1.31371	1.31464	1.31359	1.31443	1285	0	7
2019.12.16	03:00:00	1.31443	1.31486	1.31412	1.31479	1000	0	11
2019.12.16	04:00:00	1.31481	1.31796	1.31475	1.31770	1495	0	11
2019.12.16	05:00:00	1.31770	1.31850	1.31730	1.31761	1319	0	10
2019.12.16	06:00:00	1.31761	1.31785	1.31714	1.31725	829	0	9
2019.12.16	07:00:00	1.31724	1.31781	1.31655	1.31686	964	0	10
2019.12.16	08:00:00	1.31686	1.31975	1.31588	1.31929	1613	0	12
2019.12.16	09:00:00	1.31926	1.31932	1.31524	1.31618	2789	0	19
2019.12.16	10:00:00	1.31618	1.31658	1.31415	1.31528	4827	0	20
2019.12.16	11:00:00	1.31527	1.31539	1.31057	1.31113	4606	0	19
2019.12.16	12:00:00	1.31112	1.31479	1.31077	1.31479	3274	0	18
2019.12.16	13:00:00	1.31479	1.31528	1.31386	1.31387	2938	0	12
2019.12.16	14:00:00	1.31387	1.31441	1.31295	1.31397	3188	0	24
2019.12.16	15:00:00	1.31397	1.31423	1.30961	1.31051	3754	0	21
2019.12.16	16:00:00	1.31048	1.31122	1.30927	1.31074	3562	0	21
2019.12.16	17:00:00	1.31073	1.31253	1.30974	1.31174	4012	0	20
2019.12.16	18:00:00	1.31178	1.31255	1.31104	1.31135	3751	0	18
2019.12.16	19:00:00	1.31135	1.31158	1.31000	1.31023	1964	0	13
2019.12.16	20:00:00	1.31023	1.31125	1.30967	1.31112	1726	0	10
2019.12.16	21:00:00	1.31112	1.31177	1.31036	1.31155	1683	0	11
2019.12.16	22:00:00	1.31155	1.31191	1.31100	1.31110	1546	0	13
2019.12.16	23:00:00	1.31107	1.31121	1.30915	1.30915	1124	0	11
2019.12.17	00:00:00	1.30917	1.31007	1.28492	1.30562	96609	0	36
2019.12.17	01:00:00	1.30562	1.30731	1.30113	1.30439	2399	0	16
2019.12.17	02:00:00	1.30438	1.30597	1.30392	1.30584	1786	0	12
2019.12.17	03:00:00	1.30584	1.30703	1.30502	1.30553	1509	0	7
2019.12.17	04:00:00	1.30562	1.30595	1.30496	1.30572	1124	0	9
2019.12.17	05:00:00	1.30568	1.30672	1.30563	1.30664	1094	0	7
2019.12.17	06:00:00	1.30664	1.30709	1.30631	1.30655	788	0	7
2019.12.17	07:00:00	1.30656	1.30717	1.30542	1.30583	1238	0	8
2019.12.17	08:00:00	1.30583	1.30632	1.30330	1.30390	1704	0	13
2019.12.17	09:00:00	1.30387	1.30503	1.30192	1.30296	2925	0	21
2019.12.17	10:00:00	1.30295	1.30350	1.29347	1.29887	6465	0	20
2019.12.17	11:00:00	1.29886	1.30107	1.29389	1.29744	5064	0	20
2019.12.17	12:00:00	1.29744	1.29894	1.29483	1.29638	4319	0	19
2019.12.17	13:00:00	1.29632	1.29701	1.29523	1.29645	3306	0	20
2019.12.17	14:00:00	1.29642	1.29674	1.29171	1.29175	3848	0	19
2019.12.17	15:00:00	1.29183	1.29194	1.28791	1.28992	5374	0	18
2019.12.17	16:00:00	1.28992	1.29140	1.28876	1.29125	4720	0	18
2019.12.17	17:00:00	1.29125	1.29279	1.28657	1.28690	4973	0	19
2019.12.17	18:00:00	1.28693	1.28854	1.28510	1.28674	4335	0	20
2019.12.17	19:00:00	1.28674	1.28814	1.28486	1.28698	2602	0	13
2019.12.17	20:00:00	1.28698	1.28703	1.28566	1.28571	1557	0	12
2019.12.17	21:00:00	1.28571	1.28654	1.28505	1.28614	1386	0	10
2019.12.17	22:00:00	1.28618	1.28729	1.28618	1.28677	1278	0	7
2019.12.17	23:00:00	1.28677	1.28783	1.28583	1.28685	1458	0	8
2019.12.18	00:00:00	1.28594	1.28793	1.28100	1.28605	93233	0	48
2019.12.18	01:00:00	1.28607	1.28685	1.28532	1.28569	905	0	14
2019.12.18	02:00:00	1.28569	1.28578	1.28446	1.28476	1639	0	14
2019.12.18	03:00:00	1.28476	1.28481	1.28264	1.28347	1583	0	23
2019.12.18	04:00:00	1.28347	1.28392	1.28192	1.28340	1426	0	13
2019.12.18	05:00:00	1.28340	1.28489	1.28337	1.28458	1320	0	12
2019.12.18	06:00:00	1.28458	1.28518	1.28381	1.28472	1254	0	12
2019.12.18	07:00:00	1.28473	1.28550	1.28395	1.28533	1197	0	12
2019.12.18	08:00:00	1.28533	1.28787	1.28374	1.28758	1620	0	14
2019.12.18	09:00:00	1.28758	1.28758	1.28303	1.28397	3944	0	25
2019.12.18	10:00:00	1.28397	1.28737	1.28266	1.28539	4710	0	18
2019.12.18	11:00:00	1.28539	1.28639	1.28456	1.28521	4046	0	23
2019.12.18	12:00:00	1.28522	1.28565	1.28281	1.28328	2692	0	21
2019.12.18	13:00:00	1.28328	1.28577	1.28324	1.28440	4062	0	24
2019.12.18	14:00:00	1.28440	1.28511	1.28332	1.28376	4357	0	26
2019.12.18	15:00:00	1.28376	1.28388	1.28199	1.28359	4582	0	19
2019.12.18	16:00:00	1.28356	1.28424	1.28209	1.28251	4431	0	21
2019.12.18	17:00:00	1.28250	1.28328	1.28096	1.28291	4668	0	25
2019.12.18	18:00:00	1.28290	1.28379	1.28110	1.28375	4157	0	24
2019.12.18	19:00:00	1.28374	1.28398	1.28185	1.28271	2835	0	12
2019.12.18	20:00:00	1.28271	1.28271	1.28131	1.28154	1597	0	10
2019.12.18	21:00:00	1.28153	1.28269	1.28153	1.28248	1799	0	13
2019.12.18	22:00:00	1.28247	1.28260	1.28192	1.28222	1430	0	8
2019.12.18	23:00:00	1.28216	1.28257	1.28177	1.28177	1438	0	9
2019.12.19	00:00:00	1.28177	1.28721	1.27100	1.28197	91269	0	22
2019.12.19	01:00:00	1.28197	1.28281	1.28144	1.28228	999	0	14
2019.12.19	02:00:00	1.28228	1.28313	1.28193	1.28296	1618	0	12
2019.12.19	03:00:00	1.28296	1.28327	1.28226	1.28229	1219	0	8
2019.12.19	04:00:00	1.28229	1.28278	1.28153	1.28167	985	0	11
2019.12.19	05:00:00	1.28167	1.28229	1.28153	1.28210	1007	0	12
2019.12.19	06:00:00	1.28210	1.28214	1.28156	1.28174	1006	0	10
2019.12.19	07:00:00	1.28174	1.28243	1.28143	1.28213	977	0	8
2019.12.19	08:00:00	1.28213	1.28336	1.28125	1.28323	1205	0	11
2019.12.19	09:00:00	1.28319	1.28592	1.28284	1.28532	2967	0	14
2019.12.19	10:00:00	1.28531	1.28660	1.28368	1.28398	3685	0	26
2019.12.19	11:00:00	1.28392	1.28591	1.28323	1.28563	3645	0	19
2019.12.19	12:00:00	1.28564	1.28614	1.28376	1.28422	3181	0	26
2019.12.19	13:00:00	1.28417	1.28491	1.27884	1.28128	3920	0	13
2019.12.19	14:00:00	1.28120	1.28713	1.28061	1.28228	6223	0	20
2019.12.19	15:00:00	1.28228	1.28262	1.27653	1.27953	6341	0	18
2019.12.19	16:00:00	1.27952	1.28014	1.27610	1.27628	5008	0	20
2019.12.19	17:00:00	1.27627	1.27628	1.27250	1.27437	6533	0	18
2019.12.19	18:00:00	1.27435	1.27493	1.27091	1.27422	5960	0	21
2019.12.19	19:00:00	1.27421	1.27434	1.27316	1.27413	3891	0	11
2019.12.19	20:00:00	1.27416	1.27429	1.27200	1.27250	2953	0	10
2019.12.19	21:00:00	1.27254	1.27268	1.27149	1.27215	2728	0	11
2019.12.19	22:00:00	1.27215	1.27318	1.27211	1.27217	2424	0	13
2019.12.19	23:00:00	1.27216	1.27297	1.27141	1.27278	1206	0	10
2019.12.20	00:00:00	1.27266	1.28327	1.27128	1.27219	80024	0	36
2019.12.20	01:00:00	1.27194	1.27355	1.27151	1.27328	1250	0	12
2019.12.20	02:00:00	1.27328	1.27343	1.27230	1.27253	1056	0	12
2019.12.20	03:00:00	1.27253	1.27407	1.27253	1.27397	1519	0	11
2019.12.20	04:00:00	1.27397	1.27433	1.27381	1.27417	887	0	11
2019.12.20	05:00:00	1.27417	1.27497	1.27410	1.27485	1162	0	7
2019.12.20	06:00:00	1.27484	1.27534	1.27453	1.27461	1034	0	11
2019.12.20	07:00:00	1.27461	1.27490	1.27416	1.27433	970	0	10
2019.12.20	08:00:00	1.27431	1.27542	1.27382	1.27515	1531	0	8
2019.12.20	09:00:00	1.27515	1.27576	1.27368	1.27453	2440	0	12
2019.12.20	10:00:00	1.27445	1.27784	1.27398	1.27769	3449	0	20
2019.12.20	11:00:00	1.27765	1.27889	1.27675	1.27762	3136	0	19
2019.12.20	12:00:00	1.27763	1.27952	1.27729	1.27832	2929	0	19
2019.12.20	13:00:00	1.27829	1.27937	1.27661	1.27693	3740	0	21
2019.12.20	14:00:00	1.27693	1.27786	1.27637	1.27775	2954	0	25
2019.12.20	15:00:00	1.27779	1.28006	1.27729	1.27987	3940	0	25
2019.12.20	16:00:00	1.27990	1.28067	1.27877	1.27953	4167	0	13
2019.12.20	17:00:00	1.27956	1.28321	1.27955	1.28086	4954	0	19
2019.12.20	18:00:00	1.28085	1.28256	1.28003	1.28049	3735	0	14
2019.12.20	19:00:00	1.28049	1.28155	1.27951	1.27968	2111	0	10
2019.12.20	20:00:00	1.27970	1.27986	1.27796	1.27844	2751	0	12
2019.12.20	21:00:00	1.27844	1.27921	1.27812	1.27855	1725	0	13
2019.12.20	22:00:00	1.27855	1.27861	1.27657	1.27657	1746	0	13
2019.12.20	23:00:00	1.27657	1.27779	1.27401	1.27711	1592	0	12
2019.12.23	00:00:00	1.27491	1.27867	1.26623	1.27594	77286	0	94
2019.12.23	01:00:00	1.27577	1.27860	1.27552	1.27728	1178	0	12
2019.12.23	02:00:00	1.27728	1.27805	1.27719	1.27769	1092	0	12
2019.12.23	03:00:00	1.27772	1.27852	1.27742	1.27847	1172	0	9
2019.12.23	04:00:00	1.27847	1.27865	1.27765	1.27788	816	0	12
2019.12.23	05:00:00	1.27788	1.27842	1.27725	1.27733	814	0	12
2019.12.23	06:00:00	1.27733	1.27763	1.27703	1.27720	771	0	13
2019.12.23	07:00:00	1.27720	1.27784	1.27716	1.27768	895	0	11
2019.12.23	08:00:00	1.27768	1.27842	1.27743	1.27783	1149	0	6
2019.12.23	09:00:00	1.27784	1.27809	1.27591	1.27727	2026	0	12
2019.12.23	10:00:00	1.27726	1.27820	1.27646	1.27742	3056	0	12
2019.12.23	11:00:00	1.27745	1.27745	1.27524	1.27524	2340	0	21
2019.12.23	12:00:00	1.27525	1.27546	1.27134	1.27266	3661	0	22
2019.12.23	13:00:00	1.27270	1.27341	1.27153	1.27265	3173	0	19
2019.12.23	14:00:00	1.27265	1.27334	1.26863	1.26997	4344	0	26
2019.12.23	15:00:00	1.26981	1.26982	1.26618	1.26814	4187	0	22
2019.12.23	16:00:00	1.26813	1.26969	1.26802	1.26902	3589	0	18
2019.12.23	17:00:00	1.26901	1.27148	1.26767	1.26922	4888	0	22
2019.12.23	18:00:00	1.26922	1.26979	1.26781	1.26832	3675	0	26
2019.12.23	19:00:00	1.26832	1.27025	1.26791	1.26997	2113	0	12
2019.12.23	20:00:00	1.26997	1.27012	1.26860	1.26938	2035	0	10
2019.12.23	21:00:00	1.26938	1.27028	1.26931	1.27008	1470	0	10
2019.12.23	22:00:00	1.27008	1.27068	1.26973	1.27027	1496	0	11
2019.12.23	23:00:00	1.27028	1.27068	1.26951	1.26967	1425	0	11
2019.12.24	00:00:00	1.26958	1.27259	1.26501	1.26971	64294	0	62
2019.12.24	01:00:00	1.26971	1.27064	1.26920	1.27021	1097	0	14
2019.12.24	02:00:00	1.27021	1.27056	1.26968	1.27036	1183	0	14
2019.12.24	03:00:00	1.27035	1.27101	1.26986	1.27071	1177	0	11
2019.12.24	04:00:00	1.27071	1.27170	1.27054	1.27133	942	0	11
2019.12.24	05:00:00	1.27133	1.27158	1.27104	1.27124	886	0	8
2019.12.24	06:00:00	1.27125	1.27188	1.27086	1.27153	717	0	12
2019.12.24	07:00:00	1.27153	1.27184	1.27084	1.27110	789	0	12
2019.12.24	08:00:00	1.27110	1.27161	1.27079	1.27128	1063	0	12
2019.12.24	09:00:00	1.27114	1.27178	1.27003	1.27059	1890	0	12
2019.12.24	10:00:00	1.27059	1.27152	1.26923	1.27068	2932	0	13
2019.12.24	11:00:00	1.27066	1.27121	1.26975	1.27045	2651	0	27
2019.12.24	12:00:00	1.27045	1.27137	1.26982	1.27067	2534	0	13
2019.12.24	13:00:00	1.27067	1.27224	1.26997	1.27126	2782	0	14
2019.12.24	14:00:00	1.27126	1.27253	1.27033	1.27156	2410	0	11
2019.12.24	15:00:00	1.27158	1.27189	1.27064	1.27079	3048	0	12
2019.12.24	16:00:00	1.27079	1.27154	1.27056	1.27096	2503	0	11
2019.12.24	17:00:00	1.27098	1.27123	1.26971	1.27086	3434	0	14
2019.12.24	18:00:00	1.27088	1.27158	1.27019	1.27030	2598	0	13
2019.12.24	19:00:00	1.27030	1.27097	1.26983	1.27058	1787	0	13
2019.12.24	20:00:00	1.27057	1.27062	1.26929	1.26958	956	0	36
2019.12.26	00:00:00	1.26822	1.27672	1.26822	1.27456	46424	0	150
2019.12.26	06:00:00	1.27383	1.27423	1.27343	1.27379	804	0	12
2019.12.26	07:00:00	1.27376	1.27406	1.27345	1.27371	662	0	11
2019.12.26	08:00:00	1.27371	1.27495	1.27339	1.27473	913	0	8
2019.12.26	09:00:00	1.27473	1.27480	1.27349	1.27351	1161	0	8
2019.12.26	10:00:00	1.27353	1.27388	1.27208	1.27364	1814	0	11
2019.12.26	11:00:00	1.27363	1.27385	1.27289	1.27324	1466	0	14
2019.12.26	12:00:00	1.27325	1.27333	1.27173	1.27261	2803	0	27
2019.12.26	13:00:00	1.27261	1.27287	1.27185	1.27185	2854	0	15
2019.12.26	14:00:00	1.27185	1.27283	1.27182	1.27223	1886	0	14
2019.12.26	15:00:00	1.27223	1.27479	1.27216	1.27321	2220	0	8
2019.12.26	16:00:00	1.27320	1.27402	1.27288	1.27397	1884	0	10
2019.12.26	17:00:00	1.27394	1.27564	1.27361	1.27551	1770	0	7
2019.12.26	18:00:00	1.27551	1.27666	1.27506	1.27541	1974	0	10
2019.12.26	19:00:00	1.27542	1.27611	1.27516	1.27577	1402	0	8
2019.12.26	20:00:00	1.27577	1.27621	1.27550	1.27577	1184	0	4
2019.12.26	21:00:00	1.27592	1.27592	1.27532	1.27539	1016	0	13
2019.12.26	22:00:00	1.27540	1.27608	1.27485	1.27608	1306	0	10
2019.12.26	23:00:00	1.27610	1.27613	1.27455	1.27455	1427	0	22
2019.12.27	00:00:00	1.27288	1.27957	1.27188	1.27437	74053	0	150
2019.12.27	01:00:00	1.27462	1.27591	1.27462	1.27581	2000	0	10
2019.12.27	02:00:00	1.27581	1.27620	1.27365	1.27447	1651	0	13
2019.12.27	03:00:00	1.27447	1.27456	1.27173	1.27265	1363	0	10
2019.12.27	04:00:00	1.27265	1.27374	1.27237	1.27291	1323	0	11
2019.12.27	05:00:00	1.27289	1.27388	1.27246	1.27385	1186	0	9
2019.12.27	06:00:00	1.27383	1.27456	1.27375	1.27435	848	0	12
2019.12.27	07:00:00	1.27435	1.27436	1.27316	1.27342	1400	0	12
2019.12.27	08:00:00	1.27341	1.27546	1.27307	1.27524	1662	0	7
2019.12.27	09:00:00	1.27521	1.27702	1.27380	1.27683	2651	0	9
2019.12.27	10:00:00	1.27679	1.27888	1.27369	1.27789	4218	0	18
2019.12.27	11:00:00	1.27793	1.27801	1.27481	1.27585	3358	0	24
2019.12.27	12:00:00	1.27584	1.27644	1.27544	1.27577	2598	0	13
2019.12.27	13:00:00	1.27582	1.27670	1.27513	1.27644	2588	0	18
2019.12.27	14:00:00	1.27642	1.27867	1.27638	1.27853	3282	0	11
2019.12.27	15:00:00	1.27840	1.27957	1.27643	1.27744	3261	0	11
2019.12.27	16:00:00	1.27745	1.27861	1.27674	1.27811	3096	0	12
2019.12.27	17:00:00	1.27813	1.27899	1.27702	1.27757	4120	0	18
2019.12.27	18:00:00	1.27760	1.27766	1.27444	1.27498	3186	0	18
2019.12.27	19:00:00	1.27498	1.27506	1.27372	1.27429	1680	0	9
2019.12.27	20:00:00	1.27424	1.27507	1.27418	1.27460	1372	0	11
2019.12.27	21:00:00	1.27460	1.27481	1.27376	1.27443	1530	0	12
2019.12.27	22:00:00	1.27443	1.27461	1.27349	1.27399	1311	0	10
2019.12.27	23:00:00	1.27396	1.27549	1.27396	1.27519	833	0	9
2019.12.30	00:00:00	1.27542	1.27780	1.26921	1.27382	66608	0	136
2019.12.30	01:00:00	1.27384	1.27559	1.27265	1.27456	1127	0	18
2019.12.30	02:00:00	1.27456	1.27589	1.27448	1.27534	1400	0	22
2019.12.30	03:00:00	1.27532	1.27546	1.27479	1.27536	1446	0	19
2019.12.30	04:00:00	1.27536	1.27652	1.27517	1.27585	1287	0	17
2019.12.30	05:00:00	1.27585	1.27600	1.27440	1.27562	1495	0	17
2019.12.30	06:00:00	1.27563	1.27569	1.27480	1.27497	932	0	11
2019.12.30	07:00:00	1.27498	1.27572	1.27455	1.27521	1222	0	16
2019.12.30	08:00:00	1.27522	1.27557	1.27389	1.27457	1475	0	17
2019.12.30	09:00:00	1.27460	1.27702	1.27401	1.27702	2489	0	27
2019.12.30	10:00:00	1.27699	1.27699	1.27360	1.27447	2969	0	22
2019.12.30	11:00:00	1.27447	1.27658	1.27420	1.27602	3056	0	16
2019.12.30	12:00:00	1.27604	1.27640	1.27405	1.27559	2996	0	27
2019.12.30	13:00:00	1.27559	1.27566	1.27451	1.27472	2846	0	29
2019.12.30	14:00:00	1.27472	1.27637	1.27459	1.27568	2864	0	16
2019.12.30	15:00:00	1.27568	1.27597	1.27347	1.27398	3279	0	17
2019.12.30	16:00:00	1.27399	1.27602	1.27265	1.27361	3967	0	24
2019.12.30	17:00:00	1.27363	1.27383	1.27033	1.27096	3991	0	20
2019.12.30	18:00:00	1.27093	1.27196	1.27048	1.27137	3719	0	25
2019.12.30	19:00:00	1.27137	1.27207	1.26924	1.26982	2355	0	16
2019.12.30	20:00:00	1.26982	1.27106	1.26930	1.27088	1732	0	19
2019.12.30	21:00:00	1.27086	1.27131	1.26990	1.27007	1647	0	18
2019.12.30	22:00:00	1.27008	1.27022	1.26911	1.26988	2235	0	20
2019.12.30	23:00:00	1.26987	1.27088	1.26970	1.27064	1428	0	12
2019.12.31	00:00:00	1.27068	1.28538	1.26867	1.27069	64496	0	67
2019.12.31	01:00:00	1.27069	1.27075	1.26982	1.27000	1571	0	21
2019.12.31	02:00:00	1.27000	1.27099	1.27000	1.27026	908	0	21
2019.12.31	03:00:00	1.27027	1.27058	1.26975	1.27005	1250	0	19
2019.12.31	04:00:00	1.27005	1.27101	1.26979	1.27037	1075	0	19
2019.12.31	05:00:00	1.27037	1.27075	1.27021	1.27030	875	0	18
2019.12.31	06:00:00	1.27030	1.27054	1.26978	1.27001	599	0	17
2019.12.31	07:00:00	1.26997	1.27003	1.26895	1.26921	853	0	19
2019.12.31	08:00:00	1.26921	1.26938	1.26888	1.26905	781	0	21
2019.12.31	09:00:00	1.26907	1.27339	1.26858	1.27338	1993	0	29
2019.12.31	10:00:00	1.27338	1.27346	1.27043	1.27196	3601	0	21
2019.12.31	11:00:00	1.27197	1.27467	1.27157	1.27403	2926	0	17
2019.12.31	12:00:00	1.27401	1.27475	1.27249	1.27400	3989	0	29
2019.12.31	13:00:00	1.27402	1.27697	1.27330	1.27686	5277	0	25
2019.12.31	14:00:00	1.27686	1.27730	1.27403	1.27403	4110	0	17
2019.12.31	15:00:00	1.27405	1.27584	1.27370	1.27516	3661	0	28
2019.12.31	16:00:00	1.27516	1.27778	1.27370	1.27724	3917	0	18
2019.12.31	17:00:00	1.27724	1.28385	1.27721	1.28244	5151	0	19
2019.12.31	18:00:00	1.28244	1.28532	1.28054	1.28397	5251	0	19
2019.12.31	19:00:00	1.28397	1.28429	1.28163	1.28170	2260	0	19
2019.12.31	20:00:00	1.28167	1.28255	1.28137	1.28154	1167	0	17
2019.12.31	21:00:00	1.28145	1.28152	1.28021	1.28077	1388	0	36
2019.12.31	22:00:00	1.28075	1.28180	1.28037	1.28160	1566	0	34
2020.01.02	00:00:00	1.27986	1.28262	1.27885	1.28016	681	0	189
2020.01.02	01:00:00	1.28016	1.28244	1.27999	1.28229	956	0	4
2020.01.02	02:00:00	1.28234	1.28430	1.28214	1.28366	1282	0	2
2020.01.02	03:00:00	1.28366	1.28409	1.28291	1.28310	1546	0	1
2020.01.02	04:00:00	1.28313	1.28348	1.28211	1.28242	1111	0	4
2020.01.02	05:00:00	1.28246	1.28253	1.27910	1.27976	1638	0	1
2020.01.02	06:00:00	1.27976	1.28124	1.27918	1.28096	1588	0	1
2020.01.02	07:00:00	1.28096	1.28213	1.28067	1.28196	1623	0	3
2020.01.02	08:00:00	1.28200	1.28317	1.28155	1.28262	1510	0	3
2020.01.02	09:00:00	1.28275	1.28385	1.28187	1.28225	2580	0	1
2020.01.02	10:00:00	1.28228	1.28274	1.28101	1.28106	3158	0	1
2020.01.02	11:00:00	1.28103	1.28170	1.27993	1.28118	2399	0	1
2020.01.02	12:00:00	1.28118	1.28161	1.28015	1.28133	2476	0	1
2020.01.02	13:00:00	1.28132	1.28180	1.28000	1.28160	2819	0	1
2020.01.02	14:00:00	1.28156	1.28304	1.28063	1.28150	2620	0	1
2020.01.02	15:00:00	1.28148	1.28148	1.27804	1.27851	3228	0	1
2020.01.02	16:00:00	1.27851	1.27873	1.27568	1.27696	3487	0	1
2020.01.02	17:00:00	1.27696	1.27927	1.27662	1.27816	4463	0	1
2020.01.02	18:00:00	1.27823	1.27853	1.27489	1.27618	3923	0	1
2020.01.02	19:00:00	1.27617	1.27788	1.27570	1.27772	3319	0	1
2020.01.02	20:00:00	1.27771	1.27806	1.27690	1.27754	2683	0	1
2020.01.02	21:00:00	1.27754	1.27796	1.27647	1.27651	2428	0	1
2020.01.02	22:00:00	1.27650	1.27715	1.27585	1.27633	2192	0	1
2020.01.02	23:00:00	1.27633	1.27663	1.27557	1.27573	945	0	3
2020.01.03	00:00:00	1.27557	1.27608	1.27437	1.27564	504	0	190
2020.01.03	01:00:00	1.27571	1.27731	1.27528	1.27717	1107	0	5
2020.01.03	02:00:00	1.27717	1.27791	1.27651	1.27753	1271	0	4
2020.01.03	03:00:00	1.27755	1.27792	1.27432	1.27458	1681	0	3
2020.01.03	04:00:00	1.27460	1.27486	1.27195	1.27257	2287	0	1
2020.01.03	05:00:00	1.27255	1.27392	1.27248	1.27380	1929	0	2
2020.01.03	06:00:00	1.27382	1.27442	1.27324	1.27336	1436	0	1
2020.01.03	07:00:00	1.27337	1.27450	1.27264	1.27373	1682	0	2
2020.01.03	08:00:00	1.27373	1.27389	1.27217	1.27385	1391	0	1
2020.01.03	09:00:00	1.27380	1.27380	1.27001	1.27113	3601	0	1
2020.01.03	10:00:00	1.27108	1.27545	1.27043	1.27320	4246	0	1
2020.01.03	11:00:00	1.27316	1.27347	1.27137	1.27212	4096	0	1
2020.01.03	12:00:00	1.27219	1.27485	1.27210	1.27320	3746	0	1
2020.01.03	13:00:00	1.27322	1.27328	1.27089	1.27142	3161	0	1
2020.01.03	14:00:00	1.27144	1.27251	1.27060	1.27226	2933	0	1
2020.01.03	15:00:00	1.27227	1.27506	1.27190	1.27198	3085	0	1
2020.01.03	16:00:00	1.27191	1.27328	1.27119	1.27133	3536	0	1
2020.01.03	17:00:00	1.27129	1.27236	1.26843	1.26884	4873	0	1
2020.01.03	18:00:00	1.26884	1.27168	1.26851	1.27014	3224	0	1
2020.01.03	19:00:00	1.27012	1.27091	1.26947	1.27060	2337	0	1
2020.01.03	20:00:00	1.27056	1.27228	1.26944	1.27189	2967	0	1
2020.01.03	21:00:00	1.27189	1.27213	1.27070	1.27070	3017	0	1
2020.01.03	22:00:00	1.27069	1.27143	1.27069	1.27097	1841	0	2
2020.01.03	23:00:00	1.27090	1.27165	1.27064	1.27140	733	0	1
2020.01.06	00:00:00	1.26961	1.27020	1.26775	1.26873	667	0	90
2020.01.06	01:00:00	1.26811	1.27116	1.26811	1.27054	1962	0	4
2020.01.06	02:00:00	1.27054	1.27105	1.27027	1.27074	1894	0	4
2020.01.06	03:00:00	1.27068	1.27075	1.26983	1.27020	1665	0	5
2020.01.06	04:00:00	1.27020	1.27101	1.27009	1.27077	1042	0	4
2020.01.06	05:00:00	1.27077	1.27094	1.26983	1.27049	1017	0	2
2020.01.06	06:00:00	1.27049	1.27114	1.27031	1.27080	1073	0	6
2020.01.06	07:00:00	1.27080	1.27100	1.27032	1.27052	909	0	4
2020.01.06	08:00:00	1.27053	1.27062	1.26922	1.27043	1522	0	3
2020.01.06	09:00:00	1.27039	1.27165	1.26952	1.26981	3176	0	1
2020.01.06	10:00:00	1.26980	1.27152	1.26899	1.27132	3887	0	1
2020.01.06	11:00:00	1.27133	1.27436	1.27096	1.27352	4098	0	1
2020.01.06	12:00:00	1.27352	1.27633	1.27316	1.27459	3906	0	1
2020.01.06	13:00:00	1.27464	1.27635	1.27451	1.27496	3081	0	1
2020.01.06	14:00:00	1.27497	1.27567	1.27387	1.27388	2435	0	1
2020.01.06	15:00:00	1.27391	1.27482	1.27305	1.27408	2907	0	2
2020.01.06	16:00:00	1.27407	1.27617	1.27306	1.27488	3024	0	1
2020.01.06	17:00:00	1.27488	1.27621	1.27404	1.27474	3421	0	1
2020.01.06	18:00:00	1.27476	1.27634	1.27425	1.27522	2800	0	1
2020.01.06	19:00:00	1.27522	1.27583	1.27390	1.27409	2143	0	2
2020.01.06	20:00:00	1.27409	1.27485	1.27409	1.27462	1884	0	2
2020.01.06	21:00:00	1.27461	1.27547	1.27445	1.27525	2021	0	3
2020.01.06	22:00:00	1.27524	1.27555	1.27483	1.27543	1735	0	3
2020.01.06	23:00:00	1.27545	1.27549	1.27401	1.27430	826	0	3
2020.01.07	00:00:00	1.27399	1.27595	1.27399	1.27513	549	0	32
2020.01.07	01:00:00	1.27491	1.27577	1.27470	1.27577	1717	0	1
2020.01.07	02:00:00	1.27575	1.27682	1.27530	1.27640	1363	0	3
2020.01.07	03:00:00	1.27640	1.27653	1.27596	1.27618	1411	0	4
2020.01.07	04:00:00	1.27618	1.27641	1.27580	1.27641	890	0	4
2020.01.07	05:00:00	1.27640	1.27703	1.27622	1.27684	903	0	3
2020.01.07	06:00:00	1.27683	1.27702	1.27626	1.27664	1337	0	3
2020.01.07	07:00:00	1.27663	1.27673	1.27500	1.27530	938	0	4
2020.01.07	08:00:00	1.27530	1.27658	1.27440	1.27655	2125	0	1
2020.01.07	09:00:00	1.27655	1.27690	1.27406	1.27467	2958	0	1
2020.01.07	10:00:00	1.27467	1.28016	1.27446	1.27809	4222	0	1
2020.01.07	11:00:00	1.27806	1.27965	1.27696	1.27898	3129	0	1
2020.01.07	12:00:00	1.27898	1.27902	1.27657	1.27789	3719	0	1
2020.01.07	13:00:00	1.27789	1.27836	1.27572	1.27573	2885	0	1
2020.01.07	14:00:00	1.27571	1.27589	1.27265	1.27369	3698	0	1
2020.01.07	15:00:00	1.27366	1.27439	1.27220	1.27431	3541	0	1
2020.01.07	16:00:00	1.27431	1.27516	1.27288	1.27332	3593	0	1
2020.01.07	17:00:00	1.27332	1.27625	1.27260	1.27527	4161	0	1
2020.01.07	18:00:00	1.27534	1.27591	1.27369	1.27532	2798	0	1
2020.01.07	19:00:00	1.27530	1.27560	1.27347	1.27415	2580	0	1
2020.01.07	20:00:00	1.27414	1.27544	1.27414	1.27493	1801	0	1
2020.01.07	21:00:00	1.27493	1.27509	1.27371	1.27374	3007	0	1
2020.01.07	22:00:00	1.27376	1.27426	1.27365	1.27379	1763	0	2
2020.01.07	23:00:00	1.27379	1.27404	1.27214	1.27324	1196	0	2
2020.01.08	00:00:00	1.27304	1.27317	1.27150	1.27290	1084	0	40
2020.01.08	01:00:00	1.27287	1.27327	1.26937	1.27044	1995	0	6
2020.01.08	02:00:00	1.27044	1.27071	1.26700	1.26808	5383	0	1
2020.01.08	03:00:00	1.26809	1.27090	1.26762	1.27077	4071	0	3
2020.01.08	04:00:00	1.27077	1.27495	1.27077	1.27344	3989	0	1
2020.01.08	05:00:00	1.27345	1.27430	1.27177	1.27355	3115	0	3
2020.01.08	06:00:00	1.27355	1.27395	1.27255	1.27288	1959	0	2
2020.01.08	07:00:00	1.27288	1.27339	1.27251	1.27271	1743	0	1
2020.01.08	08:00:00	1.27273	1.27433	1.27260	1.27423	1789	0	2
2020.01.08	09:00:00	1.27427	1.27752	1.27389	1.27664	3454	0	1
2020.01.08	10:00:00	1.27671	1.27851	1.27547	1.27812	4760	0	1
2020.01.08	11:00:00	1.27812	1.27839	1.27346	1.27446	3719	0	1
2020.01.08	12:00:00	1.27446	1.27645	1.27215	1.27566	4205	0	1
2020.01.08	13:00:00	1.27562	1.27596	1.27320	1.27431	3688	0	1
2020.01.08	14:00:00	1.27431	1.27486	1.27070	1.27168	3679	0	1
2020.01.08	15:00:00	1.27162	1.27331	1.27042	1.27304	3972	0	1
2020.01.08	16:00:00	1.27304	1.27470	1.27227	1.27280	3716	0	1
2020.01.08	17:00:00	1.27280	1.27350	1.27011	1.27111	3625	0	1
2020.01.08	18:00:00	1.27117	1.27530	1.27012	1.27486	4779	0	1
2020.01.08	19:00:00	1.27489	1.27659	1.27470	1.27547	3609	0	1
2020.01.08	20:00:00	1.27546	1.27599	1.27510	1.27573	2418	0	1
2020.01.08	21:00:00	1.27573	1.27600	1.27532	1.27561	2170	0	3
2020.01.08	22:00:00	1.27557	1.27565	1.27425	1.27449	2042	0	3
2020.01.08	23:00:00	1.27451	1.27548	1.27451	1.27537	1101	0	1
2020.01.09	00:00:00	1.27498	1.27542	1.27461	1.27508	335	0	29
2020.01.09	01:00:00	1.27503	1.27593	1.27501	1.27556	959	0	4
2020.01.09	02:00:00	1.27554	1.27696	1.27530	1.27665	1991	0	3
2020.01.09	03:00:00	1.27665	1.27709	1.27613	1.27704	1838	0	1
2020.01.09	04:00:00	1.27706	1.27721	1.27639	1.27689	1287	0	4
2020.01.09	05:00:00	1.27689	1.27715	1.27641	1.27686	1116	0	3
2020.01.09	06:00:00	1.27682	1.27712	1.27638	1.27688	950	0	4
2020.01.09	07:00:00	1.27688	1.27766	1.27685	1.27739	991	0	3
2020.01.09	08:00:00	1.27735	1.27847	1.27734	1.27737	1411	0	1
2020.01.09	09:00:00	1.27734	1.27800	1.27601	1.27798	2440	0	1
2020.01.09	10:00:00	1.27785	1.27785	1.27447	1.27476	3603	0	1
2020.01.09	11:00:00	1.27472	1.27554	1.26826	1.26914	4909	0	1
2020.01.09	12:00:00	1.26908	1.27042	1.26833	1.27011	3652	0	1
2020.01.09	13:00:00	1.27011	1.27088	1.26767	1.26801	3265	0	1
2020.01.09	14:00:00	1.26802	1.26960	1.26722	1.26814	4148	0	1
2020.01.09	15:00:00	1.26813	1.26932	1.26693	1.26861	3696	0	1
2020.01.09	16:00:00	1.26861	1.27001	1.26754	1.26896	2979	0	1
2020.01.09	17:00:00	1.26893	1.26974	1.26821	1.26965	3021	0	1
2020.01.09	18:00:00	1.26964	1.27124	1.26922	1.27079	2842	0	1
2020.01.09	19:00:00	1.27081	1.27081	1.26975	1.27038	2107	0	1
2020.01.09	20:00:00	1.27039	1.27054	1.26946	1.26992	2963	0	1
2020.01.09	21:00:00	1.26992	1.27056	1.26977	1.27045	1813	0	1
2020.01.09	22:00:00	1.27046	1.27226	1.27045	1.27163	1828	0	1
2020.01.09	23:00:00	1.27163	1.27204	1.27140	1.27156	623	0	3
2020.01.10	00:00:00	1.27125	1.27145	1.27071	1.27124	251	0	23
2020.01.10	01:00:00	1.27137	1.27211	1.27133	1.27189	991	0	2
2020.01.10	02:00:00	1.27191	1.27242	1.27164	1.27190	1587	0	1
2020.01.10	03:00:00	1.27191	1.27221	1.27130	1.27175	1314	0	5
2020.01.10	04:00:00	1.27175	1.27192	1.27135	1.27173	926	0	4
2020.01.10	05:00:00	1.27173	1.27202	1.27147	1.27189	713	0	3
2020.01.10	06:00:00	1.27185	1.27290	1.27167	1.27248	1024	0	4
2020.01.10	07:00:00	1.27248	1.27290	1.27193	1.27267	1135	0	1
2020.01.10	08:00:00	1.27267	1.27363	1.27267	1.27301	1213	0	3
2020.01.10	09:00:00	1.27302	1.27313	1.27062	1.27161	1830	0	1
2020.01.10	10:00:00	1.27158	1.27318	1.27110	1.27308	3022	0	1
2020.01.10	11:00:00	1.27307	1.27513	1.27176	1.27365	3227	0	1
2020.01.10	12:00:00	1.27368	1.27426	1.27230	1.27353	3021	0	1
2020.01.10	13:00:00	1.27350	1.27573	1.27338	1.27507	2556	0	1
2020.01.10	14:00:00	1.27506	1.27649	1.27467	1.27626	2562	0	1
2020.01.10	15:00:00	1.27621	1.27660	1.27386	1.27510	3951	0	1
2020.01.10	16:00:00	1.27510	1.27554	1.27281	1.27328	3551	0	1
2020.01.10	17:00:00	1.27325	1.27328	1.27069	1.27129	3543	0	1
2020.01.10	18:00:00	1.27129	1.27138	1.26957	1.27056	3103	0	1
2020.01.10	19:00:00	1.27056	1.27084	1.26943	1.27039	2446	0	1
2020.01.10	20:00:00	1.27036	1.27100	1.27036	1.27047	1893	0	1
2020.01.10	21:00:00	1.27047	1.27085	1.26992	1.27023	1513	0	1
2020.01.10	22:00:00	1.27020	1.27029	1.26972	1.27009	1526	0	1
2020.01.10	23:00:00	1.27007	1.27094	1.26970	1.27091	911	0	2
2020.01.13	00:00:00	1.26736	1.26880	1.26655	1.26801	545	0	34
2020.01.13	01:00:00	1.26801	1.26979	1.26801	1.26940	755	0	3
2020.01.13	02:00:00	1.26940	1.26961	1.26890	1.26895	951	0	3
2020.01.13	03:00:00	1.26894	1.26923	1.26866	1.26901	1177	0	2
2020.01.13	04:00:00	1.26902	1.26907	1.26824	1.26825	739	0	3
2020.01.13	05:00:00	1.26823	1.26839	1.26764	1.26833	1228	0	1
2020.01.13	06:00:00	1.26831	1.26860	1.26823	1.26828	982	0	5
2020.01.13	07:00:00	1.26828	1.26829	1.26716	1.26796	978	0	3
2020.01.13	08:00:00	1.26796	1.26806	1.26713	1.26769	1072	0	3
2020.01.13	09:00:00	1.26763	1.26776	1.26511	1.26562	2708	0	1
2020.01.13	10:00:00	1.26559	1.26561	1.26363	1.26471	3523	0	1
2020.01.13	11:00:00	1.26479	1.26507	1.26145	1.26198	4183	0	1
2020.01.13	12:00:00	1.26200	1.26425	1.26078	1.26314	2962	0	1
2020.01.13	13:00:00	1.26313	1.26335	1.26021	1.26036	2395	0	1
2020.01.13	14:00:00	1.26031	1.26203	1.25983	1.26161	2577	0	1
2020.01.13	15:00:00	1.26159	1.26222	1.26005	1.26180	2919	0	1
2020.01.13	16:00:00	1.26184	1.26260	1.26061	1.26188	3627	0	1
2020.01.13	17:00:00	1.26185	1.26185	1.25936	1.26004	3284	0	1
2020.01.13	18:00:00	1.26002	1.26047	1.25862	1.26006	2409	0	1
2020.01.13	19:00:00	1.26005	1.26129	1.25984	1.26053	2276	0	1
2020.01.13	20:00:00	1.26052	1.26125	1.26005	1.26117	1633	0	1
2020.01.13	21:00:00	1.26117	1.26203	1.26098	1.26176	1318	0	2
2020.01.13	22:00:00	1.26174	1.26213	1.26138	1.26153	1664	0	1
2020.01.13	23:00:00	1.26153	1.26160	1.26087	1.26121	830	0	1
2020.01.14	00:00:00	1.26072	1.26086	1.25988	1.26065	911	0	79
2020.01.14	01:00:00	1.26065	1.26131	1.26041	1.26084	859	0	3
2020.01.14	02:00:00	1.26088	1.26149	1.26059	1.26128	1681	0	4
2020.01.14	03:00:00	1.26127	1.26202	1.26106	1.26160	2408	0	1
2020.01.14	04:00:00	1.26160	1.26238	1.26114	1.26221	1648	0	2
2020.01.14	05:00:00	1.26222	1.26251	1.26149	1.26150	1097	0	4
2020.01.14	06:00:00	1.26157	1.26218	1.26134	1.26180	1083	0	3
2020.01.14	07:00:00	1.26180	1.26208	1.26129	1.26133	977	0	1
2020.01.14	08:00:00	1.26141	1.26179	1.26100	1.26100	1540	0	1
2020.01.14	09:00:00	1.26096	1.26096	1.25840	1.25904	2505	0	3
2020.01.14	10:00:00	1.25905	1.25933	1.25589	1.25713	3406	0	1
2020.01.14	11:00:00	1.25713	1.25812	1.25653	1.25781	2792	0	1
2020.01.14	12:00:00	1.25780	1.25815	1.25670	1.25784	2617	0	1
2020.01.14	13:00:00	1.25784	1.25882	1.25626	1.25741	3490	0	1
2020.01.14	14:00:00	1.25741	1.25794	1.25507	1.25608	2844	0	1
2020.01.14	15:00:00	1.25609	1.26032	1.25595	1.26001	3657	0	1
2020.01.14	16:00:00	1.25997	1.26137	1.25850	1.25917	4281	0	1
2020.01.14	17:00:00	1.25911	1.26017	1.25886	1.25968	4592	0	1
2020.01.14	18:00:00	1.25967	1.26009	1.25855	1.25955	2655	0	1
2020.01.14	19:00:00	1.25953	1.26071	1.25910	1.26053	2017	0	1
2020.01.14	20:00:00	1.26055	1.26111	1.25909	1.25944	2826	0	1
2020.01.14	21:00:00	1.25945	1.26093	1.25910	1.25998	2162	0	1
2020.01.14	22:00:00	1.25998	1.26016	1.25945	1.25954	1966	0	1
2020.01.14	23:00:00	1.25954	1.26012	1.25933	1.25948	754	0	2
2020.01.15	00:00:00	1.25849	1.25983	1.25834	1.25939	577	0	80
2020.01.15	01:00:00	1.25939	1.25991	1.25912	1.25934	739	0	3
2020.01.15	02:00:00	1.25934	1.25985	1.25871	1.25888	1433	0	4
2020.01.15	03:00:00	1.25886	1.25975	1.25886	1.25960	1277	0	2
2020.01.15	04:00:00	1.25957	1.25978	1.25909	1.25961	1314	0	1
2020.01.15	05:00:00	1.25962	1.26001	1.25941	1.26000	950	0	5
2020.01.15	06:00:00	1.26000	1.26039	1.25995	1.26016	1089	0	5
2020.01.15	07:00:00	1.26016	1.26077	1.26000	1.26054	1114	0	4
2020.01.15	08:00:00	1.26055	1.26152	1.26037	1.26107	1330	0	2
2020.01.15	09:00:00	1.26102	1.26140	1.25898	1.25927	1888	0	1
2020.01.15	10:00:00	1.25928	1.25960	1.25647	1.25760	3266	0	1
2020.01.15	11:00:00	1.25758	1.25792	1.25436	1.25539	3460	0	1
2020.01.15	12:00:00	1.25536	1.25657	1.25450	1.25637	2555	0	1
2020.01.15	13:00:00	1.25638	1.25725	1.25568	1.25682	3541	0	1
2020.01.15	14:00:00	1.25680	1.25680	1.25455	1.25556	2450	0	1
2020.01.15	15:00:00	1.25556	1.25588	1.25293	1.25372	3784	0	1
2020.01.15	16:00:00	1.25374	1.25768	1.25364	1.25767	4336	0	1
2020.01.15	17:00:00	1.25766	1.25766	1.25477	1.25672	4231	0	1
2020.01.15	18:00:00	1.25667	1.25695	1.25463	1.25509	3236	0	1
2020.01.15	19:00:00	1.25509	1.25606	1.25484	1.25580	3022	0	1
2020.01.15	20:00:00	1.25580	1.25655	1.25563	1.25584	2363	0	1
2020.01.15	21:00:00	1.25581	1.25596	1.25481	1.25528	2108	0	1
2020.01.15	22:00:00	1.25528	1.25582	1.25484	1.25574	1799	0	2
2020.01.15	23:00:00	1.25575	1.25700	1.25534	1.25699	838	0	3
2020.01.16	00:00:00	1.25685	1.25876	1.25676	1.25730	562	0	24
2020.01.16	01:00:00	1.25730	1.25741	1.25641	1.25670	1337	0	1
2020.01.16	02:00:00	1.25673	1.25755	1.25656	1.25714	1728	0	3
2020.01.16	03:00:00	1.25714	1.25788	1.25708	1.25786	1432	0	1
2020.01.16	04:00:00	1.25786	1.25816	1.25757	1.25812	1164	0	2
2020.01.16	05:00:00	1.25812	1.25845	1.25783	1.25838	1184	0	3
2020.01.16	06:00:00	1.25841	1.25894	1.25823	1.25848	894	0	3
2020.01.16	07:00:00	1.25848	1.25881	1.25833	1.25847	891	0	5
2020.01.16	08:00:00	1.25847	1.25851	1.25749	1.25811	1431	0	3
2020.01.16	09:00:00	1.25805	1.25880	1.25747	1.25760	2110	0	1
2020.01.16	10:00:00	1.25760	1.25825	1.25476	1.25696	3689	0	1
2020.01.16	11:00:00	1.25702	1.25771	1.25602	1.25725	3142	0	1
2020.01.16	12:00:00	1.25729	1.25800	1.25663	1.25734	2700	0	1
2020.01.16	13:00:00	1.25734	1.25756	1.25627	1.25740	2169	0	1
2020.01.16	14:00:00	1.25739	1.25874	1.25644	1.25688	2341	0	1
2020.01.16	15:00:00	1.25688	1.25782	1.25560	1.25766	3830	0	1
2020.01.16	16:00:00	1.25751	1.25905	1.25715	1.25889	4469	0	1
2020.01.16	17:00:00	1.25888	1.26005	1.25693	1.25944	4632	0	1
2020.01.16	18:00:00	1.25944	1.26228	1.25933	1.26189	3971	0	1
2020.01.16	19:00:00	1.26186	1.26258	1.26101	1.26150	2568	0	1
2020.01.16	20:00:00	1.26148	1.26192	1.26025	1.26035	2016	0	1
2020.01.16	21:00:00	1.26035	1.26088	1.26021	1.26071	2054	0	1
2020.01.16	22:00:00	1.26071	1.26174	1.26066	1.26157	1871	0	1
2020.01.16	23:00:00	1.26156	1.26178	1.26135	1.26177	860	0	2
2020.01.17	00:00:00	1.26085	1.26173	1.26060	1.26163	426	0	25
2020.01.17	01:00:00	1.26158	1.26247	1.26143	1.26184	663	0	2
2020.01.17	02:00:00	1.26184	1.26197	1.26125	1.26164	1098	0	1
2020.01.17	03:00:00	1.26168	1.26175	1.26055	1.26116	1538	0	1
2020.01.17	04:00:00	1.26125	1.26213	1.26105	1.26208	1704	0	1
2020.01.17	05:00:00	1.26208	1.26261	1.26192	1.26258	1371	0	2
2020.01.17	06:00:00	1.26255	1.26256	1.26186	1.26191	1013	0	3
2020.01.17	07:00:00	1.26192	1.26194	1.26138	1.26182	977	0	4
2020.01.17	08:00:00	1.26181	1.26332	1.26171	1.26297	1560	0	1
2020.01.17	09:00:00	1.26298	1.26346	1.26200	1.26320	2280	0	1
2020.01.17	10:00:00	1.26337	1.26437	1.26213	1.26379	3150	0	1
2020.01.17	11:00:00	1.26377	1.26620	1.25870	1.26052	4941	0	1
2020.01.17	12:00:00	1.26051	1.26201	1.25992	1.26070	3490	0	1
2020.01.17	13:00:00	1.26070	1.26099	1.25974	1.25988	3605	0	1
2020.01.17	14:00:00	1.25989	1.26225	1.25947	1.26124	2911	0	1
2020.01.17	15:00:00	1.26124	1.26421	1.26069	1.26377	3332	0	1
2020.01.17	16:00:00	1.26383	1.26387	1.26111	1.26149	3644	0	1
2020.01.17	17:00:00	1.26141	1.26235	1.26073	1.26106	3787	0	1
2020.01.17	18:00:00	1.26104	1.26167	1.26032	1.26156	2571	0	1
2020.01.17	19:00:00	1.26154	1.26154	1.26044	1.26069	1703	0	2
2020.01.17	20:00:00	1.26066	1.26094	1.25983	1.25994	1478	0	2
2020.01.17	21:00:00	1.25996	1.26014	1.25944	1.25972	1471	0	4
2020.01.17	22:00:00	1.25970	1.25978	1.25932	1.25955	1678	0	2
2020.01.17	23:00:00	1.25948	1.25948	1.25865	1.25899	1014	0	2
2020.01.20	00:00:00	1.25755	1.25862	1.25714	1.25829	320	0	36
2020.01.20	01:00:00	1.25831	1.25946	1.25821	1.25915	1008	0	5
2020.01.20	02:00:00	1.25915	1.25938	1.25815	1.25842	1254	0	5
2020.01.20	03:00:00	1.25842	1.25856	1.25818	1.25837	1149	0	3
2020.01.20	04:00:00	1.25837	1.25881	1.25824	1.25836	1086	0	5
2020.01.20	05:00:00	1.25837	1.25926	1.25823	1.25910	1042	0	4
2020.01.20	06:00:00	1.25910	1.25926	1.25829	1.25833	800	0	8
2020.01.20	07:00:00	1.25833	1.25864	1.25794	1.25818	805	0	7
2020.01.20	08:00:00	1.25818	1.25850	1.25750	1.25840	1120	0	1
2020.01.20	09:00:00	1.25844	1.25884	1.25566	1.25614	1858	0	1
2020.01.20	10:00:00	1.25614	1.25733	1.25581	1.25679	2587	0	3
2020.01.20	11:00:00	1.25679	1.25698	1.25550	1.25697	2450	0	3
2020.01.20	12:00:00	1.25697	1.25854	1.25648	1.25852	1989	0	2
2020.01.20	13:00:00	1.25852	1.25990	1.25823	1.25942	2047	0	1
2020.01.20	14:00:00	1.25942	1.25942	1.25835	1.25855	1614	0	4
2020.01.20	15:00:00	1.25853	1.26026	1.25818	1.25956	2378	0	2
2020.01.20	16:00:00	1.25956	1.26013	1.25853	1.25930	1653	0	1
2020.01.20	17:00:00	1.25931	1.26036	1.25801	1.25988	2161	0	1
2020.01.20	18:00:00	1.25993	1.26035	1.25918	1.25923	1618	0	3
2020.01.20	19:00:00	1.25923	1.25984	1.25913	1.25977	978	0	4
2020.01.20	20:00:00	1.25975	1.25978	1.25841	1.25915	687	0	1
2020.01.20	21:00:00	1.25915	1.25943	1.25888	1.25930	1155	0	3
2020.01.20	22:00:00	1.25929	1.25947	1.25879	1.25901	1667	0	3
2020.01.20	23:00:00	1.25902	1.25959	1.25877	1.25893	1666	0	12
2020.01.21	00:00:00	1.25891	1.25979	1.25841	1.25883	1087	0	35
2020.01.21	01:00:00	1.25883	1.25969	1.25872	1.25930	649	0	9
2020.01.21	02:00:00	1.25931	1.25954	1.25892	1.25918	1076	0	3
2020.01.21	03:00:00	1.25917	1.25917	1.25786	1.25826	2378	0	3
2020.01.21	04:00:00	1.25825	1.25879	1.25759	1.25807	1466	0	7
2020.01.21	05:00:00	1.25805	1.25928	1.25804	1.25921	1464	0	5
2020.01.21	06:00:00	1.25923	1.25945	1.25872	1.25924	1070	0	4
2020.01.21	07:00:00	1.25923	1.26029	1.25921	1.25937	1099	0	2
2020.01.21	08:00:00	1.25941	1.25958	1.25855	1.25858	1483	0	4
2020.01.21	09:00:00	1.25859	1.25921	1.25802	1.25860	2011	0	4
2020.01.21	10:00:00	1.25860	1.26046	1.25726	1.25979	3251	0	2
2020.01.21	11:00:00	1.25980	1.26299	1.25921	1.26265	3215	0	1
2020.01.21	12:00:00	1.26265	1.26367	1.26057	1.26107	2688	0	1
2020.01.21	13:00:00	1.26107	1.26375	1.26106	1.26353	2481	0	1
2020.01.21	14:00:00	1.26347	1.26406	1.26181	1.26204	2082	0	1
2020.01.21	15:00:00	1.26203	1.26448	1.26202	1.26408	3596	0	1
2020.01.21	16:00:00	1.26407	1.26472	1.26298	1.26358	2452	0	1
2020.01.21	17:00:00	1.26354	1.26406	1.26219	1.26358	3766	0	2
2020.01.21	18:00:00	1.26354	1.26410	1.26276	1.26317	2653	0	4
2020.01.21	19:00:00	1.26316	1.26348	1.26252	1.26317	1731	0	2
2020.01.21	20:00:00	1.26317	1.26423	1.26315	1.26346	2530	0	1
2020.01.21	21:00:00	1.26342	1.26389	1.26304	1.26326	2227	0	2
2020.01.21	22:00:00	1.26325	1.26353	1.26300	1.26342	2416	0	1
2020.01.21	23:00:00	1.26342	1.26361	1.26287	1.26345	1320	0	2
2020.01.22	00:00:00	1.26299	1.26376	1.26299	1.26326	355	0	45
2020.01.22	01:00:00	1.26326	1.26395	1.26326	1.26388	623	0	6
2020.01.22	02:00:00	1.26390	1.26521	1.26390	1.26510	1533	0	3
2020.01.22	03:00:00	1.26511	1.26544	1.26454	1.26499	1508	0	5
2020.01.22	04:00:00	1.26499	1.26540	1.26472	1.26496	1763	0	5
2020.01.22	05:00:00	1.26496	1.26518	1.26416	1.26457	1128	0	6
2020.01.22	06:00:00	1.26455	1.26477	1.26423	1.26472	778	0	4
2020.01.22	07:00:00	1.26470	1.26651	1.26470	1.26626	1331	0	2
2020.01.22	08:00:00	1.26625	1.26748	1.26571	1.26721	1874	0	1
2020.01.22	09:00:00	1.26720	1.26975	1.26549	1.26887	2496	0	1
2020.01.22	10:00:00	1.26885	1.26888	1.26615	1.26883	3576	0	1
2020.01.22	11:00:00	1.26878	1.26997	1.26743	1.26869	2989	0	1
2020.01.22	12:00:00	1.26872	1.26886	1.26740	1.26868	2804	0	1
2020.01.22	13:00:00	1.26866	1.27288	1.26859	1.27224	4408	0	1
2020.01.22	14:00:00	1.27227	1.27497	1.27217	1.27365	3689	0	1
2020.01.22	15:00:00	1.27365	1.27444	1.27271	1.27329	3645	0	3
2020.01.22	16:00:00	1.27331	1.27471	1.27262	1.27325	3721	0	1
2020.01.22	17:00:00	1.27317	1.27570	1.27277	1.27475	4879	0	1
2020.01.22	18:00:00	1.27475	1.27502	1.27274	1.27353	3280	0	2
2020.01.22	19:00:00	1.27353	1.27361	1.27220	1.27231	2422	0	1
2020.01.22	20:00:00	1.27229	1.27232	1.27102	1.27107	1613	0	1
2020.01.22	21:00:00	1.27108	1.27215	1.27098	1.27185	2314	0	1
2020.01.22	22:00:00	1.27181	1.27196	1.27129	1.27138	1758	0	2
2020.01.22	23:00:00	1.27141	1.27184	1.27123	1.27163	1074	0	6
2020.01.23	00:00:00	1.27172	1.27217	1.27044	1.27076	1074	0	30
2020.01.23	01:00:00	1.27055	1.27180	1.27055	1.27154	831	0	6
2020.01.23	02:00:00	1.27154	1.27299	1.27152	1.27214	1611	0	6
2020.01.23	03:00:00	1.27217	1.27226	1.27142	1.27142	1870	0	1
2020.01.23	04:00:00	1.27142	1.27193	1.27111	1.27126	1135	0	6
2020.01.23	05:00:00	1.27126	1.27192	1.27112	1.27143	1225	0	5
2020.01.23	06:00:00	1.27143	1.27151	1.27066	1.27105	1195	0	6
2020.01.23	07:00:00	1.27102	1.27112	1.27016	1.27092	1610	0	5
2020.01.23	08:00:00	1.27092	1.27233	1.27024	1.27215	1568	0	4
2020.01.23	09:00:00	1.27213	1.27297	1.27148	1.27292	1855	0	2
2020.01.23	10:00:00	1.27292	1.27297	1.27036	1.27187	3173	0	1
2020.01.23	11:00:00	1.27187	1.27274	1.27110	1.27245	2792	0	1
2020.01.23	12:00:00	1.27245	1.27354	1.27168	1.27188	2201	0	3
2020.01.23	13:00:00	1.27188	1.27203	1.27036	1.27117	2243	0	1
2020.01.23	14:00:00	1.27117	1.27175	1.27031	1.27086	2083	0	1
2020.01.23	15:00:00	1.27080	1.27096	1.26964	1.26978	4774	0	1
2020.01.23	16:00:00	1.26980	1.27034	1.26809	1.26949	5658	0	1
2020.01.23	17:00:00	1.26950	1.27195	1.26878	1.27154	5031	0	1
2020.01.23	18:00:00	1.27154	1.27183	1.26995	1.27089	3386	0	1
2020.01.23	19:00:00	1.27089	1.27105	1.27057	1.27060	2697	0	3
2020.01.23	20:00:00	1.27059	1.27074	1.26998	1.27069	2522	0	2
2020.01.23	21:00:00	1.27071	1.27202	1.27065	1.27175	2250	0	4
2020.01.23	22:00:00	1.27176	1.27201	1.27121	1.27180	1932	0	1
2020.01.23	23:00:00	1.27179	1.27219	1.27170	1.27210	634	0	5
2020.01.24	00:00:00	1.26974	1.27195	1.26967	1.27168	575	0	49
2020.01.24	01:00:00	1.27152	1.27242	1.27152	1.27199	510	0	9
2020.01.24	02:00:00	1.27200	1.27239	1.27159	1.27190	1032	0	7
2020.01.24	03:00:00	1.27190	1.27226	1.27144	1.27174	1052	0	6
2020.01.24	04:00:00	1.27175	1.27254	1.27174	1.27232	1003	0	5
2020.01.24	05:00:00	1.27234	1.27257	1.27215	1.27246	741	0	5
2020.01.24	06:00:00	1.27246	1.27286	1.27226	1.27260	656	0	5
2020.01.24	07:00:00	1.27260	1.27309	1.27224	1.27301	672	0	3
2020.01.24	08:00:00	1.27301	1.27472	1.27298	1.27438	1091	0	5
2020.01.24	09:00:00	1.27430	1.27432	1.27262	1.27272	2025	0	1
2020.01.24	10:00:00	1.27272	1.27463	1.27173	1.27436	3411	0	1
2020.01.24	11:00:00	1.27441	1.27766	1.27034	1.27107	5086	0	1
2020.01.24	12:00:00	1.27108	1.27268	1.27033	1.27136	3445	0	1
2020.01.24	13:00:00	1.27136	1.27149	1.26982	1.27067	3013	0	1
2020.01.24	14:00:00	1.27067	1.27159	1.27011	1.27091	2153	0	3
2020.01.24	15:00:00	1.27091	1.27099	1.26968	1.27030	3383	0	1
2020.01.24	16:00:00	1.27029	1.27196	1.26995	1.27136	3813	0	2
2020.01.24	17:00:00	1.27136	1.27139	1.26750	1.26856	4626	0	1
2020.01.24	18:00:00	1.26855	1.26991	1.26830	1.26955	3424	0	1
2020.01.24	19:00:00	1.26955	1.27037	1.26909	1.26959	2329	0	2
2020.01.24	20:00:00	1.26959	1.27021	1.26931	1.26950	2458	0	3
2020.01.24	21:00:00	1.26949	1.26996	1.26867	1.26974	2671	0	3
2020.01.24	22:00:00	1.26974	1.27037	1.26960	1.26973	2457	0	4
2020.01.24	23:00:00	1.26982	1.27003	1.26927	1.26935	990	0	4
2020.01.27	00:00:00	1.26839	1.26948	1.26758	1.26848	1008	0	51
2020.01.27	01:00:00	1.26846	1.26931	1.26645	1.26703	2496	0	1
2020.01.27	02:00:00	1.26702	1.26881	1.26697	1.26812	1652	0	6
2020.01.27	03:00:00	1.26811	1.26835	1.26775	1.26817	804	0	8
2020.01.27	04:00:00	1.26817	1.26817	1.26674	1.26715	1072	0	7
2020.01.27	05:00:00	1.26715	1.26797	1.26714	1.26782	914	0	6
2020.01.27	06:00:00	1.26782	1.26834	1.26736	1.26789	828	0	6
2020.01.27	07:00:00	1.26790	1.26817	1.26734	1.26750	578	0	5
2020.01.27	08:00:00	1.26751	1.26895	1.26741	1.26866	957	0	1
2020.01.27	09:00:00	1.26861	1.26945	1.26814	1.26932	2500	0	2
2020.01.27	10:00:00	1.26932	1.27035	1.26848	1.26999	3040	0	1
2020.01.27	11:00:00	1.26997	1.27234	1.26919	1.27046	3770	0	1
2020.01.27	12:00:00	1.27045	1.27100	1.26886	1.26905	2471	0	1
2020.01.27	13:00:00	1.26902	1.26939	1.26785	1.26839	2443	0	2
2020.01.27	14:00:00	1.26837	1.26841	1.26625	1.26723	2924	0	1
2020.01.27	15:00:00	1.26721	1.26797	1.26536	1.26549	3110	0	1
2020.01.27	16:00:00	1.26549	1.26688	1.26480	1.26635	4093	0	3
2020.01.27	17:00:00	1.26640	1.26659	1.26519	1.26603	3850	0	1
2020.01.27	18:00:00	1.26603	1.26643	1.26518	1.26556	2913	0	2
2020.01.27	19:00:00	1.26555	1.26727	1.26458	1.26707	2996	0	1
2020.01.27	20:00:00	1.26706	1.26731	1.26587	1.26597	1843	0	1
2020.01.27	21:00:00	1.26600	1.26633	1.26485	1.26519	1831	0	1
2020.01.27	22:00:00	1.26521	1.26563	1.26499	1.26551	1604	0	1
2020.01.27	23:00:00	1.26552	1.26596	1.26548	1.26585	977	0	1
2020.01.28	00:00:00	1.26497	1.26615	1.26448	1.26533	1167	0	16
2020.01.28	01:00:00	1.26518	1.26679	1.26488	1.26663	686	0	4
2020.01.28	02:00:00	1.26663	1.26701	1.26632	1.26641	783	0	5
2020.01.28	03:00:00	1.26642	1.26776	1.26640	1.26758	1112	0	7
2020.01.28	04:00:00	1.26759	1.26763	1.26689	1.26703	718	0	5
2020.01.28	05:00:00	1.26702	1.26711	1.26651	1.26693	653	0	8
2020.01.28	06:00:00	1.26694	1.26731	1.26685	1.26697	628	0	6
2020.01.28	07:00:00	1.26698	1.26737	1.26672	1.26715	580	0	7
2020.01.28	08:00:00	1.26717	1.26717	1.26532	1.26608	1290	0	4
2020.01.28	09:00:00	1.26605	1.26613	1.26434	1.26472	1849	0	1
2020.01.28	10:00:00	1.26473	1.26473	1.26090	1.26106	3221	0	1
2020.01.28	11:00:00	1.26106	1.26249	1.25943	1.26232	3780	0	1
2020.01.28	12:00:00	1.26233	1.26249	1.26058	1.26077	2154	0	2
2020.01.28	13:00:00	1.26078	1.26350	1.26024	1.26348	2520	0	1
2020.01.28	14:00:00	1.26348	1.26598	1.26221	1.26456	2978	0	3
2020.01.28	15:00:00	1.26455	1.26675	1.26414	1.26528	3029	0	1
2020.01.28	16:00:00	1.26528	1.26545	1.26298	1.26383	3471	0	1
2020.01.28	17:00:00	1.26383	1.26559	1.26352	1.26428	4112	0	1
2020.01.28	18:00:00	1.26426	1.26563	1.26364	1.26557	2774	0	1
2020.01.28	19:00:00	1.26557	1.26609	1.26505	1.26543	2844	0	1
2020.01.28	20:00:00	1.26543	1.26557	1.26484	1.26485	2069	0	2
2020.01.28	21:00:00	1.26487	1.26630	1.26465	1.26575	2137	0	1
2020.01.28	22:00:00	1.26573	1.26663	1.26561	1.26638	2108	0	4
2020.01.28	23:00:00	1.26640	1.26758	1.26629	1.26754	1260	0	2
2020.01.29	00:00:00	1.26656	1.26761	1.26654	1.26711	327	0	1
2020.01.29	01:00:00	1.26719	1.26745	1.26692	1.26705	555	0	8
2020.01.29	02:00:00	1.26705	1.26771	1.26702	1.26725	1042	0	5
2020.01.29	03:00:00	1.26724	1.26810	1.26702	1.26780	1392	0	4
2020.01.29	04:00:00	1.26781	1.26797	1.26749	1.26760	965	0	4
2020.01.29	05:00:00	1.26760	1.26865	1.26759	1.26829	981	0	3
2020.01.29	06:00:00	1.26828	1.26856	1.26811	1.26830	731	0	7
2020.01.29	07:00:00	1.26830	1.26850	1.26814	1.26847	746	0	7
2020.01.29	08:00:00	1.26847	1.26851	1.26787	1.26804	895	0	6
2020.01.29	09:00:00	1.26802	1.26848	1.26653	1.26673	1917	0	3
2020.01.29	10:00:00	1.26670	1.26827	1.26574	1.26792	3037	0	1
2020.01.29	11:00:00	1.26792	1.26860	1.26729	1.26775	1902	0	1
2020.01.29	13:00:00	1.26779	1.26919	1.26762	1.26899	874	0	1
2020.01.29	14:00:00	1.26899	1.26941	1.26810	1.26839	1650	0	1
2020.01.29	15:00:00	1.26835	1.26893	1.26767	1.26798	3210	0	1
2020.01.29	16:00:00	1.26798	1.26975	1.26798	1.26887	3122	0	1
2020.01.29	17:00:00	1.26884	1.26890	1.26636	1.26766	3838	0	1
2020.01.29	18:00:00	1.26766	1.26835	1.26718	1.26809	2541	0	1
2020.01.29	19:00:00	1.26807	1.26877	1.26776	1.26831	1771	0	1
2020.01.29	20:00:00	1.26831	1.26845	1.26783	1.26803	1761	0	3
2020.01.29	21:00:00	1.26813	1.26894	1.26682	1.26732	2735	0	1
2020.01.29	22:00:00	1.26731	1.26773	1.26662	1.26769	3197	0	1
2020.01.29	23:00:00	1.26769	1.26775	1.26703	1.26719	939	0	2
2020.01.30	00:00:00	1.26581	1.26690	1.26505	1.26684	760	0	29
2020.01.30	01:00:00	1.26684	1.26747	1.26676	1.26721	523	0	4
2020.01.30	02:00:00	1.26723	1.26739	1.26650	1.26667	767	0	7
2020.01.30	03:00:00	1.26668	1.26713	1.26657	1.26669	1174	0	4
2020.01.30	04:00:00	1.26668	1.26688	1.26576	1.26583	1152	0	4
2020.01.30	05:00:00	1.26582	1.26614	1.26504	1.26538	1047	0	4
2020.01.30	06:00:00	1.26538	1.26584	1.26484	1.26537	681	0	5
2020.01.30	07:00:00	1.26538	1.26545	1.26471	1.26523	987	0	6
2020.01.30	08:00:00	1.26523	1.26563	1.26510	1.26512	1160	0	3
2020.01.30	09:00:00	1.26514	1.26525	1.26268	1.26382	2238	0	1
2020.01.30	10:00:00	1.26382	1.26383	1.25955	1.26117	2998	0	1
2020.01.30	11:00:00	1.26117	1.26416	1.26075	1.26341	2915	0	1
2020.01.30	12:00:00	1.26343	1.26517	1.26316	1.26409	2397	0	2
2020.01.30	13:00:00	1.26409	1.26800	1.26324	1.26732	2613	0	1
2020.01.30	14:00:00	1.26736	1.27120	1.26709	1.26960	5105	0	1
2020.01.30	15:00:00	1.26959	1.27070	1.26870	1.26990	5246	0	1
2020.01.30	16:00:00	1.26987	1.27059	1.26850	1.26896	3991	0	1
2020.01.30	17:00:00	1.26898	1.27039	1.26750	1.26852	4118	0	1
2020.01.30	18:00:00	1.26851	1.27088	1.26838	1.27031	3605	0	1
2020.01.30	19:00:00	1.27031	1.27032	1.26793	1.26804	2842	0	1
2020.01.30	20:00:00	1.26804	1.26866	1.26740	1.26753	2049	0	1
2020.01.30	21:00:00	1.26754	1.26904	1.26720	1.26842	3907	0	2
2020.01.30	22:00:00	1.26844	1.26976	1.26813	1.26968	3129	0	1
2020.01.30	23:00:00	1.26971	1.27001	1.26903	1.26926	1162	0	1
2020.01.31	00:00:00	1.26771	1.26938	1.26771	1.26897	424	0	33
2020.01.31	01:00:00	1.26897	1.26908	1.26844	1.26859	879	0	4
2020.01.31	02:00:00	1.26859	1.27036	1.26859	1.27025	1376	0	1
2020.01.31	03:00:00	1.27025	1.27136	1.27001	1.27016	1476	0	1
2020.01.31	04:00:00	1.27018	1.27082	1.27002	1.27041	1426	0	3
2020.01.31	05:00:00	1.27042	1.27103	1.27039	1.27088	1391	0	4
2020.01.31	06:00:00	1.27090	1.27150	1.27085	1.27134	1162	0	2
2020.01.31	07:00:00	1.27134	1.27149	1.27111	1.27148	1157	0	5
2020.01.31	08:00:00	1.27149	1.27226	1.27116	1.27217	1176	0	3
2020.01.31	09:00:00	1.27223	1.27424	1.27191	1.27390	2630	0	3
2020.01.31	10:00:00	1.27390	1.27553	1.27335	1.27539	2935	0	2
2020.01.31	11:00:00	1.27539	1.27577	1.27154	1.27271	3393	0	1
2020.01.31	12:00:00	1.27267	1.27300	1.26958	1.27003	2957	0	1
2020.01.31	13:00:00	1.27002	1.27165	1.26984	1.27162	2280	0	1
2020.01.31	14:00:00	1.27156	1.27187	1.27073	1.27109	3094	0	1
2020.01.31	15:00:00	1.27109	1.27110	1.26985	1.27051	3448	0	1
2020.01.31	16:00:00	1.27056	1.27140	1.26872	1.26990	3817	0	1
2020.01.31	17:00:00	1.26983	1.27188	1.26958	1.27126	5284	0	1
2020.01.31	18:00:00	1.27125	1.27265	1.27011	1.27262	4908	0	1
2020.01.31	19:00:00	1.27262	1.27273	1.27162	1.27194	3261	0	1
2020.01.31	20:00:00	1.27196	1.27208	1.27053	1.27110	2786	0	2
2020.01.31	21:00:00	1.27105	1.27260	1.27078	1.27159	2348	0	2
2020.01.31	22:00:00	1.27159	1.27241	1.27104	1.27179	3215	0	1
2020.01.31	23:00:00	1.27176	1.27243	1.27129	1.27242	1553	0	3
2020.02.03	00:00:00	1.26881	1.26988	1.26881	1.26978	631	0	78
2020.02.03	01:00:00	1.26980	1.27021	1.26902	1.26985	1034	0	7
2020.02.03	02:00:00	1.26986	1.27144	1.26973	1.27079	1588	0	4
2020.02.03	03:00:00	1.27081	1.27140	1.26978	1.27083	3141	0	4
2020.02.03	04:00:00	1.27084	1.27102	1.26962	1.26972	2679	0	3
2020.02.03	05:00:00	1.26972	1.26978	1.26795	1.26836	2021	0	3
2020.02.03	06:00:00	1.26836	1.26865	1.26782	1.26838	1042	0	5
2020.02.03	07:00:00	1.26838	1.26882	1.26779	1.26797	1386	0	5
2020.02.03	08:00:00	1.26797	1.26818	1.26740	1.26783	2080	0	4
2020.02.03	09:00:00	1.26782	1.26986	1.26722	1.26772	2933	0	3
2020.02.03	10:00:00	1.26770	1.26833	1.26547	1.26652	3914	0	1
2020.02.03	11:00:00	1.26651	1.26671	1.26114	1.26119	3360	0	1
2020.02.03	12:00:00	1.26120	1.26154	1.25897	1.25928	4287	0	1
2020.02.03	13:00:00	1.25928	1.26105	1.25866	1.25971	3280	0	1
2020.02.03	14:00:00	1.25970	1.25980	1.25814	1.25847	2393	0	2
2020.02.03	15:00:00	1.25847	1.26045	1.25797	1.25906	2855	0	1
2020.02.03	16:00:00	1.25909	1.25917	1.25681	1.25829	4088	0	1
2020.02.03	17:00:00	1.25829	1.25961	1.25652	1.25700	4735	0	1
2020.02.03	18:00:00	1.25700	1.25736	1.25498	1.25571	3673	0	1
2020.02.03	19:00:00	1.25570	1.25673	1.25439	1.25632	2828	0	1
2020.02.03	20:00:00	1.25632	1.25664	1.25451	1.25538	2250	0	4
2020.02.03	21:00:00	1.25539	1.25598	1.25457	1.25567	2224	0	3
2020.02.03	22:00:00	1.25567	1.25613	1.25485	1.25539	2166	0	1
2020.02.03	23:00:00	1.25533	1.25620	1.25518	1.25601	652	0	6
2020.02.04	00:00:00	1.25420	1.25560	1.25402	1.25560	882	0	16
2020.02.04	01:00:00	1.25549	1.25553	1.25477	1.25526	1544	0	6
2020.02.04	02:00:00	1.25527	1.25533	1.25455	1.25489	1156	0	5
2020.02.04	03:00:00	1.25490	1.25614	1.25408	1.25593	2084	0	1
2020.02.04	04:00:00	1.25593	1.25640	1.25517	1.25620	1978	0	5
2020.02.04	05:00:00	1.25624	1.25737	1.25572	1.25674	1814	0	1
2020.02.04	06:00:00	1.25674	1.25823	1.25668	1.25730	1513	0	4
2020.02.04	07:00:00	1.25730	1.25933	1.25725	1.25867	1758	0	2
2020.02.04	08:00:00	1.25867	1.25971	1.25799	1.25799	2282	0	4
2020.02.04	09:00:00	1.25798	1.25798	1.25318	1.25367	3776	0	1
2020.02.04	10:00:00	1.25370	1.25818	1.25370	1.25784	4357	0	1
2020.02.04	11:00:00	1.25780	1.26174	1.25727	1.26066	4108	0	1
2020.02.04	12:00:00	1.26069	1.26147	1.25886	1.25891	2715	0	3
2020.02.04	13:00:00	1.25877	1.26051	1.25864	1.26032	2451	0	3
2020.02.04	14:00:00	1.26043	1.26156	1.26001	1.26099	3402	0	1
2020.02.04	15:00:00	1.26099	1.26385	1.26051	1.26298	4159	0	1
2020.02.04	16:00:00	1.26294	1.26306	1.26146	1.26217	3932	0	1
2020.02.04	17:00:00	1.26215	1.26407	1.26161	1.26325	3698	0	1
2020.02.04	18:00:00	1.26320	1.26418	1.26263	1.26287	2620	0	1
2020.02.04	19:00:00	1.26288	1.26449	1.26283	1.26371	2311	0	3
2020.02.04	20:00:00	1.26369	1.26476	1.26360	1.26451	1586	0	1
2020.02.04	21:00:00	1.26452	1.26480	1.26405	1.26409	1415	0	3
2020.02.04	22:00:00	1.26410	1.26410	1.26287	1.26311	1593	0	2
2020.02.04	23:00:00	1.26311	1.26327	1.26264	1.26327	902	0	4
2020.02.05	00:00:00	1.26270	1.26348	1.26232	1.26270	667	0	28
2020.02.05	01:00:00	1.26270	1.26330	1.26256	1.26301	490	0	8
2020.02.05	02:00:00	1.26307	1.26356	1.26233	1.26263	1396	0	5
2020.02.05	03:00:00	1.26263	1.26285	1.26150	1.26283	1964	0	5
2020.02.05	04:00:00	1.26282	1.26282	1.26174	1.26242	1536	0	2
2020.02.05	05:00:00	1.26242	1.26277	1.26204	1.26250	1249	0	6
2020.02.05	06:00:00	1.26250	1.26300	1.26234	1.26234	884	0	5
2020.02.05	07:00:00	1.26234	1.26234	1.26107	1.26144	1037	0	6
2020.02.05	08:00:00	1.26145	1.26220	1.26130	1.26190	1756	0	4
2020.02.05	09:00:00	1.26186	1.26311	1.26033	1.26283	2105	0	1
2020.02.05	10:00:00	1.26288	1.26563	1.26223	1.26522	4807	0	1
2020.02.05	11:00:00	1.26531	1.27091	1.26442	1.27080	4951	0	1
2020.02.05	12:00:00	1.27077	1.27077	1.26825	1.26973	3107	0	1
2020.02.05	13:00:00	1.26976	1.27043	1.26856	1.26885	3289	0	1
2020.02.05	14:00:00	1.26885	1.26965	1.26760	1.26860	2665	0	2
2020.02.05	15:00:00	1.26859	1.27028	1.26489	1.26584	4403	0	1
2020.02.05	16:00:00	1.26584	1.26609	1.26227	1.26286	5296	0	1
2020.02.05	17:00:00	1.26287	1.26445	1.26262	1.26345	5154	0	2
2020.02.05	18:00:00	1.26346	1.26492	1.26298	1.26472	3241	0	1
2020.02.05	19:00:00	1.26472	1.26598	1.26460	1.26571	2355	0	3
2020.02.05	20:00:00	1.26571	1.26580	1.26534	1.26551	1651	0	3
2020.02.05	21:00:00	1.26551	1.26564	1.26449	1.26484	1608	0	2
2020.02.05	22:00:00	1.26488	1.26493	1.26430	1.26484	1818	0	4
2020.02.05	23:00:00	1.26483	1.26592	1.26466	1.26562	870	0	4
2020.02.06	00:00:00	1.26535	1.26567	1.26438	1.26530	400	0	26
2020.02.06	01:00:00	1.26533	1.26561	1.26478	1.26497	494	0	7
2020.02.06	02:00:00	1.26497	1.26532	1.26458	1.26474	1081	0	1
2020.02.06	03:00:00	1.26474	1.26529	1.26422	1.26433	2401	0	4
2020.02.06	04:00:00	1.26433	1.26471	1.26419	1.26434	1246	0	6
2020.02.06	05:00:00	1.26434	1.26499	1.26429	1.26485	1416	0	4
2020.02.06	06:00:00	1.26484	1.26545	1.26469	1.26471	1954	0	3
2020.02.06	07:00:00	1.26471	1.26517	1.26402	1.26468	1929	0	2
2020.02.06	08:00:00	1.26467	1.26543	1.26381	1.26409	1830	0	4
2020.02.06	09:00:00	1.26417	1.26527	1.26391	1.26432	2193	0	3
2020.02.06	10:00:00	1.26432	1.26610	1.26415	1.26584	3499	0	1
2020.02.06	11:00:00	1.26584	1.26631	1.26313	1.26445	3407	0	2
2020.02.06	12:00:00	1.26449	1.26502	1.26213	1.26241	2993	0	3
2020.02.06	13:00:00	1.26240	1.26354	1.26173	1.26333	2704	0	1
2020.02.06	14:00:00	1.26333	1.26425	1.26274	1.26356	2137	0	1
2020.02.06	15:00:00	1.26356	1.26373	1.26172	1.26311	3551	0	2
2020.02.06	16:00:00	1.26311	1.26453	1.26223	1.26295	3803	0	2
2020.02.06	17:00:00	1.26300	1.26364	1.26003	1.26025	4344	0	1
2020.02.06	18:00:00	1.26025	1.26164	1.26011	1.26088	3133	0	3
2020.02.06	19:00:00	1.26088	1.26144	1.26081	1.26133	2194	0	3
2020.02.06	20:00:00	1.26133	1.26173	1.26061	1.26092	1992	0	4
2020.02.06	21:00:00	1.26091	1.26126	1.26033	1.26040	1798	0	3
2020.02.06	22:00:00	1.26038	1.26058	1.25998	1.26010	1951	0	1
2020.02.06	23:00:00	1.26010	1.26016	1.25978	1.26008	796	0	6
2020.02.07	00:00:00	1.25980	1.26040	1.25961	1.25996	518	0	30
2020.02.07	01:00:00	1.25996	1.26028	1.25985	1.26028	562	0	5
2020.02.07	02:00:00	1.26028	1.26064	1.25940	1.26025	893	0	4
2020.02.07	03:00:00	1.26025	1.26073	1.25961	1.26037	2051	0	4
2020.02.07	04:00:00	1.26038	1.26095	1.26026	1.26067	1532	0	1
2020.02.07	05:00:00	1.26067	1.26119	1.26065	1.26065	1401	0	5
2020.02.07	06:00:00	1.26065	1.26094	1.25998	1.26080	1286	0	4
2020.02.07	07:00:00	1.26080	1.26128	1.26064	1.26107	1366	0	4
2020.02.07	08:00:00	1.26107	1.26243	1.26095	1.26227	1922	0	3
2020.02.07	09:00:00	1.26230	1.26286	1.26122	1.26185	3623	0	1
2020.02.07	10:00:00	1.26186	1.26216	1.26043	1.26143	4587	0	1
2020.02.07	11:00:00	1.26145	1.26285	1.26112	1.26176	3083	0	2
2020.02.07	12:00:00	1.26176	1.26248	1.26117	1.26160	3693	0	1
2020.02.07	13:00:00	1.26158	1.26353	1.26131	1.26294	2314	0	2
2020.02.07	14:00:00	1.26294	1.26390	1.26269	1.26389	2564	0	3
2020.02.07	15:00:00	1.26389	1.26409	1.26209	1.26277	4292	0	1
2020.02.07	16:00:00	1.26277	1.26307	1.26145	1.26191	4521	0	1
2020.02.07	17:00:00	1.26194	1.26437	1.26152	1.26330	4810	0	1
2020.02.07	18:00:00	1.26330	1.26363	1.26091	1.26190	3948	0	1
2020.02.07	19:00:00	1.26190	1.26197	1.26087	1.26124	2517	0	2
2020.02.07	20:00:00	1.26120	1.26131	1.26016	1.26019	1997	0	1
2020.02.07	21:00:00	1.26019	1.26019	1.25935	1.25935	1803	0	4
2020.02.07	22:00:00	1.25943	1.25999	1.25910	1.25938	1789	0	3
2020.02.07	23:00:00	1.25942	1.25992	1.25913	1.25944	1122	0	2
2020.02.10	00:00:00	1.25781	1.25923	1.25770	1.25858	705	0	132
2020.02.10	01:00:00	1.25855	1.26010	1.25822	1.25885	1752	0	7
2020.02.10	02:00:00	1.25886	1.25947	1.25855	1.25896	2000	0	5
2020.02.10	03:00:00	1.25896	1.26069	1.25885	1.26010	2617	0	4
2020.02.10	04:00:00	1.26011	1.26184	1.25984	1.26129	2707	0	2
2020.02.10	05:00:00	1.26129	1.26158	1.26017	1.26018	1699	0	3
2020.02.10	06:00:00	1.26019	1.26054	1.25961	1.26045	1522	0	3
2020.02.10	07:00:00	1.26045	1.26135	1.26042	1.26128	1474	0	5
2020.02.10	08:00:00	1.26127	1.26152	1.26071	1.26139	1737	0	4
2020.02.10	09:00:00	1.26134	1.26150	1.25820	1.25849	3111	0	1
2020.02.10	10:00:00	1.25851	1.26043	1.25832	1.26006	4059	0	1
2020.02.10	11:00:00	1.26004	1.26265	1.25989	1.26208	3838	0	1
2020.02.10	12:00:00	1.26204	1.26419	1.26152	1.26331	3418	0	1
2020.02.10	13:00:00	1.26331	1.26476	1.26328	1.26369	3067	0	1
2020.02.10	14:00:00	1.26367	1.26482	1.26283	1.26451	3405	0	1
2020.02.10	15:00:00	1.26450	1.26506	1.26369	1.26441	3908	0	1
2020.02.10	16:00:00	1.26439	1.26512	1.26334	1.26445	3839	0	1
2020.02.10	17:00:00	1.26445	1.26476	1.26233	1.26273	4342	0	1
2020.02.10	18:00:00	1.26273	1.26356	1.26243	1.26320	3191	0	1
2020.02.10	19:00:00	1.26320	1.26323	1.26153	1.26189	2896	0	1
2020.02.10	20:00:00	1.26190	1.26211	1.26145	1.26190	2113	0	1
2020.02.10	21:00:00	1.26190	1.26213	1.26151	1.26186	1675	0	2
2020.02.10	22:00:00	1.26186	1.26204	1.26147	1.26166	2126	0	1
2020.02.10	23:00:00	1.26162	1.26225	1.26149	1.26192	1149	0	2
2020.02.11	00:00:00	1.26145	1.26211	1.26128	1.26164	307	0	26
2020.02.11	01:00:00	1.26164	1.26249	1.26164	1.26239	1013	0	4
2020.02.11	02:00:00	1.26238	1.26265	1.26201	1.26259	1591	0	4
2020.02.11	03:00:00	1.26260	1.26350	1.26247	1.26303	2238	0	5
2020.02.11	04:00:00	1.26304	1.26374	1.26269	1.26368	1640	0	3
2020.02.11	05:00:00	1.26367	1.26390	1.26345	1.26372	1537	0	3
2020.02.11	06:00:00	1.26371	1.26373	1.26314	1.26335	1087	0	5
2020.02.11	07:00:00	1.26335	1.26391	1.26319	1.26371	1350	0	6
2020.02.11	08:00:00	1.26371	1.26402	1.26346	1.26383	1699	0	3
2020.02.11	09:00:00	1.26372	1.26372	1.26158	1.26198	3160	0	1
2020.02.11	10:00:00	1.26197	1.26289	1.26068	1.26104	3615	0	1
2020.02.11	11:00:00	1.26104	1.26481	1.26085	1.26439	4156	0	1
2020.02.11	12:00:00	1.26437	1.26447	1.26241	1.26345	3257	0	1
2020.02.11	13:00:00	1.26345	1.26475	1.26210	1.26432	3045	0	1
2020.02.11	14:00:00	1.26432	1.26514	1.26359	1.26504	3054	0	2
2020.02.11	15:00:00	1.26504	1.26621	1.26487	1.26605	4542	0	1
2020.02.11	16:00:00	1.26604	1.26792	1.26580	1.26717	4878	0	1
2020.02.11	17:00:00	1.26717	1.26759	1.26453	1.26488	4794	0	1
2020.02.11	18:00:00	1.26485	1.26521	1.26294	1.26355	3696	0	1
2020.02.11	19:00:00	1.26357	1.26359	1.26246	1.26337	2835	0	1
2020.02.11	20:00:00	1.26341	1.26415	1.26333	1.26375	2384	0	1
2020.02.11	21:00:00	1.26375	1.26500	1.26359	1.26447	2559	0	1
2020.02.11	22:00:00	1.26447	1.26447	1.26331	1.26395	1790	0	1
2020.02.11	23:00:00	1.26397	1.26425	1.26344	1.26422	1012	0	1
2020.02.12	00:00:00	1.26314	1.26432	1.26251	1.26376	820	0	37
2020.02.12	01:00:00	1.26376	1.26421	1.26365	1.26417	623	0	8
2020.02.12	02:00:00	1.26423	1.26443	1.26378	1.26389	1791	0	3
2020.02.12	03:00:00	1.26392	1.26468	1.26372	1.26434	2117	0	3
2020.02.12	04:00:00	1.26433	1.26460	1.26406	1.26459	1929	0	3
2020.02.12	05:00:00	1.26457	1.26488	1.26381	1.26386	1269	0	2
2020.02.12	06:00:00	1.26386	1.26434	1.26378	1.26424	1168	0	2
2020.02.12	07:00:00	1.26424	1.26497	1.26419	1.26469	1284	0	6
2020.02.12	08:00:00	1.26471	1.26480	1.26384	1.26434	2036	0	4
2020.02.12	09:00:00	1.26433	1.26601	1.26397	1.26532	3200	0	1
2020.02.12	10:00:00	1.26532	1.26609	1.26454	1.26532	4268	0	1
2020.02.12	11:00:00	1.26531	1.26625	1.26359	1.26493	3716	0	1
2020.02.12	12:00:00	1.26492	1.26583	1.26470	1.26528	3639	0	1
2020.02.12	13:00:00	1.26527	1.26623	1.26510	1.26566	2829	0	1
2020.02.12	14:00:00	1.26569	1.26663	1.26458	1.26637	2919	0	1
2020.02.12	15:00:00	1.26637	1.26687	1.26469	1.26517	3285	0	1
2020.02.12	16:00:00	1.26517	1.26576	1.26439	1.26522	3843	0	1
2020.02.12	17:00:00	1.26522	1.26758	1.26518	1.26709	4409	0	1
2020.02.12	18:00:00	1.26709	1.26789	1.26698	1.26755	3409	0	1
2020.02.12	19:00:00	1.26754	1.26823	1.26721	1.26787	2749	0	2
2020.02.12	20:00:00	1.26787	1.26800	1.26722	1.26761	1981	0	1
2020.02.12	21:00:00	1.26761	1.26866	1.26753	1.26786	2879	0	1
2020.02.12	22:00:00	1.26790	1.26805	1.26710	1.26724	2388	0	1
2020.02.12	23:00:00	1.26727	1.26781	1.26727	1.26762	1081	0	1
2020.02.13	00:00:00	1.26740	1.26785	1.26677	1.26725	385	0	37
2020.02.13	01:00:00	1.26730	1.26775	1.26646	1.26685	2195	0	4
2020.02.13	02:00:00	1.26685	1.26786	1.26635	1.26665	2867	0	3
2020.02.13	03:00:00	1.26665	1.26792	1.26661	1.26753	2461	0	2
2020.02.13	04:00:00	1.26754	1.26766	1.26700	1.26753	1958	0	4
2020.02.13	05:00:00	1.26756	1.26797	1.26664	1.26678	1911	0	3
2020.02.13	06:00:00	1.26678	1.26719	1.26638	1.26646	1420	0	3
2020.02.13	07:00:00	1.26645	1.26655	1.26571	1.26613	1805	0	4
2020.02.13	08:00:00	1.26614	1.26629	1.26554	1.26593	1773	0	3
2020.02.13	09:00:00	1.26593	1.26792	1.26506	1.26764	3205	0	1
2020.02.13	10:00:00	1.26764	1.26851	1.26602	1.26609	4188	0	1
2020.02.13	11:00:00	1.26608	1.26707	1.26563	1.26645	3187	0	1
2020.02.13	12:00:00	1.26660	1.26966	1.26637	1.26960	2931	0	1
2020.02.13	13:00:00	1.26964	1.27121	1.26824	1.27081	3784	0	1
2020.02.13	14:00:00	1.27080	1.27634	1.27011	1.27540	5493	0	1
2020.02.13	15:00:00	1.27543	1.27664	1.27398	1.27498	3613	0	1
2020.02.13	16:00:00	1.27502	1.27647	1.27399	1.27572	4272	0	1
2020.02.13	17:00:00	1.27569	1.27924	1.27498	1.27726	5219	0	1
2020.02.13	18:00:00	1.27729	1.27844	1.27587	1.27733	3404	0	1
2020.02.13	19:00:00	1.27735	1.27818	1.27720	1.27771	2353	0	1
2020.02.13	20:00:00	1.27773	1.27811	1.27725	1.27768	1980	0	3
2020.02.13	21:00:00	1.27769	1.27822	1.27741	1.27820	1964	0	2
2020.02.13	22:00:00	1.27820	1.27829	1.27724	1.27793	1538	0	1
2020.02.13	23:00:00	1.27793	1.27796	1.27727	1.27738	823	0	4
2020.02.14	00:00:00	1.27597	1.27716	1.27573	1.27673	956	0	49
2020.02.14	01:00:00	1.27665	1.27773	1.27665	1.27718	1244	0	5
2020.02.14	02:00:00	1.27718	1.27828	1.27715	1.27791	1775	0	5
2020.02.14	03:00:00	1.27791	1.27843	1.27757	1.27821	1830	0	3
2020.02.14	04:00:00	1.27821	1.27869	1.27786	1.27862	1019	0	4
2020.02.14	05:00:00	1.27862	1.27885	1.27809	1.27823	1533	0	3
2020.02.14	06:00:00	1.27820	1.27851	1.27813	1.27821	994	0	4
2020.02.14	07:00:00	1.27821	1.27852	1.27785	1.27834	1208	0	3
2020.02.14	08:00:00	1.27834	1.27962	1.27813	1.27846	1586	0	3
2020.02.14	09:00:00	1.27845	1.28021	1.27813	1.28012	2273	0	3
2020.02.14	10:00:00	1.28012	1.28064	1.27777	1.27868	2896	0	1
2020.02.14	11:00:00	1.27866	1.27901	1.27700	1.27866	3273	0	2
2020.02.14	12:00:00	1.27865	1.27911	1.27767	1.27802	2725	0	2
2020.02.14	13:00:00	1.27802	1.27937	1.27772	1.27919	2730	0	1
2020.02.14	14:00:00	1.27918	1.27955	1.27833	1.27858	2748	0	2
2020.02.14	15:00:00	1.27858	1.27911	1.27528	1.27608	4118	0	1
2020.02.14	16:00:00	1.27608	1.27751	1.27585	1.27687	3443	0	1
2020.02.14	17:00:00	1.27690	1.27770	1.27596	1.27745	3601	0	2
2020.02.14	18:00:00	1.27745	1.28023	1.27709	1.28003	2930	0	1
2020.02.14	19:00:00	1.28004	1.28054	1.27954	1.27983	2226	0	2
2020.02.14	20:00:00	1.27984	1.28048	1.27906	1.27927	1533	0	3
2020.02.14	21:00:00	1.27927	1.27966	1.27892	1.27953	1485	0	1
2020.02.14	22:00:00	1.27954	1.28129	1.27938	1.28125	1933	0	1
2020.02.14	23:00:00	1.28127	1.28172	1.28083	1.28151	1367	0	4
2020.02.17	00:00:00	1.27935	1.28054	1.27858	1.28042	510	0	44
2020.02.17	01:00:00	1.28057	1.28183	1.28042	1.28130	963	0	9
2020.02.17	02:00:00	1.28130	1.28137	1.28049	1.28069	1817	0	5
2020.02.17	03:00:00	1.28069	1.28139	1.28068	1.28128	1296	0	6
2020.02.17	04:00:00	1.28128	1.28192	1.28111	1.28172	1059	0	7
2020.02.17	05:00:00	1.28172	1.28197	1.28138	1.28141	897	0	6
2020.02.17	06:00:00	1.28141	1.28163	1.28121	1.28124	1021	0	6
2020.02.17	07:00:00	1.28123	1.28192	1.28115	1.28169	1039	0	5
2020.02.17	08:00:00	1.28168	1.28172	1.28045	1.28068	999	0	4
2020.02.17	09:00:00	1.28068	1.28085	1.27956	1.28012	1877	0	1
2020.02.17	10:00:00	1.28012	1.28066	1.27924	1.28004	2371	0	3
2020.02.17	11:00:00	1.28002	1.28091	1.27941	1.28013	2692	0	4
2020.02.17	12:00:00	1.28013	1.28027	1.27874	1.27944	2298	0	3
2020.02.17	13:00:00	1.27944	1.27974	1.27731	1.27802	2748	0	2
2020.02.17	14:00:00	1.27802	1.27836	1.27757	1.27796	2215	0	1
2020.02.17	15:00:00	1.27795	1.27854	1.27721	1.27769	1749	0	2
2020.02.17	16:00:00	1.27771	1.27771	1.27638	1.27671	2184	0	1
2020.02.17	17:00:00	1.27672	1.27751	1.27657	1.27704	2083	0	2
2020.02.17	18:00:00	1.27704	1.27744	1.27639	1.27658	1440	0	3
2020.02.17	19:00:00	1.27658	1.27677	1.27615	1.27669	1074	0	3
2020.02.17	20:00:00	1.27669	1.27698	1.27558	1.27575	2159	0	3
2020.02.17	21:00:00	1.27575	1.27579	1.27498	1.27543	1392	0	1
2020.02.17	22:00:00	1.27543	1.27552	1.27508	1.27539	1049	0	8
2020.02.17	23:00:00	1.27539	1.27563	1.27518	1.27537	929	0	1
2020.02.18	00:00:00	1.27477	1.27545	1.27471	1.27518	184	0	23
2020.02.18	01:00:00	1.27518	1.27580	1.27511	1.27549	817	0	5
2020.02.18	02:00:00	1.27549	1.27576	1.27477	1.27530	1683	0	1
2020.02.18	03:00:00	1.27527	1.27551	1.27485	1.27535	1851	0	4
2020.02.18	04:00:00	1.27535	1.27539	1.27472	1.27480	1493	0	2
2020.02.18	05:00:00	1.27480	1.27506	1.27445	1.27478	882	0	2
2020.02.18	06:00:00	1.27478	1.27499	1.27431	1.27431	713	0	6
2020.02.18	07:00:00	1.27430	1.27467	1.27397	1.27420	874	0	6
2020.02.18	08:00:00	1.27420	1.27468	1.27298	1.27326	1170	0	1
2020.02.18	09:00:00	1.27328	1.27450	1.27312	1.27409	3009	0	2
2020.02.18	10:00:00	1.27402	1.27440	1.27179	1.27280	4083	0	1
2020.02.18	11:00:00	1.27280	1.27503	1.27257	1.27466	3979	0	3
2020.02.18	12:00:00	1.27467	1.27906	1.27433	1.27810	4286	0	1
2020.02.18	13:00:00	1.27809	1.27988	1.27794	1.27914	2865	0	1
2020.02.18	14:00:00	1.27914	1.28068	1.27874	1.27970	3128	0	2
2020.02.18	15:00:00	1.27968	1.28107	1.27917	1.28010	3742	0	1
2020.02.18	16:00:00	1.28010	1.28202	1.27997	1.28029	4006	0	1
2020.02.18	17:00:00	1.28030	1.28065	1.27814	1.27958	3963	0	1
2020.02.18	18:00:00	1.27958	1.27973	1.27702	1.27755	3533	0	1
2020.02.18	19:00:00	1.27754	1.27755	1.27644	1.27743	3435	0	1
2020.02.18	20:00:00	1.27742	1.27749	1.27660	1.27698	2171	0	4
2020.02.18	21:00:00	1.27697	1.27785	1.27690	1.27774	1791	0	3
2020.02.18	22:00:00	1.27776	1.27805	1.27741	1.27766	1744	0	4
2020.02.18	23:00:00	1.27769	1.27830	1.27768	1.27782	1225	0	4
2020.02.19	00:00:00	1.27775	1.27804	1.27726	1.27756	568	0	21
2020.02.19	01:00:00	1.27753	1.27859	1.27753	1.27810	1257	0	7
2020.02.19	02:00:00	1.27810	1.27850	1.27756	1.27794	936	0	3
2020.02.19	03:00:00	1.27794	1.27806	1.27725	1.27766	1234	0	5
2020.02.19	04:00:00	1.27766	1.27844	1.27755	1.27803	1610	0	5
2020.02.19	05:00:00	1.27803	1.27825	1.27773	1.27813	828	0	5
2020.02.19	06:00:00	1.27813	1.27848	1.27812	1.27830	636	0	7
2020.02.19	07:00:00	1.27829	1.27853	1.27796	1.27808	741	0	4
2020.02.19	08:00:00	1.27808	1.27810	1.27705	1.27756	1121	0	3
2020.02.19	09:00:00	1.27755	1.27887	1.27714	1.27837	2377	0	2
2020.02.19	10:00:00	1.27832	1.27939	1.27712	1.27766	3221	0	1
2020.02.19	11:00:00	1.27768	1.28100	1.27612	1.27927	4076	0	1
2020.02.19	12:00:00	1.27931	1.27968	1.27611	1.27714	3184	0	1
2020.02.19	13:00:00	1.27713	1.27820	1.27659	1.27809	2825	0	1
2020.02.19	14:00:00	1.27807	1.27848	1.27689	1.27692	2706	0	1
2020.02.19	15:00:00	1.27694	1.27746	1.27627	1.27641	3673	0	2
2020.02.19	16:00:00	1.27641	1.27673	1.27375	1.27527	4170	0	1
2020.02.19	17:00:00	1.27529	1.27530	1.27168	1.27365	4267	0	1
2020.02.19	18:00:00	1.27358	1.27422	1.27194	1.27251	3674	0	1
2020.02.19	19:00:00	1.27251	1.27269	1.27104	1.27123	2909	0	1
2020.02.19	20:00:00	1.27123	1.27168	1.27081	1.27115	1890	0	2
2020.02.19	21:00:00	1.27115	1.27182	1.27034	1.27178	2731	0	3
2020.02.19	22:00:00	1.27176	1.27201	1.27088	1.27129	2356	0	3
2020.02.19	23:00:00	1.27130	1.27179	1.27070	1.27117	1581	0	2
2020.02.20	00:00:00	1.27092	1.27134	1.26979	1.27062	1070	0	35
2020.02.20	01:00:00	1.27062	1.27153	1.27059	1.27146	862	0	6
2020.02.20	02:00:00	1.27146	1.27175	1.26982	1.27012	1894	0	3
2020.02.20	03:00:00	1.27013	1.27022	1.26931	1.26952	2028	0	4
2020.02.20	04:00:00	1.26952	1.26987	1.26888	1.26891	1552	0	4
2020.02.20	05:00:00	1.26891	1.26988	1.26859	1.26978	1919	0	1
2020.02.20	06:00:00	1.26978	1.27041	1.26948	1.27031	1268	0	4
2020.02.20	07:00:00	1.27031	1.27057	1.26975	1.26990	1027	0	5
2020.02.20	08:00:00	1.26989	1.27012	1.26933	1.27002	1352	0	4
2020.02.20	09:00:00	1.26993	1.27045	1.26814	1.26859	3697	0	3
2020.02.20	10:00:00	1.26859	1.26918	1.26690	1.26823	3722	0	2
2020.02.20	11:00:00	1.26818	1.26980	1.26799	1.26813	4085	0	2
2020.02.20	12:00:00	1.26815	1.26865	1.26546	1.26637	3939	0	1
2020.02.20	13:00:00	1.26637	1.26670	1.26382	1.26474	4289	0	1
2020.02.20	14:00:00	1.26472	1.26574	1.26460	1.26557	3361	0	1
2020.02.20	15:00:00	1.26559	1.26699	1.26307	1.26403	3668	0	1
2020.02.20	16:00:00	1.26402	1.26450	1.26253	1.26389	3912	0	1
2020.02.20	17:00:00	1.26392	1.26586	1.26298	1.26550	3978	0	1
2020.02.20	18:00:00	1.26551	1.26692	1.26522	1.26601	4733	0	1
2020.02.20	19:00:00	1.26598	1.26675	1.26572	1.26646	4395	0	1
2020.02.20	20:00:00	1.26646	1.26711	1.26617	1.26700	2306	0	3
2020.02.20	21:00:00	1.26701	1.26835	1.26701	1.26752	2289	0	4
2020.02.20	22:00:00	1.26752	1.26761	1.26693	1.26738	2350	0	3
2020.02.20	23:00:00	1.26735	1.26771	1.26715	1.26766	874	0	5
2020.02.21	00:00:00	1.26778	1.26844	1.26667	1.26706	721	0	26
2020.02.21	01:00:00	1.26733	1.26792	1.26718	1.26723	1016	0	5
2020.02.21	02:00:00	1.26722	1.26783	1.26687	1.26727	1707	0	5
2020.02.21	03:00:00	1.26729	1.26750	1.26669	1.26731	1574	0	6
2020.02.21	04:00:00	1.26731	1.26803	1.26723	1.26761	1829	0	4
2020.02.21	05:00:00	1.26761	1.26830	1.26744	1.26829	1208	0	5
2020.02.21	06:00:00	1.26827	1.26828	1.26744	1.26748	1044	0	5
2020.02.21	07:00:00	1.26747	1.26801	1.26745	1.26754	1103	0	5
2020.02.21	08:00:00	1.26754	1.26778	1.26721	1.26772	1041	0	4
2020.02.21	09:00:00	1.26771	1.26811	1.26648	1.26650	3163	0	2
2020.02.21	10:00:00	1.26649	1.26825	1.26629	1.26700	4962	0	1
2020.02.21	11:00:00	1.26701	1.26857	1.26701	1.26772	4055	0	1
2020.02.21	12:00:00	1.26772	1.26918	1.26765	1.26803	3076	0	3
2020.02.21	13:00:00	1.26804	1.27143	1.26784	1.27101	4084	0	1
2020.02.21	14:00:00	1.27102	1.27104	1.26978	1.27030	3363	0	1
2020.02.21	15:00:00	1.27030	1.27068	1.26944	1.26957	3145	0	2
2020.02.21	16:00:00	1.26957	1.27006	1.26686	1.26747	4125	0	1
2020.02.21	17:00:00	1.26743	1.26842	1.26543	1.26817	6032	0	1
2020.02.21	18:00:00	1.26821	1.26863	1.26756	1.26811	3685	0	1
2020.02.21	19:00:00	1.26811	1.26905	1.26807	1.26882	2275	0	1
2020.02.21	20:00:00	1.26885	1.26921	1.26815	1.26911	2104	0	1
2020.02.21	21:00:00	1.26910	1.26935	1.26852	1.26861	1899	0	3
2020.02.21	22:00:00	1.26862	1.26874	1.26745	1.26812	2586	0	1
2020.02.21	23:00:00	1.26816	1.26817	1.26739	1.26753	1011	0	3
2020.02.24	00:00:00	1.26809	1.26873	1.26757	1.26821	437	0	29
2020.02.24	01:00:00	1.26821	1.26852	1.26694	1.26784	1794	0	8
2020.02.24	02:00:00	1.26785	1.26809	1.26719	1.26781	1680	0	6
2020.02.24	03:00:00	1.26781	1.26908	1.26781	1.26857	1596	0	5
2020.02.24	04:00:00	1.26857	1.26886	1.26805	1.26813	1221	0	5
2020.02.24	05:00:00	1.26813	1.26878	1.26772	1.26839	1211	0	3
2020.02.24	06:00:00	1.26839	1.26874	1.26817	1.26862	1130	0	6
2020.02.24	07:00:00	1.26862	1.26930	1.26858	1.26875	1113	0	4
2020.02.24	08:00:00	1.26875	1.26935	1.26814	1.26933	1497	0	4
2020.02.24	09:00:00	1.26931	1.27111	1.26901	1.26933	3814	0	2
2020.02.24	10:00:00	1.26930	1.26944	1.26546	1.26653	5905	0	1
2020.02.24	11:00:00	1.26652	1.26663	1.26413	1.26513	5226	0	2
2020.02.24	12:00:00	1.26514	1.26598	1.26465	1.26548	3840	0	1
2020.02.24	13:00:00	1.26547	1.26566	1.26395	1.26494	3321	0	2
2020.02.24	14:00:00	1.26497	1.26591	1.26265	1.26589	3830	0	1
2020.02.24	15:00:00	1.26585	1.26585	1.26358	1.26369	3911	0	1
2020.02.24	16:00:00	1.26369	1.26442	1.26274	1.26279	5666	0	1
2020.02.24	17:00:00	1.26279	1.26423	1.26193	1.26374	5613	0	1
2020.02.24	18:00:00	1.26374	1.26425	1.26269	1.26320	4054	0	1
2020.02.24	19:00:00	1.26320	1.26390	1.26291	1.26368	4169	0	1
2020.02.24	20:00:00	1.26368	1.26436	1.26335	1.26394	3303	0	3
2020.02.24	21:00:00	1.26393	1.26523	1.26330	1.26522	3623	0	3
2020.02.24	22:00:00	1.26520	1.26561	1.26451	1.26545	4174	0	2
2020.02.24	23:00:00	1.26542	1.26585	1.26509	1.26574	1936	0	2
2020.02.25	00:00:00	1.26519	1.26599	1.26440	1.26465	1587	0	24
2020.02.25	01:00:00	1.26484	1.26652	1.26444	1.26648	1849	0	8
2020.02.25	02:00:00	1.26648	1.26648	1.26527	1.26594	1946	0	4
2020.02.25	03:00:00	1.26599	1.26756	1.26582	1.26665	2295	0	4
2020.02.25	04:00:00	1.26664	1.26670	1.26601	1.26614	1834	0	5
2020.02.25	05:00:00	1.26612	1.26648	1.26566	1.26645	1550	0	5
2020.02.25	06:00:00	1.26645	1.26668	1.26615	1.26642	942	0	5
2020.02.25	07:00:00	1.26642	1.26686	1.26621	1.26682	1336	0	3
2020.02.25	08:00:00	1.26682	1.26782	1.26624	1.26757	1742	0	4
2020.02.25	09:00:00	1.26757	1.26845	1.26637	1.26808	3432	0	2
2020.02.25	10:00:00	1.26808	1.26897	1.26629	1.26884	5151	0	1
2020.02.25	11:00:00	1.26885	1.27062	1.26765	1.27017	4962	0	1
2020.02.25	12:00:00	1.27017	1.27052	1.26883	1.26942	4330	0	1
2020.02.25	13:00:00	1.26939	1.27013	1.26745	1.26778	4374	0	2
2020.02.25	14:00:00	1.26782	1.26964	1.26740	1.26804	3892	0	2
2020.02.25	15:00:00	1.26804	1.26927	1.26770	1.26771	5097	0	1
2020.02.25	16:00:00	1.26771	1.27009	1.26764	1.26999	5385	0	1
2020.02.25	17:00:00	1.26998	1.27144	1.26835	1.27111	6696	0	1
2020.02.25	18:00:00	1.27114	1.27140	1.26887	1.26961	5668	0	2
2020.02.25	19:00:00	1.26960	1.27017	1.26884	1.26900	4086	0	2
2020.02.25	20:00:00	1.26900	1.26957	1.26840	1.26888	3989	0	2
2020.02.25	21:00:00	1.26888	1.26947	1.26838	1.26868	5143	0	3
2020.02.25	22:00:00	1.26867	1.26971	1.26821	1.26886	4663	0	3
2020.02.25	23:00:00	1.26879	1.26918	1.26851	1.26871	2002	0	4
2020.02.26	00:00:00	1.26824	1.26880	1.26747	1.26858	1517	0	58
2020.02.26	01:00:00	1.26858	1.26925	1.26810	1.26920	936	0	6
2020.02.26	02:00:00	1.26920	1.26945	1.26842	1.26850	1388	0	4
2020.02.26	03:00:00	1.26850	1.26953	1.26781	1.26941	2699	0	4
2020.02.26	04:00:00	1.26940	1.27078	1.26896	1.26976	2534	0	4
2020.02.26	05:00:00	1.26975	1.27057	1.26969	1.27001	1520	0	5
2020.02.26	06:00:00	1.27001	1.27009	1.26880	1.26916	1480	0	2
2020.02.26	07:00:00	1.26916	1.26934	1.26860	1.26914	1479	0	2
2020.02.26	08:00:00	1.26913	1.26913	1.26711	1.26739	2007	0	1
2020.02.26	09:00:00	1.26739	1.26808	1.26673	1.26739	3875	0	2
2020.02.26	10:00:00	1.26739	1.26778	1.26268	1.26336	4857	0	1
2020.02.26	11:00:00	1.26328	1.26394	1.26104	1.26161	5397	0	1
2020.02.26	12:00:00	1.26160	1.26291	1.25998	1.26013	4182	0	1
2020.02.26	13:00:00	1.26014	1.26284	1.25970	1.26095	4226	0	2
2020.02.26	14:00:00	1.26095	1.26190	1.25891	1.26159	5381	0	1
2020.02.26	15:00:00	1.26157	1.26352	1.26025	1.26278	4998	0	1
2020.02.26	16:00:00	1.26273	1.26449	1.26113	1.26247	5124	0	1
2020.02.26	17:00:00	1.26247	1.26353	1.26159	1.26240	5323	0	1
2020.02.26	18:00:00	1.26235	1.26302	1.26090	1.26098	4660	0	2
2020.02.26	19:00:00	1.26098	1.26159	1.26006	1.26128	4579	0	1
2020.02.26	20:00:00	1.26130	1.26168	1.25984	1.26017	4664	0	1
2020.02.26	21:00:00	1.26015	1.26068	1.25893	1.25898	4701	0	4
2020.02.26	22:00:00	1.25903	1.26096	1.25903	1.26059	4374	0	4
2020.02.26	23:00:00	1.26061	1.26070	1.25988	1.26010	1517	0	2
2020.02.27	00:00:00	1.25927	1.26060	1.25895	1.26002	574	0	15
2020.02.27	01:00:00	1.26036	1.26078	1.25964	1.26022	972	0	9
2020.02.27	02:00:00	1.26022	1.26039	1.25807	1.25925	2979	0	4
2020.02.27	03:00:00	1.25925	1.25951	1.25836	1.25864	2729	0	1
2020.02.27	04:00:00	1.25864	1.25896	1.25789	1.25846	2173	0	3
2020.02.27	05:00:00	1.25845	1.25917	1.25820	1.25893	1508	0	6
2020.02.27	06:00:00	1.25893	1.25905	1.25822	1.25868	1377	0	6
2020.02.27	07:00:00	1.25870	1.25943	1.25828	1.25862	2025	0	4
2020.02.27	08:00:00	1.25861	1.25905	1.25796	1.25902	2515	0	1
2020.02.27	09:00:00	1.25902	1.25921	1.25762	1.25772	4049	0	2
2020.02.27	10:00:00	1.25770	1.25812	1.25483	1.25659	5396	0	2
2020.02.27	11:00:00	1.25659	1.25762	1.25402	1.25419	4166	0	1
2020.02.27	12:00:00	1.25417	1.25425	1.24992	1.24993	5019	0	1
2020.02.27	13:00:00	1.24993	1.25081	1.24890	1.24917	3913	0	2
2020.02.27	14:00:00	1.24917	1.25033	1.24866	1.24935	4487	0	1
2020.02.27	15:00:00	1.24935	1.25191	1.24830	1.24904	5277	0	1
2020.02.27	16:00:00	1.24904	1.24968	1.24610	1.24913	6166	0	1
2020.02.27	17:00:00	1.24909	1.25161	1.24646	1.24894	6753	0	1
2020.02.27	18:00:00	1.24894	1.25190	1.24759	1.25126	5998	0	1
2020.02.27	19:00:00	1.25126	1.25241	1.25094	1.25172	5160	0	1
2020.02.27	20:00:00	1.25171	1.25273	1.25075	1.25091	4874	0	1
2020.02.27	21:00:00	1.25091	1.25120	1.25016	1.25053	4075	0	1
2020.02.27	22:00:00	1.25051	1.25162	1.24949	1.24975	3755	0	3
2020.02.27	23:00:00	1.24975	1.25036	1.24749	1.24753	1568	0	1
2020.02.28	00:00:00	1.24663	1.24851	1.24608	1.24801	548	0	51
2020.02.28	01:00:00	1.24803	1.24896	1.24733	1.24852	1626	0	9
2020.02.28	02:00:00	1.24852	1.24916	1.24802	1.24878	2453	0	7
2020.02.28	03:00:00	1.24881	1.24934	1.24787	1.24904	2864	0	5
2020.02.28	04:00:00	1.24902	1.24947	1.24827	1.24920	2343	0	5
2020.02.28	05:00:00	1.24920	1.24932	1.24605	1.24777	3063	0	4
2020.02.28	06:00:00	1.24776	1.24801	1.24659	1.24716	2736	0	5
2020.02.28	07:00:00	1.24716	1.24735	1.24583	1.24673	2731	0	6
2020.02.28	08:00:00	1.24674	1.24716	1.24516	1.24595	3283	0	4
2020.02.28	09:00:00	1.24592	1.24613	1.24345	1.24406	4727	0	1
2020.02.28	10:00:00	1.24406	1.24521	1.23993	1.24118	6708	0	1
2020.02.28	11:00:00	1.24118	1.24503	1.23826	1.24354	5970	0	1
2020.02.28	12:00:00	1.24355	1.24435	1.24147	1.24169	5342	0	1
2020.02.28	13:00:00	1.24172	1.24477	1.24147	1.24446	5677	0	1
2020.02.28	14:00:00	1.24446	1.24523	1.24248	1.24416	5490	0	1
2020.02.28	15:00:00	1.24416	1.24448	1.24098	1.24109	5474	0	1
2020.02.28	16:00:00	1.24108	1.24301	1.23967	1.23974	6848	0	1
2020.02.28	17:00:00	1.23981	1.24050	1.23491	1.23656	7550	0	1
2020.02.28	18:00:00	1.23661	1.23793	1.23424	1.23582	8040	0	1
2020.02.28	19:00:00	1.23583	1.23693	1.23458	1.23566	6177	0	1
2020.02.28	20:00:00	1.23569	1.23635	1.23282	1.23519	5412	0	1
2020.02.28	21:00:00	1.23519	1.23661	1.23411	1.23532	6081	0	1
2020.02.28	22:00:00	1.23530	1.23718	1.23477	1.23705	5856	0	1
2020.02.28	23:00:00	1.23704	1.23822	1.23646	1.23776	2309	0	4
2020.03.02	00:00:00	1.23307	1.23542	1.23090	1.23342	1115	0	74
2020.03.02	01:00:00	1.23342	1.23482	1.23142	1.23425	2464	0	1
2020.03.02	02:00:00	1.23422	1.23579	1.23295	1.23299	2545	0	7
2020.03.02	03:00:00	1.23298	1.23686	1.23298	1.23454	3214	0	1
2020.03.02	04:00:00	1.23454	1.23706	1.23397	1.23664	2789	0	7
2020.03.02	05:00:00	1.23664	1.23748	1.23564	1.23736	2364	0	4
2020.03.02	06:00:00	1.23736	1.23736	1.23469	1.23597	2222	0	7
2020.03.02	07:00:00	1.23597	1.23782	1.23595	1.23740	1679	0	7
2020.03.02	08:00:00	1.23740	1.23951	1.23715	1.23857	2497	0	4
2020.03.02	09:00:00	1.23857	1.23891	1.23486	1.23582	5138	0	3
2020.03.02	10:00:00	1.23581	1.23597	1.22980	1.23172	6715	0	1
2020.03.02	11:00:00	1.23170	1.23201	1.22782	1.22790	5588	0	1
2020.03.02	12:00:00	1.22790	1.22946	1.22704	1.22739	4911	0	1
2020.03.02	13:00:00	1.22739	1.22763	1.22270	1.22278	5343	0	1
2020.03.02	14:00:00	1.22278	1.22398	1.22109	1.22186	5561	0	1
2020.03.02	15:00:00	1.22186	1.22431	1.22029	1.22203	6256	0	1
2020.03.02	16:00:00	1.22209	1.22339	1.22088	1.22107	6564	0	2
2020.03.02	17:00:00	1.22096	1.22393	1.21934	1.22330	6702	0	1
2020.03.02	18:00:00	1.22326	1.22540	1.22214	1.22502	5632	0	1
2020.03.02	19:00:00	1.22502	1.22777	1.22493	1.22509	5194	0	2
2020.03.02	20:00:00	1.22510	1.22555	1.22275	1.22295	4155	0	2
2020.03.02	21:00:00	1.22294	1.22307	1.22110	1.22298	3453	0	1
2020.03.02	22:00:00	1.22301	1.22638	1.22257	1.22597	4182	0	3
2020.03.02	23:00:00	1.22597	1.22615	1.22300	1.22327	1634	0	7
2020.03.03	00:00:00	1.22079	1.22276	1.22066	1.22113	613	0	57
2020.03.03	01:00:00	1.22119	1.22378	1.22055	1.22352	1670	0	9
2020.03.03	02:00:00	1.22352	1.22542	1.22310	1.22532	1781	0	6
2020.03.03	03:00:00	1.22532	1.22542	1.22263	1.22314	2222	0	1
2020.03.03	04:00:00	1.22315	1.22414	1.22299	1.22354	2058	0	6
2020.03.03	05:00:00	1.22353	1.22456	1.22338	1.22454	1651	0	1
2020.03.03	06:00:00	1.22454	1.22471	1.22364	1.22424	2128	0	7
2020.03.03	07:00:00	1.22423	1.22468	1.22397	1.22461	1466	0	6
2020.03.03	08:00:00	1.22456	1.22640	1.22382	1.22625	1917	0	6
2020.03.03	09:00:00	1.22631	1.22803	1.22448	1.22707	4732	0	1
2020.03.03	10:00:00	1.22706	1.22758	1.22379	1.22438	5410	0	1
2020.03.03	11:00:00	1.22437	1.22488	1.22230	1.22328	4998	0	3
2020.03.03	12:00:00	1.22335	1.22620	1.22331	1.22477	4478	0	1
2020.03.03	13:00:00	1.22483	1.22533	1.22285	1.22476	4468	0	2
2020.03.03	14:00:00	1.22476	1.22602	1.22272	1.22395	5737	0	1
2020.03.03	15:00:00	1.22394	1.22461	1.22194	1.22451	5531	0	1
2020.03.03	16:00:00	1.22451	1.22558	1.22288	1.22322	4885	0	1
2020.03.03	17:00:00	1.22320	1.22552	1.22026	1.22475	9256	0	1
2020.03.03	18:00:00	1.22469	1.22743	1.22423	1.22658	7547	0	1
2020.03.03	19:00:00	1.22658	1.22917	1.22619	1.22717	5372	0	1
2020.03.03	20:00:00	1.22720	1.22768	1.22503	1.22508	3848	0	3
2020.03.03	21:00:00	1.22495	1.22635	1.22411	1.22635	2995	0	4
2020.03.03	22:00:00	1.22635	1.22645	1.22372	1.22403	5069	0	3
2020.03.03	23:00:00	1.22408	1.22532	1.22375	1.22519	1737	0	6
2020.03.04	00:00:00	1.22390	1.22554	1.22372	1.22441	653	0	50
2020.03.04	01:00:00	1.22440	1.22591	1.22349	1.22526	1232	0	7
2020.03.04	02:00:00	1.22526	1.22699	1.22518	1.22639	1942	0	7
2020.03.04	03:00:00	1.22668	1.22672	1.22578	1.22612	552	0	7
2020.03.04	04:00:00	1.22612	1.22676	1.22607	1.22673	120	0	8
2020.03.04	05:00:00	1.22675	1.22708	1.22577	1.22623	1288	0	5
2020.03.04	06:00:00	1.22623	1.22623	1.22547	1.22593	998	0	3
2020.03.04	07:00:00	1.22593	1.22651	1.22592	1.22620	861	0	5
2020.03.04	08:00:00	1.22620	1.22721	1.22609	1.22669	1221	0	4
2020.03.04	09:00:00	1.22664	1.22840	1.22490	1.22498	4028	0	1
2020.03.04	10:00:00	1.22496	1.22496	1.21984	1.22173	4768	0	1
2020.03.04	11:00:00	1.22171	1.22225	1.21950	1.21984	4226	0	2
2020.03.04	12:00:00	1.21985	1.22264	1.21823	1.22088	5075	0	1
2020.03.04	13:00:00	1.22088	1.22484	1.21985	1.22322	4185	0	1
2020.03.04	14:00:00	1.22321	1.22760	1.22306	1.22660	4939	0	1
2020.03.04	15:00:00	1.22661	1.22836	1.22529	1.22745	4132	0	1
2020.03.04	16:00:00	1.22745	1.22809	1.22496	1.22597	5794	0	1
2020.03.04	17:00:00	1.22597	1.22704	1.22412	1.22488	6228	0	1
2020.03.04	18:00:00	1.22488	1.22726	1.22307	1.22638	5270	0	1
2020.03.04	19:00:00	1.22638	1.22868	1.22637	1.22813	4254	0	1
2020.03.04	20:00:00	1.22813	1.23058	1.22796	1.23006	2817	0	1
2020.03.04	21:00:00	1.23009	1.23247	1.22982	1.23014	2809	0	1
2020.03.04	22:00:00	1.23013	1.23112	1.22987	1.23096	2819	0	2
2020.03.04	23:00:00	1.23096	1.23181	1.23084	1.23180	1045	0	6
2020.03.05	00:00:00	1.23086	1.23170	1.22970	1.22983	529	0	39
2020.03.05	01:00:00	1.22982	1.23174	1.22977	1.23133	942	0	7
2020.03.05	02:00:00	1.23134	1.23135	1.23000	1.23038	1198	0	5
2020.03.05	03:00:00	1.23038	1.23061	1.22956	1.22986	1266	0	5
2020.03.05	04:00:00	1.22987	1.23083	1.22961	1.23080	913	0	4
2020.03.05	05:00:00	1.23080	1.23103	1.23028	1.23035	802	0	5
2020.03.05	06:00:00	1.23035	1.23096	1.23029	1.23081	700	0	5
2020.03.05	07:00:00	1.23081	1.23204	1.23081	1.23187	795	0	5
2020.03.05	08:00:00	1.23187	1.23275	1.23097	1.23167	1042	0	2
2020.03.05	09:00:00	1.23171	1.23205	1.23043	1.23195	2484	0	1
2020.03.05	10:00:00	1.23195	1.23366	1.23092	1.23185	4204	0	1
2020.03.05	11:00:00	1.23185	1.23282	1.23008	1.23080	4276	0	2
2020.03.05	12:00:00	1.23080	1.23231	1.23040	1.23074	3929	0	1
2020.03.05	13:00:00	1.23073	1.23181	1.22888	1.23113	4207	0	3
2020.03.05	14:00:00	1.23116	1.23213	1.22713	1.23073	4536	0	1
2020.03.05	15:00:00	1.23072	1.23238	1.22811	1.23018	4627	0	1
2020.03.05	16:00:00	1.23018	1.23018	1.22803	1.22831	4537	0	1
2020.03.05	17:00:00	1.22818	1.23009	1.22765	1.22870	5766	0	1
2020.03.05	18:00:00	1.22873	1.22877	1.22671	1.22740	4457	0	1
2020.03.05	19:00:00	1.22742	1.22839	1.22542	1.22598	4377	0	1
2020.03.05	20:00:00	1.22595	1.22725	1.22522	1.22704	4523	0	1
2020.03.05	21:00:00	1.22704	1.22837	1.22674	1.22781	3407	0	4
2020.03.05	22:00:00	1.22780	1.22807	1.22603	1.22635	4365	0	3
2020.03.05	23:00:00	1.22635	1.22698	1.22353	1.22494	2293	0	3
2020.03.06	00:00:00	1.22309	1.22452	1.22270	1.22375	557	0	125
2020.03.06	01:00:00	1.22339	1.22529	1.22339	1.22487	1458	0	8
2020.03.06	02:00:00	1.22488	1.22603	1.22476	1.22560	2203	0	4
2020.03.06	03:00:00	1.22561	1.22567	1.22364	1.22395	2200	0	3
2020.03.06	04:00:00	1.22389	1.22452	1.22331	1.22367	3093	0	5
2020.03.06	05:00:00	1.22367	1.22450	1.22367	1.22391	2343	0	5
2020.03.06	06:00:00	1.22389	1.22407	1.22308	1.22353	1927	0	4
2020.03.06	07:00:00	1.22354	1.22375	1.22310	1.22365	1556	0	6
2020.03.06	08:00:00	1.22364	1.22575	1.22318	1.22533	3025	0	1
2020.03.06	09:00:00	1.22531	1.22590	1.22424	1.22460	4268	0	1
2020.03.06	10:00:00	1.22460	1.22512	1.21996	1.22029	6271	0	1
2020.03.06	11:00:00	1.22031	1.22236	1.21939	1.21941	5922	0	1
2020.03.06	12:00:00	1.21941	1.22004	1.21655	1.21663	7325	0	1
2020.03.06	13:00:00	1.21662	1.21850	1.21594	1.21676	6593	0	1
2020.03.06	14:00:00	1.21675	1.21816	1.21555	1.21593	5416	0	1
2020.03.06	15:00:00	1.21586	1.21686	1.21438	1.21483	6307	0	1
2020.03.06	16:00:00	1.21486	1.21671	1.21330	1.21498	7475	0	1
2020.03.06	17:00:00	1.21498	1.22322	1.21483	1.22170	8677	0	1
2020.03.06	18:00:00	1.22170	1.22335	1.21710	1.21822	6550	0	1
2020.03.06	19:00:00	1.21820	1.22010	1.21660	1.21942	5641	0	1
2020.03.06	20:00:00	1.21944	1.22044	1.21879	1.21963	5713	0	1
2020.03.06	21:00:00	1.21968	1.22085	1.21869	1.21880	4475	0	1
2020.03.06	22:00:00	1.21880	1.22357	1.21880	1.22348	6661	0	2
2020.03.06	23:00:00	1.22350	1.22461	1.22294	1.22296	1879	0	2
2020.03.09	00:00:00	1.21869	1.22096	1.21731	1.21817	1371	0	89
2020.03.09	01:00:00	1.21817	1.22151	1.21399	1.21489	2667	0	17
2020.03.09	02:00:00	1.21489	1.21569	1.21383	1.21439	4079	0	15
2020.03.09	03:00:00	1.21436	1.21898	1.21426	1.21662	2998	0	5
2020.03.09	04:00:00	1.21662	1.21799	1.20348	1.20859	4141	0	1
2020.03.09	05:00:00	1.20859	1.21662	1.20574	1.21509	4309	0	1
2020.03.09	06:00:00	1.21509	1.21608	1.20799	1.20971	2758	0	1
2020.03.09	07:00:00	1.20971	1.21127	1.20803	1.20950	2200	0	1
2020.03.09	08:00:00	1.20950	1.21110	1.20716	1.20972	2177	0	5
2020.03.09	09:00:00	1.20972	1.21216	1.20654	1.21197	2687	0	8
2020.03.09	10:00:00	1.21196	1.22165	1.20914	1.22130	7377	0	1
2020.03.09	11:00:00	1.22127	1.22207	1.21559	1.21878	6400	0	5
2020.03.09	12:00:00	1.21877	1.22324	1.21865	1.21997	5240	0	1
2020.03.09	13:00:00	1.21998	1.22052	1.21231	1.21275	4943	0	1
2020.03.09	14:00:00	1.21276	1.21513	1.20826	1.21421	5268	0	1
2020.03.09	15:00:00	1.21418	1.21774	1.21336	1.21414	6178	0	1
2020.03.09	16:00:00	1.21414	1.22008	1.20745	1.21931	6615	0	1
2020.03.09	17:00:00	1.21932	1.21994	1.21416	1.21649	6892	0	2
2020.03.09	18:00:00	1.21651	1.21971	1.21534	1.21780	6648	0	1
2020.03.09	19:00:00	1.21784	1.22019	1.21469	1.21586	7174	0	1
2020.03.09	20:00:00	1.21583	1.21708	1.21368	1.21397	6048	0	2
2020.03.09	21:00:00	1.21392	1.21692	1.21120	1.21133	5905	0	3
2020.03.09	22:00:00	1.21128	1.21361	1.21023	1.21127	4876	0	6
2020.03.09	23:00:00	1.21127	1.21286	1.20961	1.21285	2136	0	3
2020.03.10	00:00:00	1.21234	1.21513	1.20777	1.21086	823	0	88
2020.03.10	01:00:00	1.21072	1.21375	1.21063	1.21244	980	0	11
2020.03.10	02:00:00	1.21244	1.21408	1.21222	1.21363	1967	0	12
2020.03.10	03:00:00	1.21363	1.21596	1.21234	1.21480	2912	0	5
2020.03.10	04:00:00	1.21481	1.21735	1.21420	1.21505	2878	0	3
2020.03.10	05:00:00	1.21505	1.21692	1.21459	1.21538	1620	0	8
2020.03.10	06:00:00	1.21538	1.21730	1.21445	1.21705	2410	0	9
2020.03.10	07:00:00	1.21704	1.22202	1.21657	1.22099	2100	0	8
2020.03.10	08:00:00	1.22099	1.22319	1.21982	1.22086	3137	0	5
2020.03.10	09:00:00	1.22086	1.22252	1.21745	1.21830	3541	0	8
2020.03.10	10:00:00	1.21830	1.21858	1.21459	1.21612	5762	0	1
2020.03.10	11:00:00	1.21604	1.21795	1.21353	1.21730	6176	0	1
2020.03.10	12:00:00	1.21731	1.21917	1.21547	1.21844	5611	0	5
2020.03.10	13:00:00	1.21843	1.22079	1.21743	1.21875	5969	0	4
2020.03.10	14:00:00	1.21875	1.21894	1.21425	1.21549	5200	0	2
2020.03.10	15:00:00	1.21546	1.21569	1.21151	1.21201	6411	0	1
2020.03.10	16:00:00	1.21201	1.21440	1.21150	1.21419	6408	0	3
2020.03.10	17:00:00	1.21419	1.21561	1.21099	1.21276	6121	0	1
2020.03.10	18:00:00	1.21278	1.21295	1.20656	1.20659	7033	0	1
2020.03.10	19:00:00	1.20658	1.21113	1.20604	1.20892	7529	0	1
2020.03.10	20:00:00	1.20892	1.21183	1.20787	1.21079	5836	0	1
2020.03.10	21:00:00	1.21081	1.21280	1.20908	1.21195	6240	0	2
2020.03.10	22:00:00	1.21188	1.21564	1.21071	1.21190	6181	0	1
2020.03.10	23:00:00	1.21174	1.21296	1.20932	1.21286	2489	0	7
2020.03.11	00:00:00	1.21074	1.21109	1.20712	1.20965	1332	0	80
2020.03.11	01:00:00	1.20930	1.21100	1.20851	1.20956	908	0	25
2020.03.11	02:00:00	1.20968	1.21035	1.20890	1.20906	1086	0	13
2020.03.11	03:00:00	1.20906	1.21062	1.20822	1.20856	1317	0	1
2020.03.11	04:00:00	1.20856	1.21019	1.20818	1.20870	1965	0	13
2020.03.11	05:00:00	1.20870	1.20971	1.20814	1.20914	1652	0	11
2020.03.11	06:00:00	1.20910	1.21009	1.20843	1.20873	2060	0	9
2020.03.11	07:00:00	1.20873	1.20942	1.20847	1.20890	1277	0	8
2020.03.11	08:00:00	1.20890	1.20890	1.20590	1.20612	1862	0	9
2020.03.11	09:00:00	1.20617	1.20846	1.20599	1.20669	3402	0	6
2020.03.11	10:00:00	1.20669	1.20669	1.19800	1.20626	5919	0	1
2020.03.11	11:00:00	1.20626	1.21258	1.20582	1.21112	5982	0	1
2020.03.11	12:00:00	1.21109	1.21592	1.20920	1.21464	5199	0	1
2020.03.11	13:00:00	1.21464	1.21465	1.20920	1.20927	4410	0	1
2020.03.11	14:00:00	1.20924	1.20977	1.20675	1.20808	4082	0	1
2020.03.11	15:00:00	1.20809	1.20919	1.20585	1.20739	5724	0	1
2020.03.11	16:00:00	1.20742	1.21006	1.20624	1.20802	5827	0	1
2020.03.11	17:00:00	1.20804	1.21191	1.20757	1.21027	6194	0	1
2020.03.11	18:00:00	1.21032	1.21139	1.20869	1.20890	6585	0	1
2020.03.11	19:00:00	1.20892	1.21086	1.20748	1.20812	5670	0	1
2020.03.11	20:00:00	1.20819	1.20872	1.20632	1.20683	5711	0	4
2020.03.11	21:00:00	1.20684	1.20722	1.20453	1.20459	4931	0	1
2020.03.11	22:00:00	1.20458	1.20499	1.20144	1.20171	4940	0	2
2020.03.11	23:00:00	1.20173	1.20300	1.20104	1.20296	1601	0	6
2020.03.12	00:00:00	1.20214	1.20436	1.20122	1.20350	970	0	124
2020.03.12	01:00:00	1.20393	1.20482	1.20295	1.20371	886	0	23
2020.03.12	02:00:00	1.20371	1.20419	1.20308	1.20346	1227	0	11
2020.03.12	03:00:00	1.20350	1.20376	1.20234	1.20299	1794	0	8
2020.03.12	04:00:00	1.20301	1.20379	1.19661	1.19776	3296	0	1
2020.03.12	05:00:00	1.19776	1.19861	1.19603	1.19637	2553	0	8
2020.03.12	06:00:00	1.19637	1.19730	1.19588	1.19640	1569	0	11
2020.03.12	07:00:00	1.19640	1.20037	1.19639	1.19873	1757	0	10
2020.03.12	08:00:00	1.19873	1.19887	1.19772	1.19864	1567	0	8
2020.03.12	09:00:00	1.19864	1.19882	1.19474	1.19618	2476	0	7
2020.03.12	10:00:00	1.19618	1.19860	1.19457	1.19633	4612	0	4
2020.03.12	11:00:00	1.19631	1.19947	1.19566	1.19598	5192	0	1
2020.03.12	12:00:00	1.19598	1.19724	1.19359	1.19582	4250	0	1
2020.03.12	13:00:00	1.19586	1.19814	1.19523	1.19722	3814	0	1
2020.03.12	14:00:00	1.19719	1.19795	1.19493	1.19536	4939	0	1
2020.03.12	15:00:00	1.19537	1.19553	1.18656	1.19198	7292	0	1
2020.03.12	16:00:00	1.19205	1.19252	1.18319	1.18463	5815	0	1
2020.03.12	17:00:00	1.18463	1.19744	1.18456	1.19532	6850	0	1
2020.03.12	18:00:00	1.19528	1.19669	1.19063	1.19626	7709	0	1
2020.03.12	19:00:00	1.19626	1.19670	1.19161	1.19459	7896	0	1
2020.03.12	20:00:00	1.19459	1.19581	1.19090	1.19362	7437	0	6
2020.03.12	21:00:00	1.19364	1.19479	1.18946	1.18966	5120	0	4
2020.03.12	22:00:00	1.18966	1.19224	1.18910	1.19137	4376	0	4
2020.03.12	23:00:00	1.19137	1.19137	1.18563	1.18716	2458	0	16
2020.03.13	00:00:00	1.18714	1.19066	1.18482	1.18724	1050	0	92
2020.03.13	01:00:00	1.18709	1.18912	1.18571	1.18774	4342	0	86
2020.03.13	02:00:00	1.18759	1.18840	1.18616	1.18721	3132	0	16
2020.03.13	03:00:00	1.18714	1.18871	1.18351	1.18392	2980	0	1
2020.03.13	04:00:00	1.18389	1.18650	1.18359	1.18572	2120	0	12
2020.03.13	05:00:00	1.18572	1.18672	1.18437	1.18437	2010	0	13
2020.03.13	06:00:00	1.18437	1.18501	1.18325	1.18443	2131	0	12
2020.03.13	07:00:00	1.18439	1.18596	1.18316	1.18418	1738	0	8
2020.03.13	08:00:00	1.18418	1.18619	1.18298	1.18448	2608	0	14
2020.03.13	09:00:00	1.18449	1.18581	1.18338	1.18413	2613	0	12
2020.03.13	10:00:00	1.18413	1.18885	1.18413	1.18743	5701	0	8
2020.03.13	11:00:00	1.18743	1.19345	1.18739	1.18808	5360	0	6
2020.03.13	12:00:00	1.18805	1.19182	1.18748	1.19073	4129	0	1
2020.03.13	13:00:00	1.19073	1.19306	1.18880	1.18923	3942	0	4
2020.03.13	14:00:00	1.18922	1.19326	1.18585	1.18745	5376	0	9
2020.03.13	15:00:00	1.18745	1.19119	1.18435	1.19003	6450	0	1
2020.03.13	16:00:00	1.18996	1.19123	1.18736	1.18967	6391	0	1
2020.03.13	17:00:00	1.18968	1.19052	1.18751	1.18976	6688	0	6
2020.03.13	18:00:00	1.18977	1.19123	1.18255	1.18328	6825	0	1
2020.03.13	19:00:00	1.18337	1.18437	1.17870	1.17942	6929	0	1
2020.03.13	20:00:00	1.17931	1.18037	1.17610	1.17723	6120	0	3
2020.03.13	21:00:00	1.17723	1.17739	1.17040	1.17571	4990	0	5
2020.03.13	22:00:00	1.17581	1.17869	1.17472	1.17676	3445	0	8
2020.03.13	23:00:00	1.17676	1.17718	1.16685	1.16890	2569	0	1
2020.03.16	00:00:00	1.16606	1.17596	1.16525	1.17282	722	0	40
2020.03.16	01:00:00	1.17282	1.17643	1.16608	1.17311	4549	0	33
2020.03.16	02:00:00	1.17401	1.17481	1.17211	1.17324	7490	0	34
2020.03.16	03:00:00	1.17343	1.17413	1.16828	1.17148	7210	0	4
2020.03.16	04:00:00	1.17158	1.17229	1.16863	1.17114	5384	0	20
2020.03.16	05:00:00	1.17108	1.17338	1.16952	1.17075	2631	0	19
2020.03.16	06:00:00	1.17061	1.17403	1.17061	1.17207	2806	0	11
2020.03.16	07:00:00	1.17207	1.17238	1.17055	1.17065	1093	0	21
2020.03.16	08:00:00	1.17068	1.17254	1.17014	1.17152	1977	0	13
2020.03.16	09:00:00	1.17152	1.17176	1.16789	1.16807	4295	0	14
2020.03.16	10:00:00	1.16804	1.17097	1.16046	1.16111	8024	0	1
2020.03.16	11:00:00	1.16112	1.16660	1.16106	1.16198	6573	0	4
2020.03.16	12:00:00	1.16193	1.16202	1.15529	1.15667	5275	0	1
2020.03.16	13:00:00	1.15667	1.16352	1.15543	1.16144	5325	0	1
2020.03.16	14:00:00	1.16144	1.16326	1.15953	1.16258	5864	0	1
2020.03.16	15:00:00	1.16259	1.16379	1.15789	1.15921	6403	0	1
2020.03.16	16:00:00	1.15923	1.16481	1.15774	1.15998	6824	0	1
2020.03.16	17:00:00	1.15998	1.16701	1.15650	1.16570	7560	0	1
2020.03.16	18:00:00	1.16572	1.16815	1.16174	1.16246	6495	0	1
2020.03.16	19:00:00	1.16246	1.16361	1.15824	1.15860	6580	0	1
2020.03.16	20:00:00	1.15860	1.15909	1.15437	1.15858	7023	0	1
2020.03.16	21:00:00	1.15851	1.16127	1.15637	1.15879	6468	0	4
2020.03.16	22:00:00	1.15873	1.16258	1.15873	1.15964	6608	0	8
2020.03.16	23:00:00	1.15964	1.16077	1.15753	1.16074	2036	0	8
2020.03.17	00:00:00	1.16011	1.16161	1.15801	1.15921	695	0	78
2020.03.17	01:00:00	1.15957	1.16196	1.15899	1.16175	1937	0	29
2020.03.17	02:00:00	1.16174	1.16313	1.16156	1.16190	3359	0	15
2020.03.17	03:00:00	1.16190	1.16290	1.15970	1.16043	5247	0	1
2020.03.17	04:00:00	1.16043	1.16278	1.16000	1.16184	4278	0	13
2020.03.17	05:00:00	1.16184	1.16270	1.16074	1.16139	4545	0	12
2020.03.17	06:00:00	1.16137	1.16305	1.16072	1.16296	4614	0	13
2020.03.17	07:00:00	1.16296	1.16318	1.16086	1.16156	2507	0	11
2020.03.17	08:00:00	1.16156	1.16216	1.16009	1.16074	1550	0	19
2020.03.17	09:00:00	1.16074	1.16166	1.15907	1.15987	3887	0	13
2020.03.17	10:00:00	1.15987	1.16242	1.15901	1.15962	6038	0	9
2020.03.17	11:00:00	1.15952	1.16499	1.15952	1.16256	6348	0	2
2020.03.17	12:00:00	1.16256	1.16407	1.15750	1.15952	5029	0	1
2020.03.17	13:00:00	1.15952	1.16030	1.15705	1.15832	4875	0	4
2020.03.17	14:00:00	1.15832	1.16134	1.15720	1.16009	5071	0	2
2020.03.17	15:00:00	1.16022	1.16362	1.15770	1.16195	6952	0	1
2020.03.17	16:00:00	1.16196	1.16413	1.15669	1.15689	6637	0	2
2020.03.17	17:00:00	1.15688	1.16412	1.15663	1.15839	7988	0	1
2020.03.17	18:00:00	1.15837	1.16214	1.15699	1.15917	7297	0	1
2020.03.17	19:00:00	1.15917	1.16182	1.15757	1.16156	6869	0	1
2020.03.17	20:00:00	1.16156	1.16503	1.16061	1.16334	5959	0	1
2020.03.17	21:00:00	1.16334	1.16515	1.16197	1.16247	4932	0	1
2020.03.17	22:00:00	1.16252	1.16328	1.15891	1.16022	5856	0	1
2020.03.17	23:00:00	1.16024	1.16162	1.15729	1.15888	1959	0	9
2020.03.18	00:00:00	1.15877	1.15967	1.15769	1.15841	387	0	75
2020.03.18	01:00:00	1.15819	1.16065	1.15790	1.15881	2382	0	28
2020.03.18	02:00:00	1.15893	1.16323	1.15838	1.16281	3049	0	21
2020.03.18	03:00:00	1.16281	1.16438	1.16184	1.16432	2730	0	14
2020.03.18	04:00:00	1.16430	1.16475	1.16336	1.16429	2343	0	12
2020.03.18	05:00:00	1.16429	1.16446	1.16328	1.16340	1888	0	8
2020.03.18	06:00:00	1.16340	1.16371	1.16122	1.16126	2283	0	8
2020.03.18	07:00:00	1.16126	1.16149	1.16051	1.16086	1795	0	9
2020.03.18	08:00:00	1.16087	1.16094	1.15807	1.15832	2248	0	8
2020.03.18	09:00:00	1.15826	1.16046	1.15793	1.15994	4030	0	13
2020.03.18	10:00:00	1.15996	1.15996	1.15573	1.15722	7163	0	5
2020.03.18	11:00:00	1.15725	1.15933	1.15545	1.15546	5361	0	1
2020.03.18	12:00:00	1.15543	1.15614	1.15035	1.15293	6336	0	1
2020.03.18	13:00:00	1.15293	1.15388	1.14849	1.15065	6477	0	1
2020.03.18	14:00:00	1.15065	1.15124	1.14054	1.14547	5838	0	1
2020.03.18	15:00:00	1.14547	1.14547	1.13736	1.14269	6161	0	4
2020.03.18	16:00:00	1.14269	1.14531	1.13688	1.13968	6621	0	1
2020.03.18	17:00:00	1.13963	1.14421	1.13878	1.14289	6678	0	1
2020.03.18	18:00:00	1.14290	1.14665	1.14009	1.14429	7154	0	1
2020.03.18	19:00:00	1.14420	1.14455	1.11592	1.12504	7604	0	1
2020.03.18	20:00:00	1.12504	1.13145	1.11892	1.13007	7903	0	4
2020.03.18	21:00:00	1.13005	1.13040	1.12077	1.12341	7460	0	2
2020.03.18	22:00:00	1.12339	1.12522	1.11899	1.11998	6513	0	11
2020.03.18	23:00:00	1.11998	1.12693	1.11961	1.12627	3254	0	15
2020.03.19	00:00:00	1.11388	1.12237	1.11338	1.11953	763	0	39
2020.03.19	01:00:00	1.11937	1.12604	1.11908	1.12539	2610	0	30
2020.03.19	02:00:00	1.12534	1.12634	1.12179	1.12312	4956	0	13
2020.03.19	03:00:00	1.12312	1.12668	1.12312	1.12411	4272	0	14
2020.03.19	04:00:00	1.12411	1.12450	1.11406	1.11489	3943	0	9
2020.03.19	05:00:00	1.11489	1.11820	1.11337	1.11392	3489	0	1
2020.03.19	06:00:00	1.11393	1.11628	1.11136	1.11574	3585	0	16
2020.03.19	07:00:00	1.11574	1.11574	1.11260	1.11370	2587	0	10
2020.03.19	08:00:00	1.11366	1.11454	1.11217	1.11308	2702	0	9
2020.03.19	09:00:00	1.11313	1.12221	1.11201	1.12183	5500	0	9
2020.03.19	10:00:00	1.12181	1.12232	1.11456	1.11682	7038	0	1
2020.03.19	11:00:00	1.11688	1.12354	1.11622	1.12316	5739	0	1
2020.03.19	12:00:00	1.12318	1.12781	1.12170	1.12331	5206	0	1
2020.03.19	13:00:00	1.12330	1.12651	1.12117	1.12547	5072	0	1
2020.03.19	14:00:00	1.12547	1.13358	1.12481	1.13116	6323	0	1
2020.03.19	15:00:00	1.13116	1.14185	1.13021	1.13417	7202	0	1
2020.03.19	16:00:00	1.13430	1.13533	1.13036	1.13313	8326	0	3
2020.03.19	17:00:00	1.13297	1.14397	1.13261	1.14300	6639	0	1
2020.03.19	18:00:00	1.14305	1.15413	1.14257	1.14805	7564	0	1
2020.03.19	19:00:00	1.14805	1.15054	1.14554	1.14752	6651	0	1
2020.03.19	20:00:00	1.14752	1.15025	1.13672	1.13931	5544	0	1
2020.03.19	21:00:00	1.13937	1.14176	1.13340	1.13765	5608	0	9
2020.03.19	22:00:00	1.13766	1.13942	1.13504	1.13772	4070	0	10
2020.03.19	23:00:00	1.13772	1.13783	1.13408	1.13509	1873	0	15
2020.03.20	00:00:00	1.13280	1.13425	1.12696	1.13214	501	0	7
2020.03.20	01:00:00	1.13213	1.13235	1.12704	1.12979	2439	0	26
2020.03.20	02:00:00	1.12979	1.13723	1.12976	1.13606	2735	0	17
2020.03.20	03:00:00	1.13606	1.14133	1.13424	1.13823	2315	0	1
2020.03.20	04:00:00	1.13823	1.14379	1.13818	1.14251	3495	0	14
2020.03.20	05:00:00	1.14251	1.14303	1.13991	1.14067	3071	0	19
2020.03.20	06:00:00	1.14061	1.14166	1.13870	1.14002	2166	0	9
2020.03.20	07:00:00	1.14002	1.14146	1.13778	1.14138	3463	0	18
2020.03.20	08:00:00	1.14139	1.14247	1.14063	1.14185	2898	0	12
2020.03.20	09:00:00	1.14185	1.15167	1.14047	1.14803	5474	0	6
2020.03.20	10:00:00	1.14803	1.15769	1.14501	1.15279	7519	0	1
2020.03.20	11:00:00	1.15281	1.16139	1.15191	1.16031	6129	0	1
2020.03.20	12:00:00	1.16028	1.16114	1.15167	1.15584	5330	0	1
2020.03.20	13:00:00	1.15581	1.15951	1.15218	1.15729	4604	0	1
2020.03.20	14:00:00	1.15725	1.15841	1.15234	1.15538	4118	0	1
2020.03.20	15:00:00	1.15538	1.15887	1.15424	1.15852	4348	0	1
2020.03.20	16:00:00	1.15852	1.16097	1.15700	1.15913	5786	0	5
2020.03.20	17:00:00	1.15905	1.17122	1.15806	1.16694	7012	0	1
2020.03.20	18:00:00	1.16689	1.16771	1.15450	1.15857	6604	0	1
2020.03.20	19:00:00	1.15852	1.15945	1.15405	1.15704	5948	0	1
2020.03.20	20:00:00	1.15704	1.15848	1.14693	1.14814	5480	0	3
2020.03.20	21:00:00	1.14816	1.14990	1.14334	1.14433	4672	0	9
2020.03.20	22:00:00	1.14433	1.14807	1.14280	1.14409	6547	0	20
2020.03.20	23:00:00	1.14411	1.14837	1.14082	1.14299	3772	0	13
2020.03.23	00:00:00	1.14754	1.15033	1.14532	1.14969	281	0	104
2020.03.23	01:00:00	1.14969	1.14974	1.13998	1.14061	2826	0	54
2020.03.23	02:00:00	1.14061	1.14864	1.13907	1.14435	6022	0	39
2020.03.23	03:00:00	1.14442	1.14787	1.14209	1.14418	5611	0	39
2020.03.23	04:00:00	1.14418	1.14589	1.14233	1.14282	4183	0	30
2020.03.23	05:00:00	1.14262	1.14573	1.14213	1.14385	2042	0	19
2020.03.23	06:00:00	1.14387	1.14595	1.14355	1.14542	2118	0	27
2020.03.23	07:00:00	1.14542	1.14626	1.14361	1.14448	2142	0	29
2020.03.23	08:00:00	1.14449	1.14751	1.14427	1.14661	1822	0	12
2020.03.23	09:00:00	1.14656	1.14991	1.14583	1.14967	4511	0	18
2020.03.23	10:00:00	1.14969	1.15107	1.14369	1.14998	7207	0	5
2020.03.23	11:00:00	1.14996	1.15181	1.14340	1.14571	3146	0	4
2020.03.23	12:00:00	1.14571	1.14582	1.14267	1.14491	3452	0	10
2020.03.23	13:00:00	1.14490	1.14518	1.14050	1.14260	3082	0	1
2020.03.23	14:00:00	1.14274	1.14279	1.13641	1.13793	2308	0	1
2020.03.23	15:00:00	1.13795	1.14432	1.13706	1.14183	2529	0	3
2020.03.23	16:00:00	1.14183	1.14547	1.13880	1.14454	7178	0	6
2020.03.23	17:00:00	1.14461	1.14500	1.13925	1.13929	3723	0	6
2020.03.23	18:00:00	1.13928	1.13963	1.12763	1.12871	4225	0	10
2020.03.23	19:00:00	1.12878	1.13073	1.12461	1.12623	3985	0	10
2020.03.23	20:00:00	1.12623	1.13712	1.12442	1.13538	4070	0	4
2020.03.23	21:00:00	1.13536	1.13558	1.13156	1.13389	4369	0	2
2020.03.23	22:00:00	1.13388	1.13506	1.12874	1.12884	3566	0	1
2020.03.23	23:00:00	1.12883	1.13481	1.12877	1.13444	2483	0	7
2020.03.24	00:00:00	1.13214	1.13477	1.13009	1.13454	242	0	154
2020.03.24	01:00:00	1.13454	1.13717	1.12929	1.13588	1333	0	54
2020.03.24	02:00:00	1.13616	1.13905	1.13498	1.13837	2661	0	1
2020.03.24	03:00:00	1.13837	1.13864	1.13434	1.13659	2256	0	17
2020.03.24	04:00:00	1.13659	1.13989	1.13575	1.13931	2910	0	24
2020.03.24	05:00:00	1.13931	1.14110	1.13829	1.13959	2031	0	11
2020.03.24	06:00:00	1.13959	1.13971	1.13744	1.13881	2355	0	22
2020.03.24	07:00:00	1.13881	1.13934	1.13654	1.13933	2392	0	28
2020.03.24	08:00:00	1.13938	1.14022	1.13722	1.13823	2609	0	16
2020.03.24	09:00:00	1.13828	1.14098	1.13805	1.13928	3297	0	15
2020.03.24	10:00:00	1.13928	1.14028	1.13608	1.13802	3936	0	15
2020.03.24	11:00:00	1.13815	1.14140	1.13616	1.13940	2967	0	5
2020.03.24	12:00:00	1.13942	1.14213	1.13786	1.14069	2965	0	1
2020.03.24	13:00:00	1.14074	1.14781	1.13945	1.14589	3070	0	1
2020.03.24	14:00:00	1.14589	1.14808	1.14157	1.14536	2939	0	5
2020.03.24	15:00:00	1.14548	1.15048	1.14144	1.14841	4306	0	1
2020.03.24	16:00:00	1.14841	1.15096	1.14706	1.15015	4487	0	1
2020.03.24	17:00:00	1.15008	1.15322	1.14794	1.14934	3904	0	1
2020.03.24	18:00:00	1.14925	1.15805	1.14916	1.15624	4081	0	1
2020.03.24	19:00:00	1.15624	1.15675	1.15141	1.15363	3886	0	3
2020.03.24	20:00:00	1.15366	1.15637	1.15243	1.15280	3244	0	9
2020.03.24	21:00:00	1.15276	1.15570	1.15214	1.15534	2836	0	4
2020.03.24	22:00:00	1.15532	1.15641	1.15314	1.15431	2847	0	4
2020.03.24	23:00:00	1.15425	1.15477	1.15183	1.15419	1554	0	14
2020.03.25	00:00:00	1.15257	1.15563	1.15065	1.15293	927	0	128
2020.03.25	01:00:00	1.15293	1.15660	1.15220	1.15518	614	0	31
2020.03.25	02:00:00	1.15511	1.15627	1.15468	1.15590	1134	0	26
2020.03.25	03:00:00	1.15590	1.15732	1.15421	1.15532	1810	0	18
2020.03.25	04:00:00	1.15536	1.15643	1.15504	1.15532	2233	0	12
2020.03.25	05:00:00	1.15532	1.15719	1.15496	1.15682	1636	0	20
2020.03.25	06:00:00	1.15690	1.15691	1.15537	1.15644	1908	0	24
2020.03.25	07:00:00	1.15644	1.15677	1.15512	1.15631	1936	0	15
2020.03.25	08:00:00	1.15631	1.16233	1.15608	1.16149	2079	0	1
2020.03.25	09:00:00	1.16171	1.16185	1.15802	1.16007	2463	0	19
2020.03.25	10:00:00	1.16007	1.16301	1.15878	1.16271	2888	0	12
2020.03.25	11:00:00	1.16264	1.16898	1.16025	1.16832	3365	0	7
2020.03.25	12:00:00	1.16832	1.17176	1.16634	1.17176	3408	0	1
2020.03.25	13:00:00	1.17172	1.17186	1.16672	1.16730	3346	0	7
2020.03.25	14:00:00	1.16741	1.16838	1.16295	1.16484	3578	0	8
2020.03.25	15:00:00	1.16489	1.16557	1.15898	1.15958	3588	0	1
2020.03.25	16:00:00	1.15955	1.15979	1.15287	1.15436	4051	0	1
2020.03.25	17:00:00	1.15435	1.15454	1.14580	1.14642	3902	0	1
2020.03.25	18:00:00	1.14638	1.15099	1.14192	1.15010	4041	0	1
2020.03.25	19:00:00	1.15012	1.15879	1.14992	1.15844	3710	0	1
2020.03.25	20:00:00	1.15824	1.15947	1.15420	1.15541	3084	0	5
2020.03.25	21:00:00	1.15522	1.16254	1.15438	1.16083	2825	0	3
2020.03.25	22:00:00	1.16078	1.16291	1.15845	1.15940	2721	0	6
2020.03.25	23:00:00	1.15940	1.16257	1.15921	1.16155	1235	0	6
2020.03.26	00:00:00	1.15816	1.16030	1.15476	1.15759	333	0	356
2020.03.26	01:00:00	1.15759	1.15996	1.15406	1.15435	1762	0	33
2020.03.26	02:00:00	1.15439	1.15679	1.15035	1.15668	2285	0	15
2020.03.26	03:00:00	1.15645	1.15827	1.15527	1.15662	3696	0	16
2020.03.26	04:00:00	1.15658	1.15701	1.15415	1.15538	2808	0	9
2020.03.26	05:00:00	1.15533	1.15583	1.15338	1.15452	2012	0	19
2020.03.26	06:00:00	1.15453	1.15549	1.15325	1.15458	2349	0	18
2020.03.26	07:00:00	1.15456	1.15559	1.15387	1.15524	1753	0	12
2020.03.26	08:00:00	1.15525	1.15610	1.15373	1.15445	1757	0	17
2020.03.26	09:00:00	1.15457	1.15516	1.15184	1.15227	1868	0	22
2020.03.26	10:00:00	1.15169	1.16103	1.15169	1.16094	3247	0	1
2020.03.26	11:00:00	1.16098	1.16329	1.15781	1.16008	3502	0	1
2020.03.26	12:00:00	1.16008	1.16318	1.15496	1.15841	3453	0	1
2020.03.26	13:00:00	1.15836	1.16070	1.15375	1.15956	2975	0	3
2020.03.26	14:00:00	1.15951	1.16363	1.15858	1.16096	2835	0	11
2020.03.26	15:00:00	1.16101	1.16290	1.15832	1.16148	3911	0	2
2020.03.26	16:00:00	1.16149	1.16548	1.16072	1.16515	4211	0	3
2020.03.26	17:00:00	1.16511	1.16759	1.16056	1.16587	3955	0	4
2020.03.26	18:00:00	1.16609	1.17100	1.16333	1.17063	3957	0	3
2020.03.26	19:00:00	1.17050	1.17328	1.16935	1.17125	3236	0	2
2020.03.26	20:00:00	1.17122	1.17240	1.16928	1.16990	3118	0	8
2020.03.26	21:00:00	1.17003	1.17039	1.16746	1.16965	2940	0	7
2020.03.26	22:00:00	1.16963	1.17589	1.16902	1.17474	2998	0	14
2020.03.26	23:00:00	1.17467	1.17546	1.17158	1.17446	1583	0	8
2020.03.27	00:00:00	1.17346	1.17394	1.16826	1.17154	449	0	237
2020.03.27	01:00:00	1.17166	1.17280	1.16684	1.16956	934	0	41
2020.03.27	02:00:00	1.16960	1.17343	1.16911	1.17256	1473	0	26
2020.03.27	03:00:00	1.17251	1.17264	1.17041	1.17135	2480	0	24
2020.03.27	04:00:00	1.17133	1.17292	1.17020	1.17205	2085	0	18
2020.03.27	05:00:00	1.17205	1.17667	1.17158	1.17523	2504	0	14
2020.03.27	06:00:00	1.17523	1.18041	1.17472	1.17904	2640	0	20
2020.03.27	07:00:00	1.17904	1.17904	1.17548	1.17648	2583	0	13
2020.03.27	08:00:00	1.17656	1.17821	1.17467	1.17771	2091	0	31
2020.03.27	09:00:00	1.17775	1.17951	1.17471	1.17559	2885	0	8
2020.03.27	10:00:00	1.17578	1.17726	1.17353	1.17549	3072	0	7
2020.03.27	11:00:00	1.17544	1.17753	1.16957	1.17193	3229	0	6
2020.03.27	12:00:00	1.17187	1.17772	1.17147	1.17658	3464	0	2
2020.03.27	13:00:00	1.17669	1.18126	1.17586	1.18057	2866	0	3
2020.03.27	14:00:00	1.18057	1.18146	1.17120	1.17606	3212	0	6
2020.03.27	15:00:00	1.17615	1.18277	1.17534	1.18074	3150	0	2
2020.03.27	16:00:00	1.18060	1.18270	1.17739	1.17826	3893	0	9
2020.03.27	17:00:00	1.17820	1.18105	1.17736	1.18092	3606	0	3
2020.03.27	18:00:00	1.18082	1.18491	1.17829	1.18117	3888	0	3
2020.03.27	19:00:00	1.18120	1.18942	1.18014	1.18734	4013	0	5
2020.03.27	20:00:00	1.18731	1.18807	1.18220	1.18447	3281	0	5
2020.03.27	21:00:00	1.18450	1.18995	1.18437	1.18955	3347	0	4
2020.03.27	22:00:00	1.18964	1.18964	1.18584	1.18674	3556	0	8
2020.03.27	23:00:00	1.18675	1.18730	1.18390	1.18566	1533	0	23
2020.03.30	00:00:00	1.18255	1.18485	1.17958	1.18077	245	0	205
2020.03.30	01:00:00	1.18085	1.18445	1.17995	1.18037	1094	0	17
2020.03.30	02:00:00	1.18022	1.18430	1.17989	1.18330	1477	0	3
2020.03.30	03:00:00	1.18339	1.18715	1.18331	1.18507	2227	0	11
2020.03.30	04:00:00	1.18511	1.18586	1.18188	1.18199	2081	0	21
2020.03.30	05:00:00	1.18199	1.18231	1.18048	1.18120	1431	0	15
2020.03.30	06:00:00	1.18118	1.18197	1.17921	1.18196	1620	0	7
2020.03.30	07:00:00	1.18196	1.18536	1.18153	1.18470	1578	0	13
2020.03.30	08:00:00	1.18472	1.18638	1.18317	1.18467	1673	0	9
2020.03.30	09:00:00	1.18467	1.18653	1.18166	1.18188	2823	0	9
2020.03.30	10:00:00	1.18177	1.18322	1.17759	1.17995	3502	0	3
2020.03.30	11:00:00	1.17995	1.18604	1.17965	1.18331	3161	0	3
2020.03.30	12:00:00	1.18332	1.18582	1.18195	1.18377	3021	0	2
2020.03.30	13:00:00	1.18367	1.18698	1.18306	1.18672	2687	0	5
2020.03.30	14:00:00	1.18668	1.19026	1.18500	1.18836	2706	0	2
2020.03.30	15:00:00	1.18849	1.18987	1.18762	1.18862	3089	0	5
2020.03.30	16:00:00	1.18855	1.18922	1.18439	1.18461	3903	0	3
2020.03.30	17:00:00	1.18464	1.19309	1.18454	1.19177	4089	0	2
2020.03.30	18:00:00	1.19167	1.19224	1.18840	1.19038	3526	0	4
2020.03.30	19:00:00	1.19039	1.19045	1.18823	1.18931	2641	0	3
2020.03.30	20:00:00	1.18931	1.19036	1.18667	1.18881	2169	0	4
2020.03.30	21:00:00	1.18881	1.18963	1.18697	1.18887	2427	0	4
2020.03.30	22:00:00	1.18881	1.19086	1.18807	1.18981	2858	0	7
2020.03.30	23:00:00	1.18972	1.19164	1.18621	1.19036	1760	0	2
2020.03.31	00:00:00	1.18823	1.18846	1.18459	1.18496	787	0	105
2020.03.31	01:00:00	1.18409	1.18898	1.18384	1.18779	659	0	24
2020.03.31	02:00:00	1.18778	1.18798	1.18523	1.18727	1235	0	5
2020.03.31	03:00:00	1.18724	1.18871	1.17802	1.18411	2238	0	10
2020.03.31	04:00:00	1.18444	1.18652	1.18280	1.18461	2465	0	16
2020.03.31	05:00:00	1.18457	1.18503	1.18335	1.18467	1734	0	13
2020.03.31	06:00:00	1.18467	1.18529	1.18392	1.18447	2005	0	9
2020.03.31	07:00:00	1.18448	1.18519	1.18376	1.18418	1611	0	13
2020.03.31	08:00:00	1.18418	1.18504	1.18322	1.18449	1714	0	9
2020.03.31	09:00:00	1.18436	1.18777	1.18419	1.18535	2431	0	4
2020.03.31	10:00:00	1.18532	1.18659	1.18257	1.18631	3211	0	2
2020.03.31	11:00:00	1.18626	1.18899	1.18598	1.18669	2808	0	4
2020.03.31	12:00:00	1.18698	1.19212	1.18694	1.19070	2830	0	2
2020.03.31	13:00:00	1.19070	1.19431	1.18956	1.19317	2782	0	5
2020.03.31	14:00:00	1.19320	1.19486	1.19176	1.19346	3544	0	2
2020.03.31	15:00:00	1.19346	1.19715	1.19246	1.19567	3593	0	2
2020.03.31	16:00:00	1.19564	1.19731	1.19484	1.19720	3262	0	2
2020.03.31	17:00:00	1.19720	1.20136	1.19317	1.20026	4422	0	2
2020.03.31	18:00:00	1.20020	1.20310	1.19742	1.19872	4209	0	2
2020.03.31	19:00:00	1.19868	1.20022	1.19665	1.19730	3643	0	2
2020.03.31	20:00:00	1.19731	1.19731	1.19356	1.19624	3252	0	5
2020.03.31	21:00:00	1.19624	1.20001	1.19543	1.19822	2867	0	4
2020.03.31	22:00:00	1.19822	1.19831	1.19524	1.19606	2105	0	6
2020.03.31	23:00:00	1.19603	1.19619	1.19360	1.19399	1085	0	17
2020.04.01	00:00:00	1.19016	1.19385	1.18840	1.19312	282	0	137
2020.04.01	01:00:00	1.19377	1.19377	1.19173	1.19240	631	0	42
2020.04.01	02:00:00	1.19219	1.19355	1.19219	1.19286	758	0	22
2020.04.01	03:00:00	1.19286	1.19444	1.19263	1.19331	1628	0	25
2020.04.01	04:00:00	1.19331	1.19387	1.19041	1.19100	1949	0	20
2020.04.01	05:00:00	1.19100	1.19211	1.18950	1.19150	1919	0	17
2020.04.01	06:00:00	1.19150	1.19186	1.18984	1.19018	1302	0	19
2020.04.01	07:00:00	1.19017	1.19068	1.18971	1.18990	1045	0	18
2020.04.01	08:00:00	1.18990	1.19035	1.18873	1.18977	1432	0	18
2020.04.01	09:00:00	1.18971	1.19050	1.18739	1.18901	2458	0	12
2020.04.01	10:00:00	1.18916	1.19258	1.18845	1.19131	2801	0	5
2020.04.01	11:00:00	1.19139	1.19427	1.19098	1.19317	2782	0	7
2020.04.01	12:00:00	1.19315	1.19571	1.19156	1.19509	2730	0	9
2020.04.01	13:00:00	1.19514	1.19652	1.19476	1.19504	2594	0	7
2020.04.01	14:00:00	1.19504	1.19704	1.19487	1.19567	2260	0	9
2020.04.01	15:00:00	1.19569	1.19818	1.19322	1.19752	2550	0	7
2020.04.01	16:00:00	1.19746	1.20197	1.19713	1.20043	3053	0	4
2020.04.01	17:00:00	1.20054	1.20381	1.19930	1.20336	3286	0	2
2020.04.01	18:00:00	1.20338	1.20338	1.19793	1.19902	2992	0	2
2020.04.01	19:00:00	1.19905	1.20041	1.19858	1.19919	2407	0	7
2020.04.01	20:00:00	1.19925	1.20015	1.19865	1.20015	2399	0	4
2020.04.01	21:00:00	1.20013	1.20092	1.19585	1.19586	2495	0	5
2020.04.01	22:00:00	1.19586	1.19829	1.19581	1.19829	3294	0	5
2020.04.01	23:00:00	1.19825	1.19854	1.19479	1.19484	1660	0	13
2020.04.02	00:00:00	1.19521	1.19720	1.19231	1.19606	623	0	78
2020.04.02	01:00:00	1.19606	1.19758	1.19451	1.19737	759	0	28
2020.04.02	02:00:00	1.19744	1.19779	1.19604	1.19639	746	0	18
2020.04.02	03:00:00	1.19643	1.19939	1.19629	1.19803	1395	0	19
2020.04.02	04:00:00	1.19803	1.19913	1.19731	1.19836	1306	0	14
2020.04.02	05:00:00	1.19836	1.19923	1.19833	1.19857	840	0	18
2020.04.02	06:00:00	1.19857	1.19929	1.19823	1.19854	808	0	16
2020.04.02	07:00:00	1.19854	1.19891	1.19796	1.19855	636	0	12
2020.04.02	08:00:00	1.19855	1.20019	1.19855	1.20017	1154	0	10
2020.04.02	09:00:00	1.20014	1.20136	1.19860	1.19927	1876	0	13
2020.04.02	10:00:00	1.19928	1.20087	1.19822	1.19969	2309	0	9
2020.04.02	11:00:00	1.19970	1.20199	1.19867	1.20197	2503	0	5
2020.04.02	12:00:00	1.20196	1.20446	1.20053	1.20439	2458	0	5
2020.04.02	13:00:00	1.20439	1.20589	1.20225	1.20330	2607	0	9
2020.04.02	14:00:00	1.20325	1.20325	1.20141	1.20146	2177	0	8
2020.04.02	15:00:00	1.20146	1.20503	1.20146	1.20365	3243	0	5
2020.04.02	16:00:00	1.20367	1.20423	1.20060	1.20221	3735	0	7
2020.04.02	17:00:00	1.20217	1.20485	1.20099	1.20327	4482	0	4
2020.04.02	18:00:00	1.20325	1.20549	1.20221	1.20385	3718	0	2
2020.04.02	19:00:00	1.20394	1.20531	1.20294	1.20406	2849	0	9
2020.04.02	20:00:00	1.20406	1.20512	1.20290	1.20501	2674	0	10
2020.04.02	21:00:00	1.20498	1.20738	1.20415	1.20632	2549	0	6
2020.04.02	22:00:00	1.20635	1.20765	1.20546	1.20695	2669	0	12
2020.04.02	23:00:00	1.20698	1.20869	1.20675	1.20693	1339	0	10
2020.04.03	00:00:00	1.20487	1.20722	1.20487	1.20599	429	0	129
2020.04.03	01:00:00	1.20600	1.20798	1.20544	1.20767	538	0	28
2020.04.03	02:00:00	1.20756	1.20795	1.20692	1.20736	786	0	21
2020.04.03	03:00:00	1.20736	1.20769	1.20607	1.20680	1484	0	15
2020.04.03	04:00:00	1.20680	1.20698	1.20579	1.20638	1101	0	20
2020.04.03	05:00:00	1.20643	1.20644	1.20494	1.20501	830	0	9
2020.04.03	06:00:00	1.20501	1.20515	1.20398	1.20404	927	0	6
2020.04.03	07:00:00	1.20407	1.20601	1.20379	1.20601	1202	0	12
2020.04.03	08:00:00	1.20598	1.20626	1.20516	1.20593	956	0	14
2020.04.03	09:00:00	1.20599	1.20764	1.20511	1.20574	2033	0	3
2020.04.03	10:00:00	1.20574	1.20648	1.20406	1.20613	2959	0	3
2020.04.03	11:00:00	1.20614	1.20614	1.20019	1.20172	2844	0	2
2020.04.03	12:00:00	1.20173	1.20215	1.19731	1.19896	2996	0	3
2020.04.03	13:00:00	1.19895	1.19968	1.19725	1.19794	2458	0	6
2020.04.03	14:00:00	1.19790	1.20192	1.19743	1.20092	2766	0	6
2020.04.03	15:00:00	1.20093	1.20110	1.19799	1.19983	3699	0	6
2020.04.03	16:00:00	1.19983	1.20280	1.19824	1.19982	3207	0	5
2020.04.03	17:00:00	1.19984	1.20005	1.19627	1.19845	3477	0	5
2020.04.03	18:00:00	1.19846	1.19898	1.19450	1.19502	2894	0	3
2020.04.03	19:00:00	1.19503	1.19886	1.19479	1.19623	2798	0	2
2020.04.03	20:00:00	1.19620	1.19823	1.19576	1.19785	2155	0	7
2020.04.03	21:00:00	1.19785	1.19953	1.19739	1.19770	2128	0	2
2020.04.03	22:00:00	1.19771	1.19838	1.19621	1.19740	2479	0	6
2020.04.03	23:00:00	1.19731	1.19970	1.19678	1.19793	1302	0	3
2020.04.06	00:00:00	1.19251	1.19459	1.19139	1.19306	274	0	86
2020.04.06	01:00:00	1.19411	1.19769	1.19403	1.19486	907	0	14
2020.04.06	02:00:00	1.19478	1.19540	1.19323	1.19396	1245	0	18
2020.04.06	03:00:00	1.19393	1.19703	1.19361	1.19678	1906	0	19
2020.04.06	04:00:00	1.19659	1.19733	1.19456	1.19579	1339	0	4
2020.04.06	05:00:00	1.19579	1.19655	1.19526	1.19590	1401	0	8
2020.04.06	06:00:00	1.19590	1.19659	1.19551	1.19569	1543	0	10
2020.04.06	07:00:00	1.19569	1.19618	1.19429	1.19490	1273	0	10
2020.04.06	08:00:00	1.19497	1.19676	1.19424	1.19657	1388	0	8
2020.04.06	09:00:00	1.19641	1.19915	1.19641	1.19736	2173	0	9
2020.04.06	10:00:00	1.19734	1.20294	1.19705	1.20270	2762	0	3
2020.04.06	11:00:00	1.20268	1.20451	1.20041	1.20421	2659	0	6
2020.04.06	12:00:00	1.20422	1.20442	1.20171	1.20196	2690	0	2
2020.04.06	13:00:00	1.20196	1.20445	1.20127	1.20409	2206	0	5
2020.04.06	14:00:00	1.20409	1.20442	1.20261	1.20382	2354	0	5
2020.04.06	15:00:00	1.20387	1.20452	1.20112	1.20217	2429	0	3
2020.04.06	16:00:00	1.20218	1.20227	1.20031	1.20201	2826	0	3
2020.04.06	17:00:00	1.20192	1.20356	1.19878	1.19957	3155	0	2
2020.04.06	18:00:00	1.19962	1.20155	1.19910	1.20114	2421	0	2
2020.04.06	19:00:00	1.20114	1.20362	1.20100	1.20266	2530	0	6
2020.04.06	20:00:00	1.20266	1.20493	1.20207	1.20449	1860	0	2
2020.04.06	21:00:00	1.20449	1.20476	1.20330	1.20339	1615	0	8
2020.04.06	22:00:00	1.20337	1.20362	1.19513	1.19782	2876	0	3
2020.04.06	23:00:00	1.19790	1.19873	1.19675	1.19675	804	0	4
2020.04.07	00:00:00	1.19564	1.19621	1.19526	1.19566	195	0	74
2020.04.07	01:00:00	1.19589	1.19726	1.19110	1.19398	1056	0	19
2020.04.07	02:00:00	1.19398	1.19798	1.19397	1.19648	1154	0	13
2020.04.07	03:00:00	1.19647	1.19791	1.19574	1.19634	1425	0	14
2020.04.07	04:00:00	1.19634	1.19969	1.19604	1.19920	1261	0	12
2020.04.07	05:00:00	1.19920	1.19950	1.19733	1.19881	1126	0	11
2020.04.07	06:00:00	1.19886	1.19889	1.19711	1.19762	998	0	6
2020.04.07	07:00:00	1.19762	1.19986	1.19686	1.19826	1393	0	8
2020.04.07	08:00:00	1.19826	1.19894	1.19730	1.19845	1671	0	5
2020.04.07	09:00:00	1.19837	1.20115	1.19800	1.19892	2641	0	2
2020.04.07	10:00:00	1.19909	1.20176	1.19835	1.20054	3312	0	2
2020.04.07	11:00:00	1.20054	1.20106	1.19882	1.19928	2350	0	4
2020.04.07	12:00:00	1.19930	1.19997	1.19519	1.19835	2621	0	4
2020.04.07	13:00:00	1.19835	1.19910	1.19580	1.19662	2760	0	2
2020.04.07	14:00:00	1.19667	1.20147	1.19566	1.20056	2846	0	4
2020.04.07	15:00:00	1.20056	1.20189	1.19966	1.20048	2799	0	5
2020.04.07	16:00:00	1.20048	1.20050	1.19693	1.19921	3344	0	2
2020.04.07	17:00:00	1.19915	1.19961	1.19368	1.19498	3343	0	2
2020.04.07	18:00:00	1.19499	1.19854	1.19486	1.19807	2950	0	3
2020.04.07	19:00:00	1.19807	1.19840	1.19597	1.19743	2455	0	3
2020.04.07	20:00:00	1.19751	1.19773	1.19621	1.19713	2084	0	5
2020.04.07	21:00:00	1.19708	1.19768	1.19539	1.19556	2085	0	3
2020.04.07	22:00:00	1.19555	1.19612	1.19486	1.19562	2019	0	8
2020.04.07	23:00:00	1.19562	1.19701	1.19552	1.19614	933	0	5
2020.04.08	00:00:00	1.19553	1.19558	1.19319	1.19497	542	0	85
2020.04.08	01:00:00	1.19533	1.19675	1.19499	1.19644	660	0	9
2020.04.08	02:00:00	1.19645	1.19678	1.19575	1.19582	950	0	5
2020.04.08	03:00:00	1.19578	1.19712	1.19542	1.19688	1692	0	7
2020.04.08	04:00:00	1.19683	1.19703	1.19585	1.19637	1289	0	5
2020.04.08	05:00:00	1.19637	1.19747	1.19616	1.19696	1007	0	12
2020.04.08	06:00:00	1.19696	1.19733	1.19644	1.19666	1242	0	11
2020.04.08	07:00:00	1.19666	1.19743	1.19629	1.19717	1198	0	6
2020.04.08	08:00:00	1.19717	1.19828	1.19639	1.19828	1422	0	13
2020.04.08	09:00:00	1.19826	1.19893	1.19595	1.19655	2753	0	3
2020.04.08	10:00:00	1.19659	1.19756	1.19540	1.19695	2626	0	5
2020.04.08	11:00:00	1.19701	1.19728	1.19566	1.19637	1989	0	5
2020.04.08	12:00:00	1.19637	1.19774	1.19579	1.19753	2226	0	6
2020.04.08	13:00:00	1.19757	1.19939	1.19690	1.19899	2012	0	4
2020.04.08	14:00:00	1.19890	1.20216	1.19874	1.20055	2293	0	2
2020.04.08	15:00:00	1.20060	1.20109	1.19975	1.20101	2222	0	4
2020.04.08	16:00:00	1.20101	1.20285	1.19947	1.20235	2544	0	4
2020.04.08	17:00:00	1.20231	1.20262	1.19991	1.20196	2925	0	2
2020.04.08	18:00:00	1.20198	1.20508	1.20186	1.20337	2778	0	3
2020.04.08	19:00:00	1.20341	1.20632	1.20299	1.20485	2172	0	5
2020.04.08	20:00:00	1.20485	1.20564	1.20334	1.20373	1511	0	7
2020.04.08	21:00:00	1.20373	1.20448	1.20335	1.20347	1603	0	5
2020.04.08	22:00:00	1.20344	1.20413	1.20260	1.20266	1463	0	5
2020.04.08	23:00:00	1.20273	1.20385	1.20237	1.20382	696	0	9
2020.04.09	00:00:00	1.20191	1.20399	1.20181	1.20385	564	0	161
2020.04.09	01:00:00	1.20394	1.20461	1.20294	1.20397	856	0	13
2020.04.09	02:00:00	1.20398	1.20448	1.20368	1.20425	834	0	2
2020.04.09	03:00:00	1.20425	1.20560	1.20396	1.20500	1659	0	3
2020.04.09	04:00:00	1.20500	1.20549	1.20428	1.20455	1512	0	6
2020.04.09	05:00:00	1.20455	1.20506	1.20408	1.20416	1217	0	10
2020.04.09	06:00:00	1.20417	1.20486	1.20400	1.20428	950	0	3
2020.04.09	07:00:00	1.20425	1.20453	1.20296	1.20299	844	0	6
2020.04.09	08:00:00	1.20298	1.20346	1.20174	1.20201	1059	0	6
2020.04.09	09:00:00	1.20191	1.20487	1.20191	1.20371	2143	0	3
2020.04.09	10:00:00	1.20366	1.20535	1.20293	1.20401	2419	0	6
2020.04.09	11:00:00	1.20409	1.20454	1.20262	1.20441	1824	0	6
2020.04.09	12:00:00	1.20441	1.20577	1.20379	1.20520	2154	0	3
2020.04.09	13:00:00	1.20523	1.20921	1.20508	1.20846	2203	0	3
2020.04.09	14:00:00	1.20845	1.20868	1.20545	1.20660	2469	0	6
2020.04.09	15:00:00	1.20660	1.20687	1.20381	1.20500	2864	0	3
2020.04.09	16:00:00	1.20503	1.20780	1.20454	1.20708	3466	0	2
2020.04.09	17:00:00	1.20695	1.20700	1.20368	1.20439	3388	0	4
2020.04.09	18:00:00	1.20442	1.20479	1.20240	1.20321	2872	0	5
2020.04.09	19:00:00	1.20317	1.20382	1.20221	1.20295	1905	0	7
2020.04.09	20:00:00	1.20295	1.20476	1.20258	1.20450	2047	0	4
2020.04.09	21:00:00	1.20446	1.20510	1.20300	1.20334	2314	0	6
2020.04.09	22:00:00	1.20338	1.20544	1.20327	1.20453	2462	0	5
2020.04.09	23:00:00	1.20447	1.20475	1.20266	1.20304	1013	0	7
2020.04.10	00:00:00	1.20414	1.20568	1.20139	1.20176	860	0	85
2020.04.10	01:00:00	1.20172	1.20385	1.20158	1.20332	1055	0	98
2020.04.10	02:00:00	1.20326	1.20471	1.20169	1.20368	2127	0	53
2020.04.10	03:00:00	1.20368	1.20522	1.20283	1.20401	1494	0	54
2020.04.10	04:00:00	1.20401	1.20440	1.20310	1.20373	779	0	45
2020.04.10	05:00:00	1.20369	1.20450	1.20314	1.20363	820	0	47
2020.04.10	06:00:00	1.20363	1.20377	1.20268	1.20318	615	0	31
2020.04.10	07:00:00	1.20318	1.20416	1.20249	1.20379	719	0	38
2020.04.10	08:00:00	1.20379	1.20445	1.20261	1.20342	801	0	44
2020.04.10	09:00:00	1.20342	1.20416	1.20259	1.20303	1118	0	40
2020.04.10	10:00:00	1.20305	1.20505	1.20256	1.20461	1083	0	8
2020.04.10	11:00:00	1.20462	1.20496	1.20233	1.20387	909	0	33
2020.04.10	12:00:00	1.20387	1.20438	1.20325	1.20426	427	0	13
2020.04.10	13:00:00	1.20415	1.20457	1.20361	1.20427	478	0	21
2020.04.10	14:00:00	1.20427	1.20516	1.20356	1.20476	510	0	2
2020.04.10	15:00:00	1.20477	1.20502	1.20357	1.20428	1158	0	12
2020.04.10	16:00:00	1.20444	1.20459	1.20312	1.20337	790	0	8
2020.04.10	17:00:00	1.20340	1.20347	1.20292	1.20327	703	0	17
2020.04.10	18:00:00	1.20327	1.20437	1.20326	1.20419	864	0	24
2020.04.10	19:00:00	1.20418	1.20429	1.20251	1.20357	615	0	2
2020.04.10	20:00:00	1.20364	1.20410	1.20303	1.20389	1167	0	3
2020.04.10	21:00:00	1.20402	1.20432	1.20335	1.20351	1640	0	102
2020.04.10	22:00:00	1.20351	1.20398	1.20215	1.20328	773	0	113
2020.04.10	23:00:00	1.20331	1.20417	1.19863	1.19905	2223	0	117
2020.04.13	00:00:00	1.20031	1.20310	1.20013	1.20262	197	0	215
2020.04.13	01:00:00	1.20247	1.20347	1.20070	1.20340	444	0	28
2020.04.13	02:00:00	1.20340	1.20444	1.20309	1.20346	695	0	14
2020.04.13	03:00:00	1.20347	1.20392	1.20274	1.20370	988	0	12
2020.04.13	04:00:00	1.20374	1.20460	1.20299	1.20451	1304	0	10
2020.04.13	05:00:00	1.20452	1.20504	1.20421	1.20421	934	0	11
2020.04.13	06:00:00	1.20421	1.20508	1.20344	1.20372	731	0	13
2020.04.13	07:00:00	1.20372	1.20429	1.20357	1.20398	955	0	11
2020.04.13	08:00:00	1.20399	1.20451	1.20364	1.20406	873	0	6
2020.04.13	09:00:00	1.20403	1.20715	1.20384	1.20607	1882	0	8
2020.04.13	10:00:00	1.20607	1.20752	1.20530	1.20618	1702	0	10
2020.04.13	11:00:00	1.20618	1.20913	1.20601	1.20900	1613	0	10
2020.04.13	12:00:00	1.20896	1.20913	1.20768	1.20816	964	0	6
2020.04.13	13:00:00	1.20816	1.20914	1.20688	1.20697	1645	0	4
2020.04.13	14:00:00	1.20697	1.20794	1.20668	1.20709	1580	0	6
2020.04.13	15:00:00	1.20709	1.20744	1.20565	1.20667	1852	0	8
2020.04.13	16:00:00	1.20672	1.20959	1.20672	1.20944	2008	0	7
2020.04.13	17:00:00	1.20940	1.21054	1.20864	1.21035	2261	0	2
2020.04.13	18:00:00	1.21029	1.21184	1.21002	1.21086	2140	0	7
2020.04.13	19:00:00	1.21086	1.21107	1.20992	1.21000	1534	0	5
2020.04.13	20:00:00	1.20997	1.21110	1.20943	1.21076	1479	0	6
2020.04.13	21:00:00	1.21076	1.21115	1.21007	1.21073	1519	0	7
2020.04.13	22:00:00	1.21073	1.21080	1.20974	1.21038	1440	0	9
2020.04.13	23:00:00	1.21036	1.21059	1.20992	1.21006	679	0	11
2020.04.14	00:00:00	1.20757	1.21023	1.20730	1.21006	621	0	113
2020.04.14	01:00:00	1.21006	1.21061	1.20939	1.21028	578	0	13
2020.04.14	02:00:00	1.21028	1.21092	1.21000	1.21042	867	0	7
2020.04.14	03:00:00	1.21042	1.21066	1.20858	1.20994	1677	0	3
2020.04.14	04:00:00	1.20997	1.21181	1.20963	1.21122	1390	0	7
2020.04.14	05:00:00	1.21122	1.21189	1.21040	1.21089	1450	0	6
2020.04.14	06:00:00	1.21089	1.21168	1.21067	1.21153	1201	0	8
2020.04.14	07:00:00	1.21153	1.21207	1.21115	1.21189	859	0	10
2020.04.14	08:00:00	1.21188	1.21286	1.21153	1.21202	1174	0	2
2020.04.14	09:00:00	1.21201	1.21298	1.21051	1.21284	1962	0	4
2020.04.14	10:00:00	1.21284	1.21290	1.21131	1.21181	2219	0	5
2020.04.14	11:00:00	1.21180	1.21412	1.21134	1.21228	2263	0	5
2020.04.14	12:00:00	1.21228	1.21259	1.20803	1.20927	2229	0	4
2020.04.14	13:00:00	1.20927	1.20965	1.20671	1.20892	1884	0	5
2020.04.14	14:00:00	1.20894	1.20983	1.20724	1.20857	2172	0	3
2020.04.14	15:00:00	1.20854	1.20955	1.20730	1.20901	2788	0	2
2020.04.14	16:00:00	1.20901	1.21224	1.20805	1.21192	2976	0	4
2020.04.14	17:00:00	1.21192	1.21229	1.20849	1.20968	3201	0	3
2020.04.14	18:00:00	1.20978	1.21240	1.20863	1.21188	3087	0	2
2020.04.14	19:00:00	1.21181	1.21324	1.21143	1.21171	1927	0	2
2020.04.14	20:00:00	1.21171	1.21422	1.21116	1.21377	1981	0	2
2020.04.14	21:00:00	1.21377	1.21433	1.21248	1.21251	2102	0	3
2020.04.14	22:00:00	1.21251	1.21286	1.21175	1.21214	1552	0	4
2020.04.14	23:00:00	1.21213	1.21367	1.21213	1.21334	1001	0	8
2020.04.15	00:00:00	1.21145	1.21199	1.21064	1.21168	189	0	89
2020.04.15	01:00:00	1.21181	1.21221	1.21154	1.21192	408	0	9
2020.04.15	02:00:00	1.21202	1.21263	1.21182	1.21203	872	0	11
2020.04.15	03:00:00	1.21201	1.21263	1.21146	1.21178	968	0	8
2020.04.15	04:00:00	1.21178	1.21197	1.21088	1.21159	1154	0	8
2020.04.15	05:00:00	1.21160	1.21173	1.21045	1.21078	827	0	8
2020.04.15	06:00:00	1.21081	1.21174	1.21081	1.21151	623	0	11
2020.04.15	07:00:00	1.21151	1.21182	1.21119	1.21139	559	0	9
2020.04.15	08:00:00	1.21138	1.21174	1.21065	1.21086	777	0	8
2020.04.15	09:00:00	1.21085	1.21186	1.20937	1.20937	1868	0	4
2020.04.15	10:00:00	1.20935	1.20959	1.20636	1.20750	2838	0	2
2020.04.15	11:00:00	1.20744	1.20782	1.20486	1.20645	2606	0	4
2020.04.15	12:00:00	1.20647	1.20779	1.20502	1.20676	2232	0	2
2020.04.15	13:00:00	1.20676	1.20798	1.20548	1.20774	2500	0	3
2020.04.15	14:00:00	1.20774	1.20815	1.20509	1.20516	2170	0	7
2020.04.15	15:00:00	1.20514	1.20733	1.20444	1.20705	2966	0	3
2020.04.15	16:00:00	1.20704	1.20871	1.20583	1.20842	2760	0	5
2020.04.15	17:00:00	1.20842	1.20919	1.20636	1.20651	3003	0	2
2020.04.15	18:00:00	1.20647	1.20827	1.20573	1.20816	3119	0	2
2020.04.15	19:00:00	1.20815	1.20949	1.20774	1.20893	2630	0	5
2020.04.15	20:00:00	1.20893	1.21014	1.20809	1.20958	1889	0	5
2020.04.15	21:00:00	1.20957	1.20987	1.20827	1.20927	1862	0	3
2020.04.15	22:00:00	1.20926	1.20976	1.20822	1.20830	1566	0	6
2020.04.15	23:00:00	1.20828	1.20895	1.20826	1.20831	935	0	10
2020.04.16	00:00:00	1.20688	1.20872	1.20680	1.20791	392	0	96
2020.04.16	01:00:00	1.20825	1.20867	1.20784	1.20864	372	0	11
2020.04.16	02:00:00	1.20864	1.20878	1.20784	1.20825	843	0	11
2020.04.16	03:00:00	1.20826	1.20898	1.20755	1.20777	1796	0	2
2020.04.16	04:00:00	1.20777	1.20809	1.20661	1.20692	1542	0	2
2020.04.16	05:00:00	1.20691	1.20760	1.20678	1.20705	1397	0	6
2020.04.16	06:00:00	1.20706	1.20741	1.20654	1.20660	1304	0	6
2020.04.16	07:00:00	1.20663	1.20726	1.20622	1.20683	1277	0	6
2020.04.16	08:00:00	1.20695	1.20742	1.20642	1.20680	1342	0	3
2020.04.16	09:00:00	1.20666	1.20824	1.20561	1.20802	2161	0	3
2020.04.16	10:00:00	1.20803	1.20884	1.20697	1.20845	2836	0	2
2020.04.16	11:00:00	1.20842	1.20853	1.20614	1.20623	2389	0	2
2020.04.16	12:00:00	1.20623	1.20784	1.20533	1.20707	2442	0	4
2020.04.16	13:00:00	1.20703	1.20779	1.20585	1.20755	2503	0	2
2020.04.16	14:00:00	1.20748	1.20755	1.20586	1.20603	2297	0	2
2020.04.16	15:00:00	1.20606	1.20790	1.20583	1.20736	2869	0	2
2020.04.16	16:00:00	1.20738	1.20892	1.20722	1.20863	3052	0	2
2020.04.16	17:00:00	1.20865	1.20898	1.20551	1.20612	3293	0	2
2020.04.16	18:00:00	1.20612	1.20712	1.20397	1.20526	2925	0	2
2020.04.16	19:00:00	1.20526	1.20670	1.20468	1.20666	2867	0	2
2020.04.16	20:00:00	1.20664	1.20680	1.20511	1.20650	2218	0	2
2020.04.16	21:00:00	1.20650	1.20763	1.20584	1.20701	1821	0	3
2020.04.16	22:00:00	1.20697	1.20727	1.20644	1.20644	1588	0	8
2020.04.16	23:00:00	1.20649	1.20838	1.20635	1.20837	970	0	7
2020.04.17	00:00:00	1.20817	1.21020	1.20759	1.20829	1025	0	29
2020.04.17	01:00:00	1.20842	1.21057	1.20842	1.20926	935	0	6
2020.04.17	02:00:00	1.20926	1.21046	1.20913	1.21019	1421	0	7
2020.04.17	03:00:00	1.21019	1.21067	1.20983	1.20986	1811	0	7
2020.04.17	04:00:00	1.20989	1.21179	1.20978	1.21157	1532	0	7
2020.04.17	05:00:00	1.21156	1.21168	1.21082	1.21102	1346	0	7
2020.04.17	06:00:00	1.21105	1.21109	1.20996	1.21007	849	0	10
2020.04.17	07:00:00	1.21005	1.21044	1.20972	1.20998	743	0	9
2020.04.17	08:00:00	1.20998	1.21049	1.20948	1.20960	930	0	9
2020.04.17	09:00:00	1.20956	1.21126	1.20862	1.21098	2233	0	8
2020.04.17	10:00:00	1.21095	1.21114	1.20788	1.20829	2992	0	2
2020.04.17	11:00:00	1.20833	1.20906	1.20750	1.20788	2738	0	4
2020.04.17	12:00:00	1.20790	1.20831	1.20664	1.20691	2569	0	3
2020.04.17	13:00:00	1.20693	1.20938	1.20639	1.20775	2382	0	5
2020.04.17	14:00:00	1.20776	1.21064	1.20740	1.20915	2450	0	4
2020.04.17	15:00:00	1.20917	1.20948	1.20752	1.20787	2655	0	4
2020.04.17	16:00:00	1.20782	1.20964	1.20726	1.20821	2733	0	2
2020.04.17	17:00:00	1.20824	1.20893	1.20595	1.20792	3165	0	2
2020.04.17	18:00:00	1.20790	1.20852	1.20726	1.20779	2787	0	3
2020.04.17	19:00:00	1.20776	1.21082	1.20721	1.20919	2259	0	2
2020.04.17	20:00:00	1.20919	1.20981	1.20885	1.20937	1870	0	4
2020.04.17	21:00:00	1.20935	1.20962	1.20728	1.20820	1657	0	5
2020.04.17	22:00:00	1.20816	1.20942	1.20782	1.20927	1549	0	4
2020.04.17	23:00:00	1.20927	1.20993	1.20789	1.20922	948	0	8
2020.04.20	00:00:00	1.20729	1.20916	1.20611	1.20787	770	0	86
2020.04.20	01:00:00	1.20785	1.20934	1.20736	1.20887	482	0	11
2020.04.20	02:00:00	1.20882	1.20891	1.20839	1.20866	646	0	9
2020.04.20	03:00:00	1.20865	1.20908	1.20829	1.20903	1265	0	8
2020.04.20	04:00:00	1.20908	1.20908	1.20812	1.20842	1096	0	12
2020.04.20	05:00:00	1.20843	1.20855	1.20794	1.20832	922	0	11
2020.04.20	06:00:00	1.20833	1.20867	1.20761	1.20774	758	0	9
2020.04.20	07:00:00	1.20774	1.20812	1.20712	1.20738	967	0	3
2020.04.20	08:00:00	1.20739	1.20745	1.20668	1.20696	1035	0	5
2020.04.20	09:00:00	1.20701	1.20782	1.20663	1.20676	1839	0	4
2020.04.20	10:00:00	1.20678	1.20724	1.20484	1.20597	2237	0	4
2020.04.20	11:00:00	1.20599	1.20599	1.20394	1.20444	2083	0	2
2020.04.20	12:00:00	1.20448	1.20705	1.20430	1.20610	2282	0	2
2020.04.20	13:00:00	1.20608	1.20731	1.20598	1.20689	2184	0	2
2020.04.20	14:00:00	1.20688	1.20718	1.20403	1.20529	2383	0	3
2020.04.20	15:00:00	1.20525	1.20529	1.20320	1.20438	2461	0	6
2020.04.20	16:00:00	1.20438	1.20492	1.20283	1.20372	2564	0	5
2020.04.20	17:00:00	1.20372	1.20615	1.20290	1.20517	3089	0	2
2020.04.20	18:00:00	1.20520	1.20546	1.20370	1.20546	2312	0	5
2020.04.20	19:00:00	1.20548	1.20601	1.20496	1.20578	1836	0	7
2020.04.20	20:00:00	1.20576	1.20607	1.20486	1.20544	1437	0	9
2020.04.20	21:00:00	1.20544	1.20612	1.20423	1.20431	1786	0	4
2020.04.20	22:00:00	1.20428	1.20495	1.20374	1.20387	1899	0	6
2020.04.20	23:00:00	1.20390	1.20429	1.20309	1.20313	715	0	2
2020.04.21	00:00:00	1.20309	1.20432	1.20257	1.20322	749	0	62
2020.04.21	01:00:00	1.20329	1.20458	1.20318	1.20428	553	0	10
2020.04.21	02:00:00	1.20429	1.20448	1.20392	1.20425	779	0	14
2020.04.21	03:00:00	1.20424	1.20492	1.20422	1.20462	1477	0	9
2020.04.21	04:00:00	1.20458	1.20514	1.20399	1.20414	1329	0	9
2020.04.21	05:00:00	1.20414	1.20476	1.20312	1.20379	2090	0	8
2020.04.21	06:00:00	1.20379	1.20400	1.20311	1.20353	1027	0	9
2020.04.21	07:00:00	1.20354	1.20398	1.20327	1.20389	875	0	9
2020.04.21	08:00:00	1.20389	1.20431	1.20310	1.20310	1276	0	6
2020.04.21	09:00:00	1.20295	1.20426	1.20295	1.20409	1756	0	6
2020.04.21	10:00:00	1.20408	1.20466	1.20318	1.20350	2557	0	5
2020.04.21	11:00:00	1.20349	1.20454	1.20148	1.20221	2173	0	5
2020.04.21	12:00:00	1.20234	1.20242	1.19723	1.19772	3045	0	3
2020.04.21	13:00:00	1.19774	1.19824	1.19637	1.19757	2790	0	4
2020.04.21	14:00:00	1.19760	1.19760	1.19355	1.19390	2439	0	5
2020.04.21	15:00:00	1.19388	1.19422	1.19253	1.19291	2772	0	4
2020.04.21	16:00:00	1.19290	1.19356	1.19186	1.19338	3357	0	2
2020.04.21	17:00:00	1.19331	1.19342	1.18830	1.18898	3585	0	7
2020.04.21	18:00:00	1.18898	1.19090	1.18839	1.18846	2744	0	2
2020.04.21	19:00:00	1.18851	1.19112	1.18694	1.19065	2984	0	2
2020.04.21	20:00:00	1.19065	1.19145	1.18988	1.19140	2262	0	4
2020.04.21	21:00:00	1.19135	1.19270	1.19098	1.19114	2350	0	5
2020.04.21	22:00:00	1.19109	1.19298	1.19103	1.19280	2137	0	3
2020.04.21	23:00:00	1.19288	1.19293	1.19198	1.19220	737	0	5
2020.04.22	00:00:00	1.19028	1.19229	1.18969	1.19135	425	0	120
2020.04.22	01:00:00	1.19158	1.19330	1.19133	1.19264	472	0	12
2020.04.22	02:00:00	1.19257	1.19300	1.19232	1.19290	499	0	14
2020.04.22	03:00:00	1.19290	1.19314	1.19143	1.19183	1296	0	9
2020.04.22	04:00:00	1.19186	1.19236	1.19124	1.19235	1358	0	7
2020.04.22	05:00:00	1.19248	1.19272	1.19169	1.19223	1431	0	9
2020.04.22	06:00:00	1.19222	1.19244	1.19173	1.19212	1112	0	6
2020.04.22	07:00:00	1.19210	1.19237	1.19096	1.19158	1103	0	9
2020.04.22	08:00:00	1.19158	1.19302	1.19136	1.19238	1263	0	8
2020.04.22	09:00:00	1.19238	1.19465	1.19190	1.19252	2108	0	2
2020.04.22	10:00:00	1.19252	1.19648	1.19212	1.19605	2583	0	2
2020.04.22	11:00:00	1.19605	1.19618	1.19416	1.19568	2558	0	2
2020.04.22	12:00:00	1.19567	1.19838	1.19501	1.19811	2114	0	2
2020.04.22	13:00:00	1.19809	1.19859	1.19536	1.19682	1708	0	2
2020.04.22	14:00:00	1.19682	1.19813	1.19546	1.19722	2235	0	2
2020.04.22	15:00:00	1.19729	1.19811	1.19568	1.19774	2570	0	2
2020.04.22	16:00:00	1.19772	1.19831	1.19426	1.19479	2916	0	2
2020.04.22	17:00:00	1.19477	1.19804	1.19404	1.19729	3238	0	3
2020.04.22	18:00:00	1.19731	1.19860	1.19629	1.19732	2382	0	2
2020.04.22	19:00:00	1.19733	1.19755	1.19571	1.19670	2032	0	5
2020.04.22	20:00:00	1.19669	1.19794	1.19654	1.19716	1857	0	5
2020.04.22	21:00:00	1.19718	1.19803	1.19683	1.19746	1473	0	4
2020.04.22	22:00:00	1.19746	1.19826	1.19710	1.19765	1378	0	8
2020.04.22	23:00:00	1.19764	1.19834	1.19714	1.19830	716	0	7
2020.04.23	00:00:00	1.19696	1.19843	1.19614	1.19736	376	0	59
2020.04.23	01:00:00	1.19797	1.19936	1.19786	1.19923	455	0	13
2020.04.23	02:00:00	1.19927	1.19936	1.19831	1.19873	831	0	8
2020.04.23	03:00:00	1.19872	1.19900	1.19789	1.19802	1035	0	9
2020.04.23	04:00:00	1.19800	1.19908	1.19779	1.19885	1109	0	9
2020.04.23	05:00:00	1.19880	1.19918	1.19850	1.19910	1077	0	10
2020.04.23	06:00:00	1.19904	1.19943	1.19853	1.19879	751	0	9
2020.04.23	07:00:00	1.19881	1.19960	1.19872	1.19944	808	0	10
2020.04.23	08:00:00	1.19944	1.20125	1.19927	1.20025	1625	0	5
2020.04.23	09:00:00	1.20034	1.20144	1.19998	1.20078	2181	0	6
2020.04.23	10:00:00	1.20088	1.20090	1.19925	1.19971	2929	0	2
2020.04.23	11:00:00	1.19971	1.20360	1.19950	1.20263	2479	0	2
2020.04.23	12:00:00	1.20259	1.20534	1.20239	1.20503	2403	0	3
2020.04.23	13:00:00	1.20502	1.20684	1.20378	1.20472	2613	0	2
2020.04.23	14:00:00	1.20469	1.20648	1.20342	1.20518	2410	0	2
2020.04.23	15:00:00	1.20518	1.20539	1.20218	1.20257	2540	0	2
2020.04.23	16:00:00	1.20256	1.20291	1.20115	1.20202	2984	0	2
2020.04.23	17:00:00	1.20200	1.20562	1.20189	1.20413	3740	0	2
2020.04.23	18:00:00	1.20408	1.20508	1.20252	1.20369	2736	0	2
2020.04.23	19:00:00	1.20368	1.20433	1.20237	1.20272	2339	0	4
2020.04.23	20:00:00	1.20266	1.20580	1.20249	1.20557	3031	0	2
2020.04.23	21:00:00	1.20558	1.20659	1.20542	1.20605	1973	0	7
2020.04.23	22:00:00	1.20607	1.20614	1.20457	1.20562	1699	0	9
2020.04.23	23:00:00	1.20561	1.20603	1.20467	1.20482	1072	0	7
2020.04.24	00:00:00	1.20427	1.20486	1.20299	1.20418	842	0	56
2020.04.24	01:00:00	1.20444	1.20569	1.20427	1.20558	476	0	7
2020.04.24	02:00:00	1.20549	1.20599	1.20537	1.20589	640	0	8
2020.04.24	03:00:00	1.20591	1.20722	1.20573	1.20691	1493	0	5
2020.04.24	04:00:00	1.20692	1.20710	1.20595	1.20627	1203	0	9
2020.04.24	05:00:00	1.20629	1.20684	1.20593	1.20660	826	0	8
2020.04.24	06:00:00	1.20659	1.20695	1.20630	1.20661	788	0	7
2020.04.24	07:00:00	1.20662	1.20706	1.20622	1.20623	780	0	8
2020.04.24	08:00:00	1.20622	1.20647	1.20545	1.20555	1220	0	8
2020.04.24	09:00:00	1.20555	1.20680	1.20446	1.20671	2233	0	4
2020.04.24	10:00:00	1.20677	1.20692	1.20541	1.20618	2820	0	3
2020.04.24	11:00:00	1.20614	1.20651	1.20262	1.20384	2643	0	2
2020.04.24	12:00:00	1.20381	1.20572	1.20288	1.20376	2198	0	2
2020.04.24	13:00:00	1.20377	1.20566	1.20240	1.20534	2198	0	5
2020.04.24	14:00:00	1.20535	1.20698	1.20387	1.20389	2399	0	2
2020.04.24	15:00:00	1.20388	1.20487	1.20213	1.20455	2502	0	2
2020.04.24	16:00:00	1.20451	1.20472	1.20115	1.20159	2229	0	4
2020.04.24	17:00:00	1.20164	1.20225	1.20069	1.20124	2974	0	2
2020.04.24	18:00:00	1.20119	1.20314	1.20086	1.20249	2281	0	5
2020.04.24	19:00:00	1.20250	1.20352	1.20211	1.20339	2476	0	6
2020.04.24	20:00:00	1.20339	1.20500	1.20308	1.20430	1672	0	5
2020.04.24	21:00:00	1.20432	1.20552	1.20409	1.20437	1659	0	5
2020.04.24	22:00:00	1.20438	1.20502	1.20408	1.20468	1499	0	6
2020.04.24	23:00:00	1.20465	1.20521	1.20279	1.20325	1175	0	10
2020.04.27	00:00:00	1.20197	1.20336	1.20143	1.20309	140	0	72
2020.04.27	01:00:00	1.20314	1.20435	1.20314	1.20405	511	0	5
2020.04.27	02:00:00	1.20405	1.20429	1.20373	1.20398	632	0	10
2020.04.27	03:00:00	1.20398	1.20506	1.20395	1.20490	1274	0	9
2020.04.27	04:00:00	1.20489	1.20682	1.20421	1.20639	1751	0	2
2020.04.27	05:00:00	1.20632	1.20702	1.20589	1.20628	1081	0	6
2020.04.27	06:00:00	1.20622	1.20739	1.20614	1.20718	1118	0	8
2020.04.27	07:00:00	1.20718	1.21051	1.20696	1.20903	1031	0	2
2020.04.27	08:00:00	1.20898	1.20976	1.20859	1.20963	1284	0	8
2020.04.27	09:00:00	1.20971	1.21090	1.20867	1.21074	2069	0	2
2020.04.27	10:00:00	1.21083	1.21083	1.20882	1.20939	2154	0	2
2020.04.27	11:00:00	1.20938	1.21002	1.20720	1.20863	2065	0	2
2020.04.27	12:00:00	1.20863	1.20964	1.20759	1.20953	1738	0	4
2020.04.27	13:00:00	1.20956	1.21126	1.20798	1.21110	1710	0	2
2020.04.27	14:00:00	1.21110	1.21191	1.20947	1.20990	2260	0	2
2020.04.27	15:00:00	1.20988	1.21040	1.20891	1.20977	2060	0	5
2020.04.27	16:00:00	1.20974	1.21259	1.20946	1.21156	2046	0	3
2020.04.27	17:00:00	1.21155	1.21202	1.21030	1.21066	2927	0	3
2020.04.27	18:00:00	1.21066	1.21208	1.21062	1.21182	2224	0	3
2020.04.27	19:00:00	1.21182	1.21237	1.21081	1.21089	2043	0	3
2020.04.27	20:00:00	1.21093	1.21131	1.21051	1.21130	1554	0	6
2020.04.27	21:00:00	1.21128	1.21202	1.21114	1.21171	1228	0	7
2020.04.27	22:00:00	1.21164	1.21264	1.21129	1.21233	1595	0	10
2020.04.27	23:00:00	1.21230	1.21267	1.21175	1.21254	744	0	10
2020.04.28	00:00:00	1.21143	1.21188	1.20867	1.21111	813	0	107
2020.04.28	01:00:00	1.21126	1.21238	1.21126	1.21214	376	0	23
2020.04.28	02:00:00	1.21219	1.21259	1.21191	1.21214	670	0	12
2020.04.28	03:00:00	1.21209	1.21258	1.21183	1.21206	1243	0	8
2020.04.28	04:00:00	1.21206	1.21206	1.21127	1.21136	1545	0	7
2020.04.28	05:00:00	1.21136	1.21171	1.21113	1.21154	853	0	9
2020.04.28	06:00:00	1.21152	1.21185	1.21111	1.21162	985	0	4
2020.04.28	07:00:00	1.21157	1.21165	1.21107	1.21158	1114	0	8
2020.04.28	08:00:00	1.21159	1.21225	1.21139	1.21211	1286	0	9
2020.04.28	09:00:00	1.21209	1.21615	1.21180	1.21562	1863	0	2
2020.04.28	10:00:00	1.21561	1.21985	1.21540	1.21970	2678	0	2
2020.04.28	11:00:00	1.21970	1.22045	1.21587	1.21747	2072	0	2
2020.04.28	12:00:00	1.21745	1.21790	1.21513	1.21587	2559	0	2
2020.04.28	13:00:00	1.21587	1.21667	1.21489	1.21525	2183	0	2
2020.04.28	14:00:00	1.21523	1.21808	1.21522	1.21557	1910	0	3
2020.04.28	15:00:00	1.21562	1.21611	1.21439	1.21450	2205	0	2
2020.04.28	16:00:00	1.21453	1.21461	1.21179	1.21290	2560	0	2
2020.04.28	17:00:00	1.21300	1.21323	1.21090	1.21248	2890	0	2
2020.04.28	18:00:00	1.21243	1.21323	1.21115	1.21171	2452	0	2
2020.04.28	19:00:00	1.21167	1.21227	1.21068	1.21145	1845	0	6
2020.04.28	20:00:00	1.21145	1.21254	1.21139	1.21171	1579	0	8
2020.04.28	21:00:00	1.21168	1.21214	1.21077	1.21107	1513	0	7
2020.04.28	22:00:00	1.21104	1.21187	1.21082	1.21178	1372	0	10
2020.04.28	23:00:00	1.21176	1.21209	1.21058	1.21095	974	0	6
2020.04.29	00:00:00	1.21017	1.21124	1.20970	1.21055	742	0	79
2020.04.29	01:00:00	1.21055	1.21132	1.21046	1.21092	387	0	19
2020.04.29	02:00:00	1.21095	1.21130	1.21063	1.21080	598	0	18
2020.04.29	03:00:00	1.21078	1.21241	1.21061	1.21241	815	0	16
2020.04.29	04:00:00	1.21245	1.21319	1.21215	1.21252	965	0	15
2020.04.29	05:00:00	1.21252	1.21346	1.21228	1.21346	850	0	6
2020.04.29	06:00:00	1.21344	1.21353	1.21272	1.21350	844	0	5
2020.04.29	07:00:00	1.21350	1.21364	1.21300	1.21337	894	0	3
2020.04.29	08:00:00	1.21337	1.21412	1.21291	1.21362	1004	0	12
2020.04.29	09:00:00	1.21362	1.21397	1.21254	1.21285	1782	0	11
2020.04.29	10:00:00	1.21282	1.21298	1.21058	1.21089	2432	0	2
2020.04.29	11:00:00	1.21084	1.21099	1.20848	1.20922	2047	0	5
2020.04.29	12:00:00	1.20925	1.20950	1.20699	1.20884	1828	0	2
2020.04.29	13:00:00	1.20882	1.20985	1.20779	1.20824	2012	0	2
2020.04.29	14:00:00	1.20824	1.20863	1.20733	1.20824	1794	0	6
2020.04.29	15:00:00	1.20819	1.21028	1.20776	1.20962	2518	0	4
2020.04.29	16:00:00	1.20959	1.21047	1.20827	1.21013	2662	0	4
2020.04.29	17:00:00	1.21012	1.21098	1.20760	1.21056	2582	0	2
2020.04.29	18:00:00	1.21059	1.21147	1.21006	1.21147	2110	0	2
2020.04.29	19:00:00	1.21147	1.21398	1.21135	1.21396	1728	0	5
2020.04.29	20:00:00	1.21396	1.21516	1.21360	1.21360	1916	0	3
2020.04.29	21:00:00	1.21349	1.21535	1.21349	1.21452	2623	0	8
2020.04.29	22:00:00	1.21452	1.21465	1.21377	1.21423	1491	0	10
2020.04.29	23:00:00	1.21423	1.21545	1.21410	1.21452	840	0	12
2020.04.30	00:00:00	1.21310	1.21502	1.21021	1.21339	1038	0	68
2020.04.30	01:00:00	1.21339	1.21557	1.21254	1.21484	496	0	30
2020.04.30	02:00:00	1.21486	1.21497	1.21411	1.21446	658	0	15
2020.04.30	03:00:00	1.21437	1.21446	1.21272	1.21326	1078	0	8
2020.04.30	04:00:00	1.21327	1.21388	1.21281	1.21382	914	0	12
2020.04.30	05:00:00	1.21383	1.21440	1.21361	1.21398	877	0	11
2020.04.30	06:00:00	1.21398	1.21514	1.21379	1.21469	874	0	13
2020.04.30	07:00:00	1.21469	1.21520	1.21449	1.21518	930	0	11
2020.04.30	08:00:00	1.21518	1.21649	1.21500	1.21628	1064	0	10
2020.04.30	09:00:00	1.21630	1.21642	1.21279	1.21334	1965	0	6
2020.04.30	10:00:00	1.21332	1.21430	1.21065	1.21147	2729	0	2
2020.04.30	11:00:00	1.21147	1.21271	1.21053	1.21053	2390	0	2
2020.04.30	12:00:00	1.21056	1.21500	1.21056	1.21488	2188	0	3
2020.04.30	13:00:00	1.21488	1.21555	1.21310	1.21451	2198	0	2
2020.04.30	14:00:00	1.21453	1.21673	1.21341	1.21546	2521	0	2
2020.04.30	15:00:00	1.21546	1.21600	1.21445	1.21541	2639	0	2
2020.04.30	16:00:00	1.21544	1.21691	1.21443	1.21482	3620	0	2
2020.04.30	17:00:00	1.21484	1.22013	1.21462	1.21651	4218	0	2
2020.04.30	18:00:00	1.21653	1.21955	1.21591	1.21870	3799	0	2
2020.04.30	19:00:00	1.21870	1.21870	1.21493	1.21573	2969	0	2
2020.04.30	20:00:00	1.21576	1.21635	1.21463	1.21532	2450	0	4
2020.04.30	21:00:00	1.21533	1.21685	1.21503	1.21667	2358	0	8
2020.04.30	22:00:00	1.21667	1.21680	1.21550	1.21584	1680	0	10
2020.04.30	23:00:00	1.21588	1.21624	1.21518	1.21523	1006	0	9
2020.05.01	00:00:00	1.21482	1.21721	1.21413	1.21696	813	0	5
2020.05.01	01:00:00	1.21683	1.21704	1.21497	1.21591	704	0	2
2020.05.01	02:00:00	1.21584	1.21622	1.21521	1.21586	742	0	11
2020.05.01	03:00:00	1.21586	1.21614	1.21306	1.21334	1580	0	10
2020.05.01	04:00:00	1.21327	1.21350	1.21231	1.21337	1164	0	6
2020.05.01	05:00:00	1.21341	1.21342	1.21214	1.21265	968	0	6
2020.05.01	06:00:00	1.21263	1.21283	1.21201	1.21263	922	0	10
2020.05.01	07:00:00	1.21262	1.21263	1.21170	1.21246	912	0	7
2020.05.01	08:00:00	1.21246	1.21272	1.21063	1.21091	1262	0	8
2020.05.01	09:00:00	1.21096	1.21100	1.20930	1.21005	1413	0	6
2020.05.01	10:00:00	1.21002	1.21092	1.20917	1.20936	1761	0	3
2020.05.01	11:00:00	1.20939	1.21017	1.20718	1.20937	2190	0	5
2020.05.01	12:00:00	1.20938	1.21036	1.20778	1.20797	1899	0	3
2020.05.01	13:00:00	1.20796	1.20907	1.20759	1.20814	1920	0	2
2020.05.01	14:00:00	1.20815	1.20826	1.20605	1.20690	2218	0	2
2020.05.01	15:00:00	1.20690	1.20706	1.20416	1.20575	2307	0	2
2020.05.01	16:00:00	1.20574	1.20625	1.20342	1.20366	2427	0	2
2020.05.01	17:00:00	1.20362	1.20600	1.20318	1.20375	3115	0	2
2020.05.01	18:00:00	1.20378	1.20422	1.20061	1.20079	2657	0	2
2020.05.01	19:00:00	1.20079	1.20235	1.20005	1.20188	2298	0	3
2020.05.01	20:00:00	1.20186	1.20197	1.20022	1.20065	2013	0	5
2020.05.01	21:00:00	1.20064	1.20132	1.20031	1.20072	1764	0	4
2020.05.01	22:00:00	1.20073	1.20280	1.20045	1.20236	1924	0	7
2020.05.01	23:00:00	1.20239	1.20244	1.20057	1.20063	1059	0	11
2020.05.04	00:00:00	1.20029	1.20083	1.19911	1.20056	194	0	201
2020.05.04	01:00:00	1.20074	1.20119	1.19950	1.19983	1044	0	6
2020.05.04	02:00:00	1.19978	1.19985	1.19831	1.19881	1123	0	8
2020.05.04	03:00:00	1.19877	1.19934	1.19829	1.19912	1461	0	6
2020.05.04	04:00:00	1.19915	1.20047	1.19914	1.20015	1362	0	11
2020.05.04	05:00:00	1.20015	1.20087	1.19976	1.20086	1156	0	3
2020.05.04	06:00:00	1.20086	1.20132	1.20009	1.20033	880	0	8
2020.05.04	07:00:00	1.20034	1.20037	1.19939	1.19989	845	0	9
2020.05.04	08:00:00	1.19991	1.20084	1.19949	1.19987	987	0	8
2020.05.04	09:00:00	1.19979	1.20148	1.19830	1.20109	2125	0	2
2020.05.04	10:00:00	1.20111	1.20136	1.19815	1.20072	2688	0	2
2020.05.04	11:00:00	1.20080	1.20123	1.19793	1.19806	2396	0	2
2020.05.04	12:00:00	1.19807	1.19953	1.19701	1.19935	2325	0	2
2020.05.04	13:00:00	1.19935	1.19935	1.19660	1.19687	2004	0	2
2020.05.04	14:00:00	1.19685	1.19991	1.19635	1.19958	2060	0	2
2020.05.04	15:00:00	1.19957	1.20012	1.19829	1.19879	2284	0	2
2020.05.04	16:00:00	1.19879	1.19984	1.19782	1.19937	2397	0	2
2020.05.04	17:00:00	1.19924	1.20106	1.19786	1.19792	3291	0	2
2020.05.04	18:00:00	1.19809	1.19952	1.19767	1.19907	2507	0	2
2020.05.04	19:00:00	1.19907	1.20107	1.19894	1.20059	2212	0	2
2020.05.04	20:00:00	1.20059	1.20176	1.20007	1.20139	1664	0	5
2020.05.04	21:00:00	1.20140	1.20194	1.20084	1.20099	1695	0	8
2020.05.04	22:00:00	1.20101	1.20239	1.20093	1.20224	1745	0	6
2020.05.04	23:00:00	1.20218	1.20218	1.20087	1.20137	848	0	9
2020.05.05	00:00:00	1.19994	1.20085	1.19962	1.20080	574	0	88
2020.05.05	01:00:00	1.20118	1.20141	1.20090	1.20123	423	0	12
2020.05.05	02:00:00	1.20126	1.20174	1.20111	1.20167	402	0	11
2020.05.05	03:00:00	1.20171	1.20294	1.20169	1.20259	787	0	9
2020.05.05	04:00:00	1.20259	1.20269	1.20206	1.20233	852	0	9
2020.05.05	05:00:00	1.20233	1.20296	1.20206	1.20291	695	0	4
2020.05.05	06:00:00	1.20291	1.20351	1.20278	1.20343	728	0	5
2020.05.05	07:00:00	1.20348	1.20378	1.20291	1.20295	623	0	6
2020.05.05	08:00:00	1.20297	1.20430	1.20294	1.20405	982	0	8
2020.05.05	09:00:00	1.20401	1.20441	1.20255	1.20334	1713	0	2
2020.05.05	10:00:00	1.20330	1.20526	1.20288	1.20404	2507	0	3
2020.05.05	11:00:00	1.20397	1.20649	1.20311	1.20637	3590	0	2
2020.05.05	12:00:00	1.20634	1.20929	1.20612	1.20694	3138	0	2
2020.05.05	13:00:00	1.20693	1.20910	1.20606	1.20909	2390	0	2
2020.05.05	14:00:00	1.20904	1.21037	1.20878	1.20910	2329	0	2
2020.05.05	15:00:00	1.20912	1.21054	1.20854	1.20956	2547	0	2
2020.05.05	16:00:00	1.20956	1.21018	1.20776	1.20794	2995	0	2
2020.05.05	17:00:00	1.20795	1.21111	1.20685	1.21075	2877	0	2
2020.05.05	18:00:00	1.21078	1.21183	1.20939	1.21018	2181	0	3
2020.05.05	19:00:00	1.21018	1.21187	1.21006	1.21060	1780	0	6
2020.05.05	20:00:00	1.21063	1.21093	1.20918	1.20986	1255	0	9
2020.05.05	21:00:00	1.20984	1.21034	1.20956	1.21021	1277	0	3
2020.05.05	22:00:00	1.21006	1.21052	1.20904	1.20958	1478	0	8
2020.05.05	23:00:00	1.20956	1.20999	1.20932	1.20973	810	0	7
2020.05.06	00:00:00	1.20853	1.20975	1.20849	1.20918	666	0	100
2020.05.06	01:00:00	1.20934	1.21032	1.20914	1.21017	577	0	18
2020.05.06	02:00:00	1.21016	1.21032	1.20971	1.21021	616	0	13
2020.05.06	03:00:00	1.21016	1.21037	1.20930	1.20939	1053	0	3
2020.05.06	04:00:00	1.20941	1.20977	1.20895	1.20936	968	0	11
2020.05.06	05:00:00	1.20936	1.20960	1.20908	1.20956	744	0	12
2020.05.06	06:00:00	1.20956	1.20970	1.20886	1.20913	889	0	9
2020.05.06	07:00:00	1.20912	1.20921	1.20851	1.20909	796	0	11
2020.05.06	08:00:00	1.20909	1.20943	1.20869	1.20900	828	0	9
2020.05.06	09:00:00	1.20894	1.21051	1.20876	1.20972	1976	0	6
2020.05.06	10:00:00	1.20973	1.21133	1.20905	1.20957	2248	0	6
2020.05.06	11:00:00	1.20957	1.21061	1.20542	1.20588	2848	0	2
2020.05.06	12:00:00	1.20588	1.20698	1.20505	1.20679	2160	0	4
2020.05.06	13:00:00	1.20678	1.20768	1.20488	1.20520	1689	0	2
2020.05.06	14:00:00	1.20521	1.20613	1.20410	1.20577	1925	0	3
2020.05.06	15:00:00	1.20584	1.20677	1.20530	1.20629	2108	0	3
2020.05.06	16:00:00	1.20629	1.20669	1.20489	1.20524	2457	0	4
2020.05.06	17:00:00	1.20524	1.20558	1.20366	1.20526	2848	0	2
2020.05.06	18:00:00	1.20530	1.20567	1.20221	1.20292	2183	0	6
2020.05.06	19:00:00	1.20292	1.20454	1.20291	1.20381	2228	0	5
2020.05.06	20:00:00	1.20378	1.20446	1.20307	1.20420	1359	0	8
2020.05.06	21:00:00	1.20426	1.20432	1.20316	1.20335	1752	0	11
2020.05.06	22:00:00	1.20330	1.20398	1.20302	1.20348	1519	0	7
2020.05.06	23:00:00	1.20347	1.20366	1.20264	1.20272	995	0	14
2020.05.07	00:00:00	1.20320	1.20376	1.20228	1.20315	462	0	41
2020.05.07	01:00:00	1.20315	1.20349	1.20141	1.20234	557	0	14
2020.05.07	02:00:00	1.20233	1.20249	1.20169	1.20193	717	0	14
2020.05.07	03:00:00	1.20196	1.20260	1.20116	1.20148	1163	0	10
2020.05.07	04:00:00	1.20148	1.20182	1.20097	1.20112	1006	0	9
2020.05.07	05:00:00	1.20112	1.20204	1.20088	1.20202	901	0	12
2020.05.07	06:00:00	1.20201	1.20212	1.20120	1.20121	746	0	9
2020.05.07	07:00:00	1.20121	1.20189	1.20106	1.20164	779	0	10
2020.05.07	08:00:00	1.20165	1.20318	1.20135	1.20256	1036	0	5
2020.05.07	09:00:00	1.20241	1.20779	1.20233	1.20766	2306	0	2
2020.05.07	10:00:00	1.20772	1.20925	1.20671	1.20701	3052	0	1
2020.05.07	11:00:00	1.20700	1.20760	1.20568	1.20594	2048	0	1
2020.05.07	12:00:00	1.20590	1.20769	1.20464	1.20544	2637	0	2
2020.05.07	13:00:00	1.20544	1.20841	1.20478	1.20714	2299	0	2
2020.05.07	14:00:00	1.20716	1.20836	1.20460	1.20493	2400	0	1
2020.05.07	15:00:00	1.20490	1.20613	1.20356	1.20440	2644	0	2
2020.05.07	16:00:00	1.20440	1.20480	1.20109	1.20152	2920	0	1
2020.05.07	17:00:00	1.20150	1.20169	1.19865	1.20110	3357	0	2
2020.05.07	18:00:00	1.20125	1.20444	1.20009	1.20346	3058	0	1
2020.05.07	19:00:00	1.20345	1.20474	1.20311	1.20390	2749	0	2
2020.05.07	20:00:00	1.20390	1.20457	1.20354	1.20406	2083	0	1
2020.05.07	21:00:00	1.20406	1.20447	1.20261	1.20269	2089	0	1
2020.05.07	22:00:00	1.20266	1.20357	1.20211	1.20224	1949	0	4
2020.05.07	23:00:00	1.20223	1.20331	1.20223	1.20283	904	0	6
2020.05.08	00:00:00	1.20175	1.20356	1.20162	1.20250	268	0	7
2020.05.08	01:00:00	1.20261	1.20367	1.20223	1.20366	659	0	6
2020.05.08	02:00:00	1.20362	1.20436	1.20349	1.20389	987	0	8
2020.05.08	03:00:00	1.20396	1.20501	1.20374	1.20478	1358	0	5
2020.05.08	04:00:00	1.20477	1.20553	1.20432	1.20511	1871	0	1
2020.05.08	05:00:00	1.20511	1.20546	1.20462	1.20496	1515	0	1
2020.05.08	06:00:00	1.20494	1.20506	1.20438	1.20443	936	0	6
2020.05.08	07:00:00	1.20440	1.20453	1.20369	1.20428	931	0	7
2020.05.08	08:00:00	1.20427	1.20547	1.20411	1.20516	1112	0	2
2020.05.08	09:00:00	1.20512	1.20524	1.20332	1.20339	1581	0	2
2020.05.08	10:00:00	1.20341	1.20491	1.20333	1.20479	1851	0	5
2020.05.08	11:00:00	1.20480	1.20513	1.20414	1.20426	1731	0	3
2020.05.08	12:00:00	1.20426	1.20456	1.20209	1.20245	1627	0	1
2020.05.08	13:00:00	1.20249	1.20294	1.20141	1.20170	1214	0	1
2020.05.08	14:00:00	1.20170	1.20285	1.20137	1.20253	1382	0	3
2020.05.08	15:00:00	1.20253	1.20370	1.20134	1.20228	3024	0	1
2020.05.08	16:00:00	1.20228	1.20356	1.20124	1.20324	2515	0	1
2020.05.08	17:00:00	1.20326	1.20817	1.20296	1.20581	3690	0	1
2020.05.08	18:00:00	1.20582	1.20650	1.20475	1.20608	2440	0	1
2020.05.08	19:00:00	1.20609	1.20650	1.20544	1.20550	1822	0	4
2020.05.08	20:00:00	1.20549	1.20609	1.20452	1.20454	1279	0	3
2020.05.08	21:00:00	1.20456	1.20505	1.20440	1.20473	1352	0	3
2020.05.08	22:00:00	1.20468	1.20546	1.20433	1.20468	1650	0	3
2020.05.08	23:00:00	1.20462	1.20489	1.20436	1.20472	837	0	12
2020.05.11	00:00:00	1.20597	1.20773	1.20394	1.20539	255	0	25
2020.05.11	01:00:00	1.20539	1.20547	1.20383	1.20520	841	0	2
2020.05.11	02:00:00	1.20527	1.20586	1.20511	1.20586	968	0	2
2020.05.11	03:00:00	1.20587	1.20599	1.20530	1.20560	1361	0	1
2020.05.11	04:00:00	1.20561	1.20621	1.20548	1.20589	1299	0	2
2020.05.11	05:00:00	1.20590	1.20646	1.20570	1.20608	1244	0	2
2020.05.11	06:00:00	1.20608	1.20648	1.20559	1.20640	777	0	8
2020.05.11	07:00:00	1.20638	1.20665	1.20560	1.20584	839	0	6
2020.05.11	08:00:00	1.20584	1.20615	1.20487	1.20542	944	0	1
2020.05.11	09:00:00	1.20542	1.20731	1.20508	1.20642	1870	0	2
2020.05.11	10:00:00	1.20642	1.20642	1.20321	1.20324	2861	0	1
2020.05.11	11:00:00	1.20320	1.20357	1.20144	1.20347	2815	0	2
2020.05.11	12:00:00	1.20350	1.20382	1.20099	1.20175	2123	0	1
2020.05.11	13:00:00	1.20175	1.20180	1.19792	1.19816	2136	0	1
2020.05.11	14:00:00	1.19821	1.19821	1.19515	1.19523	2369	0	1
2020.05.11	15:00:00	1.19523	1.19751	1.19427	1.19550	2678	0	1
2020.05.11	16:00:00	1.19550	1.20006	1.19548	1.19943	2660	0	1
2020.05.11	17:00:00	1.19935	1.20224	1.19697	1.20077	3232	0	1
2020.05.11	18:00:00	1.20082	1.20108	1.19859	1.19859	2960	0	1
2020.05.11	19:00:00	1.19862	1.20102	1.19835	1.20092	2619	0	4
2020.05.11	20:00:00	1.20087	1.20132	1.19988	1.20007	2034	0	5
2020.05.11	21:00:00	1.20007	1.20008	1.19905	1.19951	1874	0	4
2020.05.11	22:00:00	1.19950	1.19990	1.19894	1.19947	1580	0	1
2020.05.11	23:00:00	1.19947	1.19990	1.19940	1.19952	1066	0	5
2020.05.12	00:00:00	1.19979	1.20059	1.19927	1.19989	408	0	7
2020.05.12	01:00:00	1.20004	1.20047	1.19992	1.20002	602	0	8
2020.05.12	02:00:00	1.20007	1.20033	1.19948	1.19970	1072	0	7
2020.05.12	03:00:00	1.19968	1.19982	1.19795	1.19897	2103	0	1
2020.05.12	04:00:00	1.19891	1.19985	1.19861	1.19891	1548	0	2
2020.05.12	05:00:00	1.19897	1.19946	1.19872	1.19926	1441	0	1
2020.05.12	06:00:00	1.19929	1.19948	1.19890	1.19917	1146	0	4
2020.05.12	07:00:00	1.19915	1.19931	1.19823	1.19913	1225	0	2
2020.05.12	08:00:00	1.19913	1.20015	1.19853	1.19950	1515	0	3
2020.05.12	09:00:00	1.19952	1.19952	1.19801	1.19849	2048	0	2
2020.05.12	10:00:00	1.19853	1.20038	1.19811	1.19980	3038	0	1
2020.05.12	11:00:00	1.19975	1.20003	1.19594	1.19732	2891	0	2
2020.05.12	12:00:00	1.19732	1.19928	1.19724	1.19865	2475	0	2
2020.05.12	13:00:00	1.19865	1.20020	1.19801	1.19825	2383	0	3
2020.05.12	14:00:00	1.19827	1.19996	1.19822	1.19947	2675	0	1
2020.05.12	15:00:00	1.19946	1.20014	1.19665	1.19726	2906	0	1
2020.05.12	16:00:00	1.19728	1.19756	1.19293	1.19328	3387	0	1
2020.05.12	17:00:00	1.19330	1.19381	1.19080	1.19212	3350	0	1
2020.05.12	18:00:00	1.19216	1.19249	1.19036	1.19039	2967	0	1
2020.05.12	19:00:00	1.19039	1.19201	1.18951	1.19137	2888	0	1
2020.05.12	20:00:00	1.19138	1.19138	1.18885	1.18978	2415	0	2
2020.05.12	21:00:00	1.18978	1.19068	1.18957	1.18988	1791	0	2
2020.05.12	22:00:00	1.18989	1.19076	1.18973	1.19010	2150	0	2
2020.05.12	23:00:00	1.19011	1.19062	1.18827	1.18830	1030	0	5
2020.05.13	00:00:00	1.18824	1.18944	1.18814	1.18933	627	0	11
2020.05.13	01:00:00	1.18932	1.18954	1.18857	1.18930	731	0	7
2020.05.13	02:00:00	1.18928	1.18934	1.18813	1.18832	1112	0	6
2020.05.13	03:00:00	1.18838	1.18885	1.18795	1.18874	1374	0	3
2020.05.13	04:00:00	1.18874	1.18938	1.18783	1.18936	1438	0	1
2020.05.13	05:00:00	1.18936	1.18991	1.18860	1.18973	1573	0	4
2020.05.13	06:00:00	1.18972	1.19017	1.18920	1.18920	1129	0	1
2020.05.13	07:00:00	1.18920	1.18965	1.18867	1.18956	1251	0	5
2020.05.13	08:00:00	1.18955	1.19070	1.18954	1.18996	1206	0	3
2020.05.13	09:00:00	1.18996	1.19249	1.18937	1.19209	2148	0	2
2020.05.13	10:00:00	1.19213	1.19237	1.19009	1.19081	3037	0	2
2020.05.13	11:00:00	1.19080	1.19204	1.19039	1.19103	2587	0	1
2020.05.13	12:00:00	1.19103	1.19486	1.19065	1.19377	2615	0	1
2020.05.13	13:00:00	1.19376	1.19392	1.19064	1.19108	2006	0	1
2020.05.13	14:00:00	1.19107	1.19390	1.19052	1.19222	2610	0	2
2020.05.13	15:00:00	1.19225	1.19340	1.19149	1.19206	2862	0	2
2020.05.13	16:00:00	1.19210	1.19212	1.18823	1.18909	4356	0	2
2020.05.13	17:00:00	1.18909	1.18909	1.18526	1.18662	4040	0	1
2020.05.13	18:00:00	1.18664	1.18754	1.18559	1.18628	3424	0	1
2020.05.13	19:00:00	1.18630	1.18855	1.18629	1.18831	2700	0	1
2020.05.13	20:00:00	1.18830	1.18984	1.18778	1.18909	2379	0	2
2020.05.13	21:00:00	1.18909	1.18912	1.18757	1.18799	2235	0	2
2020.05.13	22:00:00	1.18796	1.18884	1.18737	1.18824	2381	0	2
2020.05.13	23:00:00	1.18823	1.18973	1.18795	1.18961	1170	0	5
2020.05.14	00:00:00	1.18926	1.18954	1.18842	1.18913	603	0	20
2020.05.14	01:00:00	1.18918	1.18981	1.18882	1.18900	646	0	9
2020.05.14	02:00:00	1.18901	1.18999	1.18901	1.18948	1154	0	2
2020.05.14	03:00:00	1.18948	1.18966	1.18868	1.18921	1500	0	1
2020.05.14	04:00:00	1.18922	1.18980	1.18716	1.18746	1859	0	4
2020.05.14	05:00:00	1.18747	1.18814	1.18736	1.18803	1248	0	3
2020.05.14	06:00:00	1.18807	1.18832	1.18755	1.18801	1143	0	5
2020.05.14	07:00:00	1.18799	1.18838	1.18760	1.18767	1057	0	5
2020.05.14	08:00:00	1.18767	1.18805	1.18636	1.18666	1146	0	1
2020.05.14	09:00:00	1.18665	1.18758	1.18542	1.18591	2235	0	1
2020.05.14	10:00:00	1.18589	1.18878	1.18573	1.18649	2998	0	1
2020.05.14	11:00:00	1.18649	1.18844	1.18645	1.18705	2499	0	1
2020.05.14	12:00:00	1.18699	1.18969	1.18692	1.18917	1809	0	1
2020.05.14	13:00:00	1.18912	1.19037	1.18781	1.18848	3110	0	1
2020.05.14	14:00:00	1.18848	1.18921	1.18723	1.18837	2850	0	1
2020.05.14	15:00:00	1.18835	1.18848	1.18605	1.18648	3258	0	1
2020.05.14	16:00:00	1.18647	1.18763	1.18616	1.18723	3149	0	1
2020.05.14	17:00:00	1.18722	1.18741	1.18520	1.18538	3706	0	1
2020.05.14	18:00:00	1.18539	1.18719	1.18528	1.18612	3015	0	1
2020.05.14	19:00:00	1.18615	1.18856	1.18601	1.18828	2569	0	1
2020.05.14	20:00:00	1.18830	1.18889	1.18773	1.18790	2267	0	3
2020.05.14	21:00:00	1.18789	1.18835	1.18760	1.18817	2076	0	3
2020.05.14	22:00:00	1.18815	1.19091	1.18797	1.19026	2624	0	1
2020.05.14	23:00:00	1.19023	1.19057	1.18965	1.19036	1061	0	1
2020.05.15	00:00:00	1.18924	1.19033	1.18825	1.19017	649	0	21
2020.05.15	01:00:00	1.19020	1.19034	1.18951	1.19000	963	0	7
2020.05.15	02:00:00	1.18997	1.19061	1.18997	1.19054	1021	0	4
2020.05.15	03:00:00	1.19055	1.19107	1.18953	1.18969	1633	0	5
2020.05.15	04:00:00	1.18970	1.18987	1.18815	1.18910	1699	0	4
2020.05.15	05:00:00	1.18910	1.18912	1.18826	1.18859	1632	0	5
2020.05.15	06:00:00	1.18863	1.18866	1.18776	1.18817	1345	0	6
2020.05.15	07:00:00	1.18817	1.18910	1.18817	1.18895	956	0	5
2020.05.15	08:00:00	1.18896	1.18899	1.18786	1.18802	1171	0	6
2020.05.15	09:00:00	1.18801	1.18834	1.18658	1.18765	1841	0	1
2020.05.15	10:00:00	1.18766	1.18831	1.18654	1.18768	2816	0	2
2020.05.15	11:00:00	1.18767	1.18857	1.18734	1.18786	2501	0	1
2020.05.15	12:00:00	1.18788	1.18837	1.18627	1.18729	2170	0	3
2020.05.15	13:00:00	1.18729	1.18786	1.18606	1.18655	2418	0	1
2020.05.15	14:00:00	1.18655	1.18743	1.18342	1.18367	2991	0	1
2020.05.15	15:00:00	1.18364	1.18495	1.18209	1.18287	3746	0	1
2020.05.15	16:00:00	1.18287	1.18312	1.17970	1.18011	3772	0	1
2020.05.15	17:00:00	1.18016	1.18202	1.17830	1.17935	3822	0	1
2020.05.15	18:00:00	1.17931	1.18024	1.17851	1.17962	2912	0	1
2020.05.15	19:00:00	1.17962	1.17984	1.17854	1.17927	2600	0	2
2020.05.15	20:00:00	1.17928	1.17958	1.17842	1.17864	1538	0	4
2020.05.15	21:00:00	1.17864	1.17930	1.17777	1.17790	1469	0	1
2020.05.15	22:00:00	1.17794	1.17839	1.17770	1.17798	1654	0	4
2020.05.15	23:00:00	1.17803	1.17809	1.17609	1.17622	1132	0	6
2020.05.18	00:00:00	1.17530	1.17591	1.17301	1.17359	498	0	8
2020.05.18	01:00:00	1.17376	1.17567	1.17376	1.17494	893	0	5
2020.05.18	02:00:00	1.17493	1.17540	1.17400	1.17466	1003	0	3
2020.05.18	03:00:00	1.17465	1.17559	1.17431	1.17557	1261	0	5
2020.05.18	04:00:00	1.17557	1.17652	1.17534	1.17619	1220	0	4
2020.05.18	05:00:00	1.17619	1.17666	1.17595	1.17600	1546	0	3
2020.05.18	06:00:00	1.17600	1.17639	1.17563	1.17616	911	0	5
2020.05.18	07:00:00	1.17616	1.17626	1.17524	1.17550	924	0	4
2020.05.18	08:00:00	1.17550	1.17601	1.17536	1.17578	1089	0	4
2020.05.18	09:00:00	1.17590	1.17668	1.17530	1.17608	1918	0	2
2020.05.18	10:00:00	1.17608	1.17835	1.17590	1.17726	2517	0	1
2020.05.18	11:00:00	1.17730	1.17865	1.17646	1.17713	2594	0	2
2020.05.18	12:00:00	1.17713	1.17933	1.17675	1.17909	2196	0	1
2020.05.18	13:00:00	1.17909	1.18030	1.17860	1.17861	2359	0	2
2020.05.18	14:00:00	1.17861	1.18171	1.17861	1.18136	2577	0	1
2020.05.18	15:00:00	1.18140	1.18169	1.17977	1.18107	2771	0	1
2020.05.18	16:00:00	1.18107	1.18340	1.18076	1.18294	3338	0	1
2020.05.18	17:00:00	1.18294	1.18300	1.18062	1.18212	3080	0	1
2020.05.18	18:00:00	1.18214	1.18430	1.18143	1.18410	3839	0	1
2020.05.18	19:00:00	1.18410	1.18480	1.18164	1.18395	3206	0	1
2020.05.18	20:00:00	1.18395	1.19041	1.18339	1.18603	2674	0	1
2020.05.18	21:00:00	1.18603	1.18702	1.18594	1.18600	1761	0	2
2020.05.18	22:00:00	1.18602	1.18657	1.18569	1.18613	1284	0	2
2020.05.18	23:00:00	1.18615	1.18637	1.18447	1.18448	902	0	2
2020.05.19	00:00:00	1.18437	1.18591	1.18395	1.18533	623	0	22
2020.05.19	01:00:00	1.18533	1.18546	1.18464	1.18514	454	0	15
2020.05.19	02:00:00	1.18523	1.18558	1.18470	1.18549	737	0	3
2020.05.19	03:00:00	1.18549	1.18699	1.18534	1.18685	1504	0	3
2020.05.19	04:00:00	1.18683	1.18703	1.18613	1.18619	1525	0	4
2020.05.19	05:00:00	1.18620	1.18641	1.18544	1.18564	1342	0	5
2020.05.19	06:00:00	1.18564	1.18572	1.18466	1.18491	1179	0	3
2020.05.19	07:00:00	1.18499	1.18659	1.18499	1.18656	1081	0	4
2020.05.19	08:00:00	1.18655	1.18686	1.18587	1.18621	1431	0	6
2020.05.19	09:00:00	1.18620	1.19228	1.18620	1.19122	2728	0	1
2020.05.19	10:00:00	1.19124	1.19187	1.18897	1.19104	3240	0	1
2020.05.19	11:00:00	1.19099	1.19099	1.18760	1.19011	3173	0	1
2020.05.19	12:00:00	1.19013	1.19037	1.18876	1.18944	2611	0	1
2020.05.19	13:00:00	1.18947	1.19006	1.18758	1.18911	2545	0	1
2020.05.19	14:00:00	1.18908	1.18976	1.18842	1.18853	2352	0	1
2020.05.19	15:00:00	1.18853	1.18915	1.18693	1.18798	2643	0	1
2020.05.19	16:00:00	1.18798	1.18899	1.18698	1.18842	3162	0	1
2020.05.19	17:00:00	1.18841	1.19138	1.18826	1.19017	3080	0	1
2020.05.19	18:00:00	1.19025	1.19167	1.18942	1.19147	2460	0	1
2020.05.19	19:00:00	1.19150	1.19230	1.19039	1.19060	1799	0	3
2020.05.19	20:00:00	1.19060	1.19137	1.19057	1.19096	1425	0	3
2020.05.19	21:00:00	1.19096	1.19334	1.19085	1.19239	1734	0	2
2020.05.19	22:00:00	1.19241	1.19351	1.18983	1.19053	2325	0	2
2020.05.19	23:00:00	1.19054	1.19083	1.18871	1.19014	1116	0	1
2020.05.20	00:00:00	1.18933	1.18994	1.18904	1.18935	353	0	1
2020.05.20	01:00:00	1.18935	1.18998	1.18922	1.18993	502	0	7
2020.05.20	02:00:00	1.18993	1.19073	1.18954	1.19019	752	0	7
2020.05.20	03:00:00	1.19025	1.19096	1.18991	1.19005	1098	0	6
2020.05.20	04:00:00	1.19005	1.19071	1.18966	1.19044	1112	0	5
2020.05.20	05:00:00	1.19046	1.19047	1.18926	1.18949	1304	0	2
2020.05.20	06:00:00	1.18951	1.18969	1.18918	1.18919	1043	0	5
2020.05.20	07:00:00	1.18923	1.18954	1.18915	1.18918	1062	0	7
2020.05.20	08:00:00	1.18918	1.18956	1.18853	1.18878	1060	0	1
2020.05.20	09:00:00	1.18890	1.18931	1.18504	1.18523	1978	0	1
2020.05.20	10:00:00	1.18521	1.18546	1.18378	1.18434	2824	0	1
2020.05.20	11:00:00	1.18434	1.18589	1.18401	1.18470	2263	0	1
2020.05.20	12:00:00	1.18469	1.18608	1.18294	1.18584	2254	0	1
2020.05.20	13:00:00	1.18582	1.18653	1.18415	1.18485	2491	0	1
2020.05.20	14:00:00	1.18481	1.18499	1.18343	1.18403	2124	0	1
2020.05.20	15:00:00	1.18404	1.18480	1.18278	1.18403	2311	0	2
2020.05.20	16:00:00	1.18406	1.18620	1.18337	1.18451	3227	0	1
2020.05.20	17:00:00	1.18452	1.18535	1.18212	1.18302	3213	0	1
2020.05.20	18:00:00	1.18302	1.18379	1.18173	1.18258	2658	0	1
2020.05.20	19:00:00	1.18258	1.18285	1.18001	1.18034	2588	0	1
2020.05.20	20:00:00	1.18038	1.18110	1.18008	1.18042	2130	0	3
2020.05.20	21:00:00	1.18036	1.18053	1.17968	1.17968	2090	0	2
2020.05.20	22:00:00	1.17972	1.18029	1.17952	1.17980	1913	0	2
2020.05.20	23:00:00	1.17979	1.18096	1.17974	1.18046	1066	0	2
2020.05.21	00:00:00	1.18024	1.18127	1.17959	1.17985	353	0	31
2020.05.21	01:00:00	1.18017	1.18149	1.18005	1.18071	791	0	1
2020.05.21	02:00:00	1.18075	1.18096	1.18035	1.18064	595	0	3
2020.05.21	03:00:00	1.18069	1.18069	1.17865	1.17916	1397	0	2
2020.05.21	04:00:00	1.17912	1.17923	1.17818	1.17845	1414	0	3
2020.05.21	05:00:00	1.17845	1.17893	1.17808	1.17871	1277	0	4
2020.05.21	06:00:00	1.17873	1.17920	1.17855	1.17868	973	0	4
2020.05.21	07:00:00	1.17871	1.17922	1.17869	1.17899	869	0	1
2020.05.21	08:00:00	1.17899	1.17905	1.17767	1.17782	987	0	2
2020.05.21	09:00:00	1.17782	1.17882	1.17763	1.17824	1875	0	1
2020.05.21	10:00:00	1.17828	1.17922	1.17739	1.17819	2442	0	1
2020.05.21	11:00:00	1.17819	1.18134	1.17773	1.18133	2272	0	1
2020.05.21	12:00:00	1.18133	1.18244	1.18034	1.18213	2216	0	1
2020.05.21	13:00:00	1.18213	1.18325	1.18045	1.18087	2202	0	1
2020.05.21	14:00:00	1.18088	1.18214	1.17996	1.18139	2578	0	1
2020.05.21	15:00:00	1.18138	1.18467	1.18072	1.18408	3013	0	1
2020.05.21	16:00:00	1.18406	1.18515	1.18239	1.18427	3222	0	1
2020.05.21	17:00:00	1.18428	1.18757	1.18386	1.18591	3535	0	1
2020.05.21	18:00:00	1.18594	1.18686	1.18444	1.18620	2824	0	1
2020.05.21	19:00:00	1.18620	1.18665	1.18566	1.18636	2149	0	1
2020.05.21	20:00:00	1.18638	1.18747	1.18602	1.18720	2102	0	1
2020.05.21	21:00:00	1.18721	1.18783	1.18659	1.18696	1736	0	3
2020.05.21	22:00:00	1.18694	1.18760	1.18627	1.18640	2003	0	3
2020.05.21	23:00:00	1.18643	1.18670	1.18595	1.18626	1093	0	1
2020.05.22	00:00:00	1.18552	1.18671	1.18551	1.18631	398	0	10
2020.05.22	01:00:00	1.18631	1.18708	1.18599	1.18647	379	0	12
2020.05.22	02:00:00	1.18645	1.18675	1.18619	1.18635	620	0	7
2020.05.22	03:00:00	1.18639	1.18746	1.18626	1.18708	1269	0	4
2020.05.22	04:00:00	1.18708	1.18751	1.18667	1.18722	1526	0	2
2020.05.22	05:00:00	1.18722	1.18722	1.18559	1.18617	1458	0	1
2020.05.22	06:00:00	1.18618	1.18706	1.18612	1.18662	1298	0	2
2020.05.22	07:00:00	1.18660	1.18677	1.18602	1.18625	1332	0	4
2020.05.22	08:00:00	1.18624	1.18686	1.18555	1.18643	1474	0	4
2020.05.22	09:00:00	1.18632	1.18655	1.18429	1.18472	1917	0	3
2020.05.22	10:00:00	1.18479	1.18482	1.18116	1.18212	3004	0	2
2020.05.22	11:00:00	1.18211	1.18383	1.18196	1.18378	2519	0	1
2020.05.22	12:00:00	1.18378	1.18508	1.18327	1.18398	2367	0	1
2020.05.22	13:00:00	1.18398	1.18513	1.18286	1.18400	2565	0	1
2020.05.22	14:00:00	1.18402	1.18486	1.18230	1.18290	2512	0	1
2020.05.22	15:00:00	1.18293	1.18308	1.18192	1.18244	2181	0	1
2020.05.22	16:00:00	1.18245	1.18361	1.18245	1.18304	2555	0	1
2020.05.22	17:00:00	1.18300	1.18572	1.18250	1.18558	2754	0	1
2020.05.22	18:00:00	1.18561	1.18562	1.18318	1.18376	1930	0	1
2020.05.22	19:00:00	1.18377	1.18463	1.18335	1.18344	1475	0	1
2020.05.22	20:00:00	1.18344	1.18461	1.18301	1.18461	1456	0	2
2020.05.22	21:00:00	1.18461	1.18484	1.18373	1.18377	1177	0	3
2020.05.22	22:00:00	1.18377	1.18395	1.18263	1.18270	1662	0	5
2020.05.22	23:00:00	1.18272	1.18278	1.18136	1.18154	1054	0	1
2020.05.25	00:00:00	1.18254	1.18327	1.18188	1.18258	270	0	17
2020.05.25	01:00:00	1.18258	1.18415	1.18223	1.18396	487	0	5
2020.05.25	02:00:00	1.18386	1.18397	1.18320	1.18353	1036	0	7
2020.05.25	03:00:00	1.18353	1.18418	1.18316	1.18378	1357	0	6
2020.05.25	04:00:00	1.18377	1.18408	1.18333	1.18388	1401	0	6
2020.05.25	05:00:00	1.18388	1.18394	1.18329	1.18354	1393	0	6
2020.05.25	06:00:00	1.18354	1.18405	1.18349	1.18386	1257	0	3
2020.05.25	07:00:00	1.18386	1.18437	1.18376	1.18412	871	0	2
2020.05.25	08:00:00	1.18412	1.18455	1.18394	1.18452	1117	0	5
2020.05.25	09:00:00	1.18450	1.18556	1.18427	1.18484	1575	0	1
2020.05.25	10:00:00	1.18482	1.18524	1.18327	1.18379	1767	0	2
2020.05.25	11:00:00	1.18382	1.18505	1.18353	1.18460	1712	0	1
2020.05.25	12:00:00	1.18458	1.18505	1.18371	1.18411	1517	0	1
2020.05.25	13:00:00	1.18410	1.18425	1.18341	1.18373	1508	0	3
2020.05.25	14:00:00	1.18376	1.18439	1.18335	1.18380	1834	0	1
2020.05.25	15:00:00	1.18376	1.18410	1.18289	1.18289	1630	0	2
2020.05.25	16:00:00	1.18288	1.18440	1.18245	1.18429	1926	0	2
2020.05.25	17:00:00	1.18428	1.18531	1.18380	1.18479	1928	0	1
2020.05.25	18:00:00	1.18479	1.18479	1.18402	1.18427	1063	0	1
2020.05.25	19:00:00	1.18421	1.18449	1.18353	1.18370	1202	0	1
2020.05.25	20:00:00	1.18370	1.18455	1.18370	1.18406	1262	0	7
2020.05.25	21:00:00	1.18406	1.18447	1.18389	1.18432	1348	0	2
2020.05.25	22:00:00	1.18429	1.18454	1.18387	1.18441	842	0	8
2020.05.25	23:00:00	1.18440	1.18483	1.18324	1.18423	1198	0	2
2020.05.26	00:00:00	1.18402	1.18506	1.18314	1.18334	202	0	21
2020.05.26	01:00:00	1.18367	1.18455	1.18328	1.18423	486	0	10
2020.05.26	02:00:00	1.18424	1.18541	1.18417	1.18526	891	0	2
2020.05.26	03:00:00	1.18526	1.18630	1.18503	1.18607	1529	0	1
2020.05.26	04:00:00	1.18604	1.18644	1.18502	1.18522	1735	0	1
2020.05.26	05:00:00	1.18522	1.18558	1.18502	1.18528	1354	0	6
2020.05.26	06:00:00	1.18528	1.18554	1.18486	1.18532	1256	0	5
2020.05.26	07:00:00	1.18534	1.18636	1.18521	1.18586	934	0	5
2020.05.26	08:00:00	1.18587	1.18639	1.18568	1.18610	924	0	1
2020.05.26	09:00:00	1.18609	1.19045	1.18607	1.19010	2151	0	1
2020.05.26	10:00:00	1.19001	1.19054	1.18794	1.18867	2885	0	1
2020.05.26	11:00:00	1.18868	1.19138	1.18808	1.19107	2937	0	1
2020.05.26	12:00:00	1.19108	1.19278	1.19102	1.19196	3164	0	1
2020.05.26	13:00:00	1.19194	1.19293	1.19042	1.19149	2560	0	1
2020.05.26	14:00:00	1.19140	1.19324	1.19013	1.19176	2542	0	1
2020.05.26	15:00:00	1.19179	1.19318	1.19153	1.19248	2844	0	1
2020.05.26	16:00:00	1.19248	1.19330	1.19073	1.19153	2995	0	1
2020.05.26	17:00:00	1.19158	1.19618	1.19010	1.19613	3409	0	1
2020.05.26	18:00:00	1.19613	1.19613	1.19251	1.19269	3039	0	1
2020.05.26	19:00:00	1.19266	1.19377	1.19175	1.19197	2193	0	1
2020.05.26	20:00:00	1.19199	1.19203	1.19021	1.19046	1881	0	2
2020.05.26	21:00:00	1.19046	1.19142	1.19044	1.19095	1699	0	1
2020.05.26	22:00:00	1.19091	1.19123	1.19002	1.19016	1895	0	2
2020.05.26	23:00:00	1.19016	1.19127	1.19015	1.19113	1163	0	5
2020.05.27	00:00:00	1.19065	1.19137	1.19042	1.19101	688	0	15
2020.05.27	01:00:00	1.19124	1.19131	1.19057	1.19086	464	0	7
2020.05.27	02:00:00	1.19078	1.19099	1.19048	1.19058	794	0	3
2020.05.27	03:00:00	1.19058	1.19100	1.18962	1.19034	1453	0	1
2020.05.27	04:00:00	1.19031	1.19075	1.18990	1.19006	1653	0	3
2020.05.27	05:00:00	1.19006	1.19096	1.18988	1.19090	1772	0	3
2020.05.27	06:00:00	1.19091	1.19099	1.19004	1.19052	1412	0	3
2020.05.27	07:00:00	1.19052	1.19108	1.19032	1.19065	1140	0	6
2020.05.27	08:00:00	1.19065	1.19126	1.19049	1.19069	1598	0	4
2020.05.27	09:00:00	1.19068	1.19183	1.18994	1.19084	1922	0	3
2020.05.27	10:00:00	1.19085	1.19242	1.18922	1.19228	2954	0	1
2020.05.27	11:00:00	1.19232	1.19509	1.19125	1.19465	2947	0	1
2020.05.27	12:00:00	1.19470	1.19665	1.19135	1.19628	4122	0	1
2020.05.27	13:00:00	1.19628	1.19721	1.19411	1.19530	3499	0	1
2020.05.27	14:00:00	1.19530	1.19644	1.19298	1.19374	3027	0	1
2020.05.27	15:00:00	1.19374	1.19392	1.19012	1.19125	3844	0	1
2020.05.27	16:00:00	1.19124	1.19141	1.18825	1.18885	3811	0	1
2020.05.27	17:00:00	1.18892	1.18969	1.18413	1.18428	4033	0	1
2020.05.27	18:00:00	1.18429	1.18636	1.18347	1.18578	3773	0	1
2020.05.27	19:00:00	1.18578	1.18635	1.18539	1.18584	2727	0	1
2020.05.27	20:00:00	1.18584	1.18634	1.18540	1.18588	2409	0	3
2020.05.27	21:00:00	1.18590	1.18734	1.18588	1.18728	2025	0	3
2020.05.27	22:00:00	1.18729	1.18739	1.18660	1.18704	2188	0	2
2020.05.27	23:00:00	1.18702	1.18732	1.18677	1.18713	1150	0	1
2020.05.28	00:00:00	1.18704	1.18740	1.18659	1.18685	365	0	4
2020.05.28	01:00:00	1.18685	1.18727	1.18678	1.18722	359	0	13
2020.05.28	02:00:00	1.18725	1.18740	1.18682	1.18716	1001	0	6
2020.05.28	03:00:00	1.18712	1.18785	1.18697	1.18773	1473	0	6
2020.05.28	04:00:00	1.18773	1.18816	1.18714	1.18737	1859	0	4
2020.05.28	05:00:00	1.18740	1.18803	1.18733	1.18779	1331	0	2
2020.05.28	06:00:00	1.18781	1.18787	1.18655	1.18655	1482	0	5
2020.05.28	07:00:00	1.18654	1.18706	1.18625	1.18686	1604	0	4
2020.05.28	08:00:00	1.18686	1.18735	1.18656	1.18712	1663	0	2
2020.05.28	09:00:00	1.18715	1.18893	1.18688	1.18764	2276	0	1
2020.05.28	10:00:00	1.18756	1.19096	1.18756	1.18909	3148	0	1
2020.05.28	11:00:00	1.18909	1.19002	1.18802	1.18829	2802	0	2
2020.05.28	12:00:00	1.18830	1.19020	1.18769	1.18786	3028	0	1
2020.05.28	13:00:00	1.18787	1.18959	1.18623	1.18772	2892	0	1
2020.05.28	14:00:00	1.18772	1.18940	1.18762	1.18879	2459	0	2
2020.05.28	15:00:00	1.18878	1.19140	1.18875	1.19011	3154	0	1
2020.05.28	16:00:00	1.19011	1.19223	1.18931	1.18936	3612	0	1
2020.05.28	17:00:00	1.18936	1.19099	1.18838	1.18946	3857	0	1
2020.05.28	18:00:00	1.18948	1.19091	1.18793	1.18832	3297	0	1
2020.05.28	19:00:00	1.18831	1.18954	1.18805	1.18891	2741	0	2
2020.05.28	20:00:00	1.18893	1.18945	1.18810	1.18899	2235	0	1
2020.05.28	21:00:00	1.18899	1.18924	1.18836	1.18904	1747	0	1
2020.05.28	22:00:00	1.18904	1.18912	1.18724	1.18753	2676	0	1
2020.05.28	23:00:00	1.18750	1.18812	1.18731	1.18771	1219	0	4
2020.05.29	00:00:00	1.18750	1.18777	1.18675	1.18747	440	0	10
2020.05.29	01:00:00	1.18763	1.18833	1.18760	1.18812	960	0	4
2020.05.29	02:00:00	1.18810	1.18842	1.18774	1.18777	1061	0	4
2020.05.29	03:00:00	1.18777	1.18819	1.18730	1.18765	1823	0	3
2020.05.29	04:00:00	1.18765	1.18774	1.18687	1.18715	1752	0	6
2020.05.29	05:00:00	1.18715	1.18748	1.18692	1.18733	1730	0	6
2020.05.29	06:00:00	1.18733	1.18758	1.18691	1.18735	1488	0	4
2020.05.29	07:00:00	1.18735	1.18814	1.18731	1.18811	1449	0	6
2020.05.29	08:00:00	1.18821	1.18932	1.18813	1.18886	1700	0	1
2020.05.29	09:00:00	1.18884	1.18954	1.18801	1.18938	2457	0	2
2020.05.29	10:00:00	1.18938	1.18938	1.18498	1.18595	3468	0	1
2020.05.29	11:00:00	1.18595	1.18630	1.18224	1.18234	3296	0	1
2020.05.29	12:00:00	1.18245	1.18392	1.18116	1.18226	3328	0	1
2020.05.29	13:00:00	1.18231	1.18652	1.18221	1.18516	2704	0	2
2020.05.29	14:00:00	1.18514	1.19018	1.18462	1.18965	3141	0	1
2020.05.29	15:00:00	1.18969	1.19035	1.18850	1.18977	2890	0	1
2020.05.29	16:00:00	1.18976	1.19071	1.18867	1.18964	3925	0	1
2020.05.29	17:00:00	1.18964	1.19220	1.18735	1.18769	4601	0	1
2020.05.29	18:00:00	1.18770	1.18789	1.18472	1.18477	4234	0	1
2020.05.29	19:00:00	1.18479	1.18512	1.18217	1.18462	3112	0	1
2020.05.29	20:00:00	1.18461	1.18466	1.18288	1.18380	2571	0	1
2020.05.29	21:00:00	1.18381	1.18583	1.18344	1.18555	3362	0	1
2020.05.29	22:00:00	1.18555	1.18799	1.18465	1.18767	3446	0	2
2020.05.29	23:00:00	1.18768	1.18834	1.18672	1.18710	1472	0	1
2020.06.01	00:00:00	1.18468	1.18720	1.18465	1.18633	379	0	40
2020.06.01	01:00:00	1.18633	1.18704	1.18493	1.18604	1101	0	6
2020.06.01	02:00:00	1.18606	1.18639	1.18563	1.18596	1125	0	2
2020.06.01	03:00:00	1.18601	1.19001	1.18598	1.18861	2052	0	2
2020.06.01	04:00:00	1.18863	1.19197	1.18859	1.19194	2233	0	2
2020.06.01	05:00:00	1.19193	1.19197	1.19082	1.19132	1436	0	3
2020.06.01	06:00:00	1.19132	1.19144	1.18928	1.18997	1528	0	2
2020.06.01	07:00:00	1.19000	1.19102	1.18944	1.18957	1076	0	3
2020.06.01	08:00:00	1.18957	1.18988	1.18896	1.18968	1624	0	2
2020.06.01	09:00:00	1.18967	1.19132	1.18914	1.18954	2489	0	1
2020.06.01	10:00:00	1.18953	1.19234	1.18930	1.19190	3150	0	1
2020.06.01	11:00:00	1.19192	1.19205	1.18855	1.18888	3988	0	1
2020.06.01	12:00:00	1.18888	1.19116	1.18864	1.19043	3057	0	1
2020.06.01	13:00:00	1.19036	1.19157	1.18975	1.19086	2477	0	1
2020.06.01	14:00:00	1.19086	1.19108	1.18964	1.19097	2435	0	1
2020.06.01	15:00:00	1.19099	1.19332	1.19070	1.19261	2702	0	1
2020.06.01	16:00:00	1.19261	1.19472	1.19225	1.19421	2920	0	1
2020.06.01	17:00:00	1.19448	1.19912	1.19410	1.19885	4147	0	1
2020.06.01	18:00:00	1.19886	1.19931	1.19804	1.19880	3215	0	1
2020.06.01	19:00:00	1.19883	1.19925	1.19765	1.19812	2392	0	2
2020.06.01	20:00:00	1.19813	1.20003	1.19803	1.19995	1758	0	1
2020.06.01	21:00:00	1.19996	1.20178	1.19994	1.20172	1827	0	1
2020.06.01	22:00:00	1.20169	1.20245	1.20131	1.20146	1910	0	2
2020.06.01	23:00:00	1.20144	1.20168	1.20012	1.20015	1080	0	2
2020.06.02	00:00:00	1.20046	1.20079	1.20009	1.20031	267	0	25
2020.06.02	01:00:00	1.20038	1.20052	1.19962	1.19979	690	0	5
2020.06.02	02:00:00	1.19984	1.20046	1.19940	1.20010	1114	0	3
2020.06.02	03:00:00	1.20010	1.20277	1.20003	1.20221	1877	0	1
2020.06.02	04:00:00	1.20219	1.20253	1.20148	1.20194	1669	0	4
2020.06.02	05:00:00	1.20194	1.20205	1.20001	1.20052	1438	0	1
2020.06.02	06:00:00	1.20052	1.20107	1.20023	1.20026	970	0	6
2020.06.02	07:00:00	1.20026	1.20032	1.19952	1.19979	1163	0	2
2020.06.02	08:00:00	1.19979	1.20175	1.19979	1.20164	1505	0	3
2020.06.02	09:00:00	1.20168	1.20624	1.20137	1.20503	2874	0	1
2020.06.02	10:00:00	1.20511	1.20587	1.20165	1.20205	3687	0	1
2020.06.02	11:00:00	1.20206	1.20256	1.19975	1.20254	3704	0	1
2020.06.02	12:00:00	1.20253	1.20883	1.20226	1.20828	3496	0	1
2020.06.02	13:00:00	1.20828	1.20975	1.20643	1.20821	3133	0	1
2020.06.02	14:00:00	1.20822	1.20828	1.20490	1.20548	2940	0	1
2020.06.02	15:00:00	1.20546	1.20877	1.20489	1.20804	3444	0	1
2020.06.02	16:00:00	1.20805	1.20940	1.20649	1.20714	3543	0	1
2020.06.02	17:00:00	1.20719	1.20889	1.20585	1.20632	3954	0	1
2020.06.02	18:00:00	1.20642	1.20647	1.20372	1.20565	3599	0	1
2020.06.02	19:00:00	1.20561	1.20742	1.20519	1.20607	2857	0	1
2020.06.02	20:00:00	1.20608	1.20719	1.20551	1.20718	2354	0	1
2020.06.02	21:00:00	1.20716	1.20765	1.20610	1.20663	1764	0	2
2020.06.02	22:00:00	1.20661	1.20778	1.20641	1.20778	2120	0	2
2020.06.02	23:00:00	1.20777	1.20822	1.20714	1.20781	1074	0	4
2020.06.03	00:00:00	1.20758	1.20795	1.20701	1.20726	446	0	3
2020.06.03	01:00:00	1.20718	1.20754	1.20698	1.20709	454	0	4
2020.06.03	02:00:00	1.20716	1.21013	1.20701	1.20991	1702	0	2
2020.06.03	03:00:00	1.20991	1.21179	1.20939	1.21122	2271	0	2
2020.06.03	04:00:00	1.21124	1.21191	1.20984	1.20991	2558	0	3
2020.06.03	05:00:00	1.20991	1.21004	1.20859	1.20886	1804	0	1
2020.06.03	06:00:00	1.20882	1.20983	1.20852	1.20956	1731	0	2
2020.06.03	07:00:00	1.20949	1.20969	1.20874	1.20958	1492	0	3
2020.06.03	08:00:00	1.20957	1.21015	1.20930	1.20978	1343	0	1
2020.06.03	09:00:00	1.20984	1.21203	1.20969	1.21148	2433	0	1
2020.06.03	10:00:00	1.21150	1.21235	1.21019	1.21129	3782	0	1
2020.06.03	11:00:00	1.21128	1.21283	1.21017	1.21034	3695	0	1
2020.06.03	12:00:00	1.21039	1.21235	1.20979	1.21217	3028	0	1
2020.06.03	13:00:00	1.21223	1.21325	1.21092	1.21174	3209	0	1
2020.06.03	14:00:00	1.21183	1.21363	1.21072	1.21163	3161	0	1
2020.06.03	15:00:00	1.21160	1.21356	1.21148	1.21209	3097	0	1
2020.06.03	16:00:00	1.21210	1.21296	1.20946	1.21018	3973	0	1
2020.06.03	17:00:00	1.21013	1.21243	1.20910	1.21194	4494	0	1
2020.06.03	18:00:00	1.21194	1.21278	1.21097	1.21111	3721	0	1
2020.06.03	19:00:00	1.21111	1.21219	1.21013	1.21103	2803	0	2
2020.06.03	20:00:00	1.21104	1.21128	1.20979	1.21064	2019	0	1
2020.06.03	21:00:00	1.21064	1.21113	1.21025	1.21097	2227	0	2
2020.06.03	22:00:00	1.21100	1.21105	1.20956	1.20971	2351	0	2
2020.06.03	23:00:00	1.20979	1.21000	1.20800	1.20824	1460	0	2
2020.06.04	00:00:00	1.20886	1.20942	1.20819	1.20874	541	0	6
2020.06.04	01:00:00	1.20876	1.20897	1.20810	1.20860	521	0	1
2020.06.04	02:00:00	1.20860	1.20955	1.20841	1.20891	1152	0	2
2020.06.04	03:00:00	1.20891	1.20899	1.20540	1.20607	1942	0	1
2020.06.04	04:00:00	1.20607	1.20690	1.20571	1.20587	1672	0	3
2020.06.04	05:00:00	1.20588	1.20630	1.20531	1.20544	1789	0	3
2020.06.04	06:00:00	1.20546	1.20587	1.20504	1.20521	1173	0	1
2020.06.04	07:00:00	1.20522	1.20581	1.20507	1.20567	1129	0	1
2020.06.04	08:00:00	1.20571	1.20622	1.20506	1.20538	1336	0	1
2020.06.04	09:00:00	1.20538	1.20626	1.20380	1.20420	2316	0	1
2020.06.04	10:00:00	1.20419	1.20462	1.20209	1.20260	2886	0	1
2020.06.04	11:00:00	1.20258	1.20371	1.20150	1.20251	2602	0	1
2020.06.04	12:00:00	1.20255	1.20354	1.20020	1.20326	2416	0	1
2020.06.04	13:00:00	1.20327	1.20443	1.20227	1.20296	2205	0	1
2020.06.04	14:00:00	1.20293	1.20575	1.20254	1.20431	3191	0	1
2020.06.04	15:00:00	1.20430	1.20445	1.20112	1.20259	4693	0	1
2020.06.04	16:00:00	1.20262	1.20392	1.20081	1.20392	4527	0	1
2020.06.04	17:00:00	1.20391	1.20688	1.20349	1.20684	4560	0	1
2020.06.04	18:00:00	1.20680	1.20749	1.20343	1.20590	4150	0	1
2020.06.04	19:00:00	1.20587	1.20699	1.20417	1.20441	3017	0	2
2020.06.04	20:00:00	1.20441	1.20473	1.20331	1.20392	2622	0	1
2020.06.04	21:00:00	1.20392	1.20576	1.20392	1.20438	2948	0	1
2020.06.04	22:00:00	1.20439	1.20524	1.20349	1.20381	3095	0	1
2020.06.04	23:00:00	1.20382	1.20422	1.20310	1.20311	1387	0	1
2020.06.05	00:00:00	1.20369	1.20415	1.20213	1.20254	771	0	6
2020.06.05	01:00:00	1.20254	1.20396	1.20244	1.20374	678	0	3
2020.06.05	02:00:00	1.20373	1.20518	1.20373	1.20463	1146	0	1
2020.06.05	03:00:00	1.20461	1.20461	1.20300	1.20314	1729	0	1
2020.06.05	04:00:00	1.20319	1.20366	1.20234	1.20283	1748	0	1
2020.06.05	05:00:00	1.20284	1.20387	1.20248	1.20369	1595	0	1
2020.06.05	06:00:00	1.20371	1.20425	1.20334	1.20422	1208	0	1
2020.06.05	07:00:00	1.20423	1.20608	1.20408	1.20558	1503	0	1
2020.06.05	08:00:00	1.20557	1.20755	1.20550	1.20710	1731	0	1
2020.06.05	09:00:00	1.20709	1.20923	1.20694	1.20758	3028	0	1
2020.06.05	10:00:00	1.20758	1.21445	1.20694	1.21252	3178	0	1
2020.06.05	11:00:00	1.21254	1.21309	1.20871	1.21026	2960	0	1
2020.06.05	12:00:00	1.21026	1.21103	1.20874	1.20923	2800	0	1
2020.06.05	13:00:00	1.20918	1.21089	1.20877	1.20988	2679	0	1
2020.06.05	14:00:00	1.20989	1.21352	1.20902	1.21335	2861	0	1
2020.06.05	15:00:00	1.21336	1.22078	1.21307	1.21968	4312	0	1
2020.06.05	16:00:00	1.21968	1.22525	1.21910	1.22203	4679	0	1
2020.06.05	17:00:00	1.22205	1.22596	1.22175	1.22479	4256	0	1
2020.06.05	18:00:00	1.22481	1.22497	1.22193	1.22215	3530	0	1
2020.06.05	19:00:00	1.22217	1.22268	1.22017	1.22030	2572	0	1
2020.06.05	20:00:00	1.22033	1.22059	1.21882	1.21916	2145	0	1
2020.06.05	21:00:00	1.21916	1.22042	1.21879	1.21888	2454	0	1
2020.06.05	22:00:00	1.21888	1.21951	1.21798	1.21841	2069	0	1
2020.06.05	23:00:00	1.21844	1.21946	1.21830	1.21890	1288	0	6
2020.06.08	00:00:00	1.21922	1.22078	1.21917	1.21998	109	0	2
2020.06.08	01:00:00	1.21996	1.22116	1.21861	1.22084	809	0	10
2020.06.08	02:00:00	1.22083	1.22364	1.22075	1.22284	1163	0	2
2020.06.08	03:00:00	1.22284	1.22298	1.22204	1.22246	1657	0	2
2020.06.08	04:00:00	1.22248	1.22344	1.22168	1.22192	1760	0	2
2020.06.08	05:00:00	1.22192	1.22311	1.22165	1.22233	1527	0	2
2020.06.08	06:00:00	1.22233	1.22328	1.22208	1.22328	1309	0	1
2020.06.08	07:00:00	1.22330	1.22397	1.22316	1.22384	1055	0	2
2020.06.08	08:00:00	1.22383	1.22411	1.22298	1.22410	1131	0	1
2020.06.08	09:00:00	1.22413	1.22435	1.22149	1.22191	2162	0	1
2020.06.08	10:00:00	1.22194	1.22303	1.22046	1.22065	3112	0	1
2020.06.08	11:00:00	1.22065	1.22252	1.22027	1.22220	2688	0	1
2020.06.08	12:00:00	1.22219	1.22236	1.21938	1.22023	2500	0	1
2020.06.08	13:00:00	1.22024	1.22068	1.21630	1.21713	2803	0	1
2020.06.08	14:00:00	1.21712	1.21930	1.21686	1.21830	2450	0	1
2020.06.08	15:00:00	1.21830	1.21866	1.21547	1.21568	2884	0	1
2020.06.08	16:00:00	1.21571	1.21670	1.21440	1.21606	3270	0	1
2020.06.08	17:00:00	1.21606	1.21610	1.21253	1.21389	3944	0	1
2020.06.08	18:00:00	1.21391	1.21546	1.21346	1.21463	3016	0	1
2020.06.08	19:00:00	1.21459	1.21580	1.21429	1.21572	2359	0	2
2020.06.08	20:00:00	1.21572	1.21634	1.21507	1.21574	2105	0	2
2020.06.08	21:00:00	1.21579	1.21766	1.21535	1.21747	1670	0	1
2020.06.08	22:00:00	1.21745	1.21873	1.21678	1.21862	1784	0	1
2020.06.08	23:00:00	1.21859	1.21883	1.21817	1.21851	884	0	2
2020.06.09	00:00:00	1.21847	1.21857	1.21777	1.21806	307	0	15
2020.06.09	01:00:00	1.21809	1.21989	1.21805	1.21970	559	0	2
2020.06.09	02:00:00	1.21975	1.22014	1.21937	1.21951	672	0	4
2020.06.09	03:00:00	1.21948	1.22090	1.21849	1.21850	2003	0	1
2020.06.09	04:00:00	1.21847	1.21913	1.21765	1.21907	2170	0	5
2020.06.09	05:00:00	1.21910	1.21921	1.21776	1.21841	1369	0	2
2020.06.09	06:00:00	1.21844	1.21879	1.21798	1.21825	1041	0	2
2020.06.09	07:00:00	1.21825	1.21831	1.21661	1.21685	1261	0	2
2020.06.09	08:00:00	1.21685	1.21765	1.21676	1.21745	1303	0	2
2020.06.09	09:00:00	1.21748	1.21803	1.21553	1.21610	2613	0	1
2020.06.09	10:00:00	1.21615	1.21665	1.20963	1.21076	3720	0	1
2020.06.09	11:00:00	1.21074	1.21157	1.20585	1.20741	3663	0	1
2020.06.09	12:00:00	1.20742	1.20781	1.20526	1.20643	3062	0	1
2020.06.09	13:00:00	1.20642	1.20730	1.20589	1.20615	2935	0	1
2020.06.09	14:00:00	1.20619	1.20944	1.20592	1.20904	2694	0	1
2020.06.09	15:00:00	1.20908	1.20946	1.20593	1.20659	2695	0	1
2020.06.09	16:00:00	1.20661	1.20937	1.20596	1.20759	3770	0	1
2020.06.09	17:00:00	1.20761	1.20928	1.20643	1.20711	3984	0	1
2020.06.09	18:00:00	1.20712	1.20883	1.20708	1.20816	3060	0	2
2020.06.09	19:00:00	1.20815	1.20998	1.20791	1.20988	2314	0	2
2020.06.09	20:00:00	1.20986	1.21028	1.20917	1.20952	2025	0	1
2020.06.09	21:00:00	1.20953	1.21081	1.20924	1.21050	1897	0	1
2020.06.09	22:00:00	1.21049	1.21093	1.20965	1.21000	1752	0	2
2020.06.09	23:00:00	1.21001	1.21062	1.20983	1.21018	1096	0	2
2020.06.10	00:00:00	1.20955	1.21027	1.20926	1.20965	360	0	24
2020.06.10	01:00:00	1.20965	1.21010	1.20954	1.20993	427	0	8
2020.06.10	02:00:00	1.20993	1.21007	1.20866	1.20878	1007	0	3
2020.06.10	03:00:00	1.20878	1.21033	1.20848	1.21029	1699	0	4
2020.06.10	04:00:00	1.21028	1.21146	1.21012	1.21105	1810	0	4
2020.06.10	05:00:00	1.21101	1.21157	1.21059	1.21153	1646	0	3
2020.06.10	06:00:00	1.21153	1.21193	1.21109	1.21139	1301	0	3
2020.06.10	07:00:00	1.21139	1.21169	1.21066	1.21096	1430	0	1
2020.06.10	08:00:00	1.21097	1.21279	1.21082	1.21208	2188	0	1
2020.06.10	09:00:00	1.21206	1.21299	1.20974	1.21069	2685	0	1
2020.06.10	10:00:00	1.21069	1.21239	1.20873	1.20970	3319	0	1
2020.06.10	11:00:00	1.20973	1.20995	1.20718	1.20740	2973	0	1
2020.06.10	12:00:00	1.20738	1.20766	1.20540	1.20717	2556	0	1
2020.06.10	13:00:00	1.20717	1.20822	1.20531	1.20801	2594	0	1
2020.06.10	14:00:00	1.20797	1.21051	1.20766	1.20955	2874	0	1
2020.06.10	15:00:00	1.20961	1.21002	1.20812	1.20867	3226	0	1
2020.06.10	16:00:00	1.20869	1.20953	1.20508	1.20561	3597	0	1
2020.06.10	17:00:00	1.20565	1.20620	1.20460	1.20587	3762	0	1
2020.06.10	18:00:00	1.20592	1.20781	1.20534	1.20554	3349	0	1
2020.06.10	19:00:00	1.20563	1.20651	1.20489	1.20614	2311	0	1
2020.06.10	20:00:00	1.20611	1.20691	1.20546	1.20660	2064	0	2
2020.06.10	21:00:00	1.20655	1.20807	1.20419	1.20502	5275	0	1
2020.06.10	22:00:00	1.20499	1.20518	1.20340	1.20358	4066	0	1
2020.06.10	23:00:00	1.20353	1.20379	1.20180	1.20274	1804	0	2
2020.06.11	00:00:00	1.20309	1.20365	1.20229	1.20284	492	0	2
2020.06.11	01:00:00	1.20257	1.20339	1.20131	1.20152	1032	0	9
2020.06.11	02:00:00	1.20149	1.20223	1.19935	1.19954	1734	0	2
2020.06.11	03:00:00	1.19962	1.20226	1.19957	1.20185	2100	0	3
2020.06.11	04:00:00	1.20184	1.20261	1.20141	1.20152	2302	0	2
2020.06.11	05:00:00	1.20155	1.20191	1.20083	1.20110	1477	0	2
2020.06.11	06:00:00	1.20110	1.20112	1.19810	1.19837	2023	0	1
2020.06.11	07:00:00	1.19841	1.19903	1.19708	1.19787	2328	0	1
2020.06.11	08:00:00	1.19786	1.19838	1.19713	1.19773	2725	0	3
2020.06.11	09:00:00	1.19774	1.19804	1.19557	1.19611	3024	0	1
2020.06.11	10:00:00	1.19608	1.19608	1.19260	1.19373	3767	0	1
2020.06.11	11:00:00	1.19376	1.19499	1.19270	1.19393	3650	0	1
2020.06.11	12:00:00	1.19390	1.19595	1.19377	1.19503	3268	0	1
2020.06.11	13:00:00	1.19503	1.19616	1.19423	1.19561	2629	0	1
2020.06.11	14:00:00	1.19561	1.19578	1.19217	1.19217	3209	0	1
2020.06.11	15:00:00	1.19211	1.19316	1.19098	1.19121	3817	0	1
2020.06.11	16:00:00	1.19125	1.19238	1.18984	1.19092	3761	0	1
2020.06.11	17:00:00	1.19093	1.19218	1.18660	1.18758	4349	0	1
2020.06.11	18:00:00	1.18755	1.18833	1.18476	1.18518	4481	0	1
2020.06.11	19:00:00	1.18519	1.18580	1.18375	1.18568	3873	0	1
2020.06.11	20:00:00	1.18569	1.18845	1.18445	1.18790	3789	0	1
2020.06.11	21:00:00	1.18793	1.18881	1.18708	1.18796	3713	0	1
2020.06.11	22:00:00	1.18794	1.18869	1.18722	1.18842	3762	0	2
2020.06.11	23:00:00	1.18844	1.18970	1.18838	1.18963	1714	0	3
2020.06.12	00:00:00	1.18960	1.18989	1.18599	1.18984	710	0	13
2020.06.12	01:00:00	1.18981	1.18981	1.18672	1.18785	1213	0	5
2020.06.12	02:00:00	1.18786	1.18820	1.18675	1.18708	1565	0	2
2020.06.12	03:00:00	1.18708	1.18757	1.18566	1.18604	2534	0	2
2020.06.12	04:00:00	1.18596	1.18639	1.18526	1.18616	2445	0	3
2020.06.12	05:00:00	1.18615	1.18713	1.18600	1.18667	2080	0	2
2020.06.12	06:00:00	1.18666	1.18722	1.18596	1.18679	1871	0	3
2020.06.12	07:00:00	1.18680	1.18846	1.18674	1.18768	1882	0	2
2020.06.12	08:00:00	1.18767	1.18982	1.18753	1.18945	1980	0	1
2020.06.12	09:00:00	1.18944	1.19020	1.18788	1.18800	3081	0	1
2020.06.12	10:00:00	1.18802	1.19354	1.18768	1.19225	3927	0	1
2020.06.12	11:00:00	1.19225	1.19565	1.19186	1.19506	3348	0	1
2020.06.12	12:00:00	1.19509	1.19766	1.19470	1.19759	3084	0	1
2020.06.12	13:00:00	1.19757	1.19786	1.19346	1.19490	3339	0	2
2020.06.12	14:00:00	1.19493	1.19574	1.19347	1.19386	2991	0	1
2020.06.12	15:00:00	1.19385	1.19417	1.19125	1.19126	3267	0	1
2020.06.12	16:00:00	1.19129	1.19367	1.18982	1.19212	4030	0	1
2020.06.12	17:00:00	1.19213	1.19480	1.19152	1.19319	4374	0	1
2020.06.12	18:00:00	1.19316	1.19412	1.19129	1.19170	4852	0	1
2020.06.12	19:00:00	1.19175	1.19215	1.19042	1.19176	4064	0	1
2020.06.12	20:00:00	1.19179	1.19198	1.19021	1.19056	3852	0	3
2020.06.12	21:00:00	1.19057	1.19277	1.19026	1.19213	3798	0	3
2020.06.12	22:00:00	1.19217	1.19357	1.19178	1.19218	3403	0	1
2020.06.12	23:00:00	1.19218	1.19473	1.19194	1.19458	1558	0	6
2020.06.15	00:00:00	1.19294	1.19366	1.19054	1.19294	265	0	37
2020.06.15	01:00:00	1.19294	1.19299	1.19065	1.19137	1506	0	4
2020.06.15	02:00:00	1.19133	1.19137	1.18977	1.19008	1840	0	2
2020.06.15	03:00:00	1.19007	1.19099	1.18947	1.18952	2431	0	3
2020.06.15	04:00:00	1.18952	1.19141	1.18896	1.19129	2089	0	1
2020.06.15	05:00:00	1.19130	1.19169	1.19073	1.19102	1980	0	3
2020.06.15	06:00:00	1.19107	1.19180	1.19097	1.19160	1599	0	2
2020.06.15	07:00:00	1.19165	1.19181	1.18979	1.18998	1881	0	5
2020.06.15	08:00:00	1.18999	1.18999	1.18777	1.18793	2703	0	1
2020.06.15	09:00:00	1.18799	1.18927	1.18638	1.18925	3875	0	1
2020.06.15	10:00:00	1.18927	1.19315	1.18848	1.19306	4139	0	1
2020.06.15	11:00:00	1.19305	1.19507	1.19163	1.19232	3908	0	1
2020.06.15	12:00:00	1.19229	1.19379	1.19106	1.19379	3402	0	1
2020.06.15	13:00:00	1.19379	1.19381	1.18967	1.18980	2756	0	2
2020.06.15	14:00:00	1.18982	1.19133	1.18943	1.19088	2787	0	1
2020.06.15	15:00:00	1.19088	1.19215	1.18966	1.19017	3311	0	2
2020.06.15	16:00:00	1.19018	1.19303	1.18991	1.19218	3854	0	1
2020.06.15	17:00:00	1.19218	1.19441	1.19109	1.19393	4230	0	1
2020.06.15	18:00:00	1.19390	1.19416	1.19155	1.19197	3458	0	1
2020.06.15	19:00:00	1.19193	1.19292	1.19123	1.19174	2853	0	1
2020.06.15	20:00:00	1.19170	1.19268	1.19108	1.19195	2434	0	2
2020.06.15	21:00:00	1.19196	1.19509	1.19196	1.19310	3748	0	2
2020.06.15	22:00:00	1.19306	1.19520	1.19306	1.19516	2869	0	4
2020.06.15	23:00:00	1.19516	1.19625	1.19437	1.19624	1116	0	4
2020.06.16	00:00:00	1.19626	1.19781	1.19512	1.19713	464	0	7
2020.06.16	01:00:00	1.19713	1.19820	1.19656	1.19787	1101	0	6
2020.06.16	02:00:00	1.19786	1.19955	1.19724	1.19945	1405	0	5
2020.06.16	03:00:00	1.19949	1.20026	1.19759	1.19774	1823	0	2
2020.06.16	04:00:00	1.19774	1.19859	1.19750	1.19846	2139	0	3
2020.06.16	05:00:00	1.19851	1.20213	1.19836	1.20204	1969	0	1
2020.06.16	06:00:00	1.20199	1.20242	1.20144	1.20203	1966	0	4
2020.06.16	07:00:00	1.20203	1.20296	1.20179	1.20194	1676	0	1
2020.06.16	08:00:00	1.20199	1.20366	1.20198	1.20260	1763	0	4
2020.06.16	09:00:00	1.20268	1.20309	1.19983	1.20024	2999	0	2
2020.06.16	10:00:00	1.20025	1.20042	1.19654	1.19675	3963	0	1
2020.06.16	11:00:00	1.19674	1.19944	1.19623	1.19895	3417	0	1
2020.06.16	12:00:00	1.19891	1.19937	1.19742	1.19918	2858	0	1
2020.06.16	13:00:00	1.19920	1.19924	1.19612	1.19797	2857	0	1
2020.06.16	14:00:00	1.19802	1.19900	1.19701	1.19889	2650	0	2
2020.06.16	15:00:00	1.19891	1.20183	1.19815	1.20075	3519	0	1
2020.06.16	16:00:00	1.20076	1.20103	1.19674	1.19865	4474	0	1
2020.06.16	17:00:00	1.19869	1.20181	1.19486	1.19519	4823	0	1
2020.06.16	18:00:00	1.19518	1.19703	1.19430	1.19454	4883	0	1
2020.06.16	19:00:00	1.19457	1.19744	1.19410	1.19551	3256	0	2
2020.06.16	20:00:00	1.19553	1.19584	1.19380	1.19394	2090	0	2
2020.06.16	21:00:00	1.19395	1.19513	1.19369	1.19413	2236	0	1
2020.06.16	22:00:00	1.19414	1.19488	1.19337	1.19487	2519	0	1
2020.06.16	23:00:00	1.19484	1.19612	1.19446	1.19558	1092	0	4
2020.06.17	00:00:00	1.19544	1.19622	1.19421	1.19551	953	0	7
2020.06.17	01:00:00	1.19550	1.19615	1.19449	1.19536	1013	0	5
2020.06.17	02:00:00	1.19534	1.19736	1.19532	1.19690	1035	0	5
2020.06.17	03:00:00	1.19689	1.19706	1.19434	1.19533	2301	0	3
2020.06.17	04:00:00	1.19533	1.19578	1.19389	1.19466	2225	0	4
2020.06.17	05:00:00	1.19468	1.19468	1.19262	1.19268	1954	0	4
2020.06.17	06:00:00	1.19267	1.19353	1.19262	1.19300	1468	0	2
2020.06.17	07:00:00	1.19300	1.19397	1.19289	1.19313	1358	0	5
2020.06.17	08:00:00	1.19309	1.19334	1.19236	1.19270	1714	0	1
2020.06.17	09:00:00	1.19267	1.19544	1.19246	1.19365	2667	0	1
2020.06.17	10:00:00	1.19365	1.19410	1.19135	1.19225	3590	0	1
2020.06.17	11:00:00	1.19227	1.19477	1.19116	1.19369	3285	0	1
2020.06.17	12:00:00	1.19377	1.19424	1.18970	1.19021	3430	0	1
2020.06.17	13:00:00	1.19023	1.19372	1.18991	1.19359	3029	0	1
2020.06.17	14:00:00	1.19355	1.19444	1.19177	1.19304	2910	0	1
2020.06.17	15:00:00	1.19314	1.19326	1.19059	1.19107	3104	0	1
2020.06.17	16:00:00	1.19107	1.19221	1.18919	1.19178	3746	0	1
2020.06.17	17:00:00	1.19175	1.19564	1.18987	1.19421	4669	0	1
2020.06.17	18:00:00	1.19418	1.19435	1.19093	1.19138	3379	0	3
2020.06.17	19:00:00	1.19136	1.19206	1.19035	1.19206	2460	0	3
2020.06.17	20:00:00	1.19206	1.19245	1.19102	1.19156	1898	0	1
2020.06.17	21:00:00	1.19148	1.19221	1.19049	1.19049	1792	0	2
2020.06.17	22:00:00	1.19049	1.19102	1.18990	1.19078	2485	0	4
2020.06.17	23:00:00	1.19078	1.19132	1.19070	1.19093	1099	0	2
2020.06.18	00:00:00	1.18912	1.19103	1.18911	1.19074	772	0	13
2020.06.18	01:00:00	1.19074	1.19221	1.19053	1.19159	552	0	7
2020.06.18	02:00:00	1.19159	1.19175	1.19031	1.19067	1134	0	2
2020.06.18	03:00:00	1.19066	1.19165	1.19012	1.19072	2018	0	3
2020.06.18	04:00:00	1.19072	1.19171	1.18893	1.18997	2384	0	3
2020.06.18	05:00:00	1.18996	1.19076	1.18926	1.19035	1872	0	4
2020.06.18	06:00:00	1.19035	1.19190	1.19024	1.19170	1521	0	3
2020.06.18	07:00:00	1.19175	1.19175	1.19048	1.19115	1386	0	4
2020.06.18	08:00:00	1.19115	1.19213	1.19090	1.19107	1444	0	4
2020.06.18	09:00:00	1.19106	1.19223	1.19014	1.19122	2302	0	2
2020.06.18	10:00:00	1.19117	1.19117	1.18832	1.18973	3210	0	2
2020.06.18	11:00:00	1.18971	1.19119	1.18781	1.18860	3608	0	1
2020.06.18	12:00:00	1.18858	1.18882	1.18559	1.18590	3232	0	1
2020.06.18	13:00:00	1.18588	1.18601	1.18438	1.18561	3083	0	1
2020.06.18	14:00:00	1.18558	1.19030	1.18524	1.18540	3727	0	1
2020.06.18	15:00:00	1.18540	1.18624	1.18199	1.18256	3905	0	1
2020.06.18	16:00:00	1.18255	1.18460	1.18140	1.18260	3712	0	1
2020.06.18	17:00:00	1.18259	1.18309	1.17999	1.18072	3574	0	1
2020.06.18	18:00:00	1.18079	1.18244	1.18034	1.18208	2923	0	1
2020.06.18	19:00:00	1.18207	1.18303	1.18061	1.18142	2777	0	2
2020.06.18	20:00:00	1.18140	1.18259	1.18110	1.18256	2180	0	4
2020.06.18	21:00:00	1.18256	1.18268	1.18114	1.18114	2009	0	2
2020.06.18	22:00:00	1.18115	1.18137	1.18021	1.18129	1812	0	3
2020.06.18	23:00:00	1.18129	1.18226	1.18115	1.18193	1172	0	1
2020.06.19	00:00:00	1.18085	1.18188	1.18070	1.18133	720	0	27
2020.06.19	01:00:00	1.18151	1.18247	1.18140	1.18235	570	0	11
2020.06.19	02:00:00	1.18232	1.18323	1.18204	1.18262	830	0	7
2020.06.19	03:00:00	1.18262	1.18271	1.18034	1.18085	1595	0	4
2020.06.19	04:00:00	1.18084	1.18208	1.18066	1.18130	1641	0	5
2020.06.19	05:00:00	1.18130	1.18226	1.18090	1.18218	1492	0	1
2020.06.19	06:00:00	1.18218	1.18238	1.18155	1.18194	1207	0	1
2020.06.19	07:00:00	1.18193	1.18199	1.18136	1.18139	1131	0	2
2020.06.19	08:00:00	1.18139	1.18364	1.18132	1.18344	1162	0	1
2020.06.19	09:00:00	1.18342	1.18394	1.18239	1.18278	2207	0	1
2020.06.19	10:00:00	1.18275	1.18298	1.18074	1.18141	2484	0	1
2020.06.19	11:00:00	1.18141	1.18189	1.17893	1.17978	2754	0	1
2020.06.19	12:00:00	1.17979	1.18158	1.17930	1.18106	2391	0	1
2020.06.19	13:00:00	1.18108	1.18116	1.17697	1.17715	2626	0	1
2020.06.19	14:00:00	1.17713	1.17743	1.17477	1.17557	2546	0	1
2020.06.19	15:00:00	1.17558	1.17815	1.17558	1.17766	3470	0	2
2020.06.19	16:00:00	1.17765	1.17842	1.17463	1.17569	3253	0	1
2020.06.19	17:00:00	1.17571	1.17752	1.17477	1.17642	3444	0	1
2020.06.19	18:00:00	1.17641	1.17723	1.17597	1.17674	3570	0	1
2020.06.19	19:00:00	1.17672	1.17690	1.17588	1.17666	3043	0	2
2020.06.19	20:00:00	1.17668	1.17678	1.17549	1.17552	2178	0	2
2020.06.19	21:00:00	1.17551	1.17603	1.17529	1.17577	2330	0	5
2020.06.19	22:00:00	1.17576	1.17671	1.17573	1.17647	1563	0	2
2020.06.19	23:00:00	1.17642	1.17699	1.17594	1.17617	1223	0	5
2020.06.22	00:00:00	1.17449	1.17614	1.17441	1.17559	226	0	76
2020.06.22	01:00:00	1.17575	1.17664	1.17528	1.17550	886	0	5
2020.06.22	02:00:00	1.17550	1.17621	1.17509	1.17582	1224	0	3
2020.06.22	03:00:00	1.17582	1.17598	1.17465	1.17584	1789	0	1
2020.06.22	04:00:00	1.17584	1.17770	1.17584	1.17694	1692	0	1
2020.06.22	05:00:00	1.17689	1.17787	1.17689	1.17742	1368	0	1
2020.06.22	06:00:00	1.17743	1.17763	1.17702	1.17712	1051	0	1
2020.06.22	07:00:00	1.17712	1.17846	1.17707	1.17795	1121	0	3
2020.06.22	08:00:00	1.17794	1.17884	1.17707	1.17712	1346	0	1
2020.06.22	09:00:00	1.17712	1.17853	1.17624	1.17799	2227	0	1
2020.06.22	10:00:00	1.17805	1.18095	1.17710	1.18012	3490	0	1
2020.06.22	11:00:00	1.18013	1.18095	1.17976	1.18017	2778	0	1
2020.06.22	12:00:00	1.18018	1.18091	1.17864	1.17873	2459	0	1
2020.06.22	13:00:00	1.17872	1.17902	1.17592	1.17636	2207	0	1
2020.06.22	14:00:00	1.17635	1.17882	1.17635	1.17868	2035	0	1
2020.06.22	15:00:00	1.17862	1.17982	1.17818	1.17883	2093	0	1
2020.06.22	16:00:00	1.17883	1.17940	1.17683	1.17917	3226	0	1
2020.06.22	17:00:00	1.17916	1.18051	1.17805	1.18035	3683	0	1
2020.06.22	18:00:00	1.18030	1.18069	1.17909	1.17927	2467	0	1
2020.06.22	19:00:00	1.17927	1.18175	1.17905	1.18113	2060	0	1
2020.06.22	20:00:00	1.18114	1.18151	1.18057	1.18139	1543	0	1
2020.06.22	21:00:00	1.18134	1.18214	1.18084	1.18164	1386	0	2
2020.06.22	22:00:00	1.18163	1.18226	1.18090	1.18131	1803	0	1
2020.06.22	23:00:00	1.18128	1.18152	1.18092	1.18113	898	0	5
2020.06.23	00:00:00	1.17998	1.18154	1.17998	1.18124	741	0	30
2020.06.23	01:00:00	1.18157	1.18282	1.18088	1.18253	1071	0	5
2020.06.23	02:00:00	1.18257	1.18416	1.18237	1.18365	1155	0	2
2020.06.23	03:00:00	1.18365	1.18374	1.18188	1.18249	1417	0	2
2020.06.23	04:00:00	1.18250	1.18266	1.17993	1.18195	3298	0	1
2020.06.23	05:00:00	1.18209	1.18420	1.18209	1.18280	2703	0	1
2020.06.23	06:00:00	1.18274	1.18281	1.18124	1.18176	1634	0	1
2020.06.23	07:00:00	1.18173	1.18211	1.18110	1.18124	1205	0	2
2020.06.23	08:00:00	1.18124	1.18188	1.17934	1.17936	1415	0	1
2020.06.23	09:00:00	1.17940	1.18076	1.17868	1.18070	2139	0	1
2020.06.23	10:00:00	1.18063	1.18168	1.17971	1.18036	3190	0	1
2020.06.23	11:00:00	1.18034	1.18219	1.17916	1.17941	2954	0	1
2020.06.23	12:00:00	1.17924	1.17941	1.17660	1.17686	2632	0	1
2020.06.23	13:00:00	1.17684	1.17868	1.17618	1.17757	2338	0	1
2020.06.23	14:00:00	1.17760	1.18004	1.17577	1.17996	2232	0	1
2020.06.23	15:00:00	1.17996	1.18187	1.17950	1.18007	2920	0	1
2020.06.23	16:00:00	1.18007	1.18021	1.17734	1.17798	3014	0	1
2020.06.23	17:00:00	1.17801	1.18110	1.17801	1.18069	3511	0	1
2020.06.23	18:00:00	1.18068	1.18300	1.18010	1.18265	2696	0	1
2020.06.23	19:00:00	1.18265	1.18296	1.18171	1.18250	2045	0	1
2020.06.23	20:00:00	1.18252	1.18397	1.18222	1.18383	1559	0	1
2020.06.23	21:00:00	1.18383	1.18384	1.18244	1.18273	1348	0	1
2020.06.23	22:00:00	1.18273	1.18325	1.18180	1.18279	1465	0	1
2020.06.23	23:00:00	1.18280	1.18324	1.18264	1.18290	959	0	4
2020.06.24	00:00:00	1.18207	1.18259	1.18148	1.18215	382	0	23
2020.06.24	01:00:00	1.18212	1.18280	1.18148	1.18255	576	0	8
2020.06.24	02:00:00	1.18259	1.18320	1.18236	1.18297	1062	0	5
2020.06.24	03:00:00	1.18301	1.18413	1.18275	1.18346	1894	0	1
2020.06.24	04:00:00	1.18348	1.18394	1.18282	1.18285	1634	0	3
2020.06.24	05:00:00	1.18289	1.18291	1.18182	1.18199	1694	0	1
2020.06.24	06:00:00	1.18200	1.18250	1.18130	1.18133	1228	0	3
2020.06.24	07:00:00	1.18134	1.18210	1.18128	1.18161	964	0	3
2020.06.24	08:00:00	1.18161	1.18185	1.18047	1.18088	1144	0	4
2020.06.24	09:00:00	1.18086	1.18157	1.18012	1.18141	1822	0	1
2020.06.24	10:00:00	1.18150	1.18232	1.17951	1.18035	3345	0	1
2020.06.24	11:00:00	1.18031	1.18173	1.17833	1.18095	2974	0	1
2020.06.24	12:00:00	1.18099	1.18251	1.17977	1.18182	3294	0	1
2020.06.24	13:00:00	1.18181	1.18406	1.18125	1.18258	2583	0	1
2020.06.24	14:00:00	1.18264	1.18383	1.18172	1.18239	2738	0	1
2020.06.24	15:00:00	1.18238	1.18450	1.18186	1.18411	3177	0	1
2020.06.24	16:00:00	1.18411	1.18470	1.18110	1.18142	3543	0	1
2020.06.24	17:00:00	1.18141	1.18185	1.17843	1.17922	4152	0	1
2020.06.24	18:00:00	1.17925	1.17962	1.17689	1.17754	3863	0	1
2020.06.24	19:00:00	1.17754	1.17905	1.17729	1.17883	2705	0	1
2020.06.24	20:00:00	1.17884	1.17884	1.17640	1.17729	2442	0	1
2020.06.24	21:00:00	1.17732	1.17802	1.17690	1.17746	2114	0	1
2020.06.24	22:00:00	1.17745	1.17774	1.17694	1.17725	1959	0	1
2020.06.24	23:00:00	1.17724	1.17779	1.17708	1.17738	1157	0	4
2020.06.25	00:00:00	1.17674	1.17763	1.17649	1.17734	446	0	17
2020.06.25	01:00:00	1.17734	1.17752	1.17682	1.17695	677	0	1
2020.06.25	02:00:00	1.17686	1.17714	1.17671	1.17688	819	0	4
2020.06.25	03:00:00	1.17690	1.17864	1.17673	1.17815	1880	0	4
2020.06.25	04:00:00	1.17815	1.17883	1.17755	1.17768	1657	0	1
2020.06.25	05:00:00	1.17768	1.17786	1.17692	1.17781	1607	0	2
2020.06.25	06:00:00	1.17780	1.17820	1.17714	1.17770	1397	0	4
2020.06.25	07:00:00	1.17774	1.17814	1.17747	1.17794	1287	0	4
2020.06.25	08:00:00	1.17795	1.17866	1.17765	1.17783	1312	0	6
2020.06.25	09:00:00	1.17783	1.17857	1.17682	1.17835	2272	0	1
2020.06.25	10:00:00	1.17833	1.17947	1.17706	1.17906	3188	0	1
2020.06.25	11:00:00	1.17909	1.18138	1.17840	1.18084	3179	0	1
2020.06.25	12:00:00	1.18086	1.18101	1.17865	1.18002	2661	0	1
2020.06.25	13:00:00	1.18002	1.18187	1.17897	1.18166	2884	0	1
2020.06.25	14:00:00	1.18166	1.18244	1.17965	1.17986	2956	0	1
2020.06.25	15:00:00	1.17985	1.18091	1.17901	1.17923	3258	0	1
2020.06.25	16:00:00	1.17919	1.18030	1.17657	1.17790	3610	0	1
2020.06.25	17:00:00	1.17789	1.17856	1.17619	1.17715	3836	0	1
2020.06.25	18:00:00	1.17716	1.17786	1.17635	1.17669	2659	0	1
2020.06.25	19:00:00	1.17668	1.17757	1.17638	1.17747	2048	0	2
2020.06.25	20:00:00	1.17748	1.17790	1.17693	1.17723	1828	0	2
2020.06.25	21:00:00	1.17723	1.17747	1.17658	1.17721	1776	0	1
2020.06.25	22:00:00	1.17724	1.17825	1.17716	1.17780	2363	0	3
2020.06.25	23:00:00	1.17780	1.17826	1.17750	1.17762	1086	0	3
2020.06.26	00:00:00	1.17753	1.17878	1.17686	1.17816	732	0	32
2020.06.26	01:00:00	1.17820	1.17824	1.17749	1.17770	577	0	5
2020.06.26	02:00:00	1.17770	1.17873	1.17770	1.17833	990	0	7
2020.06.26	03:00:00	1.17836	1.17842	1.17767	1.17829	1670	0	4
2020.06.26	04:00:00	1.17831	1.17845	1.17750	1.17766	1276	0	3
2020.06.26	05:00:00	1.17767	1.17783	1.17736	1.17748	1097	0	3
2020.06.26	06:00:00	1.17750	1.17833	1.17748	1.17809	1171	0	2
2020.06.26	07:00:00	1.17809	1.17919	1.17788	1.17820	1104	0	5
2020.06.26	08:00:00	1.17818	1.17882	1.17809	1.17831	940	0	5
2020.06.26	09:00:00	1.17828	1.17862	1.17710	1.17712	1710	0	2
2020.06.26	10:00:00	1.17713	1.17714	1.17580	1.17656	2581	0	1
2020.06.26	11:00:00	1.17656	1.17669	1.17492	1.17499	2657	0	1
2020.06.26	12:00:00	1.17496	1.17640	1.17339	1.17438	2508	0	1
2020.06.26	13:00:00	1.17439	1.17613	1.17410	1.17606	1983	0	1
2020.06.26	14:00:00	1.17607	1.17629	1.17423	1.17480	2208	0	1
2020.06.26	15:00:00	1.17479	1.17503	1.17268	1.17288	2932	0	1
2020.06.26	16:00:00	1.17286	1.17300	1.17157	1.17210	2802	0	1
2020.06.26	17:00:00	1.17210	1.17292	1.16894	1.16942	3693	0	1
2020.06.26	18:00:00	1.16954	1.17021	1.16852	1.16946	3061	0	1
2020.06.26	19:00:00	1.16942	1.16965	1.16823	1.16953	2693	0	1
2020.06.26	20:00:00	1.16953	1.17012	1.16884	1.16925	2105	0	2
2020.06.26	21:00:00	1.16924	1.16966	1.16885	1.16946	1612	0	1
2020.06.26	22:00:00	1.16946	1.16994	1.16906	1.16960	1789	0	3
2020.06.26	23:00:00	1.16966	1.16997	1.16881	1.16981	968	0	1
2020.06.29	00:00:00	1.16871	1.17003	1.16841	1.16889	425	0	12
2020.06.29	01:00:00	1.16912	1.16975	1.16844	1.16963	667	0	6
2020.06.29	02:00:00	1.16962	1.17005	1.16914	1.16985	796	0	2
2020.06.29	03:00:00	1.16985	1.17089	1.16907	1.17089	1189	0	1
2020.06.29	04:00:00	1.17086	1.17139	1.17058	1.17092	1557	0	1
2020.06.29	05:00:00	1.17092	1.17198	1.17066	1.17167	1307	0	2
2020.06.29	06:00:00	1.17167	1.17197	1.17145	1.17155	1166	0	2
2020.06.29	07:00:00	1.17154	1.17180	1.17093	1.17139	1136	0	1
2020.06.29	08:00:00	1.17133	1.17249	1.17106	1.17172	1554	0	2
2020.06.29	09:00:00	1.17173	1.17230	1.17091	1.17156	2170	0	1
2020.06.29	10:00:00	1.17157	1.17228	1.17041	1.17092	2829	0	1
2020.06.29	11:00:00	1.17093	1.17099	1.16724	1.16729	2287	0	1
2020.06.29	12:00:00	1.16729	1.16753	1.16560	1.16577	2272	0	1
2020.06.29	13:00:00	1.16578	1.16592	1.16311	1.16339	2529	0	1
2020.06.29	14:00:00	1.16341	1.16497	1.16305	1.16469	2184	0	1
2020.06.29	15:00:00	1.16469	1.16560	1.16331	1.16489	2231	0	1
2020.06.29	16:00:00	1.16489	1.16672	1.16418	1.16633	2645	0	1
2020.06.29	17:00:00	1.16630	1.16747	1.16498	1.16511	3471	0	1
2020.06.29	18:00:00	1.16511	1.16695	1.16396	1.16693	2968	0	2
2020.06.29	19:00:00	1.16694	1.16995	1.16658	1.16958	2465	0	1
2020.06.29	20:00:00	1.16965	1.17012	1.16903	1.16987	1738	0	1
2020.06.29	21:00:00	1.16987	1.17040	1.16867	1.16875	1262	0	2
2020.06.29	22:00:00	1.16879	1.16963	1.16869	1.16963	1406	0	2
2020.06.29	23:00:00	1.16966	1.16986	1.16933	1.16976	852	0	2
2020.06.30	00:00:00	1.16964	1.17021	1.16917	1.16962	507	0	16
2020.06.30	01:00:00	1.16970	1.17095	1.16970	1.17054	570	0	6
2020.06.30	02:00:00	1.17054	1.17130	1.17041	1.17085	713	0	5
2020.06.30	03:00:00	1.17087	1.17130	1.17036	1.17057	961	0	1
2020.06.30	04:00:00	1.17057	1.17083	1.17024	1.17050	911	0	4
2020.06.30	05:00:00	1.17053	1.17097	1.17011	1.17031	754	0	5
2020.06.30	06:00:00	1.17033	1.17095	1.17015	1.17060	817	0	5
2020.06.30	07:00:00	1.17060	1.17086	1.17016	1.17050	786	0	5
2020.06.30	08:00:00	1.17048	1.17054	1.16957	1.16957	1023	0	2
2020.06.30	09:00:00	1.16958	1.16991	1.16862	1.16888	1888	0	1
2020.06.30	10:00:00	1.16888	1.17016	1.16837	1.16949	2455	0	1
2020.06.30	11:00:00	1.16949	1.17032	1.16789	1.16819	2279	0	2
2020.06.30	12:00:00	1.16821	1.16847	1.16691	1.16775	2272	0	1
2020.06.30	13:00:00	1.16778	1.16848	1.16584	1.16628	2393	0	1
2020.06.30	14:00:00	1.16630	1.16772	1.16606	1.16766	2155	0	1
2020.06.30	15:00:00	1.16764	1.16810	1.16574	1.16796	2292	0	1
2020.06.30	16:00:00	1.16796	1.16966	1.16703	1.16858	3204	0	1
2020.06.30	17:00:00	1.16836	1.17248	1.16804	1.17066	4404	0	1
2020.06.30	18:00:00	1.17065	1.17284	1.17015	1.17102	3469	0	1
2020.06.30	19:00:00	1.17095	1.17295	1.16995	1.17236	2501	0	1
2020.06.30	20:00:00	1.17235	1.17284	1.17127	1.17173	1735	0	1
2020.06.30	21:00:00	1.17173	1.17399	1.17140	1.17397	1682	0	1
2020.06.30	22:00:00	1.17397	1.17412	1.17240	1.17390	1809	0	3
2020.06.30	23:00:00	1.17386	1.17487	1.17367	1.17465	1201	0	1
2020.07.01	00:00:00	1.17343	1.17443	1.17336	1.17414	523	0	22
2020.07.01	01:00:00	1.17415	1.17464	1.17374	1.17375	580	0	4
2020.07.01	02:00:00	1.17381	1.17389	1.17310	1.17333	597	0	1
2020.07.01	03:00:00	1.17332	1.17354	1.17284	1.17336	996	0	3
2020.07.01	04:00:00	1.17336	1.17364	1.17200	1.17282	1429	0	1
2020.07.01	05:00:00	1.17282	1.17296	1.17167	1.17187	1024	0	1
2020.07.01	06:00:00	1.17185	1.17293	1.17158	1.17158	924	0	4
2020.07.01	07:00:00	1.17161	1.17196	1.17044	1.17055	973	0	1
2020.07.01	08:00:00	1.17055	1.17157	1.17053	1.17139	1416	0	3
2020.07.01	09:00:00	1.17139	1.17340	1.17074	1.17285	1723	0	1
2020.07.01	10:00:00	1.17283	1.17366	1.17190	1.17235	2208	0	1
2020.07.01	11:00:00	1.17234	1.17462	1.17212	1.17297	2648	0	1
2020.07.01	12:00:00	1.17297	1.17570	1.17266	1.17517	2358	0	1
2020.07.01	13:00:00	1.17516	1.17786	1.17482	1.17520	2938	0	1
2020.07.01	14:00:00	1.17520	1.17573	1.17417	1.17455	3077	0	1
2020.07.01	15:00:00	1.17455	1.17725	1.17356	1.17689	3074	0	1
2020.07.01	16:00:00	1.17691	1.17801	1.17557	1.17671	3225	0	1
2020.07.01	17:00:00	1.17675	1.17814	1.17576	1.17744	3705	0	1
2020.07.01	18:00:00	1.17748	1.17979	1.17662	1.17950	3136	0	1
2020.07.01	19:00:00	1.17946	1.18150	1.17932	1.18021	2171	0	2
2020.07.01	20:00:00	1.18022	1.18097	1.17995	1.18048	1905	0	1
2020.07.01	21:00:00	1.18048	1.18081	1.17937	1.18028	1951	0	1
2020.07.01	22:00:00	1.18026	1.18141	1.17967	1.18020	1614	0	1
2020.07.01	23:00:00	1.18019	1.18029	1.17960	1.17988	795	0	5
2020.07.02	00:00:00	1.17908	1.18046	1.17901	1.17980	508	0	29
2020.07.02	01:00:00	1.17994	1.18016	1.17979	1.18009	568	0	7
2020.07.02	02:00:00	1.18009	1.18016	1.17874	1.17885	673	0	4
2020.07.02	03:00:00	1.17885	1.17972	1.17852	1.17966	1160	0	5
2020.07.02	04:00:00	1.17968	1.18141	1.17947	1.18051	1182	0	4
2020.07.02	05:00:00	1.18051	1.18122	1.18043	1.18118	1063	0	4
2020.07.02	06:00:00	1.18118	1.18131	1.18092	1.18110	857	0	5
2020.07.02	07:00:00	1.18110	1.18168	1.18105	1.18140	699	0	4
2020.07.02	08:00:00	1.18140	1.18147	1.18066	1.18113	1016	0	1
2020.07.02	09:00:00	1.18114	1.18253	1.18048	1.18069	1715	0	1
2020.07.02	10:00:00	1.18066	1.18170	1.17972	1.18076	2934	0	1
2020.07.02	11:00:00	1.18078	1.18131	1.17970	1.18086	2563	0	2
2020.07.02	12:00:00	1.18092	1.18170	1.18040	1.18097	1802	0	1
2020.07.02	13:00:00	1.18097	1.18207	1.17995	1.18009	2011	0	1
2020.07.02	14:00:00	1.18011	1.18118	1.17972	1.18097	2078	0	1
2020.07.02	15:00:00	1.18096	1.18232	1.17987	1.17998	3319	0	1
2020.07.02	16:00:00	1.17997	1.18052	1.17838	1.18041	3695	0	1
2020.07.02	17:00:00	1.18045	1.18122	1.17883	1.17905	3833	0	1
2020.07.02	18:00:00	1.17908	1.17976	1.17832	1.17890	3106	0	1
2020.07.02	19:00:00	1.17891	1.17933	1.17786	1.17907	2245	0	1
2020.07.02	20:00:00	1.17907	1.17943	1.17874	1.17909	1375	0	3
2020.07.02	21:00:00	1.17907	1.17919	1.17827	1.17874	1499	0	2
2020.07.02	22:00:00	1.17874	1.17892	1.17807	1.17824	1205	0	4
2020.07.02	23:00:00	1.17826	1.17872	1.17800	1.17867	974	0	1
2020.07.03	00:00:00	1.17887	1.17936	1.17838	1.17842	282	0	14
2020.07.03	01:00:00	1.17838	1.17908	1.17838	1.17907	473	0	7
2020.07.03	02:00:00	1.17898	1.17928	1.17866	1.17875	501	0	6
2020.07.03	03:00:00	1.17875	1.17895	1.17842	1.17872	854	0	3
2020.07.03	04:00:00	1.17875	1.17919	1.17836	1.17838	1339	0	1
2020.07.03	05:00:00	1.17839	1.17889	1.17805	1.17808	1058	0	3
2020.07.03	06:00:00	1.17807	1.17864	1.17802	1.17852	839	0	5
2020.07.03	07:00:00	1.17852	1.17886	1.17837	1.17851	1152	0	3
2020.07.03	08:00:00	1.17853	1.17933	1.17847	1.17927	1252	0	4
2020.07.03	09:00:00	1.17926	1.18085	1.17903	1.18023	1991	0	1
2020.07.03	10:00:00	1.18026	1.18085	1.17790	1.17931	2703	0	1
2020.07.03	11:00:00	1.17934	1.17990	1.17872	1.17945	2075	0	2
2020.07.03	12:00:00	1.17947	1.17947	1.17742	1.17858	1939	0	2
2020.07.03	13:00:00	1.17860	1.17941	1.17777	1.17895	1968	0	1
2020.07.03	14:00:00	1.17895	1.17922	1.17772	1.17828	1870	0	1
2020.07.03	15:00:00	1.17826	1.17905	1.17812	1.17847	1506	0	2
2020.07.03	16:00:00	1.17846	1.17934	1.17836	1.17907	1497	0	3
2020.07.03	17:00:00	1.17907	1.17934	1.17721	1.17804	2284	0	1
2020.07.03	18:00:00	1.17804	1.17881	1.17733	1.17850	1359	0	2
2020.07.03	19:00:00	1.17850	1.17870	1.17766	1.17832	1030	0	1
2020.07.03	20:00:00	1.17839	1.17884	1.17756	1.17848	2693	0	1
2020.07.03	21:00:00	1.17832	1.17918	1.17821	1.17891	1910	0	3
2020.07.03	22:00:00	1.17891	1.17949	1.17877	1.17897	1892	0	1
2020.07.03	23:00:00	1.17895	1.17946	1.17806	1.17873	1297	0	1
2020.07.06	00:00:00	1.17891	1.17917	1.17718	1.17843	237	0	58
2020.07.06	01:00:00	1.17832	1.17919	1.17795	1.17879	530	0	8
2020.07.06	02:00:00	1.17880	1.17918	1.17836	1.17881	595	0	5
2020.07.06	03:00:00	1.17881	1.17927	1.17800	1.17827	1147	0	1
2020.07.06	04:00:00	1.17835	1.17910	1.17791	1.17840	1254	0	3
2020.07.06	05:00:00	1.17841	1.17870	1.17763	1.17784	1101	0	1
2020.07.06	06:00:00	1.17786	1.17838	1.17754	1.17824	996	0	4
2020.07.06	07:00:00	1.17827	1.17874	1.17787	1.17810	1010	0	4
2020.07.06	08:00:00	1.17810	1.17863	1.17802	1.17850	1327	0	3
2020.07.06	09:00:00	1.17849	1.17919	1.17803	1.17867	2085	0	1
2020.07.06	10:00:00	1.17864	1.17905	1.17559	1.17605	3205	0	1
2020.07.06	11:00:00	1.17605	1.17792	1.17577	1.17678	2515	0	1
2020.07.06	12:00:00	1.17671	1.17801	1.17648	1.17732	2209	0	1
2020.07.06	13:00:00	1.17731	1.17751	1.17583	1.17679	1988	0	2
2020.07.06	14:00:00	1.17679	1.17743	1.17611	1.17617	2393	0	1
2020.07.06	15:00:00	1.17619	1.17631	1.17456	1.17466	2392	0	1
2020.07.06	16:00:00	1.17466	1.17548	1.17433	1.17505	2764	0	1
2020.07.06	17:00:00	1.17516	1.17610	1.17286	1.17551	3453	0	1
2020.07.06	18:00:00	1.17553	1.17656	1.17494	1.17519	2337	0	1
2020.07.06	19:00:00	1.17522	1.17571	1.17500	1.17524	1512	0	2
2020.07.06	20:00:00	1.17523	1.17664	1.17517	1.17625	1295	0	1
2020.07.06	21:00:00	1.17622	1.17686	1.17575	1.17653	1193	0	1
2020.07.06	22:00:00	1.17655	1.17721	1.17622	1.17674	1647	0	1
2020.07.06	23:00:00	1.17672	1.17701	1.17647	1.17681	806	0	4
2020.07.07	00:00:00	1.17667	1.17675	1.17565	1.17652	540	0	33
2020.07.07	01:00:00	1.17676	1.17689	1.17608	1.17677	408	0	10
2020.07.07	02:00:00	1.17680	1.17698	1.17667	1.17683	647	0	5
2020.07.07	03:00:00	1.17681	1.17822	1.17673	1.17794	1216	0	1
2020.07.07	04:00:00	1.17793	1.17814	1.17735	1.17769	1865	0	5
2020.07.07	05:00:00	1.17767	1.17832	1.17730	1.17769	1514	0	1
2020.07.07	06:00:00	1.17769	1.17859	1.17754	1.17857	1131	0	4
2020.07.07	07:00:00	1.17853	1.17907	1.17824	1.17895	991	0	3
2020.07.07	08:00:00	1.17895	1.17942	1.17810	1.17830	1451	0	1
2020.07.07	09:00:00	1.17819	1.17833	1.17683	1.17698	1839	0	1
2020.07.07	10:00:00	1.17699	1.17780	1.17506	1.17777	2939	0	1
2020.07.07	11:00:00	1.17779	1.17836	1.17666	1.17774	2930	0	1
2020.07.07	12:00:00	1.17772	1.17888	1.17729	1.17815	2332	0	1
2020.07.07	13:00:00	1.17817	1.17986	1.17812	1.17952	2286	0	1
2020.07.07	14:00:00	1.17954	1.18121	1.17937	1.18012	2489	0	1
2020.07.07	15:00:00	1.18019	1.18137	1.17995	1.18103	2288	0	1
2020.07.07	16:00:00	1.18100	1.18331	1.17962	1.18300	2923	0	1
2020.07.07	17:00:00	1.18303	1.18532	1.18264	1.18413	3676	0	1
2020.07.07	18:00:00	1.18416	1.18536	1.18281	1.18295	2667	0	1
2020.07.07	19:00:00	1.18295	1.18392	1.18244	1.18253	2101	0	1
2020.07.07	20:00:00	1.18252	1.18382	1.18252	1.18350	1819	0	1
2020.07.07	21:00:00	1.18351	1.18371	1.18250	1.18261	1603	0	3
2020.07.07	22:00:00	1.18261	1.18289	1.18155	1.18167	1926	0	1
2020.07.07	23:00:00	1.18169	1.18209	1.18146	1.18201	884	0	1
2020.07.08	00:00:00	1.18182	1.18300	1.18131	1.18268	328	0	50
2020.07.08	01:00:00	1.18244	1.18278	1.18187	1.18201	647	0	8
2020.07.08	02:00:00	1.18199	1.18242	1.18188	1.18194	498	0	3
2020.07.08	03:00:00	1.18196	1.18375	1.18170	1.18350	1511	0	2
2020.07.08	04:00:00	1.18350	1.18432	1.18275	1.18280	1653	0	3
2020.07.08	05:00:00	1.18280	1.18394	1.18265	1.18386	1273	0	2
2020.07.08	06:00:00	1.18386	1.18422	1.18344	1.18368	971	0	2
2020.07.08	07:00:00	1.18367	1.18408	1.18283	1.18328	819	0	3
2020.07.08	08:00:00	1.18327	1.18363	1.18295	1.18347	1115	0	5
2020.07.08	09:00:00	1.18347	1.18347	1.18227	1.18253	1938	0	2
2020.07.08	10:00:00	1.18253	1.18333	1.18120	1.18142	2835	0	1
2020.07.08	11:00:00	1.18141	1.18153	1.17906	1.17974	2733	0	1
2020.07.08	12:00:00	1.17980	1.17987	1.17823	1.17942	2676	0	1
2020.07.08	13:00:00	1.17942	1.18062	1.17915	1.17992	2067	0	1
2020.07.08	14:00:00	1.17992	1.18231	1.17939	1.18180	2163	0	1
2020.07.08	15:00:00	1.18181	1.18246	1.18018	1.18107	2606	0	1
2020.07.08	16:00:00	1.18109	1.18182	1.17991	1.18145	3169	0	1
2020.07.08	17:00:00	1.18142	1.18183	1.18039	1.18148	3559	0	1
2020.07.08	18:00:00	1.18149	1.18163	1.17978	1.18124	2997	0	1
2020.07.08	19:00:00	1.18122	1.18166	1.17992	1.18164	2501	0	1
2020.07.08	20:00:00	1.18164	1.18329	1.18155	1.18315	1986	0	1
2020.07.08	21:00:00	1.18314	1.18413	1.18313	1.18395	1741	0	1
2020.07.08	22:00:00	1.18387	1.18404	1.18324	1.18326	1927	0	1
2020.07.08	23:00:00	1.18330	1.18379	1.18292	1.18353	1010	0	1
2020.07.09	00:00:00	1.18323	1.18391	1.18282	1.18334	495	0	33
2020.07.09	01:00:00	1.18336	1.18350	1.18268	1.18319	502	0	6
2020.07.09	02:00:00	1.18322	1.18377	1.18310	1.18349	592	0	6
2020.07.09	03:00:00	1.18349	1.18405	1.18308	1.18345	1040	0	3
2020.07.09	04:00:00	1.18345	1.18363	1.18269	1.18286	1490	0	3
2020.07.09	05:00:00	1.18286	1.18304	1.18207	1.18230	1195	0	2
2020.07.09	06:00:00	1.18234	1.18310	1.18216	1.18304	1078	0	3
2020.07.09	07:00:00	1.18302	1.18334	1.18267	1.18310	1293	0	3
2020.07.09	08:00:00	1.18309	1.18340	1.18264	1.18322	1213	0	2
2020.07.09	09:00:00	1.18324	1.18461	1.18309	1.18458	1987	0	2
2020.07.09	10:00:00	1.18455	1.18550	1.18387	1.18417	2993	0	1
2020.07.09	11:00:00	1.18415	1.18617	1.18388	1.18612	2735	0	1
2020.07.09	12:00:00	1.18615	1.18819	1.18564	1.18712	2438	0	1
2020.07.09	13:00:00	1.18711	1.18734	1.18621	1.18668	2375	0	1
2020.07.09	14:00:00	1.18668	1.18704	1.18583	1.18625	2213	0	1
2020.07.09	15:00:00	1.18624	1.18725	1.18570	1.18668	2210	0	2
2020.07.09	16:00:00	1.18673	1.18793	1.18615	1.18767	2824	0	1
2020.07.09	17:00:00	1.18760	1.18768	1.18442	1.18566	4389	0	1
2020.07.09	18:00:00	1.18568	1.18610	1.18453	1.18539	3823	0	1
2020.07.09	19:00:00	1.18537	1.18654	1.18510	1.18569	2564	0	1
2020.07.09	20:00:00	1.18570	1.18657	1.18568	1.18598	1774	0	2
2020.07.09	21:00:00	1.18596	1.18695	1.18589	1.18666	1642	0	1
2020.07.09	22:00:00	1.18666	1.18686	1.18536	1.18581	1890	0	2
2020.07.09	23:00:00	1.18579	1.18636	1.18514	1.18544	1477	0	1
2020.07.10	00:00:00	1.18518	1.18597	1.18472	1.18522	332	0	31
2020.07.10	01:00:00	1.18515	1.18560	1.18493	1.18520	575	0	8
2020.07.10	02:00:00	1.18511	1.18563	1.18466	1.18534	486	0	4
2020.07.10	03:00:00	1.18541	1.18591	1.18416	1.18475	1303	0	3
2020.07.10	04:00:00	1.18475	1.18557	1.18465	1.18546	1423	0	3
2020.07.10	05:00:00	1.18547	1.18560	1.18498	1.18531	931	0	2
2020.07.10	06:00:00	1.18531	1.18591	1.18530	1.18578	715	0	2
2020.07.10	07:00:00	1.18578	1.18582	1.18503	1.18512	858	0	4
2020.07.10	08:00:00	1.18513	1.18564	1.18478	1.18530	1191	0	5
2020.07.10	09:00:00	1.18530	1.18602	1.18473	1.18551	1815	0	1
2020.07.10	10:00:00	1.18560	1.18686	1.18468	1.18607	2572	0	1
2020.07.10	11:00:00	1.18609	1.18634	1.18492	1.18634	2352	0	1
2020.07.10	12:00:00	1.18634	1.18791	1.18584	1.18728	2208	0	1
2020.07.10	13:00:00	1.18729	1.18831	1.18666	1.18760	2032	0	1
2020.07.10	14:00:00	1.18756	1.18866	1.18652	1.18655	1964	0	1
2020.07.10	15:00:00	1.18657	1.18786	1.18589	1.18746	2176	0	1
2020.07.10	16:00:00	1.18745	1.18998	1.18744	1.18794	3263	0	1
2020.07.10	17:00:00	1.18794	1.18952	1.18774	1.18926	3278	0	1
2020.07.10	18:00:00	1.18926	1.18965	1.18791	1.18876	2397	0	1
2020.07.10	19:00:00	1.18874	1.18885	1.18722	1.18790	1971	0	1
2020.07.10	20:00:00	1.18790	1.18901	1.18771	1.18893	1522	0	2
2020.07.10	21:00:00	1.18894	1.18911	1.18848	1.18889	1096	0	2
2020.07.10	22:00:00	1.18889	1.18916	1.18842	1.18868	1358	0	1
2020.07.10	23:00:00	1.18867	1.18877	1.18782	1.18803	998	0	3
2020.07.13	00:00:00	1.18366	1.18911	1.18366	1.18809	319	0	75
2020.07.13	01:00:00	1.18804	1.18834	1.18713	1.18833	786	0	7
2020.07.13	02:00:00	1.18833	1.18836	1.18739	1.18754	939	0	5
2020.07.13	03:00:00	1.18754	1.18878	1.18750	1.18862	994	0	1
2020.07.13	04:00:00	1.18862	1.18914	1.18845	1.18856	1295	0	1
2020.07.13	05:00:00	1.18853	1.18943	1.18850	1.18899	986	0	3
2020.07.13	06:00:00	1.18895	1.18932	1.18885	1.18912	1039	0	1
2020.07.13	07:00:00	1.18912	1.18953	1.18902	1.18929	706	0	3
2020.07.13	08:00:00	1.18929	1.19022	1.18918	1.18973	1117	0	1
2020.07.13	09:00:00	1.18976	1.19003	1.18858	1.18955	1579	0	1
2020.07.13	10:00:00	1.18955	1.18975	1.18713	1.18742	2454	0	1
2020.07.13	11:00:00	1.18740	1.18810	1.18663	1.18762	2152	0	1
2020.07.13	12:00:00	1.18766	1.18787	1.18632	1.18718	2009	0	1
2020.07.13	13:00:00	1.18719	1.18804	1.18610	1.18725	2005	0	1
2020.07.13	14:00:00	1.18725	1.18782	1.18654	1.18744	2117	0	1
2020.07.13	15:00:00	1.18742	1.18915	1.18719	1.18851	2037	0	1
2020.07.13	16:00:00	1.18852	1.18899	1.18708	1.18721	2591	0	1
2020.07.13	17:00:00	1.18725	1.18905	1.18682	1.18790	2789	0	1
2020.07.13	18:00:00	1.18787	1.18837	1.18665	1.18688	2399	0	1
2020.07.13	19:00:00	1.18687	1.18698	1.18558	1.18627	1903	0	1
2020.07.13	20:00:00	1.18630	1.18653	1.18476	1.18481	1483	0	2
2020.07.13	21:00:00	1.18488	1.18505	1.18366	1.18379	2050	0	1
2020.07.13	22:00:00	1.18379	1.18397	1.18210	1.18216	3110	0	1
2020.07.13	23:00:00	1.18215	1.18228	1.18177	1.18192	1210	0	1
2020.07.14	00:00:00	1.18270	1.18278	1.18183	1.18211	590	0	19
2020.07.14	01:00:00	1.18209	1.18286	1.18198	1.18262	619	0	7
2020.07.14	02:00:00	1.18263	1.18292	1.18204	1.18212	787	0	3
2020.07.14	03:00:00	1.18219	1.18236	1.18164	1.18204	1163	0	1
2020.07.14	04:00:00	1.18208	1.18246	1.18155	1.18217	1211	0	3
2020.07.14	05:00:00	1.18222	1.18248	1.18142	1.18185	1148	0	3
2020.07.14	06:00:00	1.18186	1.18248	1.18185	1.18248	766	0	3
2020.07.14	07:00:00	1.18249	1.18260	1.18207	1.18242	752	0	4
2020.07.14	08:00:00	1.18242	1.18275	1.18176	1.18190	898	0	2
2020.07.14	09:00:00	1.18194	1.18214	1.17964	1.17978	1693	0	1
2020.07.14	10:00:00	1.17976	1.18003	1.17656	1.17748	2683	0	1
2020.07.14	11:00:00	1.17749	1.17827	1.17615	1.17702	2288	0	1
2020.07.14	12:00:00	1.17694	1.17702	1.17474	1.17670	2492	0	1
2020.07.14	13:00:00	1.17667	1.17689	1.17606	1.17686	2147	0	1
2020.07.14	14:00:00	1.17686	1.17786	1.17636	1.17707	1969	0	1
2020.07.14	15:00:00	1.17710	1.17826	1.17569	1.17570	2299	0	1
2020.07.14	16:00:00	1.17569	1.17596	1.17323	1.17493	3682	0	1
2020.07.14	17:00:00	1.17495	1.17658	1.17388	1.17637	4146	0	1
2020.07.14	18:00:00	1.17636	1.17805	1.17593	1.17740	3167	0	1
2020.07.14	19:00:00	1.17740	1.17828	1.17695	1.17755	2145	0	1
2020.07.14	20:00:00	1.17755	1.17920	1.17744	1.17886	2021	0	2
2020.07.14	21:00:00	1.17892	1.17958	1.17839	1.17922	2352	0	1
2020.07.14	22:00:00	1.17919	1.18050	1.17886	1.18036	2278	0	2
2020.07.14	23:00:00	1.18031	1.18069	1.18009	1.18017	831	0	1
2020.07.15	00:00:00	1.17938	1.18078	1.17903	1.17965	602	0	46
2020.07.15	01:00:00	1.17987	1.18114	1.17957	1.18103	815	0	7
2020.07.15	02:00:00	1.18114	1.18123	1.18052	1.18078	766	0	3
2020.07.15	03:00:00	1.18078	1.18223	1.18074	1.18222	1501	0	1
2020.07.15	04:00:00	1.18217	1.18290	1.18185	1.18263	1636	0	1
2020.07.15	05:00:00	1.18263	1.18317	1.18242	1.18258	1166	0	1
2020.07.15	06:00:00	1.18253	1.18254	1.18156	1.18198	1205	0	2
2020.07.15	07:00:00	1.18197	1.18283	1.18186	1.18266	990	0	2
2020.07.15	08:00:00	1.18266	1.18301	1.18235	1.18248	1128	0	4
2020.07.15	09:00:00	1.18253	1.18366	1.18238	1.18240	1748	0	1
2020.07.15	10:00:00	1.18240	1.18337	1.18120	1.18156	2777	0	1
2020.07.15	11:00:00	1.18156	1.18399	1.18136	1.18311	2830	0	1
2020.07.15	12:00:00	1.18315	1.18458	1.18294	1.18457	2520	0	1
2020.07.15	13:00:00	1.18458	1.18798	1.18432	1.18789	2869	0	1
2020.07.15	14:00:00	1.18794	1.18960	1.18794	1.18958	2436	0	1
2020.07.15	15:00:00	1.18958	1.19113	1.18905	1.19067	2268	0	1
2020.07.15	16:00:00	1.19066	1.19125	1.18780	1.18793	3103	0	1
2020.07.15	17:00:00	1.18791	1.19147	1.18710	1.19135	3504	0	1
2020.07.15	18:00:00	1.19129	1.19158	1.18779	1.18794	3250	0	1
2020.07.15	19:00:00	1.18794	1.18898	1.18709	1.18849	2392	0	1
2020.07.15	20:00:00	1.18848	1.19002	1.18848	1.18919	1673	0	1
2020.07.15	21:00:00	1.18918	1.19039	1.18900	1.18948	1641	0	1
2020.07.15	22:00:00	1.18950	1.18999	1.18941	1.18968	1747	0	1
2020.07.15	23:00:00	1.18968	1.18980	1.18881	1.18893	754	0	1
2020.07.16	00:00:00	1.18813	1.18921	1.18811	1.18885	399	0	25
2020.07.16	01:00:00	1.18887	1.18915	1.18843	1.18899	569	0	9
2020.07.16	02:00:00	1.18900	1.18900	1.18851	1.18852	617	0	4
2020.07.16	03:00:00	1.18847	1.18889	1.18787	1.18829	1370	0	1
2020.07.16	04:00:00	1.18825	1.18893	1.18801	1.18826	1482	0	1
2020.07.16	05:00:00	1.18830	1.18857	1.18616	1.18683	1378	0	3
2020.07.16	06:00:00	1.18681	1.18756	1.18665	1.18749	1000	0	2
2020.07.16	07:00:00	1.18750	1.18756	1.18698	1.18718	907	0	4
2020.07.16	08:00:00	1.18720	1.18738	1.18636	1.18724	1205	0	3
2020.07.16	09:00:00	1.18728	1.18778	1.18573	1.18573	1835	0	1
2020.07.16	10:00:00	1.18575	1.18634	1.18518	1.18557	2720	0	1
2020.07.16	11:00:00	1.18557	1.18591	1.18354	1.18505	2643	0	1
2020.07.16	12:00:00	1.18506	1.18598	1.18412	1.18431	2095	0	1
2020.07.16	13:00:00	1.18431	1.18640	1.18430	1.18522	1964	0	1
2020.07.16	14:00:00	1.18524	1.18736	1.18509	1.18672	2184	0	1
2020.07.16	15:00:00	1.18671	1.18845	1.18651	1.18756	2738	0	1
2020.07.16	16:00:00	1.18754	1.18943	1.18729	1.18889	3169	0	1
2020.07.16	17:00:00	1.18889	1.18934	1.18751	1.18865	3423	0	1
2020.07.16	18:00:00	1.18865	1.19075	1.18851	1.19042	2622	0	1
2020.07.16	19:00:00	1.19043	1.19046	1.18751	1.18761	2147	0	1
2020.07.16	20:00:00	1.18764	1.18795	1.18585	1.18588	2466	0	1
2020.07.16	21:00:00	1.18589	1.18638	1.18536	1.18544	2111	0	1
2020.07.16	22:00:00	1.18546	1.18668	1.18527	1.18665	2148	0	2
2020.07.16	23:00:00	1.18662	1.18716	1.18586	1.18699	1190	0	3
2020.07.17	00:00:00	1.18708	1.18751	1.18608	1.18646	519	0	16
2020.07.17	01:00:00	1.18670	1.18725	1.18659	1.18708	463	0	8
2020.07.17	02:00:00	1.18715	1.18737	1.18700	1.18726	654	0	3
2020.07.17	03:00:00	1.18725	1.18798	1.18725	1.18773	1212	0	3
2020.07.17	04:00:00	1.18774	1.18811	1.18723	1.18804	1482	0	4
2020.07.17	05:00:00	1.18799	1.18835	1.18775	1.18795	1046	0	1
2020.07.17	06:00:00	1.18793	1.18802	1.18737	1.18739	764	0	2
2020.07.17	07:00:00	1.18739	1.18771	1.18713	1.18728	664	0	1
2020.07.17	08:00:00	1.18729	1.18746	1.18625	1.18639	877	0	2
2020.07.17	09:00:00	1.18647	1.18691	1.18562	1.18598	1318	0	2
2020.07.17	10:00:00	1.18602	1.18643	1.18512	1.18559	1983	0	2
2020.07.17	11:00:00	1.18565	1.18591	1.18355	1.18447	2085	0	1
2020.07.17	12:00:00	1.18445	1.18447	1.18209	1.18223	2009	0	1
2020.07.17	13:00:00	1.18221	1.18234	1.18030	1.18138	1524	0	1
2020.07.17	14:00:00	1.18138	1.18154	1.18008	1.18099	1663	0	1
2020.07.17	15:00:00	1.18101	1.18121	1.17718	1.17780	2042	0	1
2020.07.17	16:00:00	1.17778	1.17903	1.17718	1.17793	2349	0	1
2020.07.17	17:00:00	1.17793	1.17828	1.17659	1.17806	2679	0	1
2020.07.17	18:00:00	1.17808	1.17862	1.17743	1.17814	1912	0	1
2020.07.17	19:00:00	1.17815	1.17944	1.17813	1.17885	1641	0	1
2020.07.17	20:00:00	1.17884	1.17929	1.17828	1.17912	1458	0	2
2020.07.17	21:00:00	1.17910	1.18000	1.17910	1.17923	1158	0	1
2020.07.17	22:00:00	1.17920	1.17977	1.17895	1.17932	1315	0	2
2020.07.17	23:00:00	1.17932	1.17988	1.17905	1.17979	826	0	3
2020.07.20	00:00:00	1.17983	1.18102	1.17830	1.18091	396	0	69
2020.07.20	01:00:00	1.18092	1.18092	1.17935	1.17944	729	0	2
2020.07.20	02:00:00	1.17949	1.17964	1.17924	1.17960	675	0	3
2020.07.20	03:00:00	1.17960	1.17973	1.17894	1.17922	1183	0	2
2020.07.20	04:00:00	1.17924	1.17956	1.17732	1.17777	1819	0	1
2020.07.20	05:00:00	1.17778	1.17802	1.17720	1.17725	1203	0	1
2020.07.20	06:00:00	1.17723	1.17746	1.17677	1.17682	1152	0	3
2020.07.20	07:00:00	1.17682	1.17718	1.17601	1.17621	1003	0	2
2020.07.20	08:00:00	1.17621	1.17793	1.17603	1.17770	1673	0	2
2020.07.20	09:00:00	1.17765	1.17948	1.17727	1.17902	2172	0	1
2020.07.20	10:00:00	1.17899	1.18241	1.17895	1.18092	3004	0	1
2020.07.20	11:00:00	1.18098	1.18289	1.18098	1.18250	2547	0	1
2020.07.20	12:00:00	1.18248	1.18326	1.18248	1.18257	1986	0	1
2020.07.20	13:00:00	1.18254	1.18384	1.18213	1.18263	2033	0	1
2020.07.20	14:00:00	1.18263	1.18551	1.18259	1.18508	2409	0	1
2020.07.20	15:00:00	1.18511	1.18609	1.18416	1.18580	2554	0	1
2020.07.20	16:00:00	1.18579	1.18803	1.18521	1.18608	3150	0	1
2020.07.20	17:00:00	1.18608	1.18821	1.18579	1.18810	3067	0	1
2020.07.20	18:00:00	1.18808	1.18865	1.18668	1.18841	2255	0	1
2020.07.20	19:00:00	1.18841	1.18869	1.18832	1.18866	1451	0	2
2020.07.20	20:00:00	1.18868	1.18966	1.18812	1.18950	1378	0	1
2020.07.20	21:00:00	1.18950	1.19020	1.18913	1.18968	1196	0	1
2020.07.20	22:00:00	1.18967	1.18967	1.18829	1.18829	1330	0	1
2020.07.20	23:00:00	1.18829	1.18878	1.18805	1.18838	737	0	3
2020.07.21	00:00:00	1.18861	1.18932	1.18848	1.18885	531	0	39
2020.07.21	01:00:00	1.18869	1.18887	1.18831	1.18869	409	0	3
2020.07.21	02:00:00	1.18869	1.18888	1.18856	1.18866	681	0	4
2020.07.21	03:00:00	1.18864	1.19040	1.18859	1.18976	1319	0	3
2020.07.21	04:00:00	1.18977	1.19026	1.18915	1.18934	1255	0	2
2020.07.21	05:00:00	1.18933	1.18977	1.18911	1.18950	960	0	1
2020.07.21	06:00:00	1.18952	1.18959	1.18886	1.18913	1701	0	1
2020.07.21	07:00:00	1.18912	1.18914	1.18832	1.18872	1326	0	3
2020.07.21	08:00:00	1.18872	1.19066	1.18872	1.19060	1197	0	2
2020.07.21	09:00:00	1.19057	1.19170	1.19005	1.19082	2229	0	1
2020.07.21	10:00:00	1.19086	1.19206	1.18888	1.18903	3332	0	1
2020.07.21	11:00:00	1.18900	1.19195	1.18881	1.19149	2368	0	1
2020.07.21	12:00:00	1.19153	1.19174	1.18989	1.19007	2223	0	1
2020.07.21	13:00:00	1.19008	1.19117	1.18892	1.19089	2277	0	1
2020.07.21	14:00:00	1.19083	1.19207	1.19019	1.19182	2415	0	1
2020.07.21	15:00:00	1.19178	1.19289	1.19148	1.19193	2400	0	1
2020.07.21	16:00:00	1.19190	1.19313	1.18966	1.19267	3120	0	1
2020.07.21	17:00:00	1.19269	1.19370	1.19176	1.19319	3670	0	1
2020.07.21	18:00:00	1.19320	1.19368	1.18909	1.18950	2611	0	1
2020.07.21	19:00:00	1.18950	1.19008	1.18870	1.18870	2496	0	1
2020.07.21	20:00:00	1.18865	1.19022	1.18827	1.19005	1867	0	1
2020.07.21	21:00:00	1.19003	1.19038	1.18901	1.19013	1802	0	1
2020.07.21	22:00:00	1.19010	1.19048	1.18795	1.18797	2465	0	1
2020.07.21	23:00:00	1.18797	1.18866	1.18742	1.18755	1013	0	1
2020.07.22	00:00:00	1.18752	1.18803	1.18575	1.18643	756	0	19
2020.07.22	01:00:00	1.18666	1.18759	1.18666	1.18741	584	0	5
2020.07.22	02:00:00	1.18746	1.18747	1.18655	1.18724	929	0	1
2020.07.22	03:00:00	1.18730	1.18797	1.18716	1.18755	1336	0	3
2020.07.22	04:00:00	1.18752	1.18766	1.18627	1.18650	1656	0	2
2020.07.22	05:00:00	1.18651	1.18651	1.18571	1.18625	1120	0	2
2020.07.22	06:00:00	1.18625	1.18646	1.18579	1.18627	1043	0	4
2020.07.22	07:00:00	1.18627	1.18644	1.18566	1.18571	921	0	3
2020.07.22	08:00:00	1.18570	1.18601	1.18528	1.18593	1247	0	2
2020.07.22	09:00:00	1.18589	1.18671	1.18467	1.18470	2363	0	1
2020.07.22	10:00:00	1.18474	1.18550	1.18192	1.18286	3481	0	1
2020.07.22	11:00:00	1.18286	1.18302	1.18100	1.18240	3449	0	1
2020.07.22	12:00:00	1.18240	1.18366	1.18066	1.18366	2526	0	1
2020.07.22	13:00:00	1.18370	1.18377	1.18081	1.18334	2664	0	1
2020.07.22	14:00:00	1.18334	1.18427	1.18218	1.18281	2441	0	1
2020.07.22	15:00:00	1.18307	1.18471	1.18269	1.18350	2658	0	1
2020.07.22	16:00:00	1.18353	1.18382	1.18124	1.18337	3480	0	1
2020.07.22	17:00:00	1.18337	1.18506	1.18253	1.18291	3450	0	1
2020.07.22	18:00:00	1.18296	1.18359	1.18228	1.18228	2834	0	1
2020.07.22	19:00:00	1.18228	1.18374	1.18199	1.18371	2317	0	1
2020.07.22	20:00:00	1.18369	1.18443	1.18350	1.18366	1988	0	2
2020.07.22	21:00:00	1.18366	1.18441	1.18335	1.18431	1507	0	1
2020.07.22	22:00:00	1.18428	1.18449	1.18362	1.18413	1705	0	1
2020.07.22	23:00:00	1.18414	1.18458	1.18394	1.18419	854	0	2
2020.07.23	00:00:00	1.18230	1.18424	1.18200	1.18271	769	0	46
2020.07.23	01:00:00	1.18271	1.18377	1.18265	1.18370	682	0	4
2020.07.23	02:00:00	1.18370	1.18413	1.18337	1.18347	1062	0	2
2020.07.23	03:00:00	1.18351	1.18369	1.18291	1.18304	1255	0	2
2020.07.23	04:00:00	1.18304	1.18356	1.18260	1.18327	1522	0	4
2020.07.23	05:00:00	1.18324	1.18327	1.18258	1.18261	1095	0	3
2020.07.23	06:00:00	1.18262	1.18300	1.18239	1.18249	929	0	2
2020.07.23	07:00:00	1.18254	1.18317	1.18251	1.18294	852	0	3
2020.07.23	08:00:00	1.18296	1.18307	1.18243	1.18301	1059	0	2
2020.07.23	09:00:00	1.18301	1.18380	1.18206	1.18225	2137	0	1
2020.07.23	10:00:00	1.18224	1.18265	1.18021	1.18171	3054	0	1
2020.07.23	11:00:00	1.18171	1.18184	1.17944	1.18035	2830	0	1
2020.07.23	12:00:00	1.18038	1.18092	1.17940	1.17978	2078	0	1
2020.07.23	13:00:00	1.17978	1.18075	1.17832	1.17840	2165	0	1
2020.07.23	14:00:00	1.17840	1.17909	1.17620	1.17650	2405	0	1
2020.07.23	15:00:00	1.17653	1.17870	1.17611	1.17678	3089	0	1
2020.07.23	16:00:00	1.17675	1.17862	1.17610	1.17862	3040	0	1
2020.07.23	17:00:00	1.17856	1.18039	1.17704	1.17980	3270	0	1
2020.07.23	18:00:00	1.17975	1.18117	1.17880	1.18006	3637	0	1
2020.07.23	19:00:00	1.18008	1.18032	1.17863	1.17868	2932	0	1
2020.07.23	20:00:00	1.17869	1.17907	1.17821	1.17900	2602	0	2
2020.07.23	21:00:00	1.17898	1.17922	1.17837	1.17914	3168	0	1
2020.07.23	22:00:00	1.17914	1.17983	1.17898	1.17901	3074	0	1
2020.07.23	23:00:00	1.17900	1.17932	1.17863	1.17869	1184	0	1
2020.07.24	00:00:00	1.17824	1.17888	1.17786	1.17834	414	0	37
2020.07.24	01:00:00	1.17847	1.17902	1.17847	1.17876	538	0	5
2020.07.24	02:00:00	1.17876	1.17876	1.17782	1.17794	732	0	5
2020.07.24	03:00:00	1.17789	1.17906	1.17768	1.17906	1482	0	3
2020.07.24	04:00:00	1.17906	1.18003	1.17862	1.17931	1547	0	2
2020.07.24	05:00:00	1.17928	1.17929	1.17864	1.17915	1166	0	3
2020.07.24	06:00:00	1.17917	1.17930	1.17747	1.17797	1455	0	3
2020.07.24	07:00:00	1.17798	1.17808	1.17706	1.17751	1441	0	3
2020.07.24	08:00:00	1.17752	1.17824	1.17693	1.17775	1670	0	1
2020.07.24	09:00:00	1.17775	1.17854	1.17715	1.17777	2199	0	1
2020.07.24	10:00:00	1.17769	1.17904	1.17542	1.17841	3515	0	1
2020.07.24	11:00:00	1.17843	1.17939	1.17717	1.17813	3277	0	1
2020.07.24	12:00:00	1.17813	1.17873	1.17746	1.17747	2507	0	1
2020.07.24	13:00:00	1.17746	1.17846	1.17700	1.17757	2519	0	1
2020.07.24	14:00:00	1.17761	1.18005	1.17761	1.17894	2449	0	1
2020.07.24	15:00:00	1.17893	1.17962	1.17856	1.17895	2563	0	1
2020.07.24	16:00:00	1.17893	1.18004	1.17867	1.17899	3541	0	1
2020.07.24	17:00:00	1.17897	1.18177	1.17889	1.18046	3806	0	1
2020.07.24	18:00:00	1.18030	1.18068	1.17882	1.17948	2927	0	1
2020.07.24	19:00:00	1.17949	1.17971	1.17881	1.17935	2019	0	2
2020.07.24	20:00:00	1.17936	1.17955	1.17854	1.17933	1663	0	1
2020.07.24	21:00:00	1.17933	1.18014	1.17913	1.17947	1493	0	1
2020.07.24	22:00:00	1.17950	1.18014	1.17892	1.17979	1692	0	2
2020.07.24	23:00:00	1.17979	1.17999	1.17807	1.17825	1152	0	3
2020.07.27	00:00:00	1.17849	1.17862	1.17700	1.17845	177	0	81
2020.07.27	01:00:00	1.17866	1.17904	1.17782	1.17852	844	0	7
2020.07.27	02:00:00	1.17854	1.17915	1.17824	1.17842	1533	0	4
2020.07.27	03:00:00	1.17842	1.17918	1.17758	1.17853	1993	0	1
2020.07.27	04:00:00	1.17853	1.17937	1.17835	1.17921	1935	0	2
2020.07.27	05:00:00	1.17921	1.18022	1.17847	1.17932	1905	0	1
2020.07.27	06:00:00	1.17935	1.17945	1.17785	1.17791	2103	0	2
2020.07.27	07:00:00	1.17791	1.17887	1.17771	1.17789	1136	0	2
2020.07.27	08:00:00	1.17792	1.17792	1.17716	1.17750	1219	0	1
2020.07.27	09:00:00	1.17750	1.17757	1.17593	1.17593	2514	0	1
2020.07.27	10:00:00	1.17593	1.17894	1.17537	1.17876	3088	0	1
2020.07.27	11:00:00	1.17874	1.18185	1.17851	1.18185	3074	0	1
2020.07.27	12:00:00	1.18185	1.18391	1.18045	1.18200	2727	0	1
2020.07.27	13:00:00	1.18201	1.18469	1.18158	1.18452	2826	0	1
2020.07.27	14:00:00	1.18453	1.18726	1.18453	1.18697	2762	0	1
2020.07.27	15:00:00	1.18706	1.18771	1.18342	1.18510	3197	0	1
2020.07.27	16:00:00	1.18510	1.18649	1.18444	1.18487	2969	0	1
2020.07.27	17:00:00	1.18491	1.18578	1.18300	1.18537	3432	0	1
2020.07.27	18:00:00	1.18535	1.18640	1.18456	1.18611	2718	0	1
2020.07.27	19:00:00	1.18611	1.18615	1.18509	1.18517	2440	0	1
2020.07.27	20:00:00	1.18521	1.18580	1.18433	1.18467	1828	0	1
2020.07.27	21:00:00	1.18463	1.18495	1.18390	1.18460	1705	0	1
2020.07.27	22:00:00	1.18469	1.18562	1.18453	1.18472	2002	0	1
2020.07.27	23:00:00	1.18472	1.18508	1.18411	1.18484	922	0	2
2020.07.28	00:00:00	1.18638	1.18681	1.18473	1.18560	1183	0	21
2020.07.28	01:00:00	1.18555	1.18581	1.18487	1.18562	932	0	1
2020.07.28	02:00:00	1.18553	1.18579	1.18439	1.18519	1299	0	2
2020.07.28	03:00:00	1.18529	1.18571	1.18484	1.18524	1536	0	2
2020.07.28	04:00:00	1.18526	1.18692	1.18526	1.18621	2030	0	1
2020.07.28	05:00:00	1.18621	1.18684	1.18565	1.18599	1699	0	2
2020.07.28	06:00:00	1.18600	1.18605	1.18483	1.18515	2592	0	1
2020.07.28	07:00:00	1.18513	1.18521	1.18450	1.18488	1779	0	1
2020.07.28	08:00:00	1.18486	1.18548	1.18456	1.18535	1736	0	1
2020.07.28	09:00:00	1.18541	1.18577	1.18389	1.18437	2322	0	1
2020.07.28	10:00:00	1.18439	1.18594	1.18351	1.18555	3158	0	1
2020.07.28	11:00:00	1.18555	1.18623	1.18395	1.18500	2901	0	1
2020.07.28	12:00:00	1.18500	1.18580	1.18286	1.18327	2440	0	1
2020.07.28	13:00:00	1.18324	1.18371	1.18163	1.18299	2236	0	1
2020.07.28	14:00:00	1.18300	1.18327	1.18166	1.18245	2509	0	1
2020.07.28	15:00:00	1.18246	1.18280	1.18028	1.18062	2687	0	1
2020.07.28	16:00:00	1.18062	1.18387	1.17980	1.18342	3455	0	1
2020.07.28	17:00:00	1.18340	1.18758	1.18340	1.18727	3985	0	1
2020.07.28	18:00:00	1.18730	1.18803	1.18690	1.18730	3084	0	1
2020.07.28	19:00:00	1.18730	1.18731	1.18628	1.18692	2049	0	1
2020.07.28	20:00:00	1.18692	1.18786	1.18678	1.18784	1482	0	1
2020.07.28	21:00:00	1.18785	1.18800	1.18733	1.18766	1734	0	1
2020.07.28	22:00:00	1.18766	1.18768	1.18704	1.18718	1832	0	1
2020.07.28	23:00:00	1.18726	1.18755	1.18629	1.18691	983	0	1
2020.07.29	00:00:00	1.18643	1.18753	1.18580	1.18591	1033	0	41
2020.07.29	01:00:00	1.18591	1.18707	1.18591	1.18654	811	0	5
2020.07.29	02:00:00	1.18653	1.18689	1.18612	1.18639	695	0	4
2020.07.29	03:00:00	1.18634	1.18767	1.18629	1.18718	1263	0	3
2020.07.29	04:00:00	1.18718	1.18736	1.18590	1.18628	1441	0	1
2020.07.29	05:00:00	1.18628	1.18650	1.18567	1.18588	1341	0	3
2020.07.29	06:00:00	1.18591	1.18675	1.18509	1.18541	1407	0	3
2020.07.29	07:00:00	1.18542	1.18588	1.18498	1.18536	1145	0	2
2020.07.29	08:00:00	1.18531	1.18553	1.18472	1.18489	1278	0	1
2020.07.29	09:00:00	1.18489	1.18579	1.18470	1.18579	1880	0	2
2020.07.29	10:00:00	1.18579	1.18705	1.18421	1.18635	3119	0	1
2020.07.29	11:00:00	1.18635	1.18720	1.18531	1.18708	2444	0	1
2020.07.29	12:00:00	1.18709	1.18808	1.18672	1.18763	2345	0	1
2020.07.29	13:00:00	1.18761	1.19007	1.18746	1.18920	2224	0	1
2020.07.29	14:00:00	1.18931	1.19122	1.18929	1.19050	2535	0	1
2020.07.29	15:00:00	1.19050	1.19198	1.18964	1.19110	2904	0	1
2020.07.29	16:00:00	1.19111	1.19141	1.18828	1.18952	3057	0	1
2020.07.29	17:00:00	1.18950	1.18961	1.18510	1.18569	3325	0	1
2020.07.29	18:00:00	1.18568	1.18678	1.18501	1.18585	2629	0	1
2020.07.29	19:00:00	1.18586	1.18610	1.18452	1.18511	1993	0	1
2020.07.29	20:00:00	1.18506	1.18701	1.18494	1.18654	2071	0	1
2020.07.29	21:00:00	1.18654	1.18701	1.18454	1.18461	3875	0	1
2020.07.29	22:00:00	1.18460	1.18683	1.18445	1.18583	3695	0	1
2020.07.29	23:00:00	1.18581	1.18622	1.18549	1.18582	1136	0	1
2020.07.30	00:00:00	1.18486	1.18627	1.18475	1.18591	355	0	12
2020.07.30	01:00:00	1.18591	1.18601	1.18493	1.18494	521	0	5
2020.07.30	02:00:00	1.18494	1.18532	1.18425	1.18438	1170	0	2
2020.07.30	03:00:00	1.18439	1.18531	1.18434	1.18523	1603	0	2
2020.07.30	04:00:00	1.18523	1.18554	1.18503	1.18539	1772	0	1
2020.07.30	05:00:00	1.18540	1.18554	1.18457	1.18498	1233	0	1
2020.07.30	06:00:00	1.18494	1.18520	1.18465	1.18482	1198	0	2
2020.07.30	07:00:00	1.18480	1.18504	1.18450	1.18467	1147	0	4
2020.07.30	08:00:00	1.18463	1.18471	1.18372	1.18412	1594	0	1
2020.07.30	09:00:00	1.18416	1.18474	1.18326	1.18374	2372	0	1
2020.07.30	10:00:00	1.18374	1.18712	1.18327	1.18700	3371	0	1
2020.07.30	11:00:00	1.18707	1.18790	1.18644	1.18761	3164	0	1
2020.07.30	12:00:00	1.18763	1.18933	1.18710	1.18860	2947	0	1
2020.07.30	13:00:00	1.18859	1.19024	1.18767	1.19020	2471	0	1
2020.07.30	14:00:00	1.19018	1.19099	1.18900	1.19065	2328	0	1
2020.07.30	15:00:00	1.19064	1.19108	1.18907	1.18956	2862	0	1
2020.07.30	16:00:00	1.18954	1.19035	1.18880	1.18952	3965	0	1
2020.07.30	17:00:00	1.18949	1.19242	1.18909	1.18955	4314	0	1
2020.07.30	18:00:00	1.18953	1.19002	1.18862	1.18878	3313	0	1
2020.07.30	19:00:00	1.18878	1.19138	1.18875	1.19034	2688	0	1
2020.07.30	20:00:00	1.19039	1.19108	1.19010	1.19051	2556	0	1
2020.07.30	21:00:00	1.19051	1.19071	1.18982	1.19068	2179	0	1
2020.07.30	22:00:00	1.19067	1.19067	1.18962	1.19019	1911	0	1
2020.07.30	23:00:00	1.19018	1.19132	1.19003	1.19094	1200	0	1
2020.07.31	00:00:00	1.18962	1.19108	1.18805	1.19045	541	0	23
2020.07.31	01:00:00	1.19041	1.19124	1.18964	1.19074	994	0	7
2020.07.31	02:00:00	1.19069	1.19204	1.19068	1.19166	1804	0	1
2020.07.31	03:00:00	1.19164	1.19208	1.19070	1.19095	2683	0	2
2020.07.31	04:00:00	1.19096	1.19163	1.19072	1.19118	2208	0	3
2020.07.31	05:00:00	1.19120	1.19135	1.19041	1.19088	2468	0	2
2020.07.31	06:00:00	1.19089	1.19107	1.19035	1.19054	1826	0	3
2020.07.31	07:00:00	1.19054	1.19058	1.18976	1.19025	1780	0	2
2020.07.31	08:00:00	1.19027	1.19106	1.18999	1.19023	1701	0	1
2020.07.31	09:00:00	1.19036	1.19193	1.18994	1.19014	2721	0	1
2020.07.31	10:00:00	1.19014	1.19367	1.18952	1.19333	3355	0	1
2020.07.31	11:00:00	1.19334	1.19361	1.19026	1.19152	3074	0	1
2020.07.31	12:00:00	1.19150	1.19334	1.19072	1.19252	2912	0	1
2020.07.31	13:00:00	1.19253	1.19386	1.19089	1.19313	2146	0	1
2020.07.31	14:00:00	1.19314	1.19503	1.19287	1.19497	2717	0	1
2020.07.31	15:00:00	1.19496	1.19676	1.19490	1.19615	2821	0	1
2020.07.31	16:00:00	1.19615	1.19982	1.19578	1.19948	3945	0	1
2020.07.31	17:00:00	1.19948	1.20042	1.19255	1.19393	4631	0	1
2020.07.31	18:00:00	1.19387	1.19783	1.19222	1.19669	3875	0	1
2020.07.31	19:00:00	1.19669	1.19699	1.19505	1.19610	3523	0	1
2020.07.31	20:00:00	1.19614	1.19784	1.19606	1.19783	2444	0	1
2020.07.31	21:00:00	1.19784	1.19803	1.19582	1.19760	2031	0	1
2020.07.31	22:00:00	1.19764	1.19820	1.19691	1.19723	2118	0	1
2020.07.31	23:00:00	1.19722	1.19724	1.19479	1.19555	1442	0	1
2020.08.03	00:00:00	1.19496	1.19551	1.19397	1.19489	220	0	25
2020.08.03	01:00:00	1.19504	1.19641	1.19434	1.19621	1369	0	2
2020.08.03	02:00:00	1.19613	1.19682	1.19584	1.19665	1514	0	7
2020.08.03	03:00:00	1.19652	1.19765	1.19588	1.19730	2666	0	2
2020.08.03	04:00:00	1.19731	1.19811	1.19688	1.19796	2542	0	3
2020.08.03	05:00:00	1.19784	1.19788	1.19590	1.19667	1607	0	5
2020.08.03	06:00:00	1.19668	1.19791	1.19645	1.19775	1333	0	2
2020.08.03	07:00:00	1.19775	1.19820	1.19719	1.19820	1262	0	3
2020.08.03	08:00:00	1.19820	1.19933	1.19820	1.19896	1530	0	6
2020.08.03	09:00:00	1.19901	1.19912	1.19758	1.19821	2444	0	1
2020.08.03	10:00:00	1.19821	1.20116	1.19809	1.20024	3131	0	1
2020.08.03	11:00:00	1.20024	1.20350	1.20008	1.20152	3085	0	1
2020.08.03	12:00:00	1.20152	1.20158	1.19588	1.19692	2683	0	1
2020.08.03	13:00:00	1.19691	1.19749	1.19474	1.19500	3118	0	1
2020.08.03	14:00:00	1.19506	1.19881	1.19446	1.19880	2372	0	1
2020.08.03	15:00:00	1.19882	1.20151	1.19757	1.20056	2897	0	1
2020.08.03	16:00:00	1.20055	1.20131	1.19905	1.19973	3381	0	1
2020.08.03	17:00:00	1.19974	1.20279	1.19964	1.20039	3510	0	1
2020.08.03	18:00:00	1.20042	1.20155	1.19964	1.20002	2787	0	1
2020.08.03	19:00:00	1.20003	1.20169	1.19984	1.20032	2293	0	1
2020.08.03	20:00:00	1.20035	1.20090	1.19991	1.20060	1838	0	1
2020.08.03	21:00:00	1.19994	1.20070	1.19964	1.20018	1797	0	1
2020.08.03	22:00:00	1.20020	1.20042	1.19926	1.20002	1758	0	2
2020.08.03	23:00:00	1.20006	1.20012	1.19940	1.19988	1058	0	1
2020.08.04	00:00:00	1.19871	1.19977	1.19766	1.19962	720	0	24
2020.08.04	01:00:00	1.19950	1.19990	1.19893	1.19984	977	0	3
2020.08.04	02:00:00	1.19984	1.20026	1.19975	1.20009	650	0	1
2020.08.04	03:00:00	1.20009	1.20061	1.19990	1.20056	1234	0	3
2020.08.04	04:00:00	1.20050	1.20078	1.20024	1.20065	1322	0	4
2020.08.04	05:00:00	1.20064	1.20092	1.20026	1.20065	1023	0	3
2020.08.04	06:00:00	1.20066	1.20073	1.20030	1.20035	980	0	4
2020.08.04	07:00:00	1.20039	1.20087	1.20012	1.20035	1119	0	3
2020.08.04	08:00:00	1.20035	1.20036	1.19894	1.19983	1153	0	2
2020.08.04	09:00:00	1.19985	1.20107	1.19922	1.20026	2160	0	1
2020.08.04	10:00:00	1.20027	1.20157	1.19752	1.19789	3152	0	1
2020.08.04	11:00:00	1.19792	1.19848	1.19538	1.19648	3006	0	1
2020.08.04	12:00:00	1.19657	1.19670	1.19428	1.19434	2720	0	1
2020.08.04	13:00:00	1.19434	1.19623	1.19283	1.19311	2568	0	1
2020.08.04	14:00:00	1.19308	1.19367	1.19140	1.19194	2704	0	1
2020.08.04	15:00:00	1.19195	1.19200	1.18858	1.18956	3127	0	1
2020.08.04	16:00:00	1.18956	1.19368	1.18930	1.19351	3056	0	1
2020.08.04	17:00:00	1.19351	1.19615	1.19336	1.19480	3727	0	1
2020.08.04	18:00:00	1.19480	1.19618	1.19418	1.19540	2862	0	1
2020.08.04	19:00:00	1.19540	1.19615	1.19524	1.19561	2086	0	1
2020.08.04	20:00:00	1.19557	1.19568	1.19436	1.19442	1823	0	1
2020.08.04	21:00:00	1.19440	1.19446	1.19354	1.19405	1763	0	1
2020.08.04	22:00:00	1.19404	1.19414	1.19279	1.19358	1738	0	2
2020.08.04	23:00:00	1.19361	1.19404	1.19357	1.19374	813	0	2
2020.08.05	00:00:00	1.19307	1.19350	1.19307	1.19307	98	0	27
2020.08.05	01:00:00	1.19310	1.19445	1.19307	1.19425	745	0	6
2020.08.05	02:00:00	1.19425	1.19430	1.19382	1.19412	788	0	3
2020.08.05	03:00:00	1.19414	1.19465	1.19396	1.19444	1375	0	2
2020.08.05	04:00:00	1.19452	1.19476	1.19397	1.19413	1364	0	3
2020.08.05	05:00:00	1.19413	1.19445	1.19372	1.19415	1258	0	4
2020.08.05	06:00:00	1.19420	1.19448	1.19388	1.19438	976	0	4
2020.08.05	07:00:00	1.19438	1.19463	1.19431	1.19457	798	0	2
2020.08.05	08:00:00	1.19457	1.19472	1.19422	1.19423	1044	0	1
2020.08.05	09:00:00	1.19426	1.19460	1.19285	1.19320	2039	0	1
2020.08.05	10:00:00	1.19319	1.19573	1.19319	1.19397	2879	0	1
2020.08.05	11:00:00	1.19398	1.19463	1.19096	1.19239	2981	0	1
2020.08.05	12:00:00	1.19243	1.19383	1.19111	1.19341	2656	0	1
2020.08.05	13:00:00	1.19341	1.19469	1.19222	1.19438	2641	0	1
2020.08.05	14:00:00	1.19438	1.19483	1.19268	1.19414	2411	0	1
2020.08.05	15:00:00	1.19416	1.19417	1.19158	1.19168	3115	0	1
2020.08.05	16:00:00	1.19172	1.19300	1.19061	1.19156	3358	0	1
2020.08.05	17:00:00	1.19156	1.19233	1.19027	1.19138	3500	0	1
2020.08.05	18:00:00	1.19142	1.19163	1.18950	1.18959	2954	0	1
2020.08.05	19:00:00	1.18960	1.19119	1.18904	1.19073	2165	0	1
2020.08.05	20:00:00	1.19074	1.19177	1.19061	1.19105	1562	0	1
2020.08.05	21:00:00	1.19103	1.19197	1.19083	1.19151	1329	0	1
2020.08.05	22:00:00	1.19149	1.19207	1.19103	1.19158	1503	0	1
2020.08.05	23:00:00	1.19157	1.19176	1.19123	1.19161	852	0	1
2020.08.06	00:00:00	1.19083	1.19174	1.19036	1.19088	303	0	33
2020.08.06	01:00:00	1.19073	1.19218	1.19073	1.19186	543	0	7
2020.08.06	02:00:00	1.19185	1.19218	1.19182	1.19186	571	0	3
2020.08.06	03:00:00	1.19187	1.19324	1.19186	1.19282	1409	0	3
2020.08.06	04:00:00	1.19282	1.19307	1.19236	1.19264	1557	0	1
2020.08.06	05:00:00	1.19261	1.19297	1.19225	1.19250	1766	0	2
2020.08.06	06:00:00	1.19252	1.19296	1.19239	1.19279	1169	0	3
2020.08.06	07:00:00	1.19282	1.19331	1.19258	1.19318	882	0	1
2020.08.06	08:00:00	1.19319	1.19349	1.19164	1.19245	1424	0	4
2020.08.06	09:00:00	1.19241	1.19592	1.19222	1.19541	3339	0	1
2020.08.06	10:00:00	1.19539	1.19811	1.19444	1.19630	3443	0	1
2020.08.06	11:00:00	1.19631	1.19771	1.19535	1.19537	3027	0	1
2020.08.06	12:00:00	1.19543	1.19730	1.19508	1.19589	2746	0	1
2020.08.06	13:00:00	1.19592	1.19852	1.19565	1.19675	2546	0	1
2020.08.06	14:00:00	1.19675	1.19762	1.19479	1.19522	2767	0	1
2020.08.06	15:00:00	1.19523	1.19702	1.19401	1.19692	2996	0	1
2020.08.06	16:00:00	1.19695	1.19941	1.19610	1.19851	3266	0	1
2020.08.06	17:00:00	1.19849	1.19958	1.19708	1.19720	3869	0	1
2020.08.06	18:00:00	1.19721	1.19749	1.19476	1.19644	3044	0	1
2020.08.06	19:00:00	1.19641	1.19834	1.19608	1.19787	2844	0	1
2020.08.06	20:00:00	1.19788	1.19848	1.19701	1.19713	2305	0	1
2020.08.06	21:00:00	1.19713	1.19766	1.19664	1.19701	1901	0	1
2020.08.06	22:00:00	1.19703	1.19715	1.19570	1.19580	2358	0	1
2020.08.06	23:00:00	1.19580	1.19623	1.19526	1.19591	964	0	1
2020.08.07	00:00:00	1.19421	1.19580	1.19413	1.19528	344	0	41
2020.08.07	01:00:00	1.19527	1.19559	1.19468	1.19553	510	0	8
2020.08.07	02:00:00	1.19553	1.19644	1.19542	1.19545	754	0	4
2020.08.07	03:00:00	1.19546	1.19639	1.19501	1.19631	1419	0	3
2020.08.07	04:00:00	1.19632	1.19657	1.19598	1.19647	1752	0	3
2020.08.07	05:00:00	1.19642	1.19644	1.19551	1.19625	1793	0	2
2020.08.07	06:00:00	1.19629	1.19676	1.19592	1.19639	1815	0	2
2020.08.07	07:00:00	1.19641	1.19693	1.19629	1.19644	1508	0	1
2020.08.07	08:00:00	1.19644	1.19723	1.19577	1.19635	1395	0	2
2020.08.07	09:00:00	1.19628	1.19679	1.19540	1.19593	1869	0	1
2020.08.07	10:00:00	1.19603	1.19711	1.19451	1.19541	2800	0	1
2020.08.07	11:00:00	1.19541	1.19706	1.19524	1.19645	2434	0	1
2020.08.07	12:00:00	1.19643	1.19708	1.19554	1.19644	2496	0	1
2020.08.07	13:00:00	1.19644	1.19763	1.19501	1.19501	2133	0	1
2020.08.07	14:00:00	1.19499	1.19640	1.19447	1.19549	2265	0	1
2020.08.07	15:00:00	1.19549	1.19707	1.19386	1.19491	3312	0	1
2020.08.07	16:00:00	1.19492	1.19529	1.19222	1.19276	4195	0	1
2020.08.07	17:00:00	1.19273	1.19312	1.19055	1.19149	4131	0	1
2020.08.07	18:00:00	1.19146	1.19206	1.19082	1.19203	3090	0	1
2020.08.07	19:00:00	1.19202	1.19300	1.19182	1.19253	2182	0	1
2020.08.07	20:00:00	1.19249	1.19263	1.19118	1.19200	2066	0	1
2020.08.07	21:00:00	1.19197	1.19248	1.19159	1.19195	1724	0	2
2020.08.07	22:00:00	1.19194	1.19294	1.19192	1.19238	1731	0	1
2020.08.07	23:00:00	1.19231	1.19250	1.19119	1.19121	867	0	2
2020.08.10	00:00:00	1.19203	1.19271	1.19047	1.19191	179	0	39
2020.08.10	01:00:00	1.19178	1.19178	1.19046	1.19100	803	0	8
2020.08.10	02:00:00	1.19104	1.19140	1.19094	1.19125	897	0	3
2020.08.10	03:00:00	1.19126	1.19228	1.19122	1.19215	896	0	3
2020.08.10	04:00:00	1.19215	1.19303	1.19192	1.19295	1331	0	4
2020.08.10	05:00:00	1.19290	1.19386	1.19287	1.19379	1101	0	4
2020.08.10	06:00:00	1.19379	1.19395	1.19332	1.19380	763	0	4
2020.08.10	07:00:00	1.19380	1.19393	1.19345	1.19345	704	0	3
2020.08.10	08:00:00	1.19345	1.19418	1.19335	1.19385	838	0	3
2020.08.10	09:00:00	1.19381	1.19382	1.19268	1.19338	1986	0	1
2020.08.10	10:00:00	1.19340	1.19467	1.19315	1.19321	2460	0	1
2020.08.10	11:00:00	1.19328	1.19742	1.19272	1.19727	2473	0	1
2020.08.10	12:00:00	1.19726	1.19787	1.19633	1.19646	2247	0	1
2020.08.10	13:00:00	1.19645	1.19685	1.19512	1.19601	2191	0	1
2020.08.10	14:00:00	1.19602	1.19700	1.19498	1.19667	1927	0	1
2020.08.10	15:00:00	1.19667	1.19796	1.19641	1.19784	2147	0	1
2020.08.10	16:00:00	1.19785	1.19884	1.19725	1.19739	2955	0	1
2020.08.10	17:00:00	1.19741	1.19788	1.19645	1.19707	3110	0	1
2020.08.10	18:00:00	1.19705	1.19811	1.19662	1.19758	2706	0	1
2020.08.10	19:00:00	1.19756	1.19787	1.19653	1.19669	1975	0	1
2020.08.10	20:00:00	1.19670	1.19724	1.19542	1.19571	1481	0	1
2020.08.10	21:00:00	1.19571	1.19624	1.19528	1.19605	1543	0	1
2020.08.10	22:00:00	1.19604	1.19698	1.19604	1.19687	1729	0	1
2020.08.10	23:00:00	1.19687	1.19704	1.19634	1.19689	547	0	3
2020.08.11	00:00:00	1.19594	1.19696	1.19562	1.19646	655	0	7
2020.08.11	01:00:00	1.19649	1.19695	1.19628	1.19671	402	0	7
2020.08.11	02:00:00	1.19670	1.19728	1.19667	1.19728	487	0	3
2020.08.11	03:00:00	1.19722	1.19795	1.19702	1.19756	1289	0	1
2020.08.11	04:00:00	1.19756	1.19863	1.19739	1.19859	1245	0	4
2020.08.11	05:00:00	1.19853	1.19865	1.19787	1.19793	1250	0	2
2020.08.11	06:00:00	1.19793	1.19799	1.19750	1.19763	1053	0	4
2020.08.11	07:00:00	1.19764	1.19786	1.19710	1.19731	930	0	2
2020.08.11	08:00:00	1.19731	1.19783	1.19693	1.19754	1290	0	2
2020.08.11	09:00:00	1.19759	1.19782	1.19531	1.19532	2403	0	1
2020.08.11	10:00:00	1.19532	1.19724	1.19498	1.19680	2504	0	1
2020.08.11	11:00:00	1.19680	1.19704	1.19529	1.19666	2863	0	1
2020.08.11	12:00:00	1.19650	1.19793	1.19599	1.19606	2658	0	1
2020.08.11	13:00:00	1.19610	1.19639	1.19372	1.19372	2510	0	1
2020.08.11	14:00:00	1.19375	1.19677	1.19305	1.19600	2754	0	1
2020.08.11	15:00:00	1.19599	1.19642	1.19509	1.19582	3047	0	1
2020.08.11	16:00:00	1.19583	1.19852	1.19583	1.19808	3845	0	1
2020.08.11	17:00:00	1.19806	1.19903	1.19726	1.19875	3378	0	1
2020.08.11	18:00:00	1.19887	1.19940	1.19770	1.19823	2973	0	1
2020.08.11	19:00:00	1.19825	1.19912	1.19748	1.19856	2362	0	1
2020.08.11	20:00:00	1.19860	1.19864	1.19792	1.19844	2570	0	1
2020.08.11	21:00:00	1.19845	1.19850	1.19751	1.19814	2312	0	1
2020.08.11	22:00:00	1.19809	1.19812	1.19673	1.19689	2736	0	1
2020.08.11	23:00:00	1.19689	1.19723	1.19646	1.19652	975	0	2
2020.08.12	00:00:00	1.19639	1.19756	1.19628	1.19657	1267	0	32
2020.08.12	01:00:00	1.19674	1.19712	1.19633	1.19704	565	0	5
2020.08.12	02:00:00	1.19709	1.19746	1.19686	1.19741	793	0	6
2020.08.12	03:00:00	1.19743	1.19764	1.19641	1.19710	1660	0	1
2020.08.12	04:00:00	1.19710	1.19783	1.19674	1.19730	1736	0	3
2020.08.12	05:00:00	1.19743	1.19777	1.19690	1.19751	2023	0	2
2020.08.12	06:00:00	1.19750	1.19784	1.19720	1.19735	1579	0	2
2020.08.12	07:00:00	1.19740	1.19791	1.19718	1.19747	1348	0	3
2020.08.12	08:00:00	1.19751	1.19836	1.19708	1.19809	1286	0	3
2020.08.12	09:00:00	1.19819	1.19979	1.19608	1.19625	2421	0	1
2020.08.12	10:00:00	1.19631	1.19732	1.19540	1.19590	2890	0	1
2020.08.12	11:00:00	1.19593	1.19686	1.19486	1.19564	2558	0	1
2020.08.12	12:00:00	1.19568	1.19575	1.19255	1.19303	2369	0	1
2020.08.12	13:00:00	1.19303	1.19333	1.19041	1.19117	2341	0	1
2020.08.12	14:00:00	1.19117	1.19126	1.18917	1.18938	2607	0	1
2020.08.12	15:00:00	1.18939	1.18953	1.18798	1.18891	2997	0	1
2020.08.12	16:00:00	1.18899	1.18988	1.18757	1.18762	3358	0	1
2020.08.12	17:00:00	1.18762	1.18908	1.18714	1.18876	3621	0	1
2020.08.12	18:00:00	1.18876	1.18924	1.18825	1.18845	2862	0	1
2020.08.12	19:00:00	1.18845	1.18903	1.18793	1.18845	2207	0	1
2020.08.12	20:00:00	1.18847	1.18850	1.18767	1.18803	1869	0	1
2020.08.12	21:00:00	1.18804	1.18835	1.18764	1.18825	1668	0	1
2020.08.12	22:00:00	1.18826	1.18857	1.18768	1.18787	1870	0	1
2020.08.12	23:00:00	1.18786	1.18846	1.18778	1.18839	898	0	3
2020.08.13	00:00:00	1.18786	1.18854	1.18739	1.18848	378	0	63
2020.08.13	01:00:00	1.18846	1.18910	1.18827	1.18910	376	0	7
2020.08.13	02:00:00	1.18910	1.18967	1.18879	1.18955	625	0	2
2020.08.13	03:00:00	1.18967	1.18992	1.18906	1.18967	1305	0	3
2020.08.13	04:00:00	1.18966	1.19016	1.18911	1.18937	1771	0	2
2020.08.13	05:00:00	1.18937	1.18976	1.18914	1.18946	1205	0	2
2020.08.13	06:00:00	1.18946	1.18976	1.18929	1.18966	972	0	3
2020.08.13	07:00:00	1.18965	1.18973	1.18911	1.18936	880	0	5
2020.08.13	08:00:00	1.18936	1.19025	1.18928	1.18978	1143	0	5
2020.08.13	09:00:00	1.18983	1.19054	1.18827	1.18892	2155	0	2
2020.08.13	10:00:00	1.18888	1.19038	1.18824	1.19029	2269	0	1
2020.08.13	11:00:00	1.19027	1.19114	1.18920	1.18978	2561	0	1
2020.08.13	12:00:00	1.18979	1.19075	1.18965	1.19062	2198	0	1
2020.08.13	13:00:00	1.19062	1.19332	1.19057	1.19258	2224	0	1
2020.08.13	14:00:00	1.19257	1.19371	1.19220	1.19282	2399	0	1
2020.08.13	15:00:00	1.19282	1.19352	1.19149	1.19158	2520	0	1
2020.08.13	16:00:00	1.19166	1.19244	1.19134	1.19220	3089	0	1
2020.08.13	17:00:00	1.19221	1.19315	1.19039	1.19142	2972	0	1
2020.08.13	18:00:00	1.19135	1.19149	1.18944	1.19002	2432	0	1
2020.08.13	19:00:00	1.19003	1.19059	1.18963	1.19032	1507	0	1
2020.08.13	20:00:00	1.19031	1.19050	1.18927	1.18949	1908	0	2
2020.08.13	21:00:00	1.18948	1.18967	1.18861	1.18876	2171	0	2
2020.08.13	22:00:00	1.18879	1.18893	1.18755	1.18778	1914	0	1
2020.08.13	23:00:00	1.18778	1.18892	1.18768	1.18863	1136	0	1
2020.08.14	00:00:00	1.18826	1.18894	1.18725	1.18832	567	0	71
2020.08.14	01:00:00	1.18840	1.18904	1.18797	1.18890	468	0	5
2020.08.14	02:00:00	1.18891	1.18920	1.18843	1.18887	932	0	4
2020.08.14	03:00:00	1.18896	1.18900	1.18833	1.18839	1235	0	2
2020.08.14	04:00:00	1.18842	1.18889	1.18773	1.18802	1214	0	1
2020.08.14	05:00:00	1.18801	1.18828	1.18779	1.18808	997	0	5
2020.08.14	06:00:00	1.18809	1.18847	1.18798	1.18846	926	0	3
2020.08.14	07:00:00	1.18845	1.18870	1.18824	1.18857	830	0	2
2020.08.14	08:00:00	1.18858	1.18997	1.18836	1.18962	1170	0	4
2020.08.14	09:00:00	1.18964	1.18966	1.18833	1.18849	1706	0	1
2020.08.14	10:00:00	1.18849	1.19034	1.18806	1.18992	2544	0	1
2020.08.14	11:00:00	1.18993	1.19061	1.18909	1.19014	2360	0	1
2020.08.14	12:00:00	1.19013	1.19215	1.18950	1.19210	2255	0	1
2020.08.14	13:00:00	1.19210	1.19321	1.19204	1.19266	2487	0	1
2020.08.14	14:00:00	1.19272	1.19354	1.19219	1.19310	2306	0	1
2020.08.14	15:00:00	1.19315	1.19463	1.19228	1.19439	2421	0	1
2020.08.14	16:00:00	1.19439	1.19462	1.19236	1.19302	2701	0	1
2020.08.14	17:00:00	1.19306	1.19306	1.19101	1.19226	3030	0	1
2020.08.14	18:00:00	1.19225	1.19225	1.19056	1.19150	2105	0	1
2020.08.14	19:00:00	1.19150	1.19171	1.19061	1.19118	2145	0	1
2020.08.14	20:00:00	1.19119	1.19125	1.19018	1.19092	1693	0	2
2020.08.14	21:00:00	1.19090	1.19113	1.19016	1.19048	1355	0	3
2020.08.14	22:00:00	1.19047	1.19084	1.18996	1.18999	1474	0	3
2020.08.14	23:00:00	1.18999	1.19024	1.18971	1.19015	749	0	7
2020.08.17	00:00:00	1.19028	1.19109	1.18938	1.19102	288	0	63
2020.08.17	01:00:00	1.19079	1.19079	1.19009	1.19054	408	0	5
2020.08.17	02:00:00	1.19054	1.19110	1.19047	1.19099	752	0	4
2020.08.17	03:00:00	1.19096	1.19148	1.19054	1.19142	919	0	4
2020.08.17	04:00:00	1.19142	1.19154	1.19083	1.19106	886	0	4
2020.08.17	05:00:00	1.19106	1.19161	1.19098	1.19133	1064	0	1
2020.08.17	06:00:00	1.19135	1.19136	1.19077	1.19093	587	0	4
2020.08.17	07:00:00	1.19093	1.19109	1.19018	1.19021	813	0	3
2020.08.17	08:00:00	1.19022	1.19030	1.18928	1.18962	780	0	2
2020.08.17	09:00:00	1.18960	1.19074	1.18942	1.18980	1733	0	1
2020.08.17	10:00:00	1.18980	1.19110	1.18741	1.18761	2625	0	1
2020.08.17	11:00:00	1.18761	1.18895	1.18754	1.18871	2555	0	1
2020.08.17	12:00:00	1.18871	1.18979	1.18850	1.18956	2142	0	1
2020.08.17	13:00:00	1.18956	1.19013	1.18777	1.18818	2372	0	1
2020.08.17	14:00:00	1.18818	1.18953	1.18768	1.18812	2372	0	1
2020.08.17	15:00:00	1.18814	1.18944	1.18762	1.18943	2480	0	2
2020.08.17	16:00:00	1.18946	1.18957	1.18647	1.18701	2610	0	1
2020.08.17	17:00:00	1.18707	1.18769	1.18566	1.18748	2786	0	1
2020.08.17	18:00:00	1.18751	1.18765	1.18643	1.18703	2395	0	1
2020.08.17	19:00:00	1.18700	1.18769	1.18646	1.18688	1989	0	2
2020.08.17	20:00:00	1.18686	1.18772	1.18680	1.18717	1395	0	2
2020.08.17	21:00:00	1.18713	1.18771	1.18700	1.18740	1376	0	1
2020.08.17	22:00:00	1.18741	1.18812	1.18712	1.18796	1326	0	1
2020.08.17	23:00:00	1.18797	1.18837	1.18756	1.18792	848	0	2
2020.08.18	00:00:00	1.18719	1.18790	1.18589	1.18728	554	0	63
2020.08.18	01:00:00	1.18738	1.18808	1.18721	1.18792	422	0	8
2020.08.18	02:00:00	1.18792	1.18820	1.18788	1.18814	540	0	6
2020.08.18	03:00:00	1.18816	1.18938	1.18810	1.18930	1168	0	1
2020.08.18	04:00:00	1.18923	1.18949	1.18815	1.18840	1469	0	2
2020.08.18	05:00:00	1.18837	1.18896	1.18834	1.18859	1193	0	4
2020.08.18	06:00:00	1.18865	1.18872	1.18828	1.18863	1021	0	3
2020.08.18	07:00:00	1.18862	1.18913	1.18857	1.18912	820	0	2
2020.08.18	08:00:00	1.18913	1.18954	1.18895	1.18909	1046	0	1
2020.08.18	09:00:00	1.18909	1.19077	1.18908	1.19015	2265	0	1
2020.08.18	10:00:00	1.19013	1.19217	1.19000	1.19102	3066	0	1
2020.08.18	11:00:00	1.19101	1.19249	1.19100	1.19182	2660	0	1
2020.08.18	12:00:00	1.19181	1.19338	1.19136	1.19328	2340	0	1
2020.08.18	13:00:00	1.19327	1.19347	1.19135	1.19140	2113	0	1
2020.08.18	14:00:00	1.19140	1.19277	1.19101	1.19162	2056	0	1
2020.08.18	15:00:00	1.19167	1.19228	1.19097	1.19195	2614	0	1
2020.08.18	16:00:00	1.19192	1.19328	1.19085	1.19284	3284	0	1
2020.08.18	17:00:00	1.19284	1.19557	1.19265	1.19465	3914	0	1
2020.08.18	18:00:00	1.19463	1.19577	1.19399	1.19415	2437	0	1
2020.08.18	19:00:00	1.19414	1.19491	1.19333	1.19464	2301	0	1
2020.08.18	20:00:00	1.19469	1.19605	1.19463	1.19536	1890	0	1
2020.08.18	21:00:00	1.19536	1.19624	1.19531	1.19587	1393	0	3
2020.08.18	22:00:00	1.19588	1.19651	1.19563	1.19592	1396	0	2
2020.08.18	23:00:00	1.19594	1.19612	1.19569	1.19606	693	0	2
2020.08.19	00:00:00	1.19506	1.19610	1.19478	1.19559	802	0	48
2020.08.19	01:00:00	1.19558	1.19633	1.19558	1.19624	579	0	5
2020.08.19	02:00:00	1.19628	1.19650	1.19613	1.19643	691	0	3
2020.08.19	03:00:00	1.19643	1.19716	1.19635	1.19680	1368	0	1
2020.08.19	04:00:00	1.19678	1.19720	1.19634	1.19651	1596	0	3
2020.08.19	05:00:00	1.19651	1.19677	1.19614	1.19659	1278	0	3
2020.08.19	06:00:00	1.19659	1.19684	1.19642	1.19649	925	0	4
2020.08.19	07:00:00	1.19649	1.19676	1.19616	1.19627	892	0	3
2020.08.19	08:00:00	1.19625	1.19684	1.19605	1.19647	1371	0	2
2020.08.19	09:00:00	1.19649	1.19746	1.19620	1.19649	2164	0	1
2020.08.19	10:00:00	1.19649	1.19719	1.19474	1.19601	2676	0	1
2020.08.19	11:00:00	1.19601	1.19710	1.19501	1.19502	2398	0	1
2020.08.19	12:00:00	1.19500	1.19586	1.19464	1.19485	2317	0	1
2020.08.19	13:00:00	1.19487	1.19503	1.19315	1.19365	1825	0	1
2020.08.19	14:00:00	1.19364	1.19720	1.19361	1.19707	2341	0	1
2020.08.19	15:00:00	1.19706	1.19952	1.19641	1.19858	2291	0	1
2020.08.19	16:00:00	1.19857	1.19963	1.19741	1.19852	2696	0	1
2020.08.19	17:00:00	1.19856	1.20081	1.19837	1.20014	3498	0	1
2020.08.19	18:00:00	1.20012	1.20255	1.19932	1.20234	2972	0	1
2020.08.19	19:00:00	1.20233	1.20273	1.20101	1.20116	2533	0	1
2020.08.19	20:00:00	1.20117	1.20144	1.20066	1.20116	1712	0	1
2020.08.19	21:00:00	1.20101	1.20141	1.19747	1.19818	4047	0	1
2020.08.19	22:00:00	1.19818	1.19849	1.19697	1.19756	2723	0	1
2020.08.19	23:00:00	1.19757	1.19906	1.19721	1.19852	1059	0	1
2020.08.20	00:00:00	1.19816	1.19922	1.19789	1.19863	901	0	12
2020.08.20	01:00:00	1.19950	1.19984	1.19899	1.19937	779	0	2
2020.08.20	02:00:00	1.19929	1.19933	1.19880	1.19922	712	0	6
2020.08.20	03:00:00	1.19923	1.19966	1.19864	1.19963	1223	0	1
2020.08.20	04:00:00	1.19963	1.19971	1.19874	1.19881	1656	0	3
2020.08.20	05:00:00	1.19878	1.19886	1.19806	1.19844	1363	0	3
2020.08.20	06:00:00	1.19848	1.19871	1.19811	1.19854	1308	0	4
2020.08.20	07:00:00	1.19853	1.19874	1.19766	1.19773	944	0	5
2020.08.20	08:00:00	1.19772	1.19802	1.19665	1.19746	1411	0	1
2020.08.20	09:00:00	1.19739	1.19793	1.19502	1.19566	2655	0	1
2020.08.20	10:00:00	1.19566	1.19567	1.19307	1.19508	3118	0	1
2020.08.20	11:00:00	1.19510	1.19712	1.19412	1.19575	3420	0	1
2020.08.20	12:00:00	1.19576	1.19691	1.19460	1.19611	2853	0	1
2020.08.20	13:00:00	1.19611	1.19695	1.19508	1.19626	2479	0	1
2020.08.20	14:00:00	1.19630	1.19705	1.19582	1.19646	2398	0	1
2020.08.20	15:00:00	1.19644	1.19679	1.19357	1.19365	3034	0	1
2020.08.20	16:00:00	1.19364	1.19424	1.19299	1.19316	3772	0	1
2020.08.20	17:00:00	1.19315	1.19647	1.19301	1.19503	3857	0	1
2020.08.20	18:00:00	1.19502	1.19807	1.19459	1.19807	3185	0	1
2020.08.20	19:00:00	1.19808	1.19992	1.19775	1.19851	2606	0	1
2020.08.20	20:00:00	1.19858	1.20002	1.19817	1.19941	1940	0	1
2020.08.20	21:00:00	1.19948	1.20065	1.19892	1.20028	1961	0	1
2020.08.20	22:00:00	1.20028	1.20069	1.19981	1.20024	2340	0	1
2020.08.20	23:00:00	1.20024	1.20038	1.19906	1.19948	831	0	2
2020.08.21	00:00:00	1.19908	1.19986	1.19891	1.19944	369	0	39
2020.08.21	01:00:00	1.19938	1.20000	1.19911	1.19947	1031	0	9
2020.08.21	02:00:00	1.19947	1.19968	1.19898	1.19901	697	0	3
2020.08.21	03:00:00	1.19901	1.20031	1.19896	1.20005	1471	0	2
2020.08.21	04:00:00	1.20004	1.20051	1.19962	1.20041	1488	0	2
2020.08.21	05:00:00	1.20043	1.20052	1.19993	1.20024	1036	0	3
2020.08.21	06:00:00	1.20024	1.20060	1.20020	1.20027	720	0	1
2020.08.21	07:00:00	1.20027	1.20124	1.20014	1.20124	946	0	3
2020.08.21	08:00:00	1.20124	1.20157	1.20017	1.20020	1126	0	2
2020.08.21	09:00:00	1.20024	1.20239	1.19978	1.20180	2089	0	1
2020.08.21	10:00:00	1.20178	1.20279	1.20107	1.20170	3416	0	1
2020.08.21	11:00:00	1.20165	1.20259	1.20068	1.20198	3417	0	1
2020.08.21	12:00:00	1.20198	1.20217	1.19784	1.19877	2953	0	1
2020.08.21	13:00:00	1.19878	1.19969	1.19700	1.19888	2979	0	1
2020.08.21	14:00:00	1.19888	1.19898	1.19633	1.19649	2763	0	1
2020.08.21	15:00:00	1.19655	1.19740	1.19524	1.19556	3076	0	1
2020.08.21	16:00:00	1.19555	1.19604	1.19380	1.19577	3532	0	1
2020.08.21	17:00:00	1.19573	1.19601	1.19228	1.19299	3465	0	1
2020.08.21	18:00:00	1.19298	1.19602	1.19205	1.19600	2735	0	1
2020.08.21	19:00:00	1.19600	1.19645	1.19440	1.19458	2112	0	1
2020.08.21	20:00:00	1.19456	1.19463	1.19338	1.19364	1529	0	1
2020.08.21	21:00:00	1.19368	1.19466	1.19356	1.19448	1058	0	2
2020.08.21	22:00:00	1.19448	1.19458	1.19309	1.19312	1207	0	1
2020.08.21	23:00:00	1.19313	1.19399	1.19274	1.19351	817	0	2
2020.08.24	00:00:00	1.19258	1.19269	1.19153	1.19254	170	0	166
2020.08.24	01:00:00	1.19228	1.19427	1.19174	1.19398	912	0	3
2020.08.24	02:00:00	1.19395	1.19429	1.19380	1.19401	775	0	5
2020.08.24	03:00:00	1.19400	1.19478	1.19389	1.19421	1088	0	1
2020.08.24	04:00:00	1.19417	1.19425	1.19368	1.19415	1180	0	2
2020.08.24	05:00:00	1.19415	1.19448	1.19363	1.19385	815	0	2
2020.08.24	06:00:00	1.19386	1.19452	1.19382	1.19420	731	0	2
2020.08.24	07:00:00	1.19420	1.19451	1.19396	1.19401	887	0	1
2020.08.24	08:00:00	1.19401	1.19448	1.19357	1.19415	1022	0	1
2020.08.24	09:00:00	1.19414	1.19557	1.19385	1.19541	1715	0	1
2020.08.24	10:00:00	1.19541	1.19623	1.19230	1.19301	2554	0	1
2020.08.24	11:00:00	1.19311	1.19350	1.19008	1.19249	2670	0	1
2020.08.24	12:00:00	1.19249	1.19378	1.19119	1.19364	2293	0	1
2020.08.24	13:00:00	1.19364	1.19418	1.19290	1.19298	1807	0	1
2020.08.24	14:00:00	1.19303	1.19363	1.19238	1.19315	1893	0	1
2020.08.24	15:00:00	1.19319	1.19395	1.19042	1.19133	2347	0	1
2020.08.24	16:00:00	1.19134	1.19240	1.18972	1.18980	2716	0	1
2020.08.24	17:00:00	1.18984	1.19089	1.18918	1.19006	3256	0	1
2020.08.24	18:00:00	1.19000	1.19186	1.18995	1.19128	2823	0	1
2020.08.24	19:00:00	1.19124	1.19124	1.19017	1.19034	2111	0	1
2020.08.24	20:00:00	1.19034	1.19047	1.18956	1.19004	1803	0	1
2020.08.24	21:00:00	1.19000	1.19062	1.18989	1.19006	1616	0	1
2020.08.24	22:00:00	1.19005	1.19139	1.18998	1.19121	1658	0	1
2020.08.24	23:00:00	1.19121	1.19144	1.19081	1.19118	708	0	1
2020.08.25	00:00:00	1.19157	1.19187	1.19036	1.19058	1656	0	3
2020.08.25	01:00:00	1.19054	1.19195	1.19054	1.19186	792	0	6
2020.08.25	02:00:00	1.19186	1.19205	1.19166	1.19199	509	0	4
2020.08.25	03:00:00	1.19196	1.19222	1.19132	1.19148	1433	0	2
2020.08.25	04:00:00	1.19152	1.19295	1.19146	1.19277	1295	0	1
2020.08.25	05:00:00	1.19277	1.19390	1.19257	1.19390	1188	0	2
2020.08.25	06:00:00	1.19390	1.19468	1.19373	1.19452	961	0	2
2020.08.25	07:00:00	1.19452	1.19513	1.19412	1.19414	1080	0	2
2020.08.25	08:00:00	1.19413	1.19420	1.19338	1.19367	1078	0	3
2020.08.25	09:00:00	1.19367	1.19444	1.19248	1.19344	1862	0	1
2020.08.25	10:00:00	1.19345	1.19466	1.19134	1.19225	2567	0	1
2020.08.25	11:00:00	1.19230	1.19234	1.19075	1.19192	2690	0	1
2020.08.25	12:00:00	1.19194	1.19252	1.19051	1.19230	2394	0	1
2020.08.25	13:00:00	1.19229	1.19457	1.19187	1.19347	2371	0	1
2020.08.25	14:00:00	1.19361	1.19521	1.19360	1.19521	2127	0	1
2020.08.25	15:00:00	1.19522	1.19568	1.19402	1.19552	2586	0	1
2020.08.25	16:00:00	1.19554	1.19746	1.19341	1.19355	3608	0	1
2020.08.25	17:00:00	1.19361	1.19391	1.19214	1.19296	3620	0	1
2020.08.25	18:00:00	1.19299	1.19410	1.19188	1.19400	2997	0	1
2020.08.25	19:00:00	1.19401	1.19417	1.19259	1.19308	2159	0	1
2020.08.25	20:00:00	1.19308	1.19382	1.19282	1.19328	1497	0	1
2020.08.25	21:00:00	1.19328	1.19432	1.19328	1.19350	1533	0	1
2020.08.25	22:00:00	1.19349	1.19354	1.19292	1.19318	1281	0	1
2020.08.25	23:00:00	1.19318	1.19353	1.19294	1.19339	713	0	1
2020.08.26	00:00:00	1.19327	1.19368	1.19247	1.19274	771	0	60
2020.08.26	01:00:00	1.19281	1.19428	1.19281	1.19367	974	0	1
2020.08.26	02:00:00	1.19366	1.19456	1.19361	1.19412	730	0	1
2020.08.26	03:00:00	1.19413	1.19430	1.19298	1.19377	1342	0	1
2020.08.26	04:00:00	1.19380	1.19434	1.19364	1.19428	1319	0	1
2020.08.26	05:00:00	1.19427	1.19432	1.19364	1.19378	1314	0	1
2020.08.26	06:00:00	1.19377	1.19431	1.19369	1.19399	1330	0	1
2020.08.26	07:00:00	1.19399	1.19450	1.19377	1.19439	1073	0	1
2020.08.26	08:00:00	1.19436	1.19483	1.19414	1.19479	1153	0	1
2020.08.26	09:00:00	1.19479	1.19666	1.19435	1.19666	1760	0	1
2020.08.26	10:00:00	1.19663	1.19797	1.19625	1.19756	2810	0	1
2020.08.26	11:00:00	1.19757	1.19819	1.19633	1.19749	2578	0	1
2020.08.26	12:00:00	1.19749	1.19789	1.19526	1.19532	2229	0	1
2020.08.26	13:00:00	1.19529	1.19660	1.19508	1.19548	1941	0	1
2020.08.26	14:00:00	1.19547	1.19685	1.19451	1.19658	2114	0	1
2020.08.26	15:00:00	1.19657	1.19781	1.19601	1.19632	2786	0	1
2020.08.26	16:00:00	1.19631	1.19939	1.19626	1.19924	3199	0	1
2020.08.26	17:00:00	1.19925	1.20038	1.19843	1.19855	3259	0	1
2020.08.26	18:00:00	1.19854	1.19856	1.19744	1.19818	2523	0	1
2020.08.26	19:00:00	1.19817	1.19967	1.19794	1.19924	2184	0	1
2020.08.26	20:00:00	1.19923	1.20032	1.19846	1.19852	1835	0	1
2020.08.26	21:00:00	1.19855	1.19950	1.19831	1.19877	1627	0	1
2020.08.26	22:00:00	1.19874	1.20030	1.19840	1.20016	1934	0	1
2020.08.26	23:00:00	1.20016	1.20026	1.19928	1.20004	889	0	1
2020.08.27	00:00:00	1.19852	1.19908	1.19811	1.19902	364	0	94
2020.08.27	01:00:00	1.19902	1.19991	1.19902	1.19978	431	0	6
2020.08.27	02:00:00	1.19982	1.19995	1.19926	1.19960	577	0	1
2020.08.27	03:00:00	1.19962	1.19969	1.19884	1.19958	876	0	1
2020.08.27	04:00:00	1.19961	1.20019	1.19908	1.19960	1249	0	1
2020.08.27	05:00:00	1.19961	1.19997	1.19851	1.19865	1163	0	1
2020.08.27	06:00:00	1.19865	1.19958	1.19856	1.19917	876	0	1
2020.08.27	07:00:00	1.19916	1.19949	1.19901	1.19907	900	0	1
2020.08.27	08:00:00	1.19906	1.19973	1.19848	1.19959	1144	0	1
2020.08.27	09:00:00	1.19943	1.19986	1.19891	1.19935	1590	0	1
2020.08.27	10:00:00	1.19935	1.20149	1.19883	1.19928	2469	0	1
2020.08.27	11:00:00	1.19926	1.20023	1.19844	1.19944	2258	0	1
2020.08.27	12:00:00	1.19940	1.20040	1.19878	1.20002	1905	0	1
2020.08.27	13:00:00	1.19997	1.20009	1.19783	1.19904	1934	0	1
2020.08.27	14:00:00	1.19904	1.20207	1.19840	1.20161	2467	0	1
2020.08.27	15:00:00	1.20161	1.20172	1.20034	1.20064	2589	0	1
2020.08.27	16:00:00	1.20062	1.20141	1.19876	1.20037	5008	0	1
2020.08.27	17:00:00	1.20035	1.20174	1.19949	1.19984	4821	0	1
2020.08.27	18:00:00	1.19985	1.20100	1.19900	1.20085	3690	0	1
2020.08.27	19:00:00	1.20085	1.20088	1.19904	1.19957	3114	0	1
2020.08.27	20:00:00	1.19956	1.20031	1.19908	1.20027	2255	0	1
2020.08.27	21:00:00	1.20030	1.20081	1.19965	1.19977	2170	0	1
2020.08.27	22:00:00	1.19975	1.20022	1.19930	1.19940	2016	0	1
2020.08.27	23:00:00	1.19939	1.20036	1.19934	1.19988	705	0	4
2020.08.28	00:00:00	1.19836	1.20001	1.19775	1.19971	1448	0	66
2020.08.28	01:00:00	1.19946	1.20018	1.19946	1.20011	390	0	3
2020.08.28	02:00:00	1.20013	1.20036	1.19974	1.20014	729	0	1
2020.08.28	03:00:00	1.20013	1.20051	1.19991	1.20014	1217	0	1
2020.08.28	04:00:00	1.20012	1.20106	1.19953	1.20095	1285	0	1
2020.08.28	05:00:00	1.20084	1.20183	1.20070	1.20180	1565	0	1
2020.08.28	06:00:00	1.20179	1.20208	1.20107	1.20114	1397	0	1
2020.08.28	07:00:00	1.20115	1.20156	1.20073	1.20110	1100	0	1
2020.08.28	08:00:00	1.20109	1.20215	1.20039	1.20116	2499	0	1
2020.08.28	09:00:00	1.20116	1.20203	1.20079	1.20082	2556	0	1
2020.08.28	10:00:00	1.20082	1.20175	1.19941	1.19961	3231	0	1
2020.08.28	11:00:00	1.19962	1.19983	1.19808	1.19953	3151	0	1
2020.08.28	12:00:00	1.19953	1.20058	1.19923	1.20048	2723	0	1
2020.08.28	13:00:00	1.20049	1.20207	1.19992	1.20174	2502	0	1
2020.08.28	14:00:00	1.20174	1.20254	1.20130	1.20205	2413	0	1
2020.08.28	15:00:00	1.20205	1.20297	1.20071	1.20147	2834	0	1
2020.08.28	16:00:00	1.20148	1.20468	1.20115	1.20350	3419	0	1
2020.08.28	17:00:00	1.20348	1.20572	1.20268	1.20528	3790	0	1
2020.08.28	18:00:00	1.20527	1.20690	1.20499	1.20600	2885	0	1
2020.08.28	19:00:00	1.20607	1.20716	1.20553	1.20596	1975	0	1
2020.08.28	20:00:00	1.20599	1.20695	1.20584	1.20682	1717	0	1
2020.08.28	21:00:00	1.20682	1.20743	1.20674	1.20743	1583	0	1
2020.08.28	22:00:00	1.20743	1.20759	1.20684	1.20706	1604	0	1
2020.08.28	23:00:00	1.20711	1.20752	1.20690	1.20699	599	0	1
2020.08.31	00:00:00	1.20640	1.20682	1.20553	1.20653	321	0	54
2020.08.31	01:00:00	1.20670	1.20780	1.20628	1.20629	1055	0	1
2020.08.31	02:00:00	1.20630	1.20699	1.20629	1.20685	1092	0	1
2020.08.31	03:00:00	1.20685	1.20691	1.20610	1.20619	2047	0	1
2020.08.31	04:00:00	1.20612	1.20738	1.20584	1.20732	1493	0	1
2020.08.31	05:00:00	1.20724	1.20728	1.20644	1.20687	1244	0	1
2020.08.31	06:00:00	1.20685	1.20727	1.20648	1.20714	1177	0	1
2020.08.31	07:00:00	1.20712	1.20718	1.20612	1.20614	975	0	1
2020.08.31	08:00:00	1.20616	1.20636	1.20543	1.20563	1280	0	1
2020.08.31	09:00:00	1.20563	1.20638	1.20388	1.20453	2044	0	1
2020.08.31	10:00:00	1.20448	1.20495	1.20295	1.20411	2721	0	1
2020.08.31	11:00:00	1.20417	1.20432	1.20202	1.20242	2569	0	1
2020.08.31	12:00:00	1.20242	1.20445	1.20156	1.20428	2336	0	1
2020.08.31	13:00:00	1.20431	1.20565	1.20416	1.20464	1962	0	1
2020.08.31	14:00:00	1.20464	1.20501	1.20249	1.20274	2402	0	1
2020.08.31	15:00:00	1.20270	1.20304	1.20143	1.20280	2273	0	1
2020.08.31	16:00:00	1.20279	1.20319	1.20119	1.20309	3175	0	1
2020.08.31	17:00:00	1.20304	1.20607	1.20268	1.20542	3887	0	1
2020.08.31	18:00:00	1.20547	1.20649	1.20443	1.20539	3363	0	1
2020.08.31	19:00:00	1.20540	1.20823	1.20506	1.20775	2317	0	1
2020.08.31	20:00:00	1.20778	1.20784	1.20715	1.20748	1550	0	1
2020.08.31	21:00:00	1.20754	1.20851	1.20727	1.20851	1710	0	1
2020.08.31	22:00:00	1.20851	1.20881	1.20768	1.20817	1988	0	1
2020.08.31	23:00:00	1.20815	1.20861	1.20792	1.20846	1049	0	1
2020.09.01	00:00:00	1.20659	1.20812	1.20655	1.20767	754	0	45
2020.09.01	01:00:00	1.20791	1.20815	1.20779	1.20794	670	0	1
2020.09.01	02:00:00	1.20797	1.20824	1.20775	1.20815	534	0	1
2020.09.01	03:00:00	1.20820	1.20846	1.20762	1.20764	1462	0	1
2020.09.01	04:00:00	1.20763	1.20843	1.20734	1.20842	2145	0	1
2020.09.01	05:00:00	1.20843	1.20869	1.20725	1.20802	2495	0	1
2020.09.01	06:00:00	1.20802	1.20833	1.20776	1.20814	1708	0	1
2020.09.01	07:00:00	1.20814	1.20826	1.20762	1.20795	1390	0	1
2020.09.01	08:00:00	1.20798	1.20849	1.20777	1.20835	1698	0	1
2020.09.01	09:00:00	1.20844	1.20860	1.20632	1.20742	2583	0	1
2020.09.01	10:00:00	1.20744	1.21053	1.20692	1.21006	3381	0	1
2020.09.01	11:00:00	1.21004	1.21168	1.20973	1.21136	3224	0	1
2020.09.01	12:00:00	1.21147	1.21539	1.21147	1.21466	2863	0	1
2020.09.01	13:00:00	1.21464	1.21763	1.21455	1.21709	2732	0	1
2020.09.01	14:00:00	1.21706	1.22147	1.21706	1.22120	2930	0	1
2020.09.01	15:00:00	1.22117	1.22224	1.22009	1.22095	2933	0	1
2020.09.01	16:00:00	1.22094	1.22121	1.21806	1.21826	3808	0	1
2020.09.01	17:00:00	1.21821	1.22117	1.21797	1.22018	4166	0	1
2020.09.01	18:00:00	1.22018	1.22088	1.21678	1.21692	3102	0	1
2020.09.01	19:00:00	1.21696	1.21737	1.21570	1.21671	2480	0	1
2020.09.01	20:00:00	1.21672	1.21789	1.21575	1.21681	2865	0	1
2020.09.01	21:00:00	1.21681	1.21793	1.21657	1.21737	2398	0	1
2020.09.01	22:00:00	1.21735	1.21735	1.21597	1.21651	2125	0	1
2020.09.01	23:00:00	1.21648	1.21749	1.21633	1.21718	929	0	1
2020.09.02	00:00:00	1.21533	1.21714	1.21492	1.21528	1200	0	66
2020.09.02	01:00:00	1.21708	1.21814	1.21666	1.21807	357	0	5
2020.09.02	02:00:00	1.21801	1.21863	1.21793	1.21858	743	0	1
2020.09.02	03:00:00	1.21857	1.21938	1.21830	1.21905	1348	0	1
2020.09.02	04:00:00	1.21904	1.21965	1.21810	1.21883	2064	0	1
2020.09.02	05:00:00	1.21879	1.21903	1.21813	1.21877	1306	0	1
2020.09.02	06:00:00	1.21878	1.21881	1.21787	1.21857	872	0	1
2020.09.02	07:00:00	1.21854	1.21873	1.21821	1.21842	913	0	1
2020.09.02	08:00:00	1.21848	1.21937	1.21838	1.21895	1233	0	1
2020.09.02	09:00:00	1.21889	1.21925	1.21736	1.21838	2208	0	1
2020.09.02	10:00:00	1.21838	1.21845	1.21496	1.21710	3273	0	1
2020.09.02	11:00:00	1.21710	1.21926	1.21682	1.21776	2833	0	1
2020.09.02	12:00:00	1.21778	1.21881	1.21616	1.21686	2635	0	1
2020.09.02	13:00:00	1.21688	1.21754	1.21620	1.21676	2346	0	1
2020.09.02	14:00:00	1.21675	1.21741	1.21540	1.21569	2757	0	1
2020.09.02	15:00:00	1.21569	1.21723	1.21527	1.21700	3115	0	1
2020.09.02	16:00:00	1.21700	1.21716	1.21411	1.21441	3529	0	1
2020.09.02	17:00:00	1.21434	1.21492	1.21114	1.21129	3777	0	1
2020.09.02	18:00:00	1.21127	1.21309	1.21039	1.21275	3359	0	1
2020.09.02	19:00:00	1.21271	1.21527	1.21235	1.21505	2676	0	1
2020.09.02	20:00:00	1.21505	1.21604	1.21444	1.21596	2043	0	1
2020.09.02	21:00:00	1.21601	1.21663	1.21548	1.21605	2204	0	1
2020.09.02	22:00:00	1.21606	1.21609	1.21529	1.21595	2099	0	1
2020.09.02	23:00:00	1.21598	1.21622	1.21571	1.21596	880	0	1
2020.09.03	00:00:00	1.21562	1.21588	1.21532	1.21583	891	0	21
2020.09.03	01:00:00	1.21568	1.21669	1.21568	1.21666	515	0	7
2020.09.03	02:00:00	1.21669	1.21696	1.21644	1.21649	706	0	1
2020.09.03	03:00:00	1.21648	1.21680	1.21598	1.21602	1344	0	2
2020.09.03	04:00:00	1.21602	1.21621	1.21539	1.21595	1550	0	1
2020.09.03	05:00:00	1.21598	1.21629	1.21563	1.21581	1220	0	2
2020.09.03	06:00:00	1.21582	1.21585	1.21520	1.21551	1035	0	2
2020.09.03	07:00:00	1.21551	1.21599	1.21525	1.21557	1386	0	1
2020.09.03	08:00:00	1.21562	1.21566	1.21374	1.21418	1698	0	1
2020.09.03	09:00:00	1.21418	1.21457	1.21292	1.21380	2634	0	1
2020.09.03	10:00:00	1.21381	1.21395	1.21150	1.21306	2904	0	1
2020.09.03	11:00:00	1.21303	1.21362	1.21184	1.21352	2529	0	1
2020.09.03	12:00:00	1.21350	1.21350	1.20947	1.20985	2667	0	1
2020.09.03	13:00:00	1.20986	1.21072	1.20772	1.20827	2506	0	1
2020.09.03	14:00:00	1.20829	1.21005	1.20804	1.20962	2207	0	1
2020.09.03	15:00:00	1.20962	1.21009	1.20837	1.20864	3029	0	1
2020.09.03	16:00:00	1.20863	1.21058	1.20805	1.20947	2964	0	1
2020.09.03	17:00:00	1.20948	1.20961	1.20628	1.20716	4199	0	1
2020.09.03	18:00:00	1.20716	1.20936	1.20648	1.20745	4229	0	1
2020.09.03	19:00:00	1.20744	1.20854	1.20641	1.20719	3245	0	1
2020.09.03	20:00:00	1.20722	1.20772	1.20666	1.20748	2532	0	1
2020.09.03	21:00:00	1.20750	1.20779	1.20617	1.20617	2405	0	1
2020.09.03	22:00:00	1.20618	1.20736	1.20618	1.20705	2666	0	1
2020.09.03	23:00:00	1.20704	1.20780	1.20701	1.20760	825	0	2
2020.09.04	00:00:00	1.20643	1.20729	1.20599	1.20668	399	0	87
2020.09.04	01:00:00	1.20702	1.20785	1.20699	1.20755	656	0	8
2020.09.04	02:00:00	1.20756	1.20763	1.20664	1.20704	936	0	4
2020.09.04	03:00:00	1.20706	1.20767	1.20672	1.20756	1469	0	2
2020.09.04	04:00:00	1.20758	1.20873	1.20746	1.20868	1554	0	1
2020.09.04	05:00:00	1.20869	1.20896	1.20812	1.20828	1223	0	3
2020.09.04	06:00:00	1.20829	1.20866	1.20799	1.20823	953	0	3
2020.09.04	07:00:00	1.20823	1.20829	1.20773	1.20792	874	0	1
2020.09.04	08:00:00	1.20793	1.20815	1.20709	1.20763	1075	0	1
2020.09.04	09:00:00	1.20763	1.20909	1.20708	1.20769	2121	0	1
2020.09.04	10:00:00	1.20768	1.21059	1.20719	1.21025	3091	0	1
2020.09.04	11:00:00	1.21026	1.21217	1.21010	1.21076	2612	0	1
2020.09.04	12:00:00	1.21081	1.21164	1.21014	1.21038	2348	0	1
2020.09.04	13:00:00	1.21038	1.21060	1.20869	1.21022	2294	0	1
2020.09.04	14:00:00	1.21033	1.21045	1.20764	1.20842	2650	0	1
2020.09.04	15:00:00	1.20838	1.20927	1.20676	1.20728	3758	0	1
2020.09.04	16:00:00	1.20724	1.20848	1.20589	1.20763	4147	0	1
2020.09.04	17:00:00	1.20763	1.20958	1.20618	1.20892	4743	0	1
2020.09.04	18:00:00	1.20894	1.21107	1.20832	1.21025	4043	0	1
2020.09.04	19:00:00	1.21027	1.21101	1.20954	1.21058	3141	0	1
2020.09.04	20:00:00	1.21058	1.21242	1.21002	1.21232	2139	0	1
2020.09.04	21:00:00	1.21230	1.21306	1.21173	1.21231	2388	0	1
2020.09.04	22:00:00	1.21235	1.21260	1.21135	1.21219	2208	0	1
2020.09.04	23:00:00	1.21218	1.21317	1.21200	1.21267	787	0	2
2020.09.07	00:00:00	1.21033	1.21129	1.21001	1.21032	209	0	83
2020.09.07	01:00:00	1.21032	1.21105	1.20947	1.21030	911	0	2
2020.09.07	02:00:00	1.21035	1.21068	1.20976	1.21015	671	0	3
2020.09.07	03:00:00	1.21016	1.21089	1.21001	1.21069	1381	0	1
2020.09.07	04:00:00	1.21068	1.21125	1.21043	1.21093	1131	0	1
2020.09.07	05:00:00	1.21093	1.21105	1.21022	1.21055	1077	0	1
2020.09.07	06:00:00	1.21060	1.21072	1.20996	1.21018	784	0	3
2020.09.07	07:00:00	1.21020	1.21032	1.20902	1.20931	907	0	2
2020.09.07	08:00:00	1.20931	1.20959	1.20776	1.20816	947	0	1
2020.09.07	09:00:00	1.20816	1.20849	1.20664	1.20692	2008	0	1
2020.09.07	10:00:00	1.20691	1.20797	1.20587	1.20792	2460	0	1
2020.09.07	11:00:00	1.20794	1.20846	1.20369	1.20443	2276	0	1
2020.09.07	12:00:00	1.20443	1.20588	1.20422	1.20529	2189	0	1
2020.09.07	13:00:00	1.20532	1.20543	1.20205	1.20208	2178	0	1
2020.09.07	14:00:00	1.20208	1.20395	1.20171	1.20344	1875	0	1
2020.09.07	15:00:00	1.20346	1.20481	1.20227	1.20447	1765	0	1
2020.09.07	16:00:00	1.20446	1.20479	1.20297	1.20479	1956	0	1
2020.09.07	17:00:00	1.20478	1.20603	1.20464	1.20577	2219	0	1
2020.09.07	18:00:00	1.20573	1.20647	1.20449	1.20521	1293	0	1
2020.09.07	19:00:00	1.20521	1.20742	1.20503	1.20734	1307	0	1
2020.09.07	20:00:00	1.20733	1.20761	1.20639	1.20721	1570	0	1
2020.09.07	21:00:00	1.20721	1.20721	1.20631	1.20655	1255	0	6
2020.09.07	22:00:00	1.20656	1.20669	1.20617	1.20625	1526	0	5
2020.09.07	23:00:00	1.20625	1.20669	1.20586	1.20586	652	0	7
2020.09.08	00:00:00	1.20565	1.20672	1.20500	1.20540	885	0	63
2020.09.08	01:00:00	1.20563	1.20667	1.20562	1.20664	528	0	4
2020.09.08	02:00:00	1.20665	1.20666	1.20595	1.20609	605	0	4
2020.09.08	03:00:00	1.20611	1.20679	1.20551	1.20658	1184	0	1
2020.09.08	04:00:00	1.20666	1.20715	1.20604	1.20620	1344	0	1
2020.09.08	05:00:00	1.20619	1.20686	1.20602	1.20676	1056	0	1
2020.09.08	06:00:00	1.20674	1.20685	1.20631	1.20660	971	0	1
2020.09.08	07:00:00	1.20660	1.20705	1.20547	1.20563	918	0	1
2020.09.08	08:00:00	1.20562	1.20597	1.20485	1.20593	1244	0	1
2020.09.08	09:00:00	1.20592	1.20623	1.20457	1.20573	2631	0	1
2020.09.08	10:00:00	1.20567	1.20633	1.20394	1.20563	2621	0	1
2020.09.08	11:00:00	1.20563	1.20583	1.20222	1.20262	2836	0	1
2020.09.08	12:00:00	1.20266	1.20303	1.19985	1.20130	3197	0	1
2020.09.08	13:00:00	1.20128	1.20130	1.19677	1.19781	3386	0	1
2020.09.08	14:00:00	1.19781	1.19848	1.19536	1.19713	2985	0	1
2020.09.08	15:00:00	1.19707	1.19708	1.19501	1.19586	3488	0	1
2020.09.08	16:00:00	1.19584	1.19752	1.19464	1.19718	4011	0	1
2020.09.08	17:00:00	1.19715	1.19774	1.19432	1.19433	4078	0	1
2020.09.08	18:00:00	1.19435	1.19542	1.19396	1.19507	3273	0	1
2020.09.08	19:00:00	1.19504	1.19576	1.19472	1.19539	2847	0	1
2020.09.08	20:00:00	1.19539	1.19549	1.19250	1.19263	2080	0	1
2020.09.08	21:00:00	1.19266	1.19273	1.19110	1.19163	1875	0	1
2020.09.08	22:00:00	1.19163	1.19244	1.19156	1.19211	2611	0	1
2020.09.08	23:00:00	1.19214	1.19275	1.19156	1.19158	936	0	1
2020.09.09	00:00:00	1.19118	1.19197	1.19066	1.19117	361	0	19
2020.09.09	01:00:00	1.19137	1.19137	1.18924	1.19029	910	0	2
2020.09.09	02:00:00	1.19033	1.19069	1.19004	1.19026	962	0	2
2020.09.09	03:00:00	1.19029	1.19101	1.18984	1.19036	1421	0	1
2020.09.09	04:00:00	1.19036	1.19046	1.18945	1.18983	1494	0	1
2020.09.09	05:00:00	1.18983	1.18984	1.18921	1.18949	979	0	1
2020.09.09	06:00:00	1.18958	1.19010	1.18949	1.18982	957	0	1
2020.09.09	07:00:00	1.18982	1.19035	1.18966	1.19035	754	0	1
2020.09.09	08:00:00	1.19036	1.19091	1.19021	1.19035	1054	0	1
2020.09.09	09:00:00	1.19039	1.19072	1.18729	1.18794	2463	0	1
2020.09.09	10:00:00	1.18794	1.18958	1.18676	1.18884	3016	0	1
2020.09.09	11:00:00	1.18883	1.18924	1.18734	1.18762	2707	0	1
2020.09.09	12:00:00	1.18761	1.18896	1.18736	1.18848	2222	0	1
2020.09.09	13:00:00	1.18848	1.18913	1.18683	1.18793	2014	0	1
2020.09.09	14:00:00	1.18793	1.18841	1.18346	1.18384	2808	0	1
2020.09.09	15:00:00	1.18386	1.18874	1.18315	1.18555	3369	0	1
2020.09.09	16:00:00	1.18553	1.18949	1.18440	1.18895	3959	0	1
2020.09.09	17:00:00	1.18895	1.18976	1.18646	1.18718	3995	0	1
2020.09.09	18:00:00	1.18724	1.18828	1.18617	1.18805	2543	0	1
2020.09.09	19:00:00	1.18806	1.18863	1.18737	1.18857	1925	0	1
2020.09.09	20:00:00	1.18857	1.18890	1.18588	1.18630	2081	0	1
2020.09.09	21:00:00	1.18631	1.18681	1.18538	1.18543	1669	0	1
2020.09.09	22:00:00	1.18544	1.18682	1.18518	1.18619	1759	0	1
2020.09.09	23:00:00	1.18620	1.18656	1.18587	1.18594	815	0	1
2020.09.10	00:00:00	1.18507	1.18638	1.18488	1.18554	290	0	80
2020.09.10	01:00:00	1.18554	1.18652	1.18554	1.18630	645	0	2
2020.09.10	02:00:00	1.18632	1.18641	1.18562	1.18571	534	0	2
2020.09.10	03:00:00	1.18574	1.18574	1.18463	1.18491	1095	0	2
2020.09.10	04:00:00	1.18489	1.18494	1.18327	1.18429	1466	0	1
2020.09.10	05:00:00	1.18429	1.18461	1.18338	1.18442	1139	0	1
2020.09.10	06:00:00	1.18444	1.18448	1.18387	1.18401	786	0	2
2020.09.10	07:00:00	1.18402	1.18459	1.18390	1.18427	781	0	1
2020.09.10	08:00:00	1.18428	1.18538	1.18407	1.18498	1215	0	1
2020.09.10	09:00:00	1.18496	1.18682	1.18460	1.18517	2224	0	1
2020.09.10	10:00:00	1.18519	1.18519	1.18221	1.18235	2880	0	1
2020.09.10	11:00:00	1.18234	1.18395	1.18203	1.18262	2460	0	1
2020.09.10	12:00:00	1.18260	1.18452	1.18238	1.18429	2283	0	1
2020.09.10	13:00:00	1.18429	1.18499	1.18286	1.18367	2214	0	1
2020.09.10	14:00:00	1.18366	1.18373	1.17776	1.17781	2939	0	1
2020.09.10	15:00:00	1.17781	1.17808	1.17408	1.17556	4109	0	1
2020.09.10	16:00:00	1.17555	1.17647	1.17157	1.17302	3878	0	1
2020.09.10	17:00:00	1.17294	1.17330	1.16736	1.16771	3917	0	1
2020.09.10	18:00:00	1.16772	1.16946	1.16596	1.16613	3667	0	1
2020.09.10	19:00:00	1.16613	1.16621	1.16185	1.16548	3589	0	1
2020.09.10	20:00:00	1.16548	1.16710	1.16409	1.16559	2864	0	1
2020.09.10	21:00:00	1.16563	1.16597	1.16442	1.16483	3102	0	1
2020.09.10	22:00:00	1.16482	1.16511	1.16353	1.16484	3297	0	1
2020.09.10	23:00:00	1.16483	1.16681	1.16478	1.16681	1029	0	1
2020.09.11	00:00:00	1.16517	1.16569	1.16453	1.16493	547	0	30
2020.09.11	01:00:00	1.16487	1.16645	1.16487	1.16619	865	0	5
2020.09.11	02:00:00	1.16619	1.16630	1.16544	1.16577	661	0	1
2020.09.11	03:00:00	1.16577	1.16596	1.16433	1.16486	1445	0	1
2020.09.11	04:00:00	1.16490	1.16611	1.16466	1.16584	1657	0	1
2020.09.11	05:00:00	1.16578	1.16637	1.16554	1.16622	1164	0	1
2020.09.11	06:00:00	1.16622	1.16708	1.16579	1.16705	1079	0	1
2020.09.11	07:00:00	1.16701	1.16726	1.16617	1.16632	958	0	1
2020.09.11	08:00:00	1.16632	1.16719	1.16626	1.16701	1128	0	1
2020.09.11	09:00:00	1.16701	1.16806	1.16570	1.16806	2177	0	1
2020.09.11	10:00:00	1.16806	1.17007	1.16666	1.16764	2706	0	1
2020.09.11	11:00:00	1.16763	1.16796	1.16118	1.16153	2750	0	1
2020.09.11	12:00:00	1.16157	1.16312	1.15993	1.16174	2982	0	1
2020.09.11	13:00:00	1.16174	1.16687	1.16102	1.16657	2597	0	1
2020.09.11	14:00:00	1.16662	1.16928	1.16561	1.16614	2384	0	1
2020.09.11	15:00:00	1.16614	1.16686	1.16461	1.16471	2719	0	1
2020.09.11	16:00:00	1.16475	1.16511	1.16194	1.16367	3419	0	1
2020.09.11	17:00:00	1.16367	1.16557	1.16164	1.16244	3520	0	1
2020.09.11	18:00:00	1.16241	1.16439	1.16139	1.16257	2424	0	1
2020.09.11	19:00:00	1.16256	1.16448	1.16180	1.16273	1914	0	1
2020.09.11	20:00:00	1.16273	1.16384	1.16236	1.16369	2009	0	1
2020.09.11	21:00:00	1.16368	1.16408	1.16283	1.16341	2152	0	1
2020.09.11	22:00:00	1.16339	1.16402	1.16318	1.16345	2125	0	1
2020.09.11	23:00:00	1.16341	1.16376	1.16296	1.16305	590	0	3
2020.09.14	00:00:00	1.16143	1.16318	1.16123	1.16256	212	0	74
2020.09.14	01:00:00	1.16316	1.16423	1.16172	1.16375	557	0	1
2020.09.14	02:00:00	1.16373	1.16410	1.16341	1.16406	693	0	1
2020.09.14	03:00:00	1.16406	1.16438	1.16335	1.16410	915	0	1
2020.09.14	04:00:00	1.16416	1.16487	1.16404	1.16487	1257	0	1
2020.09.14	05:00:00	1.16487	1.16588	1.16431	1.16519	1319	0	1
2020.09.14	06:00:00	1.16524	1.16555	1.16490	1.16497	852	0	1
2020.09.14	07:00:00	1.16497	1.16531	1.16479	1.16482	680	0	1
2020.09.14	08:00:00	1.16482	1.16556	1.16438	1.16541	1140	0	1
2020.09.14	09:00:00	1.16542	1.16584	1.16454	1.16567	1929	0	1
2020.09.14	10:00:00	1.16567	1.16643	1.16439	1.16591	2556	0	1
2020.09.14	11:00:00	1.16590	1.16752	1.16546	1.16629	2508	0	1
2020.09.14	12:00:00	1.16626	1.16796	1.16599	1.16758	2625	0	1
2020.09.14	13:00:00	1.16758	1.16869	1.16687	1.16757	2646	0	1
2020.09.14	14:00:00	1.16754	1.16868	1.16688	1.16834	2198	0	1
2020.09.14	15:00:00	1.16833	1.16834	1.16578	1.16746	2423	0	1
2020.09.14	16:00:00	1.16744	1.17040	1.16744	1.16905	3370	0	1
2020.09.14	17:00:00	1.16906	1.16973	1.16582	1.16768	3146	0	1
2020.09.14	18:00:00	1.16769	1.16869	1.16669	1.16789	2416	0	1
2020.09.14	19:00:00	1.16795	1.16863	1.16764	1.16782	1937	0	1
2020.09.14	20:00:00	1.16782	1.16794	1.16733	1.16773	1761	0	1
2020.09.14	21:00:00	1.16774	1.16779	1.16650	1.16710	1493	0	1
2020.09.14	22:00:00	1.16713	1.16833	1.16713	1.16765	1871	0	1
2020.09.14	23:00:00	1.16768	1.16795	1.16672	1.16675	828	0	2
2020.09.15	00:00:00	1.16623	1.16710	1.16620	1.16640	198	0	11
2020.09.15	01:00:00	1.16667	1.16744	1.16659	1.16743	394	0	3
2020.09.15	02:00:00	1.16746	1.16751	1.16694	1.16720	420	0	1
2020.09.15	03:00:00	1.16719	1.16735	1.16568	1.16593	1257	0	1
2020.09.15	04:00:00	1.16598	1.16598	1.16423	1.16478	1760	0	1
2020.09.15	05:00:00	1.16482	1.16560	1.16457	1.16546	1240	0	1
2020.09.15	06:00:00	1.16545	1.16620	1.16545	1.16615	1099	0	1
2020.09.15	07:00:00	1.16615	1.16666	1.16600	1.16628	940	0	1
2020.09.15	08:00:00	1.16627	1.16651	1.16547	1.16579	1248	0	2
2020.09.15	09:00:00	1.16577	1.16744	1.16536	1.16597	2037	0	1
2020.09.15	10:00:00	1.16599	1.16770	1.16402	1.16764	2766	0	1
2020.09.15	11:00:00	1.16764	1.16871	1.16690	1.16725	2508	0	1
2020.09.15	12:00:00	1.16733	1.17017	1.16715	1.16967	2301	0	1
2020.09.15	13:00:00	1.16965	1.17049	1.16825	1.16911	2151	0	1
2020.09.15	14:00:00	1.16912	1.17075	1.16841	1.16932	2417	0	1
2020.09.15	15:00:00	1.16936	1.16976	1.16819	1.16853	2613	0	1
2020.09.15	16:00:00	1.16854	1.16933	1.16754	1.16865	2785	0	1
2020.09.15	17:00:00	1.16873	1.17018	1.16699	1.16704	3426	0	1
2020.09.15	18:00:00	1.16708	1.16893	1.16629	1.16878	2274	0	1
2020.09.15	19:00:00	1.16878	1.17093	1.16842	1.17080	1747	0	1
2020.09.15	20:00:00	1.17080	1.17200	1.17040	1.17081	1764	0	1
2020.09.15	21:00:00	1.17081	1.17130	1.17006	1.17107	1527	0	1
2020.09.15	22:00:00	1.17107	1.17107	1.17015	1.17028	1645	0	1
2020.09.15	23:00:00	1.17028	1.17073	1.16995	1.17061	736	0	1
2020.09.16	00:00:00	1.17030	1.17061	1.17008	1.17042	487	0	60
2020.09.16	01:00:00	1.17042	1.17066	1.17008	1.17040	406	0	11
2020.09.16	02:00:00	1.17042	1.17073	1.16995	1.17059	514	0	5
2020.09.16	03:00:00	1.17062	1.17166	1.17041	1.17133	1321	0	1
2020.09.16	04:00:00	1.17133	1.17277	1.17088	1.17265	1492	0	1
2020.09.16	05:00:00	1.17268	1.17317	1.17147	1.17157	1269	0	1
2020.09.16	06:00:00	1.17158	1.17196	1.17131	1.17149	860	0	2
2020.09.16	07:00:00	1.17149	1.17166	1.17068	1.17083	813	0	2
2020.09.16	08:00:00	1.17083	1.17120	1.17008	1.17073	1062	0	1
2020.09.16	09:00:00	1.17072	1.17134	1.16973	1.17002	1627	0	1
2020.09.16	10:00:00	1.17001	1.17002	1.16811	1.16958	2236	0	1
2020.09.16	11:00:00	1.16961	1.17107	1.16869	1.17095	2240	0	1
2020.09.16	12:00:00	1.17094	1.17309	1.17005	1.17309	2093	0	1
2020.09.16	13:00:00	1.17308	1.17531	1.17210	1.17465	2662	0	1
2020.09.16	14:00:00	1.17463	1.17650	1.17428	1.17627	2148	0	1
2020.09.16	15:00:00	1.17628	1.17785	1.17521	1.17723	2839	0	1
2020.09.16	16:00:00	1.17727	1.17768	1.17599	1.17733	3014	0	1
2020.09.16	17:00:00	1.17733	1.18122	1.17700	1.18060	4198	0	1
2020.09.16	18:00:00	1.18063	1.18100	1.17844	1.17871	2514	0	1
2020.09.16	19:00:00	1.17873	1.17955	1.17851	1.17855	1556	0	1
2020.09.16	20:00:00	1.17855	1.17932	1.17796	1.17863	2130	0	1
2020.09.16	21:00:00	1.17856	1.17937	1.17803	1.17917	4739	0	1
2020.09.16	22:00:00	1.17915	1.18053	1.17853	1.17986	3860	0	1
2020.09.16	23:00:00	1.17985	1.18014	1.17915	1.17942	1163	0	2
2020.09.17	00:00:00	1.17843	1.17942	1.17827	1.17897	517	0	37
2020.09.17	01:00:00	1.17897	1.18026	1.17888	1.18015	472	0	2
2020.09.17	02:00:00	1.18016	1.18026	1.17945	1.18008	708	0	2
2020.09.17	03:00:00	1.18012	1.18038	1.17926	1.17960	1914	0	1
2020.09.17	04:00:00	1.17956	1.17979	1.17858	1.17864	2476	0	1
2020.09.17	05:00:00	1.17858	1.17949	1.17843	1.17910	1803	0	2
2020.09.17	06:00:00	1.17910	1.17991	1.17847	1.17922	1989	0	1
2020.09.17	07:00:00	1.17921	1.18002	1.17892	1.18002	1153	0	1
2020.09.17	08:00:00	1.18001	1.18055	1.17941	1.18049	1684	0	1
2020.09.17	09:00:00	1.18038	1.18334	1.18002	1.18306	3123	0	1
2020.09.17	10:00:00	1.18306	1.18326	1.18029	1.18051	3369	0	1
2020.09.17	11:00:00	1.18051	1.18091	1.17823	1.18014	3015	0	1
2020.09.17	12:00:00	1.18013	1.18267	1.17962	1.18113	2608	0	1
2020.09.17	13:00:00	1.18113	1.18189	1.18030	1.18042	2493	0	1
2020.09.17	14:00:00	1.18042	1.18197	1.17333	1.17453	3633	0	1
2020.09.17	15:00:00	1.17451	1.17455	1.17135	1.17182	3275	0	1
2020.09.17	16:00:00	1.17178	1.17558	1.17157	1.17465	3716	0	1
2020.09.17	17:00:00	1.17465	1.18296	1.17377	1.17867	4100	0	1
2020.09.17	18:00:00	1.17865	1.17970	1.17731	1.17843	3056	0	1
2020.09.17	19:00:00	1.17841	1.17910	1.17705	1.17714	2600	0	1
2020.09.17	20:00:00	1.17714	1.17808	1.17705	1.17751	1833	0	1
2020.09.17	21:00:00	1.17756	1.17831	1.17703	1.17809	2008	0	1
2020.09.17	22:00:00	1.17808	1.17846	1.17774	1.17812	1911	0	1
2020.09.17	23:00:00	1.17811	1.17984	1.17784	1.17851	1192	0	1
2020.09.18	00:00:00	1.17775	1.17862	1.17746	1.17790	718	0	63
2020.09.18	01:00:00	1.17829	1.17854	1.17785	1.17852	622	0	4
2020.09.18	02:00:00	1.17853	1.17875	1.17829	1.17853	615	0	3
2020.09.18	03:00:00	1.17856	1.17946	1.17856	1.17872	1520	0	1
2020.09.18	04:00:00	1.17873	1.17923	1.17685	1.17687	1663	0	1
2020.09.18	05:00:00	1.17687	1.17716	1.17619	1.17625	1121	0	1
2020.09.18	06:00:00	1.17625	1.17717	1.17624	1.17717	990	0	1
2020.09.18	07:00:00	1.17717	1.17751	1.17671	1.17729	972	0	1
2020.09.18	08:00:00	1.17729	1.17804	1.17690	1.17788	1184	0	2
2020.09.18	09:00:00	1.17787	1.17885	1.17683	1.17761	2244	0	1
2020.09.18	10:00:00	1.17772	1.18007	1.17747	1.17826	2973	0	1
2020.09.18	11:00:00	1.17825	1.17994	1.17821	1.17967	2663	0	1
2020.09.18	12:00:00	1.17965	1.18004	1.17774	1.17855	2598	0	1
2020.09.18	13:00:00	1.17851	1.18140	1.17837	1.18069	2403	0	1
2020.09.18	14:00:00	1.18071	1.18185	1.17959	1.18039	2511	0	1
2020.09.18	15:00:00	1.18037	1.18111	1.17932	1.17942	2595	0	1
2020.09.18	16:00:00	1.17942	1.17989	1.17806	1.17911	3229	0	1
2020.09.18	17:00:00	1.17909	1.17995	1.17835	1.17886	3716	0	1
2020.09.18	18:00:00	1.17897	1.17925	1.17691	1.17783	2871	0	1
2020.09.18	19:00:00	1.17783	1.17846	1.17701	1.17754	2166	0	1
2020.09.18	20:00:00	1.17751	1.17756	1.17597	1.17687	2276	0	1
2020.09.18	21:00:00	1.17687	1.17723	1.17613	1.17634	1969	0	1
2020.09.18	22:00:00	1.17632	1.17725	1.17602	1.17662	1836	0	1
2020.09.18	23:00:00	1.17650	1.17786	1.17648	1.17753	861	0	2
2020.09.21	00:00:00	1.17628	1.17753	1.17563	1.17753	425	0	109
2020.09.21	01:00:00	1.17764	1.17855	1.17643	1.17742	789	0	4
2020.09.21	02:00:00	1.17748	1.17840	1.17726	1.17825	734	0	1
2020.09.21	03:00:00	1.17825	1.17940	1.17821	1.17916	1063	0	1
2020.09.21	04:00:00	1.17916	1.17952	1.17866	1.17879	1393	0	1
2020.09.21	05:00:00	1.17879	1.17920	1.17875	1.17887	1155	0	1
2020.09.21	06:00:00	1.17888	1.17911	1.17847	1.17899	1148	0	1
2020.09.21	07:00:00	1.17897	1.17909	1.17855	1.17885	729	0	2
2020.09.21	08:00:00	1.17883	1.17885	1.17841	1.17858	1181	0	2
2020.09.21	09:00:00	1.17857	1.18026	1.17759	1.17986	2310	0	1
2020.09.21	10:00:00	1.17978	1.17993	1.17404	1.17435	3690	0	1
2020.09.21	11:00:00	1.17429	1.17482	1.17153	1.17325	3770	0	1
2020.09.21	12:00:00	1.17326	1.17629	1.17326	1.17579	3205	0	1
2020.09.21	13:00:00	1.17579	1.17609	1.17424	1.17493	2959	0	1
2020.09.21	14:00:00	1.17490	1.17512	1.17298	1.17433	2616	0	1
2020.09.21	15:00:00	1.17433	1.17527	1.17393	1.17442	3082	0	1
2020.09.21	16:00:00	1.17441	1.17441	1.17185	1.17429	4309	0	1
2020.09.21	17:00:00	1.17431	1.17434	1.17091	1.17177	4164	0	1
2020.09.21	18:00:00	1.17174	1.17303	1.17161	1.17237	3264	0	1
2020.09.21	19:00:00	1.17232	1.17348	1.17149	1.17166	2532	0	1
2020.09.21	20:00:00	1.17166	1.17192	1.17025	1.17048	2305	0	1
2020.09.21	21:00:00	1.17048	1.17123	1.17043	1.17093	1822	0	1
2020.09.21	22:00:00	1.17096	1.17261	1.17074	1.17252	2188	0	1
2020.09.21	23:00:00	1.17251	1.17264	1.17167	1.17202	852	0	2
2020.09.22	00:00:00	1.17063	1.17223	1.17011	1.17171	599	0	47
2020.09.22	01:00:00	1.17218	1.17273	1.17162	1.17259	575	0	2
2020.09.22	02:00:00	1.17252	1.17332	1.17247	1.17329	789	0	1
2020.09.22	03:00:00	1.17328	1.17344	1.17259	1.17281	1498	0	1
2020.09.22	04:00:00	1.17279	1.17308	1.17182	1.17230	1853	0	1
2020.09.22	05:00:00	1.17230	1.17269	1.17201	1.17254	1052	0	2
2020.09.22	06:00:00	1.17254	1.17305	1.17224	1.17261	1140	0	2
2020.09.22	07:00:00	1.17261	1.17261	1.17213	1.17246	855	0	1
2020.09.22	08:00:00	1.17243	1.17244	1.17115	1.17120	1336	0	1
2020.09.22	09:00:00	1.17118	1.17165	1.17059	1.17128	2504	0	1
2020.09.22	10:00:00	1.17125	1.17202	1.16555	1.16971	3731	0	1
2020.09.22	11:00:00	1.16978	1.17547	1.16947	1.17392	3692	0	1
2020.09.22	12:00:00	1.17391	1.17438	1.17104	1.17191	2706	0	1
2020.09.22	13:00:00	1.17188	1.17624	1.17146	1.17590	2842	0	1
2020.09.22	14:00:00	1.17590	1.17629	1.17166	1.17217	2656	0	1
2020.09.22	15:00:00	1.17208	1.17299	1.17066	1.17172	3094	0	1
2020.09.22	16:00:00	1.17173	1.17239	1.17022	1.17028	3445	0	1
2020.09.22	17:00:00	1.17026	1.17245	1.16958	1.16960	3833	0	1
2020.09.22	18:00:00	1.16960	1.17155	1.16926	1.17055	3614	0	1
2020.09.22	19:00:00	1.17060	1.17172	1.16999	1.17100	2611	0	1
2020.09.22	20:00:00	1.17108	1.17138	1.17028	1.17063	1981	0	1
2020.09.22	21:00:00	1.17060	1.17175	1.17060	1.17136	1632	0	1
2020.09.22	22:00:00	1.17135	1.17170	1.17082	1.17106	1624	0	1
2020.09.22	23:00:00	1.17105	1.17144	1.17097	1.17113	715	0	3
2020.09.23	00:00:00	1.17028	1.17094	1.16964	1.17094	364	0	55
2020.09.23	01:00:00	1.17094	1.17187	1.17094	1.17148	542	0	3
2020.09.23	02:00:00	1.17153	1.17243	1.17120	1.17243	859	0	3
2020.09.23	03:00:00	1.17241	1.17316	1.17164	1.17181	1851	0	1
2020.09.23	04:00:00	1.17181	1.17255	1.17178	1.17218	1916	0	1
2020.09.23	05:00:00	1.17217	1.17252	1.17171	1.17190	1644	0	1
2020.09.23	06:00:00	1.17191	1.17238	1.17166	1.17194	1275	0	1
2020.09.23	07:00:00	1.17194	1.17246	1.17163	1.17167	1267	0	1
2020.09.23	08:00:00	1.17170	1.17215	1.17156	1.17183	1203	0	1
2020.09.23	09:00:00	1.17188	1.17197	1.16896	1.16945	2718	0	1
2020.09.23	10:00:00	1.16947	1.16967	1.16770	1.16823	3379	0	1
2020.09.23	11:00:00	1.16826	1.16914	1.16701	1.16876	2736	0	1
2020.09.23	12:00:00	1.16875	1.17195	1.16831	1.17063	2870	0	1
2020.09.23	13:00:00	1.17063	1.17178	1.16920	1.17091	2186	0	1
2020.09.23	14:00:00	1.17089	1.17283	1.17082	1.17242	2416	0	1
2020.09.23	15:00:00	1.17242	1.17451	1.17142	1.17382	2901	0	1
2020.09.23	16:00:00	1.17379	1.17583	1.17346	1.17553	3471	0	1
2020.09.23	17:00:00	1.17550	1.17988	1.17462	1.17892	3919	0	1
2020.09.23	18:00:00	1.17888	1.17888	1.17685	1.17738	3204	0	1
2020.09.23	19:00:00	1.17740	1.17834	1.17694	1.17713	2289	0	1
2020.09.23	20:00:00	1.17709	1.17718	1.17635	1.17668	1926	0	1
2020.09.23	21:00:00	1.17669	1.17669	1.17505	1.17505	2654	0	1
2020.09.23	22:00:00	1.17506	1.17548	1.17432	1.17471	2618	0	1
2020.09.23	23:00:00	1.17470	1.17538	1.17448	1.17519	927	0	1
2020.09.24	00:00:00	1.17536	1.17581	1.17475	1.17490	287	0	44
2020.09.24	01:00:00	1.17518	1.17608	1.17511	1.17579	582	0	5
2020.09.24	02:00:00	1.17579	1.17589	1.17486	1.17495	948	0	2
2020.09.24	03:00:00	1.17497	1.17508	1.17282	1.17404	1736	0	1
2020.09.24	04:00:00	1.17404	1.17429	1.17343	1.17362	1709	0	1
2020.09.24	05:00:00	1.17363	1.17421	1.17340	1.17375	1440	0	1
2020.09.24	06:00:00	1.17375	1.17396	1.17326	1.17358	1149	0	2
2020.09.24	07:00:00	1.17360	1.17394	1.17269	1.17277	923	0	1
2020.09.24	08:00:00	1.17277	1.17363	1.17251	1.17330	1465	0	1
2020.09.24	09:00:00	1.17338	1.17392	1.17244	1.17365	2490	0	1
2020.09.24	10:00:00	1.17365	1.17667	1.17310	1.17657	3206	0	1
2020.09.24	11:00:00	1.17655	1.17941	1.17576	1.17772	2845	0	1
2020.09.24	12:00:00	1.17771	1.17998	1.17708	1.17962	2749	0	1
2020.09.24	13:00:00	1.17964	1.18305	1.17956	1.18010	2800	0	1
2020.09.24	14:00:00	1.18008	1.18008	1.17813	1.17972	2716	0	1
2020.09.24	15:00:00	1.17970	1.18197	1.17890	1.18094	3627	0	1
2020.09.24	16:00:00	1.18095	1.18162	1.17970	1.18015	4060	0	1
2020.09.24	17:00:00	1.18031	1.18049	1.17824	1.17970	4241	0	1
2020.09.24	18:00:00	1.17971	1.18122	1.17914	1.17997	3435	0	1
2020.09.24	19:00:00	1.17995	1.18138	1.17970	1.18122	2696	0	1
2020.09.24	20:00:00	1.18121	1.18204	1.18083	1.18102	2747	0	1
2020.09.24	21:00:00	1.18103	1.18129	1.18026	1.18026	2276	0	1
2020.09.24	22:00:00	1.18025	1.18128	1.18006	1.18076	2446	0	1
2020.09.24	23:00:00	1.18076	1.18127	1.18007	1.18105	931	0	1
2020.09.25	00:00:00	1.18122	1.18140	1.17990	1.18037	363	0	26
2020.09.25	01:00:00	1.18058	1.18167	1.18058	1.18135	635	0	6
2020.09.25	02:00:00	1.18136	1.18218	1.18107	1.18214	725	0	2
2020.09.25	03:00:00	1.18209	1.18259	1.18191	1.18233	1265	0	1
2020.09.25	04:00:00	1.18233	1.18290	1.18173	1.18184	1141	0	1
2020.09.25	05:00:00	1.18184	1.18234	1.18165	1.18212	1058	0	1
2020.09.25	06:00:00	1.18214	1.18241	1.18132	1.18169	964	0	2
2020.09.25	07:00:00	1.18168	1.18223	1.18158	1.18204	960	0	1
2020.09.25	08:00:00	1.18211	1.18216	1.18153	1.18170	1092	0	1
2020.09.25	09:00:00	1.18176	1.18304	1.18156	1.18274	2057	0	1
2020.09.25	10:00:00	1.18270	1.18586	1.18244	1.18284	3209	0	1
2020.09.25	11:00:00	1.18283	1.18377	1.18221	1.18313	2416	0	1
2020.09.25	12:00:00	1.18314	1.18352	1.18047	1.18091	2616	0	1
2020.09.25	13:00:00	1.18094	1.18096	1.17856	1.17911	2532	0	1
2020.09.25	14:00:00	1.17911	1.18278	1.17794	1.18272	2896	0	1
2020.09.25	15:00:00	1.18276	1.18306	1.18136	1.18197	2388	0	1
2020.09.25	16:00:00	1.18192	1.18214	1.18059	1.18090	3151	0	1
2020.09.25	17:00:00	1.18091	1.18131	1.17945	1.18045	3537	0	1
2020.09.25	18:00:00	1.18040	1.18076	1.17883	1.18046	2544	0	1
2020.09.25	19:00:00	1.18046	1.18156	1.17982	1.18053	2067	0	1
2020.09.25	20:00:00	1.18053	1.18145	1.18005	1.18142	1505	0	1
2020.09.25	21:00:00	1.18144	1.18284	1.18137	1.18239	1555	0	1
2020.09.25	22:00:00	1.18240	1.18406	1.18239	1.18405	1921	0	1
2020.09.25	23:00:00	1.18402	1.18465	1.18340	1.18364	1080	0	5
2020.09.28	00:00:00	1.18480	1.18552	1.18389	1.18462	206	0	60
2020.09.28	01:00:00	1.18469	1.18530	1.18406	1.18439	582	0	2
2020.09.28	02:00:00	1.18438	1.18522	1.18417	1.18493	405	0	2
2020.09.28	03:00:00	1.18494	1.18571	1.18441	1.18487	1457	0	1
2020.09.28	04:00:00	1.18487	1.18605	1.18487	1.18578	1311	0	1
2020.09.28	05:00:00	1.18572	1.18622	1.18527	1.18571	940	0	2
2020.09.28	06:00:00	1.18569	1.18611	1.18556	1.18590	873	0	1
2020.09.28	07:00:00	1.18590	1.18632	1.18548	1.18576	771	0	1
2020.09.28	08:00:00	1.18577	1.18663	1.18576	1.18660	919	0	1
2020.09.28	09:00:00	1.18664	1.18762	1.18564	1.18724	1876	0	1
2020.09.28	10:00:00	1.18723	1.18908	1.18553	1.18818	2827	0	1
2020.09.28	11:00:00	1.18815	1.19066	1.18732	1.18884	3182	0	1
2020.09.28	12:00:00	1.18884	1.19215	1.18869	1.19144	2588	0	1
2020.09.28	13:00:00	1.19146	1.19581	1.19116	1.19473	2697	0	1
2020.09.28	14:00:00	1.19475	1.19688	1.19427	1.19517	2624	0	1
2020.09.28	15:00:00	1.19524	1.19576	1.19171	1.19314	3109	0	1
2020.09.28	16:00:00	1.19316	1.19514	1.19221	1.19320	3202	0	1
2020.09.28	17:00:00	1.19322	1.19565	1.19009	1.19094	3354	0	1
2020.09.28	18:00:00	1.19094	1.19181	1.18923	1.18959	2644	0	1
2020.09.28	19:00:00	1.18959	1.18967	1.18681	1.18822	1846	0	1
2020.09.28	20:00:00	1.18825	1.18857	1.18735	1.18778	1369	0	1
2020.09.28	21:00:00	1.18778	1.18830	1.18655	1.18657	1354	0	1
2020.09.28	22:00:00	1.18661	1.18711	1.18622	1.18634	1857	0	1
2020.09.28	23:00:00	1.18633	1.18660	1.18604	1.18638	753	0	1
2020.09.29	00:00:00	1.18659	1.18703	1.18562	1.18693	611	0	48
2020.09.29	01:00:00	1.18692	1.18766	1.18660	1.18764	514	0	4
2020.09.29	02:00:00	1.18764	1.19005	1.18715	1.18933	839	0	2
2020.09.29	03:00:00	1.18932	1.18934	1.18851	1.18896	917	0	2
2020.09.29	04:00:00	1.18892	1.18894	1.18706	1.18711	1104	0	1
2020.09.29	05:00:00	1.18709	1.18740	1.18656	1.18710	896	0	2
2020.09.29	06:00:00	1.18710	1.18804	1.18682	1.18782	765	0	1
2020.09.29	07:00:00	1.18788	1.18829	1.18735	1.18825	756	0	2
2020.09.29	08:00:00	1.18825	1.18875	1.18734	1.18870	1040	0	1
2020.09.29	09:00:00	1.18872	1.18925	1.18697	1.18770	2218	0	1
2020.09.29	10:00:00	1.18761	1.18993	1.18638	1.18979	2950	0	1
2020.09.29	11:00:00	1.18980	1.19001	1.18845	1.18887	2559	0	1
2020.09.29	12:00:00	1.18877	1.18935	1.18639	1.18670	2450	0	1
2020.09.29	13:00:00	1.18669	1.18742	1.18592	1.18622	2149	0	1
2020.09.29	14:00:00	1.18612	1.18653	1.18469	1.18635	2391	0	1
2020.09.29	15:00:00	1.18635	1.18714	1.18512	1.18516	2511	0	1
2020.09.29	16:00:00	1.18519	1.18537	1.18294	1.18318	3036	0	1
2020.09.29	17:00:00	1.18317	1.18620	1.18101	1.18316	4201	0	1
2020.09.29	18:00:00	1.18324	1.18450	1.18239	1.18387	3325	0	1
2020.09.29	19:00:00	1.18384	1.18418	1.18162	1.18179	2531	0	1
2020.09.29	20:00:00	1.18179	1.18282	1.18122	1.18233	1873	0	1
2020.09.29	21:00:00	1.18236	1.18271	1.18159	1.18270	1490	0	1
2020.09.29	22:00:00	1.18266	1.18312	1.18213	1.18222	1430	0	1
2020.09.29	23:00:00	1.18224	1.18278	1.18170	1.18174	867	0	1
2020.09.30	00:00:00	1.18192	1.18258	1.18109	1.18220	189	0	98
2020.09.30	01:00:00	1.18246	1.18276	1.18212	1.18242	336	0	8
2020.09.30	02:00:00	1.18249	1.18305	1.18227	1.18285	501	0	3
2020.09.30	03:00:00	1.18283	1.18361	1.18209	1.18232	1057	0	2
2020.09.30	04:00:00	1.18233	1.18356	1.18219	1.18336	1153	0	2
2020.09.30	05:00:00	1.18335	1.18432	1.18267	1.18287	1333	0	1
2020.09.30	06:00:00	1.18287	1.18313	1.18217	1.18272	1556	0	1
2020.09.30	07:00:00	1.18272	1.18298	1.18191	1.18269	1093	0	1
2020.09.30	08:00:00	1.18269	1.18311	1.18195	1.18205	1424	0	1
2020.09.30	09:00:00	1.18198	1.18373	1.18076	1.18352	2260	0	1
2020.09.30	10:00:00	1.18350	1.18371	1.18080	1.18124	3144	0	1
2020.09.30	11:00:00	1.18124	1.18349	1.17981	1.18346	2930	0	1
2020.09.30	12:00:00	1.18344	1.18571	1.18282	1.18478	2555	0	1
2020.09.30	13:00:00	1.18478	1.18496	1.18293	1.18297	2513	0	1
2020.09.30	14:00:00	1.18299	1.18496	1.18229	1.18357	2335	0	1
2020.09.30	15:00:00	1.18357	1.18562	1.18312	1.18546	2959	0	1
2020.09.30	16:00:00	1.18555	1.18805	1.18456	1.18769	3405	0	1
2020.09.30	17:00:00	1.18767	1.19033	1.18724	1.18754	4777	0	1
2020.09.30	18:00:00	1.18769	1.18769	1.18503	1.18715	3761	0	1
2020.09.30	19:00:00	1.18714	1.19017	1.18688	1.18954	3012	0	1
2020.09.30	20:00:00	1.18955	1.18999	1.18850	1.18860	2505	0	1
2020.09.30	21:00:00	1.18861	1.18970	1.18797	1.18833	2606	0	1
2020.09.30	22:00:00	1.18831	1.18983	1.18819	1.18868	2810	0	1
2020.09.30	23:00:00	1.18867	1.19037	1.18817	1.19011	1059	0	1
2020.10.01	00:00:00	1.18917	1.19006	1.18867	1.18876	360	0	63
2020.10.01	01:00:00	1.18887	1.19026	1.18884	1.18996	455	0	3
2020.10.01	02:00:00	1.19003	1.19033	1.18925	1.18943	599	0	3
2020.10.01	03:00:00	1.18949	1.19040	1.18945	1.18996	1107	0	1
2020.10.01	04:00:00	1.19001	1.19087	1.18905	1.19002	1528	0	1
2020.10.01	05:00:00	1.19002	1.19036	1.18962	1.18968	1101	0	1
2020.10.01	06:00:00	1.18969	1.18974	1.18912	1.18945	918	0	2
2020.10.01	07:00:00	1.18946	1.18983	1.18930	1.18948	710	0	1
2020.10.01	08:00:00	1.18948	1.19033	1.18948	1.19019	920	0	1
2020.10.01	09:00:00	1.19009	1.19049	1.18920	1.18939	1861	0	1
2020.10.01	10:00:00	1.18938	1.19069	1.18536	1.18573	3257	0	1
2020.10.01	11:00:00	1.18574	1.18574	1.17867	1.17919	3654	0	1
2020.10.01	12:00:00	1.17921	1.18137	1.17780	1.17834	3015	0	1
2020.10.01	13:00:00	1.17840	1.17971	1.17737	1.17838	2386	0	1
2020.10.01	14:00:00	1.17829	1.18977	1.17734	1.18892	4024	0	1
2020.10.01	15:00:00	1.18890	1.19017	1.18826	1.18834	2899	0	1
2020.10.01	16:00:00	1.18834	1.18914	1.18116	1.18116	4109	0	1
2020.10.01	17:00:00	1.18121	1.18528	1.18121	1.18307	3833	0	1
2020.10.01	18:00:00	1.18315	1.18449	1.18199	1.18422	3227	0	1
2020.10.01	19:00:00	1.18420	1.18486	1.18307	1.18464	2319	0	1
2020.10.01	20:00:00	1.18465	1.18508	1.18300	1.18314	1741	0	1
2020.10.01	21:00:00	1.18313	1.18442	1.18297	1.18430	2258	0	1
2020.10.01	22:00:00	1.18430	1.18482	1.18343	1.18351	2060	0	1
2020.10.01	23:00:00	1.18352	1.18421	1.18348	1.18361	659	0	2
2020.10.02	00:00:00	1.18325	1.18410	1.18184	1.18199	259	0	67
2020.10.02	01:00:00	1.18222	1.18438	1.18222	1.18430	502	0	5
2020.10.02	02:00:00	1.18431	1.18446	1.18406	1.18412	624	0	3
2020.10.02	03:00:00	1.18411	1.18474	1.18333	1.18392	1049	0	1
2020.10.02	04:00:00	1.18395	1.18459	1.18391	1.18412	789	0	2
2020.10.02	05:00:00	1.18411	1.18418	1.18336	1.18364	1032	0	2
2020.10.02	06:00:00	1.18364	1.18464	1.18356	1.18445	1121	0	3
2020.10.02	07:00:00	1.18444	1.18458	1.18273	1.18298	1213	0	3
2020.10.02	08:00:00	1.18298	1.18342	1.18217	1.18248	3153	0	1
2020.10.02	09:00:00	1.18247	1.18369	1.18211	1.18308	2803	0	1
2020.10.02	10:00:00	1.18308	1.18968	1.18176	1.18826	3899	0	1
2020.10.02	11:00:00	1.18826	1.19292	1.18713	1.19255	3567	0	1
2020.10.02	12:00:00	1.19255	1.19328	1.18902	1.18903	2819	0	1
2020.10.02	13:00:00	1.18903	1.19028	1.18772	1.18982	2503	0	1
2020.10.02	14:00:00	1.18981	1.19210	1.18854	1.19095	2724	0	1
2020.10.02	15:00:00	1.19097	1.19219	1.18962	1.19086	3260	0	1
2020.10.02	16:00:00	1.19087	1.19212	1.18820	1.19020	3930	0	1
2020.10.02	17:00:00	1.19018	1.19155	1.18951	1.18951	3804	0	1
2020.10.02	18:00:00	1.18952	1.19082	1.18878	1.18987	3073	0	1
2020.10.02	19:00:00	1.18987	1.19116	1.18924	1.18999	2858	0	1
2020.10.02	20:00:00	1.18998	1.19108	1.18932	1.19079	2315	0	1
2020.10.02	21:00:00	1.19079	1.19111	1.18975	1.19057	1793	0	1
2020.10.02	22:00:00	1.19057	1.19129	1.19024	1.19079	1809	0	1
2020.10.02	23:00:00	1.19079	1.19144	1.19046	1.19090	743	0	1
2020.10.05	00:00:00	1.18814	1.18949	1.18713	1.18731	295	0	27
2020.10.05	01:00:00	1.18803	1.18887	1.18651	1.18679	945	0	1
2020.10.05	02:00:00	1.18687	1.18710	1.18444	1.18686	1413	0	1
2020.10.05	03:00:00	1.18687	1.18899	1.18667	1.18803	1749	0	1
2020.10.05	04:00:00	1.18803	1.18840	1.18649	1.18731	1245	0	3
2020.10.05	05:00:00	1.18731	1.18750	1.18667	1.18705	921	0	1
2020.10.05	06:00:00	1.18703	1.18727	1.18623	1.18633	844	0	2
2020.10.05	07:00:00	1.18633	1.18705	1.18624	1.18685	540	0	4
2020.10.05	08:00:00	1.18679	1.18692	1.18633	1.18648	561	0	1
2020.10.05	09:00:00	1.18648	1.18723	1.18554	1.18579	1557	0	1
2020.10.05	10:00:00	1.18577	1.18747	1.18373	1.18676	2654	0	1
2020.10.05	11:00:00	1.18676	1.18932	1.18639	1.18709	2586	0	1
2020.10.05	12:00:00	1.18708	1.18805	1.18531	1.18649	2348	0	1
2020.10.05	13:00:00	1.18649	1.18789	1.18602	1.18663	1937	0	1
2020.10.05	14:00:00	1.18662	1.18728	1.18572	1.18694	2041	0	1
2020.10.05	15:00:00	1.18696	1.18848	1.18633	1.18803	2193	0	1
2020.10.05	16:00:00	1.18803	1.18964	1.18692	1.18718	2986	0	1
2020.10.05	17:00:00	1.18718	1.18827	1.18639	1.18725	2891	0	1
2020.10.05	18:00:00	1.18726	1.18804	1.18656	1.18726	2157	0	1
2020.10.05	19:00:00	1.18729	1.18865	1.18678	1.18834	1610	0	1
2020.10.05	20:00:00	1.18835	1.18941	1.18795	1.18821	1568	0	1
2020.10.05	21:00:00	1.18820	1.18879	1.18807	1.18824	1380	0	1
2020.10.05	22:00:00	1.18822	1.18912	1.18760	1.18845	1252	0	1
2020.10.05	23:00:00	1.18845	1.18862	1.18740	1.18792	862	0	1
2020.10.06	00:00:00	1.18725	1.18813	1.18695	1.18770	543	0	46
2020.10.06	01:00:00	1.18775	1.18908	1.18775	1.18874	610	0	5
2020.10.06	02:00:00	1.18880	1.18906	1.18840	1.18902	664	0	3
2020.10.06	03:00:00	1.18901	1.18908	1.18837	1.18846	1079	0	1
2020.10.06	04:00:00	1.18851	1.18882	1.18798	1.18807	1087	0	1
2020.10.06	05:00:00	1.18807	1.18843	1.18804	1.18829	692	0	2
2020.10.06	06:00:00	1.18827	1.18886	1.18788	1.18812	1059	0	1
2020.10.06	07:00:00	1.18812	1.18856	1.18802	1.18838	531	0	1
2020.10.06	08:00:00	1.18838	1.18842	1.18759	1.18779	778	0	1
2020.10.06	09:00:00	1.18789	1.18859	1.18765	1.18838	1406	0	1
2020.10.06	10:00:00	1.18837	1.18938	1.18710	1.18756	2512	0	1
2020.10.06	11:00:00	1.18754	1.18907	1.18581	1.18847	2634	0	1
2020.10.06	12:00:00	1.18847	1.18896	1.18648	1.18656	2078	0	1
2020.10.06	13:00:00	1.18656	1.18772	1.18186	1.18321	2328	0	1
2020.10.06	14:00:00	1.18315	1.18469	1.18212	1.18329	2482	0	1
2020.10.06	15:00:00	1.18327	1.18403	1.18241	1.18261	2671	0	1
2020.10.06	16:00:00	1.18261	1.18631	1.18149	1.18559	3431	0	1
2020.10.06	17:00:00	1.18561	1.18695	1.18474	1.18586	3191	0	1
2020.10.06	18:00:00	1.18586	1.18626	1.18443	1.18476	2596	0	1
2020.10.06	19:00:00	1.18481	1.18557	1.18396	1.18541	1973	0	1
2020.10.06	20:00:00	1.18544	1.18548	1.18425	1.18458	1534	0	1
2020.10.06	21:00:00	1.18463	1.18480	1.18246	1.18260	2249	0	1
2020.10.06	22:00:00	1.18257	1.18511	1.18178	1.18335	4123	0	1
2020.10.06	23:00:00	1.18339	1.18347	1.18063	1.18106	1217	0	1
2020.10.07	00:00:00	1.18114	1.18267	1.18084	1.18195	422	0	39
2020.10.07	01:00:00	1.18200	1.18250	1.18176	1.18207	724	0	1
2020.10.07	02:00:00	1.18198	1.18249	1.18184	1.18211	626	0	1
2020.10.07	03:00:00	1.18217	1.18278	1.18203	1.18244	1004	0	1
2020.10.07	04:00:00	1.18242	1.18312	1.18178	1.18283	1369	0	1
2020.10.07	05:00:00	1.18284	1.18324	1.18258	1.18295	1313	0	1
2020.10.07	06:00:00	1.18290	1.18314	1.18266	1.18304	900	0	2
2020.10.07	07:00:00	1.18304	1.18332	1.18279	1.18317	837	0	3
2020.10.07	08:00:00	1.18318	1.18440	1.18285	1.18374	1218	0	1
2020.10.07	09:00:00	1.18365	1.18405	1.18289	1.18337	2077	0	1
2020.10.07	10:00:00	1.18335	1.18465	1.18295	1.18422	3007	0	1
2020.10.07	11:00:00	1.18416	1.18561	1.18392	1.18398	2038	0	1
2020.10.07	12:00:00	1.18401	1.18418	1.18192	1.18257	2272	0	1
2020.10.07	13:00:00	1.18255	1.18320	1.18000	1.18025	2334	0	1
2020.10.07	14:00:00	1.18023	1.18081	1.17838	1.17978	2607	0	1
2020.10.07	15:00:00	1.17976	1.18246	1.17959	1.18156	2427	0	1
2020.10.07	16:00:00	1.18157	1.18197	1.17740	1.18080	3290	0	1
2020.10.07	17:00:00	1.18080	1.18323	1.17952	1.18278	3311	0	1
2020.10.07	18:00:00	1.18280	1.18503	1.18226	1.18384	2846	0	1
2020.10.07	19:00:00	1.18389	1.18448	1.18320	1.18390	1924	0	1
2020.10.07	20:00:00	1.18391	1.18465	1.18314	1.18454	1257	0	1
2020.10.07	21:00:00	1.18449	1.18467	1.18361	1.18413	1825	0	1
2020.10.07	22:00:00	1.18410	1.18476	1.18407	1.18457	1648	0	2
2020.10.07	23:00:00	1.18460	1.18494	1.18422	1.18480	786	0	2
2020.10.08	00:00:00	1.18425	1.18499	1.18311	1.18329	606	0	42
2020.10.08	01:00:00	1.18378	1.18470	1.18338	1.18434	429	0	9
2020.10.08	02:00:00	1.18436	1.18472	1.18425	1.18445	418	0	3
2020.10.08	03:00:00	1.18449	1.18536	1.18441	1.18479	1032	0	2
2020.10.08	04:00:00	1.18479	1.18548	1.18424	1.18524	1182	0	1
2020.10.08	05:00:00	1.18525	1.18570	1.18499	1.18552	960	0	1
2020.10.08	06:00:00	1.18554	1.18571	1.18514	1.18544	760	0	2
2020.10.08	07:00:00	1.18544	1.18585	1.18522	1.18571	642	0	1
2020.10.08	08:00:00	1.18571	1.18609	1.18534	1.18558	847	0	2
2020.10.08	09:00:00	1.18557	1.18652	1.18492	1.18627	1879	0	1
2020.10.08	10:00:00	1.18636	1.18721	1.18558	1.18619	2384	0	1
2020.10.08	11:00:00	1.18619	1.18977	1.18617	1.18878	2572	0	1
2020.10.08	12:00:00	1.18874	1.18881	1.18564	1.18610	2111	0	1
2020.10.08	13:00:00	1.18608	1.18644	1.18351	1.18378	1956	0	1
2020.10.08	14:00:00	1.18378	1.18569	1.18374	1.18473	2268	0	1
2020.10.08	15:00:00	1.18478	1.18625	1.18464	1.18504	2401	0	1
2020.10.08	16:00:00	1.18504	1.18883	1.18501	1.18811	3224	0	1
2020.10.08	17:00:00	1.18811	1.18811	1.18582	1.18649	2937	0	1
2020.10.08	18:00:00	1.18654	1.18813	1.18568	1.18777	2095	0	1
2020.10.08	19:00:00	1.18774	1.18810	1.18703	1.18740	1654	0	1
2020.10.08	20:00:00	1.18739	1.18757	1.18679	1.18732	1385	0	1
2020.10.08	21:00:00	1.18732	1.18732	1.18560	1.18589	1108	0	1
2020.10.08	22:00:00	1.18594	1.18661	1.18576	1.18607	1345	0	1
2020.10.08	23:00:00	1.18610	1.18657	1.18582	1.18618	791	0	1
2020.10.09	00:00:00	1.18433	1.18652	1.18412	1.18564	393	0	50
2020.10.09	01:00:00	1.18563	1.18657	1.18563	1.18630	672	0	2
2020.10.09	02:00:00	1.18621	1.18661	1.18601	1.18648	653	0	3
2020.10.09	03:00:00	1.18647	1.18671	1.18620	1.18627	1035	0	2
2020.10.09	04:00:00	1.18627	1.18695	1.18614	1.18635	1452	0	1
2020.10.09	05:00:00	1.18635	1.18662	1.18590	1.18633	853	0	4
2020.10.09	06:00:00	1.18631	1.18638	1.18573	1.18606	774	0	2
2020.10.09	07:00:00	1.18603	1.18620	1.18582	1.18597	326	0	3
2020.10.09	08:00:00	1.18598	1.18608	1.18559	1.18593	707	0	2
2020.10.09	09:00:00	1.18589	1.18641	1.18496	1.18608	1551	0	1
2020.10.09	10:00:00	1.18608	1.18809	1.18513	1.18575	2151	0	1
2020.10.09	11:00:00	1.18575	1.18575	1.18096	1.18170	2685	0	1
2020.10.09	12:00:00	1.18170	1.18253	1.18063	1.18182	2196	0	1
2020.10.09	13:00:00	1.18179	1.18211	1.18058	1.18146	1905	0	1
2020.10.09	14:00:00	1.18144	1.18221	1.17933	1.18142	1987	0	1
2020.10.09	15:00:00	1.18141	1.18302	1.18084	1.18264	2200	0	1
2020.10.09	16:00:00	1.18262	1.18398	1.18178	1.18385	2477	0	1
2020.10.09	17:00:00	1.18369	1.18547	1.18343	1.18472	2668	0	1
2020.10.09	18:00:00	1.18481	1.18545	1.18337	1.18364	2663	0	1
2020.10.09	19:00:00	1.18364	1.18543	1.18309	1.18466	2075	0	1
2020.10.09	20:00:00	1.18466	1.18629	1.18445	1.18592	1518	0	1
2020.10.09	21:00:00	1.18592	1.18651	1.18583	1.18633	1031	0	1
2020.10.09	22:00:00	1.18629	1.18700	1.18625	1.18693	1254	0	1
2020.10.09	23:00:00	1.18693	1.18711	1.18630	1.18686	746	0	2
2020.10.12	00:00:00	1.18594	1.18648	1.18521	1.18629	163	0	35
2020.10.12	01:00:00	1.18680	1.18701	1.18620	1.18661	876	0	1
2020.10.12	02:00:00	1.18662	1.18673	1.18593	1.18642	486	0	4
2020.10.12	03:00:00	1.18641	1.18671	1.18607	1.18648	992	0	2
2020.10.12	04:00:00	1.18648	1.18656	1.18541	1.18590	1253	0	1
2020.10.12	05:00:00	1.18590	1.18644	1.18589	1.18617	588	0	2
2020.10.12	06:00:00	1.18617	1.18690	1.18616	1.18681	681	0	3
2020.10.12	07:00:00	1.18683	1.18737	1.18675	1.18736	475	0	2
2020.10.12	08:00:00	1.18734	1.18765	1.18695	1.18733	648	0	2
2020.10.12	09:00:00	1.18732	1.18865	1.18704	1.18814	1597	0	1
2020.10.12	10:00:00	1.18817	1.18893	1.18636	1.18699	2410	0	1
2020.10.12	11:00:00	1.18698	1.18786	1.18533	1.18535	2053	0	1
2020.10.12	12:00:00	1.18533	1.18747	1.18517	1.18738	2054	0	1
2020.10.12	13:00:00	1.18737	1.18737	1.18484	1.18575	1745	0	1
2020.10.12	14:00:00	1.18581	1.18663	1.18528	1.18607	1951	0	1
2020.10.12	15:00:00	1.18603	1.18709	1.18530	1.18647	2207	0	1
2020.10.12	16:00:00	1.18642	1.18651	1.18557	1.18574	2303	0	1
2020.10.12	17:00:00	1.18573	1.18810	1.18528	1.18730	2755	0	1
2020.10.12	18:00:00	1.18726	1.18956	1.18714	1.18831	2072	0	1
2020.10.12	19:00:00	1.18832	1.18918	1.18754	1.18768	1836	0	1
2020.10.12	20:00:00	1.18769	1.18869	1.18760	1.18861	1344	0	1
2020.10.12	21:00:00	1.18864	1.18904	1.18771	1.18773	1105	0	1
2020.10.12	22:00:00	1.18773	1.18819	1.18765	1.18777	1214	0	2
2020.10.12	23:00:00	1.18778	1.18823	1.18760	1.18792	545	0	1
2020.10.13	00:00:00	1.18745	1.18803	1.18670	1.18744	297	0	30
2020.10.13	01:00:00	1.18739	1.18787	1.18736	1.18759	528	0	8
2020.10.13	02:00:00	1.18762	1.18782	1.18749	1.18769	430	0	4
2020.10.13	03:00:00	1.18771	1.18793	1.18688	1.18718	1518	0	1
2020.10.13	04:00:00	1.18718	1.18734	1.18655	1.18683	1204	0	1
2020.10.13	05:00:00	1.18683	1.18692	1.18629	1.18653	1053	0	2
2020.10.13	06:00:00	1.18653	1.18683	1.18642	1.18667	739	0	2
2020.10.13	07:00:00	1.18667	1.18686	1.18630	1.18685	692	0	3
2020.10.13	08:00:00	1.18685	1.18717	1.18642	1.18696	1266	0	1
2020.10.13	09:00:00	1.18695	1.18766	1.18643	1.18732	2005	0	1
2020.10.13	10:00:00	1.18734	1.18784	1.18626	1.18628	2485	0	1
2020.10.13	11:00:00	1.18627	1.18941	1.18568	1.18916	2604	0	1
2020.10.13	12:00:00	1.18917	1.19020	1.18806	1.18903	2458	0	1
2020.10.13	13:00:00	1.18904	1.18968	1.18828	1.18903	1942	0	1
2020.10.13	14:00:00	1.18895	1.18952	1.18596	1.18649	2473	0	1
2020.10.13	15:00:00	1.18642	1.18650	1.18430	1.18463	2598	0	1
2020.10.13	16:00:00	1.18461	1.18551	1.18259	1.18451	3549	0	1
2020.10.13	17:00:00	1.18447	1.18715	1.18429	1.18673	3467	0	1
2020.10.13	18:00:00	1.18671	1.18766	1.18581	1.18624	2728	0	1
2020.10.13	19:00:00	1.18629	1.18679	1.18498	1.18570	2048	0	1
2020.10.13	20:00:00	1.18566	1.18578	1.18347	1.18392	1755	0	1
2020.10.13	21:00:00	1.18391	1.18432	1.18274	1.18333	1889	0	1
2020.10.13	22:00:00	1.18333	1.18369	1.18256	1.18336	1558	0	1
2020.10.13	23:00:00	1.18337	1.18370	1.18288	1.18332	594	0	2
2020.10.14	00:00:00	1.18237	1.18317	1.18196	1.18274	313	0	78
2020.10.14	01:00:00	1.18294	1.18389	1.18294	1.18380	402	0	10
2020.10.14	02:00:00	1.18378	1.18399	1.18360	1.18370	550	0	4
2020.10.14	03:00:00	1.18370	1.18425	1.18335	1.18384	819	0	1
2020.10.14	04:00:00	1.18384	1.18388	1.18270	1.18358	1706	0	2
2020.10.14	05:00:00	1.18360	1.18399	1.18324	1.18331	1151	0	1
2020.10.14	06:00:00	1.18334	1.18396	1.18317	1.18358	794	0	1
2020.10.14	07:00:00	1.18358	1.18377	1.18178	1.18228	748	0	4
2020.10.14	08:00:00	1.18233	1.18253	1.18150	1.18188	1002	0	2
2020.10.14	09:00:00	1.18188	1.18199	1.17890	1.17901	1704	0	1
2020.10.14	10:00:00	1.17903	1.17959	1.17695	1.17769	2499	0	1
2020.10.14	11:00:00	1.17769	1.18046	1.17749	1.17997	2189	0	1
2020.10.14	12:00:00	1.17994	1.18642	1.17982	1.18396	2816	0	1
2020.10.14	13:00:00	1.18397	1.18668	1.18391	1.18457	2521	0	1
2020.10.14	14:00:00	1.18454	1.18740	1.18433	1.18657	2422	0	1
2020.10.14	15:00:00	1.18657	1.19026	1.18525	1.18950	2954	0	1
2020.10.14	16:00:00	1.18948	1.19114	1.18941	1.19105	2427	0	1
2020.10.14	17:00:00	1.19102	1.19175	1.18852	1.18952	3221	0	1
2020.10.14	18:00:00	1.18953	1.19009	1.18779	1.18856	2660	0	1
2020.10.14	19:00:00	1.18854	1.18904	1.18785	1.18818	2061	0	1
2020.10.14	20:00:00	1.18818	1.18945	1.18816	1.18940	1490	0	1
2020.10.14	21:00:00	1.18939	1.18964	1.18879	1.18922	1612	0	1
2020.10.14	22:00:00	1.18919	1.18987	1.18889	1.18927	1713	0	1
2020.10.14	23:00:00	1.18932	1.18961	1.18833	1.18833	817	0	1
2020.10.15	00:00:00	1.18814	1.18927	1.18756	1.18791	497	0	30
2020.10.15	01:00:00	1.18860	1.18868	1.18790	1.18841	774	0	6
2020.10.15	02:00:00	1.18841	1.18876	1.18817	1.18849	627	0	2
2020.10.15	03:00:00	1.18853	1.18946	1.18837	1.18933	1101	0	1
2020.10.15	04:00:00	1.18930	1.18951	1.18868	1.18870	1265	0	1
2020.10.15	05:00:00	1.18870	1.18901	1.18857	1.18869	891	0	2
2020.10.15	06:00:00	1.18868	1.18878	1.18819	1.18820	797	0	2
2020.10.15	07:00:00	1.18819	1.18882	1.18819	1.18881	617	0	4
2020.10.15	08:00:00	1.18878	1.18925	1.18822	1.18840	765	0	2
2020.10.15	09:00:00	1.18840	1.18864	1.18680	1.18821	2015	0	1
2020.10.15	10:00:00	1.18826	1.18867	1.18600	1.18784	2755	0	1
2020.10.15	11:00:00	1.18785	1.18905	1.18403	1.18518	3114	0	1
2020.10.15	12:00:00	1.18512	1.18669	1.18402	1.18622	2583	0	1
2020.10.15	13:00:00	1.18634	1.18634	1.18219	1.18345	2485	0	1
2020.10.15	14:00:00	1.18345	1.18438	1.17949	1.18116	2747	0	1
2020.10.15	15:00:00	1.18109	1.18210	1.18030	1.18146	2905	0	1
2020.10.15	16:00:00	1.18150	1.18422	1.18015	1.18337	3300	0	1
2020.10.15	17:00:00	1.18342	1.18355	1.17865	1.17935	3519	0	1
2020.10.15	18:00:00	1.17937	1.18136	1.17904	1.18103	3053	0	1
2020.10.15	19:00:00	1.18103	1.18322	1.18025	1.18181	2322	0	1
2020.10.15	20:00:00	1.18182	1.18233	1.18037	1.18096	2156	0	1
2020.10.15	21:00:00	1.18104	1.18118	1.18015	1.18058	1686	0	1
2020.10.15	22:00:00	1.18058	1.18083	1.17958	1.17999	1386	0	1
2020.10.15	23:00:00	1.17997	1.18020	1.17940	1.17982	743	0	2
2020.10.16	00:00:00	1.17962	1.18059	1.17872	1.17981	757	0	40
2020.10.16	01:00:00	1.17992	1.18041	1.17948	1.17987	451	0	6
2020.10.16	02:00:00	1.17991	1.18020	1.17961	1.18019	632	0	1
2020.10.16	03:00:00	1.18019	1.18055	1.17944	1.17988	1215	0	1
2020.10.16	04:00:00	1.17990	1.18009	1.17926	1.17992	1442	0	1
2020.10.16	05:00:00	1.17995	1.18004	1.17918	1.17939	1041	0	2
2020.10.16	06:00:00	1.17940	1.18020	1.17928	1.17996	1034	0	2
2020.10.16	07:00:00	1.17998	1.18007	1.17954	1.17962	776	0	1
2020.10.16	08:00:00	1.17963	1.17991	1.17936	1.17983	826	0	2
2020.10.16	09:00:00	1.17983	1.18244	1.17913	1.18205	1692	0	1
2020.10.16	10:00:00	1.18206	1.18417	1.18116	1.18351	2790	0	1
2020.10.16	11:00:00	1.18345	1.18462	1.18271	1.18399	2398	0	1
2020.10.16	12:00:00	1.18392	1.18488	1.18323	1.18394	2176	0	1
2020.10.16	13:00:00	1.18400	1.18485	1.17668	1.17853	2660	0	1
2020.10.16	14:00:00	1.17869	1.18107	1.17598	1.17978	3735	0	1
2020.10.16	15:00:00	1.17978	1.18054	1.17707	1.17879	2925	0	1
2020.10.16	16:00:00	1.17881	1.17937	1.17634	1.17847	3346	0	1
2020.10.16	17:00:00	1.17843	1.18259	1.17807	1.18237	3278	0	1
2020.10.16	18:00:00	1.18235	1.18355	1.18188	1.18348	2548	0	1
2020.10.16	19:00:00	1.18348	1.18502	1.18198	1.18298	2077	0	1
2020.10.16	20:00:00	1.18297	1.18318	1.18156	1.18168	1346	0	1
2020.10.16	21:00:00	1.18168	1.18350	1.18149	1.18328	1450	0	1
2020.10.16	22:00:00	1.18330	1.18352	1.18254	1.18294	1481	0	1
2020.10.16	23:00:00	1.18288	1.18289	1.18095	1.18100	858	0	1
2020.10.19	00:00:00	1.17936	1.18186	1.17879	1.18041	234	0	40
2020.10.19	01:00:00	1.18041	1.18287	1.18029	1.18222	614	0	3
2020.10.19	02:00:00	1.18226	1.18307	1.18222	1.18285	728	0	4
2020.10.19	03:00:00	1.18286	1.18410	1.18284	1.18410	983	0	2
2020.10.19	04:00:00	1.18407	1.18432	1.18348	1.18367	915	0	2
2020.10.19	05:00:00	1.18363	1.18436	1.18331	1.18395	1107	0	2
2020.10.19	06:00:00	1.18395	1.18413	1.18343	1.18364	905	0	4
2020.10.19	07:00:00	1.18365	1.18403	1.18363	1.18392	622	0	3
2020.10.19	08:00:00	1.18392	1.18452	1.18367	1.18451	810	0	2
2020.10.19	09:00:00	1.18447	1.18663	1.18414	1.18647	1375	0	1
2020.10.19	10:00:00	1.18646	1.18805	1.18606	1.18613	2368	0	1
2020.10.19	11:00:00	1.18613	1.18769	1.18523	1.18674	2310	0	1
2020.10.19	12:00:00	1.18680	1.18722	1.18509	1.18526	2297	0	1
2020.10.19	13:00:00	1.18527	1.18609	1.18275	1.18393	2263	0	1
2020.10.19	14:00:00	1.18395	1.18501	1.18355	1.18387	2260	0	1
2020.10.19	15:00:00	1.18391	1.18433	1.18222	1.18225	1963	0	1
2020.10.19	16:00:00	1.18230	1.18458	1.17982	1.18288	2757	0	1
2020.10.19	17:00:00	1.18291	1.18450	1.18092	1.18213	3411	0	1
2020.10.19	18:00:00	1.18210	1.18270	1.18099	1.18174	2553	0	1
2020.10.19	19:00:00	1.18168	1.18254	1.18047	1.18068	2090	0	1
2020.10.19	20:00:00	1.18068	1.18108	1.17918	1.17923	1415	0	1
2020.10.19	21:00:00	1.17923	1.17971	1.17793	1.17817	1840	0	1
2020.10.19	22:00:00	1.17821	1.17883	1.17797	1.17811	1820	0	1
2020.10.19	23:00:00	1.17808	1.17864	1.17765	1.17842	923	0	1
2020.10.20	00:00:00	1.17721	1.17850	1.17712	1.17781	634	0	58
2020.10.20	01:00:00	1.17781	1.17926	1.17781	1.17879	474	0	6
2020.10.20	02:00:00	1.17882	1.17923	1.17870	1.17896	495	0	1
2020.10.20	03:00:00	1.17897	1.17910	1.17828	1.17833	850	0	2
2020.10.20	04:00:00	1.17831	1.17903	1.17784	1.17827	1251	0	1
2020.10.20	05:00:00	1.17818	1.17859	1.17806	1.17819	901	0	2
2020.10.20	06:00:00	1.17819	1.17851	1.17799	1.17840	428	0	3
2020.10.20	07:00:00	1.17842	1.17860	1.17746	1.17758	568	0	3
2020.10.20	08:00:00	1.17765	1.17804	1.17714	1.17792	822	0	3
2020.10.20	09:00:00	1.17810	1.17888	1.17730	1.17808	1614	0	1
2020.10.20	10:00:00	1.17812	1.17864	1.17566	1.17718	2570	0	1
2020.10.20	11:00:00	1.17718	1.17883	1.17677	1.17883	2378	0	1
2020.10.20	12:00:00	1.17885	1.17988	1.17683	1.17683	2096	0	1
2020.10.20	13:00:00	1.17687	1.17750	1.17474	1.17527	2185	0	1
2020.10.20	14:00:00	1.17533	1.17638	1.17354	1.17466	2162	0	1
2020.10.20	15:00:00	1.17461	1.17507	1.17226	1.17358	2498	0	1
2020.10.20	16:00:00	1.17355	1.17749	1.17273	1.17686	3131	0	1
2020.10.20	17:00:00	1.17690	1.17712	1.17386	1.17518	3239	0	1
2020.10.20	18:00:00	1.17517	1.17600	1.17446	1.17476	2378	0	1
2020.10.20	19:00:00	1.17475	1.17519	1.17284	1.17372	1947	0	1
2020.10.20	20:00:00	1.17372	1.17391	1.17286	1.17329	1421	0	1
2020.10.20	21:00:00	1.17329	1.17392	1.17303	1.17342	1564	0	1
2020.10.20	22:00:00	1.17342	1.17369	1.17273	1.17368	1838	0	1
2020.10.20	23:00:00	1.17370	1.17468	1.17350	1.17457	891	0	1
2020.10.21	00:00:00	1.17238	1.17397	1.17238	1.17338	423	0	55
2020.10.21	01:00:00	1.17338	1.17475	1.17338	1.17421	771	0	4
2020.10.21	02:00:00	1.17421	1.17496	1.17408	1.17482	817	0	3
2020.10.21	03:00:00	1.17482	1.17518	1.17453	1.17471	860	0	1
2020.10.21	04:00:00	1.17471	1.17537	1.17471	1.17522	988	0	3
2020.10.21	05:00:00	1.17522	1.17553	1.17474	1.17484	970	0	2
2020.10.21	06:00:00	1.17485	1.17629	1.17471	1.17603	846	0	1
2020.10.21	07:00:00	1.17603	1.17606	1.17562	1.17581	645	0	1
2020.10.21	08:00:00	1.17582	1.17634	1.17521	1.17565	874	0	1
2020.10.21	09:00:00	1.17557	1.17604	1.17462	1.17519	2075	0	1
2020.10.21	10:00:00	1.17522	1.17964	1.17521	1.17898	3245	0	1
2020.10.21	11:00:00	1.17905	1.18039	1.17871	1.17914	3128	0	1
2020.10.21	12:00:00	1.17913	1.18169	1.17880	1.18073	2627	0	1
2020.10.21	13:00:00	1.18073	1.18133	1.17939	1.18097	2346	0	1
2020.10.21	14:00:00	1.18097	1.18097	1.17904	1.18046	2178	0	1
2020.10.21	15:00:00	1.18047	1.18340	1.18026	1.18324	2825	0	1
2020.10.21	16:00:00	1.18323	1.18746	1.18264	1.18599	2985	0	1
2020.10.21	17:00:00	1.18607	1.19019	1.18607	1.18884	3681	0	1
2020.10.21	18:00:00	1.18889	1.18891	1.18745	1.18837	3007	0	1
2020.10.21	19:00:00	1.18835	1.19098	1.18795	1.18976	2931	0	1
2020.10.21	20:00:00	1.18981	1.19080	1.18946	1.19055	2188	0	1
2020.10.21	21:00:00	1.19052	1.19115	1.18989	1.19051	1875	0	1
2020.10.21	22:00:00	1.19052	1.19086	1.18945	1.18991	1970	0	1
2020.10.21	23:00:00	1.18991	1.19019	1.18925	1.19004	902	0	1
2020.10.22	00:00:00	1.18834	1.19066	1.18704	1.18884	759	0	53
2020.10.22	01:00:00	1.18884	1.19021	1.18883	1.18978	588	0	1
2020.10.22	02:00:00	1.18979	1.18998	1.18918	1.18941	809	0	2
2020.10.22	03:00:00	1.18939	1.19110	1.18938	1.19090	1087	0	2
2020.10.22	04:00:00	1.19090	1.19115	1.19039	1.19079	1207	0	1
2020.10.22	05:00:00	1.19079	1.19097	1.19036	1.19062	1086	0	2
2020.10.22	06:00:00	1.19059	1.19092	1.19025	1.19032	667	0	1
2020.10.22	07:00:00	1.19032	1.19069	1.19024	1.19027	602	0	3
2020.10.22	08:00:00	1.19027	1.19086	1.19020	1.19038	898	0	3
2020.10.22	09:00:00	1.19038	1.19116	1.18988	1.19002	1459	0	1
2020.10.22	10:00:00	1.19011	1.19080	1.18906	1.19075	2911	0	1
2020.10.22	11:00:00	1.19069	1.19116	1.18844	1.18862	2431	0	1
2020.10.22	12:00:00	1.18858	1.18916	1.18676	1.18779	2635	0	1
2020.10.22	13:00:00	1.18779	1.18975	1.18730	1.18907	2451	0	1
2020.10.22	14:00:00	1.18907	1.18993	1.18785	1.18811	2511	0	1
2020.10.22	15:00:00	1.18811	1.18878	1.18725	1.18782	2675	0	1
2020.10.22	16:00:00	1.18788	1.18893	1.18758	1.18867	3078	0	1
2020.10.22	17:00:00	1.18870	1.18879	1.18605	1.18764	3398	0	1
2020.10.22	18:00:00	1.18760	1.18796	1.18644	1.18759	2580	0	1
2020.10.22	19:00:00	1.18764	1.18866	1.18715	1.18814	1869	0	1
2020.10.22	20:00:00	1.18811	1.18815	1.18707	1.18720	1652	0	1
2020.10.22	21:00:00	1.18720	1.18736	1.18640	1.18653	1395	0	1
2020.10.22	22:00:00	1.18649	1.18658	1.18599	1.18648	1364	0	1
2020.10.22	23:00:00	1.18646	1.18704	1.18624	1.18704	825	0	1
2020.10.23	00:00:00	1.18616	1.18786	1.18560	1.18662	818	0	36
2020.10.23	01:00:00	1.18662	1.18726	1.18649	1.18658	603	0	4
2020.10.23	02:00:00	1.18658	1.18700	1.18648	1.18699	584	0	1
2020.10.23	03:00:00	1.18699	1.18816	1.18651	1.18688	1723	0	1
2020.10.23	04:00:00	1.18686	1.18687	1.18555	1.18571	1313	0	2
2020.10.23	05:00:00	1.18571	1.18630	1.18570	1.18597	873	0	3
2020.10.23	06:00:00	1.18597	1.18622	1.18566	1.18583	641	0	3
2020.10.23	07:00:00	1.18582	1.18598	1.18518	1.18544	664	0	1
2020.10.23	08:00:00	1.18538	1.18569	1.18498	1.18517	678	0	2
2020.10.23	09:00:00	1.18519	1.18552	1.18462	1.18480	1293	0	1
2020.10.23	10:00:00	1.18480	1.18690	1.18424	1.18636	2450	0	1
2020.10.23	11:00:00	1.18634	1.18692	1.18393	1.18423	2535	0	1
2020.10.23	12:00:00	1.18423	1.18497	1.18306	1.18326	2040	0	1
2020.10.23	13:00:00	1.18326	1.18370	1.18162	1.18242	1942	0	1
2020.10.23	14:00:00	1.18243	1.18277	1.18116	1.18225	1967	0	1
2020.10.23	15:00:00	1.18222	1.18559	1.18151	1.18312	3010	0	1
2020.10.23	16:00:00	1.18317	1.18319	1.18187	1.18231	2716	0	1
2020.10.23	17:00:00	1.18227	1.18262	1.17970	1.18184	3418	0	1
2020.10.23	18:00:00	1.18190	1.18261	1.18065	1.18078	2534	0	1
2020.10.23	19:00:00	1.18077	1.18079	1.17939	1.17973	1833	0	1
2020.10.23	20:00:00	1.17972	1.17972	1.17805	1.17842	1359	0	2
2020.10.23	21:00:00	1.17842	1.17931	1.17783	1.17922	1087	0	1
2020.10.23	22:00:00	1.17922	1.17956	1.17880	1.17940	997	0	2
2020.10.23	23:00:00	1.17941	1.17993	1.17894	1.17939	812	0	2
2020.10.26	00:00:00	1.17991	1.18153	1.17962	1.18070	151	0	61
2020.10.26	01:00:00	1.18070	1.18146	1.17959	1.18033	1675	0	2
2020.10.26	02:00:00	1.18035	1.18095	1.17986	1.18080	745	0	2
2020.10.26	03:00:00	1.18079	1.18082	1.18005	1.18031	836	0	1
2020.10.26	04:00:00	1.18036	1.18068	1.17933	1.17952	1368	0	2
2020.10.26	05:00:00	1.17952	1.17982	1.17886	1.17891	1008	0	2
2020.10.26	06:00:00	1.17891	1.17927	1.17863	1.17891	780	0	2
2020.10.26	07:00:00	1.17890	1.17893	1.17830	1.17867	762	0	1
2020.10.26	08:00:00	1.17866	1.17898	1.17840	1.17881	838	0	3
2020.10.26	09:00:00	1.17885	1.17900	1.17851	1.17869	821	0	1
2020.10.26	10:00:00	1.17868	1.17868	1.17616	1.17771	2120	0	1
2020.10.26	11:00:00	1.17770	1.18167	1.17700	1.18017	3376	0	1
2020.10.26	12:00:00	1.18004	1.18382	1.18002	1.18353	2894	0	1
2020.10.26	13:00:00	1.18352	1.18516	1.18328	1.18415	2718	0	1
2020.10.26	14:00:00	1.18419	1.18436	1.18290	1.18357	2348	0	1
2020.10.26	15:00:00	1.18361	1.18383	1.18082	1.18162	2655	0	1
2020.10.26	16:00:00	1.18160	1.18201	1.18047	1.18096	2618	0	1
2020.10.26	17:00:00	1.18094	1.18094	1.17939	1.17956	2698	0	1
2020.10.26	18:00:00	1.17956	1.18161	1.17953	1.18141	2814	0	1
2020.10.26	19:00:00	1.18144	1.18182	1.18067	1.18111	2130	0	1
2020.10.26	20:00:00	1.18112	1.18191	1.18085	1.18139	1827	0	1
2020.10.26	21:00:00	1.18139	1.18213	1.18130	1.18135	1449	0	1
2020.10.26	22:00:00	1.18129	1.18239	1.18128	1.18215	1579	0	1
2020.10.26	23:00:00	1.18218	1.18229	1.18187	1.18223	694	0	1
2020.10.27	00:00:00	1.17871	1.18195	1.17871	1.18182	368	0	50
2020.10.27	01:00:00	1.18182	1.18239	1.18164	1.18214	558	0	1
2020.10.27	02:00:00	1.18204	1.18217	1.18166	1.18183	542	0	3
2020.10.27	03:00:00	1.18180	1.18219	1.18126	1.18160	992	0	2
2020.10.27	04:00:00	1.18164	1.18221	1.18137	1.18197	970	0	1
2020.10.27	05:00:00	1.18197	1.18239	1.18162	1.18239	912	0	3
2020.10.27	06:00:00	1.18238	1.18246	1.18191	1.18209	651	0	2
2020.10.27	07:00:00	1.18203	1.18226	1.18170	1.18192	584	0	2
2020.10.27	08:00:00	1.18193	1.18208	1.18147	1.18170	879	0	1
2020.10.27	09:00:00	1.18171	1.18216	1.18136	1.18169	1047	0	1
2020.10.27	10:00:00	1.18170	1.18198	1.18051	1.18182	1804	0	1
2020.10.27	11:00:00	1.18178	1.18267	1.18054	1.18218	2911	0	1
2020.10.27	12:00:00	1.18217	1.18410	1.18165	1.18408	2380	0	1
2020.10.27	13:00:00	1.18407	1.18535	1.18367	1.18534	2276	0	1
2020.10.27	14:00:00	1.18538	1.18591	1.18381	1.18478	2238	0	1
2020.10.27	15:00:00	1.18478	1.18495	1.18197	1.18222	2011	0	1
2020.10.27	16:00:00	1.18228	1.18317	1.18142	1.18181	2698	0	1
2020.10.27	17:00:00	1.18183	1.18377	1.18154	1.18308	2777	0	1
2020.10.27	18:00:00	1.18309	1.18562	1.18280	1.18459	2688	0	1
2020.10.27	19:00:00	1.18458	1.18511	1.18411	1.18510	2090	0	1
2020.10.27	20:00:00	1.18513	1.18549	1.18418	1.18457	1435	0	1
2020.10.27	21:00:00	1.18457	1.18501	1.18420	1.18501	1030	0	1
2020.10.27	22:00:00	1.18499	1.18523	1.18443	1.18518	1194	0	1
2020.10.27	23:00:00	1.18518	1.18575	1.18491	1.18564	972	0	1
2020.10.28	00:00:00	1.18421	1.18582	1.18386	1.18566	605	0	26
2020.10.28	01:00:00	1.18566	1.18613	1.18452	1.18461	1317	0	2
2020.10.28	02:00:00	1.18458	1.18474	1.18426	1.18438	734	0	1
2020.10.28	03:00:00	1.18439	1.18534	1.18416	1.18491	1046	0	2
2020.10.28	04:00:00	1.18490	1.18527	1.18429	1.18504	1037	0	3
2020.10.28	05:00:00	1.18504	1.18528	1.18467	1.18479	1025	0	2
2020.10.28	06:00:00	1.18480	1.18485	1.18424	1.18457	647	0	1
2020.10.28	07:00:00	1.18457	1.18571	1.18456	1.18550	653	0	2
2020.10.28	08:00:00	1.18547	1.18617	1.18533	1.18570	884	0	1
2020.10.28	09:00:00	1.18570	1.18781	1.18558	1.18769	1356	0	2
2020.10.28	10:00:00	1.18769	1.18837	1.18632	1.18633	2286	0	1
2020.10.28	11:00:00	1.18631	1.18665	1.18365	1.18369	3322	0	1
2020.10.28	12:00:00	1.18373	1.18425	1.18186	1.18283	3271	0	1
2020.10.28	13:00:00	1.18283	1.18353	1.18205	1.18256	2728	0	1
2020.10.28	14:00:00	1.18253	1.18316	1.18098	1.18104	2876	0	1
2020.10.28	15:00:00	1.18104	1.18112	1.17839	1.18018	3287	0	1
2020.10.28	16:00:00	1.18018	1.18103	1.17905	1.18054	3619	0	1
2020.10.28	17:00:00	1.18064	1.18538	1.18055	1.18193	4099	0	1
2020.10.28	18:00:00	1.18191	1.18478	1.18180	1.18235	3452	0	1
2020.10.28	19:00:00	1.18235	1.18252	1.18039	1.18088	2949	0	1
2020.10.28	20:00:00	1.18085	1.18193	1.18077	1.18183	2103	0	1
2020.10.28	21:00:00	1.18181	1.18262	1.18138	1.18228	1795	0	1
2020.10.28	22:00:00	1.18228	1.18242	1.18149	1.18164	2134	0	1
2020.10.28	23:00:00	1.18164	1.18232	1.18154	1.18185	749	0	1
2020.10.29	00:00:00	1.18052	1.18229	1.18022	1.18205	331	0	56
2020.10.29	01:00:00	1.18205	1.18271	1.18199	1.18229	736	0	4
2020.10.29	02:00:00	1.18233	1.18301	1.18217	1.18297	677	0	3
2020.10.29	03:00:00	1.18297	1.18308	1.18257	1.18265	1246	0	4
2020.10.29	04:00:00	1.18267	1.18346	1.18257	1.18291	1328	0	2
2020.10.29	05:00:00	1.18294	1.18311	1.18236	1.18249	814	0	2
2020.10.29	06:00:00	1.18251	1.18302	1.18220	1.18269	826	0	2
2020.10.29	07:00:00	1.18269	1.18294	1.18218	1.18234	746	0	2
2020.10.29	08:00:00	1.18234	1.18407	1.18228	1.18394	987	0	1
2020.10.29	09:00:00	1.18391	1.18405	1.18276	1.18304	1268	0	1
2020.10.29	10:00:00	1.18305	1.18470	1.18247	1.18464	2371	0	1
2020.10.29	11:00:00	1.18457	1.18527	1.18291	1.18363	3373	0	1
2020.10.29	12:00:00	1.18362	1.18715	1.18335	1.18634	2830	0	1
2020.10.29	13:00:00	1.18633	1.18711	1.18283	1.18402	3073	0	1
2020.10.29	14:00:00	1.18399	1.18403	1.18066	1.18091	3258	0	1
2020.10.29	15:00:00	1.18091	1.18197	1.18021	1.18082	3432	0	1
2020.10.29	16:00:00	1.18080	1.18203	1.17902	1.18195	4147	0	1
2020.10.29	17:00:00	1.18193	1.18387	1.18130	1.18243	4050	0	1
2020.10.29	18:00:00	1.18243	1.18377	1.18033	1.18201	3594	0	1
2020.10.29	19:00:00	1.18205	1.18406	1.18135	1.18388	2921	0	1
2020.10.29	20:00:00	1.18388	1.18423	1.18301	1.18317	2101	0	1
2020.10.29	21:00:00	1.18317	1.18443	1.18316	1.18415	1849	0	1
2020.10.29	22:00:00	1.18412	1.18460	1.18384	1.18392	1916	0	1
2020.10.29	23:00:00	1.18393	1.18410	1.18357	1.18403	811	0	3
2020.10.30	00:00:00	1.18208	1.18365	1.18086	1.18327	495	0	50
2020.10.30	01:00:00	1.18327	1.18429	1.18327	1.18407	827	0	4
2020.10.30	02:00:00	1.18408	1.18456	1.18355	1.18362	778	0	1
2020.10.30	03:00:00	1.18363	1.18404	1.18298	1.18310	1042	0	2
2020.10.30	04:00:00	1.18310	1.18350	1.18272	1.18306	1342	0	1
2020.10.30	05:00:00	1.18310	1.18326	1.18239	1.18243	788	0	2
2020.10.30	06:00:00	1.18244	1.18269	1.18170	1.18212	779	0	1
2020.10.30	07:00:00	1.18214	1.18239	1.18131	1.18136	664	0	1
2020.10.30	08:00:00	1.18135	1.18143	1.17986	1.18012	1610	0	1
2020.10.30	09:00:00	1.18010	1.18086	1.17985	1.18007	1732	0	2
2020.10.30	10:00:00	1.18008	1.18241	1.17996	1.18179	2207	0	1
2020.10.30	11:00:00	1.18164	1.18461	1.18157	1.18453	2997	0	1
2020.10.30	12:00:00	1.18439	1.18701	1.18323	1.18692	3035	0	1
2020.10.30	13:00:00	1.18676	1.18845	1.18595	1.18837	2774	0	1
2020.10.30	14:00:00	1.18838	1.19029	1.18768	1.19010	2996	0	1
2020.10.30	15:00:00	1.19009	1.19009	1.18627	1.18633	2789	0	1
2020.10.30	16:00:00	1.18634	1.18844	1.18511	1.18653	3273	0	1
2020.10.30	17:00:00	1.18663	1.18691	1.18408	1.18439	3040	0	1
2020.10.30	18:00:00	1.18438	1.18648	1.18438	1.18539	3851	0	1
2020.10.30	19:00:00	1.18539	1.18791	1.18457	1.18671	2984	0	1
2020.10.30	20:00:00	1.18670	1.18764	1.18662	1.18680	1892	0	1
2020.10.30	21:00:00	1.18681	1.18867	1.18648	1.18841	1781	0	1
2020.10.30	22:00:00	1.18837	1.18846	1.18747	1.18794	1679	0	1
2020.10.30	23:00:00	1.18793	1.18861	1.18706	1.18715	1098	0	3
2020.11.02	00:00:00	1.18300	1.18570	1.18300	1.18550	365	0	5
2020.11.02	01:00:00	1.18550	1.18638	1.18490	1.18557	772	0	1
2020.11.02	02:00:00	1.18560	1.18594	1.18476	1.18495	1115	0	1
2020.11.02	03:00:00	1.18493	1.18583	1.18482	1.18566	1334	0	1
2020.11.02	04:00:00	1.18566	1.18644	1.18559	1.18605	975	0	2
2020.11.02	05:00:00	1.18605	1.18618	1.18540	1.18557	653	0	1
2020.11.02	06:00:00	1.18558	1.18558	1.18364	1.18425	961	0	1
2020.11.02	07:00:00	1.18423	1.18453	1.18358	1.18362	838	0	3
2020.11.02	08:00:00	1.18362	1.18376	1.18275	1.18338	1264	0	2
2020.11.02	09:00:00	1.18342	1.18484	1.18298	1.18484	2097	0	1
2020.11.02	10:00:00	1.18486	1.18508	1.18052	1.18079	3400	0	1
2020.11.02	11:00:00	1.18077	1.18454	1.18029	1.18438	3060	0	1
2020.11.02	12:00:00	1.18434	1.18626	1.18295	1.18550	2572	0	1
2020.11.02	13:00:00	1.18549	1.18617	1.18388	1.18432	2340	0	1
2020.11.02	14:00:00	1.18439	1.18791	1.18429	1.18697	2275	0	1
2020.11.02	15:00:00	1.18702	1.18866	1.18666	1.18857	2340	0	1
2020.11.02	16:00:00	1.18854	1.18893	1.18639	1.18705	2763	0	1
2020.11.02	17:00:00	1.18715	1.18758	1.18575	1.18700	2806	0	1
2020.11.02	18:00:00	1.18698	1.18744	1.18581	1.18710	2062	0	1
2020.11.02	19:00:00	1.18713	1.18792	1.18655	1.18763	1702	0	1
2020.11.02	20:00:00	1.18763	1.18764	1.18625	1.18669	1363	0	1
2020.11.02	21:00:00	1.18669	1.18705	1.18622	1.18696	1499	0	1
2020.11.02	22:00:00	1.18692	1.18759	1.18653	1.18743	1326	0	1
2020.11.02	23:00:00	1.18746	1.18781	1.18704	1.18760	559	0	1
2020.11.03	00:00:00	1.18516	1.18667	1.18516	1.18621	307	0	9
2020.11.03	01:00:00	1.18621	1.18749	1.18621	1.18735	449	0	3
2020.11.03	02:00:00	1.18735	1.18797	1.18710	1.18783	778	0	1
2020.11.03	03:00:00	1.18779	1.18808	1.18719	1.18755	1008	0	1
2020.11.03	04:00:00	1.18754	1.18849	1.18750	1.18797	843	0	2
2020.11.03	05:00:00	1.18797	1.18816	1.18657	1.18697	1064	0	1
2020.11.03	06:00:00	1.18697	1.18700	1.18653	1.18657	564	0	1
2020.11.03	07:00:00	1.18661	1.18684	1.18635	1.18653	758	0	2
2020.11.03	08:00:00	1.18653	1.18707	1.18646	1.18681	814	0	2
2020.11.03	09:00:00	1.18699	1.18782	1.18649	1.18781	2037	0	1
2020.11.03	10:00:00	1.18782	1.19004	1.18754	1.18967	2613	0	1
2020.11.03	11:00:00	1.18966	1.19049	1.18783	1.18940	2873	0	1
2020.11.03	12:00:00	1.18938	1.19047	1.18912	1.18947	2061	0	1
2020.11.03	13:00:00	1.18950	1.19055	1.18677	1.18858	2371	0	1
2020.11.03	14:00:00	1.18843	1.18949	1.18744	1.18838	2326	0	1
2020.11.03	15:00:00	1.18840	1.19057	1.18834	1.19029	2315	0	1
2020.11.03	16:00:00	1.19030	1.19121	1.18883	1.19089	2573	0	1
2020.11.03	17:00:00	1.19084	1.19273	1.19072	1.19235	3176	0	1
2020.11.03	18:00:00	1.19235	1.19287	1.19056	1.19084	2769	0	1
2020.11.03	19:00:00	1.19085	1.19159	1.18977	1.19037	1875	0	1
2020.11.03	20:00:00	1.19037	1.19114	1.18916	1.18924	1792	0	1
2020.11.03	21:00:00	1.18926	1.18963	1.18851	1.18855	1399	0	1
2020.11.03	22:00:00	1.18879	1.18926	1.18802	1.18902	1792	0	1
2020.11.03	23:00:00	1.18893	1.19181	1.18868	1.19154	1028	0	1
2020.11.04	00:00:00	1.18985	1.19266	1.18985	1.19239	423	0	18
2020.11.04	01:00:00	1.19239	1.19598	1.19209	1.19469	1577	0	1
2020.11.04	02:00:00	1.19479	1.19598	1.18896	1.18960	3270	0	1
2020.11.04	03:00:00	1.18961	1.19198	1.18880	1.19143	3650	0	1
2020.11.04	04:00:00	1.19142	1.19259	1.18811	1.19040	4002	0	1
2020.11.04	05:00:00	1.19038	1.19197	1.18930	1.19041	3635	0	1
2020.11.04	06:00:00	1.19045	1.19081	1.18754	1.18937	2987	0	1
2020.11.04	07:00:00	1.18925	1.18970	1.18835	1.18897	2505	0	1
2020.11.04	08:00:00	1.18897	1.18949	1.18813	1.18934	2026	0	1
2020.11.04	09:00:00	1.18919	1.19000	1.18488	1.18533	3268	0	1
2020.11.04	10:00:00	1.18538	1.18599	1.18185	1.18235	3741	0	1
2020.11.04	11:00:00	1.18234	1.18882	1.18182	1.18768	3431	0	1
2020.11.04	12:00:00	1.18767	1.18834	1.18532	1.18745	2945	0	1
2020.11.04	13:00:00	1.18749	1.18795	1.18597	1.18776	2905	0	1
2020.11.04	14:00:00	1.18778	1.18890	1.18714	1.18723	3690	0	1
2020.11.04	15:00:00	1.18724	1.18784	1.18254	1.18309	3461	0	1
2020.11.04	16:00:00	1.18306	1.18539	1.18209	1.18529	3464	0	1
2020.11.04	17:00:00	1.18530	1.18723	1.18413	1.18460	3752	0	1
2020.11.04	18:00:00	1.18455	1.18579	1.18269	1.18579	3247	0	1
2020.11.04	19:00:00	1.18579	1.18651	1.18375	1.18608	3020	0	2
2020.11.04	20:00:00	1.18608	1.18690	1.18561	1.18578	2157	0	1
2020.11.04	21:00:00	1.18579	1.18592	1.18486	1.18560	1708	0	1
2020.11.04	22:00:00	1.18566	1.18622	1.18409	1.18496	2127	0	1
2020.11.04	23:00:00	1.18501	1.18539	1.18312	1.18489	1146	0	1
2020.11.05	00:00:00	1.18172	1.18413	1.17970	1.18102	919	0	35
2020.11.05	01:00:00	1.18102	1.18214	1.18079	1.18201	747	0	10
2020.11.05	02:00:00	1.18199	1.18251	1.18096	1.18121	1489	0	1
2020.11.05	03:00:00	1.18122	1.18146	1.18047	1.18114	1997	0	1
2020.11.05	04:00:00	1.18113	1.18273	1.18101	1.18217	1917	0	1
2020.11.05	05:00:00	1.18218	1.18218	1.18065	1.18080	1801	0	2
2020.11.05	06:00:00	1.18080	1.18128	1.18045	1.18064	1339	0	2
2020.11.05	07:00:00	1.18062	1.18176	1.18040	1.18136	1647	0	3
2020.11.05	08:00:00	1.18137	1.18142	1.17928	1.17974	1444	0	1
2020.11.05	09:00:00	1.17959	1.18747	1.17943	1.18506	3516	0	1
2020.11.05	10:00:00	1.18503	1.18604	1.18347	1.18380	3511	0	1
2020.11.05	11:00:00	1.18383	1.18545	1.18289	1.18439	3313	0	1
2020.11.05	12:00:00	1.18443	1.18614	1.18338	1.18564	2981	0	1
2020.11.05	13:00:00	1.18563	1.18627	1.18479	1.18583	2953	0	1
2020.11.05	14:00:00	1.18580	1.18644	1.18400	1.18426	3442	0	1
2020.11.05	15:00:00	1.18418	1.18584	1.18318	1.18520	3466	0	1
2020.11.05	16:00:00	1.18522	1.18650	1.18500	1.18599	3416	0	1
2020.11.05	17:00:00	1.18602	1.18924	1.18580	1.18807	3749	0	1
2020.11.05	18:00:00	1.18806	1.18970	1.18606	1.18873	3077	0	1
2020.11.05	19:00:00	1.18874	1.18877	1.18581	1.18718	2436	0	1
2020.11.05	20:00:00	1.18721	1.18778	1.18602	1.18720	1930	0	1
2020.11.05	21:00:00	1.18719	1.18921	1.18669	1.18848	2641	0	1
2020.11.05	22:00:00	1.18852	1.18917	1.18804	1.18898	2032	0	1
2020.11.05	23:00:00	1.18901	1.18937	1.18834	1.18883	1143	0	1
2020.11.06	00:00:00	1.18837	1.18972	1.18792	1.18885	572	0	14
2020.11.06	01:00:00	1.18885	1.18907	1.18688	1.18819	1483	0	2
2020.11.06	02:00:00	1.18816	1.18915	1.18741	1.18765	1684	0	1
2020.11.06	03:00:00	1.18764	1.18796	1.18712	1.18772	2037	0	1
2020.11.06	04:00:00	1.18773	1.18783	1.18660	1.18726	1826	0	2
2020.11.06	05:00:00	1.18727	1.18737	1.18617	1.18643	1811	0	2
2020.11.06	06:00:00	1.18646	1.18656	1.18594	1.18603	1325	0	2
2020.11.06	07:00:00	1.18603	1.18654	1.18588	1.18601	1421	0	3
2020.11.06	08:00:00	1.18600	1.18629	1.18548	1.18559	1375	0	1
2020.11.06	09:00:00	1.18558	1.18704	1.18412	1.18700	2477	0	1
2020.11.06	10:00:00	1.18705	1.18771	1.18409	1.18411	3199	0	1
2020.11.06	11:00:00	1.18411	1.18510	1.18299	1.18477	3034	0	1
2020.11.06	12:00:00	1.18469	1.18519	1.18223	1.18495	2929	0	1
2020.11.06	13:00:00	1.18496	1.18496	1.18129	1.18198	2911	0	1
2020.11.06	14:00:00	1.18203	1.18318	1.18040	1.18053	3035	0	1
2020.11.06	15:00:00	1.18054	1.18179	1.17981	1.18153	3546	0	1
2020.11.06	16:00:00	1.18151	1.18245	1.18021	1.18199	4260	0	1
2020.11.06	17:00:00	1.18202	1.18258	1.18089	1.18258	3879	0	1
2020.11.06	18:00:00	1.18234	1.18449	1.18169	1.18293	3491	0	1
2020.11.06	19:00:00	1.18292	1.18333	1.18180	1.18297	2388	0	1
2020.11.06	20:00:00	1.18298	1.18356	1.18270	1.18307	1377	0	1
2020.11.06	21:00:00	1.18305	1.18405	1.18248	1.18378	1207	0	1
2020.11.06	22:00:00	1.18376	1.18468	1.18291	1.18370	1539	0	1
2020.11.06	23:00:00	1.18370	1.18454	1.18315	1.18372	764	0	4
2020.11.09	00:00:00	1.18157	1.18489	1.18157	1.18396	680	0	25
2020.11.09	01:00:00	1.18396	1.18532	1.18319	1.18524	1204	0	1
2020.11.09	02:00:00	1.18525	1.18583	1.18454	1.18556	1288	0	1
2020.11.09	03:00:00	1.18556	1.18676	1.18555	1.18610	2015	0	1
2020.11.09	04:00:00	1.18610	1.18629	1.18576	1.18585	1254	0	1
2020.11.09	05:00:00	1.18587	1.18605	1.18564	1.18592	1108	0	1
2020.11.09	06:00:00	1.18592	1.18613	1.18547	1.18568	1195	0	3
2020.11.09	07:00:00	1.18572	1.18634	1.18502	1.18576	1298	0	4
2020.11.09	08:00:00	1.18576	1.18586	1.18420	1.18509	1430	0	1
2020.11.09	09:00:00	1.18507	1.18674	1.18442	1.18459	2598	0	1
2020.11.09	10:00:00	1.18457	1.18561	1.18279	1.18388	3209	0	1
2020.11.09	11:00:00	1.18389	1.18392	1.18076	1.18191	2931	0	1
2020.11.09	12:00:00	1.18192	1.18356	1.18170	1.18281	2107	0	1
2020.11.09	13:00:00	1.18280	1.18730	1.18216	1.18683	3250	0	1
2020.11.09	14:00:00	1.18682	1.19142	1.18497	1.19142	5182	0	1
2020.11.09	15:00:00	1.19144	1.19671	1.19093	1.19578	4338	0	1
2020.11.09	16:00:00	1.19578	1.19678	1.19428	1.19550	4233	0	1
2020.11.09	17:00:00	1.19556	1.19964	1.19506	1.19816	4811	0	1
2020.11.09	18:00:00	1.19812	1.19974	1.19737	1.19909	4204	0	1
2020.11.09	19:00:00	1.19914	1.20000	1.19852	1.19852	3167	0	1
2020.11.09	20:00:00	1.19855	1.19967	1.19772	1.19964	2710	0	1
2020.11.09	21:00:00	1.19963	1.20166	1.19949	1.20137	2418	0	1
2020.11.09	22:00:00	1.20139	1.20351	1.20138	1.20251	2764	0	1
2020.11.09	23:00:00	1.20252	1.20326	1.20150	1.20258	1355	0	1
2020.11.10	00:00:00	1.20014	1.20301	1.20014	1.20192	402	0	31
2020.11.10	01:00:00	1.20213	1.20266	1.20145	1.20196	995	0	2
2020.11.10	02:00:00	1.20196	1.20388	1.20177	1.20260	2154	0	1
2020.11.10	03:00:00	1.20259	1.20317	1.20237	1.20268	2164	0	1
2020.11.10	04:00:00	1.20271	1.20346	1.20215	1.20230	2230	0	2
2020.11.10	05:00:00	1.20229	1.20279	1.20174	1.20225	1886	0	1
2020.11.10	06:00:00	1.20226	1.20322	1.20201	1.20273	1637	0	2
2020.11.10	07:00:00	1.20273	1.20333	1.20259	1.20303	1525	0	1
2020.11.10	08:00:00	1.20301	1.20451	1.20288	1.20430	1836	0	1
2020.11.10	09:00:00	1.20429	1.20518	1.20164	1.20204	2934	0	1
2020.11.10	10:00:00	1.20212	1.20673	1.20212	1.20612	3770	0	1
2020.11.10	11:00:00	1.20612	1.21467	1.20594	1.21360	3533	0	1
2020.11.10	12:00:00	1.21364	1.21563	1.21222	1.21489	3845	0	1
2020.11.10	13:00:00	1.21490	1.21601	1.21373	1.21441	3380	0	1
2020.11.10	14:00:00	1.21443	1.21509	1.21110	1.21325	3295	0	1
2020.11.10	15:00:00	1.21339	1.21408	1.21152	1.21168	3366	0	1
2020.11.10	16:00:00	1.21175	1.21379	1.21038	1.21309	4093	0	1
2020.11.10	17:00:00	1.21307	1.21362	1.20977	1.20991	4382	0	1
2020.11.10	18:00:00	1.20995	1.21006	1.20702	1.20913	3390	0	1
2020.11.10	19:00:00	1.20914	1.21147	1.20889	1.20989	2790	0	1
2020.11.10	20:00:00	1.20992	1.21155	1.20989	1.21113	1896	0	1
2020.11.10	21:00:00	1.21113	1.21290	1.21081	1.21261	2404	0	1
2020.11.10	22:00:00	1.21265	1.21309	1.21221	1.21282	2047	0	1
2020.11.10	23:00:00	1.21278	1.21506	1.21276	1.21483	1008	0	1
2020.11.11	00:00:00	1.21183	1.21382	1.21183	1.21376	502	0	23
2020.11.11	01:00:00	1.21376	1.21443	1.21326	1.21339	941	0	4
2020.11.11	02:00:00	1.21339	1.21391	1.21259	1.21275	1385	0	1
2020.11.11	03:00:00	1.21275	1.21303	1.21235	1.21240	1758	0	1
2020.11.11	04:00:00	1.21237	1.21367	1.21223	1.21324	1339	0	1
2020.11.11	05:00:00	1.21325	1.21393	1.21318	1.21323	1262	0	3
2020.11.11	06:00:00	1.21318	1.21363	1.21309	1.21325	986	0	3
2020.11.11	07:00:00	1.21325	1.21343	1.21274	1.21295	961	0	1
2020.11.11	08:00:00	1.21302	1.21394	1.21285	1.21353	1101	0	3
2020.11.11	09:00:00	1.21353	1.21623	1.21347	1.21565	2196	0	1
2020.11.11	10:00:00	1.21567	1.21900	1.21565	1.21786	3424	0	1
2020.11.11	11:00:00	1.21784	1.22038	1.21497	1.21667	3494	0	1
2020.11.11	12:00:00	1.21667	1.21760	1.21512	1.21737	2690	0	1
2020.11.11	13:00:00	1.21737	1.21987	1.21690	1.21835	2757	0	1
2020.11.11	14:00:00	1.21858	1.21858	1.21278	1.21282	3128	0	1
2020.11.11	15:00:00	1.21279	1.21538	1.21219	1.21534	3011	0	1
2020.11.11	16:00:00	1.21530	1.21613	1.21278	1.21321	3312	0	1
2020.11.11	17:00:00	1.21321	1.21381	1.21112	1.21179	3399	0	1
2020.11.11	18:00:00	1.21176	1.21299	1.21109	1.21220	2499	0	1
2020.11.11	19:00:00	1.21220	1.21246	1.21091	1.21103	1790	0	1
2020.11.11	20:00:00	1.21101	1.21219	1.21100	1.21208	1188	0	1
2020.11.11	21:00:00	1.21210	1.21262	1.21151	1.21199	1676	0	1
2020.11.11	22:00:00	1.21191	1.21192	1.21106	1.21168	1368	0	1
2020.11.11	23:00:00	1.21173	1.21265	1.21160	1.21243	783	0	1
2020.11.12	00:00:00	1.21185	1.21251	1.21082	1.21229	344	0	57
2020.11.12	01:00:00	1.21229	1.21271	1.21205	1.21217	417	0	3
2020.11.12	02:00:00	1.21217	1.21229	1.21148	1.21158	853	0	1
2020.11.12	03:00:00	1.21161	1.21187	1.21090	1.21111	1352	0	3
2020.11.12	04:00:00	1.21111	1.21127	1.21027	1.21062	1118	0	2
2020.11.12	05:00:00	1.21063	1.21088	1.21026	1.21046	992	0	2
2020.11.12	06:00:00	1.21046	1.21048	1.20972	1.20986	916	0	2
2020.11.12	07:00:00	1.20986	1.21022	1.20970	1.20999	1104	0	2
2020.11.12	08:00:00	1.20996	1.21013	1.20855	1.20898	1510	0	1
2020.11.12	09:00:00	1.20895	1.20991	1.20713	1.20768	2099	0	1
2020.11.12	10:00:00	1.20770	1.20906	1.20623	1.20725	2875	0	1
2020.11.12	11:00:00	1.20725	1.20725	1.20368	1.20480	2783	0	1
2020.11.12	12:00:00	1.20480	1.20615	1.20397	1.20597	2490	0	1
2020.11.12	13:00:00	1.20599	1.20641	1.20307	1.20308	2505	0	1
2020.11.12	14:00:00	1.20310	1.20378	1.20144	1.20355	3068	0	1
2020.11.12	15:00:00	1.20357	1.20597	1.20315	1.20487	2997	0	1
2020.11.12	16:00:00	1.20487	1.20557	1.20237	1.20322	3388	0	1
2020.11.12	17:00:00	1.20320	1.20385	1.19925	1.19991	3370	0	1
2020.11.12	18:00:00	1.19990	1.20164	1.19959	1.20072	2876	0	1
2020.11.12	19:00:00	1.20069	1.20142	1.20025	1.20026	2185	0	1
2020.11.12	20:00:00	1.20028	1.20045	1.19962	1.20035	2055	0	1
2020.11.12	21:00:00	1.20034	1.20047	1.19968	1.20003	1883	0	1
2020.11.12	22:00:00	1.20010	1.20098	1.19963	1.20093	2001	0	1
2020.11.12	23:00:00	1.20097	1.20126	1.20027	1.20059	787	0	1
2020.11.13	00:00:00	1.19746	1.20023	1.19746	1.19958	465	0	63
2020.11.13	01:00:00	1.19958	1.20075	1.19958	1.20038	739	0	4
2020.11.13	02:00:00	1.20040	1.20053	1.19903	1.19916	962	0	1
2020.11.13	03:00:00	1.19918	1.19997	1.19913	1.19948	1201	0	1
2020.11.13	04:00:00	1.19948	1.19979	1.19899	1.19955	1091	0	3
2020.11.13	05:00:00	1.19955	1.20022	1.19951	1.20000	933	0	2
2020.11.13	06:00:00	1.19999	1.20067	1.19988	1.20045	885	0	2
2020.11.13	07:00:00	1.20045	1.20067	1.19994	1.20021	975	0	1
2020.11.13	08:00:00	1.20023	1.20266	1.20004	1.20259	1000	0	1
2020.11.13	09:00:00	1.20259	1.20395	1.20179	1.20394	1980	0	1
2020.11.13	10:00:00	1.20393	1.20521	1.20304	1.20338	2570	0	1
2020.11.13	11:00:00	1.20339	1.20415	1.20254	1.20374	2456	0	1
2020.11.13	12:00:00	1.20371	1.20584	1.20343	1.20493	2280	0	1
2020.11.13	13:00:00	1.20495	1.20563	1.20373	1.20528	2125	0	1
2020.11.13	14:00:00	1.20529	1.20541	1.20311	1.20419	2148	0	1
2020.11.13	15:00:00	1.20419	1.20466	1.20196	1.20246	2743	0	1
2020.11.13	16:00:00	1.20245	1.20330	1.20122	1.20260	2664	0	1
2020.11.13	17:00:00	1.20261	1.20273	1.20116	1.20218	3200	0	1
2020.11.13	18:00:00	1.20214	1.20366	1.20204	1.20331	2335	0	1
2020.11.13	19:00:00	1.20331	1.20457	1.20260	1.20449	1611	0	1
2020.11.13	20:00:00	1.20449	1.20468	1.20370	1.20437	1392	0	1
2020.11.13	21:00:00	1.20437	1.20474	1.20341	1.20341	1327	0	1
2020.11.13	22:00:00	1.20349	1.20466	1.20310	1.20465	1183	0	1
2020.11.13	23:00:00	1.20461	1.20473	1.20427	1.20445	595	0	1
2020.11.16	00:00:00	1.20136	1.20452	1.20128	1.20345	323	0	5
2020.11.16	01:00:00	1.20345	1.20618	1.20345	1.20577	1123	0	2
2020.11.16	02:00:00	1.20576	1.20604	1.20519	1.20549	1122	0	2
2020.11.16	03:00:00	1.20549	1.20563	1.20477	1.20507	1242	0	2
2020.11.16	04:00:00	1.20508	1.20618	1.20488	1.20608	1238	0	1
2020.11.16	05:00:00	1.20610	1.20676	1.20590	1.20625	1238	0	1
2020.11.16	06:00:00	1.20626	1.20645	1.20586	1.20616	914	0	1
2020.11.16	07:00:00	1.20616	1.20625	1.20566	1.20578	1139	0	1
2020.11.16	08:00:00	1.20578	1.20630	1.20467	1.20477	1124	0	1
2020.11.16	09:00:00	1.20463	1.20572	1.20394	1.20482	1506	0	1
2020.11.16	10:00:00	1.20481	1.20560	1.20189	1.20206	2557	0	1
2020.11.16	11:00:00	1.20202	1.20278	1.19971	1.20025	2727	0	1
2020.11.16	12:00:00	1.20019	1.20229	1.20010	1.20214	2479	0	1
2020.11.16	13:00:00	1.20209	1.20776	1.20195	1.20673	2477	0	1
2020.11.16	14:00:00	1.20669	1.20724	1.20307	1.20338	3426	0	1
2020.11.16	15:00:00	1.20338	1.20557	1.20330	1.20488	3000	0	1
2020.11.16	16:00:00	1.20487	1.20576	1.20324	1.20415	2881	0	1
2020.11.16	17:00:00	1.20417	1.20441	1.20181	1.20268	3261	0	1
2020.11.16	18:00:00	1.20270	1.20405	1.20206	1.20352	2419	0	1
2020.11.16	19:00:00	1.20356	1.20400	1.20303	1.20385	1665	0	1
2020.11.16	20:00:00	1.20385	1.20409	1.20289	1.20361	1493	0	1
2020.11.16	21:00:00	1.20361	1.20436	1.20329	1.20396	1386	0	1
2020.11.16	22:00:00	1.20390	1.20460	1.20363	1.20407	1263	0	1
2020.11.16	23:00:00	1.20413	1.20446	1.20393	1.20436	950	0	1
2020.11.17	00:00:00	1.20202	1.20443	1.20202	1.20384	498	0	21
2020.11.17	01:00:00	1.20384	1.20735	1.20384	1.20631	1647	0	1
2020.11.17	02:00:00	1.20629	1.20630	1.20523	1.20560	1792	0	1
2020.11.17	03:00:00	1.20558	1.20583	1.20489	1.20509	1642	0	1
2020.11.17	04:00:00	1.20509	1.20569	1.20477	1.20558	1552	0	1
2020.11.17	05:00:00	1.20558	1.20660	1.20555	1.20639	1176	0	1
2020.11.17	06:00:00	1.20639	1.20657	1.20617	1.20634	1040	0	4
2020.11.17	07:00:00	1.20633	1.20638	1.20578	1.20582	1407	0	2
2020.11.17	08:00:00	1.20585	1.20623	1.20516	1.20533	1269	0	2
2020.11.17	09:00:00	1.20529	1.20653	1.20385	1.20470	1645	0	1
2020.11.17	10:00:00	1.20470	1.20541	1.20323	1.20328	2719	0	1
2020.11.17	11:00:00	1.20331	1.20554	1.20327	1.20432	2606	0	1
2020.11.17	12:00:00	1.20431	1.20665	1.20370	1.20543	2378	0	1
2020.11.17	13:00:00	1.20541	1.20793	1.20526	1.20778	2404	0	1
2020.11.17	14:00:00	1.20775	1.20830	1.20689	1.20708	2525	0	1
2020.11.17	15:00:00	1.20710	1.20784	1.20536	1.20618	2960	0	1
2020.11.17	16:00:00	1.20620	1.20678	1.20527	1.20667	3123	0	1
2020.11.17	17:00:00	1.20666	1.20800	1.20630	1.20734	3294	0	1
2020.11.17	18:00:00	1.20733	1.20778	1.20620	1.20663	2615	0	1
2020.11.17	19:00:00	1.20664	1.20709	1.20582	1.20585	1764	0	1
2020.11.17	20:00:00	1.20587	1.20606	1.20556	1.20597	1426	0	1
2020.11.17	21:00:00	1.20598	1.20755	1.20591	1.20737	1203	0	1
2020.11.17	22:00:00	1.20736	1.20754	1.20671	1.20720	1236	0	1
2020.11.17	23:00:00	1.20719	1.20807	1.20714	1.20770	899	0	1
2020.11.18	00:00:00	1.20632	1.20887	1.20632	1.20874	502	0	8
2020.11.18	01:00:00	1.20874	1.20874	1.20790	1.20813	705	0	3
2020.11.18	02:00:00	1.20809	1.20829	1.20738	1.20747	1120	0	1
2020.11.18	03:00:00	1.20746	1.20824	1.20732	1.20735	1248	0	2
2020.11.18	04:00:00	1.20733	1.20786	1.20732	1.20748	936	0	2
2020.11.18	05:00:00	1.20746	1.20807	1.20741	1.20752	964	0	1
2020.11.18	06:00:00	1.20752	1.20800	1.20745	1.20766	1011	0	1
2020.11.18	07:00:00	1.20765	1.20812	1.20726	1.20788	1224	0	4
2020.11.18	08:00:00	1.20787	1.20818	1.20683	1.20710	1212	0	1
2020.11.18	09:00:00	1.20715	1.20893	1.20715	1.20886	2226	0	1
2020.11.18	10:00:00	1.20890	1.21041	1.20868	1.21000	2711	0	1
2020.11.18	11:00:00	1.21006	1.21080	1.20916	1.20924	2295	0	1
2020.11.18	12:00:00	1.20923	1.20987	1.20912	1.20945	2084	0	1
2020.11.18	13:00:00	1.20945	1.20969	1.20838	1.20925	2016	0	1
2020.11.18	14:00:00	1.20926	1.21008	1.20903	1.20968	2627	0	1
2020.11.18	15:00:00	1.20965	1.21043	1.20892	1.21021	2861	0	1
2020.11.18	16:00:00	1.21019	1.21132	1.20956	1.21125	2744	0	1
2020.11.18	17:00:00	1.21125	1.21242	1.20952	1.20989	3144	0	1
2020.11.18	18:00:00	1.20990	1.21027	1.20904	1.20966	2576	0	1
2020.11.18	19:00:00	1.20968	1.20972	1.20786	1.20891	2132	0	1
2020.11.18	20:00:00	1.20891	1.20940	1.20838	1.20921	1516	0	1
2020.11.18	21:00:00	1.20921	1.20951	1.20869	1.20900	1619	0	1
2020.11.18	22:00:00	1.20902	1.20985	1.20870	1.20940	1653	0	1
2020.11.18	23:00:00	1.20940	1.20958	1.20882	1.20894	907	0	1
2020.11.19	00:00:00	1.20864	1.20980	1.20864	1.20893	598	0	7
2020.11.19	01:00:00	1.20893	1.20940	1.20832	1.20834	522	0	4
2020.11.19	02:00:00	1.20834	1.20840	1.20677	1.20699	1612	0	2
2020.11.19	03:00:00	1.20702	1.20713	1.20645	1.20668	1370	0	2
2020.11.19	04:00:00	1.20668	1.20707	1.20638	1.20699	1260	0	2
2020.11.19	05:00:00	1.20704	1.20704	1.20555	1.20568	1137	0	2
2020.11.19	06:00:00	1.20567	1.20584	1.20548	1.20560	958	0	2
2020.11.19	07:00:00	1.20560	1.20628	1.20534	1.20585	982	0	2
2020.11.19	08:00:00	1.20584	1.20631	1.20494	1.20573	1297	0	1
2020.11.19	09:00:00	1.20568	1.20689	1.20522	1.20593	1914	0	1
2020.11.19	10:00:00	1.20595	1.20699	1.20397	1.20643	3067	0	1
2020.11.19	11:00:00	1.20644	1.20807	1.20613	1.20690	2843	0	1
2020.11.19	12:00:00	1.20689	1.21005	1.20611	1.20947	2837	0	1
2020.11.19	13:00:00	1.20947	1.21003	1.20805	1.20887	2697	0	1
2020.11.19	14:00:00	1.20886	1.20906	1.20687	1.20719	2202	0	1
2020.11.19	15:00:00	1.20721	1.20826	1.20601	1.20703	2756	0	1
2020.11.19	16:00:00	1.20703	1.20735	1.20562	1.20670	3327	0	1
2020.11.19	17:00:00	1.20665	1.20823	1.20569	1.20629	3291	0	1
2020.11.19	18:00:00	1.20637	1.20650	1.20542	1.20598	2419	0	1
2020.11.19	19:00:00	1.20595	1.20744	1.20535	1.20734	1692	0	1
2020.11.19	20:00:00	1.20735	1.20785	1.20680	1.20771	1280	0	1
2020.11.19	21:00:00	1.20771	1.20772	1.20671	1.20679	1601	0	1
2020.11.19	22:00:00	1.20684	1.20929	1.20646	1.20850	1675	0	1
2020.11.19	23:00:00	1.20846	1.20846	1.20756	1.20785	776	0	1
2020.11.20	00:00:00	1.20679	1.20784	1.20620	1.20705	651	0	43
2020.11.20	01:00:00	1.20702	1.20746	1.20661	1.20692	865	0	5
2020.11.20	02:00:00	1.20693	1.20707	1.20655	1.20685	1215	0	2
2020.11.20	03:00:00	1.20688	1.20731	1.20680	1.20695	1117	0	5
2020.11.20	04:00:00	1.20694	1.20736	1.20664	1.20673	1003	0	3
2020.11.20	05:00:00	1.20675	1.20748	1.20674	1.20703	1108	0	2
2020.11.20	06:00:00	1.20704	1.20782	1.20694	1.20772	1192	0	3
2020.11.20	07:00:00	1.20773	1.20814	1.20753	1.20785	1440	0	3
2020.11.20	08:00:00	1.20783	1.20844	1.20783	1.20830	1391	0	2
2020.11.20	09:00:00	1.20829	1.20951	1.20614	1.20657	2183	0	1
2020.11.20	10:00:00	1.20658	1.20775	1.20546	1.20769	2653	0	1
2020.11.20	11:00:00	1.20767	1.21031	1.20742	1.20935	3031	0	1
2020.11.20	12:00:00	1.20936	1.21161	1.20935	1.20965	2699	0	1
2020.11.20	13:00:00	1.20960	1.21131	1.20945	1.21021	2463	0	1
2020.11.20	14:00:00	1.21021	1.21066	1.20872	1.20921	2177	0	1
2020.11.20	15:00:00	1.20926	1.20981	1.20818	1.20830	2436	0	1
2020.11.20	16:00:00	1.20830	1.20921	1.20807	1.20897	2620	0	1
2020.11.20	17:00:00	1.20897	1.21127	1.20871	1.21084	2607	0	1
2020.11.20	18:00:00	1.21083	1.21197	1.21007	1.21194	2268	0	1
2020.11.20	19:00:00	1.21197	1.21210	1.21047	1.21061	1370	0	1
2020.11.20	20:00:00	1.21057	1.21164	1.20911	1.21066	1417	0	1
2020.11.20	21:00:00	1.21063	1.21109	1.21015	1.21038	1233	0	2
2020.11.20	22:00:00	1.21039	1.21133	1.21030	1.21128	1494	0	1
2020.11.20	23:00:00	1.21127	1.21133	1.21006	1.21061	765	0	3
2020.11.23	00:00:00	1.20993	1.21159	1.20993	1.21141	495	0	30
2020.11.23	01:00:00	1.21141	1.21199	1.21137	1.21145	911	0	1
2020.11.23	02:00:00	1.21145	1.21194	1.21119	1.21147	1213	0	1
2020.11.23	03:00:00	1.21148	1.21292	1.21124	1.21270	1653	0	2
2020.11.23	04:00:00	1.21272	1.21288	1.21228	1.21238	1045	0	1
2020.11.23	05:00:00	1.21237	1.21265	1.21190	1.21215	522	0	1
2020.11.23	06:00:00	1.21215	1.21224	1.21183	1.21217	589	0	5
2020.11.23	07:00:00	1.21222	1.21247	1.21183	1.21247	467	0	1
2020.11.23	08:00:00	1.21247	1.21282	1.21181	1.21211	774	0	1
2020.11.23	09:00:00	1.21213	1.21362	1.21164	1.21342	1732	0	1
2020.11.23	10:00:00	1.21335	1.21825	1.21307	1.21771	2822	0	1
2020.11.23	11:00:00	1.21771	1.21859	1.21557	1.21714	2893	0	1
2020.11.23	12:00:00	1.21713	1.21790	1.21483	1.21488	2510	0	1
2020.11.23	13:00:00	1.21483	1.21558	1.21258	1.21379	2922	0	1
2020.11.23	14:00:00	1.21383	1.21619	1.21350	1.21591	2397	0	1
2020.11.23	15:00:00	1.21593	1.21647	1.21505	1.21548	2451	0	1
2020.11.23	16:00:00	1.21547	1.21643	1.21470	1.21591	3115	0	1
2020.11.23	17:00:00	1.21590	1.21840	1.21404	1.21468	4025	0	1
2020.11.23	18:00:00	1.21473	1.21506	1.21311	1.21425	3428	0	1
2020.11.23	19:00:00	1.21427	1.21496	1.21374	1.21421	2504	0	1
2020.11.23	20:00:00	1.21418	1.21469	1.21393	1.21455	1808	0	2
2020.11.23	21:00:00	1.21452	1.21605	1.21444	1.21552	1970	0	2
2020.11.23	22:00:00	1.21551	1.21582	1.21522	1.21552	1786	0	1
2020.11.23	23:00:00	1.21551	1.21596	1.21521	1.21570	699	0	1
2020.11.24	00:00:00	1.21496	1.21583	1.21485	1.21533	313	0	30
2020.11.24	01:00:00	1.21533	1.21627	1.21520	1.21596	858	0	3
2020.11.24	02:00:00	1.21597	1.21632	1.21564	1.21586	1225	0	2
2020.11.24	03:00:00	1.21586	1.21647	1.21554	1.21602	1795	0	1
2020.11.24	04:00:00	1.21602	1.21667	1.21584	1.21631	1766	0	2
2020.11.24	05:00:00	1.21632	1.21673	1.21613	1.21657	1405	0	1
2020.11.24	06:00:00	1.21660	1.21674	1.21592	1.21602	981	0	5
2020.11.24	07:00:00	1.21603	1.21625	1.21551	1.21583	1283	0	2
2020.11.24	08:00:00	1.21586	1.21651	1.21544	1.21619	1274	0	2
2020.11.24	09:00:00	1.21618	1.21731	1.21555	1.21685	1520	0	1
2020.11.24	10:00:00	1.21694	1.21799	1.21627	1.21726	2975	0	1
2020.11.24	11:00:00	1.21726	1.21798	1.21595	1.21752	2587	0	1
2020.11.24	12:00:00	1.21756	1.21932	1.21736	1.21903	2576	0	1
2020.11.24	13:00:00	1.21909	1.21921	1.21766	1.21766	2704	0	1
2020.11.24	14:00:00	1.21761	1.21876	1.21605	1.21661	2536	0	1
2020.11.24	15:00:00	1.21659	1.21713	1.21445	1.21461	2560	0	1
2020.11.24	16:00:00	1.21466	1.21540	1.21375	1.21529	3361	0	1
2020.11.24	17:00:00	1.21526	1.21795	1.21469	1.21783	3299	0	1
2020.11.24	18:00:00	1.21786	1.21866	1.21682	1.21756	2862	0	1
2020.11.24	19:00:00	1.21755	1.21787	1.21646	1.21756	2226	0	1
2020.11.24	20:00:00	1.21756	1.21851	1.21738	1.21849	1785	0	1
2020.11.24	21:00:00	1.21849	1.21865	1.21727	1.21764	1322	0	2
2020.11.24	22:00:00	1.21762	1.21799	1.21704	1.21734	1726	0	1
2020.11.24	23:00:00	1.21740	1.21771	1.21713	1.21743	947	0	1
2020.11.25	00:00:00	1.21572	1.21753	1.21572	1.21682	376	0	38
2020.11.25	01:00:00	1.21682	1.21756	1.21682	1.21717	897	0	4
2020.11.25	02:00:00	1.21714	1.21736	1.21647	1.21675	1015	0	1
2020.11.25	03:00:00	1.21678	1.21701	1.21651	1.21678	1335	0	1
2020.11.25	04:00:00	1.21678	1.21719	1.21650	1.21719	1351	0	3
2020.11.25	05:00:00	1.21719	1.21736	1.21638	1.21670	1615	0	1
2020.11.25	06:00:00	1.21676	1.21697	1.21632	1.21634	1404	0	2
2020.11.25	07:00:00	1.21634	1.21670	1.21589	1.21603	1597	0	3
2020.11.25	08:00:00	1.21602	1.21730	1.21589	1.21730	1412	0	1
2020.11.25	09:00:00	1.21727	1.21859	1.21711	1.21765	1915	0	1
2020.11.25	10:00:00	1.21760	1.21862	1.21577	1.21662	3203	0	1
2020.11.25	11:00:00	1.21662	1.21846	1.21662	1.21722	2919	0	1
2020.11.25	12:00:00	1.21723	1.21765	1.21383	1.21430	2720	0	1
2020.11.25	13:00:00	1.21431	1.21649	1.21376	1.21616	2519	0	1
2020.11.25	14:00:00	1.21616	1.21695	1.21587	1.21620	2413	0	1
2020.11.25	15:00:00	1.21620	1.21645	1.21421	1.21464	2694	0	1
2020.11.25	16:00:00	1.21460	1.21609	1.21417	1.21591	3173	0	1
2020.11.25	17:00:00	1.21595	1.21757	1.21471	1.21696	3617	0	1
2020.11.25	18:00:00	1.21699	1.21794	1.21562	1.21591	2623	0	1
2020.11.25	19:00:00	1.21595	1.21617	1.21471	1.21511	1884	0	1
2020.11.25	20:00:00	1.21513	1.21619	1.21493	1.21537	1485	0	1
2020.11.25	21:00:00	1.21527	1.21614	1.21470	1.21586	1690	0	1
2020.11.25	22:00:00	1.21589	1.21613	1.21526	1.21590	1428	0	2
2020.11.25	23:00:00	1.21589	1.21607	1.21536	1.21587	632	0	1
2020.11.26	00:00:00	1.21334	1.21606	1.21334	1.21566	615	0	14
2020.11.26	01:00:00	1.21566	1.21566	1.21505	1.21546	405	0	5
2020.11.26	02:00:00	1.21546	1.21546	1.21481	1.21499	873	0	2
2020.11.26	03:00:00	1.21499	1.21579	1.21497	1.21546	764	0	3
2020.11.26	04:00:00	1.21547	1.21549	1.21455	1.21463	813	0	4
2020.11.26	05:00:00	1.21465	1.21487	1.21420	1.21422	817	0	3
2020.11.26	06:00:00	1.21422	1.21467	1.21412	1.21441	748	0	4
2020.11.26	07:00:00	1.21441	1.21457	1.21393	1.21433	926	0	4
2020.11.26	08:00:00	1.21433	1.21467	1.21402	1.21451	735	0	2
2020.11.26	09:00:00	1.21450	1.21500	1.21322	1.21401	1663	0	1
2020.11.26	10:00:00	1.21401	1.21414	1.21298	1.21341	2261	0	1
2020.11.26	11:00:00	1.21339	1.21496	1.21321	1.21437	2118	0	1
2020.11.26	12:00:00	1.21436	1.21484	1.21237	1.21297	2304	0	1
2020.11.26	13:00:00	1.21297	1.21318	1.21180	1.21316	1817	0	1
2020.11.26	14:00:00	1.21315	1.21388	1.21244	1.21307	1854	0	1
2020.11.26	15:00:00	1.21302	1.21347	1.21073	1.21128	1800	0	1
2020.11.26	16:00:00	1.21127	1.21168	1.21030	1.21090	1940	0	1
2020.11.26	17:00:00	1.21090	1.21101	1.20904	1.20910	1763	0	1
2020.11.26	18:00:00	1.20909	1.21061	1.20832	1.21046	1750	0	1
2020.11.26	19:00:00	1.21044	1.21096	1.20977	1.21081	1467	0	1
2020.11.26	20:00:00	1.21081	1.21081	1.20981	1.21038	1213	0	4
2020.11.26	21:00:00	1.21038	1.21119	1.21033	1.21063	542	0	3
2020.11.26	22:00:00	1.21064	1.21128	1.21052	1.21070	651	0	5
2020.11.26	23:00:00	1.21069	1.21111	1.21005	1.21005	374	0	17
2020.11.27	00:00:00	1.20980	1.21096	1.20948	1.21092	549	0	19
2020.11.27	01:00:00	1.21092	1.21096	1.21024	1.21050	522	0	1
2020.11.27	02:00:00	1.21059	1.21063	1.20968	1.20976	632	0	1
2020.11.27	03:00:00	1.20982	1.21083	1.20975	1.21080	725	0	1
2020.11.27	04:00:00	1.21082	1.21092	1.21053	1.21059	775	0	3
2020.11.27	05:00:00	1.21060	1.21123	1.21059	1.21090	834	0	3
2020.11.27	06:00:00	1.21091	1.21116	1.21074	1.21092	757	0	1
2020.11.27	07:00:00	1.21093	1.21119	1.21082	1.21119	852	0	5
2020.11.27	08:00:00	1.21118	1.21147	1.21082	1.21105	1006	0	2
2020.11.27	09:00:00	1.21104	1.21202	1.21049	1.21145	1774	0	1
2020.11.27	10:00:00	1.21146	1.21249	1.21067	1.21188	2537	0	1
2020.11.27	11:00:00	1.21190	1.21315	1.21103	1.21125	2147	0	1
2020.11.27	12:00:00	1.21125	1.21146	1.20785	1.20800	2215	0	1
2020.11.27	13:00:00	1.20797	1.20999	1.20797	1.20881	2090	0	1
2020.11.27	14:00:00	1.20887	1.21045	1.20849	1.20979	2159	0	1
2020.11.27	15:00:00	1.20982	1.21074	1.20892	1.21020	2285	0	1
2020.11.27	16:00:00	1.21020	1.21102	1.20885	1.20891	2355	0	1
2020.11.27	17:00:00	1.20886	1.21012	1.20702	1.20743	2671	0	1
2020.11.27	18:00:00	1.20744	1.20785	1.20250	1.20425	2872	0	1
2020.11.27	19:00:00	1.20426	1.20527	1.20332	1.20518	1772	0	2
2020.11.27	20:00:00	1.20519	1.20519	1.20324	1.20374	1789	0	1
2020.11.27	21:00:00	1.20375	1.20385	1.20325	1.20359	1462	0	1
2020.11.27	22:00:00	1.20358	1.20377	1.20267	1.20268	965	0	6
2020.11.27	23:00:00	1.20269	1.20423	1.20214	1.20365	1848	0	1
2020.11.30	00:00:00	1.20507	1.20527	1.20115	1.20488	420	0	36
2020.11.30	01:00:00	1.20488	1.20593	1.20441	1.20542	1066	0	1
2020.11.30	02:00:00	1.20545	1.20557	1.20469	1.20484	1158	0	4
2020.11.30	03:00:00	1.20484	1.20539	1.20442	1.20532	1186	0	1
2020.11.30	04:00:00	1.20533	1.20559	1.20485	1.20504	1079	0	1
2020.11.30	05:00:00	1.20505	1.20566	1.20492	1.20522	1020	0	2
2020.11.30	06:00:00	1.20522	1.20566	1.20507	1.20518	784	0	2
2020.11.30	07:00:00	1.20518	1.20532	1.20435	1.20463	959	0	2
2020.11.30	08:00:00	1.20462	1.20537	1.20441	1.20508	1065	0	2
2020.11.30	09:00:00	1.20511	1.20613	1.20469	1.20505	1957	0	1
2020.11.30	10:00:00	1.20507	1.20510	1.20264	1.20286	2780	0	1
2020.11.30	11:00:00	1.20287	1.20405	1.20108	1.20370	2983	0	1
2020.11.30	12:00:00	1.20369	1.20403	1.20303	1.20393	2251	0	1
2020.11.30	13:00:00	1.20393	1.20736	1.20369	1.20623	2390	0	1
2020.11.30	14:00:00	1.20626	1.20722	1.20433	1.20553	2777	0	1
2020.11.30	15:00:00	1.20553	1.20970	1.20535	1.20931	3000	0	1
2020.11.30	16:00:00	1.20928	1.20989	1.20750	1.20891	3161	0	1
2020.11.30	17:00:00	1.20890	1.20985	1.20698	1.20847	4421	0	1
2020.11.30	18:00:00	1.20847	1.21011	1.20701	1.20849	3657	0	1
2020.11.30	19:00:00	1.20843	1.20969	1.20768	1.20948	2432	0	1
2020.11.30	20:00:00	1.20948	1.21000	1.20853	1.20922	1732	0	1
2020.11.30	21:00:00	1.20923	1.21026	1.20881	1.20935	1757	0	1
2020.11.30	22:00:00	1.20935	1.21155	1.20935	1.21134	1723	0	2
2020.11.30	23:00:00	1.21129	1.21153	1.21072	1.21134	1064	0	1
2020.12.01	00:00:00	1.20920	1.21136	1.20745	1.21004	689	0	20
2020.12.01	01:00:00	1.21004	1.21184	1.21004	1.21119	942	0	5
2020.12.01	02:00:00	1.21119	1.21156	1.21085	1.21135	879	0	4
2020.12.01	03:00:00	1.21135	1.21166	1.21109	1.21118	900	0	4
2020.12.01	04:00:00	1.21118	1.21174	1.21103	1.21141	907	0	2
2020.12.01	05:00:00	1.21141	1.21210	1.21118	1.21202	816	0	3
2020.12.01	06:00:00	1.21202	1.21258	1.21191	1.21213	865	0	3
2020.12.01	07:00:00	1.21212	1.21257	1.21198	1.21257	1047	0	2
2020.12.01	08:00:00	1.21256	1.21267	1.21204	1.21221	970	0	1
2020.12.01	09:00:00	1.21222	1.21443	1.21219	1.21337	1854	0	1
2020.12.01	10:00:00	1.21338	1.21535	1.21252	1.21386	2815	0	1
2020.12.01	11:00:00	1.21387	1.21418	1.20995	1.21043	3045	0	1
2020.12.01	12:00:00	1.21039	1.21176	1.20952	1.21034	2301	0	1
2020.12.01	13:00:00	1.21032	1.21041	1.20695	1.20707	2555	0	1
2020.12.01	14:00:00	1.20710	1.20756	1.20547	1.20738	2336	0	1
2020.12.01	15:00:00	1.20742	1.20808	1.20595	1.20679	2422	0	1
2020.12.01	16:00:00	1.20673	1.20797	1.20578	1.20630	2878	0	1
2020.12.01	17:00:00	1.20636	1.20759	1.20339	1.20402	3709	0	1
2020.12.01	18:00:00	1.20401	1.21068	1.20395	1.20589	3566	0	1
2020.12.01	19:00:00	1.20589	1.20893	1.20568	1.20821	2463	0	1
2020.12.01	20:00:00	1.20822	1.20972	1.20770	1.20971	1794	0	1
2020.12.01	21:00:00	1.20970	1.20995	1.20818	1.20840	1691	0	1
2020.12.01	22:00:00	1.20838	1.20848	1.20759	1.20792	1721	0	1
2020.12.01	23:00:00	1.20793	1.20826	1.20714	1.20821	1235	0	1
2020.12.02	00:00:00	1.20698	1.20803	1.20549	1.20774	681	0	27
2020.12.02	01:00:00	1.20774	1.20831	1.20713	1.20731	1147	0	3
2020.12.02	02:00:00	1.20739	1.20783	1.20697	1.20728	1126	0	1
2020.12.02	03:00:00	1.20727	1.20772	1.20575	1.20593	1062	0	1
2020.12.02	04:00:00	1.20592	1.20665	1.20564	1.20647	1001	0	1
2020.12.02	05:00:00	1.20647	1.20670	1.20628	1.20641	854	0	4
2020.12.02	06:00:00	1.20641	1.20674	1.20614	1.20658	825	0	2
2020.12.02	07:00:00	1.20657	1.20705	1.20645	1.20693	1102	0	2
2020.12.02	08:00:00	1.20690	1.20766	1.20674	1.20742	1076	0	2
2020.12.02	09:00:00	1.20734	1.20858	1.20127	1.20402	2237	0	1
2020.12.02	10:00:00	1.20414	1.20427	1.20093	1.20185	3432	0	1
2020.12.02	11:00:00	1.20193	1.20493	1.20152	1.20209	3069	0	1
2020.12.02	12:00:00	1.20213	1.20349	1.20118	1.20193	2007	0	1
2020.12.02	13:00:00	1.20191	1.20213	1.19995	1.20002	1950	0	1
2020.12.02	14:00:00	1.19998	1.20001	1.19553	1.19628	3251	0	1
2020.12.02	15:00:00	1.19636	1.19713	1.19166	1.19290	3179	0	1
2020.12.02	16:00:00	1.19287	1.19319	1.19144	1.19185	3525	0	1
2020.12.02	17:00:00	1.19190	1.19597	1.19122	1.19478	3565	0	1
2020.12.02	18:00:00	1.19478	1.19625	1.19431	1.19598	2539	0	1
2020.12.02	19:00:00	1.19598	1.19745	1.19598	1.19661	2090	0	1
2020.12.02	20:00:00	1.19661	1.19749	1.19638	1.19737	1596	0	2
2020.12.02	21:00:00	1.19737	1.19766	1.19674	1.19706	2021	0	1
2020.12.02	22:00:00	1.19702	1.19739	1.19669	1.19733	1448	0	2
2020.12.02	23:00:00	1.19738	1.19743	1.19600	1.19606	1001	0	1
2020.12.03	00:00:00	1.19424	1.19647	1.19423	1.19637	477	0	27
2020.12.03	01:00:00	1.19637	1.19710	1.19521	1.19595	652	0	2
2020.12.03	02:00:00	1.19595	1.19642	1.19546	1.19567	1149	0	3
2020.12.03	03:00:00	1.19567	1.19627	1.19548	1.19579	1328	0	4
2020.12.03	04:00:00	1.19577	1.19636	1.19549	1.19575	979	0	3
2020.12.03	05:00:00	1.19578	1.19672	1.19570	1.19658	946	0	3
2020.12.03	06:00:00	1.19660	1.19681	1.19638	1.19666	945	0	4
2020.12.03	07:00:00	1.19668	1.19679	1.19650	1.19671	1044	0	4
2020.12.03	08:00:00	1.19669	1.19756	1.19637	1.19742	1364	0	3
2020.12.03	09:00:00	1.19732	1.19801	1.19573	1.19696	1866	0	1
2020.12.03	10:00:00	1.19697	1.19891	1.19586	1.19809	2730	0	1
2020.12.03	11:00:00	1.19811	1.19916	1.19762	1.19827	2867	0	1
2020.12.03	12:00:00	1.19823	1.19985	1.19794	1.19864	2406	0	1
2020.12.03	13:00:00	1.19863	1.20040	1.19816	1.19934	2725	0	1
2020.12.03	14:00:00	1.19934	1.20020	1.19816	1.19828	2635	0	1
2020.12.03	15:00:00	1.19836	1.20041	1.19804	1.20038	2542	0	1
2020.12.03	16:00:00	1.20034	1.20079	1.19842	1.19878	3123	0	1
2020.12.03	17:00:00	1.19888	1.20241	1.19824	1.20200	3320	0	1
2020.12.03	18:00:00	1.20203	1.20268	1.20027	1.20200	2967	0	1
2020.12.03	19:00:00	1.20200	1.20298	1.20107	1.20214	2329	0	1
2020.12.03	20:00:00	1.20210	1.20256	1.19863	1.19954	2109	0	1
2020.12.03	21:00:00	1.19949	1.20032	1.19863	1.19866	1809	0	2
2020.12.03	22:00:00	1.19865	1.19924	1.19803	1.19885	1919	0	1
2020.12.03	23:00:00	1.19887	1.19920	1.19780	1.19800	1038	0	1
2020.12.04	00:00:00	1.19835	1.19968	1.19700	1.19822	357	0	6
2020.12.04	01:00:00	1.19822	1.19875	1.19810	1.19840	547	0	1
2020.12.04	02:00:00	1.19840	1.19908	1.19828	1.19837	1013	0	3
2020.12.04	03:00:00	1.19842	1.19880	1.19812	1.19864	1402	0	4
2020.12.04	04:00:00	1.19863	1.19887	1.19838	1.19858	1046	0	2
2020.12.04	05:00:00	1.19858	1.19885	1.19789	1.19800	780	0	3
2020.12.04	06:00:00	1.19800	1.19818	1.19779	1.19794	640	0	4
2020.12.04	07:00:00	1.19793	1.19828	1.19775	1.19780	822	0	2
2020.12.04	08:00:00	1.19780	1.19939	1.19766	1.19912	1244	0	1
2020.12.04	09:00:00	1.19915	1.19925	1.19677	1.19749	1933	0	1
2020.12.04	10:00:00	1.19749	1.19993	1.19493	1.19558	2696	0	1
2020.12.04	11:00:00	1.19557	1.20237	1.19536	1.20189	3142	0	1
2020.12.04	12:00:00	1.20188	1.20208	1.19746	1.19882	2872	0	1
2020.12.04	13:00:00	1.19882	1.19996	1.19761	1.19859	2273	0	1
2020.12.04	14:00:00	1.19859	1.19911	1.19642	1.19723	2385	0	1
2020.12.04	15:00:00	1.19729	1.20278	1.19729	1.20250	3381	0	1
2020.12.04	16:00:00	1.20255	1.20379	1.20046	1.20237	3680	0	1
2020.12.04	17:00:00	1.20235	1.20241	1.19922	1.20050	3485	0	1
2020.12.04	18:00:00	1.20050	1.20134	1.19939	1.20114	2366	0	1
2020.12.04	19:00:00	1.20119	1.20126	1.19901	1.19956	1822	0	1
2020.12.04	20:00:00	1.19956	1.20121	1.19935	1.19965	1722	0	1
2020.12.04	21:00:00	1.19965	1.20034	1.19561	1.19709	2033	0	1
2020.12.04	22:00:00	1.19709	1.19779	1.19569	1.19778	1892	0	1
2020.12.04	23:00:00	1.19776	1.19847	1.19702	1.19813	1004	0	2
2020.12.07	00:00:00	1.19452	1.19622	1.19324	1.19554	994	0	41
2020.12.07	01:00:00	1.19554	1.19653	1.19525	1.19646	967	0	5
2020.12.07	02:00:00	1.19645	1.19691	1.19544	1.19670	1289	0	1
2020.12.07	03:00:00	1.19668	1.19718	1.19607	1.19623	1206	0	2
2020.12.07	04:00:00	1.19621	1.19658	1.19610	1.19639	1080	0	1
2020.12.07	05:00:00	1.19640	1.19696	1.19564	1.19579	1033	0	3
2020.12.07	06:00:00	1.19578	1.19591	1.19541	1.19550	674	0	5
2020.12.07	07:00:00	1.19550	1.19586	1.19522	1.19533	721	0	5
2020.12.07	08:00:00	1.19536	1.19563	1.19444	1.19501	1342	0	1
2020.12.07	09:00:00	1.19518	1.19518	1.19190	1.19260	2078	0	2
2020.12.07	10:00:00	1.19260	1.19260	1.18356	1.18371	4233	0	1
2020.12.07	11:00:00	1.18371	1.18583	1.18218	1.18521	2999	0	1
2020.12.07	12:00:00	1.18514	1.18579	1.18287	1.18366	2371	0	1
2020.12.07	13:00:00	1.18365	1.18365	1.18150	1.18166	2595	0	1
2020.12.07	14:00:00	1.18160	1.18413	1.18108	1.18236	2476	0	1
2020.12.07	15:00:00	1.18250	1.18571	1.18203	1.18523	3178	0	1
2020.12.07	16:00:00	1.18531	1.18657	1.18246	1.18261	3194	0	1
2020.12.07	17:00:00	1.18261	1.18391	1.18094	1.18352	3243	0	1
2020.12.07	18:00:00	1.18352	1.18782	1.18339	1.18733	2720	0	1
2020.12.07	19:00:00	1.18734	1.18944	1.18714	1.18857	2176	0	1
2020.12.07	20:00:00	1.18854	1.18872	1.18373	1.18780	2888	0	1
2020.12.07	21:00:00	1.18775	1.19317	1.18754	1.19303	2280	0	1
2020.12.07	22:00:00	1.19310	1.19310	1.19085	1.19205	1736	0	1
2020.12.07	23:00:00	1.19205	1.19238	1.19094	1.19178	834	0	2
2020.12.08	00:00:00	1.19025	1.19147	1.19025	1.19086	878	0	34
2020.12.08	01:00:00	1.19086	1.19113	1.18928	1.18973	637	0	3
2020.12.08	02:00:00	1.18973	1.19035	1.18887	1.18975	1182	0	2
2020.12.08	03:00:00	1.18974	1.19063	1.18964	1.19023	1941	0	1
2020.12.08	04:00:00	1.19020	1.19022	1.18920	1.18935	1380	0	3
2020.12.08	05:00:00	1.18937	1.19036	1.18923	1.19035	1483	0	1
2020.12.08	06:00:00	1.19035	1.19046	1.18886	1.18933	2001	0	1
2020.12.08	07:00:00	1.18932	1.19036	1.18915	1.18999	1405	0	1
2020.12.08	08:00:00	1.19004	1.19071	1.18852	1.18888	1507	0	2
2020.12.08	09:00:00	1.18888	1.18970	1.18786	1.18958	2017	0	1
2020.12.08	10:00:00	1.18959	1.19036	1.18667	1.18721	3029	0	1
2020.12.08	11:00:00	1.18723	1.18860	1.18630	1.18715	2495	0	1
2020.12.08	12:00:00	1.18717	1.18915	1.18705	1.18889	2525	0	1
2020.12.08	13:00:00	1.18882	1.18895	1.18473	1.18491	2719	0	1
2020.12.08	14:00:00	1.18490	1.18536	1.18317	1.18350	2751	0	1
2020.12.08	15:00:00	1.18351	1.19102	1.18262	1.18719	3765	0	1
2020.12.08	16:00:00	1.18723	1.18776	1.18320	1.18383	3372	0	1
2020.12.08	17:00:00	1.18380	1.18769	1.18235	1.18740	3872	0	1
2020.12.08	18:00:00	1.18738	1.18894	1.18629	1.18690	2718	0	1
2020.12.08	19:00:00	1.18689	1.18839	1.18545	1.18728	2152	0	1
2020.12.08	20:00:00	1.18733	1.18865	1.18729	1.18834	1879	0	1
2020.12.08	21:00:00	1.18833	1.18859	1.18748	1.18760	1606	0	2
2020.12.08	22:00:00	1.18757	1.18789	1.18635	1.18756	1394	0	1
2020.12.08	23:00:00	1.18756	1.18759	1.18649	1.18710	769	0	1
2020.12.09	00:00:00	1.18550	1.18775	1.18550	1.18759	587	0	15
2020.12.09	01:00:00	1.18760	1.18927	1.18731	1.18772	888	0	1
2020.12.09	02:00:00	1.18770	1.18884	1.18754	1.18867	971	0	1
2020.12.09	03:00:00	1.18866	1.18872	1.18815	1.18830	874	0	1
2020.12.09	04:00:00	1.18829	1.18854	1.18777	1.18850	942	0	1
2020.12.09	05:00:00	1.18851	1.18852	1.18780	1.18796	946	0	2
2020.12.09	06:00:00	1.18796	1.18827	1.18787	1.18794	865	0	3
2020.12.09	07:00:00	1.18794	1.18810	1.18749	1.18750	826	0	3
2020.12.09	08:00:00	1.18751	1.18852	1.18750	1.18802	1242	0	1
2020.12.09	09:00:00	1.18802	1.18854	1.18627	1.18839	1468	0	1
2020.12.09	10:00:00	1.18832	1.19202	1.18802	1.19145	2695	0	1
2020.12.09	11:00:00	1.19143	1.19507	1.19119	1.19428	2438	0	1
2020.12.09	12:00:00	1.19432	1.19645	1.19358	1.19565	2669	0	1
2020.12.09	13:00:00	1.19566	1.19625	1.19387	1.19567	2403	0	1
2020.12.09	14:00:00	1.19570	1.19647	1.19474	1.19555	2279	0	1
2020.12.09	15:00:00	1.19557	1.19770	1.19515	1.19534	2431	0	1
2020.12.09	16:00:00	1.19536	1.19546	1.19226	1.19332	3068	0	1
2020.12.09	17:00:00	1.19332	1.19383	1.19194	1.19215	3515	0	1
2020.12.09	18:00:00	1.19214	1.19261	1.19025	1.19201	2928	0	1
2020.12.09	19:00:00	1.19196	1.19239	1.19013	1.19066	2681	0	1
2020.12.09	20:00:00	1.19066	1.19196	1.19034	1.19073	2286	0	1
2020.12.09	21:00:00	1.19073	1.19257	1.19029	1.19183	2189	0	1
2020.12.09	22:00:00	1.19178	1.19219	1.19121	1.19168	1856	0	1
2020.12.09	23:00:00	1.19163	1.19229	1.19146	1.19207	788	0	2
2020.12.10	00:00:00	1.18965	1.19226	1.18352	1.18815	1074	0	22
2020.12.10	01:00:00	1.18815	1.18928	1.18720	1.18882	647	0	5
2020.12.10	02:00:00	1.18881	1.19043	1.18839	1.19006	1456	0	1
2020.12.10	03:00:00	1.19008	1.19078	1.18846	1.18889	1161	0	3
2020.12.10	04:00:00	1.18889	1.18924	1.18812	1.18867	1431	0	1
2020.12.10	05:00:00	1.18868	1.18872	1.18791	1.18844	1178	0	2
2020.12.10	06:00:00	1.18844	1.18846	1.18808	1.18823	751	0	3
2020.12.10	07:00:00	1.18819	1.18829	1.18764	1.18772	943	0	3
2020.12.10	08:00:00	1.18772	1.18826	1.18673	1.18693	1157	0	3
2020.12.10	09:00:00	1.18694	1.18720	1.18299	1.18373	2231	0	1
2020.12.10	10:00:00	1.18375	1.18535	1.18239	1.18419	2437	0	1
2020.12.10	11:00:00	1.18412	1.18433	1.18271	1.18385	2544	0	1
2020.12.10	12:00:00	1.18383	1.18509	1.18185	1.18279	1869	0	1
2020.12.10	13:00:00	1.18283	1.18289	1.17830	1.17830	2139	0	1
2020.12.10	14:00:00	1.17833	1.18123	1.17778	1.18068	3190	0	1
2020.12.10	15:00:00	1.18070	1.18107	1.17808	1.17829	3662	0	1
2020.12.10	16:00:00	1.17828	1.18034	1.17766	1.17863	3963	0	1
2020.12.10	17:00:00	1.17865	1.17951	1.17723	1.17751	3750	0	1
2020.12.10	18:00:00	1.17750	1.18054	1.17714	1.18006	2909	0	1
2020.12.10	19:00:00	1.18004	1.18213	1.17943	1.18185	2340	0	1
2020.12.10	20:00:00	1.18185	1.18188	1.17801	1.17944	2820	0	1
2020.12.10	21:00:00	1.17943	1.17960	1.17834	1.17887	1934	0	1
2020.12.10	22:00:00	1.17888	1.18017	1.17872	1.17933	1773	0	1
2020.12.10	23:00:00	1.17936	1.17961	1.17803	1.17814	799	0	1
2020.12.11	00:00:00	1.17764	1.17882	1.17608	1.17826	476	0	1
2020.12.11	01:00:00	1.17826	1.17916	1.17778	1.17846	678	0	1
2020.12.11	02:00:00	1.17845	1.17893	1.17758	1.17816	1021	0	2
2020.12.11	03:00:00	1.17816	1.17868	1.17793	1.17817	1780	0	2
2020.12.11	04:00:00	1.17818	1.17968	1.17815	1.17968	1219	0	2
2020.12.11	05:00:00	1.17968	1.17999	1.17938	1.17963	1191	0	1
2020.12.11	06:00:00	1.17965	1.17991	1.17899	1.17899	955	0	3
2020.12.11	07:00:00	1.17899	1.17909	1.17865	1.17885	1043	0	1
2020.12.11	08:00:00	1.17878	1.17999	1.17872	1.17981	954	0	4
2020.12.11	09:00:00	1.17995	1.18112	1.17738	1.17781	2042	0	1
2020.12.11	10:00:00	1.17779	1.17863	1.16992	1.17211	3504	0	1
2020.12.11	11:00:00	1.17209	1.17466	1.17166	1.17286	2887	0	1
2020.12.11	12:00:00	1.17283	1.17518	1.17105	1.17328	2822	0	1
2020.12.11	13:00:00	1.17328	1.17451	1.17135	1.17189	2809	0	1
2020.12.11	14:00:00	1.17183	1.17262	1.17012	1.17075	2513	0	1
2020.12.11	15:00:00	1.17067	1.17294	1.16834	1.17276	3060	0	1
2020.12.11	16:00:00	1.17273	1.17643	1.17233	1.17457	3329	0	1
2020.12.11	17:00:00	1.17454	1.17854	1.17448	1.17724	3400	0	1
2020.12.11	18:00:00	1.17725	1.17832	1.17453	1.17462	2780	0	1
2020.12.11	19:00:00	1.17462	1.17663	1.17403	1.17659	2036	0	1
2020.12.11	20:00:00	1.17659	1.17687	1.17546	1.17635	1595	0	1
2020.12.11	21:00:00	1.17635	1.17662	1.17536	1.17654	1589	0	1
2020.12.11	22:00:00	1.17656	1.17656	1.17539	1.17612	1459	0	1
2020.12.11	23:00:00	1.17612	1.17687	1.17548	1.17685	929	0	1
2020.12.14	00:00:00	1.18613	1.18648	1.18358	1.18368	956	0	2
2020.12.14	01:00:00	1.18368	1.18459	1.18302	1.18320	1164	0	2
2020.12.14	02:00:00	1.18323	1.18419	1.18244	1.18276	1465	0	2
2020.12.14	03:00:00	1.18276	1.18453	1.18204	1.18435	1175	0	1
2020.12.14	04:00:00	1.18435	1.18546	1.18321	1.18509	1272	0	1
2020.12.14	05:00:00	1.18509	1.18531	1.18397	1.18461	883	0	3
2020.12.14	06:00:00	1.18462	1.18491	1.18392	1.18392	651	0	3
2020.12.14	07:00:00	1.18392	1.18417	1.18328	1.18415	900	0	2
2020.12.14	08:00:00	1.18415	1.18625	1.18392	1.18617	1040	0	1
2020.12.14	09:00:00	1.18620	1.18854	1.18574	1.18734	2125	0	1
2020.12.14	10:00:00	1.18740	1.19003	1.18735	1.18862	2879	0	1
2020.12.14	11:00:00	1.18864	1.18924	1.18673	1.18744	2413	0	1
2020.12.14	12:00:00	1.18744	1.19073	1.18687	1.19055	2701	0	1
2020.12.14	13:00:00	1.19052	1.19081	1.18860	1.18870	2220	0	1
2020.12.14	14:00:00	1.18884	1.19035	1.18765	1.18781	2427	0	1
2020.12.14	15:00:00	1.18780	1.18892	1.18603	1.18679	2408	0	1
2020.12.14	16:00:00	1.18682	1.18726	1.18422	1.18535	3241	0	1
2020.12.14	17:00:00	1.18536	1.18579	1.18206	1.18333	3834	0	1
2020.12.14	18:00:00	1.18341	1.18463	1.18140	1.18203	2202	0	1
2020.12.14	19:00:00	1.18206	1.18385	1.18085	1.18155	2176	0	1
2020.12.14	20:00:00	1.18155	1.18221	1.18107	1.18168	1762	0	1
2020.12.14	21:00:00	1.18169	1.18219	1.18142	1.18185	1488	0	1
2020.12.14	22:00:00	1.18188	1.18213	1.18149	1.18192	1275	0	1
2020.12.14	23:00:00	1.18185	1.18206	1.18123	1.18177	709	0	2
2020.12.15	00:00:00	1.18040	1.18237	1.18026	1.18155	495	0	40
2020.12.15	01:00:00	1.18155	1.18206	1.18128	1.18156	1116	0	6
2020.12.15	02:00:00	1.18157	1.18324	1.18145	1.18207	1177	0	4
2020.12.15	03:00:00	1.18210	1.18293	1.18179	1.18234	1478	0	1
2020.12.15	04:00:00	1.18233	1.18277	1.18159	1.18231	1246	0	1
2020.12.15	05:00:00	1.18230	1.18286	1.18224	1.18275	1081	0	3
2020.12.15	06:00:00	1.18271	1.18271	1.18171	1.18193	926	0	3
2020.12.15	07:00:00	1.18194	1.18299	1.18181	1.18289	1295	0	3
2020.12.15	08:00:00	1.18289	1.18432	1.18228	1.18389	1380	0	1
2020.12.15	09:00:00	1.18396	1.18466	1.18173	1.18212	1941	0	1
2020.12.15	10:00:00	1.18215	1.18242	1.17771	1.17949	3134	0	1
2020.12.15	11:00:00	1.17950	1.18069	1.17663	1.17978	2867	0	1
2020.12.15	12:00:00	1.17991	1.18188	1.17912	1.18081	2547	0	1
2020.12.15	13:00:00	1.18082	1.18564	1.18082	1.18475	2671	0	1
2020.12.15	14:00:00	1.18475	1.18732	1.18387	1.18675	2798	0	1
2020.12.15	15:00:00	1.18675	1.18862	1.18590	1.18783	3174	0	1
2020.12.15	16:00:00	1.18786	1.18825	1.18551	1.18630	3186	0	1
2020.12.15	17:00:00	1.18626	1.18814	1.18531	1.18743	3047	0	1
2020.12.15	18:00:00	1.18743	1.19248	1.18652	1.18978	3381	0	1
2020.12.15	19:00:00	1.18982	1.19093	1.18953	1.18971	2162	0	1
2020.12.15	20:00:00	1.18971	1.19118	1.18943	1.18977	2304	0	1
2020.12.15	21:00:00	1.18977	1.18994	1.18774	1.18900	1940	0	1
2020.12.15	22:00:00	1.18891	1.19088	1.18850	1.19058	1794	0	1
2020.12.15	23:00:00	1.19063	1.19217	1.18985	1.19182	1176	0	1
2020.12.16	00:00:00	1.19185	1.19231	1.19093	1.19111	663	0	8
2020.12.16	01:00:00	1.19112	1.19167	1.19015	1.19076	664	0	3
2020.12.16	02:00:00	1.19075	1.19089	1.19020	1.19028	1008	0	1
2020.12.16	03:00:00	1.19028	1.19073	1.19012	1.19072	1196	0	1
2020.12.16	04:00:00	1.19072	1.19134	1.19064	1.19073	832	0	1
2020.12.16	05:00:00	1.19073	1.19103	1.19030	1.19044	870	0	1
2020.12.16	06:00:00	1.19044	1.19228	1.19022	1.19207	926	0	1
2020.12.16	07:00:00	1.19210	1.19261	1.19155	1.19198	1376	0	2
2020.12.16	08:00:00	1.19197	1.19229	1.19104	1.19214	1052	0	2
2020.12.16	09:00:00	1.19206	1.19485	1.19053	1.19457	2180	0	1
2020.12.16	10:00:00	1.19458	1.19556	1.19008	1.19220	3625	0	1
2020.12.16	11:00:00	1.19218	1.19464	1.19146	1.19357	2790	0	1
2020.12.16	12:00:00	1.19355	1.19490	1.19202	1.19271	2384	0	1
2020.12.16	13:00:00	1.19269	1.19658	1.19262	1.19520	2671	0	1
2020.12.16	14:00:00	1.19515	1.19781	1.19369	1.19779	2426	0	1
2020.12.16	15:00:00	1.19774	1.19940	1.19500	1.19795	3219	0	1
2020.12.16	16:00:00	1.19792	1.19904	1.19442	1.19519	3103	0	1
2020.12.16	17:00:00	1.19520	1.19639	1.19306	1.19447	3232	0	1
2020.12.16	18:00:00	1.19451	1.19671	1.19379	1.19654	2698	0	1
2020.12.16	19:00:00	1.19653	1.19680	1.19362	1.19477	1976	0	1
2020.12.16	20:00:00	1.19487	1.19706	1.19426	1.19606	1532	0	1
2020.12.16	21:00:00	1.19586	1.19686	1.19530	1.19607	3518	0	1
2020.12.16	22:00:00	1.19603	1.19604	1.19447	1.19472	2786	0	1
2020.12.16	23:00:00	1.19474	1.19609	1.19461	1.19556	1072	0	1
2020.12.17	00:00:00	1.19503	1.19549	1.19434	1.19499	517	0	20
2020.12.17	01:00:00	1.19499	1.19566	1.19463	1.19552	536	0	1
2020.12.17	02:00:00	1.19546	1.19595	1.19514	1.19588	1212	0	1
2020.12.17	03:00:00	1.19589	1.19730	1.19580	1.19725	1597	0	4
2020.12.17	04:00:00	1.19723	1.19815	1.19688	1.19797	966	0	3
2020.12.17	05:00:00	1.19797	1.19817	1.19662	1.19698	749	0	4
2020.12.17	06:00:00	1.19696	1.19727	1.19640	1.19721	1242	0	1
2020.12.17	07:00:00	1.19721	1.19894	1.19704	1.19888	1041	0	3
2020.12.17	08:00:00	1.19892	1.19915	1.19756	1.19833	1240	0	1
2020.12.17	09:00:00	1.19823	1.19953	1.19783	1.19932	2216	0	1
2020.12.17	10:00:00	1.19934	1.20084	1.19860	1.20001	2563	0	1
2020.12.17	11:00:00	1.20002	1.20060	1.19821	1.19876	2526	0	1
2020.12.17	12:00:00	1.19877	1.20216	1.19824	1.20181	2095	0	1
2020.12.17	13:00:00	1.20181	1.20359	1.20163	1.20325	2176	0	1
2020.12.17	14:00:00	1.20343	1.20402	1.20015	1.20032	2898	0	1
2020.12.17	15:00:00	1.20031	1.20261	1.19997	1.20172	3022	0	1
2020.12.17	16:00:00	1.20177	1.20248	1.20085	1.20243	3022	0	1
2020.12.17	17:00:00	1.20240	1.20253	1.19877	1.20223	3697	0	1
2020.12.17	18:00:00	1.20225	1.20469	1.20164	1.20335	2641	0	1
2020.12.17	19:00:00	1.20326	1.20426	1.20222	1.20341	1802	0	1
2020.12.17	20:00:00	1.20343	1.20483	1.20224	1.20479	1713	0	1
2020.12.17	21:00:00	1.20478	1.20524	1.20093	1.20118	1872	0	1
2020.12.17	22:00:00	1.20119	1.20175	1.19868	1.20022	2014	0	1
2020.12.17	23:00:00	1.20018	1.20094	1.19962	1.20058	962	0	1
2020.12.18	00:00:00	1.19950	1.20142	1.19950	1.20107	542	0	41
2020.12.18	01:00:00	1.20107	1.20151	1.20041	1.20050	671	0	3
2020.12.18	02:00:00	1.20050	1.20093	1.19964	1.19982	1082	0	2
2020.12.18	03:00:00	1.19984	1.20003	1.19844	1.19892	1149	0	2
2020.12.18	04:00:00	1.19891	1.19914	1.19732	1.19742	1084	0	2
2020.12.18	05:00:00	1.19736	1.19767	1.19693	1.19731	774	0	4
2020.12.18	06:00:00	1.19731	1.19752	1.19636	1.19716	889	0	2
2020.12.18	07:00:00	1.19717	1.19736	1.19633	1.19665	1011	0	2
2020.12.18	08:00:00	1.19665	1.19856	1.19659	1.19813	1192	0	2
2020.12.18	09:00:00	1.19813	1.19925	1.19600	1.19630	1787	0	1
2020.12.18	10:00:00	1.19630	1.19955	1.19535	1.19828	2853	0	1
2020.12.18	11:00:00	1.19828	1.19866	1.19391	1.19407	2564	0	1
2020.12.18	12:00:00	1.19406	1.19609	1.19366	1.19421	2170	0	1
2020.12.18	13:00:00	1.19422	1.19549	1.19310	1.19507	2225	0	1
2020.12.18	14:00:00	1.19507	1.19688	1.19435	1.19578	2589	0	1
2020.12.18	15:00:00	1.19581	1.19650	1.19384	1.19582	2971	0	1
2020.12.18	16:00:00	1.19582	1.19736	1.19460	1.19526	3058	0	1
2020.12.18	17:00:00	1.19526	1.19707	1.19363	1.19404	3509	0	1
2020.12.18	18:00:00	1.19406	1.19562	1.19339	1.19437	2668	0	1
2020.12.18	19:00:00	1.19435	1.19540	1.19401	1.19504	1819	0	1
2020.12.18	20:00:00	1.19504	1.19528	1.19447	1.19494	1371	0	1
2020.12.18	21:00:00	1.19494	1.19505	1.19320	1.19372	1585	0	3
2020.12.18	22:00:00	1.19372	1.19424	1.19219	1.19286	1600	0	3
2020.12.18	23:00:00	1.19290	1.19315	1.19092	1.19210	831	0	1
2020.12.21	00:00:00	1.18646	1.18939	1.18584	1.18871	406	0	63
2020.12.21	01:00:00	1.18871	1.18873	1.18623	1.18706	1278	0	1
2020.12.21	02:00:00	1.18703	1.18801	1.18626	1.18644	1581	0	1
2020.12.21	03:00:00	1.18644	1.18657	1.18322	1.18444	1702	0	1
2020.12.21	04:00:00	1.18444	1.18460	1.18250	1.18259	1934	0	3
2020.12.21	05:00:00	1.18264	1.18435	1.18201	1.18396	1338	0	4
2020.12.21	06:00:00	1.18394	1.18536	1.18342	1.18468	1150	0	1
2020.12.21	07:00:00	1.18468	1.18483	1.18356	1.18472	1377	0	2
2020.12.21	08:00:00	1.18475	1.18496	1.18312	1.18424	1617	0	1
2020.12.21	09:00:00	1.18433	1.18433	1.17868	1.18018	3315	0	1
2020.12.21	10:00:00	1.18025	1.18052	1.17387	1.17446	3949	0	1
2020.12.21	11:00:00	1.17446	1.17551	1.17339	1.17452	3306	0	1
2020.12.21	12:00:00	1.17455	1.17927	1.17358	1.17873	4492	0	1
2020.12.21	13:00:00	1.17873	1.17974	1.17674	1.17928	3751	0	1
2020.12.21	14:00:00	1.17928	1.18024	1.17778	1.17940	3468	0	1
2020.12.21	15:00:00	1.17939	1.18151	1.17892	1.18143	3574	0	1
2020.12.21	16:00:00	1.18140	1.18180	1.17953	1.18090	3534	0	1
2020.12.21	17:00:00	1.18090	1.18251	1.17953	1.18177	3792	0	1
2020.12.21	18:00:00	1.18178	1.18388	1.18104	1.18287	3024	0	1
2020.12.21	19:00:00	1.18287	1.18366	1.18100	1.18261	2776	0	1
2020.12.21	20:00:00	1.18261	1.18378	1.18257	1.18313	2319	0	1
2020.12.21	21:00:00	1.18314	1.19464	1.18284	1.19074	2941	0	1
2020.12.21	22:00:00	1.19078	1.19289	1.19022	1.19111	2302	0	2
2020.12.21	23:00:00	1.19114	1.19277	1.18946	1.19211	1032	0	2
2020.12.22	00:00:00	1.19249	1.19283	1.19129	1.19195	349	0	24
2020.12.22	01:00:00	1.19195	1.19252	1.19060	1.19086	786	0	6
2020.12.22	02:00:00	1.19089	1.19164	1.18862	1.18907	1479	0	3
2020.12.22	03:00:00	1.18913	1.18951	1.18831	1.18857	1702	0	3
2020.12.22	04:00:00	1.18859	1.18933	1.18822	1.18916	1498	0	4
2020.12.22	05:00:00	1.18916	1.18931	1.18833	1.18852	1247	0	4
2020.12.22	06:00:00	1.18854	1.18879	1.18661	1.18690	1114	0	2
2020.12.22	07:00:00	1.18691	1.18784	1.18670	1.18743	1231	0	5
2020.12.22	08:00:00	1.18747	1.18965	1.18710	1.18824	1701	0	3
2020.12.22	09:00:00	1.18855	1.19218	1.18816	1.19126	2595	0	1
2020.12.22	10:00:00	1.19124	1.19372	1.19078	1.19125	3268	0	1
2020.12.22	11:00:00	1.19127	1.19272	1.18921	1.18946	2996	0	1
2020.12.22	12:00:00	1.18949	1.19084	1.18467	1.18996	3294	0	1
2020.12.22	13:00:00	1.18986	1.19013	1.18633	1.18709	2692	0	1
2020.12.22	14:00:00	1.18711	1.18909	1.18642	1.18771	2648	0	1
2020.12.22	15:00:00	1.18771	1.18946	1.18613	1.18695	2581	0	2
2020.12.22	16:00:00	1.18695	1.18726	1.18400	1.18487	3306	0	1
2020.12.22	17:00:00	1.18486	1.18599	1.18321	1.18447	3717	0	1
2020.12.22	18:00:00	1.18454	1.18704	1.18350	1.18647	3833	0	1
2020.12.22	19:00:00	1.18649	1.18842	1.18631	1.18748	2416	0	1
2020.12.22	20:00:00	1.18753	1.18863	1.18725	1.18771	1747	0	1
2020.12.22	21:00:00	1.18766	1.18873	1.18738	1.18859	1587	0	1
2020.12.22	22:00:00	1.18862	1.18929	1.18763	1.18914	1653	0	1
2020.12.22	23:00:00	1.18921	1.18967	1.18824	1.18907	977	0	2
2020.12.23	00:00:00	1.18784	1.18886	1.18650	1.18824	409	0	31
2020.12.23	01:00:00	1.18824	1.18987	1.18809	1.18977	1053	0	3
2020.12.23	02:00:00	1.18974	1.19022	1.18901	1.18933	1663	0	2
2020.12.23	03:00:00	1.18935	1.19023	1.18903	1.18917	1986	0	3
2020.12.23	04:00:00	1.18916	1.18987	1.18903	1.18954	1935	0	3
2020.12.23	05:00:00	1.18956	1.19031	1.18894	1.18985	1835	0	5
2020.12.23	06:00:00	1.18985	1.19058	1.18937	1.18978	1563	0	5
2020.12.23	07:00:00	1.18980	1.19017	1.18945	1.18986	1032	0	2
2020.12.23	08:00:00	1.18984	1.19191	1.18983	1.19177	1082	0	5
2020.12.23	09:00:00	1.19174	1.19345	1.19174	1.19333	2383	0	1
2020.12.23	10:00:00	1.19333	1.19427	1.19146	1.19267	2746	0	1
2020.12.23	11:00:00	1.19272	1.19435	1.19175	1.19316	2530	0	1
2020.12.23	12:00:00	1.19317	1.19553	1.19287	1.19517	2468	0	1
2020.12.23	13:00:00	1.19517	1.19536	1.19367	1.19416	2197	0	1
2020.12.23	14:00:00	1.19421	1.19542	1.19334	1.19520	2142	0	1
2020.12.23	15:00:00	1.19518	1.19976	1.19351	1.19887	3178	0	1
2020.12.23	16:00:00	1.19885	1.20426	1.19836	1.20104	4377	0	1
2020.12.23	17:00:00	1.20121	1.20426	1.19969	1.20263	4243	0	1
2020.12.23	18:00:00	1.20267	1.20409	1.19756	1.19990	3396	0	1
2020.12.23	19:00:00	1.19992	1.20078	1.19633	1.19762	2574	0	1
2020.12.23	20:00:00	1.19763	1.20093	1.19752	1.20064	1973	0	1
2020.12.23	21:00:00	1.20064	1.20083	1.19814	1.19814	1758	0	1
2020.12.23	22:00:00	1.19816	1.19946	1.19784	1.19897	1773	0	1
2020.12.23	23:00:00	1.19894	1.20045	1.19757	1.19908	1202	0	1
2020.12.24	00:00:00	1.19825	1.20061	1.19750	1.19903	355	0	23
2020.12.24	01:00:00	1.19903	1.20013	1.19880	1.19954	586	0	6
2020.12.24	02:00:00	1.19953	1.20062	1.19848	1.20042	1170	0	8
2020.12.24	03:00:00	1.20041	1.20205	1.19982	1.20090	1887	0	3
2020.12.24	04:00:00	1.20090	1.20282	1.20087	1.20253	1793	0	2
2020.12.24	05:00:00	1.20253	1.20318	1.20184	1.20234	1795	0	1
2020.12.24	06:00:00	1.20226	1.20283	1.20179	1.20267	1583	0	1
2020.12.24	07:00:00	1.20266	1.20339	1.20243	1.20314	952	0	4
2020.12.24	08:00:00	1.20312	1.20407	1.20263	1.20374	1191	0	4
2020.12.24	09:00:00	1.20362	1.20594	1.20335	1.20410	1761	0	1
2020.12.24	10:00:00	1.20409	1.20768	1.20357	1.20703	2396	0	1
2020.12.24	11:00:00	1.20703	1.20960	1.20633	1.20863	2117	0	1
2020.12.24	12:00:00	1.20863	1.21011	1.20795	1.20845	2086	0	1
2020.12.24	13:00:00	1.20845	1.20957	1.20715	1.20737	1697	0	1
2020.12.24	14:00:00	1.20737	1.20901	1.20535	1.20874	1983	0	2
2020.12.24	15:00:00	1.20873	1.21025	1.20788	1.21001	1662	0	1
2020.12.24	16:00:00	1.20997	1.21228	1.20951	1.21018	2559	0	1
2020.12.24	17:00:00	1.21022	1.21023	1.20528	1.20618	2617	0	1
2020.12.24	18:00:00	1.20618	1.20839	1.20564	1.20796	1779	0	1
2020.12.24	19:00:00	1.20796	1.20799	1.20644	1.20705	1398	0	2
2020.12.24	20:00:00	1.20700	1.20735	1.20496	1.20632	1084	0	3
2020.12.24	21:00:00	1.20632	1.20684	1.20600	1.20623	582	0	10
2020.12.24	22:00:00	1.20623	1.20671	1.20595	1.20647	530	0	17
2020.12.24	23:00:00	1.20629	1.20760	1.20576	1.20647	274	0	47
2020.12.25	00:00:00	1.20831	1.20862	1.20831	1.20832	10	0	201
2020.12.25	01:00:00	1.20617	1.20660	1.20617	1.20659	6	0	231
2020.12.25	02:00:00	1.20659	1.20861	1.20641	1.20789	57	0	129
2020.12.25	03:00:00	1.20777	1.20819	1.20541	1.20691	40	0	110
2020.12.25	04:00:00	1.20691	1.20767	1.20656	1.20742	39	0	61
2020.12.25	05:00:00	1.20742	1.20841	1.20717	1.20735	63	0	46
2020.12.25	06:00:00	1.20811	1.20873	1.20671	1.20784	54	0	70
2020.12.25	07:00:00	1.20784	1.20907	1.20766	1.20766	50	0	131
2020.12.25	08:00:00	1.20766	1.20991	1.20766	1.20795	48	0	101
2020.12.28	00:00:00	1.20429	1.20638	1.20293	1.20509	295	0	18
2020.12.28	01:00:00	1.20509	1.20751	1.20508	1.20716	911	0	5
2020.12.28	02:00:00	1.20717	1.20752	1.20439	1.20478	1651	0	4
2020.12.28	03:00:00	1.20473	1.20610	1.20445	1.20547	1385	0	1
2020.12.28	04:00:00	1.20546	1.20669	1.20544	1.20651	954	0	6
2020.12.28	05:00:00	1.20651	1.20762	1.20633	1.20715	930	0	7
2020.12.28	06:00:00	1.20715	1.20721	1.20610	1.20707	733	0	7
2020.12.28	07:00:00	1.20709	1.20736	1.20682	1.20686	836	0	6
2020.12.28	08:00:00	1.20694	1.20721	1.20571	1.20623	1298	0	2
2020.12.28	09:00:00	1.20621	1.20734	1.20580	1.20626	1518	0	1
2020.12.28	10:00:00	1.20625	1.20711	1.20466	1.20516	2081	0	2
2020.12.28	11:00:00	1.20517	1.20642	1.20442	1.20459	2018	0	1
2020.12.28	12:00:00	1.20450	1.20451	1.20114	1.20199	2933	0	1
2020.12.28	13:00:00	1.20203	1.20311	1.20083	1.20301	2456	0	1
2020.12.28	14:00:00	1.20295	1.20303	1.20017	1.20168	2242	0	3
2020.12.28	15:00:00	1.20166	1.20221	1.19892	1.20167	2560	0	1
2020.12.28	16:00:00	1.20165	1.20184	1.20024	1.20039	2577	0	1
2020.12.28	17:00:00	1.20035	1.20041	1.19477	1.19622	2924	0	1
2020.12.28	18:00:00	1.19628	1.19700	1.19511	1.19636	2340	0	1
2020.12.28	19:00:00	1.19643	1.19737	1.19515	1.19727	2253	0	1
2020.12.28	20:00:00	1.19726	1.19795	1.19639	1.19718	1536	0	2
2020.12.28	21:00:00	1.19718	1.19745	1.19613	1.19616	1405	0	3
2020.12.28	22:00:00	1.19621	1.19675	1.19478	1.19491	1393	0	1
2020.12.28	23:00:00	1.19491	1.19584	1.19447	1.19564	814	0	1
2020.12.29	00:00:00	1.19510	1.19635	1.19400	1.19572	904	0	23
2020.12.29	01:00:00	1.19572	1.19630	1.19525	1.19613	733	0	7
2020.12.29	02:00:00	1.19613	1.19682	1.19519	1.19619	1466	0	2
2020.12.29	03:00:00	1.19612	1.19774	1.19599	1.19737	1117	0	5
2020.12.29	04:00:00	1.19737	1.19738	1.19554	1.19649	1722	0	1
2020.12.29	05:00:00	1.19648	1.19700	1.19607	1.19657	1591	0	2
2020.12.29	06:00:00	1.19659	1.19697	1.19622	1.19657	1163	0	2
2020.12.29	07:00:00	1.19655	1.19673	1.19564	1.19646	1336	0	5
2020.12.29	08:00:00	1.19646	1.19664	1.19453	1.19518	1284	0	1
2020.12.29	09:00:00	1.19529	1.19829	1.19485	1.19718	1805	0	1
2020.12.29	10:00:00	1.19715	1.19829	1.19647	1.19700	2378	0	1
2020.12.29	11:00:00	1.19704	1.19789	1.19210	1.19289	2443	0	1
2020.12.29	12:00:00	1.19300	1.19510	1.19299	1.19488	2249	0	2
2020.12.29	13:00:00	1.19487	1.19928	1.19465	1.19767	2493	0	1
2020.12.29	14:00:00	1.19763	1.19859	1.19552	1.19564	2290	0	1
2020.12.29	15:00:00	1.19562	1.19579	1.19405	1.19576	2293	0	1
2020.12.29	16:00:00	1.19574	1.19670	1.19211	1.19334	2983	0	1
2020.12.29	17:00:00	1.19337	1.19491	1.19269	1.19385	3582	0	1
2020.12.29	18:00:00	1.19377	1.19518	1.19318	1.19405	2808	0	1
2020.12.29	19:00:00	1.19408	1.19415	1.19215	1.19316	2209	0	1
2020.12.29	20:00:00	1.19316	1.19364	1.19278	1.19364	1899	0	1
2020.12.29	21:00:00	1.19370	1.19420	1.19275	1.19396	1721	0	2
2020.12.29	22:00:00	1.19392	1.19491	1.19352	1.19373	1695	0	1
2020.12.29	23:00:00	1.19371	1.19481	1.19316	1.19366	914	0	1
2020.12.30	00:00:00	1.19305	1.19388	1.19197	1.19350	306	0	41
2020.12.30	01:00:00	1.19350	1.19378	1.19268	1.19332	992	0	4
2020.12.30	02:00:00	1.19331	1.19391	1.19290	1.19368	1577	0	2
2020.12.30	03:00:00	1.19366	1.19461	1.19314	1.19458	2455	0	3
2020.12.30	04:00:00	1.19456	1.19566	1.19397	1.19564	1770	0	2
2020.12.30	05:00:00	1.19564	1.19571	1.19447	1.19473	1638	0	1
2020.12.30	06:00:00	1.19481	1.19483	1.19376	1.19443	1120	0	3
2020.12.30	07:00:00	1.19445	1.19542	1.19440	1.19466	2022	0	2
2020.12.30	08:00:00	1.19469	1.19518	1.19345	1.19486	1934	0	2
2020.12.30	09:00:00	1.19483	1.19597	1.19476	1.19547	2143	0	2
2020.12.30	10:00:00	1.19554	1.19956	1.19549	1.19935	3016	0	1
2020.12.30	11:00:00	1.19938	1.20164	1.19903	1.20119	2742	0	1
2020.12.30	12:00:00	1.20121	1.20241	1.19954	1.20226	2422	0	1
2020.12.30	13:00:00	1.20226	1.20470	1.20225	1.20398	2260	0	1
2020.12.30	14:00:00	1.20395	1.20440	1.20100	1.20139	2327	0	1
2020.12.30	15:00:00	1.20138	1.20248	1.19998	1.20055	2615	0	1
2020.12.30	16:00:00	1.20058	1.20118	1.19884	1.20089	3654	0	1
2020.12.30	17:00:00	1.20095	1.20246	1.19912	1.20126	3704	0	1
2020.12.30	18:00:00	1.20127	1.20178	1.20028	1.20152	2869	0	1
2020.12.30	19:00:00	1.20152	1.20204	1.20055	1.20062	1864	0	1
2020.12.30	20:00:00	1.20063	1.20207	1.20063	1.20138	1466	0	3
2020.12.30	21:00:00	1.20137	1.20200	1.20073	1.20089	1492	0	2
2020.12.30	22:00:00	1.20082	1.20167	1.20064	1.20116	1452	0	1
2020.12.30	23:00:00	1.20109	1.20111	1.20046	1.20095	790	0	1
2020.12.31	00:00:00	1.19970	1.20076	1.19924	1.19992	384	0	10
2020.12.31	01:00:00	1.19992	1.20169	1.19991	1.20157	547	0	7
2020.12.31	02:00:00	1.20157	1.20265	1.20134	1.20215	993	0	4
2020.12.31	03:00:00	1.20214	1.20280	1.20173	1.20226	1317	0	2
2020.12.31	04:00:00	1.20224	1.20238	1.19990	1.20063	1546	0	2
2020.12.31	05:00:00	1.20062	1.20118	1.20040	1.20096	1610	0	4
2020.12.31	06:00:00	1.20093	1.20137	1.20068	1.20100	1059	0	5
2020.12.31	07:00:00	1.20100	1.20169	1.20085	1.20164	1046	0	2
2020.12.31	08:00:00	1.20164	1.20252	1.20161	1.20173	1423	0	2
2020.12.31	09:00:00	1.20163	1.20257	1.20112	1.20249	2367	0	1
2020.12.31	10:00:00	1.20254	1.20419	1.20234	1.20357	2859	0	1
2020.12.31	11:00:00	1.20357	1.20449	1.20235	1.20375	2532	0	1
2020.12.31	12:00:00	1.20375	1.20589	1.20297	1.20476	2662	0	1
2020.12.31	13:00:00	1.20475	1.20475	1.20082	1.20202	2459	0	1
2020.12.31	14:00:00	1.20203	1.20457	1.20172	1.20267	2431	0	1
2020.12.31	15:00:00	1.20272	1.20338	1.19909	1.20080	2508	0	1
2020.12.31	16:00:00	1.20079	1.20310	1.20049	1.20259	2532	0	1
2020.12.31	17:00:00	1.20269	1.20875	1.20253	1.20833	3680	0	1
2020.12.31	18:00:00	1.20829	1.20905	1.20688	1.20822	3580	0	1
2020.12.31	19:00:00	1.20815	1.20929	1.20718	1.20823	2228	0	1
2020.12.31	20:00:00	1.20826	1.20970	1.20814	1.20952	1301	0	3
2020.12.31	21:00:00	1.20955	1.21080	1.20917	1.21075	1442	0	1
2020.12.31	22:00:00	1.21069	1.21069	1.20922	1.21069	1214	0	1
2020.12.31	23:00:00	1.21070	1.21077	1.20872	1.20891	915	0	1
2021.01.04	00:00:00	1.20426	1.20728	1.20426	1.20723	295	0	35
2021.01.04	01:00:00	1.20723	1.20849	1.20669	1.20819	1251	0	4
2021.01.04	02:00:00	1.20823	1.20884	1.20727	1.20825	1772	0	3
2021.01.04	03:00:00	1.20825	1.20990	1.20810	1.20892	1963	0	4
2021.01.04	04:00:00	1.20892	1.21007	1.20884	1.20973	1598	0	4
2021.01.04	05:00:00	1.20973	1.21078	1.20969	1.21025	1200	0	4
2021.01.04	06:00:00	1.21026	1.21093	1.20928	1.20949	1003	0	4
2021.01.04	07:00:00	1.20952	1.20976	1.20877	1.20909	1167	0	6
2021.01.04	08:00:00	1.20909	1.20957	1.20823	1.20852	1506	0	2
2021.01.04	09:00:00	1.20873	1.20989	1.20817	1.20847	2215	0	1
2021.01.04	10:00:00	1.20844	1.20875	1.20408	1.20540	3142	0	1
2021.01.04	11:00:00	1.20537	1.20571	1.20220	1.20293	2956	0	1
2021.01.04	12:00:00	1.20282	1.20481	1.20266	1.20446	2310	0	1
2021.01.04	13:00:00	1.20446	1.20534	1.20223	1.20274	2357	0	1
2021.01.04	14:00:00	1.20273	1.20283	1.19951	1.19951	2814	0	1
2021.01.04	15:00:00	1.19951	1.20056	1.19724	1.19838	3255	0	1
2021.01.04	16:00:00	1.19836	1.19967	1.19745	1.19844	3556	0	1
2021.01.04	17:00:00	1.19840	1.19840	1.19384	1.19432	4101	0	1
2021.01.04	18:00:00	1.19432	1.19675	1.19388	1.19403	3605	0	1
2021.01.04	19:00:00	1.19403	1.19608	1.19312	1.19571	3353	0	1
2021.01.04	20:00:00	1.19565	1.19582	1.19453	1.19502	2487	0	1
2021.01.04	21:00:00	1.19502	1.19518	1.19424	1.19469	2268	0	1
2021.01.04	22:00:00	1.19469	1.19551	1.19412	1.19540	1986	0	1
2021.01.04	23:00:00	1.19539	1.19672	1.19454	1.19483	1193	0	1
2021.01.05	00:00:00	1.19556	1.19651	1.19472	1.19583	355	0	21
2021.01.05	01:00:00	1.19583	1.19636	1.19518	1.19593	1263	0	2
2021.01.05	02:00:00	1.19592	1.19651	1.19562	1.19604	1536	0	3
2021.01.05	03:00:00	1.19604	1.19680	1.19574	1.19603	1827	0	3
2021.01.05	04:00:00	1.19604	1.19678	1.19581	1.19619	1477	0	2
2021.01.05	05:00:00	1.19628	1.19664	1.19535	1.19553	1652	0	2
2021.01.05	06:00:00	1.19557	1.19649	1.19543	1.19613	1659	0	2
2021.01.05	07:00:00	1.19610	1.19725	1.19609	1.19703	1500	0	2
2021.01.05	08:00:00	1.19704	1.19805	1.19661	1.19797	1732	0	3
2021.01.05	09:00:00	1.19804	1.19812	1.19481	1.19543	2553	0	1
2021.01.05	10:00:00	1.19539	1.19649	1.19217	1.19249	3461	0	1
2021.01.05	11:00:00	1.19252	1.19556	1.19224	1.19449	2670	0	1
2021.01.05	12:00:00	1.19449	1.19710	1.19402	1.19636	2534	0	1
2021.01.05	13:00:00	1.19636	1.19767	1.19536	1.19539	2526	0	1
2021.01.05	14:00:00	1.19531	1.19569	1.19391	1.19541	3018	0	1
2021.01.05	15:00:00	1.19533	1.19634	1.19345	1.19448	3125	0	1
2021.01.05	16:00:00	1.19449	1.19718	1.19399	1.19690	3473	0	1
2021.01.05	17:00:00	1.19704	1.19760	1.19473	1.19560	4128	0	1
2021.01.05	18:00:00	1.19560	1.19744	1.19516	1.19623	3405	0	1
2021.01.05	19:00:00	1.19626	1.19799	1.19626	1.19692	2789	0	1
2021.01.05	20:00:00	1.19693	1.19693	1.19527	1.19682	2066	0	1
2021.01.05	21:00:00	1.19682	1.19727	1.19597	1.19638	1941	0	2
2021.01.05	22:00:00	1.19641	1.19765	1.19635	1.19728	1727	0	1
2021.01.05	23:00:00	1.19731	1.19731	1.19665	1.19672	804	0	1
2021.01.06	00:00:00	1.19618	1.19655	1.19572	1.19644	248	0	43
2021.01.06	01:00:00	1.19644	1.19693	1.19591	1.19676	1177	0	5
2021.01.06	02:00:00	1.19673	1.19755	1.19634	1.19673	2511	0	2
2021.01.06	03:00:00	1.19679	1.19750	1.19592	1.19608	3189	0	2
2021.01.06	04:00:00	1.19609	1.19652	1.19570	1.19589	2040	0	3
2021.01.06	05:00:00	1.19589	1.19601	1.19542	1.19553	1907	0	4
2021.01.06	06:00:00	1.19551	1.19603	1.19546	1.19584	1988	0	3
2021.01.06	07:00:00	1.19584	1.19632	1.19500	1.19613	1518	0	2
2021.01.06	08:00:00	1.19613	1.19650	1.19534	1.19606	2100	0	1
2021.01.06	09:00:00	1.19604	1.19789	1.19604	1.19672	3263	0	1
2021.01.06	10:00:00	1.19671	1.19750	1.19449	1.19499	3486	0	1
2021.01.06	11:00:00	1.19499	1.19653	1.19493	1.19630	3050	0	1
2021.01.06	12:00:00	1.19628	1.19796	1.19608	1.19676	3079	0	1
2021.01.06	13:00:00	1.19673	1.19768	1.19582	1.19589	2816	0	1
2021.01.06	14:00:00	1.19587	1.19602	1.19302	1.19378	3486	0	1
2021.01.06	15:00:00	1.19379	1.19482	1.19250	1.19268	3458	0	1
2021.01.06	16:00:00	1.19256	1.19479	1.19173	1.19419	4446	0	1
2021.01.06	17:00:00	1.19417	1.19516	1.19318	1.19400	4045	0	1
2021.01.06	18:00:00	1.19402	1.19810	1.19378	1.19747	3829	0	1
2021.01.06	19:00:00	1.19748	1.19866	1.19732	1.19844	2725	0	1
2021.01.06	20:00:00	1.19844	1.19879	1.19771	1.19819	2450	0	1
2021.01.06	21:00:00	1.19809	1.19826	1.19616	1.19637	3164	0	1
2021.01.06	22:00:00	1.19638	1.19701	1.19572	1.19582	3444	0	1
2021.01.06	23:00:00	1.19581	1.19631	1.19531	1.19532	1252	0	1
2021.01.07	00:00:00	1.19504	1.19635	1.19466	1.19565	724	0	27
2021.01.07	01:00:00	1.19565	1.19656	1.19523	1.19628	996	0	2
2021.01.07	02:00:00	1.19628	1.19696	1.19585	1.19656	1738	0	2
2021.01.07	03:00:00	1.19661	1.19693	1.19622	1.19666	1985	0	1
2021.01.07	04:00:00	1.19671	1.19678	1.19342	1.19420	1913	0	1
2021.01.07	05:00:00	1.19422	1.19511	1.19395	1.19489	1088	0	4
2021.01.07	06:00:00	1.19488	1.19561	1.19476	1.19478	860	0	1
2021.01.07	07:00:00	1.19476	1.19512	1.19433	1.19459	1364	0	1
2021.01.07	08:00:00	1.19455	1.19514	1.19406	1.19439	1563	0	3
2021.01.07	09:00:00	1.19430	1.19508	1.19349	1.19501	2471	0	1
2021.01.07	10:00:00	1.19506	1.20041	1.19489	1.19957	3567	0	1
2021.01.07	11:00:00	1.19962	1.20144	1.19901	1.20057	3477	0	1
2021.01.07	12:00:00	1.20063	1.20142	1.19905	1.19990	3190	0	1
2021.01.07	13:00:00	1.19990	1.20083	1.19876	1.19901	2858	0	1
2021.01.07	14:00:00	1.19907	1.20194	1.19832	1.20181	2827	0	1
2021.01.07	15:00:00	1.20181	1.20196	1.19913	1.19939	2950	0	1
2021.01.07	16:00:00	1.19940	1.20078	1.19924	1.20037	3810	0	1
2021.01.07	17:00:00	1.20062	1.20171	1.19840	1.19973	4135	0	1
2021.01.07	18:00:00	1.19970	1.19994	1.19697	1.19811	3155	0	1
2021.01.07	19:00:00	1.19809	1.19925	1.19757	1.19874	2275	0	2
2021.01.07	20:00:00	1.19870	1.20060	1.19869	1.20060	2050	0	1
2021.01.07	21:00:00	1.20057	1.20119	1.20027	1.20109	1766	0	1
2021.01.07	22:00:00	1.20111	1.20122	1.19982	1.20086	1754	0	1
2021.01.07	23:00:00	1.20089	1.20148	1.20044	1.20074	1148	0	2
2021.01.08	00:00:00	1.19966	1.20063	1.19896	1.20047	236	0	21
2021.01.08	01:00:00	1.20047	1.20125	1.20038	1.20108	804	0	2
2021.01.08	02:00:00	1.20111	1.20141	1.20040	1.20126	1299	0	1
2021.01.08	03:00:00	1.20126	1.20170	1.20066	1.20125	2249	0	1
2021.01.08	04:00:00	1.20131	1.20166	1.20073	1.20104	1328	0	2
2021.01.08	05:00:00	1.20102	1.20142	1.20056	1.20095	1204	0	2
2021.01.08	06:00:00	1.20095	1.20110	1.20049	1.20071	1031	0	2
2021.01.08	07:00:00	1.20073	1.20164	1.20071	1.20098	1185	0	3
2021.01.08	08:00:00	1.20098	1.20204	1.20080	1.20178	1348	0	1
2021.01.08	09:00:00	1.20176	1.20428	1.20172	1.20380	2417	0	1
2021.01.08	10:00:00	1.20381	1.20555	1.20341	1.20503	3864	0	1
2021.01.08	11:00:00	1.20503	1.20579	1.20394	1.20478	2986	0	1
2021.01.08	12:00:00	1.20479	1.20538	1.20312	1.20344	2259	0	1
2021.01.08	13:00:00	1.20347	1.20381	1.20168	1.20171	2278	0	1
2021.01.08	14:00:00	1.20171	1.20296	1.20123	1.20222	2510	0	1
2021.01.08	15:00:00	1.20224	1.20246	1.20019	1.20228	3599	0	1
2021.01.08	16:00:00	1.20228	1.20347	1.20165	1.20182	4164	0	1
2021.01.08	17:00:00	1.20177	1.20255	1.19988	1.20024	4192	0	1
2021.01.08	18:00:00	1.20022	1.20130	1.19931	1.20127	3861	0	1
2021.01.08	19:00:00	1.20127	1.20320	1.20100	1.20307	2782	0	1
2021.01.08	20:00:00	1.20309	1.20371	1.20191	1.20287	3006	0	1
2021.01.08	21:00:00	1.20286	1.20330	1.20201	1.20217	2220	0	2
2021.01.08	22:00:00	1.20216	1.20231	1.20045	1.20060	1734	0	2
2021.01.08	23:00:00	1.20061	1.20127	1.19996	1.20044	985	0	3
2021.01.11	00:00:00	1.20054	1.20134	1.19774	1.20064	326	0	79
2021.01.11	01:00:00	1.20064	1.20137	1.19928	1.19984	1484	0	1
2021.01.11	02:00:00	1.19985	1.20055	1.19975	1.20049	1643	0	2
2021.01.11	03:00:00	1.20046	1.20083	1.20014	1.20034	1697	0	2
2021.01.11	04:00:00	1.20033	1.20078	1.19977	1.20068	1668	0	1
2021.01.11	05:00:00	1.20067	1.20078	1.19977	1.20011	1052	0	1
2021.01.11	06:00:00	1.20009	1.20039	1.19924	1.19943	942	0	2
2021.01.11	07:00:00	1.19943	1.19962	1.19894	1.19915	1058	0	4
2021.01.11	08:00:00	1.19915	1.19974	1.19855	1.19911	1344	0	1
2021.01.11	09:00:00	1.19912	1.19946	1.19768	1.19795	2554	0	1
2021.01.11	10:00:00	1.19796	1.19895	1.19688	1.19862	3100	0	1
2021.01.11	11:00:00	1.19863	1.20073	1.19815	1.20036	2849	0	1
2021.01.11	12:00:00	1.20033	1.20240	1.19988	1.20123	2626	0	1
2021.01.11	13:00:00	1.20120	1.20175	1.20006	1.20025	2317	0	1
2021.01.11	14:00:00	1.20028	1.20128	1.19904	1.20121	2653	0	1
2021.01.11	15:00:00	1.20116	1.20150	1.19943	1.20054	3057	0	1
2021.01.11	16:00:00	1.20054	1.20121	1.19911	1.19974	4145	0	1
2021.01.11	17:00:00	1.19974	1.20260	1.19949	1.20221	3639	0	1
2021.01.11	18:00:00	1.20220	1.20327	1.20098	1.20299	3272	0	1
2021.01.11	19:00:00	1.20297	1.20323	1.20207	1.20271	2191	0	1
2021.01.11	20:00:00	1.20271	1.20296	1.20190	1.20226	1502	0	2
2021.01.11	21:00:00	1.20227	1.20318	1.20223	1.20310	1528	0	1
2021.01.11	22:00:00	1.20307	1.20370	1.20248	1.20332	1563	0	1
2021.01.11	23:00:00	1.20332	1.20354	1.20281	1.20302	746	0	2
2021.01.12	00:00:00	1.20284	1.20322	1.20218	1.20261	423	0	14
2021.01.12	01:00:00	1.20261	1.20360	1.20245	1.20307	859	0	1
2021.01.12	02:00:00	1.20314	1.20365	1.20303	1.20336	1417	0	3
2021.01.12	03:00:00	1.20335	1.20503	1.20332	1.20460	1696	0	1
2021.01.12	04:00:00	1.20460	1.20506	1.20427	1.20491	1289	0	3
2021.01.12	05:00:00	1.20494	1.20527	1.20486	1.20495	923	0	5
2021.01.12	06:00:00	1.20495	1.20553	1.20479	1.20544	891	0	4
2021.01.12	07:00:00	1.20544	1.20637	1.20523	1.20626	1116	0	1
2021.01.12	08:00:00	1.20626	1.20710	1.20578	1.20681	1388	0	1
2021.01.12	09:00:00	1.20678	1.20732	1.20571	1.20607	2206	0	1
2021.01.12	10:00:00	1.20608	1.20716	1.20546	1.20698	2622	0	1
2021.01.12	11:00:00	1.20697	1.21054	1.20637	1.21046	3333	0	1
2021.01.12	12:00:00	1.21047	1.21096	1.20851	1.20857	2736	0	1
2021.01.12	13:00:00	1.20851	1.21005	1.20828	1.20894	2449	0	1
2021.01.12	14:00:00	1.20894	1.21082	1.20885	1.20971	2599	0	1
2021.01.12	15:00:00	1.20969	1.21023	1.20845	1.20941	2969	0	1
2021.01.12	16:00:00	1.20951	1.21075	1.20939	1.21026	3341	0	1
2021.01.12	17:00:00	1.21030	1.21242	1.20899	1.21130	3478	0	1
2021.01.12	18:00:00	1.21130	1.21314	1.21118	1.21265	2675	0	1
2021.01.12	19:00:00	1.21267	1.21271	1.21098	1.21119	2490	0	1
2021.01.12	20:00:00	1.21123	1.21142	1.21021	1.21084	2276	0	1
2021.01.12	21:00:00	1.21085	1.21192	1.21021	1.21187	2243	0	1
2021.01.12	22:00:00	1.21187	1.21190	1.21090	1.21112	1746	0	1
2021.01.12	23:00:00	1.21108	1.21170	1.21093	1.21119	878	0	1
2021.01.13	00:00:00	1.21102	1.21175	1.21079	1.21133	453	0	11
2021.01.13	01:00:00	1.21133	1.21146	1.21091	1.21102	525	0	4
2021.01.13	02:00:00	1.21102	1.21193	1.21093	1.21140	1129	0	4
2021.01.13	03:00:00	1.21140	1.21196	1.21106	1.21172	1458	0	2
2021.01.13	04:00:00	1.21172	1.21210	1.21146	1.21183	1051	0	3
2021.01.13	05:00:00	1.21183	1.21268	1.21178	1.21234	897	0	3
2021.01.13	06:00:00	1.21234	1.21256	1.21205	1.21210	997	0	2
2021.01.13	07:00:00	1.21210	1.21224	1.21173	1.21191	811	0	1
2021.01.13	08:00:00	1.21191	1.21192	1.21082	1.21125	980	0	3
2021.01.13	09:00:00	1.21120	1.21324	1.21094	1.21291	2134	0	1
2021.01.13	10:00:00	1.21294	1.21402	1.21189	1.21400	3084	0	1
2021.01.13	11:00:00	1.21397	1.21646	1.21341	1.21467	2935	0	1
2021.01.13	12:00:00	1.21464	1.21517	1.21357	1.21426	2572	0	1
2021.01.13	13:00:00	1.21428	1.21499	1.21281	1.21496	2418	0	1
2021.01.13	14:00:00	1.21495	1.21551	1.21463	1.21464	2478	0	1
2021.01.13	15:00:00	1.21464	1.21606	1.21446	1.21540	2910	0	1
2021.01.13	16:00:00	1.21539	1.21539	1.21075	1.21115	3651	0	1
2021.01.13	17:00:00	1.21112	1.21166	1.20909	1.21046	3607	0	1
2021.01.13	18:00:00	1.21044	1.21103	1.20929	1.20960	2903	0	1
2021.01.13	19:00:00	1.20961	1.21017	1.20912	1.21007	2513	0	1
2021.01.13	20:00:00	1.21007	1.21045	1.20949	1.21005	1984	0	1
2021.01.13	21:00:00	1.21005	1.21085	1.20980	1.21028	1378	0	1
2021.01.13	22:00:00	1.21031	1.21050	1.20990	1.20998	1469	0	1
2021.01.13	23:00:00	1.20996	1.21082	1.20986	1.21040	837	0	1
2021.01.14	00:00:00	1.21065	1.21130	1.20918	1.21095	624	0	9
2021.01.14	01:00:00	1.21095	1.21096	1.21005	1.21068	985	0	6
2021.01.14	02:00:00	1.21066	1.21112	1.21035	1.21104	994	0	4
2021.01.14	03:00:00	1.21104	1.21129	1.21048	1.21092	1130	0	4
2021.01.14	04:00:00	1.21092	1.21144	1.21057	1.21114	2243	0	1
2021.01.14	05:00:00	1.21114	1.21153	1.21081	1.21132	1385	0	3
2021.01.14	06:00:00	1.21136	1.21153	1.21083	1.21086	1096	0	3
2021.01.14	07:00:00	1.21086	1.21093	1.20976	1.21015	1612	0	4
2021.01.14	08:00:00	1.21018	1.21048	1.20959	1.21036	1343	0	1
2021.01.14	09:00:00	1.21027	1.21241	1.21010	1.21240	2328	0	1
2021.01.14	10:00:00	1.21241	1.21326	1.21082	1.21117	3039	0	1
2021.01.14	11:00:00	1.21115	1.21164	1.20991	1.21126	2778	0	1
2021.01.14	12:00:00	1.21129	1.21420	1.21116	1.21251	2352	0	1
2021.01.14	13:00:00	1.21252	1.21415	1.21231	1.21408	2493	0	1
2021.01.14	14:00:00	1.21408	1.21630	1.21408	1.21450	2674	0	1
2021.01.14	15:00:00	1.21456	1.21513	1.21312	1.21330	3374	0	1
2021.01.14	16:00:00	1.21327	1.21562	1.21268	1.21465	3236	0	1
2021.01.14	17:00:00	1.21465	1.21612	1.21394	1.21596	3313	0	1
2021.01.14	18:00:00	1.21605	1.21611	1.21342	1.21427	2984	0	1
2021.01.14	19:00:00	1.21428	1.21436	1.21317	1.21330	2594	0	1
2021.01.14	20:00:00	1.21330	1.21441	1.21283	1.21395	2701	0	1
2021.01.14	21:00:00	1.21395	1.21477	1.21386	1.21475	1737	0	1
2021.01.14	22:00:00	1.21478	1.21553	1.21435	1.21465	1754	0	1
2021.01.14	23:00:00	1.21468	1.21572	1.21454	1.21554	1371	0	1
2021.01.15	00:00:00	1.21462	1.21618	1.21462	1.21551	532	0	18
2021.01.15	01:00:00	1.21551	1.21573	1.21527	1.21550	766	0	6
2021.01.15	02:00:00	1.21546	1.21593	1.21533	1.21547	1156	0	5
2021.01.15	03:00:00	1.21550	1.21550	1.21496	1.21531	1141	0	5
2021.01.15	04:00:00	1.21533	1.21571	1.21501	1.21567	922	0	4
2021.01.15	05:00:00	1.21569	1.21590	1.21520	1.21553	919	0	1
2021.01.15	06:00:00	1.21553	1.21581	1.21534	1.21563	884	0	5
2021.01.15	07:00:00	1.21563	1.21598	1.21517	1.21588	1239	0	1
2021.01.15	08:00:00	1.21586	1.21624	1.21422	1.21427	1336	0	2
2021.01.15	09:00:00	1.21432	1.21486	1.21312	1.21343	2353	0	1
2021.01.15	10:00:00	1.21336	1.21545	1.21170	1.21205	3190	0	1
2021.01.15	11:00:00	1.21205	1.21224	1.21040	1.21040	2602	0	1
2021.01.15	12:00:00	1.21039	1.21212	1.21034	1.21165	2531	0	1
2021.01.15	13:00:00	1.21170	1.21208	1.21010	1.21060	2606	0	1
2021.01.15	14:00:00	1.21050	1.21104	1.20911	1.21012	3169	0	1
2021.01.15	15:00:00	1.21016	1.21052	1.20836	1.20838	3020	0	1
2021.01.15	16:00:00	1.20836	1.20991	1.20800	1.20952	3341	0	2
2021.01.15	17:00:00	1.20952	1.20977	1.20794	1.20892	4216	0	1
2021.01.15	18:00:00	1.20895	1.21037	1.20808	1.20950	2943	0	1
2021.01.15	19:00:00	1.20950	1.21086	1.20949	1.21085	1706	0	1
2021.01.15	20:00:00	1.21081	1.21117	1.20954	1.21049	1889	0	1
2021.01.15	21:00:00	1.21048	1.21078	1.21005	1.21009	1350	0	1
2021.01.15	22:00:00	1.21009	1.21086	1.21003	1.21057	1279	0	3
2021.01.15	23:00:00	1.21057	1.21121	1.21020	1.21064	897	0	4
2021.01.18	00:00:00	1.20978	1.21126	1.20929	1.20987	418	0	7
2021.01.18	01:00:00	1.20987	1.21156	1.20932	1.21116	1248	0	3
2021.01.18	02:00:00	1.21122	1.21133	1.21024	1.21043	1448	0	5
2021.01.18	03:00:00	1.21043	1.21071	1.21001	1.21052	1297	0	3
2021.01.18	04:00:00	1.21052	1.21071	1.21009	1.21047	1199	0	3
2021.01.18	05:00:00	1.21047	1.21067	1.20994	1.21004	1100	0	4
2021.01.18	06:00:00	1.21002	1.21025	1.20950	1.20982	906	0	1
2021.01.18	07:00:00	1.20981	1.20986	1.20928	1.20974	986	0	3
2021.01.18	08:00:00	1.20974	1.20991	1.20913	1.20914	991	0	1
2021.01.18	09:00:00	1.20911	1.20949	1.20800	1.20873	2047	0	1
2021.01.18	10:00:00	1.20867	1.20886	1.20609	1.20650	2828	0	1
2021.01.18	11:00:00	1.20650	1.20777	1.20550	1.20598	2636	0	1
2021.01.18	12:00:00	1.20593	1.20808	1.20543	1.20614	2329	0	1
2021.01.18	13:00:00	1.20613	1.20689	1.20549	1.20650	2424	0	1
2021.01.18	14:00:00	1.20650	1.20732	1.20577	1.20629	1995	0	1
2021.01.18	15:00:00	1.20628	1.20823	1.20584	1.20807	2022	0	1
2021.01.18	16:00:00	1.20807	1.20861	1.20756	1.20853	1982	0	1
2021.01.18	17:00:00	1.20849	1.20945	1.20833	1.20886	2021	0	1
2021.01.18	18:00:00	1.20882	1.20974	1.20860	1.20974	1439	0	1
2021.01.18	19:00:00	1.20973	1.21066	1.20959	1.21042	1070	0	1
2021.01.18	20:00:00	1.21046	1.21057	1.20974	1.21002	1093	0	2
2021.01.18	21:00:00	1.21002	1.21024	1.20990	1.21021	1003	0	2
2021.01.18	22:00:00	1.21021	1.21036	1.20983	1.21032	657	0	8
2021.01.18	23:00:00	1.21035	1.21071	1.20999	1.21046	962	0	9
2021.01.19	00:00:00	1.21013	1.21018	1.20890	1.20949	346	0	36
2021.01.19	01:00:00	1.20949	1.21021	1.20949	1.21010	544	0	2
2021.01.19	02:00:00	1.21006	1.21109	1.20987	1.21077	924	0	5
2021.01.19	03:00:00	1.21077	1.21199	1.21070	1.21130	1304	0	1
2021.01.19	04:00:00	1.21130	1.21217	1.21108	1.21144	1098	0	2
2021.01.19	05:00:00	1.21148	1.21185	1.21122	1.21182	1225	0	3
2021.01.19	06:00:00	1.21181	1.21206	1.21163	1.21199	671	0	5
2021.01.19	07:00:00	1.21200	1.21243	1.21190	1.21234	907	0	1
2021.01.19	08:00:00	1.21235	1.21249	1.21161	1.21190	935	0	1
2021.01.19	09:00:00	1.21190	1.21196	1.21096	1.21113	2167	0	2
2021.01.19	10:00:00	1.21118	1.21130	1.20811	1.21005	2783	0	1
2021.01.19	11:00:00	1.21009	1.21067	1.20804	1.20856	2472	0	1
2021.01.19	12:00:00	1.20865	1.20988	1.20772	1.20790	2541	0	1
2021.01.19	13:00:00	1.20790	1.20934	1.20766	1.20891	1944	0	1
2021.01.19	14:00:00	1.20894	1.20959	1.20812	1.20850	2330	0	1
2021.01.19	15:00:00	1.20849	1.20920	1.20685	1.20816	2632	0	1
2021.01.19	16:00:00	1.20825	1.20956	1.20772	1.20916	2901	0	1
2021.01.19	17:00:00	1.20917	1.20986	1.20805	1.20977	3415	0	1
2021.01.19	18:00:00	1.20977	1.21115	1.20894	1.21102	2623	0	1
2021.01.19	19:00:00	1.21100	1.21143	1.21054	1.21121	1682	0	1
2021.01.19	20:00:00	1.21125	1.21158	1.21067	1.21147	2139	0	1
2021.01.19	21:00:00	1.21149	1.21191	1.21098	1.21124	1597	0	1
2021.01.19	22:00:00	1.21124	1.21162	1.21097	1.21149	1247	0	1
2021.01.19	23:00:00	1.21152	1.21182	1.21107	1.21167	810	0	2
2021.01.20	00:00:00	1.21085	1.21140	1.21045	1.21124	367	0	19
2021.01.20	01:00:00	1.21124	1.21199	1.21108	1.21168	932	0	1
2021.01.20	02:00:00	1.21167	1.21206	1.21087	1.21101	1403	0	3
2021.01.20	03:00:00	1.21105	1.21168	1.21081	1.21119	1193	0	1
2021.01.20	04:00:00	1.21118	1.21218	1.21118	1.21191	995	0	5
2021.01.20	05:00:00	1.21186	1.21201	1.21143	1.21177	821	0	5
2021.01.20	06:00:00	1.21177	1.21222	1.21158	1.21205	760	0	4
2021.01.20	07:00:00	1.21207	1.21261	1.21202	1.21232	834	0	5
2021.01.20	08:00:00	1.21232	1.21325	1.21230	1.21275	1363	0	1
2021.01.20	09:00:00	1.21275	1.21365	1.21201	1.21296	1796	0	1
2021.01.20	10:00:00	1.21298	1.21487	1.21167	1.21473	2767	0	1
2021.01.20	11:00:00	1.21473	1.21741	1.21462	1.21658	3174	0	1
2021.01.20	12:00:00	1.21660	1.21963	1.21660	1.21853	3007	0	1
2021.01.20	13:00:00	1.21853	1.21871	1.21662	1.21698	2683	0	1
2021.01.20	14:00:00	1.21696	1.21751	1.21629	1.21736	2480	0	1
2021.01.20	15:00:00	1.21731	1.21761	1.21622	1.21707	2536	0	1
2021.01.20	16:00:00	1.21706	1.21781	1.21603	1.21624	3265	0	1
2021.01.20	17:00:00	1.21624	1.21686	1.21294	1.21361	3789	0	1
2021.01.20	18:00:00	1.21361	1.21546	1.21356	1.21540	2702	0	1
2021.01.20	19:00:00	1.21540	1.21550	1.21409	1.21446	2123	0	1
2021.01.20	20:00:00	1.21446	1.21480	1.21380	1.21437	1473	0	1
2021.01.20	21:00:00	1.21437	1.21450	1.21384	1.21408	1386	0	1
2021.01.20	22:00:00	1.21407	1.21493	1.21400	1.21480	1315	0	1
2021.01.20	23:00:00	1.21479	1.21515	1.21458	1.21506	833	0	2
2021.01.21	00:00:00	1.21512	1.21512	1.21370	1.21410	355	0	48
2021.01.21	01:00:00	1.21410	1.21568	1.21410	1.21543	823	0	4
2021.01.21	02:00:00	1.21543	1.21584	1.21504	1.21575	916	0	5
2021.01.21	03:00:00	1.21575	1.21593	1.21524	1.21543	1566	0	1
2021.01.21	04:00:00	1.21537	1.21624	1.21515	1.21615	943	0	5
2021.01.21	05:00:00	1.21615	1.21615	1.21556	1.21577	836	0	5
2021.01.21	06:00:00	1.21578	1.21636	1.21561	1.21609	698	0	4
2021.01.21	07:00:00	1.21609	1.21689	1.21590	1.21683	866	0	2
2021.01.21	08:00:00	1.21685	1.21824	1.21678	1.21821	1182	0	1
2021.01.21	09:00:00	1.21819	1.21861	1.21719	1.21833	1939	0	1
2021.01.21	10:00:00	1.21836	1.21953	1.21671	1.21816	2805	0	1
2021.01.21	11:00:00	1.21816	1.21920	1.21785	1.21867	2658	0	1
2021.01.21	12:00:00	1.21867	1.21883	1.21722	1.21875	2139	0	1
2021.01.21	13:00:00	1.21874	1.21880	1.21600	1.21613	2006	0	1
2021.01.21	14:00:00	1.21617	1.21745	1.21535	1.21577	2231	0	1
2021.01.21	15:00:00	1.21579	1.21633	1.21453	1.21609	3252	0	1
2021.01.21	16:00:00	1.21609	1.21820	1.21562	1.21593	3389	0	1
2021.01.21	17:00:00	1.21592	1.21669	1.21490	1.21625	3347	0	1
2021.01.21	18:00:00	1.21621	1.21721	1.21594	1.21691	2402	0	1
2021.01.21	19:00:00	1.21693	1.21724	1.21502	1.21517	1850	0	2
2021.01.21	20:00:00	1.21516	1.21535	1.21390	1.21436	1559	0	1
2021.01.21	21:00:00	1.21436	1.21551	1.21434	1.21497	1542	0	2
2021.01.21	22:00:00	1.21497	1.21574	1.21492	1.21569	1743	0	1
2021.01.21	23:00:00	1.21569	1.21612	1.21524	1.21565	906	0	1
2021.01.22	00:00:00	1.21525	1.21540	1.21459	1.21513	319	0	53
2021.01.22	01:00:00	1.21513	1.21571	1.21512	1.21548	935	0	4
2021.01.22	02:00:00	1.21548	1.21563	1.21489	1.21518	966	0	5
2021.01.22	03:00:00	1.21517	1.21536	1.21417	1.21417	1191	0	2
2021.01.22	04:00:00	1.21417	1.21419	1.21316	1.21396	1012	0	3
2021.01.22	05:00:00	1.21394	1.21419	1.21307	1.21379	660	0	3
2021.01.22	06:00:00	1.21379	1.21389	1.21311	1.21318	530	0	1
2021.01.22	07:00:00	1.21318	1.21362	1.21279	1.21309	715	0	4
2021.01.22	08:00:00	1.21309	1.21312	1.21215	1.21230	1025	0	1
2021.01.22	09:00:00	1.21232	1.21232	1.21008	1.21027	2284	0	1
2021.01.22	10:00:00	1.21035	1.21136	1.20926	1.21102	2706	0	1
2021.01.22	11:00:00	1.21102	1.21112	1.20849	1.20939	2971	0	1
2021.01.22	12:00:00	1.20941	1.20941	1.20789	1.20900	2271	0	1
2021.01.22	13:00:00	1.20900	1.21004	1.20867	1.20949	2281	0	1
2021.01.22	14:00:00	1.20941	1.21088	1.20907	1.21006	2249	0	1
2021.01.22	15:00:00	1.21006	1.21006	1.20756	1.20883	2457	0	1
2021.01.22	16:00:00	1.20887	1.21048	1.20844	1.20899	2608	0	1
2021.01.22	17:00:00	1.20896	1.21070	1.20880	1.21034	3177	0	1
2021.01.22	18:00:00	1.21035	1.21150	1.20962	1.21144	2345	0	1
2021.01.22	19:00:00	1.21146	1.21198	1.21066	1.21188	1672	0	1
2021.01.22	20:00:00	1.21188	1.21232	1.21154	1.21185	1471	0	1
2021.01.22	21:00:00	1.21189	1.21262	1.21159	1.21244	1386	0	2
2021.01.22	22:00:00	1.21236	1.21241	1.21115	1.21137	1372	0	1
2021.01.22	23:00:00	1.21133	1.21181	1.21105	1.21115	865	0	2
2021.01.25	00:00:00	1.21135	1.21179	1.20949	1.21110	580	0	34
2021.01.25	01:00:00	1.21110	1.21216	1.21074	1.21196	888	0	7
2021.01.25	02:00:00	1.21198	1.21208	1.21150	1.21162	1085	0	4
2021.01.25	03:00:00	1.21161	1.21251	1.21158	1.21205	1244	0	2
2021.01.25	04:00:00	1.21205	1.21303	1.21205	1.21303	922	0	2
2021.01.25	05:00:00	1.21304	1.21331	1.21260	1.21282	820	0	2
2021.01.25	06:00:00	1.21282	1.21327	1.21254	1.21311	632	0	2
2021.01.25	07:00:00	1.21311	1.21373	1.21297	1.21368	878	0	3
2021.01.25	08:00:00	1.21368	1.21447	1.21365	1.21435	1169	0	2
2021.01.25	09:00:00	1.21434	1.21457	1.21321	1.21417	1970	0	1
2021.01.25	10:00:00	1.21420	1.21458	1.21274	1.21348	2478	0	1
2021.01.25	11:00:00	1.21350	1.21396	1.21171	1.21301	3017	0	1
2021.01.25	12:00:00	1.21301	1.21439	1.21299	1.21405	2508	0	1
2021.01.25	13:00:00	1.21402	1.21453	1.21283	1.21337	2030	0	1
2021.01.25	14:00:00	1.21337	1.21349	1.21196	1.21306	2232	0	1
2021.01.25	15:00:00	1.21306	1.21404	1.21264	1.21384	2516	0	1
2021.01.25	16:00:00	1.21381	1.21442	1.21343	1.21401	3007	0	1
2021.01.25	17:00:00	1.21401	1.21526	1.21348	1.21481	3625	0	1
2021.01.25	18:00:00	1.21483	1.21497	1.21330	1.21398	3470	0	1
2021.01.25	19:00:00	1.21398	1.21499	1.21352	1.21388	2573	0	1
2021.01.25	20:00:00	1.21387	1.21459	1.21379	1.21421	1664	0	1
2021.01.25	21:00:00	1.21424	1.21435	1.21342	1.21344	1542	0	1
2021.01.25	22:00:00	1.21344	1.21407	1.21341	1.21388	1466	0	1
2021.01.25	23:00:00	1.21387	1.21449	1.21342	1.21444	780	0	1
2021.01.26	00:00:00	1.21384	1.21452	1.21297	1.21391	385	0	48
2021.01.26	01:00:00	1.21391	1.21466	1.21377	1.21456	438	0	2
2021.01.26	02:00:00	1.21453	1.21458	1.21409	1.21418	775	0	5
2021.01.26	03:00:00	1.21425	1.21437	1.21365	1.21413	1091	0	4
2021.01.26	04:00:00	1.21414	1.21445	1.21388	1.21423	1006	0	4
2021.01.26	05:00:00	1.21423	1.21432	1.21347	1.21367	935	0	4
2021.01.26	06:00:00	1.21367	1.21397	1.21297	1.21314	839	0	4
2021.01.26	07:00:00	1.21314	1.21353	1.21303	1.21339	1037	0	3
2021.01.26	08:00:00	1.21342	1.21352	1.21204	1.21240	1327	0	3
2021.01.26	09:00:00	1.21251	1.21302	1.21039	1.21065	2474	0	1
2021.01.26	10:00:00	1.21065	1.21198	1.21061	1.21191	2796	0	1
2021.01.26	11:00:00	1.21188	1.21506	1.21184	1.21450	2911	0	1
2021.01.26	12:00:00	1.21448	1.21456	1.21319	1.21441	2345	0	1
2021.01.26	13:00:00	1.21441	1.21542	1.21434	1.21519	2351	0	1
2021.01.26	14:00:00	1.21525	1.21742	1.21481	1.21667	2687	0	1
2021.01.26	15:00:00	1.21671	1.21744	1.21613	1.21703	2536	0	1
2021.01.26	16:00:00	1.21705	1.21865	1.21666	1.21789	2798	0	1
2021.01.26	17:00:00	1.21793	1.21979	1.21755	1.21922	2988	0	1
2021.01.26	18:00:00	1.21923	1.21941	1.21798	1.21910	2715	0	1
2021.01.26	19:00:00	1.21910	1.21917	1.21811	1.21821	2036	0	1
2021.01.26	20:00:00	1.21820	1.21855	1.21774	1.21789	1517	0	2
2021.01.26	21:00:00	1.21790	1.21815	1.21717	1.21743	1304	0	3
2021.01.26	22:00:00	1.21745	1.21778	1.21729	1.21763	1240	0	2
2021.01.26	23:00:00	1.21763	1.21810	1.21739	1.21770	1031	0	2
2021.01.27	00:00:00	1.21795	1.21809	1.21603	1.21777	386	0	43
2021.01.27	01:00:00	1.21777	1.21841	1.21766	1.21832	603	0	5
2021.01.27	02:00:00	1.21832	1.21877	1.21814	1.21840	1202	0	3
2021.01.27	03:00:00	1.21841	1.21850	1.21745	1.21752	1188	0	2
2021.01.27	04:00:00	1.21752	1.21780	1.21714	1.21762	1050	0	3
2021.01.27	05:00:00	1.21763	1.21798	1.21753	1.21757	856	0	4
2021.01.27	06:00:00	1.21757	1.21789	1.21728	1.21755	782	0	2
2021.01.27	07:00:00	1.21755	1.21814	1.21747	1.21804	842	0	2
2021.01.27	08:00:00	1.21804	1.21834	1.21768	1.21830	891	0	2
2021.01.27	09:00:00	1.21824	1.21984	1.21777	1.21938	1746	0	1
2021.01.27	10:00:00	1.21938	1.21955	1.21756	1.21875	2660	0	1
2021.01.27	11:00:00	1.21875	1.22043	1.21793	1.22021	2988	0	1
2021.01.27	12:00:00	1.22021	1.22051	1.21893	1.21966	2141	0	1
2021.01.27	13:00:00	1.21966	1.21994	1.21711	1.21813	2584	0	1
2021.01.27	14:00:00	1.21813	1.21899	1.21703	1.21799	3265	0	1
2021.01.27	15:00:00	1.21800	1.21800	1.21623	1.21698	3270	0	1
2021.01.27	16:00:00	1.21698	1.21912	1.21636	1.21862	4046	0	1
2021.01.27	17:00:00	1.21861	1.21989	1.21820	1.21885	4156	0	1
2021.01.27	18:00:00	1.21885	1.21905	1.21683	1.21684	3050	0	1
2021.01.27	19:00:00	1.21686	1.21796	1.21680	1.21769	2866	0	1
2021.01.27	20:00:00	1.21769	1.21852	1.21756	1.21811	2000	0	1
2021.01.27	21:00:00	1.21818	1.21872	1.21681	1.21718	3394	0	2
2021.01.27	22:00:00	1.21713	1.21757	1.21585	1.21607	3453	0	1
2021.01.27	23:00:00	1.21611	1.21714	1.21553	1.21661	1728	0	1
2021.01.28	00:00:00	1.21611	1.21735	1.21559	1.21656	535	0	7
2021.01.28	01:00:00	1.21656	1.21695	1.21537	1.21564	941	0	3
2021.01.28	02:00:00	1.21563	1.21616	1.21545	1.21578	1810	0	2
2021.01.28	03:00:00	1.21570	1.21666	1.21559	1.21648	1822	0	3
2021.01.28	04:00:00	1.21648	1.21656	1.21557	1.21593	1312	0	2
2021.01.28	05:00:00	1.21593	1.21605	1.21549	1.21571	1460	0	1
2021.01.28	06:00:00	1.21571	1.21583	1.21537	1.21576	1181	0	2
2021.01.28	07:00:00	1.21576	1.21617	1.21559	1.21569	1074	0	1
2021.01.28	08:00:00	1.21569	1.21591	1.21526	1.21563	1100	0	4
2021.01.28	09:00:00	1.21564	1.21568	1.21422	1.21510	2527	0	2
2021.01.28	10:00:00	1.21513	1.21520	1.21319	1.21427	3674	0	1
2021.01.28	11:00:00	1.21426	1.21532	1.21229	1.21432	3207	0	1
2021.01.28	12:00:00	1.21431	1.21615	1.21368	1.21588	2886	0	1
2021.01.28	13:00:00	1.21588	1.21720	1.21524	1.21529	2755	0	1
2021.01.28	14:00:00	1.21526	1.21674	1.21457	1.21649	2699	0	1
2021.01.28	15:00:00	1.21646	1.21716	1.21586	1.21654	3556	0	1
2021.01.28	16:00:00	1.21649	1.21817	1.21612	1.21759	4073	0	1
2021.01.28	17:00:00	1.21757	1.21940	1.21707	1.21895	3934	0	1
2021.01.28	18:00:00	1.21896	1.22007	1.21842	1.21979	3105	0	1
2021.01.28	19:00:00	1.21979	1.21989	1.21872	1.21922	2515	0	1
2021.01.28	20:00:00	1.21923	1.21986	1.21902	1.21953	2158	0	1
2021.01.28	21:00:00	1.21953	1.21996	1.21921	1.21980	2275	0	1
2021.01.28	22:00:00	1.21981	1.22004	1.21941	1.21979	2076	0	2
2021.01.28	23:00:00	1.21978	1.21998	1.21937	1.21948	1095	0	1
2021.01.29	00:00:00	1.21884	1.21986	1.21809	1.21937	491	0	33
2021.01.29	01:00:00	1.21937	1.21977	1.21936	1.21951	474	0	10
2021.01.29	02:00:00	1.21953	1.21963	1.21894	1.21948	1359	0	2
2021.01.29	03:00:00	1.21947	1.22024	1.21921	1.21961	1321	0	1
2021.01.29	04:00:00	1.21961	1.22019	1.21931	1.21989	1219	0	3
2021.01.29	05:00:00	1.21989	1.21993	1.21925	1.21962	1301	0	1
2021.01.29	06:00:00	1.21957	1.21974	1.21893	1.21968	1257	0	3
2021.01.29	07:00:00	1.21968	1.21968	1.21878	1.21887	1453	0	1
2021.01.29	08:00:00	1.21886	1.21964	1.21856	1.21906	1480	0	2
2021.01.29	09:00:00	1.21902	1.21963	1.21748	1.21834	2192	0	1
2021.01.29	10:00:00	1.21831	1.21875	1.21584	1.21677	3505	0	1
2021.01.29	11:00:00	1.21681	1.21758	1.21517	1.21546	3388	0	1
2021.01.29	12:00:00	1.21551	1.21692	1.21493	1.21645	2997	0	1
2021.01.29	13:00:00	1.21645	1.21904	1.21622	1.21876	2601	0	1
2021.01.29	14:00:00	1.21877	1.22045	1.21839	1.22033	2805	0	1
2021.01.29	15:00:00	1.22032	1.22190	1.21989	1.22011	4028	0	1
2021.01.29	16:00:00	1.22003	1.22091	1.21872	1.21959	3484	0	1
2021.01.29	17:00:00	1.21964	1.22218	1.21900	1.22102	3786	0	1
2021.01.29	18:00:00	1.22102	1.22222	1.22011	1.22209	3752	0	1
2021.01.29	19:00:00	1.22209	1.22259	1.21981	1.22053	3147	0	1
2021.01.29	20:00:00	1.22052	1.22158	1.22017	1.22086	2980	0	1
2021.01.29	21:00:00	1.22089	1.22173	1.22011	1.22040	2846	0	1
2021.01.29	22:00:00	1.22049	1.22129	1.21941	1.22019	2194	0	1
2021.01.29	23:00:00	1.22022	1.22076	1.21995	1.22045	1307	0	1
2021.02.01	00:00:00	1.21922	1.22037	1.21825	1.21991	419	0	60
2021.02.01	01:00:00	1.21991	1.22159	1.21936	1.22108	1523	0	2
2021.02.01	02:00:00	1.22108	1.22203	1.22090	1.22191	1446	0	2
2021.02.01	03:00:00	1.22189	1.22315	1.22174	1.22278	1678	0	2
2021.02.01	04:00:00	1.22278	1.22422	1.22278	1.22413	1116	0	1
2021.02.01	05:00:00	1.22416	1.22490	1.22412	1.22483	1520	0	3
2021.02.01	06:00:00	1.22482	1.22497	1.22438	1.22482	1322	0	2
2021.02.01	07:00:00	1.22482	1.22628	1.22447	1.22587	1321	0	1
2021.02.01	08:00:00	1.22586	1.22589	1.22486	1.22508	1318	0	1
2021.02.01	09:00:00	1.22505	1.22571	1.22409	1.22515	2402	0	2
2021.02.01	10:00:00	1.22512	1.22872	1.22496	1.22840	3596	0	1
2021.02.01	11:00:00	1.22844	1.22910	1.22731	1.22854	3175	0	1
2021.02.01	12:00:00	1.22855	1.22883	1.22721	1.22879	2912	0	1
2021.02.01	13:00:00	1.22881	1.22935	1.22711	1.22716	2578	0	1
2021.02.01	14:00:00	1.22716	1.22806	1.22647	1.22693	2730	0	1
2021.02.01	15:00:00	1.22694	1.22718	1.22471	1.22529	3039	0	1
2021.02.01	16:00:00	1.22526	1.22552	1.22346	1.22436	3288	0	1
2021.02.01	17:00:00	1.22426	1.22453	1.22200	1.22369	3586	0	1
2021.02.01	18:00:00	1.22368	1.22603	1.22317	1.22581	2899	0	1
2021.02.01	19:00:00	1.22578	1.22662	1.22554	1.22595	2297	0	2
2021.02.01	20:00:00	1.22594	1.22669	1.22573	1.22592	2231	0	1
2021.02.01	21:00:00	1.22592	1.22641	1.22568	1.22615	1882	0	1
2021.02.01	22:00:00	1.22612	1.22612	1.22509	1.22571	2073	0	1
2021.02.01	23:00:00	1.22571	1.22616	1.22521	1.22571	947	0	1
2021.02.02	00:00:00	1.22479	1.22591	1.22464	1.22576	389	0	51
2021.02.02	01:00:00	1.22576	1.22650	1.22549	1.22611	745	0	3
2021.02.02	02:00:00	1.22611	1.22621	1.22566	1.22583	1147	0	1
2021.02.02	03:00:00	1.22582	1.22702	1.22578	1.22666	1437	0	1
2021.02.02	04:00:00	1.22669	1.22698	1.22633	1.22676	1133	0	1
2021.02.02	05:00:00	1.22679	1.22727	1.22674	1.22711	1405	0	1
2021.02.02	06:00:00	1.22711	1.22714	1.22665	1.22697	1212	0	3
2021.02.02	07:00:00	1.22698	1.22712	1.22648	1.22691	1270	0	3
2021.02.02	08:00:00	1.22693	1.22731	1.22681	1.22704	999	0	2
2021.02.02	09:00:00	1.22703	1.22803	1.22648	1.22731	2225	0	1
2021.02.02	10:00:00	1.22730	1.22811	1.22562	1.22617	3133	0	1
2021.02.02	11:00:00	1.22617	1.22745	1.22604	1.22660	2529	0	1
2021.02.02	12:00:00	1.22658	1.22831	1.22634	1.22767	2953	0	1
2021.02.02	13:00:00	1.22764	1.22859	1.22690	1.22816	2250	0	1
2021.02.02	14:00:00	1.22818	1.22843	1.22598	1.22604	2262	0	1
2021.02.02	15:00:00	1.22609	1.22723	1.22545	1.22567	2823	0	1
2021.02.02	16:00:00	1.22576	1.22578	1.22389	1.22454	3585	0	1
2021.02.02	17:00:00	1.22455	1.22565	1.22381	1.22493	3404	0	1
2021.02.02	18:00:00	1.22494	1.22636	1.22473	1.22620	2575	0	1
2021.02.02	19:00:00	1.22622	1.22708	1.22616	1.22655	2411	0	1
2021.02.02	20:00:00	1.22654	1.22707	1.22628	1.22678	2335	0	2
2021.02.02	21:00:00	1.22680	1.22710	1.22658	1.22698	1719	0	1
2021.02.02	22:00:00	1.22698	1.22705	1.22643	1.22646	1813	0	1
2021.02.02	23:00:00	1.22648	1.22690	1.22631	1.22663	1036	0	2
2021.02.03	00:00:00	1.22616	1.22683	1.22543	1.22608	465	0	4
2021.02.03	01:00:00	1.22608	1.22698	1.22607	1.22650	826	0	4
2021.02.03	02:00:00	1.22648	1.22722	1.22642	1.22669	1073	0	3
2021.02.03	03:00:00	1.22669	1.22771	1.22647	1.22726	1319	0	2
2021.02.03	04:00:00	1.22726	1.22770	1.22709	1.22716	896	0	4
2021.02.03	05:00:00	1.22716	1.22717	1.22661	1.22687	880	0	4
2021.02.03	06:00:00	1.22687	1.22716	1.22667	1.22680	819	0	5
2021.02.03	07:00:00	1.22679	1.22692	1.22629	1.22645	886	0	2
2021.02.03	08:00:00	1.22645	1.22652	1.22556	1.22639	1089	0	1
2021.02.03	09:00:00	1.22640	1.22783	1.22572	1.22772	2045	0	1
2021.02.03	10:00:00	1.22778	1.22871	1.22742	1.22760	2694	0	1
2021.02.03	11:00:00	1.22758	1.22833	1.22575	1.22575	2761	0	1
2021.02.03	12:00:00	1.22575	1.22679	1.22567	1.22638	2185	0	1
2021.02.03	13:00:00	1.22638	1.22674	1.22525	1.22532	1796	0	1
2021.02.03	14:00:00	1.22532	1.22616	1.22488	1.22548	2424	0	1
2021.02.03	15:00:00	1.22548	1.22691	1.22498	1.22659	2717	0	1
2021.02.03	16:00:00	1.22659	1.22906	1.22541	1.22881	3109	0	1
2021.02.03	17:00:00	1.22879	1.22891	1.22731	1.22746	3340	0	1
2021.02.03	18:00:00	1.22744	1.22839	1.22719	1.22765	2366	0	1
2021.02.03	19:00:00	1.22765	1.22834	1.22668	1.22819	1926	0	1
2021.02.03	20:00:00	1.22818	1.22821	1.22668	1.22678	1470	0	1
2021.02.03	21:00:00	1.22678	1.22705	1.22664	1.22683	1442	0	1
2021.02.03	22:00:00	1.22683	1.22685	1.22545	1.22583	1782	0	1
2021.02.03	23:00:00	1.22585	1.22652	1.22567	1.22631	887	0	1
2021.02.04	00:00:00	1.22609	1.22658	1.22549	1.22658	441	0	15
2021.02.04	01:00:00	1.22658	1.22715	1.22615	1.22632	864	0	4
2021.02.04	02:00:00	1.22632	1.22659	1.22592	1.22596	775	0	2
2021.02.04	03:00:00	1.22596	1.22644	1.22591	1.22616	1167	0	3
2021.02.04	04:00:00	1.22611	1.22673	1.22611	1.22650	928	0	1
2021.02.04	05:00:00	1.22650	1.22672	1.22450	1.22495	1320	0	1
2021.02.04	06:00:00	1.22495	1.22535	1.22458	1.22459	997	0	2
2021.02.04	07:00:00	1.22461	1.22475	1.22395	1.22444	1207	0	2
2021.02.04	08:00:00	1.22444	1.22549	1.22415	1.22471	1173	0	1
2021.02.04	09:00:00	1.22472	1.22488	1.22380	1.22390	2021	0	1
2021.02.04	10:00:00	1.22388	1.22545	1.22355	1.22537	2292	0	1
2021.02.04	11:00:00	1.22538	1.22633	1.22471	1.22574	2169	0	1
2021.02.04	12:00:00	1.22574	1.22616	1.22425	1.22473	1824	0	1
2021.02.04	13:00:00	1.22473	1.22589	1.22412	1.22447	1713	0	1
2021.02.04	14:00:00	1.22449	1.23280	1.22441	1.23264	3415	0	1
2021.02.04	15:00:00	1.23264	1.23590	1.23252	1.23469	2921	0	1
2021.02.04	16:00:00	1.23472	1.23523	1.23328	1.23465	2903	0	1
2021.02.04	17:00:00	1.23466	1.23548	1.23353	1.23357	3010	0	1
2021.02.04	18:00:00	1.23357	1.23436	1.23342	1.23404	2252	0	1
2021.02.04	19:00:00	1.23405	1.23497	1.23370	1.23479	1845	0	1
2021.02.04	20:00:00	1.23479	1.23500	1.23411	1.23472	1278	0	1
2021.02.04	21:00:00	1.23475	1.23632	1.23459	1.23625	1439	0	1
2021.02.04	22:00:00	1.23623	1.23638	1.23590	1.23637	1297	0	1
2021.02.04	23:00:00	1.23637	1.23647	1.23598	1.23628	832	0	2
2021.02.05	00:00:00	1.23483	1.23593	1.23414	1.23562	515	0	22
2021.02.05	01:00:00	1.23562	1.23649	1.23561	1.23605	732	0	1
2021.02.05	02:00:00	1.23605	1.23723	1.23599	1.23721	1027	0	2
2021.02.05	03:00:00	1.23720	1.23724	1.23658	1.23659	998	0	1
2021.02.05	04:00:00	1.23658	1.23685	1.23612	1.23624	948	0	3
2021.02.05	05:00:00	1.23630	1.23659	1.23615	1.23639	844	0	3
2021.02.05	06:00:00	1.23639	1.23670	1.23631	1.23657	646	0	2
2021.02.05	07:00:00	1.23657	1.23676	1.23644	1.23659	841	0	1
2021.02.05	08:00:00	1.23659	1.23701	1.23647	1.23670	761	0	1
2021.02.05	09:00:00	1.23669	1.23688	1.23594	1.23658	1455	0	1
2021.02.05	10:00:00	1.23660	1.23719	1.23598	1.23609	2835	0	1
2021.02.05	11:00:00	1.23610	1.23684	1.23590	1.23613	2028	0	1
2021.02.05	12:00:00	1.23612	1.23685	1.23541	1.23566	1866	0	1
2021.02.05	13:00:00	1.23566	1.23679	1.23499	1.23675	2175	0	1
2021.02.05	14:00:00	1.23674	1.23704	1.23562	1.23673	2261	0	1
2021.02.05	15:00:00	1.23669	1.23703	1.23530	1.23623	3360	0	1
2021.02.05	16:00:00	1.23623	1.23693	1.23536	1.23557	3280	0	1
2021.02.05	17:00:00	1.23558	1.23712	1.23543	1.23577	3159	0	1
2021.02.05	18:00:00	1.23577	1.23610	1.23356	1.23378	2656	0	1
2021.02.05	19:00:00	1.23378	1.23580	1.23335	1.23578	1881	0	1
2021.02.05	20:00:00	1.23578	1.23578	1.23443	1.23445	1635	0	1
2021.02.05	21:00:00	1.23444	1.23516	1.23421	1.23504	1219	0	1
2021.02.05	22:00:00	1.23504	1.23545	1.23483	1.23522	1103	0	1
2021.02.05	23:00:00	1.23520	1.23557	1.23484	1.23486	769	0	3
2021.02.08	00:00:00	1.23332	1.23477	1.23319	1.23379	486	0	30
2021.02.08	01:00:00	1.23380	1.23522	1.23359	1.23511	1312	0	5
2021.02.08	02:00:00	1.23511	1.23640	1.23487	1.23587	1916	0	1
2021.02.08	03:00:00	1.23591	1.23608	1.23558	1.23569	972	0	2
2021.02.08	04:00:00	1.23569	1.23593	1.23554	1.23586	798	0	2
2021.02.08	05:00:00	1.23588	1.23588	1.23518	1.23568	586	0	3
2021.02.08	06:00:00	1.23567	1.23576	1.23514	1.23514	576	0	3
2021.02.08	07:00:00	1.23514	1.23545	1.23506	1.23534	733	0	1
2021.02.08	08:00:00	1.23532	1.23538	1.23495	1.23526	654	0	3
2021.02.08	09:00:00	1.23535	1.23622	1.23526	1.23592	1422	0	1
2021.02.08	10:00:00	1.23589	1.23608	1.23445	1.23453	2230	0	1
2021.02.08	11:00:00	1.23453	1.23517	1.23429	1.23495	1749	0	1
2021.02.08	12:00:00	1.23495	1.23533	1.23283	1.23285	2074	0	1
2021.02.08	13:00:00	1.23285	1.23360	1.23241	1.23246	1632	0	1
2021.02.08	14:00:00	1.23243	1.23471	1.23226	1.23462	2058	0	1
2021.02.08	15:00:00	1.23462	1.23462	1.23281	1.23329	2497	0	1
2021.02.08	16:00:00	1.23331	1.23387	1.23274	1.23370	2819	0	1
2021.02.08	17:00:00	1.23371	1.23573	1.23356	1.23510	2823	0	1
2021.02.08	18:00:00	1.23514	1.23544	1.23399	1.23453	2438	0	1
2021.02.08	19:00:00	1.23453	1.23508	1.23427	1.23488	1700	0	1
2021.02.08	20:00:00	1.23487	1.23515	1.23461	1.23474	1338	0	1
2021.02.08	21:00:00	1.23477	1.23536	1.23464	1.23507	1120	0	2
2021.02.08	22:00:00	1.23507	1.23517	1.23408	1.23517	1173	0	1
2021.02.08	23:00:00	1.23518	1.23541	1.23491	1.23528	763	0	2
2021.02.09	00:00:00	1.23384	1.23466	1.23349	1.23441	573	0	72
2021.02.09	01:00:00	1.23429	1.23526	1.23429	1.23524	794	0	1
2021.02.09	02:00:00	1.23523	1.23571	1.23496	1.23549	1042	0	3
2021.02.09	03:00:00	1.23549	1.23562	1.23482	1.23555	1107	0	3
2021.02.09	04:00:00	1.23551	1.23562	1.23498	1.23555	1364	0	1
2021.02.09	05:00:00	1.23555	1.23569	1.23490	1.23513	879	0	1
2021.02.09	06:00:00	1.23511	1.23524	1.23479	1.23508	749	0	1
2021.02.09	07:00:00	1.23507	1.23548	1.23498	1.23532	666	0	3
2021.02.09	08:00:00	1.23533	1.23548	1.23431	1.23445	1013	0	3
2021.02.09	09:00:00	1.23443	1.23506	1.23376	1.23457	1777	0	1
2021.02.09	10:00:00	1.23453	1.23478	1.23244	1.23247	2252	0	1
2021.02.09	11:00:00	1.23247	1.23329	1.23093	1.23138	2418	0	1
2021.02.09	12:00:00	1.23137	1.23146	1.22950	1.23013	1948	0	1
2021.02.09	13:00:00	1.23015	1.23161	1.22971	1.23112	1719	0	1
2021.02.09	14:00:00	1.23117	1.23179	1.23066	1.23173	1705	0	1
2021.02.09	15:00:00	1.23175	1.23223	1.23102	1.23148	2505	0	1
2021.02.09	16:00:00	1.23145	1.23308	1.23091	1.23302	2906	0	1
2021.02.09	17:00:00	1.23300	1.23320	1.23198	1.23233	2921	0	1
2021.02.09	18:00:00	1.23231	1.23271	1.23166	1.23188	2084	0	1
2021.02.09	19:00:00	1.23188	1.23211	1.23141	1.23176	1568	0	1
2021.02.09	20:00:00	1.23175	1.23224	1.23112	1.23214	1292	0	1
2021.02.09	21:00:00	1.23214	1.23240	1.23168	1.23205	1615	0	1
2021.02.09	22:00:00	1.23207	1.23283	1.23201	1.23273	952	0	1
2021.02.09	23:00:00	1.23275	1.23318	1.23247	1.23293	601	0	2
2021.02.10	00:00:00	1.23211	1.23286	1.23202	1.23260	483	0	18
2021.02.10	01:00:00	1.23260	1.23320	1.23256	1.23313	704	0	4
2021.02.10	02:00:00	1.23320	1.23320	1.23272	1.23288	806	0	3
2021.02.10	03:00:00	1.23285	1.23328	1.23254	1.23324	1627	0	2
2021.02.10	04:00:00	1.23324	1.23371	1.23299	1.23316	998	0	2
2021.02.10	05:00:00	1.23316	1.23319	1.23231	1.23238	659	0	2
2021.02.10	06:00:00	1.23237	1.23260	1.23217	1.23218	390	0	4
2021.02.10	07:00:00	1.23218	1.23249	1.23209	1.23241	591	0	1
2021.02.10	08:00:00	1.23241	1.23260	1.23182	1.23193	616	0	1
2021.02.10	09:00:00	1.23193	1.23244	1.23109	1.23242	1343	0	1
2021.02.10	10:00:00	1.23242	1.23305	1.23176	1.23299	2619	0	1
2021.02.10	11:00:00	1.23298	1.23429	1.23268	1.23347	2791	0	1
2021.02.10	12:00:00	1.23351	1.23399	1.23289	1.23316	2174	0	1
2021.02.10	13:00:00	1.23318	1.23387	1.23254	1.23288	1562	0	1
2021.02.10	14:00:00	1.23286	1.23379	1.23244	1.23355	1976	0	1
2021.02.10	15:00:00	1.23354	1.23364	1.23182	1.23292	2597	0	1
2021.02.10	16:00:00	1.23290	1.23387	1.23234	1.23297	2827	0	1
2021.02.10	17:00:00	1.23292	1.23352	1.23204	1.23276	3815	0	1
2021.02.10	18:00:00	1.23274	1.23281	1.23114	1.23150	2698	0	1
2021.02.10	19:00:00	1.23149	1.23194	1.23090	1.23175	2147	0	1
2021.02.10	20:00:00	1.23175	1.23232	1.23170	1.23214	1449	0	1
2021.02.10	21:00:00	1.23213	1.23259	1.23146	1.23157	1796	0	1
2021.02.10	22:00:00	1.23157	1.23171	1.23099	1.23166	1643	0	1
2021.02.10	23:00:00	1.23170	1.23170	1.23130	1.23161	679	0	1
2021.02.11	00:00:00	1.23099	1.23183	1.23017	1.23126	553	0	43
2021.02.11	01:00:00	1.23125	1.23156	1.23104	1.23130	409	0	1
2021.02.11	02:00:00	1.23125	1.23149	1.23080	1.23121	401	0	1
2021.02.11	03:00:00	1.23120	1.23135	1.23089	1.23110	425	0	2
2021.02.11	04:00:00	1.23106	1.23159	1.23098	1.23138	532	0	2
2021.02.11	05:00:00	1.23141	1.23238	1.23138	1.23236	543	0	1
2021.02.11	06:00:00	1.23236	1.23268	1.23215	1.23267	554	0	2
2021.02.11	07:00:00	1.23267	1.23273	1.23203	1.23220	520	0	3
2021.02.11	08:00:00	1.23217	1.23276	1.23181	1.23269	496	0	2
2021.02.11	09:00:00	1.23263	1.23286	1.23176	1.23226	1138	0	1
2021.02.11	10:00:00	1.23226	1.23235	1.23013	1.23042	2252	0	1
2021.02.11	11:00:00	1.23042	1.23159	1.23016	1.23143	1759	0	1
2021.02.11	12:00:00	1.23143	1.23157	1.23057	1.23073	1306	0	1
2021.02.11	13:00:00	1.23073	1.23121	1.23042	1.23086	1355	0	1
2021.02.11	14:00:00	1.23082	1.23144	1.23052	1.23100	1521	0	1
2021.02.11	15:00:00	1.23099	1.23150	1.23073	1.23108	2121	0	1
2021.02.11	16:00:00	1.23108	1.23133	1.22967	1.22980	2892	0	1
2021.02.11	17:00:00	1.22980	1.23093	1.22973	1.23045	2580	0	1
2021.02.11	18:00:00	1.23044	1.23100	1.22962	1.23099	2111	0	1
2021.02.11	19:00:00	1.23097	1.23100	1.22949	1.23002	2284	0	1
2021.02.11	20:00:00	1.23002	1.23047	1.22954	1.23026	1707	0	1
2021.02.11	21:00:00	1.23026	1.23027	1.22847	1.22849	1764	0	1
2021.02.11	22:00:00	1.22852	1.22955	1.22840	1.22950	1468	0	1
2021.02.11	23:00:00	1.22949	1.22956	1.22905	1.22944	589	0	1
2021.02.12	00:00:00	1.22902	1.22952	1.22845	1.22934	430	0	18
2021.02.12	01:00:00	1.22934	1.22956	1.22903	1.22935	541	0	4
2021.02.12	02:00:00	1.22929	1.22946	1.22882	1.22901	937	0	2
2021.02.12	03:00:00	1.22899	1.22926	1.22872	1.22875	551	0	2
2021.02.12	04:00:00	1.22873	1.22890	1.22811	1.22824	702	0	1
2021.02.12	05:00:00	1.22821	1.22833	1.22797	1.22816	596	0	1
2021.02.12	06:00:00	1.22815	1.22830	1.22802	1.22805	531	0	2
2021.02.12	07:00:00	1.22804	1.22856	1.22804	1.22848	519	0	2
2021.02.12	08:00:00	1.22851	1.22874	1.22813	1.22868	677	0	1
2021.02.12	09:00:00	1.22864	1.22878	1.22789	1.22856	1396	0	1
2021.02.12	10:00:00	1.22854	1.22962	1.22785	1.22923	2276	0	1
2021.02.12	11:00:00	1.22923	1.23067	1.22880	1.23039	1846	0	1
2021.02.12	12:00:00	1.23045	1.23100	1.22992	1.23079	1550	0	1
2021.02.12	13:00:00	1.23079	1.23115	1.23018	1.23025	1403	0	1
2021.02.12	14:00:00	1.23018	1.23198	1.23009	1.23148	1610	0	1
2021.02.12	15:00:00	1.23147	1.23330	1.23102	1.23326	2188	0	1
2021.02.12	16:00:00	1.23325	1.23535	1.23264	1.23479	2794	0	1
2021.02.12	17:00:00	1.23473	1.23529	1.23379	1.23471	2910	0	1
2021.02.12	18:00:00	1.23468	1.23493	1.23378	1.23453	2141	0	1
2021.02.12	19:00:00	1.23453	1.23548	1.23435	1.23548	1527	0	1
2021.02.12	20:00:00	1.23548	1.23589	1.23502	1.23583	1496	0	1
2021.02.12	21:00:00	1.23585	1.23609	1.23499	1.23558	1165	0	1
2021.02.12	22:00:00	1.23560	1.23571	1.23517	1.23534	956	0	1
2021.02.12	23:00:00	1.23532	1.23566	1.23514	1.23565	727	0	5
2021.02.15	00:00:00	1.23462	1.23544	1.23317	1.23510	965	0	48
2021.02.15	01:00:00	1.23510	1.23699	1.23502	1.23697	992	0	7
2021.02.15	02:00:00	1.23697	1.23799	1.23692	1.23753	810	0	1
2021.02.15	03:00:00	1.23756	1.23833	1.23749	1.23814	785	0	1
2021.02.15	04:00:00	1.23812	1.23867	1.23784	1.23828	988	0	1
2021.02.15	05:00:00	1.23828	1.23838	1.23787	1.23828	719	0	1
2021.02.15	06:00:00	1.23828	1.23858	1.23803	1.23810	707	0	1
2021.02.15	07:00:00	1.23808	1.23830	1.23800	1.23811	692	0	1
2021.02.15	08:00:00	1.23811	1.23841	1.23784	1.23827	786	0	2
2021.02.15	09:00:00	1.23828	1.23972	1.23737	1.23919	1421	0	1
2021.02.15	10:00:00	1.23917	1.23923	1.23823	1.23859	2341	0	1
2021.02.15	11:00:00	1.23852	1.23873	1.23707	1.23777	1915	0	1
2021.02.15	12:00:00	1.23776	1.23927	1.23772	1.23850	1834	0	1
2021.02.15	13:00:00	1.23853	1.23872	1.23785	1.23823	1443	0	1
2021.02.15	14:00:00	1.23824	1.23893	1.23812	1.23883	1432	0	1
2021.02.15	15:00:00	1.23880	1.23888	1.23762	1.23800	1540	0	1
2021.02.15	16:00:00	1.23799	1.23870	1.23776	1.23796	1475	0	1
2021.02.15	17:00:00	1.23796	1.23862	1.23750	1.23803	1544	0	1
2021.02.15	18:00:00	1.23803	1.23865	1.23782	1.23862	1347	0	1
2021.02.15	19:00:00	1.23862	1.23865	1.23774	1.23854	1206	0	1
2021.02.15	20:00:00	1.23853	1.23870	1.23750	1.23778	1169	0	8
2021.02.15	21:00:00	1.23778	1.23816	1.23759	1.23798	637	0	15
2021.02.15	22:00:00	1.23801	1.23812	1.23741	1.23784	499	0	9
2021.02.15	23:00:00	1.23784	1.23807	1.23738	1.23769	417	0	2
2021.02.16	00:00:00	1.23761	1.23819	1.23644	1.23802	718	0	55
2021.02.16	01:00:00	1.23802	1.23836	1.23768	1.23822	592	0	6
2021.02.16	02:00:00	1.23820	1.23888	1.23777	1.23825	960	0	4
2021.02.16	03:00:00	1.23825	1.23941	1.23799	1.23919	1152	0	1
2021.02.16	04:00:00	1.23919	1.23968	1.23890	1.23960	978	0	1
2021.02.16	05:00:00	1.23959	1.23973	1.23917	1.23953	916	0	1
2021.02.16	06:00:00	1.23953	1.23981	1.23934	1.23936	923	0	1
2021.02.16	07:00:00	1.23935	1.23967	1.23824	1.23867	1351	0	1
2021.02.16	08:00:00	1.23871	1.23941	1.23798	1.23841	994	0	2
2021.02.16	09:00:00	1.23842	1.23881	1.23766	1.23769	1571	0	1
2021.02.16	10:00:00	1.23768	1.23858	1.23703	1.23720	2106	0	1
2021.02.16	11:00:00	1.23723	1.23860	1.23711	1.23769	2178	0	1
2021.02.16	12:00:00	1.23774	1.23777	1.23629	1.23698	1836	0	1
2021.02.16	13:00:00	1.23700	1.23712	1.23571	1.23627	1664	0	1
2021.02.16	14:00:00	1.23627	1.23701	1.23563	1.23616	2110	0	1
2021.02.16	15:00:00	1.23616	1.23878	1.23609	1.23831	3036	0	1
2021.02.16	16:00:00	1.23831	1.23927	1.23762	1.23823	3386	0	1
2021.02.16	17:00:00	1.23823	1.24157	1.23758	1.24118	3387	0	1
2021.02.16	18:00:00	1.24115	1.24195	1.24029	1.24107	2744	0	1
2021.02.16	19:00:00	1.24107	1.24157	1.24052	1.24156	2344	0	1
2021.02.16	20:00:00	1.24155	1.24186	1.24118	1.24120	1315	0	1
2021.02.16	21:00:00	1.24122	1.24134	1.24056	1.24057	1386	0	1
2021.02.16	22:00:00	1.24058	1.24103	1.24037	1.24077	1309	0	1
2021.02.16	23:00:00	1.24075	1.24119	1.24064	1.24097	767	0	1
2021.02.17	00:00:00	1.24034	1.24088	1.24017	1.24067	447	0	51
2021.02.17	01:00:00	1.24067	1.24180	1.24045	1.24076	1272	0	2
2021.02.17	02:00:00	1.24074	1.24090	1.23898	1.23919	1430	0	2
2021.02.17	03:00:00	1.23918	1.23950	1.23888	1.23913	1145	0	1
2021.02.17	04:00:00	1.23913	1.24023	1.23890	1.23994	892	0	1
2021.02.17	05:00:00	1.23993	1.24056	1.23991	1.24038	843	0	2
2021.02.17	06:00:00	1.24038	1.24081	1.24029	1.24064	895	0	2
2021.02.17	07:00:00	1.24064	1.24091	1.24040	1.24043	1010	0	2
2021.02.17	08:00:00	1.24044	1.24084	1.24000	1.24030	1144	0	2
2021.02.17	09:00:00	1.24026	1.24265	1.24020	1.24223	1721	0	1
2021.02.17	10:00:00	1.24225	1.24438	1.24186	1.24292	2464	0	1
2021.02.17	11:00:00	1.24285	1.24386	1.24220	1.24241	2325	0	1
2021.02.17	12:00:00	1.24248	1.24337	1.24064	1.24069	1957	0	1
2021.02.17	13:00:00	1.24071	1.24181	1.24058	1.24111	1675	0	1
2021.02.17	14:00:00	1.24112	1.24292	1.24105	1.24248	1826	0	1
2021.02.17	15:00:00	1.24244	1.24426	1.24209	1.24355	3194	0	1
2021.02.17	16:00:00	1.24352	1.24389	1.24219	1.24335	3492	0	1
2021.02.17	17:00:00	1.24342	1.24506	1.24289	1.24422	2946	0	1
2021.02.17	18:00:00	1.24432	1.24501	1.24320	1.24409	2877	0	1
2021.02.17	19:00:00	1.24417	1.24496	1.24391	1.24459	1916	0	1
2021.02.17	20:00:00	1.24458	1.24598	1.24440	1.24536	1390	0	1
2021.02.17	21:00:00	1.24539	1.24633	1.24534	1.24633	1261	0	2
2021.02.17	22:00:00	1.24628	1.24631	1.24558	1.24603	1040	0	1
2021.02.17	23:00:00	1.24599	1.24634	1.24596	1.24609	746	0	1
2021.02.18	00:00:00	1.24491	1.24567	1.24444	1.24508	505	0	5
2021.02.18	01:00:00	1.24508	1.24604	1.24500	1.24594	372	0	5
2021.02.18	02:00:00	1.24593	1.24634	1.24556	1.24565	1270	0	2
2021.02.18	03:00:00	1.24563	1.24592	1.24509	1.24552	1379	0	1
2021.02.18	04:00:00	1.24549	1.24577	1.24490	1.24575	1243	0	1
2021.02.18	05:00:00	1.24578	1.24595	1.24478	1.24510	1146	0	1
2021.02.18	06:00:00	1.24510	1.24519	1.24464	1.24491	879	0	2
2021.02.18	07:00:00	1.24492	1.24521	1.24472	1.24498	895	0	2
2021.02.18	08:00:00	1.24496	1.24517	1.24450	1.24503	1017	0	1
2021.02.18	09:00:00	1.24504	1.24620	1.24470	1.24602	1703	0	1
2021.02.18	10:00:00	1.24600	1.24870	1.24581	1.24745	2798	0	1
2021.02.18	11:00:00	1.24745	1.24917	1.24723	1.24848	2329	0	1
2021.02.18	12:00:00	1.24848	1.25025	1.24848	1.24987	1550	0	1
2021.02.18	13:00:00	1.24987	1.25128	1.24953	1.25074	2159	0	1
2021.02.18	14:00:00	1.25075	1.25226	1.25017	1.25104	2339	0	1
2021.02.18	15:00:00	1.25102	1.25321	1.25067	1.25225	2678	0	1
2021.02.18	16:00:00	1.25226	1.25235	1.25118	1.25214	3286	0	1
2021.02.18	17:00:00	1.25215	1.25215	1.24994	1.25152	3512	0	1
2021.02.18	18:00:00	1.25160	1.25184	1.25089	1.25162	2173	0	1
2021.02.18	19:00:00	1.25162	1.25169	1.25080	1.25162	1493	0	2
2021.02.18	20:00:00	1.25164	1.25235	1.25160	1.25194	1449	0	2
2021.02.18	21:00:00	1.25194	1.25287	1.25182	1.25268	1418	0	2
2021.02.18	22:00:00	1.25279	1.25280	1.25189	1.25192	1170	0	1
2021.02.18	23:00:00	1.25197	1.25218	1.25177	1.25195	796	0	1
2021.02.19	00:00:00	1.25095	1.25216	1.25038	1.25187	514	0	31
2021.02.19	01:00:00	1.25187	1.25189	1.25136	1.25150	499	0	4
2021.02.19	02:00:00	1.25149	1.25202	1.25143	1.25195	803	0	3
2021.02.19	03:00:00	1.25198	1.25213	1.25143	1.25165	1389	0	1
2021.02.19	04:00:00	1.25165	1.25175	1.25117	1.25127	1267	0	2
2021.02.19	05:00:00	1.25126	1.25154	1.25114	1.25130	754	0	3
2021.02.19	06:00:00	1.25130	1.25198	1.25127	1.25154	561	0	2
2021.02.19	07:00:00	1.25154	1.25257	1.25132	1.25227	769	0	2
2021.02.19	08:00:00	1.25227	1.25297	1.25201	1.25253	771	0	1
2021.02.19	09:00:00	1.25262	1.25275	1.25166	1.25187	1735	0	1
2021.02.19	10:00:00	1.25188	1.25202	1.24984	1.25112	2397	0	1
2021.02.19	11:00:00	1.25112	1.25195	1.25045	1.25085	2203	0	1
2021.02.19	12:00:00	1.25085	1.25139	1.25009	1.25111	2105	0	1
2021.02.19	13:00:00	1.25111	1.25178	1.25068	1.25146	1786	0	1
2021.02.19	14:00:00	1.25147	1.25347	1.25132	1.25310	1866	0	1
2021.02.19	15:00:00	1.25308	1.25603	1.25250	1.25512	2572	0	1
2021.02.19	16:00:00	1.25512	1.25555	1.25444	1.25470	2687	0	2
2021.02.19	17:00:00	1.25473	1.25530	1.25426	1.25455	2924	0	1
2021.02.19	18:00:00	1.25456	1.25502	1.25378	1.25480	2264	0	1
2021.02.19	19:00:00	1.25479	1.25668	1.25477	1.25664	1920	0	1
2021.02.19	20:00:00	1.25662	1.25746	1.25588	1.25710	2023	0	1
2021.02.19	21:00:00	1.25710	1.25719	1.25641	1.25660	1254	0	1
2021.02.19	22:00:00	1.25662	1.25668	1.25544	1.25583	1019	0	2
2021.02.19	23:00:00	1.25583	1.25625	1.25544	1.25557	756	0	3
2021.02.22	00:00:00	1.25563	1.25644	1.25427	1.25521	1580	0	38
2021.02.22	01:00:00	1.25521	1.25821	1.25439	1.25808	1174	0	4
2021.02.22	02:00:00	1.25807	1.25854	1.25781	1.25843	1212	0	1
2021.02.22	03:00:00	1.25841	1.25936	1.25804	1.25836	1449	0	2
2021.02.22	04:00:00	1.25835	1.25897	1.25765	1.25802	1628	0	1
2021.02.22	05:00:00	1.25802	1.25869	1.25798	1.25832	1320	0	1
2021.02.22	06:00:00	1.25835	1.25902	1.25824	1.25897	1017	0	2
2021.02.22	07:00:00	1.25897	1.25948	1.25847	1.25891	1075	0	1
2021.02.22	08:00:00	1.25891	1.25891	1.25794	1.25864	959	0	3
2021.02.22	09:00:00	1.25870	1.25950	1.25636	1.25935	2045	0	1
2021.02.22	10:00:00	1.25936	1.26282	1.25860	1.26226	2699	0	1
2021.02.22	11:00:00	1.26224	1.26296	1.25999	1.26029	2464	0	1
2021.02.22	12:00:00	1.26029	1.26144	1.26008	1.26076	1697	0	1
2021.02.22	13:00:00	1.26075	1.26190	1.25912	1.25920	1996	0	1
2021.02.22	14:00:00	1.25919	1.25942	1.25801	1.25863	1956	0	1
2021.02.22	15:00:00	1.25864	1.25886	1.25741	1.25886	2508	0	1
2021.02.22	16:00:00	1.25881	1.25887	1.25687	1.25818	2885	0	1
2021.02.22	17:00:00	1.25819	1.26048	1.25772	1.26022	3331	0	1
2021.02.22	18:00:00	1.26025	1.26101	1.25890	1.26085	2494	0	1
2021.02.22	19:00:00	1.26085	1.26106	1.26034	1.26085	1723	0	1
2021.02.22	20:00:00	1.26085	1.26182	1.26079	1.26130	1228	0	1
2021.02.22	21:00:00	1.26128	1.26142	1.26049	1.26052	1222	0	1
2021.02.22	22:00:00	1.26051	1.26065	1.26013	1.26061	1305	0	1
2021.02.22	23:00:00	1.26061	1.26077	1.26008	1.26029	590	0	1
2021.02.23	00:00:00	1.25974	1.26083	1.25937	1.26058	410	0	31
2021.02.23	01:00:00	1.26057	1.26080	1.26014	1.26020	607	0	5
2021.02.23	02:00:00	1.26020	1.26037	1.25995	1.26014	944	0	1
2021.02.23	03:00:00	1.26013	1.26064	1.25998	1.26031	1241	0	2
2021.02.23	04:00:00	1.26034	1.26052	1.26004	1.26017	743	0	1
2021.02.23	05:00:00	1.26018	1.26054	1.25970	1.26039	659	0	1
2021.02.23	06:00:00	1.26039	1.26110	1.26028	1.26103	519	0	4
2021.02.23	07:00:00	1.26102	1.26155	1.26102	1.26130	843	0	4
2021.02.23	08:00:00	1.26134	1.26136	1.25959	1.25987	903	0	1
2021.02.23	09:00:00	1.25983	1.26254	1.25974	1.26236	1582	0	2
2021.02.23	10:00:00	1.26233	1.26639	1.26230	1.26612	2649	0	1
2021.02.23	11:00:00	1.26615	1.26897	1.26532	1.26745	2541	0	1
2021.02.23	12:00:00	1.26739	1.26899	1.26725	1.26871	2260	0	1
2021.02.23	13:00:00	1.26871	1.26912	1.26751	1.26838	2080	0	1
2021.02.23	14:00:00	1.26837	1.26895	1.26739	1.26852	1822	0	1
2021.02.23	15:00:00	1.26844	1.26859	1.26699	1.26746	2225	0	1
2021.02.23	16:00:00	1.26745	1.26776	1.26648	1.26742	3133	0	1
2021.02.23	17:00:00	1.26742	1.27009	1.26740	1.26998	3899	0	1
2021.02.23	18:00:00	1.26998	1.27203	1.26990	1.27147	2793	0	1
2021.02.23	19:00:00	1.27147	1.27383	1.27115	1.27366	2237	0	1
2021.02.23	20:00:00	1.27368	1.27506	1.27354	1.27453	1806	0	1
2021.02.23	21:00:00	1.27449	1.27764	1.27418	1.27732	1574	0	1
2021.02.23	22:00:00	1.27732	1.27765	1.27707	1.27738	1310	0	1
2021.02.23	23:00:00	1.27738	1.27802	1.27723	1.27791	1330	0	2
2021.02.24	00:00:00	1.27467	1.27740	1.27393	1.27721	545	0	26
2021.02.24	01:00:00	1.27721	1.27826	1.27657	1.27825	873	0	2
2021.02.24	02:00:00	1.27829	1.27965	1.27808	1.27964	1167	0	1
2021.02.24	03:00:00	1.27970	1.28920	1.27960	1.28426	2649	0	1
2021.02.24	04:00:00	1.28426	1.28430	1.28265	1.28341	1643	0	1
2021.02.24	05:00:00	1.28340	1.28406	1.28286	1.28318	1371	0	1
2021.02.24	06:00:00	1.28316	1.28427	1.28297	1.28384	1142	0	4
2021.02.24	07:00:00	1.28387	1.28442	1.28276	1.28433	1096	0	1
2021.02.24	08:00:00	1.28431	1.28584	1.28394	1.28530	1102	0	1
2021.02.24	09:00:00	1.28530	1.28747	1.28383	1.28444	1852	0	1
2021.02.24	10:00:00	1.28444	1.28947	1.28224	1.28700	3247	0	1
2021.02.24	11:00:00	1.28697	1.28727	1.28393	1.28419	2775	0	1
2021.02.24	12:00:00	1.28424	1.28483	1.28127	1.28483	2270	0	1
2021.02.24	13:00:00	1.28483	1.28547	1.28073	1.28267	2211	0	1
2021.02.24	14:00:00	1.28254	1.28345	1.28189	1.28197	2059	0	1
2021.02.24	15:00:00	1.28197	1.28237	1.27926	1.27961	3403	0	1
2021.02.24	16:00:00	1.27963	1.28322	1.27928	1.28249	3537	0	1
2021.02.24	17:00:00	1.28244	1.28361	1.28110	1.28208	3906	0	1
2021.02.24	18:00:00	1.28209	1.28213	1.27908	1.27994	2608	0	1
2021.02.24	19:00:00	1.27996	1.28081	1.27958	1.27986	1871	0	1
2021.02.24	20:00:00	1.27989	1.28114	1.27966	1.28103	1641	0	1
2021.02.24	21:00:00	1.28104	1.28218	1.28074	1.28200	1305	0	2
2021.02.24	22:00:00	1.28200	1.28215	1.28084	1.28209	1699	0	1
2021.02.24	23:00:00	1.28209	1.28237	1.28150	1.28181	1010	0	3
2021.02.25	00:00:00	1.28113	1.28227	1.28090	1.28206	493	0	5
2021.02.25	01:00:00	1.28206	1.28292	1.28199	1.28270	1086	0	4
2021.02.25	02:00:00	1.28270	1.28321	1.28239	1.28278	1035	0	3
2021.02.25	03:00:00	1.28285	1.28303	1.28178	1.28199	1648	0	2
2021.02.25	04:00:00	1.28199	1.28215	1.28145	1.28180	1148	0	2
2021.02.25	05:00:00	1.28181	1.28236	1.28154	1.28223	863	0	2
2021.02.25	06:00:00	1.28224	1.28331	1.28220	1.28298	983	0	2
2021.02.25	07:00:00	1.28297	1.28369	1.28294	1.28322	1263	0	1
2021.02.25	08:00:00	1.28321	1.28341	1.28221	1.28289	1327	0	1
2021.02.25	09:00:00	1.28290	1.28347	1.28018	1.28164	1766	0	1
2021.02.25	10:00:00	1.28170	1.28218	1.27954	1.28122	2677	0	1
2021.02.25	11:00:00	1.28120	1.28462	1.28062	1.28441	2755	0	1
2021.02.25	12:00:00	1.28441	1.28630	1.28147	1.28250	2655	0	1
2021.02.25	13:00:00	1.28250	1.28349	1.27970	1.28044	2464	0	1
2021.02.25	14:00:00	1.28044	1.28255	1.28023	1.28179	2315	0	1
2021.02.25	15:00:00	1.28179	1.28262	1.28058	1.28228	3011	0	1
2021.02.25	16:00:00	1.28236	1.28284	1.28018	1.28053	3597	0	1
2021.02.25	17:00:00	1.28058	1.28079	1.27644	1.27728	3979	0	1
2021.02.25	18:00:00	1.27730	1.27735	1.27409	1.27410	2822	0	1
2021.02.25	19:00:00	1.27414	1.27442	1.27120	1.27250	3104	0	1
2021.02.25	20:00:00	1.27248	1.27317	1.26797	1.26901	4224	0	1
2021.02.25	21:00:00	1.26902	1.27091	1.26889	1.26980	3101	0	1
2021.02.25	22:00:00	1.26979	1.27113	1.26891	1.26954	3069	0	1
2021.02.25	23:00:00	1.26954	1.26956	1.26781	1.26788	1350	0	1
2021.02.26	00:00:00	1.26712	1.26895	1.26637	1.26695	1186	0	1
2021.02.26	01:00:00	1.26695	1.26931	1.26646	1.26840	1989	0	1
2021.02.26	02:00:00	1.26838	1.26864	1.26448	1.26595	2550	0	1
2021.02.26	03:00:00	1.26591	1.26755	1.26581	1.26717	2324	0	1
2021.02.26	04:00:00	1.26717	1.26800	1.26681	1.26750	1851	0	1
2021.02.26	05:00:00	1.26751	1.26775	1.26564	1.26617	1952	0	2
2021.02.26	06:00:00	1.26617	1.26659	1.26319	1.26445	1747	0	2
2021.02.26	07:00:00	1.26443	1.26535	1.26332	1.26340	2365	0	1
2021.02.26	08:00:00	1.26338	1.26374	1.26039	1.26234	2161	0	1
2021.02.26	09:00:00	1.26241	1.26243	1.25827	1.25840	3286	0	1
2021.02.26	10:00:00	1.25840	1.26282	1.25762	1.26096	3306	0	1
2021.02.26	11:00:00	1.26096	1.26124	1.25910	1.26076	3034	0	1
2021.02.26	12:00:00	1.26077	1.26191	1.25773	1.25790	2768	0	1
2021.02.26	13:00:00	1.25789	1.26285	1.25789	1.26181	3453	0	1
2021.02.26	14:00:00	1.26184	1.26507	1.25976	1.26353	3219	0	1
2021.02.26	15:00:00	1.26353	1.26471	1.26136	1.26448	3316	0	1
2021.02.26	16:00:00	1.26456	1.26676	1.26201	1.26235	3624	0	1
2021.02.26	17:00:00	1.26233	1.26651	1.26083	1.26555	4692	0	1
2021.02.26	18:00:00	1.26548	1.26852	1.26331	1.26802	4065	0	1
2021.02.26	19:00:00	1.26801	1.26969	1.26688	1.26880	2931	0	1
2021.02.26	20:00:00	1.26877	1.26937	1.26787	1.26829	2563	0	1
2021.02.26	21:00:00	1.26829	1.26871	1.26721	1.26773	1669	0	1
2021.02.26	22:00:00	1.26769	1.26864	1.26631	1.26700	1884	0	1
2021.02.26	23:00:00	1.26694	1.26741	1.26530	1.26543	1393	0	2
2021.03.01	00:00:00	1.26467	1.26636	1.26376	1.26557	949	0	52
2021.03.01	01:00:00	1.26557	1.26875	1.26461	1.26789	1915	0	1
2021.03.01	02:00:00	1.26797	1.26981	1.26782	1.26948	1842	0	2
2021.03.01	03:00:00	1.26944	1.27083	1.26917	1.27031	1858	0	1
2021.03.01	04:00:00	1.27031	1.27131	1.27021	1.27067	1680	0	1
2021.03.01	05:00:00	1.27065	1.27077	1.26937	1.27024	1048	0	2
2021.03.01	06:00:00	1.27022	1.27026	1.26903	1.26943	1277	0	2
2021.03.01	07:00:00	1.26943	1.27058	1.26914	1.27035	1230	0	4
2021.03.01	08:00:00	1.27026	1.27107	1.26995	1.27085	1091	0	2
2021.03.01	09:00:00	1.27087	1.27166	1.26975	1.27037	1807	0	1
2021.03.01	10:00:00	1.27035	1.27071	1.26840	1.26995	2689	0	1
2021.03.01	11:00:00	1.26994	1.27199	1.26848	1.27138	2428	0	1
2021.03.01	12:00:00	1.27137	1.27552	1.27106	1.27536	2055	0	1
2021.03.01	13:00:00	1.27536	1.27723	1.27224	1.27230	2375	0	1
2021.03.01	14:00:00	1.27233	1.27434	1.27196	1.27352	2139	0	1
2021.03.01	15:00:00	1.27351	1.27451	1.27181	1.27425	2339	0	1
2021.03.01	16:00:00	1.27422	1.27575	1.27174	1.27311	3467	0	1
2021.03.01	17:00:00	1.27371	1.27629	1.27299	1.27355	3577	0	1
2021.03.01	18:00:00	1.27352	1.27464	1.27198	1.27369	2521	0	1
2021.03.01	19:00:00	1.27369	1.27454	1.27305	1.27319	1817	0	1
2021.03.01	20:00:00	1.27322	1.27477	1.27279	1.27429	1553	0	1
2021.03.01	21:00:00	1.27431	1.27514	1.27388	1.27392	1398	0	1
2021.03.01	22:00:00	1.27393	1.27463	1.27329	1.27369	1531	0	2
2021.03.01	23:00:00	1.27374	1.27427	1.27329	1.27417	769	0	1
2021.03.02	00:00:00	1.27349	1.27400	1.27267	1.27343	402	0	3
2021.03.02	01:00:00	1.27343	1.27459	1.27322	1.27445	786	0	2
2021.03.02	02:00:00	1.27445	1.27528	1.27406	1.27505	939	0	1
2021.03.02	03:00:00	1.27505	1.27515	1.27320	1.27362	1652	0	2
2021.03.02	04:00:00	1.27359	1.27367	1.27114	1.27146	1556	0	1
2021.03.02	05:00:00	1.27142	1.27216	1.27100	1.27166	1780	0	1
2021.03.02	06:00:00	1.27166	1.27190	1.27007	1.27011	1743	0	2
2021.03.02	07:00:00	1.27013	1.27193	1.26997	1.27148	1448	0	1
2021.03.02	08:00:00	1.27151	1.27252	1.27118	1.27193	1373	0	3
2021.03.02	09:00:00	1.27192	1.27254	1.27100	1.27254	2219	0	1
2021.03.02	10:00:00	1.27255	1.27623	1.27238	1.27538	2729	0	1
2021.03.02	11:00:00	1.27535	1.27535	1.27253	1.27371	2545	0	1
2021.03.02	12:00:00	1.27356	1.27582	1.27326	1.27554	2355	0	1
2021.03.02	13:00:00	1.27554	1.27781	1.27526	1.27762	2515	0	1
2021.03.02	14:00:00	1.27764	1.27883	1.27654	1.27881	2048	0	1
2021.03.02	15:00:00	1.27887	1.27928	1.27626	1.27706	2294	0	1
2021.03.02	16:00:00	1.27706	1.27875	1.27514	1.27611	3174	0	1
2021.03.02	17:00:00	1.27609	1.27665	1.27476	1.27593	3431	0	1
2021.03.02	18:00:00	1.27592	1.27685	1.27524	1.27622	2901	0	1
2021.03.02	19:00:00	1.27622	1.27706	1.27604	1.27685	1858	0	1
2021.03.02	20:00:00	1.27684	1.27805	1.27682	1.27805	1436	0	1
2021.03.02	21:00:00	1.27809	1.27830	1.27600	1.27659	1497	0	1
2021.03.02	22:00:00	1.27661	1.27708	1.27629	1.27707	1259	0	1
2021.03.02	23:00:00	1.27712	1.27717	1.27622	1.27646	1012	0	1
2021.03.03	00:00:00	1.27638	1.27705	1.27557	1.27614	536	0	32
2021.03.03	01:00:00	1.27624	1.27740	1.27601	1.27696	767	0	1
2021.03.03	02:00:00	1.27696	1.27728	1.27638	1.27703	1005	0	1
2021.03.03	03:00:00	1.27701	1.27793	1.27695	1.27748	1135	0	3
2021.03.03	04:00:00	1.27748	1.27793	1.27710	1.27788	1093	0	2
2021.03.03	05:00:00	1.27787	1.27825	1.27747	1.27812	1087	0	1
2021.03.03	06:00:00	1.27814	1.27846	1.27711	1.27714	907	0	2
2021.03.03	07:00:00	1.27714	1.27758	1.27660	1.27687	948	0	3
2021.03.03	08:00:00	1.27690	1.27740	1.27570	1.27729	957	0	1
2021.03.03	09:00:00	1.27732	1.27979	1.27665	1.27842	1802	0	1
2021.03.03	10:00:00	1.27841	1.28150	1.27817	1.28042	2594	0	1
2021.03.03	11:00:00	1.28040	1.28208	1.27939	1.27975	2615	0	1
2021.03.03	12:00:00	1.27977	1.28114	1.27941	1.28096	2009	0	1
2021.03.03	13:00:00	1.28097	1.28216	1.27923	1.28066	1993	0	1
2021.03.03	14:00:00	1.28072	1.28216	1.27955	1.28142	1897	0	1
2021.03.03	15:00:00	1.28139	1.28341	1.28036	1.28160	3264	0	1
2021.03.03	16:00:00	1.28160	1.28238	1.28004	1.28089	3694	0	1
2021.03.03	17:00:00	1.28092	1.28229	1.27817	1.28193	4177	0	1
2021.03.03	18:00:00	1.28185	1.28350	1.28133	1.28318	3018	0	1
2021.03.03	19:00:00	1.28317	1.28374	1.28141	1.28318	2495	0	1
2021.03.03	20:00:00	1.28317	1.28442	1.28219	1.28330	2030	0	1
2021.03.03	21:00:00	1.28328	1.28372	1.28274	1.28350	2192	0	1
2021.03.03	22:00:00	1.28345	1.28391	1.28242	1.28341	1941	0	1
2021.03.03	23:00:00	1.28341	1.28341	1.28275	1.28326	864	0	2
2021.03.04	00:00:00	1.28262	1.28360	1.28190	1.28268	625	0	30
2021.03.04	01:00:00	1.28268	1.28329	1.28086	1.28086	865	0	1
2021.03.04	02:00:00	1.28088	1.28199	1.28086	1.28160	1268	0	2
2021.03.04	03:00:00	1.28164	1.28197	1.28118	1.28167	1468	0	1
2021.03.04	04:00:00	1.28165	1.28220	1.28134	1.28151	1385	0	1
2021.03.04	05:00:00	1.28149	1.28211	1.28130	1.28187	1195	0	3
2021.03.04	06:00:00	1.28187	1.28220	1.28111	1.28206	1790	0	2
2021.03.04	07:00:00	1.28209	1.28310	1.28207	1.28295	1560	0	3
2021.03.04	08:00:00	1.28297	1.28362	1.28245	1.28324	1593	0	1
2021.03.04	09:00:00	1.28320	1.28481	1.28291	1.28478	1826	0	1
2021.03.04	10:00:00	1.28471	1.28719	1.28372	1.28617	2999	0	1
2021.03.04	11:00:00	1.28613	1.28743	1.28487	1.28564	2513	0	1
2021.03.04	12:00:00	1.28563	1.28761	1.28409	1.28756	2451	0	1
2021.03.04	13:00:00	1.28756	1.28935	1.28732	1.28829	2323	0	1
2021.03.04	14:00:00	1.28830	1.28888	1.28734	1.28851	2249	0	1
2021.03.04	15:00:00	1.28853	1.29123	1.28759	1.29010	2713	0	1
2021.03.04	16:00:00	1.29002	1.29222	1.28885	1.29196	3014	0	1
2021.03.04	17:00:00	1.29199	1.29484	1.29170	1.29445	3863	0	1
2021.03.04	18:00:00	1.29447	1.29663	1.29331	1.29594	3080	0	1
2021.03.04	19:00:00	1.29596	1.29610	1.29272	1.29302	4566	0	1
2021.03.04	20:00:00	1.29302	1.29378	1.29075	1.29102	4214	0	1
2021.03.04	21:00:00	1.29104	1.29218	1.29058	1.29062	3424	0	1
2021.03.04	22:00:00	1.29063	1.29109	1.29011	1.29094	2687	0	1
2021.03.04	23:00:00	1.29095	1.29147	1.29043	1.29050	1136	0	1
2021.03.05	00:00:00	1.28987	1.29106	1.28987	1.29059	908	0	36
2021.03.05	01:00:00	1.29059	1.29141	1.28996	1.29111	1030	0	2
2021.03.05	02:00:00	1.29110	1.29154	1.29040	1.29041	1301	0	2
2021.03.05	03:00:00	1.29041	1.29049	1.28843	1.28947	1789	0	1
2021.03.05	04:00:00	1.28947	1.29061	1.28901	1.29046	1683	0	3
2021.03.05	05:00:00	1.29046	1.29144	1.29019	1.29135	1629	0	3
2021.03.05	06:00:00	1.29135	1.29139	1.28995	1.28999	1294	0	2
2021.03.05	07:00:00	1.28998	1.29020	1.28925	1.29008	1405	0	1
2021.03.05	08:00:00	1.29010	1.29081	1.28924	1.29066	1354	0	2
2021.03.05	09:00:00	1.29077	1.29090	1.28853	1.28996	2031	0	1
2021.03.05	10:00:00	1.28997	1.29027	1.28699	1.28706	3255	0	1
2021.03.05	11:00:00	1.28705	1.28712	1.28388	1.28421	2936	0	1
2021.03.05	12:00:00	1.28423	1.28478	1.28083	1.28151	2356	0	1
2021.03.05	13:00:00	1.28152	1.28308	1.28088	1.28245	2530	0	1
2021.03.05	14:00:00	1.28243	1.28302	1.27978	1.28103	2336	0	1
2021.03.05	15:00:00	1.28108	1.28378	1.28024	1.28374	3772	0	1
2021.03.05	16:00:00	1.28374	1.28605	1.28295	1.28387	4544	0	1
2021.03.05	17:00:00	1.28378	1.28726	1.28359	1.28691	4592	0	1
2021.03.05	18:00:00	1.28691	1.28747	1.28428	1.28572	3508	0	1
2021.03.05	19:00:00	1.28567	1.28731	1.28473	1.28726	3031	0	1
2021.03.05	20:00:00	1.28725	1.28803	1.28678	1.28738	2500	0	1
2021.03.05	21:00:00	1.28737	1.28858	1.28723	1.28845	1776	0	1
2021.03.05	22:00:00	1.28852	1.28909	1.28770	1.28909	1437	0	1
2021.03.05	23:00:00	1.28903	1.28935	1.28780	1.28782	895	0	3
2021.03.08	00:00:00	1.28141	1.28867	1.28141	1.28819	612	0	65
2021.03.08	01:00:00	1.28819	1.28947	1.28656	1.28829	2201	0	2
2021.03.08	02:00:00	1.28832	1.28880	1.28750	1.28855	1390	0	2
2021.03.08	03:00:00	1.28845	1.28917	1.28810	1.28888	1541	0	1
2021.03.08	04:00:00	1.28889	1.28915	1.28733	1.28780	1650	0	2
2021.03.08	05:00:00	1.28781	1.28812	1.28682	1.28689	1460	0	3
2021.03.08	06:00:00	1.28689	1.28809	1.28668	1.28787	1040	0	2
2021.03.08	07:00:00	1.28789	1.28894	1.28789	1.28894	1253	0	3
2021.03.08	08:00:00	1.28891	1.28940	1.28783	1.28784	1240	0	3
2021.03.08	09:00:00	1.28783	1.28910	1.28717	1.28869	1783	0	1
2021.03.08	10:00:00	1.28871	1.29169	1.28837	1.29147	2758	0	1
2021.03.08	11:00:00	1.29148	1.29204	1.29022	1.29121	2643	0	1
2021.03.08	12:00:00	1.29121	1.29237	1.28983	1.29223	2258	0	1
2021.03.08	13:00:00	1.29221	1.29288	1.29077	1.29220	2504	0	1
2021.03.08	14:00:00	1.29211	1.29276	1.29068	1.29260	2599	0	1
2021.03.08	15:00:00	1.29260	1.29399	1.29248	1.29343	3211	0	1
2021.03.08	16:00:00	1.29343	1.29362	1.29055	1.29111	3509	0	1
2021.03.08	17:00:00	1.29114	1.29275	1.29053	1.29230	4101	0	1
2021.03.08	18:00:00	1.29226	1.29327	1.29147	1.29182	2969	0	1
2021.03.08	19:00:00	1.29184	1.29467	1.29184	1.29459	2421	0	1
2021.03.08	20:00:00	1.29459	1.29496	1.29338	1.29399	2191	0	1
2021.03.08	21:00:00	1.29396	1.29448	1.29341	1.29395	2187	0	1
2021.03.08	22:00:00	1.29392	1.29407	1.29324	1.29387	1727	0	2
2021.03.08	23:00:00	1.29381	1.29480	1.29320	1.29467	809	0	1
2021.03.09	00:00:00	1.29329	1.29419	1.29210	1.29346	446	0	61
2021.03.09	01:00:00	1.29346	1.29449	1.29345	1.29389	544	0	7
2021.03.09	02:00:00	1.29396	1.29428	1.29352	1.29422	1623	0	3
2021.03.09	03:00:00	1.29418	1.29511	1.29386	1.29422	2044	0	2
2021.03.09	04:00:00	1.29422	1.29582	1.29421	1.29563	2112	0	1
2021.03.09	05:00:00	1.29567	1.29594	1.29524	1.29548	2003	0	2
2021.03.09	06:00:00	1.29549	1.29610	1.29516	1.29546	1523	0	3
2021.03.09	07:00:00	1.29548	1.29624	1.29507	1.29524	1802	0	1
2021.03.09	08:00:00	1.29530	1.29559	1.29425	1.29463	1369	0	3
2021.03.09	09:00:00	1.29466	1.29656	1.29391	1.29644	2447	0	1
2021.03.09	10:00:00	1.29644	1.29888	1.29513	1.29737	3068	0	1
2021.03.09	11:00:00	1.29736	1.29804	1.29609	1.29669	2716	0	1
2021.03.09	12:00:00	1.29666	1.29680	1.29116	1.29307	2629	0	1
2021.03.09	13:00:00	1.29308	1.29351	1.29153	1.29170	2542	0	1
2021.03.09	14:00:00	1.29170	1.29254	1.29095	1.29159	2176	0	1
2021.03.09	15:00:00	1.29159	1.29400	1.29125	1.29346	2422	0	1
2021.03.09	16:00:00	1.29350	1.29475	1.29306	1.29395	3277	0	1
2021.03.09	17:00:00	1.29396	1.29451	1.29193	1.29255	3352	0	1
2021.03.09	18:00:00	1.29254	1.29344	1.28968	1.29005	2732	0	1
2021.03.09	19:00:00	1.29006	1.29093	1.28923	1.28976	1793	0	1
2021.03.09	20:00:00	1.28976	1.29031	1.28927	1.28986	1845	0	1
2021.03.09	21:00:00	1.28986	1.29013	1.28948	1.28995	1492	0	2
2021.03.09	22:00:00	1.28996	1.29033	1.28940	1.28945	1397	0	3
2021.03.09	23:00:00	1.28945	1.28977	1.28850	1.28873	898	0	1
2021.03.10	00:00:00	1.28797	1.28968	1.28768	1.28804	620	0	17
2021.03.10	01:00:00	1.28804	1.28923	1.28803	1.28898	680	0	7
2021.03.10	02:00:00	1.28897	1.29025	1.28878	1.28982	909	0	3
2021.03.10	03:00:00	1.28984	1.29027	1.28908	1.28943	1319	0	3
2021.03.10	04:00:00	1.28944	1.28970	1.28888	1.28948	1334	0	2
2021.03.10	05:00:00	1.28948	1.28992	1.28911	1.28954	1182	0	4
2021.03.10	06:00:00	1.28955	1.28968	1.28909	1.28909	997	0	3
2021.03.10	07:00:00	1.28909	1.28953	1.28840	1.28909	950	0	1
2021.03.10	08:00:00	1.28905	1.28972	1.28832	1.28955	1182	0	1
2021.03.10	09:00:00	1.28955	1.29005	1.28900	1.28930	1836	0	1
2021.03.10	10:00:00	1.28932	1.29163	1.28896	1.29117	2363	0	1
2021.03.10	11:00:00	1.29118	1.29302	1.29015	1.29269	2024	0	1
2021.03.10	12:00:00	1.29268	1.29349	1.29189	1.29200	2268	0	1
2021.03.10	13:00:00	1.29202	1.29275	1.29145	1.29187	1804	0	1
2021.03.10	14:00:00	1.29189	1.29272	1.29079	1.29237	2072	0	1
2021.03.10	15:00:00	1.29238	1.29289	1.29123	1.29209	3495	0	1
2021.03.10	16:00:00	1.29214	1.29354	1.29170	1.29274	3558	0	1
2021.03.10	17:00:00	1.29276	1.29472	1.29244	1.29471	3548	0	1
2021.03.10	18:00:00	1.29485	1.29565	1.29359	1.29472	2825	0	1
2021.03.10	19:00:00	1.29476	1.29499	1.29374	1.29413	2153	0	1
2021.03.10	20:00:00	1.29413	1.29486	1.29378	1.29477	2815	0	1
2021.03.10	21:00:00	1.29477	1.29559	1.29451	1.29521	1995	0	1
2021.03.10	22:00:00	1.29527	1.29527	1.29425	1.29513	1427	0	1
2021.03.10	23:00:00	1.29516	1.29594	1.29495	1.29582	495	0	1
2021.03.11	00:00:00	1.29474	1.29586	1.29297	1.29440	509	0	38
2021.03.11	01:00:00	1.29440	1.29562	1.29440	1.29534	408	0	7
2021.03.11	02:00:00	1.29537	1.29597	1.29519	1.29584	765	0	2
2021.03.11	03:00:00	1.29583	1.29645	1.29539	1.29633	1039	0	3
2021.03.11	04:00:00	1.29628	1.29665	1.29574	1.29582	1165	0	1
2021.03.11	05:00:00	1.29582	1.29595	1.29547	1.29560	684	0	2
2021.03.11	06:00:00	1.29563	1.29647	1.29544	1.29637	677	0	4
2021.03.11	07:00:00	1.29638	1.29706	1.29618	1.29699	856	0	3
2021.03.11	08:00:00	1.29694	1.29711	1.29607	1.29630	958	0	2
2021.03.11	09:00:00	1.29620	1.29714	1.29493	1.29534	1569	0	1
2021.03.11	10:00:00	1.29534	1.29566	1.29101	1.29131	2629	0	1
2021.03.11	11:00:00	1.29131	1.29195	1.28901	1.29045	2129	0	1
2021.03.11	12:00:00	1.29045	1.29190	1.29014	1.29149	1665	0	1
2021.03.11	13:00:00	1.29148	1.29200	1.29044	1.29130	1672	0	1
2021.03.11	14:00:00	1.29129	1.29154	1.28993	1.29132	2160	0	1
2021.03.11	15:00:00	1.29132	1.29323	1.29131	1.29269	3169	0	1
2021.03.11	16:00:00	1.29267	1.29321	1.29162	1.29271	3357	0	1
2021.03.11	17:00:00	1.29272	1.29488	1.29264	1.29292	3004	0	1
2021.03.11	18:00:00	1.29293	1.29308	1.29167	1.29237	2023	0	1
2021.03.11	19:00:00	1.29231	1.29301	1.29185	1.29258	1975	0	1
2021.03.11	20:00:00	1.29256	1.29256	1.29124	1.29160	2055	0	1
2021.03.11	21:00:00	1.29159	1.29308	1.29131	1.29305	1636	0	1
2021.03.11	22:00:00	1.29303	1.29314	1.29228	1.29284	1222	0	2
2021.03.11	23:00:00	1.29287	1.29378	1.29259	1.29374	811	0	2
2021.03.12	00:00:00	1.29214	1.29372	1.29108	1.29124	473	0	47
2021.03.12	01:00:00	1.29124	1.29377	1.29124	1.29361	601	0	6
2021.03.12	02:00:00	1.29357	1.29461	1.29334	1.29455	783	0	2
2021.03.12	03:00:00	1.29455	1.29517	1.29396	1.29425	1088	0	3
2021.03.12	04:00:00	1.29425	1.29514	1.29421	1.29504	1407	0	3
2021.03.12	05:00:00	1.29509	1.29517	1.29475	1.29501	1030	0	4
2021.03.12	06:00:00	1.29503	1.29544	1.29479	1.29497	669	0	4
2021.03.12	07:00:00	1.29495	1.29506	1.29435	1.29492	778	0	3
2021.03.12	08:00:00	1.29491	1.29529	1.29342	1.29382	1534	0	2
2021.03.12	09:00:00	1.29384	1.29454	1.29296	1.29428	1919	0	1
2021.03.12	10:00:00	1.29428	1.29713	1.29388	1.29703	2803	0	1
2021.03.12	11:00:00	1.29695	1.29819	1.29529	1.29531	2557	0	1
2021.03.12	12:00:00	1.29533	1.29684	1.29518	1.29655	1641	0	1
2021.03.12	13:00:00	1.29654	1.29667	1.29237	1.29285	2344	0	1
2021.03.12	14:00:00	1.29281	1.29415	1.29140	1.29141	1905	0	1
2021.03.12	15:00:00	1.29142	1.29301	1.29132	1.29280	2843	0	1
2021.03.12	16:00:00	1.29281	1.29309	1.29051	1.29240	3207	0	1
2021.03.12	17:00:00	1.29243	1.29339	1.29064	1.29115	3314	0	1
2021.03.12	18:00:00	1.29110	1.29247	1.29028	1.29242	2685	0	1
2021.03.12	19:00:00	1.29242	1.29387	1.29230	1.29324	2348	0	1
2021.03.12	20:00:00	1.29324	1.29328	1.29236	1.29264	1670	0	1
2021.03.12	21:00:00	1.29266	1.29462	1.29250	1.29432	1326	0	3
2021.03.12	22:00:00	1.29433	1.29482	1.29345	1.29358	1152	0	2
2021.03.12	23:00:00	1.29359	1.29405	1.29309	1.29325	991	0	2
2021.03.15	00:00:00	1.29172	1.29284	1.28953	1.29246	234	0	177
2021.03.15	01:00:00	1.29246	1.29443	1.29226	1.29389	1044	0	36
2021.03.15	02:00:00	1.29389	1.29475	1.29366	1.29473	1097	0	5
2021.03.15	03:00:00	1.29473	1.29476	1.29400	1.29406	1437	0	4
2021.03.15	04:00:00	1.29406	1.29469	1.29386	1.29431	1807	0	2
2021.03.15	05:00:00	1.29431	1.29465	1.29391	1.29404	1694	0	2
2021.03.15	06:00:00	1.29401	1.29404	1.29366	1.29387	1409	0	5
2021.03.15	07:00:00	1.29383	1.29469	1.29374	1.29463	1032	0	3
2021.03.15	08:00:00	1.29463	1.29470	1.29393	1.29413	1525	0	2
2021.03.15	09:00:00	1.29421	1.29506	1.29367	1.29449	1468	0	1
2021.03.15	10:00:00	1.29449	1.29643	1.29449	1.29574	1937	0	1
2021.03.15	11:00:00	1.29575	1.29644	1.29393	1.29601	2461	0	1
2021.03.15	12:00:00	1.29602	1.29703	1.29451	1.29493	2105	0	1
2021.03.15	13:00:00	1.29498	1.29548	1.29373	1.29387	1476	0	2
2021.03.15	14:00:00	1.29387	1.29391	1.29157	1.29250	1599	0	1
2021.03.15	15:00:00	1.29247	1.29450	1.29241	1.29434	1989	0	1
2021.03.15	16:00:00	1.29434	1.29442	1.29198	1.29279	2573	0	1
2021.03.15	17:00:00	1.29281	1.29284	1.28972	1.29000	2546	0	1
2021.03.15	18:00:00	1.29000	1.29021	1.28678	1.28696	2786	0	1
2021.03.15	19:00:00	1.28694	1.28863	1.28671	1.28833	2221	0	1
2021.03.15	20:00:00	1.28828	1.28970	1.28783	1.28969	1488	0	1
2021.03.15	21:00:00	1.28967	1.28980	1.28884	1.28907	1104	0	2
2021.03.15	22:00:00	1.28908	1.28959	1.28850	1.28905	1244	0	1
2021.03.15	23:00:00	1.28904	1.28921	1.28863	1.28904	640	0	3
2021.03.16	00:00:00	1.28882	1.28936	1.28788	1.28907	145	0	31
2021.03.16	01:00:00	1.28907	1.28946	1.28861	1.28917	509	0	5
2021.03.16	02:00:00	1.28917	1.28938	1.28904	1.28933	429	0	4
2021.03.16	03:00:00	1.28933	1.28941	1.28812	1.28816	845	0	3
2021.03.16	04:00:00	1.28812	1.28859	1.28756	1.28759	1022	0	5
2021.03.16	05:00:00	1.28758	1.28769	1.28610	1.28645	1149	0	2
2021.03.16	06:00:00	1.28644	1.28670	1.28512	1.28525	1098	0	2
2021.03.16	07:00:00	1.28524	1.28542	1.28483	1.28504	718	0	2
2021.03.16	08:00:00	1.28504	1.28576	1.28461	1.28553	982	0	5
2021.03.16	09:00:00	1.28553	1.28554	1.28438	1.28487	1230	0	2
2021.03.16	10:00:00	1.28486	1.28489	1.28228	1.28373	1672	0	1
2021.03.16	11:00:00	1.28373	1.28421	1.28168	1.28188	1840	0	1
2021.03.16	12:00:00	1.28191	1.28309	1.28152	1.28276	1747	0	1
2021.03.16	13:00:00	1.28268	1.28334	1.27885	1.28053	1781	0	1
2021.03.16	14:00:00	1.28053	1.28308	1.28038	1.28263	1743	0	1
2021.03.16	15:00:00	1.28265	1.28537	1.28224	1.28494	2786	0	1
2021.03.16	16:00:00	1.28494	1.28674	1.28348	1.28501	3493	0	1
2021.03.16	17:00:00	1.28492	1.28649	1.28492	1.28585	2089	0	1
2021.03.16	18:00:00	1.28580	1.28674	1.28553	1.28632	2463	0	1
2021.03.16	19:00:00	1.28620	1.28734	1.28592	1.28679	2132	0	1
2021.03.16	20:00:00	1.28679	1.28688	1.28547	1.28585	2149	0	1
2021.03.16	21:00:00	1.28583	1.28606	1.28479	1.28551	1795	0	1
2021.03.16	22:00:00	1.28554	1.28559	1.28477	1.28525	1466	0	2
2021.03.16	23:00:00	1.28528	1.28540	1.28455	1.28460	556	0	1
2021.03.17	00:00:00	1.28431	1.28502	1.28411	1.28495	189	0	46
2021.03.17	01:00:00	1.28495	1.28538	1.28413	1.28536	443	0	6
2021.03.17	02:00:00	1.28536	1.28604	1.28518	1.28592	480	0	4
2021.03.17	03:00:00	1.28590	1.28677	1.28574	1.28585	941	0	3
2021.03.17	04:00:00	1.28585	1.28606	1.28526	1.28593	1247	0	2
2021.03.17	05:00:00	1.28593	1.28612	1.28538	1.28577	999	0	2
2021.03.17	06:00:00	1.28575	1.28600	1.28560	1.28586	781	0	3
2021.03.17	07:00:00	1.28583	1.28639	1.28567	1.28598	541	0	2
2021.03.17	08:00:00	1.28598	1.28607	1.28510	1.28539	984	0	3
2021.03.17	09:00:00	1.28539	1.28768	1.28508	1.28764	957	0	1
2021.03.17	10:00:00	1.28768	1.29018	1.28745	1.28984	1518	0	1
2021.03.17	11:00:00	1.28983	1.29172	1.28830	1.28836	1588	0	1
2021.03.17	12:00:00	1.28836	1.28851	1.28592	1.28752	1926	0	1
2021.03.17	13:00:00	1.28755	1.28952	1.28612	1.28907	1377	0	2
2021.03.17	14:00:00	1.28908	1.29087	1.28850	1.29004	1758	0	1
2021.03.17	15:00:00	1.29009	1.29135	1.28934	1.29023	2197	0	1
2021.03.17	16:00:00	1.29024	1.29059	1.28916	1.29059	1919	0	1
2021.03.17	17:00:00	1.29060	1.29089	1.28814	1.28912	2090	0	1
2021.03.17	18:00:00	1.28911	1.28913	1.28709	1.28830	2246	0	1
2021.03.17	19:00:00	1.28829	1.28829	1.28727	1.28748	1745	0	1
2021.03.17	20:00:00	1.28747	1.28782	1.28476	1.28476	1910	0	1
2021.03.17	21:00:00	1.28475	1.28653	1.28365	1.28612	4678	0	1
2021.03.17	22:00:00	1.28613	1.28831	1.28535	1.28831	3019	0	1
2021.03.17	23:00:00	1.28831	1.28859	1.28742	1.28815	875	0	4
2021.03.18	00:00:00	1.28817	1.28837	1.28654	1.28745	268	0	49
2021.03.18	01:00:00	1.28745	1.28894	1.28743	1.28802	680	0	8
2021.03.18	02:00:00	1.28802	1.28885	1.28788	1.28881	676	0	3
2021.03.18	03:00:00	1.28880	1.28887	1.28804	1.28852	1232	0	1
2021.03.18	04:00:00	1.28852	1.28907	1.28817	1.28894	1391	0	1
2021.03.18	05:00:00	1.28892	1.28910	1.28860	1.28874	883	0	2
2021.03.18	06:00:00	1.28874	1.28881	1.28759	1.28783	1583	0	1
2021.03.18	07:00:00	1.28781	1.28913	1.28754	1.28900	852	0	3
2021.03.18	08:00:00	1.28900	1.28902	1.28831	1.28886	992	0	5
2021.03.18	09:00:00	1.28886	1.29060	1.28818	1.28994	1288	0	3
2021.03.18	10:00:00	1.28992	1.29376	1.28970	1.29252	2889	0	1
2021.03.18	11:00:00	1.29245	1.29318	1.28872	1.28884	3132	0	1
2021.03.18	12:00:00	1.28894	1.29265	1.28891	1.29164	2330	0	1
2021.03.18	13:00:00	1.29164	1.29543	1.29159	1.29516	1849	0	1
2021.03.18	14:00:00	1.29516	1.29586	1.29376	1.29467	2331	0	1
2021.03.18	15:00:00	1.29465	1.29531	1.29208	1.29417	3160	0	1
2021.03.18	16:00:00	1.29416	1.29443	1.29183	1.29233	2794	0	1
2021.03.18	17:00:00	1.29236	1.29490	1.29223	1.29418	2898	0	1
2021.03.18	18:00:00	1.29417	1.29556	1.29332	1.29359	2499	0	1
2021.03.18	19:00:00	1.29359	1.29449	1.29302	1.29440	2273	0	1
2021.03.18	20:00:00	1.29440	1.29445	1.29209	1.29320	2396	0	1
2021.03.18	21:00:00	1.29320	1.29334	1.29181	1.29329	2247	0	1
2021.03.18	22:00:00	1.29330	1.29330	1.29173	1.29272	2208	0	1
2021.03.18	23:00:00	1.29270	1.29306	1.29219	1.29224	1019	0	1
2021.03.19	00:00:00	1.29136	1.29166	1.29025	1.29112	416	0	41
2021.03.19	01:00:00	1.29112	1.29196	1.29052	1.29146	495	0	5
2021.03.19	02:00:00	1.29146	1.29190	1.29112	1.29117	489	0	2
2021.03.19	03:00:00	1.29117	1.29130	1.29026	1.29070	1044	0	2
2021.03.19	04:00:00	1.29070	1.29118	1.28977	1.29116	1260	0	3
2021.03.19	05:00:00	1.29116	1.29155	1.29075	1.29079	1061	0	3
2021.03.19	06:00:00	1.29079	1.29080	1.28989	1.29022	1604	0	2
2021.03.19	07:00:00	1.29020	1.29094	1.28993	1.29076	1300	0	1
2021.03.19	08:00:00	1.29074	1.29082	1.28992	1.29019	933	0	3
2021.03.19	09:00:00	1.29019	1.29027	1.28934	1.28982	1298	0	1
2021.03.19	10:00:00	1.28986	1.29184	1.28952	1.29131	2043	0	1
2021.03.19	11:00:00	1.29136	1.29383	1.29022	1.29344	2600	0	1
2021.03.19	12:00:00	1.29344	1.29466	1.29246	1.29395	2085	0	1
2021.03.19	13:00:00	1.29400	1.29450	1.29282	1.29336	1731	0	1
2021.03.19	14:00:00	1.29336	1.29357	1.29086	1.29086	1763	0	1
2021.03.19	15:00:00	1.29082	1.29282	1.29030	1.29121	2373	0	1
2021.03.19	16:00:00	1.29120	1.29133	1.28778	1.28866	4024	0	1
2021.03.19	17:00:00	1.28866	1.28954	1.28715	1.28954	2881	0	1
2021.03.19	18:00:00	1.28954	1.29035	1.28856	1.29012	2650	0	1
2021.03.19	19:00:00	1.29011	1.29086	1.28968	1.28997	2483	0	1
2021.03.19	20:00:00	1.28998	1.29012	1.28911	1.28989	1693	0	1
2021.03.19	21:00:00	1.28990	1.29029	1.28827	1.28876	1389	0	1
2021.03.19	22:00:00	1.28872	1.28914	1.28799	1.28844	1212	0	1
2021.03.19	23:00:00	1.28842	1.28892	1.28801	1.28816	864	0	3
2021.03.22	00:00:00	1.28662	1.28827	1.28587	1.28622	200	0	84
2021.03.22	01:00:00	1.28622	1.28709	1.28526	1.28673	875	0	5
2021.03.22	02:00:00	1.28673	1.28731	1.28621	1.28657	669	0	1
2021.03.22	03:00:00	1.28657	1.28704	1.28592	1.28613	928	0	1
2021.03.22	04:00:00	1.28610	1.28651	1.28553	1.28576	1256	0	1
2021.03.22	05:00:00	1.28577	1.28613	1.28537	1.28586	649	0	1
2021.03.22	06:00:00	1.28580	1.28637	1.28569	1.28601	723	0	3
2021.03.22	07:00:00	1.28600	1.28707	1.28594	1.28703	595	0	2
2021.03.22	08:00:00	1.28697	1.28834	1.28693	1.28828	774	0	2
2021.03.22	09:00:00	1.28830	1.28921	1.28792	1.28886	1322	0	1
2021.03.22	10:00:00	1.28885	1.28929	1.28764	1.28810	1827	0	1
2021.03.22	11:00:00	1.28813	1.28844	1.28505	1.28525	2637	0	1
2021.03.22	12:00:00	1.28522	1.28616	1.28388	1.28417	1779	0	1
2021.03.22	13:00:00	1.28416	1.28489	1.28239	1.28381	1711	0	1
2021.03.22	14:00:00	1.28381	1.28430	1.28216	1.28287	2146	0	1
2021.03.22	15:00:00	1.28281	1.28338	1.28039	1.28096	2042	0	1
2021.03.22	16:00:00	1.28096	1.28132	1.27750	1.28055	2535	0	1
2021.03.22	17:00:00	1.28055	1.28066	1.27845	1.27960	2421	0	1
2021.03.22	18:00:00	1.27966	1.27996	1.27728	1.27885	2311	0	1
2021.03.22	19:00:00	1.27891	1.28013	1.27891	1.27934	1769	0	1
2021.03.22	20:00:00	1.27930	1.28041	1.27913	1.28012	1398	0	1
2021.03.22	21:00:00	1.28010	1.28075	1.27996	1.28024	825	0	1
2021.03.22	22:00:00	1.28024	1.28095	1.28004	1.28015	960	0	1
2021.03.22	23:00:00	1.28016	1.28044	1.27981	1.28006	695	0	1
2021.03.23	00:00:00	1.27912	1.27954	1.27880	1.27882	474	0	35
2021.03.23	01:00:00	1.27882	1.28041	1.27873	1.27988	560	0	4
2021.03.23	02:00:00	1.27988	1.28041	1.27958	1.27974	540	0	2
2021.03.23	03:00:00	1.27977	1.28039	1.27945	1.28018	881	0	2
2021.03.23	04:00:00	1.28014	1.28043	1.27928	1.27961	970	0	1
2021.03.23	05:00:00	1.27957	1.27958	1.27889	1.27910	1141	0	1
2021.03.23	06:00:00	1.27911	1.27970	1.27903	1.27937	610	0	1
2021.03.23	07:00:00	1.27930	1.27973	1.27869	1.27896	603	0	3
2021.03.23	08:00:00	1.27889	1.27909	1.27840	1.27859	951	0	2
2021.03.23	09:00:00	1.27858	1.27993	1.27803	1.27938	1018	0	2
2021.03.23	10:00:00	1.27951	1.28540	1.27891	1.28482	2026	0	1
2021.03.23	11:00:00	1.28483	1.28483	1.28161	1.28247	2802	0	1
2021.03.23	12:00:00	1.28245	1.28250	1.27882	1.27980	2569	0	1
2021.03.23	13:00:00	1.27977	1.28009	1.27781	1.27963	2537	0	1
2021.03.23	14:00:00	1.27965	1.28266	1.27926	1.28061	2184	0	1
2021.03.23	15:00:00	1.28063	1.28386	1.28050	1.28337	2392	0	1
2021.03.23	16:00:00	1.28336	1.28495	1.28312	1.28443	2964	0	1
2021.03.23	17:00:00	1.28445	1.28718	1.28436	1.28647	3019	0	1
2021.03.23	18:00:00	1.28652	1.28779	1.28600	1.28657	2347	0	1
2021.03.23	19:00:00	1.28658	1.28681	1.28514	1.28538	2130	0	1
2021.03.23	20:00:00	1.28538	1.28555	1.28399	1.28485	2078	0	1
2021.03.23	21:00:00	1.28486	1.28529	1.28458	1.28489	1750	0	1
2021.03.23	22:00:00	1.28485	1.28498	1.28344	1.28436	1623	0	1
2021.03.23	23:00:00	1.28427	1.28476	1.28357	1.28414	979	0	2
2021.03.24	00:00:00	1.28431	1.28471	1.28365	1.28405	414	0	5
2021.03.24	01:00:00	1.28405	1.28466	1.28369	1.28396	548	0	4
2021.03.24	02:00:00	1.28396	1.28468	1.28268	1.28316	845	0	1
2021.03.24	03:00:00	1.28314	1.28379	1.28270	1.28321	1048	0	1
2021.03.24	04:00:00	1.28324	1.28366	1.28253	1.28272	972	0	1
2021.03.24	05:00:00	1.28273	1.28286	1.28211	1.28233	1023	0	3
2021.03.24	06:00:00	1.28232	1.28267	1.28193	1.28199	710	0	2
2021.03.24	07:00:00	1.28198	1.28248	1.28062	1.28121	806	0	1
2021.03.24	08:00:00	1.28122	1.28134	1.28027	1.28100	1048	0	2
2021.03.24	09:00:00	1.28100	1.28202	1.28098	1.28166	1198	0	2
2021.03.24	10:00:00	1.28169	1.28238	1.27998	1.28135	2198	0	1
2021.03.24	11:00:00	1.28139	1.28291	1.28043	1.28051	2627	0	1
2021.03.24	12:00:00	1.28051	1.28364	1.28029	1.28354	2102	0	1
2021.03.24	13:00:00	1.28349	1.28518	1.28185	1.28288	2027	0	1
2021.03.24	14:00:00	1.28287	1.28385	1.28145	1.28234	1653	0	1
2021.03.24	15:00:00	1.28232	1.28327	1.28168	1.28277	2090	0	1
2021.03.24	16:00:00	1.28276	1.28406	1.28263	1.28364	2538	0	1
2021.03.24	17:00:00	1.28364	1.28454	1.28239	1.28430	2617	0	1
2021.03.24	18:00:00	1.28428	1.28461	1.28302	1.28365	2233	0	1
2021.03.24	19:00:00	1.28365	1.28440	1.28326	1.28413	2161	0	1
2021.03.24	20:00:00	1.28413	1.28414	1.28211	1.28229	1881	0	1
2021.03.24	21:00:00	1.28228	1.28238	1.28037	1.28093	1676	0	1
2021.03.24	22:00:00	1.28094	1.28118	1.27985	1.28043	1794	0	1
2021.03.24	23:00:00	1.28043	1.28080	1.27997	1.28003	909	0	2
2021.03.25	00:00:00	1.28045	1.28076	1.28006	1.28031	323	0	31
2021.03.25	01:00:00	1.28031	1.28133	1.28025	1.28036	889	0	5
2021.03.25	02:00:00	1.28036	1.28127	1.28010	1.28124	553	0	5
2021.03.25	03:00:00	1.28125	1.28148	1.28087	1.28147	811	0	2
2021.03.25	04:00:00	1.28148	1.28166	1.28060	1.28060	1143	0	2
2021.03.25	05:00:00	1.28060	1.28244	1.28043	1.28190	1107	0	1
2021.03.25	06:00:00	1.28191	1.28194	1.28112	1.28156	747	0	1
2021.03.25	07:00:00	1.28156	1.28199	1.28145	1.28159	806	0	4
2021.03.25	08:00:00	1.28157	1.28189	1.28057	1.28151	753	0	3
2021.03.25	09:00:00	1.28151	1.28151	1.28045	1.28064	976	0	2
2021.03.25	10:00:00	1.28067	1.28168	1.27981	1.28150	1970	0	1
2021.03.25	11:00:00	1.28149	1.28379	1.28109	1.28206	2003	0	1
2021.03.25	12:00:00	1.28195	1.28298	1.28166	1.28225	1662	0	1
2021.03.25	13:00:00	1.28223	1.28430	1.28148	1.28321	1651	0	1
2021.03.25	14:00:00	1.28321	1.28360	1.28149	1.28163	2224	0	1
2021.03.25	15:00:00	1.28163	1.28347	1.28099	1.28340	2366	0	1
2021.03.25	16:00:00	1.28341	1.28429	1.28281	1.28316	2825	0	1
2021.03.25	17:00:00	1.28309	1.28812	1.28305	1.28590	3455	0	1
2021.03.25	18:00:00	1.28592	1.28963	1.28547	1.28893	3006	0	1
2021.03.25	19:00:00	1.28894	1.29072	1.28820	1.29034	2512	0	1
2021.03.25	20:00:00	1.29034	1.29085	1.28923	1.29011	2399	0	1
2021.03.25	21:00:00	1.29011	1.29058	1.28984	1.29044	1807	0	1
2021.03.25	22:00:00	1.29044	1.29101	1.29038	1.29084	1786	0	1
2021.03.25	23:00:00	1.29084	1.29155	1.29064	1.29108	910	0	1
2021.03.26	00:00:00	1.29004	1.29106	1.28970	1.29098	758	0	8
2021.03.26	01:00:00	1.29098	1.29132	1.28967	1.29104	737	0	8
2021.03.26	02:00:00	1.29104	1.29180	1.29096	1.29160	500	0	2
2021.03.26	03:00:00	1.29159	1.29251	1.29154	1.29190	860	0	1
2021.03.26	04:00:00	1.29190	1.29310	1.29152	1.29282	883	0	1
2021.03.26	05:00:00	1.29284	1.29327	1.29255	1.29318	894	0	2
2021.03.26	06:00:00	1.29319	1.29373	1.29319	1.29356	530	0	1
2021.03.26	07:00:00	1.29354	1.29362	1.29334	1.29342	579	0	4
2021.03.26	08:00:00	1.29342	1.29392	1.29333	1.29372	564	0	1
2021.03.26	09:00:00	1.29370	1.29424	1.29268	1.29308	862	0	1
2021.03.26	10:00:00	1.29307	1.29592	1.29242	1.29494	1452	0	1
2021.03.26	11:00:00	1.29488	1.29683	1.29467	1.29505	1998	0	1
2021.03.26	12:00:00	1.29498	1.29648	1.29366	1.29646	1991	0	1
2021.03.26	13:00:00	1.29646	1.29668	1.29468	1.29577	1802	0	1
2021.03.26	14:00:00	1.29578	1.29655	1.29485	1.29644	1514	0	1
2021.03.26	15:00:00	1.29640	1.29641	1.29399	1.29602	1981	0	1
2021.03.26	16:00:00	1.29602	1.29847	1.29598	1.29775	2364	0	1
2021.03.26	17:00:00	1.29773	1.29810	1.29646	1.29651	2427	0	1
2021.03.26	18:00:00	1.29651	1.29876	1.29605	1.29628	2808	0	1
2021.03.26	19:00:00	1.29623	1.29641	1.29507	1.29520	1951	0	1
2021.03.26	20:00:00	1.29520	1.29632	1.29509	1.29595	1241	0	1
2021.03.26	21:00:00	1.29595	1.29610	1.29392	1.29447	1625	0	1
2021.03.26	22:00:00	1.29449	1.29474	1.29322	1.29410	1478	0	2
2021.03.26	23:00:00	1.29405	1.29486	1.29375	1.29468	846	0	4
2021.03.29	00:00:00	1.29366	1.29496	1.29343	1.29373	184	0	67
2021.03.29	01:00:00	1.29373	1.29550	1.29335	1.29538	718	0	4
2021.03.29	02:00:00	1.29538	1.29591	1.29505	1.29571	514	0	1
2021.03.29	03:00:00	1.29570	1.29573	1.29442	1.29480	950	0	2
2021.03.29	04:00:00	1.29484	1.29522	1.29429	1.29499	972	0	2
2021.03.29	05:00:00	1.29500	1.29559	1.29478	1.29487	781	0	1
2021.03.29	06:00:00	1.29487	1.29507	1.29417	1.29444	662	0	1
2021.03.29	07:00:00	1.29443	1.29485	1.29394	1.29447	567	0	2
2021.03.29	08:00:00	1.29447	1.29451	1.29283	1.29314	1098	0	3
2021.03.29	09:00:00	1.29314	1.29373	1.29269	1.29303	1562	0	1
2021.03.29	10:00:00	1.29303	1.29428	1.29199	1.29386	1964	0	1
2021.03.29	11:00:00	1.29389	1.29809	1.29300	1.29590	2503	0	1
2021.03.29	12:00:00	1.29590	1.29856	1.29551	1.29856	1934	0	1
2021.03.29	13:00:00	1.29853	1.30003	1.29776	1.29973	1847	0	1
2021.03.29	14:00:00	1.29973	1.30138	1.29956	1.30116	1718	0	1
2021.03.29	15:00:00	1.30118	1.30155	1.29845	1.29900	2382	0	1
2021.03.29	16:00:00	1.29902	1.29902	1.29558	1.29631	2586	0	1
2021.03.29	17:00:00	1.29631	1.29661	1.29225	1.29293	3055	0	1
2021.03.29	18:00:00	1.29290	1.29397	1.29220	1.29396	2457	0	1
2021.03.29	19:00:00	1.29392	1.29433	1.29209	1.29236	1689	0	1
2021.03.29	20:00:00	1.29242	1.29256	1.29162	1.29250	1366	0	1
2021.03.29	21:00:00	1.29250	1.29305	1.29204	1.29242	1688	0	2
2021.03.29	22:00:00	1.29241	1.29288	1.29219	1.29268	1344	0	1
2021.03.29	23:00:00	1.29266	1.29324	1.29236	1.29261	623	0	1
2021.03.30	00:00:00	1.29206	1.29264	1.29134	1.29235	853	0	46
2021.03.30	01:00:00	1.29235	1.29282	1.29196	1.29240	584	0	11
2021.03.30	02:00:00	1.29240	1.29361	1.29239	1.29341	421	0	5
2021.03.30	03:00:00	1.29341	1.29349	1.29282	1.29313	723	0	1
2021.03.30	04:00:00	1.29315	1.29354	1.29271	1.29335	764	0	2
2021.03.30	05:00:00	1.29335	1.29416	1.29333	1.29363	1211	0	1
2021.03.30	06:00:00	1.29363	1.29458	1.29362	1.29432	669	0	4
2021.03.30	07:00:00	1.29434	1.29469	1.29408	1.29468	574	0	3
2021.03.30	08:00:00	1.29469	1.29478	1.29368	1.29368	469	0	2
2021.03.30	09:00:00	1.29379	1.29609	1.29362	1.29414	1966	0	1
2021.03.30	10:00:00	1.29420	1.29621	1.29325	1.29591	2155	0	1
2021.03.30	11:00:00	1.29591	1.29810	1.29523	1.29746	2201	0	1
2021.03.30	12:00:00	1.29745	1.29805	1.29579	1.29664	1640	0	1
2021.03.30	13:00:00	1.29657	1.29701	1.29496	1.29520	1705	0	1
2021.03.30	14:00:00	1.29522	1.29647	1.29357	1.29359	2279	0	1
2021.03.30	15:00:00	1.29360	1.29555	1.29327	1.29424	2543	0	1
2021.03.30	16:00:00	1.29421	1.29480	1.29319	1.29365	2806	0	1
2021.03.30	17:00:00	1.29366	1.29491	1.29251	1.29331	3177	0	1
2021.03.30	18:00:00	1.29329	1.29468	1.29319	1.29428	2619	0	1
2021.03.30	19:00:00	1.29427	1.29466	1.29220	1.29276	1953	0	1
2021.03.30	20:00:00	1.29277	1.29281	1.29176	1.29229	1380	0	1
2021.03.30	21:00:00	1.29233	1.29303	1.29203	1.29287	1370	0	1
2021.03.30	22:00:00	1.29287	1.29360	1.29279	1.29317	1281	0	1
2021.03.30	23:00:00	1.29320	1.29436	1.29299	1.29429	782	0	1
2021.03.31	00:00:00	1.29383	1.29458	1.29340	1.29408	736	0	58
2021.03.31	01:00:00	1.29408	1.29448	1.29349	1.29447	547	0	5
2021.03.31	02:00:00	1.29447	1.29489	1.29425	1.29463	396	0	2
2021.03.31	03:00:00	1.29463	1.29607	1.29415	1.29549	1183	0	1
2021.03.31	04:00:00	1.29551	1.29558	1.29480	1.29550	1064	0	2
2021.03.31	05:00:00	1.29553	1.29560	1.29481	1.29539	905	0	1
2021.03.31	06:00:00	1.29536	1.29610	1.29515	1.29586	1307	0	1
2021.03.31	07:00:00	1.29586	1.29614	1.29550	1.29587	1017	0	3
2021.03.31	08:00:00	1.29587	1.29587	1.29488	1.29570	1101	0	1
2021.03.31	09:00:00	1.29574	1.29673	1.29556	1.29644	1904	0	1
2021.03.31	10:00:00	1.29643	1.29671	1.29448	1.29486	2277	0	1
2021.03.31	11:00:00	1.29486	1.29826	1.29438	1.29823	1976	0	1
2021.03.31	12:00:00	1.29819	1.30003	1.29788	1.29921	1957	0	1
2021.03.31	13:00:00	1.29921	1.30005	1.29792	1.29797	1587	0	1
2021.03.31	14:00:00	1.29790	1.29989	1.29777	1.29966	1912	0	1
2021.03.31	15:00:00	1.29968	1.29984	1.29852	1.29960	2364	0	1
2021.03.31	16:00:00	1.29959	1.30001	1.29756	1.29756	2459	0	1
2021.03.31	17:00:00	1.29756	1.29946	1.29752	1.29820	3289	0	1
2021.03.31	18:00:00	1.29818	1.29957	1.29778	1.29923	2635	0	1
2021.03.31	19:00:00	1.29923	1.30055	1.29884	1.29999	1758	0	1
2021.03.31	20:00:00	1.29997	1.30286	1.29994	1.30263	1412	0	1
2021.03.31	21:00:00	1.30260	1.30316	1.30196	1.30282	1524	0	1
2021.03.31	22:00:00	1.30281	1.30363	1.30248	1.30265	1862	0	1
2021.03.31	23:00:00	1.30266	1.30346	1.30142	1.30142	994	0	1
2021.04.01	00:00:00	1.30017	1.30131	1.29956	1.30024	543	0	2
2021.04.01	01:00:00	1.30024	1.30133	1.30013	1.30108	542	0	4
2021.04.01	02:00:00	1.30108	1.30134	1.30096	1.30123	520	0	4
2021.04.01	03:00:00	1.30125	1.30255	1.30093	1.30252	1243	0	1
2021.04.01	04:00:00	1.30251	1.30251	1.30142	1.30190	1051	0	1
2021.04.01	05:00:00	1.30190	1.30288	1.30187	1.30246	1319	0	2
2021.04.01	06:00:00	1.30246	1.30291	1.30212	1.30272	976	0	2
2021.04.01	07:00:00	1.30269	1.30283	1.30179	1.30210	1279	0	3
2021.04.01	08:00:00	1.30209	1.30218	1.30086	1.30157	1312	0	2
2021.04.01	09:00:00	1.30155	1.30164	1.29979	1.30076	2019	0	1
2021.04.01	10:00:00	1.30070	1.30379	1.29998	1.30342	2791	0	1
2021.04.01	11:00:00	1.30342	1.30496	1.30260	1.30427	2490	0	1
2021.04.01	12:00:00	1.30429	1.30540	1.30283	1.30309	2097	0	1
2021.04.01	13:00:00	1.30300	1.30345	1.30074	1.30312	1701	0	1
2021.04.01	14:00:00	1.30311	1.30493	1.30298	1.30372	1866	0	1
2021.04.01	15:00:00	1.30374	1.30375	1.30140	1.30219	2574	0	1
2021.04.01	16:00:00	1.30219	1.30508	1.30199	1.30472	3167	0	1
2021.04.01	17:00:00	1.30472	1.30627	1.30336	1.30350	3337	0	1
2021.04.01	18:00:00	1.30351	1.30458	1.30075	1.30079	2382	0	1
2021.04.01	19:00:00	1.30078	1.30194	1.30041	1.30044	1713	0	1
2021.04.01	20:00:00	1.30043	1.30191	1.30038	1.30118	1600	0	1
2021.04.01	21:00:00	1.30116	1.30313	1.30112	1.30294	1183	0	1
2021.04.01	22:00:00	1.30294	1.30298	1.30243	1.30269	1152	0	3
2021.04.01	23:00:00	1.30269	1.30305	1.30219	1.30290	684	0	2
2021.04.02	00:00:00	1.30292	1.30315	1.30212	1.30246	406	0	43
2021.04.02	01:00:00	1.30246	1.30328	1.30217	1.30323	412	0	8
2021.04.02	02:00:00	1.30323	1.30342	1.30297	1.30330	290	0	5
2021.04.02	03:00:00	1.30332	1.30411	1.30323	1.30397	721	0	1
2021.04.02	04:00:00	1.30395	1.30402	1.30319	1.30329	479	0	4
2021.04.02	05:00:00	1.30328	1.30354	1.30311	1.30345	525	0	4
2021.04.02	06:00:00	1.30344	1.30390	1.30330	1.30382	684	0	3
2021.04.02	07:00:00	1.30375	1.30399	1.30350	1.30386	580	0	5
2021.04.02	08:00:00	1.30386	1.30424	1.30319	1.30357	480	0	2
2021.04.02	09:00:00	1.30362	1.30386	1.30302	1.30354	501	0	3
2021.04.02	10:00:00	1.30351	1.30379	1.30258	1.30268	723	0	1
2021.04.02	11:00:00	1.30264	1.30326	1.30174	1.30187	730	0	2
2021.04.02	12:00:00	1.30190	1.30215	1.30130	1.30179	636	0	2
2021.04.02	13:00:00	1.30174	1.30193	1.30146	1.30175	420	0	1
2021.04.02	14:00:00	1.30175	1.30200	1.30072	1.30184	547	0	1
2021.04.02	15:00:00	1.30180	1.30343	1.30080	1.30287	1391	0	1
2021.04.02	16:00:00	1.30287	1.30369	1.30171	1.30225	1006	0	1
2021.04.02	17:00:00	1.30224	1.30374	1.30183	1.30353	850	0	1
2021.04.02	18:00:00	1.30354	1.30354	1.30182	1.30190	1788	0	1
2021.04.02	19:00:00	1.30205	1.30319	1.30136	1.30213	1105	0	13
2021.04.02	20:00:00	1.30213	1.30322	1.30150	1.30242	3523	0	1
2021.04.02	21:00:00	1.30235	1.30363	1.30152	1.30346	3451	0	8
2021.04.02	22:00:00	1.30248	1.30334	1.30175	1.30310	2532	0	14
2021.04.02	23:00:00	1.30308	1.30308	1.30182	1.30274	339	0	90
2021.04.05	00:00:00	1.30267	1.30307	1.30238	1.30300	132	0	143
2021.04.05	01:00:00	1.30282	1.30345	1.30164	1.30323	1785	0	4
2021.04.05	02:00:00	1.30311	1.30337	1.30247	1.30292	662	0	7
2021.04.05	03:00:00	1.30291	1.30358	1.30269	1.30313	511	0	4
2021.04.05	04:00:00	1.30310	1.30358	1.30277	1.30346	746	0	2
2021.04.05	05:00:00	1.30346	1.30407	1.30331	1.30384	729	0	4
2021.04.05	06:00:00	1.30384	1.30419	1.30362	1.30384	677	0	1
2021.04.05	07:00:00	1.30380	1.30431	1.30371	1.30400	748	0	3
2021.04.05	08:00:00	1.30396	1.30415	1.30353	1.30378	757	0	3
2021.04.05	09:00:00	1.30382	1.30549	1.30334	1.30533	858	0	1
2021.04.05	10:00:00	1.30533	1.30535	1.30424	1.30507	1119	0	1
2021.04.05	11:00:00	1.30506	1.30724	1.30488	1.30691	1281	0	1
2021.04.05	12:00:00	1.30689	1.30735	1.30659	1.30674	1034	0	1
2021.04.05	13:00:00	1.30680	1.30738	1.30654	1.30693	749	0	3
2021.04.05	14:00:00	1.30690	1.30725	1.30641	1.30648	1296	0	1
2021.04.05	15:00:00	1.30651	1.30705	1.30444	1.30497	1748	0	1
2021.04.05	16:00:00	1.30491	1.30498	1.30366	1.30408	2083	0	1
2021.04.05	17:00:00	1.30406	1.30419	1.30024	1.30172	2633	0	1
2021.04.05	18:00:00	1.30175	1.30269	1.30080	1.30156	1691	0	1
2021.04.05	19:00:00	1.30154	1.30180	1.30092	1.30125	1136	0	1
2021.04.05	20:00:00	1.30127	1.30247	1.30120	1.30208	1502	0	1
2021.04.05	21:00:00	1.30213	1.30241	1.30148	1.30176	1117	0	1
2021.04.05	22:00:00	1.30173	1.30219	1.30157	1.30196	977	0	2
2021.04.05	23:00:00	1.30196	1.30239	1.30178	1.30197	497	0	1
2021.04.06	00:00:00	1.30164	1.30185	1.30089	1.30157	303	0	13
2021.04.06	01:00:00	1.30162	1.30300	1.30117	1.30277	522	0	7
2021.04.06	02:00:00	1.30281	1.30289	1.30223	1.30227	550	0	2
2021.04.06	03:00:00	1.30224	1.30298	1.30198	1.30284	711	0	1
2021.04.06	04:00:00	1.30284	1.30339	1.30260	1.30273	832	0	3
2021.04.06	05:00:00	1.30273	1.30330	1.30252	1.30280	979	0	1
2021.04.06	06:00:00	1.30279	1.30360	1.30275	1.30334	828	0	1
2021.04.06	07:00:00	1.30333	1.30397	1.30315	1.30347	799	0	2
2021.04.06	08:00:00	1.30347	1.30457	1.30323	1.30419	775	0	1
2021.04.06	09:00:00	1.30408	1.30426	1.30247	1.30305	1801	0	1
2021.04.06	10:00:00	1.30305	1.30305	1.29986	1.30058	2191	0	1
2021.04.06	11:00:00	1.30059	1.30108	1.29889	1.29926	2453	0	1
2021.04.06	12:00:00	1.29926	1.29944	1.29672	1.29771	2198	0	1
2021.04.06	13:00:00	1.29770	1.29907	1.29652	1.29841	1466	0	1
2021.04.06	14:00:00	1.29841	1.29919	1.29628	1.29676	1686	0	1
2021.04.06	15:00:00	1.29677	1.29743	1.29424	1.29446	2435	0	1
2021.04.06	16:00:00	1.29449	1.29484	1.29325	1.29331	2744	0	1
2021.04.06	17:00:00	1.29327	1.29429	1.29244	1.29341	2737	0	1
2021.04.06	18:00:00	1.29330	1.29330	1.29124	1.29134	1798	0	1
2021.04.06	19:00:00	1.29130	1.29145	1.28849	1.28869	1798	0	1
2021.04.06	20:00:00	1.28868	1.28917	1.28745	1.28904	1714	0	1
2021.04.06	21:00:00	1.28904	1.28904	1.28673	1.28711	1459	0	1
2021.04.06	22:00:00	1.28712	1.28824	1.28697	1.28735	1410	0	1
2021.04.06	23:00:00	1.28732	1.28760	1.28670	1.28706	784	0	1
2021.04.07	00:00:00	1.28688	1.28784	1.28652	1.28732	553	0	35
2021.04.07	01:00:00	1.28737	1.28737	1.28655	1.28675	689	0	3
2021.04.07	02:00:00	1.28675	1.28742	1.28663	1.28738	557	0	1
2021.04.07	03:00:00	1.28737	1.28828	1.28723	1.28814	854	0	1
2021.04.07	04:00:00	1.28816	1.28817	1.28701	1.28710	938	0	2
2021.04.07	05:00:00	1.28717	1.28738	1.28669	1.28695	970	0	2
2021.04.07	06:00:00	1.28693	1.28768	1.28693	1.28743	778	0	2
2021.04.07	07:00:00	1.28742	1.28773	1.28716	1.28745	693	0	4
2021.04.07	08:00:00	1.28745	1.28757	1.28586	1.28611	961	0	2
2021.04.07	09:00:00	1.28611	1.28612	1.27967	1.28135	2563	0	1
2021.04.07	10:00:00	1.28133	1.28453	1.28128	1.28387	2347	0	1
2021.04.07	11:00:00	1.28383	1.28661	1.28352	1.28534	2099	0	1
2021.04.07	12:00:00	1.28534	1.28572	1.28367	1.28417	1701	0	1
2021.04.07	13:00:00	1.28417	1.28572	1.28322	1.28328	1945	0	1
2021.04.07	14:00:00	1.28328	1.28459	1.28270	1.28314	1924	0	1
2021.04.07	15:00:00	1.28315	1.28345	1.27812	1.27861	2815	0	1
2021.04.07	16:00:00	1.27863	1.27897	1.27436	1.27556	2822	0	1
2021.04.07	17:00:00	1.27556	1.27932	1.27488	1.27893	2996	0	1
2021.04.07	18:00:00	1.27892	1.27987	1.27494	1.27580	2632	0	1
2021.04.07	19:00:00	1.27581	1.27646	1.27470	1.27584	1857	0	1
2021.04.07	20:00:00	1.27581	1.27598	1.27506	1.27526	1225	0	1
2021.04.07	21:00:00	1.27526	1.27734	1.27492	1.27700	1699	0	2
2021.04.07	22:00:00	1.27700	1.27732	1.27640	1.27657	1267	0	1
2021.04.07	23:00:00	1.27656	1.27708	1.27625	1.27689	639	0	1
2021.04.08	00:00:00	1.27665	1.27737	1.27595	1.27614	926	0	93
2021.04.08	01:00:00	1.27614	1.27694	1.27604	1.27651	494	0	8
2021.04.08	02:00:00	1.27651	1.27737	1.27650	1.27718	402	0	3
2021.04.08	03:00:00	1.27717	1.27825	1.27706	1.27794	719	0	2
2021.04.08	04:00:00	1.27794	1.27829	1.27734	1.27797	724	0	1
2021.04.08	05:00:00	1.27802	1.27871	1.27783	1.27854	670	0	1
2021.04.08	06:00:00	1.27859	1.27877	1.27818	1.27830	494	0	5
2021.04.08	07:00:00	1.27831	1.27887	1.27818	1.27849	440	0	2
2021.04.08	08:00:00	1.27851	1.27924	1.27829	1.27849	873	0	2
2021.04.08	09:00:00	1.27849	1.27916	1.27774	1.27860	1442	0	1
2021.04.08	10:00:00	1.27860	1.27956	1.27718	1.27765	1757	0	1
2021.04.08	11:00:00	1.27765	1.27787	1.27307	1.27334	2032	0	1
2021.04.08	12:00:00	1.27330	1.27676	1.27330	1.27608	1385	0	1
2021.04.08	13:00:00	1.27608	1.27709	1.27563	1.27614	1361	0	1
2021.04.08	14:00:00	1.27618	1.27701	1.27463	1.27658	1990	0	1
2021.04.08	15:00:00	1.27655	1.27741	1.27508	1.27526	2328	0	1
2021.04.08	16:00:00	1.27532	1.27552	1.27154	1.27267	2751	0	1
2021.04.08	17:00:00	1.27268	1.27342	1.27009	1.27052	2814	0	1
2021.04.08	18:00:00	1.27054	1.27131	1.27032	1.27069	1858	0	1
2021.04.08	19:00:00	1.27069	1.27093	1.26877	1.26891	1690	0	1
2021.04.08	20:00:00	1.26893	1.26985	1.26877	1.26884	1425	0	1
2021.04.08	21:00:00	1.26878	1.26978	1.26830	1.26901	1542	0	1
2021.04.08	22:00:00	1.26900	1.26971	1.26894	1.26915	1002	0	1
2021.04.08	23:00:00	1.26913	1.26936	1.26889	1.26925	639	0	1
2021.04.09	00:00:00	1.26845	1.26940	1.26813	1.26911	575	0	59
2021.04.09	01:00:00	1.26905	1.26940	1.26842	1.26910	611	0	7
2021.04.09	02:00:00	1.26910	1.26945	1.26901	1.26924	459	0	1
2021.04.09	03:00:00	1.26925	1.27041	1.26917	1.27011	720	0	1
2021.04.09	04:00:00	1.27011	1.27035	1.26967	1.27033	989	0	1
2021.04.09	05:00:00	1.27032	1.27049	1.26995	1.27026	818	0	1
2021.04.09	06:00:00	1.27026	1.27026	1.26957	1.27004	797	0	2
2021.04.09	07:00:00	1.27004	1.27040	1.26980	1.27017	433	0	2
2021.04.09	08:00:00	1.27017	1.27026	1.26764	1.26778	1115	0	2
2021.04.09	09:00:00	1.26778	1.26879	1.26553	1.26584	1773	0	1
2021.04.09	10:00:00	1.26578	1.26793	1.26427	1.26746	2335	0	1
2021.04.09	11:00:00	1.26749	1.27013	1.26707	1.26959	2075	0	1
2021.04.09	12:00:00	1.26957	1.27025	1.26847	1.26913	1535	0	1
2021.04.09	13:00:00	1.26913	1.27079	1.26835	1.26989	1512	0	1
2021.04.09	14:00:00	1.26990	1.27089	1.26913	1.27059	1646	0	1
2021.04.09	15:00:00	1.27065	1.27268	1.26986	1.27237	2260	0	1
2021.04.09	16:00:00	1.27239	1.27332	1.27203	1.27209	2646	0	1
2021.04.09	17:00:00	1.27209	1.27245	1.26946	1.27026	2786	0	1
2021.04.09	18:00:00	1.27022	1.27133	1.26956	1.27003	1954	0	1
2021.04.09	19:00:00	1.27003	1.27039	1.26957	1.26997	1466	0	1
2021.04.09	20:00:00	1.26997	1.27001	1.26887	1.26893	1128	0	1
2021.04.09	21:00:00	1.26893	1.26894	1.26825	1.26852	1082	0	2
2021.04.09	22:00:00	1.26853	1.26860	1.26774	1.26774	730	0	1
2021.04.09	23:00:00	1.26774	1.26785	1.26672	1.26679	648	0	1
2021.04.12	00:00:00	1.26774	1.26851	1.26662	1.26730	324	0	155
2021.04.12	01:00:00	1.26730	1.26845	1.26578	1.26831	779	0	4
2021.04.12	02:00:00	1.26828	1.26897	1.26816	1.26889	646	0	1
2021.04.12	03:00:00	1.26890	1.26919	1.26799	1.26919	674	0	1
2021.04.12	04:00:00	1.26919	1.26919	1.26713	1.26741	1217	0	2
2021.04.12	05:00:00	1.26741	1.26751	1.26656	1.26726	1317	0	2
2021.04.12	06:00:00	1.26726	1.26759	1.26686	1.26759	1082	0	1
2021.04.12	07:00:00	1.26767	1.26830	1.26736	1.26737	747	0	2
2021.04.12	08:00:00	1.26741	1.26863	1.26640	1.26837	826	0	1
2021.04.12	09:00:00	1.26835	1.26948	1.26723	1.26948	1974	0	1
2021.04.12	10:00:00	1.26953	1.27222	1.26923	1.27065	2360	0	1
2021.04.12	11:00:00	1.27065	1.27191	1.27007	1.27148	1994	0	1
2021.04.12	12:00:00	1.27148	1.27174	1.26907	1.26922	1844	0	1
2021.04.12	13:00:00	1.26913	1.27086	1.26907	1.27084	1507	0	1
2021.04.12	14:00:00	1.27085	1.27171	1.27074	1.27120	1665	0	1
2021.04.12	15:00:00	1.27118	1.27163	1.26941	1.27110	1718	0	1
2021.04.12	16:00:00	1.27110	1.27124	1.26909	1.27019	2179	0	1
2021.04.12	17:00:00	1.27017	1.27020	1.26711	1.26745	2230	0	1
2021.04.12	18:00:00	1.26749	1.26828	1.26674	1.26806	2200	0	1
2021.04.12	19:00:00	1.26805	1.26820	1.26710	1.26753	1574	0	1
2021.04.12	20:00:00	1.26753	1.26796	1.26694	1.26715	983	0	1
2021.04.12	21:00:00	1.26716	1.26854	1.26705	1.26853	1085	0	1
2021.04.12	22:00:00	1.26853	1.26853	1.26749	1.26753	1142	0	1
2021.04.12	23:00:00	1.26753	1.26807	1.26717	1.26762	617	0	3
2021.04.13	00:00:00	1.26698	1.26910	1.26603	1.26726	678	0	70
2021.04.13	01:00:00	1.26715	1.26797	1.26620	1.26795	660	0	5
2021.04.13	02:00:00	1.26796	1.26881	1.26782	1.26861	443	0	2
2021.04.13	03:00:00	1.26861	1.26901	1.26830	1.26893	774	0	2
2021.04.13	04:00:00	1.26893	1.26907	1.26839	1.26898	1123	0	2
2021.04.13	05:00:00	1.26893	1.26974	1.26886	1.26962	955	0	2
2021.04.13	06:00:00	1.26963	1.26978	1.26886	1.26939	796	0	3
2021.04.13	07:00:00	1.26937	1.26988	1.26906	1.26912	759	0	4
2021.04.13	08:00:00	1.26912	1.27030	1.26912	1.27014	848	0	3
2021.04.13	09:00:00	1.27016	1.27200	1.26898	1.27185	1567	0	1
2021.04.13	10:00:00	1.27184	1.27291	1.27055	1.27122	1989	0	1
2021.04.13	11:00:00	1.27121	1.27251	1.27070	1.27163	1747	0	1
2021.04.13	12:00:00	1.27162	1.27442	1.27127	1.27404	1577	0	1
2021.04.13	13:00:00	1.27411	1.27411	1.27076	1.27087	1427	0	1
2021.04.13	14:00:00	1.27088	1.27099	1.26833	1.26901	2531	0	1
2021.04.13	15:00:00	1.26896	1.26979	1.26583	1.26663	2882	0	1
2021.04.13	16:00:00	1.26656	1.26830	1.26279	1.26802	3154	0	1
2021.04.13	17:00:00	1.26800	1.26803	1.26623	1.26643	2590	0	1
2021.04.13	18:00:00	1.26643	1.26761	1.26583	1.26604	1930	0	1
2021.04.13	19:00:00	1.26604	1.26624	1.26514	1.26557	1464	0	1
2021.04.13	20:00:00	1.26556	1.26596	1.26513	1.26562	1708	0	1
2021.04.13	21:00:00	1.26562	1.26606	1.26540	1.26590	1335	0	2
2021.04.13	22:00:00	1.26590	1.26612	1.26541	1.26554	1061	0	1
2021.04.13	23:00:00	1.26557	1.26662	1.26545	1.26609	665	0	1
2021.04.14	00:00:00	1.26557	1.26581	1.26544	1.26579	274	0	14
2021.04.14	01:00:00	1.26580	1.26635	1.26556	1.26619	454	0	3
2021.04.14	02:00:00	1.26619	1.26658	1.26615	1.26623	392	0	1
2021.04.14	03:00:00	1.26623	1.26648	1.26554	1.26557	857	0	2
2021.04.14	04:00:00	1.26556	1.26638	1.26526	1.26587	939	0	2
2021.04.14	05:00:00	1.26586	1.26693	1.26570	1.26608	1170	0	2
2021.04.14	06:00:00	1.26609	1.26654	1.26581	1.26649	741	0	2
2021.04.14	07:00:00	1.26649	1.26724	1.26636	1.26647	763	0	4
2021.04.14	08:00:00	1.26650	1.26758	1.26619	1.26700	737	0	3
2021.04.14	09:00:00	1.26698	1.26973	1.26661	1.26904	1708	0	1
2021.04.14	10:00:00	1.26903	1.27002	1.26838	1.26876	2262	0	1
2021.04.14	11:00:00	1.26881	1.26953	1.26777	1.26792	1789	0	1
2021.04.14	12:00:00	1.26791	1.26921	1.26684	1.26909	1962	0	1
2021.04.14	13:00:00	1.26908	1.26969	1.26702	1.26905	1822	0	1
2021.04.14	14:00:00	1.26909	1.27110	1.26869	1.26884	1939	0	1
2021.04.14	15:00:00	1.26883	1.26968	1.26834	1.26846	1573	0	1
2021.04.14	16:00:00	1.26848	1.27180	1.26847	1.27165	2716	0	1
2021.04.14	17:00:00	1.27165	1.27259	1.27114	1.27200	2936	0	1
2021.04.14	18:00:00	1.27200	1.27332	1.27153	1.27249	1909	0	1
2021.04.14	19:00:00	1.27253	1.27283	1.27172	1.27238	1621	0	1
2021.04.14	20:00:00	1.27238	1.27336	1.27193	1.27199	1101	0	1
2021.04.14	21:00:00	1.27199	1.27245	1.27154	1.27154	1181	0	1
2021.04.14	22:00:00	1.27156	1.27212	1.27148	1.27176	1127	0	1
2021.04.14	23:00:00	1.27169	1.27180	1.27117	1.27133	658	0	2
2021.04.15	00:00:00	1.27042	1.27159	1.27000	1.27117	757	0	27
2021.04.15	01:00:00	1.27117	1.27191	1.27056	1.27171	543	0	3
2021.04.15	02:00:00	1.27171	1.27182	1.27132	1.27134	300	0	4
2021.04.15	03:00:00	1.27132	1.27241	1.27132	1.27241	938	0	1
2021.04.15	04:00:00	1.27239	1.27251	1.27179	1.27215	1259	0	1
2021.04.15	05:00:00	1.27215	1.27260	1.27169	1.27253	778	0	1
2021.04.15	06:00:00	1.27253	1.27271	1.27190	1.27198	739	0	1
2021.04.15	07:00:00	1.27198	1.27214	1.27143	1.27167	638	0	2
2021.04.15	08:00:00	1.27167	1.27237	1.27131	1.27212	868	0	2
2021.04.15	09:00:00	1.27202	1.27260	1.27129	1.27156	1580	0	1
2021.04.15	10:00:00	1.27143	1.27328	1.27127	1.27289	2297	0	1
2021.04.15	11:00:00	1.27291	1.27337	1.27118	1.27120	1802	0	1
2021.04.15	12:00:00	1.27121	1.27344	1.27096	1.27217	2060	0	1
2021.04.15	13:00:00	1.27216	1.27295	1.27114	1.27136	1724	0	1
2021.04.15	14:00:00	1.27137	1.27286	1.27095	1.27260	1415	0	1
2021.04.15	15:00:00	1.27259	1.27496	1.27193	1.27441	2679	0	1
2021.04.15	16:00:00	1.27441	1.27441	1.27010	1.27094	2919	0	1
2021.04.15	17:00:00	1.27093	1.27213	1.26936	1.27160	2962	0	1
2021.04.15	18:00:00	1.27158	1.27201	1.27038	1.27148	2045	0	1
2021.04.15	19:00:00	1.27147	1.27166	1.27059	1.27160	1437	0	1
2021.04.15	20:00:00	1.27157	1.27169	1.27084	1.27130	1381	0	3
2021.04.15	21:00:00	1.27130	1.27145	1.27062	1.27115	978	0	2
2021.04.15	22:00:00	1.27113	1.27148	1.27038	1.27044	1055	0	1
2021.04.15	23:00:00	1.27046	1.27104	1.27018	1.27067	618	0	1
2021.04.16	00:00:00	1.27076	1.27145	1.27035	1.27071	780	0	71
2021.04.16	01:00:00	1.27070	1.27143	1.27007	1.27093	556	0	7
2021.04.16	02:00:00	1.27094	1.27108	1.27078	1.27081	366	0	3
2021.04.16	03:00:00	1.27083	1.27083	1.27016	1.27058	835	0	3
2021.04.16	04:00:00	1.27058	1.27113	1.26940	1.26958	1248	0	2
2021.04.16	05:00:00	1.26960	1.27014	1.26931	1.27014	968	0	4
2021.04.16	06:00:00	1.27014	1.27014	1.26927	1.26934	548	0	3
2021.04.16	07:00:00	1.26933	1.26948	1.26901	1.26942	549	0	3
2021.04.16	08:00:00	1.26940	1.26947	1.26851	1.26871	972	0	1
2021.04.16	09:00:00	1.26869	1.26869	1.26462	1.26497	1901	0	1
2021.04.16	10:00:00	1.26495	1.26563	1.26255	1.26316	2400	0	1
2021.04.16	11:00:00	1.26309	1.26576	1.26273	1.26543	2171	0	1
2021.04.16	12:00:00	1.26542	1.26665	1.26512	1.26664	1973	0	1
2021.04.16	13:00:00	1.26664	1.26774	1.26634	1.26664	2207	0	1
2021.04.16	14:00:00	1.26670	1.26873	1.26628	1.26829	2249	0	1
2021.04.16	15:00:00	1.26829	1.26981	1.26773	1.26878	2190	0	1
2021.04.16	16:00:00	1.26875	1.27026	1.26752	1.26855	2271	0	1
2021.04.16	17:00:00	1.26860	1.27057	1.26852	1.26976	2405	0	1
2021.04.16	18:00:00	1.26974	1.27176	1.26969	1.27146	1897	0	1
2021.04.16	19:00:00	1.27149	1.27187	1.27074	1.27187	1195	0	1
2021.04.16	20:00:00	1.27186	1.27307	1.27177	1.27291	808	0	1
2021.04.16	21:00:00	1.27291	1.27311	1.27244	1.27257	1008	0	1
2021.04.16	22:00:00	1.27258	1.27327	1.27220	1.27284	853	0	1
2021.04.16	23:00:00	1.27284	1.27328	1.27264	1.27316	397	0	1
2021.04.19	00:00:00	1.27131	1.27179	1.27039	1.27108	266	0	157
2021.04.19	01:00:00	1.27108	1.27363	1.27098	1.27336	639	0	6
2021.04.19	02:00:00	1.27333	1.27333	1.27197	1.27202	745	0	4
2021.04.19	03:00:00	1.27202	1.27252	1.27187	1.27196	1187	0	2
2021.04.19	04:00:00	1.27195	1.27321	1.27170	1.27314	1309	0	1
2021.04.19	05:00:00	1.27314	1.27382	1.27298	1.27355	893	0	2
2021.04.19	06:00:00	1.27360	1.27445	1.27345	1.27377	664	0	3
2021.04.19	07:00:00	1.27374	1.27587	1.27371	1.27548	907	0	1
2021.04.19	08:00:00	1.27549	1.27593	1.27475	1.27493	1064	0	1
2021.04.19	09:00:00	1.27492	1.27590	1.27365	1.27429	1589	0	1
2021.04.19	10:00:00	1.27428	1.27483	1.27160	1.27180	2473	0	1
2021.04.19	11:00:00	1.27186	1.27243	1.26893	1.26915	2786	0	1
2021.04.19	12:00:00	1.26917	1.27008	1.26826	1.26987	2075	0	1
2021.04.19	13:00:00	1.26986	1.27147	1.26871	1.27118	2077	0	1
2021.04.19	14:00:00	1.27109	1.27318	1.27046	1.27286	2949	0	1
2021.04.19	15:00:00	1.27284	1.27598	1.27229	1.27529	2543	0	1
2021.04.19	16:00:00	1.27531	1.27816	1.27469	1.27774	2782	0	1
2021.04.19	17:00:00	1.27774	1.28114	1.27675	1.28014	3138	0	1
2021.04.19	18:00:00	1.28014	1.28077	1.27949	1.27964	1993	0	1
2021.04.19	19:00:00	1.27964	1.28014	1.27913	1.27982	1513	0	2
2021.04.19	20:00:00	1.27981	1.28029	1.27934	1.27935	1368	0	1
2021.04.19	21:00:00	1.27935	1.28006	1.27925	1.27944	1440	0	1
2021.04.19	22:00:00	1.27948	1.28034	1.27927	1.28031	875	0	2
2021.04.19	23:00:00	1.28026	1.28071	1.28010	1.28017	465	0	1
2021.04.20	00:00:00	1.27901	1.27971	1.27858	1.27933	531	0	3
2021.04.20	01:00:00	1.27939	1.28012	1.27896	1.28005	840	0	4
2021.04.20	02:00:00	1.28014	1.28035	1.27967	1.28013	616	0	3
2021.04.20	03:00:00	1.28012	1.28056	1.27993	1.28032	819	0	2
2021.04.20	04:00:00	1.28035	1.28099	1.27942	1.28091	1158	0	1
2021.04.20	05:00:00	1.28092	1.28099	1.27996	1.28001	959	0	1
2021.04.20	06:00:00	1.28003	1.28021	1.27931	1.27974	1237	0	1
2021.04.20	07:00:00	1.27974	1.28030	1.27902	1.27998	884	0	3
2021.04.20	08:00:00	1.27999	1.28111	1.27956	1.28062	1093	0	1
2021.04.20	09:00:00	1.28066	1.28109	1.27977	1.28100	2360	0	1
2021.04.20	10:00:00	1.28098	1.28172	1.27885	1.27917	2544	0	1
2021.04.20	11:00:00	1.27916	1.28047	1.27869	1.27883	1945	0	1
2021.04.20	12:00:00	1.27885	1.28139	1.27844	1.28109	2016	0	1
2021.04.20	13:00:00	1.28108	1.28119	1.27853	1.27890	1934	0	1
2021.04.20	14:00:00	1.27890	1.27982	1.27784	1.27815	1667	0	1
2021.04.20	15:00:00	1.27819	1.27938	1.27729	1.27902	2212	0	1
2021.04.20	16:00:00	1.27902	1.27927	1.27698	1.27709	2157	0	1
2021.04.20	17:00:00	1.27709	1.27760	1.27454	1.27487	2748	0	1
2021.04.20	18:00:00	1.27491	1.27633	1.27446	1.27615	2470	0	1
2021.04.20	19:00:00	1.27612	1.27772	1.27586	1.27692	1532	0	1
2021.04.20	20:00:00	1.27691	1.27756	1.27663	1.27685	1088	0	1
2021.04.20	21:00:00	1.27688	1.27708	1.27605	1.27605	802	0	1
2021.04.20	22:00:00	1.27606	1.27693	1.27603	1.27642	1166	0	1
2021.04.20	23:00:00	1.27642	1.27674	1.27609	1.27612	438	0	2
2021.04.21	00:00:00	1.27602	1.27650	1.27537	1.27545	360	0	41
2021.04.21	01:00:00	1.27576	1.27666	1.27504	1.27665	405	0	9
2021.04.21	02:00:00	1.27662	1.27693	1.27617	1.27681	466	0	4
2021.04.21	03:00:00	1.27681	1.27694	1.27647	1.27668	891	0	3
2021.04.21	04:00:00	1.27670	1.27706	1.27619	1.27645	1168	0	1
2021.04.21	05:00:00	1.27645	1.27649	1.27556	1.27564	958	0	2
2021.04.21	06:00:00	1.27563	1.27618	1.27555	1.27590	598	0	4
2021.04.21	07:00:00	1.27590	1.27624	1.27561	1.27572	648	0	3
2021.04.21	08:00:00	1.27572	1.27635	1.27557	1.27594	754	0	2
2021.04.21	09:00:00	1.27594	1.27696	1.27571	1.27672	1242	0	1
2021.04.21	10:00:00	1.27668	1.27900	1.27560	1.27883	2344	0	1
2021.04.21	11:00:00	1.27879	1.28003	1.27804	1.27928	1779	0	1
2021.04.21	12:00:00	1.27922	1.27922	1.27729	1.27778	1809	0	1
2021.04.21	13:00:00	1.27780	1.27965	1.27761	1.27916	1815	0	1
2021.04.21	14:00:00	1.27919	1.27956	1.27764	1.27837	1457	0	2
2021.04.21	15:00:00	1.27833	1.27871	1.27659	1.27682	1509	0	1
2021.04.21	16:00:00	1.27680	1.27767	1.27534	1.27757	2557	0	1
2021.04.21	17:00:00	1.27757	1.27986	1.27748	1.27795	3155	0	1
2021.04.21	18:00:00	1.27800	1.27820	1.27703	1.27738	1943	0	1
2021.04.21	19:00:00	1.27738	1.27817	1.27639	1.27749	1322	0	1
2021.04.21	20:00:00	1.27754	1.27827	1.27719	1.27802	1098	0	2
2021.04.21	21:00:00	1.27802	1.27825	1.27715	1.27715	1043	0	2
2021.04.21	22:00:00	1.27723	1.27768	1.27693	1.27702	917	0	1
2021.04.21	23:00:00	1.27702	1.27717	1.27675	1.27696	610	0	2
2021.04.22	00:00:00	1.27663	1.27757	1.27641	1.27686	450	0	31
2021.04.22	01:00:00	1.27686	1.27744	1.27617	1.27692	414	0	9
2021.04.22	02:00:00	1.27691	1.27720	1.27688	1.27710	318	0	3
2021.04.22	03:00:00	1.27709	1.27757	1.27680	1.27748	847	0	3
2021.04.22	04:00:00	1.27741	1.27752	1.27675	1.27680	881	0	2
2021.04.22	05:00:00	1.27680	1.27737	1.27680	1.27716	632	0	4
2021.04.22	06:00:00	1.27716	1.27752	1.27699	1.27713	659	0	2
2021.04.22	07:00:00	1.27713	1.27713	1.27629	1.27653	783	0	2
2021.04.22	08:00:00	1.27653	1.27730	1.27626	1.27709	861	0	3
2021.04.22	09:00:00	1.27710	1.27710	1.27500	1.27538	1630	0	1
2021.04.22	10:00:00	1.27537	1.27600	1.27401	1.27411	1720	0	1
2021.04.22	11:00:00	1.27410	1.27423	1.27239	1.27329	1849	0	1
2021.04.22	12:00:00	1.27330	1.27434	1.27274	1.27359	1651	0	1
2021.04.22	13:00:00	1.27359	1.27370	1.27201	1.27250	1468	0	1
2021.04.22	14:00:00	1.27255	1.27326	1.27213	1.27275	1544	0	1
2021.04.22	15:00:00	1.27274	1.27274	1.26927	1.26988	2585	0	1
2021.04.22	16:00:00	1.26991	1.27169	1.26929	1.27032	3238	0	1
2021.04.22	17:00:00	1.27031	1.27152	1.26945	1.26969	3284	0	1
2021.04.22	18:00:00	1.26983	1.27200	1.26932	1.27168	2078	0	1
2021.04.22	19:00:00	1.27167	1.27301	1.27163	1.27189	1479	0	1
2021.04.22	20:00:00	1.27192	1.27234	1.26949	1.26989	2391	0	1
2021.04.22	21:00:00	1.26988	1.27077	1.26933	1.27065	1698	0	2
2021.04.22	22:00:00	1.27065	1.27087	1.26920	1.26931	1459	0	1
2021.04.22	23:00:00	1.26932	1.26961	1.26879	1.26900	543	0	1
2021.04.23	00:00:00	1.26893	1.26941	1.26855	1.26902	519	0	64
2021.04.23	01:00:00	1.26899	1.26948	1.26854	1.26948	599	0	2
2021.04.23	02:00:00	1.26945	1.26954	1.26897	1.26924	564	0	2
2021.04.23	03:00:00	1.26924	1.26961	1.26886	1.26925	1111	0	2
2021.04.23	04:00:00	1.26928	1.27052	1.26909	1.27050	922	0	3
2021.04.23	05:00:00	1.27048	1.27118	1.26966	1.27111	1049	0	1
2021.04.23	06:00:00	1.27110	1.27135	1.27064	1.27091	743	0	3
2021.04.23	07:00:00	1.27089	1.27119	1.27062	1.27088	566	0	3
2021.04.23	08:00:00	1.27082	1.27111	1.27012	1.27071	780	0	3
2021.04.23	09:00:00	1.27062	1.27140	1.27026	1.27072	1357	0	1
2021.04.23	10:00:00	1.27070	1.27317	1.26980	1.27228	2393	0	1
2021.04.23	11:00:00	1.27233	1.27321	1.26939	1.27005	2047	0	1
2021.04.23	12:00:00	1.27000	1.27085	1.26920	1.26934	1655	0	1
2021.04.23	13:00:00	1.26935	1.27109	1.26926	1.27074	1567	0	1
2021.04.23	14:00:00	1.27075	1.27151	1.26983	1.27061	1593	0	1
2021.04.23	15:00:00	1.27059	1.27079	1.26917	1.27007	1974	0	1
2021.04.23	16:00:00	1.27005	1.27066	1.26722	1.26954	2615	0	1
2021.04.23	17:00:00	1.26954	1.27033	1.26825	1.26878	3128	0	1
2021.04.23	18:00:00	1.26879	1.26895	1.26700	1.26702	1893	0	1
2021.04.23	19:00:00	1.26702	1.26771	1.26686	1.26704	1008	0	2
2021.04.23	20:00:00	1.26705	1.26823	1.26657	1.26765	1484	0	1
2021.04.23	21:00:00	1.26766	1.26773	1.26703	1.26757	846	0	2
2021.04.23	22:00:00	1.26757	1.26809	1.26717	1.26804	1186	0	1
2021.04.23	23:00:00	1.26803	1.26858	1.26742	1.26850	647	0	3
2021.04.26	00:00:00	1.26673	1.26733	1.26664	1.26728	149	0	77
2021.04.26	01:00:00	1.26756	1.26815	1.26713	1.26759	624	0	3
2021.04.26	02:00:00	1.26760	1.26787	1.26702	1.26723	568	0	2
2021.04.26	03:00:00	1.26728	1.26902	1.26716	1.26861	1108	0	2
2021.04.26	04:00:00	1.26855	1.26887	1.26819	1.26876	1157	0	3
2021.04.26	05:00:00	1.26881	1.26904	1.26839	1.26857	834	0	2
2021.04.26	06:00:00	1.26857	1.26888	1.26829	1.26846	1074	0	3
2021.04.26	07:00:00	1.26847	1.26884	1.26828	1.26864	601	0	1
2021.04.26	08:00:00	1.26864	1.26889	1.26828	1.26828	725	0	1
2021.04.26	09:00:00	1.26833	1.27129	1.26785	1.27088	1888	0	1
2021.04.26	10:00:00	1.27102	1.27319	1.27078	1.27271	2250	0	1
2021.04.26	11:00:00	1.27272	1.27360	1.27022	1.27129	1984	0	1
2021.04.26	12:00:00	1.27130	1.27237	1.27034	1.27117	1661	0	1
2021.04.26	13:00:00	1.27108	1.27166	1.27064	1.27111	1243	0	1
2021.04.26	14:00:00	1.27107	1.27274	1.27022	1.27188	1851	0	1
2021.04.26	15:00:00	1.27188	1.27265	1.27001	1.27032	1883	0	1
2021.04.26	16:00:00	1.27031	1.27261	1.27019	1.27163	2225	0	1
2021.04.26	17:00:00	1.27160	1.27185	1.26969	1.27002	2269	0	1
2021.04.26	18:00:00	1.27000	1.27070	1.26964	1.27035	1961	0	1
2021.04.26	19:00:00	1.27037	1.27040	1.26934	1.26956	1377	0	1
2021.04.26	20:00:00	1.26956	1.27066	1.26956	1.27053	755	0	1
2021.04.26	21:00:00	1.27053	1.27114	1.27052	1.27109	777	0	1
2021.04.26	22:00:00	1.27108	1.27162	1.27068	1.27126	1142	0	1
2021.04.26	23:00:00	1.27123	1.27133	1.27057	1.27086	581	0	3
2021.04.27	00:00:00	1.26945	1.27053	1.26927	1.27017	439	0	73
2021.04.27	01:00:00	1.27019	1.27099	1.26967	1.27079	468	0	9
2021.04.27	02:00:00	1.27079	1.27106	1.27055	1.27089	497	0	3
2021.04.27	03:00:00	1.27089	1.27110	1.27016	1.27052	798	0	3
2021.04.27	04:00:00	1.27052	1.27159	1.27031	1.27159	927	0	2
2021.04.27	05:00:00	1.27156	1.27156	1.27068	1.27126	781	0	2
2021.04.27	06:00:00	1.27126	1.27165	1.27099	1.27124	633	0	5
2021.04.27	07:00:00	1.27124	1.27169	1.27115	1.27159	414	0	3
2021.04.27	08:00:00	1.27159	1.27215	1.27144	1.27197	560	0	2
2021.04.27	09:00:00	1.27200	1.27284	1.27135	1.27277	1357	0	1
2021.04.27	10:00:00	1.27274	1.27362	1.27000	1.27209	1995	0	1
2021.04.27	11:00:00	1.27203	1.27291	1.27050	1.27070	1776	0	1
2021.04.27	12:00:00	1.27069	1.27142	1.26868	1.26930	1818	0	1
2021.04.27	13:00:00	1.26928	1.27165	1.26844	1.27069	1804	0	1
2021.04.27	14:00:00	1.27071	1.27184	1.26904	1.26920	1617	0	1
2021.04.27	15:00:00	1.26920	1.27076	1.26911	1.27005	1571	0	1
2021.04.27	16:00:00	1.27015	1.27113	1.26920	1.27078	2063	0	1
2021.04.27	17:00:00	1.27078	1.27156	1.26933	1.27008	2563	0	1
2021.04.27	18:00:00	1.27003	1.27187	1.26981	1.27041	1504	0	1
2021.04.27	19:00:00	1.27044	1.27171	1.27016	1.27089	1495	0	1
2021.04.27	20:00:00	1.27087	1.27125	1.27030	1.27059	965	0	2
2021.04.27	21:00:00	1.27058	1.27143	1.27040	1.27085	1299	0	1
2021.04.27	22:00:00	1.27084	1.27155	1.27072	1.27075	801	0	3
2021.04.27	23:00:00	1.27073	1.27126	1.27065	1.27078	524	0	2
2021.04.28	00:00:00	1.27060	1.27065	1.26927	1.27050	729	0	45
2021.04.28	01:00:00	1.27048	1.27086	1.27009	1.27078	508	0	6
2021.04.28	02:00:00	1.27079	1.27110	1.27048	1.27081	415	0	1
2021.04.28	03:00:00	1.27081	1.27107	1.27029	1.27097	911	0	1
2021.04.28	04:00:00	1.27093	1.27116	1.26952	1.26985	1040	0	3
2021.04.28	05:00:00	1.26985	1.27032	1.26959	1.26966	783	0	1
2021.04.28	06:00:00	1.26966	1.26999	1.26933	1.26952	567	0	3
2021.04.28	07:00:00	1.26952	1.27029	1.26950	1.27024	560	0	2
2021.04.28	08:00:00	1.27024	1.27146	1.27022	1.27142	580	0	2
2021.04.28	09:00:00	1.27138	1.27279	1.27117	1.27268	1482	0	2
2021.04.28	10:00:00	1.27268	1.27347	1.27070	1.27099	2123	0	1
2021.04.28	11:00:00	1.27097	1.27227	1.27015	1.27154	1869	0	1
2021.04.28	12:00:00	1.27155	1.27265	1.27055	1.27172	2073	0	1
2021.04.28	13:00:00	1.27175	1.27199	1.26814	1.26854	1559	0	1
2021.04.28	14:00:00	1.26852	1.26992	1.26809	1.26989	1626	0	2
2021.04.28	15:00:00	1.26989	1.27027	1.26847	1.26906	1856	0	1
2021.04.28	16:00:00	1.26906	1.27120	1.26858	1.27084	1982	0	1
2021.04.28	17:00:00	1.27084	1.27096	1.26906	1.27003	2931	0	1
2021.04.28	18:00:00	1.26999	1.27012	1.26912	1.26976	1947	0	1
2021.04.28	19:00:00	1.26977	1.27058	1.26944	1.26994	964	0	2
2021.04.28	20:00:00	1.26994	1.27027	1.26865	1.26903	2057	0	2
2021.04.28	21:00:00	1.26885	1.27034	1.26728	1.26890	3493	0	1
2021.04.28	22:00:00	1.26887	1.27007	1.26751	1.26756	2123	0	1
2021.04.28	23:00:00	1.26757	1.26792	1.26738	1.26778	743	0	1
2021.04.29	00:00:00	1.26696	1.26742	1.26647	1.26690	200	0	43
2021.04.29	01:00:00	1.26690	1.26857	1.26687	1.26800	771	0	1
2021.04.29	02:00:00	1.26800	1.26854	1.26793	1.26832	489	0	2
2021.04.29	03:00:00	1.26844	1.26920	1.26830	1.26884	696	0	1
2021.04.29	04:00:00	1.26884	1.26963	1.26852	1.26856	937	0	2
2021.04.29	05:00:00	1.26856	1.26901	1.26796	1.26856	993	0	1
2021.04.29	06:00:00	1.26856	1.26899	1.26795	1.26853	868	0	4
2021.04.29	07:00:00	1.26855	1.26914	1.26839	1.26901	532	0	2
2021.04.29	08:00:00	1.26901	1.26967	1.26900	1.26954	529	0	5
2021.04.29	09:00:00	1.26952	1.27177	1.26952	1.27161	1661	0	1
2021.04.29	10:00:00	1.27161	1.27253	1.26997	1.27154	2069	0	1
2021.04.29	11:00:00	1.27154	1.27176	1.26897	1.26923	1936	0	1
2021.04.29	12:00:00	1.26911	1.27032	1.26710	1.26740	2000	0	1
2021.04.29	13:00:00	1.26738	1.26815	1.26683	1.26786	1919	0	1
2021.04.29	14:00:00	1.26784	1.26814	1.26692	1.26793	1924	0	1
2021.04.29	15:00:00	1.26792	1.26885	1.26746	1.26867	2145	0	1
2021.04.29	16:00:00	1.26867	1.27116	1.26760	1.27053	3233	0	1
2021.04.29	17:00:00	1.27043	1.27223	1.26923	1.27052	3187	0	1
2021.04.29	18:00:00	1.27046	1.27093	1.26932	1.26974	2017	0	1
2021.04.29	19:00:00	1.26977	1.26983	1.26794	1.26832	1750	0	1
2021.04.29	20:00:00	1.26832	1.26836	1.26701	1.26703	1164	0	2
2021.04.29	21:00:00	1.26704	1.26752	1.26697	1.26733	1290	0	1
2021.04.29	22:00:00	1.26732	1.26760	1.26665	1.26698	1149	0	2
2021.04.29	23:00:00	1.26699	1.26736	1.26634	1.26733	580	0	1
2021.04.30	00:00:00	1.26629	1.26683	1.26552	1.26675	388	0	45
2021.04.30	01:00:00	1.26676	1.26744	1.26621	1.26737	711	0	5
2021.04.30	02:00:00	1.26737	1.26814	1.26734	1.26797	566	0	1
2021.04.30	03:00:00	1.26798	1.26839	1.26722	1.26770	1116	0	1
2021.04.30	04:00:00	1.26770	1.26788	1.26743	1.26760	908	0	4
2021.04.30	05:00:00	1.26759	1.26780	1.26696	1.26703	767	0	3
2021.04.30	06:00:00	1.26703	1.26777	1.26701	1.26760	435	0	4
2021.04.30	07:00:00	1.26760	1.26787	1.26732	1.26751	336	0	5
2021.04.30	08:00:00	1.26753	1.26753	1.26649	1.26667	704	0	1
2021.04.30	09:00:00	1.26661	1.26753	1.26571	1.26596	1330	0	1
2021.04.30	10:00:00	1.26596	1.26604	1.26342	1.26496	2164	0	1
2021.04.30	11:00:00	1.26498	1.26616	1.26406	1.26487	1940	0	1
2021.04.30	12:00:00	1.26487	1.26487	1.26279	1.26366	1769	0	1
2021.04.30	13:00:00	1.26367	1.26508	1.26327	1.26489	1949	0	1
2021.04.30	14:00:00	1.26489	1.26690	1.26476	1.26572	2009	0	1
2021.04.30	15:00:00	1.26573	1.26630	1.26316	1.26374	2191	0	1
2021.04.30	16:00:00	1.26373	1.26377	1.26155	1.26329	2773	0	1
2021.04.30	17:00:00	1.26330	1.26382	1.26157	1.26266	3442	0	1
2021.04.30	18:00:00	1.26266	1.26300	1.26076	1.26295	3436	0	1
2021.04.30	19:00:00	1.26297	1.26321	1.26165	1.26247	1886	0	1
2021.04.30	20:00:00	1.26250	1.26265	1.26066	1.26092	1591	0	1
2021.04.30	21:00:00	1.26092	1.26205	1.26060	1.26116	1330	0	1
2021.04.30	22:00:00	1.26117	1.26209	1.26117	1.26126	1205	0	2
2021.04.30	23:00:00	1.26125	1.26211	1.26091	1.26116	657	0	3
2021.05.03	00:00:00	1.25942	1.26052	1.25891	1.25992	187	0	71
2021.05.03	01:00:00	1.25991	1.26174	1.25901	1.26160	403	0	5
2021.05.03	02:00:00	1.26160	1.26175	1.26120	1.26148	458	0	4
2021.05.03	03:00:00	1.26152	1.26309	1.26152	1.26297	609	0	2
2021.05.03	04:00:00	1.26293	1.26336	1.26246	1.26275	630	0	2
2021.05.03	05:00:00	1.26275	1.26326	1.26242	1.26269	572	0	4
2021.05.03	06:00:00	1.26271	1.26337	1.26271	1.26330	465	0	3
2021.05.03	07:00:00	1.26330	1.26333	1.26295	1.26300	464	0	5
2021.05.03	08:00:00	1.26300	1.26314	1.26188	1.26190	635	0	4
2021.05.03	09:00:00	1.26181	1.26303	1.26115	1.26199	1659	0	1
2021.05.03	10:00:00	1.26199	1.26409	1.26148	1.26375	2051	0	1
2021.05.03	11:00:00	1.26375	1.26497	1.26328	1.26441	1765	0	1
2021.05.03	12:00:00	1.26439	1.26443	1.26326	1.26367	1667	0	1
2021.05.03	13:00:00	1.26366	1.26576	1.26357	1.26521	1338	0	1
2021.05.03	14:00:00	1.26516	1.26842	1.26488	1.26839	1563	0	1
2021.05.03	15:00:00	1.26846	1.26941	1.26721	1.26812	2015	0	1
2021.05.03	16:00:00	1.26813	1.26875	1.26701	1.26803	2225	0	1
2021.05.03	17:00:00	1.26783	1.26816	1.26600	1.26772	2928	0	1
2021.05.03	18:00:00	1.26774	1.26830	1.26690	1.26830	1740	0	1
2021.05.03	19:00:00	1.26830	1.26871	1.26787	1.26822	1333	0	2
2021.05.03	20:00:00	1.26823	1.26844	1.26749	1.26753	1285	0	4
2021.05.03	21:00:00	1.26753	1.26783	1.26730	1.26753	1145	0	2
2021.05.03	22:00:00	1.26749	1.26769	1.26720	1.26724	1091	0	3
2021.05.03	23:00:00	1.26724	1.26754	1.26715	1.26737	467	0	2
2021.05.04	00:00:00	1.26592	1.26737	1.26568	1.26679	820	0	66
2021.05.04	01:00:00	1.26684	1.26758	1.26680	1.26724	777	0	4
2021.05.04	02:00:00	1.26726	1.26745	1.26708	1.26735	263	0	6
2021.05.04	03:00:00	1.26734	1.26812	1.26710	1.26781	575	0	3
2021.05.04	04:00:00	1.26781	1.26783	1.26695	1.26719	637	0	2
2021.05.04	05:00:00	1.26719	1.26797	1.26718	1.26771	645	0	4
2021.05.04	06:00:00	1.26771	1.26882	1.26754	1.26882	407	0	5
2021.05.04	07:00:00	1.26884	1.26900	1.26814	1.26875	666	0	5
2021.05.04	08:00:00	1.26875	1.26941	1.26816	1.26941	742	0	1
2021.05.04	09:00:00	1.26934	1.26997	1.26860	1.26903	1310	0	2
2021.05.04	10:00:00	1.26905	1.26937	1.26685	1.26823	2421	0	1
2021.05.04	11:00:00	1.26827	1.26952	1.26806	1.26948	2053	0	1
2021.05.04	12:00:00	1.26948	1.27089	1.26948	1.27073	1784	0	2
2021.05.04	13:00:00	1.27074	1.27147	1.26947	1.26948	1607	0	1
2021.05.04	14:00:00	1.26946	1.26988	1.26649	1.26677	2184	0	1
2021.05.04	15:00:00	1.26675	1.26684	1.26245	1.26357	2618	0	1
2021.05.04	16:00:00	1.26361	1.26535	1.26276	1.26410	2500	0	1
2021.05.04	17:00:00	1.26408	1.26655	1.26355	1.26556	3322	0	1
2021.05.04	18:00:00	1.26558	1.26743	1.26535	1.26738	3444	0	1
2021.05.04	19:00:00	1.26728	1.26944	1.26715	1.26873	2304	0	1
2021.05.04	20:00:00	1.26872	1.26926	1.26862	1.26914	1921	0	2
2021.05.04	21:00:00	1.26913	1.26919	1.26831	1.26913	1837	0	2
2021.05.04	22:00:00	1.26913	1.26930	1.26832	1.26872	1541	0	2
2021.05.04	23:00:00	1.26873	1.26874	1.26786	1.26813	675	0	5
2021.05.05	00:00:00	1.26836	1.26888	1.26797	1.26814	232	0	86
2021.05.05	01:00:00	1.26814	1.26910	1.26774	1.26905	482	0	5
2021.05.05	02:00:00	1.26904	1.26908	1.26876	1.26880	388	0	5
2021.05.05	03:00:00	1.26879	1.26972	1.26869	1.26942	627	0	2
2021.05.05	04:00:00	1.26942	1.27022	1.26902	1.27017	689	0	2
2021.05.05	05:00:00	1.27015	1.27031	1.26965	1.26984	617	0	1
2021.05.05	06:00:00	1.26985	1.27017	1.26981	1.26993	342	0	3
2021.05.05	07:00:00	1.26991	1.27002	1.26964	1.26981	298	0	5
2021.05.05	08:00:00	1.26984	1.27022	1.26922	1.27017	566	0	5
2021.05.05	09:00:00	1.27021	1.27274	1.26975	1.27246	1665	0	1
2021.05.05	10:00:00	1.27245	1.27334	1.27165	1.27296	2384	0	1
2021.05.05	11:00:00	1.27298	1.27363	1.27162	1.27199	1816	0	1
2021.05.05	12:00:00	1.27201	1.27226	1.27020	1.27147	1685	0	1
2021.05.05	13:00:00	1.27151	1.27343	1.27089	1.27114	1829	0	1
2021.05.05	14:00:00	1.27114	1.27152	1.26979	1.26979	1195	0	2
2021.05.05	15:00:00	1.26982	1.27154	1.26972	1.27028	2178	0	1
2021.05.05	16:00:00	1.27032	1.27042	1.26862	1.26937	2421	0	1
2021.05.05	17:00:00	1.26948	1.27058	1.26862	1.27020	2809	0	1
2021.05.05	18:00:00	1.27020	1.27088	1.26951	1.27015	1941	0	1
2021.05.05	19:00:00	1.27019	1.27063	1.26955	1.27002	1319	0	1
2021.05.05	20:00:00	1.27004	1.27053	1.26946	1.27014	1007	0	1
2021.05.05	21:00:00	1.27017	1.27089	1.26996	1.27053	995	0	2
2021.05.05	22:00:00	1.27051	1.27080	1.26971	1.27007	1490	0	2
2021.05.05	23:00:00	1.27006	1.27042	1.26976	1.26989	689	0	2
2021.05.06	00:00:00	1.26869	1.26984	1.26687	1.26932	360	0	22
2021.05.06	01:00:00	1.26937	1.27004	1.26928	1.26976	398	0	6
2021.05.06	02:00:00	1.26976	1.27020	1.26970	1.27005	360	0	6
2021.05.06	03:00:00	1.27004	1.27104	1.26999	1.27026	753	0	3
2021.05.06	04:00:00	1.27026	1.27091	1.27020	1.27056	969	0	1
2021.05.06	05:00:00	1.27051	1.27060	1.26951	1.27019	1288	0	1
2021.05.06	06:00:00	1.27019	1.27040	1.27000	1.27008	1030	0	2
2021.05.06	07:00:00	1.27006	1.27046	1.27002	1.27023	689	0	3
2021.05.06	08:00:00	1.27020	1.27085	1.27013	1.27058	929	0	3
2021.05.06	09:00:00	1.27048	1.27065	1.26873	1.26938	1786	0	1
2021.05.06	10:00:00	1.26938	1.26962	1.26625	1.26680	2140	0	1
2021.05.06	11:00:00	1.26679	1.26717	1.26473	1.26550	1937	0	1
2021.05.06	12:00:00	1.26550	1.26624	1.26511	1.26583	2118	0	1
2021.05.06	13:00:00	1.26584	1.26596	1.26253	1.26327	1611	0	1
2021.05.06	14:00:00	1.26330	1.26725	1.26001	1.26424	2763	0	2
2021.05.06	15:00:00	1.26421	1.26492	1.26218	1.26279	2451	0	1
2021.05.06	16:00:00	1.26278	1.26364	1.26087	1.26219	2810	0	1
2021.05.06	17:00:00	1.26227	1.26248	1.25928	1.26145	3190	0	1
2021.05.06	18:00:00	1.26147	1.26252	1.26102	1.26248	2460	0	1
2021.05.06	19:00:00	1.26248	1.26327	1.26217	1.26243	1713	0	1
2021.05.06	20:00:00	1.26238	1.26282	1.26166	1.26171	1203	0	1
2021.05.06	21:00:00	1.26171	1.26223	1.26162	1.26184	1190	0	1
2021.05.06	22:00:00	1.26184	1.26238	1.26163	1.26232	1397	0	1
2021.05.06	23:00:00	1.26229	1.26234	1.26075	1.26083	657	0	2
2021.05.07	00:00:00	1.26044	1.26115	1.25965	1.26032	431	0	47
2021.05.07	01:00:00	1.26051	1.26151	1.26048	1.26150	562	0	9
2021.05.07	02:00:00	1.26147	1.26147	1.26095	1.26118	300	0	4
2021.05.07	03:00:00	1.26118	1.26170	1.26064	1.26142	680	0	5
2021.05.07	04:00:00	1.26142	1.26235	1.26135	1.26218	873	0	2
2021.05.07	05:00:00	1.26218	1.26256	1.26165	1.26204	1098	0	3
2021.05.07	06:00:00	1.26208	1.26238	1.26156	1.26200	1080	0	1
2021.05.07	07:00:00	1.26202	1.26202	1.26157	1.26201	518	0	1
2021.05.07	08:00:00	1.26199	1.26216	1.26139	1.26213	780	0	2
2021.05.07	09:00:00	1.26206	1.26275	1.26150	1.26238	1477	0	2
2021.05.07	10:00:00	1.26238	1.26512	1.26142	1.26464	2498	0	1
2021.05.07	11:00:00	1.26465	1.26487	1.26271	1.26357	1790	0	1
2021.05.07	12:00:00	1.26358	1.26364	1.26227	1.26318	1346	0	1
2021.05.07	13:00:00	1.26318	1.26495	1.26265	1.26485	1316	0	1
2021.05.07	14:00:00	1.26484	1.26492	1.26249	1.26287	1491	0	1
2021.05.07	15:00:00	1.26288	1.26339	1.25825	1.26089	3635	0	1
2021.05.07	16:00:00	1.26094	1.26171	1.25978	1.26110	4509	0	1
2021.05.07	17:00:00	1.26110	1.26255	1.25948	1.26204	3282	0	1
2021.05.07	18:00:00	1.26202	1.26245	1.26074	1.26129	2644	0	1
2021.05.07	19:00:00	1.26129	1.26189	1.26040	1.26121	1952	0	2
2021.05.07	20:00:00	1.26125	1.26160	1.26022	1.26086	2045	0	1
2021.05.07	21:00:00	1.26086	1.26156	1.26072	1.26116	1676	0	1
2021.05.07	22:00:00	1.26115	1.26156	1.26092	1.26127	1511	0	1
2021.05.07	23:00:00	1.26125	1.26154	1.25946	1.25962	880	0	4
2021.05.10	00:00:00	1.25986	1.26230	1.25961	1.26041	1494	0	18
2021.05.10	01:00:00	1.26049	1.26361	1.26045	1.26334	778	0	3
2021.05.10	02:00:00	1.26334	1.26440	1.26285	1.26435	794	0	3
2021.05.10	03:00:00	1.26432	1.26514	1.26382	1.26403	1327	0	1
2021.05.10	04:00:00	1.26404	1.26548	1.26400	1.26478	1131	0	2
2021.05.10	05:00:00	1.26478	1.26492	1.26338	1.26359	919	0	1
2021.05.10	06:00:00	1.26363	1.26401	1.26324	1.26352	587	0	3
2021.05.10	07:00:00	1.26355	1.26461	1.26341	1.26459	528	0	3
2021.05.10	08:00:00	1.26453	1.26720	1.26428	1.26634	1210	0	1
2021.05.10	09:00:00	1.26635	1.26736	1.26609	1.26628	2223	0	1
2021.05.10	10:00:00	1.26630	1.26867	1.26523	1.26834	2762	0	1
2021.05.10	11:00:00	1.26827	1.26916	1.26753	1.26816	2352	0	1
2021.05.10	12:00:00	1.26817	1.26959	1.26764	1.26918	1843	0	1
2021.05.10	13:00:00	1.26919	1.27004	1.26834	1.26901	1710	0	2
2021.05.10	14:00:00	1.26901	1.27081	1.26808	1.26891	1760	0	1
2021.05.10	15:00:00	1.26891	1.27232	1.26848	1.27147	2119	0	1
2021.05.10	16:00:00	1.27145	1.27155	1.27007	1.27059	3137	0	1
2021.05.10	17:00:00	1.27065	1.27271	1.27011	1.27176	2909	0	1
2021.05.10	18:00:00	1.27179	1.27208	1.27076	1.27180	2486	0	1
2021.05.10	19:00:00	1.27179	1.27274	1.27080	1.27273	1459	0	2
2021.05.10	20:00:00	1.27272	1.27385	1.27224	1.27330	1310	0	1
2021.05.10	21:00:00	1.27329	1.27407	1.27261	1.27297	1730	0	1
2021.05.10	22:00:00	1.27294	1.27328	1.27237	1.27306	1543	0	2
2021.05.10	23:00:00	1.27309	1.27318	1.27237	1.27249	988	0	2
2021.05.11	00:00:00	1.27178	1.27273	1.26961	1.27250	900	0	40
2021.05.11	01:00:00	1.27254	1.27286	1.27226	1.27240	577	0	7
2021.05.11	02:00:00	1.27241	1.27257	1.27215	1.27251	529	0	4
2021.05.11	03:00:00	1.27258	1.27320	1.27201	1.27226	1284	0	2
2021.05.11	04:00:00	1.27227	1.27282	1.27130	1.27133	1389	0	3
2021.05.11	05:00:00	1.27141	1.27216	1.27134	1.27169	1151	0	1
2021.05.11	06:00:00	1.27171	1.27212	1.27154	1.27172	822	0	1
2021.05.11	07:00:00	1.27172	1.27261	1.27172	1.27188	517	0	4
2021.05.11	08:00:00	1.27191	1.27265	1.27139	1.27245	716	0	3
2021.05.11	09:00:00	1.27242	1.27363	1.27226	1.27315	1880	0	1
2021.05.11	10:00:00	1.27312	1.27591	1.27301	1.27527	2441	0	1
2021.05.11	11:00:00	1.27528	1.27590	1.27316	1.27523	2194	0	1
2021.05.11	12:00:00	1.27523	1.27560	1.27373	1.27545	1732	0	1
2021.05.11	13:00:00	1.27541	1.27624	1.27422	1.27439	2014	0	1
2021.05.11	14:00:00	1.27437	1.27617	1.27414	1.27561	1727	0	1
2021.05.11	15:00:00	1.27561	1.27660	1.27494	1.27647	2165	0	1
2021.05.11	16:00:00	1.27651	1.27654	1.27409	1.27648	3773	0	1
2021.05.11	17:00:00	1.27648	1.27655	1.27384	1.27594	3191	0	1
2021.05.11	18:00:00	1.27592	1.27666	1.27524	1.27619	2571	0	1
2021.05.11	19:00:00	1.27620	1.27926	1.27616	1.27917	2062	0	1
2021.05.11	20:00:00	1.27915	1.27958	1.27822	1.27917	1905	0	1
2021.05.11	21:00:00	1.27920	1.27926	1.27830	1.27893	1791	0	2
2021.05.11	22:00:00	1.27896	1.27920	1.27779	1.27805	1115	0	1
2021.05.11	23:00:00	1.27803	1.27821	1.27748	1.27764	620	0	2
2021.05.12	00:00:00	1.27707	1.27855	1.27707	1.27733	588	0	27
2021.05.12	01:00:00	1.27741	1.27831	1.27732	1.27792	728	0	1
2021.05.12	02:00:00	1.27791	1.27796	1.27756	1.27766	487	0	2
2021.05.12	03:00:00	1.27766	1.27816	1.27698	1.27754	882	0	2
2021.05.12	04:00:00	1.27759	1.27788	1.27695	1.27779	1067	0	2
2021.05.12	05:00:00	1.27778	1.27800	1.27749	1.27781	898	0	2
2021.05.12	06:00:00	1.27780	1.27827	1.27769	1.27792	911	0	2
2021.05.12	07:00:00	1.27792	1.27840	1.27785	1.27815	615	0	3
2021.05.12	08:00:00	1.27815	1.27882	1.27812	1.27839	840	0	2
2021.05.12	09:00:00	1.27840	1.27908	1.27792	1.27852	1598	0	2
2021.05.12	10:00:00	1.27854	1.27980	1.27783	1.27836	2240	0	1
2021.05.12	11:00:00	1.27836	1.27921	1.27784	1.27905	1712	0	1
2021.05.12	12:00:00	1.27902	1.28004	1.27752	1.27754	1594	0	1
2021.05.12	13:00:00	1.27754	1.27893	1.27686	1.27889	1457	0	1
2021.05.12	14:00:00	1.27889	1.27928	1.27824	1.27870	1556	0	1
2021.05.12	15:00:00	1.27869	1.27988	1.27743	1.27874	3494	0	2
2021.05.12	16:00:00	1.27870	1.28061	1.27781	1.28025	4288	0	1
2021.05.12	17:00:00	1.28025	1.28157	1.27964	1.28092	3850	0	1
2021.05.12	18:00:00	1.28098	1.28200	1.27962	1.27972	2858	0	1
2021.05.12	19:00:00	1.27971	1.27974	1.27785	1.27810	2802	0	1
2021.05.12	20:00:00	1.27809	1.27818	1.27671	1.27742	2548	0	1
2021.05.12	21:00:00	1.27742	1.27762	1.27651	1.27657	1923	0	2
2021.05.12	22:00:00	1.27657	1.27728	1.27634	1.27723	1756	0	1
2021.05.12	23:00:00	1.27722	1.27742	1.27668	1.27719	787	0	1
2021.05.13	00:00:00	1.27704	1.27776	1.27498	1.27739	678	0	6
2021.05.13	01:00:00	1.27751	1.27867	1.27728	1.27823	792	0	2
2021.05.13	02:00:00	1.27821	1.27857	1.27775	1.27808	423	0	3
2021.05.13	03:00:00	1.27805	1.27814	1.27738	1.27772	1107	0	3
2021.05.13	04:00:00	1.27772	1.27831	1.27743	1.27803	1323	0	1
2021.05.13	05:00:00	1.27803	1.27815	1.27744	1.27769	1029	0	2
2021.05.13	06:00:00	1.27769	1.27780	1.27732	1.27774	1094	0	3
2021.05.13	07:00:00	1.27773	1.27803	1.27747	1.27794	831	0	4
2021.05.13	08:00:00	1.27796	1.27801	1.27726	1.27726	961	0	3
2021.05.13	09:00:00	1.27728	1.27762	1.27506	1.27618	2054	0	1
2021.05.13	10:00:00	1.27620	1.27647	1.27475	1.27589	2867	0	1
2021.05.13	11:00:00	1.27596	1.27623	1.27452	1.27465	2888	0	1
2021.05.13	12:00:00	1.27465	1.27550	1.27372	1.27393	2134	0	1
2021.05.13	13:00:00	1.27393	1.27407	1.27235	1.27300	2238	0	1
2021.05.13	14:00:00	1.27298	1.27374	1.27260	1.27260	1907	0	1
2021.05.13	15:00:00	1.27254	1.27433	1.27253	1.27376	2843	0	1
2021.05.13	16:00:00	1.27376	1.27381	1.27204	1.27281	3103	0	2
2021.05.13	17:00:00	1.27280	1.27342	1.27201	1.27320	2909	0	1
2021.05.13	18:00:00	1.27315	1.27405	1.27201	1.27238	2560	0	1
2021.05.13	19:00:00	1.27238	1.27270	1.27151	1.27183	2196	0	1
2021.05.13	20:00:00	1.27184	1.27257	1.27089	1.27116	2366	0	1
2021.05.13	21:00:00	1.27113	1.27270	1.27108	1.27264	1997	0	3
2021.05.13	22:00:00	1.27264	1.27292	1.27191	1.27263	1649	0	1
2021.05.13	23:00:00	1.27263	1.27289	1.27225	1.27266	470	0	2
2021.05.14	00:00:00	1.27223	1.27330	1.27102	1.27190	625	0	15
2021.05.14	01:00:00	1.27207	1.27277	1.27202	1.27217	317	0	9
2021.05.14	02:00:00	1.27224	1.27278	1.27213	1.27255	460	0	4
2021.05.14	03:00:00	1.27255	1.27268	1.27205	1.27261	963	0	2
2021.05.14	04:00:00	1.27261	1.27277	1.27179	1.27199	1130	0	4
2021.05.14	05:00:00	1.27199	1.27234	1.27168	1.27202	929	0	4
2021.05.14	06:00:00	1.27202	1.27214	1.27139	1.27172	680	0	2
2021.05.14	07:00:00	1.27172	1.27212	1.27131	1.27140	483	0	2
2021.05.14	08:00:00	1.27140	1.27180	1.27113	1.27117	790	0	2
2021.05.14	09:00:00	1.27113	1.27168	1.26973	1.27100	2129	0	1
2021.05.14	10:00:00	1.27102	1.27176	1.26932	1.26973	2364	0	1
2021.05.14	11:00:00	1.26967	1.27020	1.26815	1.26944	1874	0	1
2021.05.14	12:00:00	1.26943	1.27160	1.26937	1.27110	1596	0	1
2021.05.14	13:00:00	1.27108	1.27417	1.27090	1.27293	1762	0	1
2021.05.14	14:00:00	1.27293	1.27373	1.27248	1.27259	1849	0	1
2021.05.14	15:00:00	1.27259	1.27276	1.27138	1.27257	2626	0	1
2021.05.14	16:00:00	1.27260	1.27306	1.27116	1.27171	2992	0	1
2021.05.14	17:00:00	1.27170	1.27224	1.27022	1.27169	3027	0	1
2021.05.14	18:00:00	1.27169	1.27290	1.27115	1.27153	1927	0	1
2021.05.14	19:00:00	1.27152	1.27264	1.27113	1.27247	1246	0	2
2021.05.14	20:00:00	1.27246	1.27256	1.27159	1.27217	1007	0	1
2021.05.14	21:00:00	1.27219	1.27267	1.27176	1.27210	1024	0	2
2021.05.14	22:00:00	1.27211	1.27232	1.27145	1.27181	1091	0	1
2021.05.14	23:00:00	1.27182	1.27236	1.27077	1.27103	676	0	3
2021.05.17	00:00:00	1.27012	1.27110	1.26967	1.27045	210	0	91
2021.05.17	01:00:00	1.27045	1.27148	1.27045	1.27115	384	0	7
2021.05.17	02:00:00	1.27114	1.27154	1.27095	1.27112	497	0	3
2021.05.17	03:00:00	1.27109	1.27121	1.27078	1.27104	922	0	2
2021.05.17	04:00:00	1.27104	1.27112	1.27050	1.27050	921	0	3
2021.05.17	05:00:00	1.27050	1.27151	1.27026	1.27127	739	0	2
2021.05.17	06:00:00	1.27127	1.27140	1.27071	1.27077	681	0	3
2021.05.17	07:00:00	1.27079	1.27149	1.27074	1.27100	578	0	3
2021.05.17	08:00:00	1.27100	1.27144	1.27064	1.27111	897	0	2
2021.05.17	09:00:00	1.27115	1.27237	1.27094	1.27198	1893	0	1
2021.05.17	10:00:00	1.27199	1.27269	1.27081	1.27185	2322	0	1
2021.05.17	11:00:00	1.27182	1.27253	1.27144	1.27210	1520	0	1
2021.05.17	12:00:00	1.27212	1.27227	1.26945	1.27012	1991	0	1
2021.05.17	13:00:00	1.27013	1.27097	1.26906	1.26906	1734	0	1
2021.05.17	14:00:00	1.26905	1.27073	1.26905	1.27058	1772	0	2
2021.05.17	15:00:00	1.27057	1.27103	1.26955	1.27042	2166	0	1
2021.05.17	16:00:00	1.27044	1.27174	1.27023	1.27100	2422	0	1
2021.05.17	17:00:00	1.27100	1.27278	1.27068	1.27272	3136	0	1
2021.05.17	18:00:00	1.27273	1.27391	1.27191	1.27375	2445	0	1
2021.05.17	19:00:00	1.27375	1.27522	1.27371	1.27506	1402	0	1
2021.05.17	20:00:00	1.27506	1.27573	1.27486	1.27554	1279	0	1
2021.05.17	21:00:00	1.27554	1.27633	1.27540	1.27630	852	0	2
2021.05.17	22:00:00	1.27630	1.27677	1.27601	1.27641	1071	0	1
2021.05.17	23:00:00	1.27641	1.27732	1.27623	1.27688	594	0	1
2021.05.18	00:00:00	1.27680	1.27692	1.27552	1.27620	514	0	29
2021.05.18	01:00:00	1.27620	1.27722	1.27620	1.27705	369	0	5
2021.05.18	02:00:00	1.27705	1.27808	1.27703	1.27808	457	0	2
2021.05.18	03:00:00	1.27808	1.27861	1.27775	1.27829	981	0	1
2021.05.18	04:00:00	1.27828	1.27900	1.27794	1.27831	1340	0	2
2021.05.18	05:00:00	1.27830	1.27872	1.27806	1.27833	1046	0	2
2021.05.18	06:00:00	1.27839	1.27879	1.27784	1.27864	785	0	1
2021.05.18	07:00:00	1.27862	1.27886	1.27790	1.27801	661	0	2
2021.05.18	08:00:00	1.27803	1.27874	1.27705	1.27712	788	0	1
2021.05.18	09:00:00	1.27716	1.27783	1.27547	1.27640	2022	0	1
2021.05.18	10:00:00	1.27630	1.27639	1.27449	1.27524	2588	0	1
2021.05.18	11:00:00	1.27523	1.27541	1.27298	1.27492	2229	0	1
2021.05.18	12:00:00	1.27487	1.27606	1.27430	1.27461	2066	0	1
2021.05.18	13:00:00	1.27463	1.27524	1.27351	1.27455	1674	0	1
2021.05.18	14:00:00	1.27453	1.27538	1.27421	1.27451	1759	0	1
2021.05.18	15:00:00	1.27450	1.27493	1.27337	1.27407	2097	0	1
2021.05.18	16:00:00	1.27409	1.27476	1.27291	1.27340	2774	0	1
2021.05.18	17:00:00	1.27341	1.27539	1.27273	1.27490	2950	0	1
2021.05.18	18:00:00	1.27486	1.27512	1.27368	1.27452	2082	0	1
2021.05.18	19:00:00	1.27452	1.27460	1.27376	1.27430	1902	0	2
2021.05.18	20:00:00	1.27432	1.27447	1.27298	1.27310	990	0	3
2021.05.18	21:00:00	1.27313	1.27320	1.27204	1.27214	1195	0	1
2021.05.18	22:00:00	1.27215	1.27365	1.27196	1.27343	1010	0	2
2021.05.18	23:00:00	1.27343	1.27366	1.27304	1.27350	846	0	1
2021.05.19	00:00:00	1.27348	1.27351	1.27204	1.27267	619	0	47
2021.05.19	01:00:00	1.27241	1.27369	1.27241	1.27346	418	0	5
2021.05.19	02:00:00	1.27350	1.27377	1.27312	1.27339	454	0	1
2021.05.19	03:00:00	1.27343	1.27451	1.27333	1.27405	865	0	1
2021.05.19	04:00:00	1.27405	1.27444	1.27367	1.27397	1076	0	2
2021.05.19	05:00:00	1.27397	1.27430	1.27366	1.27379	968	0	2
2021.05.19	06:00:00	1.27380	1.27410	1.27326	1.27335	709	0	3
2021.05.19	07:00:00	1.27338	1.27346	1.27286	1.27318	700	0	2
2021.05.19	08:00:00	1.27317	1.27389	1.27294	1.27379	724	0	2
2021.05.19	09:00:00	1.27375	1.27382	1.27256	1.27309	1709	0	1
2021.05.19	10:00:00	1.27302	1.27573	1.27267	1.27544	2690	0	1
2021.05.19	11:00:00	1.27544	1.27742	1.27543	1.27672	2276	0	1
2021.05.19	12:00:00	1.27672	1.27707	1.27568	1.27645	2004	0	1
2021.05.19	13:00:00	1.27645	1.27710	1.27533	1.27642	2042	0	1
2021.05.19	14:00:00	1.27641	1.27672	1.27529	1.27558	2386	0	1
2021.05.19	15:00:00	1.27562	1.27823	1.27562	1.27629	2205	0	1
2021.05.19	16:00:00	1.27636	1.27656	1.27441	1.27612	3659	0	1
2021.05.19	17:00:00	1.27612	1.27619	1.27315	1.27384	3753	0	1
2021.05.19	18:00:00	1.27395	1.27585	1.27365	1.27573	2952	0	1
2021.05.19	19:00:00	1.27569	1.27593	1.27494	1.27499	1829	0	1
2021.05.19	20:00:00	1.27499	1.27581	1.27479	1.27505	1377	0	1
2021.05.19	21:00:00	1.27505	1.27620	1.27491	1.27504	4084	0	1
2021.05.19	22:00:00	1.27505	1.27621	1.27505	1.27610	2643	0	1
2021.05.19	23:00:00	1.27613	1.27630	1.27522	1.27528	902	0	1
2021.05.20	00:00:00	1.27446	1.27557	1.27330	1.27455	609	0	50
2021.05.20	01:00:00	1.27469	1.27555	1.27469	1.27520	471	0	2
2021.05.20	02:00:00	1.27528	1.27569	1.27517	1.27537	470	0	4
2021.05.20	03:00:00	1.27536	1.27648	1.27517	1.27617	1151	0	2
2021.05.20	04:00:00	1.27611	1.27616	1.27545	1.27575	1287	0	3
2021.05.20	05:00:00	1.27574	1.27593	1.27515	1.27539	1395	0	1
2021.05.20	06:00:00	1.27539	1.27582	1.27529	1.27564	860	0	2
2021.05.20	07:00:00	1.27564	1.27585	1.27509	1.27582	677	0	1
2021.05.20	08:00:00	1.27576	1.27639	1.27568	1.27618	802	0	2
2021.05.20	09:00:00	1.27616	1.27721	1.27562	1.27632	1982	0	1
2021.05.20	10:00:00	1.27632	1.27659	1.27211	1.27244	2438	0	1
2021.05.20	11:00:00	1.27243	1.27378	1.27219	1.27256	1928	0	1
2021.05.20	12:00:00	1.27254	1.27390	1.27129	1.27343	1812	0	2
2021.05.20	13:00:00	1.27339	1.27395	1.27226	1.27312	1852	0	1
2021.05.20	14:00:00	1.27314	1.27323	1.27219	1.27225	1842	0	1
2021.05.20	15:00:00	1.27227	1.27319	1.27179	1.27313	2068	0	1
2021.05.20	16:00:00	1.27313	1.27391	1.27237	1.27250	3057	0	1
2021.05.20	17:00:00	1.27250	1.27402	1.27180	1.27385	2989	0	1
2021.05.20	18:00:00	1.27381	1.27449	1.27352	1.27424	2268	0	1
2021.05.20	19:00:00	1.27424	1.27464	1.27382	1.27441	1880	0	1
2021.05.20	20:00:00	1.27438	1.27446	1.27378	1.27422	1541	0	1
2021.05.20	21:00:00	1.27420	1.27484	1.27409	1.27444	1081	0	2
2021.05.20	22:00:00	1.27440	1.27450	1.27370	1.27376	1115	0	2
2021.05.20	23:00:00	1.27378	1.27392	1.27326	1.27353	512	0	2
2021.05.21	00:00:00	1.27216	1.27331	1.27216	1.27302	1031	0	12
2021.05.21	01:00:00	1.27290	1.27349	1.27290	1.27327	352	0	3
2021.05.21	02:00:00	1.27333	1.27342	1.27301	1.27314	475	0	3
2021.05.21	03:00:00	1.27316	1.27349	1.27196	1.27223	1171	0	1
2021.05.21	04:00:00	1.27228	1.27242	1.27183	1.27183	1311	0	1
2021.05.21	05:00:00	1.27183	1.27236	1.27152	1.27232	1282	0	2
2021.05.21	06:00:00	1.27231	1.27255	1.27168	1.27174	951	0	2
2021.05.21	07:00:00	1.27173	1.27188	1.27137	1.27140	631	0	2
2021.05.21	08:00:00	1.27140	1.27323	1.27140	1.27168	817	0	3
2021.05.21	09:00:00	1.27166	1.27267	1.27097	1.27099	1666	0	1
2021.05.21	10:00:00	1.27100	1.27233	1.26953	1.27202	2759	0	1
2021.05.21	11:00:00	1.27203	1.27418	1.27200	1.27418	1880	0	1
2021.05.21	12:00:00	1.27421	1.27498	1.27355	1.27421	2089	0	2
2021.05.21	13:00:00	1.27421	1.27516	1.27415	1.27504	1860	0	1
2021.05.21	14:00:00	1.27506	1.27521	1.27322	1.27498	2209	0	1
2021.05.21	15:00:00	1.27498	1.27597	1.27466	1.27507	2313	0	1
2021.05.21	16:00:00	1.27510	1.27619	1.27392	1.27398	2776	0	1
2021.05.21	17:00:00	1.27398	1.27459	1.27182	1.27210	3205	0	1
2021.05.21	18:00:00	1.27214	1.27280	1.27175	1.27231	2132	0	1
2021.05.21	19:00:00	1.27232	1.27273	1.27140	1.27202	1576	0	1
2021.05.21	20:00:00	1.27202	1.27222	1.27127	1.27127	1454	0	3
2021.05.21	21:00:00	1.27127	1.27147	1.27099	1.27110	1239	0	2
2021.05.21	22:00:00	1.27108	1.27110	1.26994	1.27033	1397	0	1
2021.05.21	23:00:00	1.27035	1.27060	1.26977	1.27036	758	0	1
2021.05.24	00:00:00	1.27063	1.27158	1.26930	1.26987	388	0	104
2021.05.24	01:00:00	1.27026	1.27070	1.26966	1.26967	688	0	5
2021.05.24	02:00:00	1.26966	1.26978	1.26895	1.26904	523	0	2
2021.05.24	03:00:00	1.26904	1.27008	1.26904	1.26956	1272	0	1
2021.05.24	04:00:00	1.26962	1.27008	1.26914	1.26930	1279	0	2
2021.05.24	05:00:00	1.26930	1.27029	1.26921	1.27014	891	0	1
2021.05.24	06:00:00	1.27014	1.27025	1.26988	1.26991	801	0	3
2021.05.24	07:00:00	1.26990	1.27074	1.26989	1.27072	593	0	4
2021.05.24	08:00:00	1.27073	1.27088	1.27024	1.27081	894	0	2
2021.05.24	09:00:00	1.27073	1.27084	1.27001	1.27021	1493	0	1
2021.05.24	10:00:00	1.27020	1.27222	1.26907	1.27181	1981	0	1
2021.05.24	11:00:00	1.27182	1.27227	1.27013	1.27075	2280	0	1
2021.05.24	12:00:00	1.27076	1.27088	1.26851	1.26867	2042	0	2
2021.05.24	13:00:00	1.26867	1.26873	1.26723	1.26784	2968	0	1
2021.05.24	14:00:00	1.26786	1.26901	1.26724	1.26807	1832	0	1
2021.05.24	15:00:00	1.26807	1.26944	1.26747	1.26932	1503	0	1
2021.05.24	16:00:00	1.26935	1.26966	1.26832	1.26889	2352	0	1
2021.05.24	17:00:00	1.26888	1.26934	1.26826	1.26898	2222	0	1
2021.05.24	18:00:00	1.26897	1.26992	1.26873	1.26942	2008	0	1
2021.05.24	19:00:00	1.26942	1.26990	1.26917	1.26979	1085	0	2
2021.05.24	20:00:00	1.26977	1.26983	1.26935	1.26954	1111	0	2
2021.05.24	21:00:00	1.26954	1.26984	1.26931	1.26973	864	0	2
2021.05.24	22:00:00	1.26971	1.26991	1.26931	1.26951	787	0	1
2021.05.24	23:00:00	1.26951	1.26958	1.26924	1.26943	532	0	2
2021.05.25	00:00:00	1.26911	1.26952	1.26873	1.26911	387	0	74
2021.05.25	01:00:00	1.26918	1.26980	1.26901	1.26959	442	0	3
2021.05.25	02:00:00	1.26963	1.26996	1.26952	1.26975	721	0	3
2021.05.25	03:00:00	1.26976	1.27021	1.26952	1.27011	1032	0	1
2021.05.25	04:00:00	1.27011	1.27039	1.26965	1.26978	1365	0	2
2021.05.25	05:00:00	1.26977	1.27022	1.26962	1.27010	852	0	3
2021.05.25	06:00:00	1.27007	1.27115	1.27002	1.27091	740	0	2
2021.05.25	07:00:00	1.27091	1.27117	1.27071	1.27079	552	0	4
2021.05.25	08:00:00	1.27075	1.27124	1.27067	1.27102	719	0	2
2021.05.25	09:00:00	1.27114	1.27162	1.27066	1.27154	2380	0	1
2021.05.25	10:00:00	1.27155	1.27174	1.26810	1.26824	2817	0	1
2021.05.25	11:00:00	1.26822	1.26912	1.26698	1.26756	2162	0	1
2021.05.25	12:00:00	1.26759	1.26794	1.26664	1.26763	1864	0	1
2021.05.25	13:00:00	1.26763	1.26817	1.26730	1.26742	1664	0	1
2021.05.25	14:00:00	1.26742	1.26824	1.26667	1.26787	1886	0	1
2021.05.25	15:00:00	1.26789	1.26917	1.26687	1.26734	1987	0	1
2021.05.25	16:00:00	1.26733	1.26743	1.26517	1.26582	2866	0	1
2021.05.25	17:00:00	1.26582	1.26733	1.26556	1.26673	2701	0	1
2021.05.25	18:00:00	1.26678	1.26735	1.26616	1.26687	2381	0	1
2021.05.25	19:00:00	1.26687	1.26788	1.26678	1.26755	1658	0	1
2021.05.25	20:00:00	1.26752	1.26818	1.26732	1.26779	1755	0	1
2021.05.25	21:00:00	1.26780	1.26791	1.26635	1.26650	1122	0	1
2021.05.25	22:00:00	1.26649	1.26684	1.26633	1.26641	1069	0	2
2021.05.25	23:00:00	1.26642	1.26682	1.26624	1.26663	769	0	1
2021.05.26	00:00:00	1.26566	1.26678	1.26518	1.26648	781	0	40
2021.05.26	01:00:00	1.26651	1.26698	1.26639	1.26667	515	0	3
2021.05.26	02:00:00	1.26667	1.26688	1.26638	1.26666	595	0	1
2021.05.26	03:00:00	1.26667	1.26715	1.26653	1.26715	840	0	1
2021.05.26	04:00:00	1.26716	1.26717	1.26633	1.26660	1028	0	3
2021.05.26	05:00:00	1.26659	1.26713	1.26610	1.26706	1276	0	1
2021.05.26	06:00:00	1.26706	1.26717	1.26655	1.26678	1055	0	2
2021.05.26	07:00:00	1.26678	1.26738	1.26674	1.26726	571	0	3
2021.05.26	08:00:00	1.26731	1.26757	1.26684	1.26724	759	0	4
2021.05.26	09:00:00	1.26716	1.26775	1.26601	1.26601	1700	0	1
2021.05.26	10:00:00	1.26598	1.26627	1.26500	1.26566	1974	0	1
2021.05.26	11:00:00	1.26566	1.26732	1.26521	1.26663	1885	0	1
2021.05.26	12:00:00	1.26694	1.26860	1.26688	1.26730	1926	0	1
2021.05.26	13:00:00	1.26730	1.26864	1.26725	1.26777	1605	0	1
2021.05.26	14:00:00	1.26779	1.26898	1.26766	1.26812	1799	0	1
2021.05.26	15:00:00	1.26817	1.26980	1.26817	1.26852	2128	0	1
2021.05.26	16:00:00	1.26853	1.26920	1.26556	1.26629	2346	0	1
2021.05.26	17:00:00	1.26631	1.26744	1.26545	1.26605	2606	0	1
2021.05.26	18:00:00	1.26605	1.26825	1.26575	1.26788	2343	0	1
2021.05.26	19:00:00	1.26788	1.26792	1.26709	1.26740	2046	0	1
2021.05.26	20:00:00	1.26737	1.26864	1.26683	1.26810	1578	0	1
2021.05.26	21:00:00	1.26804	1.26870	1.26775	1.26775	1398	0	1
2021.05.26	22:00:00	1.26778	1.26795	1.26708	1.26734	763	0	3
2021.05.26	23:00:00	1.26735	1.26760	1.26685	1.26753	561	0	2
2021.05.27	00:00:00	1.26698	1.26781	1.26584	1.26775	368	0	63
2021.05.27	01:00:00	1.26778	1.26791	1.26726	1.26729	669	0	2
2021.05.27	02:00:00	1.26731	1.26765	1.26716	1.26718	519	0	1
2021.05.27	03:00:00	1.26715	1.26727	1.26636	1.26672	981	0	1
2021.05.27	04:00:00	1.26672	1.26719	1.26605	1.26634	1101	0	2
2021.05.27	05:00:00	1.26630	1.26644	1.26597	1.26614	986	0	3
2021.05.27	06:00:00	1.26617	1.26653	1.26606	1.26641	809	0	4
2021.05.27	07:00:00	1.26641	1.26661	1.26601	1.26601	754	0	2
2021.05.27	08:00:00	1.26601	1.26672	1.26592	1.26628	831	0	2
2021.05.27	09:00:00	1.26628	1.26672	1.26546	1.26630	1684	0	1
2021.05.27	10:00:00	1.26629	1.26819	1.26583	1.26747	2108	0	1
2021.05.27	11:00:00	1.26748	1.26893	1.26627	1.26848	2004	0	1
2021.05.27	12:00:00	1.26848	1.26976	1.26813	1.26932	1448	0	1
2021.05.27	13:00:00	1.26933	1.26992	1.26745	1.26834	1619	0	1
2021.05.27	14:00:00	1.26834	1.27404	1.26811	1.27377	2808	0	1
2021.05.27	15:00:00	1.27385	1.27511	1.27359	1.27409	2625	0	1
2021.05.27	16:00:00	1.27402	1.27627	1.27388	1.27537	2703	0	1
2021.05.27	17:00:00	1.27537	1.27578	1.27365	1.27416	3208	0	1
2021.05.27	18:00:00	1.27417	1.27446	1.27222	1.27227	2595	0	1
2021.05.27	19:00:00	1.27229	1.27271	1.27158	1.27260	2119	0	1
2021.05.27	20:00:00	1.27261	1.27392	1.27200	1.27360	1681	0	2
2021.05.27	21:00:00	1.27359	1.27521	1.27345	1.27484	1341	0	1
2021.05.27	22:00:00	1.27485	1.27486	1.27357	1.27371	1083	0	2
2021.05.27	23:00:00	1.27367	1.27413	1.27333	1.27385	679	0	2
2021.05.28	00:00:00	1.27360	1.27535	1.27288	1.27371	649	0	30
2021.05.28	01:00:00	1.27375	1.27455	1.27361	1.27424	428	0	4
2021.05.28	02:00:00	1.27424	1.27441	1.27395	1.27409	400	0	2
2021.05.28	03:00:00	1.27409	1.27440	1.27352	1.27353	897	0	1
2021.05.28	04:00:00	1.27355	1.27381	1.27304	1.27348	1072	0	2
2021.05.28	05:00:00	1.27348	1.27375	1.27323	1.27359	754	0	5
2021.05.28	06:00:00	1.27359	1.27402	1.27357	1.27387	740	0	5
2021.05.28	07:00:00	1.27385	1.27460	1.27383	1.27405	682	0	2
2021.05.28	08:00:00	1.27405	1.27465	1.27405	1.27457	885	0	2
2021.05.28	09:00:00	1.27455	1.27580	1.27424	1.27577	1853	0	1
2021.05.28	10:00:00	1.27578	1.27586	1.27371	1.27465	2305	0	1
2021.05.28	11:00:00	1.27467	1.27531	1.27342	1.27496	2237	0	1
2021.05.28	12:00:00	1.27496	1.27553	1.27395	1.27513	1915	0	1
2021.05.28	13:00:00	1.27513	1.27577	1.27451	1.27536	1626	0	1
2021.05.28	14:00:00	1.27536	1.27706	1.27498	1.27692	2287	0	1
2021.05.28	15:00:00	1.27693	1.27803	1.27655	1.27681	2922	0	1
2021.05.28	16:00:00	1.27681	1.27755	1.27445	1.27505	3006	0	1
2021.05.28	17:00:00	1.27499	1.27655	1.27343	1.27608	3261	0	1
2021.05.28	18:00:00	1.27612	1.27647	1.27520	1.27622	2490	0	1
2021.05.28	19:00:00	1.27622	1.27695	1.27578	1.27687	1795	0	1
2021.05.28	20:00:00	1.27690	1.27695	1.27608	1.27630	2028	0	1
2021.05.28	21:00:00	1.27628	1.27714	1.27603	1.27640	1082	0	2
2021.05.28	22:00:00	1.27640	1.27662	1.27555	1.27661	1002	0	4
2021.05.28	23:00:00	1.27658	1.27712	1.27617	1.27712	995	0	7
2021.05.31	00:00:00	1.27448	1.27618	1.27371	1.27618	211	0	185
2021.05.31	01:00:00	1.27626	1.27709	1.27595	1.27629	288	0	9
2021.05.31	02:00:00	1.27625	1.27654	1.27622	1.27636	425	0	5
2021.05.31	03:00:00	1.27635	1.27658	1.27599	1.27604	889	0	3
2021.05.31	04:00:00	1.27613	1.27658	1.27583	1.27648	1116	0	3
2021.05.31	05:00:00	1.27650	1.27671	1.27589	1.27596	849	0	2
2021.05.31	06:00:00	1.27607	1.27636	1.27554	1.27635	785	0	3
2021.05.31	07:00:00	1.27635	1.27656	1.27608	1.27624	648	0	1
2021.05.31	08:00:00	1.27621	1.27645	1.27590	1.27615	696	0	3
2021.05.31	09:00:00	1.27616	1.27657	1.27575	1.27593	1276	0	1
2021.05.31	10:00:00	1.27593	1.27835	1.27555	1.27657	2016	0	1
2021.05.31	11:00:00	1.27657	1.27677	1.27474	1.27502	2174	0	1
2021.05.31	12:00:00	1.27508	1.27638	1.27483	1.27606	1921	0	1
2021.05.31	13:00:00	1.27605	1.27617	1.27514	1.27543	1258	0	1
2021.05.31	14:00:00	1.27545	1.27736	1.27540	1.27658	1216	0	1
2021.05.31	15:00:00	1.27662	1.27693	1.27630	1.27647	988	0	1
2021.05.31	16:00:00	1.27647	1.27686	1.27572	1.27590	1185	0	1
2021.05.31	17:00:00	1.27584	1.27874	1.27522	1.27834	1810	0	1
2021.05.31	18:00:00	1.27828	1.27861	1.27680	1.27691	1852	0	1
2021.05.31	19:00:00	1.27686	1.27732	1.27657	1.27674	718	0	2
2021.05.31	20:00:00	1.27676	1.27713	1.27655	1.27696	1396	0	2
2021.05.31	21:00:00	1.27698	1.27708	1.27624	1.27658	1108	0	8
2021.05.31	22:00:00	1.27661	1.27686	1.27643	1.27675	755	0	14
2021.05.31	23:00:00	1.27676	1.27721	1.27649	1.27693	545	0	7
2021.06.01	00:00:00	1.27608	1.27729	1.27594	1.27682	309	0	55
2021.06.01	01:00:00	1.27682	1.27734	1.27676	1.27723	524	0	1
2021.06.01	02:00:00	1.27721	1.27818	1.27719	1.27817	426	0	4
2021.06.01	03:00:00	1.27813	1.27837	1.27757	1.27831	802	0	2
2021.06.01	04:00:00	1.27834	1.27994	1.27826	1.27953	1662	0	1
2021.06.01	05:00:00	1.27960	1.27984	1.27899	1.27925	1204	0	2
2021.06.01	06:00:00	1.27925	1.27963	1.27893	1.27938	821	0	3
2021.06.01	07:00:00	1.27939	1.27974	1.27916	1.27949	754	0	1
2021.06.01	08:00:00	1.27951	1.27969	1.27877	1.27935	808	0	2
2021.06.01	09:00:00	1.27937	1.27963	1.27831	1.27895	1557	0	1
2021.06.01	10:00:00	1.27897	1.27927	1.27735	1.27739	2313	0	1
2021.06.01	11:00:00	1.27742	1.27834	1.27501	1.27529	2715	0	1
2021.06.01	12:00:00	1.27533	1.27574	1.27470	1.27508	1752	0	1
2021.06.01	13:00:00	1.27504	1.27582	1.27357	1.27538	1706	0	1
2021.06.01	14:00:00	1.27536	1.27548	1.27327	1.27335	1589	0	1
2021.06.01	15:00:00	1.27333	1.27380	1.27208	1.27222	2168	0	1
2021.06.01	16:00:00	1.27223	1.27413	1.27187	1.27271	2676	0	1
2021.06.01	17:00:00	1.27277	1.27287	1.26845	1.26897	3586	0	1
2021.06.01	18:00:00	1.26895	1.26960	1.26774	1.26856	2250	0	1
2021.06.01	19:00:00	1.26859	1.26952	1.26808	1.26899	1465	0	1
2021.06.01	20:00:00	1.26904	1.26963	1.26891	1.26902	1199	0	2
2021.06.01	21:00:00	1.26902	1.26988	1.26893	1.26974	918	0	2
2021.06.01	22:00:00	1.26978	1.27011	1.26911	1.26916	950	0	2
2021.06.01	23:00:00	1.26911	1.26971	1.26892	1.26968	618	0	1
2021.06.02	00:00:00	1.26928	1.26949	1.26840	1.26938	408	0	78
2021.06.02	01:00:00	1.26941	1.26986	1.26922	1.26975	433	0	6
2021.06.02	02:00:00	1.26973	1.27002	1.26960	1.26987	457	0	3
2021.06.02	03:00:00	1.26987	1.27024	1.26965	1.27011	964	0	1
2021.06.02	04:00:00	1.27004	1.27041	1.26958	1.27011	981	0	1
2021.06.02	05:00:00	1.27009	1.27042	1.26995	1.27020	948	0	4
2021.06.02	06:00:00	1.27020	1.27051	1.26985	1.27020	662	0	2
2021.06.02	07:00:00	1.27027	1.27037	1.26974	1.26975	709	0	2
2021.06.02	08:00:00	1.26975	1.27041	1.26971	1.27024	850	0	1
2021.06.02	09:00:00	1.27026	1.27091	1.26960	1.27033	1772	0	1
2021.06.02	10:00:00	1.27035	1.27100	1.26797	1.27049	2209	0	1
2021.06.02	11:00:00	1.27049	1.27354	1.27023	1.27298	2372	0	1
2021.06.02	12:00:00	1.27293	1.27539	1.27272	1.27422	2083	0	1
2021.06.02	13:00:00	1.27425	1.27528	1.27373	1.27397	1882	0	1
2021.06.02	14:00:00	1.27398	1.27484	1.27320	1.27463	2099	0	1
2021.06.02	15:00:00	1.27462	1.27656	1.27430	1.27630	2200	0	1
2021.06.02	16:00:00	1.27633	1.27641	1.27309	1.27357	2523	0	2
2021.06.02	17:00:00	1.27361	1.27500	1.27257	1.27269	2415	0	1
2021.06.02	18:00:00	1.27267	1.27387	1.27246	1.27307	1848	0	1
2021.06.02	19:00:00	1.27308	1.27331	1.27253	1.27328	1365	0	1
2021.06.02	20:00:00	1.27327	1.27360	1.27276	1.27328	958	0	2
2021.06.02	21:00:00	1.27328	1.27328	1.27178	1.27226	1384	0	2
2021.06.02	22:00:00	1.27224	1.27272	1.27224	1.27237	1023	0	2
2021.06.02	23:00:00	1.27238	1.27280	1.27220	1.27261	811	0	2
2021.06.03	00:00:00	1.27135	1.27248	1.27109	1.27235	468	0	49
2021.06.03	01:00:00	1.27237	1.27275	1.27216	1.27264	226	0	6
2021.06.03	02:00:00	1.27267	1.27291	1.27236	1.27287	246	0	2
2021.06.03	03:00:00	1.27285	1.27323	1.27276	1.27316	460	0	2
2021.06.03	04:00:00	1.27315	1.27323	1.27270	1.27290	651	0	4
2021.06.03	05:00:00	1.27290	1.27325	1.27264	1.27267	484	0	2
2021.06.03	06:00:00	1.27267	1.27297	1.27255	1.27284	455	0	2
2021.06.03	07:00:00	1.27283	1.27294	1.27229	1.27230	393	0	4
2021.06.03	08:00:00	1.27231	1.27261	1.27179	1.27212	704	0	2
2021.06.03	09:00:00	1.27212	1.27388	1.27192	1.27359	1267	0	1
2021.06.03	10:00:00	1.27362	1.27529	1.27330	1.27383	1899	0	1
2021.06.03	11:00:00	1.27382	1.27653	1.27361	1.27649	2206	0	1
2021.06.03	12:00:00	1.27647	1.27709	1.27573	1.27651	1450	0	1
2021.06.03	13:00:00	1.27652	1.27683	1.27560	1.27575	2362	0	1
2021.06.03	14:00:00	1.27577	1.27645	1.27525	1.27578	1867	0	1
2021.06.03	15:00:00	1.27587	1.27704	1.27494	1.27660	3162	0	1
2021.06.03	16:00:00	1.27658	1.27664	1.27435	1.27444	3511	0	1
2021.06.03	17:00:00	1.27452	1.27678	1.27424	1.27639	3572	0	1
2021.06.03	18:00:00	1.27634	1.27665	1.27554	1.27608	2270	0	1
2021.06.03	19:00:00	1.27605	1.27639	1.27531	1.27550	1433	0	2
2021.06.03	20:00:00	1.27551	1.27552	1.27408	1.27436	1481	0	1
2021.06.03	21:00:00	1.27437	1.27527	1.27437	1.27445	1098	0	1
2021.06.03	22:00:00	1.27443	1.27474	1.27410	1.27442	1191	0	1
2021.06.03	23:00:00	1.27440	1.27479	1.27422	1.27465	603	0	2
2021.06.04	00:00:00	1.27400	1.27429	1.27322	1.27409	430	0	27
2021.06.04	01:00:00	1.27410	1.27493	1.27407	1.27480	405	0	5
2021.06.04	02:00:00	1.27481	1.27502	1.27461	1.27468	346	0	4
2021.06.04	03:00:00	1.27468	1.27481	1.27438	1.27472	1019	0	2
2021.06.04	04:00:00	1.27472	1.27497	1.27403	1.27427	1098	0	4
2021.06.04	05:00:00	1.27427	1.27506	1.27396	1.27504	1081	0	2
2021.06.04	06:00:00	1.27505	1.27510	1.27454	1.27499	732	0	1
2021.06.04	07:00:00	1.27498	1.27507	1.27449	1.27497	820	0	3
2021.06.04	08:00:00	1.27497	1.27540	1.27434	1.27483	1055	0	2
2021.06.04	09:00:00	1.27483	1.27616	1.27462	1.27597	1622	0	1
2021.06.04	10:00:00	1.27596	1.27748	1.27535	1.27747	2081	0	1
2021.06.04	11:00:00	1.27748	1.27843	1.27728	1.27761	2025	0	1
2021.06.04	12:00:00	1.27761	1.27793	1.27700	1.27735	1557	0	1
2021.06.04	13:00:00	1.27735	1.27775	1.27688	1.27717	1347	0	1
2021.06.04	14:00:00	1.27716	1.27788	1.27694	1.27765	1484	0	1
2021.06.04	15:00:00	1.27765	1.27826	1.27473	1.27514	3720	0	1
2021.06.04	16:00:00	1.27515	1.27612	1.27429	1.27447	3175	0	1
2021.06.04	17:00:00	1.27452	1.27612	1.27434	1.27463	3039	0	1
2021.06.04	18:00:00	1.27459	1.27483	1.27372	1.27431	2181	0	1
2021.06.04	19:00:00	1.27431	1.27458	1.27383	1.27409	1443	0	1
2021.06.04	20:00:00	1.27408	1.27424	1.27349	1.27363	665	0	1
2021.06.04	21:00:00	1.27363	1.27380	1.27291	1.27337	1204	0	1
2021.06.04	22:00:00	1.27341	1.27375	1.27303	1.27311	924	0	1
2021.06.04	23:00:00	1.27312	1.27383	1.27285	1.27360	481	0	2
2021.06.07	00:00:00	1.27310	1.27329	1.27179	1.27252	377	0	123
2021.06.07	01:00:00	1.27318	1.27359	1.27279	1.27310	455	0	3
2021.06.07	02:00:00	1.27308	1.27384	1.27308	1.27375	594	0	2
2021.06.07	03:00:00	1.27374	1.27395	1.27336	1.27343	1282	0	2
2021.06.07	04:00:00	1.27345	1.27359	1.27200	1.27200	1159	0	3
2021.06.07	05:00:00	1.27200	1.27221	1.27167	1.27185	970	0	4
2021.06.07	06:00:00	1.27185	1.27209	1.27150	1.27161	670	0	4
2021.06.07	07:00:00	1.27161	1.27190	1.27124	1.27178	614	0	1
2021.06.07	08:00:00	1.27178	1.27209	1.27145	1.27149	758	0	3
2021.06.07	09:00:00	1.27157	1.27196	1.27033	1.27146	1497	0	1
2021.06.07	10:00:00	1.27151	1.27234	1.27044	1.27094	1853	0	1
2021.06.07	11:00:00	1.27090	1.27204	1.27038	1.27186	1643	0	1
2021.06.07	12:00:00	1.27189	1.27237	1.27134	1.27221	1392	0	1
2021.06.07	13:00:00	1.27220	1.27289	1.27122	1.27282	1394	0	1
2021.06.07	14:00:00	1.27282	1.27401	1.27276	1.27390	1673	0	1
2021.06.07	15:00:00	1.27394	1.27498	1.27348	1.27467	1694	0	1
2021.06.07	16:00:00	1.27467	1.27519	1.27208	1.27227	2258	0	1
2021.06.07	17:00:00	1.27231	1.27318	1.27178	1.27221	2295	0	1
2021.06.07	18:00:00	1.27217	1.27226	1.27132	1.27166	1811	0	2
2021.06.07	19:00:00	1.27167	1.27256	1.27139	1.27224	1306	0	2
2021.06.07	20:00:00	1.27226	1.27349	1.27225	1.27297	737	0	1
2021.06.07	21:00:00	1.27298	1.27302	1.27234	1.27235	846	0	3
2021.06.07	22:00:00	1.27233	1.27268	1.27224	1.27246	703	0	2
2021.06.07	23:00:00	1.27249	1.27265	1.27235	1.27239	411	0	3
2021.06.08	00:00:00	1.27286	1.27293	1.27133	1.27259	892	0	42
2021.06.08	01:00:00	1.27254	1.27270	1.27218	1.27265	468	0	5
2021.06.08	02:00:00	1.27266	1.27274	1.27238	1.27256	647	0	5
2021.06.08	03:00:00	1.27256	1.27297	1.27214	1.27229	1099	0	2
2021.06.08	04:00:00	1.27227	1.27244	1.27176	1.27182	1100	0	3
2021.06.08	05:00:00	1.27182	1.27185	1.27121	1.27123	888	0	1
2021.06.08	06:00:00	1.27121	1.27150	1.27103	1.27141	758	0	3
2021.06.08	07:00:00	1.27142	1.27163	1.27102	1.27108	514	0	3
2021.06.08	08:00:00	1.27108	1.27130	1.27066	1.27083	630	0	1
2021.06.08	09:00:00	1.27084	1.27176	1.27067	1.27136	1252	0	2
2021.06.08	10:00:00	1.27139	1.27158	1.26947	1.26990	2176	0	1
2021.06.08	11:00:00	1.26990	1.27016	1.26808	1.26848	1760	0	1
2021.06.08	12:00:00	1.26856	1.26889	1.26763	1.26810	1397	0	1
2021.06.08	13:00:00	1.26810	1.26826	1.26692	1.26775	1971	0	1
2021.06.08	14:00:00	1.26766	1.26844	1.26750	1.26771	1729	0	1
2021.06.08	15:00:00	1.26773	1.26802	1.26701	1.26780	2285	0	1
2021.06.08	16:00:00	1.26785	1.26831	1.26543	1.26591	2406	0	1
2021.06.08	17:00:00	1.26589	1.26802	1.26578	1.26785	2512	0	1
2021.06.08	18:00:00	1.26786	1.26840	1.26754	1.26808	1737	0	1
2021.06.08	19:00:00	1.26802	1.26885	1.26779	1.26865	1054	0	1
2021.06.08	20:00:00	1.26863	1.26947	1.26851	1.26925	942	0	2
2021.06.08	21:00:00	1.26925	1.26961	1.26892	1.26945	947	0	2
2021.06.08	22:00:00	1.26945	1.26991	1.26944	1.26950	1253	0	2
2021.06.08	23:00:00	1.26950	1.26956	1.26870	1.26905	526	0	1
2021.06.09	00:00:00	1.26936	1.26937	1.26778	1.26883	648	0	13
2021.06.09	01:00:00	1.26883	1.26912	1.26869	1.26899	382	0	1
2021.06.09	02:00:00	1.26899	1.26928	1.26898	1.26906	274	0	3
2021.06.09	03:00:00	1.26906	1.26981	1.26891	1.26978	654	0	2
2021.06.09	04:00:00	1.26982	1.27005	1.26933	1.26943	838	0	2
2021.06.09	05:00:00	1.26943	1.26969	1.26918	1.26964	575	0	2
2021.06.09	06:00:00	1.26965	1.26976	1.26910	1.26911	650	0	1
2021.06.09	07:00:00	1.26911	1.26965	1.26873	1.26873	478	0	2
2021.06.09	08:00:00	1.26873	1.26954	1.26865	1.26938	464	0	2
2021.06.09	09:00:00	1.26947	1.27143	1.26877	1.27117	1194	0	1
2021.06.09	10:00:00	1.27115	1.27186	1.27014	1.27052	1767	0	1
2021.06.09	11:00:00	1.27051	1.27158	1.27040	1.27128	1994	0	1
2021.06.09	12:00:00	1.27128	1.27138	1.26923	1.26947	1391	0	3
2021.06.09	13:00:00	1.26946	1.27033	1.26927	1.26939	1165	0	1
2021.06.09	14:00:00	1.26939	1.26943	1.26869	1.26896	1560	0	1
2021.06.09	15:00:00	1.26897	1.26909	1.26440	1.26464	2391	0	1
2021.06.09	16:00:00	1.26463	1.26496	1.26271	1.26276	2681	0	1
2021.06.09	17:00:00	1.26277	1.26563	1.26267	1.26536	2839	0	1
2021.06.09	18:00:00	1.26535	1.26575	1.26443	1.26521	1473	0	2
2021.06.09	19:00:00	1.26522	1.26561	1.26465	1.26528	1171	0	2
2021.06.09	20:00:00	1.26528	1.26556	1.26436	1.26442	1084	0	1
2021.06.09	21:00:00	1.26441	1.26461	1.26393	1.26461	790	0	1
2021.06.09	22:00:00	1.26459	1.26459	1.26391	1.26413	779	0	5
2021.06.09	23:00:00	1.26417	1.26449	1.26414	1.26433	405	0	4
2021.06.10	00:00:00	1.26361	1.26422	1.26323	1.26407	496	0	57
2021.06.10	01:00:00	1.26425	1.26451	1.26394	1.26410	327	0	4
2021.06.10	02:00:00	1.26408	1.26425	1.26396	1.26418	294	0	2
2021.06.10	03:00:00	1.26416	1.26482	1.26412	1.26460	615	0	3
2021.06.10	04:00:00	1.26459	1.26529	1.26458	1.26505	1057	0	2
2021.06.10	05:00:00	1.26505	1.26508	1.26439	1.26450	804	0	2
2021.06.10	06:00:00	1.26448	1.26486	1.26439	1.26471	401	0	4
2021.06.10	07:00:00	1.26472	1.26472	1.26378	1.26384	511	0	1
2021.06.10	08:00:00	1.26378	1.26426	1.26359	1.26424	530	0	2
2021.06.10	09:00:00	1.26424	1.26441	1.26335	1.26434	1261	0	1
2021.06.10	10:00:00	1.26435	1.26446	1.26163	1.26343	2453	0	1
2021.06.10	11:00:00	1.26341	1.26353	1.26131	1.26262	1673	0	1
2021.06.10	12:00:00	1.26262	1.26369	1.26223	1.26361	1799	0	1
2021.06.10	13:00:00	1.26357	1.26385	1.26229	1.26274	1507	0	1
2021.06.10	14:00:00	1.26269	1.26406	1.26186	1.26343	2244	0	1
2021.06.10	15:00:00	1.26349	1.26774	1.26345	1.26744	3854	0	1
2021.06.10	16:00:00	1.26756	1.26993	1.26573	1.26648	4301	0	1
2021.06.10	17:00:00	1.26648	1.26826	1.26630	1.26705	3352	0	1
2021.06.10	18:00:00	1.26705	1.26807	1.26631	1.26797	2185	0	1
2021.06.10	19:00:00	1.26797	1.26835	1.26755	1.26758	1963	0	1
2021.06.10	20:00:00	1.26757	1.26826	1.26756	1.26818	1393	0	1
2021.06.10	21:00:00	1.26818	1.26844	1.26759	1.26809	1190	0	1
2021.06.10	22:00:00	1.26811	1.26848	1.26779	1.26795	1133	0	2
2021.06.10	23:00:00	1.26800	1.26858	1.26785	1.26810	755	0	1
2021.06.11	00:00:00	1.26667	1.26818	1.26644	1.26803	445	0	15
2021.06.11	01:00:00	1.26802	1.26846	1.26800	1.26811	395	0	3
2021.06.11	02:00:00	1.26812	1.26824	1.26754	1.26764	325	0	3
2021.06.11	03:00:00	1.26761	1.26808	1.26734	1.26746	748	0	3
2021.06.11	04:00:00	1.26746	1.26776	1.26709	1.26729	911	0	2
2021.06.11	05:00:00	1.26729	1.26734	1.26682	1.26683	756	0	2
2021.06.11	06:00:00	1.26682	1.26723	1.26667	1.26718	485	0	2
2021.06.11	07:00:00	1.26718	1.26766	1.26715	1.26745	404	0	3
2021.06.11	08:00:00	1.26743	1.26790	1.26680	1.26680	611	0	1
2021.06.11	09:00:00	1.26681	1.26748	1.26629	1.26729	1492	0	1
2021.06.11	10:00:00	1.26727	1.26727	1.26548	1.26672	2217	0	1
2021.06.11	11:00:00	1.26676	1.26862	1.26676	1.26786	2046	0	1
2021.06.11	12:00:00	1.26792	1.26897	1.26777	1.26861	1577	0	1
2021.06.11	13:00:00	1.26861	1.26922	1.26781	1.26910	1780	0	1
2021.06.11	14:00:00	1.26910	1.27007	1.26900	1.26953	2098	0	1
2021.06.11	15:00:00	1.26954	1.26991	1.26853	1.26896	2134	0	1
2021.06.11	16:00:00	1.26894	1.26959	1.26799	1.26819	2501	0	1
2021.06.11	17:00:00	1.26816	1.27030	1.26790	1.26956	2852	0	1
2021.06.11	18:00:00	1.26957	1.26990	1.26873	1.26927	2279	0	1
2021.06.11	19:00:00	1.26928	1.26932	1.26803	1.26829	1624	0	1
2021.06.11	20:00:00	1.26827	1.26832	1.26752	1.26784	1132	0	1
2021.06.11	21:00:00	1.26783	1.26851	1.26761	1.26807	966	0	1
2021.06.11	22:00:00	1.26807	1.26842	1.26785	1.26834	841	0	1
2021.06.11	23:00:00	1.26834	1.26851	1.26746	1.26752	708	0	2
2021.06.14	00:00:00	1.26589	1.26746	1.26560	1.26646	232	0	117
2021.06.14	01:00:00	1.26685	1.26808	1.26647	1.26774	601	0	4
2021.06.14	02:00:00	1.26769	1.26808	1.26748	1.26756	395	0	3
2021.06.14	03:00:00	1.26760	1.26821	1.26756	1.26802	826	0	4
2021.06.14	04:00:00	1.26808	1.26857	1.26797	1.26845	828	0	1
2021.06.14	05:00:00	1.26845	1.26855	1.26830	1.26847	640	0	1
2021.06.14	06:00:00	1.26846	1.26862	1.26812	1.26829	497	0	2
2021.06.14	07:00:00	1.26828	1.26864	1.26819	1.26839	519	0	5
2021.06.14	08:00:00	1.26842	1.26853	1.26810	1.26820	580	0	4
2021.06.14	09:00:00	1.26829	1.26894	1.26788	1.26841	1413	0	1
2021.06.14	10:00:00	1.26839	1.26900	1.26686	1.26779	2401	0	1
2021.06.14	11:00:00	1.26778	1.26790	1.26469	1.26618	1910	0	1
2021.06.14	12:00:00	1.26619	1.26757	1.26550	1.26687	1560	0	1
2021.06.14	13:00:00	1.26686	1.26721	1.26602	1.26695	1650	0	1
2021.06.14	14:00:00	1.26696	1.26731	1.26625	1.26679	1437	0	1
2021.06.14	15:00:00	1.26680	1.26877	1.26671	1.26795	1882	0	1
2021.06.14	16:00:00	1.26794	1.26953	1.26765	1.26934	2570	0	1
2021.06.14	17:00:00	1.26935	1.26982	1.26846	1.26922	2403	0	1
2021.06.14	18:00:00	1.26919	1.26961	1.26845	1.26924	1710	0	1
2021.06.14	19:00:00	1.26922	1.26973	1.26901	1.26930	1063	0	1
2021.06.14	20:00:00	1.26928	1.26970	1.26903	1.26949	707	0	1
2021.06.14	21:00:00	1.26954	1.26998	1.26937	1.26963	762	0	1
2021.06.14	22:00:00	1.26963	1.26998	1.26901	1.26901	833	0	1
2021.06.14	23:00:00	1.26904	1.26936	1.26881	1.26902	568	0	1
2021.06.15	00:00:00	1.26879	1.26944	1.26814	1.26918	672	0	49
2021.06.15	01:00:00	1.26918	1.26918	1.26876	1.26898	578	0	3
2021.06.15	02:00:00	1.26900	1.26910	1.26877	1.26897	359	0	4
2021.06.15	03:00:00	1.26897	1.26969	1.26896	1.26918	763	0	2
2021.06.15	04:00:00	1.26920	1.26950	1.26870	1.26914	1039	0	2
2021.06.15	05:00:00	1.26914	1.26944	1.26895	1.26925	727	0	4
2021.06.15	06:00:00	1.26927	1.26965	1.26922	1.26931	448	0	3
2021.06.15	07:00:00	1.26933	1.26944	1.26909	1.26934	455	0	4
2021.06.15	08:00:00	1.26934	1.27009	1.26897	1.26981	582	0	4
2021.06.15	09:00:00	1.26992	1.27056	1.26724	1.26775	1750	0	1
2021.06.15	10:00:00	1.26778	1.26816	1.26557	1.26611	2067	0	1
2021.06.15	11:00:00	1.26611	1.26636	1.26457	1.26460	2002	0	1
2021.06.15	12:00:00	1.26465	1.26562	1.26424	1.26470	1766	0	1
2021.06.15	13:00:00	1.26470	1.26640	1.26463	1.26622	1298	0	1
2021.06.15	14:00:00	1.26620	1.26644	1.26310	1.26395	2047	0	1
2021.06.15	15:00:00	1.26395	1.26659	1.26393	1.26605	2150	0	1
2021.06.15	16:00:00	1.26606	1.26701	1.26508	1.26555	2643	0	1
2021.06.15	17:00:00	1.26556	1.26655	1.26471	1.26558	2753	0	1
2021.06.15	18:00:00	1.26567	1.26592	1.26451	1.26454	1650	0	1
2021.06.15	19:00:00	1.26454	1.26564	1.26447	1.26526	1328	0	1
2021.06.15	20:00:00	1.26527	1.26531	1.26445	1.26473	1025	0	2
2021.06.15	21:00:00	1.26473	1.26529	1.26447	1.26510	1091	0	3
2021.06.15	22:00:00	1.26510	1.26519	1.26477	1.26490	897	0	2
2021.06.15	23:00:00	1.26496	1.26531	1.26481	1.26526	530	0	3
2021.06.16	00:00:00	1.26437	1.26494	1.26272	1.26488	467	0	60
2021.06.16	01:00:00	1.26487	1.26532	1.26462	1.26500	362	0	7
2021.06.16	02:00:00	1.26497	1.26531	1.26484	1.26525	328	0	5
2021.06.16	03:00:00	1.26525	1.26551	1.26500	1.26513	634	0	3
2021.06.16	04:00:00	1.26513	1.26578	1.26502	1.26557	557	0	3
2021.06.16	05:00:00	1.26559	1.26589	1.26531	1.26587	535	0	4
2021.06.16	06:00:00	1.26586	1.26594	1.26556	1.26578	458	0	5
2021.06.16	07:00:00	1.26578	1.26608	1.26573	1.26597	419	0	1
2021.06.16	08:00:00	1.26597	1.26630	1.26563	1.26566	622	0	2
2021.06.16	09:00:00	1.26571	1.26841	1.26571	1.26783	1705	0	1
2021.06.16	10:00:00	1.26789	1.26881	1.26710	1.26760	1960	0	1
2021.06.16	11:00:00	1.26754	1.26765	1.26656	1.26672	1778	0	1
2021.06.16	12:00:00	1.26671	1.26883	1.26634	1.26841	1263	0	1
2021.06.16	13:00:00	1.26847	1.26965	1.26832	1.26950	1289	0	1
2021.06.16	14:00:00	1.26950	1.26999	1.26887	1.26974	1396	0	1
2021.06.16	15:00:00	1.26974	1.26988	1.26860	1.26931	1860	0	1
2021.06.16	16:00:00	1.26930	1.27013	1.26902	1.27012	1864	0	1
2021.06.16	17:00:00	1.27021	1.27021	1.26763	1.26795	2069	0	1
2021.06.16	18:00:00	1.26795	1.26888	1.26734	1.26793	1650	0	1
2021.06.16	19:00:00	1.26794	1.26881	1.26740	1.26754	1374	0	1
2021.06.16	20:00:00	1.26754	1.26806	1.26728	1.26738	886	0	1
2021.06.16	21:00:00	1.26818	1.27009	1.26769	1.26883	5517	0	1
2021.06.16	22:00:00	1.26892	1.27135	1.26849	1.27108	3331	0	1
2021.06.16	23:00:00	1.27107	1.27107	1.26952	1.27058	1819	0	1
2021.06.17	00:00:00	1.27080	1.27130	1.26989	1.27056	778	0	13
2021.06.17	01:00:00	1.27064	1.27153	1.27060	1.27136	792	0	6
2021.06.17	02:00:00	1.27136	1.27158	1.27099	1.27116	804	0	4
2021.06.17	03:00:00	1.27118	1.27122	1.27005	1.27041	1519	0	1
2021.06.17	04:00:00	1.27041	1.27057	1.26952	1.27010	1589	0	1
2021.06.17	05:00:00	1.27009	1.27127	1.27009	1.27117	1262	0	1
2021.06.17	06:00:00	1.27117	1.27151	1.27078	1.27142	789	0	1
2021.06.17	07:00:00	1.27139	1.27168	1.27129	1.27154	608	0	1
2021.06.17	08:00:00	1.27156	1.27208	1.27134	1.27204	865	0	2
2021.06.17	09:00:00	1.27213	1.27383	1.27156	1.27373	2580	0	1
2021.06.17	10:00:00	1.27364	1.27611	1.27361	1.27456	3085	0	1
2021.06.17	11:00:00	1.27456	1.27793	1.27456	1.27693	2715	0	1
2021.06.17	12:00:00	1.27693	1.27862	1.27636	1.27801	2260	0	1
2021.06.17	13:00:00	1.27802	1.27813	1.27517	1.27573	2356	0	1
2021.06.17	14:00:00	1.27573	1.27759	1.27573	1.27670	2232	0	2
2021.06.17	15:00:00	1.27664	1.27741	1.27390	1.27440	2835	0	1
2021.06.17	16:00:00	1.27438	1.27683	1.27386	1.27680	3071	0	1
2021.06.17	17:00:00	1.27681	1.27855	1.27619	1.27670	3372	0	1
2021.06.17	18:00:00	1.27672	1.27807	1.27618	1.27660	3021	0	1
2021.06.17	19:00:00	1.27662	1.27752	1.27629	1.27652	2446	0	1
2021.06.17	20:00:00	1.27648	1.27709	1.27578	1.27709	1744	0	2
2021.06.17	21:00:00	1.27709	1.27751	1.27666	1.27725	1641	0	1
2021.06.17	22:00:00	1.27727	1.27810	1.27719	1.27764	1713	0	2
2021.06.17	23:00:00	1.27761	1.27857	1.27754	1.27825	779	0	1
2021.06.18	00:00:00	1.27678	1.27811	1.27576	1.27739	608	0	18
2021.06.18	01:00:00	1.27725	1.27853	1.27718	1.27841	549	0	5
2021.06.18	02:00:00	1.27846	1.27923	1.27838	1.27905	738	0	2
2021.06.18	03:00:00	1.27905	1.27988	1.27890	1.27949	1252	0	1
2021.06.18	04:00:00	1.27946	1.27953	1.27885	1.27912	1358	0	2
2021.06.18	05:00:00	1.27910	1.27928	1.27772	1.27796	775	0	1
2021.06.18	06:00:00	1.27796	1.27796	1.27690	1.27696	650	0	1
2021.06.18	07:00:00	1.27696	1.27718	1.27651	1.27651	608	0	3
2021.06.18	08:00:00	1.27651	1.27711	1.27573	1.27610	1503	0	1
2021.06.18	09:00:00	1.27610	1.27641	1.27373	1.27375	2446	0	1
2021.06.18	10:00:00	1.27375	1.27466	1.27162	1.27465	2884	0	1
2021.06.18	11:00:00	1.27467	1.27617	1.27358	1.27492	2475	0	1
2021.06.18	12:00:00	1.27495	1.27783	1.27404	1.27696	1883	0	1
2021.06.18	13:00:00	1.27696	1.27784	1.27589	1.27752	2000	0	1
2021.06.18	14:00:00	1.27752	1.27800	1.27563	1.27627	1859	0	1
2021.06.18	15:00:00	1.27624	1.27683	1.27431	1.27438	3876	0	1
2021.06.18	16:00:00	1.27437	1.27771	1.27437	1.27615	3531	0	1
2021.06.18	17:00:00	1.27614	1.27622	1.27265	1.27407	3918	0	1
2021.06.18	18:00:00	1.27408	1.27434	1.27262	1.27314	3121	0	1
2021.06.18	19:00:00	1.27312	1.27397	1.27238	1.27349	1809	0	1
2021.06.18	20:00:00	1.27348	1.27434	1.27301	1.27342	1542	0	2
2021.06.18	21:00:00	1.27338	1.27437	1.27327	1.27382	1911	0	2
2021.06.18	22:00:00	1.27383	1.27393	1.27300	1.27364	1247	0	1
2021.06.18	23:00:00	1.27361	1.27460	1.27322	1.27399	843	0	2
2021.06.21	00:00:00	1.27326	1.27398	1.26954	1.27158	311	0	128
2021.06.21	01:00:00	1.27106	1.27459	1.27106	1.27425	830	0	2
2021.06.21	02:00:00	1.27425	1.27486	1.27425	1.27458	739	0	2
2021.06.21	03:00:00	1.27459	1.27503	1.27413	1.27492	1258	0	1
2021.06.21	04:00:00	1.27491	1.27502	1.27414	1.27426	1277	0	1
2021.06.21	05:00:00	1.27427	1.27431	1.27329	1.27394	1502	0	2
2021.06.21	06:00:00	1.27394	1.27408	1.27212	1.27289	1911	0	1
2021.06.21	07:00:00	1.27289	1.27397	1.27259	1.27346	1152	0	1
2021.06.21	08:00:00	1.27345	1.27379	1.27269	1.27346	955	0	1
2021.06.21	09:00:00	1.27348	1.27414	1.27238	1.27376	2456	0	1
2021.06.21	10:00:00	1.27380	1.27528	1.27343	1.27481	3118	0	1
2021.06.21	11:00:00	1.27485	1.27550	1.27435	1.27468	2344	0	1
2021.06.21	12:00:00	1.27466	1.27824	1.27429	1.27777	2260	0	1
2021.06.21	13:00:00	1.27776	1.27911	1.27704	1.27817	2064	0	1
2021.06.21	14:00:00	1.27824	1.27949	1.27770	1.27780	2258	0	1
2021.06.21	15:00:00	1.27779	1.27880	1.27738	1.27775	2300	0	1
2021.06.21	16:00:00	1.27774	1.27909	1.27727	1.27841	2682	0	1
2021.06.21	17:00:00	1.27843	1.27990	1.27634	1.27714	3279	0	1
2021.06.21	18:00:00	1.27713	1.27863	1.27687	1.27800	2147	0	1
2021.06.21	19:00:00	1.27801	1.27879	1.27769	1.27861	1776	0	1
2021.06.21	20:00:00	1.27863	1.27952	1.27822	1.27925	1694	0	2
2021.06.21	21:00:00	1.27925	1.27950	1.27898	1.27932	1323	0	1
2021.06.21	22:00:00	1.27931	1.27944	1.27836	1.27844	1221	0	2
2021.06.21	23:00:00	1.27845	1.27909	1.27819	1.27906	747	0	2
2021.06.22	00:00:00	1.27835	1.27895	1.27800	1.27878	329	0	23
2021.06.22	01:00:00	1.27890	1.27925	1.27873	1.27915	425	0	4
2021.06.22	02:00:00	1.27915	1.27928	1.27888	1.27916	511	0	1
2021.06.22	03:00:00	1.27912	1.27912	1.27822	1.27856	819	0	2
2021.06.22	04:00:00	1.27855	1.27882	1.27798	1.27861	994	0	2
2021.06.22	05:00:00	1.27862	1.27986	1.27832	1.27918	911	0	2
2021.06.22	06:00:00	1.27918	1.27933	1.27871	1.27876	767	0	2
2021.06.22	07:00:00	1.27876	1.27931	1.27873	1.27931	429	0	2
2021.06.22	08:00:00	1.27931	1.27953	1.27868	1.27933	917	0	1
2021.06.22	09:00:00	1.27939	1.28018	1.27833	1.27868	2341	0	1
2021.06.22	10:00:00	1.27878	1.27882	1.27601	1.27649	2650	0	1
2021.06.22	11:00:00	1.27649	1.27758	1.27524	1.27568	2144	0	1
2021.06.22	12:00:00	1.27573	1.27784	1.27524	1.27782	1993	0	1
2021.06.22	13:00:00	1.27775	1.27789	1.27673	1.27703	1943	0	1
2021.06.22	14:00:00	1.27704	1.27919	1.27689	1.27906	1919	0	1
2021.06.22	15:00:00	1.27906	1.27932	1.27766	1.27794	2328	0	1
2021.06.22	16:00:00	1.27796	1.27863	1.27706	1.27795	2853	0	1
2021.06.22	17:00:00	1.27801	1.28119	1.27769	1.28084	2899	0	1
2021.06.22	18:00:00	1.28087	1.28153	1.28019	1.28064	2297	0	1
2021.06.22	19:00:00	1.28060	1.28153	1.28006	1.28038	2157	0	1
2021.06.22	20:00:00	1.28038	1.28076	1.28008	1.28024	1589	0	1
2021.06.22	21:00:00	1.28025	1.28057	1.27966	1.28034	1640	0	1
2021.06.22	22:00:00	1.28035	1.28116	1.28018	1.28076	1565	0	2
2021.06.22	23:00:00	1.28077	1.28138	1.28052	1.28093	651	0	1
2021.06.23	00:00:00	1.28010	1.28075	1.27942	1.28045	738	0	56
2021.06.23	01:00:00	1.28058	1.28128	1.28041	1.28106	309	0	1
2021.06.23	02:00:00	1.28107	1.28172	1.28106	1.28142	594	0	1
2021.06.23	03:00:00	1.28139	1.28171	1.28076	1.28097	994	0	1
2021.06.23	04:00:00	1.28100	1.28123	1.28040	1.28116	1331	0	2
2021.06.23	05:00:00	1.28116	1.28152	1.28050	1.28088	983	0	2
2021.06.23	06:00:00	1.28088	1.28114	1.28062	1.28084	590	0	4
2021.06.23	07:00:00	1.28084	1.28129	1.28070	1.28128	432	0	6
2021.06.23	08:00:00	1.28128	1.28137	1.28086	1.28118	664	0	3
2021.06.23	09:00:00	1.28122	1.28248	1.28109	1.28224	1901	0	1
2021.06.23	10:00:00	1.28226	1.28431	1.28183	1.28331	2676	0	1
2021.06.23	11:00:00	1.28331	1.28363	1.28171	1.28330	2489	0	1
2021.06.23	12:00:00	1.28330	1.28331	1.28128	1.28183	1753	0	1
2021.06.23	13:00:00	1.28191	1.28299	1.28111	1.28247	1896	0	1
2021.06.23	14:00:00	1.28247	1.28264	1.28085	1.28253	2092	0	1
2021.06.23	15:00:00	1.28253	1.28357	1.28186	1.28186	2174	0	1
2021.06.23	16:00:00	1.28191	1.28290	1.28129	1.28162	2834	0	1
2021.06.23	17:00:00	1.28165	1.28266	1.27998	1.28050	2784	0	1
2021.06.23	18:00:00	1.28058	1.28170	1.28024	1.28154	1796	0	1
2021.06.23	19:00:00	1.28152	1.28293	1.28139	1.28238	1581	0	1
2021.06.23	20:00:00	1.28238	1.28280	1.28227	1.28248	1360	0	1
2021.06.23	21:00:00	1.28249	1.28254	1.28189	1.28230	829	0	2
2021.06.23	22:00:00	1.28231	1.28269	1.28206	1.28256	1290	0	2
2021.06.23	23:00:00	1.28257	1.28261	1.28182	1.28204	901	0	1
2021.06.24	00:00:00	1.28170	1.28206	1.28140	1.28152	332	0	71
2021.06.24	01:00:00	1.28173	1.28225	1.28173	1.28221	283	0	2
2021.06.24	02:00:00	1.28224	1.28269	1.28198	1.28249	573	0	2
2021.06.24	03:00:00	1.28248	1.28298	1.28211	1.28217	1049	0	1
2021.06.24	04:00:00	1.28218	1.28348	1.28180	1.28331	1249	0	1
2021.06.24	05:00:00	1.28330	1.28380	1.28325	1.28340	953	0	1
2021.06.24	06:00:00	1.28340	1.28361	1.28278	1.28308	608	0	1
2021.06.24	07:00:00	1.28308	1.28356	1.28299	1.28343	496	0	3
2021.06.24	08:00:00	1.28342	1.28350	1.28281	1.28289	649	0	3
2021.06.24	09:00:00	1.28295	1.28367	1.28163	1.28211	1878	0	1
2021.06.24	10:00:00	1.28218	1.28416	1.28095	1.28343	2260	0	1
2021.06.24	11:00:00	1.28343	1.28564	1.28334	1.28503	2036	0	1
2021.06.24	12:00:00	1.28505	1.28514	1.28206	1.28230	1661	0	1
2021.06.24	13:00:00	1.28224	1.28403	1.28204	1.28311	1670	0	1
2021.06.24	14:00:00	1.28315	1.28393	1.27711	1.27837	2945	0	1
2021.06.24	15:00:00	1.27826	1.27841	1.27640	1.27800	2576	0	1
2021.06.24	16:00:00	1.27798	1.27841	1.27722	1.27815	2575	0	1
2021.06.24	17:00:00	1.27815	1.27849	1.27663	1.27695	2543	0	1
2021.06.24	18:00:00	1.27708	1.27783	1.27678	1.27782	2055	0	1
2021.06.24	19:00:00	1.27789	1.27854	1.27731	1.27831	1417	0	1
2021.06.24	20:00:00	1.27831	1.27850	1.27791	1.27841	1455	0	2
2021.06.24	21:00:00	1.27843	1.27974	1.27836	1.27883	1241	0	2
2021.06.24	22:00:00	1.27887	1.27952	1.27879	1.27948	1122	0	2
2021.06.24	23:00:00	1.27949	1.27954	1.27803	1.27814	899	0	1
2021.06.25	00:00:00	1.27678	1.27811	1.27656	1.27766	380	0	32
2021.06.25	01:00:00	1.27766	1.27810	1.27753	1.27780	386	0	5
2021.06.25	02:00:00	1.27782	1.27792	1.27770	1.27772	473	0	5
2021.06.25	03:00:00	1.27772	1.27791	1.27736	1.27745	1008	0	1
2021.06.25	04:00:00	1.27750	1.27799	1.27720	1.27796	941	0	1
2021.06.25	05:00:00	1.27796	1.27850	1.27783	1.27835	754	0	3
2021.06.25	06:00:00	1.27837	1.27863	1.27805	1.27806	601	0	4
2021.06.25	07:00:00	1.27806	1.27819	1.27737	1.27784	579	0	5
2021.06.25	08:00:00	1.27784	1.27822	1.27761	1.27819	660	0	2
2021.06.25	09:00:00	1.27822	1.27825	1.27716	1.27735	1499	0	1
2021.06.25	10:00:00	1.27737	1.27743	1.27586	1.27591	2131	0	1
2021.06.25	11:00:00	1.27591	1.27616	1.27454	1.27534	1954	0	1
2021.06.25	12:00:00	1.27533	1.27621	1.27467	1.27496	1712	0	1
2021.06.25	13:00:00	1.27494	1.27550	1.27411	1.27424	1642	0	1
2021.06.25	14:00:00	1.27430	1.27524	1.27386	1.27491	1482	0	1
2021.06.25	15:00:00	1.27488	1.27516	1.27297	1.27400	2645	0	1
2021.06.25	16:00:00	1.27400	1.27472	1.27264	1.27348	2559	0	1
2021.06.25	17:00:00	1.27347	1.27560	1.27339	1.27483	2735	0	1
2021.06.25	18:00:00	1.27481	1.27576	1.27463	1.27525	2052	0	1
2021.06.25	19:00:00	1.27524	1.27615	1.27487	1.27519	1236	0	2
2021.06.25	20:00:00	1.27519	1.27548	1.27436	1.27460	1040	0	2
2021.06.25	21:00:00	1.27461	1.27461	1.27338	1.27365	916	0	1
2021.06.25	22:00:00	1.27359	1.27366	1.27291	1.27319	789	0	1
2021.06.25	23:00:00	1.27319	1.27356	1.27252	1.27270	759	0	2
2021.06.28	00:00:00	1.27335	1.27424	1.27218	1.27260	250	0	257
2021.06.28	01:00:00	1.27210	1.27369	1.27210	1.27351	445	0	4
2021.06.28	02:00:00	1.27353	1.27395	1.27351	1.27383	496	0	4
2021.06.28	03:00:00	1.27383	1.27488	1.27339	1.27433	796	0	1
2021.06.28	04:00:00	1.27433	1.27542	1.27398	1.27513	1341	0	3
2021.06.28	05:00:00	1.27512	1.27542	1.27486	1.27517	865	0	4
2021.06.28	06:00:00	1.27517	1.27547	1.27494	1.27527	618	0	2
2021.06.28	07:00:00	1.27527	1.27613	1.27524	1.27603	644	0	2
2021.06.28	08:00:00	1.27603	1.27632	1.27588	1.27604	703	0	3
2021.06.28	09:00:00	1.27619	1.27841	1.27584	1.27824	1438	0	1
2021.06.28	10:00:00	1.27825	1.27893	1.27754	1.27765	2217	0	1
2021.06.28	11:00:00	1.27764	1.27832	1.27672	1.27817	2130	0	1
2021.06.28	12:00:00	1.27818	1.27831	1.27715	1.27783	1608	0	1
2021.06.28	13:00:00	1.27784	1.27848	1.27587	1.27729	1671	0	1
2021.06.28	14:00:00	1.27726	1.27958	1.27687	1.27941	1859	0	1
2021.06.28	15:00:00	1.27942	1.28030	1.27873	1.27891	2104	0	1
2021.06.28	16:00:00	1.27894	1.27920	1.27752	1.27882	2454	0	1
2021.06.28	17:00:00	1.27879	1.27945	1.27615	1.27696	2887	0	1
2021.06.28	18:00:00	1.27702	1.27705	1.27544	1.27620	1963	0	1
2021.06.28	19:00:00	1.27620	1.27670	1.27575	1.27645	1183	0	2
2021.06.28	20:00:00	1.27640	1.27677	1.27606	1.27645	982	0	1
2021.06.28	21:00:00	1.27643	1.27669	1.27601	1.27640	1015	0	1
2021.06.28	22:00:00	1.27641	1.27641	1.27579	1.27586	601	0	3
2021.06.28	23:00:00	1.27586	1.27682	1.27563	1.27672	365	0	3
2021.06.29	00:00:00	1.27578	1.27665	1.27529	1.27629	585	0	39
2021.06.29	01:00:00	1.27629	1.27689	1.27606	1.27642	307	0	8
2021.06.29	02:00:00	1.27649	1.27655	1.27619	1.27626	339	0	3
2021.06.29	03:00:00	1.27625	1.27662	1.27560	1.27581	826	0	1
2021.06.29	04:00:00	1.27581	1.27618	1.27555	1.27591	908	0	2
2021.06.29	05:00:00	1.27591	1.27624	1.27553	1.27612	844	0	1
2021.06.29	06:00:00	1.27612	1.27637	1.27585	1.27623	583	0	2
2021.06.29	07:00:00	1.27623	1.27641	1.27594	1.27599	622	0	2
2021.06.29	08:00:00	1.27598	1.27672	1.27580	1.27608	731	0	1
2021.06.29	09:00:00	1.27607	1.27632	1.27462	1.27493	1482	0	1
2021.06.29	10:00:00	1.27490	1.27578	1.27456	1.27531	2082	0	1
2021.06.29	11:00:00	1.27531	1.27606	1.27402	1.27441	2065	0	1
2021.06.29	12:00:00	1.27441	1.27572	1.27349	1.27501	2005	0	1
2021.06.29	13:00:00	1.27498	1.27577	1.27434	1.27452	1932	0	1
2021.06.29	14:00:00	1.27443	1.27499	1.27328	1.27494	2030	0	1
2021.06.29	15:00:00	1.27494	1.27628	1.27468	1.27559	2597	0	1
2021.06.29	16:00:00	1.27557	1.27659	1.27458	1.27503	2515	0	1
2021.06.29	17:00:00	1.27499	1.27563	1.27300	1.27368	2999	0	1
2021.06.29	18:00:00	1.27379	1.27432	1.27319	1.27369	2065	0	1
2021.06.29	19:00:00	1.27377	1.27463	1.27376	1.27450	1607	0	1
2021.06.29	20:00:00	1.27451	1.27550	1.27434	1.27545	921	0	2
2021.06.29	21:00:00	1.27542	1.27569	1.27493	1.27563	951	0	1
2021.06.29	22:00:00	1.27563	1.27575	1.27526	1.27534	850	0	2
2021.06.29	23:00:00	1.27536	1.27558	1.27483	1.27519	663	0	1
2021.06.30	00:00:00	1.27397	1.27450	1.27332	1.27423	268	0	53
2021.06.30	01:00:00	1.27420	1.27507	1.27420	1.27498	502	0	1
2021.06.30	02:00:00	1.27490	1.27490	1.27454	1.27459	471	0	4
2021.06.30	03:00:00	1.27459	1.27609	1.27458	1.27605	702	0	1
2021.06.30	04:00:00	1.27605	1.27639	1.27556	1.27581	915	0	1
2021.06.30	05:00:00	1.27580	1.27606	1.27569	1.27589	597	0	3
2021.06.30	06:00:00	1.27589	1.27622	1.27551	1.27612	714	0	3
2021.06.30	07:00:00	1.27613	1.27646	1.27586	1.27609	667	0	1
2021.06.30	08:00:00	1.27609	1.27675	1.27584	1.27663	834	0	2
2021.06.30	09:00:00	1.27664	1.27672	1.27462	1.27475	1535	0	1
2021.06.30	10:00:00	1.27474	1.27553	1.27372	1.27515	2178	0	1
2021.06.30	11:00:00	1.27517	1.27741	1.27476	1.27678	2346	0	1
2021.06.30	12:00:00	1.27675	1.27829	1.27576	1.27815	1955	0	1
2021.06.30	13:00:00	1.27812	1.27983	1.27778	1.27931	2107	0	1
2021.06.30	14:00:00	1.27923	1.28066	1.27909	1.27975	1806	0	1
2021.06.30	15:00:00	1.27977	1.28025	1.27839	1.27924	2602	0	1
2021.06.30	16:00:00	1.27926	1.27960	1.27756	1.27858	2822	0	1
2021.06.30	17:00:00	1.27852	1.27989	1.27650	1.27681	3161	0	1
2021.06.30	18:00:00	1.27684	1.27798	1.27623	1.27744	2564	0	1
2021.06.30	19:00:00	1.27746	1.27784	1.27705	1.27719	1809	0	1
2021.06.30	20:00:00	1.27719	1.27861	1.27687	1.27851	1134	0	1
2021.06.30	21:00:00	1.27849	1.27878	1.27795	1.27825	1292	0	1
2021.06.30	22:00:00	1.27825	1.28005	1.27791	1.27989	1276	0	1
2021.06.30	23:00:00	1.27991	1.28020	1.27937	1.27965	872	0	4
2021.07.01	00:00:00	1.27920	1.27937	1.27826	1.27890	350	0	55
2021.07.01	01:00:00	1.27890	1.27967	1.27888	1.27949	370	0	7
2021.07.01	02:00:00	1.27949	1.27968	1.27925	1.27926	349	0	4
2021.07.01	03:00:00	1.27933	1.27973	1.27857	1.27857	920	0	3
2021.07.01	04:00:00	1.27855	1.27905	1.27839	1.27891	778	0	4
2021.07.01	05:00:00	1.27892	1.27927	1.27872	1.27894	452	0	4
2021.07.01	06:00:00	1.27894	1.27905	1.27861	1.27903	414	0	2
2021.07.01	07:00:00	1.27904	1.27949	1.27902	1.27916	367	0	2
2021.07.01	08:00:00	1.27918	1.27936	1.27865	1.27897	754	0	2
2021.07.01	09:00:00	1.27904	1.27966	1.27812	1.27825	1757	0	1
2021.07.01	10:00:00	1.27824	1.28042	1.27820	1.28012	2479	0	1
2021.07.01	11:00:00	1.28010	1.28170	1.27676	1.27691	2531	0	1
2021.07.01	12:00:00	1.27690	1.27748	1.27495	1.27519	1970	0	1
2021.07.01	13:00:00	1.27520	1.27584	1.27397	1.27569	1994	0	1
2021.07.01	14:00:00	1.27570	1.27744	1.27550	1.27727	2381	0	1
2021.07.01	15:00:00	1.27729	1.27770	1.27625	1.27632	2160	0	1
2021.07.01	16:00:00	1.27633	1.27729	1.27531	1.27616	2588	0	1
2021.07.01	17:00:00	1.27613	1.27640	1.27356	1.27399	3111	0	1
2021.07.01	18:00:00	1.27404	1.27506	1.27335	1.27490	2825	0	1
2021.07.01	19:00:00	1.27491	1.27531	1.27387	1.27442	1472	0	1
2021.07.01	20:00:00	1.27441	1.27462	1.27382	1.27418	1178	0	2
2021.07.01	21:00:00	1.27418	1.27447	1.27372	1.27432	1241	0	1
2021.07.01	22:00:00	1.27430	1.27430	1.27352	1.27364	1419	0	2
2021.07.01	23:00:00	1.27368	1.27390	1.27334	1.27363	709	0	2
2021.07.02	00:00:00	1.27325	1.27386	1.27283	1.27323	537	0	42
2021.07.02	01:00:00	1.27329	1.27405	1.27316	1.27401	415	0	1
2021.07.02	02:00:00	1.27399	1.27427	1.27387	1.27398	308	0	5
2021.07.02	03:00:00	1.27396	1.27502	1.27392	1.27411	758	0	1
2021.07.02	04:00:00	1.27422	1.27481	1.27372	1.27466	987	0	2
2021.07.02	05:00:00	1.27466	1.27553	1.27448	1.27550	740	0	3
2021.07.02	06:00:00	1.27548	1.27550	1.27498	1.27512	662	0	3
2021.07.02	07:00:00	1.27512	1.27594	1.27510	1.27543	550	0	4
2021.07.02	08:00:00	1.27542	1.27551	1.27477	1.27507	609	0	3
2021.07.02	09:00:00	1.27509	1.27509	1.27345	1.27394	1389	0	1
2021.07.02	10:00:00	1.27395	1.27605	1.27366	1.27598	2382	0	1
2021.07.02	11:00:00	1.27593	1.27623	1.27364	1.27379	2074	0	1
2021.07.02	12:00:00	1.27378	1.27529	1.27341	1.27441	1736	0	1
2021.07.02	13:00:00	1.27442	1.27448	1.27124	1.27136	1904	0	1
2021.07.02	14:00:00	1.27130	1.27246	1.27109	1.27175	1647	0	1
2021.07.02	15:00:00	1.27174	1.27357	1.27172	1.27205	3474	0	1
2021.07.02	16:00:00	1.27209	1.27409	1.27159	1.27310	3763	0	1
2021.07.02	17:00:00	1.27311	1.27393	1.27252	1.27271	3170	0	1
2021.07.02	18:00:00	1.27277	1.27317	1.27234	1.27251	2296	0	1
2021.07.02	19:00:00	1.27250	1.27391	1.27199	1.27352	1299	0	1
2021.07.02	20:00:00	1.27351	1.27386	1.27281	1.27328	1427	0	2
2021.07.02	21:00:00	1.27329	1.27414	1.27301	1.27374	1199	0	1
2021.07.02	22:00:00	1.27374	1.27402	1.27349	1.27385	816	0	3
2021.07.02	23:00:00	1.27386	1.27402	1.27332	1.27351	551	0	1
2021.07.05	00:00:00	1.27345	1.27365	1.27254	1.27328	382	0	239
2021.07.05	01:00:00	1.27329	1.27472	1.27329	1.27463	502	0	4
2021.07.05	02:00:00	1.27466	1.27493	1.27453	1.27493	623	0	3
2021.07.05	03:00:00	1.27493	1.27501	1.27387	1.27456	845	0	1
2021.07.05	04:00:00	1.27456	1.27473	1.27400	1.27458	709	0	1
2021.07.05	05:00:00	1.27458	1.27524	1.27451	1.27512	537	0	4
2021.07.05	06:00:00	1.27510	1.27514	1.27479	1.27492	432	0	4
2021.07.05	07:00:00	1.27492	1.27505	1.27477	1.27488	384	0	3
2021.07.05	08:00:00	1.27488	1.27495	1.27420	1.27473	455	0	2
2021.07.05	09:00:00	1.27472	1.27665	1.27460	1.27657	1153	0	1
2021.07.05	10:00:00	1.27655	1.27706	1.27585	1.27614	1900	0	1
2021.07.05	11:00:00	1.27612	1.27731	1.27612	1.27652	1517	0	1
2021.07.05	12:00:00	1.27653	1.27698	1.27553	1.27607	1460	0	2
2021.07.05	13:00:00	1.27607	1.27632	1.27554	1.27611	1110	0	1
2021.07.05	14:00:00	1.27613	1.27683	1.27560	1.27649	1128	0	1
2021.07.05	15:00:00	1.27649	1.27728	1.27568	1.27596	1242	0	1
2021.07.05	16:00:00	1.27594	1.27703	1.27588	1.27667	1030	0	2
2021.07.05	17:00:00	1.27667	1.27725	1.27597	1.27597	1192	0	1
2021.07.05	18:00:00	1.27600	1.27769	1.27591	1.27706	1028	0	1
2021.07.05	19:00:00	1.27706	1.27796	1.27675	1.27745	930	0	1
2021.07.05	20:00:00	1.27747	1.27758	1.27658	1.27721	1508	0	1
2021.07.05	21:00:00	1.27728	1.27748	1.27667	1.27667	901	0	1
2021.07.05	22:00:00	1.27668	1.27754	1.27573	1.27724	812	0	12
2021.07.05	23:00:00	1.27710	1.27754	1.27638	1.27673	461	0	21
2021.07.06	00:00:00	1.27543	1.27685	1.27504	1.27633	265	0	143
2021.07.06	01:00:00	1.27644	1.27751	1.27597	1.27751	367	0	7
2021.07.06	02:00:00	1.27746	1.27791	1.27741	1.27764	348	0	3
2021.07.06	03:00:00	1.27763	1.27788	1.27725	1.27770	684	0	2
2021.07.06	04:00:00	1.27770	1.27909	1.27768	1.27897	902	0	1
2021.07.06	05:00:00	1.27898	1.27928	1.27831	1.27835	738	0	1
2021.07.06	06:00:00	1.27829	1.27884	1.27789	1.27842	704	0	2
2021.07.06	07:00:00	1.27840	1.27883	1.27822	1.27832	770	0	3
2021.07.06	08:00:00	1.27832	1.27903	1.27818	1.27847	798	0	3
2021.07.06	09:00:00	1.27846	1.27896	1.27757	1.27891	1791	0	1
2021.07.06	10:00:00	1.27891	1.27895	1.27748	1.27795	2240	0	1
2021.07.06	11:00:00	1.27789	1.27958	1.27755	1.27949	2830	0	2
2021.07.06	12:00:00	1.27947	1.27964	1.27831	1.27882	2187	0	1
2021.07.06	13:00:00	1.27882	1.27909	1.27722	1.27800	1744	0	1
2021.07.06	14:00:00	1.27801	1.27888	1.27780	1.27882	1761	0	1
2021.07.06	15:00:00	1.27884	1.28049	1.27875	1.28022	2347	0	1
2021.07.06	16:00:00	1.28022	1.28028	1.27721	1.27751	3341	0	1
2021.07.06	17:00:00	1.27757	1.27758	1.27523	1.27556	4068	0	1
2021.07.06	18:00:00	1.27555	1.27612	1.27404	1.27495	3231	0	1
2021.07.06	19:00:00	1.27497	1.27533	1.27397	1.27435	2705	0	1
2021.07.06	20:00:00	1.27438	1.27546	1.27432	1.27528	1774	0	1
2021.07.06	21:00:00	1.27528	1.27626	1.27510	1.27622	1142	0	3
2021.07.06	22:00:00	1.27621	1.27621	1.27541	1.27584	988	0	1
2021.07.06	23:00:00	1.27584	1.27638	1.27578	1.27591	767	0	1
2021.07.07	00:00:00	1.27473	1.27556	1.27428	1.27474	468	0	146
2021.07.07	01:00:00	1.27495	1.27630	1.27495	1.27602	378	0	7
2021.07.07	02:00:00	1.27598	1.27654	1.27595	1.27650	407	0	4
2021.07.07	03:00:00	1.27650	1.27653	1.27546	1.27547	1173	0	3
2021.07.07	04:00:00	1.27547	1.27613	1.27547	1.27569	1072	0	3
2021.07.07	05:00:00	1.27570	1.27572	1.27476	1.27485	707	0	1
2021.07.07	06:00:00	1.27485	1.27516	1.27466	1.27492	639	0	3
2021.07.07	07:00:00	1.27493	1.27515	1.27464	1.27486	714	0	4
2021.07.07	08:00:00	1.27485	1.27536	1.27479	1.27524	973	0	4
2021.07.07	09:00:00	1.27522	1.27599	1.27490	1.27538	1532	0	1
2021.07.07	10:00:00	1.27537	1.27557	1.27345	1.27393	2484	0	1
2021.07.07	11:00:00	1.27392	1.27431	1.27210	1.27214	2191	0	1
2021.07.07	12:00:00	1.27215	1.27505	1.27209	1.27437	1948	0	1
2021.07.07	13:00:00	1.27442	1.27714	1.27426	1.27692	1779	0	1
2021.07.07	14:00:00	1.27694	1.27764	1.27621	1.27726	2076	0	1
2021.07.07	15:00:00	1.27726	1.27770	1.27645	1.27712	2823	0	1
2021.07.07	16:00:00	1.27711	1.27826	1.27681	1.27693	2797	0	1
2021.07.07	17:00:00	1.27690	1.27693	1.27408	1.27502	3533	0	1
2021.07.07	18:00:00	1.27496	1.27621	1.27459	1.27609	2734	0	2
2021.07.07	19:00:00	1.27606	1.27696	1.27594	1.27696	1917	0	1
2021.07.07	20:00:00	1.27700	1.27709	1.27613	1.27652	1207	0	2
2021.07.07	21:00:00	1.27652	1.27706	1.27614	1.27662	2555	0	1
2021.07.07	22:00:00	1.27661	1.27723	1.27646	1.27708	2084	0	1
2021.07.07	23:00:00	1.27709	1.27766	1.27704	1.27747	991	0	1
2021.07.08	00:00:00	1.27656	1.27713	1.27620	1.27699	165	0	102
2021.07.08	01:00:00	1.27701	1.27739	1.27685	1.27721	272	0	5
2021.07.08	02:00:00	1.27721	1.27745	1.27716	1.27743	208	0	1
2021.07.08	03:00:00	1.27743	1.27745	1.27670	1.27675	825	0	2
2021.07.08	04:00:00	1.27675	1.27691	1.27594	1.27616	1110	0	1
2021.07.08	05:00:00	1.27616	1.27657	1.27548	1.27563	846	0	3
2021.07.08	06:00:00	1.27561	1.27587	1.27548	1.27558	733	0	3
2021.07.08	07:00:00	1.27558	1.27591	1.27545	1.27562	736	0	2
2021.07.08	08:00:00	1.27562	1.27562	1.27470	1.27524	1174	0	2
2021.07.08	09:00:00	1.27517	1.27518	1.27328	1.27385	2209	0	1
2021.07.08	10:00:00	1.27383	1.27396	1.26749	1.26780	3489	0	1
2021.07.08	11:00:00	1.26780	1.26883	1.26403	1.26507	3634	0	1
2021.07.08	12:00:00	1.26509	1.26564	1.26418	1.26435	2354	0	1
2021.07.08	13:00:00	1.26436	1.26442	1.26177	1.26343	2818	0	1
2021.07.08	14:00:00	1.26336	1.26405	1.26160	1.26201	2628	0	1
2021.07.08	15:00:00	1.26203	1.26214	1.25945	1.26063	3040	0	1
2021.07.08	16:00:00	1.26065	1.26197	1.25967	1.26193	3542	0	1
2021.07.08	17:00:00	1.26195	1.26219	1.25731	1.25763	4113	0	1
2021.07.08	18:00:00	1.25761	1.26063	1.25677	1.26016	3116	0	1
2021.07.08	19:00:00	1.26021	1.26120	1.26005	1.26084	1791	0	1
2021.07.08	20:00:00	1.26082	1.26220	1.26076	1.26203	1632	0	1
2021.07.08	21:00:00	1.26203	1.26211	1.26068	1.26151	1542	0	1
2021.07.08	22:00:00	1.26145	1.26226	1.26098	1.26114	1644	0	1
2021.07.08	23:00:00	1.26115	1.26187	1.26094	1.26156	1159	0	1
2021.07.09	00:00:00	1.26014	1.26118	1.26005	1.26073	296	0	68
2021.07.09	01:00:00	1.26093	1.26178	1.26073	1.26128	450	0	2
2021.07.09	02:00:00	1.26118	1.26201	1.26118	1.26143	532	0	4
2021.07.09	03:00:00	1.26148	1.26218	1.26145	1.26196	1027	0	2
2021.07.09	04:00:00	1.26196	1.26211	1.26052	1.26089	1431	0	3
2021.07.09	05:00:00	1.26089	1.26135	1.26046	1.26110	907	0	4
2021.07.09	06:00:00	1.26109	1.26169	1.26098	1.26111	644	0	4
2021.07.09	07:00:00	1.26111	1.26145	1.26049	1.26140	784	0	2
2021.07.09	08:00:00	1.26142	1.26225	1.26126	1.26205	1342	0	2
2021.07.09	09:00:00	1.26203	1.26272	1.26089	1.26130	2036	0	1
2021.07.09	10:00:00	1.26123	1.26230	1.26045	1.26076	2697	0	1
2021.07.09	11:00:00	1.26077	1.26261	1.26036	1.26145	2386	0	1
2021.07.09	12:00:00	1.26142	1.26222	1.26120	1.26166	2311	0	1
2021.07.09	13:00:00	1.26166	1.26332	1.26131	1.26304	2411	0	1
2021.07.09	14:00:00	1.26306	1.26509	1.26255	1.26492	2122	0	1
2021.07.09	15:00:00	1.26493	1.26621	1.26449	1.26576	2442	0	1
2021.07.09	16:00:00	1.26572	1.26892	1.26543	1.26817	2523	0	1
2021.07.09	17:00:00	1.26813	1.26948	1.26511	1.26554	3048	0	1
2021.07.09	18:00:00	1.26563	1.26694	1.26463	1.26665	2463	0	1
2021.07.09	19:00:00	1.26664	1.26776	1.26659	1.26775	988	0	1
2021.07.09	20:00:00	1.26770	1.26974	1.26769	1.26951	1572	0	1
2021.07.09	21:00:00	1.26951	1.27006	1.26888	1.26962	1244	0	2
2021.07.09	22:00:00	1.26962	1.26998	1.26908	1.26909	1132	0	1
2021.07.09	23:00:00	1.26910	1.27023	1.26910	1.27013	1022	0	1
2021.07.12	00:00:00	1.26930	1.27045	1.26897	1.26932	259	0	151
2021.07.12	01:00:00	1.26952	1.27093	1.26935	1.27070	729	0	2
2021.07.12	02:00:00	1.27075	1.27085	1.27024	1.27041	699	0	1
2021.07.12	03:00:00	1.27041	1.27066	1.26972	1.27050	1236	0	2
2021.07.12	04:00:00	1.27050	1.27133	1.27005	1.27118	2083	0	1
2021.07.12	05:00:00	1.27118	1.27148	1.27043	1.27054	1086	0	1
2021.07.12	06:00:00	1.27053	1.27073	1.26994	1.27023	567	0	2
2021.07.12	07:00:00	1.27023	1.27047	1.26990	1.27047	580	0	4
2021.07.12	08:00:00	1.27047	1.27047	1.26977	1.27010	699	0	1
2021.07.12	09:00:00	1.27007	1.27121	1.27007	1.27099	1371	0	1
2021.07.12	10:00:00	1.27100	1.27139	1.26676	1.26787	2453	0	1
2021.07.12	11:00:00	1.26791	1.26864	1.26694	1.26749	1912	0	1
2021.07.12	12:00:00	1.26749	1.26941	1.26726	1.26925	1883	0	1
2021.07.12	13:00:00	1.26927	1.26958	1.26760	1.26919	2140	0	1
2021.07.12	14:00:00	1.26917	1.26993	1.26830	1.26909	1948	0	1
2021.07.12	15:00:00	1.26907	1.26915	1.26675	1.26707	2157	0	1
2021.07.12	16:00:00	1.26704	1.27042	1.26631	1.27005	2580	0	1
2021.07.12	17:00:00	1.27006	1.27209	1.26988	1.27099	2998	0	1
2021.07.12	18:00:00	1.27102	1.27142	1.27051	1.27117	2087	0	1
2021.07.12	19:00:00	1.27115	1.27118	1.27050	1.27074	1270	0	1
2021.07.12	20:00:00	1.27075	1.27134	1.27067	1.27075	1221	0	2
2021.07.12	21:00:00	1.27075	1.27086	1.26979	1.26992	1352	0	1
2021.07.12	22:00:00	1.26992	1.27050	1.26992	1.27042	1082	0	1
2021.07.12	23:00:00	1.27045	1.27073	1.27031	1.27048	789	0	1
2021.07.13	00:00:00	1.26969	1.27055	1.26967	1.27031	339	0	63
2021.07.13	01:00:00	1.27030	1.27077	1.27027	1.27053	349	0	5
2021.07.13	02:00:00	1.27051	1.27083	1.27051	1.27067	329	0	4
2021.07.13	03:00:00	1.27067	1.27110	1.27046	1.27063	852	0	2
2021.07.13	04:00:00	1.27062	1.27077	1.26994	1.27064	758	0	1
2021.07.13	05:00:00	1.27067	1.27140	1.27048	1.27138	825	0	4
2021.07.13	06:00:00	1.27138	1.27150	1.27087	1.27098	542	0	4
2021.07.13	07:00:00	1.27097	1.27127	1.27070	1.27095	705	0	2
2021.07.13	08:00:00	1.27095	1.27095	1.27024	1.27032	753	0	2
2021.07.13	09:00:00	1.27034	1.27078	1.26980	1.27019	1524	0	1
2021.07.13	10:00:00	1.27018	1.27022	1.26870	1.26957	2009	0	1
2021.07.13	11:00:00	1.26956	1.26992	1.26820	1.26901	1646	0	1
2021.07.13	12:00:00	1.26901	1.26963	1.26848	1.26900	1639	0	1
2021.07.13	13:00:00	1.26900	1.26978	1.26877	1.26887	1309	0	1
2021.07.13	14:00:00	1.26884	1.26989	1.26858	1.26971	1673	0	1
2021.07.13	15:00:00	1.26973	1.27051	1.26849	1.26958	3447	0	1
2021.07.13	16:00:00	1.26961	1.27045	1.26763	1.26850	4166	0	1
2021.07.13	17:00:00	1.26849	1.26893	1.26704	1.26822	3378	0	1
2021.07.13	18:00:00	1.26822	1.26940	1.26793	1.26901	2036	0	1
2021.07.13	19:00:00	1.26903	1.26973	1.26889	1.26944	1311	0	1
2021.07.13	20:00:00	1.26944	1.27009	1.26922	1.26965	1646	0	1
2021.07.13	21:00:00	1.26968	1.26977	1.26889	1.26970	1591	0	1
2021.07.13	22:00:00	1.26972	1.26972	1.26859	1.26916	1543	0	1
2021.07.13	23:00:00	1.26917	1.26918	1.26884	1.26914	729	0	2
2021.07.14	00:00:00	1.26831	1.26919	1.26810	1.26871	207	0	29
2021.07.14	01:00:00	1.26884	1.26918	1.26865	1.26868	324	0	1
2021.07.14	02:00:00	1.26868	1.26907	1.26860	1.26861	1063	0	6
2021.07.14	03:00:00	1.26863	1.26913	1.26839	1.26868	997	0	1
2021.07.14	04:00:00	1.26854	1.26952	1.26847	1.26896	939	0	4
2021.07.14	05:00:00	1.26898	1.26959	1.26885	1.26928	1081	0	3
2021.07.14	06:00:00	1.26926	1.26936	1.26865	1.26882	824	0	2
2021.07.14	07:00:00	1.26882	1.26918	1.26861	1.26916	675	0	4
2021.07.14	08:00:00	1.26917	1.26940	1.26884	1.26912	680	0	3
2021.07.14	09:00:00	1.26911	1.27171	1.26894	1.27147	1885	0	1
2021.07.14	10:00:00	1.27144	1.27180	1.27054	1.27115	2358	0	1
2021.07.14	11:00:00	1.27117	1.27310	1.27044	1.27264	2161	0	1
2021.07.14	12:00:00	1.27264	1.27390	1.27208	1.27244	1949	0	1
2021.07.14	13:00:00	1.27248	1.27592	1.27234	1.27441	1649	0	1
2021.07.14	14:00:00	1.27441	1.27505	1.27234	1.27302	1812	0	1
2021.07.14	15:00:00	1.27305	1.27383	1.27203	1.27287	3235	0	1
2021.07.14	16:00:00	1.27289	1.27342	1.27202	1.27210	3365	0	1
2021.07.14	17:00:00	1.27211	1.27263	1.26995	1.27048	3517	0	1
2021.07.14	18:00:00	1.27048	1.27053	1.26797	1.26817	2347	0	1
2021.07.14	19:00:00	1.26816	1.26840	1.26686	1.26696	1871	0	1
2021.07.14	20:00:00	1.26697	1.26829	1.26682	1.26777	1189	0	2
2021.07.14	21:00:00	1.26777	1.26788	1.26686	1.26696	1253	0	1
2021.07.14	22:00:00	1.26697	1.26729	1.26661	1.26722	1116	0	1
2021.07.14	23:00:00	1.26722	1.26756	1.26701	1.26743	561	0	2
2021.07.15	00:00:00	1.26681	1.26721	1.26629	1.26660	423	0	157
2021.07.15	01:00:00	1.26680	1.26759	1.26680	1.26729	493	0	10
2021.07.15	02:00:00	1.26729	1.26757	1.26729	1.26751	468	0	2
2021.07.15	03:00:00	1.26751	1.26759	1.26529	1.26570	1170	0	1
2021.07.15	04:00:00	1.26574	1.26592	1.26523	1.26542	1239	0	2
2021.07.15	05:00:00	1.26542	1.26560	1.26495	1.26508	997	0	3
2021.07.15	06:00:00	1.26508	1.26535	1.26489	1.26517	649	0	4
2021.07.15	07:00:00	1.26515	1.26556	1.26489	1.26536	491	0	3
2021.07.15	08:00:00	1.26536	1.26634	1.26495	1.26584	1010	0	2
2021.07.15	09:00:00	1.26588	1.26749	1.26553	1.26715	1867	0	1
2021.07.15	10:00:00	1.26715	1.26727	1.26333	1.26357	2376	0	1
2021.07.15	11:00:00	1.26350	1.26433	1.26273	1.26294	2386	0	1
2021.07.15	12:00:00	1.26299	1.26341	1.26189	1.26242	1920	0	1
2021.07.15	13:00:00	1.26241	1.27062	1.26237	1.26973	3106	0	1
2021.07.15	14:00:00	1.26974	1.27190	1.26920	1.27186	2665	0	1
2021.07.15	15:00:00	1.27189	1.27238	1.27063	1.27075	2481	0	1
2021.07.15	16:00:00	1.27075	1.27104	1.26887	1.27048	2973	0	1
2021.07.15	17:00:00	1.27041	1.27275	1.27041	1.27244	2989	0	1
2021.07.15	18:00:00	1.27243	1.27326	1.27186	1.27225	2357	0	1
2021.07.15	19:00:00	1.27226	1.27235	1.27021	1.27044	1560	0	2
2021.07.15	20:00:00	1.27042	1.27042	1.26834	1.26846	1409	0	1
2021.07.15	21:00:00	1.26845	1.26871	1.26785	1.26788	1460	0	1
2021.07.15	22:00:00	1.26791	1.26871	1.26790	1.26856	1780	0	2
2021.07.15	23:00:00	1.26859	1.26911	1.26833	1.26887	1039	0	1
2021.07.16	00:00:00	1.26821	1.26886	1.26726	1.26834	260	0	70
2021.07.16	01:00:00	1.26834	1.26930	1.26820	1.26926	486	0	5
2021.07.16	02:00:00	1.26922	1.26939	1.26901	1.26924	466	0	1
2021.07.16	03:00:00	1.26922	1.27001	1.26885	1.26981	1008	0	1
2021.07.16	04:00:00	1.26983	1.27088	1.26945	1.27059	1099	0	2
2021.07.16	05:00:00	1.27056	1.27065	1.26993	1.27055	826	0	3
2021.07.16	06:00:00	1.27055	1.27116	1.27014	1.27106	821	0	2
2021.07.16	07:00:00	1.27104	1.27113	1.27063	1.27095	522	0	1
2021.07.16	08:00:00	1.27097	1.27097	1.26996	1.26996	442	0	3
2021.07.16	09:00:00	1.26997	1.27005	1.26813	1.26874	1505	0	1
2021.07.16	10:00:00	1.26874	1.27037	1.26800	1.27028	2547	0	1
2021.07.16	11:00:00	1.27031	1.27445	1.26993	1.27397	2307	0	1
2021.07.16	12:00:00	1.27395	1.27397	1.26982	1.27004	1784	0	1
2021.07.16	13:00:00	1.27003	1.27068	1.26903	1.27012	1745	0	1
2021.07.16	14:00:00	1.27013	1.27080	1.26874	1.27078	1891	0	1
2021.07.16	15:00:00	1.27080	1.27258	1.27014	1.27028	2275	0	1
2021.07.16	16:00:00	1.27025	1.27073	1.26837	1.26891	2730	0	1
2021.07.16	17:00:00	1.26892	1.26905	1.26632	1.26756	3339	0	1
2021.07.16	18:00:00	1.26758	1.26827	1.26671	1.26710	2355	0	1
2021.07.16	19:00:00	1.26714	1.26746	1.26657	1.26657	1126	0	1
2021.07.16	20:00:00	1.26653	1.26729	1.26624	1.26652	1174	0	1
2021.07.16	21:00:00	1.26654	1.26674	1.26582	1.26615	1275	0	1
2021.07.16	22:00:00	1.26616	1.26625	1.26536	1.26552	1036	0	2
2021.07.16	23:00:00	1.26552	1.26584	1.26541	1.26561	676	0	3
2021.07.19	00:00:00	1.26533	1.26555	1.26457	1.26457	226	0	108
2021.07.19	01:00:00	1.26478	1.26625	1.26477	1.26490	408	0	8
2021.07.19	02:00:00	1.26491	1.26515	1.26392	1.26436	613	0	3
2021.07.19	03:00:00	1.26436	1.26448	1.26375	1.26415	1410	0	1
2021.07.19	04:00:00	1.26414	1.26508	1.26412	1.26459	1372	0	1
2021.07.19	05:00:00	1.26457	1.26473	1.26371	1.26381	1020	0	1
2021.07.19	06:00:00	1.26381	1.26460	1.26381	1.26444	530	0	3
2021.07.19	07:00:00	1.26444	1.26479	1.26415	1.26429	530	0	2
2021.07.19	08:00:00	1.26429	1.26488	1.26417	1.26468	592	0	1
2021.07.19	09:00:00	1.26468	1.26574	1.26415	1.26543	1300	0	1
2021.07.19	10:00:00	1.26543	1.26559	1.26233	1.26328	3086	0	1
2021.07.19	11:00:00	1.26326	1.26504	1.26236	1.26325	2864	0	1
2021.07.19	12:00:00	1.26323	1.26603	1.26305	1.26579	2272	0	1
2021.07.19	13:00:00	1.26579	1.26587	1.26229	1.26249	2647	0	1
2021.07.19	14:00:00	1.26250	1.26312	1.26125	1.26312	2723	0	1
2021.07.19	15:00:00	1.26309	1.26309	1.25909	1.25924	3213	0	1
2021.07.19	16:00:00	1.25924	1.25927	1.25638	1.25734	3942	0	1
2021.07.19	17:00:00	1.25729	1.25734	1.25387	1.25506	4245	0	1
2021.07.19	18:00:00	1.25505	1.25744	1.25478	1.25649	3377	0	1
2021.07.19	19:00:00	1.25647	1.25667	1.25428	1.25457	2209	0	1
2021.07.19	20:00:00	1.25458	1.25573	1.25431	1.25488	2243	0	1
2021.07.19	21:00:00	1.25489	1.25543	1.25407	1.25439	2122	0	1
2021.07.19	22:00:00	1.25438	1.25489	1.25355	1.25479	1881	0	1
2021.07.19	23:00:00	1.25482	1.25549	1.25475	1.25526	800	0	1
2021.07.20	00:00:00	1.25395	1.25492	1.25383	1.25477	278	0	105
2021.07.20	01:00:00	1.25501	1.25571	1.25486	1.25550	448	0	2
2021.07.20	02:00:00	1.25553	1.25592	1.25539	1.25576	450	0	1
2021.07.20	03:00:00	1.25576	1.25582	1.25522	1.25550	918	0	2
2021.07.20	04:00:00	1.25550	1.25622	1.25510	1.25606	1026	0	1
2021.07.20	05:00:00	1.25606	1.25668	1.25586	1.25646	809	0	1
2021.07.20	06:00:00	1.25648	1.25659	1.25475	1.25485	987	0	1
2021.07.20	07:00:00	1.25485	1.25569	1.25422	1.25562	788	0	2
2021.07.20	08:00:00	1.25564	1.25654	1.25564	1.25593	1033	0	2
2021.07.20	09:00:00	1.25593	1.25604	1.25237	1.25258	2071	0	1
2021.07.20	10:00:00	1.25260	1.25488	1.25242	1.25266	3216	0	1
2021.07.20	11:00:00	1.25266	1.25546	1.25233	1.25487	2702	0	1
2021.07.20	12:00:00	1.25491	1.25545	1.25232	1.25251	2258	0	1
2021.07.20	13:00:00	1.25252	1.25364	1.25194	1.25211	2457	0	1
2021.07.20	14:00:00	1.25217	1.25448	1.25139	1.25277	2424	0	1
2021.07.20	15:00:00	1.25277	1.25347	1.25157	1.25178	2864	0	1
2021.07.20	16:00:00	1.25173	1.25515	1.25021	1.25508	3743	0	1
2021.07.20	17:00:00	1.25511	1.25663	1.25369	1.25566	3449	0	1
2021.07.20	18:00:00	1.25566	1.25604	1.25439	1.25500	2650	0	1
2021.07.20	19:00:00	1.25500	1.25667	1.25442	1.25638	1735	0	1
2021.07.20	20:00:00	1.25638	1.25663	1.25468	1.25496	1424	0	1
2021.07.20	21:00:00	1.25497	1.25532	1.25462	1.25505	1191	0	1
2021.07.20	22:00:00	1.25508	1.25573	1.25506	1.25560	1138	0	1
2021.07.20	23:00:00	1.25560	1.25581	1.25523	1.25552	987	0	2
2021.07.21	00:00:00	1.25466	1.25534	1.25421	1.25506	381	0	49
2021.07.21	01:00:00	1.25506	1.25542	1.25494	1.25531	276	0	9
2021.07.21	02:00:00	1.25531	1.25605	1.25526	1.25603	475	0	3
2021.07.21	03:00:00	1.25600	1.25681	1.25573	1.25625	1012	0	2
2021.07.21	04:00:00	1.25624	1.25631	1.25493	1.25511	907	0	2
2021.07.21	05:00:00	1.25507	1.25512	1.25419	1.25436	907	0	3
2021.07.21	06:00:00	1.25437	1.25483	1.25430	1.25455	547	0	4
2021.07.21	07:00:00	1.25455	1.25474	1.25424	1.25426	403	0	4
2021.07.21	08:00:00	1.25426	1.25444	1.25343	1.25368	720	0	3
2021.07.21	09:00:00	1.25375	1.25532	1.25300	1.25527	1760	0	1
2021.07.21	10:00:00	1.25527	1.25656	1.25379	1.25485	2666	0	1
2021.07.21	11:00:00	1.25484	1.25623	1.25419	1.25520	2274	0	1
2021.07.21	12:00:00	1.25519	1.25767	1.25469	1.25708	1888	0	1
2021.07.21	13:00:00	1.25709	1.25718	1.25409	1.25443	1666	0	1
2021.07.21	14:00:00	1.25443	1.25539	1.25294	1.25539	2118	0	1
2021.07.21	15:00:00	1.25543	1.25724	1.25534	1.25704	2300	0	1
2021.07.21	16:00:00	1.25702	1.25820	1.25662	1.25786	2956	0	1
2021.07.21	17:00:00	1.25786	1.25868	1.25620	1.25636	3065	0	1
2021.07.21	18:00:00	1.25633	1.25701	1.25595	1.25693	2437	0	1
2021.07.21	19:00:00	1.25693	1.25799	1.25693	1.25798	1503	0	1
2021.07.21	20:00:00	1.25799	1.25943	1.25771	1.25881	1664	0	1
2021.07.21	21:00:00	1.25880	1.25910	1.25804	1.25806	1269	0	1
2021.07.21	22:00:00	1.25808	1.25873	1.25805	1.25842	990	0	2
2021.07.21	23:00:00	1.25840	1.25879	1.25833	1.25851	863	0	2
2021.07.22	00:00:00	1.25728	1.25830	1.25713	1.25791	233	0	22
2021.07.22	01:00:00	1.25791	1.25844	1.25791	1.25842	282	0	6
2021.07.22	02:00:00	1.25846	1.25860	1.25828	1.25837	397	0	4
2021.07.22	03:00:00	1.25835	1.25836	1.25728	1.25744	880	0	2
2021.07.22	04:00:00	1.25746	1.25794	1.25655	1.25774	1011	0	1
2021.07.22	05:00:00	1.25774	1.25778	1.25717	1.25720	719	0	4
2021.07.22	06:00:00	1.25720	1.25762	1.25708	1.25756	539	0	5
2021.07.22	07:00:00	1.25755	1.25850	1.25755	1.25831	535	0	1
2021.07.22	08:00:00	1.25834	1.25913	1.25798	1.25870	613	0	3
2021.07.22	09:00:00	1.25864	1.26020	1.25829	1.26006	1706	0	1
2021.07.22	10:00:00	1.26006	1.26180	1.25941	1.26081	2511	0	1
2021.07.22	11:00:00	1.26080	1.26296	1.25997	1.26023	2261	0	1
2021.07.22	12:00:00	1.26029	1.26206	1.25986	1.26199	1875	0	1
2021.07.22	13:00:00	1.26199	1.26458	1.26164	1.26393	1849	0	1
2021.07.22	14:00:00	1.26392	1.26552	1.26177	1.26481	2741	0	1
2021.07.22	15:00:00	1.26485	1.26615	1.26284	1.26330	3401	0	1
2021.07.22	16:00:00	1.26331	1.26354	1.26140	1.26180	3500	0	1
2021.07.22	17:00:00	1.26183	1.26433	1.26115	1.26335	3199	0	1
2021.07.22	18:00:00	1.26338	1.26458	1.26289	1.26434	2470	0	1
2021.07.22	19:00:00	1.26435	1.26612	1.26370	1.26609	1869	0	1
2021.07.22	20:00:00	1.26611	1.26667	1.26574	1.26660	1377	0	1
2021.07.22	21:00:00	1.26661	1.26682	1.26582	1.26586	1359	0	1
2021.07.22	22:00:00	1.26587	1.26602	1.26472	1.26543	1112	0	1
2021.07.22	23:00:00	1.26544	1.26581	1.26526	1.26548	748	0	1
2021.07.23	00:00:00	1.26415	1.26492	1.26315	1.26474	205	0	28
2021.07.23	01:00:00	1.26474	1.26541	1.26474	1.26541	360	0	6
2021.07.23	02:00:00	1.26540	1.26596	1.26525	1.26588	239	0	5
2021.07.23	03:00:00	1.26588	1.26616	1.26544	1.26554	511	0	1
2021.07.23	04:00:00	1.26554	1.26591	1.26523	1.26547	613	0	2
2021.07.23	05:00:00	1.26547	1.26584	1.26507	1.26574	610	0	1
2021.07.23	06:00:00	1.26574	1.26622	1.26543	1.26596	511	0	1
2021.07.23	07:00:00	1.26593	1.26596	1.26555	1.26562	502	0	5
2021.07.23	08:00:00	1.26564	1.26687	1.26559	1.26654	425	0	2
2021.07.23	09:00:00	1.26650	1.26651	1.26473	1.26475	1361	0	1
2021.07.23	10:00:00	1.26478	1.26580	1.26282	1.26335	2509	0	1
2021.07.23	11:00:00	1.26337	1.26390	1.26187	1.26390	2391	0	1
2021.07.23	12:00:00	1.26390	1.26544	1.26345	1.26463	2007	0	1
2021.07.23	13:00:00	1.26470	1.26568	1.26440	1.26550	1999	0	1
2021.07.23	14:00:00	1.26550	1.26577	1.26448	1.26552	2008	0	1
2021.07.23	15:00:00	1.26552	1.26744	1.26529	1.26651	2265	0	1
2021.07.23	16:00:00	1.26648	1.26734	1.26557	1.26589	2790	0	1
2021.07.23	17:00:00	1.26589	1.26704	1.26545	1.26602	2632	0	1
2021.07.23	18:00:00	1.26603	1.26717	1.26597	1.26654	1814	0	1
2021.07.23	19:00:00	1.26656	1.26680	1.26597	1.26650	1333	0	1
2021.07.23	20:00:00	1.26650	1.26651	1.26584	1.26620	867	0	4
2021.07.23	21:00:00	1.26620	1.26630	1.26543	1.26559	724	0	2
2021.07.23	22:00:00	1.26561	1.26561	1.26442	1.26454	745	0	2
2021.07.23	23:00:00	1.26458	1.26469	1.26406	1.26425	746	0	3
2021.07.26	00:00:00	1.26276	1.26471	1.26276	1.26363	324	0	203
2021.07.26	01:00:00	1.26372	1.26568	1.26369	1.26519	389	0	11
2021.07.26	02:00:00	1.26516	1.26547	1.26495	1.26505	318	0	2
2021.07.26	03:00:00	1.26505	1.26527	1.26443	1.26474	929	0	5
2021.07.26	04:00:00	1.26474	1.26479	1.26402	1.26446	1014	0	1
2021.07.26	05:00:00	1.26446	1.26463	1.26348	1.26357	856	0	1
2021.07.26	06:00:00	1.26357	1.26358	1.26305	1.26319	557	0	2
2021.07.26	07:00:00	1.26315	1.26380	1.26308	1.26357	402	0	1
2021.07.26	08:00:00	1.26357	1.26398	1.26321	1.26395	815	0	1
2021.07.26	09:00:00	1.26393	1.26395	1.26208	1.26360	1994	0	1
2021.07.26	10:00:00	1.26363	1.26369	1.26160	1.26299	2807	0	1
2021.07.26	11:00:00	1.26300	1.26491	1.26215	1.26424	2476	0	1
2021.07.26	12:00:00	1.26425	1.26649	1.26417	1.26564	2068	0	1
2021.07.26	13:00:00	1.26562	1.26686	1.26522	1.26551	1642	0	1
2021.07.26	14:00:00	1.26550	1.26643	1.26473	1.26637	1995	0	1
2021.07.26	15:00:00	1.26642	1.26722	1.26589	1.26661	1840	0	1
2021.07.26	16:00:00	1.26662	1.26881	1.26629	1.26670	2613	0	1
2021.07.26	17:00:00	1.26674	1.26795	1.26570	1.26652	2931	0	1
2021.07.26	18:00:00	1.26651	1.26681	1.26559	1.26640	2144	0	1
2021.07.26	19:00:00	1.26638	1.26672	1.26558	1.26582	1104	0	1
2021.07.26	20:00:00	1.26580	1.26594	1.26457	1.26494	1078	0	1
2021.07.26	21:00:00	1.26493	1.26545	1.26428	1.26542	885	0	1
2021.07.26	22:00:00	1.26543	1.26571	1.26476	1.26564	873	0	3
2021.07.26	23:00:00	1.26566	1.26572	1.26517	1.26524	926	0	3
2021.07.27	00:00:00	1.26518	1.26564	1.26471	1.26513	246	0	73
2021.07.27	01:00:00	1.26537	1.26598	1.26537	1.26575	331	0	2
2021.07.27	02:00:00	1.26574	1.26615	1.26574	1.26588	368	0	1
2021.07.27	03:00:00	1.26588	1.26591	1.26484	1.26518	639	0	3
2021.07.27	04:00:00	1.26515	1.26614	1.26501	1.26568	812	0	1
2021.07.27	05:00:00	1.26568	1.26603	1.26550	1.26568	661	0	4
2021.07.27	06:00:00	1.26568	1.26635	1.26560	1.26625	546	0	3
2021.07.27	07:00:00	1.26625	1.26695	1.26614	1.26651	570	0	3
2021.07.27	08:00:00	1.26651	1.26682	1.26624	1.26646	672	0	2
2021.07.27	09:00:00	1.26644	1.26644	1.26531	1.26610	1756	0	1
2021.07.27	10:00:00	1.26608	1.26611	1.26330	1.26496	3191	0	1
2021.07.27	11:00:00	1.26494	1.26586	1.26340	1.26381	2398	0	1
2021.07.27	12:00:00	1.26382	1.26616	1.26340	1.26521	2212	0	1
2021.07.27	13:00:00	1.26520	1.26553	1.26446	1.26488	1636	0	1
2021.07.27	14:00:00	1.26491	1.26497	1.26338	1.26437	1875	0	1
2021.07.27	15:00:00	1.26433	1.26454	1.26307	1.26384	2380	0	1
2021.07.27	16:00:00	1.26382	1.26459	1.26273	1.26376	3158	0	1
2021.07.27	17:00:00	1.26378	1.26924	1.26358	1.26884	3338	0	1
2021.07.27	18:00:00	1.26884	1.26981	1.26757	1.26848	2865	0	1
2021.07.27	19:00:00	1.26847	1.26897	1.26795	1.26806	2026	0	1
2021.07.27	20:00:00	1.26807	1.26907	1.26786	1.26886	1525	0	1
2021.07.27	21:00:00	1.26886	1.26963	1.26870	1.26942	1852	0	1
2021.07.27	22:00:00	1.26948	1.26962	1.26873	1.26932	1122	0	1
2021.07.27	23:00:00	1.26933	1.26957	1.26886	1.26938	1151	0	1
2021.07.28	00:00:00	1.26894	1.26909	1.26770	1.26897	218	0	80
2021.07.28	01:00:00	1.26912	1.26960	1.26898	1.26922	459	0	5
2021.07.28	02:00:00	1.26922	1.26946	1.26907	1.26942	339	0	2
2021.07.28	03:00:00	1.26940	1.27012	1.26932	1.26996	827	0	2
2021.07.28	04:00:00	1.26996	1.27051	1.26966	1.26975	819	0	2
2021.07.28	05:00:00	1.26975	1.26997	1.26927	1.26971	772	0	4
2021.07.28	06:00:00	1.26970	1.26970	1.26884	1.26904	518	0	2
2021.07.28	07:00:00	1.26906	1.26944	1.26895	1.26909	346	0	3
2021.07.28	08:00:00	1.26911	1.26944	1.26877	1.26944	800	0	1
2021.07.28	09:00:00	1.26944	1.27073	1.26908	1.27042	1334	0	1
2021.07.28	10:00:00	1.27042	1.27141	1.26914	1.26951	2268	0	1
2021.07.28	11:00:00	1.26949	1.26956	1.26816	1.26904	2103	0	1
2021.07.28	12:00:00	1.26903	1.26962	1.26841	1.26911	1743	0	1
2021.07.28	13:00:00	1.26911	1.26947	1.26767	1.26944	1609	0	1
2021.07.28	14:00:00	1.26953	1.26975	1.26852	1.26924	1883	0	1
2021.07.28	15:00:00	1.26921	1.27091	1.26904	1.27013	1777	0	1
2021.07.28	16:00:00	1.27013	1.27108	1.26885	1.26915	2330	0	1
2021.07.28	17:00:00	1.26912	1.27035	1.26785	1.26800	2592	0	1
2021.07.28	18:00:00	1.26799	1.26858	1.26703	1.26805	1916	0	1
2021.07.28	19:00:00	1.26805	1.26849	1.26744	1.26765	1107	0	1
2021.07.28	20:00:00	1.26763	1.26766	1.26692	1.26698	1164	0	1
2021.07.28	21:00:00	1.26696	1.26888	1.26654	1.26675	4478	0	1
2021.07.28	22:00:00	1.26668	1.26735	1.26554	1.26586	2588	0	1
2021.07.28	23:00:00	1.26586	1.26619	1.26532	1.26543	1210	0	1
2021.07.29	00:00:00	1.26521	1.26562	1.26451	1.26529	323	0	25
2021.07.29	01:00:00	1.26544	1.26564	1.26529	1.26547	318	0	5
2021.07.29	02:00:00	1.26543	1.26551	1.26503	1.26510	662	0	1
2021.07.29	03:00:00	1.26511	1.26533	1.26478	1.26507	800	0	2
2021.07.29	04:00:00	1.26506	1.26546	1.26492	1.26543	896	0	3
2021.07.29	05:00:00	1.26543	1.26653	1.26531	1.26598	888	0	1
2021.07.29	06:00:00	1.26598	1.26645	1.26576	1.26623	716	0	3
2021.07.29	07:00:00	1.26623	1.26636	1.26589	1.26612	467	0	1
2021.07.29	08:00:00	1.26613	1.26683	1.26596	1.26645	780	0	2
2021.07.29	09:00:00	1.26644	1.26702	1.26594	1.26667	1766	0	1
2021.07.29	10:00:00	1.26678	1.26802	1.26605	1.26615	2391	0	1
2021.07.29	11:00:00	1.26615	1.26855	1.26612	1.26758	2087	0	1
2021.07.29	12:00:00	1.26758	1.26815	1.26701	1.26748	1617	0	1
2021.07.29	13:00:00	1.26752	1.26895	1.26731	1.26862	1517	0	1
2021.07.29	14:00:00	1.26863	1.26918	1.26813	1.26875	1624	0	1
2021.07.29	15:00:00	1.26879	1.26915	1.26646	1.26670	2203	0	1
2021.07.29	16:00:00	1.26667	1.26830	1.26650	1.26781	2583	0	1
2021.07.29	17:00:00	1.26782	1.26810	1.26602	1.26604	2913	0	1
2021.07.29	18:00:00	1.26601	1.26621	1.26492	1.26564	1867	0	1
2021.07.29	19:00:00	1.26561	1.26585	1.26517	1.26569	1103	0	1
2021.07.29	20:00:00	1.26573	1.26583	1.26513	1.26538	1072	0	1
2021.07.29	21:00:00	1.26538	1.26551	1.26477	1.26501	940	0	1
2021.07.29	22:00:00	1.26499	1.26518	1.26469	1.26503	1059	0	1
2021.07.29	23:00:00	1.26509	1.26544	1.26483	1.26514	980	0	2
2021.07.30	00:00:00	1.26432	1.26455	1.26379	1.26432	205	0	61
2021.07.30	01:00:00	1.26452	1.26546	1.26448	1.26512	369	0	1
2021.07.30	02:00:00	1.26512	1.26529	1.26462	1.26479	442	0	1
2021.07.30	03:00:00	1.26476	1.26480	1.26395	1.26415	1371	0	1
2021.07.30	04:00:00	1.26415	1.26461	1.26399	1.26440	1043	0	1
2021.07.30	05:00:00	1.26440	1.26530	1.26439	1.26529	612	0	1
2021.07.30	06:00:00	1.26535	1.26546	1.26453	1.26453	509	0	4
2021.07.30	07:00:00	1.26460	1.26510	1.26458	1.26503	299	0	4
2021.07.30	08:00:00	1.26501	1.26508	1.26439	1.26459	653	0	3
2021.07.30	09:00:00	1.26460	1.26535	1.26426	1.26504	1572	0	1
2021.07.30	10:00:00	1.26504	1.26580	1.26399	1.26499	1716	0	1
2021.07.30	11:00:00	1.26499	1.26642	1.26442	1.26482	1571	0	1
2021.07.30	12:00:00	1.26480	1.26533	1.26336	1.26456	1647	0	1
2021.07.30	13:00:00	1.26454	1.26559	1.26419	1.26440	1683	0	1
2021.07.30	14:00:00	1.26439	1.26535	1.26359	1.26469	1863	0	2
2021.07.30	15:00:00	1.26465	1.26545	1.26415	1.26422	1953	0	1
2021.07.30	16:00:00	1.26421	1.26442	1.26272	1.26416	2419	0	1
2021.07.30	17:00:00	1.26415	1.26456	1.25967	1.26045	3324	0	1
2021.07.30	18:00:00	1.26043	1.26067	1.25888	1.26054	2639	0	1
2021.07.30	19:00:00	1.26061	1.26073	1.25965	1.25968	1722	0	1
2021.07.30	20:00:00	1.25968	1.26034	1.25907	1.25921	1235	0	1
2021.07.30	21:00:00	1.25917	1.25923	1.25852	1.25904	1240	0	1
2021.07.30	22:00:00	1.25897	1.25915	1.25870	1.25892	891	0	3
2021.07.30	23:00:00	1.25892	1.25906	1.25842	1.25879	1272	0	1
2021.08.02	00:00:00	1.25799	1.25851	1.25660	1.25796	186	0	196
2021.08.02	01:00:00	1.25794	1.25927	1.25777	1.25913	469	0	7
2021.08.02	02:00:00	1.25909	1.25928	1.25872	1.25885	315	0	6
2021.08.02	03:00:00	1.25884	1.25950	1.25879	1.25931	869	0	1
2021.08.02	04:00:00	1.25930	1.25959	1.25895	1.25909	818	0	2
2021.08.02	05:00:00	1.25909	1.25909	1.25819	1.25845	773	0	1
2021.08.02	06:00:00	1.25845	1.25875	1.25817	1.25867	495	0	1
2021.08.02	07:00:00	1.25866	1.25914	1.25865	1.25897	416	0	1
2021.08.02	08:00:00	1.25895	1.25979	1.25888	1.25977	667	0	2
2021.08.02	09:00:00	1.25973	1.26067	1.25904	1.25999	1308	0	1
2021.08.02	10:00:00	1.25995	1.26160	1.25989	1.26045	1720	0	1
2021.08.02	11:00:00	1.26045	1.26151	1.25973	1.26050	1381	0	1
2021.08.02	12:00:00	1.26051	1.26070	1.25911	1.25933	1378	0	1
2021.08.02	13:00:00	1.25927	1.25986	1.25732	1.25746	1368	0	1
2021.08.02	14:00:00	1.25751	1.25927	1.25751	1.25817	1412	0	1
2021.08.02	15:00:00	1.25816	1.25946	1.25744	1.25933	1989	0	1
2021.08.02	16:00:00	1.25925	1.25929	1.25792	1.25861	2131	0	1
2021.08.02	17:00:00	1.25863	1.25902	1.25616	1.25680	2988	0	1
2021.08.02	18:00:00	1.25675	1.25730	1.25623	1.25668	2034	0	1
2021.08.02	19:00:00	1.25675	1.25797	1.25625	1.25771	1680	0	1
2021.08.02	20:00:00	1.25771	1.25818	1.25743	1.25776	853	0	1
2021.08.02	21:00:00	1.25776	1.25788	1.25706	1.25732	675	0	1
2021.08.02	22:00:00	1.25730	1.25756	1.25715	1.25727	821	0	1
2021.08.02	23:00:00	1.25726	1.25739	1.25645	1.25687	512	0	1
2021.08.03	00:00:00	1.25628	1.25658	1.25576	1.25658	268	0	110
2021.08.03	01:00:00	1.25649	1.25744	1.25633	1.25738	292	0	5
2021.08.03	02:00:00	1.25738	1.25756	1.25721	1.25751	646	0	1
2021.08.03	03:00:00	1.25750	1.25832	1.25738	1.25807	949	0	2
2021.08.03	04:00:00	1.25807	1.25816	1.25771	1.25791	885	0	1
2021.08.03	05:00:00	1.25792	1.25793	1.25722	1.25785	661	0	4
2021.08.03	06:00:00	1.25783	1.25825	1.25772	1.25775	659	0	3
2021.08.03	07:00:00	1.25775	1.25831	1.25739	1.25746	900	0	4
2021.08.03	08:00:00	1.25746	1.25829	1.25724	1.25806	826	0	2
2021.08.03	09:00:00	1.25816	1.25865	1.25754	1.25855	1261	0	1
2021.08.03	10:00:00	1.25849	1.25931	1.25794	1.25880	1929	0	1
2021.08.03	11:00:00	1.25880	1.25962	1.25805	1.25826	1306	0	1
2021.08.03	12:00:00	1.25826	1.25881	1.25751	1.25764	1283	0	1
2021.08.03	13:00:00	1.25761	1.25808	1.25713	1.25781	1624	0	1
2021.08.03	14:00:00	1.25787	1.25813	1.25730	1.25777	1415	0	2
2021.08.03	15:00:00	1.25777	1.25801	1.25668	1.25686	2176	0	1
2021.08.03	16:00:00	1.25685	1.25744	1.25498	1.25514	3204	0	1
2021.08.03	17:00:00	1.25516	1.25700	1.25497	1.25606	2932	0	1
2021.08.03	18:00:00	1.25601	1.25816	1.25568	1.25809	1945	0	1
2021.08.03	19:00:00	1.25811	1.25850	1.25763	1.25806	1118	0	1
2021.08.03	20:00:00	1.25806	1.25861	1.25776	1.25805	1073	0	1
2021.08.03	21:00:00	1.25807	1.25826	1.25783	1.25814	904	0	1
2021.08.03	22:00:00	1.25815	1.25830	1.25776	1.25826	823	0	1
2021.08.03	23:00:00	1.25826	1.25834	1.25781	1.25797	645	0	2
2021.08.04	00:00:00	1.25709	1.25791	1.25690	1.25707	316	0	47
2021.08.04	01:00:00	1.25757	1.25804	1.25723	1.25782	384	0	6
2021.08.04	02:00:00	1.25782	1.25791	1.25766	1.25784	301	0	4
2021.08.04	03:00:00	1.25786	1.25790	1.25687	1.25706	674	0	2
2021.08.04	04:00:00	1.25708	1.25827	1.25706	1.25822	673	0	1
2021.08.04	05:00:00	1.25823	1.25867	1.25807	1.25838	552	0	4
2021.08.04	06:00:00	1.25838	1.25873	1.25814	1.25815	425	0	4
2021.08.04	07:00:00	1.25816	1.25869	1.25805	1.25855	453	0	2
2021.08.04	08:00:00	1.25859	1.25859	1.25815	1.25844	560	0	1
2021.08.04	09:00:00	1.25837	1.26004	1.25809	1.25960	1125	0	1
2021.08.04	10:00:00	1.25966	1.26117	1.25892	1.26027	1678	0	1
2021.08.04	11:00:00	1.26021	1.26204	1.25980	1.26173	1923	0	1
2021.08.04	12:00:00	1.26173	1.26177	1.25956	1.26065	1198	0	1
2021.08.04	13:00:00	1.26068	1.26094	1.25985	1.26003	1163	0	1
2021.08.04	14:00:00	1.26005	1.26041	1.25935	1.25977	1404	0	1
2021.08.04	15:00:00	1.25983	1.26002	1.25779	1.25798	2387	0	1
2021.08.04	16:00:00	1.25798	1.25932	1.25761	1.25878	2218	0	1
2021.08.04	17:00:00	1.25893	1.26196	1.25886	1.26094	3838	0	1
2021.08.04	18:00:00	1.26088	1.26184	1.26007	1.26027	2571	0	1
2021.08.04	19:00:00	1.26025	1.26101	1.25927	1.25949	1543	0	2
2021.08.04	20:00:00	1.25952	1.25996	1.25940	1.25995	954	0	1
2021.08.04	21:00:00	1.25994	1.26017	1.25874	1.25878	774	0	1
2021.08.04	22:00:00	1.25878	1.25909	1.25850	1.25854	821	0	1
2021.08.04	23:00:00	1.25854	1.25911	1.25847	1.25890	728	0	1
2021.08.05	00:00:00	1.25858	1.25901	1.25811	1.25831	183	0	36
2021.08.05	01:00:00	1.25868	1.25900	1.25841	1.25887	360	0	4
2021.08.05	02:00:00	1.25883	1.25929	1.25872	1.25922	314	0	3
2021.08.05	03:00:00	1.25922	1.26018	1.25921	1.25996	679	0	2
2021.08.05	04:00:00	1.25996	1.26034	1.25958	1.26012	604	0	1
2021.08.05	05:00:00	1.26012	1.26030	1.25953	1.25978	472	0	3
2021.08.05	06:00:00	1.25978	1.26066	1.25972	1.26054	447	0	4
2021.08.05	07:00:00	1.26054	1.26064	1.26008	1.26019	350	0	3
2021.08.05	08:00:00	1.26021	1.26064	1.26017	1.26060	406	0	4
2021.08.05	09:00:00	1.26053	1.26101	1.25923	1.26066	1343	0	2
2021.08.05	10:00:00	1.26070	1.26222	1.26032	1.26075	2287	0	1
2021.08.05	11:00:00	1.26072	1.26155	1.25984	1.26135	1724	0	1
2021.08.05	12:00:00	1.26135	1.26233	1.26016	1.26220	1631	0	2
2021.08.05	13:00:00	1.26219	1.26268	1.26149	1.26170	1598	0	1
2021.08.05	14:00:00	1.26168	1.26404	1.26013	1.26055	2620	0	1
2021.08.05	15:00:00	1.26066	1.26268	1.26028	1.26128	2171	0	1
2021.08.05	16:00:00	1.26115	1.26186	1.26049	1.26147	2289	0	1
2021.08.05	17:00:00	1.26148	1.26444	1.26141	1.26307	2728	0	1
2021.08.05	18:00:00	1.26314	1.26360	1.26264	1.26333	1619	0	1
2021.08.05	19:00:00	1.26332	1.26334	1.26248	1.26304	963	0	1
2021.08.05	20:00:00	1.26304	1.26339	1.26288	1.26335	978	0	2
2021.08.05	21:00:00	1.26335	1.26335	1.26236	1.26253	811	0	2
2021.08.05	22:00:00	1.26253	1.26287	1.26239	1.26274	1220	0	1
2021.08.05	23:00:00	1.26274	1.26293	1.26248	1.26282	653	0	1
2021.08.06	00:00:00	1.26246	1.26299	1.26195	1.26272	232	0	63
2021.08.06	01:00:00	1.26286	1.26314	1.26268	1.26303	445	0	4
2021.08.06	02:00:00	1.26300	1.26314	1.26270	1.26276	286	0	5
2021.08.06	03:00:00	1.26276	1.26325	1.26270	1.26283	589	0	1
2021.08.06	04:00:00	1.26289	1.26318	1.26263	1.26304	606	0	1
2021.08.06	05:00:00	1.26304	1.26362	1.26293	1.26356	500	0	1
2021.08.06	06:00:00	1.26356	1.26387	1.26349	1.26372	401	0	5
2021.08.06	07:00:00	1.26372	1.26406	1.26361	1.26379	376	0	4
2021.08.06	08:00:00	1.26379	1.26397	1.26346	1.26364	511	0	1
2021.08.06	09:00:00	1.26362	1.26389	1.26298	1.26379	1308	0	1
2021.08.06	10:00:00	1.26376	1.26391	1.26237	1.26296	1855	0	1
2021.08.06	11:00:00	1.26295	1.26434	1.26237	1.26371	1578	0	1
2021.08.06	12:00:00	1.26372	1.26465	1.26315	1.26334	1450	0	1
2021.08.06	13:00:00	1.26335	1.26381	1.26319	1.26348	1390	0	1
2021.08.06	14:00:00	1.26347	1.26463	1.26318	1.26428	1300	0	1
2021.08.06	15:00:00	1.26427	1.26635	1.26382	1.26584	3283	0	1
2021.08.06	16:00:00	1.26584	1.26728	1.26505	1.26707	3186	0	1
2021.08.06	17:00:00	1.26703	1.26863	1.26648	1.26830	2350	0	1
2021.08.06	18:00:00	1.26824	1.26841	1.26729	1.26817	1866	0	1
2021.08.06	19:00:00	1.26817	1.26990	1.26806	1.26939	909	0	1
2021.08.06	20:00:00	1.26940	1.26953	1.26883	1.26921	688	0	1
2021.08.06	21:00:00	1.26921	1.26976	1.26878	1.26971	763	0	2
2021.08.06	22:00:00	1.26970	1.26995	1.26935	1.26972	650	0	2
2021.08.06	23:00:00	1.26970	1.27031	1.26942	1.26950	458	0	9
2021.08.09	00:00:00	1.26711	1.26915	1.26659	1.26818	272	0	127
2021.08.09	01:00:00	1.26806	1.27053	1.26806	1.27013	1060	0	1
2021.08.09	02:00:00	1.27014	1.27018	1.26954	1.26977	1168	0	2
2021.08.09	03:00:00	1.26977	1.26994	1.26912	1.26922	904	0	6
2021.08.09	04:00:00	1.26928	1.26945	1.26825	1.26843	937	0	4
2021.08.09	05:00:00	1.26843	1.26883	1.26835	1.26863	632	0	6
2021.08.09	06:00:00	1.26863	1.26926	1.26858	1.26912	371	0	6
2021.08.09	07:00:00	1.26912	1.26926	1.26875	1.26890	348	0	7
2021.08.09	08:00:00	1.26890	1.26910	1.26870	1.26877	523	0	4
2021.08.09	09:00:00	1.26876	1.27106	1.26862	1.27066	1181	0	3
2021.08.09	10:00:00	1.27066	1.27138	1.26966	1.27000	1756	0	1
2021.08.09	11:00:00	1.26998	1.27045	1.26912	1.27027	1685	0	1
2021.08.09	12:00:00	1.27026	1.27349	1.27014	1.27284	1620	0	2
2021.08.09	13:00:00	1.27284	1.27383	1.27245	1.27255	1260	0	2
2021.08.09	14:00:00	1.27255	1.27322	1.27087	1.27197	1516	0	1
2021.08.09	15:00:00	1.27197	1.27302	1.27175	1.27298	1685	0	3
2021.08.09	16:00:00	1.27298	1.27340	1.27120	1.27244	2454	0	1
2021.08.09	17:00:00	1.27243	1.27333	1.27208	1.27324	2432	0	1
2021.08.09	18:00:00	1.27324	1.27383	1.27291	1.27302	1773	0	1
2021.08.09	19:00:00	1.27302	1.27378	1.27280	1.27358	1090	0	3
2021.08.09	20:00:00	1.27358	1.27436	1.27356	1.27409	755	0	3
2021.08.09	21:00:00	1.27408	1.27474	1.27402	1.27460	791	0	3
2021.08.09	22:00:00	1.27457	1.27498	1.27437	1.27440	1201	0	2
2021.08.09	23:00:00	1.27438	1.27481	1.27428	1.27463	460	0	3
2021.08.10	00:00:00	1.27219	1.27398	1.27219	1.27343	205	0	110
2021.08.10	01:00:00	1.27343	1.27504	1.27343	1.27481	344	0	7
2021.08.10	02:00:00	1.27481	1.27522	1.27467	1.27512	285	0	7
2021.08.10	03:00:00	1.27510	1.27519	1.27432	1.27449	753	0	3
2021.08.10	04:00:00	1.27449	1.27452	1.27341	1.27375	699	0	3
2021.08.10	05:00:00	1.27375	1.27375	1.27307	1.27334	552	0	3
2021.08.10	06:00:00	1.27334	1.27356	1.27319	1.27356	399	0	5
2021.08.10	07:00:00	1.27356	1.27397	1.27347	1.27379	336	0	5
2021.08.10	08:00:00	1.27379	1.27412	1.27354	1.27397	435	0	7
2021.08.10	09:00:00	1.27404	1.27466	1.27377	1.27439	1267	0	3
2021.08.10	10:00:00	1.27441	1.27673	1.27344	1.27604	1970	0	1
2021.08.10	11:00:00	1.27607	1.27729	1.27596	1.27686	1576	0	1
2021.08.10	12:00:00	1.27686	1.27729	1.27639	1.27717	1526	0	1
2021.08.10	13:00:00	1.27720	1.27780	1.27685	1.27737	1215	0	1
2021.08.10	14:00:00	1.27741	1.27904	1.27736	1.27874	1345	0	1
2021.08.10	15:00:00	1.27874	1.27903	1.27748	1.27874	1576	0	2
2021.08.10	16:00:00	1.27874	1.27875	1.27678	1.27738	2246	0	2
2021.08.10	17:00:00	1.27738	1.27919	1.27704	1.27741	2924	0	1
2021.08.10	18:00:00	1.27738	1.27773	1.27650	1.27681	2032	0	1
2021.08.10	19:00:00	1.27686	1.27759	1.27614	1.27713	1236	0	1
2021.08.10	20:00:00	1.27713	1.27763	1.27678	1.27725	950	0	1
2021.08.10	21:00:00	1.27725	1.27742	1.27675	1.27722	754	0	1
2021.08.10	22:00:00	1.27721	1.27733	1.27683	1.27691	874	0	2
2021.08.10	23:00:00	1.27693	1.27746	1.27686	1.27695	907	0	2
2021.08.11	00:00:00	1.27663	1.27665	1.27576	1.27619	447	0	67
2021.08.11	01:00:00	1.27619	1.27714	1.27619	1.27680	487	0	2
2021.08.11	02:00:00	1.27684	1.27708	1.27669	1.27700	268	0	4
2021.08.11	03:00:00	1.27700	1.27718	1.27577	1.27615	458	0	4
2021.08.11	04:00:00	1.27616	1.27635	1.27568	1.27582	615	0	3
2021.08.11	05:00:00	1.27582	1.27584	1.27521	1.27545	510	0	2
2021.08.11	06:00:00	1.27545	1.27622	1.27535	1.27591	319	0	1
2021.08.11	07:00:00	1.27591	1.27632	1.27568	1.27604	349	0	2
2021.08.11	08:00:00	1.27604	1.27645	1.27595	1.27602	425	0	3
2021.08.11	09:00:00	1.27598	1.27719	1.27587	1.27705	1391	0	1
2021.08.11	10:00:00	1.27705	1.27748	1.27577	1.27592	1668	0	1
2021.08.11	11:00:00	1.27594	1.27670	1.27531	1.27550	1328	0	1
2021.08.11	12:00:00	1.27550	1.27615	1.27521	1.27595	1211	0	1
2021.08.11	13:00:00	1.27595	1.27606	1.27479	1.27604	1151	0	1
2021.08.11	14:00:00	1.27604	1.27698	1.27551	1.27690	1172	0	1
2021.08.11	15:00:00	1.27696	1.27795	1.27633	1.27707	3259	0	1
2021.08.11	16:00:00	1.27707	1.27812	1.27620	1.27710	3265	0	1
2021.08.11	17:00:00	1.27710	1.27782	1.27606	1.27769	2358	0	1
2021.08.11	18:00:00	1.27767	1.27792	1.27727	1.27773	1568	0	1
2021.08.11	19:00:00	1.27776	1.27858	1.27775	1.27827	1107	0	1
2021.08.11	20:00:00	1.27825	1.27930	1.27816	1.27834	1737	0	1
2021.08.11	21:00:00	1.27836	1.27854	1.27803	1.27818	906	0	2
2021.08.11	22:00:00	1.27812	1.27861	1.27804	1.27852	939	0	1
2021.08.11	23:00:00	1.27851	1.27851	1.27791	1.27799	595	0	3
2021.08.12	00:00:00	1.27808	1.27833	1.27716	1.27717	406	0	76
2021.08.12	01:00:00	1.27732	1.27828	1.27722	1.27825	390	0	5
2021.08.12	02:00:00	1.27825	1.27841	1.27792	1.27796	322	0	2
2021.08.12	03:00:00	1.27796	1.27867	1.27791	1.27845	624	0	3
2021.08.12	04:00:00	1.27844	1.27866	1.27804	1.27841	622	0	3
2021.08.12	05:00:00	1.27841	1.27854	1.27818	1.27848	378	0	2
2021.08.12	06:00:00	1.27851	1.27851	1.27811	1.27820	392	0	4
2021.08.12	07:00:00	1.27824	1.27832	1.27793	1.27819	299	0	1
2021.08.12	08:00:00	1.27819	1.27822	1.27744	1.27801	491	0	1
2021.08.12	09:00:00	1.27816	1.27832	1.27750	1.27790	1197	0	2
2021.08.12	10:00:00	1.27792	1.27893	1.27763	1.27881	1662	0	1
2021.08.12	11:00:00	1.27882	1.27894	1.27732	1.27741	1516	0	1
2021.08.12	12:00:00	1.27746	1.27815	1.27713	1.27813	1209	0	1
2021.08.12	13:00:00	1.27814	1.27842	1.27719	1.27728	1197	0	1
2021.08.12	14:00:00	1.27728	1.27758	1.27639	1.27693	1203	0	1
2021.08.12	15:00:00	1.27698	1.27779	1.27674	1.27715	1823	0	1
2021.08.12	16:00:00	1.27720	1.27797	1.27668	1.27740	2319	0	1
2021.08.12	17:00:00	1.27735	1.27790	1.27636	1.27754	1981	0	1
2021.08.12	18:00:00	1.27752	1.27753	1.27663	1.27676	1695	0	1
2021.08.12	19:00:00	1.27676	1.27693	1.27556	1.27567	1099	0	1
2021.08.12	20:00:00	1.27567	1.27598	1.27518	1.27556	1162	0	1
2021.08.12	21:00:00	1.27556	1.27566	1.27439	1.27503	943	0	1
2021.08.12	22:00:00	1.27500	1.27507	1.27448	1.27499	2141	0	2
2021.08.12	23:00:00	1.27499	1.27503	1.27440	1.27465	587	0	2
2021.08.13	00:00:00	1.27502	1.27517	1.27410	1.27483	240	0	47
2021.08.13	01:00:00	1.27483	1.27542	1.27480	1.27503	399	0	8
2021.08.13	02:00:00	1.27504	1.27511	1.27481	1.27488	206	0	6
2021.08.13	03:00:00	1.27488	1.27530	1.27475	1.27508	410	0	2
2021.08.13	04:00:00	1.27508	1.27508	1.27449	1.27463	436	0	1
2021.08.13	05:00:00	1.27463	1.27525	1.27463	1.27483	308	0	5
2021.08.13	06:00:00	1.27483	1.27536	1.27467	1.27526	331	0	2
2021.08.13	07:00:00	1.27526	1.27546	1.27512	1.27513	285	0	6
2021.08.13	08:00:00	1.27513	1.27528	1.27479	1.27500	334	0	1
2021.08.13	09:00:00	1.27505	1.27532	1.27401	1.27498	941	0	1
2021.08.13	10:00:00	1.27498	1.27535	1.27349	1.27462	1323	0	1
2021.08.13	11:00:00	1.27462	1.27468	1.27242	1.27310	912	0	1
2021.08.13	12:00:00	1.27310	1.27378	1.27252	1.27268	1055	0	1
2021.08.13	13:00:00	1.27267	1.27268	1.27137	1.27219	990	0	1
2021.08.13	14:00:00	1.27222	1.27293	1.27178	1.27254	1404	0	1
2021.08.13	15:00:00	1.27258	1.27324	1.27216	1.27225	1745	0	1
2021.08.13	16:00:00	1.27229	1.27275	1.27170	1.27191	2240	0	1
2021.08.13	17:00:00	1.27191	1.27222	1.26890	1.26922	3020	0	1
2021.08.13	18:00:00	1.26918	1.27000	1.26914	1.26947	1669	0	1
2021.08.13	19:00:00	1.26945	1.26983	1.26894	1.26975	1142	0	2
2021.08.13	20:00:00	1.26975	1.27045	1.26953	1.27017	1184	0	2
2021.08.13	21:00:00	1.27017	1.27017	1.26929	1.26930	791	0	2
2021.08.13	22:00:00	1.26935	1.26968	1.26908	1.26946	785	0	2
2021.08.13	23:00:00	1.26942	1.26960	1.26904	1.26946	854	0	1
2021.08.16	00:00:00	1.26991	1.26995	1.26720	1.26910	451	0	176
2021.08.16	01:00:00	1.26864	1.26992	1.26834	1.26951	406	0	8
2021.08.16	02:00:00	1.26951	1.26962	1.26908	1.26910	320	0	2
2021.08.16	03:00:00	1.26910	1.26922	1.26850	1.26852	578	0	2
2021.08.16	04:00:00	1.26852	1.26875	1.26849	1.26863	373	0	3
2021.08.16	05:00:00	1.26860	1.26904	1.26849	1.26889	464	0	1
2021.08.16	06:00:00	1.26890	1.26942	1.26849	1.26902	483	0	2
2021.08.16	07:00:00	1.26902	1.26921	1.26882	1.26895	250	0	5
2021.08.16	08:00:00	1.26890	1.26890	1.26828	1.26842	441	0	3
2021.08.16	09:00:00	1.26840	1.26889	1.26792	1.26832	1211	0	1
2021.08.16	10:00:00	1.26832	1.26901	1.26742	1.26812	1951	0	1
2021.08.16	11:00:00	1.26812	1.26825	1.26518	1.26525	1840	0	1
2021.08.16	12:00:00	1.26526	1.26692	1.26518	1.26644	1307	0	1
2021.08.16	13:00:00	1.26644	1.26707	1.26546	1.26618	1441	0	1
2021.08.16	14:00:00	1.26619	1.26857	1.26604	1.26774	1838	0	2
2021.08.16	15:00:00	1.26766	1.26770	1.26625	1.26633	2056	0	1
2021.08.16	16:00:00	1.26633	1.26647	1.26132	1.26177	2993	0	1
2021.08.16	17:00:00	1.26175	1.26317	1.26162	1.26262	3207	0	1
2021.08.16	18:00:00	1.26262	1.26395	1.26204	1.26346	1783	0	1
2021.08.16	19:00:00	1.26344	1.26364	1.26308	1.26334	1113	0	1
2021.08.16	20:00:00	1.26332	1.26332	1.26258	1.26286	852	0	2
2021.08.16	21:00:00	1.26285	1.26290	1.26234	1.26240	823	0	1
2021.08.16	22:00:00	1.26234	1.26271	1.26217	1.26246	730	0	1
2021.08.16	23:00:00	1.26245	1.26297	1.26230	1.26288	489	0	2
2021.08.17	00:00:00	1.26207	1.26303	1.26163	1.26260	197	0	77
2021.08.17	01:00:00	1.26270	1.26333	1.26270	1.26278	217	0	5
2021.08.17	02:00:00	1.26278	1.26328	1.26269	1.26308	271	0	4
2021.08.17	03:00:00	1.26308	1.26333	1.26277	1.26312	464	0	2
2021.08.17	04:00:00	1.26316	1.26328	1.26241	1.26243	655	0	2
2021.08.17	05:00:00	1.26243	1.26251	1.26203	1.26231	557	0	1
2021.08.17	06:00:00	1.26231	1.26234	1.26177	1.26192	490	0	2
2021.08.17	07:00:00	1.26189	1.26245	1.26183	1.26234	296	0	4
2021.08.17	08:00:00	1.26234	1.26305	1.26212	1.26258	509	0	3
2021.08.17	09:00:00	1.26249	1.26265	1.25910	1.25925	1722	0	1
2021.08.17	10:00:00	1.25928	1.25930	1.25668	1.25673	2655	0	1
2021.08.17	11:00:00	1.25671	1.25831	1.25652	1.25759	2051	0	1
2021.08.17	12:00:00	1.25754	1.25828	1.25717	1.25761	1353	0	2
2021.08.17	13:00:00	1.25765	1.25768	1.25656	1.25686	1468	0	1
2021.08.17	14:00:00	1.25686	1.25701	1.25528	1.25582	1560	0	2
2021.08.17	15:00:00	1.25579	1.25699	1.25499	1.25648	2830	0	1
2021.08.17	16:00:00	1.25655	1.25682	1.25410	1.25451	2769	0	1
2021.08.17	17:00:00	1.25450	1.25687	1.25429	1.25611	2896	0	1
2021.08.17	18:00:00	1.25612	1.25734	1.25594	1.25637	2454	0	1
2021.08.17	19:00:00	1.25640	1.25645	1.25546	1.25555	1508	0	2
2021.08.17	20:00:00	1.25555	1.25596	1.25505	1.25566	1482	0	1
2021.08.17	21:00:00	1.25566	1.25668	1.25559	1.25653	1408	0	1
2021.08.17	22:00:00	1.25651	1.25701	1.25641	1.25654	1079	0	1
2021.08.17	23:00:00	1.25657	1.25714	1.25652	1.25684	492	0	2
2021.08.18	00:00:00	1.25614	1.25660	1.25403	1.25579	156	0	80
2021.08.18	01:00:00	1.25568	1.25742	1.25568	1.25730	457	0	4
2021.08.18	02:00:00	1.25728	1.25740	1.25702	1.25711	465	0	3
2021.08.18	03:00:00	1.25711	1.25737	1.25666	1.25699	569	0	2
2021.08.18	04:00:00	1.25699	1.25760	1.25677	1.25702	518	0	2
2021.08.18	05:00:00	1.25701	1.25713	1.25632	1.25698	899	0	2
2021.08.18	06:00:00	1.25699	1.25732	1.25691	1.25716	742	0	2
2021.08.18	07:00:00	1.25717	1.25741	1.25635	1.25635	445	0	1
2021.08.18	08:00:00	1.25636	1.25688	1.25631	1.25638	576	0	2
2021.08.18	09:00:00	1.25636	1.25650	1.25538	1.25643	1330	0	1
2021.08.18	10:00:00	1.25636	1.25641	1.25449	1.25521	1767	0	1
2021.08.18	11:00:00	1.25515	1.25809	1.25510	1.25641	1687	0	1
2021.08.18	12:00:00	1.25642	1.25683	1.25570	1.25634	1158	0	1
2021.08.18	13:00:00	1.25634	1.25907	1.25614	1.25907	1146	0	1
2021.08.18	14:00:00	1.25907	1.26032	1.25872	1.25977	1424	0	1
2021.08.18	15:00:00	1.25976	1.26079	1.25841	1.26052	1991	0	1
2021.08.18	16:00:00	1.26052	1.26142	1.26008	1.26134	2124	0	1
2021.08.18	17:00:00	1.26130	1.26310	1.26077	1.26244	2358	0	1
2021.08.18	18:00:00	1.26245	1.26433	1.26173	1.26192	2173	0	1
2021.08.18	19:00:00	1.26192	1.26305	1.26175	1.26229	1083	0	1
2021.08.18	20:00:00	1.26226	1.26277	1.26176	1.26218	1195	0	1
2021.08.18	21:00:00	1.26219	1.26231	1.26092	1.26133	3524	0	1
2021.08.18	22:00:00	1.26143	1.26164	1.26046	1.26058	2110	0	1
2021.08.18	23:00:00	1.26063	1.26113	1.26048	1.26107	858	0	1
2021.08.19	00:00:00	1.26090	1.26106	1.25863	1.26018	935	0	60
2021.08.19	01:00:00	1.26018	1.26124	1.26018	1.26120	560	0	7
2021.08.19	02:00:00	1.26118	1.26125	1.26077	1.26103	436	0	3
2021.08.19	03:00:00	1.26105	1.26263	1.26104	1.26174	862	0	1
2021.08.19	04:00:00	1.26176	1.26216	1.26166	1.26191	1466	0	2
2021.08.19	05:00:00	1.26191	1.26246	1.26137	1.26184	1033	0	1
2021.08.19	06:00:00	1.26183	1.26256	1.26183	1.26203	715	0	1
2021.08.19	07:00:00	1.26203	1.26230	1.26181	1.26200	395	0	5
2021.08.19	08:00:00	1.26200	1.26207	1.26085	1.26088	970	0	1
2021.08.19	09:00:00	1.26087	1.26087	1.25755	1.25812	2202	0	1
2021.08.19	10:00:00	1.25810	1.25821	1.25509	1.25546	2932	0	1
2021.08.19	11:00:00	1.25540	1.25542	1.25181	1.25294	2622	0	1
2021.08.19	12:00:00	1.25294	1.25460	1.25179	1.25388	2083	0	1
2021.08.19	13:00:00	1.25393	1.25586	1.25352	1.25563	1496	0	1
2021.08.19	14:00:00	1.25565	1.25600	1.25419	1.25424	1836	0	1
2021.08.19	15:00:00	1.25425	1.25522	1.25338	1.25455	1848	0	1
2021.08.19	16:00:00	1.25454	1.25593	1.25413	1.25552	3128	0	1
2021.08.19	17:00:00	1.25552	1.25612	1.25367	1.25407	2990	0	1
2021.08.19	18:00:00	1.25408	1.25523	1.25398	1.25416	2287	0	1
2021.08.19	19:00:00	1.25415	1.25465	1.25246	1.25248	1430	0	1
2021.08.19	20:00:00	1.25251	1.25322	1.25228	1.25295	1368	0	1
2021.08.19	21:00:00	1.25292	1.25326	1.25255	1.25282	1721	0	1
2021.08.19	22:00:00	1.25284	1.25373	1.25276	1.25293	1648	0	1
2021.08.19	23:00:00	1.25293	1.25313	1.25250	1.25253	1106	0	2
2021.08.20	00:00:00	1.25236	1.25297	1.25150	1.25200	148	0	145
2021.08.20	01:00:00	1.25206	1.25283	1.25203	1.25276	383	0	5
2021.08.20	02:00:00	1.25279	1.25289	1.25230	1.25254	345	0	4
2021.08.20	03:00:00	1.25254	1.25268	1.25173	1.25218	608	0	2
2021.08.20	04:00:00	1.25218	1.25218	1.24953	1.25046	934	0	3
2021.08.20	05:00:00	1.25044	1.25054	1.25007	1.25012	636	0	3
2021.08.20	06:00:00	1.25012	1.25042	1.24865	1.24919	593	0	1
2021.08.20	07:00:00	1.24918	1.24966	1.24918	1.24952	310	0	2
2021.08.20	08:00:00	1.24952	1.24954	1.24818	1.24892	869	0	1
2021.08.20	09:00:00	1.24907	1.24951	1.24789	1.24799	1748	0	1
2021.08.20	10:00:00	1.24796	1.24921	1.24725	1.24796	2504	0	1
2021.08.20	11:00:00	1.24796	1.25106	1.24769	1.25029	1461	0	1
2021.08.20	12:00:00	1.25035	1.25043	1.24918	1.24938	1434	0	1
2021.08.20	13:00:00	1.24938	1.24943	1.24780	1.24859	1291	0	1
2021.08.20	14:00:00	1.24859	1.24964	1.24819	1.24956	1571	0	1
2021.08.20	15:00:00	1.24961	1.24991	1.24881	1.24944	1780	0	1
2021.08.20	16:00:00	1.24944	1.25050	1.24823	1.25019	2770	0	1
2021.08.20	17:00:00	1.25021	1.25068	1.24899	1.24975	2250	0	1
2021.08.20	18:00:00	1.24973	1.25066	1.24959	1.25042	1492	0	2
2021.08.20	19:00:00	1.25042	1.25058	1.24904	1.24933	1301	0	2
2021.08.20	20:00:00	1.24932	1.25030	1.24932	1.24995	657	0	1
2021.08.20	21:00:00	1.24996	1.25032	1.24967	1.24998	632	0	1
2021.08.20	22:00:00	1.24998	1.24998	1.24903	1.24907	769	0	1
2021.08.20	23:00:00	1.24906	1.24960	1.24879	1.24913	1946	0	1
2021.08.23	00:00:00	1.24761	1.24821	1.24665	1.24765	128	0	105
2021.08.23	01:00:00	1.24852	1.25018	1.24852	1.24995	483	0	3
2021.08.23	02:00:00	1.24994	1.25034	1.24961	1.24968	336	0	5
2021.08.23	03:00:00	1.24967	1.25141	1.24967	1.25129	646	0	3
2021.08.23	04:00:00	1.25129	1.25168	1.25010	1.25010	839	0	1
2021.08.23	05:00:00	1.25010	1.25054	1.24955	1.24960	655	0	2
2021.08.23	06:00:00	1.24961	1.25048	1.24934	1.25041	613	0	1
2021.08.23	07:00:00	1.25041	1.25079	1.25029	1.25076	446	0	2
2021.08.23	08:00:00	1.25075	1.25172	1.25071	1.25167	589	0	3
2021.08.23	09:00:00	1.25166	1.25255	1.25077	1.25105	1319	0	1
2021.08.23	10:00:00	1.25105	1.25112	1.24761	1.24822	2150	0	1
2021.08.23	11:00:00	1.24822	1.24997	1.24782	1.24806	1810	0	1
2021.08.23	12:00:00	1.24806	1.25324	1.24798	1.25307	1455	0	1
2021.08.23	13:00:00	1.25307	1.25421	1.25280	1.25323	1170	0	1
2021.08.23	14:00:00	1.25323	1.25470	1.25279	1.25466	1262	0	1
2021.08.23	15:00:00	1.25467	1.25591	1.25447	1.25497	1822	0	1
2021.08.23	16:00:00	1.25496	1.25496	1.25126	1.25300	2774	0	1
2021.08.23	17:00:00	1.25302	1.25348	1.25166	1.25276	2917	0	1
2021.08.23	18:00:00	1.25276	1.25382	1.25268	1.25331	1914	0	1
2021.08.23	19:00:00	1.25334	1.25361	1.25269	1.25300	1212	0	1
2021.08.23	20:00:00	1.25300	1.25328	1.25229	1.25296	611	0	3
2021.08.23	21:00:00	1.25297	1.25310	1.25247	1.25279	683	0	3
2021.08.23	22:00:00	1.25280	1.25282	1.25227	1.25258	986	0	1
2021.08.23	23:00:00	1.25256	1.25270	1.25209	1.25224	714	0	1
2021.08.24	00:00:00	1.25103	1.25205	1.25103	1.25184	417	0	40
2021.08.24	01:00:00	1.25184	1.25229	1.25184	1.25220	272	0	2
2021.08.24	02:00:00	1.25213	1.25221	1.25198	1.25201	194	0	3
2021.08.24	03:00:00	1.25205	1.25263	1.25181	1.25223	500	0	3
2021.08.24	04:00:00	1.25223	1.25254	1.25181	1.25241	504	0	2
2021.08.24	05:00:00	1.25241	1.25273	1.25227	1.25259	419	0	4
2021.08.24	06:00:00	1.25259	1.25275	1.25240	1.25254	367	0	2
2021.08.24	07:00:00	1.25254	1.25340	1.25254	1.25335	333	0	3
2021.08.24	08:00:00	1.25325	1.25488	1.25325	1.25486	744	0	1
2021.08.24	09:00:00	1.25485	1.25520	1.25404	1.25460	1503	0	1
2021.08.24	10:00:00	1.25463	1.25464	1.25157	1.25176	1869	0	1
2021.08.24	11:00:00	1.25176	1.25213	1.24952	1.25174	2079	0	1
2021.08.24	12:00:00	1.25174	1.25202	1.25006	1.25146	1682	0	1
2021.08.24	13:00:00	1.25142	1.25347	1.25092	1.25305	1310	0	1
2021.08.24	14:00:00	1.25308	1.25310	1.25090	1.25218	1150	0	1
2021.08.24	15:00:00	1.25211	1.25278	1.24923	1.24974	2125	0	1
2021.08.24	16:00:00	1.24973	1.25240	1.24950	1.25202	2561	0	1
2021.08.24	17:00:00	1.25199	1.25298	1.25109	1.25211	2789	0	1
2021.08.24	18:00:00	1.25217	1.25331	1.25182	1.25220	1745	0	1
2021.08.24	19:00:00	1.25218	1.25264	1.25198	1.25262	954	0	1
2021.08.24	20:00:00	1.25264	1.25444	1.25232	1.25420	797	0	1
2021.08.24	21:00:00	1.25419	1.25420	1.25295	1.25319	923	0	1
2021.08.24	22:00:00	1.25322	1.25346	1.25293	1.25341	709	0	2
2021.08.24	23:00:00	1.25343	1.25345	1.25307	1.25329	548	0	4
2021.08.25	00:00:00	1.25166	1.25295	1.25166	1.25253	114	0	67
2021.08.25	01:00:00	1.25323	1.25343	1.25290	1.25315	240	0	8
2021.08.25	02:00:00	1.25306	1.25336	1.25296	1.25333	215	0	1
2021.08.25	03:00:00	1.25333	1.25497	1.25329	1.25479	759	0	1
2021.08.25	04:00:00	1.25479	1.25552	1.25444	1.25531	607	0	2
2021.08.25	05:00:00	1.25531	1.25554	1.25480	1.25504	558	0	2
2021.08.25	06:00:00	1.25500	1.25515	1.25461	1.25471	396	0	3
2021.08.25	07:00:00	1.25471	1.25520	1.25431	1.25448	293	0	5
2021.08.25	08:00:00	1.25449	1.25479	1.25432	1.25435	435	0	1
2021.08.25	09:00:00	1.25438	1.25475	1.25346	1.25398	1315	0	1
2021.08.25	10:00:00	1.25401	1.25526	1.25327	1.25402	1866	0	1
2021.08.25	11:00:00	1.25395	1.25480	1.25338	1.25350	1811	0	1
2021.08.25	12:00:00	1.25349	1.25411	1.25300	1.25387	1256	0	1
2021.08.25	13:00:00	1.25385	1.25442	1.25311	1.25362	1000	0	1
2021.08.25	14:00:00	1.25362	1.25479	1.25329	1.25420	1155	0	1
2021.08.25	15:00:00	1.25422	1.25492	1.25363	1.25378	1782	0	1
2021.08.25	16:00:00	1.25396	1.25416	1.25176	1.25307	2419	0	1
2021.08.25	17:00:00	1.25306	1.25605	1.25297	1.25567	2830	0	1
2021.08.25	18:00:00	1.25554	1.25580	1.25365	1.25379	2093	0	1
2021.08.25	19:00:00	1.25378	1.25532	1.25373	1.25524	1211	0	2
2021.08.25	20:00:00	1.25524	1.25691	1.25511	1.25686	1133	0	2
2021.08.25	21:00:00	1.25686	1.25733	1.25660	1.25733	1290	0	2
2021.08.25	22:00:00	1.25735	1.25762	1.25702	1.25713	975	0	3
2021.08.25	23:00:00	1.25709	1.25768	1.25707	1.25749	415	0	2
2021.08.26	00:00:00	1.25667	1.25708	1.25478	1.25570	699	0	53
2021.08.26	01:00:00	1.25576	1.25767	1.25576	1.25758	269	0	1
2021.08.26	02:00:00	1.25755	1.25768	1.25745	1.25759	264	0	1
2021.08.26	03:00:00	1.25762	1.25797	1.25748	1.25783	501	0	1
2021.08.26	04:00:00	1.25783	1.25794	1.25718	1.25751	573	0	2
2021.08.26	05:00:00	1.25751	1.25773	1.25743	1.25765	468	0	1
2021.08.26	06:00:00	1.25765	1.25784	1.25737	1.25764	303	0	6
2021.08.26	07:00:00	1.25764	1.25839	1.25758	1.25824	273	0	3
2021.08.26	08:00:00	1.25821	1.25822	1.25749	1.25778	403	0	4
2021.08.26	09:00:00	1.25775	1.25932	1.25719	1.25932	902	0	1
2021.08.26	10:00:00	1.25931	1.26013	1.25804	1.25899	1983	0	1
2021.08.26	11:00:00	1.25899	1.26067	1.25869	1.25988	1462	0	1
2021.08.26	12:00:00	1.25988	1.26023	1.25823	1.25941	1255	0	2
2021.08.26	13:00:00	1.25941	1.25943	1.25780	1.25787	1040	0	2
2021.08.26	14:00:00	1.25790	1.25935	1.25737	1.25907	1173	0	1
2021.08.26	15:00:00	1.25915	1.25947	1.25770	1.25856	2101	0	2
2021.08.26	16:00:00	1.25855	1.26072	1.25828	1.25984	2527	0	1
2021.08.26	17:00:00	1.25997	1.26105	1.25877	1.25933	2975	0	1
2021.08.26	18:00:00	1.25930	1.25954	1.25766	1.25778	2250	0	1
2021.08.26	19:00:00	1.25777	1.25910	1.25777	1.25878	1219	0	1
2021.08.26	20:00:00	1.25878	1.25917	1.25757	1.25784	1693	0	2
2021.08.26	21:00:00	1.25784	1.25803	1.25737	1.25739	917	0	2
2021.08.26	22:00:00	1.25739	1.25775	1.25692	1.25764	1161	0	1
2021.08.26	23:00:00	1.25759	1.25776	1.25741	1.25767	597	0	3
2021.08.27	00:00:00	1.25615	1.25748	1.25592	1.25618	504	0	52
2021.08.27	01:00:00	1.25635	1.25764	1.25635	1.25763	412	0	7
2021.08.27	02:00:00	1.25756	1.25766	1.25722	1.25760	245	0	7
2021.08.27	03:00:00	1.25761	1.25761	1.25601	1.25618	852	0	2
2021.08.27	04:00:00	1.25623	1.25645	1.25597	1.25602	557	0	5
2021.08.27	05:00:00	1.25604	1.25633	1.25575	1.25583	499	0	2
2021.08.27	06:00:00	1.25585	1.25618	1.25549	1.25591	478	0	3
2021.08.27	07:00:00	1.25587	1.25610	1.25520	1.25535	438	0	3
2021.08.27	08:00:00	1.25534	1.25570	1.25493	1.25565	543	0	2
2021.08.27	09:00:00	1.25568	1.25660	1.25530	1.25621	1264	0	1
2021.08.27	10:00:00	1.25620	1.25800	1.25503	1.25753	1540	0	1
2021.08.27	11:00:00	1.25753	1.25841	1.25677	1.25836	1382	0	1
2021.08.27	12:00:00	1.25839	1.25839	1.25711	1.25749	1088	0	1
2021.08.27	13:00:00	1.25748	1.25840	1.25722	1.25782	1205	0	1
2021.08.27	14:00:00	1.25782	1.25899	1.25775	1.25893	1523	0	2
2021.08.27	15:00:00	1.25897	1.26027	1.25858	1.26017	1848	0	1
2021.08.27	16:00:00	1.26016	1.26076	1.25861	1.25917	3222	0	1
2021.08.27	17:00:00	1.25925	1.25964	1.25499	1.25567	4667	0	1
2021.08.27	18:00:00	1.25573	1.25586	1.25487	1.25573	2813	0	1
2021.08.27	19:00:00	1.25571	1.25591	1.25463	1.25474	1568	0	1
2021.08.27	20:00:00	1.25475	1.25541	1.25470	1.25483	1051	0	3
2021.08.27	21:00:00	1.25485	1.25519	1.25469	1.25474	841	0	2
2021.08.27	22:00:00	1.25481	1.25515	1.25408	1.25415	826	0	2
2021.08.27	23:00:00	1.25412	1.25412	1.25314	1.25328	753	0	1
2021.08.30	00:00:00	1.25327	1.25369	1.25181	1.25281	253	0	190
2021.08.30	01:00:00	1.25359	1.25435	1.25279	1.25429	518	0	1
2021.08.30	02:00:00	1.25429	1.25457	1.25413	1.25433	619	0	1
2021.08.30	03:00:00	1.25433	1.25434	1.25326	1.25329	747	0	1
2021.08.30	04:00:00	1.25330	1.25386	1.25284	1.25341	832	0	2
2021.08.30	05:00:00	1.25341	1.25393	1.25315	1.25369	574	0	4
2021.08.30	06:00:00	1.25369	1.25442	1.25362	1.25430	513	0	4
2021.08.30	07:00:00	1.25430	1.25450	1.25396	1.25449	396	0	2
2021.08.30	08:00:00	1.25449	1.25469	1.25388	1.25466	425	0	1
2021.08.30	09:00:00	1.25468	1.25590	1.25450	1.25544	1055	0	1
2021.08.30	10:00:00	1.25553	1.25778	1.25441	1.25763	1424	0	1
2021.08.30	11:00:00	1.25763	1.26027	1.25763	1.26025	1391	0	1
2021.08.30	12:00:00	1.26025	1.26039	1.25775	1.25802	1231	0	1
2021.08.30	13:00:00	1.25802	1.25882	1.25775	1.25810	1045	0	2
2021.08.30	14:00:00	1.25813	1.25928	1.25770	1.25885	1174	0	1
2021.08.30	15:00:00	1.25884	1.26023	1.25863	1.25865	1439	0	1
2021.08.30	16:00:00	1.25871	1.26048	1.25807	1.26014	1812	0	1
2021.08.30	17:00:00	1.26015	1.26260	1.25899	1.26033	2183	0	1
2021.08.30	18:00:00	1.26033	1.26179	1.25949	1.26179	1341	0	1
2021.08.30	19:00:00	1.26178	1.26182	1.26062	1.26076	894	0	1
2021.08.30	20:00:00	1.26072	1.26132	1.26055	1.26090	581	0	1
2021.08.30	21:00:00	1.26094	1.26192	1.26094	1.26188	871	0	1
2021.08.30	22:00:00	1.26190	1.26197	1.26150	1.26164	642	0	2
2021.08.30	23:00:00	1.26168	1.26196	1.26123	1.26185	501	0	3
2021.08.31	00:00:00	1.26000	1.26115	1.25994	1.26030	427	0	125
2021.08.31	01:00:00	1.26053	1.26202	1.26050	1.26200	249	0	7
2021.08.31	02:00:00	1.26200	1.26215	1.26173	1.26198	247	0	3
2021.08.31	03:00:00	1.26201	1.26222	1.26119	1.26168	752	0	1
2021.08.31	04:00:00	1.26169	1.26211	1.26140	1.26178	618	0	1
2021.08.31	05:00:00	1.26177	1.26177	1.26097	1.26120	471	0	2
2021.08.31	06:00:00	1.26120	1.26142	1.26084	1.26115	676	0	1
2021.08.31	07:00:00	1.26115	1.26159	1.26094	1.26142	582	0	1
2021.08.31	08:00:00	1.26142	1.26204	1.26137	1.26184	904	0	2
2021.08.31	09:00:00	1.26190	1.26257	1.26153	1.26239	1490	0	1
2021.08.31	10:00:00	1.26240	1.26341	1.26149	1.26172	1570	0	1
2021.08.31	11:00:00	1.26171	1.26171	1.25886	1.25894	1657	0	1
2021.08.31	12:00:00	1.25886	1.25902	1.25725	1.25820	1704	0	1
2021.08.31	13:00:00	1.25817	1.25875	1.25714	1.25825	1749	0	1
2021.08.31	14:00:00	1.25822	1.25921	1.25769	1.25872	1867	0	1
2021.08.31	15:00:00	1.25870	1.25893	1.25604	1.25739	2132	0	1
2021.08.31	16:00:00	1.25742	1.25797	1.25592	1.25764	3000	0	1
2021.08.31	17:00:00	1.25764	1.26120	1.25665	1.26065	3727	0	1
2021.08.31	18:00:00	1.26063	1.26157	1.25930	1.25956	2922	0	1
2021.08.31	19:00:00	1.25950	1.25982	1.25876	1.25948	1382	0	1
2021.08.31	20:00:00	1.25948	1.25995	1.25901	1.25925	1025	0	1
2021.08.31	21:00:00	1.25925	1.25941	1.25862	1.25866	1230	0	1
2021.08.31	22:00:00	1.25867	1.25924	1.25867	1.25885	1314	0	1
2021.08.31	23:00:00	1.25887	1.25930	1.25862	1.25872	945	0	1
2021.09.01	00:00:00	1.25827	1.25883	1.25788	1.25853	108	0	28
2021.09.01	01:00:00	1.25865	1.25889	1.25860	1.25878	360	0	3
2021.09.01	02:00:00	1.25878	1.25917	1.25865	1.25880	319	0	1
2021.09.01	03:00:00	1.25880	1.25965	1.25878	1.25893	669	0	2
2021.09.01	04:00:00	1.25893	1.25999	1.25889	1.25988	829	0	2
2021.09.01	05:00:00	1.25988	1.26037	1.25958	1.26034	615	0	1
2021.09.01	06:00:00	1.26034	1.26110	1.26034	1.26106	390	0	4
2021.09.01	07:00:00	1.26104	1.26138	1.26103	1.26131	379	0	2
2021.09.01	08:00:00	1.26131	1.26208	1.26104	1.26194	594	0	2
2021.09.01	09:00:00	1.26193	1.26376	1.26169	1.26321	2207	0	1
2021.09.01	10:00:00	1.26329	1.26366	1.26193	1.26244	2122	0	1
2021.09.01	11:00:00	1.26244	1.26276	1.26160	1.26212	1586	0	1
2021.09.01	12:00:00	1.26211	1.26251	1.26038	1.26096	1344	0	1
2021.09.01	13:00:00	1.26092	1.26146	1.26018	1.26096	1272	0	1
2021.09.01	14:00:00	1.26096	1.26246	1.26066	1.26202	1410	0	1
2021.09.01	15:00:00	1.26200	1.26407	1.26143	1.26155	2432	0	1
2021.09.01	16:00:00	1.26152	1.26278	1.26115	1.26156	2437	0	1
2021.09.01	17:00:00	1.26156	1.26304	1.25900	1.26029	3090	0	1
2021.09.01	18:00:00	1.26030	1.26184	1.26020	1.26108	1957	0	1
2021.09.01	19:00:00	1.26108	1.26132	1.26033	1.26074	1245	0	2
2021.09.01	20:00:00	1.26077	1.26111	1.25998	1.26105	978	0	1
2021.09.01	21:00:00	1.26105	1.26116	1.26041	1.26089	1080	0	2
2021.09.01	22:00:00	1.26093	1.26093	1.26017	1.26073	1385	0	1
2021.09.01	23:00:00	1.26076	1.26096	1.26051	1.26070	813	0	1
2021.09.02	00:00:00	1.25992	1.26072	1.25966	1.26022	201	0	38
2021.09.02	01:00:00	1.26027	1.26105	1.26027	1.26093	273	0	4
2021.09.02	02:00:00	1.26092	1.26101	1.26066	1.26086	230	0	6
2021.09.02	03:00:00	1.26085	1.26091	1.25994	1.26059	721	0	2
2021.09.02	04:00:00	1.26058	1.26135	1.26056	1.26084	423	0	2
2021.09.02	05:00:00	1.26084	1.26117	1.26077	1.26089	364	0	2
2021.09.02	06:00:00	1.26089	1.26116	1.26070	1.26105	327	0	4
2021.09.02	07:00:00	1.26105	1.26118	1.26093	1.26100	264	0	5
2021.09.02	08:00:00	1.26100	1.26148	1.26086	1.26131	421	0	4
2021.09.02	09:00:00	1.26131	1.26137	1.26042	1.26071	1219	0	2
2021.09.02	10:00:00	1.26070	1.26235	1.26037	1.26195	1461	0	1
2021.09.02	11:00:00	1.26195	1.26220	1.26086	1.26219	1309	0	1
2021.09.02	12:00:00	1.26221	1.26396	1.26177	1.26346	1224	0	1
2021.09.02	13:00:00	1.26348	1.26411	1.26266	1.26293	1047	0	1
2021.09.02	14:00:00	1.26293	1.26360	1.26144	1.26183	1479	0	1
2021.09.02	15:00:00	1.26184	1.26375	1.26155	1.26295	1429	0	1
2021.09.02	16:00:00	1.26291	1.26518	1.26208	1.26512	2076	0	1
2021.09.02	17:00:00	1.26510	1.26600	1.26458	1.26499	2594	0	1
2021.09.02	18:00:00	1.26498	1.26659	1.26412	1.26629	1746	0	1
2021.09.02	19:00:00	1.26631	1.26637	1.26563	1.26623	1111	0	1
2021.09.02	20:00:00	1.26621	1.26626	1.26543	1.26546	1266	0	1
2021.09.02	21:00:00	1.26546	1.26585	1.26522	1.26582	900	0	2
2021.09.02	22:00:00	1.26582	1.26582	1.26435	1.26504	1081	0	1
2021.09.02	23:00:00	1.26506	1.26522	1.26493	1.26497	530	0	1
2021.09.03	00:00:00	1.26443	1.26505	1.26412	1.26432	408	0	72
2021.09.03	01:00:00	1.26434	1.26537	1.26424	1.26526	303	0	10
2021.09.03	02:00:00	1.26522	1.26538	1.26500	1.26534	229	0	4
2021.09.03	03:00:00	1.26534	1.26570	1.26506	1.26538	608	0	1
2021.09.03	04:00:00	1.26538	1.26538	1.26443	1.26468	900	0	2
2021.09.03	05:00:00	1.26468	1.26501	1.26436	1.26497	616	0	3
2021.09.03	06:00:00	1.26500	1.26501	1.26436	1.26476	519	0	4
2021.09.03	07:00:00	1.26476	1.26496	1.26456	1.26486	386	0	4
2021.09.03	08:00:00	1.26485	1.26500	1.26452	1.26488	611	0	1
2021.09.03	09:00:00	1.26481	1.26517	1.26401	1.26415	1049	0	1
2021.09.03	10:00:00	1.26412	1.26463	1.26339	1.26388	1418	0	2
2021.09.03	11:00:00	1.26388	1.26505	1.26327	1.26464	1358	0	1
2021.09.03	12:00:00	1.26472	1.26572	1.26443	1.26544	1513	0	1
2021.09.03	13:00:00	1.26545	1.26566	1.26370	1.26439	1364	0	1
2021.09.03	14:00:00	1.26438	1.26610	1.26427	1.26546	1548	0	1
2021.09.03	15:00:00	1.26546	1.26677	1.26335	1.26569	3607	0	1
2021.09.03	16:00:00	1.26569	1.26617	1.26252	1.26517	3787	0	1
2021.09.03	17:00:00	1.26529	1.26762	1.26505	1.26693	3082	0	1
2021.09.03	18:00:00	1.26694	1.26695	1.26576	1.26651	1774	0	2
2021.09.03	19:00:00	1.26652	1.26740	1.26645	1.26734	709	0	3
2021.09.03	20:00:00	1.26734	1.26806	1.26703	1.26795	869	0	1
2021.09.03	21:00:00	1.26798	1.26823	1.26742	1.26742	753	0	1
2021.09.03	22:00:00	1.26746	1.26764	1.26685	1.26701	1160	0	2
2021.09.03	23:00:00	1.26696	1.26742	1.26646	1.26652	949	0	7
2021.09.06	00:00:00	1.26555	1.26709	1.26277	1.26557	254	0	122
2021.09.06	01:00:00	1.26571	1.26741	1.26545	1.26697	432	0	6
2021.09.06	02:00:00	1.26700	1.26717	1.26637	1.26642	369	0	4
2021.09.06	03:00:00	1.26642	1.26707	1.26635	1.26682	714	0	1
2021.09.06	04:00:00	1.26682	1.26717	1.26652	1.26697	654	0	3
2021.09.06	05:00:00	1.26697	1.26737	1.26691	1.26719	509	0	1
2021.09.06	06:00:00	1.26719	1.26734	1.26702	1.26727	475	0	2
2021.09.06	07:00:00	1.26728	1.26730	1.26630	1.26640	477	0	4
2021.09.06	08:00:00	1.26642	1.26743	1.26604	1.26722	500	0	3
2021.09.06	09:00:00	1.26720	1.26748	1.26657	1.26720	875	0	1
2021.09.06	10:00:00	1.26722	1.26840	1.26673	1.26748	1449	0	1
2021.09.06	11:00:00	1.26749	1.26790	1.26685	1.26740	1035	0	1
2021.09.06	12:00:00	1.26740	1.26790	1.26693	1.26784	1069	0	1
2021.09.06	13:00:00	1.26787	1.26805	1.26724	1.26764	922	0	1
2021.09.06	14:00:00	1.26762	1.26836	1.26733	1.26822	916	0	1
2021.09.06	15:00:00	1.26827	1.26852	1.26763	1.26820	872	0	1
2021.09.06	16:00:00	1.26820	1.26844	1.26702	1.26736	1041	0	1
2021.09.06	17:00:00	1.26736	1.26754	1.26613	1.26657	1294	0	1
2021.09.06	18:00:00	1.26657	1.26683	1.26604	1.26616	954	0	1
2021.09.06	19:00:00	1.26615	1.26663	1.26575	1.26575	764	0	2
2021.09.06	20:00:00	1.26575	1.26625	1.26536	1.26585	1361	0	2
2021.09.06	21:00:00	1.26586	1.26613	1.26552	1.26588	515	0	9
2021.09.06	22:00:00	1.26588	1.26638	1.26551	1.26627	559	0	1
2021.09.06	23:00:00	1.26627	1.26627	1.26570	1.26592	838	0	9
2021.09.07	00:00:00	1.26515	1.26639	1.26468	1.26595	309	0	33
2021.09.07	01:00:00	1.26580	1.26652	1.26569	1.26634	223	0	8
2021.09.07	02:00:00	1.26633	1.26640	1.26607	1.26608	210	0	4
2021.09.07	03:00:00	1.26609	1.26652	1.26579	1.26579	809	0	2
2021.09.07	04:00:00	1.26577	1.26617	1.26558	1.26614	763	0	2
2021.09.07	05:00:00	1.26613	1.26613	1.26562	1.26568	554	0	3
2021.09.07	06:00:00	1.26566	1.26576	1.26539	1.26562	413	0	3
2021.09.07	07:00:00	1.26561	1.26601	1.26498	1.26523	632	0	1
2021.09.07	08:00:00	1.26523	1.26529	1.26468	1.26496	913	0	1
2021.09.07	09:00:00	1.26498	1.26566	1.26445	1.26462	1458	0	2
2021.09.07	10:00:00	1.26462	1.26515	1.26351	1.26375	1983	0	1
2021.09.07	11:00:00	1.26375	1.26439	1.26277	1.26315	2080	0	1
2021.09.07	12:00:00	1.26318	1.26376	1.26272	1.26308	1857	0	1
2021.09.07	13:00:00	1.26308	1.26321	1.25984	1.26039	1963	0	1
2021.09.07	14:00:00	1.26041	1.26165	1.25995	1.26043	1872	0	1
2021.09.07	15:00:00	1.26044	1.26188	1.26005	1.26166	1955	0	1
2021.09.07	16:00:00	1.26167	1.26401	1.26081	1.26398	2361	0	1
2021.09.07	17:00:00	1.26398	1.26622	1.26381	1.26591	2687	0	1
2021.09.07	18:00:00	1.26591	1.26638	1.26515	1.26587	1996	0	1
2021.09.07	19:00:00	1.26587	1.26687	1.26585	1.26686	1284	0	1
2021.09.07	20:00:00	1.26682	1.26748	1.26650	1.26720	1071	0	2
2021.09.07	21:00:00	1.26720	1.26752	1.26690	1.26742	887	0	1
2021.09.07	22:00:00	1.26743	1.26777	1.26716	1.26752	765	0	1
2021.09.07	23:00:00	1.26750	1.26781	1.26736	1.26758	485	0	2
2021.09.08	00:00:00	1.26714	1.26760	1.26604	1.26699	523	0	23
2021.09.08	01:00:00	1.26695	1.26765	1.26695	1.26731	360	0	4
2021.09.08	02:00:00	1.26728	1.26739	1.26689	1.26691	274	0	2
2021.09.08	03:00:00	1.26691	1.26725	1.26675	1.26699	551	0	3
2021.09.08	04:00:00	1.26704	1.26745	1.26687	1.26689	558	0	1
2021.09.08	05:00:00	1.26691	1.26718	1.26660	1.26709	578	0	1
2021.09.08	06:00:00	1.26710	1.26721	1.26679	1.26687	619	0	2
2021.09.08	07:00:00	1.26689	1.26727	1.26688	1.26695	349	0	1
2021.09.08	08:00:00	1.26695	1.26715	1.26658	1.26675	602	0	1
2021.09.08	09:00:00	1.26680	1.26690	1.26573	1.26641	1421	0	1
2021.09.08	10:00:00	1.26648	1.26653	1.26435	1.26524	2386	0	1
2021.09.08	11:00:00	1.26524	1.26664	1.26384	1.26605	2533	0	2
2021.09.08	12:00:00	1.26600	1.26751	1.26531	1.26666	2012	0	1
2021.09.08	13:00:00	1.26665	1.26779	1.26637	1.26773	1616	0	1
2021.09.08	14:00:00	1.26772	1.26865	1.26701	1.26840	1780	0	1
2021.09.08	15:00:00	1.26846	1.26860	1.26727	1.26831	1862	0	1
2021.09.08	16:00:00	1.26831	1.26883	1.26733	1.26827	2578	0	1
2021.09.08	17:00:00	1.26825	1.26920	1.26606	1.26691	3041	0	1
2021.09.08	18:00:00	1.26688	1.26902	1.26653	1.26881	2382	0	1
2021.09.08	19:00:00	1.26881	1.27001	1.26851	1.26977	1648	0	1
2021.09.08	20:00:00	1.26975	1.27003	1.26938	1.26954	1400	0	1
2021.09.08	21:00:00	1.26953	1.26983	1.26897	1.26976	1126	0	1
2021.09.08	22:00:00	1.26971	1.27019	1.26949	1.27007	681	0	1
2021.09.08	23:00:00	1.27007	1.27023	1.26973	1.26993	759	0	2
2021.09.09	00:00:00	1.26898	1.26928	1.26845	1.26914	320	0	92
2021.09.09	01:00:00	1.26918	1.26975	1.26918	1.26972	260	0	7
2021.09.09	02:00:00	1.26972	1.26974	1.26898	1.26908	224	0	2
2021.09.09	03:00:00	1.26911	1.26944	1.26844	1.26847	541	0	3
2021.09.09	04:00:00	1.26849	1.26871	1.26792	1.26812	630	0	3
2021.09.09	05:00:00	1.26813	1.26837	1.26743	1.26744	749	0	3
2021.09.09	06:00:00	1.26744	1.26753	1.26680	1.26717	535	0	1
2021.09.09	07:00:00	1.26717	1.26732	1.26646	1.26657	341	0	5
2021.09.09	08:00:00	1.26656	1.26677	1.26608	1.26609	635	0	2
2021.09.09	09:00:00	1.26608	1.26738	1.26605	1.26725	1629	0	1
2021.09.09	10:00:00	1.26724	1.26876	1.26689	1.26833	2202	0	1
2021.09.09	11:00:00	1.26830	1.26941	1.26797	1.26935	1910	0	1
2021.09.09	12:00:00	1.26932	1.27100	1.26895	1.27013	1700	0	1
2021.09.09	13:00:00	1.27016	1.27082	1.26951	1.26975	1273	0	1
2021.09.09	14:00:00	1.26977	1.27055	1.26879	1.26924	2256	0	1
2021.09.09	15:00:00	1.26924	1.27155	1.26818	1.27106	3291	0	1
2021.09.09	16:00:00	1.27104	1.27218	1.27009	1.27171	3424	0	1
2021.09.09	17:00:00	1.27176	1.27321	1.27113	1.27156	2861	0	1
2021.09.09	18:00:00	1.27153	1.27226	1.27001	1.27090	2068	0	1
2021.09.09	19:00:00	1.27090	1.27103	1.26965	1.27022	1214	0	2
2021.09.09	20:00:00	1.27022	1.27038	1.26896	1.26909	2052	0	1
2021.09.09	21:00:00	1.26915	1.26918	1.26863	1.26870	1497	0	1
2021.09.09	22:00:00	1.26870	1.26918	1.26818	1.26819	1331	0	1
2021.09.09	23:00:00	1.26823	1.26872	1.26795	1.26838	864	0	1
2021.09.10	00:00:00	1.26755	1.26856	1.26748	1.26792	286	0	63
2021.09.10	01:00:00	1.26795	1.26870	1.26795	1.26837	592	0	3
2021.09.10	02:00:00	1.26837	1.26862	1.26799	1.26835	302	0	3
2021.09.10	03:00:00	1.26841	1.26891	1.26838	1.26867	549	0	1
2021.09.10	04:00:00	1.26867	1.26869	1.26823	1.26852	597	0	3
2021.09.10	05:00:00	1.26853	1.26920	1.26849	1.26909	752	0	3
2021.09.10	06:00:00	1.26909	1.26963	1.26909	1.26963	523	0	5
2021.09.10	07:00:00	1.26961	1.26977	1.26931	1.26957	559	0	1
2021.09.10	08:00:00	1.26957	1.26966	1.26857	1.26912	820	0	2
2021.09.10	09:00:00	1.26933	1.27072	1.26862	1.27054	1364	0	1
2021.09.10	10:00:00	1.27054	1.27123	1.26972	1.27082	2010	0	1
2021.09.10	11:00:00	1.27080	1.27177	1.27013	1.27023	1708	0	1
2021.09.10	12:00:00	1.27024	1.27202	1.26939	1.27116	1499	0	1
2021.09.10	13:00:00	1.27116	1.27341	1.27107	1.27316	1461	0	1
2021.09.10	14:00:00	1.27316	1.27363	1.27255	1.27344	1567	0	1
2021.09.10	15:00:00	1.27341	1.27358	1.27227	1.27349	1592	0	1
2021.09.10	16:00:00	1.27349	1.27370	1.27218	1.27258	2228	0	1
2021.09.10	17:00:00	1.27258	1.27272	1.26960	1.27081	2452	0	1
2021.09.10	18:00:00	1.27081	1.27155	1.27035	1.27119	2029	0	1
2021.09.10	19:00:00	1.27119	1.27175	1.27105	1.27165	1028	0	1
2021.09.10	20:00:00	1.27165	1.27205	1.27069	1.27077	783	0	1
2021.09.10	21:00:00	1.27075	1.27084	1.27027	1.27080	852	0	2
2021.09.10	22:00:00	1.27080	1.27097	1.26971	1.27006	1277	0	3
2021.09.10	23:00:00	1.27003	1.27059	1.26936	1.26972	893	0	5
2021.09.13	00:00:00	1.27046	1.27098	1.26836	1.26961	1242	0	67
2021.09.13	01:00:00	1.26961	1.27058	1.26961	1.27014	369	0	5
2021.09.13	02:00:00	1.27019	1.27082	1.27014	1.27071	304	0	3
2021.09.13	03:00:00	1.27077	1.27140	1.27044	1.27119	604	0	2
2021.09.13	04:00:00	1.27119	1.27136	1.27046	1.27091	683	0	1
2021.09.13	05:00:00	1.27091	1.27138	1.27075	1.27123	619	0	1
2021.09.13	06:00:00	1.27125	1.27166	1.27119	1.27128	639	0	1
2021.09.13	07:00:00	1.27130	1.27132	1.27040	1.27079	477	0	1
2021.09.13	08:00:00	1.27080	1.27085	1.27016	1.27057	1132	0	1
2021.09.13	09:00:00	1.27066	1.27145	1.27042	1.27064	1827	0	1
2021.09.13	10:00:00	1.27069	1.27223	1.27052	1.27130	1695	0	1
2021.09.13	11:00:00	1.27130	1.27295	1.27110	1.27294	1307	0	1
2021.09.13	12:00:00	1.27294	1.27451	1.27238	1.27442	841	0	1
2021.09.13	13:00:00	1.27441	1.27724	1.27430	1.27709	1753	0	1
2021.09.13	14:00:00	1.27709	1.27729	1.27603	1.27700	1419	0	1
2021.09.13	15:00:00	1.27701	1.27774	1.27641	1.27666	1687	0	1
2021.09.13	16:00:00	1.27664	1.27664	1.27438	1.27502	2079	0	1
2021.09.13	17:00:00	1.27489	1.27560	1.27326	1.27546	2665	0	1
2021.09.13	18:00:00	1.27545	1.27569	1.27485	1.27546	2234	0	1
2021.09.13	19:00:00	1.27546	1.27560	1.27496	1.27532	1037	0	1
2021.09.13	20:00:00	1.27533	1.27604	1.27516	1.27600	719	0	1
2021.09.13	21:00:00	1.27600	1.27656	1.27600	1.27653	673	0	1
2021.09.13	22:00:00	1.27653	1.27666	1.27590	1.27638	1238	0	1
2021.09.13	23:00:00	1.27638	1.27669	1.27603	1.27646	648	0	2
2021.09.14	00:00:00	1.27509	1.27509	1.27416	1.27495	89	0	148
2021.09.14	01:00:00	1.27529	1.27640	1.27529	1.27617	839	0	5
2021.09.14	02:00:00	1.27615	1.27644	1.27613	1.27619	274	0	2
2021.09.14	03:00:00	1.27622	1.27685	1.27622	1.27683	851	0	1
2021.09.14	04:00:00	1.27681	1.27729	1.27654	1.27666	676	0	2
2021.09.14	05:00:00	1.27665	1.27671	1.27624	1.27644	623	0	4
2021.09.14	06:00:00	1.27642	1.27654	1.27611	1.27633	607	0	2
2021.09.14	07:00:00	1.27633	1.27651	1.27585	1.27587	332	0	3
2021.09.14	08:00:00	1.27587	1.27628	1.27558	1.27558	831	0	2
2021.09.14	09:00:00	1.27553	1.27628	1.27514	1.27602	1539	0	1
2021.09.14	10:00:00	1.27602	1.27887	1.27601	1.27827	2038	0	1
2021.09.14	11:00:00	1.27825	1.27972	1.27817	1.27817	1440	0	1
2021.09.14	12:00:00	1.27817	1.27923	1.27765	1.27817	1533	0	1
2021.09.14	13:00:00	1.27811	1.27935	1.27786	1.27894	1205	0	1
2021.09.14	14:00:00	1.27894	1.27894	1.27685	1.27690	1377	0	1
2021.09.14	15:00:00	1.27688	1.27846	1.27651	1.27746	3177	0	1
2021.09.14	16:00:00	1.27746	1.27928	1.27693	1.27716	2981	0	1
2021.09.14	17:00:00	1.27714	1.27714	1.27313	1.27335	3227	0	1
2021.09.14	18:00:00	1.27339	1.27396	1.27240	1.27304	1993	0	1
2021.09.14	19:00:00	1.27304	1.27384	1.27243	1.27259	1346	0	1
2021.09.14	20:00:00	1.27260	1.27260	1.27093	1.27104	1306	0	1
2021.09.14	21:00:00	1.27104	1.27108	1.26978	1.26992	1518	0	1
2021.09.14	22:00:00	1.26991	1.27024	1.26952	1.26998	1301	0	1
2021.09.14	23:00:00	1.26998	1.27035	1.26969	1.27029	623	0	2
2021.09.15	00:00:00	1.26987	1.27031	1.26855	1.26940	173	0	128
2021.09.15	01:00:00	1.26978	1.27046	1.26968	1.27031	351	0	1
2021.09.15	02:00:00	1.27031	1.27060	1.27019	1.27049	244	0	1
2021.09.15	03:00:00	1.27048	1.27110	1.26986	1.27004	679	0	3
2021.09.15	04:00:00	1.27002	1.27024	1.26921	1.26933	663	0	1
2021.09.15	05:00:00	1.26933	1.26935	1.26850	1.26901	755	0	4
2021.09.15	06:00:00	1.26901	1.26943	1.26901	1.26933	462	0	3
2021.09.15	07:00:00	1.26933	1.27081	1.26928	1.27061	456	0	1
2021.09.15	08:00:00	1.27061	1.27122	1.27000	1.27068	807	0	2
2021.09.15	09:00:00	1.27075	1.27187	1.27068	1.27118	2229	0	1
2021.09.15	10:00:00	1.27122	1.27191	1.27064	1.27086	1590	0	1
2021.09.15	11:00:00	1.27086	1.27170	1.26973	1.26980	1633	0	1
2021.09.15	12:00:00	1.26980	1.27007	1.26754	1.26846	1641	0	1
2021.09.15	13:00:00	1.26843	1.26850	1.26710	1.26728	1541	0	1
2021.09.15	14:00:00	1.26733	1.26831	1.26603	1.26821	1883	0	1
2021.09.15	15:00:00	1.26818	1.27004	1.26725	1.26993	2183	0	1
2021.09.15	16:00:00	1.26993	1.27218	1.26931	1.27154	2691	0	1
2021.09.15	17:00:00	1.27154	1.27227	1.26999	1.27103	2675	0	1
2021.09.15	18:00:00	1.27108	1.27334	1.27104	1.27232	2287	0	1
2021.09.15	19:00:00	1.27235	1.27257	1.27197	1.27225	1142	0	1
2021.09.15	20:00:00	1.27226	1.27304	1.27194	1.27268	833	0	1
2021.09.15	21:00:00	1.27268	1.27342	1.27238	1.27243	900	0	1
2021.09.15	22:00:00	1.27239	1.27338	1.27221	1.27330	869	0	1
2021.09.15	23:00:00	1.27322	1.27339	1.27300	1.27307	635	0	2
2021.09.16	00:00:00	1.27201	1.27285	1.27073	1.27239	276	0	127
2021.09.16	01:00:00	1.27261	1.27384	1.27244	1.27380	430	0	2
2021.09.16	02:00:00	1.27380	1.27395	1.27334	1.27367	251	0	1
2021.09.16	03:00:00	1.27367	1.27413	1.27336	1.27389	632	0	1
2021.09.16	04:00:00	1.27389	1.27389	1.27302	1.27309	630	0	3
2021.09.16	05:00:00	1.27309	1.27325	1.27247	1.27250	440	0	5
2021.09.16	06:00:00	1.27250	1.27285	1.27246	1.27266	313	0	2
2021.09.16	07:00:00	1.27266	1.27321	1.27266	1.27299	258	0	5
2021.09.16	08:00:00	1.27299	1.27347	1.27269	1.27296	767	0	1
2021.09.16	09:00:00	1.27295	1.27359	1.27285	1.27344	1429	0	1
2021.09.16	10:00:00	1.27346	1.27542	1.27308	1.27458	2031	0	1
2021.09.16	11:00:00	1.27456	1.27698	1.27413	1.27691	1735	0	1
2021.09.16	12:00:00	1.27691	1.27723	1.27523	1.27681	1766	0	1
2021.09.16	13:00:00	1.27681	1.27834	1.27584	1.27806	1435	0	1
2021.09.16	14:00:00	1.27806	1.27983	1.27781	1.27982	1506	0	1
2021.09.16	15:00:00	1.27981	1.28095	1.27856	1.27902	2720	0	1
2021.09.16	16:00:00	1.27906	1.27912	1.27589	1.27642	2679	0	1
2021.09.16	17:00:00	1.27639	1.27641	1.27277	1.27393	2774	0	1
2021.09.16	18:00:00	1.27386	1.27564	1.27351	1.27505	1958	0	1
2021.09.16	19:00:00	1.27505	1.27641	1.27486	1.27630	872	0	1
2021.09.16	20:00:00	1.27629	1.27746	1.27587	1.27739	910	0	1
2021.09.16	21:00:00	1.27741	1.27836	1.27735	1.27827	760	0	1
2021.09.16	22:00:00	1.27828	1.27837	1.27744	1.27834	1294	0	1
2021.09.16	23:00:00	1.27841	1.27966	1.27829	1.27954	1240	0	1
2021.09.17	00:00:00	1.27841	1.27958	1.27817	1.27919	447	0	37
2021.09.17	01:00:00	1.27920	1.28013	1.27919	1.28004	598	0	7
2021.09.17	02:00:00	1.28008	1.28020	1.27952	1.27957	230	0	5
2021.09.17	03:00:00	1.27957	1.27969	1.27865	1.27876	751	0	1
2021.09.17	04:00:00	1.27876	1.27986	1.27850	1.27907	862	0	1
2021.09.17	05:00:00	1.27908	1.27936	1.27865	1.27876	622	0	3
2021.09.17	06:00:00	1.27877	1.27891	1.27846	1.27875	486	0	2
2021.09.17	07:00:00	1.27875	1.27941	1.27826	1.27941	356	0	2
2021.09.17	08:00:00	1.27941	1.28008	1.27924	1.27938	745	0	1
2021.09.17	09:00:00	1.27937	1.27974	1.27805	1.27863	1426	0	1
2021.09.17	10:00:00	1.27869	1.27925	1.27767	1.27773	1942	0	1
2021.09.17	11:00:00	1.27769	1.27994	1.27737	1.27920	1771	0	1
2021.09.17	12:00:00	1.27920	1.27971	1.27731	1.27813	1992	0	1
2021.09.17	13:00:00	1.27810	1.27936	1.27698	1.27922	1734	0	1
2021.09.17	14:00:00	1.27921	1.28057	1.27909	1.27953	1614	0	1
2021.09.17	15:00:00	1.27953	1.28100	1.27952	1.28084	1974	0	1
2021.09.17	16:00:00	1.28080	1.28168	1.27956	1.27994	2896	0	1
2021.09.17	17:00:00	1.27995	1.28038	1.27914	1.27984	3261	0	1
2021.09.17	18:00:00	1.27988	1.28081	1.27983	1.28037	2618	0	1
2021.09.17	19:00:00	1.28037	1.28191	1.28008	1.28153	1210	0	1
2021.09.17	20:00:00	1.28153	1.28154	1.28061	1.28128	921	0	1
2021.09.17	21:00:00	1.28128	1.28128	1.28031	1.28081	973	0	2
2021.09.17	22:00:00	1.28083	1.28137	1.28032	1.28045	1472	0	2
2021.09.17	23:00:00	1.28045	1.28086	1.27970	1.27984	784	0	4
2021.09.20	00:00:00	1.27988	1.28100	1.27855	1.27866	339	0	112
2021.09.20	01:00:00	1.27861	1.28050	1.27790	1.27972	705	0	1
2021.09.20	02:00:00	1.27975	1.27980	1.27933	1.27960	387	0	3
2021.09.20	03:00:00	1.27960	1.27993	1.27932	1.27955	519	0	1
2021.09.20	04:00:00	1.27955	1.27959	1.27840	1.27846	546	0	2
2021.09.20	05:00:00	1.27846	1.27880	1.27807	1.27823	884	0	3
2021.09.20	06:00:00	1.27823	1.27877	1.27807	1.27842	516	0	3
2021.09.20	07:00:00	1.27842	1.27844	1.27745	1.27758	406	0	3
2021.09.20	08:00:00	1.27759	1.27821	1.27751	1.27797	676	0	3
2021.09.20	09:00:00	1.27799	1.27849	1.27614	1.27618	1677	0	1
2021.09.20	10:00:00	1.27625	1.27643	1.27396	1.27399	2719	0	1
2021.09.20	11:00:00	1.27399	1.27496	1.27268	1.27373	2153	0	1
2021.09.20	12:00:00	1.27375	1.27626	1.27362	1.27399	2039	0	1
2021.09.20	13:00:00	1.27400	1.27520	1.27343	1.27450	1652	0	1
2021.09.20	14:00:00	1.27458	1.27469	1.27021	1.27022	1884	0	1
2021.09.20	15:00:00	1.27016	1.27077	1.26785	1.26943	2634	0	1
2021.09.20	16:00:00	1.26939	1.27202	1.26913	1.27167	2900	0	1
2021.09.20	17:00:00	1.27167	1.27167	1.26775	1.26830	3085	0	1
2021.09.20	18:00:00	1.26831	1.26911	1.26688	1.26701	2151	0	1
2021.09.20	19:00:00	1.26698	1.26732	1.26574	1.26590	2175	0	1
2021.09.20	20:00:00	1.26588	1.26767	1.26566	1.26729	1447	0	1
2021.09.20	21:00:00	1.26730	1.26748	1.26602	1.26607	1596	0	1
2021.09.20	22:00:00	1.26606	1.26789	1.26593	1.26761	1842	0	1
2021.09.20	23:00:00	1.26761	1.26762	1.26681	1.26685	830	0	1
2021.09.21	00:00:00	1.26660	1.26668	1.26566	1.26650	210	0	77
2021.09.21	01:00:00	1.26680	1.26815	1.26651	1.26808	414	0	5
2021.09.21	02:00:00	1.26808	1.26818	1.26696	1.26740	541	0	3
2021.09.21	03:00:00	1.26742	1.26745	1.26647	1.26670	919	0	2
2021.09.21	04:00:00	1.26670	1.26802	1.26640	1.26726	1038	0	1
2021.09.21	05:00:00	1.26726	1.26808	1.26646	1.26803	590	0	3
2021.09.21	06:00:00	1.26803	1.26824	1.26714	1.26824	661	0	2
2021.09.21	07:00:00	1.26824	1.26868	1.26783	1.26852	421	0	2
2021.09.21	08:00:00	1.26852	1.26886	1.26711	1.26725	728	0	1
2021.09.21	09:00:00	1.26725	1.26873	1.26683	1.26770	1848	0	1
2021.09.21	10:00:00	1.26773	1.27038	1.26758	1.26776	2417	0	1
2021.09.21	11:00:00	1.26775	1.26877	1.26646	1.26680	2132	0	1
2021.09.21	12:00:00	1.26680	1.26691	1.26567	1.26647	1769	0	1
2021.09.21	13:00:00	1.26647	1.26696	1.26501	1.26534	1567	0	1
2021.09.21	14:00:00	1.26533	1.26540	1.26367	1.26376	1763	0	1
2021.09.21	15:00:00	1.26374	1.26474	1.26221	1.26239	3116	0	1
2021.09.21	16:00:00	1.26239	1.26308	1.26061	1.26231	3284	0	1
2021.09.21	17:00:00	1.26231	1.26250	1.25871	1.25907	3576	0	1
2021.09.21	18:00:00	1.25912	1.26226	1.25870	1.26185	2235	0	1
2021.09.21	19:00:00	1.26185	1.26229	1.26120	1.26145	1581	0	1
2021.09.21	20:00:00	1.26146	1.26209	1.26115	1.26174	1380	0	1
2021.09.21	21:00:00	1.26172	1.26219	1.26136	1.26176	1389	0	1
2021.09.21	22:00:00	1.26177	1.26262	1.26148	1.26163	1421	0	1
2021.09.21	23:00:00	1.26162	1.26184	1.26144	1.26154	775	0	2
2021.09.22	00:00:00	1.26095	1.26185	1.25999	1.26131	224	0	37
2021.09.22	01:00:00	1.26126	1.26183	1.26106	1.26166	305	0	7
2021.09.22	02:00:00	1.26167	1.26175	1.26118	1.26125	351	0	6
2021.09.22	03:00:00	1.26122	1.26221	1.26081	1.26212	724	0	1
2021.09.22	04:00:00	1.26212	1.26414	1.26173	1.26266	1839	0	1
2021.09.22	05:00:00	1.26267	1.26275	1.26185	1.26231	654	0	3
2021.09.22	06:00:00	1.26233	1.26270	1.26204	1.26221	774	0	1
2021.09.22	07:00:00	1.26222	1.26244	1.26186	1.26243	676	0	1
2021.09.22	08:00:00	1.26243	1.26302	1.26230	1.26252	807	0	1
2021.09.22	09:00:00	1.26249	1.26260	1.26141	1.26162	1329	0	1
2021.09.22	10:00:00	1.26166	1.26215	1.25809	1.25841	2209	0	1
2021.09.22	11:00:00	1.25843	1.26026	1.25774	1.25787	1847	0	1
2021.09.22	12:00:00	1.25785	1.25836	1.25717	1.25798	1492	0	1
2021.09.22	13:00:00	1.25799	1.25889	1.25740	1.25743	1378	0	1
2021.09.22	14:00:00	1.25745	1.25835	1.25688	1.25804	1511	0	1
2021.09.22	15:00:00	1.25804	1.25828	1.25610	1.25692	1997	0	1
2021.09.22	16:00:00	1.25692	1.25841	1.25636	1.25823	2239	0	1
2021.09.22	17:00:00	1.25820	1.25955	1.25753	1.25865	2554	0	1
2021.09.22	18:00:00	1.25867	1.26077	1.25867	1.26064	2109	0	1
2021.09.22	19:00:00	1.26067	1.26091	1.25971	1.26022	1294	0	1
2021.09.22	20:00:00	1.26018	1.26134	1.25998	1.26073	1438	0	1
2021.09.22	21:00:00	1.26033	1.26319	1.25981	1.26152	5347	0	1
2021.09.22	22:00:00	1.26150	1.26216	1.26076	1.26093	3834	0	1
2021.09.22	23:00:00	1.26099	1.26206	1.26099	1.26136	923	0	2
2021.09.23	00:00:00	1.26145	1.26152	1.26077	1.26120	186	0	69
2021.09.23	01:00:00	1.26119	1.26168	1.26061	1.26140	646	0	2
2021.09.23	02:00:00	1.26140	1.26168	1.26111	1.26142	501	0	2
2021.09.23	03:00:00	1.26138	1.26266	1.26138	1.26211	459	0	1
2021.09.23	04:00:00	1.26211	1.26318	1.26208	1.26310	630	0	1
2021.09.23	05:00:00	1.26310	1.26329	1.26275	1.26287	598	0	1
2021.09.23	06:00:00	1.26287	1.26368	1.26264	1.26355	526	0	2
2021.09.23	07:00:00	1.26355	1.26383	1.26326	1.26374	323	0	3
2021.09.23	08:00:00	1.26374	1.26381	1.26285	1.26316	641	0	3
2021.09.23	09:00:00	1.26312	1.26340	1.26212	1.26225	1893	0	1
2021.09.23	10:00:00	1.26226	1.26434	1.26059	1.26397	2665	0	1
2021.09.23	11:00:00	1.26397	1.26403	1.26119	1.26143	2454	0	1
2021.09.23	12:00:00	1.26144	1.26525	1.26143	1.26517	2283	0	1
2021.09.23	13:00:00	1.26516	1.26576	1.26286	1.26498	2788	0	1
2021.09.23	14:00:00	1.26498	1.26917	1.26403	1.26900	2904	0	1
2021.09.23	15:00:00	1.26902	1.26907	1.26601	1.26754	2490	0	1
2021.09.23	16:00:00	1.26752	1.26835	1.26584	1.26688	3268	0	1
2021.09.23	17:00:00	1.26688	1.26887	1.26646	1.26752	3108	0	1
2021.09.23	18:00:00	1.26754	1.27072	1.26722	1.27034	2713	0	1
2021.09.23	19:00:00	1.27034	1.27059	1.26918	1.26923	1491	0	1
2021.09.23	20:00:00	1.26927	1.26956	1.26763	1.26779	1416	0	1
2021.09.23	21:00:00	1.26779	1.26842	1.26763	1.26824	1191	0	1
2021.09.23	22:00:00	1.26822	1.26898	1.26804	1.26845	1597	0	1
2021.09.23	23:00:00	1.26844	1.26944	1.26826	1.26827	986	0	2
2021.09.24	00:00:00	1.26819	1.26837	1.26681	1.26690	232	0	79
2021.09.24	01:00:00	1.26699	1.26894	1.26687	1.26875	397	0	4
2021.09.24	02:00:00	1.26875	1.26906	1.26854	1.26879	377	0	3
2021.09.24	03:00:00	1.26879	1.26990	1.26853	1.26936	1006	0	1
2021.09.24	04:00:00	1.26936	1.26988	1.26849	1.26856	810	0	2
2021.09.24	05:00:00	1.26850	1.26884	1.26820	1.26846	626	0	3
2021.09.24	06:00:00	1.26846	1.26927	1.26839	1.26917	502	0	2
2021.09.24	07:00:00	1.26917	1.26950	1.26906	1.26937	392	0	6
2021.09.24	08:00:00	1.26937	1.26947	1.26874	1.26885	621	0	2
2021.09.24	09:00:00	1.26890	1.27067	1.26869	1.26948	1593	0	1
2021.09.24	10:00:00	1.26949	1.26953	1.26681	1.26704	2624	0	1
2021.09.24	11:00:00	1.26704	1.26793	1.26622	1.26750	2234	0	1
2021.09.24	12:00:00	1.26750	1.26750	1.26447	1.26451	1690	0	1
2021.09.24	13:00:00	1.26451	1.26570	1.26362	1.26365	1747	0	1
2021.09.24	14:00:00	1.26366	1.26440	1.26276	1.26430	2191	0	1
2021.09.24	15:00:00	1.26430	1.26460	1.26346	1.26431	2044	0	1
2021.09.24	16:00:00	1.26429	1.26669	1.26354	1.26582	2716	0	1
2021.09.24	17:00:00	1.26589	1.26649	1.26438	1.26448	2793	0	1
2021.09.24	18:00:00	1.26457	1.26533	1.26402	1.26497	2007	0	1
2021.09.24	19:00:00	1.26496	1.26566	1.26470	1.26515	1615	0	1
2021.09.24	20:00:00	1.26515	1.26525	1.26378	1.26379	1159	0	2
2021.09.24	21:00:00	1.26381	1.26458	1.26355	1.26374	918	0	1
2021.09.24	22:00:00	1.26371	1.26476	1.26365	1.26469	668	0	3
2021.09.24	23:00:00	1.26469	1.26499	1.26366	1.26384	670	0	3
2021.09.27	00:00:00	1.26237	1.26325	1.26126	1.26249	317	0	163
2021.09.27	01:00:00	1.26258	1.26433	1.26251	1.26430	408	0	4
2021.09.27	02:00:00	1.26430	1.26432	1.26365	1.26373	433	0	3
2021.09.27	03:00:00	1.26374	1.26487	1.26374	1.26456	1001	0	2
2021.09.27	04:00:00	1.26456	1.26539	1.26408	1.26516	874	0	2
2021.09.27	05:00:00	1.26517	1.26525	1.26430	1.26492	612	0	1
2021.09.27	06:00:00	1.26492	1.26549	1.26438	1.26539	512	0	1
2021.09.27	07:00:00	1.26539	1.26588	1.26539	1.26580	345	0	2
2021.09.27	08:00:00	1.26582	1.26766	1.26578	1.26733	656	0	1
2021.09.27	09:00:00	1.26733	1.26825	1.26574	1.26786	1819	0	1
2021.09.27	10:00:00	1.26785	1.27042	1.26677	1.27033	2534	0	1
2021.09.27	11:00:00	1.27041	1.27312	1.26982	1.27199	2461	0	1
2021.09.27	12:00:00	1.27199	1.27204	1.26924	1.27040	2102	0	1
2021.09.27	13:00:00	1.27037	1.27068	1.26851	1.26903	1846	0	1
2021.09.27	14:00:00	1.26904	1.27140	1.26891	1.27039	2056	0	1
2021.09.27	15:00:00	1.27039	1.27208	1.26926	1.27046	3297	0	1
2021.09.27	16:00:00	1.27046	1.27154	1.27034	1.27078	3332	0	1
2021.09.27	17:00:00	1.27081	1.27098	1.26904	1.26913	2961	0	1
2021.09.27	18:00:00	1.26911	1.26936	1.26771	1.26928	2402	0	1
2021.09.27	19:00:00	1.26929	1.26929	1.26786	1.26889	1327	0	1
2021.09.27	20:00:00	1.26889	1.26896	1.26796	1.26813	1168	0	1
2021.09.27	21:00:00	1.26815	1.26950	1.26808	1.26927	905	0	1
2021.09.27	22:00:00	1.26930	1.26954	1.26845	1.26850	1165	0	1
2021.09.27	23:00:00	1.26854	1.26911	1.26839	1.26845	652	0	2
2021.09.28	00:00:00	1.26758	1.26838	1.26714	1.26798	128	0	42
2021.09.28	01:00:00	1.26817	1.26857	1.26817	1.26837	305	0	12
2021.09.28	02:00:00	1.26835	1.26881	1.26823	1.26828	320	0	5
2021.09.28	03:00:00	1.26827	1.26880	1.26812	1.26880	616	0	3
2021.09.28	04:00:00	1.26879	1.26890	1.26816	1.26867	531	0	2
2021.09.28	05:00:00	1.26867	1.26961	1.26844	1.26934	601	0	1
2021.09.28	06:00:00	1.26934	1.27033	1.26916	1.27024	520	0	2
2021.09.28	07:00:00	1.27024	1.27056	1.27009	1.27034	408	0	5
2021.09.28	08:00:00	1.27034	1.27075	1.26987	1.27074	1029	0	2
2021.09.28	09:00:00	1.27074	1.27225	1.27006	1.27152	2229	0	1
2021.09.28	10:00:00	1.27149	1.27194	1.26904	1.26956	2927	0	1
2021.09.28	11:00:00	1.26959	1.26967	1.26696	1.26855	2478	0	1
2021.09.28	12:00:00	1.26855	1.26874	1.26600	1.26623	2248	0	1
2021.09.28	13:00:00	1.26620	1.26640	1.26197	1.26234	2447	0	1
2021.09.28	14:00:00	1.26239	1.26330	1.26038	1.26094	2918	0	1
2021.09.28	15:00:00	1.26095	1.26161	1.25699	1.25765	3381	0	1
2021.09.28	16:00:00	1.25767	1.25943	1.25725	1.25855	3671	0	1
2021.09.28	17:00:00	1.25855	1.25870	1.25448	1.25700	4743	0	1
2021.09.28	18:00:00	1.25699	1.25738	1.25588	1.25648	3289	0	1
2021.09.28	19:00:00	1.25650	1.25752	1.25607	1.25674	2108	0	1
2021.09.28	20:00:00	1.25672	1.25835	1.25671	1.25763	1600	0	1
2021.09.28	21:00:00	1.25763	1.25860	1.25733	1.25854	1733	0	1
2021.09.28	22:00:00	1.25853	1.25881	1.25769	1.25802	1898	0	1
2021.09.28	23:00:00	1.25803	1.25846	1.25745	1.25801	896	0	1
2021.09.29	00:00:00	1.25669	1.25794	1.25585	1.25654	949	0	20
2021.09.29	01:00:00	1.25686	1.25796	1.25686	1.25780	360	0	2
2021.09.29	02:00:00	1.25780	1.25827	1.25772	1.25824	404	0	4
2021.09.29	03:00:00	1.25824	1.25864	1.25799	1.25845	1066	0	2
2021.09.29	04:00:00	1.25843	1.25865	1.25733	1.25764	1376	0	2
2021.09.29	05:00:00	1.25765	1.25882	1.25699	1.25881	888	0	2
2021.09.29	06:00:00	1.25881	1.25928	1.25860	1.25893	761	0	2
2021.09.29	07:00:00	1.25895	1.25956	1.25884	1.25912	539	0	3
2021.09.29	08:00:00	1.25914	1.25945	1.25831	1.25912	1041	0	2
2021.09.29	09:00:00	1.25914	1.25946	1.25780	1.25820	2517	0	1
2021.09.29	10:00:00	1.25827	1.25893	1.25615	1.25675	3352	0	1
2021.09.29	11:00:00	1.25679	1.25713	1.25451	1.25498	2539	0	1
2021.09.29	12:00:00	1.25495	1.25675	1.25413	1.25643	2029	0	1
2021.09.29	13:00:00	1.25643	1.25696	1.25369	1.25390	2053	0	1
2021.09.29	14:00:00	1.25390	1.25427	1.25211	1.25367	2786	0	1
2021.09.29	15:00:00	1.25370	1.25381	1.25137	1.25226	3009	0	1
2021.09.29	16:00:00	1.25219	1.25337	1.25057	1.25165	3403	0	1
2021.09.29	17:00:00	1.25157	1.25388	1.25112	1.25294	4006	0	1
2021.09.29	18:00:00	1.25295	1.25511	1.25289	1.25443	2766	0	1
2021.09.29	19:00:00	1.25448	1.25520	1.25332	1.25511	2087	0	1
2021.09.29	20:00:00	1.25512	1.25560	1.25420	1.25549	1942	0	1
2021.09.29	21:00:00	1.25550	1.25618	1.25496	1.25534	2292	0	1
2021.09.29	22:00:00	1.25534	1.25568	1.25400	1.25432	1517	0	2
2021.09.29	23:00:00	1.25433	1.25519	1.25432	1.25481	929	0	3
2021.09.30	00:00:00	1.25348	1.25427	1.25338	1.25418	106	0	120
2021.09.30	01:00:00	1.25418	1.25546	1.25418	1.25520	372	0	5
2021.09.30	02:00:00	1.25521	1.25532	1.25444	1.25451	364	0	5
2021.09.30	03:00:00	1.25450	1.25527	1.25433	1.25521	867	0	1
2021.09.30	04:00:00	1.25521	1.25560	1.25494	1.25507	880	0	3
2021.09.30	05:00:00	1.25507	1.25558	1.25499	1.25540	790	0	1
2021.09.30	06:00:00	1.25539	1.25624	1.25503	1.25600	547	0	2
2021.09.30	07:00:00	1.25600	1.25626	1.25507	1.25517	469	0	2
2021.09.30	08:00:00	1.25517	1.25537	1.25429	1.25457	1025	0	1
2021.09.30	09:00:00	1.25466	1.25711	1.25426	1.25629	2074	0	1
2021.09.30	10:00:00	1.25629	1.25651	1.25365	1.25514	2625	0	1
2021.09.30	11:00:00	1.25514	1.25585	1.25370	1.25571	2106	0	1
2021.09.30	12:00:00	1.25569	1.25895	1.25549	1.25783	1855	0	1
2021.09.30	13:00:00	1.25779	1.25957	1.25772	1.25798	2378	0	1
2021.09.30	14:00:00	1.25797	1.25899	1.25752	1.25814	2028	0	1
2021.09.30	15:00:00	1.25813	1.25988	1.25790	1.25802	2807	0	1
2021.09.30	16:00:00	1.25800	1.26110	1.25737	1.26073	3555	0	1
2021.09.30	17:00:00	1.26064	1.26141	1.25688	1.25810	4264	0	1
2021.09.30	18:00:00	1.25807	1.26031	1.25725	1.25787	3757	0	1
2021.09.30	19:00:00	1.25786	1.25818	1.25657	1.25738	2908	0	1
2021.09.30	20:00:00	1.25735	1.25765	1.25664	1.25704	2211	0	1
2021.09.30	21:00:00	1.25704	1.25839	1.25646	1.25646	2202	0	1
2021.09.30	22:00:00	1.25648	1.25728	1.25536	1.25537	2471	0	1
2021.09.30	23:00:00	1.25537	1.25630	1.25485	1.25486	1332	0	1
2021.10.01	00:00:00	1.25468	1.25579	1.25434	1.25476	813	0	3
2021.10.01	01:00:00	1.25436	1.25615	1.25436	1.25612	587	0	5
2021.10.01	02:00:00	1.25611	1.25615	1.25576	1.25608	451	0	3
2021.10.01	03:00:00	1.25605	1.25659	1.25534	1.25534	1278	0	3
2021.10.01	04:00:00	1.25536	1.25555	1.25354	1.25422	2031	0	3
2021.10.01	05:00:00	1.25423	1.25460	1.25327	1.25371	1185	0	3
2021.10.01	06:00:00	1.25371	1.25401	1.25348	1.25367	690	0	3
2021.10.01	07:00:00	1.25367	1.25392	1.25339	1.25372	856	0	3
2021.10.01	08:00:00	1.25373	1.25426	1.25312	1.25385	1407	0	3
2021.10.01	09:00:00	1.25386	1.25449	1.25113	1.25155	3897	0	3
2021.10.01	10:00:00	1.25155	1.25491	1.25034	1.25434	5401	0	3
2021.10.01	11:00:00	1.25434	1.25597	1.25307	1.25562	4750	0	3
2021.10.01	12:00:00	1.25562	1.25938	1.25542	1.25927	3269	0	3
2021.10.01	13:00:00	1.25927	1.26118	1.25878	1.26042	3492	0	3
2021.10.01	14:00:00	1.26042	1.26094	1.25915	1.25979	3777	0	3
2021.10.01	15:00:00	1.25975	1.26003	1.25659	1.25728	5041	0	3
2021.10.01	16:00:00	1.25729	1.26051	1.25721	1.26001	5664	0	3
2021.10.01	17:00:00	1.26004	1.26181	1.25862	1.25907	7282	0	3
2021.10.01	18:00:00	1.25907	1.26191	1.25873	1.26188	5086	0	3
2021.10.01	19:00:00	1.26188	1.26215	1.26070	1.26089	3175	0	3
2021.10.01	20:00:00	1.26090	1.26126	1.26049	1.26073	1866	0	4
2021.10.01	21:00:00	1.26072	1.26119	1.26032	1.26072	1627	0	5
2021.10.01	22:00:00	1.26071	1.26170	1.26035	1.26056	1797	0	3
2021.10.01	23:00:00	1.26056	1.26060	1.25996	1.26011	1044	0	6
2021.10.04	00:00:00	1.26492	1.26492	1.25845	1.25851	220	0	3
2021.10.04	01:00:00	1.25868	1.26184	1.25868	1.26173	904	0	3
2021.10.04	02:00:00	1.26177	1.26189	1.26115	1.26141	513	0	4
2021.10.04	03:00:00	1.26141	1.26179	1.26093	1.26093	1411	0	3
2021.10.04	04:00:00	1.26093	1.26100	1.25958	1.25985	1970	0	3
2021.10.04	05:00:00	1.25987	1.26012	1.25912	1.26002	1194	0	3
2021.10.04	06:00:00	1.26002	1.26031	1.25949	1.25978	703	0	3
2021.10.04	07:00:00	1.25978	1.26119	1.25930	1.26111	1004	0	3
2021.10.04	08:00:00	1.26111	1.26161	1.25987	1.25994	1187	0	3
2021.10.04	09:00:00	1.25998	1.26086	1.25941	1.26015	2519	0	3
2021.10.04	10:00:00	1.26017	1.26202	1.25899	1.26143	4425	0	3
2021.10.04	11:00:00	1.26142	1.26171	1.25898	1.25969	3523	0	3
2021.10.04	12:00:00	1.25969	1.26232	1.25949	1.26206	3112	0	3
2021.10.04	13:00:00	1.26206	1.26210	1.26007	1.26140	2626	0	3
2021.10.04	14:00:00	1.26142	1.26142	1.25946	1.25987	3436	0	3
2021.10.04	15:00:00	1.25985	1.25998	1.25667	1.25845	3208	0	3
2021.10.04	16:00:00	1.25845	1.25989	1.25765	1.25947	4482	0	3
2021.10.04	17:00:00	1.25950	1.26059	1.25612	1.25670	5488	0	3
2021.10.04	18:00:00	1.25671	1.25891	1.25525	1.25779	4081	0	3
2021.10.04	19:00:00	1.25780	1.25928	1.25753	1.25805	2304	0	3
2021.10.04	20:00:00	1.25805	1.25945	1.25804	1.25886	2089	0	3
2021.10.04	21:00:00	1.25886	1.25904	1.25832	1.25866	2232	0	3
2021.10.04	22:00:00	1.25868	1.25891	1.25791	1.25818	2239	0	3
2021.10.04	23:00:00	1.25822	1.25864	1.25725	1.25725	873	0	3
2021.10.05	00:00:00	1.25796	1.25833	1.25759	1.25780	85	0	20
2021.10.05	01:00:00	1.25786	1.25840	1.25756	1.25826	696	0	3
2021.10.05	02:00:00	1.25827	1.25874	1.25805	1.25861	532	0	4
2021.10.05	03:00:00	1.25861	1.25881	1.25790	1.25816	1527	0	3
2021.10.05	04:00:00	1.25815	1.25865	1.25736	1.25839	1549	0	3
2021.10.05	05:00:00	1.25840	1.25929	1.25802	1.25909	1180	0	3
2021.10.05	06:00:00	1.25909	1.25964	1.25864	1.25935	1126	0	4
2021.10.05	07:00:00	1.25935	1.25960	1.25880	1.25922	731	0	4
2021.10.05	08:00:00	1.25921	1.25978	1.25907	1.25940	1774	0	3
2021.10.05	09:00:00	1.25943	1.26037	1.25865	1.25988	2827	0	3
2021.10.05	10:00:00	1.25988	1.26192	1.25949	1.26070	4588	0	3
2021.10.05	11:00:00	1.26070	1.26249	1.26066	1.26187	3337	0	3
2021.10.05	12:00:00	1.26187	1.26248	1.26123	1.26246	2366	0	3
2021.10.05	13:00:00	1.26249	1.26344	1.26138	1.26337	2211	0	3
2021.10.05	14:00:00	1.26337	1.26416	1.26204	1.26212	2831	0	3
2021.10.05	15:00:00	1.26211	1.26384	1.26181	1.26352	2728	0	3
2021.10.05	16:00:00	1.26352	1.26397	1.26167	1.26350	5231	0	3
2021.10.05	17:00:00	1.26354	1.26559	1.26313	1.26490	5093	0	3
2021.10.05	18:00:00	1.26490	1.26500	1.26351	1.26458	3745	0	3
2021.10.05	19:00:00	1.26457	1.26550	1.26394	1.26544	2261	0	3
2021.10.05	20:00:00	1.26544	1.26553	1.26472	1.26530	1289	0	3
2021.10.05	21:00:00	1.26531	1.26543	1.26459	1.26461	1523	0	3
2021.10.05	22:00:00	1.26463	1.26487	1.26430	1.26460	1557	0	4
2021.10.05	23:00:00	1.26461	1.26484	1.26433	1.26480	1477	0	3
2021.10.06	00:00:00	1.26368	1.26519	1.26333	1.26420	677	0	36
2021.10.06	01:00:00	1.26429	1.26515	1.26425	1.26499	356	0	9
2021.10.06	02:00:00	1.26499	1.26530	1.26494	1.26508	347	0	6
2021.10.06	03:00:00	1.26507	1.26609	1.26495	1.26550	991	0	3
2021.10.06	04:00:00	1.26550	1.26583	1.26435	1.26456	1631	0	3
2021.10.06	05:00:00	1.26456	1.26514	1.26415	1.26442	922	0	3
2021.10.06	06:00:00	1.26442	1.26461	1.26409	1.26445	826	0	3
2021.10.06	07:00:00	1.26445	1.26486	1.26425	1.26481	837	0	4
2021.10.06	08:00:00	1.26480	1.26524	1.26464	1.26498	1274	0	3
2021.10.06	09:00:00	1.26502	1.26568	1.26410	1.26427	2954	0	3
2021.10.06	10:00:00	1.26429	1.26468	1.26113	1.26205	5001	0	3
2021.10.06	11:00:00	1.26205	1.26252	1.26003	1.26040	4571	0	3
2021.10.06	12:00:00	1.26040	1.26116	1.25931	1.26057	4352	0	3
2021.10.06	13:00:00	1.26058	1.26194	1.26038	1.26156	4036	0	3
2021.10.06	14:00:00	1.26157	1.26197	1.26005	1.26124	3541	0	3
2021.10.06	15:00:00	1.26125	1.26247	1.26083	1.26139	5103	0	3
2021.10.06	16:00:00	1.26139	1.26195	1.25934	1.25936	5599	0	3
2021.10.06	17:00:00	1.25935	1.26054	1.25823	1.25905	6773	0	3
2021.10.06	18:00:00	1.25904	1.26031	1.25820	1.25901	4319	0	3
2021.10.06	19:00:00	1.25901	1.25937	1.25815	1.25819	2052	0	3
2021.10.06	20:00:00	1.25819	1.25965	1.25795	1.25944	2206	0	3
2021.10.06	21:00:00	1.25948	1.26059	1.25936	1.26005	3008	0	3
2021.10.06	22:00:00	1.26004	1.26039	1.25973	1.25995	2331	0	3
2021.10.06	23:00:00	1.25997	1.26028	1.25934	1.25936	1350	0	3
2021.10.07	00:00:00	1.25925	1.26029	1.25904	1.26002	335	0	42
2021.10.07	01:00:00	1.26010	1.26060	1.25983	1.26052	541	0	3
2021.10.07	02:00:00	1.26052	1.26116	1.26039	1.26108	726	0	3
2021.10.07	03:00:00	1.26108	1.26150	1.26033	1.26131	1553	0	3
2021.10.07	04:00:00	1.26131	1.26149	1.26060	1.26062	1052	0	3
2021.10.07	05:00:00	1.26062	1.26074	1.26000	1.26035	648	0	3
2021.10.07	06:00:00	1.26035	1.26042	1.25982	1.25997	515	0	4
2021.10.07	07:00:00	1.25997	1.26021	1.25959	1.25972	613	0	3
2021.10.07	08:00:00	1.25972	1.26029	1.25933	1.26029	1028	0	5
2021.10.07	09:00:00	1.26028	1.26057	1.25939	1.26048	2300	0	3
2021.10.07	10:00:00	1.26049	1.26112	1.25888	1.25888	3841	0	3
2021.10.07	11:00:00	1.25888	1.26000	1.25734	1.25967	3446	0	3
2021.10.07	12:00:00	1.25967	1.26183	1.25907	1.25983	3120	0	3
2021.10.07	13:00:00	1.25983	1.26009	1.25854	1.25866	2356	0	3
2021.10.07	14:00:00	1.25867	1.26095	1.25857	1.26009	2855	0	3
2021.10.07	15:00:00	1.26013	1.26102	1.25954	1.26060	3260	0	3
2021.10.07	16:00:00	1.26058	1.26158	1.25978	1.26103	4696	0	3
2021.10.07	17:00:00	1.26104	1.26329	1.26049	1.26290	4276	0	3
2021.10.07	18:00:00	1.26290	1.26507	1.26280	1.26504	2773	0	3
2021.10.07	19:00:00	1.26504	1.26565	1.26453	1.26462	1945	0	3
2021.10.07	20:00:00	1.26462	1.26464	1.26361	1.26436	1654	0	3
2021.10.07	21:00:00	1.26436	1.26545	1.26409	1.26542	1813	0	3
2021.10.07	22:00:00	1.26543	1.26554	1.26451	1.26473	1572	0	3
2021.10.07	23:00:00	1.26473	1.26507	1.26421	1.26421	1475	0	3
2021.10.08	00:00:00	1.26351	1.26438	1.26327	1.26380	499	0	31
2021.10.08	01:00:00	1.26381	1.26479	1.26356	1.26476	886	0	6
2021.10.08	02:00:00	1.26476	1.26480	1.26425	1.26461	565	0	4
2021.10.08	03:00:00	1.26461	1.26517	1.26425	1.26502	1133	0	3
2021.10.08	04:00:00	1.26502	1.26536	1.26479	1.26507	1198	0	3
2021.10.08	05:00:00	1.26507	1.26543	1.26470	1.26499	847	0	4
2021.10.08	06:00:00	1.26499	1.26500	1.26446	1.26487	1161	0	4
2021.10.08	07:00:00	1.26487	1.26533	1.26480	1.26483	543	0	4
2021.10.08	08:00:00	1.26483	1.26516	1.26435	1.26458	1094	0	3
2021.10.08	09:00:00	1.26464	1.26492	1.26364	1.26439	2295	0	3
2021.10.08	10:00:00	1.26443	1.26471	1.26338	1.26387	3758	0	3
2021.10.08	11:00:00	1.26386	1.26556	1.26365	1.26514	2629	0	3
2021.10.08	12:00:00	1.26514	1.26590	1.26472	1.26530	2683	0	3
2021.10.08	13:00:00	1.26531	1.26692	1.26531	1.26576	1883	0	3
2021.10.08	14:00:00	1.26576	1.26615	1.26488	1.26538	1936	0	3
2021.10.08	15:00:00	1.26537	1.26541	1.26333	1.26388	6116	0	3
2021.10.08	16:00:00	1.26386	1.26514	1.26297	1.26471	6931	0	3
2021.10.08	17:00:00	1.26471	1.26528	1.26341	1.26383	6249	0	3
2021.10.08	18:00:00	1.26382	1.26497	1.26355	1.26366	4116	0	3
2021.10.08	19:00:00	1.26366	1.26369	1.26260	1.26293	1908	0	3
2021.10.08	20:00:00	1.26293	1.26301	1.26221	1.26258	1451	0	3
2021.10.08	21:00:00	1.26258	1.26276	1.26193	1.26203	1892	0	3
2021.10.08	22:00:00	1.26207	1.26306	1.26202	1.26261	1218	0	3
2021.10.08	23:00:00	1.26260	1.26282	1.26192	1.26256	925	0	3
2021.10.11	00:00:00	1.26306	1.26348	1.26086	1.26130	298	0	75
2021.10.11	01:00:00	1.26238	1.26316	1.26198	1.26287	852	0	4
2021.10.11	02:00:00	1.26286	1.26344	1.26249	1.26337	544	0	5
2021.10.11	03:00:00	1.26337	1.26500	1.26283	1.26493	1083	0	3
2021.10.11	04:00:00	1.26493	1.26650	1.26493	1.26556	1212	0	3
2021.10.11	05:00:00	1.26556	1.26679	1.26548	1.26665	851	0	3
2021.10.11	06:00:00	1.26665	1.26713	1.26579	1.26606	925	0	3
2021.10.11	07:00:00	1.26610	1.26629	1.26549	1.26605	616	0	4
2021.10.11	08:00:00	1.26605	1.26738	1.26598	1.26713	1303	0	3
2021.10.11	09:00:00	1.26709	1.26775	1.26606	1.26649	3186	0	3
2021.10.11	10:00:00	1.26652	1.26696	1.26351	1.26455	3844	0	3
2021.10.11	11:00:00	1.26455	1.26540	1.26242	1.26441	3159	0	3
2021.10.11	12:00:00	1.26441	1.26454	1.26303	1.26383	2788	0	3
2021.10.11	13:00:00	1.26383	1.26425	1.26261	1.26318	2066	0	3
2021.10.11	14:00:00	1.26317	1.26333	1.26234	1.26280	2130	0	3
2021.10.11	15:00:00	1.26280	1.26383	1.26276	1.26285	2552	0	3
2021.10.11	16:00:00	1.26290	1.26291	1.26169	1.26239	3521	0	3
2021.10.11	17:00:00	1.26240	1.26298	1.26148	1.26256	2701	0	3
2021.10.11	18:00:00	1.26259	1.26357	1.26228	1.26265	2495	0	3
2021.10.11	19:00:00	1.26266	1.26277	1.26189	1.26218	1448	0	3
2021.10.11	20:00:00	1.26218	1.26222	1.26101	1.26201	2199	0	3
2021.10.11	21:00:00	1.26199	1.26231	1.26174	1.26196	1640	0	3
2021.10.11	22:00:00	1.26199	1.26238	1.26069	1.26074	1938	0	3
2021.10.11	23:00:00	1.26072	1.26144	1.26050	1.26075	1239	0	3
2021.10.12	00:00:00	1.26082	1.26112	1.26032	1.26083	208	0	40
2021.10.12	01:00:00	1.26089	1.26131	1.26050	1.26060	711	0	3
2021.10.12	02:00:00	1.26055	1.26081	1.26032	1.26072	358	0	5
2021.10.12	03:00:00	1.26076	1.26119	1.26011	1.26032	1148	0	3
2021.10.12	04:00:00	1.26033	1.26084	1.26002	1.26084	1083	0	3
2021.10.12	05:00:00	1.26084	1.26152	1.26084	1.26139	690	0	4
2021.10.12	06:00:00	1.26139	1.26145	1.26109	1.26130	528	0	3
2021.10.12	07:00:00	1.26130	1.26166	1.26125	1.26156	339	0	3
2021.10.12	08:00:00	1.26155	1.26228	1.26142	1.26203	689	0	3
2021.10.12	09:00:00	1.26201	1.26224	1.25932	1.26007	2247	0	3
2021.10.12	10:00:00	1.26007	1.26093	1.25871	1.26017	3476	0	3
2021.10.12	11:00:00	1.26017	1.26218	1.25796	1.26184	2696	0	3
2021.10.12	12:00:00	1.26184	1.26296	1.26084	1.26110	2342	0	3
2021.10.12	13:00:00	1.26110	1.26434	1.26110	1.26402	2342	0	3
2021.10.12	14:00:00	1.26403	1.26519	1.26338	1.26457	2249	0	3
2021.10.12	15:00:00	1.26459	1.26658	1.26443	1.26580	3653	0	3
2021.10.12	16:00:00	1.26584	1.26645	1.26356	1.26373	4749	0	3
2021.10.12	17:00:00	1.26372	1.26393	1.26219	1.26363	4796	0	3
2021.10.12	18:00:00	1.26361	1.26580	1.26346	1.26545	3285	0	3
2021.10.12	19:00:00	1.26545	1.26594	1.26446	1.26520	2114	0	3
2021.10.12	20:00:00	1.26519	1.26522	1.26418	1.26473	1452	0	3
2021.10.12	21:00:00	1.26473	1.26550	1.26456	1.26538	1481	0	3
2021.10.12	22:00:00	1.26539	1.26553	1.26429	1.26498	902	0	3
2021.10.12	23:00:00	1.26498	1.26537	1.26406	1.26441	893	0	4
2021.10.13	00:00:00	1.26439	1.26441	1.26299	1.26407	93	0	13
2021.10.13	01:00:00	1.26407	1.26490	1.26407	1.26465	863	0	6
2021.10.13	02:00:00	1.26465	1.26465	1.26328	1.26348	537	0	3
2021.10.13	03:00:00	1.26342	1.26445	1.26341	1.26438	1187	0	3
2021.10.13	04:00:00	1.26438	1.26517	1.26420	1.26491	1082	0	3
2021.10.13	05:00:00	1.26491	1.26516	1.26450	1.26496	903	0	3
2021.10.13	06:00:00	1.26496	1.26549	1.26496	1.26526	656	0	4
2021.10.13	07:00:00	1.26526	1.26555	1.26524	1.26551	453	0	3
2021.10.13	08:00:00	1.26551	1.26565	1.26472	1.26472	755	0	3
2021.10.13	09:00:00	1.26472	1.26546	1.26399	1.26525	1946	0	3
2021.10.13	10:00:00	1.26525	1.26590	1.26412	1.26576	3239	0	3
2021.10.13	11:00:00	1.26576	1.26647	1.26486	1.26533	2734	0	3
2021.10.13	12:00:00	1.26534	1.26578	1.26390	1.26482	2556	0	3
2021.10.13	13:00:00	1.26482	1.26550	1.26326	1.26335	2521	0	3
2021.10.13	14:00:00	1.26338	1.26422	1.26266	1.26305	3039	0	3
2021.10.13	15:00:00	1.26305	1.26385	1.26191	1.26314	5512	0	3
2021.10.13	16:00:00	1.26314	1.26483	1.26314	1.26439	6294	0	3
2021.10.13	17:00:00	1.26439	1.26439	1.26261	1.26270	5324	0	3
2021.10.13	18:00:00	1.26269	1.26375	1.26249	1.26347	3626	0	3
2021.10.13	19:00:00	1.26347	1.26390	1.26217	1.26218	2588	0	3
2021.10.13	20:00:00	1.26217	1.26274	1.26120	1.26127	2455	0	3
2021.10.13	21:00:00	1.26127	1.26167	1.26063	1.26066	2686	0	3
2021.10.13	22:00:00	1.26068	1.26223	1.26053	1.26192	1933	0	3
2021.10.13	23:00:00	1.26193	1.26233	1.26175	1.26226	877	0	3
2021.10.14	00:00:00	1.26202	1.26208	1.26136	1.26137	360	0	45
2021.10.14	01:00:00	1.26140	1.26245	1.26137	1.26239	414	0	5
2021.10.14	02:00:00	1.26239	1.26312	1.26237	1.26310	297	0	4
2021.10.14	03:00:00	1.26310	1.26313	1.26192	1.26202	744	0	3
2021.10.14	04:00:00	1.26202	1.26274	1.26177	1.26271	716	0	3
2021.10.14	05:00:00	1.26268	1.26282	1.26207	1.26220	610	0	3
2021.10.14	06:00:00	1.26222	1.26265	1.26203	1.26214	718	0	3
2021.10.14	07:00:00	1.26214	1.26220	1.26153	1.26170	508	0	3
2021.10.14	08:00:00	1.26168	1.26203	1.26137	1.26194	744	0	3
2021.10.14	09:00:00	1.26194	1.26204	1.25939	1.26172	3090	0	3
2021.10.14	10:00:00	1.26172	1.26208	1.26019	1.26109	3447	0	3
2021.10.14	11:00:00	1.26109	1.26236	1.26032	1.26194	2640	0	3
2021.10.14	12:00:00	1.26194	1.26295	1.26086	1.26287	2929	0	3
2021.10.14	13:00:00	1.26286	1.26377	1.26121	1.26138	2403	0	3
2021.10.14	14:00:00	1.26136	1.26280	1.26124	1.26274	2453	0	3
2021.10.14	15:00:00	1.26275	1.26367	1.26197	1.26321	3523	0	3
2021.10.14	16:00:00	1.26323	1.26408	1.26237	1.26346	4226	0	3
2021.10.14	17:00:00	1.26345	1.26483	1.26336	1.26343	2917	0	3
2021.10.14	18:00:00	1.26342	1.26389	1.26281	1.26328	2937	0	3
2021.10.14	19:00:00	1.26326	1.26429	1.26306	1.26410	1897	0	3
2021.10.14	20:00:00	1.26412	1.26420	1.26344	1.26348	1056	0	3
2021.10.14	21:00:00	1.26348	1.26401	1.26333	1.26378	1347	0	3
2021.10.14	22:00:00	1.26378	1.26383	1.26261	1.26264	1627	0	3
2021.10.14	23:00:00	1.26264	1.26329	1.26255	1.26281	971	0	3
2021.10.15	00:00:00	1.26154	1.26245	1.26130	1.26207	766	0	78
2021.10.15	01:00:00	1.26207	1.26327	1.26207	1.26283	454	0	3
2021.10.15	02:00:00	1.26283	1.26356	1.26281	1.26347	395	0	3
2021.10.15	03:00:00	1.26347	1.26431	1.26337	1.26421	776	0	3
2021.10.15	04:00:00	1.26421	1.26424	1.26324	1.26338	680	0	3
2021.10.15	05:00:00	1.26338	1.26370	1.26306	1.26367	817	0	3
2021.10.15	06:00:00	1.26367	1.26367	1.26291	1.26310	490	0	3
2021.10.15	07:00:00	1.26310	1.26335	1.26300	1.26306	729	0	3
2021.10.15	08:00:00	1.26306	1.26372	1.26220	1.26246	1169	0	4
2021.10.15	09:00:00	1.26246	1.26414	1.26211	1.26394	2091	0	3
2021.10.15	10:00:00	1.26394	1.26803	1.26363	1.26661	3495	0	3
2021.10.15	11:00:00	1.26662	1.26790	1.26604	1.26671	2847	0	3
2021.10.15	12:00:00	1.26671	1.26795	1.26647	1.26750	2460	0	3
2021.10.15	13:00:00	1.26746	1.26944	1.26720	1.26944	2187	0	3
2021.10.15	14:00:00	1.26943	1.27198	1.26919	1.27107	2524	0	3
2021.10.15	15:00:00	1.27107	1.27303	1.27075	1.27186	3707	0	3
2021.10.15	16:00:00	1.27184	1.27242	1.27036	1.27231	4172	0	3
2021.10.15	17:00:00	1.27228	1.27247	1.27055	1.27081	4831	0	3
2021.10.15	18:00:00	1.27081	1.27149	1.27007	1.27116	3627	0	3
2021.10.15	19:00:00	1.27116	1.27189	1.27090	1.27126	1719	0	3
2021.10.15	20:00:00	1.27126	1.27132	1.27047	1.27071	1089	0	4
2021.10.15	21:00:00	1.27071	1.27122	1.26869	1.26870	1562	0	3
2021.10.15	22:00:00	1.26871	1.26894	1.26778	1.26781	1351	0	3
2021.10.15	23:00:00	1.26776	1.26882	1.26769	1.26870	1074	0	5
2021.10.18	00:00:00	1.27015	1.27098	1.26789	1.26997	1731	0	3
2021.10.18	01:00:00	1.26997	1.27058	1.26886	1.27029	1213	0	4
2021.10.18	02:00:00	1.27029	1.27095	1.27002	1.27089	1027	0	3
2021.10.18	03:00:00	1.27091	1.27124	1.27012	1.27032	1067	0	3
2021.10.18	04:00:00	1.27032	1.27032	1.26900	1.26911	1050	0	4
2021.10.18	05:00:00	1.26912	1.26960	1.26889	1.26959	720	0	3
2021.10.18	06:00:00	1.26959	1.26990	1.26922	1.26973	742	0	3
2021.10.18	07:00:00	1.26973	1.27031	1.26973	1.27017	470	0	5
2021.10.18	08:00:00	1.27021	1.27027	1.26958	1.26990	917	0	3
2021.10.18	09:00:00	1.26990	1.27185	1.26935	1.27153	1831	0	3
2021.10.18	10:00:00	1.27153	1.27255	1.27041	1.27222	2695	0	3
2021.10.18	11:00:00	1.27222	1.27222	1.27035	1.27093	2612	0	3
2021.10.18	12:00:00	1.27093	1.27250	1.27027	1.27227	2095	0	3
2021.10.18	13:00:00	1.27227	1.27286	1.27026	1.27058	2258	0	3
2021.10.18	14:00:00	1.27058	1.27063	1.26908	1.26952	2403	0	3
2021.10.18	15:00:00	1.26948	1.26949	1.26726	1.26888	4296	0	3
2021.10.18	16:00:00	1.26888	1.26942	1.26780	1.26897	3978	0	3
2021.10.18	17:00:00	1.26897	1.26946	1.26724	1.26746	3450	0	3
2021.10.18	18:00:00	1.26744	1.26787	1.26658	1.26725	2345	0	3
2021.10.18	19:00:00	1.26723	1.26737	1.26660	1.26676	1391	0	3
2021.10.18	20:00:00	1.26677	1.26789	1.26666	1.26773	962	0	3
2021.10.18	21:00:00	1.26772	1.26775	1.26725	1.26746	1362	0	3
2021.10.18	22:00:00	1.26748	1.26761	1.26716	1.26752	1392	0	3
2021.10.18	23:00:00	1.26754	1.26810	1.26729	1.26803	579	0	3
2021.10.19	00:00:00	1.26689	1.26839	1.26689	1.26826	601	0	3
2021.10.19	01:00:00	1.26826	1.26847	1.26801	1.26824	455	0	3
2021.10.19	02:00:00	1.26824	1.26860	1.26804	1.26855	441	0	3
2021.10.19	03:00:00	1.26855	1.26919	1.26855	1.26887	920	0	3
2021.10.19	04:00:00	1.26887	1.26907	1.26845	1.26869	1302	0	3
2021.10.19	05:00:00	1.26868	1.26931	1.26854	1.26897	686	0	3
2021.10.19	06:00:00	1.26897	1.26905	1.26817	1.26853	656	0	3
2021.10.19	07:00:00	1.26853	1.26862	1.26788	1.26841	776	0	3
2021.10.19	08:00:00	1.26840	1.26878	1.26771	1.26809	965	0	3
2021.10.19	09:00:00	1.26809	1.26865	1.26709	1.26744	2501	0	3
2021.10.19	10:00:00	1.26743	1.26904	1.26724	1.26837	4022	0	3
2021.10.19	11:00:00	1.26837	1.26911	1.26730	1.26809	2931	0	3
2021.10.19	12:00:00	1.26809	1.26916	1.26670	1.26901	3175	0	3
2021.10.19	13:00:00	1.26901	1.27115	1.26861	1.27053	2941	0	3
2021.10.19	14:00:00	1.27053	1.27154	1.27019	1.27076	2815	0	3
2021.10.19	15:00:00	1.27077	1.27211	1.27009	1.27073	3786	0	3
2021.10.19	16:00:00	1.27075	1.27148	1.26935	1.26993	4431	0	3
2021.10.19	17:00:00	1.26994	1.27135	1.26945	1.27103	4444	0	3
2021.10.19	18:00:00	1.27101	1.27417	1.27100	1.27405	2343	0	3
2021.10.19	19:00:00	1.27405	1.27409	1.27284	1.27308	1433	0	3
2021.10.19	20:00:00	1.27310	1.27394	1.27309	1.27373	1104	0	3
2021.10.19	21:00:00	1.27373	1.27394	1.27271	1.27305	1164	0	3
2021.10.19	22:00:00	1.27305	1.27360	1.27263	1.27277	1236	0	3
2021.10.19	23:00:00	1.27279	1.27301	1.27244	1.27290	979	0	3
2021.10.20	00:00:00	1.27312	1.27346	1.27106	1.27282	738	0	30
2021.10.20	01:00:00	1.27268	1.27301	1.27253	1.27300	303	0	5
2021.10.20	02:00:00	1.27298	1.27332	1.27276	1.27316	337	0	4
2021.10.20	03:00:00	1.27319	1.27532	1.27298	1.27518	1371	0	3
2021.10.20	04:00:00	1.27517	1.27594	1.27450	1.27569	1388	0	3
2021.10.20	05:00:00	1.27569	1.27600	1.27517	1.27597	1021	0	3
2021.10.20	06:00:00	1.27595	1.27603	1.27553	1.27588	608	0	4
2021.10.20	07:00:00	1.27587	1.27631	1.27535	1.27542	812	0	3
2021.10.20	08:00:00	1.27542	1.27616	1.27506	1.27609	1050	0	4
2021.10.20	09:00:00	1.27612	1.27612	1.27275	1.27328	2536	0	3
2021.10.20	10:00:00	1.27326	1.27497	1.27208	1.27373	3979	0	3
2021.10.20	11:00:00	1.27373	1.27468	1.27340	1.27410	2379	0	3
2021.10.20	12:00:00	1.27410	1.27415	1.27184	1.27246	1915	0	3
2021.10.20	13:00:00	1.27244	1.27249	1.26993	1.26998	2098	0	3
2021.10.20	14:00:00	1.26998	1.27065	1.26956	1.27009	2125	0	3
2021.10.20	15:00:00	1.27007	1.27129	1.26969	1.27068	3907	0	3
2021.10.20	16:00:00	1.27068	1.27104	1.26867	1.26910	4038	0	3
2021.10.20	17:00:00	1.26910	1.27172	1.26889	1.27065	4061	0	3
2021.10.20	18:00:00	1.27064	1.27188	1.27009	1.27118	3000	0	3
2021.10.20	19:00:00	1.27118	1.27146	1.27020	1.27087	1851	0	3
2021.10.20	20:00:00	1.27086	1.27116	1.27026	1.27087	2621	0	3
2021.10.20	21:00:00	1.27087	1.27128	1.27059	1.27110	1285	0	3
2021.10.20	22:00:00	1.27110	1.27121	1.27044	1.27052	1498	0	3
2021.10.20	23:00:00	1.27055	1.27072	1.27015	1.27021	1046	0	3
2021.10.21	00:00:00	1.27032	1.27036	1.26915	1.27036	141	0	35
2021.10.21	01:00:00	1.27032	1.27049	1.27007	1.27007	725	0	3
2021.10.21	02:00:00	1.27008	1.27039	1.26997	1.27019	315	0	3
2021.10.21	03:00:00	1.27019	1.27068	1.26995	1.27053	797	0	3
2021.10.21	04:00:00	1.27053	1.27109	1.27021	1.27068	1012	0	3
2021.10.21	05:00:00	1.27068	1.27073	1.27004	1.27035	801	0	3
2021.10.21	06:00:00	1.27035	1.27087	1.27028	1.27053	605	0	4
2021.10.21	07:00:00	1.27053	1.27056	1.26902	1.26960	1584	0	3
2021.10.21	08:00:00	1.26960	1.27014	1.26905	1.26910	1229	0	3
2021.10.21	09:00:00	1.26916	1.26963	1.26781	1.26920	2914	0	3
2021.10.21	10:00:00	1.26920	1.27158	1.26848	1.27151	2977	0	3
2021.10.21	11:00:00	1.27151	1.27181	1.26898	1.26941	2365	0	3
2021.10.21	12:00:00	1.26939	1.26955	1.26690	1.26811	2387	0	3
2021.10.21	13:00:00	1.26812	1.26840	1.26701	1.26829	2102	0	3
2021.10.21	14:00:00	1.26829	1.26904	1.26763	1.26812	2333	0	3
2021.10.21	15:00:00	1.26813	1.26847	1.26657	1.26731	4030	0	3
2021.10.21	16:00:00	1.26738	1.26785	1.26581	1.26757	4397	0	3
2021.10.21	17:00:00	1.26757	1.26919	1.26696	1.26814	4384	0	3
2021.10.21	18:00:00	1.26817	1.26819	1.26652	1.26699	3175	0	3
2021.10.21	19:00:00	1.26699	1.26718	1.26644	1.26679	1729	0	3
2021.10.21	20:00:00	1.26679	1.26714	1.26598	1.26638	1779	0	3
2021.10.21	21:00:00	1.26639	1.26643	1.26546	1.26602	1887	0	3
2021.10.21	22:00:00	1.26600	1.26621	1.26552	1.26618	1612	0	3
2021.10.21	23:00:00	1.26618	1.26673	1.26603	1.26665	990	0	3
2021.10.22	00:00:00	1.26661	1.26663	1.26585	1.26639	559	0	18
2021.10.22	01:00:00	1.26639	1.26683	1.26639	1.26649	450	0	3
2021.10.22	02:00:00	1.26649	1.26660	1.26610	1.26619	540	0	3
2021.10.22	03:00:00	1.26619	1.26657	1.26569	1.26639	1112	0	3
2021.10.22	04:00:00	1.26641	1.26806	1.26633	1.26682	1471	0	3
2021.10.22	05:00:00	1.26682	1.26688	1.26541	1.26568	989	0	5
2021.10.22	06:00:00	1.26568	1.26635	1.26557	1.26624	558	0	3
2021.10.22	07:00:00	1.26624	1.26676	1.26587	1.26656	555	0	4
2021.10.22	08:00:00	1.26656	1.26683	1.26623	1.26630	739	0	3
2021.10.22	09:00:00	1.26638	1.26649	1.26490	1.26527	2927	0	3
2021.10.22	10:00:00	1.26525	1.26557	1.26336	1.26342	3346	0	3
2021.10.22	11:00:00	1.26342	1.26654	1.26260	1.26654	3466	0	3
2021.10.22	12:00:00	1.26654	1.26736	1.26506	1.26514	2572	0	3
2021.10.22	13:00:00	1.26514	1.26555	1.26335	1.26361	2290	0	3
2021.10.22	14:00:00	1.26361	1.26462	1.26321	1.26445	2400	0	3
2021.10.22	15:00:00	1.26449	1.26507	1.26337	1.26337	3715	0	3
2021.10.22	16:00:00	1.26337	1.26351	1.26166	1.26220	4165	0	3
2021.10.22	17:00:00	1.26216	1.26230	1.26029	1.26118	4263	0	3
2021.10.22	18:00:00	1.26126	1.26287	1.25906	1.25964	6341	0	3
2021.10.22	19:00:00	1.25963	1.26116	1.25913	1.26081	3515	0	3
2021.10.22	20:00:00	1.26081	1.26124	1.25990	1.26035	2329	0	3
2021.10.22	21:00:00	1.26035	1.26070	1.26002	1.26024	1712	0	3
2021.10.22	22:00:00	1.26024	1.26055	1.26013	1.26050	1451	0	3
2021.10.22	23:00:00	1.26050	1.26072	1.26010	1.26042	724	0	6
2021.10.25	00:00:00	1.25749	1.26042	1.25749	1.25961	337	0	53
2021.10.25	01:00:00	1.25957	1.26099	1.25941	1.26099	447	0	3
2021.10.25	02:00:00	1.26099	1.26153	1.26069	1.26148	738	0	4
2021.10.25	03:00:00	1.26148	1.26203	1.26056	1.26169	1212	0	3
2021.10.25	04:00:00	1.26169	1.26256	1.26160	1.26216	1310	0	4
2021.10.25	05:00:00	1.26214	1.26233	1.26184	1.26200	994	0	3
2021.10.25	06:00:00	1.26200	1.26216	1.26108	1.26111	1010	0	3
2021.10.25	07:00:00	1.26111	1.26168	1.26101	1.26133	582	0	4
2021.10.25	08:00:00	1.26133	1.26182	1.26100	1.26170	740	0	4
2021.10.25	09:00:00	1.26172	1.26291	1.26083	1.26286	2383	0	3
2021.10.25	10:00:00	1.26286	1.26503	1.26233	1.26376	3546	0	3
2021.10.25	11:00:00	1.26377	1.26511	1.26287	1.26334	3186	0	3
2021.10.25	12:00:00	1.26336	1.26457	1.26294	1.26400	3337	0	3
2021.10.25	13:00:00	1.26398	1.26589	1.26385	1.26571	2611	0	3
2021.10.25	14:00:00	1.26571	1.26577	1.26400	1.26411	2830	0	3
2021.10.25	15:00:00	1.26409	1.26507	1.26391	1.26465	3653	0	3
2021.10.25	16:00:00	1.26465	1.26474	1.26276	1.26372	4308	0	3
2021.10.25	17:00:00	1.26372	1.26630	1.26344	1.26578	4447	0	3
2021.10.25	18:00:00	1.26580	1.26634	1.26531	1.26608	2612	0	3
2021.10.25	19:00:00	1.26608	1.26618	1.26504	1.26563	1757	0	3
2021.10.25	20:00:00	1.26563	1.26614	1.26545	1.26606	1207	0	3
2021.10.25	21:00:00	1.26606	1.26636	1.26578	1.26625	1002	0	3
2021.10.25	22:00:00	1.26626	1.26633	1.26575	1.26607	953	0	4
2021.10.25	23:00:00	1.26606	1.26663	1.26601	1.26636	538	0	4
2021.10.26	00:00:00	1.26505	1.26599	1.26425	1.26493	336	0	94
2021.10.26	01:00:00	1.26500	1.26620	1.26500	1.26605	395	0	6
2021.10.26	02:00:00	1.26603	1.26628	1.26570	1.26611	329	0	3
2021.10.26	03:00:00	1.26611	1.26691	1.26610	1.26671	880	0	3
2021.10.26	04:00:00	1.26671	1.26768	1.26659	1.26724	1093	0	3
2021.10.26	05:00:00	1.26720	1.26772	1.26710	1.26739	778	0	3
2021.10.26	06:00:00	1.26739	1.26760	1.26715	1.26732	430	0	4
2021.10.26	07:00:00	1.26732	1.26736	1.26674	1.26693	426	0	3
2021.10.26	08:00:00	1.26692	1.26720	1.26668	1.26687	794	0	3
2021.10.26	09:00:00	1.26687	1.26848	1.26624	1.26830	2002	0	3
2021.10.26	10:00:00	1.26829	1.27041	1.26757	1.27011	3446	0	3
2021.10.26	11:00:00	1.27011	1.27110	1.26889	1.27007	3380	0	3
2021.10.26	12:00:00	1.27007	1.27064	1.26893	1.26937	2603	0	3
2021.10.26	13:00:00	1.26943	1.27178	1.26936	1.27080	2935	0	3
2021.10.26	14:00:00	1.27081	1.27145	1.26916	1.26938	2548	0	3
2021.10.26	15:00:00	1.26935	1.27018	1.26809	1.26943	4056	0	3
2021.10.26	16:00:00	1.26946	1.27003	1.26806	1.26909	3990	0	3
2021.10.26	17:00:00	1.26907	1.27016	1.26864	1.26921	4366	0	3
2021.10.26	18:00:00	1.26914	1.26916	1.26691	1.26732	3641	0	3
2021.10.26	19:00:00	1.26733	1.26744	1.26603	1.26654	2355	0	3
2021.10.26	20:00:00	1.26656	1.26656	1.26579	1.26616	1806	0	3
2021.10.26	21:00:00	1.26617	1.26638	1.26583	1.26616	1181	0	4
2021.10.26	22:00:00	1.26615	1.26616	1.26562	1.26577	1387	0	4
2021.10.26	23:00:00	1.26577	1.26618	1.26552	1.26599	593	0	3
2021.10.27	00:00:00	1.26637	1.26641	1.26533	1.26597	207	0	124
2021.10.27	01:00:00	1.26597	1.26642	1.26587	1.26618	435	0	9
2021.10.27	02:00:00	1.26617	1.26647	1.26594	1.26607	393	0	3
2021.10.27	03:00:00	1.26607	1.26653	1.26583	1.26641	1205	0	3
2021.10.27	04:00:00	1.26638	1.26651	1.26597	1.26602	921	0	3
2021.10.27	05:00:00	1.26602	1.26695	1.26602	1.26691	679	0	3
2021.10.27	06:00:00	1.26691	1.26703	1.26590	1.26595	611	0	5
2021.10.27	07:00:00	1.26595	1.26606	1.26574	1.26602	426	0	4
2021.10.27	08:00:00	1.26602	1.26622	1.26504	1.26573	757	0	3
2021.10.27	09:00:00	1.26580	1.26584	1.26431	1.26474	1783	0	3
2021.10.27	10:00:00	1.26475	1.26550	1.26153	1.26186	3663	0	3
2021.10.27	11:00:00	1.26186	1.26295	1.25995	1.26002	3702	0	3
2021.10.27	12:00:00	1.26002	1.26170	1.25869	1.26152	3666	0	3
2021.10.27	13:00:00	1.26155	1.26330	1.26102	1.26128	3074	0	3
2021.10.27	14:00:00	1.26128	1.26230	1.26043	1.26215	2977	0	3
2021.10.27	15:00:00	1.26213	1.26262	1.26055	1.26077	4290	0	3
2021.10.27	16:00:00	1.26081	1.26096	1.25837	1.26041	4265	0	3
2021.10.27	17:00:00	1.26043	1.26190	1.25794	1.25844	7026	0	3
2021.10.27	18:00:00	1.25845	1.26152	1.25797	1.26152	4007	0	3
2021.10.27	19:00:00	1.26153	1.26221	1.26109	1.26169	2471	0	3
2021.10.27	20:00:00	1.26170	1.26186	1.26108	1.26154	2122	0	3
2021.10.27	21:00:00	1.26154	1.26182	1.26087	1.26087	1478	0	3
2021.10.27	22:00:00	1.26087	1.26146	1.26072	1.26120	1815	0	3
2021.10.27	23:00:00	1.26120	1.26154	1.26116	1.26145	758	0	4
2021.10.28	00:00:00	1.26097	1.26134	1.26014	1.26032	683	0	62
2021.10.28	01:00:00	1.26058	1.26158	1.26043	1.26135	344	0	4
2021.10.28	02:00:00	1.26135	1.26143	1.26068	1.26077	411	0	6
2021.10.28	03:00:00	1.26077	1.26147	1.26068	1.26112	998	0	3
2021.10.28	04:00:00	1.26112	1.26146	1.26067	1.26085	1408	0	3
2021.10.28	05:00:00	1.26085	1.26135	1.26033	1.26133	1401	0	3
2021.10.28	06:00:00	1.26133	1.26292	1.26127	1.26243	983	0	4
2021.10.28	07:00:00	1.26243	1.26269	1.26179	1.26235	718	0	4
2021.10.28	08:00:00	1.26236	1.26304	1.26213	1.26290	790	0	4
2021.10.28	09:00:00	1.26290	1.26371	1.26173	1.26330	2856	0	3
2021.10.28	10:00:00	1.26330	1.26403	1.26186	1.26203	4171	0	3
2021.10.28	11:00:00	1.26199	1.26410	1.26136	1.26303	4185	0	3
2021.10.28	12:00:00	1.26303	1.26389	1.26255	1.26332	3338	0	3
2021.10.28	13:00:00	1.26335	1.26390	1.26169	1.26386	2829	0	3
2021.10.28	14:00:00	1.26389	1.26406	1.26196	1.26318	3711	0	3
2021.10.28	15:00:00	1.26318	1.26343	1.26100	1.26142	6473	0	3
2021.10.28	16:00:00	1.26139	1.26180	1.25977	1.26079	7388	0	3
2021.10.28	17:00:00	1.26076	1.26125	1.25956	1.26082	6145	0	3
2021.10.28	18:00:00	1.26083	1.26101	1.25910	1.25936	4986	0	3
2021.10.28	19:00:00	1.25937	1.25943	1.25793	1.25814	3303	0	3
2021.10.28	20:00:00	1.25814	1.25855	1.25733	1.25737	2504	0	3
2021.10.28	21:00:00	1.25738	1.25749	1.25676	1.25718	1793	0	3
2021.10.28	22:00:00	1.25718	1.25803	1.25712	1.25758	2250	0	3
2021.10.28	23:00:00	1.25758	1.25847	1.25753	1.25798	1324	0	3
2021.10.29	00:00:00	1.25613	1.25765	1.25613	1.25737	197	0	39
2021.10.29	01:00:00	1.25758	1.25808	1.25741	1.25794	725	0	3
2021.10.29	02:00:00	1.25793	1.25808	1.25752	1.25803	572	0	3
2021.10.29	03:00:00	1.25803	1.25831	1.25692	1.25705	1398	0	3
2021.10.29	04:00:00	1.25704	1.25789	1.25608	1.25762	1310	0	3
2021.10.29	05:00:00	1.25762	1.25771	1.25703	1.25754	948	0	5
2021.10.29	06:00:00	1.25755	1.25793	1.25731	1.25760	877	0	5
2021.10.29	07:00:00	1.25760	1.25819	1.25749	1.25777	736	0	4
2021.10.29	08:00:00	1.25777	1.25829	1.25764	1.25790	1358	0	3
2021.10.29	09:00:00	1.25792	1.25800	1.25678	1.25690	2116	0	3
2021.10.29	10:00:00	1.25688	1.25721	1.25538	1.25596	3554	0	3
2021.10.29	11:00:00	1.25596	1.25750	1.25523	1.25565	3360	0	3
2021.10.29	12:00:00	1.25565	1.25647	1.25449	1.25647	2865	0	3
2021.10.29	13:00:00	1.25646	1.25688	1.25546	1.25572	3118	0	3
2021.10.29	14:00:00	1.25573	1.25833	1.25517	1.25640	2463	0	3
2021.10.29	15:00:00	1.25642	1.25665	1.25460	1.25463	5161	0	3
2021.10.29	16:00:00	1.25466	1.25629	1.25428	1.25489	5066	0	3
2021.10.29	17:00:00	1.25495	1.25541	1.25203	1.25270	7159	0	3
2021.10.29	18:00:00	1.25278	1.25632	1.25215	1.25461	6201	0	3
2021.10.29	19:00:00	1.25464	1.25486	1.25334	1.25353	3083	0	3
2021.10.29	20:00:00	1.25351	1.25420	1.25285	1.25403	1906	0	3
2021.10.29	21:00:00	1.25404	1.25423	1.25294	1.25311	1853	0	3
2021.10.29	22:00:00	1.25314	1.25394	1.25239	1.25314	1962	0	3
2021.10.29	23:00:00	1.25314	1.25323	1.25249	1.25306	1470	0	4
2021.11.01	00:00:00	1.25163	1.25360	1.25116	1.25149	502	0	124
2021.11.01	01:00:00	1.25144	1.25355	1.25144	1.25320	672	0	7
2021.11.01	02:00:00	1.25310	1.25371	1.25291	1.25355	748	0	3
2021.11.01	03:00:00	1.25359	1.25406	1.25239	1.25288	1225	0	3
2021.11.01	04:00:00	1.25288	1.25320	1.25237	1.25314	1127	0	3
2021.11.01	05:00:00	1.25311	1.25383	1.25283	1.25346	1011	0	3
2021.11.01	06:00:00	1.25346	1.25451	1.25331	1.25403	819	0	3
2021.11.01	07:00:00	1.25403	1.25441	1.25330	1.25359	669	0	5
2021.11.01	08:00:00	1.25359	1.25429	1.25352	1.25359	1014	0	3
2021.11.01	09:00:00	1.25358	1.25379	1.25269	1.25287	2109	0	3
2021.11.01	10:00:00	1.25285	1.25289	1.25072	1.25103	2696	0	3
2021.11.01	11:00:00	1.25101	1.25265	1.25061	1.25128	3560	0	3
2021.11.01	12:00:00	1.25134	1.25156	1.24991	1.24999	3635	0	3
2021.11.01	13:00:00	1.24999	1.25016	1.24831	1.24892	2728	0	3
2021.11.01	14:00:00	1.24892	1.24917	1.24707	1.24889	2599	0	3
2021.11.01	15:00:00	1.24890	1.24958	1.24797	1.24902	3156	0	3
2021.11.01	16:00:00	1.24904	1.24980	1.24684	1.24702	4486	0	3
2021.11.01	17:00:00	1.24701	1.24730	1.24575	1.24640	5782	0	3
2021.11.01	18:00:00	1.24639	1.24713	1.24504	1.24548	3731	0	3
2021.11.01	19:00:00	1.24548	1.24732	1.24437	1.24445	2687	0	3
2021.11.01	20:00:00	1.24446	1.24455	1.24332	1.24394	1838	0	3
2021.11.01	21:00:00	1.24394	1.24419	1.24159	1.24165	2421	0	3
2021.11.01	22:00:00	1.24165	1.24288	1.24162	1.24208	1446	0	3
2021.11.01	23:00:00	1.24207	1.24229	1.24146	1.24229	1183	0	3
2021.11.02	00:00:00	1.24179	1.24239	1.24108	1.24164	620	0	33
2021.11.02	01:00:00	1.24160	1.24233	1.24145	1.24196	488	0	9
2021.11.02	02:00:00	1.24195	1.24210	1.24171	1.24171	504	0	3
2021.11.02	03:00:00	1.24171	1.24260	1.24163	1.24243	923	0	3
2021.11.02	04:00:00	1.24243	1.24342	1.24228	1.24317	1220	0	3
2021.11.02	05:00:00	1.24317	1.24351	1.24287	1.24336	731	0	3
2021.11.02	06:00:00	1.24336	1.24342	1.24172	1.24218	1327	0	3
2021.11.02	07:00:00	1.24218	1.24230	1.24125	1.24203	856	0	3
2021.11.02	08:00:00	1.24203	1.24233	1.24137	1.24156	1386	0	3
2021.11.02	09:00:00	1.24156	1.24205	1.24055	1.24159	2242	0	3
2021.11.02	10:00:00	1.24151	1.24376	1.24061	1.24301	2948	0	3
2021.11.02	11:00:00	1.24298	1.24442	1.24232	1.24284	4217	0	3
2021.11.02	12:00:00	1.24284	1.24491	1.24277	1.24387	3512	0	3
2021.11.02	13:00:00	1.24388	1.24522	1.24315	1.24369	2659	0	3
2021.11.02	14:00:00	1.24369	1.24567	1.24347	1.24546	3330	0	3
2021.11.02	15:00:00	1.24549	1.24751	1.24547	1.24711	3772	0	3
2021.11.02	16:00:00	1.24712	1.24766	1.24470	1.24511	3931	0	3
2021.11.02	17:00:00	1.24509	1.24581	1.24412	1.24528	4410	0	3
2021.11.02	18:00:00	1.24528	1.24596	1.24455	1.24491	4967	0	3
2021.11.02	19:00:00	1.24492	1.24525	1.24415	1.24453	2937	0	3
2021.11.02	20:00:00	1.24454	1.24489	1.24412	1.24471	1761	0	3
2021.11.02	21:00:00	1.24473	1.24562	1.24428	1.24496	1625	0	3
2021.11.02	22:00:00	1.24498	1.24555	1.24462	1.24470	1602	0	3
2021.11.02	23:00:00	1.24470	1.24532	1.24466	1.24515	691	0	3
2021.11.03	00:00:00	1.24512	1.24515	1.24342	1.24461	605	0	45
2021.11.03	01:00:00	1.24481	1.24572	1.24456	1.24540	396	0	7
2021.11.03	02:00:00	1.24541	1.24566	1.24500	1.24563	337	0	4
2021.11.03	03:00:00	1.24563	1.24576	1.24538	1.24549	592	0	3
2021.11.03	04:00:00	1.24549	1.24610	1.24531	1.24577	823	0	3
2021.11.03	05:00:00	1.24577	1.24577	1.24521	1.24523	687	0	3
2021.11.03	06:00:00	1.24523	1.24573	1.24520	1.24560	647	0	3
2021.11.03	07:00:00	1.24560	1.24577	1.24529	1.24551	613	0	4
2021.11.03	08:00:00	1.24551	1.24566	1.24526	1.24540	545	0	5
2021.11.03	09:00:00	1.24540	1.24583	1.24532	1.24575	998	0	4
2021.11.03	10:00:00	1.24568	1.24635	1.24474	1.24495	1978	0	3
2021.11.03	11:00:00	1.24492	1.24494	1.24189	1.24298	3687	0	3
2021.11.03	12:00:00	1.24297	1.24323	1.24068	1.24133	2546	0	3
2021.11.03	13:00:00	1.24134	1.24209	1.24045	1.24078	2512	0	3
2021.11.03	14:00:00	1.24078	1.24444	1.24070	1.24433	2184	0	3
2021.11.03	15:00:00	1.24433	1.24608	1.24406	1.24542	4264	0	3
2021.11.03	16:00:00	1.24543	1.24638	1.24475	1.24543	4496	0	3
2021.11.03	17:00:00	1.24543	1.24693	1.24467	1.24611	5155	0	3
2021.11.03	18:00:00	1.24609	1.24713	1.24518	1.24579	3831	0	3
2021.11.03	19:00:00	1.24577	1.24790	1.24548	1.24764	2992	0	3
2021.11.03	20:00:00	1.24764	1.24787	1.24606	1.24655	1828	0	3
2021.11.03	21:00:00	1.24655	1.24739	1.24540	1.24542	10887	0	3
2021.11.03	22:00:00	1.24541	1.24722	1.24541	1.24715	6038	0	3
2021.11.03	23:00:00	1.24715	1.24789	1.24676	1.24781	1033	0	3
2021.11.04	00:00:00	1.24599	1.24794	1.24599	1.24746	928	0	17
2021.11.04	01:00:00	1.24750	1.24836	1.24745	1.24804	623	0	3
2021.11.04	02:00:00	1.24804	1.24830	1.24782	1.24793	820	0	4
2021.11.04	03:00:00	1.24791	1.24795	1.24687	1.24731	974	0	3
2021.11.04	04:00:00	1.24731	1.24771	1.24699	1.24708	1084	0	3
2021.11.04	05:00:00	1.24708	1.24744	1.24683	1.24690	694	0	4
2021.11.04	06:00:00	1.24690	1.24693	1.24615	1.24649	892	0	3
2021.11.04	07:00:00	1.24649	1.24662	1.24557	1.24575	611	0	7
2021.11.04	08:00:00	1.24575	1.24627	1.24563	1.24608	856	0	4
2021.11.04	09:00:00	1.24609	1.24768	1.24601	1.24717	1590	0	3
2021.11.04	10:00:00	1.24714	1.24853	1.24657	1.24815	2620	0	3
2021.11.04	11:00:00	1.24818	1.24854	1.24496	1.24540	4332	0	3
2021.11.04	12:00:00	1.24540	1.24552	1.24315	1.24376	2463	0	3
2021.11.04	13:00:00	1.24376	1.24586	1.24305	1.24586	2419	0	3
2021.11.04	14:00:00	1.24586	1.24701	1.24436	1.24575	2520	0	3
2021.11.04	15:00:00	1.24575	1.24581	1.23533	1.23636	8424	0	3
2021.11.04	16:00:00	1.23636	1.23694	1.23525	1.23598	6106	0	3
2021.11.04	17:00:00	1.23598	1.23598	1.23260	1.23349	6223	0	3
2021.11.04	18:00:00	1.23351	1.23388	1.23081	1.23154	5658	0	3
2021.11.04	19:00:00	1.23159	1.23376	1.23154	1.23205	3762	0	3
2021.11.04	20:00:00	1.23205	1.23219	1.23043	1.23125	2517	0	3
2021.11.04	21:00:00	1.23125	1.23224	1.23123	1.23151	2126	0	3
2021.11.04	22:00:00	1.23151	1.23245	1.23150	1.23183	1618	0	3
2021.11.04	23:00:00	1.23185	1.23210	1.23126	1.23171	930	0	3
2021.11.05	00:00:00	1.23098	1.23186	1.23040	1.23171	364	0	62
2021.11.05	01:00:00	1.23165	1.23265	1.23137	1.23232	528	0	3
2021.11.05	02:00:00	1.23232	1.23286	1.23208	1.23277	573	0	5
2021.11.05	03:00:00	1.23277	1.23278	1.23166	1.23188	1232	0	3
2021.11.05	04:00:00	1.23189	1.23191	1.23002	1.23014	1704	0	3
2021.11.05	05:00:00	1.23015	1.23216	1.22998	1.23184	1283	0	3
2021.11.05	06:00:00	1.23185	1.23286	1.23164	1.23257	922	0	4
2021.11.05	07:00:00	1.23259	1.23265	1.23125	1.23140	726	0	4
2021.11.05	08:00:00	1.23140	1.23168	1.23119	1.23132	693	0	4
2021.11.05	09:00:00	1.23132	1.23166	1.23104	1.23149	1251	0	3
2021.11.05	10:00:00	1.23150	1.23373	1.23112	1.23361	1820	0	3
2021.11.05	11:00:00	1.23362	1.23374	1.22784	1.22872	4518	0	3
2021.11.05	12:00:00	1.22872	1.23048	1.22816	1.22895	3076	0	3
2021.11.05	13:00:00	1.22895	1.23172	1.22878	1.23163	3138	0	3
2021.11.05	14:00:00	1.23163	1.23312	1.23119	1.23215	3832	0	3
2021.11.05	15:00:00	1.23215	1.23317	1.23064	1.23294	5020	0	3
2021.11.05	16:00:00	1.23294	1.23532	1.23187	1.23233	5952	0	3
2021.11.05	17:00:00	1.23233	1.23365	1.23158	1.23182	3960	0	3
2021.11.05	18:00:00	1.23182	1.23339	1.23157	1.23216	4694	0	3
2021.11.05	19:00:00	1.23217	1.23217	1.23047	1.23136	2927	0	3
2021.11.05	20:00:00	1.23136	1.23152	1.23002	1.23047	1952	0	3
2021.11.05	21:00:00	1.23047	1.23098	1.23004	1.23033	1716	0	4
2021.11.05	22:00:00	1.23032	1.23047	1.22974	1.23040	1594	0	3
2021.11.05	23:00:00	1.23040	1.23098	1.23019	1.23087	865	0	3
2021.11.08	00:00:00	1.22843	1.23113	1.22843	1.23018	610	0	57
2021.11.08	01:00:00	1.23018	1.23063	1.22971	1.23033	2137	0	3
2021.11.08	02:00:00	1.23033	1.23080	1.22986	1.23036	1181	0	3
2021.11.08	03:00:00	1.23037	1.23092	1.23019	1.23066	1265	0	3
2021.11.08	04:00:00	1.23066	1.23165	1.23058	1.23151	845	0	3
2021.11.08	05:00:00	1.23151	1.23166	1.23108	1.23120	620	0	3
2021.11.08	06:00:00	1.23120	1.23128	1.23030	1.23094	551	0	3
2021.11.08	07:00:00	1.23094	1.23193	1.23093	1.23189	658	0	3
2021.11.08	08:00:00	1.23189	1.23215	1.23126	1.23194	1079	0	3
2021.11.08	09:00:00	1.23188	1.23321	1.23126	1.23236	2181	0	3
2021.11.08	10:00:00	1.23240	1.23304	1.23059	1.23235	3738	0	3
2021.11.08	11:00:00	1.23235	1.23431	1.23203	1.23406	2772	0	3
2021.11.08	12:00:00	1.23406	1.23473	1.23304	1.23459	2109	0	3
2021.11.08	13:00:00	1.23459	1.23690	1.23388	1.23677	1909	0	3
2021.11.08	14:00:00	1.23677	1.23861	1.23525	1.23848	3530	0	3
2021.11.08	15:00:00	1.23853	1.23975	1.23821	1.23960	3060	0	3
2021.11.08	16:00:00	1.23962	1.24099	1.23835	1.23972	3963	0	3
2021.11.08	17:00:00	1.23972	1.24087	1.23845	1.23875	3760	0	3
2021.11.08	18:00:00	1.23873	1.23900	1.23813	1.23865	2651	0	3
2021.11.08	19:00:00	1.23865	1.23884	1.23760	1.23865	1727	0	3
2021.11.08	20:00:00	1.23865	1.23865	1.23749	1.23791	1308	0	3
2021.11.08	21:00:00	1.23794	1.23856	1.23737	1.23795	1066	0	3
2021.11.08	22:00:00	1.23794	1.23940	1.23780	1.23924	1327	0	3
2021.11.08	23:00:00	1.23924	1.23941	1.23857	1.23928	762	0	4
2021.11.09	00:00:00	1.23845	1.23877	1.23728	1.23833	447	0	60
2021.11.09	01:00:00	1.23835	1.23902	1.23835	1.23892	450	0	5
2021.11.09	02:00:00	1.23892	1.23909	1.23841	1.23895	733	0	3
2021.11.09	03:00:00	1.23899	1.23916	1.23753	1.23833	1255	0	3
2021.11.09	04:00:00	1.23833	1.23882	1.23814	1.23826	1436	0	3
2021.11.09	05:00:00	1.23826	1.23841	1.23668	1.23695	1482	0	4
2021.11.09	06:00:00	1.23695	1.23766	1.23689	1.23748	971	0	3
2021.11.09	07:00:00	1.23748	1.23833	1.23723	1.23827	1103	0	4
2021.11.09	08:00:00	1.23827	1.23834	1.23717	1.23795	1382	0	3
2021.11.09	09:00:00	1.23799	1.23896	1.23721	1.23819	2418	0	3
2021.11.09	10:00:00	1.23818	1.23968	1.23739	1.23862	3369	0	3
2021.11.09	11:00:00	1.23861	1.24204	1.23851	1.24144	3186	0	3
2021.11.09	12:00:00	1.24144	1.24144	1.24040	1.24043	2452	0	3
2021.11.09	13:00:00	1.24043	1.24254	1.23981	1.24143	2589	0	3
2021.11.09	14:00:00	1.24143	1.24189	1.24034	1.24094	2878	0	3
2021.11.09	15:00:00	1.24092	1.24148	1.23781	1.23793	4194	0	3
2021.11.09	16:00:00	1.23790	1.23852	1.23657	1.23701	5317	0	3
2021.11.09	17:00:00	1.23708	1.23762	1.23621	1.23724	5586	0	3
2021.11.09	18:00:00	1.23726	1.23750	1.23509	1.23577	4003	0	3
2021.11.09	19:00:00	1.23577	1.23650	1.23517	1.23592	2997	0	3
2021.11.09	20:00:00	1.23592	1.23629	1.23455	1.23457	2475	0	3
2021.11.09	21:00:00	1.23457	1.23490	1.23424	1.23478	1449	0	3
2021.11.09	22:00:00	1.23475	1.23571	1.23463	1.23519	1353	0	4
2021.11.09	23:00:00	1.23519	1.23556	1.23469	1.23536	642	0	3
2021.11.10	00:00:00	1.23464	1.23500	1.23433	1.23475	113	0	69
2021.11.10	01:00:00	1.23477	1.23566	1.23472	1.23533	348	0	7
2021.11.10	02:00:00	1.23533	1.23568	1.23479	1.23556	805	0	3
2021.11.10	03:00:00	1.23556	1.23570	1.23451	1.23505	1240	0	3
2021.11.10	04:00:00	1.23505	1.23624	1.23489	1.23624	1064	0	3
2021.11.10	05:00:00	1.23623	1.23633	1.23582	1.23615	907	0	3
2021.11.10	06:00:00	1.23615	1.23653	1.23597	1.23630	737	0	3
2021.11.10	07:00:00	1.23630	1.23722	1.23600	1.23711	772	0	4
2021.11.10	08:00:00	1.23711	1.23725	1.23664	1.23724	946	0	4
2021.11.10	09:00:00	1.23721	1.23885	1.23679	1.23734	2093	0	3
2021.11.10	10:00:00	1.23734	1.23763	1.23450	1.23550	2943	0	3
2021.11.10	11:00:00	1.23553	1.23603	1.23370	1.23482	3192	0	3
2021.11.10	12:00:00	1.23483	1.23502	1.23346	1.23495	1982	0	3
2021.11.10	13:00:00	1.23494	1.23533	1.23346	1.23492	2761	0	3
2021.11.10	14:00:00	1.23492	1.23492	1.23310	1.23368	2397	0	3
2021.11.10	15:00:00	1.23369	1.23408	1.23215	1.23304	5610	0	3
2021.11.10	16:00:00	1.23304	1.23522	1.23245	1.23466	5295	0	3
2021.11.10	17:00:00	1.23464	1.23569	1.23412	1.23469	5461	0	3
2021.11.10	18:00:00	1.23467	1.23592	1.23413	1.23429	4402	0	3
2021.11.10	19:00:00	1.23428	1.23474	1.23371	1.23388	3104	0	3
2021.11.10	20:00:00	1.23385	1.23435	1.23218	1.23283	4978	0	3
2021.11.10	21:00:00	1.23284	1.23301	1.23112	1.23121	3557	0	3
2021.11.10	22:00:00	1.23119	1.23170	1.23067	1.23166	2843	0	3
2021.11.10	23:00:00	1.23166	1.23168	1.23047	1.23068	1338	0	3
2021.11.11	00:00:00	1.23085	1.23102	1.23051	1.23065	367	0	3
2021.11.11	01:00:00	1.23054	1.23129	1.23048	1.23120	605	0	4
2021.11.11	02:00:00	1.23120	1.23208	1.23083	1.23130	1232	0	3
2021.11.11	03:00:00	1.23130	1.23172	1.23080	1.23131	1358	0	3
2021.11.11	04:00:00	1.23131	1.23183	1.23111	1.23128	1118	0	3
2021.11.11	05:00:00	1.23128	1.23145	1.23066	1.23131	997	0	4
2021.11.11	06:00:00	1.23132	1.23178	1.23102	1.23168	570	0	4
2021.11.11	07:00:00	1.23168	1.23272	1.23136	1.23271	708	0	4
2021.11.11	08:00:00	1.23271	1.23338	1.23253	1.23327	1508	0	3
2021.11.11	09:00:00	1.23333	1.23341	1.23084	1.23166	2226	0	3
2021.11.11	10:00:00	1.23170	1.23181	1.22919	1.23080	3046	0	3
2021.11.11	11:00:00	1.23077	1.23344	1.23033	1.23337	3163	0	3
2021.11.11	12:00:00	1.23333	1.23376	1.23150	1.23167	2590	0	3
2021.11.11	13:00:00	1.23167	1.23368	1.23160	1.23339	2102	0	3
2021.11.11	14:00:00	1.23338	1.23533	1.23327	1.23482	2543	0	3
2021.11.11	15:00:00	1.23475	1.23693	1.23422	1.23610	2466	0	3
2021.11.11	16:00:00	1.23612	1.23671	1.23447	1.23520	2967	0	3
2021.11.11	17:00:00	1.23520	1.23520	1.23167	1.23270	3470	0	3
2021.11.11	18:00:00	1.23265	1.23274	1.23121	1.23141	2462	0	3
2021.11.11	19:00:00	1.23140	1.23236	1.23091	1.23148	1451	0	3
2021.11.11	20:00:00	1.23150	1.23201	1.23102	1.23195	1408	0	3
2021.11.11	21:00:00	1.23195	1.23241	1.23161	1.23209	1111	0	3
2021.11.11	22:00:00	1.23207	1.23220	1.23135	1.23153	951	0	3
2021.11.11	23:00:00	1.23149	1.23152	1.23078	1.23090	846	0	3
2021.11.12	00:00:00	1.23090	1.23096	1.23007	1.23049	498	0	46
2021.11.12	01:00:00	1.23086	1.23140	1.23054	1.23124	783	0	5
2021.11.12	02:00:00	1.23125	1.23225	1.23122	1.23196	1012	0	3
2021.11.12	03:00:00	1.23201	1.23251	1.23180	1.23243	1243	0	3
2021.11.12	04:00:00	1.23243	1.23285	1.23220	1.23237	658	0	3
2021.11.12	05:00:00	1.23237	1.23278	1.23228	1.23257	632	0	4
2021.11.12	06:00:00	1.23257	1.23279	1.23219	1.23252	642	0	5
2021.11.12	07:00:00	1.23252	1.23283	1.23223	1.23265	690	0	4
2021.11.12	08:00:00	1.23265	1.23326	1.23255	1.23317	793	0	4
2021.11.12	09:00:00	1.23316	1.23413	1.23236	1.23354	1996	0	3
2021.11.12	10:00:00	1.23353	1.23563	1.23284	1.23561	2750	0	3
2021.11.12	11:00:00	1.23561	1.23561	1.23360	1.23522	2646	0	3
2021.11.12	12:00:00	1.23522	1.23663	1.23506	1.23584	1839	0	3
2021.11.12	13:00:00	1.23588	1.23668	1.23570	1.23598	1774	0	3
2021.11.12	14:00:00	1.23600	1.23733	1.23582	1.23670	2612	0	3
2021.11.12	15:00:00	1.23670	1.23708	1.23560	1.23631	2993	0	3
2021.11.12	16:00:00	1.23631	1.23643	1.23513	1.23582	3334	0	3
2021.11.12	17:00:00	1.23579	1.23650	1.23401	1.23441	5137	0	3
2021.11.12	18:00:00	1.23438	1.23523	1.23411	1.23519	3107	0	3
2021.11.12	19:00:00	1.23519	1.23598	1.23499	1.23587	1589	0	3
2021.11.12	20:00:00	1.23588	1.23616	1.23546	1.23586	1143	0	3
2021.11.12	21:00:00	1.23585	1.23623	1.23504	1.23523	1117	0	3
2021.11.12	22:00:00	1.23530	1.23607	1.23530	1.23565	1018	0	3
2021.11.12	23:00:00	1.23561	1.23608	1.23541	1.23555	945	0	3
2021.11.15	00:00:00	1.23402	1.23591	1.23402	1.23535	1306	0	75
2021.11.15	01:00:00	1.23519	1.23614	1.23495	1.23584	782	0	4
2021.11.15	02:00:00	1.23584	1.23625	1.23533	1.23573	700	0	3
2021.11.15	03:00:00	1.23573	1.23581	1.23438	1.23489	932	0	3
2021.11.15	04:00:00	1.23490	1.23523	1.23407	1.23413	1067	0	3
2021.11.15	05:00:00	1.23413	1.23454	1.23411	1.23441	620	0	4
2021.11.15	06:00:00	1.23442	1.23486	1.23429	1.23467	647	0	3
2021.11.15	07:00:00	1.23467	1.23602	1.23462	1.23559	699	0	3
2021.11.15	08:00:00	1.23559	1.23576	1.23499	1.23518	1053	0	4
2021.11.15	09:00:00	1.23518	1.23571	1.23450	1.23531	1867	0	3
2021.11.15	10:00:00	1.23529	1.23542	1.23354	1.23478	3034	0	3
2021.11.15	11:00:00	1.23478	1.23558	1.23416	1.23438	2528	0	3
2021.11.15	12:00:00	1.23436	1.23494	1.23409	1.23488	2026	0	3
2021.11.15	13:00:00	1.23485	1.23642	1.23426	1.23639	2521	0	3
2021.11.15	14:00:00	1.23639	1.23687	1.23523	1.23650	1999	0	3
2021.11.15	15:00:00	1.23650	1.23697	1.23568	1.23646	2320	0	3
2021.11.15	16:00:00	1.23646	1.23692	1.23537	1.23611	3479	0	3
2021.11.15	17:00:00	1.23614	1.23922	1.23581	1.23856	4088	0	3
2021.11.15	18:00:00	1.23859	1.23924	1.23775	1.23924	2810	0	3
2021.11.15	19:00:00	1.23921	1.24069	1.23899	1.23962	2948	0	3
2021.11.15	20:00:00	1.23962	1.24068	1.23949	1.24054	1817	0	3
2021.11.15	21:00:00	1.24057	1.24174	1.24038	1.24156	1095	0	3
2021.11.15	22:00:00	1.24155	1.24212	1.24059	1.24071	2317	0	3
2021.11.15	23:00:00	1.24072	1.24101	1.24025	1.24065	1129	0	3
2021.11.16	00:00:00	1.24068	1.24079	1.23984	1.24020	221	0	35
2021.11.16	01:00:00	1.24019	1.24114	1.24016	1.24083	709	0	5
2021.11.16	02:00:00	1.24083	1.24125	1.24018	1.24044	1013	0	3
2021.11.16	03:00:00	1.24044	1.24151	1.24016	1.24130	1269	0	3
2021.11.16	04:00:00	1.24134	1.24147	1.24081	1.24098	1016	0	4
2021.11.16	05:00:00	1.24098	1.24151	1.24095	1.24111	621	0	5
2021.11.16	06:00:00	1.24113	1.24115	1.24050	1.24075	670	0	4
2021.11.16	07:00:00	1.24075	1.24124	1.24073	1.24079	601	0	3
2021.11.16	08:00:00	1.24079	1.24197	1.24075	1.24139	1006	0	3
2021.11.16	09:00:00	1.24137	1.24629	1.24124	1.24610	2784	0	3
2021.11.16	10:00:00	1.24609	1.24725	1.24392	1.24699	3183	0	3
2021.11.16	11:00:00	1.24699	1.24920	1.24667	1.24857	3017	0	3
2021.11.16	12:00:00	1.24855	1.24892	1.24723	1.24770	2404	0	3
2021.11.16	13:00:00	1.24768	1.24827	1.24622	1.24733	2326	0	3
2021.11.16	14:00:00	1.24734	1.24757	1.24594	1.24613	2398	0	3
2021.11.16	15:00:00	1.24613	1.24771	1.24468	1.24769	3946	0	3
2021.11.16	16:00:00	1.24767	1.24775	1.24634	1.24658	5407	0	3
2021.11.16	17:00:00	1.24657	1.24742	1.24565	1.24616	4401	0	3
2021.11.16	18:00:00	1.24618	1.24869	1.24563	1.24859	2869	0	3
2021.11.16	19:00:00	1.24859	1.24989	1.24853	1.24984	2081	0	3
2021.11.16	20:00:00	1.24984	1.25023	1.24902	1.25012	1874	0	3
2021.11.16	21:00:00	1.25012	1.25037	1.24932	1.25018	1805	0	3
2021.11.16	22:00:00	1.25018	1.25033	1.24891	1.24917	1962	0	3
2021.11.16	23:00:00	1.24921	1.24950	1.24852	1.24895	1352	0	3
2021.11.17	00:00:00	1.24906	1.24926	1.24810	1.24820	639	0	32
2021.11.17	01:00:00	1.24823	1.24927	1.24823	1.24903	653	0	3
2021.11.17	02:00:00	1.24903	1.24971	1.24854	1.24855	983	0	3
2021.11.17	03:00:00	1.24854	1.24977	1.24839	1.24927	1072	0	3
2021.11.17	04:00:00	1.24927	1.24998	1.24885	1.24975	858	0	3
2021.11.17	05:00:00	1.24974	1.25034	1.24918	1.25014	1790	0	3
2021.11.17	06:00:00	1.25013	1.25084	1.24985	1.25083	1164	0	5
2021.11.17	07:00:00	1.25083	1.25153	1.25036	1.25108	1015	0	3
2021.11.17	08:00:00	1.25108	1.25252	1.25090	1.25150	1438	0	3
2021.11.17	09:00:00	1.25160	1.25469	1.25160	1.25227	3743	0	3
2021.11.17	10:00:00	1.25228	1.25263	1.25051	1.25200	3176	0	3
2021.11.17	11:00:00	1.25200	1.25264	1.25062	1.25131	3487	0	3
2021.11.17	12:00:00	1.25121	1.25129	1.24982	1.25083	2365	0	3
2021.11.17	13:00:00	1.25086	1.25218	1.25022	1.25167	2234	0	3
2021.11.17	14:00:00	1.25168	1.25280	1.25127	1.25153	2754	0	3
2021.11.17	15:00:00	1.25156	1.25415	1.25146	1.25379	3125	0	3
2021.11.17	16:00:00	1.25379	1.25523	1.25191	1.25203	3782	0	3
2021.11.17	17:00:00	1.25204	1.25292	1.25147	1.25168	4031	0	3
2021.11.17	18:00:00	1.25164	1.25322	1.25119	1.25253	2984	0	3
2021.11.17	19:00:00	1.25253	1.25317	1.25171	1.25235	2265	0	3
2021.11.17	20:00:00	1.25235	1.25318	1.25162	1.25308	2185	0	3
2021.11.17	21:00:00	1.25308	1.25308	1.25177	1.25211	1463	0	3
2021.11.17	22:00:00	1.25213	1.25261	1.25157	1.25201	1543	0	3
2021.11.17	23:00:00	1.25200	1.25227	1.25165	1.25216	745	0	3
2021.11.18	00:00:00	1.25162	1.25227	1.25056	1.25218	96	0	37
2021.11.18	01:00:00	1.25216	1.25317	1.25195	1.25247	937	0	3
2021.11.18	02:00:00	1.25247	1.25281	1.25183	1.25204	1060	0	3
2021.11.18	03:00:00	1.25205	1.25220	1.25146	1.25202	1278	0	3
2021.11.18	04:00:00	1.25202	1.25227	1.25116	1.25168	1409	0	3
2021.11.18	05:00:00	1.25175	1.25217	1.25140	1.25172	766	0	4
2021.11.18	06:00:00	1.25172	1.25220	1.25169	1.25193	705	0	3
2021.11.18	07:00:00	1.25193	1.25259	1.25191	1.25257	1151	0	3
2021.11.18	08:00:00	1.25257	1.25355	1.25239	1.25347	1069	0	3
2021.11.18	09:00:00	1.25353	1.25449	1.25215	1.25304	2494	0	3
2021.11.18	10:00:00	1.25304	1.25417	1.25152	1.25161	3289	0	3
2021.11.18	11:00:00	1.25161	1.25344	1.25092	1.25097	2789	0	3
2021.11.18	12:00:00	1.25097	1.25177	1.25024	1.25029	2393	0	3
2021.11.18	13:00:00	1.25027	1.25144	1.24977	1.24977	3310	0	3
2021.11.18	14:00:00	1.24977	1.25052	1.24792	1.24823	2289	0	3
2021.11.18	15:00:00	1.24818	1.24988	1.24790	1.24886	3848	0	3
2021.11.18	16:00:00	1.24886	1.24946	1.24747	1.24868	3985	0	3
2021.11.18	17:00:00	1.24868	1.24955	1.24750	1.24817	4619	0	3
2021.11.18	18:00:00	1.24816	1.24922	1.24798	1.24897	3187	0	3
2021.11.18	19:00:00	1.24898	1.24937	1.24840	1.24927	2123	0	3
2021.11.18	20:00:00	1.24926	1.24988	1.24912	1.24983	1368	0	3
2021.11.18	21:00:00	1.24983	1.24993	1.24910	1.24926	1046	0	3
2021.11.18	22:00:00	1.24926	1.24955	1.24886	1.24903	1253	0	3
2021.11.18	23:00:00	1.24908	1.24963	1.24887	1.24947	613	0	3
2021.11.19	00:00:00	1.24926	1.24978	1.24793	1.24918	228	0	51
2021.11.19	01:00:00	1.24918	1.24987	1.24918	1.24973	440	0	5
2021.11.19	02:00:00	1.24973	1.25016	1.24946	1.24979	759	0	3
2021.11.19	03:00:00	1.24979	1.25052	1.24951	1.25023	1225	0	3
2021.11.19	04:00:00	1.25021	1.25045	1.24985	1.24993	945	0	3
2021.11.19	05:00:00	1.24993	1.25030	1.24921	1.24964	725	0	4
2021.11.19	06:00:00	1.24960	1.24960	1.24908	1.24908	594	0	6
2021.11.19	07:00:00	1.24908	1.24978	1.24895	1.24937	527	0	3
2021.11.19	08:00:00	1.24937	1.25031	1.24930	1.24993	779	0	3
2021.11.19	09:00:00	1.24996	1.25112	1.24992	1.25049	2159	0	3
2021.11.19	10:00:00	1.25053	1.25171	1.24808	1.24818	3953	0	3
2021.11.19	11:00:00	1.24824	1.24878	1.24239	1.24352	5952	0	3
2021.11.19	12:00:00	1.24353	1.24477	1.24132	1.24445	5553	0	3
2021.11.19	13:00:00	1.24445	1.24666	1.24381	1.24640	4198	0	3
2021.11.19	14:00:00	1.24639	1.24650	1.24456	1.24574	4754	0	3
2021.11.19	15:00:00	1.24578	1.24742	1.24502	1.24558	4807	0	3
2021.11.19	16:00:00	1.24556	1.24812	1.24519	1.24611	5564	0	3
2021.11.19	17:00:00	1.24612	1.24779	1.24525	1.24722	4793	0	3
2021.11.19	18:00:00	1.24722	1.24806	1.24664	1.24789	2743	0	3
2021.11.19	19:00:00	1.24785	1.24918	1.24744	1.24903	2682	0	3
2021.11.19	20:00:00	1.24903	1.24936	1.24860	1.24906	1943	0	3
2021.11.19	21:00:00	1.24904	1.24924	1.24851	1.24853	1316	0	3
2021.11.19	22:00:00	1.24856	1.24897	1.24821	1.24821	1046	0	3
2021.11.19	23:00:00	1.24822	1.24935	1.24806	1.24889	1025	0	6
2021.11.22	00:00:00	1.24851	1.24914	1.24689	1.24819	3749	0	75
2021.11.22	01:00:00	1.24794	1.24897	1.24780	1.24838	795	0	6
2021.11.22	02:00:00	1.24838	1.24880	1.24800	1.24836	1164	0	3
2021.11.22	03:00:00	1.24836	1.24923	1.24810	1.24882	1278	0	3
2021.11.22	04:00:00	1.24887	1.24924	1.24845	1.24878	1487	0	3
2021.11.22	05:00:00	1.24878	1.24891	1.24806	1.24827	1057	0	3
2021.11.22	06:00:00	1.24827	1.24898	1.24827	1.24868	1020	0	3
2021.11.22	07:00:00	1.24868	1.24954	1.24859	1.24925	670	0	6
2021.11.22	08:00:00	1.24925	1.25019	1.24899	1.24979	1208	0	3
2021.11.22	09:00:00	1.24984	1.25066	1.24813	1.24821	2514	0	3
2021.11.22	10:00:00	1.24819	1.24872	1.24542	1.24671	3806	0	3
2021.11.22	11:00:00	1.24668	1.24748	1.24547	1.24642	2866	0	3
2021.11.22	12:00:00	1.24643	1.24806	1.24630	1.24753	2424	0	3
2021.11.22	13:00:00	1.24754	1.24855	1.24616	1.24668	2633	0	3
2021.11.22	14:00:00	1.24670	1.24778	1.24645	1.24694	2266	0	3
2021.11.22	15:00:00	1.24691	1.24738	1.24515	1.24649	2925	0	3
2021.11.22	16:00:00	1.24649	1.24805	1.24563	1.24798	5867	0	3
2021.11.22	17:00:00	1.24798	1.24872	1.24739	1.24839	4620	0	3
2021.11.22	18:00:00	1.24841	1.24904	1.24707	1.24728	3241	0	3
2021.11.22	19:00:00	1.24729	1.24831	1.24682	1.24814	1931	0	3
2021.11.22	20:00:00	1.24814	1.24863	1.24747	1.24842	1789	0	3
2021.11.22	21:00:00	1.24842	1.24932	1.24822	1.24918	1435	0	3
2021.11.22	22:00:00	1.24919	1.25005	1.24906	1.24939	1495	0	3
2021.11.22	23:00:00	1.24940	1.24989	1.24922	1.24966	752	0	3
2021.11.23	00:00:00	1.24874	1.24936	1.24716	1.24897	1056	0	61
2021.11.23	01:00:00	1.24918	1.24965	1.24911	1.24946	482	0	8
2021.11.23	02:00:00	1.24946	1.24975	1.24904	1.24927	575	0	7
2021.11.23	03:00:00	1.24928	1.24948	1.24920	1.24925	858	0	3
2021.11.23	04:00:00	1.24925	1.24982	1.24911	1.24920	1046	0	3
2021.11.23	05:00:00	1.24920	1.24963	1.24903	1.24943	749	0	3
2021.11.23	06:00:00	1.24945	1.24960	1.24870	1.24879	564	0	3
2021.11.23	07:00:00	1.24879	1.24925	1.24838	1.24910	769	0	4
2021.11.23	08:00:00	1.24909	1.24909	1.24738	1.24749	1269	0	3
2021.11.23	09:00:00	1.24744	1.24787	1.24622	1.24714	3936	0	3
2021.11.23	10:00:00	1.24714	1.24808	1.24498	1.24519	5535	0	3
2021.11.23	11:00:00	1.24520	1.24812	1.24470	1.24689	3940	0	3
2021.11.23	12:00:00	1.24689	1.24692	1.24436	1.24457	2692	0	3
2021.11.23	13:00:00	1.24458	1.24720	1.24374	1.24615	3087	0	3
2021.11.23	14:00:00	1.24615	1.24654	1.24531	1.24548	3487	0	3
2021.11.23	15:00:00	1.24546	1.24773	1.24516	1.24760	3949	0	3
2021.11.23	16:00:00	1.24762	1.24916	1.24757	1.24759	4122	0	3
2021.11.23	17:00:00	1.24760	1.24777	1.24489	1.24647	4941	0	3
2021.11.23	18:00:00	1.24647	1.24869	1.24583	1.24844	3661	0	3
2021.11.23	19:00:00	1.24844	1.24855	1.24752	1.24779	2417	0	3
2021.11.23	20:00:00	1.24781	1.24857	1.24756	1.24829	2498	0	3
2021.11.23	21:00:00	1.24826	1.24894	1.24799	1.24884	1684	0	3
2021.11.23	22:00:00	1.24886	1.24925	1.24863	1.24865	1792	0	3
2021.11.23	23:00:00	1.24870	1.24926	1.24846	1.24857	882	0	3
2021.11.24	00:00:00	1.24832	1.24851	1.24708	1.24783	108	0	65
2021.11.24	01:00:00	1.24776	1.24885	1.24775	1.24844	676	0	3
2021.11.24	02:00:00	1.24843	1.24939	1.24843	1.24911	870	0	3
2021.11.24	03:00:00	1.24907	1.24984	1.24864	1.24973	1463	0	4
2021.11.24	04:00:00	1.24975	1.25002	1.24906	1.24960	1019	0	3
2021.11.24	05:00:00	1.24960	1.24985	1.24897	1.24897	923	0	4
2021.11.24	06:00:00	1.24896	1.24926	1.24827	1.24838	838	0	3
2021.11.24	07:00:00	1.24838	1.24920	1.24827	1.24911	907	0	3
2021.11.24	08:00:00	1.24912	1.24938	1.24860	1.24877	1756	0	5
2021.11.24	09:00:00	1.24881	1.24956	1.24780	1.24789	2520	0	3
2021.11.24	10:00:00	1.24793	1.25098	1.24751	1.24965	3627	0	3
2021.11.24	11:00:00	1.24963	1.25019	1.24902	1.24944	3665	0	3
2021.11.24	12:00:00	1.24944	1.25081	1.24933	1.25019	3383	0	3
2021.11.24	13:00:00	1.25019	1.25196	1.24953	1.25155	2343	0	3
2021.11.24	14:00:00	1.25152	1.25198	1.25024	1.25032	2747	0	3
2021.11.24	15:00:00	1.25032	1.25043	1.24843	1.24909	4815	0	3
2021.11.24	16:00:00	1.24905	1.24984	1.24828	1.24913	5957	0	3
2021.11.24	17:00:00	1.24907	1.24945	1.24731	1.24797	5118	0	3
2021.11.24	18:00:00	1.24796	1.24838	1.24664	1.24701	3452	0	3
2021.11.24	19:00:00	1.24701	1.24703	1.24575	1.24592	1880	0	3
2021.11.24	20:00:00	1.24592	1.24594	1.24446	1.24502	1595	0	3
2021.11.24	21:00:00	1.24502	1.24553	1.24431	1.24441	2581	0	3
2021.11.24	22:00:00	1.24440	1.24518	1.24424	1.24492	1503	0	3
2021.11.24	23:00:00	1.24492	1.24503	1.24452	1.24479	994	0	3
2021.11.25	00:00:00	1.24387	1.24469	1.24343	1.24415	73	0	117
2021.11.25	01:00:00	1.24415	1.24522	1.24414	1.24505	538	0	7
2021.11.25	02:00:00	1.24505	1.24602	1.24491	1.24595	790	0	3
2021.11.25	03:00:00	1.24595	1.24595	1.24537	1.24557	1162	0	5
2021.11.25	04:00:00	1.24558	1.24599	1.24519	1.24585	582	0	3
2021.11.25	05:00:00	1.24585	1.24670	1.24577	1.24633	737	0	3
2021.11.25	06:00:00	1.24633	1.24639	1.24606	1.24608	440	0	5
2021.11.25	07:00:00	1.24608	1.24622	1.24575	1.24596	481	0	4
2021.11.25	08:00:00	1.24597	1.24659	1.24591	1.24603	806	0	3
2021.11.25	09:00:00	1.24601	1.24610	1.24450	1.24568	1495	0	3
2021.11.25	10:00:00	1.24569	1.24602	1.24442	1.24462	2565	0	3
2021.11.25	11:00:00	1.24461	1.24523	1.24419	1.24482	2154	0	3
2021.11.25	12:00:00	1.24486	1.24497	1.24289	1.24308	1850	0	3
2021.11.25	13:00:00	1.24308	1.24509	1.24306	1.24484	2172	0	3
2021.11.25	14:00:00	1.24484	1.24503	1.24254	1.24364	1900	0	3
2021.11.25	15:00:00	1.24359	1.24400	1.24229	1.24318	1828	0	3
2021.11.25	16:00:00	1.24318	1.24506	1.24313	1.24488	1616	0	3
2021.11.25	17:00:00	1.24488	1.24656	1.24472	1.24628	1912	0	3
2021.11.25	18:00:00	1.24627	1.24689	1.24617	1.24659	1097	0	3
2021.11.25	19:00:00	1.24658	1.24710	1.24606	1.24675	1105	0	3
2021.11.25	20:00:00	1.24679	1.24757	1.24643	1.24664	3377	0	3
2021.11.25	21:00:00	1.24663	1.24702	1.24630	1.24656	6725	0	4
2021.11.25	22:00:00	1.24659	1.24693	1.24587	1.24660	4753	0	8
2021.11.25	23:00:00	1.24657	1.24689	1.24595	1.24606	2726	0	16
2021.11.26	00:00:00	1.24605	1.24621	1.24536	1.24562	102	0	90
2021.11.26	01:00:00	1.24580	1.24675	1.24508	1.24508	623	0	6
2021.11.26	02:00:00	1.24508	1.24544	1.24277	1.24333	1747	0	3
2021.11.26	03:00:00	1.24333	1.24361	1.24204	1.24258	2064	0	3
2021.11.26	04:00:00	1.24258	1.24288	1.24116	1.24150	1674	0	3
2021.11.26	05:00:00	1.24153	1.24183	1.24109	1.24143	1673	0	3
2021.11.26	06:00:00	1.24142	1.24184	1.24107	1.24111	1398	0	3
2021.11.26	07:00:00	1.24111	1.24112	1.23952	1.23992	1298	0	3
2021.11.26	08:00:00	1.23992	1.24004	1.23738	1.23888	2119	0	3
2021.11.26	09:00:00	1.23891	1.23917	1.23554	1.23651	4429	0	3
2021.11.26	10:00:00	1.23655	1.23655	1.23211	1.23545	7418	0	3
2021.11.26	11:00:00	1.23547	1.23592	1.23340	1.23354	6586	0	3
2021.11.26	12:00:00	1.23354	1.23481	1.23195	1.23260	5648	0	3
2021.11.26	13:00:00	1.23262	1.23465	1.23232	1.23399	4328	0	3
2021.11.26	14:00:00	1.23402	1.23512	1.23339	1.23451	3839	0	3
2021.11.26	15:00:00	1.23452	1.23550	1.23406	1.23440	4303	0	3
2021.11.26	16:00:00	1.23443	1.23555	1.23303	1.23378	5221	0	3
2021.11.26	17:00:00	1.23377	1.23414	1.22927	1.23024	6295	0	3
2021.11.26	18:00:00	1.23026	1.23041	1.22886	1.23003	4802	0	3
2021.11.26	19:00:00	1.23002	1.23167	1.22995	1.23017	2493	0	3
2021.11.26	20:00:00	1.23018	1.23165	1.22916	1.23001	2776	0	3
2021.11.26	21:00:00	1.22993	1.23161	1.22746	1.22888	1818	0	22
2021.11.26	22:00:00	1.22901	1.23172	1.22853	1.23065	1629	0	23
2021.11.26	23:00:00	1.23066	1.23309	1.22903	1.23045	703	0	137
2021.11.29	00:00:00	1.23117	1.23156	1.22907	1.23012	408	0	94
2021.11.29	01:00:00	1.23010	1.23454	1.22912	1.23315	1542	0	3
2021.11.29	02:00:00	1.23318	1.23368	1.23246	1.23365	2183	0	3
2021.11.29	03:00:00	1.23365	1.23478	1.23243	1.23465	1858	0	3
2021.11.29	04:00:00	1.23463	1.23501	1.23385	1.23412	1563	0	3
2021.11.29	05:00:00	1.23412	1.23456	1.23368	1.23406	1006	0	3
2021.11.29	06:00:00	1.23406	1.23476	1.23369	1.23428	824	0	3
2021.11.29	07:00:00	1.23428	1.23449	1.23382	1.23408	1769	0	3
2021.11.29	08:00:00	1.23410	1.23526	1.23321	1.23518	2645	0	3
2021.11.29	09:00:00	1.23520	1.23585	1.23399	1.23572	3632	0	3
2021.11.29	10:00:00	1.23570	1.23575	1.23297	1.23417	4613	0	3
2021.11.29	11:00:00	1.23414	1.23505	1.23289	1.23366	4237	0	3
2021.11.29	12:00:00	1.23366	1.23682	1.23276	1.23654	3124	0	3
2021.11.29	13:00:00	1.23654	1.23657	1.23242	1.23245	2510	0	3
2021.11.29	14:00:00	1.23242	1.23420	1.23242	1.23376	2942	0	3
2021.11.29	15:00:00	1.23373	1.23432	1.23269	1.23355	3211	0	3
2021.11.29	16:00:00	1.23355	1.23387	1.23026	1.23123	4576	0	3
2021.11.29	17:00:00	1.23125	1.23151	1.22945	1.22996	4864	0	3
2021.11.29	18:00:00	1.22995	1.23047	1.22919	1.22927	3314	0	3
2021.11.29	19:00:00	1.22926	1.22982	1.22882	1.22979	2367	0	3
2021.11.29	20:00:00	1.22977	1.22993	1.22843	1.22860	2315	0	3
2021.11.29	21:00:00	1.22862	1.22924	1.22825	1.22916	1843	0	3
2021.11.29	22:00:00	1.22910	1.22925	1.22837	1.22863	2065	0	3
2021.11.29	23:00:00	1.22858	1.22895	1.22838	1.22867	1042	0	3
2021.11.30	00:00:00	1.22865	1.22869	1.22782	1.22803	119	0	3
2021.11.30	01:00:00	1.22803	1.22930	1.22803	1.22877	895	0	4
2021.11.30	02:00:00	1.22877	1.22994	1.22838	1.22957	1012	0	3
2021.11.30	03:00:00	1.22957	1.23003	1.22927	1.22968	932	0	3
2021.11.30	04:00:00	1.22968	1.22995	1.22874	1.22898	972	0	3
2021.11.30	05:00:00	1.22898	1.22911	1.22867	1.22884	890	0	3
2021.11.30	06:00:00	1.22888	1.22905	1.22835	1.22884	995	0	3
2021.11.30	07:00:00	1.22884	1.22892	1.22625	1.22676	3392	0	3
2021.11.30	08:00:00	1.22675	1.22736	1.22568	1.22677	3299	0	3
2021.11.30	09:00:00	1.22676	1.22826	1.22569	1.22708	4821	0	3
2021.11.30	10:00:00	1.22710	1.22852	1.22658	1.22835	4784	0	3
2021.11.30	11:00:00	1.22838	1.22839	1.22636	1.22689	4500	0	3
2021.11.30	12:00:00	1.22687	1.22740	1.22482	1.22579	4447	0	3
2021.11.30	13:00:00	1.22579	1.22598	1.22442	1.22568	3941	0	3
2021.11.30	14:00:00	1.22568	1.22636	1.22427	1.22525	3656	0	3
2021.11.30	15:00:00	1.22527	1.22536	1.22355	1.22472	4311	0	3
2021.11.30	16:00:00	1.22471	1.22511	1.22258	1.22375	5155	0	3
2021.11.30	17:00:00	1.22377	1.22796	1.22347	1.22387	8678	0	3
2021.11.30	18:00:00	1.22385	1.22440	1.21876	1.22136	8312	0	3
2021.11.30	19:00:00	1.22131	1.22187	1.22027	1.22069	4528	0	3
2021.11.30	20:00:00	1.22068	1.22086	1.21864	1.22056	3618	0	3
2021.11.30	21:00:00	1.22055	1.22147	1.22005	1.22022	2946	0	3
2021.11.30	22:00:00	1.22018	1.22244	1.22009	1.22098	2887	0	3
2021.11.30	23:00:00	1.22097	1.22190	1.22074	1.22152	1260	0	3
2021.12.01	00:00:00	1.22110	1.22165	1.22045	1.22118	450	0	80
2021.12.01	01:00:00	1.22125	1.22360	1.22111	1.22252	1733	0	3
2021.12.01	02:00:00	1.22252	1.22334	1.22199	1.22315	1562	0	3
2021.12.01	03:00:00	1.22318	1.22472	1.22275	1.22472	2028	0	3
2021.12.01	04:00:00	1.22472	1.22585	1.22465	1.22563	1520	0	3
2021.12.01	05:00:00	1.22559	1.22567	1.22441	1.22560	1294	0	3
2021.12.01	06:00:00	1.22560	1.22609	1.22521	1.22599	989	0	3
2021.12.01	07:00:00	1.22599	1.22660	1.22581	1.22628	1076	0	3
2021.12.01	08:00:00	1.22623	1.22686	1.22574	1.22662	1795	0	3
2021.12.01	09:00:00	1.22662	1.22674	1.22390	1.22413	3948	0	3
2021.12.01	10:00:00	1.22413	1.22496	1.22168	1.22315	5174	0	3
2021.12.01	11:00:00	1.22314	1.22480	1.22169	1.22384	4090	0	3
2021.12.01	12:00:00	1.22384	1.22496	1.22319	1.22495	3101	0	3
2021.12.01	13:00:00	1.22496	1.22626	1.22407	1.22616	2502	0	3
2021.12.01	14:00:00	1.22616	1.22780	1.22548	1.22750	3100	0	3
2021.12.01	15:00:00	1.22750	1.22758	1.22527	1.22656	3981	0	3
2021.12.01	16:00:00	1.22657	1.22674	1.22327	1.22360	4606	0	3
2021.12.01	17:00:00	1.22354	1.22517	1.22251	1.22428	5521	0	3
2021.12.01	18:00:00	1.22429	1.22572	1.22331	1.22375	4475	0	3
2021.12.01	19:00:00	1.22375	1.22546	1.22264	1.22271	2898	0	3
2021.12.01	20:00:00	1.22273	1.22304	1.22082	1.22137	3294	0	3
2021.12.01	21:00:00	1.22136	1.22213	1.22112	1.22204	3981	0	5
2021.12.01	22:00:00	1.22207	1.22270	1.22104	1.22127	4035	0	150
2021.12.01	23:00:00	1.22128	1.22185	1.22095	1.22172	1599	0	150
2021.12.02	00:00:00	1.22067	1.22088	1.21980	1.22051	293	0	150
2021.12.02	01:00:00	1.22086	1.22277	1.22068	1.22228	801	0	3
2021.12.02	02:00:00	1.22228	1.22265	1.22139	1.22166	1424	0	3
2021.12.02	03:00:00	1.22166	1.22269	1.22146	1.22264	1449	0	3
2021.12.02	04:00:00	1.22264	1.22302	1.22232	1.22287	1107	0	3
2021.12.02	05:00:00	1.22287	1.22293	1.22235	1.22277	619	0	4
2021.12.02	06:00:00	1.22277	1.22304	1.22231	1.22282	667	0	3
2021.12.02	07:00:00	1.22281	1.22432	1.22277	1.22410	632	0	4
2021.12.02	08:00:00	1.22409	1.22409	1.22308	1.22391	1997	0	3
2021.12.02	09:00:00	1.22391	1.22500	1.22280	1.22457	3463	0	3
2021.12.02	10:00:00	1.22456	1.22595	1.22354	1.22566	3567	0	3
2021.12.02	11:00:00	1.22567	1.22739	1.22465	1.22628	3241	0	3
2021.12.02	12:00:00	1.22624	1.22657	1.22345	1.22467	3782	0	3
2021.12.02	13:00:00	1.22466	1.22580	1.22420	1.22516	2909	0	3
2021.12.02	14:00:00	1.22516	1.22561	1.22273	1.22461	3876	0	3
2021.12.02	15:00:00	1.22454	1.22463	1.22290	1.22324	4027	0	3
2021.12.02	16:00:00	1.22324	1.22382	1.22159	1.22377	5561	0	3
2021.12.02	17:00:00	1.22376	1.22480	1.22280	1.22334	5996	0	3
2021.12.02	18:00:00	1.22335	1.22527	1.22275	1.22467	5216	0	3
2021.12.02	19:00:00	1.22469	1.22604	1.22449	1.22464	3394	0	3
2021.12.02	20:00:00	1.22464	1.22464	1.22308	1.22335	2718	0	3
2021.12.02	21:00:00	1.22334	1.22487	1.22319	1.22457	2345	0	3
2021.12.02	22:00:00	1.22459	1.22479	1.22409	1.22458	1856	0	3
2021.12.02	23:00:00	1.22457	1.22473	1.22387	1.22404	1088	0	3
2021.12.03	00:00:00	1.22349	1.22393	1.22334	1.22383	76	0	39
2021.12.03	01:00:00	1.22403	1.22411	1.22323	1.22326	1024	0	3
2021.12.03	02:00:00	1.22327	1.22365	1.22296	1.22310	867	0	3
2021.12.03	03:00:00	1.22310	1.22328	1.22248	1.22286	1361	0	3
2021.12.03	04:00:00	1.22286	1.22323	1.22238	1.22238	703	0	5
2021.12.03	05:00:00	1.22237	1.22317	1.22227	1.22317	735	0	5
2021.12.03	06:00:00	1.22313	1.22349	1.22300	1.22348	499	0	4
2021.12.03	07:00:00	1.22348	1.22428	1.22334	1.22394	678	0	5
2021.12.03	08:00:00	1.22394	1.22425	1.22358	1.22404	1087	0	3
2021.12.03	09:00:00	1.22397	1.22406	1.22263	1.22323	2345	0	3
2021.12.03	10:00:00	1.22331	1.22365	1.22261	1.22280	3234	0	3
2021.12.03	11:00:00	1.22279	1.22433	1.22211	1.22311	2533	0	3
2021.12.03	12:00:00	1.22311	1.22341	1.22009	1.22124	2748	0	3
2021.12.03	13:00:00	1.22124	1.22189	1.21839	1.22056	3147	0	3
2021.12.03	14:00:00	1.22056	1.22078	1.21875	1.22075	2771	0	3
2021.12.03	15:00:00	1.22071	1.22188	1.21976	1.22131	6016	0	3
2021.12.03	16:00:00	1.22130	1.22167	1.21793	1.21889	6671	0	3
2021.12.03	17:00:00	1.21920	1.21920	1.21604	1.21633	6841	0	3
2021.12.03	18:00:00	1.21634	1.21688	1.21504	1.21545	5771	0	3
2021.12.03	19:00:00	1.21545	1.21597	1.21482	1.21525	3619	0	3
2021.12.03	20:00:00	1.21523	1.21574	1.21455	1.21457	2809	0	3
2021.12.03	21:00:00	1.21458	1.21482	1.21391	1.21395	2720	0	3
2021.12.03	22:00:00	1.21397	1.21542	1.21376	1.21526	2573	0	3
2021.12.03	23:00:00	1.21522	1.21544	1.21432	1.21439	1384	0	3
2021.12.06	00:00:00	1.21457	1.21573	1.21411	1.21443	623	0	279
2021.12.06	01:00:00	1.21436	1.21622	1.21347	1.21571	1230	0	5
2021.12.06	02:00:00	1.21570	1.21721	1.21538	1.21700	1163	0	3
2021.12.06	03:00:00	1.21699	1.21800	1.21684	1.21793	1224	0	3
2021.12.06	04:00:00	1.21793	1.21833	1.21748	1.21826	929	0	3
2021.12.06	05:00:00	1.21826	1.21846	1.21800	1.21809	552	0	3
2021.12.06	06:00:00	1.21809	1.21838	1.21801	1.21821	568	0	3
2021.12.06	07:00:00	1.21826	1.21841	1.21794	1.21819	659	0	4
2021.12.06	08:00:00	1.21818	1.21858	1.21802	1.21843	831	0	3
2021.12.06	09:00:00	1.21836	1.22027	1.21792	1.21962	1948	0	3
2021.12.06	10:00:00	1.21957	1.22245	1.21871	1.22182	2896	0	3
2021.12.06	11:00:00	1.22182	1.22364	1.22162	1.22326	3279	0	3
2021.12.06	12:00:00	1.22326	1.22350	1.22101	1.22243	2361	0	3
2021.12.06	13:00:00	1.22244	1.22500	1.22200	1.22481	2749	0	3
2021.12.06	14:00:00	1.22483	1.22515	1.22288	1.22378	3103	0	3
2021.12.06	15:00:00	1.22377	1.22430	1.22200	1.22376	3159	0	3
2021.12.06	16:00:00	1.22379	1.22391	1.22181	1.22321	4596	0	3
2021.12.06	17:00:00	1.22320	1.22616	1.22300	1.22541	4121	0	3
2021.12.06	18:00:00	1.22547	1.22691	1.22486	1.22668	3083	0	3
2021.12.06	19:00:00	1.22670	1.22789	1.22618	1.22781	1811	0	3
2021.12.06	20:00:00	1.22784	1.22810	1.22731	1.22772	1683	0	3
2021.12.06	21:00:00	1.22769	1.22878	1.22759	1.22765	1684	0	3
2021.12.06	22:00:00	1.22767	1.22790	1.22673	1.22675	1676	0	3
2021.12.06	23:00:00	1.22675	1.22760	1.22672	1.22760	944	0	3
2021.12.07	00:00:00	1.22723	1.22723	1.22618	1.22704	302	0	67
2021.12.07	01:00:00	1.22699	1.22755	1.22697	1.22751	631	0	5
2021.12.07	02:00:00	1.22751	1.22769	1.22679	1.22694	623	0	4
2021.12.07	03:00:00	1.22694	1.22746	1.22662	1.22721	950	0	4
2021.12.07	04:00:00	1.22721	1.22756	1.22657	1.22695	893	0	3
2021.12.07	05:00:00	1.22695	1.22777	1.22684	1.22771	951	0	4
2021.12.07	06:00:00	1.22771	1.22850	1.22767	1.22785	858	0	3
2021.12.07	07:00:00	1.22785	1.22876	1.22759	1.22867	806	0	3
2021.12.07	08:00:00	1.22868	1.22903	1.22746	1.22839	1246	0	3
2021.12.07	09:00:00	1.22837	1.22863	1.22651	1.22770	2267	0	3
2021.12.07	10:00:00	1.22767	1.22810	1.22541	1.22576	3020	0	3
2021.12.07	11:00:00	1.22574	1.22651	1.22440	1.22467	3098	0	3
2021.12.07	12:00:00	1.22466	1.22587	1.22400	1.22472	2543	0	3
2021.12.07	13:00:00	1.22473	1.22619	1.22433	1.22574	2425	0	3
2021.12.07	14:00:00	1.22572	1.22739	1.22473	1.22684	2797	0	3
2021.12.07	15:00:00	1.22688	1.22711	1.22522	1.22556	3771	0	3
2021.12.07	16:00:00	1.22553	1.22616	1.22375	1.22470	3848	0	3
2021.12.07	17:00:00	1.22469	1.22656	1.22436	1.22584	3977	0	3
2021.12.07	18:00:00	1.22592	1.22730	1.22504	1.22615	2813	0	3
2021.12.07	19:00:00	1.22615	1.22645	1.22508	1.22545	1578	0	3
2021.12.07	20:00:00	1.22554	1.22562	1.22380	1.22383	1508	0	3
2021.12.07	21:00:00	1.22383	1.22444	1.22337	1.22421	997	0	4
2021.12.07	22:00:00	1.22421	1.22473	1.22364	1.22449	1253	0	4
2021.12.07	23:00:00	1.22448	1.22473	1.22415	1.22447	779	0	3
2021.12.08	00:00:00	1.22424	1.22452	1.22342	1.22377	115	0	88
2021.12.08	01:00:00	1.22377	1.22473	1.22367	1.22455	518	0	4
2021.12.08	02:00:00	1.22453	1.22470	1.22378	1.22420	748	0	3
2021.12.08	03:00:00	1.22425	1.22435	1.22332	1.22370	1206	0	3
2021.12.08	04:00:00	1.22371	1.22452	1.22371	1.22438	912	0	3
2021.12.08	05:00:00	1.22438	1.22488	1.22435	1.22460	742	0	3
2021.12.08	06:00:00	1.22460	1.22475	1.22397	1.22423	546	0	3
2021.12.08	07:00:00	1.22424	1.22427	1.22367	1.22400	608	0	3
2021.12.08	08:00:00	1.22403	1.22462	1.22389	1.22402	1234	0	4
2021.12.08	09:00:00	1.22403	1.22406	1.22197	1.22378	2100	0	3
2021.12.08	10:00:00	1.22376	1.22527	1.22279	1.22519	3633	0	3
2021.12.08	11:00:00	1.22519	1.22525	1.22320	1.22384	3253	0	3
2021.12.08	12:00:00	1.22384	1.22434	1.21873	1.21988	3994	0	3
2021.12.08	13:00:00	1.21989	1.22233	1.21609	1.22148	4719	0	3
2021.12.08	14:00:00	1.22149	1.22155	1.21810	1.21876	4785	0	3
2021.12.08	15:00:00	1.21885	1.21950	1.21749	1.21931	4855	0	3
2021.12.08	16:00:00	1.21929	1.21975	1.21850	1.21954	4541	0	3
2021.12.08	17:00:00	1.21954	1.21969	1.21707	1.21906	5169	0	3
2021.12.08	18:00:00	1.21906	1.22042	1.21831	1.22008	3284	0	3
2021.12.08	19:00:00	1.22006	1.22023	1.21844	1.21868	1935	0	3
2021.12.08	20:00:00	1.21869	1.21934	1.21783	1.21823	2000	0	3
2021.12.08	21:00:00	1.21823	1.21842	1.21739	1.21740	1281	0	3
2021.12.08	22:00:00	1.21740	1.21755	1.21656	1.21661	1063	0	3
2021.12.08	23:00:00	1.21663	1.21725	1.21410	1.21443	1240	0	3
2021.12.09	00:00:00	1.21425	1.21642	1.21403	1.21443	163	0	3
2021.12.09	01:00:00	1.21485	1.21566	1.21441	1.21547	540	0	5
2021.12.09	02:00:00	1.21547	1.21605	1.21496	1.21587	800	0	4
2021.12.09	03:00:00	1.21587	1.21614	1.21525	1.21605	959	0	3
2021.12.09	04:00:00	1.21604	1.21632	1.21566	1.21567	677	0	3
2021.12.09	05:00:00	1.21567	1.21639	1.21532	1.21605	571	0	4
2021.12.09	06:00:00	1.21605	1.21623	1.21570	1.21588	774	0	3
2021.12.09	07:00:00	1.21588	1.21654	1.21586	1.21642	675	0	3
2021.12.09	08:00:00	1.21644	1.21692	1.21600	1.21608	803	0	3
2021.12.09	09:00:00	1.21619	1.21655	1.21545	1.21558	2792	0	3
2021.12.09	10:00:00	1.21554	1.21671	1.21434	1.21603	3016	0	3
2021.12.09	11:00:00	1.21603	1.21746	1.21556	1.21712	2369	0	3
2021.12.09	12:00:00	1.21711	1.21752	1.21530	1.21629	2685	0	3
2021.12.09	13:00:00	1.21629	1.21711	1.21521	1.21630	2852	0	3
2021.12.09	14:00:00	1.21630	1.21888	1.21513	1.21875	2888	0	3
2021.12.09	15:00:00	1.21874	1.22006	1.21764	1.21972	3463	0	3
2021.12.09	16:00:00	1.21973	1.22113	1.21822	1.22076	3564	0	3
2021.12.09	17:00:00	1.22071	1.22241	1.22046	1.22219	4461	0	3
2021.12.09	18:00:00	1.22217	1.22262	1.22101	1.22106	3320	0	3
2021.12.09	19:00:00	1.22106	1.22238	1.22105	1.22208	1960	0	3
2021.12.09	20:00:00	1.22208	1.22280	1.22135	1.22178	2261	0	3
2021.12.09	21:00:00	1.22176	1.22223	1.22105	1.22113	1709	0	3
2021.12.09	22:00:00	1.22113	1.22150	1.22087	1.22103	1814	0	3
2021.12.09	23:00:00	1.22101	1.22211	1.22097	1.22125	844	0	4
2021.12.10	00:00:00	1.22135	1.22135	1.22003	1.22047	121	0	9
2021.12.10	01:00:00	1.22045	1.22163	1.22045	1.22159	575	0	6
2021.12.10	02:00:00	1.22157	1.22193	1.22078	1.22086	566	0	3
2021.12.10	03:00:00	1.22088	1.22174	1.22041	1.22143	1166	0	3
2021.12.10	04:00:00	1.22143	1.22213	1.22142	1.22179	742	0	4
2021.12.10	05:00:00	1.22179	1.22250	1.22177	1.22216	660	0	3
2021.12.10	06:00:00	1.22216	1.22220	1.22170	1.22170	534	0	3
2021.12.10	07:00:00	1.22169	1.22182	1.22133	1.22171	762	0	3
2021.12.10	08:00:00	1.22173	1.22290	1.22118	1.22272	1410	0	3
2021.12.10	09:00:00	1.22274	1.22317	1.22154	1.22154	2294	0	3
2021.12.10	10:00:00	1.22159	1.22187	1.21932	1.21940	3780	0	3
2021.12.10	11:00:00	1.21940	1.22036	1.21917	1.21955	2635	0	3
2021.12.10	12:00:00	1.21954	1.22086	1.21929	1.21957	1866	0	3
2021.12.10	13:00:00	1.21959	1.22119	1.21921	1.22069	2073	0	3
2021.12.10	14:00:00	1.22069	1.22082	1.21969	1.22066	1824	0	3
2021.12.10	15:00:00	1.22066	1.22236	1.22032	1.22136	4521	0	3
2021.12.10	16:00:00	1.22138	1.22177	1.21868	1.21869	4120	0	3
2021.12.10	17:00:00	1.21870	1.22022	1.21825	1.21941	4083	0	3
2021.12.10	18:00:00	1.21943	1.22111	1.21752	1.22094	3114	0	3
2021.12.10	19:00:00	1.22093	1.22164	1.22054	1.22112	1592	0	3
2021.12.10	20:00:00	1.22112	1.22175	1.22062	1.22083	1312	0	3
2021.12.10	21:00:00	1.22083	1.22117	1.22067	1.22092	860	0	3
2021.12.10	22:00:00	1.22093	1.22184	1.22084	1.22168	851	0	3
2021.12.10	23:00:00	1.22167	1.22176	1.22109	1.22109	849	0	3
2021.12.13	00:00:00	1.22069	1.22144	1.21983	1.21989	1576	0	72
2021.12.13	01:00:00	1.21986	1.22137	1.21977	1.22135	991	0	5
2021.12.13	02:00:00	1.22134	1.22164	1.22108	1.22139	708	0	3
2021.12.13	03:00:00	1.22140	1.22216	1.22135	1.22161	759	0	3
2021.12.13	04:00:00	1.22161	1.22229	1.22128	1.22131	582	0	3
2021.12.13	05:00:00	1.22131	1.22167	1.22126	1.22137	485	0	4
2021.12.13	06:00:00	1.22137	1.22179	1.22124	1.22141	507	0	5
2021.12.13	07:00:00	1.22141	1.22175	1.22120	1.22163	572	0	3
2021.12.13	08:00:00	1.22161	1.22183	1.22001	1.22006	1211	0	3
2021.12.13	09:00:00	1.22006	1.22103	1.21968	1.22099	1630	0	3
2021.12.13	10:00:00	1.22097	1.22290	1.22078	1.22213	2079	0	3
2021.12.13	11:00:00	1.22214	1.22568	1.22195	1.22498	2355	0	3
2021.12.13	12:00:00	1.22498	1.22518	1.22392	1.22446	2437	0	3
2021.12.13	13:00:00	1.22447	1.22571	1.22428	1.22569	2561	0	3
2021.12.13	14:00:00	1.22569	1.22569	1.22291	1.22347	3037	0	3
2021.12.13	15:00:00	1.22342	1.22391	1.22281	1.22342	3181	0	3
2021.12.13	16:00:00	1.22346	1.22376	1.22252	1.22319	4194	0	3
2021.12.13	17:00:00	1.22316	1.22326	1.22112	1.22143	4500	0	3
2021.12.13	18:00:00	1.22140	1.22147	1.21886	1.21910	2633	0	3
2021.12.13	19:00:00	1.21908	1.21909	1.21749	1.21777	1718	0	3
2021.12.13	20:00:00	1.21778	1.21827	1.21745	1.21816	1307	0	3
2021.12.13	21:00:00	1.21812	1.21892	1.21790	1.21883	817	0	3
2021.12.13	22:00:00	1.21884	1.21953	1.21865	1.21870	1284	0	3
2021.12.13	23:00:00	1.21877	1.21907	1.21839	1.21870	883	0	3
2021.12.14	00:00:00	1.21851	1.21874	1.21821	1.21858	92	0	143
2021.12.14	01:00:00	1.21858	1.21933	1.21833	1.21879	553	0	9
2021.12.14	02:00:00	1.21878	1.21930	1.21847	1.21896	581	0	3
2021.12.14	03:00:00	1.21897	1.21930	1.21839	1.21841	749	0	3
2021.12.14	04:00:00	1.21841	1.21889	1.21832	1.21857	597	0	3
2021.12.14	05:00:00	1.21852	1.21882	1.21800	1.21813	657	0	3
2021.12.14	06:00:00	1.21813	1.21870	1.21788	1.21864	436	0	3
2021.12.14	07:00:00	1.21864	1.21909	1.21843	1.21909	505	0	4
2021.12.14	08:00:00	1.21909	1.22002	1.21889	1.21996	712	0	3
2021.12.14	09:00:00	1.21999	1.22019	1.21884	1.21898	1406	0	3
2021.12.14	10:00:00	1.21898	1.21948	1.21698	1.21703	2743	0	3
2021.12.14	11:00:00	1.21702	1.21864	1.21680	1.21724	3217	0	3
2021.12.14	12:00:00	1.21722	1.21786	1.21610	1.21707	2770	0	3
2021.12.14	13:00:00	1.21707	1.21840	1.21676	1.21840	2335	0	3
2021.12.14	14:00:00	1.21840	1.21919	1.21721	1.21893	2896	0	3
2021.12.14	15:00:00	1.21891	1.21926	1.21668	1.21677	3567	0	3
2021.12.14	16:00:00	1.21677	1.21992	1.21672	1.21941	3808	0	3
2021.12.14	17:00:00	1.21941	1.22309	1.21843	1.22263	3596	0	3
2021.12.14	18:00:00	1.22262	1.22356	1.22156	1.22158	2790	0	3
2021.12.14	19:00:00	1.22157	1.22171	1.22033	1.22069	1499	0	3
2021.12.14	20:00:00	1.22071	1.22177	1.22061	1.22164	1104	0	3
2021.12.14	21:00:00	1.22168	1.22207	1.22129	1.22186	1126	0	3
2021.12.14	22:00:00	1.22186	1.22241	1.22173	1.22224	1287	0	3
2021.12.14	23:00:00	1.22222	1.22280	1.22204	1.22237	969	0	3
2021.12.15	00:00:00	1.22118	1.22197	1.22074	1.22180	871	0	73
2021.12.15	01:00:00	1.22189	1.22277	1.22189	1.22260	462	0	10
2021.12.15	02:00:00	1.22260	1.22302	1.22212	1.22243	491	0	3
2021.12.15	03:00:00	1.22243	1.22252	1.22193	1.22223	767	0	3
2021.12.15	04:00:00	1.22223	1.22277	1.22200	1.22255	612	0	3
2021.12.15	05:00:00	1.22255	1.22292	1.22224	1.22288	429	0	5
2021.12.15	06:00:00	1.22291	1.22354	1.22289	1.22352	419	0	3
2021.12.15	07:00:00	1.22352	1.22371	1.22310	1.22352	552	0	3
2021.12.15	08:00:00	1.22351	1.22359	1.22262	1.22269	707	0	3
2021.12.15	09:00:00	1.22270	1.22576	1.22270	1.22546	2001	0	3
2021.12.15	10:00:00	1.22547	1.22777	1.22506	1.22683	2622	0	3
2021.12.15	11:00:00	1.22683	1.22712	1.22513	1.22552	2152	0	3
2021.12.15	12:00:00	1.22553	1.22674	1.22514	1.22641	1923	0	3
2021.12.15	13:00:00	1.22641	1.22660	1.22472	1.22569	1724	0	3
2021.12.15	14:00:00	1.22567	1.22652	1.22528	1.22607	2292	0	3
2021.12.15	15:00:00	1.22604	1.22612	1.22457	1.22552	3043	0	3
2021.12.15	16:00:00	1.22547	1.22681	1.22397	1.22407	4202	0	3
2021.12.15	17:00:00	1.22406	1.22524	1.22352	1.22408	3944	0	3
2021.12.15	18:00:00	1.22408	1.22435	1.22237	1.22315	3053	0	3
2021.12.15	19:00:00	1.22315	1.22473	1.22305	1.22423	1747	0	3
2021.12.15	20:00:00	1.22421	1.22505	1.22391	1.22456	1551	0	3
2021.12.15	21:00:00	1.22447	1.22615	1.22341	1.22556	8276	0	3
2021.12.15	22:00:00	1.22564	1.22699	1.22529	1.22612	4665	0	3
2021.12.15	23:00:00	1.22615	1.22639	1.22578	1.22591	1011	0	3
2021.12.16	00:00:00	1.22508	1.22549	1.22373	1.22440	682	0	58
2021.12.16	01:00:00	1.22439	1.22660	1.22439	1.22604	638	0	6
2021.12.16	02:00:00	1.22603	1.22677	1.22565	1.22653	963	0	3
2021.12.16	03:00:00	1.22653	1.22676	1.22572	1.22582	1307	0	3
2021.12.16	04:00:00	1.22583	1.22603	1.22417	1.22422	1154	0	3
2021.12.16	05:00:00	1.22421	1.22521	1.22421	1.22499	734	0	3
2021.12.16	06:00:00	1.22499	1.22633	1.22484	1.22584	951	0	3
2021.12.16	07:00:00	1.22584	1.22611	1.22498	1.22514	759	0	3
2021.12.16	08:00:00	1.22514	1.22583	1.22470	1.22484	1011	0	3
2021.12.16	09:00:00	1.22486	1.22601	1.22396	1.22455	2090	0	3
2021.12.16	10:00:00	1.22455	1.22791	1.22453	1.22665	3552	0	3
2021.12.16	11:00:00	1.22669	1.22851	1.22552	1.22812	3035	0	3
2021.12.16	12:00:00	1.22812	1.22961	1.22754	1.22903	2927	0	3
2021.12.16	13:00:00	1.22897	1.22910	1.22651	1.22821	2607	0	3
2021.12.16	14:00:00	1.22821	1.23590	1.22821	1.23222	6030	0	3
2021.12.16	15:00:00	1.23224	1.23289	1.22901	1.22957	4852	0	3
2021.12.16	16:00:00	1.22959	1.22970	1.22752	1.22788	6104	0	3
2021.12.16	17:00:00	1.22784	1.22948	1.22680	1.22879	4872	0	3
2021.12.16	18:00:00	1.22879	1.22896	1.22701	1.22783	3411	0	3
2021.12.16	19:00:00	1.22783	1.22805	1.22599	1.22609	2286	0	3
2021.12.16	20:00:00	1.22614	1.22617	1.22471	1.22478	1879	0	3
2021.12.16	21:00:00	1.22472	1.22483	1.22329	1.22354	2086	0	3
2021.12.16	22:00:00	1.22354	1.22474	1.22317	1.22455	2160	0	3
2021.12.16	23:00:00	1.22457	1.22523	1.22429	1.22487	913	0	3
2021.12.17	00:00:00	1.22401	1.22526	1.22401	1.22453	283	0	32
2021.12.17	01:00:00	1.22453	1.22497	1.22425	1.22431	801	0	6
2021.12.17	02:00:00	1.22431	1.22584	1.22431	1.22542	934	0	3
2021.12.17	03:00:00	1.22540	1.22556	1.22464	1.22518	1204	0	3
2021.12.17	04:00:00	1.22518	1.22588	1.22509	1.22556	1040	0	3
2021.12.17	05:00:00	1.22556	1.22573	1.22422	1.22426	862	0	3
2021.12.17	06:00:00	1.22426	1.22454	1.22379	1.22433	1202	0	3
2021.12.17	07:00:00	1.22433	1.22464	1.22373	1.22434	1035	0	3
2021.12.17	08:00:00	1.22434	1.22478	1.22360	1.22443	1254	0	3
2021.12.17	09:00:00	1.22450	1.22454	1.22306	1.22397	2756	0	3
2021.12.17	10:00:00	1.22396	1.22505	1.22263	1.22294	3916	0	3
2021.12.17	11:00:00	1.22294	1.22404	1.22190	1.22251	3631	0	3
2021.12.17	12:00:00	1.22251	1.22280	1.21983	1.22090	2931	0	3
2021.12.17	13:00:00	1.22088	1.22252	1.22040	1.22200	2008	0	3
2021.12.17	14:00:00	1.22195	1.22264	1.22050	1.22141	2318	0	3
2021.12.17	15:00:00	1.22141	1.22403	1.22083	1.22371	2910	0	3
2021.12.17	16:00:00	1.22370	1.22420	1.22243	1.22272	3998	0	3
2021.12.17	17:00:00	1.22269	1.22430	1.22170	1.22313	4505	0	3
2021.12.17	18:00:00	1.22315	1.22445	1.22249	1.22426	3292	0	3
2021.12.17	19:00:00	1.22426	1.22498	1.22387	1.22482	1850	0	3
2021.12.17	20:00:00	1.22480	1.22520	1.22416	1.22492	1715	0	3
2021.12.17	21:00:00	1.22487	1.22536	1.22400	1.22402	1757	0	3
2021.12.17	22:00:00	1.22410	1.22430	1.22320	1.22352	1767	0	3
2021.12.17	23:00:00	1.22350	1.22371	1.22297	1.22333	1269	0	4
2021.12.20	00:00:00	1.22304	1.22375	1.22260	1.22293	455	0	65
2021.12.20	01:00:00	1.22299	1.22360	1.22133	1.22142	906	0	7
2021.12.20	02:00:00	1.22144	1.22252	1.22143	1.22217	1127	0	3
2021.12.20	03:00:00	1.22217	1.22263	1.22170	1.22232	1269	0	3
2021.12.20	04:00:00	1.22230	1.22240	1.22165	1.22203	955	0	3
2021.12.20	05:00:00	1.22203	1.22219	1.22152	1.22174	760	0	3
2021.12.20	06:00:00	1.22174	1.22196	1.22144	1.22157	608	0	3
2021.12.20	07:00:00	1.22157	1.22162	1.22038	1.22079	915	0	4
2021.12.20	08:00:00	1.22078	1.22101	1.22046	1.22091	1216	0	3
2021.12.20	09:00:00	1.22094	1.22113	1.21947	1.22078	2529	0	3
2021.12.20	10:00:00	1.22073	1.22103	1.21864	1.21885	3155	0	3
2021.12.20	11:00:00	1.21884	1.21935	1.21736	1.21827	3422	0	3
2021.12.20	12:00:00	1.21827	1.21956	1.21826	1.21928	3092	0	3
2021.12.20	13:00:00	1.21928	1.21961	1.21800	1.21957	1814	0	3
2021.12.20	14:00:00	1.21956	1.22057	1.21921	1.22015	2043	0	3
2021.12.20	15:00:00	1.22016	1.22266	1.21973	1.22061	2894	0	3
2021.12.20	16:00:00	1.22060	1.22097	1.21806	1.21837	3644	0	3
2021.12.20	17:00:00	1.21837	1.21882	1.21544	1.21770	4028	0	3
2021.12.20	18:00:00	1.21766	1.21773	1.21525	1.21645	3113	0	3
2021.12.20	19:00:00	1.21644	1.21735	1.21617	1.21703	1765	0	3
2021.12.20	20:00:00	1.21701	1.21795	1.21698	1.21778	1004	0	3
2021.12.20	21:00:00	1.21778	1.21841	1.21748	1.21779	1433	0	3
2021.12.20	22:00:00	1.21780	1.21810	1.21685	1.21687	1895	0	3
2021.12.20	23:00:00	1.21687	1.21777	1.21680	1.21705	1034	0	3
2021.12.21	00:00:00	1.21542	1.21750	1.21465	1.21646	277	0	80
2021.12.21	01:00:00	1.21646	1.21758	1.21646	1.21756	402	0	7
2021.12.21	02:00:00	1.21756	1.21763	1.21637	1.21677	616	0	3
2021.12.21	03:00:00	1.21677	1.21776	1.21628	1.21760	1146	0	3
2021.12.21	04:00:00	1.21760	1.21767	1.21718	1.21734	678	0	3
2021.12.21	05:00:00	1.21736	1.21770	1.21734	1.21766	581	0	4
2021.12.21	06:00:00	1.21766	1.21779	1.21721	1.21753	554	0	3
2021.12.21	07:00:00	1.21752	1.21879	1.21752	1.21867	545	0	4
2021.12.21	08:00:00	1.21867	1.21890	1.21780	1.21858	879	0	3
2021.12.21	09:00:00	1.21856	1.21856	1.21614	1.21764	2085	0	3
2021.12.21	10:00:00	1.21765	1.21917	1.21714	1.21777	3522	0	3
2021.12.21	11:00:00	1.21777	1.21976	1.21728	1.21967	3128	0	3
2021.12.21	12:00:00	1.21968	1.22123	1.21962	1.22061	2579	0	3
2021.12.21	13:00:00	1.22060	1.22257	1.22058	1.22148	2511	0	3
2021.12.21	14:00:00	1.22150	1.22288	1.22108	1.22207	2210	0	3
2021.12.21	15:00:00	1.22208	1.22303	1.22117	1.22298	2723	0	3
2021.12.21	16:00:00	1.22298	1.22479	1.22277	1.22368	3324	0	3
2021.12.21	17:00:00	1.22368	1.22446	1.22272	1.22412	4251	0	3
2021.12.21	18:00:00	1.22412	1.22591	1.22383	1.22441	2927	0	3
2021.12.21	19:00:00	1.22439	1.22591	1.22439	1.22557	1788	0	3
2021.12.21	20:00:00	1.22557	1.22600	1.22511	1.22545	1752	0	3
2021.12.21	21:00:00	1.22545	1.22578	1.22530	1.22534	1321	0	3
2021.12.21	22:00:00	1.22534	1.22582	1.22478	1.22568	1376	0	4
2021.12.21	23:00:00	1.22568	1.22571	1.22501	1.22538	568	0	3
2021.12.22	00:00:00	1.22438	1.22516	1.22334	1.22501	176	0	115
2021.12.22	01:00:00	1.22501	1.22551	1.22473	1.22473	484	0	6
2021.12.22	02:00:00	1.22473	1.22525	1.22458	1.22470	653	0	4
2021.12.22	03:00:00	1.22470	1.22595	1.22465	1.22590	712	0	3
2021.12.22	04:00:00	1.22590	1.22620	1.22497	1.22510	608	0	3
2021.12.22	05:00:00	1.22510	1.22510	1.22468	1.22489	437	0	6
2021.12.22	06:00:00	1.22489	1.22496	1.22452	1.22475	291	0	4
2021.12.22	07:00:00	1.22475	1.22533	1.22446	1.22456	664	0	3
2021.12.22	08:00:00	1.22456	1.22545	1.22386	1.22530	998	0	3
2021.12.22	09:00:00	1.22535	1.22777	1.22456	1.22767	1547	0	3
2021.12.22	10:00:00	1.22766	1.22799	1.22673	1.22710	2460	0	3
2021.12.22	11:00:00	1.22710	1.22868	1.22635	1.22815	2035	0	3
2021.12.22	12:00:00	1.22815	1.22984	1.22780	1.22959	2549	0	3
2021.12.22	13:00:00	1.22958	1.22959	1.22825	1.22873	2451	0	3
2021.12.22	14:00:00	1.22875	1.22875	1.22704	1.22723	2416	0	3
2021.12.22	15:00:00	1.22720	1.22966	1.22715	1.22893	2722	0	3
2021.12.22	16:00:00	1.22893	1.22929	1.22769	1.22890	3464	0	3
2021.12.22	17:00:00	1.22885	1.22933	1.22828	1.22896	3467	0	3
2021.12.22	18:00:00	1.22895	1.22914	1.22726	1.22782	3144	0	3
2021.12.22	19:00:00	1.22788	1.22874	1.22732	1.22857	1463	0	3
2021.12.22	20:00:00	1.22856	1.22878	1.22824	1.22848	976	0	3
2021.12.22	21:00:00	1.22848	1.22892	1.22833	1.22859	986	0	3
2021.12.22	22:00:00	1.22861	1.22866	1.22761	1.22814	1229	0	4
2021.12.22	23:00:00	1.22815	1.22836	1.22766	1.22798	922	0	3
2021.12.23	00:00:00	1.22708	1.22770	1.22641	1.22734	106	0	102
2021.12.23	01:00:00	1.22680	1.22832	1.22680	1.22745	463	0	10
2021.12.23	02:00:00	1.22742	1.22791	1.22726	1.22769	532	0	3
2021.12.23	03:00:00	1.22766	1.22770	1.22656	1.22693	527	0	5
2021.12.23	04:00:00	1.22693	1.22744	1.22661	1.22738	390	0	3
2021.12.23	05:00:00	1.22738	1.22747	1.22702	1.22716	501	0	5
2021.12.23	06:00:00	1.22716	1.22722	1.22660	1.22671	467	0	3
2021.12.23	07:00:00	1.22671	1.22713	1.22652	1.22705	381	0	8
2021.12.23	08:00:00	1.22705	1.22764	1.22690	1.22739	445	0	6
2021.12.23	09:00:00	1.22737	1.22957	1.22698	1.22956	1193	0	3
2021.12.23	10:00:00	1.22957	1.23270	1.22949	1.23222	2239	0	3
2021.12.23	11:00:00	1.23223	1.23432	1.23204	1.23342	2255	0	3
2021.12.23	12:00:00	1.23344	1.23496	1.23323	1.23358	2018	0	3
2021.12.23	13:00:00	1.23358	1.23611	1.23337	1.23608	2402	0	3
2021.12.23	14:00:00	1.23608	1.23719	1.23565	1.23648	2733	0	3
2021.12.23	15:00:00	1.23648	1.23689	1.23435	1.23468	3434	0	3
2021.12.23	16:00:00	1.23469	1.23547	1.23170	1.23225	3690	0	3
2021.12.23	17:00:00	1.23228	1.23409	1.23172	1.23380	3592	0	3
2021.12.23	18:00:00	1.23373	1.23373	1.23117	1.23174	2753	0	3
2021.12.23	19:00:00	1.23174	1.23182	1.23090	1.23122	1416	0	3
2021.12.23	20:00:00	1.23120	1.23147	1.23097	1.23111	1023	0	3
2021.12.23	21:00:00	1.23109	1.23193	1.23105	1.23183	761	0	3
2021.12.23	22:00:00	1.23183	1.23190	1.23152	1.23177	812	0	5
2021.12.23	23:00:00	1.23177	1.23199	1.23111	1.23181	631	0	3
2021.12.24	00:00:00	1.23087	1.23096	1.22967	1.23076	218	0	155
2021.12.24	01:00:00	1.23076	1.23139	1.23002	1.23123	381	0	92
2021.12.24	02:00:00	1.23132	1.23163	1.22994	1.23000	405	0	3
2021.12.24	03:00:00	1.23000	1.23073	1.22979	1.22986	485	0	10
2021.12.24	04:00:00	1.22986	1.23089	1.22986	1.23055	998	0	15
2021.12.24	05:00:00	1.23055	1.23087	1.22997	1.22998	1522	0	27
2021.12.24	06:00:00	1.22998	1.23044	1.22897	1.22911	936	0	3
2021.12.24	07:00:00	1.22911	1.22969	1.22772	1.22786	920	0	14
2021.12.24	08:00:00	1.22794	1.22952	1.22781	1.22899	1854	0	16
2021.12.24	09:00:00	1.22899	1.23043	1.22835	1.22967	861	0	3
2021.12.24	10:00:00	1.22956	1.23132	1.22927	1.23027	3462	0	3
2021.12.24	11:00:00	1.23027	1.23089	1.22879	1.23017	2537	0	3
2021.12.24	12:00:00	1.23016	1.23050	1.22893	1.23031	2028	0	3
2021.12.24	13:00:00	1.23030	1.23081	1.22945	1.23056	2537	0	3
2021.12.24	14:00:00	1.23060	1.23249	1.23006	1.23205	3197	0	3
2021.12.24	15:00:00	1.23210	1.23301	1.23078	1.23088	3073	0	3
2021.12.24	16:00:00	1.23092	1.23216	1.23061	1.23089	1035	0	36
2021.12.24	17:00:00	1.23088	1.23164	1.23064	1.23160	1037	0	24
2021.12.24	18:00:00	1.23160	1.23200	1.23019	1.23028	285	0	3
2021.12.24	19:00:00	1.23078	1.23141	1.23012	1.23105	184	0	95
2021.12.24	20:00:00	1.23105	1.23224	1.22959	1.23120	170	0	29
2021.12.24	21:00:00	1.23120	1.23203	1.23008	1.23198	281	0	3
2021.12.24	22:00:00	1.23180	1.23276	1.23092	1.23092	60	0	75
2021.12.24	23:00:00	1.23058	1.23155	1.22971	1.22971	808	0	243
2021.12.27	00:00:00	1.23037	1.23098	1.22944	1.22951	58	0	279
2021.12.27	01:00:00	1.23000	1.23164	1.22916	1.23149	673	0	7
2021.12.27	02:00:00	1.23149	1.23201	1.23105	1.23108	825	0	5
2021.12.27	03:00:00	1.23108	1.23194	1.23105	1.23186	578	0	8
2021.12.27	04:00:00	1.23185	1.23322	1.23175	1.23318	514	0	7
2021.12.27	05:00:00	1.23318	1.23349	1.23276	1.23314	317	0	5
2021.12.27	06:00:00	1.23314	1.23315	1.23257	1.23290	425	0	3
2021.12.27	07:00:00	1.23290	1.23310	1.23238	1.23240	538	0	7
2021.12.27	08:00:00	1.23241	1.23251	1.23200	1.23238	711	0	3
2021.12.27	09:00:00	1.23239	1.23246	1.23097	1.23206	882	0	3
2021.12.27	10:00:00	1.23205	1.23308	1.23148	1.23213	2054	0	3
2021.12.27	11:00:00	1.23214	1.23256	1.23108	1.23249	1578	0	3
2021.12.27	12:00:00	1.23249	1.23264	1.23065	1.23112	1444	0	3
2021.12.27	13:00:00	1.23114	1.23183	1.23015	1.23181	1039	0	3
2021.12.27	14:00:00	1.23181	1.23291	1.23180	1.23214	1383	0	3
2021.12.27	15:00:00	1.23216	1.23426	1.23205	1.23411	1578	0	3
2021.12.27	16:00:00	1.23408	1.23458	1.23182	1.23184	1866	0	3
2021.12.27	17:00:00	1.23184	1.23242	1.23086	1.23135	2284	0	3
2021.12.27	18:00:00	1.23135	1.23346	1.23110	1.23289	1188	0	3
2021.12.27	19:00:00	1.23289	1.23360	1.23261	1.23341	568	0	5
2021.12.27	20:00:00	1.23343	1.23354	1.23245	1.23277	800	0	5
2021.12.27	21:00:00	1.23277	1.23348	1.23256	1.23343	987	0	6
2021.12.27	22:00:00	1.23342	1.23342	1.23272	1.23307	798	0	4
2021.12.27	23:00:00	1.23307	1.23354	1.23293	1.23346	538	0	7
2021.12.28	00:00:00	1.23275	1.23340	1.23274	1.23291	92	0	49
2021.12.28	01:00:00	1.23291	1.23350	1.23259	1.23279	286	0	9
2021.12.28	02:00:00	1.23282	1.23285	1.23212	1.23218	557	0	6
2021.12.28	03:00:00	1.23220	1.23272	1.23181	1.23260	575	0	7
2021.12.28	04:00:00	1.23257	1.23262	1.23229	1.23241	441	0	7
2021.12.28	05:00:00	1.23242	1.23245	1.23208	1.23210	385	0	6
2021.12.28	06:00:00	1.23210	1.23256	1.23200	1.23230	352	0	3
2021.12.28	07:00:00	1.23230	1.23309	1.23225	1.23277	304	0	6
2021.12.28	08:00:00	1.23277	1.23309	1.23226	1.23300	576	0	3
2021.12.28	09:00:00	1.23301	1.23326	1.23249	1.23314	967	0	3
2021.12.28	10:00:00	1.23310	1.23351	1.23220	1.23240	2030	0	3
2021.12.28	11:00:00	1.23240	1.23266	1.23185	1.23224	1488	0	3
2021.12.28	12:00:00	1.23224	1.23252	1.23168	1.23217	1231	0	3
2021.12.28	13:00:00	1.23217	1.23335	1.23207	1.23273	1067	0	3
2021.12.28	14:00:00	1.23273	1.23334	1.23207	1.23223	1387	0	3
2021.12.28	15:00:00	1.23225	1.23341	1.23206	1.23338	1876	0	3
2021.12.28	16:00:00	1.23336	1.23445	1.23265	1.23413	3155	0	3
2021.12.28	17:00:00	1.23413	1.23491	1.23234	1.23294	2847	0	3
2021.12.28	18:00:00	1.23290	1.23309	1.23084	1.23130	1894	0	3
2021.12.28	19:00:00	1.23130	1.23209	1.23104	1.23195	1249	0	3
2021.12.28	20:00:00	1.23195	1.23242	1.23163	1.23184	1409	0	3
2021.12.28	21:00:00	1.23184	1.23200	1.23157	1.23173	1113	0	3
2021.12.28	22:00:00	1.23176	1.23271	1.23165	1.23215	838	0	3
2021.12.28	23:00:00	1.23214	1.23234	1.23180	1.23196	542	0	5
2021.12.29	00:00:00	1.23135	1.23176	1.23123	1.23160	93	0	233
2021.12.29	01:00:00	1.23160	1.23233	1.23106	1.23199	712	0	9
2021.12.29	02:00:00	1.23198	1.23246	1.23168	1.23235	362	0	6
2021.12.29	03:00:00	1.23234	1.23249	1.23152	1.23178	862	0	3
2021.12.29	04:00:00	1.23178	1.23214	1.23160	1.23205	589	0	5
2021.12.29	05:00:00	1.23205	1.23248	1.23183	1.23208	374	0	3
2021.12.29	06:00:00	1.23202	1.23234	1.23197	1.23228	324	0	4
2021.12.29	07:00:00	1.23228	1.23237	1.23195	1.23209	387	0	7
2021.12.29	08:00:00	1.23210	1.23218	1.23173	1.23192	584	0	3
2021.12.29	09:00:00	1.23194	1.23194	1.23100	1.23152	1121	0	3
2021.12.29	10:00:00	1.23158	1.23363	1.23151	1.23350	2054	0	3
2021.12.29	11:00:00	1.23348	1.23391	1.23227	1.23290	1721	0	3
2021.12.29	12:00:00	1.23290	1.23423	1.23287	1.23382	1660	0	3
2021.12.29	13:00:00	1.23382	1.23445	1.23214	1.23377	1523	0	3
2021.12.29	14:00:00	1.23377	1.23437	1.23302	1.23360	1952	0	3
2021.12.29	15:00:00	1.23356	1.23466	1.23309	1.23378	2737	0	3
2021.12.29	16:00:00	1.23367	1.23434	1.23167	1.23280	2989	0	3
2021.12.29	17:00:00	1.23280	1.23340	1.23142	1.23182	4784	0	3
2021.12.29	18:00:00	1.23184	1.23327	1.23143	1.23272	2636	0	3
2021.12.29	19:00:00	1.23273	1.23398	1.23200	1.23368	1042	0	3
2021.12.29	20:00:00	1.23368	1.23477	1.23355	1.23428	1018	0	3
2021.12.29	21:00:00	1.23428	1.23436	1.23330	1.23356	772	0	3
2021.12.29	22:00:00	1.23360	1.23364	1.23295	1.23332	791	0	3
2021.12.29	23:00:00	1.23331	1.23379	1.23301	1.23361	613	0	3
2021.12.30	00:00:00	1.23309	1.23359	1.23279	1.23315	252	0	26
2021.12.30	01:00:00	1.23315	1.23384	1.23315	1.23340	369	0	8
2021.12.30	02:00:00	1.23340	1.23397	1.23329	1.23396	573	0	5
2021.12.30	03:00:00	1.23396	1.23573	1.23392	1.23567	695	0	7
2021.12.30	04:00:00	1.23566	1.23583	1.23517	1.23529	483	0	6
2021.12.30	05:00:00	1.23530	1.23532	1.23452	1.23452	425	0	7
2021.12.30	06:00:00	1.23453	1.23516	1.23443	1.23484	429	0	6
2021.12.30	07:00:00	1.23482	1.23521	1.23457	1.23509	431	0	6
2021.12.30	08:00:00	1.23507	1.23561	1.23425	1.23538	756	0	3
2021.12.30	09:00:00	1.23544	1.23581	1.23391	1.23540	1312	0	3
2021.12.30	10:00:00	1.23543	1.23624	1.23447	1.23517	2068	0	3
2021.12.30	11:00:00	1.23517	1.23592	1.23485	1.23536	1525	0	4
2021.12.30	12:00:00	1.23539	1.23636	1.23509	1.23553	1891	0	3
2021.12.30	13:00:00	1.23551	1.23587	1.23375	1.23392	1726	0	3
2021.12.30	14:00:00	1.23394	1.23531	1.23389	1.23484	2119	0	3
2021.12.30	15:00:00	1.23484	1.23603	1.23433	1.23548	3096	0	3
2021.12.30	16:00:00	1.23550	1.23590	1.23403	1.23434	3502	0	3
2021.12.30	17:00:00	1.23436	1.23528	1.23276	1.23348	3679	0	3
2021.12.30	18:00:00	1.23347	1.23517	1.23290	1.23468	2371	0	3
2021.12.30	19:00:00	1.23468	1.23480	1.23303	1.23303	1348	0	3
2021.12.30	20:00:00	1.23304	1.23473	1.23295	1.23432	891	0	3
2021.12.30	21:00:00	1.23432	1.23453	1.23396	1.23453	928	0	3
2021.12.30	22:00:00	1.23453	1.23488	1.23373	1.23378	1275	0	4
2021.12.30	23:00:00	1.23378	1.23410	1.23323	1.23385	584	0	4
2021.12.31	00:00:00	1.23268	1.23306	1.23174	1.23305	114	0	25
2021.12.31	01:00:00	1.23301	1.23356	1.23300	1.23343	428	0	9
2021.12.31	02:00:00	1.23343	1.23356	1.23289	1.23319	277	0	5
2021.12.31	03:00:00	1.23319	1.23429	1.23319	1.23418	419	0	6
2021.12.31	04:00:00	1.23418	1.23443	1.23383	1.23426	307	0	6
2021.12.31	05:00:00	1.23426	1.23436	1.23372	1.23394	305	0	7
2021.12.31	06:00:00	1.23392	1.23408	1.23355	1.23356	251	0	4
2021.12.31	07:00:00	1.23356	1.23427	1.23347	1.23420	353	0	4
2021.12.31	08:00:00	1.23420	1.23469	1.23398	1.23461	610	0	3
2021.12.31	09:00:00	1.23460	1.23522	1.23404	1.23514	1216	0	3
2021.12.31	10:00:00	1.23514	1.23547	1.23410	1.23464	1931	0	3
2021.12.31	11:00:00	1.23464	1.23484	1.23284	1.23285	1503	0	3
2021.12.31	12:00:00	1.23285	1.23337	1.23150	1.23150	2127	0	3
2021.12.31	13:00:00	1.23149	1.23179	1.22999	1.23009	1997	0	3
2021.12.31	14:00:00	1.23016	1.23140	1.22880	1.22931	2588	0	3
2021.12.31	15:00:00	1.22931	1.23078	1.22849	1.23071	2850	0	3
2021.12.31	16:00:00	1.23071	1.23541	1.23052	1.23486	3074	0	3
2021.12.31	17:00:00	1.23497	1.23527	1.23254	1.23383	3770	0	3
2021.12.31	18:00:00	1.23385	1.23475	1.23316	1.23475	2406	0	3
2021.12.31	19:00:00	1.23475	1.23512	1.23289	1.23340	1467	0	3
2021.12.31	20:00:00	1.23342	1.23443	1.23305	1.23421	1107	0	3
2021.12.31	21:00:00	1.23419	1.23424	1.23301	1.23391	691	0	8
2021.12.31	22:00:00	1.23395	1.23395	1.23336	1.23370	838	0	3
2021.12.31	23:00:00	1.23372	1.23416	1.23272	1.23309	831	0	5
2022.01.03	00:00:00	1.23275	1.23275	1.23185	1.23212	150	0	279
2022.01.03	01:00:00	1.23244	1.23408	1.23226	1.23323	687	0	3
2022.01.03	02:00:00	1.23323	1.23487	1.23299	1.23409	649	0	3
2022.01.03	03:00:00	1.23408	1.23537	1.23386	1.23412	1102	0	3
2022.01.03	04:00:00	1.23412	1.23491	1.23398	1.23472	638	0	3
2022.01.03	05:00:00	1.23472	1.23478	1.23390	1.23406	683	0	3
2022.01.03	06:00:00	1.23406	1.23502	1.23405	1.23459	484	0	3
2022.01.03	07:00:00	1.23459	1.23490	1.23448	1.23474	431	0	3
2022.01.03	08:00:00	1.23475	1.23511	1.23428	1.23453	550	0	5
2022.01.03	09:00:00	1.23459	1.23471	1.23349	1.23419	1400	0	3
2022.01.03	10:00:00	1.23423	1.23543	1.23406	1.23426	2066	0	3
2022.01.03	11:00:00	1.23425	1.23452	1.23244	1.23267	1900	0	3
2022.01.03	12:00:00	1.23267	1.23410	1.23261	1.23308	1680	0	3
2022.01.03	13:00:00	1.23312	1.23371	1.23212	1.23225	1654	0	3
2022.01.03	14:00:00	1.23225	1.23345	1.23220	1.23334	2044	0	3
2022.01.03	15:00:00	1.23333	1.23421	1.23262	1.23375	2863	0	3
2022.01.03	16:00:00	1.23375	1.23680	1.23355	1.23609	3580	0	3
2022.01.03	17:00:00	1.23604	1.23641	1.23488	1.23548	4031	0	3
2022.01.03	18:00:00	1.23544	1.23775	1.23398	1.23735	2937	0	3
2022.01.03	19:00:00	1.23736	1.23896	1.23720	1.23830	1491	0	3
2022.01.03	20:00:00	1.23830	1.23874	1.23808	1.23808	1068	0	3
2022.01.03	21:00:00	1.23810	1.23845	1.23782	1.23838	1265	0	3
2022.01.03	22:00:00	1.23840	1.23859	1.23751	1.23837	1279	0	3
2022.01.03	23:00:00	1.23833	1.23852	1.23806	1.23839	581	0	3
2022.01.04	00:00:00	1.23803	1.23829	1.23661	1.23771	75	0	98
2022.01.04	01:00:00	1.23761	1.23896	1.23760	1.23813	584	0	7
2022.01.04	02:00:00	1.23813	1.23831	1.23666	1.23693	691	0	3
2022.01.04	03:00:00	1.23689	1.23718	1.23648	1.23693	818	0	3
2022.01.04	04:00:00	1.23693	1.23724	1.23631	1.23703	631	0	3
2022.01.04	05:00:00	1.23703	1.23736	1.23679	1.23688	743	0	3
2022.01.04	06:00:00	1.23688	1.23714	1.23657	1.23666	641	0	3
2022.01.04	07:00:00	1.23666	1.23720	1.23623	1.23641	575	0	4
2022.01.04	08:00:00	1.23639	1.23694	1.23576	1.23633	1048	0	3
2022.01.04	09:00:00	1.23636	1.23969	1.23634	1.23969	1726	0	3
2022.01.04	10:00:00	1.23964	1.23992	1.23796	1.23908	2530	0	3
2022.01.04	11:00:00	1.23909	1.24125	1.23890	1.24007	2521	0	3
2022.01.04	12:00:00	1.24000	1.24055	1.23855	1.23864	2346	0	3
2022.01.04	13:00:00	1.23864	1.24034	1.23802	1.24005	2352	0	3
2022.01.04	14:00:00	1.24003	1.24003	1.23806	1.23872	2638	0	3
2022.01.04	15:00:00	1.23871	1.23993	1.23779	1.23987	3191	0	3
2022.01.04	16:00:00	1.23987	1.24041	1.23830	1.23894	3332	0	3
2022.01.04	17:00:00	1.23878	1.24046	1.23852	1.23891	4395	0	3
2022.01.04	18:00:00	1.23895	1.24082	1.23769	1.23990	3365	0	3
2022.01.04	19:00:00	1.23989	1.24056	1.23908	1.23917	1387	0	3
2022.01.04	20:00:00	1.23916	1.24010	1.23913	1.23990	1401	0	3
2022.01.04	21:00:00	1.23989	1.24054	1.23941	1.24026	1209	0	3
2022.01.04	22:00:00	1.24024	1.24075	1.23949	1.23950	1220	0	3
2022.01.04	23:00:00	1.23951	1.23998	1.23929	1.23961	785	0	3
2022.01.05	00:00:00	1.23871	1.23924	1.23820	1.23842	80	0	113
2022.01.05	01:00:00	1.23842	1.24005	1.23842	1.23962	396	0	3
2022.01.05	02:00:00	1.23962	1.24047	1.23937	1.24040	616	0	3
2022.01.05	03:00:00	1.24040	1.24057	1.23964	1.24057	846	0	3
2022.01.05	04:00:00	1.24057	1.24069	1.23957	1.23974	715	0	4
2022.01.05	05:00:00	1.23974	1.23994	1.23917	1.23972	522	0	3
2022.01.05	06:00:00	1.23973	1.23984	1.23932	1.23944	473	0	4
2022.01.05	07:00:00	1.23944	1.23969	1.23915	1.23920	531	0	5
2022.01.05	08:00:00	1.23920	1.23948	1.23891	1.23920	782	0	3
2022.01.05	09:00:00	1.23923	1.23944	1.23822	1.23882	1196	0	3
2022.01.05	10:00:00	1.23883	1.24032	1.23824	1.24003	2080	0	3
2022.01.05	11:00:00	1.24003	1.24024	1.23822	1.23928	2138	0	3
2022.01.05	12:00:00	1.23928	1.24062	1.23783	1.23866	2462	0	3
2022.01.05	13:00:00	1.23866	1.24005	1.23856	1.23904	1682	0	3
2022.01.05	14:00:00	1.23916	1.24064	1.23855	1.24058	2516	0	3
2022.01.05	15:00:00	1.24057	1.24143	1.23993	1.24043	3757	0	3
2022.01.05	16:00:00	1.24045	1.24115	1.23964	1.23979	2763	0	3
2022.01.05	17:00:00	1.23976	1.24155	1.23933	1.24114	3303	0	3
2022.01.05	18:00:00	1.24111	1.24346	1.24061	1.24319	2744	0	3
2022.01.05	19:00:00	1.24319	1.24495	1.24312	1.24490	1962	0	3
2022.01.05	20:00:00	1.24490	1.24557	1.24436	1.24462	1495	0	3
2022.01.05	21:00:00	1.24462	1.24568	1.24379	1.24410	4546	0	3
2022.01.05	22:00:00	1.24406	1.24432	1.24341	1.24361	2376	0	3
2022.01.05	23:00:00	1.24363	1.24391	1.24313	1.24352	901	0	3
2022.01.06	00:00:00	1.24338	1.24338	1.24223	1.24278	190	0	3
2022.01.06	01:00:00	1.24250	1.24372	1.24250	1.24354	506	0	3
2022.01.06	02:00:00	1.24354	1.24400	1.24314	1.24399	703	0	3
2022.01.06	03:00:00	1.24400	1.24414	1.24256	1.24267	760	0	3
2022.01.06	04:00:00	1.24268	1.24305	1.24199	1.24301	810	0	3
2022.01.06	05:00:00	1.24301	1.24309	1.24174	1.24205	912	0	3
2022.01.06	06:00:00	1.24205	1.24206	1.24116	1.24151	791	0	3
2022.01.06	07:00:00	1.24151	1.24228	1.24143	1.24182	860	0	3
2022.01.06	08:00:00	1.24181	1.24241	1.24122	1.24129	1096	0	3
2022.01.06	09:00:00	1.24123	1.24276	1.24122	1.24141	2141	0	3
2022.01.06	10:00:00	1.24141	1.24220	1.24002	1.24129	2924	0	3
2022.01.06	11:00:00	1.24127	1.24176	1.24041	1.24129	2585	0	3
2022.01.06	12:00:00	1.24127	1.24325	1.24099	1.24280	2479	0	3
2022.01.06	13:00:00	1.24278	1.24315	1.24165	1.24250	2635	0	3
2022.01.06	14:00:00	1.24250	1.24392	1.24223	1.24387	2836	0	3
2022.01.06	15:00:00	1.24384	1.24420	1.24266	1.24306	3833	0	3
2022.01.06	16:00:00	1.24307	1.24385	1.24144	1.24208	4943	0	3
2022.01.06	17:00:00	1.24209	1.24442	1.24092	1.24383	5039	0	3
2022.01.06	18:00:00	1.24384	1.24513	1.24364	1.24511	3033	0	3
2022.01.06	19:00:00	1.24510	1.24578	1.24475	1.24541	1887	0	3
2022.01.06	20:00:00	1.24541	1.24690	1.24536	1.24687	1532	0	3
2022.01.06	21:00:00	1.24686	1.24747	1.24643	1.24746	1545	0	3
2022.01.06	22:00:00	1.24746	1.24801	1.24687	1.24714	1597	0	3
2022.01.06	23:00:00	1.24713	1.24770	1.24689	1.24697	980	0	3
2022.01.07	00:00:00	1.24618	1.24651	1.24603	1.24638	1084	0	84
2022.01.07	01:00:00	1.24634	1.24735	1.24628	1.24700	538	0	6
2022.01.07	02:00:00	1.24700	1.24772	1.24690	1.24749	529	0	3
2022.01.07	03:00:00	1.24749	1.24838	1.24742	1.24819	756	0	4
2022.01.07	04:00:00	1.24819	1.24819	1.24756	1.24793	574	0	3
2022.01.07	05:00:00	1.24793	1.24835	1.24792	1.24821	430	0	3
2022.01.07	06:00:00	1.24821	1.24821	1.24783	1.24812	365	0	4
2022.01.07	07:00:00	1.24812	1.24819	1.24740	1.24759	491	0	4
2022.01.07	08:00:00	1.24759	1.24794	1.24732	1.24793	589	0	3
2022.01.07	09:00:00	1.24798	1.24832	1.24624	1.24674	1500	0	3
2022.01.07	10:00:00	1.24670	1.24732	1.24554	1.24711	2235	0	3
2022.01.07	11:00:00	1.24709	1.24894	1.24659	1.24873	2115	0	3
2022.01.07	12:00:00	1.24873	1.24884	1.24720	1.24755	1549	0	3
2022.01.07	13:00:00	1.24755	1.24992	1.24705	1.24950	1265	0	3
2022.01.07	14:00:00	1.24948	1.24965	1.24831	1.24920	1889	0	3
2022.01.07	15:00:00	1.24919	1.25011	1.24820	1.24929	5050	0	3
2022.01.07	16:00:00	1.24928	1.25025	1.24888	1.24937	5266	0	3
2022.01.07	17:00:00	1.24937	1.24991	1.24820	1.24861	4277	0	3
2022.01.07	18:00:00	1.24859	1.24913	1.24761	1.24839	2888	0	3
2022.01.07	19:00:00	1.24838	1.24847	1.24745	1.24762	1725	0	3
2022.01.07	20:00:00	1.24763	1.24855	1.24740	1.24853	990	0	3
2022.01.07	21:00:00	1.24853	1.24910	1.24809	1.24866	868	0	3
2022.01.07	22:00:00	1.24864	1.24889	1.24828	1.24836	898	0	3
2022.01.07	23:00:00	1.24833	1.24888	1.24816	1.24816	771	0	4
2022.01.10	00:00:00	1.24714	1.24788	1.24627	1.24715	1042	0	122
2022.01.10	01:00:00	1.24703	1.24913	1.24701	1.24891	821	0	3
2022.01.10	02:00:00	1.24890	1.24932	1.24876	1.24906	545	0	3
2022.01.10	03:00:00	1.24906	1.24941	1.24857	1.24930	826	0	3
2022.01.10	04:00:00	1.24930	1.24990	1.24915	1.24953	617	0	3
2022.01.10	05:00:00	1.24953	1.25014	1.24950	1.24996	504	0	3
2022.01.10	06:00:00	1.24998	1.25065	1.24975	1.24995	449	0	3
2022.01.10	07:00:00	1.24995	1.25066	1.24986	1.25047	534	0	3
2022.01.10	08:00:00	1.25052	1.25065	1.25024	1.25048	687	0	3
2022.01.10	09:00:00	1.25043	1.25138	1.25038	1.25085	1505	0	3
2022.01.10	10:00:00	1.25083	1.25150	1.25005	1.25103	3724	0	3
2022.01.10	11:00:00	1.25103	1.25139	1.25020	1.25088	2832	0	3
2022.01.10	12:00:00	1.25088	1.25246	1.25026	1.25221	2433	0	3
2022.01.10	13:00:00	1.25221	1.25278	1.25132	1.25234	2516	0	3
2022.01.10	14:00:00	1.25234	1.25285	1.25139	1.25267	2981	0	3
2022.01.10	15:00:00	1.25265	1.25422	1.25231	1.25408	3286	0	3
2022.01.10	16:00:00	1.25407	1.25466	1.25355	1.25395	3792	0	3
2022.01.10	17:00:00	1.25394	1.25542	1.25327	1.25523	4583	0	3
2022.01.10	18:00:00	1.25527	1.25594	1.25446	1.25513	3346	0	3
2022.01.10	19:00:00	1.25511	1.25630	1.25490	1.25618	2113	0	3
2022.01.10	20:00:00	1.25617	1.25896	1.25590	1.25819	2018	0	3
2022.01.10	21:00:00	1.25819	1.25833	1.25736	1.25833	1685	0	3
2022.01.10	22:00:00	1.25833	1.25907	1.25798	1.25906	1663	0	3
2022.01.10	23:00:00	1.25908	1.25915	1.25838	1.25906	863	0	3
2022.01.11	00:00:00	1.25814	1.25836	1.25726	1.25819	655	0	67
2022.01.11	01:00:00	1.25819	1.25932	1.25817	1.25910	576	0	4
2022.01.11	02:00:00	1.25910	1.25918	1.25873	1.25903	714	0	3
2022.01.11	03:00:00	1.25903	1.25926	1.25864	1.25879	967	0	3
2022.01.11	04:00:00	1.25879	1.25915	1.25864	1.25877	788	0	3
2022.01.11	05:00:00	1.25877	1.25962	1.25868	1.25934	668	0	4
2022.01.11	06:00:00	1.25934	1.25934	1.25898	1.25915	461	0	3
2022.01.11	07:00:00	1.25914	1.25945	1.25898	1.25942	553	0	4
2022.01.11	08:00:00	1.25942	1.25943	1.25787	1.25791	1082	0	3
2022.01.11	09:00:00	1.25789	1.25860	1.25772	1.25821	1921	0	3
2022.01.11	10:00:00	1.25821	1.26090	1.25813	1.25882	3120	0	3
2022.01.11	11:00:00	1.25883	1.26077	1.25818	1.26046	3034	0	3
2022.01.11	12:00:00	1.26047	1.26092	1.25951	1.26062	2330	0	3
2022.01.11	13:00:00	1.26062	1.26064	1.25843	1.25867	2448	0	3
2022.01.11	14:00:00	1.25866	1.25966	1.25773	1.25789	2903	0	3
2022.01.11	15:00:00	1.25791	1.25852	1.25760	1.25851	2572	0	3
2022.01.11	16:00:00	1.25850	1.25922	1.25763	1.25839	3608	0	3
2022.01.11	17:00:00	1.25841	1.25886	1.25767	1.25878	4384	0	3
2022.01.11	18:00:00	1.25881	1.25919	1.25777	1.25835	3528	0	3
2022.01.11	19:00:00	1.25836	1.25972	1.25816	1.25922	1847	0	3
2022.01.11	20:00:00	1.25923	1.25935	1.25843	1.25862	1273	0	3
2022.01.11	21:00:00	1.25862	1.25907	1.25808	1.25869	1471	0	3
2022.01.11	22:00:00	1.25869	1.25907	1.25840	1.25901	1444	0	3
2022.01.11	23:00:00	1.25904	1.25950	1.25873	1.25906	881	0	3
2022.01.12	00:00:00	1.25870	1.25874	1.25821	1.25852	244	0	59
2022.01.12	01:00:00	1.25852	1.25929	1.25812	1.25900	539	0	3
2022.01.12	02:00:00	1.25901	1.25947	1.25889	1.25909	511	0	5
2022.01.12	03:00:00	1.25909	1.25931	1.25863	1.25902	734	0	3
2022.01.12	04:00:00	1.25902	1.25978	1.25891	1.25970	628	0	3
2022.01.12	05:00:00	1.25970	1.25986	1.25953	1.25970	359	0	4
2022.01.12	06:00:00	1.25970	1.25970	1.25912	1.25922	272	0	3
2022.01.12	07:00:00	1.25922	1.25978	1.25907	1.25957	434	0	3
2022.01.12	08:00:00	1.25951	1.26020	1.25951	1.25975	609	0	3
2022.01.12	09:00:00	1.25975	1.26018	1.25915	1.25945	1697	0	3
2022.01.12	10:00:00	1.25945	1.26018	1.25843	1.25872	2571	0	3
2022.01.12	11:00:00	1.25873	1.25968	1.25794	1.25808	2333	0	3
2022.01.12	12:00:00	1.25808	1.25864	1.25691	1.25859	2391	0	3
2022.01.12	13:00:00	1.25861	1.25953	1.25824	1.25900	1858	0	3
2022.01.12	14:00:00	1.25898	1.25931	1.25814	1.25817	2286	0	3
2022.01.12	15:00:00	1.25818	1.25951	1.25683	1.25723	4855	0	3
2022.01.12	16:00:00	1.25721	1.25859	1.25699	1.25710	4935	0	3
2022.01.12	17:00:00	1.25715	1.25741	1.25215	1.25276	5171	0	3
2022.01.12	18:00:00	1.25276	1.25378	1.25093	1.25115	3656	0	3
2022.01.12	19:00:00	1.25112	1.25187	1.25082	1.25185	2003	0	3
2022.01.12	20:00:00	1.25186	1.25286	1.25168	1.25277	1695	0	3
2022.01.12	21:00:00	1.25278	1.25286	1.25185	1.25231	1656	0	3
2022.01.12	22:00:00	1.25231	1.25334	1.25225	1.25283	1603	0	3
2022.01.12	23:00:00	1.25283	1.25322	1.25251	1.25281	1218	0	3
2022.01.13	00:00:00	1.25255	1.25301	1.25238	1.25263	228	0	48
2022.01.13	01:00:00	1.25266	1.25323	1.25247	1.25294	576	0	8
2022.01.13	02:00:00	1.25294	1.25360	1.25263	1.25352	990	0	3
2022.01.13	03:00:00	1.25352	1.25392	1.25328	1.25365	1046	0	3
2022.01.13	04:00:00	1.25365	1.25455	1.25365	1.25443	692	0	3
2022.01.13	05:00:00	1.25443	1.25443	1.25390	1.25393	727	0	3
2022.01.13	06:00:00	1.25393	1.25430	1.25392	1.25420	536	0	5
2022.01.13	07:00:00	1.25420	1.25454	1.25413	1.25415	559	0	3
2022.01.13	08:00:00	1.25415	1.25419	1.25317	1.25395	1040	0	3
2022.01.13	09:00:00	1.25393	1.25421	1.25252	1.25320	2001	0	3
2022.01.13	10:00:00	1.25321	1.25554	1.25239	1.25470	3018	0	3
2022.01.13	11:00:00	1.25473	1.25607	1.25281	1.25354	2684	0	3
2022.01.13	12:00:00	1.25357	1.25521	1.25348	1.25431	2665	0	3
2022.01.13	13:00:00	1.25431	1.25457	1.25193	1.25204	2380	0	3
2022.01.13	14:00:00	1.25203	1.25231	1.25054	1.25099	2904	0	3
2022.01.13	15:00:00	1.25099	1.25195	1.25039	1.25093	3406	0	3
2022.01.13	16:00:00	1.25093	1.25121	1.24952	1.25066	3695	0	3
2022.01.13	17:00:00	1.25066	1.25141	1.24954	1.25012	4851	0	3
2022.01.13	18:00:00	1.25009	1.25076	1.24889	1.24911	3153	0	3
2022.01.13	19:00:00	1.24911	1.24925	1.24817	1.24852	2535	0	3
2022.01.13	20:00:00	1.24852	1.24978	1.24831	1.24959	1843	0	3
2022.01.13	21:00:00	1.24959	1.24970	1.24904	1.24930	1800	0	3
2022.01.13	22:00:00	1.24929	1.24949	1.24839	1.24885	1851	0	3
2022.01.13	23:00:00	1.24887	1.24928	1.24878	1.24915	730	0	3
2022.01.14	00:00:00	1.24861	1.24886	1.24748	1.24817	1111	0	103
2022.01.14	01:00:00	1.24818	1.24942	1.24815	1.24940	693	0	4
2022.01.14	02:00:00	1.24945	1.24967	1.24896	1.24932	1122	0	3
2022.01.14	03:00:00	1.24932	1.24960	1.24868	1.24881	1396	0	3
2022.01.14	04:00:00	1.24881	1.24943	1.24877	1.24917	1281	0	4
2022.01.14	05:00:00	1.24917	1.24982	1.24914	1.24949	910	0	3
2022.01.14	06:00:00	1.24949	1.24998	1.24948	1.24974	720	0	5
2022.01.14	07:00:00	1.24974	1.24984	1.24920	1.24934	862	0	4
2022.01.14	08:00:00	1.24934	1.24997	1.24907	1.24974	999	0	3
2022.01.14	09:00:00	1.24978	1.24990	1.24822	1.24964	2184	0	3
2022.01.14	10:00:00	1.24962	1.25125	1.24879	1.24957	3180	0	3
2022.01.14	11:00:00	1.24958	1.25128	1.24953	1.25120	2739	0	3
2022.01.14	12:00:00	1.25120	1.25179	1.25023	1.25113	1944	0	3
2022.01.14	13:00:00	1.25116	1.25167	1.25024	1.25062	1948	0	3
2022.01.14	14:00:00	1.25059	1.25086	1.24859	1.24931	3185	0	3
2022.01.14	15:00:00	1.24927	1.24968	1.24827	1.24857	4599	0	3
2022.01.14	16:00:00	1.24857	1.24901	1.24714	1.24744	5185	0	3
2022.01.14	17:00:00	1.24746	1.24871	1.24688	1.24772	5277	0	3
2022.01.14	18:00:00	1.24772	1.24884	1.24731	1.24852	3714	0	3
2022.01.14	19:00:00	1.24852	1.24899	1.24791	1.24822	2388	0	3
2022.01.14	20:00:00	1.24822	1.24927	1.24800	1.24901	1606	0	3
2022.01.14	21:00:00	1.24901	1.24980	1.24898	1.24971	1557	0	3
2022.01.14	22:00:00	1.24965	1.25006	1.24953	1.24981	1499	0	3
2022.01.14	23:00:00	1.24982	1.25026	1.24958	1.25004	1180	0	5
2022.01.17	00:00:00	1.24756	1.24918	1.24713	1.24917	789	0	138
2022.01.17	01:00:00	1.24907	1.25059	1.24828	1.25035	821	0	4
2022.01.17	02:00:00	1.25035	1.25102	1.25018	1.25046	926	0	3
2022.01.17	03:00:00	1.25046	1.25158	1.25034	1.25121	1412	0	3
2022.01.17	04:00:00	1.25122	1.25130	1.25071	1.25082	1013	0	3
2022.01.17	05:00:00	1.25082	1.25116	1.25075	1.25077	663	0	4
2022.01.17	06:00:00	1.25080	1.25085	1.25046	1.25060	535	0	5
2022.01.17	07:00:00	1.25060	1.25076	1.25013	1.25023	598	0	4
2022.01.17	08:00:00	1.25023	1.25094	1.25023	1.25079	844	0	3
2022.01.17	09:00:00	1.25080	1.25100	1.25007	1.25013	1703	0	3
2022.01.17	10:00:00	1.25018	1.25069	1.24811	1.24811	2743	0	3
2022.01.17	11:00:00	1.24810	1.24981	1.24757	1.24969	2654	0	3
2022.01.17	12:00:00	1.24968	1.25012	1.24901	1.24957	1989	0	3
2022.01.17	13:00:00	1.24959	1.25019	1.24856	1.24894	2716	0	3
2022.01.17	14:00:00	1.24894	1.24939	1.24812	1.24881	2530	0	3
2022.01.17	15:00:00	1.24880	1.24884	1.24743	1.24784	3084	0	3
2022.01.17	16:00:00	1.24785	1.24886	1.24735	1.24874	2372	0	3
2022.01.17	17:00:00	1.24875	1.24875	1.24728	1.24739	2790	0	3
2022.01.17	18:00:00	1.24739	1.24812	1.24704	1.24708	1945	0	3
2022.01.17	19:00:00	1.24709	1.24792	1.24677	1.24774	1197	0	3
2022.01.17	20:00:00	1.24775	1.24794	1.24735	1.24789	384	0	3
2022.01.17	21:00:00	1.24789	1.24804	1.24744	1.24753	388	0	4
2022.01.17	22:00:00	1.24753	1.24763	1.24710	1.24729	353	0	3
2022.01.17	23:00:00	1.24731	1.24764	1.24707	1.24729	347	0	3
2022.01.18	00:00:00	1.24673	1.24685	1.24654	1.24670	35	0	161
2022.01.18	01:00:00	1.24670	1.24755	1.24619	1.24729	400	0	7
2022.01.18	02:00:00	1.24729	1.24749	1.24702	1.24742	768	0	3
2022.01.18	03:00:00	1.24743	1.24771	1.24697	1.24750	971	0	4
2022.01.18	04:00:00	1.24752	1.24818	1.24718	1.24801	1045	0	3
2022.01.18	05:00:00	1.24801	1.24879	1.24788	1.24828	2046	0	3
2022.01.18	06:00:00	1.24827	1.24841	1.24756	1.24788	1390	0	3
2022.01.18	07:00:00	1.24788	1.24864	1.24767	1.24815	1415	0	3
2022.01.18	08:00:00	1.24815	1.24875	1.24765	1.24784	1484	0	3
2022.01.18	09:00:00	1.24783	1.24851	1.24733	1.24785	3060	0	3
2022.01.18	10:00:00	1.24783	1.24869	1.24731	1.24808	4342	0	3
2022.01.18	11:00:00	1.24808	1.24815	1.24612	1.24639	3715	0	3
2022.01.18	12:00:00	1.24640	1.24687	1.24470	1.24538	2840	0	3
2022.01.18	13:00:00	1.24538	1.24645	1.24456	1.24470	2733	0	3
2022.01.18	14:00:00	1.24469	1.24500	1.24333	1.24371	3430	0	3
2022.01.18	15:00:00	1.24372	1.24510	1.24311	1.24441	4488	0	3
2022.01.18	16:00:00	1.24443	1.24488	1.24374	1.24441	5083	0	3
2022.01.18	17:00:00	1.24442	1.24540	1.24388	1.24507	5040	0	3
2022.01.18	18:00:00	1.24503	1.24586	1.24433	1.24568	3742	0	3
2022.01.18	19:00:00	1.24568	1.24574	1.24495	1.24554	2724	0	3
2022.01.18	20:00:00	1.24554	1.24648	1.24542	1.24608	2022	0	3
2022.01.18	21:00:00	1.24608	1.24708	1.24581	1.24687	2493	0	3
2022.01.18	22:00:00	1.24686	1.24698	1.24639	1.24680	2493	0	3
2022.01.18	23:00:00	1.24686	1.24730	1.24668	1.24726	1032	0	3
2022.01.19	00:00:00	1.24709	1.24723	1.24606	1.24671	305	0	32
2022.01.19	01:00:00	1.24671	1.24745	1.24671	1.24722	868	0	4
2022.01.19	02:00:00	1.24728	1.24740	1.24621	1.24676	1351	0	3
2022.01.19	03:00:00	1.24677	1.24774	1.24677	1.24730	1513	0	3
2022.01.19	04:00:00	1.24730	1.24745	1.24664	1.24672	1306	0	4
2022.01.19	05:00:00	1.24672	1.24700	1.24613	1.24665	977	0	3
2022.01.19	06:00:00	1.24664	1.24694	1.24615	1.24636	867	0	4
2022.01.19	07:00:00	1.24636	1.24658	1.24595	1.24614	1100	0	3
2022.01.19	08:00:00	1.24614	1.24652	1.24570	1.24602	1168	0	3
2022.01.19	09:00:00	1.24598	1.24731	1.24463	1.24475	2868	0	3
2022.01.19	10:00:00	1.24475	1.24539	1.24455	1.24479	3518	0	3
2022.01.19	11:00:00	1.24476	1.24766	1.24476	1.24669	3252	0	3
2022.01.19	12:00:00	1.24668	1.24808	1.24646	1.24792	2413	0	3
2022.01.19	13:00:00	1.24793	1.24948	1.24767	1.24865	2868	0	3
2022.01.19	14:00:00	1.24865	1.24936	1.24783	1.24800	2558	0	3
2022.01.19	15:00:00	1.24798	1.24899	1.24693	1.24882	3636	0	3
2022.01.19	16:00:00	1.24882	1.25042	1.24846	1.24969	4742	0	3
2022.01.19	17:00:00	1.24974	1.24995	1.24769	1.24880	4620	0	3
2022.01.19	18:00:00	1.24882	1.24887	1.24677	1.24736	3436	0	3
2022.01.19	19:00:00	1.24736	1.24794	1.24721	1.24774	2292	0	3
2022.01.19	20:00:00	1.24776	1.24836	1.24751	1.24824	1887	0	3
2022.01.19	21:00:00	1.24824	1.24829	1.24695	1.24698	1981	0	3
2022.01.19	22:00:00	1.24700	1.24741	1.24647	1.24685	1943	0	3
2022.01.19	23:00:00	1.24682	1.24733	1.24628	1.24655	959	0	3
2022.01.20	00:00:00	1.24624	1.24641	1.24571	1.24614	372	0	88
2022.01.20	01:00:00	1.24613	1.24640	1.24596	1.24606	596	0	5
2022.01.20	02:00:00	1.24612	1.24683	1.24594	1.24674	888	0	4
2022.01.20	03:00:00	1.24674	1.24705	1.24607	1.24636	2022	0	3
2022.01.20	04:00:00	1.24638	1.24714	1.24632	1.24663	1416	0	3
2022.01.20	05:00:00	1.24663	1.24758	1.24633	1.24727	889	0	4
2022.01.20	06:00:00	1.24727	1.24759	1.24711	1.24729	682	0	3
2022.01.20	07:00:00	1.24729	1.24759	1.24707	1.24737	899	0	3
2022.01.20	08:00:00	1.24738	1.24799	1.24719	1.24794	1196	0	3
2022.01.20	09:00:00	1.24795	1.24802	1.24589	1.24655	2269	0	3
2022.01.20	10:00:00	1.24658	1.24691	1.24574	1.24639	3524	0	3
2022.01.20	11:00:00	1.24638	1.24757	1.24600	1.24754	3089	0	3
2022.01.20	12:00:00	1.24753	1.24753	1.24618	1.24631	2475	0	3
2022.01.20	13:00:00	1.24632	1.24727	1.24549	1.24560	2823	0	3
2022.01.20	14:00:00	1.24564	1.24718	1.24482	1.24679	2610	0	3
2022.01.20	15:00:00	1.24679	1.24733	1.24613	1.24720	3634	0	3
2022.01.20	16:00:00	1.24720	1.24891	1.24693	1.24857	4145	0	3
2022.01.20	17:00:00	1.24857	1.24948	1.24797	1.24890	4705	0	3
2022.01.20	18:00:00	1.24885	1.24981	1.24842	1.24905	3328	0	3
2022.01.20	19:00:00	1.24905	1.24965	1.24881	1.24932	2094	0	3
2022.01.20	20:00:00	1.24931	1.24986	1.24876	1.24977	2087	0	3
2022.01.20	21:00:00	1.24978	1.25009	1.24855	1.24855	1645	0	3
2022.01.20	22:00:00	1.24855	1.24877	1.24722	1.24740	2569	0	3
2022.01.20	23:00:00	1.24740	1.24790	1.24711	1.24725	1760	0	3
2022.01.21	00:00:00	1.24715	1.24724	1.24687	1.24699	104	0	8
2022.01.21	01:00:00	1.24695	1.24733	1.24654	1.24670	1046	0	3
2022.01.21	02:00:00	1.24669	1.24688	1.24573	1.24578	1739	0	3
2022.01.21	03:00:00	1.24577	1.24607	1.24473	1.24521	2223	0	3
2022.01.21	04:00:00	1.24521	1.24586	1.24419	1.24430	1397	0	3
2022.01.21	05:00:00	1.24425	1.24491	1.24376	1.24466	1344	0	3
2022.01.21	06:00:00	1.24462	1.24472	1.24430	1.24461	781	0	3
2022.01.21	07:00:00	1.24461	1.24479	1.24394	1.24406	889	0	3
2022.01.21	08:00:00	1.24406	1.24406	1.24233	1.24318	1605	0	3
2022.01.21	09:00:00	1.24312	1.24324	1.24210	1.24216	2627	0	3
2022.01.21	10:00:00	1.24215	1.24218	1.23920	1.23947	4348	0	3
2022.01.21	11:00:00	1.23947	1.23988	1.23723	1.23797	3312	0	3
2022.01.21	12:00:00	1.23797	1.23833	1.23729	1.23744	2180	0	3
2022.01.21	13:00:00	1.23744	1.23815	1.23680	1.23798	2584	0	3
2022.01.21	14:00:00	1.23797	1.23897	1.23732	1.23864	3094	0	3
2022.01.21	15:00:00	1.23863	1.23890	1.23724	1.23767	3376	0	3
2022.01.21	16:00:00	1.23767	1.23780	1.23520	1.23635	4700	0	3
2022.01.21	17:00:00	1.23633	1.23633	1.23415	1.23522	6116	0	3
2022.01.21	18:00:00	1.23524	1.23713	1.23485	1.23680	3926	0	3
2022.01.21	19:00:00	1.23680	1.23713	1.23540	1.23574	2470	0	4
2022.01.21	20:00:00	1.23574	1.23649	1.23568	1.23597	1873	0	3
2022.01.21	21:00:00	1.23597	1.23642	1.23533	1.23565	1705	0	3
2022.01.21	22:00:00	1.23565	1.23639	1.23535	1.23626	2157	0	3
2022.01.21	23:00:00	1.23626	1.23673	1.23596	1.23603	1134	0	3
2022.01.24	00:00:00	1.23475	1.23588	1.23447	1.23541	405	0	132
2022.01.24	01:00:00	1.23537	1.23708	1.23487	1.23708	886	0	3
2022.01.24	02:00:00	1.23708	1.23746	1.23659	1.23716	1010	0	5
2022.01.24	03:00:00	1.23715	1.23837	1.23700	1.23829	1064	0	3
2022.01.24	04:00:00	1.23829	1.23888	1.23821	1.23859	807	0	3
2022.01.24	05:00:00	1.23859	1.23913	1.23835	1.23872	665	0	3
2022.01.24	06:00:00	1.23872	1.23892	1.23863	1.23873	449	0	4
2022.01.24	07:00:00	1.23873	1.23881	1.23781	1.23806	936	0	3
2022.01.24	08:00:00	1.23806	1.23852	1.23735	1.23845	1227	0	3
2022.01.24	09:00:00	1.23845	1.23845	1.23587	1.23646	2112	0	3
2022.01.24	10:00:00	1.23644	1.23700	1.23439	1.23445	3892	0	3
2022.01.24	11:00:00	1.23442	1.23478	1.23265	1.23297	3216	0	3
2022.01.24	12:00:00	1.23295	1.23315	1.23023	1.23071	4401	0	3
2022.01.24	13:00:00	1.23071	1.23146	1.23041	1.23064	3304	0	3
2022.01.24	14:00:00	1.23065	1.23088	1.22875	1.22937	3254	0	3
2022.01.24	15:00:00	1.22937	1.23141	1.22916	1.23083	3982	0	3
2022.01.24	16:00:00	1.23083	1.23324	1.23067	1.23260	5644	0	3
2022.01.24	17:00:00	1.23260	1.23274	1.22976	1.23268	5524	0	3
2022.01.24	18:00:00	1.23268	1.23293	1.22969	1.22972	3196	0	3
2022.01.24	19:00:00	1.22969	1.22991	1.22795	1.22861	2592	0	3
2022.01.24	20:00:00	1.22861	1.23102	1.22853	1.23097	2613	0	3
2022.01.24	21:00:00	1.23100	1.23260	1.23052	1.23259	2412	0	3
2022.01.24	22:00:00	1.23258	1.23352	1.23228	1.23330	2234	0	3
2022.01.24	23:00:00	1.23333	1.23336	1.23279	1.23317	960	0	3
2022.01.25	00:00:00	1.23084	1.23286	1.23084	1.23208	200	0	66
2022.01.25	01:00:00	1.23210	1.23307	1.23210	1.23300	696	0	5
2022.01.25	02:00:00	1.23299	1.23336	1.23245	1.23251	1112	0	3
2022.01.25	03:00:00	1.23250	1.23376	1.23189	1.23366	1215	0	3
2022.01.25	04:00:00	1.23366	1.23384	1.23309	1.23368	1055	0	3
2022.01.25	05:00:00	1.23367	1.23368	1.23289	1.23347	853	0	4
2022.01.25	06:00:00	1.23349	1.23356	1.23291	1.23325	693	0	3
2022.01.25	07:00:00	1.23323	1.23462	1.23303	1.23452	817	0	3
2022.01.25	08:00:00	1.23451	1.23577	1.23393	1.23569	1267	0	3
2022.01.25	09:00:00	1.23565	1.23596	1.23411	1.23551	2146	0	3
2022.01.25	10:00:00	1.23550	1.23825	1.23485	1.23726	3283	0	3
2022.01.25	11:00:00	1.23728	1.23990	1.23720	1.23923	3542	0	3
2022.01.25	12:00:00	1.23929	1.23961	1.23793	1.23888	2699	0	3
2022.01.25	13:00:00	1.23888	1.23967	1.23699	1.23713	3065	0	3
2022.01.25	14:00:00	1.23716	1.23771	1.23599	1.23763	3212	0	3
2022.01.25	15:00:00	1.23763	1.23849	1.23693	1.23702	3775	0	3
2022.01.25	16:00:00	1.23699	1.23806	1.23587	1.23665	4723	0	3
2022.01.25	17:00:00	1.23664	1.24005	1.23583	1.23972	4113	0	3
2022.01.25	18:00:00	1.23975	1.24116	1.23887	1.24066	2750	0	3
2022.01.25	19:00:00	1.24062	1.24143	1.24052	1.24083	1817	0	3
2022.01.25	20:00:00	1.24083	1.24154	1.24049	1.24111	1910	0	3
2022.01.25	21:00:00	1.24111	1.24212	1.24084	1.24139	1760	0	3
2022.01.25	22:00:00	1.24138	1.24146	1.24006	1.24014	2109	0	3
2022.01.25	23:00:00	1.24015	1.24045	1.23961	1.23969	895	0	3
2022.01.26	00:00:00	1.23739	1.23958	1.23735	1.23870	323	0	127
2022.01.26	01:00:00	1.23877	1.24024	1.23877	1.24010	553	0	3
2022.01.26	02:00:00	1.24004	1.24039	1.23971	1.24020	772	0	3
2022.01.26	03:00:00	1.24020	1.24044	1.23981	1.24040	656	0	3
2022.01.26	04:00:00	1.24040	1.24078	1.23948	1.23949	722	0	3
2022.01.26	05:00:00	1.23949	1.23969	1.23908	1.23938	631	0	6
2022.01.26	06:00:00	1.23938	1.23994	1.23929	1.23973	533	0	4
2022.01.26	07:00:00	1.23974	1.23974	1.23909	1.23935	530	0	3
2022.01.26	08:00:00	1.23933	1.24069	1.23930	1.24049	885	0	3
2022.01.26	09:00:00	1.24054	1.24214	1.24001	1.24210	1306	0	3
2022.01.26	10:00:00	1.24212	1.24324	1.24156	1.24191	2762	0	3
2022.01.26	11:00:00	1.24192	1.24317	1.24110	1.24317	2907	0	3
2022.01.26	12:00:00	1.24314	1.24409	1.24247	1.24367	2263	0	3
2022.01.26	13:00:00	1.24365	1.24439	1.24344	1.24361	2250	0	3
2022.01.26	14:00:00	1.24361	1.24426	1.24290	1.24421	2434	0	3
2022.01.26	15:00:00	1.24420	1.24465	1.24318	1.24321	3013	0	3
2022.01.26	16:00:00	1.24322	1.24325	1.24101	1.24264	4083	0	3
2022.01.26	17:00:00	1.24266	1.24454	1.24173	1.24441	4541	0	3
2022.01.26	18:00:00	1.24442	1.24553	1.24413	1.24535	3188	0	3
2022.01.26	19:00:00	1.24536	1.24573	1.24493	1.24525	2078	0	3
2022.01.26	20:00:00	1.24524	1.24526	1.24320	1.24335	1894	0	3
2022.01.26	21:00:00	1.24351	1.24510	1.24318	1.24342	8737	0	3
2022.01.26	22:00:00	1.24340	1.24445	1.24260	1.24363	7758	0	3
2022.01.26	23:00:00	1.24363	1.24442	1.24343	1.24427	1516	0	3
2022.01.27	00:00:00	1.24331	1.24366	1.24197	1.24309	85	0	96
2022.01.27	01:00:00	1.24309	1.24443	1.24308	1.24434	609	0	8
2022.01.27	02:00:00	1.24431	1.24444	1.24305	1.24332	1541	0	3
2022.01.27	03:00:00	1.24332	1.24360	1.24257	1.24303	1777	0	3
2022.01.27	04:00:00	1.24304	1.24304	1.24197	1.24225	1422	0	3
2022.01.27	05:00:00	1.24225	1.24265	1.24182	1.24216	1312	0	3
2022.01.27	06:00:00	1.24216	1.24276	1.24177	1.24188	1268	0	3
2022.01.27	07:00:00	1.24187	1.24229	1.24171	1.24181	1019	0	3
2022.01.27	08:00:00	1.24180	1.24222	1.24114	1.24119	1569	0	3
2022.01.27	09:00:00	1.24122	1.24314	1.24122	1.24228	2849	0	3
2022.01.27	10:00:00	1.24224	1.24480	1.24171	1.24459	4762	0	3
2022.01.27	11:00:00	1.24458	1.24525	1.24338	1.24508	3194	0	3
2022.01.27	12:00:00	1.24507	1.24598	1.24384	1.24396	2929	0	3
2022.01.27	13:00:00	1.24396	1.24579	1.24364	1.24553	3429	0	3
2022.01.27	14:00:00	1.24553	1.24691	1.24522	1.24658	3591	0	3
2022.01.27	15:00:00	1.24657	1.24687	1.24418	1.24647	5115	0	3
2022.01.27	16:00:00	1.24645	1.24725	1.24598	1.24684	4240	0	3
2022.01.27	17:00:00	1.24682	1.24843	1.24636	1.24704	4038	0	3
2022.01.27	18:00:00	1.24702	1.24837	1.24678	1.24718	3210	0	3
2022.01.27	19:00:00	1.24719	1.24733	1.24544	1.24558	2898	0	3
2022.01.27	20:00:00	1.24557	1.24581	1.24483	1.24575	2374	0	3
2022.01.27	21:00:00	1.24574	1.24612	1.24492	1.24592	1845	0	3
2022.01.27	22:00:00	1.24591	1.24662	1.24568	1.24616	2380	0	3
2022.01.27	23:00:00	1.24616	1.24643	1.24558	1.24581	864	0	3
2022.01.28	00:00:00	1.24524	1.24557	1.24505	1.24513	84	0	34
2022.01.28	01:00:00	1.24513	1.24679	1.24513	1.24634	757	0	3
2022.01.28	02:00:00	1.24636	1.24713	1.24609	1.24695	1114	0	3
2022.01.28	03:00:00	1.24692	1.24731	1.24595	1.24651	1413	0	3
2022.01.28	04:00:00	1.24653	1.24676	1.24598	1.24658	937	0	3
2022.01.28	05:00:00	1.24658	1.24665	1.24629	1.24647	806	0	3
2022.01.28	06:00:00	1.24647	1.24736	1.24646	1.24718	628	0	3
2022.01.28	07:00:00	1.24718	1.24775	1.24690	1.24705	911	0	4
2022.01.28	08:00:00	1.24705	1.24730	1.24654	1.24683	1051	0	3
2022.01.28	09:00:00	1.24683	1.24817	1.24667	1.24741	2145	0	3
2022.01.28	10:00:00	1.24744	1.24771	1.24514	1.24527	3135	0	3
2022.01.28	11:00:00	1.24528	1.24595	1.24391	1.24593	2430	0	3
2022.01.28	12:00:00	1.24593	1.24749	1.24489	1.24741	2802	0	3
2022.01.28	13:00:00	1.24740	1.24821	1.24707	1.24785	3143	0	3
2022.01.28	14:00:00	1.24785	1.24795	1.24685	1.24779	3691	0	3
2022.01.28	15:00:00	1.24779	1.24882	1.24719	1.24882	4530	0	3
2022.01.28	16:00:00	1.24886	1.25083	1.24740	1.24781	4129	0	3
2022.01.28	17:00:00	1.24782	1.24920	1.24721	1.24774	4107	0	3
2022.01.28	18:00:00	1.24774	1.24894	1.24704	1.24755	3645	0	3
2022.01.28	19:00:00	1.24754	1.24779	1.24644	1.24672	2003	0	4
2022.01.28	20:00:00	1.24671	1.24688	1.24592	1.24598	1910	0	3
2022.01.28	21:00:00	1.24598	1.24649	1.24558	1.24619	2639	0	3
2022.01.28	22:00:00	1.24619	1.24755	1.24603	1.24734	2045	0	5
2022.01.28	23:00:00	1.24733	1.24755	1.24694	1.24701	765	0	5
2022.01.31	00:00:00	1.24629	1.24770	1.24531	1.24647	397	0	146
2022.01.31	01:00:00	1.24650	1.24819	1.24646	1.24799	976	0	3
2022.01.31	02:00:00	1.24799	1.24843	1.24739	1.24815	1035	0	3
2022.01.31	03:00:00	1.24816	1.24935	1.24812	1.24900	962	0	3
2022.01.31	04:00:00	1.24899	1.24921	1.24879	1.24905	906	0	3
2022.01.31	05:00:00	1.24905	1.24927	1.24868	1.24875	779	0	3
2022.01.31	06:00:00	1.24871	1.24911	1.24864	1.24910	466	0	3
2022.01.31	07:00:00	1.24911	1.24936	1.24890	1.24903	535	0	3
2022.01.31	08:00:00	1.24911	1.25058	1.24909	1.25042	953	0	3
2022.01.31	09:00:00	1.25038	1.25205	1.24986	1.25150	1948	0	3
2022.01.31	10:00:00	1.25152	1.25264	1.25086	1.25152	3491	0	3
2022.01.31	11:00:00	1.25154	1.25313	1.25092	1.25277	2842	0	3
2022.01.31	12:00:00	1.25280	1.25416	1.25187	1.25379	2718	0	3
2022.01.31	13:00:00	1.25379	1.25498	1.25185	1.25187	2975	0	3
2022.01.31	14:00:00	1.25190	1.25240	1.25097	1.25173	3682	0	3
2022.01.31	15:00:00	1.25176	1.25204	1.24911	1.24997	3531	0	3
2022.01.31	16:00:00	1.24998	1.25056	1.24892	1.24939	3122	0	3
2022.01.31	17:00:00	1.24939	1.25140	1.24837	1.24927	3964	0	3
2022.01.31	18:00:00	1.24929	1.25052	1.24831	1.25026	3477	0	3
2022.01.31	19:00:00	1.25022	1.25033	1.24894	1.24950	2359	0	3
2022.01.31	20:00:00	1.24951	1.24952	1.24620	1.24688	2526	0	3
2022.01.31	21:00:00	1.24686	1.24688	1.24491	1.24534	2700	0	3
2022.01.31	22:00:00	1.24536	1.24671	1.24486	1.24617	2571	0	3
2022.01.31	23:00:00	1.24618	1.24639	1.24586	1.24614	950	0	3
2022.02.01	00:00:00	1.24577	1.24600	1.24518	1.24571	96	0	138
2022.02.01	01:00:00	1.24571	1.24663	1.24553	1.24645	587	0	7
2022.02.01	02:00:00	1.24645	1.24652	1.24597	1.24630	673	0	3
2022.02.01	03:00:00	1.24634	1.24674	1.24581	1.24612	902	0	3
2022.02.01	04:00:00	1.24611	1.24666	1.24584	1.24591	677	0	3
2022.02.01	05:00:00	1.24592	1.24592	1.24498	1.24502	1143	0	4
2022.02.01	06:00:00	1.24501	1.24512	1.24450	1.24474	822	0	4
2022.02.01	07:00:00	1.24474	1.24499	1.24457	1.24482	855	0	3
2022.02.01	08:00:00	1.24481	1.24506	1.24449	1.24472	889	0	3
2022.02.01	09:00:00	1.24471	1.24549	1.24348	1.24411	2941	0	3
2022.02.01	10:00:00	1.24409	1.24550	1.24403	1.24529	3454	0	3
2022.02.01	11:00:00	1.24528	1.24587	1.24426	1.24561	3891	0	3
2022.02.01	12:00:00	1.24560	1.24668	1.24455	1.24516	2754	0	3
2022.02.01	13:00:00	1.24517	1.24542	1.24264	1.24266	2984	0	3
2022.02.01	14:00:00	1.24271	1.24352	1.24169	1.24195	2606	0	3
2022.02.01	15:00:00	1.24195	1.24379	1.24179	1.24378	2484	0	3
2022.02.01	16:00:00	1.24377	1.24530	1.24339	1.24464	2861	0	3
2022.02.01	17:00:00	1.24463	1.24680	1.24443	1.24646	3497	0	3
2022.02.01	18:00:00	1.24646	1.24739	1.24620	1.24657	2728	0	3
2022.02.01	19:00:00	1.24659	1.24715	1.24495	1.24520	2015	0	3
2022.02.01	20:00:00	1.24516	1.24587	1.24483	1.24579	1321	0	3
2022.02.01	21:00:00	1.24577	1.24623	1.24542	1.24599	1433	0	3
2022.02.01	22:00:00	1.24599	1.24652	1.24550	1.24555	1587	0	3
2022.02.01	23:00:00	1.24551	1.24609	1.24540	1.24560	609	0	3
2022.02.02	00:00:00	1.24458	1.24524	1.24432	1.24498	161	0	133
2022.02.02	01:00:00	1.24497	1.24616	1.24497	1.24567	434	0	7
2022.02.02	02:00:00	1.24565	1.24603	1.24548	1.24578	575	0	6
2022.02.02	03:00:00	1.24578	1.24591	1.24549	1.24571	717	0	3
2022.02.02	04:00:00	1.24571	1.24592	1.24546	1.24563	709	0	3
2022.02.02	05:00:00	1.24563	1.24585	1.24542	1.24545	520	0	7
2022.02.02	06:00:00	1.24545	1.24593	1.24516	1.24529	383	0	4
2022.02.02	07:00:00	1.24528	1.24562	1.24508	1.24525	418	0	6
2022.02.02	08:00:00	1.24525	1.24638	1.24522	1.24585	719	0	3
2022.02.02	09:00:00	1.24588	1.24651	1.24527	1.24539	1518	0	3
2022.02.02	10:00:00	1.24540	1.24664	1.24481	1.24603	2540	0	3
2022.02.02	11:00:00	1.24605	1.24758	1.24568	1.24575	2089	0	3
2022.02.02	12:00:00	1.24574	1.24604	1.24496	1.24568	2232	0	3
2022.02.02	13:00:00	1.24569	1.24743	1.24529	1.24742	1811	0	3
2022.02.02	14:00:00	1.24740	1.24742	1.24585	1.24695	2050	0	3
2022.02.02	15:00:00	1.24699	1.24770	1.24658	1.24737	2639	0	3
2022.02.02	16:00:00	1.24739	1.24744	1.24624	1.24636	3166	0	3
2022.02.02	17:00:00	1.24637	1.24770	1.24618	1.24703	3360	0	3
2022.02.02	18:00:00	1.24704	1.24741	1.24571	1.24637	2244	0	3
2022.02.02	19:00:00	1.24639	1.24671	1.24589	1.24646	1598	0	3
2022.02.02	20:00:00	1.24646	1.24703	1.24620	1.24692	1441	0	3
2022.02.02	21:00:00	1.24692	1.24809	1.24689	1.24785	1383	0	3
2022.02.02	22:00:00	1.24785	1.24792	1.24685	1.24720	1170	0	3
2022.02.02	23:00:00	1.24719	1.24762	1.24698	1.24721	830	0	3
2022.02.03	00:00:00	1.24665	1.24719	1.24597	1.24699	187	0	111
2022.02.03	01:00:00	1.24699	1.24757	1.24655	1.24666	698	0	3
2022.02.03	02:00:00	1.24665	1.24708	1.24632	1.24697	926	0	3
2022.02.03	03:00:00	1.24697	1.24730	1.24674	1.24703	895	0	3
2022.02.03	04:00:00	1.24704	1.24706	1.24599	1.24634	671	0	3
2022.02.03	05:00:00	1.24634	1.24687	1.24599	1.24678	790	0	3
2022.02.03	06:00:00	1.24679	1.24682	1.24653	1.24660	603	0	3
2022.02.03	07:00:00	1.24660	1.24675	1.24619	1.24629	753	0	4
2022.02.03	08:00:00	1.24631	1.24790	1.24580	1.24701	1131	0	3
2022.02.03	09:00:00	1.24703	1.24810	1.24700	1.24776	2125	0	3
2022.02.03	10:00:00	1.24778	1.24982	1.24778	1.24937	3323	0	3
2022.02.03	11:00:00	1.24935	1.25075	1.24907	1.25051	2367	0	3
2022.02.03	12:00:00	1.25054	1.25090	1.24853	1.24941	2430	0	3
2022.02.03	13:00:00	1.24942	1.25240	1.24927	1.25231	2209	0	3
2022.02.03	14:00:00	1.25220	1.25630	1.24929	1.25209	6571	0	3
2022.02.03	15:00:00	1.25209	1.25336	1.24812	1.24919	4968	0	3
2022.02.03	16:00:00	1.24919	1.25107	1.24780	1.24931	2941	0	3
2022.02.03	17:00:00	1.24928	1.25119	1.24812	1.25039	2701	0	3
2022.02.03	18:00:00	1.25036	1.25324	1.24960	1.25307	2316	0	3
2022.02.03	19:00:00	1.25307	1.25341	1.25087	1.25126	2090	0	3
2022.02.03	20:00:00	1.25124	1.25166	1.25087	1.25148	1465	0	3
2022.02.03	21:00:00	1.25146	1.25190	1.25048	1.25079	1891	0	3
2022.02.03	22:00:00	1.25078	1.25245	1.25036	1.25230	1607	0	3
2022.02.03	23:00:00	1.25230	1.25284	1.25148	1.25171	1248	0	3
2022.02.04	00:00:00	1.25068	1.25108	1.25057	1.25106	117	0	66
2022.02.04	01:00:00	1.25112	1.25170	1.25101	1.25147	476	0	9
2022.02.04	02:00:00	1.25150	1.25265	1.25146	1.25219	1036	0	3
2022.02.04	03:00:00	1.25220	1.25231	1.25083	1.25092	1098	0	3
2022.02.04	04:00:00	1.25092	1.25152	1.25085	1.25135	981	0	3
2022.02.04	05:00:00	1.25137	1.25210	1.25115	1.25189	769	0	3
2022.02.04	06:00:00	1.25189	1.25210	1.25103	1.25120	756	0	3
2022.02.04	07:00:00	1.25122	1.25160	1.25091	1.25117	793	0	3
2022.02.04	08:00:00	1.25118	1.25203	1.25048	1.25123	1455	0	3
2022.02.04	09:00:00	1.25124	1.25173	1.24983	1.25009	2999	0	3
2022.02.04	10:00:00	1.25010	1.25141	1.24949	1.25138	4326	0	3
2022.02.04	11:00:00	1.25139	1.25259	1.24964	1.25004	3626	0	3
2022.02.04	12:00:00	1.25005	1.25150	1.24843	1.25125	3670	0	3
2022.02.04	13:00:00	1.25122	1.25257	1.25057	1.25249	3024	0	3
2022.02.04	14:00:00	1.25245	1.25331	1.25039	1.25051	2248	0	3
2022.02.04	15:00:00	1.25053	1.25066	1.24823	1.24925	2479	0	3
2022.02.04	16:00:00	1.24924	1.25126	1.24882	1.25086	2712	0	3
2022.02.04	17:00:00	1.25088	1.25239	1.24970	1.25177	3691	0	3
2022.02.04	18:00:00	1.25177	1.25344	1.25106	1.25240	3648	0	3
2022.02.04	19:00:00	1.25240	1.25253	1.25084	1.25194	2553	0	3
2022.02.04	20:00:00	1.25194	1.25327	1.25156	1.25321	1730	0	3
2022.02.04	21:00:00	1.25321	1.25353	1.25184	1.25215	1664	0	3
2022.02.04	22:00:00	1.25215	1.25229	1.25135	1.25146	1797	0	3
2022.02.04	23:00:00	1.25146	1.25205	1.25136	1.25198	771	0	5
2022.02.07	00:00:00	1.25180	1.25316	1.25096	1.25184	630	0	60
2022.02.07	01:00:00	1.25181	1.25268	1.25181	1.25208	596	0	3
2022.02.07	02:00:00	1.25207	1.25218	1.25118	1.25153	932	0	3
2022.02.07	03:00:00	1.25154	1.25283	1.25154	1.25281	1358	0	3
2022.02.07	04:00:00	1.25279	1.25318	1.25160	1.25161	1040	0	3
2022.02.07	05:00:00	1.25160	1.25188	1.25145	1.25145	919	0	3
2022.02.07	06:00:00	1.25145	1.25193	1.25139	1.25187	732	0	3
2022.02.07	07:00:00	1.25187	1.25196	1.25090	1.25103	888	0	4
2022.02.07	08:00:00	1.25103	1.25150	1.25084	1.25145	1050	0	3
2022.02.07	09:00:00	1.25146	1.25224	1.25108	1.25186	2504	0	3
2022.02.07	10:00:00	1.25185	1.25336	1.25149	1.25229	4047	0	3
2022.02.07	11:00:00	1.25228	1.25258	1.25001	1.25003	3133	0	3
2022.02.07	12:00:00	1.25003	1.25062	1.24686	1.24773	2915	0	3
2022.02.07	13:00:00	1.24773	1.24819	1.24705	1.24770	3246	0	3
2022.02.07	14:00:00	1.24772	1.24867	1.24714	1.24784	3349	0	3
2022.02.07	15:00:00	1.24785	1.24904	1.24755	1.24886	3538	0	3
2022.02.07	16:00:00	1.24884	1.24932	1.24810	1.24932	4398	0	3
2022.02.07	17:00:00	1.24929	1.24930	1.24716	1.24900	4232	0	3
2022.02.07	18:00:00	1.24900	1.25102	1.24873	1.25077	3833	0	3
2022.02.07	19:00:00	1.25077	1.25103	1.24966	1.24991	2119	0	3
2022.02.07	20:00:00	1.24991	1.25005	1.24932	1.24973	1070	0	3
2022.02.07	21:00:00	1.24973	1.25038	1.24952	1.25002	1383	0	3
2022.02.07	22:00:00	1.25009	1.25012	1.24926	1.24966	1442	0	3
2022.02.07	23:00:00	1.24966	1.25006	1.24949	1.25004	517	0	3
2022.02.08	00:00:00	1.25010	1.25010	1.24849	1.24894	488	0	22
2022.02.08	01:00:00	1.24894	1.24969	1.24894	1.24955	540	0	6
2022.02.08	02:00:00	1.24954	1.25008	1.24932	1.24997	935	0	3
2022.02.08	03:00:00	1.24998	1.25066	1.24954	1.25059	1014	0	3
2022.02.08	04:00:00	1.25060	1.25114	1.25005	1.25112	982	0	3
2022.02.08	05:00:00	1.25110	1.25117	1.25056	1.25082	693	0	3
2022.02.08	06:00:00	1.25081	1.25107	1.25034	1.25053	656	0	4
2022.02.08	07:00:00	1.25049	1.25091	1.25003	1.25090	760	0	4
2022.02.08	08:00:00	1.25088	1.25140	1.25055	1.25131	1050	0	3
2022.02.08	09:00:00	1.25131	1.25247	1.25097	1.25159	3029	0	3
2022.02.08	10:00:00	1.25158	1.25189	1.25012	1.25065	4062	0	3
2022.02.08	11:00:00	1.25060	1.25192	1.25024	1.25158	3284	0	3
2022.02.08	12:00:00	1.25158	1.25191	1.24947	1.25074	2625	0	3
2022.02.08	13:00:00	1.25078	1.25165	1.25005	1.25046	2699	0	3
2022.02.08	14:00:00	1.25047	1.25099	1.24902	1.24932	2670	0	3
2022.02.08	15:00:00	1.24933	1.25082	1.24903	1.25071	3139	0	3
2022.02.08	16:00:00	1.25074	1.25320	1.25067	1.25248	3525	0	3
2022.02.08	17:00:00	1.25247	1.25334	1.25193	1.25325	3619	0	3
2022.02.08	18:00:00	1.25324	1.25351	1.25270	1.25270	1914	0	3
2022.02.08	19:00:00	1.25271	1.25286	1.25192	1.25255	1298	0	3
2022.02.08	20:00:00	1.25255	1.25319	1.25229	1.25301	1910	0	3
2022.02.08	21:00:00	1.25300	1.25352	1.25269	1.25321	1363	0	3
2022.02.08	22:00:00	1.25321	1.25350	1.25301	1.25326	1314	0	3
2022.02.08	23:00:00	1.25323	1.25340	1.25309	1.25331	517	0	3
2022.02.09	00:00:00	1.25247	1.25331	1.25166	1.25328	239	0	57
2022.02.09	01:00:00	1.25322	1.25353	1.25294	1.25323	467	0	3
2022.02.09	02:00:00	1.25324	1.25367	1.25313	1.25331	662	0	3
2022.02.09	03:00:00	1.25332	1.25382	1.25319	1.25347	898	0	3
2022.02.09	04:00:00	1.25348	1.25360	1.25305	1.25330	789	0	4
2022.02.09	05:00:00	1.25328	1.25373	1.25318	1.25325	667	0	3
2022.02.09	06:00:00	1.25325	1.25373	1.25317	1.25355	578	0	4
2022.02.09	07:00:00	1.25358	1.25382	1.25339	1.25379	569	0	3
2022.02.09	08:00:00	1.25379	1.25394	1.25335	1.25338	771	0	3
2022.02.09	09:00:00	1.25339	1.25360	1.25171	1.25245	2007	0	3
2022.02.09	10:00:00	1.25245	1.25361	1.25185	1.25319	3175	0	3
2022.02.09	11:00:00	1.25321	1.25350	1.25186	1.25327	2427	0	3
2022.02.09	12:00:00	1.25328	1.25503	1.25307	1.25387	2609	0	3
2022.02.09	13:00:00	1.25386	1.25415	1.25227	1.25370	2094	0	3
2022.02.09	14:00:00	1.25368	1.25412	1.25289	1.25308	2126	0	3
2022.02.09	15:00:00	1.25309	1.25317	1.25199	1.25291	2965	0	3
2022.02.09	16:00:00	1.25292	1.25292	1.25122	1.25132	3131	0	3
2022.02.09	17:00:00	1.25131	1.25188	1.25079	1.25149	3523	0	3
2022.02.09	18:00:00	1.25148	1.25155	1.24983	1.25007	2313	0	3
2022.02.09	19:00:00	1.25008	1.25104	1.24954	1.25010	2671	0	3
2022.02.09	20:00:00	1.25011	1.25076	1.24944	1.25065	1789	0	3
2022.02.09	21:00:00	1.25065	1.25083	1.24995	1.25024	900	0	3
2022.02.09	22:00:00	1.25024	1.25111	1.25021	1.25100	1299	0	4
2022.02.09	23:00:00	1.25100	1.25144	1.25072	1.25090	628	0	3
2022.02.10	00:00:00	1.25091	1.25099	1.25032	1.25079	149	0	35
2022.02.10	01:00:00	1.25080	1.25098	1.25056	1.25079	414	0	8
2022.02.10	02:00:00	1.25081	1.25132	1.25047	1.25122	1119	0	3
2022.02.10	03:00:00	1.25122	1.25124	1.25039	1.25049	1180	0	3
2022.02.10	04:00:00	1.25050	1.25104	1.25004	1.25029	952	0	3
2022.02.10	05:00:00	1.25029	1.25050	1.24995	1.25008	621	0	4
2022.02.10	06:00:00	1.25007	1.25076	1.25001	1.25048	578	0	4
2022.02.10	07:00:00	1.25047	1.25094	1.25037	1.25087	657	0	3
2022.02.10	08:00:00	1.25087	1.25098	1.25061	1.25086	850	0	4
2022.02.10	09:00:00	1.25078	1.25120	1.25047	1.25117	1934	0	3
2022.02.10	10:00:00	1.25116	1.25254	1.25079	1.25121	2917	0	3
2022.02.10	11:00:00	1.25119	1.25371	1.25110	1.25336	3270	0	3
2022.02.10	12:00:00	1.25336	1.25445	1.25256	1.25364	2784	0	3
2022.02.10	13:00:00	1.25366	1.25526	1.25346	1.25484	2036	0	3
2022.02.10	14:00:00	1.25483	1.25528	1.25436	1.25476	2254	0	3
2022.02.10	15:00:00	1.25476	1.25692	1.25431	1.25647	3075	0	3
2022.02.10	16:00:00	1.25638	1.25841	1.25602	1.25724	3012	0	3
2022.02.10	17:00:00	1.25728	1.25857	1.25602	1.25813	4324	0	3
2022.02.10	18:00:00	1.25812	1.25927	1.25779	1.25852	3430	0	3
2022.02.10	19:00:00	1.25853	1.25932	1.25775	1.25810	3075	0	3
2022.02.10	20:00:00	1.25811	1.25849	1.25719	1.25755	3429	0	3
2022.02.10	21:00:00	1.25762	1.25769	1.25589	1.25642	2521	0	3
2022.02.10	22:00:00	1.25642	1.25703	1.25553	1.25612	2414	0	3
2022.02.10	23:00:00	1.25611	1.25625	1.25452	1.25470	1596	0	3
2022.02.11	00:00:00	1.25443	1.25497	1.25392	1.25458	128	0	62
2022.02.11	01:00:00	1.25458	1.25514	1.25377	1.25435	1025	0	3
2022.02.11	02:00:00	1.25435	1.25471	1.25415	1.25453	1450	0	3
2022.02.11	03:00:00	1.25454	1.25526	1.25443	1.25494	1384	0	3
2022.02.11	04:00:00	1.25490	1.25531	1.25462	1.25526	1071	0	4
2022.02.11	05:00:00	1.25523	1.25540	1.25479	1.25522	750	0	3
2022.02.11	06:00:00	1.25522	1.25550	1.25447	1.25454	1154	0	3
2022.02.11	07:00:00	1.25455	1.25497	1.25441	1.25479	816	0	6
2022.02.11	08:00:00	1.25481	1.25572	1.25403	1.25524	995	0	3
2022.02.11	09:00:00	1.25525	1.25647	1.25487	1.25524	2419	0	3
2022.02.11	10:00:00	1.25525	1.25851	1.25470	1.25745	3484	0	3
2022.02.11	11:00:00	1.25744	1.25881	1.25703	1.25762	3335	0	3
2022.02.11	12:00:00	1.25761	1.25823	1.25636	1.25750	2125	0	3
2022.02.11	13:00:00	1.25751	1.25807	1.25692	1.25763	1919	0	3
2022.02.11	14:00:00	1.25763	1.25877	1.25696	1.25718	3241	0	3
2022.02.11	15:00:00	1.25718	1.25818	1.25650	1.25801	3512	0	3
2022.02.11	16:00:00	1.25801	1.25856	1.25707	1.25739	4451	0	3
2022.02.11	17:00:00	1.25739	1.25975	1.25697	1.25907	5162	0	3
2022.02.11	18:00:00	1.25907	1.25910	1.25818	1.25870	3413	0	3
2022.02.11	19:00:00	1.25874	1.25946	1.25852	1.25914	2507	0	3
2022.02.11	20:00:00	1.25916	1.26012	1.25560	1.25600	5677	0	3
2022.02.11	21:00:00	1.25603	1.25603	1.25335	1.25358	6601	0	3
2022.02.11	22:00:00	1.25356	1.25408	1.25200	1.25323	3759	0	3
2022.02.11	23:00:00	1.25323	1.25361	1.25252	1.25351	1141	0	3
2022.02.14	00:00:00	1.25311	1.25449	1.25194	1.25315	570	0	193
2022.02.14	01:00:00	1.25314	1.25491	1.25247	1.25491	988	0	5
2022.02.14	02:00:00	1.25493	1.25497	1.25414	1.25416	1264	0	4
2022.02.14	03:00:00	1.25415	1.25455	1.25336	1.25336	1339	0	4
2022.02.14	04:00:00	1.25338	1.25367	1.25280	1.25317	1004	0	5
2022.02.14	05:00:00	1.25318	1.25332	1.25212	1.25215	855	0	3
2022.02.14	06:00:00	1.25214	1.25439	1.25209	1.25424	905	0	3
2022.02.14	07:00:00	1.25424	1.25438	1.25340	1.25345	960	0	3
2022.02.14	08:00:00	1.25346	1.25346	1.25257	1.25273	951	0	4
2022.02.14	09:00:00	1.25272	1.25333	1.25176	1.25187	2179	0	3
2022.02.14	10:00:00	1.25192	1.25203	1.24760	1.24771	3789	0	3
2022.02.14	11:00:00	1.24769	1.24953	1.24692	1.24898	2965	0	3
2022.02.14	12:00:00	1.24898	1.25128	1.24875	1.24962	2341	0	3
2022.02.14	13:00:00	1.24960	1.25080	1.24929	1.24950	2052	0	3
2022.02.14	14:00:00	1.24947	1.25241	1.24810	1.25177	3189	0	3
2022.02.14	15:00:00	1.25177	1.25272	1.25034	1.25196	3937	0	3
2022.02.14	16:00:00	1.25197	1.25349	1.25071	1.25338	3614	0	3
2022.02.14	17:00:00	1.25337	1.25375	1.25114	1.25133	3703	0	3
2022.02.14	18:00:00	1.25131	1.25325	1.25127	1.25224	3293	0	3
2022.02.14	19:00:00	1.25225	1.25287	1.25181	1.25231	2051	0	3
2022.02.14	20:00:00	1.25233	1.25312	1.25139	1.25149	2309	0	3
2022.02.14	21:00:00	1.25155	1.25214	1.25030	1.25141	3512	0	3
2022.02.14	22:00:00	1.25138	1.25230	1.25125	1.25194	2154	0	3
2022.02.14	23:00:00	1.25195	1.25224	1.25088	1.25110	681	0	4
2022.02.15	00:00:00	1.24975	1.25089	1.24956	1.25050	134	0	52
2022.02.15	01:00:00	1.25062	1.25139	1.25062	1.25110	357	0	9
2022.02.15	02:00:00	1.25107	1.25126	1.25022	1.25123	737	0	3
2022.02.15	03:00:00	1.25121	1.25125	1.25018	1.25047	1231	0	4
2022.02.15	04:00:00	1.25047	1.25112	1.25032	1.25108	889	0	3
2022.02.15	05:00:00	1.25109	1.25128	1.25066	1.25114	802	0	3
2022.02.15	06:00:00	1.25116	1.25124	1.25074	1.25077	510	0	3
2022.02.15	07:00:00	1.25076	1.25087	1.24997	1.25006	930	0	3
2022.02.15	08:00:00	1.25007	1.25060	1.24994	1.25004	1076	0	3
2022.02.15	09:00:00	1.25003	1.25132	1.24987	1.25124	1731	0	3
2022.02.15	10:00:00	1.25123	1.25382	1.25080	1.25296	3798	0	3
2022.02.15	11:00:00	1.25298	1.25584	1.25211	1.25400	2706	0	3
2022.02.15	12:00:00	1.25399	1.25446	1.25292	1.25307	2459	0	3
2022.02.15	13:00:00	1.25306	1.25395	1.25095	1.25136	2106	0	3
2022.02.15	14:00:00	1.25137	1.25266	1.25066	1.25149	2390	0	3
2022.02.15	15:00:00	1.25150	1.25162	1.24989	1.25018	2798	0	3
2022.02.15	16:00:00	1.25015	1.25174	1.24865	1.25089	3693	0	3
2022.02.15	17:00:00	1.25081	1.25303	1.25021	1.25289	3398	0	3
2022.02.15	18:00:00	1.25289	1.25410	1.25273	1.25341	2532	0	3
2022.02.15	19:00:00	1.25345	1.25363	1.25247	1.25328	1655	0	3
2022.02.15	20:00:00	1.25330	1.25336	1.25242	1.25279	1147	0	3
2022.02.15	21:00:00	1.25279	1.25317	1.25236	1.25272	1449	0	3
2022.02.15	22:00:00	1.25273	1.25309	1.25229	1.25283	1761	0	3
2022.02.15	23:00:00	1.25282	1.25320	1.25263	1.25293	747	0	3
2022.02.16	00:00:00	1.25187	1.25285	1.25154	1.25275	144	0	77
2022.02.16	01:00:00	1.25268	1.25348	1.25268	1.25318	472	0	6
2022.02.16	02:00:00	1.25318	1.25377	1.25308	1.25375	539	0	6
2022.02.16	03:00:00	1.25382	1.25398	1.25327	1.25347	901	0	5
2022.02.16	04:00:00	1.25348	1.25367	1.25306	1.25336	727	0	5
2022.02.16	05:00:00	1.25335	1.25347	1.25288	1.25307	539	0	5
2022.02.16	06:00:00	1.25306	1.25359	1.25287	1.25347	297	0	5
2022.02.16	07:00:00	1.25348	1.25394	1.25348	1.25389	511	0	6
2022.02.16	08:00:00	1.25389	1.25429	1.25347	1.25366	729	0	3
2022.02.16	09:00:00	1.25365	1.25466	1.25349	1.25421	1775	0	3
2022.02.16	10:00:00	1.25421	1.25576	1.25392	1.25505	2701	0	3
2022.02.16	11:00:00	1.25508	1.25606	1.25357	1.25368	2731	0	3
2022.02.16	12:00:00	1.25367	1.25511	1.25322	1.25484	2088	0	3
2022.02.16	13:00:00	1.25490	1.25535	1.25351	1.25359	1859	0	3
2022.02.16	14:00:00	1.25359	1.25540	1.25344	1.25410	2117	0	3
2022.02.16	15:00:00	1.25412	1.25457	1.25128	1.25189	2953	0	3
2022.02.16	16:00:00	1.25189	1.25432	1.25135	1.25306	3126	0	3
2022.02.16	17:00:00	1.25306	1.25429	1.25276	1.25287	2534	0	3
2022.02.16	18:00:00	1.25285	1.25347	1.25203	1.25240	2268	0	3
2022.02.16	19:00:00	1.25236	1.25275	1.25158	1.25203	1970	0	3
2022.02.16	20:00:00	1.25203	1.25290	1.25182	1.25204	1875	0	4
2022.02.16	21:00:00	1.25200	1.25261	1.25139	1.25242	3306	0	3
2022.02.16	22:00:00	1.25243	1.25277	1.25210	1.25261	2040	0	3
2022.02.16	23:00:00	1.25261	1.25289	1.25234	1.25253	944	0	3
2022.02.17	00:00:00	1.25176	1.25323	1.25129	1.25228	243	0	3
2022.02.17	01:00:00	1.25238	1.25272	1.25185	1.25204	719	0	3
2022.02.17	02:00:00	1.25207	1.25281	1.25197	1.25241	1016	0	4
2022.02.17	03:00:00	1.25241	1.25269	1.25191	1.25194	1015	0	3
2022.02.17	04:00:00	1.25193	1.25285	1.25183	1.25278	786	0	3
2022.02.17	05:00:00	1.25278	1.25347	1.25060	1.25064	1217	0	3
2022.02.17	06:00:00	1.25068	1.25209	1.25043	1.25140	3144	0	3
2022.02.17	07:00:00	1.25140	1.25238	1.25110	1.25135	1670	0	3
2022.02.17	08:00:00	1.25132	1.25315	1.25100	1.25297	1853	0	3
2022.02.17	09:00:00	1.25297	1.25433	1.25246	1.25340	2376	0	3
2022.02.17	10:00:00	1.25341	1.25374	1.25081	1.25237	5776	0	3
2022.02.17	11:00:00	1.25233	1.25393	1.25179	1.25347	4803	0	3
2022.02.17	12:00:00	1.25347	1.25408	1.25306	1.25348	3185	0	3
2022.02.17	13:00:00	1.25348	1.25392	1.25252	1.25308	2611	0	3
2022.02.17	14:00:00	1.25306	1.25462	1.25251	1.25452	3295	0	3
2022.02.17	15:00:00	1.25452	1.25490	1.25241	1.25291	4900	0	3
2022.02.17	16:00:00	1.25291	1.25564	1.25258	1.25287	5979	0	3
2022.02.17	17:00:00	1.25288	1.25451	1.25200	1.25315	5775	0	3
2022.02.17	18:00:00	1.25313	1.25382	1.25266	1.25360	3777	0	3
2022.02.17	19:00:00	1.25358	1.25424	1.25294	1.25390	2596	0	3
2022.02.17	20:00:00	1.25391	1.25429	1.25352	1.25399	2234	0	3
2022.02.17	21:00:00	1.25398	1.25413	1.25327	1.25332	1581	0	3
2022.02.17	22:00:00	1.25332	1.25383	1.25275	1.25307	2277	0	3
2022.02.17	23:00:00	1.25306	1.25350	1.25254	1.25262	972	0	3
2022.02.18	00:00:00	1.25224	1.25311	1.25143	1.25230	479	0	5
2022.02.18	01:00:00	1.25233	1.25302	1.25211	1.25227	901	0	8
2022.02.18	02:00:00	1.25228	1.25270	1.25176	1.25196	1289	0	5
2022.02.18	03:00:00	1.25196	1.25414	1.25191	1.25339	2387	0	3
2022.02.18	04:00:00	1.25344	1.25359	1.25287	1.25357	1217	0	3
2022.02.18	05:00:00	1.25357	1.25389	1.25347	1.25371	979	0	3
2022.02.18	06:00:00	1.25373	1.25394	1.25356	1.25381	655	0	5
2022.02.18	07:00:00	1.25381	1.25397	1.25354	1.25361	670	0	3
2022.02.18	08:00:00	1.25362	1.25495	1.25342	1.25456	1081	0	3
2022.02.18	09:00:00	1.25456	1.25476	1.25363	1.25411	2200	0	3
2022.02.18	10:00:00	1.25410	1.25754	1.25396	1.25563	3389	0	3
2022.02.18	11:00:00	1.25561	1.25561	1.25392	1.25404	2882	0	3
2022.02.18	12:00:00	1.25410	1.25479	1.25346	1.25369	3100	0	3
2022.02.18	13:00:00	1.25369	1.25527	1.25343	1.25367	2717	0	3
2022.02.18	14:00:00	1.25361	1.25368	1.25283	1.25335	2415	0	3
2022.02.18	15:00:00	1.25334	1.25334	1.25145	1.25253	3966	0	3
2022.02.18	16:00:00	1.25252	1.25374	1.25099	1.25185	4466	0	3
2022.02.18	17:00:00	1.25184	1.25185	1.24999	1.25038	4653	0	3
2022.02.18	18:00:00	1.25038	1.25206	1.25024	1.25109	4503	0	3
2022.02.18	19:00:00	1.25109	1.25197	1.25078	1.25118	3386	0	3
2022.02.18	20:00:00	1.25117	1.25235	1.25095	1.25232	1759	0	3
2022.02.18	21:00:00	1.25233	1.25293	1.25196	1.25292	1760	0	4
2022.02.18	22:00:00	1.25293	1.25325	1.25233	1.25272	1840	0	3
2022.02.18	23:00:00	1.25270	1.25312	1.25195	1.25227	850	0	3
2022.02.21	00:00:00	1.25132	1.25237	1.25083	1.25188	586	0	60
2022.02.21	01:00:00	1.25188	1.25240	1.25151	1.25160	1018	0	3
2022.02.21	02:00:00	1.25157	1.25311	1.25109	1.25277	1426	0	3
2022.02.21	03:00:00	1.25277	1.25364	1.25236	1.25279	2591	0	3
2022.02.21	04:00:00	1.25276	1.25298	1.25222	1.25286	1224	0	3
2022.02.21	05:00:00	1.25284	1.25304	1.25257	1.25277	901	0	3
2022.02.21	06:00:00	1.25276	1.25300	1.25265	1.25275	608	0	3
2022.02.21	07:00:00	1.25274	1.25329	1.25261	1.25301	708	0	3
2022.02.21	08:00:00	1.25301	1.25407	1.25265	1.25407	915	0	3
2022.02.21	09:00:00	1.25406	1.25421	1.25218	1.25219	1775	0	3
2022.02.21	10:00:00	1.25218	1.25401	1.25131	1.25395	3460	0	3
2022.02.21	11:00:00	1.25395	1.25420	1.25108	1.25153	2542	0	3
2022.02.21	12:00:00	1.25152	1.25157	1.24988	1.25011	2352	0	3
2022.02.21	13:00:00	1.25012	1.25050	1.24726	1.24839	2782	0	3
2022.02.21	14:00:00	1.24838	1.24973	1.24753	1.24761	3134	0	3
2022.02.21	15:00:00	1.24762	1.24827	1.24645	1.24751	3510	0	3
2022.02.21	16:00:00	1.24754	1.24836	1.24712	1.24722	3728	0	3
2022.02.21	17:00:00	1.24722	1.24778	1.24538	1.24579	3554	0	3
2022.02.21	18:00:00	1.24583	1.24674	1.24531	1.24557	2394	0	3
2022.02.21	19:00:00	1.24555	1.24660	1.24550	1.24600	1529	0	3
2022.02.21	20:00:00	1.24622	1.24662	1.24601	1.24614	1567	0	3
2022.02.21	21:00:00	1.24615	1.24641	1.24515	1.24611	2006	0	3
2022.02.21	22:00:00	1.24612	1.24668	1.24580	1.24665	684	0	5
2022.02.21	23:00:00	1.24667	1.24679	1.24556	1.24556	607	0	3
2022.02.22	00:00:00	1.24538	1.24582	1.24447	1.24480	147	0	65
2022.02.22	01:00:00	1.24486	1.24610	1.24392	1.24524	1436	0	3
2022.02.22	02:00:00	1.24524	1.24595	1.24428	1.24566	1664	0	3
2022.02.22	03:00:00	1.24567	1.24612	1.24474	1.24500	2126	0	3
2022.02.22	04:00:00	1.24498	1.24515	1.24467	1.24510	1203	0	3
2022.02.22	05:00:00	1.24510	1.24521	1.24417	1.24462	1121	0	3
2022.02.22	06:00:00	1.24463	1.24511	1.24463	1.24496	984	0	4
2022.02.22	07:00:00	1.24496	1.24592	1.24493	1.24545	1203	0	3
2022.02.22	08:00:00	1.24547	1.24572	1.24453	1.24458	1661	0	3
2022.02.22	09:00:00	1.24452	1.24458	1.24277	1.24399	3709	0	3
2022.02.22	10:00:00	1.24399	1.24683	1.24378	1.24637	4972	0	3
2022.02.22	11:00:00	1.24638	1.24843	1.24635	1.24729	4339	0	3
2022.02.22	12:00:00	1.24730	1.24769	1.24476	1.24684	4663	0	3
2022.02.22	13:00:00	1.24686	1.24836	1.24546	1.24546	4282	0	3
2022.02.22	14:00:00	1.24544	1.24628	1.24383	1.24395	4006	0	3
2022.02.22	15:00:00	1.24398	1.24692	1.24396	1.24617	3577	0	3
2022.02.22	16:00:00	1.24619	1.24772	1.24552	1.24668	3652	0	3
2022.02.22	17:00:00	1.24667	1.25342	1.24633	1.25212	5449	0	3
2022.02.22	18:00:00	1.25210	1.25256	1.25013	1.25138	4010	0	3
2022.02.22	19:00:00	1.25137	1.25176	1.25059	1.25164	2449	0	3
2022.02.22	20:00:00	1.25164	1.25214	1.25091	1.25122	2073	0	3
2022.02.22	21:00:00	1.25122	1.25254	1.25096	1.25217	3618	0	3
2022.02.22	22:00:00	1.25215	1.25248	1.25144	1.25199	2941	0	3
2022.02.22	23:00:00	1.25202	1.25242	1.25187	1.25208	821	0	4
2022.02.23	00:00:00	1.24935	1.25187	1.24935	1.25160	213	0	82
2022.02.23	01:00:00	1.25159	1.25238	1.25158	1.25226	601	0	9
2022.02.23	02:00:00	1.25233	1.25254	1.25183	1.25187	821	0	3
2022.02.23	03:00:00	1.25187	1.25286	1.25178	1.25231	1303	0	3
2022.02.23	04:00:00	1.25232	1.25256	1.25134	1.25142	1033	0	3
2022.02.23	05:00:00	1.25140	1.25155	1.25117	1.25145	714	0	3
2022.02.23	06:00:00	1.25141	1.25171	1.25117	1.25159	572	0	5
2022.02.23	07:00:00	1.25159	1.25179	1.25110	1.25126	785	0	3
2022.02.23	08:00:00	1.25127	1.25209	1.25126	1.25169	784	0	4
2022.02.23	09:00:00	1.25170	1.25377	1.25133	1.25313	2669	0	3
2022.02.23	10:00:00	1.25314	1.25472	1.25253	1.25415	3556	0	3
2022.02.23	11:00:00	1.25420	1.25450	1.25158	1.25191	3426	0	3
2022.02.23	12:00:00	1.25194	1.25231	1.24898	1.24966	3430	0	3
2022.02.23	13:00:00	1.24964	1.25160	1.24923	1.24957	2985	0	3
2022.02.23	14:00:00	1.24957	1.25079	1.24915	1.24948	2549	0	3
2022.02.23	15:00:00	1.24949	1.25029	1.24871	1.24964	2948	0	3
2022.02.23	16:00:00	1.24964	1.24964	1.24540	1.24541	3757	0	3
2022.02.23	17:00:00	1.24540	1.24580	1.24338	1.24370	4812	0	3
2022.02.23	18:00:00	1.24367	1.24443	1.24305	1.24408	3513	0	3
2022.02.23	19:00:00	1.24407	1.24495	1.24399	1.24406	2090	0	3
2022.02.23	20:00:00	1.24407	1.24432	1.24360	1.24393	1679	0	3
2022.02.23	21:00:00	1.24393	1.24404	1.24289	1.24312	1972	0	3
2022.02.23	22:00:00	1.24312	1.24395	1.24302	1.24389	2051	0	3
2022.02.23	23:00:00	1.24388	1.24403	1.24349	1.24383	887	0	3
2022.02.24	00:00:00	1.24276	1.24336	1.24218	1.24308	266	0	20
2022.02.24	01:00:00	1.24298	1.24370	1.24245	1.24283	721	0	4
2022.02.24	02:00:00	1.24282	1.24296	1.24185	1.24216	1723	0	3
2022.02.24	03:00:00	1.24216	1.24401	1.24208	1.24364	2249	0	3
2022.02.24	04:00:00	1.24367	1.24380	1.24204	1.24256	2321	0	3
2022.02.24	05:00:00	1.24260	1.24278	1.23960	1.24033	4413	0	3
2022.02.24	06:00:00	1.24034	1.24146	1.23811	1.24119	4881	0	3
2022.02.24	07:00:00	1.24118	1.24125	1.23912	1.23965	3799	0	3
2022.02.24	08:00:00	1.23966	1.24098	1.23804	1.23855	3742	0	3
2022.02.24	09:00:00	1.23853	1.24041	1.23763	1.23949	6022	0	3
2022.02.24	10:00:00	1.23950	1.24235	1.23758	1.23761	6999	0	3
2022.02.24	11:00:00	1.23762	1.23980	1.23702	1.23804	6511	0	3
2022.02.24	12:00:00	1.23804	1.24130	1.23701	1.24130	6006	0	3
2022.02.24	13:00:00	1.24130	1.24133	1.23570	1.23672	6405	0	3
2022.02.24	14:00:00	1.23671	1.23851	1.23504	1.23552	5931	0	3
2022.02.24	15:00:00	1.23553	1.23654	1.23321	1.23360	6249	0	3
2022.02.24	16:00:00	1.23359	1.23425	1.23020	1.23238	7465	0	3
2022.02.24	17:00:00	1.23239	1.23403	1.23051	1.23241	3597	0	3
2022.02.24	18:00:00	1.23238	1.23824	1.23224	1.23782	4283	0	3
2022.02.24	19:00:00	1.23780	1.23820	1.23566	1.23726	3846	0	3
2022.02.24	20:00:00	1.23728	1.23845	1.23633	1.23804	4948	0	3
2022.02.24	21:00:00	1.23805	1.24045	1.23724	1.23908	6053	0	3
2022.02.24	22:00:00	1.23908	1.23971	1.23810	1.23888	4583	0	3
2022.02.24	23:00:00	1.23892	1.23907	1.23750	1.23753	1578	0	3
2022.02.25	00:00:00	1.23663	1.23799	1.23650	1.23799	208	0	53
2022.02.25	01:00:00	1.23799	1.23807	1.23707	1.23785	737	0	8
2022.02.25	02:00:00	1.23786	1.23843	1.23658	1.23693	2192	0	3
2022.02.25	03:00:00	1.23694	1.23843	1.23671	1.23786	3812	0	3
2022.02.25	04:00:00	1.23786	1.23834	1.23757	1.23810	2178	0	4
2022.02.25	05:00:00	1.23810	1.23981	1.23784	1.23981	1786	0	3
2022.02.25	06:00:00	1.23981	1.24066	1.23931	1.23946	1774	0	3
2022.02.25	07:00:00	1.23945	1.24005	1.23931	1.23996	1495	0	3
2022.02.25	08:00:00	1.23996	1.24028	1.23894	1.23911	1999	0	3
2022.02.25	09:00:00	1.23911	1.23977	1.23858	1.23946	4105	0	3
2022.02.25	10:00:00	1.23947	1.24018	1.23739	1.23765	5714	0	3
2022.02.25	11:00:00	1.23765	1.24006	1.23754	1.23868	4620	0	3
2022.02.25	12:00:00	1.23870	1.23951	1.23828	1.23886	3800	0	3
2022.02.25	13:00:00	1.23888	1.24076	1.23829	1.23986	3730	0	3
2022.02.25	14:00:00	1.23988	1.24266	1.23883	1.24182	4995	0	3
2022.02.25	15:00:00	1.24185	1.24275	1.24051	1.24228	5623	0	3
2022.02.25	16:00:00	1.24228	1.24245	1.23953	1.24062	4987	0	3
2022.02.25	17:00:00	1.24065	1.24530	1.24012	1.24497	5664	0	3
2022.02.25	18:00:00	1.24498	1.24532	1.24242	1.24330	3991	0	3
2022.02.25	19:00:00	1.24336	1.24396	1.24149	1.24181	2303	0	3
2022.02.25	20:00:00	1.24178	1.24237	1.24144	1.24169	1975	0	3
2022.02.25	21:00:00	1.24170	1.24242	1.24168	1.24228	1906	0	3
2022.02.25	22:00:00	1.24230	1.24266	1.24105	1.24135	2542	0	4
2022.02.25	23:00:00	1.24136	1.24205	1.24097	1.24097	1170	0	5
2022.02.28	00:00:00	1.23567	1.23672	1.23198	1.23525	1028	0	41
2022.02.28	01:00:00	1.23524	1.24008	1.23519	1.23910	3819	0	3
2022.02.28	02:00:00	1.23908	1.24065	1.23757	1.23876	3280	0	3
2022.02.28	03:00:00	1.23875	1.24000	1.23841	1.23858	4082	0	3
2022.02.28	04:00:00	1.23858	1.23941	1.23732	1.23815	2987	0	3
2022.02.28	05:00:00	1.23818	1.23857	1.23727	1.23745	2094	0	5
2022.02.28	06:00:00	1.23745	1.23749	1.23591	1.23625	1580	0	3
2022.02.28	07:00:00	1.23625	1.23770	1.23612	1.23733	1449	0	3
2022.02.28	08:00:00	1.23733	1.23867	1.23661	1.23811	2789	0	3
2022.02.28	09:00:00	1.23811	1.23952	1.23768	1.23781	5284	0	3
2022.02.28	10:00:00	1.23783	1.23821	1.23603	1.23668	5369	0	3
2022.02.28	11:00:00	1.23668	1.23806	1.23353	1.23416	4538	0	3
2022.02.28	12:00:00	1.23416	1.23643	1.23354	1.23452	4507	0	3
2022.02.28	13:00:00	1.23459	1.23654	1.23345	1.23429	4281	0	3
2022.02.28	14:00:00	1.23428	1.23635	1.23428	1.23501	3918	0	3
2022.02.28	15:00:00	1.23501	1.23794	1.23153	1.23249	5055	0	3
2022.02.28	16:00:00	1.23249	1.23332	1.23096	1.23187	5185	0	3
2022.02.28	17:00:00	1.23186	1.23403	1.23032	1.23093	6145	0	3
2022.02.28	18:00:00	1.23092	1.23249	1.23052	1.23163	5825	0	3
2022.02.28	19:00:00	1.23163	1.23230	1.22932	1.23020	4044	0	3
2022.02.28	20:00:00	1.23019	1.23158	1.22999	1.23011	2480	0	3
2022.02.28	21:00:00	1.23011	1.23064	1.22945	1.22976	3311	0	3
2022.02.28	22:00:00	1.22976	1.23045	1.22914	1.23029	3054	0	3
2022.02.28	23:00:00	1.23031	1.23079	1.22983	1.23048	1214	0	3
2022.03.01	00:00:00	1.22997	1.23069	1.22931	1.23043	376	0	64
2022.03.01	01:00:00	1.23064	1.23164	1.23014	1.23153	656	0	4
2022.03.01	02:00:00	1.23154	1.23220	1.23126	1.23173	1102	0	3
2022.03.01	03:00:00	1.23174	1.23332	1.23150	1.23322	1271	0	3
2022.03.01	04:00:00	1.23322	1.23341	1.23264	1.23305	1023	0	3
2022.03.01	05:00:00	1.23306	1.23306	1.23128	1.23130	991	0	3
2022.03.01	06:00:00	1.23126	1.23189	1.23116	1.23151	1041	0	4
2022.03.01	07:00:00	1.23153	1.23249	1.23130	1.23224	1528	0	3
2022.03.01	08:00:00	1.23224	1.23304	1.23188	1.23268	1784	0	3
2022.03.01	09:00:00	1.23266	1.23275	1.22899	1.22931	3046	0	3
2022.03.01	10:00:00	1.22931	1.23028	1.22855	1.23018	3947	0	3
2022.03.01	11:00:00	1.23019	1.23059	1.22797	1.22927	4790	0	3
2022.03.01	12:00:00	1.22930	1.23304	1.22781	1.23151	4970	0	3
2022.03.01	13:00:00	1.23151	1.23269	1.22947	1.22982	4613	0	3
2022.03.01	14:00:00	1.22982	1.23078	1.22927	1.22987	3404	0	3
2022.03.01	15:00:00	1.22987	1.23279	1.22897	1.23152	4803	0	3
2022.03.01	16:00:00	1.23153	1.23188	1.23021	1.23070	4974	0	3
2022.03.01	17:00:00	1.23074	1.23112	1.22740	1.22753	6336	0	3
2022.03.01	18:00:00	1.22751	1.22843	1.22320	1.22324	5461	0	3
2022.03.01	19:00:00	1.22324	1.22551	1.22318	1.22426	5002	0	3
2022.03.01	20:00:00	1.22425	1.22449	1.22260	1.22330	3731	0	3
2022.03.01	21:00:00	1.22329	1.22461	1.22286	1.22331	3155	0	3
2022.03.01	22:00:00	1.22329	1.22436	1.22311	1.22353	3598	0	3
2022.03.01	23:00:00	1.22355	1.22448	1.22334	1.22434	1775	0	3
2022.03.02	00:00:00	1.22304	1.22378	1.22231	1.22358	197	0	76
2022.03.02	01:00:00	1.22368	1.22500	1.22350	1.22477	690	0	4
2022.03.02	02:00:00	1.22477	1.22506	1.22426	1.22471	873	0	3
2022.03.02	03:00:00	1.22475	1.22602	1.22473	1.22589	1176	0	3
2022.03.02	04:00:00	1.22591	1.22613	1.22526	1.22589	1089	0	3
2022.03.02	05:00:00	1.22589	1.22620	1.22448	1.22478	732	0	3
2022.03.02	06:00:00	1.22478	1.22481	1.22372	1.22383	1005	0	4
2022.03.02	07:00:00	1.22384	1.22393	1.22268	1.22273	1221	0	3
2022.03.02	08:00:00	1.22275	1.22327	1.22142	1.22188	2086	0	3
2022.03.02	09:00:00	1.22193	1.22222	1.22062	1.22206	5056	0	3
2022.03.02	10:00:00	1.22205	1.22316	1.22109	1.22250	5625	0	3
2022.03.02	11:00:00	1.22249	1.22364	1.21966	1.22061	6266	0	3
2022.03.02	12:00:00	1.22062	1.22425	1.22012	1.22421	4449	0	3
2022.03.02	13:00:00	1.22421	1.22621	1.22273	1.22559	3674	0	3
2022.03.02	14:00:00	1.22559	1.22604	1.22438	1.22582	3907	0	3
2022.03.02	15:00:00	1.22582	1.22793	1.22547	1.22793	4640	0	3
2022.03.02	16:00:00	1.22789	1.23070	1.22740	1.22903	5117	0	3
2022.03.02	17:00:00	1.22901	1.23136	1.22762	1.22869	6172	0	3
2022.03.02	18:00:00	1.22867	1.23230	1.22867	1.23176	4572	0	3
2022.03.02	19:00:00	1.23177	1.23243	1.23093	1.23217	2829	0	3
2022.03.02	20:00:00	1.23215	1.23258	1.23147	1.23183	2294	0	3
2022.03.02	21:00:00	1.23182	1.23217	1.23135	1.23135	2100	0	3
2022.03.02	22:00:00	1.23133	1.23370	1.23105	1.23327	2589	0	3
2022.03.02	23:00:00	1.23326	1.23392	1.23291	1.23377	1104	0	3
2022.03.03	00:00:00	1.23296	1.23359	1.23296	1.23350	225	0	37
2022.03.03	01:00:00	1.23348	1.23384	1.23265	1.23312	1781	0	3
2022.03.03	02:00:00	1.23314	1.23374	1.23250	1.23277	1027	0	3
2022.03.03	03:00:00	1.23277	1.23337	1.23234	1.23271	1546	0	3
2022.03.03	04:00:00	1.23271	1.23374	1.23232	1.23320	1553	0	3
2022.03.03	05:00:00	1.23320	1.23415	1.23259	1.23405	1083	0	3
2022.03.03	06:00:00	1.23404	1.23451	1.23367	1.23394	984	0	3
2022.03.03	07:00:00	1.23394	1.23423	1.23352	1.23405	738	0	3
2022.03.03	08:00:00	1.23405	1.23442	1.23260	1.23330	1376	0	3
2022.03.03	09:00:00	1.23328	1.23355	1.23106	1.23106	2480	0	3
2022.03.03	10:00:00	1.23105	1.23297	1.22992	1.23070	4315	0	3
2022.03.03	11:00:00	1.23070	1.23153	1.22903	1.23093	3619	0	3
2022.03.03	12:00:00	1.23092	1.23198	1.23002	1.23041	3133	0	3
2022.03.03	13:00:00	1.23042	1.23096	1.22963	1.23073	3140	0	3
2022.03.03	14:00:00	1.23073	1.23193	1.22955	1.23130	3609	0	3
2022.03.03	15:00:00	1.23131	1.23185	1.23013	1.23081	4790	0	3
2022.03.03	16:00:00	1.23084	1.23131	1.22697	1.22705	5577	0	3
2022.03.03	17:00:00	1.22712	1.22899	1.22659	1.22762	5396	0	3
2022.03.03	18:00:00	1.22761	1.22853	1.22586	1.22656	4703	0	3
2022.03.03	19:00:00	1.22655	1.22782	1.22623	1.22638	4893	0	3
2022.03.03	20:00:00	1.22639	1.22706	1.22573	1.22703	2963	0	3
2022.03.03	21:00:00	1.22704	1.22812	1.22530	1.22534	2201	0	3
2022.03.03	22:00:00	1.22534	1.22597	1.22512	1.22552	2204	0	3
2022.03.03	23:00:00	1.22553	1.22643	1.22473	1.22478	1233	0	3
2022.03.04	00:00:00	1.22434	1.22493	1.22377	1.22409	168	0	15
2022.03.04	01:00:00	1.22409	1.22539	1.22398	1.22539	570	0	6
2022.03.04	02:00:00	1.22536	1.22536	1.22379	1.22467	3946	0	3
2022.03.04	03:00:00	1.22465	1.22706	1.22370	1.22648	4773	0	3
2022.03.04	04:00:00	1.22649	1.22687	1.22562	1.22565	2614	0	3
2022.03.04	05:00:00	1.22568	1.22608	1.22492	1.22522	1601	0	3
2022.03.04	06:00:00	1.22524	1.22583	1.22489	1.22572	1611	0	3
2022.03.04	07:00:00	1.22572	1.22604	1.22516	1.22574	1593	0	4
2022.03.04	08:00:00	1.22573	1.22653	1.22502	1.22560	1675	0	3
2022.03.04	09:00:00	1.22561	1.22615	1.22376	1.22407	3154	0	3
2022.03.04	10:00:00	1.22410	1.22454	1.22229	1.22251	4103	0	3
2022.03.04	11:00:00	1.22251	1.22380	1.22165	1.22230	3182	0	3
2022.03.04	12:00:00	1.22228	1.22354	1.22132	1.22226	4244	0	3
2022.03.04	13:00:00	1.22223	1.22248	1.21873	1.21943	4231	0	3
2022.03.04	14:00:00	1.21941	1.21996	1.21745	1.21873	4363	0	3
2022.03.04	15:00:00	1.21872	1.22077	1.21688	1.21739	5389	0	3
2022.03.04	16:00:00	1.21739	1.21929	1.21437	1.21491	4216	0	3
2022.03.04	17:00:00	1.21485	1.21560	1.21280	1.21423	4061	0	3
2022.03.04	18:00:00	1.21422	1.21553	1.21269	1.21338	3627	0	3
2022.03.04	19:00:00	1.21338	1.21539	1.21310	1.21516	2817	0	3
2022.03.04	20:00:00	1.21514	1.21721	1.21472	1.21566	1832	0	3
2022.03.04	21:00:00	1.21565	1.21571	1.21382	1.21399	1936	0	3
2022.03.04	22:00:00	1.21399	1.21511	1.21370	1.21493	2452	0	3
2022.03.04	23:00:00	1.21491	1.21494	1.21297	1.21336	1033	0	3
2022.03.07	00:00:00	1.21212	1.21424	1.21189	1.21378	535	0	106
2022.03.07	01:00:00	1.21388	1.21621	1.21246	1.21595	1868	0	3
2022.03.07	02:00:00	1.21595	1.21691	1.21486	1.21536	2001	0	3
2022.03.07	03:00:00	1.21536	1.21660	1.21463	1.21538	3142	0	3
2022.03.07	04:00:00	1.21540	1.21614	1.21484	1.21503	2190	0	3
2022.03.07	05:00:00	1.21499	1.21627	1.21436	1.21536	2073	0	3
2022.03.07	06:00:00	1.21535	1.21600	1.21487	1.21574	1302	0	3
2022.03.07	07:00:00	1.21573	1.21733	1.21568	1.21645	1781	0	3
2022.03.07	08:00:00	1.21645	1.21714	1.21582	1.21663	1826	0	3
2022.03.07	09:00:00	1.21664	1.21790	1.21511	1.21527	3436	0	3
2022.03.07	10:00:00	1.21524	1.21630	1.21271	1.21516	4070	0	3
2022.03.07	11:00:00	1.21514	1.21805	1.21429	1.21790	3712	0	3
2022.03.07	12:00:00	1.21789	1.21886	1.21606	1.21680	3209	0	3
2022.03.07	13:00:00	1.21678	1.21875	1.21654	1.21841	3106	0	3
2022.03.07	14:00:00	1.21841	1.22109	1.21774	1.21943	4586	0	3
2022.03.07	15:00:00	1.21946	1.21990	1.21698	1.21800	4439	0	3
2022.03.07	16:00:00	1.21797	1.21948	1.21705	1.21756	4680	0	3
2022.03.07	17:00:00	1.21758	1.21897	1.21588	1.21604	4242	0	3
2022.03.07	18:00:00	1.21604	1.21657	1.21434	1.21530	3503	0	3
2022.03.07	19:00:00	1.21530	1.21545	1.21357	1.21493	3511	0	3
2022.03.07	20:00:00	1.21495	1.21547	1.21403	1.21456	3213	0	3
2022.03.07	21:00:00	1.21455	1.21493	1.21287	1.21355	2973	0	3
2022.03.07	22:00:00	1.21354	1.21406	1.21312	1.21348	2661	0	3
2022.03.07	23:00:00	1.21348	1.21353	1.21247	1.21263	1107	0	3
2022.03.08	00:00:00	1.21300	1.21381	1.21287	1.21338	884	0	28
2022.03.08	01:00:00	1.21338	1.21368	1.21296	1.21350	727	0	7
2022.03.08	02:00:00	1.21354	1.21400	1.21320	1.21353	1128	0	3
2022.03.08	03:00:00	1.21354	1.21512	1.21331	1.21471	2136	0	3
2022.03.08	04:00:00	1.21467	1.21515	1.21358	1.21374	1641	0	3
2022.03.08	05:00:00	1.21374	1.21490	1.21341	1.21474	1207	0	3
2022.03.08	06:00:00	1.21474	1.21511	1.21435	1.21440	1140	0	5
2022.03.08	07:00:00	1.21440	1.21449	1.21361	1.21409	1771	0	3
2022.03.08	08:00:00	1.21410	1.21430	1.21268	1.21269	2089	0	3
2022.03.08	09:00:00	1.21269	1.21416	1.21158	1.21335	3237	0	3
2022.03.08	10:00:00	1.21338	1.21611	1.21250	1.21587	5012	0	3
2022.03.08	11:00:00	1.21590	1.21913	1.21465	1.21844	3869	0	3
2022.03.08	12:00:00	1.21842	1.21942	1.21570	1.21578	3410	0	3
2022.03.08	13:00:00	1.21577	1.21632	1.21316	1.21444	2500	0	3
2022.03.08	14:00:00	1.21445	1.21545	1.21423	1.21511	3233	0	3
2022.03.08	15:00:00	1.21512	1.21721	1.21435	1.21646	3726	0	3
2022.03.08	16:00:00	1.21650	1.21839	1.21580	1.21839	4044	0	3
2022.03.08	17:00:00	1.21838	1.22019	1.21759	1.21793	4845	0	3
2022.03.08	18:00:00	1.21792	1.21904	1.21719	1.21868	3891	0	3
2022.03.08	19:00:00	1.21864	1.22037	1.21736	1.22029	4843	0	3
2022.03.08	20:00:00	1.22026	1.22066	1.21750	1.21770	4264	0	3
2022.03.08	21:00:00	1.21775	1.21834	1.21690	1.21820	3321	0	3
2022.03.08	22:00:00	1.21819	1.21837	1.21670	1.21720	2565	0	3
2022.03.08	23:00:00	1.21723	1.21758	1.21650	1.21709	888	0	3
2022.03.09	00:00:00	1.21605	1.21738	1.21513	1.21738	180	0	92
2022.03.09	01:00:00	1.21728	1.21834	1.21718	1.21782	825	0	8
2022.03.09	02:00:00	1.21782	1.21893	1.21754	1.21854	1055	0	4
2022.03.09	03:00:00	1.21853	1.21947	1.21852	1.21894	1617	0	3
2022.03.09	04:00:00	1.21894	1.21940	1.21834	1.21899	1217	0	3
2022.03.09	05:00:00	1.21900	1.21900	1.21759	1.21789	1073	0	3
2022.03.09	06:00:00	1.21790	1.21876	1.21786	1.21819	942	0	4
2022.03.09	07:00:00	1.21820	1.21820	1.21719	1.21736	1240	0	3
2022.03.09	08:00:00	1.21731	1.21862	1.21702	1.21797	1560	0	3
2022.03.09	09:00:00	1.21789	1.21886	1.21693	1.21709	2315	0	3
2022.03.09	10:00:00	1.21706	1.22034	1.21700	1.22011	3152	0	3
2022.03.09	11:00:00	1.22005	1.22079	1.21897	1.22019	3206	0	3
2022.03.09	12:00:00	1.22019	1.22256	1.22001	1.22074	2879	0	3
2022.03.09	13:00:00	1.22078	1.22188	1.22009	1.22020	2868	0	3
2022.03.09	14:00:00	1.22020	1.22127	1.22005	1.22026	2571	0	3
2022.03.09	15:00:00	1.22026	1.22180	1.21937	1.22129	2849	0	3
2022.03.09	16:00:00	1.22127	1.22334	1.22011	1.22216	4428	0	3
2022.03.09	17:00:00	1.22221	1.22264	1.21862	1.21924	3987	0	3
2022.03.09	18:00:00	1.21920	1.22055	1.21893	1.21929	3656	0	3
2022.03.09	19:00:00	1.21928	1.22086	1.21891	1.22042	2966	0	3
2022.03.09	20:00:00	1.22042	1.22124	1.22004	1.22021	2333	0	3
2022.03.09	21:00:00	1.22022	1.22130	1.21939	1.22128	1840	0	3
2022.03.09	22:00:00	1.22130	1.22163	1.22085	1.22139	2159	0	3
2022.03.09	23:00:00	1.22137	1.22195	1.22123	1.22152	978	0	3
2022.03.10	00:00:00	1.22046	1.22122	1.21963	1.22122	144	0	80
2022.03.10	01:00:00	1.22134	1.22185	1.22076	1.22185	688	0	7
2022.03.10	02:00:00	1.22184	1.22195	1.22130	1.22169	1082	0	3
2022.03.10	03:00:00	1.22172	1.22232	1.21981	1.22092	1545	0	3
2022.03.10	04:00:00	1.22092	1.22144	1.22054	1.22108	1065	0	4
2022.03.10	05:00:00	1.22106	1.22200	1.22081	1.22184	1043	0	3
2022.03.10	06:00:00	1.22179	1.22231	1.22169	1.22213	803	0	3
2022.03.10	07:00:00	1.22211	1.22250	1.22180	1.22234	840	0	4
2022.03.10	08:00:00	1.22233	1.22253	1.22108	1.22156	1186	0	3
2022.03.10	09:00:00	1.22156	1.22351	1.22136	1.22329	2162	0	3
2022.03.10	10:00:00	1.22318	1.22328	1.21866	1.22012	3358	0	3
2022.03.10	11:00:00	1.21993	1.22165	1.21942	1.22091	3840	0	3
2022.03.10	12:00:00	1.22094	1.22162	1.21856	1.21893	3584	0	3
2022.03.10	13:00:00	1.21891	1.21975	1.21811	1.21964	2977	0	3
2022.03.10	14:00:00	1.21963	1.22236	1.21874	1.22042	3560	0	3
2022.03.10	15:00:00	1.22041	1.22582	1.21895	1.22579	4635	0	3
2022.03.10	16:00:00	1.22580	1.22641	1.22067	1.22157	4525	0	3
2022.03.10	17:00:00	1.22155	1.22247	1.21702	1.21756	4124	0	3
2022.03.10	18:00:00	1.21755	1.21922	1.21713	1.21815	3043	0	3
2022.03.10	19:00:00	1.21814	1.22002	1.21798	1.21861	2364	0	3
2022.03.10	20:00:00	1.21872	1.21992	1.21845	1.21929	2098	0	3
2022.03.10	21:00:00	1.21925	1.21978	1.21825	1.21847	1636	0	3
2022.03.10	22:00:00	1.21847	1.21850	1.21728	1.21768	1526	0	3
2022.03.10	23:00:00	1.21768	1.21813	1.21692	1.21696	754	0	3
2022.03.11	00:00:00	1.21563	1.21713	1.21563	1.21630	106	0	57
2022.03.11	01:00:00	1.21629	1.21794	1.21629	1.21776	738	0	4
2022.03.11	02:00:00	1.21775	1.21807	1.21701	1.21774	938	0	3
2022.03.11	03:00:00	1.21775	1.21801	1.21662	1.21707	1400	0	3
2022.03.11	04:00:00	1.21705	1.21799	1.21698	1.21761	1160	0	3
2022.03.11	05:00:00	1.21760	1.21770	1.21681	1.21750	1159	0	3
2022.03.11	06:00:00	1.21752	1.21771	1.21651	1.21711	948	0	3
2022.03.11	07:00:00	1.21710	1.21744	1.21649	1.21677	1158	0	3
2022.03.11	08:00:00	1.21677	1.21885	1.21664	1.21859	1544	0	3
2022.03.11	09:00:00	1.21859	1.21944	1.21592	1.21628	2684	0	3
2022.03.11	10:00:00	1.21628	1.21764	1.21582	1.21677	3380	0	3
2022.03.11	11:00:00	1.21677	1.21849	1.21634	1.21822	2728	0	3
2022.03.11	12:00:00	1.21821	1.21839	1.21659	1.21747	2261	0	3
2022.03.11	13:00:00	1.21740	1.22156	1.21734	1.22116	3949	0	3
2022.03.11	14:00:00	1.22114	1.22257	1.21897	1.21932	3495	0	3
2022.03.11	15:00:00	1.21935	1.22036	1.21770	1.21956	3198	0	3
2022.03.11	16:00:00	1.21957	1.22038	1.21836	1.21912	3192	0	3
2022.03.11	17:00:00	1.21913	1.22130	1.21844	1.22076	3563	0	3
2022.03.11	18:00:00	1.22076	1.22089	1.21818	1.21835	3500	0	3
2022.03.11	19:00:00	1.21837	1.21940	1.21784	1.21829	2417	0	3
2022.03.11	20:00:00	1.21835	1.21886	1.21794	1.21853	1841	0	3
2022.03.11	21:00:00	1.21852	1.21933	1.21821	1.21894	1718	0	3
2022.03.11	22:00:00	1.21894	1.21895	1.21782	1.21854	1743	0	3
2022.03.11	23:00:00	1.21853	1.21884	1.21788	1.21871	606	0	3
2022.03.14	00:00:00	1.21777	1.21804	1.21639	1.21666	182	0	59
2022.03.14	01:00:00	1.21664	1.21971	1.21664	1.21910	896	0	14
2022.03.14	02:00:00	1.21918	1.22009	1.21899	1.21987	973	0	3
2022.03.14	03:00:00	1.21988	1.22078	1.21950	1.22077	1496	0	3
2022.03.14	04:00:00	1.22076	1.22083	1.21928	1.21954	1799	0	3
2022.03.14	05:00:00	1.21955	1.21959	1.21824	1.21844	1413	0	3
2022.03.14	06:00:00	1.21843	1.21848	1.21788	1.21817	751	0	3
2022.03.14	07:00:00	1.21819	1.21839	1.21787	1.21809	682	0	5
2022.03.14	08:00:00	1.21808	1.21859	1.21797	1.21822	897	0	3
2022.03.14	09:00:00	1.21820	1.21829	1.21734	1.21762	1158	0	3
2022.03.14	10:00:00	1.21762	1.22069	1.21727	1.22040	2581	0	3
2022.03.14	11:00:00	1.22043	1.22152	1.21978	1.22034	3423	0	3
2022.03.14	12:00:00	1.22034	1.22120	1.21623	1.21731	3154	0	3
2022.03.14	13:00:00	1.21732	1.21979	1.21701	1.21963	2710	0	3
2022.03.14	14:00:00	1.21964	1.21979	1.21801	1.21850	2716	0	3
2022.03.14	15:00:00	1.21852	1.22266	1.21848	1.22181	3233	0	3
2022.03.14	16:00:00	1.22184	1.22214	1.21980	1.22070	3402	0	3
2022.03.14	17:00:00	1.22070	1.22116	1.21959	1.22073	3417	0	3
2022.03.14	18:00:00	1.22075	1.22289	1.22038	1.22096	3254	0	3
2022.03.14	19:00:00	1.22097	1.22294	1.22029	1.22029	2812	0	3
2022.03.14	20:00:00	1.22033	1.22080	1.21948	1.21990	1990	0	3
2022.03.14	21:00:00	1.21989	1.22102	1.21947	1.22066	1657	0	3
2022.03.14	22:00:00	1.22066	1.22131	1.21970	1.21990	1982	0	3
2022.03.14	23:00:00	1.21989	1.22054	1.21982	1.22034	1066	0	3
2022.03.15	00:00:00	1.21966	1.22007	1.21882	1.21984	136	0	60
2022.03.15	01:00:00	1.21985	1.22057	1.21973	1.22038	521	0	10
2022.03.15	02:00:00	1.22039	1.22100	1.22028	1.22100	616	0	3
2022.03.15	03:00:00	1.22099	1.22153	1.22082	1.22135	956	0	3
2022.03.15	04:00:00	1.22136	1.22204	1.22105	1.22168	1521	0	3
2022.03.15	05:00:00	1.22168	1.22315	1.22154	1.22252	1990	0	3
2022.03.15	06:00:00	1.22253	1.22420	1.22253	1.22416	1124	0	3
2022.03.15	07:00:00	1.22418	1.22524	1.22340	1.22501	994	0	3
2022.03.15	08:00:00	1.22498	1.22607	1.22495	1.22589	1374	0	3
2022.03.15	09:00:00	1.22581	1.22617	1.22487	1.22602	1585	0	3
2022.03.15	10:00:00	1.22601	1.22632	1.22245	1.22284	3560	0	3
2022.03.15	11:00:00	1.22280	1.22317	1.22101	1.22250	3684	0	3
2022.03.15	12:00:00	1.22246	1.22513	1.22126	1.22408	2863	0	3
2022.03.15	13:00:00	1.22408	1.22456	1.22320	1.22371	2779	0	3
2022.03.15	14:00:00	1.22376	1.22646	1.22345	1.22574	2548	0	3
2022.03.15	15:00:00	1.22574	1.22788	1.22521	1.22742	3005	0	3
2022.03.15	16:00:00	1.22743	1.22896	1.22599	1.22716	3320	0	3
2022.03.15	17:00:00	1.22716	1.22956	1.22696	1.22880	3053	0	3
2022.03.15	18:00:00	1.22882	1.23174	1.22841	1.23008	3306	0	3
2022.03.15	19:00:00	1.23007	1.23052	1.22797	1.22927	3513	0	3
2022.03.15	20:00:00	1.22928	1.22963	1.22706	1.22867	2099	0	3
2022.03.15	21:00:00	1.22867	1.22889	1.22727	1.22772	1999	0	3
2022.03.15	22:00:00	1.22771	1.22855	1.22723	1.22801	1956	0	3
2022.03.15	23:00:00	1.22800	1.22800	1.22745	1.22767	879	0	3
2022.03.16	00:00:00	1.22644	1.22767	1.22591	1.22722	127	0	50
2022.03.16	01:00:00	1.22728	1.22782	1.22704	1.22718	614	0	7
2022.03.16	02:00:00	1.22717	1.22759	1.22689	1.22737	848	0	4
2022.03.16	03:00:00	1.22741	1.22766	1.22629	1.22675	1219	0	3
2022.03.16	04:00:00	1.22674	1.22749	1.22624	1.22711	1347	0	3
2022.03.16	05:00:00	1.22711	1.22718	1.22593	1.22598	1057	0	4
2022.03.16	06:00:00	1.22601	1.22672	1.22599	1.22667	815	0	3
2022.03.16	07:00:00	1.22666	1.22721	1.22662	1.22685	600	0	4
2022.03.16	08:00:00	1.22683	1.22776	1.22668	1.22744	961	0	3
2022.03.16	09:00:00	1.22747	1.22748	1.22587	1.22682	1526	0	3
2022.03.16	10:00:00	1.22683	1.22757	1.22601	1.22695	1987	0	3
2022.03.16	11:00:00	1.22694	1.22892	1.22587	1.22745	3547	0	3
2022.03.16	12:00:00	1.22745	1.22827	1.22698	1.22805	2560	0	3
2022.03.16	13:00:00	1.22806	1.22947	1.22745	1.22850	2783	0	3
2022.03.16	14:00:00	1.22851	1.23135	1.22830	1.23046	2453	0	3
2022.03.16	15:00:00	1.23046	1.23159	1.23003	1.23147	2498	0	3
2022.03.16	16:00:00	1.23148	1.23158	1.23004	1.23028	2708	0	3
2022.03.16	17:00:00	1.23032	1.23375	1.22989	1.23353	4260	0	3
2022.03.16	18:00:00	1.23353	1.23519	1.23193	1.23295	3619	0	3
2022.03.16	19:00:00	1.23280	1.23549	1.23264	1.23541	2654	0	3
2022.03.16	20:00:00	1.23524	1.23579	1.23387	1.23412	2433	0	3
2022.03.16	21:00:00	1.23409	1.23641	1.23364	1.23602	5533	0	3
2022.03.16	22:00:00	1.23600	1.23677	1.23451	1.23627	4295	0	3
2022.03.16	23:00:00	1.23626	1.23664	1.23572	1.23638	1248	0	3
2022.03.17	00:00:00	1.23620	1.23726	1.23490	1.23600	689	0	6
2022.03.17	01:00:00	1.23609	1.23815	1.23591	1.23639	1053	0	4
2022.03.17	02:00:00	1.23639	1.23750	1.23589	1.23736	1149	0	5
2022.03.17	03:00:00	1.23733	1.23783	1.23677	1.23695	1858	0	3
2022.03.17	04:00:00	1.23693	1.23709	1.23570	1.23639	2170	0	3
2022.03.17	05:00:00	1.23638	1.23752	1.23635	1.23703	1666	0	3
2022.03.17	06:00:00	1.23693	1.23700	1.23608	1.23648	1389	0	3
2022.03.17	07:00:00	1.23651	1.23722	1.23627	1.23656	1024	0	4
2022.03.17	08:00:00	1.23657	1.23735	1.23624	1.23726	1378	0	3
2022.03.17	09:00:00	1.23728	1.23790	1.23636	1.23764	1656	0	3
2022.03.17	10:00:00	1.23768	1.24068	1.23763	1.24004	2164	0	3
2022.03.17	11:00:00	1.24007	1.24074	1.23852	1.23981	2799	0	3
2022.03.17	12:00:00	1.23981	1.24043	1.23766	1.23771	2493	0	3
2022.03.17	13:00:00	1.23772	1.23989	1.23633	1.23929	2890	0	3
2022.03.17	14:00:00	1.23928	1.24154	1.23567	1.23764	2081	0	3
2022.03.17	15:00:00	1.23748	1.23793	1.23065	1.23170	3890	0	3
2022.03.17	16:00:00	1.23181	1.23247	1.23047	1.23121	2962	0	3
2022.03.17	17:00:00	1.23122	1.23142	1.22926	1.23000	2993	0	3
2022.03.17	18:00:00	1.23000	1.23078	1.22905	1.23033	2748	0	3
2022.03.17	19:00:00	1.23026	1.23108	1.22940	1.23014	2296	0	3
2022.03.17	20:00:00	1.23016	1.23097	1.22940	1.23087	2075	0	3
2022.03.17	21:00:00	1.23089	1.23230	1.23087	1.23188	1854	0	3
2022.03.17	22:00:00	1.23186	1.23281	1.23120	1.23253	1754	0	3
2022.03.17	23:00:00	1.23250	1.23288	1.23172	1.23198	840	0	3
2022.03.18	00:00:00	1.23193	1.23237	1.23161	1.23172	139	0	40
2022.03.18	01:00:00	1.23161	1.23267	1.23161	1.23187	491	0	3
2022.03.18	02:00:00	1.23188	1.23228	1.23166	1.23181	702	0	3
2022.03.18	03:00:00	1.23180	1.23320	1.23170	1.23270	1688	0	3
2022.03.18	04:00:00	1.23267	1.23297	1.23191	1.23245	1630	0	3
2022.03.18	05:00:00	1.23245	1.23304	1.23214	1.23266	1063	0	3
2022.03.18	06:00:00	1.23264	1.23287	1.23205	1.23224	1108	0	3
2022.03.18	07:00:00	1.23224	1.23241	1.23172	1.23175	757	0	3
2022.03.18	08:00:00	1.23175	1.23247	1.23157	1.23232	958	0	3
2022.03.18	09:00:00	1.23231	1.23322	1.23192	1.23291	1442	0	3
2022.03.18	10:00:00	1.23301	1.23397	1.23162	1.23191	2499	0	3
2022.03.18	11:00:00	1.23189	1.23204	1.22896	1.22984	2734	0	3
2022.03.18	12:00:00	1.22982	1.22983	1.22693	1.22769	2275	0	3
2022.03.18	13:00:00	1.22767	1.22842	1.22634	1.22830	2624	0	3
2022.03.18	14:00:00	1.22828	1.22857	1.22714	1.22835	2173	0	3
2022.03.18	15:00:00	1.22836	1.23000	1.22830	1.22870	2259	0	3
2022.03.18	16:00:00	1.22868	1.22928	1.22812	1.22865	3039	0	3
2022.03.18	17:00:00	1.22865	1.23056	1.22854	1.22914	3155	0	3
2022.03.18	18:00:00	1.22915	1.23076	1.22913	1.22934	3064	0	3
2022.03.18	19:00:00	1.22934	1.22976	1.22814	1.22959	2863	0	3
2022.03.18	20:00:00	1.22960	1.23077	1.22862	1.23024	1659	0	3
2022.03.18	21:00:00	1.23023	1.23023	1.22840	1.22879	1925	0	3
2022.03.18	22:00:00	1.22879	1.22926	1.22792	1.22846	1582	0	3
2022.03.18	23:00:00	1.22849	1.22904	1.22730	1.22758	935	0	3
2022.03.21	00:00:00	1.22788	1.22836	1.22677	1.22715	229	0	122
2022.03.21	01:00:00	1.22722	1.22839	1.22719	1.22831	674	0	7
2022.03.21	02:00:00	1.22829	1.22854	1.22742	1.22777	782	0	4
2022.03.21	03:00:00	1.22779	1.22787	1.22633	1.22704	975	0	3
2022.03.21	04:00:00	1.22703	1.22822	1.22678	1.22779	996	0	3
2022.03.21	05:00:00	1.22779	1.22841	1.22735	1.22833	1059	0	3
2022.03.21	06:00:00	1.22833	1.22846	1.22801	1.22808	649	0	4
2022.03.21	07:00:00	1.22808	1.22813	1.22752	1.22759	580	0	4
2022.03.21	08:00:00	1.22758	1.22808	1.22722	1.22796	826	0	3
2022.03.21	09:00:00	1.22795	1.22974	1.22794	1.22973	1019	0	3
2022.03.21	10:00:00	1.22973	1.22982	1.22709	1.22813	2103	0	3
2022.03.21	11:00:00	1.22817	1.22884	1.22306	1.22317	2643	0	3
2022.03.21	12:00:00	1.22318	1.22495	1.22318	1.22351	2252	0	3
2022.03.21	13:00:00	1.22352	1.22426	1.22168	1.22270	1918	0	3
2022.03.21	14:00:00	1.22270	1.22325	1.22181	1.22301	2411	0	3
2022.03.21	15:00:00	1.22307	1.22503	1.22268	1.22454	2207	0	3
2022.03.21	16:00:00	1.22456	1.22811	1.22449	1.22632	2730	0	3
2022.03.21	17:00:00	1.22640	1.22781	1.22622	1.22756	2620	0	3
2022.03.21	18:00:00	1.22753	1.22927	1.22657	1.22808	2392	0	3
2022.03.21	19:00:00	1.22806	1.22959	1.22780	1.22932	3248	0	3
2022.03.21	20:00:00	1.22932	1.22996	1.22788	1.22798	2852	0	3
2022.03.21	21:00:00	1.22799	1.22874	1.22725	1.22863	2344	0	3
2022.03.21	22:00:00	1.22860	1.22884	1.22771	1.22874	1856	0	3
2022.03.21	23:00:00	1.22874	1.22924	1.22834	1.22921	813	0	3
2022.03.22	00:00:00	1.22871	1.22905	1.22821	1.22862	207	0	34
2022.03.22	01:00:00	1.22870	1.22913	1.22865	1.22898	516	0	3
2022.03.22	02:00:00	1.22897	1.22995	1.22896	1.22995	607	0	4
2022.03.22	03:00:00	1.22991	1.23046	1.22930	1.22943	1604	0	3
2022.03.22	04:00:00	1.22943	1.22994	1.22906	1.22924	1787	0	3
2022.03.22	05:00:00	1.22926	1.23034	1.22926	1.23027	1223	0	3
2022.03.22	06:00:00	1.23027	1.23035	1.22969	1.22985	1239	0	3
2022.03.22	07:00:00	1.22987	1.23027	1.22888	1.22980	1809	0	3
2022.03.22	08:00:00	1.22979	1.23006	1.22893	1.22946	1733	0	4
2022.03.22	09:00:00	1.22945	1.23029	1.22907	1.22981	1842	0	3
2022.03.22	10:00:00	1.22979	1.23061	1.22968	1.23002	2140	0	3
2022.03.22	11:00:00	1.23005	1.23254	1.22933	1.23072	3175	0	3
2022.03.22	12:00:00	1.23071	1.23524	1.23066	1.23402	2954	0	3
2022.03.22	13:00:00	1.23394	1.23592	1.23394	1.23534	2738	0	3
2022.03.22	14:00:00	1.23534	1.23563	1.23309	1.23426	2921	0	3
2022.03.22	15:00:00	1.23426	1.23517	1.23358	1.23401	3081	0	3
2022.03.22	16:00:00	1.23401	1.23653	1.23372	1.23643	3188	0	3
2022.03.22	17:00:00	1.23642	1.23690	1.23493	1.23528	3016	0	3
2022.03.22	18:00:00	1.23530	1.23666	1.23412	1.23633	4209	0	3
2022.03.22	19:00:00	1.23634	1.23667	1.23485	1.23648	3259	0	3
2022.03.22	20:00:00	1.23648	1.23730	1.23623	1.23678	2383	0	3
2022.03.22	21:00:00	1.23678	1.23716	1.23603	1.23623	2042	0	3
2022.03.22	22:00:00	1.23621	1.23719	1.23587	1.23715	1848	0	3
2022.03.22	23:00:00	1.23713	1.23756	1.23693	1.23712	752	0	3
2022.03.23	00:00:00	1.23714	1.23760	1.23622	1.23622	148	0	24
2022.03.23	01:00:00	1.23626	1.23870	1.23623	1.23856	737	0	3
2022.03.23	02:00:00	1.23856	1.23856	1.23772	1.23833	1012	0	4
2022.03.23	03:00:00	1.23834	1.23988	1.23824	1.23951	1953	0	3
2022.03.23	04:00:00	1.23950	1.24092	1.23857	1.24077	2038	0	3
2022.03.23	05:00:00	1.24077	1.24154	1.24011	1.24047	1784	0	3
2022.03.23	06:00:00	1.24047	1.24083	1.24018	1.24070	1448	0	3
2022.03.23	07:00:00	1.24070	1.24195	1.24056	1.24126	1212	0	3
2022.03.23	08:00:00	1.24126	1.24197	1.24085	1.24141	1293	0	3
2022.03.23	09:00:00	1.24142	1.24151	1.24054	1.24072	1499	0	3
2022.03.23	10:00:00	1.24060	1.24147	1.23818	1.23850	2471	0	3
2022.03.23	11:00:00	1.23849	1.23849	1.23544	1.23577	3244	0	3
2022.03.23	12:00:00	1.23577	1.23913	1.23530	1.23734	3317	0	3
2022.03.23	13:00:00	1.23732	1.23761	1.23548	1.23553	2677	0	3
2022.03.23	14:00:00	1.23551	1.23561	1.23417	1.23477	3500	0	3
2022.03.23	15:00:00	1.23478	1.23482	1.23176	1.23297	3453	0	3
2022.03.23	16:00:00	1.23298	1.23390	1.23130	1.23130	4229	0	3
2022.03.23	17:00:00	1.23128	1.23322	1.23094	1.23202	3980	0	3
2022.03.23	18:00:00	1.23201	1.23246	1.23011	1.23133	3648	0	3
2022.03.23	19:00:00	1.23130	1.23171	1.22866	1.22964	2717	0	3
2022.03.23	20:00:00	1.22966	1.23028	1.22891	1.22939	2439	0	3
2022.03.23	21:00:00	1.22944	1.22952	1.22863	1.22909	1645	0	3
2022.03.23	22:00:00	1.22912	1.23012	1.22909	1.22977	1623	0	3
2022.03.23	23:00:00	1.22977	1.22979	1.22864	1.22889	664	0	3
2022.03.24	00:00:00	1.22792	1.22824	1.22703	1.22812	208	0	22
2022.03.24	01:00:00	1.22778	1.22947	1.22775	1.22878	616	0	5
2022.03.24	02:00:00	1.22877	1.22917	1.22861	1.22910	737	0	3
2022.03.24	03:00:00	1.22912	1.23040	1.22902	1.22924	1791	0	3
2022.03.24	04:00:00	1.22923	1.22932	1.22834	1.22910	2058	0	3
2022.03.24	05:00:00	1.22912	1.22928	1.22878	1.22918	1035	0	5
2022.03.24	06:00:00	1.22918	1.22936	1.22878	1.22935	1146	0	3
2022.03.24	07:00:00	1.22928	1.22972	1.22898	1.22936	1149	0	3
2022.03.24	08:00:00	1.22935	1.22946	1.22868	1.22912	1605	0	3
2022.03.24	09:00:00	1.22912	1.23073	1.22880	1.22949	1996	0	3
2022.03.24	10:00:00	1.22952	1.23267	1.22950	1.23058	2854	0	3
2022.03.24	11:00:00	1.23059	1.23156	1.22901	1.22903	4490	0	3
2022.03.24	12:00:00	1.22905	1.22962	1.22752	1.22948	3776	0	3
2022.03.24	13:00:00	1.22947	1.23041	1.22833	1.22987	3207	0	3
2022.03.24	14:00:00	1.22987	1.22998	1.22707	1.22902	3867	0	3
2022.03.24	15:00:00	1.22902	1.22943	1.22803	1.22819	3574	0	3
2022.03.24	16:00:00	1.22819	1.22868	1.22719	1.22806	4289	0	3
2022.03.24	17:00:00	1.22805	1.22871	1.22636	1.22823	3970	0	3
2022.03.24	18:00:00	1.22822	1.22924	1.22665	1.22723	4763	0	3
2022.03.24	19:00:00	1.22723	1.22839	1.22679	1.22821	3239	0	3
2022.03.24	20:00:00	1.22822	1.22823	1.22559	1.22587	2602	0	3
2022.03.24	21:00:00	1.22586	1.22704	1.22576	1.22647	2359	0	3
2022.03.24	22:00:00	1.22645	1.22792	1.22624	1.22750	1641	0	3
2022.03.24	23:00:00	1.22753	1.22756	1.22653	1.22659	1045	0	3
2022.03.25	00:00:00	1.22600	1.22650	1.22566	1.22594	74	0	38
2022.03.25	01:00:00	1.22591	1.22679	1.22591	1.22663	528	0	3
2022.03.25	02:00:00	1.22661	1.22677	1.22614	1.22642	735	0	3
2022.03.25	03:00:00	1.22641	1.22641	1.22337	1.22356	2122	0	3
2022.03.25	04:00:00	1.22357	1.22554	1.22332	1.22475	2789	0	3
2022.03.25	05:00:00	1.22472	1.22472	1.22362	1.22436	1677	0	3
2022.03.25	06:00:00	1.22436	1.22512	1.22422	1.22473	1512	0	3
2022.03.25	07:00:00	1.22475	1.22575	1.22395	1.22568	2000	0	3
2022.03.25	08:00:00	1.22567	1.22614	1.22513	1.22593	1223	0	3
2022.03.25	09:00:00	1.22595	1.22620	1.22462	1.22475	1572	0	3
2022.03.25	10:00:00	1.22479	1.22479	1.22259	1.22273	2519	0	3
2022.03.25	11:00:00	1.22274	1.22307	1.21997	1.22032	3986	0	3
2022.03.25	12:00:00	1.22032	1.22172	1.21973	1.22005	3135	0	3
2022.03.25	13:00:00	1.22005	1.22204	1.21999	1.22200	2465	0	3
2022.03.25	14:00:00	1.22200	1.22343	1.22084	1.22240	2283	0	3
2022.03.25	15:00:00	1.22243	1.22411	1.22223	1.22366	2575	0	3
2022.03.25	16:00:00	1.22367	1.22484	1.22339	1.22472	4889	0	3
2022.03.25	17:00:00	1.22474	1.22835	1.22421	1.22712	4455	0	3
2022.03.25	18:00:00	1.22712	1.22801	1.22489	1.22790	4648	0	3
2022.03.25	19:00:00	1.22791	1.22816	1.22659	1.22712	3594	0	3
2022.03.25	20:00:00	1.22711	1.22863	1.22651	1.22863	2411	0	3
2022.03.25	21:00:00	1.22865	1.22886	1.22709	1.22716	2160	0	3
2022.03.25	22:00:00	1.22712	1.22776	1.22694	1.22746	1664	0	3
2022.03.25	23:00:00	1.22746	1.22768	1.22631	1.22660	795	0	4
2022.03.28	00:00:00	1.22589	1.22656	1.22541	1.22579	175	0	78
2022.03.28	01:00:00	1.22611	1.22696	1.22582	1.22629	616	0	6
2022.03.28	02:00:00	1.22631	1.22717	1.22625	1.22677	860	0	6
2022.03.28	03:00:00	1.22676	1.22685	1.22576	1.22615	1765	0	3
2022.03.28	04:00:00	1.22613	1.22815	1.22604	1.22800	3253	0	3
2022.03.28	05:00:00	1.22800	1.22849	1.22693	1.22802	2658	0	3
2022.03.28	06:00:00	1.22804	1.22844	1.22763	1.22815	1524	0	3
2022.03.28	07:00:00	1.22814	1.22870	1.22746	1.22763	1400	0	3
2022.03.28	08:00:00	1.22760	1.22836	1.22719	1.22760	1671	0	3
2022.03.28	09:00:00	1.22759	1.22923	1.22675	1.22915	2986	0	3
2022.03.28	10:00:00	1.22917	1.23026	1.22830	1.22976	4588	0	3
2022.03.28	11:00:00	1.22976	1.23345	1.22926	1.23229	6017	0	3
2022.03.28	12:00:00	1.23232	1.23236	1.22815	1.22830	5418	0	3
2022.03.28	13:00:00	1.22830	1.23042	1.22796	1.23009	4118	0	3
2022.03.28	14:00:00	1.23007	1.23016	1.22693	1.22753	4010	0	3
2022.03.28	15:00:00	1.22752	1.22759	1.22426	1.22521	4901	0	3
2022.03.28	16:00:00	1.22524	1.22570	1.22270	1.22342	5124	0	3
2022.03.28	17:00:00	1.22340	1.22509	1.22188	1.22342	5265	0	3
2022.03.28	18:00:00	1.22342	1.22389	1.22267	1.22324	4401	0	3
2022.03.28	19:00:00	1.22323	1.22352	1.22222	1.22226	2984	0	3
2022.03.28	20:00:00	1.22228	1.22415	1.22227	1.22396	2354	0	3
2022.03.28	21:00:00	1.22396	1.22491	1.22360	1.22444	2721	0	3
2022.03.28	22:00:00	1.22441	1.22472	1.22392	1.22423	2251	0	4
2022.03.28	23:00:00	1.22420	1.22457	1.22390	1.22400	832	0	4
2022.03.29	00:00:00	1.22243	1.22331	1.22243	1.22331	123	0	74
2022.03.29	01:00:00	1.22306	1.22480	1.22303	1.22454	615	0	9
2022.03.29	02:00:00	1.22452	1.22453	1.22282	1.22282	914	0	3
2022.03.29	03:00:00	1.22284	1.22394	1.22236	1.22304	3220	0	3
2022.03.29	04:00:00	1.22302	1.22333	1.22199	1.22301	3288	0	3
2022.03.29	05:00:00	1.22299	1.22355	1.22199	1.22219	1893	0	5
2022.03.29	06:00:00	1.22218	1.22246	1.22140	1.22150	1902	0	4
2022.03.29	07:00:00	1.22152	1.22305	1.22150	1.22271	1541	0	3
2022.03.29	08:00:00	1.22270	1.22326	1.22214	1.22283	2084	0	3
2022.03.29	09:00:00	1.22282	1.22418	1.22191	1.22406	3224	0	3
2022.03.29	10:00:00	1.22407	1.22657	1.22257	1.22465	4366	0	3
2022.03.29	11:00:00	1.22465	1.22662	1.22338	1.22357	4105	0	3
2022.03.29	12:00:00	1.22357	1.22585	1.22329	1.22499	5285	0	3
2022.03.29	13:00:00	1.22498	1.22681	1.22479	1.22556	3856	0	3
2022.03.29	14:00:00	1.22555	1.22921	1.22327	1.22707	5724	0	3
2022.03.29	15:00:00	1.22716	1.22829	1.22539	1.22622	7612	0	3
2022.03.29	16:00:00	1.22615	1.22642	1.22180	1.22207	6578	0	3
2022.03.29	17:00:00	1.22210	1.22497	1.22184	1.22375	7079	0	3
2022.03.29	18:00:00	1.22376	1.22394	1.22092	1.22124	4729	0	3
2022.03.29	19:00:00	1.22124	1.22142	1.21919	1.21984	3201	0	3
2022.03.29	20:00:00	1.21981	1.21990	1.21769	1.21844	3054	0	3
2022.03.29	21:00:00	1.21842	1.21906	1.21788	1.21902	2771	0	3
2022.03.29	22:00:00	1.21900	1.21978	1.21883	1.21900	1814	0	3
2022.03.29	23:00:00	1.21900	1.21928	1.21831	1.21860	806	0	4
2022.03.30	00:00:00	1.21788	1.21974	1.21788	1.21892	138	0	3
2022.03.30	01:00:00	1.21869	1.21965	1.21867	1.21932	548	0	8
2022.03.30	02:00:00	1.21936	1.21996	1.21919	1.21923	824	0	3
2022.03.30	03:00:00	1.21918	1.21948	1.21827	1.21829	3123	0	3
2022.03.30	04:00:00	1.21828	1.21836	1.21696	1.21733	3552	0	3
2022.03.30	05:00:00	1.21733	1.21772	1.21677	1.21704	2772	0	3
2022.03.30	06:00:00	1.21699	1.21732	1.21594	1.21703	2648	0	3
2022.03.30	07:00:00	1.21702	1.21702	1.21606	1.21638	1891	0	3
2022.03.30	08:00:00	1.21637	1.21874	1.21633	1.21852	1791	0	3
2022.03.30	09:00:00	1.21853	1.21857	1.21713	1.21827	3459	0	3
2022.03.30	10:00:00	1.21826	1.21884	1.21586	1.21834	5216	0	3
2022.03.30	11:00:00	1.21834	1.21834	1.21538	1.21594	5254	0	3
2022.03.30	12:00:00	1.21595	1.21832	1.21500	1.21777	3958	0	3
2022.03.30	13:00:00	1.21777	1.21848	1.21547	1.21689	4252	0	3
2022.03.30	14:00:00	1.21691	1.21931	1.21671	1.21922	3403	0	3
2022.03.30	15:00:00	1.21921	1.22038	1.21832	1.21875	5096	0	3
2022.03.30	16:00:00	1.21877	1.21946	1.21598	1.21673	5238	0	3
2022.03.30	17:00:00	1.21669	1.21701	1.21458	1.21489	5074	0	3
2022.03.30	18:00:00	1.21489	1.21579	1.21407	1.21414	4130	0	3
2022.03.30	19:00:00	1.21413	1.21468	1.21272	1.21287	2527	0	3
2022.03.30	20:00:00	1.21286	1.21329	1.21199	1.21229	1717	0	3
2022.03.30	21:00:00	1.21228	1.21241	1.21116	1.21195	1841	0	3
2022.03.30	22:00:00	1.21199	1.21265	1.21177	1.21263	2066	0	3
2022.03.30	23:00:00	1.21264	1.21284	1.21238	1.21265	770	0	3
2022.03.31	00:00:00	1.21150	1.21230	1.21150	1.21230	63	0	53
2022.03.31	01:00:00	1.21187	1.21296	1.21168	1.21284	543	0	9
2022.03.31	02:00:00	1.21284	1.21310	1.21240	1.21279	1050	0	5
2022.03.31	03:00:00	1.21279	1.21326	1.21207	1.21236	3577	0	3
2022.03.31	04:00:00	1.21237	1.21287	1.21158	1.21196	2289	0	3
2022.03.31	05:00:00	1.21195	1.21238	1.21168	1.21225	1665	0	3
2022.03.31	06:00:00	1.21226	1.21287	1.21184	1.21263	1459	0	3
2022.03.31	07:00:00	1.21264	1.21294	1.21216	1.21293	1305	0	3
2022.03.31	08:00:00	1.21293	1.21364	1.21269	1.21363	1640	0	4
2022.03.31	09:00:00	1.21366	1.21401	1.21226	1.21331	3754	0	3
2022.03.31	10:00:00	1.21330	1.21479	1.21262	1.21479	4185	0	3
2022.03.31	11:00:00	1.21475	1.21575	1.21311	1.21320	4798	0	3
2022.03.31	12:00:00	1.21322	1.21380	1.21099	1.21231	4227	0	3
2022.03.31	13:00:00	1.21231	1.21489	1.21208	1.21360	3545	0	3
2022.03.31	14:00:00	1.21359	1.21533	1.21311	1.21412	3353	0	3
2022.03.31	15:00:00	1.21411	1.21527	1.21246	1.21489	4160	0	3
2022.03.31	16:00:00	1.21487	1.21515	1.21163	1.21163	5686	0	3
2022.03.31	17:00:00	1.21162	1.21245	1.20957	1.21128	6702	0	3
2022.03.31	18:00:00	1.21128	1.21249	1.21018	1.21141	4946	0	3
2022.03.31	19:00:00	1.21140	1.21176	1.21095	1.21160	2969	0	3
2022.03.31	20:00:00	1.21161	1.21227	1.21096	1.21115	2326	0	3
2022.03.31	21:00:00	1.21113	1.21204	1.21105	1.21180	2428	0	3
2022.03.31	22:00:00	1.21179	1.21403	1.21169	1.21391	2246	0	3
2022.03.31	23:00:00	1.21390	1.21402	1.21259	1.21282	966	0	3
2022.04.01	00:00:00	1.21226	1.21250	1.21071	1.21216	76	0	56
2022.04.01	01:00:00	1.21203	1.21363	1.21201	1.21348	1427	0	3
2022.04.01	02:00:00	1.21347	1.21415	1.21318	1.21357	795	0	4
2022.04.01	03:00:00	1.21359	1.21441	1.21351	1.21414	1910	0	3
2022.04.01	04:00:00	1.21414	1.21429	1.21377	1.21421	1447	0	3
2022.04.01	05:00:00	1.21418	1.21435	1.21368	1.21374	1669	0	3
2022.04.01	06:00:00	1.21375	1.21484	1.21329	1.21464	1338	0	3
2022.04.01	07:00:00	1.21463	1.21479	1.21355	1.21398	1121	0	3
2022.04.01	08:00:00	1.21398	1.21415	1.21313	1.21319	1101	0	3
2022.04.01	09:00:00	1.21316	1.21323	1.21043	1.21070	3387	0	3
2022.04.01	10:00:00	1.21069	1.21273	1.20975	1.21253	4197	0	3
2022.04.01	11:00:00	1.21250	1.21314	1.21196	1.21296	3732	0	3
2022.04.01	12:00:00	1.21299	1.21399	1.21238	1.21285	3444	0	3
2022.04.01	13:00:00	1.21286	1.21494	1.21285	1.21417	2517	0	3
2022.04.01	14:00:00	1.21418	1.21546	1.21371	1.21387	2592	0	3
2022.04.01	15:00:00	1.21385	1.21434	1.21215	1.21382	4372	0	3
2022.04.01	16:00:00	1.21383	1.21468	1.21283	1.21346	3922	0	3
2022.04.01	17:00:00	1.21356	1.21544	1.21349	1.21415	4914	0	3
2022.04.01	18:00:00	1.21416	1.21479	1.21323	1.21375	3512	0	3
2022.04.01	19:00:00	1.21374	1.21404	1.21286	1.21327	2075	0	3
2022.04.01	20:00:00	1.21327	1.21336	1.21172	1.21187	1883	0	3
2022.04.01	21:00:00	1.21188	1.21317	1.21186	1.21300	1616	0	3
2022.04.01	22:00:00	1.21296	1.21392	1.21283	1.21364	1604	0	3
2022.04.01	23:00:00	1.21363	1.21397	1.21243	1.21368	874	0	4
2022.04.04	00:00:00	1.21202	1.21294	1.21109	1.21216	214	0	162
2022.04.04	01:00:00	1.21275	1.21398	1.21244	1.21371	524	0	8
2022.04.04	02:00:00	1.21369	1.21383	1.21305	1.21337	540	0	3
2022.04.04	03:00:00	1.21338	1.21380	1.21229	1.21351	1794	0	3
2022.04.04	04:00:00	1.21349	1.21480	1.21349	1.21466	1388	0	3
2022.04.04	05:00:00	1.21464	1.21495	1.21445	1.21478	1116	0	3
2022.04.04	06:00:00	1.21480	1.21508	1.21445	1.21494	876	0	5
2022.04.04	07:00:00	1.21495	1.21546	1.21480	1.21533	843	0	4
2022.04.04	08:00:00	1.21533	1.21572	1.21481	1.21566	1133	0	3
2022.04.04	09:00:00	1.21565	1.21590	1.21431	1.21448	2556	0	3
2022.04.04	10:00:00	1.21443	1.21551	1.21374	1.21463	3215	0	3
2022.04.04	11:00:00	1.21467	1.21601	1.21397	1.21556	3115	0	3
2022.04.04	12:00:00	1.21556	1.21666	1.21503	1.21624	2535	0	3
2022.04.04	13:00:00	1.21626	1.21686	1.21417	1.21439	2804	0	3
2022.04.04	14:00:00	1.21440	1.21606	1.21429	1.21513	2655	0	3
2022.04.04	15:00:00	1.21518	1.21663	1.21258	1.21320	3487	0	3
2022.04.04	16:00:00	1.21321	1.21427	1.21192	1.21381	3883	0	3
2022.04.04	17:00:00	1.21380	1.21590	1.21255	1.21286	3997	0	3
2022.04.04	18:00:00	1.21285	1.21459	1.21247	1.21410	2737	0	3
2022.04.04	19:00:00	1.21409	1.21464	1.21394	1.21405	1729	0	3
2022.04.04	20:00:00	1.21405	1.21443	1.21357	1.21373	2267	0	3
2022.04.04	21:00:00	1.21374	1.21516	1.21321	1.21481	1706	0	3
2022.04.04	22:00:00	1.21473	1.21525	1.21461	1.21512	1223	0	3
2022.04.04	23:00:00	1.21512	1.21527	1.21462	1.21518	602	0	4
2022.04.05	00:00:00	1.21440	1.21467	1.21427	1.21463	156	0	74
2022.04.05	01:00:00	1.21465	1.21488	1.21436	1.21452	501	0	5
2022.04.05	02:00:00	1.21459	1.21485	1.21449	1.21467	413	0	4
2022.04.05	03:00:00	1.21465	1.21498	1.21312	1.21371	1877	0	3
2022.04.05	04:00:00	1.21370	1.21482	1.21369	1.21474	1368	0	3
2022.04.05	05:00:00	1.21473	1.21498	1.21453	1.21473	887	0	3
2022.04.05	06:00:00	1.21474	1.21474	1.21424	1.21424	616	0	4
2022.04.05	07:00:00	1.21421	1.21610	1.21421	1.21551	1709	0	3
2022.04.05	08:00:00	1.21554	1.21617	1.21548	1.21584	1360	0	3
2022.04.05	09:00:00	1.21583	1.21616	1.21508	1.21575	2377	0	3
2022.04.05	10:00:00	1.21575	1.21679	1.21484	1.21500	3731	0	3
2022.04.05	11:00:00	1.21500	1.21624	1.21404	1.21530	3205	0	3
2022.04.05	12:00:00	1.21530	1.21652	1.21508	1.21581	2285	0	3
2022.04.05	13:00:00	1.21581	1.21609	1.21504	1.21528	2762	0	3
2022.04.05	14:00:00	1.21527	1.21562	1.21465	1.21513	2627	0	3
2022.04.05	15:00:00	1.21514	1.21549	1.21447	1.21472	2915	0	3
2022.04.05	16:00:00	1.21476	1.21713	1.21474	1.21667	3513	0	3
2022.04.05	17:00:00	1.21664	1.21921	1.21640	1.21883	6541	0	3
2022.04.05	18:00:00	1.21883	1.21902	1.21649	1.21726	3528	0	3
2022.04.05	19:00:00	1.21724	1.21740	1.21600	1.21637	2677	0	3
2022.04.05	20:00:00	1.21638	1.21662	1.21568	1.21606	2405	0	3
2022.04.05	21:00:00	1.21605	1.21634	1.21484	1.21560	2272	0	3
2022.04.05	22:00:00	1.21558	1.21562	1.21481	1.21537	2055	0	3
2022.04.05	23:00:00	1.21539	1.21544	1.21477	1.21490	940	0	3
2022.04.06	00:00:00	1.21458	1.21547	1.21440	1.21469	1139	0	84
2022.04.06	01:00:00	1.21428	1.21574	1.21428	1.21553	603	0	5
2022.04.06	02:00:00	1.21553	1.21578	1.21538	1.21566	406	0	5
2022.04.06	03:00:00	1.21567	1.21658	1.21547	1.21608	1486	0	3
2022.04.06	04:00:00	1.21608	1.21690	1.21567	1.21595	1841	0	3
2022.04.06	05:00:00	1.21597	1.21651	1.21585	1.21636	1901	0	3
2022.04.06	06:00:00	1.21636	1.21679	1.21609	1.21659	1363	0	3
2022.04.06	07:00:00	1.21659	1.21704	1.21643	1.21672	1023	0	4
2022.04.06	08:00:00	1.21675	1.21728	1.21662	1.21676	1611	0	3
2022.04.06	09:00:00	1.21681	1.21878	1.21658	1.21853	3090	0	3
2022.04.06	10:00:00	1.21854	1.22109	1.21836	1.22027	4542	0	3
2022.04.06	11:00:00	1.22027	1.22195	1.22006	1.22127	4050	0	3
2022.04.06	12:00:00	1.22126	1.22265	1.22118	1.22241	3770	0	3
2022.04.06	13:00:00	1.22240	1.22284	1.22093	1.22119	3001	0	3
2022.04.06	14:00:00	1.22118	1.22119	1.21995	1.22111	2644	0	3
2022.04.06	15:00:00	1.22107	1.22170	1.21986	1.22164	3364	0	3
2022.04.06	16:00:00	1.22165	1.22227	1.22021	1.22053	3826	0	3
2022.04.06	17:00:00	1.22053	1.22170	1.21934	1.22071	4567	0	3
2022.04.06	18:00:00	1.22073	1.22093	1.21853	1.21996	3737	0	3
2022.04.06	19:00:00	1.21997	1.22058	1.21938	1.21950	2135	0	3
2022.04.06	20:00:00	1.21950	1.21977	1.21886	1.21947	2219	0	3
2022.04.06	21:00:00	1.21949	1.22013	1.21864	1.21937	7054	0	3
2022.04.06	22:00:00	1.21936	1.21983	1.21909	1.21950	3286	0	3
2022.04.06	23:00:00	1.21953	1.21987	1.21929	1.21943	1094	0	3
2022.04.07	00:00:00	1.21888	1.21897	1.21742	1.21837	318	0	77
2022.04.07	01:00:00	1.21816	1.22000	1.21816	1.21957	455	0	4
2022.04.07	02:00:00	1.21954	1.21999	1.21934	1.21943	647	0	4
2022.04.07	03:00:00	1.21945	1.21982	1.21800	1.21896	1829	0	3
2022.04.07	04:00:00	1.21898	1.21952	1.21873	1.21931	1612	0	3
2022.04.07	05:00:00	1.21931	1.21998	1.21906	1.21983	1145	0	3
2022.04.07	06:00:00	1.21982	1.21994	1.21917	1.21969	1105	0	4
2022.04.07	07:00:00	1.21970	1.22034	1.21952	1.22027	784	0	4
2022.04.07	08:00:00	1.22026	1.22048	1.21964	1.22011	1431	0	3
2022.04.07	09:00:00	1.22007	1.22070	1.21984	1.22064	2786	0	3
2022.04.07	10:00:00	1.22061	1.22176	1.22018	1.22034	3789	0	3
2022.04.07	11:00:00	1.22034	1.22119	1.21938	1.21964	3298	0	3
2022.04.07	12:00:00	1.21963	1.22148	1.21904	1.22106	3283	0	3
2022.04.07	13:00:00	1.22105	1.22143	1.21934	1.21981	2203	0	3
2022.04.07	14:00:00	1.21981	1.22175	1.21978	1.22027	4473	0	3
2022.04.07	15:00:00	1.22027	1.22131	1.21967	1.22005	3093	0	3
2022.04.07	16:00:00	1.22004	1.22031	1.21862	1.21901	4272	0	3
2022.04.07	17:00:00	1.21899	1.21981	1.21760	1.21921	5037	0	3
2022.04.07	18:00:00	1.21921	1.21957	1.21767	1.21878	3545	0	3
2022.04.07	19:00:00	1.21876	1.21973	1.21852	1.21955	2491	0	3
2022.04.07	20:00:00	1.21956	1.22018	1.21886	1.22001	2268	0	3
2022.04.07	21:00:00	1.22001	1.22096	1.21994	1.22095	2352	0	3
2022.04.07	22:00:00	1.22099	1.22127	1.22073	1.22113	2537	0	3
2022.04.07	23:00:00	1.22115	1.22150	1.22095	1.22137	1250	0	3
2022.04.08	00:00:00	1.22046	1.22100	1.21948	1.22078	153	0	72
2022.04.08	01:00:00	1.22053	1.22154	1.22053	1.22148	430	0	4
2022.04.08	02:00:00	1.22145	1.22159	1.22122	1.22129	853	0	5
2022.04.08	03:00:00	1.22130	1.22149	1.22063	1.22126	2062	0	3
2022.04.08	04:00:00	1.22127	1.22182	1.22090	1.22145	1547	0	4
2022.04.08	05:00:00	1.22145	1.22192	1.22124	1.22170	1181	0	3
2022.04.08	06:00:00	1.22170	1.22194	1.22145	1.22172	679	0	3
2022.04.08	07:00:00	1.22173	1.22173	1.22119	1.22148	629	0	4
2022.04.08	08:00:00	1.22149	1.22208	1.22078	1.22081	1434	0	3
2022.04.08	09:00:00	1.22087	1.22119	1.21891	1.21900	2529	0	3
2022.04.08	10:00:00	1.21899	1.21932	1.21747	1.21863	3253	0	3
2022.04.08	11:00:00	1.21859	1.22026	1.21859	1.21974	2932	0	3
2022.04.08	12:00:00	1.21975	1.22040	1.21901	1.21993	2306	0	3
2022.04.08	13:00:00	1.21994	1.22035	1.21885	1.21897	2303	0	3
2022.04.08	14:00:00	1.21904	1.21962	1.21768	1.21823	2670	0	3
2022.04.08	15:00:00	1.21820	1.21929	1.21762	1.21925	3238	0	3
2022.04.08	16:00:00	1.21919	1.21944	1.21641	1.21650	4492	0	3
2022.04.08	17:00:00	1.21650	1.21786	1.21525	1.21532	4349	0	3
2022.04.08	18:00:00	1.21534	1.21664	1.21525	1.21611	3617	0	3
2022.04.08	19:00:00	1.21613	1.21673	1.21529	1.21667	2285	0	3
2022.04.08	20:00:00	1.21666	1.21715	1.21586	1.21684	1560	0	3
2022.04.08	21:00:00	1.21683	1.21750	1.21662	1.21733	1721	0	3
2022.04.08	22:00:00	1.21733	1.21741	1.21695	1.21717	1071	0	3
2022.04.08	23:00:00	1.21721	1.21766	1.21697	1.21751	670	0	7
2022.04.11	00:00:00	1.21751	1.21751	1.21431	1.21451	149	0	21
2022.04.11	01:00:00	1.21447	1.21763	1.21447	1.21738	1101	0	4
2022.04.11	02:00:00	1.21734	1.21787	1.21710	1.21739	1075	0	3
2022.04.11	03:00:00	1.21739	1.21775	1.21700	1.21737	1502	0	3
2022.04.11	04:00:00	1.21737	1.21818	1.21712	1.21795	1755	0	3
2022.04.11	05:00:00	1.21794	1.21846	1.21780	1.21828	2055	0	3
2022.04.11	06:00:00	1.21825	1.21856	1.21802	1.21807	1389	0	3
2022.04.11	07:00:00	1.21808	1.21829	1.21719	1.21775	1088	0	3
2022.04.11	08:00:00	1.21777	1.21810	1.21724	1.21780	1393	0	3
2022.04.11	09:00:00	1.21763	1.21791	1.21646	1.21689	3181	0	3
2022.04.11	10:00:00	1.21694	1.21794	1.21644	1.21779	4109	0	3
2022.04.11	11:00:00	1.21778	1.21819	1.21698	1.21746	3278	0	3
2022.04.11	12:00:00	1.21745	1.21892	1.21672	1.21866	2536	0	3
2022.04.11	13:00:00	1.21864	1.21876	1.21779	1.21844	2926	0	3
2022.04.11	14:00:00	1.21845	1.21877	1.21609	1.21679	2370	0	3
2022.04.11	15:00:00	1.21681	1.21714	1.21586	1.21643	3102	0	3
2022.04.11	16:00:00	1.21643	1.21698	1.21543	1.21681	3972	0	3
2022.04.11	17:00:00	1.21680	1.21695	1.21357	1.21384	4471	0	3
2022.04.11	18:00:00	1.21399	1.21439	1.21292	1.21308	3601	0	3
2022.04.11	19:00:00	1.21308	1.21315	1.21217	1.21252	2266	0	3
2022.04.11	20:00:00	1.21250	1.21360	1.21247	1.21313	2039	0	3
2022.04.11	21:00:00	1.21313	1.21374	1.21265	1.21342	1838	0	3
2022.04.11	22:00:00	1.21342	1.21357	1.21284	1.21291	2052	0	3
2022.04.11	23:00:00	1.21289	1.21320	1.21278	1.21305	937	0	3
2022.04.12	00:00:00	1.21298	1.21302	1.21245	1.21284	67	0	50
2022.04.12	01:00:00	1.21284	1.21331	1.21258	1.21308	348	0	6
2022.04.12	02:00:00	1.21307	1.21340	1.21281	1.21305	770	0	3
2022.04.12	03:00:00	1.21305	1.21432	1.21302	1.21307	1595	0	3
2022.04.12	04:00:00	1.21307	1.21310	1.21169	1.21232	1633	0	3
2022.04.12	05:00:00	1.21231	1.21322	1.21182	1.21269	1196	0	3
2022.04.12	06:00:00	1.21270	1.21297	1.21261	1.21284	791	0	3
2022.04.12	07:00:00	1.21280	1.21299	1.21237	1.21282	901	0	4
2022.04.12	08:00:00	1.21283	1.21331	1.21254	1.21325	1580	0	3
2022.04.12	09:00:00	1.21325	1.21376	1.21194	1.21375	3254	0	3
2022.04.12	10:00:00	1.21375	1.21581	1.21318	1.21535	4603	0	3
2022.04.12	11:00:00	1.21532	1.21537	1.21300	1.21327	3282	0	3
2022.04.12	12:00:00	1.21329	1.21351	1.21256	1.21342	2376	0	3
2022.04.12	13:00:00	1.21342	1.21483	1.21287	1.21376	2366	0	3
2022.04.12	14:00:00	1.21375	1.21430	1.21346	1.21384	2421	0	3
2022.04.12	15:00:00	1.21383	1.21430	1.21194	1.21236	5643	0	3
2022.04.12	16:00:00	1.21234	1.21332	1.21174	1.21311	6728	0	3
2022.04.12	17:00:00	1.21312	1.21337	1.21151	1.21194	5194	0	3
2022.04.12	18:00:00	1.21195	1.21286	1.21163	1.21200	4158	0	3
2022.04.12	19:00:00	1.21202	1.21311	1.21157	1.21276	4139	0	3
2022.04.12	20:00:00	1.21279	1.21315	1.21257	1.21292	3765	0	3
2022.04.12	21:00:00	1.21292	1.21299	1.21203	1.21211	2195	0	3
2022.04.12	22:00:00	1.21209	1.21252	1.21188	1.21228	1890	0	3
2022.04.12	23:00:00	1.21227	1.21279	1.21208	1.21273	801	0	4
2022.04.13	00:00:00	1.21260	1.21273	1.21192	1.21209	435	0	45
2022.04.13	01:00:00	1.21209	1.21280	1.21209	1.21258	430	0	3
2022.04.13	02:00:00	1.21270	1.21322	1.21262	1.21264	523	0	3
2022.04.13	03:00:00	1.21263	1.21336	1.21240	1.21296	1432	0	3
2022.04.13	04:00:00	1.21300	1.21358	1.21284	1.21306	1329	0	3
2022.04.13	05:00:00	1.21311	1.21351	1.21289	1.21349	1391	0	3
2022.04.13	06:00:00	1.21350	1.21350	1.21280	1.21311	800	0	3
2022.04.13	07:00:00	1.21310	1.21313	1.21254	1.21296	801	0	4
2022.04.13	08:00:00	1.21294	1.21315	1.21252	1.21270	1227	0	3
2022.04.13	09:00:00	1.21270	1.21406	1.21175	1.21230	3507	0	3
2022.04.13	10:00:00	1.21233	1.21267	1.21009	1.21179	3421	0	3
2022.04.13	11:00:00	1.21180	1.21263	1.21139	1.21190	2657	0	3
2022.04.13	12:00:00	1.21192	1.21400	1.21102	1.21365	2646	0	3
2022.04.13	13:00:00	1.21365	1.21432	1.21325	1.21386	2288	0	3
2022.04.13	14:00:00	1.21387	1.21514	1.21385	1.21444	3291	0	3
2022.04.13	15:00:00	1.21444	1.21608	1.21399	1.21578	4209	0	3
2022.04.13	16:00:00	1.21577	1.21620	1.21462	1.21550	4570	0	3
2022.04.13	17:00:00	1.21551	1.21871	1.21500	1.21836	4706	0	3
2022.04.13	18:00:00	1.21834	1.22058	1.21809	1.22039	3979	0	3
2022.04.13	19:00:00	1.22040	1.22286	1.22018	1.22279	3541	0	3
2022.04.13	20:00:00	1.22280	1.22447	1.22263	1.22317	2927	0	3
2022.04.13	21:00:00	1.22315	1.22480	1.22315	1.22442	2075	0	3
2022.04.13	22:00:00	1.22441	1.22577	1.22410	1.22574	1730	0	3
2022.04.13	23:00:00	1.22575	1.22637	1.22537	1.22603	875	0	3
2022.04.14	00:00:00	1.22229	1.22538	1.22229	1.22484	170	0	83
2022.04.14	01:00:00	1.22480	1.22609	1.22480	1.22544	597	0	3
2022.04.14	02:00:00	1.22547	1.22567	1.22500	1.22521	833	0	4
2022.04.14	03:00:00	1.22526	1.22668	1.22517	1.22624	1721	0	3
2022.04.14	04:00:00	1.22623	1.22681	1.22568	1.22597	1651	0	3
2022.04.14	05:00:00	1.22596	1.22596	1.22498	1.22525	1350	0	4
2022.04.14	06:00:00	1.22525	1.22544	1.22498	1.22516	1124	0	4
2022.04.14	07:00:00	1.22517	1.22580	1.22513	1.22547	850	0	5
2022.04.14	08:00:00	1.22548	1.22620	1.22543	1.22557	1189	0	3
2022.04.14	09:00:00	1.22555	1.22659	1.22532	1.22656	2054	0	3
2022.04.14	10:00:00	1.22656	1.22705	1.22507	1.22669	3450	0	3
2022.04.14	11:00:00	1.22670	1.22830	1.22647	1.22821	2537	0	3
2022.04.14	12:00:00	1.22820	1.22865	1.22708	1.22740	2265	0	3
2022.04.14	13:00:00	1.22741	1.22820	1.22655	1.22765	2438	0	3
2022.04.14	14:00:00	1.22765	1.23009	1.22733	1.22982	3846	0	3
2022.04.14	15:00:00	1.22983	1.23017	1.22768	1.22772	5421	0	3
2022.04.14	16:00:00	1.22773	1.22955	1.22725	1.22873	6584	0	3
2022.04.14	17:00:00	1.22868	1.23056	1.22867	1.22985	5688	0	3
2022.04.14	18:00:00	1.22985	1.23053	1.22848	1.23012	4828	0	3
2022.04.14	19:00:00	1.23020	1.23145	1.22957	1.23123	3049	0	3
2022.04.14	20:00:00	1.23121	1.23336	1.23078	1.23327	1944	0	3
2022.04.14	21:00:00	1.23327	1.23355	1.23255	1.23271	1494	0	3
2022.04.14	22:00:00	1.23272	1.23308	1.23229	1.23273	1438	0	3
2022.04.14	23:00:00	1.23271	1.23291	1.23235	1.23247	755	0	4
2022.04.15	00:00:00	1.23162	1.23162	1.22899	1.23093	830	0	103
2022.04.15	01:00:00	1.23053	1.23184	1.23001	1.23161	309	0	117
2022.04.15	02:00:00	1.23178	1.23254	1.23017	1.23178	1823	0	19
2022.04.15	03:00:00	1.23177	1.23199	1.22931	1.23072	1203	0	17
2022.04.15	04:00:00	1.23074	1.23307	1.22956	1.23232	2074	0	21
2022.04.15	05:00:00	1.23232	1.23374	1.23163	1.23322	2428	0	3
2022.04.15	06:00:00	1.23345	1.23345	1.23061	1.23161	2742	0	3
2022.04.15	07:00:00	1.23142	1.23346	1.23093	1.23221	2787	0	20
2022.04.15	08:00:00	1.23234	1.23345	1.23057	1.23206	4090	0	45
2022.04.15	09:00:00	1.23181	1.23216	1.22903	1.22968	4485	0	44
2022.04.15	10:00:00	1.22968	1.23122	1.22883	1.23111	7082	0	12
2022.04.15	11:00:00	1.23098	1.23268	1.22978	1.23099	3718	0	3
2022.04.15	12:00:00	1.23116	1.23154	1.23022	1.23105	2159	0	16
2022.04.15	13:00:00	1.23105	1.23155	1.23064	1.23078	3740	0	17
2022.04.15	14:00:00	1.23083	1.23135	1.23001	1.23095	4575	0	25
2022.04.15	15:00:00	1.23093	1.23144	1.23034	1.23062	3541	0	3
2022.04.15	16:00:00	1.23065	1.23155	1.23012	1.23111	2912	0	5
2022.04.15	17:00:00	1.23109	1.23151	1.23019	1.23099	1604	0	26
2022.04.15	18:00:00	1.23091	1.23151	1.23079	1.23127	929	0	3
2022.04.15	19:00:00	1.23124	1.23189	1.23062	1.23109	468	0	3
2022.04.15	20:00:00	1.23110	1.23168	1.23100	1.23108	535	0	25
2022.04.15	21:00:00	1.23102	1.23176	1.23095	1.23171	2622	0	37
2022.04.15	22:00:00	1.23161	1.23203	1.22994	1.23118	298	0	19
2022.04.15	23:00:00	1.23137	1.23137	1.23011	1.23090	246	0	9
2022.04.18	00:00:00	1.22942	1.23024	1.22877	1.23023	159	0	118
2022.04.18	01:00:00	1.23207	1.23207	1.23055	1.23116	976	0	9
2022.04.18	02:00:00	1.23116	1.23117	1.23033	1.23059	981	0	5
2022.04.18	03:00:00	1.23058	1.23062	1.22951	1.23017	1595	0	3
2022.04.18	04:00:00	1.23016	1.23036	1.22958	1.22994	2001	0	3
2022.04.18	05:00:00	1.22996	1.23031	1.22963	1.23007	1341	0	3
2022.04.18	06:00:00	1.23007	1.23010	1.22935	1.22954	1010	0	5
2022.04.18	07:00:00	1.22953	1.23018	1.22935	1.22974	854	0	3
2022.04.18	08:00:00	1.22973	1.23036	1.22969	1.23019	985	0	3
2022.04.18	09:00:00	1.23025	1.23043	1.22852	1.22882	1336	0	3
2022.04.18	10:00:00	1.22881	1.22930	1.22833	1.22870	1753	0	3
2022.04.18	11:00:00	1.22869	1.22990	1.22859	1.22950	1460	0	3
2022.04.18	12:00:00	1.22953	1.22960	1.22764	1.22782	1281	0	3
2022.04.18	13:00:00	1.22778	1.22795	1.22708	1.22794	1391	0	3
2022.04.18	14:00:00	1.22794	1.22897	1.22786	1.22896	1574	0	3
2022.04.18	15:00:00	1.22896	1.22995	1.22896	1.22990	2399	0	3
2022.04.18	16:00:00	1.22989	1.23082	1.22875	1.22892	3612	0	3
2022.04.18	17:00:00	1.22892	1.22911	1.22760	1.22823	2474	0	3
2022.04.18	18:00:00	1.22824	1.22930	1.22792	1.22927	2486	0	3
2022.04.18	19:00:00	1.22927	1.22964	1.22849	1.22891	2636	0	3
2022.04.18	20:00:00	1.22891	1.22941	1.22867	1.22921	2980	0	3
2022.04.18	21:00:00	1.22923	1.22924	1.22846	1.22858	2366	0	3
2022.04.18	22:00:00	1.22861	1.22880	1.22813	1.22870	1971	0	5
2022.04.18	23:00:00	1.22871	1.22918	1.22861	1.22918	784	0	4
2022.04.19	00:00:00	1.22706	1.22906	1.22696	1.22859	184	0	80
2022.04.19	01:00:00	1.22844	1.22905	1.22844	1.22889	507	0	12
2022.04.19	02:00:00	1.22880	1.22918	1.22849	1.22902	766	0	3
2022.04.19	03:00:00	1.22906	1.23117	1.22887	1.22974	1841	0	3
2022.04.19	04:00:00	1.22973	1.23045	1.22911	1.22938	1935	0	3
2022.04.19	05:00:00	1.22940	1.22982	1.22877	1.22904	1930	0	3
2022.04.19	06:00:00	1.22903	1.23029	1.22858	1.22964	1315	0	3
2022.04.19	07:00:00	1.22964	1.23015	1.22918	1.22954	1344	0	3
2022.04.19	08:00:00	1.22955	1.22973	1.22869	1.22915	1908	0	3
2022.04.19	09:00:00	1.22913	1.22998	1.22842	1.22923	2745	0	3
2022.04.19	10:00:00	1.22924	1.22988	1.22800	1.22907	3811	0	3
2022.04.19	11:00:00	1.22907	1.23397	1.22850	1.23366	3665	0	3
2022.04.19	12:00:00	1.23367	1.23386	1.23208	1.23333	3099	0	3
2022.04.19	13:00:00	1.23334	1.23647	1.23264	1.23598	3513	0	3
2022.04.19	14:00:00	1.23595	1.23595	1.23210	1.23216	2968	0	3
2022.04.19	15:00:00	1.23215	1.23255	1.22725	1.22811	4668	0	3
2022.04.19	16:00:00	1.22811	1.23137	1.22763	1.23130	5276	0	3
2022.04.19	17:00:00	1.23130	1.23336	1.23001	1.23310	4388	0	3
2022.04.19	18:00:00	1.23310	1.23452	1.23294	1.23353	3547	0	3
2022.04.19	19:00:00	1.23352	1.23491	1.23330	1.23479	2237	0	3
2022.04.19	20:00:00	1.23478	1.23579	1.23461	1.23558	2038	0	3
2022.04.19	21:00:00	1.23559	1.23697	1.23518	1.23665	2136	0	3
2022.04.19	22:00:00	1.23661	1.23784	1.23602	1.23738	1921	0	3
2022.04.19	23:00:00	1.23739	1.23807	1.23674	1.23801	992	0	3
2022.04.20	00:00:00	1.23659	1.23709	1.23605	1.23709	411	0	83
2022.04.20	01:00:00	1.23737	1.23880	1.23732	1.23876	1148	0	3
2022.04.20	02:00:00	1.23890	1.23919	1.23784	1.23913	1048	0	3
2022.04.20	03:00:00	1.23913	1.24049	1.23897	1.24036	1669	0	3
2022.04.20	04:00:00	1.24036	1.24120	1.24021	1.24031	2939	0	3
2022.04.20	05:00:00	1.24030	1.24105	1.24015	1.24028	2365	0	3
2022.04.20	06:00:00	1.24025	1.24071	1.23974	1.24005	2692	0	3
2022.04.20	07:00:00	1.24003	1.24053	1.23927	1.23950	1491	0	4
2022.04.20	08:00:00	1.23950	1.23967	1.23853	1.23897	1708	0	3
2022.04.20	09:00:00	1.23893	1.24009	1.23810	1.23885	2334	0	3
2022.04.20	10:00:00	1.23889	1.23889	1.23493	1.23524	3584	0	3
2022.04.20	11:00:00	1.23527	1.23609	1.23460	1.23522	2937	0	3
2022.04.20	12:00:00	1.23523	1.23612	1.23406	1.23528	3480	0	3
2022.04.20	13:00:00	1.23526	1.23887	1.23513	1.23713	3535	0	3
2022.04.20	14:00:00	1.23714	1.23749	1.23469	1.23569	3267	0	3
2022.04.20	15:00:00	1.23568	1.23809	1.23564	1.23802	3580	0	3
2022.04.20	16:00:00	1.23801	1.23931	1.23682	1.23689	4709	0	3
2022.04.20	17:00:00	1.23690	1.23732	1.23422	1.23471	5038	0	3
2022.04.20	18:00:00	1.23473	1.23681	1.23419	1.23624	3482	0	3
2022.04.20	19:00:00	1.23624	1.23880	1.23562	1.23835	2810	0	3
2022.04.20	20:00:00	1.23842	1.23898	1.23780	1.23842	2931	0	3
2022.04.20	21:00:00	1.23838	1.23906	1.23832	1.23884	2834	0	3
2022.04.20	22:00:00	1.23887	1.23894	1.23823	1.23874	2002	0	3
2022.04.20	23:00:00	1.23873	1.23943	1.23859	1.23938	835	0	3
2022.04.21	00:00:00	1.23803	1.23912	1.23694	1.23869	2253	0	83
2022.04.21	01:00:00	1.23862	1.24026	1.23856	1.24017	1402	0	3
2022.04.21	02:00:00	1.24020	1.24064	1.23967	1.24030	945	0	3
2022.04.21	03:00:00	1.24028	1.24043	1.23916	1.23963	1898	0	3
2022.04.21	04:00:00	1.23964	1.24062	1.23943	1.24055	2098	0	4
2022.04.21	05:00:00	1.24057	1.24139	1.24052	1.24128	1433	0	3
2022.04.21	06:00:00	1.24128	1.24128	1.24010	1.24020	1315	0	3
2022.04.21	07:00:00	1.24020	1.24109	1.23996	1.24073	1173	0	3
2022.04.21	08:00:00	1.24071	1.24176	1.24005	1.24032	2131	0	3
2022.04.21	09:00:00	1.24032	1.24062	1.23793	1.23852	3473	0	3
2022.04.21	10:00:00	1.23853	1.23997	1.23664	1.23664	4568	0	3
2022.04.21	11:00:00	1.23666	1.23871	1.23649	1.23856	3922	0	3
2022.04.21	12:00:00	1.23861	1.23994	1.23774	1.23885	2798	0	3
2022.04.21	13:00:00	1.23884	1.24041	1.23845	1.23853	2743	0	3
2022.04.21	14:00:00	1.23853	1.23854	1.23732	1.23750	3282	0	3
2022.04.21	15:00:00	1.23748	1.23874	1.23626	1.23810	3394	0	3
2022.04.21	16:00:00	1.23808	1.24092	1.23805	1.24081	4468	0	3
2022.04.21	17:00:00	1.24078	1.24179	1.23963	1.24057	4668	0	3
2022.04.21	18:00:00	1.24056	1.24392	1.23958	1.24318	4687	0	3
2022.04.21	19:00:00	1.24317	1.24484	1.24293	1.24358	3525	0	3
2022.04.21	20:00:00	1.24359	1.24394	1.24200	1.24207	4385	0	3
2022.04.21	21:00:00	1.24205	1.24265	1.24170	1.24170	3720	0	3
2022.04.21	22:00:00	1.24170	1.24192	1.24108	1.24109	2788	0	3
2022.04.21	23:00:00	1.24109	1.24231	1.24105	1.24203	1384	0	3
2022.04.22	00:00:00	1.24190	1.24234	1.24166	1.24232	489	0	39
2022.04.22	01:00:00	1.24235	1.24314	1.24234	1.24261	730	0	4
2022.04.22	02:00:00	1.24261	1.24304	1.24216	1.24220	978	0	3
2022.04.22	03:00:00	1.24221	1.24331	1.24217	1.24306	1964	0	3
2022.04.22	04:00:00	1.24306	1.24314	1.24219	1.24236	2245	0	3
2022.04.22	05:00:00	1.24236	1.24271	1.24192	1.24229	1564	0	5
2022.04.22	06:00:00	1.24229	1.24232	1.24170	1.24202	1664	0	3
2022.04.22	07:00:00	1.24201	1.24219	1.24150	1.24200	1492	0	3
2022.04.22	08:00:00	1.24198	1.24248	1.24128	1.24133	2221	0	3
2022.04.22	09:00:00	1.24129	1.24179	1.23670	1.23766	4042	0	3
2022.04.22	10:00:00	1.23767	1.23777	1.23164	1.23225	4657	0	3
2022.04.22	11:00:00	1.23233	1.23393	1.23096	1.23140	4053	0	3
2022.04.22	12:00:00	1.23141	1.23237	1.22926	1.22926	3607	0	3
2022.04.22	13:00:00	1.22926	1.23278	1.22906	1.23275	2975	0	3
2022.04.22	14:00:00	1.23272	1.23298	1.23110	1.23159	2532	0	3
2022.04.22	15:00:00	1.23157	1.23218	1.23010	1.23056	3555	0	3
2022.04.22	16:00:00	1.23062	1.23204	1.23002	1.23180	5125	0	3
2022.04.22	17:00:00	1.23180	1.23223	1.22938	1.23007	5476	0	3
2022.04.22	18:00:00	1.23007	1.23213	1.22991	1.23157	4932	0	3
2022.04.22	19:00:00	1.23158	1.23164	1.22963	1.22977	2252	0	3
2022.04.22	20:00:00	1.22982	1.23002	1.22848	1.22848	2210	0	3
2022.04.22	21:00:00	1.22847	1.22918	1.22683	1.22707	2349	0	3
2022.04.22	22:00:00	1.22707	1.22827	1.22689	1.22770	2619	0	3
2022.04.22	23:00:00	1.22769	1.22826	1.22728	1.22812	1420	0	3
2022.04.25	00:00:00	1.22717	1.22834	1.22640	1.22814	578	0	86
2022.04.25	01:00:00	1.22787	1.22866	1.22724	1.22729	1302	0	5
2022.04.25	02:00:00	1.22731	1.22755	1.22589	1.22606	1127	0	3
2022.04.25	03:00:00	1.22606	1.22665	1.22561	1.22633	1848	0	3
2022.04.25	04:00:00	1.22639	1.22659	1.22418	1.22504	2594	0	3
2022.04.25	05:00:00	1.22506	1.22558	1.22475	1.22527	2286	0	3
2022.04.25	06:00:00	1.22527	1.22594	1.22516	1.22540	1315	0	4
2022.04.25	07:00:00	1.22541	1.22637	1.22526	1.22626	1473	0	3
2022.04.25	08:00:00	1.22623	1.22756	1.22602	1.22643	2019	0	3
2022.04.25	09:00:00	1.22643	1.22692	1.21952	1.22058	5960	0	3
2022.04.25	10:00:00	1.22062	1.22269	1.21957	1.22123	5743	0	3
2022.04.25	11:00:00	1.22125	1.22242	1.21986	1.22206	4983	0	3
2022.04.25	12:00:00	1.22203	1.22267	1.21983	1.22003	3700	0	3
2022.04.25	13:00:00	1.22003	1.22029	1.21819	1.21819	3435	0	3
2022.04.25	14:00:00	1.21818	1.22191	1.21815	1.21909	4964	0	3
2022.04.25	15:00:00	1.21906	1.21906	1.21608	1.21677	4940	0	3
2022.04.25	16:00:00	1.21679	1.21735	1.21571	1.21696	5583	0	3
2022.04.25	17:00:00	1.21699	1.21946	1.21614	1.21866	5915	0	3
2022.04.25	18:00:00	1.21863	1.21907	1.21724	1.21741	4934	0	3
2022.04.25	19:00:00	1.21737	1.22102	1.21694	1.22058	3512	0	3
2022.04.25	20:00:00	1.22061	1.22163	1.22033	1.22162	3089	0	3
2022.04.25	21:00:00	1.22161	1.22225	1.22119	1.22126	2914	0	3
2022.04.25	22:00:00	1.22128	1.22168	1.22050	1.22140	3169	0	3
2022.04.25	23:00:00	1.22139	1.22286	1.22138	1.22258	1355	0	3
2022.04.26	00:00:00	1.22107	1.22205	1.21941	1.22202	108	0	67
2022.04.26	01:00:00	1.22198	1.22238	1.22091	1.22120	1126	0	3
2022.04.26	02:00:00	1.22115	1.22162	1.22079	1.22090	1103	0	5
2022.04.26	03:00:00	1.22092	1.22101	1.21941	1.22048	2599	0	3
2022.04.26	04:00:00	1.22046	1.22096	1.22003	1.22069	2750	0	4
2022.04.26	05:00:00	1.22070	1.22256	1.22060	1.22254	2247	0	3
2022.04.26	06:00:00	1.22253	1.22381	1.22224	1.22376	2382	0	3
2022.04.26	07:00:00	1.22377	1.22406	1.22318	1.22322	1299	0	3
2022.04.26	08:00:00	1.22324	1.22361	1.22236	1.22236	1636	0	3
2022.04.26	09:00:00	1.22234	1.22290	1.22140	1.22188	3303	0	3
2022.04.26	10:00:00	1.22187	1.22307	1.21948	1.21971	5044	0	3
2022.04.26	11:00:00	1.21971	1.22157	1.21881	1.22082	3872	0	3
2022.04.26	12:00:00	1.22081	1.22085	1.21822	1.21825	3117	0	3
2022.04.26	13:00:00	1.21825	1.21898	1.21780	1.21793	3012	0	3
2022.04.26	14:00:00	1.21792	1.21805	1.21584	1.21585	3246	0	3
2022.04.26	15:00:00	1.21584	1.21629	1.21293	1.21367	4405	0	3
2022.04.26	16:00:00	1.21366	1.21523	1.21282	1.21505	5174	0	3
2022.04.26	17:00:00	1.21500	1.21521	1.21115	1.21152	6193	0	3
2022.04.26	18:00:00	1.21153	1.21282	1.21139	1.21240	4644	0	3
2022.04.26	19:00:00	1.21241	1.21316	1.21076	1.21192	3033	0	3
2022.04.26	20:00:00	1.21195	1.21203	1.21061	1.21101	2691	0	3
2022.04.26	21:00:00	1.21100	1.21220	1.21067	1.21129	2926	0	3
2022.04.26	22:00:00	1.21128	1.21155	1.21061	1.21123	2226	0	3
2022.04.26	23:00:00	1.21124	1.21128	1.21001	1.21033	1754	0	3
2022.04.27	00:00:00	1.20976	1.20997	1.20924	1.20936	125	0	81
2022.04.27	01:00:00	1.20929	1.21040	1.20780	1.20957	1419	0	3
2022.04.27	02:00:00	1.20959	1.21100	1.20959	1.21082	1191	0	3
2022.04.27	03:00:00	1.21081	1.21133	1.21018	1.21113	1676	0	3
2022.04.27	04:00:00	1.21111	1.21156	1.21057	1.21070	2340	0	3
2022.04.27	05:00:00	1.21071	1.21187	1.21024	1.21177	1931	0	4
2022.04.27	06:00:00	1.21178	1.21179	1.21103	1.21175	1613	0	3
2022.04.27	07:00:00	1.21175	1.21211	1.21115	1.21148	1293	0	3
2022.04.27	08:00:00	1.21148	1.21303	1.21128	1.21264	1607	0	3
2022.04.27	09:00:00	1.21261	1.21390	1.21175	1.21287	4150	0	3
2022.04.27	10:00:00	1.21291	1.21379	1.21035	1.21313	4959	0	3
2022.04.27	11:00:00	1.21314	1.21345	1.21010	1.21066	4519	0	3
2022.04.27	12:00:00	1.21066	1.21418	1.21064	1.21308	4315	0	3
2022.04.27	13:00:00	1.21309	1.21412	1.21233	1.21398	3374	0	3
2022.04.27	14:00:00	1.21402	1.21493	1.21264	1.21375	3969	0	3
2022.04.27	15:00:00	1.21375	1.21524	1.21278	1.21511	4919	0	3
2022.04.27	16:00:00	1.21512	1.21910	1.21439	1.21719	5153	0	3
2022.04.27	17:00:00	1.21720	1.21745	1.21240	1.21263	6425	0	3
2022.04.27	18:00:00	1.21263	1.21630	1.21261	1.21605	4816	0	3
2022.04.27	19:00:00	1.21606	1.21793	1.21606	1.21669	3618	0	3
2022.04.27	20:00:00	1.21672	1.21690	1.21483	1.21515	3059	0	3
2022.04.27	21:00:00	1.21513	1.21539	1.21417	1.21473	2755	0	3
2022.04.27	22:00:00	1.21476	1.21566	1.21413	1.21524	3848	0	3
2022.04.27	23:00:00	1.21525	1.21591	1.21493	1.21577	1118	0	3
2022.04.28	00:00:00	1.21261	1.21479	1.21259	1.21351	480	0	90
2022.04.28	01:00:00	1.21350	1.21516	1.21350	1.21497	1007	0	3
2022.04.28	02:00:00	1.21498	1.21504	1.21459	1.21485	1079	0	5
2022.04.28	03:00:00	1.21484	1.21533	1.21400	1.21499	1976	0	3
2022.04.28	04:00:00	1.21499	1.21594	1.21456	1.21539	2088	0	5
2022.04.28	05:00:00	1.21539	1.21560	1.21453	1.21539	1564	0	3
2022.04.28	06:00:00	1.21539	1.21594	1.21409	1.21521	3862	0	3
2022.04.28	07:00:00	1.21520	1.21591	1.21494	1.21505	2011	0	3
2022.04.28	08:00:00	1.21506	1.21564	1.21370	1.21420	3410	0	3
2022.04.28	09:00:00	1.21418	1.21738	1.21393	1.21738	4542	0	3
2022.04.28	10:00:00	1.21741	1.21839	1.21493	1.21597	5829	0	3
2022.04.28	11:00:00	1.21596	1.21779	1.21525	1.21776	4135	0	3
2022.04.28	12:00:00	1.21774	1.21829	1.21455	1.21572	4312	0	3
2022.04.28	13:00:00	1.21570	1.21632	1.21236	1.21256	4005	0	3
2022.04.28	14:00:00	1.21258	1.21329	1.20969	1.20982	4137	0	3
2022.04.28	15:00:00	1.20986	1.21367	1.20983	1.21276	6172	0	3
2022.04.28	16:00:00	1.21279	1.21373	1.20988	1.20994	6169	0	3
2022.04.28	17:00:00	1.20993	1.21010	1.20786	1.20849	6643	0	3
2022.04.28	18:00:00	1.20853	1.21031	1.20830	1.20956	5337	0	3
2022.04.28	19:00:00	1.20955	1.21072	1.20916	1.20968	3962	0	3
2022.04.28	20:00:00	1.20968	1.21098	1.20962	1.21029	3654	0	3
2022.04.28	21:00:00	1.21031	1.21110	1.20973	1.21099	2614	0	3
2022.04.28	22:00:00	1.21095	1.21199	1.21069	1.21126	2837	0	3
2022.04.28	23:00:00	1.21121	1.21137	1.21074	1.21121	1190	0	3
2022.04.29	00:00:00	1.20997	1.21078	1.20959	1.21035	76	0	60
2022.04.29	01:00:00	1.21037	1.21114	1.21035	1.21103	641	0	6
2022.04.29	02:00:00	1.21105	1.21139	1.21091	1.21124	803	0	5
2022.04.29	03:00:00	1.21124	1.21292	1.21108	1.21230	1375	0	4
2022.04.29	04:00:00	1.21232	1.21280	1.21172	1.21174	1798	0	3
2022.04.29	05:00:00	1.21173	1.21223	1.21166	1.21218	1519	0	3
2022.04.29	06:00:00	1.21220	1.21275	1.21204	1.21245	1695	0	3
2022.04.29	07:00:00	1.21245	1.21324	1.21216	1.21303	1177	0	3
2022.04.29	08:00:00	1.21302	1.21505	1.21295	1.21502	2414	0	3
2022.04.29	09:00:00	1.21500	1.21768	1.21438	1.21768	3415	0	3
2022.04.29	10:00:00	1.21765	1.21789	1.21591	1.21668	4022	0	3
2022.04.29	11:00:00	1.21666	1.21800	1.21565	1.21580	4215	0	3
2022.04.29	12:00:00	1.21585	1.21804	1.21564	1.21706	3704	0	3
2022.04.29	13:00:00	1.21706	1.22046	1.21700	1.21974	2953	0	3
2022.04.29	14:00:00	1.21975	1.22167	1.21787	1.21923	4280	0	3
2022.04.29	15:00:00	1.21919	1.22072	1.21872	1.21991	4707	0	3
2022.04.29	16:00:00	1.22000	1.22044	1.21736	1.21807	5242	0	3
2022.04.29	17:00:00	1.21811	1.21925	1.21417	1.21840	6355	0	3
2022.04.29	18:00:00	1.21842	1.22223	1.21811	1.22145	5235	0	3
2022.04.29	19:00:00	1.22147	1.22281	1.22147	1.22279	3375	0	3
2022.04.29	20:00:00	1.22283	1.22363	1.22196	1.22340	2587	0	3
2022.04.29	21:00:00	1.22341	1.22370	1.22237	1.22331	2822	0	3
2022.04.29	22:00:00	1.22330	1.22417	1.22227	1.22313	3297	0	3
2022.04.29	23:00:00	1.22311	1.22447	1.22291	1.22424	1686	0	3
2022.05.02	00:00:00	1.22144	1.22396	1.22070	1.22377	67	0	95
2022.05.02	01:00:00	1.22171	1.22536	1.22168	1.22452	1081	0	3
2022.05.02	02:00:00	1.22453	1.22536	1.22410	1.22464	1772	0	3
2022.05.02	03:00:00	1.22465	1.22537	1.22428	1.22509	3063	0	3
2022.05.02	04:00:00	1.22507	1.22539	1.22355	1.22402	2202	0	3
2022.05.02	05:00:00	1.22402	1.22466	1.22273	1.22316	1537	0	3
2022.05.02	06:00:00	1.22322	1.22394	1.22301	1.22359	1469	0	3
2022.05.02	07:00:00	1.22359	1.22359	1.22271	1.22350	1296	0	3
2022.05.02	08:00:00	1.22350	1.22362	1.22190	1.22265	1771	0	3
2022.05.02	09:00:00	1.22265	1.22309	1.22092	1.22163	2807	0	3
2022.05.02	10:00:00	1.22160	1.22401	1.22089	1.22396	3763	0	3
2022.05.02	11:00:00	1.22393	1.22487	1.22128	1.22135	3859	0	3
2022.05.02	12:00:00	1.22137	1.22376	1.22074	1.22354	2429	0	3
2022.05.02	13:00:00	1.22356	1.22427	1.22272	1.22304	1672	0	3
2022.05.02	14:00:00	1.22307	1.22426	1.22237	1.22377	2021	0	3
2022.05.02	15:00:00	1.22376	1.22420	1.22301	1.22364	2774	0	3
2022.05.02	16:00:00	1.22364	1.22497	1.22352	1.22398	3545	0	3
2022.05.02	17:00:00	1.22392	1.22454	1.22154	1.22353	5359	0	3
2022.05.02	18:00:00	1.22352	1.22433	1.22309	1.22341	3643	0	3
2022.05.02	19:00:00	1.22340	1.22377	1.22193	1.22217	2366	0	3
2022.05.02	20:00:00	1.22217	1.22239	1.22050	1.22075	2365	0	3
2022.05.02	21:00:00	1.22082	1.22133	1.22034	1.22102	2005	0	3
2022.05.02	22:00:00	1.22096	1.22161	1.22057	1.22152	3354	0	3
2022.05.02	23:00:00	1.22152	1.22175	1.22077	1.22140	1039	0	4
2022.05.03	00:00:00	1.22107	1.22130	1.22067	1.22075	54	0	89
2022.05.03	01:00:00	1.22075	1.22197	1.22074	1.22194	923	0	10
2022.05.03	02:00:00	1.22193	1.22217	1.22163	1.22196	718	0	6
2022.05.03	03:00:00	1.22195	1.22295	1.22173	1.22285	1634	0	3
2022.05.03	04:00:00	1.22286	1.22354	1.22273	1.22329	1446	0	4
2022.05.03	05:00:00	1.22328	1.22407	1.22277	1.22337	1032	0	3
2022.05.03	06:00:00	1.22340	1.22474	1.22312	1.22457	874	0	3
2022.05.03	07:00:00	1.22456	1.22572	1.22428	1.22508	1546	0	3
2022.05.03	08:00:00	1.22511	1.22524	1.22395	1.22440	1755	0	3
2022.05.03	09:00:00	1.22435	1.22559	1.22354	1.22385	2565	0	3
2022.05.03	10:00:00	1.22392	1.22683	1.22334	1.22610	4181	0	3
2022.05.03	11:00:00	1.22611	1.22786	1.22611	1.22747	3355	0	3
2022.05.03	12:00:00	1.22746	1.22746	1.22365	1.22412	3286	0	3
2022.05.03	13:00:00	1.22414	1.22417	1.22097	1.22107	2592	0	3
2022.05.03	14:00:00	1.22109	1.22167	1.22011	1.22112	3018	0	3
2022.05.03	15:00:00	1.22108	1.22267	1.22007	1.22249	3715	0	3
2022.05.03	16:00:00	1.22247	1.22303	1.22151	1.22291	4391	0	3
2022.05.03	17:00:00	1.22289	1.22479	1.22278	1.22330	3961	0	3
2022.05.03	18:00:00	1.22399	1.22499	1.22277	1.22390	2274	0	3
2022.05.03	19:00:00	1.22391	1.22471	1.22269	1.22272	2566	0	3
2022.05.03	20:00:00	1.22273	1.22447	1.22266	1.22342	2304	0	3
2022.05.03	21:00:00	1.22343	1.22381	1.22155	1.22243	1909	0	3
2022.05.03	22:00:00	1.22236	1.22278	1.22200	1.22253	2583	0	3
2022.05.03	23:00:00	1.22250	1.22310	1.22246	1.22308	1194	0	3
2022.05.04	00:00:00	1.22221	1.22279	1.22138	1.22279	102	0	76
2022.05.04	01:00:00	1.22204	1.22349	1.22204	1.22319	653	0	7
2022.05.04	02:00:00	1.22324	1.22368	1.22314	1.22338	513	0	5
2022.05.04	03:00:00	1.22336	1.22359	1.22290	1.22331	840	0	3
2022.05.04	04:00:00	1.22331	1.22363	1.22274	1.22307	907	0	3
2022.05.04	05:00:00	1.22307	1.22342	1.22268	1.22342	778	0	3
2022.05.04	06:00:00	1.22339	1.22374	1.22259	1.22286	798	0	4
2022.05.04	07:00:00	1.22283	1.22360	1.22281	1.22290	759	0	4
2022.05.04	08:00:00	1.22286	1.22289	1.22132	1.22192	935	0	3
2022.05.04	09:00:00	1.22194	1.22243	1.22082	1.22205	2060	0	3
2022.05.04	10:00:00	1.22203	1.22606	1.22190	1.22586	2885	0	3
2022.05.04	11:00:00	1.22585	1.22731	1.22547	1.22722	2500	0	3
2022.05.04	12:00:00	1.22724	1.22731	1.22559	1.22702	2087	0	3
2022.05.04	13:00:00	1.22700	1.22891	1.22647	1.22876	2135	0	3
2022.05.04	14:00:00	1.22878	1.22879	1.22539	1.22602	2276	0	3
2022.05.04	15:00:00	1.22599	1.22825	1.22566	1.22806	3118	0	3
2022.05.04	16:00:00	1.22805	1.22902	1.22634	1.22648	3977	0	3
2022.05.04	17:00:00	1.22658	1.22865	1.22592	1.22845	4908	0	3
2022.05.04	18:00:00	1.22846	1.22860	1.22735	1.22750	3612	0	3
2022.05.04	19:00:00	1.22747	1.22857	1.22723	1.22855	2922	0	3
2022.05.04	20:00:00	1.22854	1.22924	1.22725	1.22781	2635	0	3
2022.05.04	21:00:00	1.22770	1.22938	1.22368	1.22533	10445	0	3
2022.05.04	22:00:00	1.22526	1.22906	1.22456	1.22757	8859	0	3
2022.05.04	23:00:00	1.22757	1.22912	1.22757	1.22843	2320	0	3
2022.05.05	00:00:00	1.22686	1.22915	1.22686	1.22817	477	0	92
2022.05.05	01:00:00	1.22791	1.22982	1.22777	1.22868	1298	0	3
2022.05.05	02:00:00	1.22869	1.22903	1.22782	1.22795	1287	0	3
2022.05.05	03:00:00	1.22794	1.22857	1.22709	1.22725	2579	0	3
2022.05.05	04:00:00	1.22722	1.22782	1.22608	1.22674	2641	0	3
2022.05.05	05:00:00	1.22673	1.22703	1.22509	1.22528	1890	0	3
2022.05.05	06:00:00	1.22528	1.22557	1.22366	1.22371	1542	0	3
2022.05.05	07:00:00	1.22371	1.22371	1.22051	1.22091	1629	0	3
2022.05.05	08:00:00	1.22095	1.22291	1.22067	1.22291	2040	0	3
2022.05.05	09:00:00	1.22290	1.22461	1.22187	1.22297	3594	0	3
2022.05.05	10:00:00	1.22296	1.22552	1.22203	1.22496	4328	0	3
2022.05.05	11:00:00	1.22497	1.22780	1.22473	1.22731	3677	0	3
2022.05.05	12:00:00	1.22730	1.22856	1.22712	1.22849	3054	0	3
2022.05.05	13:00:00	1.22850	1.22913	1.22424	1.22584	2926	0	3
2022.05.05	14:00:00	1.22583	1.22861	1.21484	1.21619	7190	0	3
2022.05.05	15:00:00	1.21622	1.21739	1.21142	1.21730	5518	0	3
2022.05.05	16:00:00	1.21736	1.22000	1.21630	1.21790	5222	0	3
2022.05.05	17:00:00	1.21786	1.21982	1.21696	1.21881	6339	0	3
2022.05.05	18:00:00	1.21882	1.21942	1.21729	1.21739	5196	0	3
2022.05.05	19:00:00	1.21742	1.21971	1.21730	1.21841	4534	0	3
2022.05.05	20:00:00	1.21847	1.22015	1.21827	1.21843	4340	0	3
2022.05.05	21:00:00	1.21847	1.22034	1.21844	1.21992	3925	0	3
2022.05.05	22:00:00	1.21992	1.21996	1.21734	1.21746	5000	0	3
2022.05.05	23:00:00	1.21746	1.21813	1.21702	1.21709	1158	0	3
2022.05.06	00:00:00	1.21708	1.21709	1.21673	1.21699	41	0	38
2022.05.06	01:00:00	1.21681	1.21805	1.21681	1.21784	1149	0	6
2022.05.06	02:00:00	1.21780	1.21848	1.21741	1.21801	1574	0	3
2022.05.06	03:00:00	1.21805	1.21987	1.21771	1.21872	2418	0	3
2022.05.06	04:00:00	1.21872	1.21988	1.21809	1.21884	4086	0	3
2022.05.06	05:00:00	1.21886	1.21996	1.21883	1.21959	2477	0	3
2022.05.06	06:00:00	1.21961	1.22011	1.21914	1.21981	1649	0	3
2022.05.06	07:00:00	1.21980	1.22032	1.21946	1.21996	1055	0	3
2022.05.06	08:00:00	1.21996	1.22052	1.21933	1.21984	1705	0	3
2022.05.06	09:00:00	1.21985	1.22014	1.21214	1.21282	3761	0	3
2022.05.06	10:00:00	1.21279	1.21534	1.21080	1.21412	6441	0	3
2022.05.06	11:00:00	1.21412	1.21670	1.21384	1.21494	6180	0	3
2022.05.06	12:00:00	1.21494	1.21571	1.21348	1.21508	4093	0	3
2022.05.06	13:00:00	1.21509	1.21682	1.21440	1.21682	3381	0	3
2022.05.06	14:00:00	1.21683	1.21709	1.21508	1.21620	3790	0	3
2022.05.06	15:00:00	1.21621	1.21729	1.21489	1.21609	6209	0	3
2022.05.06	16:00:00	1.21605	1.21862	1.21546	1.21799	7931	0	3
2022.05.06	17:00:00	1.21796	1.21930	1.21565	1.21675	8160	0	3
2022.05.06	18:00:00	1.21678	1.21741	1.21529	1.21690	5943	0	3
2022.05.06	19:00:00	1.21691	1.21900	1.21632	1.21900	5218	0	3
2022.05.06	20:00:00	1.21899	1.21970	1.21852	1.21904	4126	0	3
2022.05.06	21:00:00	1.21896	1.21931	1.21839	1.21844	3358	0	3
2022.05.06	22:00:00	1.21858	1.21991	1.21845	1.21984	3011	0	3
2022.05.06	23:00:00	1.21984	1.22015	1.21880	1.21942	994	0	3
2022.05.09	00:00:00	1.21703	1.21808	1.21677	1.21784	205	0	279
2022.05.09	01:00:00	1.21798	1.22037	1.21798	1.21977	1131	0	3
2022.05.09	02:00:00	1.21973	1.22021	1.21915	1.21919	1141	0	3
2022.05.09	03:00:00	1.21918	1.22031	1.21853	1.21880	2451	0	3
2022.05.09	04:00:00	1.21880	1.21922	1.21834	1.21872	2963	0	3
2022.05.09	05:00:00	1.21871	1.21939	1.21787	1.21842	2149	0	3
2022.05.09	06:00:00	1.21843	1.21907	1.21803	1.21840	2074	0	3
2022.05.09	07:00:00	1.21839	1.21886	1.21767	1.21868	1485	0	3
2022.05.09	08:00:00	1.21869	1.22008	1.21796	1.22008	2532	0	3
2022.05.09	09:00:00	1.22009	1.22121	1.21804	1.21862	3405	0	3
2022.05.09	10:00:00	1.21867	1.22227	1.21825	1.22038	5077	0	3
2022.05.09	11:00:00	1.22038	1.22144	1.21902	1.21923	3963	0	3
2022.05.09	12:00:00	1.21921	1.22164	1.21883	1.22126	3668	0	3
2022.05.09	13:00:00	1.22126	1.22551	1.22079	1.22521	3750	0	3
2022.05.09	14:00:00	1.22520	1.22771	1.22401	1.22745	4222	0	3
2022.05.09	15:00:00	1.22757	1.22846	1.22645	1.22672	5233	0	3
2022.05.09	16:00:00	1.22672	1.22676	1.22318	1.22319	6035	0	3
2022.05.09	17:00:00	1.22323	1.22635	1.22317	1.22628	5529	0	3
2022.05.09	18:00:00	1.22627	1.22692	1.22388	1.22470	4578	0	3
2022.05.09	19:00:00	1.22468	1.22655	1.22405	1.22514	4425	0	3
2022.05.09	20:00:00	1.22515	1.22645	1.22493	1.22508	3367	0	3
2022.05.09	21:00:00	1.22507	1.22597	1.22488	1.22547	4051	0	3
2022.05.09	22:00:00	1.22546	1.22602	1.22428	1.22436	4381	0	3
2022.05.09	23:00:00	1.22437	1.22546	1.22436	1.22508	1461	0	3
2022.05.10	00:00:00	1.22514	1.22555	1.22372	1.22426	512	0	13
2022.05.10	01:00:00	1.22431	1.22527	1.22431	1.22514	824	0	4
2022.05.10	02:00:00	1.22510	1.22535	1.22479	1.22500	1228	0	5
2022.05.10	03:00:00	1.22503	1.22512	1.22347	1.22411	3209	0	3
2022.05.10	04:00:00	1.22411	1.22574	1.22362	1.22533	3440	0	3
2022.05.10	05:00:00	1.22531	1.22664	1.22531	1.22613	2943	0	3
2022.05.10	06:00:00	1.22613	1.22623	1.22492	1.22607	1979	0	3
2022.05.10	07:00:00	1.22608	1.22633	1.22560	1.22625	1308	0	3
2022.05.10	08:00:00	1.22624	1.22715	1.22579	1.22602	2484	0	3
2022.05.10	09:00:00	1.22605	1.22632	1.22485	1.22507	4205	0	3
2022.05.10	10:00:00	1.22508	1.22568	1.22273	1.22351	5106	0	3
2022.05.10	11:00:00	1.22353	1.22619	1.22329	1.22539	3812	0	3
2022.05.10	12:00:00	1.22538	1.22723	1.22501	1.22703	3877	0	3
2022.05.10	13:00:00	1.22705	1.23143	1.22689	1.23018	3438	0	3
2022.05.10	14:00:00	1.23015	1.23050	1.22534	1.22570	3661	0	3
2022.05.10	15:00:00	1.22567	1.22606	1.22086	1.22106	4265	0	3
2022.05.10	16:00:00	1.22102	1.22411	1.22102	1.22310	5188	0	3
2022.05.10	17:00:00	1.22310	1.22647	1.22268	1.22328	6554	0	3
2022.05.10	18:00:00	1.22327	1.22601	1.22305	1.22508	6085	0	3
2022.05.10	19:00:00	1.22512	1.22586	1.22323	1.22507	5640	0	3
2022.05.10	20:00:00	1.22500	1.22695	1.22493	1.22628	4529	0	3
2022.05.10	21:00:00	1.22630	1.22654	1.22551	1.22551	3312	0	3
2022.05.10	22:00:00	1.22552	1.22620	1.22528	1.22589	3007	0	3
2022.05.10	23:00:00	1.22589	1.22680	1.22572	1.22679	929	0	3
2022.05.11	00:00:00	1.22563	1.22658	1.22453	1.22608	295	0	64
2022.05.11	01:00:00	1.22568	1.22645	1.22559	1.22602	624	0	6
2022.05.11	02:00:00	1.22606	1.22642	1.22559	1.22570	845	0	5
2022.05.11	03:00:00	1.22569	1.22721	1.22559	1.22639	1935	0	3
2022.05.11	04:00:00	1.22639	1.22691	1.22574	1.22679	1809	0	3
2022.05.11	05:00:00	1.22680	1.22832	1.22665	1.22826	1581	0	3
2022.05.11	06:00:00	1.22826	1.22852	1.22717	1.22760	1225	0	5
2022.05.11	07:00:00	1.22760	1.22760	1.22665	1.22696	910	0	4
2022.05.11	08:00:00	1.22696	1.22759	1.22564	1.22670	2000	0	3
2022.05.11	09:00:00	1.22677	1.22757	1.22589	1.22598	3791	0	3
2022.05.11	10:00:00	1.22598	1.22602	1.22328	1.22461	4633	0	3
2022.05.11	11:00:00	1.22459	1.22521	1.22120	1.22315	4461	0	3
2022.05.11	12:00:00	1.22314	1.22447	1.22221	1.22287	3532	0	3
2022.05.11	13:00:00	1.22287	1.22356	1.22089	1.22194	3159	0	3
2022.05.11	14:00:00	1.22194	1.22350	1.22059	1.22343	3861	0	3
2022.05.11	15:00:00	1.22344	1.22373	1.22089	1.22328	6732	0	3
2022.05.11	16:00:00	1.22334	1.22586	1.22229	1.22389	8908	0	3
2022.05.11	17:00:00	1.22390	1.22506	1.22189	1.22259	7664	0	3
2022.05.11	18:00:00	1.22262	1.22292	1.22004	1.22005	5903	0	3
2022.05.11	19:00:00	1.22012	1.22080	1.21814	1.21889	5065	0	3
2022.05.11	20:00:00	1.21889	1.21896	1.21743	1.21839	4619	0	3
2022.05.11	21:00:00	1.21838	1.21951	1.21771	1.21821	5128	0	3
2022.05.11	22:00:00	1.21826	1.21924	1.21625	1.21716	4257	0	3
2022.05.11	23:00:00	1.21716	1.21755	1.21674	1.21707	1389	0	3
2022.05.12	00:00:00	1.21728	1.21768	1.21531	1.21659	810	0	102
2022.05.12	01:00:00	1.21684	1.21838	1.21659	1.21740	874	0	3
2022.05.12	02:00:00	1.21744	1.21765	1.21626	1.21669	872	0	3
2022.05.12	03:00:00	1.21670	1.21757	1.21619	1.21729	3214	0	3
2022.05.12	04:00:00	1.21729	1.21754	1.21639	1.21674	3008	0	3
2022.05.12	05:00:00	1.21672	1.21713	1.21528	1.21579	2312	0	3
2022.05.12	06:00:00	1.21578	1.21719	1.21561	1.21696	1859	0	3
2022.05.12	07:00:00	1.21702	1.21722	1.21544	1.21571	1652	0	3
2022.05.12	08:00:00	1.21572	1.21651	1.21479	1.21513	2727	0	3
2022.05.12	09:00:00	1.21509	1.21603	1.21286	1.21316	5011	0	3
2022.05.12	10:00:00	1.21323	1.21598	1.21323	1.21464	7486	0	3
2022.05.12	11:00:00	1.21463	1.21545	1.21342	1.21371	5268	0	3
2022.05.12	12:00:00	1.21371	1.21503	1.21218	1.21351	4689	0	3
2022.05.12	13:00:00	1.21352	1.21671	1.21334	1.21605	3569	0	3
2022.05.12	14:00:00	1.21607	1.21752	1.21480	1.21611	4804	0	3
2022.05.12	15:00:00	1.21610	1.21876	1.21560	1.21875	5349	0	3
2022.05.12	16:00:00	1.21870	1.22119	1.21840	1.22042	7073	0	3
2022.05.12	17:00:00	1.22039	1.22258	1.21902	1.22084	7301	0	3
2022.05.12	18:00:00	1.22085	1.22180	1.21985	1.22013	5321	0	3
2022.05.12	19:00:00	1.22011	1.22425	1.21953	1.22357	5429	0	3
2022.05.12	20:00:00	1.22354	1.22471	1.22288	1.22333	4569	0	3
2022.05.12	21:00:00	1.22333	1.22425	1.22277	1.22293	3651	0	3
2022.05.12	22:00:00	1.22292	1.22443	1.22284	1.22439	4005	0	3
2022.05.12	23:00:00	1.22439	1.22476	1.22348	1.22348	1024	0	3
2022.05.13	00:00:00	1.22295	1.22336	1.22230	1.22314	291	0	109
2022.05.13	01:00:00	1.22314	1.22409	1.22269	1.22371	1069	0	4
2022.05.13	02:00:00	1.22381	1.22468	1.22381	1.22444	1393	0	6
2022.05.13	03:00:00	1.22438	1.22473	1.22386	1.22421	2201	0	3
2022.05.13	04:00:00	1.22419	1.22529	1.22377	1.22508	2529	0	3
2022.05.13	05:00:00	1.22507	1.22543	1.22418	1.22440	1879	0	5
2022.05.13	06:00:00	1.22438	1.22559	1.22431	1.22488	1811	0	3
2022.05.13	07:00:00	1.22487	1.22535	1.22417	1.22534	1276	0	3
2022.05.13	08:00:00	1.22534	1.22575	1.22485	1.22562	1629	0	3
2022.05.13	09:00:00	1.22558	1.22566	1.22368	1.22447	3421	0	3
2022.05.13	10:00:00	1.22449	1.22449	1.22188	1.22218	5672	0	3
2022.05.13	11:00:00	1.22218	1.22309	1.22055	1.22072	3810	0	3
2022.05.13	12:00:00	1.22072	1.22124	1.21878	1.21920	3946	0	3
2022.05.13	13:00:00	1.21922	1.21972	1.21852	1.21937	3605	0	3
2022.05.13	14:00:00	1.21938	1.22073	1.21849	1.21907	2397	0	3
2022.05.13	15:00:00	1.21910	1.22167	1.21906	1.22167	3512	0	3
2022.05.13	16:00:00	1.22168	1.22296	1.21957	1.22123	5068	0	3
2022.05.13	17:00:00	1.22120	1.22446	1.22120	1.22436	6200	0	3
2022.05.13	18:00:00	1.22436	1.22629	1.22410	1.22599	3683	0	3
2022.05.13	19:00:00	1.22599	1.22678	1.22527	1.22615	2551	0	3
2022.05.13	20:00:00	1.22613	1.22703	1.22586	1.22615	2504	0	3
2022.05.13	21:00:00	1.22616	1.22775	1.22562	1.22769	2694	0	3
2022.05.13	22:00:00	1.22768	1.22784	1.22649	1.22753	1985	0	3
2022.05.13	23:00:00	1.22754	1.22845	1.22706	1.22845	848	0	3
2022.05.16	00:00:00	1.22561	1.22655	1.22472	1.22522	388	0	262
2022.05.16	01:00:00	1.22594	1.22951	1.22594	1.22799	1057	0	16
2022.05.16	02:00:00	1.22800	1.22962	1.22746	1.22851	1967	0	3
2022.05.16	03:00:00	1.22856	1.23022	1.22837	1.23002	2183	0	3
2022.05.16	04:00:00	1.23004	1.23193	1.22923	1.22942	2930	0	3
2022.05.16	05:00:00	1.22942	1.22943	1.22676	1.22850	2736	0	3
2022.05.16	06:00:00	1.22853	1.22862	1.22699	1.22733	1844	0	3
2022.05.16	07:00:00	1.22733	1.22786	1.22704	1.22779	1316	0	3
2022.05.16	08:00:00	1.22780	1.22845	1.22749	1.22796	1816	0	3
2022.05.16	09:00:00	1.22791	1.22897	1.22588	1.22602	2737	0	3
2022.05.16	10:00:00	1.22601	1.22982	1.22503	1.22896	4548	0	3
2022.05.16	11:00:00	1.22895	1.23015	1.22748	1.22916	3648	0	3
2022.05.16	12:00:00	1.22921	1.22970	1.22734	1.22902	2740	0	3
2022.05.16	13:00:00	1.22904	1.23199	1.22896	1.23145	2863	0	3
2022.05.16	14:00:00	1.23146	1.23181	1.22942	1.23150	3075	0	3
2022.05.16	15:00:00	1.23161	1.23310	1.23083	1.23087	3200	0	3
2022.05.16	16:00:00	1.23089	1.23151	1.22993	1.23093	4366	0	3
2022.05.16	17:00:00	1.23092	1.23311	1.23050	1.23107	5578	0	3
2022.05.16	18:00:00	1.23106	1.23166	1.22836	1.23034	3796	0	3
2022.05.16	19:00:00	1.23036	1.23195	1.23020	1.23059	2631	0	3
2022.05.16	20:00:00	1.23057	1.23213	1.23047	1.23207	1850	0	3
2022.05.16	21:00:00	1.23208	1.23466	1.23180	1.23351	2702	0	3
2022.05.16	22:00:00	1.23350	1.23482	1.23338	1.23465	2750	0	3
2022.05.16	23:00:00	1.23465	1.23509	1.23434	1.23452	933	0	3
2022.05.17	00:00:00	1.23416	1.23421	1.23364	1.23391	114	0	81
2022.05.17	01:00:00	1.23375	1.23489	1.23375	1.23462	1017	0	5
2022.05.17	02:00:00	1.23461	1.23514	1.23454	1.23505	903	0	3
2022.05.17	03:00:00	1.23504	1.23561	1.23450	1.23496	1834	0	3
2022.05.17	04:00:00	1.23496	1.23621	1.23458	1.23599	1710	0	3
2022.05.17	05:00:00	1.23599	1.23641	1.23542	1.23575	1314	0	3
2022.05.17	06:00:00	1.23576	1.23638	1.23551	1.23613	1097	0	3
2022.05.17	07:00:00	1.23614	1.23687	1.23576	1.23645	1058	0	3
2022.05.17	08:00:00	1.23645	1.23678	1.23522	1.23633	1167	0	3
2022.05.17	09:00:00	1.23632	1.23890	1.23610	1.23791	3225	0	3
2022.05.17	10:00:00	1.23788	1.24142	1.23741	1.24038	4305	0	3
2022.05.17	11:00:00	1.24039	1.24375	1.23925	1.24308	4827	0	3
2022.05.17	12:00:00	1.24307	1.24438	1.24081	1.24097	4026	0	3
2022.05.17	13:00:00	1.24100	1.24261	1.24058	1.24103	4516	0	3
2022.05.17	14:00:00	1.24105	1.24149	1.23846	1.23886	4587	0	3
2022.05.17	15:00:00	1.23886	1.24098	1.23824	1.23920	4370	0	3
2022.05.17	16:00:00	1.23920	1.23953	1.23729	1.23895	4624	0	3
2022.05.17	17:00:00	1.23896	1.23949	1.23621	1.23812	5332	0	3
2022.05.17	18:00:00	1.23808	1.23907	1.23686	1.23845	2972	0	3
2022.05.17	19:00:00	1.23844	1.24025	1.23798	1.23998	3123	0	3
2022.05.17	20:00:00	1.23992	1.24006	1.23873	1.23954	2088	0	3
2022.05.17	21:00:00	1.23955	1.24060	1.23918	1.24043	7082	0	3
2022.05.17	22:00:00	1.24044	1.24094	1.23998	1.24064	2838	0	3
2022.05.17	23:00:00	1.24066	1.24127	1.24023	1.24113	1082	0	3
2022.05.18	00:00:00	1.24010	1.24073	1.24010	1.24033	52	0	70
2022.05.18	01:00:00	1.24065	1.24200	1.24036	1.24152	754	0	3
2022.05.18	02:00:00	1.24153	1.24183	1.24075	1.24080	757	0	3
2022.05.18	03:00:00	1.24079	1.24161	1.23972	1.23984	1804	0	3
2022.05.18	04:00:00	1.23984	1.24137	1.23976	1.24130	2294	0	3
2022.05.18	05:00:00	1.24130	1.24138	1.24011	1.24033	1626	0	3
2022.05.18	06:00:00	1.24035	1.24069	1.23956	1.23990	1180	0	3
2022.05.18	07:00:00	1.23989	1.24049	1.23954	1.24032	837	0	3
2022.05.18	08:00:00	1.24034	1.24196	1.24027	1.24143	1833	0	3
2022.05.18	09:00:00	1.24163	1.24166	1.23803	1.23867	3153	0	3
2022.05.18	10:00:00	1.23867	1.23916	1.23625	1.23647	4582	0	3
2022.05.18	11:00:00	1.23650	1.23745	1.23353	1.23416	3893	0	3
2022.05.18	12:00:00	1.23412	1.23627	1.23368	1.23606	3205	0	3
2022.05.18	13:00:00	1.23607	1.23703	1.23532	1.23554	3112	0	3
2022.05.18	14:00:00	1.23557	1.23889	1.23544	1.23868	3469	0	3
2022.05.18	15:00:00	1.23869	1.23933	1.23757	1.23837	3887	0	3
2022.05.18	16:00:00	1.23837	1.23842	1.23401	1.23450	4929	0	3
2022.05.18	17:00:00	1.23454	1.23477	1.22799	1.22799	5792	0	3
2022.05.18	18:00:00	1.22798	1.22834	1.22465	1.22728	4540	0	3
2022.05.18	19:00:00	1.22728	1.22766	1.22136	1.22257	3971	0	3
2022.05.18	20:00:00	1.22254	1.22254	1.21931	1.21998	2485	0	3
2022.05.18	21:00:00	1.21997	1.22020	1.21900	1.21905	2891	0	3
2022.05.18	22:00:00	1.21906	1.22066	1.21905	1.21962	1612	0	3
2022.05.18	23:00:00	1.21966	1.21984	1.21885	1.21936	942	0	3
2022.05.19	00:00:00	1.21816	1.21914	1.21785	1.21860	1332	0	169
2022.05.19	01:00:00	1.21885	1.22090	1.21885	1.22047	1375	0	3
2022.05.19	02:00:00	1.22048	1.22071	1.21832	1.21862	1718	0	3
2022.05.19	03:00:00	1.21864	1.21951	1.21833	1.21912	2176	0	3
2022.05.19	04:00:00	1.21912	1.21951	1.21811	1.21846	2272	0	3
2022.05.19	05:00:00	1.21849	1.22051	1.21815	1.22047	1664	0	3
2022.05.19	06:00:00	1.22046	1.22081	1.21978	1.22062	1678	0	3
2022.05.19	07:00:00	1.22062	1.22153	1.22036	1.22112	1148	0	3
2022.05.19	08:00:00	1.22108	1.22163	1.21933	1.21941	1245	0	3
2022.05.19	09:00:00	1.21944	1.22012	1.21714	1.21721	3012	0	3
2022.05.19	10:00:00	1.21722	1.21733	1.21155	1.21676	5377	0	3
2022.05.19	11:00:00	1.21677	1.21679	1.20974	1.20980	5177	0	3
2022.05.19	12:00:00	1.20989	1.21188	1.20710	1.21096	4114	0	3
2022.05.19	13:00:00	1.21098	1.21469	1.21098	1.21336	3684	0	3
2022.05.19	14:00:00	1.21335	1.21423	1.21084	1.21379	4473	0	3
2022.05.19	15:00:00	1.21380	1.21409	1.20809	1.21039	4862	0	3
2022.05.19	16:00:00	1.21039	1.21465	1.20959	1.21351	6976	0	3
2022.05.19	17:00:00	1.21352	1.21563	1.21328	1.21431	8374	0	3
2022.05.19	18:00:00	1.21431	1.21746	1.21396	1.21650	5688	0	3
2022.05.19	19:00:00	1.21651	1.21713	1.21376	1.21400	4140	0	3
2022.05.19	20:00:00	1.21404	1.21494	1.21217	1.21295	4606	0	3
2022.05.19	21:00:00	1.21296	1.21416	1.21267	1.21275	4636	0	3
2022.05.19	22:00:00	1.21283	1.21417	1.21261	1.21392	3917	0	3
2022.05.19	23:00:00	1.21392	1.21418	1.21236	1.21370	767	0	3
2022.05.20	00:00:00	1.21070	1.21305	1.20706	1.20822	44	0	279
2022.05.20	01:00:00	1.21236	1.21334	1.21085	1.21167	1729	0	4
2022.05.20	02:00:00	1.21163	1.21227	1.21156	1.21174	1467	0	3
2022.05.20	03:00:00	1.21173	1.21266	1.21122	1.21261	1713	0	3
2022.05.20	04:00:00	1.21261	1.21285	1.21149	1.21186	2185	0	3
2022.05.20	05:00:00	1.21184	1.21190	1.21071	1.21078	1771	0	3
2022.05.20	06:00:00	1.21076	1.21098	1.20824	1.20842	1229	0	3
2022.05.20	07:00:00	1.20838	1.20930	1.20807	1.20923	1148	0	3
2022.05.20	08:00:00	1.20923	1.21061	1.20890	1.20950	1698	0	3
2022.05.20	09:00:00	1.20950	1.21286	1.20928	1.21221	3531	0	3
2022.05.20	10:00:00	1.21222	1.21607	1.21109	1.21294	5228	0	3
2022.05.20	11:00:00	1.21295	1.21633	1.21217	1.21467	3858	0	3
2022.05.20	12:00:00	1.21466	1.21482	1.21273	1.21322	3028	0	3
2022.05.20	13:00:00	1.21321	1.21343	1.21057	1.21222	3149	0	3
2022.05.20	14:00:00	1.21222	1.21245	1.21017	1.21215	3037	0	3
2022.05.20	15:00:00	1.21211	1.21496	1.21163	1.21486	4245	0	3
2022.05.20	16:00:00	1.21485	1.21729	1.21459	1.21693	5211	0	3
2022.05.20	17:00:00	1.21687	1.21717	1.21499	1.21575	5879	0	3
2022.05.20	18:00:00	1.21576	1.21800	1.21458	1.21780	5126	0	3
2022.05.20	19:00:00	1.21780	1.21820	1.21530	1.21555	4621	0	3
2022.05.20	20:00:00	1.21556	1.21698	1.21496	1.21698	3991	0	3
2022.05.20	21:00:00	1.21697	1.21722	1.21578	1.21707	3908	0	3
2022.05.20	22:00:00	1.21710	1.21785	1.21627	1.21762	3545	0	3
2022.05.20	23:00:00	1.21761	1.21800	1.21708	1.21745	785	0	3
2022.05.23	00:00:00	1.21567	1.21612	1.21497	1.21571	122	0	226
2022.05.23	01:00:00	1.21625	1.21901	1.21555	1.21873	628	0	3
2022.05.23	02:00:00	1.21867	1.21937	1.21831	1.21917	1359	0	3
2022.05.23	03:00:00	1.21914	1.21965	1.21805	1.21954	1833	0	3
2022.05.23	04:00:00	1.21951	1.22018	1.21840	1.21870	1647	0	3
2022.05.23	05:00:00	1.21868	1.21879	1.21756	1.21864	1494	0	3
2022.05.23	06:00:00	1.21864	1.21907	1.21816	1.21895	860	0	3
2022.05.23	07:00:00	1.21893	1.21937	1.21867	1.21936	619	0	3
2022.05.23	08:00:00	1.21942	1.22155	1.21902	1.22034	1835	0	3
2022.05.23	09:00:00	1.22028	1.22256	1.21941	1.22119	3064	0	3
2022.05.23	10:00:00	1.22118	1.22189	1.21845	1.21862	4008	0	3
2022.05.23	11:00:00	1.21864	1.22017	1.21732	1.21816	5042	0	3
2022.05.23	12:00:00	1.21815	1.21901	1.21505	1.21536	4744	0	3
2022.05.23	13:00:00	1.21537	1.21640	1.21443	1.21590	3425	0	3
2022.05.23	14:00:00	1.21591	1.21817	1.21566	1.21684	3152	0	3
2022.05.23	15:00:00	1.21686	1.21751	1.21101	1.21293	4236	0	3
2022.05.23	16:00:00	1.21293	1.21494	1.21156	1.21417	3254	0	3
2022.05.23	17:00:00	1.21424	1.21480	1.21199	1.21328	4705	0	3
2022.05.23	18:00:00	1.21331	1.21499	1.21308	1.21484	3313	0	3
2022.05.23	19:00:00	1.21488	1.21546	1.21389	1.21453	2766	0	3
2022.05.23	20:00:00	1.21454	1.21496	1.21406	1.21462	2461	0	3
2022.05.23	21:00:00	1.21463	1.21535	1.21422	1.21456	1984	0	3
2022.05.23	22:00:00	1.21458	1.21546	1.21444	1.21523	2541	0	3
2022.05.23	23:00:00	1.21525	1.21593	1.21504	1.21546	1357	0	3
2022.05.24	00:00:00	1.21546	1.21546	1.21381	1.21471	98	0	15
2022.05.24	01:00:00	1.21452	1.21563	1.21452	1.21498	560	0	11
2022.05.24	02:00:00	1.21495	1.21510	1.21366	1.21370	880	0	4
2022.05.24	03:00:00	1.21366	1.21440	1.21340	1.21406	1190	0	3
2022.05.24	04:00:00	1.21406	1.21443	1.21363	1.21391	1487	0	3
2022.05.24	05:00:00	1.21392	1.21437	1.21319	1.21433	1177	0	3
2022.05.24	06:00:00	1.21430	1.21448	1.21394	1.21434	713	0	3
2022.05.24	07:00:00	1.21434	1.21445	1.21364	1.21417	764	0	3
2022.05.24	08:00:00	1.21418	1.21501	1.21402	1.21498	1545	0	3
2022.05.24	09:00:00	1.21496	1.21564	1.21410	1.21468	3107	0	3
2022.05.24	10:00:00	1.21466	1.21486	1.20973	1.21059	5225	0	3
2022.05.24	11:00:00	1.21055	1.21101	1.20131	1.20254	5408	0	3
2022.05.24	12:00:00	1.20254	1.20543	1.20187	1.20495	3441	0	3
2022.05.24	13:00:00	1.20493	1.20974	1.20463	1.20868	3387	0	3
2022.05.24	14:00:00	1.20870	1.20904	1.20547	1.20572	3574	0	3
2022.05.24	15:00:00	1.20570	1.20604	1.20324	1.20386	4181	0	3
2022.05.24	16:00:00	1.20379	1.20394	1.20111	1.20134	5138	0	3
2022.05.24	17:00:00	1.20133	1.20185	1.19861	1.20156	7071	0	3
2022.05.24	18:00:00	1.20155	1.20430	1.20130	1.20390	4661	0	3
2022.05.24	19:00:00	1.20391	1.20496	1.20344	1.20404	3530	0	3
2022.05.24	20:00:00	1.20403	1.20464	1.20316	1.20421	3529	0	3
2022.05.24	21:00:00	1.20424	1.20427	1.20156	1.20217	2995	0	3
2022.05.24	22:00:00	1.20222	1.20452	1.20219	1.20450	2604	0	3
2022.05.24	23:00:00	1.20452	1.20464	1.20390	1.20411	579	0	3
2022.05.25	00:00:00	1.20277	1.20346	1.20253	1.20333	55	0	180
2022.05.25	01:00:00	1.20333	1.20559	1.20332	1.20452	865	0	3
2022.05.25	02:00:00	1.20457	1.20479	1.20422	1.20446	792	0	5
2022.05.25	03:00:00	1.20445	1.20468	1.20347	1.20412	1697	0	3
2022.05.25	04:00:00	1.20411	1.20470	1.20369	1.20372	2346	0	3
2022.05.25	05:00:00	1.20373	1.20547	1.20363	1.20536	2103	0	3
2022.05.25	06:00:00	1.20536	1.20632	1.20486	1.20623	1696	0	3
2022.05.25	07:00:00	1.20622	1.20716	1.20619	1.20646	1720	0	3
2022.05.25	08:00:00	1.20646	1.20673	1.20567	1.20606	1221	0	3
2022.05.25	09:00:00	1.20606	1.20845	1.20540	1.20843	3208	0	3
2022.05.25	10:00:00	1.20842	1.20877	1.20530	1.20570	5263	0	3
2022.05.25	11:00:00	1.20567	1.20664	1.20513	1.20564	4174	0	3
2022.05.25	12:00:00	1.20563	1.20589	1.20364	1.20442	3948	0	3
2022.05.25	13:00:00	1.20444	1.20510	1.20303	1.20382	3488	0	3
2022.05.25	14:00:00	1.20382	1.20490	1.20183	1.20326	4085	0	3
2022.05.25	15:00:00	1.20326	1.20445	1.20099	1.20251	4585	0	3
2022.05.25	16:00:00	1.20252	1.20634	1.20188	1.20602	4633	0	3
2022.05.25	17:00:00	1.20603	1.20797	1.20543	1.20741	5623	0	3
2022.05.25	18:00:00	1.20740	1.20857	1.20701	1.20837	4147	0	3
2022.05.25	19:00:00	1.20836	1.20875	1.20686	1.20786	2882	0	3
2022.05.25	20:00:00	1.20787	1.20872	1.20625	1.20838	2360	0	3
2022.05.25	21:00:00	1.20830	1.21080	1.20739	1.21041	5608	0	3
2022.05.25	22:00:00	1.21047	1.21052	1.20908	1.20993	2804	0	3
2022.05.25	23:00:00	1.20992	1.21073	1.20961	1.21045	896	0	3
2022.05.26	00:00:00	1.20854	1.20908	1.20790	1.20880	76	0	149
2022.05.26	01:00:00	1.20854	1.21062	1.20854	1.21059	1279	0	3
2022.05.26	02:00:00	1.21068	1.21112	1.21006	1.21024	587	0	3
2022.05.26	03:00:00	1.21021	1.21204	1.21019	1.21186	1894	0	3
2022.05.26	04:00:00	1.21184	1.21221	1.21002	1.21032	1847	0	3
2022.05.26	05:00:00	1.21036	1.21096	1.20993	1.21034	1819	0	3
2022.05.26	06:00:00	1.21039	1.21050	1.20958	1.21009	1365	0	3
2022.05.26	07:00:00	1.21008	1.21015	1.20926	1.20958	1438	0	3
2022.05.26	08:00:00	1.20958	1.20990	1.20881	1.20910	1299	0	3
2022.05.26	09:00:00	1.20909	1.20949	1.20745	1.20806	2528	0	3
2022.05.26	10:00:00	1.20808	1.21017	1.20643	1.20759	4783	0	3
2022.05.26	11:00:00	1.20759	1.20821	1.20503	1.20576	3490	0	3
2022.05.26	12:00:00	1.20575	1.20985	1.20517	1.20978	3391	0	3
2022.05.26	13:00:00	1.20979	1.21122	1.20860	1.20978	3585	0	3
2022.05.26	14:00:00	1.20979	1.21170	1.20900	1.20986	3871	0	3
2022.05.26	15:00:00	1.20986	1.20986	1.20644	1.20733	4598	0	3
2022.05.26	16:00:00	1.20735	1.20769	1.20584	1.20632	4589	0	3
2022.05.26	17:00:00	1.20632	1.20835	1.20468	1.20772	4969	0	3
2022.05.26	18:00:00	1.20772	1.20978	1.20703	1.20711	3675	0	3
2022.05.26	19:00:00	1.20713	1.20843	1.20646	1.20802	2284	0	3
2022.05.26	20:00:00	1.20805	1.20856	1.20687	1.20706	2557	0	3
2022.05.26	21:00:00	1.20710	1.20878	1.20710	1.20834	2366	0	3
2022.05.26	22:00:00	1.20835	1.20879	1.20764	1.20864	1920	0	3
2022.05.26	23:00:00	1.20860	1.20927	1.20844	1.20891	571	0	3
2022.05.27	00:00:00	1.20809	1.20883	1.20659	1.20785	790	0	102
2022.05.27	01:00:00	1.20777	1.20895	1.20737	1.20873	628	0	10
2022.05.27	02:00:00	1.20878	1.20953	1.20874	1.20947	666	0	6
2022.05.27	03:00:00	1.20948	1.21010	1.20933	1.20962	2180	0	3
2022.05.27	04:00:00	1.20965	1.21175	1.20896	1.21117	2565	0	3
2022.05.27	05:00:00	1.21119	1.21156	1.21043	1.21139	2200	0	3
2022.05.27	06:00:00	1.21138	1.21184	1.21114	1.21143	1496	0	3
2022.05.27	07:00:00	1.21141	1.21236	1.21123	1.21173	1059	0	3
2022.05.27	08:00:00	1.21172	1.21180	1.21121	1.21142	1268	0	3
2022.05.27	09:00:00	1.21136	1.21144	1.20971	1.21041	2893	0	3
2022.05.27	10:00:00	1.21041	1.21251	1.21025	1.21118	4240	0	3
2022.05.27	11:00:00	1.21117	1.21124	1.20893	1.20972	3443	0	3
2022.05.27	12:00:00	1.20972	1.21009	1.20827	1.20902	3527	0	3
2022.05.27	13:00:00	1.20904	1.20970	1.20762	1.20852	2733	0	3
2022.05.27	14:00:00	1.20849	1.20949	1.20757	1.20929	2774	0	3
2022.05.27	15:00:00	1.20930	1.20987	1.20626	1.20943	4557	0	3
2022.05.27	16:00:00	1.20939	1.20989	1.20787	1.20949	3959	0	3
2022.05.27	17:00:00	1.20950	1.20964	1.20682	1.20693	4600	0	3
2022.05.27	18:00:00	1.20695	1.20790	1.20525	1.20763	3720	0	3
2022.05.27	19:00:00	1.20762	1.20795	1.20706	1.20747	1891	0	3
2022.05.27	20:00:00	1.20747	1.20885	1.20744	1.20883	1832	0	3
2022.05.27	21:00:00	1.20883	1.20930	1.20845	1.20926	1434	0	3
2022.05.27	22:00:00	1.20926	1.20946	1.20878	1.20929	1530	0	3
2022.05.27	23:00:00	1.20926	1.20945	1.20886	1.20893	670	0	3
2022.05.30	00:00:00	1.20637	1.20916	1.20587	1.20776	273	0	119
2022.05.30	01:00:00	1.20753	1.20995	1.20753	1.20948	1338	0	3
2022.05.30	02:00:00	1.20959	1.21000	1.20933	1.20934	1367	0	3
2022.05.30	03:00:00	1.20935	1.20986	1.20918	1.20957	1556	0	3
2022.05.30	04:00:00	1.20958	1.21014	1.20912	1.20943	1886	0	3
2022.05.30	05:00:00	1.20945	1.20987	1.20911	1.20956	1812	0	3
2022.05.30	06:00:00	1.20956	1.21009	1.20922	1.20972	1595	0	3
2022.05.30	07:00:00	1.20972	1.20978	1.20892	1.20950	1886	0	3
2022.05.30	08:00:00	1.20949	1.20966	1.20891	1.20935	1809	0	3
2022.05.30	09:00:00	1.20936	1.21008	1.20752	1.20814	2709	0	3
2022.05.30	10:00:00	1.20814	1.21043	1.20751	1.20997	3625	0	3
2022.05.30	11:00:00	1.21001	1.21058	1.20809	1.20817	3402	0	3
2022.05.30	12:00:00	1.20819	1.21142	1.20819	1.21096	2961	0	3
2022.05.30	13:00:00	1.21096	1.21362	1.21071	1.21242	3294	0	3
2022.05.30	14:00:00	1.21244	1.21389	1.21175	1.21243	2576	0	3
2022.05.30	15:00:00	1.21243	1.21358	1.21171	1.21281	2743	0	3
2022.05.30	16:00:00	1.21283	1.21316	1.21189	1.21209	2826	0	3
2022.05.30	17:00:00	1.21202	1.21316	1.21058	1.21103	3137	0	3
2022.05.30	18:00:00	1.21102	1.21231	1.20991	1.21177	2715	0	3
2022.05.30	19:00:00	1.21179	1.21219	1.21033	1.21169	1688	0	3
2022.05.30	20:00:00	1.21167	1.21177	1.21132	1.21163	464	0	4
2022.05.30	21:00:00	1.21162	1.21228	1.21161	1.21187	894	0	3
2022.05.30	22:00:00	1.21185	1.21212	1.21155	1.21164	395	0	5
2022.05.30	23:00:00	1.21164	1.21171	1.21094	1.21149	193	0	3
2022.05.31	00:00:00	1.20943	1.21021	1.20937	1.20992	1033	0	196
2022.05.31	01:00:00	1.21048	1.21156	1.20959	1.21145	562	0	11
2022.05.31	02:00:00	1.21147	1.21173	1.21098	1.21153	1007	0	3
2022.05.31	03:00:00	1.21152	1.21280	1.21126	1.21184	2942	0	3
2022.05.31	04:00:00	1.21186	1.21210	1.21068	1.21173	3208	0	3
2022.05.31	05:00:00	1.21174	1.21205	1.21016	1.21112	2015	0	3
2022.05.31	06:00:00	1.21111	1.21121	1.20977	1.21010	1404	0	6
2022.05.31	07:00:00	1.21008	1.21056	1.20908	1.21052	1231	0	3
2022.05.31	08:00:00	1.21052	1.21086	1.21003	1.21036	1584	0	3
2022.05.31	09:00:00	1.21037	1.21051	1.20831	1.20945	3464	0	3
2022.05.31	10:00:00	1.20950	1.21269	1.20923	1.21137	3562	0	3
2022.05.31	11:00:00	1.21138	1.21329	1.21086	1.21161	3000	0	3
2022.05.31	12:00:00	1.21161	1.21182	1.20796	1.20931	3270	0	3
2022.05.31	13:00:00	1.20929	1.20958	1.20694	1.20817	3241	0	3
2022.05.31	14:00:00	1.20819	1.20912	1.20726	1.20765	2970	0	3
2022.05.31	15:00:00	1.20765	1.20844	1.20635	1.20732	3967	0	3
2022.05.31	16:00:00	1.20730	1.20795	1.20555	1.20774	4284	0	3
2022.05.31	17:00:00	1.20771	1.20781	1.20567	1.20750	6732	0	3
2022.05.31	18:00:00	1.20753	1.20856	1.20604	1.20800	4280	0	3
2022.05.31	19:00:00	1.20800	1.20937	1.20708	1.20919	3059	0	3
2022.05.31	20:00:00	1.20917	1.20960	1.20716	1.20785	3028	0	3
2022.05.31	21:00:00	1.20785	1.20887	1.20771	1.20820	2104	0	3
2022.05.31	22:00:00	1.20821	1.20890	1.20772	1.20863	2839	0	3
2022.05.31	23:00:00	1.20871	1.20947	1.20793	1.20892	1094	0	3
2022.06.01	00:00:00	1.20659	1.20868	1.20644	1.20844	110	0	28
2022.06.01	01:00:00	1.20815	1.20947	1.20799	1.20944	907	0	3
2022.06.01	02:00:00	1.20943	1.20987	1.20920	1.20978	778	0	4
2022.06.01	03:00:00	1.20984	1.21049	1.20958	1.21030	2037	0	3
2022.06.01	04:00:00	1.21030	1.21100	1.20984	1.21004	2662	0	3
2022.06.01	05:00:00	1.21004	1.21038	1.20932	1.21027	1813	0	3
2022.06.01	06:00:00	1.21028	1.21032	1.20945	1.20959	1152	0	3
2022.06.01	07:00:00	1.20959	1.20993	1.20835	1.20945	1634	0	3
2022.06.01	08:00:00	1.20945	1.20997	1.20901	1.20928	1821	0	3
2022.06.01	09:00:00	1.20921	1.20957	1.20777	1.20893	2988	0	3
2022.06.01	10:00:00	1.20895	1.21046	1.20852	1.20939	4175	0	3
2022.06.01	11:00:00	1.20939	1.21003	1.20820	1.20907	3672	0	3
2022.06.01	12:00:00	1.20911	1.21099	1.20843	1.21028	2829	0	3
2022.06.01	13:00:00	1.21028	1.21245	1.21024	1.21076	2287	0	3
2022.06.01	14:00:00	1.21074	1.21145	1.20817	1.20971	2198	0	3
2022.06.01	15:00:00	1.20970	1.21067	1.20858	1.20863	3360	0	3
2022.06.01	16:00:00	1.20868	1.20912	1.20365	1.20386	4271	0	3
2022.06.01	17:00:00	1.20390	1.20680	1.20366	1.20415	6723	0	3
2022.06.01	18:00:00	1.20411	1.20564	1.20170	1.20247	4855	0	3
2022.06.01	19:00:00	1.20253	1.20280	1.20084	1.20134	3822	0	3
2022.06.01	20:00:00	1.20137	1.20299	1.20069	1.20250	2328	0	3
2022.06.01	21:00:00	1.20250	1.20325	1.20218	1.20223	2423	0	3
2022.06.01	22:00:00	1.20220	1.20227	1.20173	1.20188	247	0	3
2022.06.02	00:00:00	1.20095	1.20235	1.20069	1.20233	115	0	128
2022.06.02	01:00:00	1.20116	1.20236	1.20116	1.20212	604	0	7
2022.06.02	02:00:00	1.20223	1.20247	1.20201	1.20226	653	0	3
2022.06.02	03:00:00	1.20227	1.20241	1.20149	1.20211	1578	0	3
2022.06.02	04:00:00	1.20208	1.20224	1.20127	1.20187	1860	0	3
2022.06.02	05:00:00	1.20188	1.20235	1.20143	1.20198	1432	0	3
2022.06.02	06:00:00	1.20195	1.20273	1.20190	1.20221	1109	0	3
2022.06.02	07:00:00	1.20221	1.20253	1.20187	1.20215	1134	0	3
2022.06.02	08:00:00	1.20217	1.20246	1.20130	1.20236	878	0	3
2022.06.02	09:00:00	1.20230	1.20332	1.19719	1.19944	2646	0	3
2022.06.02	10:00:00	1.19942	1.20273	1.19940	1.20228	3736	0	3
2022.06.02	11:00:00	1.20231	1.20462	1.20215	1.20453	3058	0	3
2022.06.02	12:00:00	1.20456	1.20520	1.20365	1.20466	2255	0	3
2022.06.02	13:00:00	1.20466	1.20541	1.20406	1.20414	1831	0	3
2022.06.02	14:00:00	1.20412	1.20589	1.20394	1.20542	2501	0	3
2022.06.02	15:00:00	1.20542	1.20550	1.20358	1.20398	3917	0	3
2022.06.02	16:00:00	1.20398	1.20523	1.20285	1.20341	4750	0	3
2022.06.02	17:00:00	1.20342	1.20589	1.20270	1.20447	5493	0	3
2022.06.02	18:00:00	1.20443	1.20527	1.20354	1.20459	2629	0	3
2022.06.02	19:00:00	1.20460	1.20622	1.20414	1.20622	2492	0	3
2022.06.02	20:00:00	1.20623	1.20639	1.20557	1.20596	2067	0	3
2022.06.02	21:00:00	1.20594	1.20610	1.20401	1.20406	1415	0	3
2022.06.02	22:00:00	1.20408	1.20458	1.20390	1.20424	1272	0	3
2022.06.02	23:00:00	1.20424	1.20456	1.20389	1.20437	1037	0	3
2022.06.03	00:00:00	1.20370	1.20447	1.20268	1.20393	185	0	109
2022.06.03	01:00:00	1.20373	1.20478	1.20311	1.20439	410	0	9
2022.06.03	02:00:00	1.20438	1.20476	1.20428	1.20451	434	0	6
2022.06.03	03:00:00	1.20449	1.20501	1.20366	1.20383	1368	0	3
2022.06.03	04:00:00	1.20381	1.20449	1.20349	1.20389	1212	0	3
2022.06.03	05:00:00	1.20389	1.20457	1.20378	1.20379	824	0	3
2022.06.03	06:00:00	1.20380	1.20432	1.20377	1.20402	649	0	3
2022.06.03	07:00:00	1.20402	1.20441	1.20385	1.20416	508	0	3
2022.06.03	08:00:00	1.20417	1.20440	1.20377	1.20412	1282	0	5
2022.06.03	09:00:00	1.20404	1.20472	1.20379	1.20400	1768	0	3
2022.06.03	10:00:00	1.20398	1.20425	1.20243	1.20243	2131	0	3
2022.06.03	11:00:00	1.20243	1.20521	1.20243	1.20491	2036	0	3
2022.06.03	12:00:00	1.20491	1.20650	1.20490	1.20638	1908	0	3
2022.06.03	13:00:00	1.20637	1.20668	1.20491	1.20520	1782	0	3
2022.06.03	14:00:00	1.20518	1.20655	1.20481	1.20599	2100	0	3
2022.06.03	15:00:00	1.20601	1.20803	1.20433	1.20665	4882	0	3
2022.06.03	16:00:00	1.20665	1.20751	1.20551	1.20695	5571	0	3
2022.06.03	17:00:00	1.20702	1.20755	1.20480	1.20498	5140	0	3
2022.06.03	18:00:00	1.20496	1.20542	1.20382	1.20386	2992	0	3
2022.06.03	19:00:00	1.20390	1.20456	1.20385	1.20434	1866	0	3
2022.06.03	20:00:00	1.20435	1.20442	1.20296	1.20317	1635	0	3
2022.06.03	21:00:00	1.20316	1.20350	1.20298	1.20308	1291	0	3
2022.06.03	22:00:00	1.20310	1.20336	1.20265	1.20296	1390	0	3
2022.06.03	23:00:00	1.20290	1.20306	1.20185	1.20232	485	0	3
2022.06.06	00:00:00	1.20104	1.20165	1.20054	1.20120	396	0	140
2022.06.06	01:00:00	1.20114	1.20303	1.20114	1.20279	717	0	5
2022.06.06	02:00:00	1.20289	1.20307	1.20199	1.20199	726	0	3
2022.06.06	03:00:00	1.20199	1.20262	1.20159	1.20183	829	0	3
2022.06.06	04:00:00	1.20183	1.20220	1.20104	1.20126	1550	0	3
2022.06.06	05:00:00	1.20126	1.20169	1.20121	1.20131	823	0	3
2022.06.06	06:00:00	1.20132	1.20167	1.20121	1.20127	724	0	3
2022.06.06	07:00:00	1.20128	1.20205	1.20119	1.20194	950	0	3
2022.06.06	08:00:00	1.20194	1.20286	1.20184	1.20256	1853	0	3
2022.06.06	09:00:00	1.20259	1.20561	1.20177	1.20544	2996	0	3
2022.06.06	10:00:00	1.20544	1.20648	1.20419	1.20595	3799	0	3
2022.06.06	11:00:00	1.20599	1.20896	1.20597	1.20794	3516	0	3
2022.06.06	12:00:00	1.20796	1.20810	1.20622	1.20701	2568	0	3
2022.06.06	13:00:00	1.20702	1.20757	1.20567	1.20739	2706	0	3
2022.06.06	14:00:00	1.20737	1.20919	1.20708	1.20913	1886	0	3
2022.06.06	15:00:00	1.20910	1.20926	1.20800	1.20920	2635	0	3
2022.06.06	16:00:00	1.20920	1.21005	1.20853	1.20998	3210	0	3
2022.06.06	17:00:00	1.20998	1.21391	1.20984	1.21315	4958	0	3
2022.06.06	18:00:00	1.21317	1.21567	1.21225	1.21555	5036	0	3
2022.06.06	19:00:00	1.21557	1.21615	1.21451	1.21587	2888	0	3
2022.06.06	20:00:00	1.21585	1.21792	1.21565	1.21790	2479	0	3
2022.06.06	21:00:00	1.21792	1.21792	1.21688	1.21723	2647	0	3
2022.06.06	22:00:00	1.21722	1.21764	1.21654	1.21662	2072	0	3
2022.06.06	23:00:00	1.21669	1.21740	1.21583	1.21597	926	0	3
2022.06.07	00:00:00	1.21530	1.21584	1.21530	1.21565	64	0	114
2022.06.07	01:00:00	1.21595	1.21667	1.21595	1.21644	973	0	5
2022.06.07	02:00:00	1.21644	1.21664	1.21584	1.21652	1414	0	3
2022.06.07	03:00:00	1.21651	1.21659	1.21556	1.21618	2146	0	3
2022.06.07	04:00:00	1.21617	1.21635	1.21500	1.21554	2282	0	3
2022.06.07	05:00:00	1.21556	1.21569	1.21452	1.21482	1780	0	3
2022.06.07	06:00:00	1.21483	1.21542	1.21455	1.21497	1505	0	3
2022.06.07	07:00:00	1.21497	1.21552	1.21351	1.21406	2089	0	3
2022.06.07	08:00:00	1.21407	1.21413	1.21077	1.21085	3000	0	3
2022.06.07	09:00:00	1.21085	1.21437	1.20996	1.21413	3629	0	3
2022.06.07	10:00:00	1.21414	1.21694	1.21394	1.21692	4224	0	3
2022.06.07	11:00:00	1.21698	1.22046	1.21696	1.21924	4344	0	3
2022.06.07	12:00:00	1.21925	1.22149	1.21894	1.22085	3049	0	3
2022.06.07	13:00:00	1.22087	1.22316	1.22010	1.22015	3555	0	3
2022.06.07	14:00:00	1.22012	1.22152	1.21863	1.22098	3032	0	3
2022.06.07	15:00:00	1.22095	1.22179	1.21939	1.21940	3667	0	3
2022.06.07	16:00:00	1.21939	1.22069	1.21874	1.21905	4902	0	3
2022.06.07	17:00:00	1.21907	1.22387	1.21903	1.22332	5284	0	3
2022.06.07	18:00:00	1.22333	1.22614	1.22284	1.22583	3843	0	3
2022.06.07	19:00:00	1.22583	1.22601	1.22523	1.22566	2529	0	3
2022.06.07	20:00:00	1.22568	1.22603	1.22395	1.22412	1576	0	3
2022.06.07	21:00:00	1.22416	1.22435	1.22332	1.22393	2401	0	3
2022.06.07	22:00:00	1.22389	1.22541	1.22385	1.22539	1626	0	3
2022.06.07	23:00:00	1.22540	1.22540	1.22436	1.22462	602	0	3
2022.06.08	00:00:00	1.22242	1.22405	1.22209	1.22372	278	0	58
2022.06.08	01:00:00	1.22399	1.22517	1.22399	1.22506	946	0	3
2022.06.08	02:00:00	1.22505	1.22579	1.22501	1.22550	1104	0	3
2022.06.08	03:00:00	1.22550	1.22551	1.22441	1.22497	1398	0	3
2022.06.08	04:00:00	1.22492	1.22602	1.22479	1.22543	2458	0	3
2022.06.08	05:00:00	1.22547	1.22598	1.22505	1.22515	1863	0	3
2022.06.08	06:00:00	1.22514	1.22514	1.22418	1.22489	1205	0	4
2022.06.08	07:00:00	1.22489	1.22516	1.22457	1.22466	1586	0	3
2022.06.08	08:00:00	1.22464	1.22573	1.22456	1.22487	1413	0	3
2022.06.08	09:00:00	1.22489	1.22552	1.22381	1.22489	3217	0	3
2022.06.08	10:00:00	1.22486	1.22603	1.22367	1.22480	4466	0	3
2022.06.08	11:00:00	1.22481	1.22596	1.22430	1.22571	3941	0	3
2022.06.08	12:00:00	1.22570	1.22620	1.22422	1.22473	3334	0	3
2022.06.08	13:00:00	1.22469	1.22603	1.22414	1.22530	2899	0	3
2022.06.08	14:00:00	1.22530	1.22586	1.22442	1.22521	3361	0	3
2022.06.08	15:00:00	1.22523	1.22615	1.22455	1.22523	3475	0	3
2022.06.08	16:00:00	1.22524	1.22538	1.22224	1.22246	3946	0	3
2022.06.08	17:00:00	1.22243	1.22337	1.22076	1.22294	5370	0	3
2022.06.08	18:00:00	1.22293	1.22472	1.22222	1.22465	3352	0	3
2022.06.08	19:00:00	1.22466	1.22530	1.22366	1.22426	2595	0	3
2022.06.08	20:00:00	1.22426	1.22523	1.22402	1.22477	2383	0	3
2022.06.08	21:00:00	1.22476	1.22646	1.22467	1.22595	2349	0	3
2022.06.08	22:00:00	1.22593	1.22741	1.22562	1.22708	1845	0	3
2022.06.08	23:00:00	1.22705	1.22733	1.22659	1.22664	786	0	3
2022.06.09	00:00:00	1.22664	1.22664	1.22539	1.22613	1590	0	9
2022.06.09	01:00:00	1.22627	1.22725	1.22627	1.22699	1364	0	3
2022.06.09	02:00:00	1.22701	1.22765	1.22684	1.22753	1210	0	5
2022.06.09	03:00:00	1.22752	1.22781	1.22669	1.22698	1713	0	3
2022.06.09	04:00:00	1.22698	1.22707	1.22567	1.22579	1549	0	3
2022.06.09	05:00:00	1.22578	1.22637	1.22557	1.22628	1619	0	3
2022.06.09	06:00:00	1.22628	1.22663	1.22540	1.22540	1263	0	3
2022.06.09	07:00:00	1.22541	1.22557	1.22473	1.22510	1158	0	3
2022.06.09	08:00:00	1.22509	1.22543	1.22394	1.22466	1705	0	3
2022.06.09	09:00:00	1.22467	1.22538	1.22363	1.22392	2759	0	3
2022.06.09	10:00:00	1.22393	1.22667	1.22384	1.22385	3980	0	3
2022.06.09	11:00:00	1.22386	1.22684	1.22357	1.22590	3698	0	3
2022.06.09	12:00:00	1.22592	1.22622	1.22355	1.22377	2385	0	3
2022.06.09	13:00:00	1.22379	1.22562	1.22364	1.22544	2832	0	3
2022.06.09	14:00:00	1.22546	1.22689	1.22441	1.22579	4640	0	3
2022.06.09	15:00:00	1.22583	1.22617	1.22175	1.22206	6874	0	3
2022.06.09	16:00:00	1.22205	1.22279	1.22032	1.22119	7629	0	3
2022.06.09	17:00:00	1.22120	1.22948	1.22045	1.22822	6939	0	3
2022.06.09	18:00:00	1.22825	1.22849	1.22334	1.22346	4879	0	3
2022.06.09	19:00:00	1.22343	1.22480	1.22320	1.22401	3364	0	3
2022.06.09	20:00:00	1.22400	1.22559	1.22382	1.22527	3196	0	3
2022.06.09	21:00:00	1.22526	1.22604	1.22505	1.22565	2512	0	3
2022.06.09	22:00:00	1.22560	1.22570	1.22490	1.22503	2310	0	3
2022.06.09	23:00:00	1.22504	1.22610	1.22479	1.22485	1190	0	3
2022.06.10	00:00:00	1.22375	1.22473	1.22318	1.22468	617	0	127
2022.06.10	01:00:00	1.22435	1.22532	1.22415	1.22477	820	0	3
2022.06.10	02:00:00	1.22477	1.22528	1.22459	1.22472	784	0	6
2022.06.10	03:00:00	1.22472	1.22488	1.22372	1.22421	1816	0	3
2022.06.10	04:00:00	1.22420	1.22421	1.22245	1.22342	1902	0	3
2022.06.10	05:00:00	1.22342	1.22391	1.22334	1.22355	1274	0	3
2022.06.10	06:00:00	1.22356	1.22408	1.22330	1.22340	1091	0	3
2022.06.10	07:00:00	1.22339	1.22407	1.22317	1.22404	1027	0	4
2022.06.10	08:00:00	1.22406	1.22505	1.22341	1.22473	1610	0	3
2022.06.10	09:00:00	1.22475	1.22498	1.22020	1.22028	2317	0	3
2022.06.10	10:00:00	1.22025	1.22145	1.21981	1.22005	5493	0	3
2022.06.10	11:00:00	1.22004	1.22219	1.22001	1.22208	3964	0	3
2022.06.10	12:00:00	1.22208	1.22376	1.22145	1.22214	3607	0	3
2022.06.10	13:00:00	1.22213	1.22301	1.22056	1.22128	3229	0	3
2022.06.10	14:00:00	1.22129	1.22380	1.22069	1.22373	3955	0	3
2022.06.10	15:00:00	1.22372	1.22428	1.22071	1.22126	6171	0	3
2022.06.10	16:00:00	1.22131	1.22402	1.22080	1.22218	7424	0	3
2022.06.10	17:00:00	1.22213	1.22259	1.21942	1.21992	7083	0	3
2022.06.10	18:00:00	1.22000	1.22000	1.21700	1.21895	4663	0	3
2022.06.10	19:00:00	1.21893	1.21905	1.21712	1.21730	3045	0	3
2022.06.10	20:00:00	1.21731	1.21749	1.21586	1.21633	2806	0	3
2022.06.10	21:00:00	1.21634	1.21715	1.21621	1.21689	3204	0	3
2022.06.10	22:00:00	1.21689	1.21723	1.21638	1.21657	3371	0	3
2022.06.10	23:00:00	1.21656	1.21705	1.21537	1.21544	1005	0	3
2022.06.13	00:00:00	1.21616	1.21629	1.21504	1.21610	216	0	102
2022.06.13	01:00:00	1.21567	1.21666	1.21472	1.21526	1460	0	3
2022.06.13	02:00:00	1.21525	1.21603	1.21447	1.21455	1863	0	3
2022.06.13	03:00:00	1.21453	1.21510	1.21431	1.21481	1901	0	3
2022.06.13	04:00:00	1.21476	1.21507	1.21301	1.21328	3301	0	3
2022.06.13	05:00:00	1.21330	1.21425	1.21316	1.21401	2948	0	3
2022.06.13	06:00:00	1.21401	1.21575	1.21399	1.21561	2201	0	3
2022.06.13	07:00:00	1.21561	1.21610	1.21490	1.21498	1404	0	3
2022.06.13	08:00:00	1.21498	1.21627	1.21474	1.21495	2209	0	3
2022.06.13	09:00:00	1.21496	1.21546	1.21120	1.21520	4167	0	3
2022.06.13	10:00:00	1.21521	1.21569	1.21304	1.21350	5228	0	3
2022.06.13	11:00:00	1.21353	1.21382	1.21002	1.21150	5788	0	3
2022.06.13	12:00:00	1.21148	1.21247	1.20998	1.21224	4207	0	3
2022.06.13	13:00:00	1.21221	1.21432	1.21098	1.21146	4040	0	3
2022.06.13	14:00:00	1.21148	1.21161	1.20904	1.20926	5006	0	3
2022.06.13	15:00:00	1.20927	1.21022	1.20805	1.20939	5996	0	3
2022.06.13	16:00:00	1.20940	1.21056	1.20834	1.21043	6217	0	3
2022.06.13	17:00:00	1.21041	1.21164	1.20809	1.20955	6100	0	3
2022.06.13	18:00:00	1.20959	1.21322	1.20946	1.21278	5108	0	3
2022.06.13	19:00:00	1.21277	1.21363	1.21211	1.21229	4419	0	3
2022.06.13	20:00:00	1.21227	1.21237	1.21050	1.21152	3354	0	3
2022.06.13	21:00:00	1.21154	1.21182	1.21064	1.21094	4346	0	3
2022.06.13	22:00:00	1.21090	1.21141	1.20984	1.21052	7596	0	3
2022.06.13	23:00:00	1.21053	1.21144	1.20996	1.21004	3177	0	3
2022.06.14	00:00:00	1.20977	1.21007	1.20866	1.21007	345	0	59
2022.06.14	01:00:00	1.21010	1.21090	1.20886	1.20973	1001	0	3
2022.06.14	02:00:00	1.20979	1.21068	1.20943	1.21026	897	0	3
2022.06.14	03:00:00	1.21024	1.21104	1.20989	1.21034	2445	0	3
2022.06.14	04:00:00	1.21032	1.21131	1.21004	1.21023	2945	0	3
2022.06.14	05:00:00	1.21022	1.21151	1.21021	1.21090	2400	0	3
2022.06.14	06:00:00	1.21087	1.21269	1.21055	1.21267	2489	0	3
2022.06.14	07:00:00	1.21267	1.21382	1.21210	1.21277	2181	0	3
2022.06.14	08:00:00	1.21275	1.21371	1.21251	1.21353	2384	0	3
2022.06.14	09:00:00	1.21354	1.21451	1.20948	1.20959	4238	0	3
2022.06.14	10:00:00	1.20960	1.21002	1.20640	1.20640	5164	0	3
2022.06.14	11:00:00	1.20638	1.20656	1.20119	1.20184	5636	0	3
2022.06.14	12:00:00	1.20184	1.20407	1.20142	1.20241	5200	0	3
2022.06.14	13:00:00	1.20248	1.20363	1.20115	1.20122	5000	0	3
2022.06.14	14:00:00	1.20121	1.20211	1.19927	1.19965	4893	0	3
2022.06.14	15:00:00	1.19965	1.20243	1.19963	1.20177	5382	0	3
2022.06.14	16:00:00	1.20177	1.20182	1.19791	1.19925	6357	0	3
2022.06.14	17:00:00	1.19928	1.20250	1.19669	1.20035	7730	0	3
2022.06.14	18:00:00	1.20036	1.20375	1.20036	1.20367	6810	0	3
2022.06.14	19:00:00	1.20367	1.20367	1.20090	1.20263	5768	0	3
2022.06.14	20:00:00	1.20259	1.20417	1.20011	1.20017	4616	0	3
2022.06.14	21:00:00	1.20016	1.20100	1.19933	1.20053	4407	0	3
2022.06.14	22:00:00	1.20053	1.20146	1.19744	1.20069	5149	0	3
2022.06.14	23:00:00	1.20069	1.20148	1.20019	1.20137	993	0	3
2022.06.15	00:00:00	1.20141	1.20151	1.20014	1.20141	182	0	79
2022.06.15	01:00:00	1.20150	1.20208	1.20119	1.20180	1784	0	3
2022.06.15	02:00:00	1.20169	1.20207	1.20001	1.20044	2381	0	3
2022.06.15	03:00:00	1.20047	1.20194	1.20011	1.20145	4732	0	3
2022.06.15	04:00:00	1.20144	1.20271	1.20137	1.20232	3019	0	3
2022.06.15	05:00:00	1.20239	1.20291	1.20192	1.20212	1796	0	3
2022.06.15	06:00:00	1.20212	1.20239	1.20129	1.20145	2254	0	3
2022.06.15	07:00:00	1.20146	1.20191	1.20054	1.20113	2014	0	3
2022.06.15	08:00:00	1.20111	1.20285	1.20006	1.20070	2660	0	3
2022.06.15	09:00:00	1.20072	1.20244	1.19987	1.20117	5182	0	3
2022.06.15	10:00:00	1.20117	1.20281	1.20019	1.20201	6154	0	3
2022.06.15	11:00:00	1.20201	1.20623	1.20123	1.20537	5761	0	3
2022.06.15	12:00:00	1.20539	1.20607	1.20356	1.20515	5234	0	3
2022.06.15	13:00:00	1.20522	1.20800	1.20498	1.20772	5289	0	3
2022.06.15	14:00:00	1.20775	1.21076	1.20741	1.21033	5569	0	3
2022.06.15	15:00:00	1.21031	1.21096	1.20661	1.20700	7283	0	3
2022.06.15	16:00:00	1.20699	1.20950	1.20634	1.20755	6239	0	3
2022.06.15	17:00:00	1.20756	1.20951	1.20693	1.20787	5976	0	3
2022.06.15	18:00:00	1.20787	1.20884	1.20625	1.20847	5586	0	3
2022.06.15	19:00:00	1.20848	1.21069	1.20780	1.20992	4175	0	3
2022.06.15	20:00:00	1.20993	1.21178	1.20960	1.21057	3463	0	3
2022.06.15	21:00:00	1.21057	1.21197	1.20708	1.21080	10306	0	3
2022.06.15	22:00:00	1.21079	1.21353	1.21050	1.21211	7989	0	3
2022.06.15	23:00:00	1.21209	1.21216	1.20955	1.21007	2660	0	3
2022.06.16	00:00:00	1.20984	1.20985	1.20896	1.20965	1618	0	101
2022.06.16	01:00:00	1.20932	1.21146	1.20887	1.21108	1900	0	3
2022.06.16	02:00:00	1.21093	1.21131	1.21026	1.21071	2066	0	4
2022.06.16	03:00:00	1.21074	1.21201	1.21020	1.21189	2528	0	3
2022.06.16	04:00:00	1.21188	1.21310	1.21128	1.21195	3380	0	3
2022.06.16	05:00:00	1.21194	1.21266	1.21121	1.21131	2103	0	3
2022.06.16	06:00:00	1.21134	1.21149	1.20951	1.20969	1563	0	3
2022.06.16	07:00:00	1.20967	1.20988	1.20875	1.20946	1342	0	3
2022.06.16	08:00:00	1.20948	1.20993	1.20837	1.20922	2542	0	3
2022.06.16	09:00:00	1.20926	1.21083	1.20797	1.20891	4485	0	3
2022.06.16	10:00:00	1.20886	1.20886	1.18055	1.18411	7455	0	3
2022.06.16	11:00:00	1.18410	1.19166	1.18303	1.18842	7298	0	3
2022.06.16	12:00:00	1.18841	1.19104	1.18267	1.18957	5760	0	3
2022.06.16	13:00:00	1.18958	1.19433	1.18896	1.19283	5201	0	3
2022.06.16	14:00:00	1.19281	1.19453	1.18106	1.18948	7292	0	3
2022.06.16	15:00:00	1.18950	1.19293	1.18506	1.19145	7454	0	3
2022.06.16	16:00:00	1.19144	1.19388	1.19009	1.19010	7733	0	3
2022.06.16	17:00:00	1.19009	1.19194	1.18775	1.18973	8079	0	3
2022.06.16	18:00:00	1.18974	1.19374	1.18933	1.19266	6870	0	3
2022.06.16	19:00:00	1.19273	1.19683	1.19189	1.19525	6381	0	3
2022.06.16	20:00:00	1.19525	1.19588	1.19224	1.19237	6331	0	3
2022.06.16	21:00:00	1.19241	1.19247	1.19037	1.19072	4763	0	3
2022.06.16	22:00:00	1.19071	1.19338	1.18990	1.19334	5163	0	3
2022.06.16	23:00:00	1.19331	1.19384	1.19241	1.19379	2543	0	3
2022.06.17	00:00:00	1.19420	1.19420	1.19248	1.19338	110	0	78
2022.06.17	01:00:00	1.19304	1.19401	1.19146	1.19352	2258	0	3
2022.06.17	02:00:00	1.19348	1.19483	1.19307	1.19412	1660	0	3
2022.06.17	03:00:00	1.19409	1.19428	1.19259	1.19351	4353	0	3
2022.06.17	04:00:00	1.19353	1.19458	1.19332	1.19377	3306	0	3
2022.06.17	05:00:00	1.19376	1.19534	1.19221	1.19245	3904	0	3
2022.06.17	06:00:00	1.19242	1.19340	1.19191	1.19286	3584	0	3
2022.06.17	07:00:00	1.19286	1.19295	1.19169	1.19238	2159	0	3
2022.06.17	08:00:00	1.19238	1.19347	1.19065	1.19087	2509	0	3
2022.06.17	09:00:00	1.19079	1.19125	1.18601	1.18648	5574	0	3
2022.06.17	10:00:00	1.18647	1.18890	1.18499	1.18510	7163	0	3
2022.06.17	11:00:00	1.18510	1.19101	1.18455	1.18913	5483	0	3
2022.06.17	12:00:00	1.18913	1.19131	1.18583	1.18883	5446	0	3
2022.06.17	13:00:00	1.18878	1.19096	1.18449	1.18597	4967	0	3
2022.06.17	14:00:00	1.18599	1.18724	1.18136	1.18146	5545	0	3
2022.06.17	15:00:00	1.18147	1.18340	1.18095	1.18158	5778	0	3
2022.06.17	16:00:00	1.18158	1.18286	1.18020	1.18050	6230	0	3
2022.06.17	17:00:00	1.18046	1.18494	1.17947	1.18452	8111	0	3
2022.06.17	18:00:00	1.18440	1.18663	1.18361	1.18549	6305	0	3
2022.06.17	19:00:00	1.18548	1.18570	1.18396	1.18408	3985	0	3
2022.06.17	20:00:00	1.18399	1.18547	1.18360	1.18542	4123	0	3
2022.06.17	21:00:00	1.18543	1.18557	1.18430	1.18505	4068	0	3
2022.06.17	22:00:00	1.18509	1.18579	1.18431	1.18534	1689	0	3
2022.06.17	23:00:00	1.18533	1.18703	1.18444	1.18452	1194	0	3
2022.06.20	00:00:00	1.18511	1.18566	1.18342	1.18510	311	0	187
2022.06.20	01:00:00	1.18477	1.18574	1.18358	1.18513	1287	0	3
2022.06.20	02:00:00	1.18513	1.18610	1.18481	1.18588	2014	0	3
2022.06.20	03:00:00	1.18587	1.18589	1.18433	1.18499	3565	0	3
2022.06.20	04:00:00	1.18500	1.18525	1.18079	1.18080	3368	0	3
2022.06.20	05:00:00	1.18077	1.18258	1.18065	1.18225	3546	0	3
2022.06.20	06:00:00	1.18231	1.18405	1.18227	1.18344	1627	0	3
2022.06.20	07:00:00	1.18344	1.18357	1.18286	1.18309	1519	0	3
2022.06.20	08:00:00	1.18309	1.18346	1.18216	1.18258	2375	0	3
2022.06.20	09:00:00	1.18258	1.18296	1.18020	1.18231	4316	0	3
2022.06.20	10:00:00	1.18229	1.18349	1.18005	1.18005	5826	0	3
2022.06.20	11:00:00	1.18005	1.18233	1.18005	1.18226	3720	0	3
2022.06.20	12:00:00	1.18230	1.18260	1.17960	1.18019	3327	0	3
2022.06.20	13:00:00	1.18020	1.18103	1.17877	1.17944	3675	0	3
2022.06.20	14:00:00	1.17940	1.18467	1.17909	1.18465	3486	0	3
2022.06.20	15:00:00	1.18469	1.18522	1.18339	1.18427	3278	0	3
2022.06.20	16:00:00	1.18428	1.18448	1.18205	1.18383	4299	0	3
2022.06.20	17:00:00	1.18380	1.18523	1.18214	1.18481	4323	0	3
2022.06.20	18:00:00	1.18474	1.18523	1.18260	1.18303	3298	0	3
2022.06.20	19:00:00	1.18304	1.18570	1.18260	1.18532	2564	0	3
2022.06.20	20:00:00	1.18531	1.18546	1.18425	1.18453	1671	0	3
2022.06.20	21:00:00	1.18455	1.18592	1.18412	1.18586	1239	0	3
2022.06.20	22:00:00	1.18593	1.18698	1.18591	1.18652	1277	0	3
2022.06.20	23:00:00	1.18650	1.18654	1.18480	1.18486	1830	0	3
2022.06.21	00:00:00	1.18489	1.18491	1.18345	1.18394	143	0	98
2022.06.21	01:00:00	1.18436	1.18564	1.18418	1.18541	885	0	3
2022.06.21	02:00:00	1.18551	1.18569	1.18479	1.18496	1570	0	3
2022.06.21	03:00:00	1.18491	1.18617	1.18473	1.18544	2922	0	3
2022.06.21	04:00:00	1.18545	1.18637	1.18530	1.18596	2608	0	3
2022.06.21	05:00:00	1.18595	1.18722	1.18594	1.18707	1539	0	3
2022.06.21	06:00:00	1.18707	1.18731	1.18674	1.18699	1576	0	3
2022.06.21	07:00:00	1.18699	1.18711	1.18568	1.18598	1358	0	3
2022.06.21	08:00:00	1.18599	1.18637	1.18561	1.18590	2002	0	3
2022.06.21	09:00:00	1.18590	1.18678	1.18417	1.18587	3140	0	3
2022.06.21	10:00:00	1.18589	1.18837	1.18501	1.18571	5113	0	3
2022.06.21	11:00:00	1.18571	1.18967	1.18529	1.18766	5052	0	3
2022.06.21	12:00:00	1.18764	1.18929	1.18733	1.18826	2858	0	3
2022.06.21	13:00:00	1.18828	1.18856	1.18631	1.18728	3757	0	3
2022.06.21	14:00:00	1.18729	1.18778	1.18552	1.18711	4669	0	3
2022.06.21	15:00:00	1.18712	1.18782	1.18613	1.18747	4878	0	3
2022.06.21	16:00:00	1.18747	1.18817	1.18534	1.18578	5383	0	3
2022.06.21	17:00:00	1.18585	1.18680	1.18206	1.18369	5796	0	3
2022.06.21	18:00:00	1.18369	1.18612	1.18297	1.18595	3837	0	3
2022.06.21	19:00:00	1.18593	1.18676	1.18473	1.18546	3539	0	3
2022.06.21	20:00:00	1.18547	1.18549	1.18420	1.18525	2399	0	3
2022.06.21	21:00:00	1.18525	1.18665	1.18489	1.18662	3304	0	3
2022.06.21	22:00:00	1.18661	1.18701	1.18592	1.18604	2690	0	3
2022.06.21	23:00:00	1.18605	1.18641	1.18572	1.18632	1035	0	3
2022.06.22	00:00:00	1.18387	1.18595	1.18387	1.18566	126	0	65
2022.06.22	01:00:00	1.18537	1.18633	1.18537	1.18559	1028	0	5
2022.06.22	02:00:00	1.18562	1.18594	1.18467	1.18489	1526	0	4
2022.06.22	03:00:00	1.18490	1.18581	1.18482	1.18500	2790	0	3
2022.06.22	04:00:00	1.18501	1.18541	1.18450	1.18475	2446	0	3
2022.06.22	05:00:00	1.18481	1.18493	1.18255	1.18263	1256	0	3
2022.06.22	06:00:00	1.18264	1.18373	1.18203	1.18370	989	0	3
2022.06.22	07:00:00	1.18370	1.18426	1.18311	1.18376	1028	0	4
2022.06.22	08:00:00	1.18377	1.18480	1.18346	1.18459	1665	0	3
2022.06.22	09:00:00	1.18450	1.18455	1.18177	1.18328	4308	0	3
2022.06.22	10:00:00	1.18331	1.18331	1.17691	1.17993	5790	0	3
2022.06.22	11:00:00	1.17991	1.18236	1.17925	1.18233	4725	0	3
2022.06.22	12:00:00	1.18234	1.18351	1.17999	1.18308	3903	0	3
2022.06.22	13:00:00	1.18306	1.18534	1.18215	1.18215	3758	0	3
2022.06.22	14:00:00	1.18217	1.18271	1.18121	1.18187	4194	0	3
2022.06.22	15:00:00	1.18187	1.18265	1.18008	1.18033	5112	0	3
2022.06.22	16:00:00	1.18036	1.18208	1.17887	1.17991	6676	0	3
2022.06.22	17:00:00	1.17993	1.18226	1.17903	1.18060	6741	0	3
2022.06.22	18:00:00	1.18062	1.18178	1.17944	1.18081	4825	0	3
2022.06.22	19:00:00	1.18074	1.18198	1.18021	1.18027	3804	0	3
2022.06.22	20:00:00	1.18025	1.18029	1.17868	1.17910	2189	0	3
2022.06.22	21:00:00	1.17910	1.18020	1.17905	1.17917	1529	0	3
2022.06.22	22:00:00	1.17918	1.17984	1.17826	1.17953	1884	0	3
2022.06.22	23:00:00	1.17955	1.18001	1.17862	1.17869	1451	0	3
2022.06.23	00:00:00	1.17826	1.17883	1.17826	1.17882	59	0	71
2022.06.23	01:00:00	1.17882	1.17918	1.17867	1.17906	506	0	3
2022.06.23	02:00:00	1.17909	1.17930	1.17766	1.17824	1209	0	3
2022.06.23	03:00:00	1.17824	1.17836	1.17712	1.17758	2318	0	3
2022.06.23	04:00:00	1.17756	1.17759	1.17683	1.17754	2783	0	3
2022.06.23	05:00:00	1.17753	1.17780	1.17635	1.17734	2996	0	3
2022.06.23	06:00:00	1.17735	1.17862	1.17720	1.17823	1692	0	3
2022.06.23	07:00:00	1.17823	1.17866	1.17795	1.17825	2129	0	3
2022.06.23	08:00:00	1.17826	1.17869	1.17721	1.17814	2248	0	3
2022.06.23	09:00:00	1.17801	1.17829	1.17595	1.17619	3402	0	3
2022.06.23	10:00:00	1.17621	1.17735	1.17422	1.17670	6953	0	3
2022.06.23	11:00:00	1.17669	1.18069	1.17601	1.18056	5669	0	3
2022.06.23	12:00:00	1.18056	1.18077	1.17801	1.17837	5186	0	3
2022.06.23	13:00:00	1.17834	1.18012	1.17771	1.17915	3876	0	3
2022.06.23	14:00:00	1.17914	1.18025	1.17847	1.17957	3518	0	3
2022.06.23	15:00:00	1.17957	1.18156	1.17914	1.17964	6003	0	3
2022.06.23	16:00:00	1.17966	1.18102	1.17629	1.17784	7079	0	3
2022.06.23	17:00:00	1.17780	1.17824	1.17312	1.17621	7640	0	3
2022.06.23	18:00:00	1.17626	1.17758	1.17521	1.17594	5496	0	3
2022.06.23	19:00:00	1.17595	1.17595	1.17388	1.17464	5115	0	3
2022.06.23	20:00:00	1.17465	1.17505	1.17379	1.17501	3829	0	3
2022.06.23	21:00:00	1.17508	1.17769	1.17508	1.17764	2966	0	3
2022.06.23	22:00:00	1.17766	1.17884	1.17748	1.17807	2704	0	3
2022.06.23	23:00:00	1.17803	1.17893	1.17776	1.17886	668	0	3
2022.06.24	00:00:00	1.17779	1.17831	1.17714	1.17813	988	0	22
2022.06.24	01:00:00	1.17793	1.17898	1.17791	1.17892	904	0	3
2022.06.24	02:00:00	1.17891	1.17947	1.17855	1.17856	1221	0	3
2022.06.24	03:00:00	1.17854	1.17902	1.17764	1.17807	2042	0	3
2022.06.24	04:00:00	1.17807	1.17931	1.17790	1.17931	2206	0	3
2022.06.24	05:00:00	1.17932	1.18048	1.17910	1.17948	1850	0	3
2022.06.24	06:00:00	1.17958	1.18023	1.17923	1.17975	2070	0	3
2022.06.24	07:00:00	1.17973	1.18005	1.17893	1.17927	1539	0	3
2022.06.24	08:00:00	1.17927	1.17990	1.17883	1.17889	1477	0	3
2022.06.24	09:00:00	1.17891	1.17929	1.17666	1.17788	2966	0	3
2022.06.24	10:00:00	1.17788	1.18046	1.17620	1.17926	5507	0	3
2022.06.24	11:00:00	1.17928	1.18018	1.17577	1.17809	4568	0	3
2022.06.24	12:00:00	1.17809	1.17953	1.17593	1.17757	3929	0	3
2022.06.24	13:00:00	1.17756	1.17783	1.17579	1.17782	3847	0	3
2022.06.24	14:00:00	1.17781	1.17834	1.17309	1.17351	4179	0	3
2022.06.24	15:00:00	1.17348	1.17451	1.17238	1.17404	4767	0	3
2022.06.24	16:00:00	1.17403	1.17457	1.17205	1.17280	5405	0	3
2022.06.24	17:00:00	1.17282	1.17476	1.17200	1.17350	8012	0	3
2022.06.24	18:00:00	1.17358	1.17501	1.17266	1.17419	5655	0	3
2022.06.24	19:00:00	1.17420	1.17611	1.17388	1.17570	3752	0	3
2022.06.24	20:00:00	1.17570	1.17659	1.17492	1.17534	2616	0	3
2022.06.24	21:00:00	1.17535	1.17637	1.17500	1.17621	2883	0	3
2022.06.24	22:00:00	1.17625	1.17730	1.17595	1.17713	2298	0	3
2022.06.24	23:00:00	1.17710	1.17755	1.17632	1.17638	832	0	3
2022.06.27	00:00:00	1.17321	1.17510	1.17261	1.17510	341	0	111
2022.06.27	01:00:00	1.17471	1.17640	1.17440	1.17555	1043	0	10
2022.06.27	02:00:00	1.17557	1.17654	1.17543	1.17581	2756	0	3
2022.06.27	03:00:00	1.17581	1.17623	1.17476	1.17490	2626	0	3
2022.06.27	04:00:00	1.17493	1.17621	1.17475	1.17492	2890	0	3
2022.06.27	05:00:00	1.17493	1.17639	1.17462	1.17556	2818	0	3
2022.06.27	06:00:00	1.17556	1.17583	1.17479	1.17526	2307	0	3
2022.06.27	07:00:00	1.17526	1.17579	1.17506	1.17551	1434	0	3
2022.06.27	08:00:00	1.17549	1.17672	1.17539	1.17618	2361	0	3
2022.06.27	09:00:00	1.17615	1.17649	1.17459	1.17632	3522	0	3
2022.06.27	10:00:00	1.17635	1.18025	1.17591	1.17882	5416	0	3
2022.06.27	11:00:00	1.17882	1.18020	1.17739	1.18008	4122	0	3
2022.06.27	12:00:00	1.18007	1.18031	1.17597	1.17609	3580	0	3
2022.06.27	13:00:00	1.17614	1.17703	1.17585	1.17643	3509	0	3
2022.06.27	14:00:00	1.17645	1.17722	1.17588	1.17661	3558	0	3
2022.06.27	15:00:00	1.17660	1.17781	1.17467	1.17677	4560	0	3
2022.06.27	16:00:00	1.17678	1.17699	1.17539	1.17653	5959	0	3
2022.06.27	17:00:00	1.17654	1.17747	1.17538	1.17653	6609	0	3
2022.06.27	18:00:00	1.17654	1.17727	1.17431	1.17530	4546	0	3
2022.06.27	19:00:00	1.17533	1.17566	1.17363	1.17379	3209	0	3
2022.06.27	20:00:00	1.17378	1.17436	1.17298	1.17327	2855	0	3
2022.06.27	21:00:00	1.17327	1.17411	1.17287	1.17399	2761	0	3
2022.06.27	22:00:00	1.17398	1.17427	1.17271	1.17291	2515	0	3
2022.06.27	23:00:00	1.17291	1.17331	1.17273	1.17298	955	0	3
2022.06.28	00:00:00	1.17258	1.17315	1.17218	1.17275	185	0	47
2022.06.28	01:00:00	1.17273	1.17335	1.17273	1.17283	893	0	7
2022.06.28	02:00:00	1.17284	1.17340	1.17271	1.17311	853	0	5
2022.06.28	03:00:00	1.17310	1.17376	1.17274	1.17304	2183	0	3
2022.06.28	04:00:00	1.17304	1.17356	1.17224	1.17248	2154	0	3
2022.06.28	05:00:00	1.17246	1.17323	1.17221	1.17257	1867	0	4
2022.06.28	06:00:00	1.17257	1.17342	1.17214	1.17328	1407	0	3
2022.06.28	07:00:00	1.17328	1.17348	1.17289	1.17322	636	0	3
2022.06.28	08:00:00	1.17330	1.17368	1.17296	1.17357	1057	0	3
2022.06.28	09:00:00	1.17367	1.17445	1.17188	1.17341	4135	0	3
2022.06.28	10:00:00	1.17340	1.17433	1.17068	1.17189	5782	0	3
2022.06.28	11:00:00	1.17186	1.17286	1.17033	1.17199	4722	0	3
2022.06.28	12:00:00	1.17202	1.17279	1.16937	1.17027	4165	0	3
2022.06.28	13:00:00	1.17027	1.17147	1.16969	1.17031	3983	0	3
2022.06.28	14:00:00	1.17031	1.17066	1.16910	1.17048	4273	0	3
2022.06.28	15:00:00	1.17050	1.17130	1.16835	1.16999	4835	0	3
2022.06.28	16:00:00	1.17000	1.17052	1.16841	1.17000	4853	0	3
2022.06.28	17:00:00	1.17003	1.17045	1.16701	1.16839	6726	0	3
2022.06.28	18:00:00	1.16837	1.16914	1.16581	1.16669	5475	0	3
2022.06.28	19:00:00	1.16670	1.16810	1.16591	1.16639	4108	0	3
2022.06.28	20:00:00	1.16640	1.16642	1.16512	1.16581	3773	0	3
2022.06.28	21:00:00	1.16582	1.16630	1.16539	1.16615	3743	0	3
2022.06.28	22:00:00	1.16618	1.16720	1.16577	1.16670	3093	0	3
2022.06.28	23:00:00	1.16671	1.16712	1.16587	1.16638	1757	0	3
2022.06.29	00:00:00	1.16519	1.16629	1.16519	1.16603	1007	0	49
2022.06.29	01:00:00	1.16568	1.16638	1.16557	1.16629	1426	0	7
2022.06.29	02:00:00	1.16631	1.16662	1.16574	1.16611	1061	0	3
2022.06.29	03:00:00	1.16616	1.16742	1.16587	1.16659	2222	0	3
2022.06.29	04:00:00	1.16660	1.16794	1.16636	1.16647	2391	0	3
2022.06.29	05:00:00	1.16649	1.16751	1.16584	1.16654	2163	0	3
2022.06.29	06:00:00	1.16652	1.16727	1.16611	1.16716	1633	0	3
2022.06.29	07:00:00	1.16717	1.16771	1.16645	1.16723	2171	0	3
2022.06.29	08:00:00	1.16721	1.16750	1.16621	1.16635	2175	0	3
2022.06.29	09:00:00	1.16633	1.16702	1.16349	1.16607	4665	0	3
2022.06.29	10:00:00	1.16613	1.16751	1.16462	1.16619	5622	0	3
2022.06.29	11:00:00	1.16626	1.16739	1.16277	1.16314	3462	0	3
2022.06.29	12:00:00	1.16314	1.16339	1.15947	1.15978	4941	0	3
2022.06.29	13:00:00	1.15980	1.16057	1.15571	1.15586	4949	0	3
2022.06.29	14:00:00	1.15588	1.15663	1.15407	1.15571	4318	0	3
2022.06.29	15:00:00	1.15573	1.15830	1.15568	1.15764	5545	0	3
2022.06.29	16:00:00	1.15763	1.15918	1.15399	1.15415	7228	0	3
2022.06.29	17:00:00	1.15411	1.15615	1.15388	1.15495	6882	0	3
2022.06.29	18:00:00	1.15493	1.16001	1.15487	1.15960	5534	0	3
2022.06.29	19:00:00	1.15956	1.15959	1.15752	1.15756	3624	0	3
2022.06.29	20:00:00	1.15756	1.15831	1.15725	1.15827	3115	0	3
2022.06.29	21:00:00	1.15827	1.15847	1.15726	1.15745	2787	0	3
2022.06.29	22:00:00	1.15746	1.15762	1.15644	1.15739	3098	0	3
2022.06.29	23:00:00	1.15736	1.15786	1.15705	1.15745	889	0	3
2022.06.30	00:00:00	1.15722	1.15756	1.15678	1.15684	132	0	33
2022.06.30	01:00:00	1.15681	1.15777	1.15681	1.15735	1161	0	4
2022.06.30	02:00:00	1.15743	1.15773	1.15696	1.15726	1524	0	3
2022.06.30	03:00:00	1.15725	1.15828	1.15715	1.15745	2214	0	3
2022.06.30	04:00:00	1.15752	1.15775	1.15640	1.15724	3015	0	3
2022.06.30	05:00:00	1.15727	1.15828	1.15689	1.15735	2213	0	3
2022.06.30	06:00:00	1.15737	1.15787	1.15684	1.15711	1872	0	3
2022.06.30	07:00:00	1.15711	1.15770	1.15698	1.15754	1515	0	3
2022.06.30	08:00:00	1.15754	1.15942	1.15689	1.15885	1987	0	3
2022.06.30	09:00:00	1.15882	1.16140	1.15751	1.16120	4499	0	3
2022.06.30	10:00:00	1.16117	1.16281	1.15835	1.15868	6300	0	3
2022.06.30	11:00:00	1.15868	1.16161	1.15839	1.16056	5528	0	3
2022.06.30	12:00:00	1.16056	1.16382	1.15964	1.16294	4035	0	3
2022.06.30	13:00:00	1.16296	1.16475	1.16162	1.16170	4347	0	3
2022.06.30	14:00:00	1.16168	1.16168	1.15830	1.15952	4190	0	3
2022.06.30	15:00:00	1.15951	1.16197	1.15934	1.16134	5748	0	3
2022.06.30	16:00:00	1.16134	1.16331	1.15960	1.16192	6409	0	3
2022.06.30	17:00:00	1.16189	1.16434	1.16074	1.16280	7689	0	3
2022.06.30	18:00:00	1.16276	1.16297	1.15959	1.16181	5987	0	3
2022.06.30	19:00:00	1.16179	1.16182	1.16019	1.16137	4374	0	3
2022.06.30	20:00:00	1.16138	1.16201	1.16029	1.16198	2912	0	3
2022.06.30	21:00:00	1.16204	1.16268	1.16158	1.16179	3668	0	3
2022.06.30	22:00:00	1.16179	1.16303	1.16136	1.16206	3273	0	3
2022.06.30	23:00:00	1.16201	1.16286	1.16163	1.16270	1564	0	3
2022.07.01	00:00:00	1.16227	1.16275	1.16028	1.16268	372	0	43
2022.07.01	01:00:00	1.16268	1.16268	1.16168	1.16208	1230	0	3
2022.07.01	02:00:00	1.16212	1.16235	1.16133	1.16146	1597	0	3
2022.07.01	03:00:00	1.16145	1.16173	1.16107	1.16136	1918	0	3
2022.07.01	04:00:00	1.16136	1.16153	1.16016	1.16022	2575	0	3
2022.07.01	05:00:00	1.16019	1.16080	1.15971	1.16014	2069	0	4
2022.07.01	06:00:00	1.16015	1.16032	1.15867	1.15943	2491	0	3
2022.07.01	07:00:00	1.15938	1.15979	1.15880	1.15942	2776	0	3
2022.07.01	08:00:00	1.15945	1.15975	1.15875	1.15926	2370	0	3
2022.07.01	09:00:00	1.15925	1.16009	1.15818	1.15818	4544	0	3
2022.07.01	10:00:00	1.15833	1.16081	1.15695	1.16056	6031	0	3
2022.07.01	11:00:00	1.16054	1.16113	1.15926	1.15944	5332	0	3
2022.07.01	12:00:00	1.15943	1.16016	1.15721	1.15774	4722	0	3
2022.07.01	13:00:00	1.15773	1.15876	1.15632	1.15783	4492	0	3
2022.07.01	14:00:00	1.15784	1.15839	1.15492	1.15659	5550	0	3
2022.07.01	15:00:00	1.15659	1.15736	1.15509	1.15581	5190	0	3
2022.07.01	16:00:00	1.15580	1.15649	1.15375	1.15438	6125	0	3
2022.07.01	17:00:00	1.15430	1.15634	1.15289	1.15600	8454	0	3
2022.07.01	18:00:00	1.15599	1.16051	1.15567	1.15934	6125	0	3
2022.07.01	19:00:00	1.15931	1.16086	1.15852	1.15866	4132	0	3
2022.07.01	20:00:00	1.15863	1.16002	1.15821	1.15910	3509	0	3
2022.07.01	21:00:00	1.15910	1.16169	1.15880	1.16098	2701	0	3
2022.07.01	22:00:00	1.16094	1.16158	1.16069	1.16106	2474	0	3
2022.07.01	23:00:00	1.16106	1.16154	1.16053	1.16062	602	0	3
2022.07.04	00:00:00	1.16173	1.16208	1.16058	1.16130	411	0	63
2022.07.04	01:00:00	1.16130	1.16292	1.16060	1.16118	1215	0	3
2022.07.04	02:00:00	1.16114	1.16130	1.15990	1.15990	2074	0	3
2022.07.04	03:00:00	1.15989	1.16092	1.15977	1.16026	2522	0	3
2022.07.04	04:00:00	1.16027	1.16046	1.15901	1.15955	2198	0	3
2022.07.04	05:00:00	1.15959	1.15985	1.15907	1.15944	2374	0	3
2022.07.04	06:00:00	1.15946	1.16048	1.15942	1.15949	1631	0	3
2022.07.04	07:00:00	1.15947	1.16046	1.15940	1.16007	1127	0	5
2022.07.04	08:00:00	1.16007	1.16150	1.16007	1.16046	2010	0	3
2022.07.04	09:00:00	1.16046	1.16137	1.15793	1.16045	2817	0	3
2022.07.04	10:00:00	1.16046	1.16314	1.15985	1.16305	4082	0	3
2022.07.04	11:00:00	1.16308	1.16358	1.16183	1.16358	3507	0	3
2022.07.04	12:00:00	1.16358	1.16393	1.16199	1.16289	3493	0	3
2022.07.04	13:00:00	1.16286	1.16529	1.16282	1.16466	3173	0	3
2022.07.04	14:00:00	1.16469	1.16760	1.16469	1.16721	2807	0	3
2022.07.04	15:00:00	1.16718	1.16797	1.16654	1.16762	3582	0	3
2022.07.04	16:00:00	1.16761	1.16841	1.16668	1.16681	3417	0	3
2022.07.04	17:00:00	1.16680	1.16725	1.16419	1.16479	3443	0	3
2022.07.04	18:00:00	1.16481	1.16593	1.16309	1.16311	3380	0	3
2022.07.04	19:00:00	1.16312	1.16415	1.16221	1.16405	1485	0	3
2022.07.04	20:00:00	1.16407	1.16416	1.16276	1.16292	1331	0	3
2022.07.04	21:00:00	1.16293	1.16386	1.16289	1.16386	452	0	3
2022.07.04	22:00:00	1.16385	1.16397	1.16328	1.16368	380	0	3
2022.07.04	23:00:00	1.16374	1.16399	1.16283	1.16319	557	0	3
2022.07.05	00:00:00	1.16286	1.16293	1.16247	1.16275	81	0	74
2022.07.05	01:00:00	1.16256	1.16380	1.16256	1.16336	1071	0	3
2022.07.05	02:00:00	1.16337	1.16423	1.16328	1.16402	2103	0	3
2022.07.05	03:00:00	1.16403	1.16415	1.16288	1.16367	3242	0	3
2022.07.05	04:00:00	1.16365	1.16484	1.16313	1.16449	2928	0	3
2022.07.05	05:00:00	1.16451	1.16451	1.16321	1.16382	1948	0	3
2022.07.05	06:00:00	1.16383	1.16403	1.16349	1.16354	2093	0	3
2022.07.05	07:00:00	1.16352	1.16376	1.16293	1.16332	1677	0	3
2022.07.05	08:00:00	1.16331	1.16439	1.16312	1.16421	1897	0	3
2022.07.05	09:00:00	1.16423	1.16426	1.16244	1.16297	3153	0	3
2022.07.05	10:00:00	1.16297	1.16336	1.15959	1.16102	5932	0	3
2022.07.05	11:00:00	1.16101	1.16219	1.15927	1.16148	6142	0	3
2022.07.05	12:00:00	1.16151	1.16244	1.15969	1.16110	5790	0	3
2022.07.05	13:00:00	1.16112	1.16236	1.15948	1.16029	5032	0	3
2022.07.05	14:00:00	1.16026	1.16124	1.15779	1.15821	4631	0	3
2022.07.05	15:00:00	1.15820	1.15847	1.15589	1.15642	6246	0	3
2022.07.05	16:00:00	1.15642	1.15776	1.15422	1.15675	6730	0	3
2022.07.05	17:00:00	1.15674	1.15948	1.15568	1.15619	7110	0	3
2022.07.05	18:00:00	1.15619	1.15666	1.15356	1.15635	5342	0	3
2022.07.05	19:00:00	1.15639	1.15718	1.15463	1.15608	3876	0	3
2022.07.05	20:00:00	1.15606	1.15685	1.15553	1.15621	4282	0	3
2022.07.05	21:00:00	1.15620	1.15765	1.15597	1.15721	3140	0	3
2022.07.05	22:00:00	1.15724	1.15794	1.15715	1.15773	3411	0	3
2022.07.05	23:00:00	1.15778	1.15837	1.15762	1.15814	930	0	3
2022.07.06	00:00:00	1.15620	1.15776	1.15620	1.15740	657	0	49
2022.07.06	01:00:00	1.15738	1.15814	1.15734	1.15794	1230	0	4
2022.07.06	02:00:00	1.15794	1.15805	1.15679	1.15743	1613	0	3
2022.07.06	03:00:00	1.15743	1.15856	1.15691	1.15832	2536	0	3
2022.07.06	04:00:00	1.15832	1.15874	1.15714	1.15795	2875	0	3
2022.07.06	05:00:00	1.15797	1.15830	1.15740	1.15765	2407	0	3
2022.07.06	06:00:00	1.15766	1.15818	1.15732	1.15776	2094	0	3
2022.07.06	07:00:00	1.15771	1.15796	1.15540	1.15583	1876	0	3
2022.07.06	08:00:00	1.15587	1.15590	1.15417	1.15475	2436	0	3
2022.07.06	09:00:00	1.15479	1.15746	1.15316	1.15705	4725	0	3
2022.07.06	10:00:00	1.15705	1.16115	1.15701	1.15902	5965	0	3
2022.07.06	11:00:00	1.15903	1.16017	1.15783	1.15912	5952	0	3
2022.07.06	12:00:00	1.15913	1.15952	1.15616	1.15845	5613	0	3
2022.07.06	13:00:00	1.15846	1.15989	1.15762	1.15811	4925	0	3
2022.07.06	14:00:00	1.15811	1.15840	1.15532	1.15585	4818	0	3
2022.07.06	15:00:00	1.15585	1.15649	1.15433	1.15565	6298	0	3
2022.07.06	16:00:00	1.15564	1.15798	1.15542	1.15765	6752	0	3
2022.07.06	17:00:00	1.15765	1.15949	1.15437	1.15550	8553	0	3
2022.07.06	18:00:00	1.15553	1.15703	1.15450	1.15681	6737	0	3
2022.07.06	19:00:00	1.15676	1.15728	1.15532	1.15684	4818	0	3
2022.07.06	20:00:00	1.15685	1.15878	1.15677	1.15759	4086	0	3
2022.07.06	21:00:00	1.15762	1.15917	1.15734	1.15828	7132	0	3
2022.07.06	22:00:00	1.15826	1.15904	1.15740	1.15743	3976	0	3
2022.07.06	23:00:00	1.15749	1.15778	1.15683	1.15723	1704	0	3
2022.07.07	00:00:00	1.15492	1.15737	1.15467	1.15538	474	0	77
2022.07.07	01:00:00	1.15537	1.15725	1.15537	1.15663	1398	0	3
2022.07.07	02:00:00	1.15665	1.15752	1.15626	1.15674	1476	0	4
2022.07.07	03:00:00	1.15674	1.15767	1.15591	1.15687	2264	0	3
2022.07.07	04:00:00	1.15690	1.15699	1.15561	1.15636	3018	0	3
2022.07.07	05:00:00	1.15634	1.15790	1.15626	1.15781	3101	0	3
2022.07.07	06:00:00	1.15781	1.15817	1.15735	1.15767	2470	0	3
2022.07.07	07:00:00	1.15765	1.15802	1.15698	1.15746	1446	0	3
2022.07.07	08:00:00	1.15746	1.15874	1.15735	1.15758	1860	0	3
2022.07.07	09:00:00	1.15756	1.15960	1.15737	1.15923	3376	0	3
2022.07.07	10:00:00	1.15922	1.16163	1.15786	1.15926	5630	0	3
2022.07.07	11:00:00	1.15921	1.16377	1.15908	1.16270	5675	0	3
2022.07.07	12:00:00	1.16266	1.16671	1.16206	1.16671	5848	0	3
2022.07.07	13:00:00	1.16672	1.16841	1.16612	1.16646	5031	0	3
2022.07.07	14:00:00	1.16645	1.16673	1.16359	1.16469	5207	0	3
2022.07.07	15:00:00	1.16471	1.16547	1.16354	1.16542	4626	0	3
2022.07.07	16:00:00	1.16538	1.16794	1.16258	1.16782	6122	0	3
2022.07.07	17:00:00	1.16780	1.16801	1.16615	1.16758	6097	0	3
2022.07.07	18:00:00	1.16754	1.16844	1.16648	1.16756	4750	0	3
2022.07.07	19:00:00	1.16754	1.17002	1.16738	1.16956	3216	0	3
2022.07.07	20:00:00	1.16958	1.17049	1.16899	1.17046	3480	0	3
2022.07.07	21:00:00	1.17046	1.17115	1.17020	1.17085	2762	0	3
2022.07.07	22:00:00	1.17089	1.17225	1.17081	1.17137	2513	0	3
2022.07.07	23:00:00	1.17136	1.17145	1.17086	1.17114	974	0	3
2022.07.08	00:00:00	1.17018	1.17078	1.16968	1.17069	356	0	48
2022.07.08	01:00:00	1.17072	1.17208	1.17028	1.17118	1199	0	3
2022.07.08	02:00:00	1.17119	1.17145	1.17063	1.17142	2134	0	3
2022.07.08	03:00:00	1.17142	1.17274	1.17123	1.17225	2321	0	3
2022.07.08	04:00:00	1.17226	1.17253	1.17122	1.17151	2478	0	3
2022.07.08	05:00:00	1.17151	1.17198	1.17046	1.17102	2467	0	3
2022.07.08	06:00:00	1.17100	1.17116	1.16994	1.17050	4008	0	3
2022.07.08	07:00:00	1.17050	1.17087	1.16917	1.17001	2360	0	3
2022.07.08	08:00:00	1.17002	1.17002	1.16888	1.16936	2571	0	3
2022.07.08	09:00:00	1.16938	1.16968	1.16827	1.16898	3691	0	3
2022.07.08	10:00:00	1.16898	1.17047	1.16744	1.16756	6727	0	3
2022.07.08	11:00:00	1.16757	1.16810	1.16579	1.16613	5316	0	3
2022.07.08	12:00:00	1.16612	1.16959	1.16564	1.16783	4745	0	3
2022.07.08	13:00:00	1.16782	1.17147	1.16766	1.17084	4816	0	3
2022.07.08	14:00:00	1.17086	1.17228	1.17042	1.17118	4449	0	3
2022.07.08	15:00:00	1.17117	1.17331	1.17001	1.17210	7397	0	3
2022.07.08	16:00:00	1.17211	1.17379	1.17142	1.17262	6992	0	3
2022.07.08	17:00:00	1.17261	1.17463	1.17161	1.17390	6517	0	3
2022.07.08	18:00:00	1.17388	1.17679	1.17373	1.17669	4812	0	3
2022.07.08	19:00:00	1.17668	1.17772	1.17562	1.17568	3121	0	3
2022.07.08	20:00:00	1.17567	1.17667	1.17513	1.17627	2715	0	3
2022.07.08	21:00:00	1.17627	1.17640	1.17530	1.17554	2144	0	3
2022.07.08	22:00:00	1.17554	1.17559	1.17390	1.17502	1848	0	3
2022.07.08	23:00:00	1.17504	1.17540	1.17419	1.17515	1138	0	3
2022.07.11	00:00:00	1.17267	1.17499	1.17264	1.17478	264	0	129
2022.07.11	01:00:00	1.17637	1.17656	1.17494	1.17496	1135	0	3
2022.07.11	02:00:00	1.17496	1.17548	1.17462	1.17496	1219	0	3
2022.07.11	03:00:00	1.17500	1.17555	1.17492	1.17550	2436	0	3
2022.07.11	04:00:00	1.17548	1.17549	1.17336	1.17355	2759	0	3
2022.07.11	05:00:00	1.17355	1.17360	1.17262	1.17262	2691	0	3
2022.07.11	06:00:00	1.17262	1.17297	1.17218	1.17279	2273	0	3
2022.07.11	07:00:00	1.17280	1.17305	1.17254	1.17275	1723	0	3
2022.07.11	08:00:00	1.17273	1.17328	1.17220	1.17253	2047	0	3
2022.07.11	09:00:00	1.17255	1.17354	1.17197	1.17270	3981	0	3
2022.07.11	10:00:00	1.17272	1.17350	1.17049	1.17121	5483	0	3
2022.07.11	11:00:00	1.17125	1.17259	1.17090	1.17195	4565	0	3
2022.07.11	12:00:00	1.17198	1.17306	1.17073	1.17242	3709	0	3
2022.07.11	13:00:00	1.17240	1.17289	1.17123	1.17217	3688	0	3
2022.07.11	14:00:00	1.17213	1.17343	1.17077	1.17091	4305	0	3
2022.07.11	15:00:00	1.17096	1.17198	1.16846	1.17018	5188	0	3
2022.07.11	16:00:00	1.17018	1.17121	1.16740	1.16852	7251	0	3
2022.07.11	17:00:00	1.16851	1.16851	1.16386	1.16449	6514	0	3
2022.07.11	18:00:00	1.16459	1.16624	1.16357	1.16602	5184	0	3
2022.07.11	19:00:00	1.16615	1.16635	1.16460	1.16460	3443	0	3
2022.07.11	20:00:00	1.16463	1.16619	1.16431	1.16584	3457	0	3
2022.07.11	21:00:00	1.16586	1.16610	1.16521	1.16584	2854	0	3
2022.07.11	22:00:00	1.16580	1.16813	1.16555	1.16784	3524	0	3
2022.07.11	23:00:00	1.16782	1.16989	1.16735	1.16876	1516	0	3
2022.07.12	00:00:00	1.16748	1.16896	1.16748	1.16873	1103	0	61
2022.07.12	01:00:00	1.16872	1.16952	1.16826	1.16847	1761	0	3
2022.07.12	02:00:00	1.16852	1.16967	1.16846	1.16965	1222	0	4
2022.07.12	03:00:00	1.16965	1.16992	1.16767	1.16801	2581	0	3
2022.07.12	04:00:00	1.16802	1.16855	1.16715	1.16805	4374	0	3
2022.07.12	05:00:00	1.16805	1.16842	1.16747	1.16757	2980	0	4
2022.07.12	06:00:00	1.16755	1.16779	1.16712	1.16745	2488	0	3
2022.07.12	07:00:00	1.16742	1.16760	1.16691	1.16695	1723	0	3
2022.07.12	08:00:00	1.16697	1.16777	1.16666	1.16687	2620	0	3
2022.07.12	09:00:00	1.16682	1.16825	1.16566	1.16787	4618	0	3
2022.07.12	10:00:00	1.16788	1.16834	1.16409	1.16513	6570	0	3
2022.07.12	11:00:00	1.16513	1.16560	1.16133	1.16486	5621	0	3
2022.07.12	12:00:00	1.16487	1.16572	1.16400	1.16572	5325	0	3
2022.07.12	13:00:00	1.16572	1.16741	1.16567	1.16683	4576	0	3
2022.07.12	14:00:00	1.16683	1.16816	1.16456	1.16456	5431	0	3
2022.07.12	15:00:00	1.16456	1.16629	1.16456	1.16565	5648	0	3
2022.07.12	16:00:00	1.16565	1.16806	1.16489	1.16707	6181	0	3
2022.07.12	17:00:00	1.16706	1.16706	1.16454	1.16638	6349	0	3
2022.07.12	18:00:00	1.16635	1.16878	1.16631	1.16836	4604	0	3
2022.07.12	19:00:00	1.16834	1.16938	1.16751	1.16887	3566	0	3
2022.07.12	20:00:00	1.16887	1.16901	1.16792	1.16842	3000	0	3
2022.07.12	21:00:00	1.16841	1.16857	1.16783	1.16829	2809	0	3
2022.07.12	22:00:00	1.16830	1.16837	1.16680	1.16762	2747	0	3
2022.07.12	23:00:00	1.16762	1.16815	1.16662	1.16681	936	0	3
2022.07.13	02:00:00	1.16624	1.16634	1.16610	1.16631	165	0	7
2022.07.13	03:00:00	1.16633	1.16738	1.16630	1.16696	2590	0	3
2022.07.13	04:00:00	1.16696	1.16756	1.16641	1.16699	2625	0	3
2022.07.13	05:00:00	1.16699	1.16953	1.16698	1.16922	2082	0	3
2022.07.13	06:00:00	1.16926	1.16960	1.16871	1.16898	2185	0	3
2022.07.13	07:00:00	1.16900	1.16924	1.16838	1.16873	1153	0	3
2022.07.13	08:00:00	1.16874	1.16964	1.16772	1.16796	2186	0	3
2022.07.13	09:00:00	1.16801	1.17127	1.16792	1.16975	5381	0	3
2022.07.13	10:00:00	1.16975	1.17069	1.16468	1.16544	6376	0	3
2022.07.13	11:00:00	1.16543	1.16638	1.16222	1.16377	5322	0	3
2022.07.13	12:00:00	1.16375	1.16510	1.16217	1.16396	4179	0	3
2022.07.13	13:00:00	1.16397	1.16554	1.16351	1.16487	3324	0	3
2022.07.13	14:00:00	1.16488	1.16543	1.16368	1.16455	3266	0	3
2022.07.13	15:00:00	1.16453	1.16582	1.15994	1.16253	7279	0	3
2022.07.13	16:00:00	1.16250	1.16643	1.16223	1.16511	8473	0	3
2022.07.13	17:00:00	1.16511	1.16853	1.16139	1.16713	9098	0	3
2022.07.13	18:00:00	1.16717	1.16826	1.16471	1.16609	5986	0	3
2022.07.13	19:00:00	1.16609	1.16648	1.16490	1.16515	5175	0	3
2022.07.13	20:00:00	1.16516	1.16626	1.16499	1.16540	4034	0	3
2022.07.13	21:00:00	1.16542	1.16628	1.16508	1.16596	4693	0	3
2022.07.13	22:00:00	1.16598	1.16614	1.16417	1.16428	3507	0	3
2022.07.13	23:00:00	1.16424	1.16455	1.16345	1.16396	1702	0	3
2022.07.14	00:00:00	1.16162	1.16385	1.16154	1.16385	219	0	92
2022.07.14	01:00:00	1.16368	1.16413	1.16330	1.16330	898	0	9
2022.07.14	02:00:00	1.16329	1.16373	1.16262	1.16363	1752	0	3
2022.07.14	03:00:00	1.16365	1.16416	1.16313	1.16370	3163	0	3
2022.07.14	04:00:00	1.16370	1.16467	1.16359	1.16431	3326	0	3
2022.07.14	05:00:00	1.16435	1.16555	1.16433	1.16551	3426	0	3
2022.07.14	06:00:00	1.16557	1.16637	1.16498	1.16517	2376	0	3
2022.07.14	07:00:00	1.16520	1.16529	1.16449	1.16487	1859	0	3
2022.07.14	08:00:00	1.16487	1.16538	1.16378	1.16428	2639	0	3
2022.07.14	09:00:00	1.16433	1.16487	1.16249	1.16451	4759	0	3
2022.07.14	10:00:00	1.16452	1.16825	1.16359	1.16786	7001	0	3
2022.07.14	11:00:00	1.16784	1.16868	1.16541	1.16581	6235	0	3
2022.07.14	12:00:00	1.16578	1.16782	1.16570	1.16674	5828	0	3
2022.07.14	13:00:00	1.16676	1.16750	1.16389	1.16390	5568	0	3
2022.07.14	14:00:00	1.16389	1.16436	1.16197	1.16269	4924	0	3
2022.07.14	15:00:00	1.16273	1.16542	1.16241	1.16353	4375	0	3
2022.07.14	16:00:00	1.16350	1.16486	1.16147	1.16227	7288	0	3
2022.07.14	17:00:00	1.16222	1.16397	1.16080	1.16137	7254	0	3
2022.07.14	18:00:00	1.16138	1.16357	1.16050	1.16239	7224	0	3
2022.07.14	19:00:00	1.16244	1.16275	1.16040	1.16059	6014	0	3
2022.07.14	20:00:00	1.16058	1.16160	1.15972	1.16139	5666	0	3
2022.07.14	21:00:00	1.16139	1.16322	1.16132	1.16310	5614	0	3
2022.07.14	22:00:00	1.16321	1.16331	1.16196	1.16314	4628	0	3
2022.07.14	23:00:00	1.16312	1.16356	1.16277	1.16317	1421	0	3
2022.07.15	00:00:00	1.16195	1.16310	1.16135	1.16293	222	0	50
2022.07.15	01:00:00	1.16280	1.16365	1.16280	1.16321	969	0	3
2022.07.15	02:00:00	1.16322	1.16389	1.16297	1.16383	1373	0	3
2022.07.15	03:00:00	1.16388	1.16388	1.16153	1.16199	2937	0	3
2022.07.15	04:00:00	1.16200	1.16299	1.16188	1.16274	1756	0	3
2022.07.15	05:00:00	1.16275	1.16309	1.16168	1.16207	1624	0	3
2022.07.15	06:00:00	1.16208	1.16294	1.16196	1.16277	2017	0	3
2022.07.15	07:00:00	1.16276	1.16295	1.16238	1.16259	1269	0	3
2022.07.15	08:00:00	1.16257	1.16369	1.16216	1.16230	2270	0	3
2022.07.15	09:00:00	1.16230	1.16330	1.16076	1.16083	4281	0	3
2022.07.15	10:00:00	1.16086	1.16199	1.16009	1.16026	5268	0	3
2022.07.15	11:00:00	1.16031	1.16175	1.15921	1.15938	4842	0	3
2022.07.15	12:00:00	1.15936	1.15989	1.15818	1.15948	4379	0	3
2022.07.15	13:00:00	1.15949	1.16108	1.15824	1.15975	4253	0	3
2022.07.15	14:00:00	1.15976	1.16013	1.15831	1.15884	4057	0	3
2022.07.15	15:00:00	1.15885	1.16009	1.15696	1.15801	5938	0	3
2022.07.15	16:00:00	1.15799	1.16078	1.15762	1.16051	7026	0	3
2022.07.15	17:00:00	1.16031	1.16253	1.16003	1.16040	7522	0	3
2022.07.15	18:00:00	1.16038	1.16116	1.15936	1.15949	5276	0	3
2022.07.15	19:00:00	1.15948	1.15980	1.15870	1.15922	3734	0	3
2022.07.15	20:00:00	1.15919	1.15945	1.15824	1.15945	3133	0	3
2022.07.15	21:00:00	1.15946	1.16019	1.15931	1.15966	2413	0	3
2022.07.15	22:00:00	1.15966	1.15990	1.15899	1.15936	2216	0	3
2022.07.15	23:00:00	1.15935	1.15955	1.15832	1.15847	896	0	5
2022.07.18	00:00:00	1.15877	1.15888	1.15777	1.15855	212	0	152
2022.07.18	01:00:00	1.15838	1.15931	1.15782	1.15923	804	0	3
2022.07.18	02:00:00	1.15925	1.16009	1.15885	1.15984	1956	0	3
2022.07.18	03:00:00	1.15984	1.15985	1.15811	1.15865	1938	0	3
2022.07.18	04:00:00	1.15864	1.15954	1.15862	1.15910	1584	0	3
2022.07.18	05:00:00	1.15908	1.15977	1.15877	1.15971	2092	0	3
2022.07.18	06:00:00	1.15970	1.16080	1.15966	1.16068	1938	0	3
2022.07.18	07:00:00	1.16068	1.16073	1.15976	1.16020	1383	0	3
2022.07.18	08:00:00	1.16020	1.16063	1.15964	1.16063	2371	0	3
2022.07.18	09:00:00	1.16055	1.16286	1.15923	1.16279	4108	0	3
2022.07.18	10:00:00	1.16275	1.16496	1.16212	1.16490	5509	0	3
2022.07.18	11:00:00	1.16490	1.16651	1.16261	1.16416	4958	0	3
2022.07.18	12:00:00	1.16415	1.16800	1.16411	1.16722	5011	0	3
2022.07.18	13:00:00	1.16726	1.16986	1.16625	1.16970	4138	0	3
2022.07.18	14:00:00	1.16979	1.17012	1.16822	1.16920	4685	0	3
2022.07.18	15:00:00	1.16925	1.17129	1.16883	1.17107	5198	0	3
2022.07.18	16:00:00	1.17106	1.17153	1.16999	1.17004	6095	0	3
2022.07.18	17:00:00	1.17003	1.17181	1.16919	1.17087	6417	0	3
2022.07.18	18:00:00	1.17088	1.17185	1.17053	1.17053	4700	0	3
2022.07.18	19:00:00	1.17052	1.17100	1.16898	1.16928	2870	0	3
2022.07.18	20:00:00	1.16928	1.16936	1.16842	1.16846	3323	0	3
2022.07.18	21:00:00	1.16846	1.16902	1.16769	1.16809	2821	0	3
2022.07.18	22:00:00	1.16807	1.16862	1.16769	1.16841	3260	0	3
2022.07.18	23:00:00	1.16840	1.16875	1.16800	1.16815	867	0	3
2022.07.19	00:00:00	1.16718	1.16844	1.16687	1.16788	954	0	83
2022.07.19	01:00:00	1.16764	1.16875	1.16764	1.16824	1193	0	3
2022.07.19	02:00:00	1.16824	1.16843	1.16782	1.16805	1546	0	3
2022.07.19	03:00:00	1.16803	1.16845	1.16717	1.16758	1763	0	3
2022.07.19	04:00:00	1.16758	1.16799	1.16699	1.16702	2059	0	3
2022.07.19	05:00:00	1.16706	1.16771	1.16678	1.16758	1404	0	4
2022.07.19	06:00:00	1.16762	1.16787	1.16732	1.16766	1406	0	3
2022.07.19	07:00:00	1.16767	1.16785	1.16694	1.16751	1687	0	3
2022.07.19	08:00:00	1.16753	1.16778	1.16684	1.16773	2147	0	3
2022.07.19	09:00:00	1.16775	1.16904	1.16618	1.16653	3060	0	3
2022.07.19	10:00:00	1.16652	1.16742	1.16412	1.16533	6368	0	3
2022.07.19	11:00:00	1.16533	1.16631	1.16442	1.16604	5442	0	3
2022.07.19	12:00:00	1.16604	1.16651	1.16440	1.16498	5654	0	3
2022.07.19	13:00:00	1.16496	1.16528	1.16295	1.16353	5550	0	3
2022.07.19	14:00:00	1.16352	1.16437	1.16277	1.16341	3536	0	3
2022.07.19	15:00:00	1.16342	1.16356	1.16196	1.16257	5022	0	3
2022.07.19	16:00:00	1.16255	1.16357	1.16173	1.16217	5716	0	3
2022.07.19	17:00:00	1.16216	1.16505	1.16163	1.16470	7279	0	3
2022.07.19	18:00:00	1.16471	1.16584	1.16288	1.16402	4564	0	3
2022.07.19	19:00:00	1.16403	1.16455	1.16256	1.16269	2968	0	3
2022.07.19	20:00:00	1.16269	1.16294	1.16214	1.16236	2180	0	3
2022.07.19	21:00:00	1.16237	1.16250	1.16157	1.16235	3183	0	3
2022.07.19	22:00:00	1.16235	1.16309	1.16175	1.16282	3717	0	3
2022.07.19	23:00:00	1.16282	1.16318	1.16246	1.16253	636	0	3
2022.07.20	00:00:00	1.16253	1.16253	1.16070	1.16208	1090	0	19
2022.07.20	01:00:00	1.16194	1.16313	1.16194	1.16292	1594	0	11
2022.07.20	02:00:00	1.16292	1.16339	1.16248	1.16292	1466	0	3
2022.07.20	03:00:00	1.16294	1.16427	1.16277	1.16343	1624	0	3
2022.07.20	04:00:00	1.16345	1.16379	1.16271	1.16374	1725	0	3
2022.07.20	05:00:00	1.16374	1.16495	1.16360	1.16453	791	0	3
2022.07.20	06:00:00	1.16453	1.16471	1.16421	1.16445	785	0	3
2022.07.20	07:00:00	1.16445	1.16547	1.16437	1.16513	1036	0	3
2022.07.20	08:00:00	1.16513	1.16600	1.16483	1.16531	1457	0	3
2022.07.20	09:00:00	1.16529	1.16624	1.16153	1.16274	3779	0	3
2022.07.20	10:00:00	1.16276	1.16451	1.16221	1.16288	5760	0	3
2022.07.20	11:00:00	1.16292	1.16458	1.16285	1.16396	4676	0	3
2022.07.20	12:00:00	1.16397	1.16533	1.16331	1.16449	3851	0	3
2022.07.20	13:00:00	1.16450	1.16538	1.16187	1.16259	5334	0	3
2022.07.20	14:00:00	1.16261	1.16349	1.16119	1.16132	5156	0	3
2022.07.20	15:00:00	1.16136	1.16286	1.16073	1.16235	5655	0	3
2022.07.20	16:00:00	1.16234	1.16316	1.16121	1.16212	5735	0	3
2022.07.20	17:00:00	1.16214	1.16474	1.16150	1.16417	6019	0	3
2022.07.20	18:00:00	1.16414	1.16594	1.16386	1.16521	4074	0	3
2022.07.20	19:00:00	1.16522	1.16576	1.16444	1.16495	3190	0	3
2022.07.20	20:00:00	1.16494	1.16506	1.16259	1.16292	4975	0	3
2022.07.20	21:00:00	1.16292	1.16417	1.16281	1.16323	2529	0	3
2022.07.20	22:00:00	1.16323	1.16458	1.16316	1.16427	2009	0	3
2022.07.20	23:00:00	1.16426	1.16443	1.16339	1.16362	966	0	3
2022.07.21	00:00:00	1.16362	1.16368	1.16212	1.16329	204	0	12
2022.07.21	01:00:00	1.16325	1.16360	1.16284	1.16337	1904	0	3
2022.07.21	02:00:00	1.16340	1.16347	1.16249	1.16276	1105	0	3
2022.07.21	03:00:00	1.16276	1.16305	1.16243	1.16273	1673	0	3
2022.07.21	04:00:00	1.16273	1.16408	1.16245	1.16400	2428	0	3
2022.07.21	05:00:00	1.16400	1.16402	1.16290	1.16295	1614	0	3
2022.07.21	06:00:00	1.16294	1.16338	1.16252	1.16269	1785	0	3
2022.07.21	07:00:00	1.16269	1.16367	1.16245	1.16356	1090	0	3
2022.07.21	08:00:00	1.16356	1.16389	1.16315	1.16327	1717	0	3
2022.07.21	09:00:00	1.16340	1.16549	1.16305	1.16543	3449	0	3
2022.07.21	10:00:00	1.16543	1.16543	1.16196	1.16246	5967	0	3
2022.07.21	11:00:00	1.16245	1.16258	1.16041	1.16096	5624	0	3
2022.07.21	12:00:00	1.16097	1.16131	1.15936	1.16065	4677	0	3
2022.07.21	13:00:00	1.16064	1.16363	1.16057	1.16349	3436	0	3
2022.07.21	14:00:00	1.16352	1.16396	1.15986	1.15998	4064	0	3
2022.07.21	15:00:00	1.15996	1.16080	1.15741	1.15913	7930	0	3
2022.07.21	16:00:00	1.15912	1.15965	1.15490	1.15831	8756	0	3
2022.07.21	17:00:00	1.15832	1.15922	1.15721	1.15848	7631	0	3
2022.07.21	18:00:00	1.15847	1.16055	1.15816	1.16019	5738	0	3
2022.07.21	19:00:00	1.16018	1.16021	1.15857	1.15891	3311	0	3
2022.07.21	20:00:00	1.15892	1.15991	1.15859	1.15880	3630	0	3
2022.07.21	21:00:00	1.15879	1.15955	1.15828	1.15885	3212	0	3
2022.07.21	22:00:00	1.15889	1.15926	1.15840	1.15901	3330	0	3
2022.07.21	23:00:00	1.15903	1.15962	1.15852	1.15957	1546	0	3
2022.07.22	00:00:00	1.15780	1.15965	1.15780	1.15883	1423	0	31
2022.07.22	01:00:00	1.15917	1.15969	1.15904	1.15921	1328	0	3
2022.07.22	02:00:00	1.15922	1.15953	1.15886	1.15920	1649	0	3
2022.07.22	03:00:00	1.15921	1.15931	1.15834	1.15930	2117	0	3
2022.07.22	04:00:00	1.15932	1.15952	1.15871	1.15896	1657	0	3
2022.07.22	05:00:00	1.15896	1.15932	1.15869	1.15925	1906	0	3
2022.07.22	06:00:00	1.15922	1.15946	1.15821	1.15840	1192	0	3
2022.07.22	07:00:00	1.15837	1.15889	1.15809	1.15849	625	0	3
2022.07.22	08:00:00	1.15849	1.15882	1.15782	1.15805	1141	0	3
2022.07.22	09:00:00	1.15806	1.15920	1.15771	1.15914	2879	0	3
2022.07.22	10:00:00	1.15916	1.15969	1.15549	1.15562	6067	0	3
2022.07.22	11:00:00	1.15560	1.15798	1.15469	1.15730	4942	0	3
2022.07.22	12:00:00	1.15730	1.15756	1.15495	1.15506	5376	0	3
2022.07.22	13:00:00	1.15506	1.15557	1.15306	1.15446	3704	0	3
2022.07.22	14:00:00	1.15449	1.15477	1.15293	1.15330	4858	0	3
2022.07.22	15:00:00	1.15330	1.15554	1.15250	1.15526	5219	0	3
2022.07.22	16:00:00	1.15526	1.15734	1.15370	1.15660	6350	0	3
2022.07.22	17:00:00	1.15663	1.15815	1.15641	1.15675	8141	0	3
2022.07.22	18:00:00	1.15674	1.15695	1.15472	1.15541	5591	0	3
2022.07.22	19:00:00	1.15541	1.15544	1.15423	1.15503	3235	0	3
2022.07.22	20:00:00	1.15501	1.15529	1.15393	1.15522	2932	0	3
2022.07.22	21:00:00	1.15523	1.15524	1.15380	1.15431	4167	0	3
2022.07.22	22:00:00	1.15428	1.15469	1.15386	1.15418	587	0	3
2022.07.25	00:00:00	1.15466	1.15536	1.15300	1.15333	258	0	279
2022.07.25	01:00:00	1.15386	1.15558	1.15334	1.15491	911	0	3
2022.07.25	02:00:00	1.15489	1.15509	1.15442	1.15447	1490	0	3
2022.07.25	03:00:00	1.15448	1.15543	1.15342	1.15359	2646	0	3
2022.07.25	04:00:00	1.15359	1.15427	1.15328	1.15405	3198	0	3
2022.07.25	05:00:00	1.15408	1.15442	1.15370	1.15402	2271	0	3
2022.07.25	06:00:00	1.15402	1.15490	1.15389	1.15470	1920	0	3
2022.07.25	07:00:00	1.15467	1.15474	1.15377	1.15390	1440	0	4
2022.07.25	08:00:00	1.15390	1.15396	1.15332	1.15354	1726	0	3
2022.07.25	09:00:00	1.15359	1.15641	1.15339	1.15635	3966	0	3
2022.07.25	10:00:00	1.15635	1.15788	1.15533	1.15783	4937	0	3
2022.07.25	11:00:00	1.15782	1.15888	1.15683	1.15886	5899	0	3
2022.07.25	12:00:00	1.15882	1.16064	1.15851	1.15943	4882	0	3
2022.07.25	13:00:00	1.15941	1.16134	1.15834	1.16129	3318	0	3
2022.07.25	14:00:00	1.16127	1.16371	1.16097	1.16252	3406	0	3
2022.07.25	15:00:00	1.16252	1.16419	1.16246	1.16337	4346	0	3
2022.07.25	16:00:00	1.16336	1.16471	1.16306	1.16351	4591	0	3
2022.07.25	17:00:00	1.16348	1.16410	1.16109	1.16219	6148	0	3
2022.07.25	18:00:00	1.16215	1.16290	1.16141	1.16220	4239	0	3
2022.07.25	19:00:00	1.16219	1.16329	1.16189	1.16312	2715	0	3
2022.07.25	20:00:00	1.16310	1.16326	1.16215	1.16277	2553	0	3
2022.07.25	21:00:00	1.16277	1.16315	1.16211	1.16225	1766	0	3
2022.07.25	22:00:00	1.16227	1.16241	1.16181	1.16215	1254	0	3
2022.07.25	23:00:00	1.16215	1.16247	1.16191	1.16219	666	0	3
2022.07.26	00:00:00	1.16123	1.16187	1.16123	1.16164	93	0	41
2022.07.26	01:00:00	1.16162	1.16235	1.16116	1.16195	558	0	3
2022.07.26	02:00:00	1.16204	1.16261	1.16200	1.16236	1084	0	3
2022.07.26	03:00:00	1.16236	1.16298	1.16175	1.16198	1621	0	3
2022.07.26	04:00:00	1.16196	1.16341	1.16193	1.16315	2421	0	3
2022.07.26	05:00:00	1.16317	1.16434	1.16287	1.16384	1347	0	3
2022.07.26	06:00:00	1.16382	1.16391	1.16305	1.16331	1440	0	3
2022.07.26	07:00:00	1.16332	1.16339	1.16298	1.16328	1068	0	4
2022.07.26	08:00:00	1.16326	1.16374	1.16273	1.16279	1405	0	3
2022.07.26	09:00:00	1.16281	1.16400	1.16202	1.16253	2502	0	3
2022.07.26	10:00:00	1.16252	1.16294	1.16154	1.16197	5011	0	3
2022.07.26	11:00:00	1.16198	1.16224	1.15963	1.16021	4203	0	3
2022.07.26	12:00:00	1.16021	1.16115	1.15961	1.16032	3412	0	3
2022.07.26	13:00:00	1.16033	1.16046	1.15521	1.15768	4726	0	3
2022.07.26	14:00:00	1.15768	1.15809	1.15491	1.15559	3644	0	3
2022.07.26	15:00:00	1.15559	1.15715	1.15433	1.15693	3932	0	3
2022.07.26	16:00:00	1.15695	1.15877	1.15613	1.15763	5325	0	3
2022.07.26	17:00:00	1.15760	1.15936	1.15577	1.15929	6226	0	3
2022.07.26	18:00:00	1.15933	1.15985	1.15789	1.15948	3783	0	3
2022.07.26	19:00:00	1.15948	1.15956	1.15717	1.15738	2883	0	3
2022.07.26	20:00:00	1.15740	1.15934	1.15712	1.15905	2425	0	3
2022.07.26	21:00:00	1.15905	1.15953	1.15792	1.15826	1354	0	3
2022.07.26	22:00:00	1.15828	1.15854	1.15751	1.15754	2604	0	3
2022.07.26	23:00:00	1.15753	1.15885	1.15752	1.15839	1163	0	3
2022.07.27	00:00:00	1.15690	1.15813	1.15626	1.15774	395	0	64
2022.07.27	01:00:00	1.15803	1.15878	1.15781	1.15858	864	0	3
2022.07.27	02:00:00	1.15861	1.15876	1.15809	1.15824	745	0	3
2022.07.27	03:00:00	1.15823	1.15964	1.15823	1.15895	2015	0	3
2022.07.27	04:00:00	1.15897	1.15911	1.15833	1.15879	2718	0	3
2022.07.27	05:00:00	1.15883	1.15956	1.15883	1.15919	1441	0	3
2022.07.27	06:00:00	1.15919	1.15995	1.15855	1.15922	1090	0	3
2022.07.27	07:00:00	1.15921	1.15970	1.15888	1.15970	1025	0	3
2022.07.27	08:00:00	1.15970	1.15992	1.15896	1.15964	1277	0	5
2022.07.27	09:00:00	1.15965	1.16054	1.15841	1.15979	3172	0	3
2022.07.27	10:00:00	1.15976	1.16076	1.15896	1.15969	4500	0	3
2022.07.27	11:00:00	1.15963	1.16014	1.15873	1.15933	4174	0	3
2022.07.27	12:00:00	1.15932	1.16131	1.15864	1.16050	3478	0	3
2022.07.27	13:00:00	1.16050	1.16050	1.15892	1.15937	2836	0	3
2022.07.27	14:00:00	1.15937	1.16119	1.15903	1.16112	3637	0	3
2022.07.27	15:00:00	1.16113	1.16150	1.15847	1.15893	4010	0	3
2022.07.27	16:00:00	1.15884	1.15995	1.15659	1.15985	4790	0	3
2022.07.27	17:00:00	1.15983	1.16069	1.15899	1.16023	4815	0	3
2022.07.27	18:00:00	1.16023	1.16200	1.16014	1.16075	3840	0	3
2022.07.27	19:00:00	1.16076	1.16246	1.16038	1.16239	2654	0	3
2022.07.27	20:00:00	1.16240	1.16303	1.16080	1.16084	2568	0	3
2022.07.27	21:00:00	1.16076	1.16781	1.16041	1.16681	8319	0	3
2022.07.27	22:00:00	1.16681	1.16808	1.16627	1.16667	5614	0	3
2022.07.27	23:00:00	1.16666	1.16666	1.16554	1.16629	1603	0	3
2022.07.28	00:00:00	1.16495	1.16654	1.16471	1.16577	315	0	14
2022.07.28	01:00:00	1.16559	1.16689	1.16559	1.16585	2299	0	3
2022.07.28	02:00:00	1.16584	1.16632	1.16540	1.16555	1715	0	6
2022.07.28	03:00:00	1.16555	1.16615	1.16497	1.16548	2613	0	3
2022.07.28	04:00:00	1.16547	1.16673	1.16482	1.16596	4024	0	3
2022.07.28	05:00:00	1.16596	1.16617	1.16546	1.16571	3306	0	3
2022.07.28	06:00:00	1.16571	1.16616	1.16545	1.16606	1945	0	3
2022.07.28	07:00:00	1.16604	1.16643	1.16563	1.16611	2284	0	3
2022.07.28	08:00:00	1.16614	1.16755	1.16567	1.16747	1952	0	3
2022.07.28	09:00:00	1.16747	1.16764	1.16601	1.16674	4055	0	3
2022.07.28	10:00:00	1.16673	1.16874	1.16632	1.16837	4575	0	3
2022.07.28	11:00:00	1.16835	1.16948	1.16645	1.16683	4708	0	3
2022.07.28	12:00:00	1.16684	1.16692	1.16344	1.16408	4315	0	3
2022.07.28	13:00:00	1.16407	1.16540	1.16358	1.16494	4329	0	3
2022.07.28	14:00:00	1.16495	1.16745	1.16480	1.16644	3690	0	3
2022.07.28	15:00:00	1.16646	1.16675	1.16197	1.16222	5458	0	3
2022.07.28	16:00:00	1.16213	1.16398	1.16103	1.16104	6959	0	3
2022.07.28	17:00:00	1.16103	1.16140	1.15854	1.15997	5960	0	3
2022.07.28	18:00:00	1.15999	1.16062	1.15917	1.16036	4093	0	3
2022.07.28	19:00:00	1.16038	1.16085	1.15989	1.16030	2727	0	3
2022.07.28	20:00:00	1.16032	1.16136	1.16018	1.16099	3116	0	3
2022.07.28	21:00:00	1.16097	1.16127	1.15959	1.16070	2118	0	3
2022.07.28	22:00:00	1.16072	1.16213	1.16056	1.16202	2015	0	3
2022.07.28	23:00:00	1.16204	1.16315	1.16169	1.16295	1159	0	3
2022.07.29	00:00:00	1.16322	1.16322	1.16166	1.16217	194	0	25
2022.07.29	01:00:00	1.16229	1.16258	1.16155	1.16236	1197	0	3
2022.07.29	02:00:00	1.16235	1.16255	1.16180	1.16180	1119	0	3
2022.07.29	03:00:00	1.16182	1.16221	1.16094	1.16157	2043	0	3
2022.07.29	04:00:00	1.16155	1.16227	1.16087	1.16150	2267	0	3
2022.07.29	05:00:00	1.16148	1.16157	1.16092	1.16110	2028	0	5
2022.07.29	06:00:00	1.16111	1.16111	1.16004	1.16053	3465	0	3
2022.07.29	07:00:00	1.16056	1.16143	1.16014	1.16087	2707	0	3
2022.07.29	08:00:00	1.16087	1.16091	1.15969	1.16032	3280	0	3
2022.07.29	09:00:00	1.16026	1.16376	1.15990	1.16344	4334	0	3
2022.07.29	10:00:00	1.16338	1.16395	1.16121	1.16277	5271	0	3
2022.07.29	11:00:00	1.16265	1.16276	1.15799	1.15928	4477	0	3
2022.07.29	12:00:00	1.15928	1.15958	1.15724	1.15819	3467	0	3
2022.07.29	13:00:00	1.15822	1.15965	1.15764	1.15937	3512	0	3
2022.07.29	14:00:00	1.15934	1.16106	1.15888	1.15996	3401	0	3
2022.07.29	15:00:00	1.15997	1.16038	1.15773	1.15938	6069	0	3
2022.07.29	16:00:00	1.15945	1.16001	1.15634	1.15727	6335	0	3
2022.07.29	17:00:00	1.15706	1.15936	1.15563	1.15834	7101	0	3
2022.07.29	18:00:00	1.15831	1.15974	1.15727	1.15892	5605	0	3
2022.07.29	19:00:00	1.15892	1.15920	1.15763	1.15873	3231	0	3
2022.07.29	20:00:00	1.15874	1.15962	1.15767	1.15855	1801	0	3
2022.07.29	21:00:00	1.15857	1.15965	1.15793	1.15890	1869	0	3
2022.07.29	22:00:00	1.15888	1.15954	1.15846	1.15925	1812	0	3
2022.07.29	23:00:00	1.15919	1.15949	1.15840	1.15901	736	0	3
2022.08.01	00:00:00	1.15819	1.15863	1.15704	1.15727	163	0	238
2022.08.01	01:00:00	1.15830	1.15929	1.15776	1.15909	1739	0	3
2022.08.01	02:00:00	1.15908	1.15969	1.15874	1.15938	2099	0	3
2022.08.01	03:00:00	1.15939	1.15948	1.15836	1.15836	3265	0	3
2022.08.01	04:00:00	1.15836	1.15930	1.15814	1.15875	4340	0	3
2022.08.01	05:00:00	1.15877	1.15917	1.15830	1.15876	2478	0	3
2022.08.01	06:00:00	1.15882	1.15891	1.15838	1.15866	2394	0	3
2022.08.01	07:00:00	1.15865	1.15898	1.15850	1.15866	2002	0	3
2022.08.01	08:00:00	1.15865	1.15880	1.15800	1.15840	2261	0	3
2022.08.01	09:00:00	1.15840	1.15985	1.15788	1.15895	3754	0	3
2022.08.01	10:00:00	1.15901	1.16004	1.15824	1.15989	3711	0	3
2022.08.01	11:00:00	1.15987	1.16189	1.15986	1.16142	4484	0	3
2022.08.01	12:00:00	1.16140	1.16284	1.16136	1.16159	3491	0	3
2022.08.01	13:00:00	1.16157	1.16314	1.16128	1.16260	3212	0	3
2022.08.01	14:00:00	1.16259	1.16290	1.16022	1.16132	3505	0	3
2022.08.01	15:00:00	1.16137	1.16340	1.16032	1.16310	4702	0	3
2022.08.01	16:00:00	1.16308	1.16503	1.16216	1.16450	6590	0	3
2022.08.01	17:00:00	1.16496	1.16671	1.16386	1.16623	6686	0	3
2022.08.01	18:00:00	1.16625	1.16636	1.16356	1.16470	5021	0	3
2022.08.01	19:00:00	1.16470	1.16621	1.16464	1.16564	3305	0	3
2022.08.01	20:00:00	1.16565	1.16581	1.16449	1.16559	2918	0	3
2022.08.01	21:00:00	1.16558	1.16578	1.16451	1.16453	3286	0	3
2022.08.01	22:00:00	1.16454	1.16502	1.16408	1.16446	2708	0	3
2022.08.01	23:00:00	1.16446	1.16454	1.16390	1.16406	1017	0	4
2022.08.02	00:00:00	1.16300	1.16379	1.16227	1.16248	201	0	54
2022.08.02	01:00:00	1.16273	1.16530	1.16273	1.16447	1182	0	3
2022.08.02	02:00:00	1.16441	1.16475	1.16400	1.16454	1347	0	3
2022.08.02	03:00:00	1.16454	1.16483	1.16267	1.16362	3869	0	3
2022.08.02	04:00:00	1.16363	1.16402	1.16278	1.16319	4492	0	3
2022.08.02	05:00:00	1.16322	1.16386	1.16308	1.16358	2803	0	4
2022.08.02	06:00:00	1.16358	1.16464	1.16351	1.16452	2538	0	3
2022.08.02	07:00:00	1.16450	1.16464	1.16321	1.16325	2151	0	3
2022.08.02	08:00:00	1.16323	1.16413	1.16294	1.16381	2316	0	3
2022.08.02	09:00:00	1.16368	1.16410	1.16301	1.16333	3435	0	3
2022.08.02	10:00:00	1.16329	1.16329	1.16104	1.16187	6047	0	3
2022.08.02	11:00:00	1.16185	1.16218	1.15986	1.16013	4932	0	3
2022.08.02	12:00:00	1.16018	1.16232	1.16008	1.16205	3921	0	3
2022.08.02	13:00:00	1.16204	1.16299	1.16129	1.16290	3991	0	3
2022.08.02	14:00:00	1.16291	1.16385	1.16253	1.16363	4282	0	3
2022.08.02	15:00:00	1.16361	1.16461	1.16254	1.16380	4372	0	3
2022.08.02	16:00:00	1.16384	1.16586	1.16384	1.16538	6793	0	3
2022.08.02	17:00:00	1.16534	1.16676	1.16410	1.16542	7630	0	3
2022.08.02	18:00:00	1.16542	1.16663	1.16378	1.16586	6012	0	3
2022.08.02	19:00:00	1.16584	1.16600	1.16508	1.16517	4521	0	3
2022.08.02	20:00:00	1.16518	1.16576	1.16441	1.16540	4309	0	3
2022.08.02	21:00:00	1.16543	1.16593	1.16410	1.16447	3587	0	3
2022.08.02	22:00:00	1.16449	1.16515	1.16410	1.16464	2996	0	3
2022.08.02	23:00:00	1.16466	1.16483	1.16403	1.16436	910	0	3
2022.08.03	00:00:00	1.16413	1.16446	1.16403	1.16417	249	0	96
2022.08.03	01:00:00	1.16417	1.16469	1.16377	1.16424	1392	0	3
2022.08.03	02:00:00	1.16424	1.16508	1.16367	1.16378	2293	0	3
2022.08.03	03:00:00	1.16384	1.16435	1.16334	1.16425	3633	0	3
2022.08.03	04:00:00	1.16427	1.16472	1.16354	1.16417	3166	0	3
2022.08.03	05:00:00	1.16412	1.16468	1.16383	1.16424	3427	0	3
2022.08.03	06:00:00	1.16425	1.16453	1.16332	1.16340	2502	0	3
2022.08.03	07:00:00	1.16339	1.16383	1.16253	1.16305	2550	0	3
2022.08.03	08:00:00	1.16307	1.16391	1.16290	1.16348	2154	0	3
2022.08.03	09:00:00	1.16341	1.16608	1.16322	1.16598	3189	0	3
2022.08.03	10:00:00	1.16596	1.16876	1.16520	1.16821	4568	0	3
2022.08.03	11:00:00	1.16813	1.16963	1.16639	1.16820	4471	0	3
2022.08.03	12:00:00	1.16820	1.16942	1.16685	1.16787	3676	0	3
2022.08.03	13:00:00	1.16788	1.16983	1.16710	1.16761	4228	0	3
2022.08.03	14:00:00	1.16765	1.16901	1.16725	1.16886	4766	0	3
2022.08.03	15:00:00	1.16886	1.16940	1.16808	1.16834	3690	0	3
2022.08.03	16:00:00	1.16834	1.16895	1.16730	1.16730	5182	0	3
2022.08.03	17:00:00	1.16731	1.16935	1.16714	1.16772	7840	0	3
2022.08.03	18:00:00	1.16768	1.16886	1.16741	1.16856	5094	0	3
2022.08.03	19:00:00	1.16855	1.16909	1.16770	1.16894	3044	0	3
2022.08.03	20:00:00	1.16892	1.16919	1.16822	1.16832	2714	0	3
2022.08.03	21:00:00	1.16831	1.16910	1.16823	1.16878	2554	0	3
2022.08.03	22:00:00	1.16879	1.16894	1.16683	1.16697	3089	0	3
2022.08.03	23:00:00	1.16699	1.16718	1.16621	1.16647	1237	0	3
2022.08.04	00:00:00	1.16496	1.16643	1.16489	1.16578	100	0	81
2022.08.04	01:00:00	1.16493	1.16734	1.16493	1.16658	834	0	3
2022.08.04	02:00:00	1.16661	1.16725	1.16657	1.16673	1048	0	3
2022.08.04	03:00:00	1.16668	1.16821	1.16664	1.16791	2736	0	3
2022.08.04	04:00:00	1.16790	1.16864	1.16769	1.16781	2488	0	3
2022.08.04	05:00:00	1.16779	1.16813	1.16732	1.16765	1654	0	3
2022.08.04	06:00:00	1.16764	1.16830	1.16764	1.16789	1284	0	3
2022.08.04	07:00:00	1.16788	1.16828	1.16773	1.16818	1122	0	3
2022.08.04	08:00:00	1.16817	1.16834	1.16742	1.16747	1783	0	3
2022.08.04	09:00:00	1.16745	1.16832	1.16647	1.16807	2347	0	3
2022.08.04	10:00:00	1.16809	1.17055	1.16747	1.16959	4091	0	3
2022.08.04	11:00:00	1.16959	1.17004	1.16769	1.16891	3778	0	3
2022.08.04	12:00:00	1.16892	1.16939	1.16706	1.16891	2544	0	3
2022.08.04	13:00:00	1.16892	1.17011	1.16823	1.16834	3007	0	3
2022.08.04	14:00:00	1.16864	1.17188	1.15940	1.16022	6856	0	3
2022.08.04	15:00:00	1.16023	1.16169	1.15829	1.16149	5737	0	3
2022.08.04	16:00:00	1.16151	1.16330	1.16028	1.16067	6069	0	3
2022.08.04	17:00:00	1.16066	1.16162	1.15899	1.15920	6584	0	4
2022.08.04	18:00:00	1.15931	1.16254	1.15898	1.16100	4970	0	4
2022.08.04	19:00:00	1.16103	1.16185	1.16066	1.16068	3742	0	4
2022.08.04	20:00:00	1.16068	1.16194	1.16063	1.16192	2780	0	4
2022.08.04	21:00:00	1.16191	1.16261	1.16155	1.16206	2320	0	4
2022.08.04	22:00:00	1.16206	1.16253	1.16153	1.16204	2740	0	4
2022.08.04	23:00:00	1.16210	1.16231	1.16099	1.16108	1092	0	7
2022.08.05	00:00:00	1.15973	1.16105	1.15973	1.16016	167	0	58
2022.08.05	01:00:00	1.15986	1.16137	1.15970	1.16094	1732	0	14
2022.08.05	02:00:00	1.16094	1.16122	1.15982	1.15993	1531	0	5
2022.08.05	03:00:00	1.15983	1.16069	1.15933	1.15986	2385	0	4
2022.08.05	04:00:00	1.15980	1.16076	1.15980	1.16067	3008	0	4
2022.08.05	05:00:00	1.16068	1.16154	1.16039	1.16117	2095	0	4
2022.08.05	06:00:00	1.16119	1.16138	1.16076	1.16117	1507	0	4
2022.08.05	07:00:00	1.16112	1.16146	1.16089	1.16126	1109	0	5
2022.08.05	08:00:00	1.16127	1.16191	1.16114	1.16170	1674	0	6
2022.08.05	09:00:00	1.16166	1.16367	1.16130	1.16354	3065	0	4
2022.08.05	10:00:00	1.16350	1.16428	1.16203	1.16215	3647	0	4
2022.08.05	11:00:00	1.16218	1.16273	1.16037	1.16063	3481	0	4
2022.08.05	12:00:00	1.16064	1.16074	1.15778	1.15854	3267	0	4
2022.08.05	13:00:00	1.15855	1.16014	1.15690	1.15989	2913	0	4
2022.08.05	14:00:00	1.15992	1.16076	1.15965	1.15978	3511	0	4
2022.08.05	15:00:00	1.15981	1.16136	1.15717	1.15722	7013	0	4
2022.08.05	16:00:00	1.15720	1.15967	1.15643	1.15884	7810	0	4
2022.08.05	17:00:00	1.15882	1.16169	1.15843	1.16160	6639	0	4
2022.08.05	18:00:00	1.16155	1.16252	1.16068	1.16198	5251	0	4
2022.08.05	19:00:00	1.16198	1.16242	1.16117	1.16213	3668	0	4
2022.08.05	20:00:00	1.16212	1.16275	1.16096	1.16101	4239	0	4
2022.08.05	21:00:00	1.16102	1.16140	1.16048	1.16051	3106	0	5
2022.08.05	22:00:00	1.16051	1.16134	1.16008	1.16113	3103	0	4
2022.08.05	23:00:00	1.16109	1.16189	1.16089	1.16107	1239	0	7
2022.08.08	00:00:00	1.15965	1.15982	1.15925	1.15955	48	0	187
2022.08.08	01:00:00	1.15972	1.16122	1.15972	1.16043	884	0	15
2022.08.08	02:00:00	1.16044	1.16066	1.16010	1.16048	1220	0	7
2022.08.08	03:00:00	1.16049	1.16119	1.16042	1.16067	2892	0	7
2022.08.08	04:00:00	1.16066	1.16141	1.16063	1.16112	2162	0	4
2022.08.08	05:00:00	1.16113	1.16118	1.16039	1.16087	1531	0	8
2022.08.08	06:00:00	1.16087	1.16134	1.16056	1.16117	1205	0	4
2022.08.08	07:00:00	1.16115	1.16115	1.16044	1.16074	755	0	5
2022.08.08	08:00:00	1.16076	1.16125	1.16037	1.16039	1761	0	4
2022.08.08	09:00:00	1.16039	1.16137	1.15977	1.16084	3984	0	4
2022.08.08	10:00:00	1.16084	1.16248	1.15948	1.15989	4683	0	4
2022.08.08	11:00:00	1.15991	1.16013	1.15743	1.15804	3838	0	4
2022.08.08	12:00:00	1.15803	1.15904	1.15765	1.15871	3325	0	4
2022.08.08	13:00:00	1.15870	1.15912	1.15691	1.15896	3610	0	4
2022.08.08	14:00:00	1.15896	1.15941	1.15778	1.15919	3429	0	4
2022.08.08	15:00:00	1.15917	1.16065	1.15901	1.16049	3815	0	4
2022.08.08	16:00:00	1.16048	1.16068	1.15639	1.15643	5519	0	4
2022.08.08	17:00:00	1.15644	1.15674	1.15463	1.15542	5248	0	4
2022.08.08	18:00:00	1.15542	1.15572	1.15394	1.15467	3373	0	4
2022.08.08	19:00:00	1.15464	1.15465	1.15345	1.15361	2740	0	4
2022.08.08	20:00:00	1.15360	1.15467	1.15347	1.15437	2499	0	5
2022.08.08	21:00:00	1.15436	1.15455	1.15368	1.15429	2928	0	4
2022.08.08	22:00:00	1.15437	1.15495	1.15418	1.15475	2946	0	4
2022.08.08	23:00:00	1.15475	1.15477	1.15389	1.15414	1517	0	4
2022.08.09	00:00:00	1.15401	1.15450	1.15311	1.15386	253	0	49
2022.08.09	01:00:00	1.15309	1.15443	1.15302	1.15388	1120	0	9
2022.08.09	02:00:00	1.15385	1.15431	1.15381	1.15413	1165	0	12
2022.08.09	03:00:00	1.15415	1.15469	1.15375	1.15396	2200	0	4
2022.08.09	04:00:00	1.15393	1.15418	1.15304	1.15320	2068	0	6
2022.08.09	05:00:00	1.15316	1.15388	1.15314	1.15379	1553	0	7
2022.08.09	06:00:00	1.15381	1.15428	1.15365	1.15414	1257	0	7
2022.08.09	07:00:00	1.15414	1.15429	1.15392	1.15414	900	0	7
2022.08.09	08:00:00	1.15415	1.15475	1.15383	1.15443	1048	0	7
2022.08.09	09:00:00	1.15441	1.15449	1.15238	1.15284	2763	0	4
2022.08.09	10:00:00	1.15281	1.15324	1.15097	1.15257	3780	0	4
2022.08.09	11:00:00	1.15258	1.15488	1.15233	1.15349	4121	0	4
2022.08.09	12:00:00	1.15352	1.15518	1.15339	1.15458	3581	0	4
2022.08.09	13:00:00	1.15458	1.15465	1.15302	1.15418	3412	0	4
2022.08.09	14:00:00	1.15420	1.15511	1.15397	1.15481	3531	0	4
2022.08.09	15:00:00	1.15483	1.15554	1.15227	1.15245	4330	0	4
2022.08.09	16:00:00	1.15244	1.15347	1.15192	1.15280	5121	0	4
2022.08.09	17:00:00	1.15287	1.15460	1.15090	1.15131	5511	0	4
2022.08.09	18:00:00	1.15131	1.15217	1.15056	1.15134	3320	0	4
2022.08.09	19:00:00	1.15134	1.15228	1.15126	1.15214	2633	0	4
2022.08.09	20:00:00	1.15214	1.15268	1.15201	1.15217	2179	0	4
2022.08.09	21:00:00	1.15216	1.15245	1.15095	1.15125	2128	0	5
2022.08.09	22:00:00	1.15133	1.15178	1.15121	1.15161	2023	0	4
2022.08.09	23:00:00	1.15161	1.15188	1.15122	1.15159	1064	0	4
2022.08.10	00:00:00	1.15064	1.15144	1.15058	1.15117	67	0	79
2022.08.10	01:00:00	1.15128	1.15189	1.15096	1.15178	614	0	4
2022.08.10	02:00:00	1.15179	1.15211	1.15169	1.15185	952	0	4
2022.08.10	03:00:00	1.15181	1.15231	1.15138	1.15162	1619	0	6
2022.08.10	04:00:00	1.15160	1.15198	1.15130	1.15141	1802	0	4
2022.08.10	05:00:00	1.15141	1.15212	1.15137	1.15181	1849	0	6
2022.08.10	06:00:00	1.15182	1.15216	1.15168	1.15216	915	0	7
2022.08.10	07:00:00	1.15214	1.15237	1.15190	1.15232	850	0	4
2022.08.10	08:00:00	1.15231	1.15261	1.15182	1.15192	1215	0	4
2022.08.10	09:00:00	1.15195	1.15200	1.14996	1.14996	2599	0	4
2022.08.10	10:00:00	1.14996	1.15062	1.14930	1.14969	3720	0	4
2022.08.10	11:00:00	1.14972	1.15191	1.14972	1.15104	3424	0	4
2022.08.10	12:00:00	1.15108	1.15108	1.14820	1.14835	3003	0	4
2022.08.10	13:00:00	1.14835	1.14860	1.14770	1.14795	2857	0	4
2022.08.10	14:00:00	1.14794	1.14942	1.14740	1.14935	3398	0	4
2022.08.10	15:00:00	1.14936	1.15325	1.14517	1.15214	7206	0	4
2022.08.10	16:00:00	1.15217	1.15336	1.14921	1.15107	7221	0	4
2022.08.10	17:00:00	1.15106	1.15351	1.14980	1.15250	7076	0	4
2022.08.10	18:00:00	1.15246	1.15336	1.15212	1.15233	5791	0	4
2022.08.10	19:00:00	1.15231	1.15333	1.15177	1.15199	4774	0	4
2022.08.10	20:00:00	1.15201	1.15341	1.15145	1.15282	3682	0	4
2022.08.10	21:00:00	1.15281	1.15320	1.15167	1.15172	3810	0	4
2022.08.10	22:00:00	1.15170	1.15245	1.15136	1.15192	3542	0	4
2022.08.10	23:00:00	1.15191	1.15224	1.15110	1.15130	1906	0	4
2022.08.11	00:00:00	1.15139	1.15140	1.15069	1.15124	57	0	63
2022.08.11	01:00:00	1.15127	1.15163	1.15104	1.15130	1061	0	4
2022.08.11	02:00:00	1.15132	1.15145	1.15029	1.15074	1157	0	4
2022.08.11	03:00:00	1.15071	1.15113	1.15059	1.15088	2265	0	5
2022.08.11	04:00:00	1.15086	1.15114	1.15006	1.15042	2824	0	4
2022.08.11	05:00:00	1.15040	1.15060	1.15003	1.15054	2229	0	5
2022.08.11	06:00:00	1.15047	1.15118	1.15047	1.15084	2059	0	4
2022.08.11	07:00:00	1.15084	1.15126	1.15064	1.15095	1211	0	6
2022.08.11	08:00:00	1.15096	1.15104	1.15044	1.15099	1589	0	4
2022.08.11	09:00:00	1.15098	1.15144	1.14976	1.15042	4168	0	4
2022.08.11	10:00:00	1.15040	1.15118	1.14897	1.14951	4787	0	4
2022.08.11	11:00:00	1.14953	1.15077	1.14891	1.14966	4318	0	4
2022.08.11	12:00:00	1.14968	1.15000	1.14872	1.14973	3903	0	4
2022.08.11	13:00:00	1.14972	1.15002	1.14759	1.14903	3847	0	4
2022.08.11	14:00:00	1.14902	1.14977	1.14757	1.14799	4748	0	4
2022.08.11	15:00:00	1.14800	1.14913	1.14776	1.14819	6263	0	4
2022.08.11	16:00:00	1.14819	1.14829	1.14631	1.14765	6787	0	4
2022.08.11	17:00:00	1.14766	1.14989	1.14759	1.14816	5861	0	4
2022.08.11	18:00:00	1.14817	1.14872	1.14743	1.14849	5361	0	4
2022.08.11	19:00:00	1.14845	1.14881	1.14716	1.14846	4136	0	4
2022.08.11	20:00:00	1.14845	1.14913	1.14818	1.14855	3358	0	5
2022.08.11	21:00:00	1.14855	1.14937	1.14817	1.14901	3227	0	4
2022.08.11	22:00:00	1.14906	1.14906	1.14785	1.14829	2558	0	4
2022.08.11	23:00:00	1.14827	1.14858	1.14787	1.14809	1315	0	4
2022.08.12	00:00:00	1.14820	1.14834	1.14786	1.14797	43	0	54
2022.08.12	01:00:00	1.14806	1.14850	1.14787	1.14816	1169	0	9
2022.08.12	02:00:00	1.14820	1.14832	1.14762	1.14819	1108	0	5
2022.08.12	03:00:00	1.14819	1.14840	1.14733	1.14750	2676	0	4
2022.08.12	04:00:00	1.14748	1.14821	1.14746	1.14759	2453	0	7
2022.08.12	05:00:00	1.14758	1.14808	1.14755	1.14787	1953	0	4
2022.08.12	06:00:00	1.14787	1.14828	1.14768	1.14779	1414	0	4
2022.08.12	07:00:00	1.14778	1.14808	1.14765	1.14778	1487	0	4
2022.08.12	08:00:00	1.14773	1.14887	1.14723	1.14723	1700	0	4
2022.08.12	09:00:00	1.14714	1.14983	1.14712	1.14931	3337	0	4
2022.08.12	10:00:00	1.14933	1.15012	1.14690	1.14748	4375	0	4
2022.08.12	11:00:00	1.14752	1.14768	1.14551	1.14578	3536	0	4
2022.08.12	12:00:00	1.14582	1.14582	1.14325	1.14459	3778	0	4
2022.08.12	13:00:00	1.14461	1.14471	1.14272	1.14352	3858	0	4
2022.08.12	14:00:00	1.14351	1.14439	1.14295	1.14325	4145	0	4
2022.08.12	15:00:00	1.14325	1.14388	1.14027	1.14037	5110	0	4
2022.08.12	16:00:00	1.14046	1.14285	1.14023	1.14205	5323	0	4
2022.08.12	17:00:00	1.14246	1.14466	1.14080	1.14419	7363	0	4
2022.08.12	18:00:00	1.14423	1.14457	1.14304	1.14398	4859	0	4
2022.08.12	19:00:00	1.14396	1.14400	1.14231	1.14245	2968	0	4
2022.08.12	20:00:00	1.14244	1.14397	1.14229	1.14382	2095	0	4
2022.08.12	21:00:00	1.14377	1.14410	1.14300	1.14312	1455	0	5
2022.08.12	22:00:00	1.14311	1.14340	1.14269	1.14306	1936	0	5
2022.08.12	23:00:00	1.14304	1.14318	1.14227	1.14246	1312	0	7
2022.08.15	00:00:00	1.14072	1.14195	1.14038	1.14195	490	0	235
2022.08.15	01:00:00	1.14172	1.14258	1.13985	1.14241	743	0	7
2022.08.15	02:00:00	1.14242	1.14300	1.14207	1.14222	1148	0	7
2022.08.15	03:00:00	1.14221	1.14313	1.14221	1.14274	2053	0	4
2022.08.15	04:00:00	1.14274	1.14312	1.14179	1.14256	2221	0	4
2022.08.15	05:00:00	1.14258	1.14258	1.14102	1.14143	2214	0	4
2022.08.15	06:00:00	1.14143	1.14195	1.14129	1.14193	1200	0	6
2022.08.15	07:00:00	1.14193	1.14208	1.14164	1.14167	1196	0	5
2022.08.15	08:00:00	1.14168	1.14221	1.14074	1.14094	1396	0	4
2022.08.15	09:00:00	1.14095	1.14183	1.14082	1.14140	2931	0	4
2022.08.15	10:00:00	1.14135	1.14261	1.14009	1.14245	4216	0	4
2022.08.15	11:00:00	1.14241	1.14277	1.14140	1.14191	3844	0	4
2022.08.15	12:00:00	1.14189	1.14256	1.13960	1.14036	4391	0	4
2022.08.15	13:00:00	1.14033	1.14304	1.14021	1.14300	3667	0	4
2022.08.15	14:00:00	1.14306	1.14337	1.14109	1.14127	3217	0	4
2022.08.15	15:00:00	1.14126	1.14198	1.13986	1.14101	5554	0	4
2022.08.15	16:00:00	1.14102	1.14153	1.14006	1.14096	4755	0	4
2022.08.15	17:00:00	1.14097	1.14163	1.14002	1.14017	4945	0	4
2022.08.15	18:00:00	1.14015	1.14230	1.13985	1.14218	3504	0	4
2022.08.15	19:00:00	1.14220	1.14229	1.14110	1.14225	2595	0	4
2022.08.15	20:00:00	1.14228	1.14272	1.14179	1.14193	2430	0	4
2022.08.15	21:00:00	1.14195	1.14195	1.14091	1.14147	2460	0	4
2022.08.15	22:00:00	1.14145	1.14170	1.14079	1.14093	2190	0	4
2022.08.15	23:00:00	1.14090	1.14125	1.14058	1.14079	1880	0	4
2022.08.16	00:00:00	1.14006	1.14073	1.13910	1.14053	69	0	57
2022.08.16	01:00:00	1.14077	1.14111	1.13964	1.14043	1196	0	4
2022.08.16	02:00:00	1.14044	1.14068	1.14016	1.14051	1308	0	9
2022.08.16	03:00:00	1.14051	1.14051	1.13901	1.13949	2112	0	4
2022.08.16	04:00:00	1.13946	1.14026	1.13939	1.13986	2279	0	9
2022.08.16	05:00:00	1.13986	1.14017	1.13970	1.14009	1679	0	8
2022.08.16	06:00:00	1.14009	1.14063	1.13976	1.13994	1051	0	7
2022.08.16	07:00:00	1.13992	1.14073	1.13974	1.14073	818	0	7
2022.08.16	08:00:00	1.14074	1.14085	1.14007	1.14038	1265	0	4
2022.08.16	09:00:00	1.14038	1.14089	1.13889	1.13974	3404	0	4
2022.08.16	10:00:00	1.13974	1.14124	1.13859	1.14105	5052	0	4
2022.08.16	11:00:00	1.14103	1.14251	1.14100	1.14191	4844	0	4
2022.08.16	12:00:00	1.14190	1.14383	1.14186	1.14212	4258	0	4
2022.08.16	13:00:00	1.14214	1.14363	1.14149	1.14280	3772	0	4
2022.08.16	14:00:00	1.14276	1.14332	1.14133	1.14219	3966	0	4
2022.08.16	15:00:00	1.14219	1.14604	1.14206	1.14559	4626	0	4
2022.08.16	16:00:00	1.14560	1.14808	1.14447	1.14778	5547	0	4
2022.08.16	17:00:00	1.14778	1.15019	1.14758	1.14968	5393	0	4
2022.08.16	18:00:00	1.14966	1.15125	1.14855	1.14931	4223	0	4
2022.08.16	19:00:00	1.14931	1.14933	1.14806	1.14843	2586	0	4
2022.08.16	20:00:00	1.14844	1.14926	1.14771	1.14913	2016	0	4
2022.08.16	21:00:00	1.14911	1.14958	1.14804	1.14855	2934	0	4
2022.08.16	22:00:00	1.14849	1.14862	1.14803	1.14803	3038	0	4
2022.08.16	23:00:00	1.14805	1.14900	1.14790	1.14867	1221	0	5
2022.08.17	00:00:00	1.14808	1.14832	1.14672	1.14775	288	0	86
2022.08.17	01:00:00	1.14767	1.14878	1.14721	1.14873	1768	0	5
2022.08.17	02:00:00	1.14874	1.14914	1.14845	1.14852	1178	0	9
2022.08.17	03:00:00	1.14857	1.14964	1.14857	1.14927	2034	0	5
2022.08.17	04:00:00	1.14925	1.14960	1.14875	1.14901	2516	0	4
2022.08.17	05:00:00	1.14904	1.14939	1.14873	1.14885	2175	0	6
2022.08.17	06:00:00	1.14881	1.14961	1.14876	1.14959	1577	0	6
2022.08.17	07:00:00	1.14959	1.15025	1.14880	1.15012	1299	0	4
2022.08.17	08:00:00	1.15012	1.15106	1.15009	1.15041	1423	0	5
2022.08.17	09:00:00	1.15026	1.15269	1.15024	1.15084	4426	0	4
2022.08.17	10:00:00	1.15085	1.15143	1.14965	1.15090	5273	0	4
2022.08.17	11:00:00	1.15092	1.15184	1.14919	1.15097	4979	0	4
2022.08.17	12:00:00	1.15085	1.15158	1.14964	1.15127	3627	0	4
2022.08.17	13:00:00	1.15123	1.15229	1.15043	1.15174	4362	0	4
2022.08.17	14:00:00	1.15174	1.15178	1.14928	1.14988	4229	0	4
2022.08.17	15:00:00	1.14988	1.15049	1.14836	1.14859	5665	0	4
2022.08.17	16:00:00	1.14859	1.15098	1.14806	1.15041	6126	0	4
2022.08.17	17:00:00	1.15041	1.15075	1.14704	1.14794	5775	0	4
2022.08.17	18:00:00	1.14794	1.14902	1.14733	1.14740	4237	0	4
2022.08.17	19:00:00	1.14741	1.14869	1.14719	1.14767	3385	0	4
2022.08.17	20:00:00	1.14770	1.14842	1.14724	1.14732	2599	0	4
2022.08.17	21:00:00	1.14731	1.14823	1.14664	1.14783	6119	0	4
2022.08.17	22:00:00	1.14788	1.14811	1.14613	1.14662	3388	0	4
2022.08.17	23:00:00	1.14656	1.14708	1.14633	1.14687	1589	0	6
2022.08.18	00:00:00	1.14573	1.14664	1.14515	1.14626	688	0	62
2022.08.18	01:00:00	1.14626	1.14686	1.14613	1.14644	1394	0	4
2022.08.18	02:00:00	1.14644	1.14681	1.14576	1.14591	1335	0	4
2022.08.18	03:00:00	1.14596	1.14620	1.14484	1.14506	2025	0	4
2022.08.18	04:00:00	1.14509	1.14590	1.14466	1.14475	2897	0	4
2022.08.18	05:00:00	1.14478	1.14574	1.14455	1.14572	1910	0	4
2022.08.18	06:00:00	1.14572	1.14643	1.14530	1.14556	1602	0	7
2022.08.18	07:00:00	1.14558	1.14620	1.14549	1.14615	1637	0	7
2022.08.18	08:00:00	1.14613	1.14634	1.14527	1.14547	2125	0	5
2022.08.18	09:00:00	1.14547	1.14623	1.14369	1.14509	4245	0	4
2022.08.18	10:00:00	1.14515	1.14719	1.14491	1.14678	5373	0	4
2022.08.18	11:00:00	1.14677	1.14917	1.14659	1.14874	5093	0	4
2022.08.18	12:00:00	1.14876	1.15081	1.14855	1.15046	3318	0	4
2022.08.18	13:00:00	1.15047	1.15054	1.14868	1.14883	4023	0	4
2022.08.18	14:00:00	1.14881	1.14934	1.14768	1.14844	4357	0	4
2022.08.18	15:00:00	1.14844	1.14848	1.14567	1.14613	6434	0	4
2022.08.18	16:00:00	1.14617	1.14631	1.14418	1.14482	6259	0	4
2022.08.18	17:00:00	1.14486	1.14621	1.14388	1.14553	5676	0	4
2022.08.18	18:00:00	1.14555	1.14562	1.14248	1.14264	5068	0	4
2022.08.18	19:00:00	1.14262	1.14342	1.14154	1.14184	4316	0	4
2022.08.18	20:00:00	1.14186	1.14223	1.14084	1.14112	4351	0	4
2022.08.18	21:00:00	1.14111	1.14166	1.14091	1.14121	2734	0	4
2022.08.18	22:00:00	1.14122	1.14154	1.14086	1.14125	2531	0	4
2022.08.18	23:00:00	1.14125	1.14180	1.14107	1.14172	1683	0	5
2022.08.19	00:00:00	1.14089	1.14138	1.14071	1.14089	55	0	125
2022.08.19	01:00:00	1.14089	1.14173	1.14089	1.14136	1556	0	7
2022.08.19	02:00:00	1.14136	1.14187	1.14123	1.14134	1178	0	8
2022.08.19	03:00:00	1.14136	1.14198	1.14021	1.14023	2693	0	4
2022.08.19	04:00:00	1.14024	1.14185	1.14005	1.14104	2499	0	4
2022.08.19	05:00:00	1.14106	1.14195	1.14055	1.14173	1892	0	6
2022.08.19	06:00:00	1.14173	1.14259	1.14130	1.14249	1192	0	4
2022.08.19	07:00:00	1.14247	1.14252	1.14039	1.14129	1384	0	5
2022.08.19	08:00:00	1.14130	1.14252	1.14127	1.14194	1600	0	4
2022.08.19	09:00:00	1.14187	1.14303	1.13980	1.14085	3771	0	4
2022.08.19	10:00:00	1.14083	1.14257	1.13953	1.13960	4495	0	4
2022.08.19	11:00:00	1.13960	1.14013	1.13777	1.13854	4123	0	4
2022.08.19	12:00:00	1.13853	1.13890	1.13456	1.13456	3701	0	4
2022.08.19	13:00:00	1.13457	1.13531	1.13256	1.13281	4351	0	4
2022.08.19	14:00:00	1.13280	1.13341	1.13046	1.13217	4328	0	4
2022.08.19	15:00:00	1.13219	1.13390	1.13169	1.13280	5328	0	4
2022.08.19	16:00:00	1.13279	1.13362	1.13186	1.13306	5755	0	4
2022.08.19	17:00:00	1.13308	1.13386	1.13146	1.13205	5366	0	4
2022.08.19	18:00:00	1.13204	1.13313	1.13161	1.13239	4361	0	4
2022.08.19	19:00:00	1.13240	1.13495	1.13235	1.13444	3543	0	4
2022.08.19	20:00:00	1.13443	1.13452	1.13312	1.13350	2377	0	4
2022.08.19	21:00:00	1.13345	1.13367	1.13289	1.13289	2360	0	5
2022.08.19	22:00:00	1.13294	1.13425	1.13292	1.13397	2544	0	5
2022.08.19	23:00:00	1.13397	1.13446	1.13347	1.13384	1100	0	4
2022.08.22	00:00:00	1.13256	1.13425	1.13214	1.13425	102	0	279
2022.08.22	01:00:00	1.13263	1.13409	1.13235	1.13343	805	0	13
2022.08.22	02:00:00	1.13340	1.13350	1.13257	1.13321	1777	0	4
2022.08.22	03:00:00	1.13324	1.13374	1.13275	1.13322	2695	0	4
2022.08.22	04:00:00	1.13320	1.13393	1.13310	1.13371	2460	0	4
2022.08.22	05:00:00	1.13371	1.13460	1.13359	1.13400	1799	0	6
2022.08.22	06:00:00	1.13401	1.13469	1.13390	1.13425	1882	0	4
2022.08.22	07:00:00	1.13425	1.13451	1.13383	1.13448	1595	0	5
2022.08.22	08:00:00	1.13447	1.13513	1.13414	1.13466	1828	0	4
2022.08.22	09:00:00	1.13466	1.13518	1.13378	1.13392	4280	0	4
2022.08.22	10:00:00	1.13393	1.13423	1.13149	1.13187	5351	0	4
2022.08.22	11:00:00	1.13196	1.13347	1.13018	1.13298	5736	0	4
2022.08.22	12:00:00	1.13299	1.13466	1.13231	1.13257	4375	0	4
2022.08.22	13:00:00	1.13260	1.13291	1.13135	1.13180	4186	0	4
2022.08.22	14:00:00	1.13181	1.13206	1.12977	1.13038	4159	0	4
2022.08.22	15:00:00	1.13039	1.13285	1.13025	1.13253	4669	0	4
2022.08.22	16:00:00	1.13255	1.13340	1.13085	1.13124	5179	0	4
2022.08.22	17:00:00	1.13123	1.13581	1.13063	1.13572	6147	0	4
2022.08.22	18:00:00	1.13577	1.13601	1.13322	1.13426	5158	0	4
2022.08.22	19:00:00	1.13421	1.13587	1.13412	1.13549	4139	0	4
2022.08.22	20:00:00	1.13551	1.13553	1.13410	1.13411	2850	0	4
2022.08.22	21:00:00	1.13411	1.13458	1.13344	1.13393	2455	0	4
2022.08.22	22:00:00	1.13395	1.13458	1.13386	1.13418	2032	0	5
2022.08.22	23:00:00	1.13418	1.13509	1.13414	1.13475	1037	0	8
2022.08.23	00:00:00	1.13475	1.13475	1.13196	1.13368	198	0	18
2022.08.23	01:00:00	1.13352	1.13450	1.13287	1.13448	1273	0	4
2022.08.23	02:00:00	1.13448	1.13483	1.13429	1.13473	1286	0	4
2022.08.23	03:00:00	1.13473	1.13562	1.13452	1.13511	3229	0	4
2022.08.23	04:00:00	1.13514	1.13560	1.13441	1.13457	3122	0	5
2022.08.23	05:00:00	1.13461	1.13488	1.13412	1.13437	2567	0	4
2022.08.23	06:00:00	1.13435	1.13490	1.13424	1.13460	1805	0	5
2022.08.23	07:00:00	1.13460	1.13491	1.13424	1.13438	1555	0	4
2022.08.23	08:00:00	1.13436	1.13457	1.13308	1.13309	2534	0	4
2022.08.23	09:00:00	1.13308	1.13377	1.13027	1.13174	4542	0	4
2022.08.23	10:00:00	1.13176	1.13566	1.13176	1.13549	5830	0	4
2022.08.23	11:00:00	1.13554	1.13823	1.13408	1.13819	5178	0	4
2022.08.23	12:00:00	1.13817	1.13817	1.13589	1.13765	4142	0	4
2022.08.23	13:00:00	1.13763	1.13777	1.13531	1.13716	3871	0	4
2022.08.23	14:00:00	1.13714	1.13840	1.13693	1.13781	3621	0	4
2022.08.23	15:00:00	1.13776	1.14023	1.13771	1.14006	4774	0	4
2022.08.23	16:00:00	1.14005	1.14211	1.13892	1.14039	6918	0	4
2022.08.23	17:00:00	1.14046	1.14139	1.13907	1.14060	8257	0	4
2022.08.23	18:00:00	1.14061	1.14143	1.13997	1.14099	5313	0	4
2022.08.23	19:00:00	1.14101	1.14155	1.14062	1.14101	3739	0	4
2022.08.23	20:00:00	1.14104	1.14122	1.13976	1.14007	3713	0	4
2022.08.23	21:00:00	1.14007	1.14043	1.13951	1.14009	3133	0	4
2022.08.23	22:00:00	1.14010	1.14091	1.14004	1.14027	2587	0	4
2022.08.23	23:00:00	1.14029	1.14116	1.14029	1.14057	1279	0	6
2022.08.24	00:00:00	1.13960	1.14062	1.13856	1.14055	72	0	91
2022.08.24	01:00:00	1.14004	1.14121	1.13992	1.14085	933	0	4
2022.08.24	02:00:00	1.14084	1.14129	1.14064	1.14090	1372	0	4
2022.08.24	03:00:00	1.14088	1.14114	1.14042	1.14045	2512	0	7
2022.08.24	04:00:00	1.14041	1.14093	1.14018	1.14035	2970	0	9
2022.08.24	05:00:00	1.14037	1.14060	1.13948	1.13959	2210	0	7
2022.08.24	06:00:00	1.13960	1.14020	1.13958	1.14013	1578	0	9
2022.08.24	07:00:00	1.14009	1.14084	1.13977	1.14067	1698	0	7
2022.08.24	08:00:00	1.14068	1.14081	1.14003	1.14016	1956	0	6
2022.08.24	09:00:00	1.14020	1.14091	1.13989	1.14022	3979	0	4
2022.08.24	10:00:00	1.14022	1.14153	1.13853	1.13876	4990	0	4
2022.08.24	11:00:00	1.13875	1.13948	1.13745	1.13745	4104	0	4
2022.08.24	12:00:00	1.13745	1.13771	1.13468	1.13509	3923	0	4
2022.08.24	13:00:00	1.13507	1.13529	1.13404	1.13501	4153	0	4
2022.08.24	14:00:00	1.13499	1.13583	1.13479	1.13536	4676	0	4
2022.08.24	15:00:00	1.13535	1.13773	1.13500	1.13755	5845	0	4
2022.08.24	16:00:00	1.13757	1.13981	1.13707	1.13908	5889	0	4
2022.08.24	17:00:00	1.13906	1.14167	1.13858	1.14102	6741	0	4
2022.08.24	18:00:00	1.14106	1.14136	1.13944	1.14043	5505	0	4
2022.08.24	19:00:00	1.14037	1.14078	1.13943	1.13945	3403	0	4
2022.08.24	20:00:00	1.13944	1.13955	1.13872	1.13926	2730	0	4
2022.08.24	21:00:00	1.13927	1.14017	1.13923	1.13985	1964	0	4
2022.08.24	22:00:00	1.13982	1.14065	1.13972	1.14029	2388	0	4
2022.08.24	23:00:00	1.14025	1.14067	1.13974	1.14046	1097	0	4
2022.08.25	00:00:00	1.13957	1.13985	1.13772	1.13918	1297	0	52
2022.08.25	01:00:00	1.13898	1.14004	1.13898	1.13970	1005	0	15
2022.08.25	02:00:00	1.13970	1.13997	1.13928	1.13952	1112	0	8
2022.08.25	03:00:00	1.13952	1.14086	1.13940	1.14081	2835	0	5
2022.08.25	04:00:00	1.14081	1.14112	1.14031	1.14054	2632	0	4
2022.08.25	05:00:00	1.14057	1.14082	1.13936	1.13960	1944	0	8
2022.08.25	06:00:00	1.13961	1.13992	1.13914	1.13937	1733	0	11
2022.08.25	07:00:00	1.13939	1.14036	1.13929	1.13976	2014	0	4
2022.08.25	08:00:00	1.13977	1.14068	1.13976	1.14048	2309	0	7
2022.08.25	09:00:00	1.14051	1.14209	1.13950	1.14053	5277	0	4
2022.08.25	10:00:00	1.14059	1.14181	1.13908	1.13951	4864	0	4
2022.08.25	11:00:00	1.13949	1.14023	1.13798	1.13959	4083	0	4
2022.08.25	12:00:00	1.13957	1.14038	1.13846	1.13861	3834	0	4
2022.08.25	13:00:00	1.13861	1.13997	1.13842	1.13967	3131	0	4
2022.08.25	14:00:00	1.13968	1.14123	1.13949	1.14075	4343	0	4
2022.08.25	15:00:00	1.14076	1.14112	1.13973	1.13993	5017	0	4
2022.08.25	16:00:00	1.13993	1.13994	1.13759	1.13900	5349	0	4
2022.08.25	17:00:00	1.13901	1.14102	1.13882	1.13970	5589	0	4
2022.08.25	18:00:00	1.13972	1.13972	1.13818	1.13849	5010	0	4
2022.08.25	19:00:00	1.13851	1.14046	1.13844	1.14013	3788	0	4
2022.08.25	20:00:00	1.14015	1.14033	1.13951	1.13980	3192	0	4
2022.08.25	21:00:00	1.13984	1.13999	1.13885	1.13945	2924	0	4
2022.08.25	22:00:00	1.13945	1.14061	1.13938	1.14030	2661	0	4
2022.08.25	23:00:00	1.14027	1.14069	1.13996	1.14002	1877	0	4
2022.08.26	00:00:00	1.13852	1.14009	1.13811	1.13972	236	0	8
2022.08.26	01:00:00	1.13972	1.14025	1.13952	1.14014	493	0	11
2022.08.26	02:00:00	1.14015	1.14019	1.13920	1.13924	1129	0	10
2022.08.26	03:00:00	1.13926	1.13957	1.13826	1.13906	1899	0	4
2022.08.26	04:00:00	1.13905	1.13998	1.13903	1.13984	2303	0	9
2022.08.26	05:00:00	1.13981	1.14012	1.13948	1.13995	1408	0	9
2022.08.26	06:00:00	1.13994	1.14029	1.13944	1.13963	1120	0	10
2022.08.26	07:00:00	1.13960	1.13971	1.13859	1.13873	1503	0	7
2022.08.26	08:00:00	1.13874	1.13879	1.13758	1.13785	1536	0	4
2022.08.26	09:00:00	1.13784	1.13855	1.13731	1.13794	3344	0	5
2022.08.26	10:00:00	1.13794	1.13825	1.13578	1.13747	4480	0	4
2022.08.26	11:00:00	1.13744	1.13848	1.13632	1.13840	3968	0	4
2022.08.26	12:00:00	1.13839	1.14079	1.13810	1.14050	3797	0	4
2022.08.26	13:00:00	1.14052	1.14064	1.13933	1.13936	3346	0	4
2022.08.26	14:00:00	1.13938	1.14028	1.13895	1.13958	3260	0	4
2022.08.26	15:00:00	1.13956	1.14075	1.13916	1.14020	5699	0	4
2022.08.26	16:00:00	1.14021	1.14049	1.13818	1.13851	7218	0	4
2022.08.26	17:00:00	1.13801	1.14047	1.13519	1.13572	9670	0	4
2022.08.26	18:00:00	1.13572	1.13581	1.13386	1.13468	6627	0	4
2022.08.26	19:00:00	1.13467	1.13542	1.13357	1.13427	4332	0	4
2022.08.26	20:00:00	1.13427	1.13565	1.13382	1.13520	3129	0	5
2022.08.26	21:00:00	1.13520	1.13543	1.13420	1.13457	3264	0	4
2022.08.26	22:00:00	1.13458	1.13516	1.13394	1.13419	3168	0	4
2022.08.26	23:00:00	1.13418	1.13452	1.13320	1.13377	1615	0	5
2022.08.29	00:00:00	1.13237	1.13278	1.13167	1.13178	242	0	220
2022.08.29	01:00:00	1.13198	1.13376	1.13198	1.13315	896	0	26
2022.08.29	02:00:00	1.13315	1.13330	1.13171	1.13225	1919	0	5
2022.08.29	03:00:00	1.13230	1.13326	1.13126	1.13147	3294	0	4
2022.08.29	04:00:00	1.13147	1.13165	1.13000	1.13088	3259	0	4
2022.08.29	05:00:00	1.13088	1.13133	1.13044	1.13055	2209	0	7
2022.08.29	06:00:00	1.13056	1.13086	1.13005	1.13059	1595	0	6
2022.08.29	07:00:00	1.13059	1.13094	1.13005	1.13027	1965	0	8
2022.08.29	08:00:00	1.13031	1.13116	1.12974	1.13089	2907	0	4
2022.08.29	09:00:00	1.13090	1.13242	1.13078	1.13147	3871	0	4
2022.08.29	10:00:00	1.13149	1.13271	1.13096	1.13155	4755	0	4
2022.08.29	11:00:00	1.13151	1.13232	1.12989	1.12991	3728	0	4
2022.08.29	12:00:00	1.12993	1.13046	1.12888	1.12958	3420	0	4
2022.08.29	13:00:00	1.12958	1.13256	1.12837	1.13244	4071	0	4
2022.08.29	14:00:00	1.13248	1.13345	1.13134	1.13200	4394	0	4
2022.08.29	15:00:00	1.13203	1.13498	1.13166	1.13340	4696	0	4
2022.08.29	16:00:00	1.13343	1.13462	1.13205	1.13395	5371	0	4
2022.08.29	17:00:00	1.13393	1.13557	1.13302	1.13370	5290	0	4
2022.08.29	18:00:00	1.13369	1.13521	1.13361	1.13518	3745	0	4
2022.08.29	19:00:00	1.13519	1.13543	1.13478	1.13495	2611	0	4
2022.08.29	20:00:00	1.13494	1.13499	1.13414	1.13445	2313	0	4
2022.08.29	21:00:00	1.13444	1.13476	1.13310	1.13375	2675	0	5
2022.08.29	22:00:00	1.13376	1.13409	1.13303	1.13311	2340	0	5
2022.08.29	23:00:00	1.13305	1.13327	1.13279	1.13313	856	0	5
2022.08.30	00:00:00	1.13265	1.13318	1.13217	1.13278	572	0	73
2022.08.30	01:00:00	1.13277	1.13360	1.13261	1.13319	709	0	12
2022.08.30	02:00:00	1.13318	1.13404	1.13291	1.13379	1311	0	4
2022.08.30	03:00:00	1.13380	1.13390	1.13257	1.13290	2040	0	5
2022.08.30	04:00:00	1.13293	1.13359	1.13211	1.13212	2666	0	7
2022.08.30	05:00:00	1.13214	1.13227	1.13167	1.13184	2201	0	4
2022.08.30	06:00:00	1.13184	1.13267	1.13140	1.13259	1666	0	5
2022.08.30	07:00:00	1.13259	1.13312	1.13226	1.13247	2161	0	4
2022.08.30	08:00:00	1.13246	1.13262	1.13171	1.13215	2170	0	4
2022.08.30	09:00:00	1.13212	1.13445	1.13166	1.13421	4573	0	4
2022.08.30	10:00:00	1.13420	1.14101	1.13394	1.13865	5604	0	4
2022.08.30	11:00:00	1.13866	1.13926	1.13779	1.13844	5362	0	4
2022.08.30	12:00:00	1.13845	1.14078	1.13827	1.13854	4793	0	4
2022.08.30	13:00:00	1.13855	1.13887	1.13673	1.13798	3918	0	4
2022.08.30	14:00:00	1.13798	1.13878	1.13635	1.13715	4628	0	4
2022.08.30	15:00:00	1.13713	1.13755	1.13572	1.13728	5917	0	4
2022.08.30	16:00:00	1.13732	1.13848	1.13590	1.13594	6507	0	4
2022.08.30	17:00:00	1.13589	1.13634	1.13347	1.13505	7124	0	4
2022.08.30	18:00:00	1.13497	1.13582	1.13403	1.13536	6729	0	4
2022.08.30	19:00:00	1.13536	1.13616	1.13467	1.13474	5799	0	4
2022.08.30	20:00:00	1.13477	1.13566	1.13463	1.13510	4189	0	4
2022.08.30	21:00:00	1.13508	1.13593	1.13467	1.13494	4159	0	4
2022.08.30	22:00:00	1.13491	1.13542	1.13437	1.13479	3124	0	4
2022.08.30	23:00:00	1.13481	1.13544	1.13479	1.13540	1399	0	5
2022.08.31	00:00:00	1.13435	1.13543	1.13417	1.13522	295	0	32
2022.08.31	01:00:00	1.13520	1.13534	1.13488	1.13519	1330	0	8
2022.08.31	02:00:00	1.13518	1.13572	1.13495	1.13558	1134	0	10
2022.08.31	03:00:00	1.13558	1.13630	1.13542	1.13557	2468	0	4
2022.08.31	04:00:00	1.13557	1.13586	1.13517	1.13566	2469	0	8
2022.08.31	05:00:00	1.13567	1.13610	1.13552	1.13568	1894	0	11
2022.08.31	06:00:00	1.13568	1.13619	1.13533	1.13618	1773	0	8
2022.08.31	07:00:00	1.13615	1.13732	1.13610	1.13698	1503	0	4
2022.08.31	08:00:00	1.13698	1.13745	1.13657	1.13720	2153	0	4
2022.08.31	09:00:00	1.13722	1.13722	1.13609	1.13674	4140	0	4
2022.08.31	10:00:00	1.13675	1.13843	1.13479	1.13664	5234	0	4
2022.08.31	11:00:00	1.13662	1.13935	1.13600	1.13739	5709	0	4
2022.08.31	12:00:00	1.13739	1.13949	1.13654	1.13807	5727	0	4
2022.08.31	13:00:00	1.13805	1.13909	1.13747	1.13830	5146	0	4
2022.08.31	14:00:00	1.13829	1.13994	1.13824	1.13879	4622	0	4
2022.08.31	15:00:00	1.13880	1.13926	1.13671	1.13886	5821	0	4
2022.08.31	16:00:00	1.13887	1.13941	1.13576	1.13715	6832	0	4
2022.08.31	17:00:00	1.13714	1.13933	1.13467	1.13565	8298	0	4
2022.08.31	18:00:00	1.13566	1.13572	1.13320	1.13508	6595	0	4
2022.08.31	19:00:00	1.13508	1.13545	1.13318	1.13364	3759	0	4
2022.08.31	20:00:00	1.13364	1.13380	1.13238	1.13293	3084	0	4
2022.08.31	21:00:00	1.13290	1.13401	1.13281	1.13392	3346	0	4
2022.08.31	22:00:00	1.13391	1.13637	1.13371	1.13565	3453	0	4
2022.08.31	23:00:00	1.13559	1.13671	1.13522	1.13638	1796	0	4
2022.09.01	00:00:00	1.13365	1.13589	1.13275	1.13577	834	0	57
2022.09.01	01:00:00	1.13577	1.13590	1.13502	1.13565	1905	0	4
2022.09.01	02:00:00	1.13556	1.13601	1.13505	1.13561	1992	0	6
2022.09.01	03:00:00	1.13559	1.13569	1.13477	1.13544	3261	0	7
2022.09.01	04:00:00	1.13545	1.13609	1.13429	1.13481	3368	0	6
2022.09.01	05:00:00	1.13479	1.13589	1.13470	1.13580	2179	0	5
2022.09.01	06:00:00	1.13580	1.13588	1.13417	1.13448	2546	0	4
2022.09.01	07:00:00	1.13447	1.13489	1.13389	1.13459	1690	0	4
2022.09.01	08:00:00	1.13457	1.13572	1.13439	1.13519	2750	0	5
2022.09.01	09:00:00	1.13505	1.13544	1.13102	1.13189	5302	0	4
2022.09.01	10:00:00	1.13187	1.13389	1.13144	1.13269	5827	0	4
2022.09.01	11:00:00	1.13272	1.13305	1.13083	1.13182	5677	0	4
2022.09.01	12:00:00	1.13174	1.13405	1.13141	1.13398	4323	0	4
2022.09.01	13:00:00	1.13398	1.13505	1.13120	1.13120	4108	0	4
2022.09.01	14:00:00	1.13124	1.13286	1.13075	1.13214	4708	0	4
2022.09.01	15:00:00	1.13219	1.13538	1.13208	1.13380	5163	0	4
2022.09.01	16:00:00	1.13380	1.13462	1.13135	1.13136	5929	0	5
2022.09.01	17:00:00	1.13115	1.13519	1.13080	1.13482	7828	0	4
2022.09.01	18:00:00	1.13483	1.13597	1.13420	1.13505	5391	0	4
2022.09.01	19:00:00	1.13506	1.13542	1.13328	1.13367	4028	0	4
2022.09.01	20:00:00	1.13369	1.13425	1.13259	1.13299	3103	0	4
2022.09.01	21:00:00	1.13301	1.13406	1.13280	1.13322	3553	0	4
2022.09.01	22:00:00	1.13323	1.13348	1.13230	1.13307	2916	0	4
2022.09.01	23:00:00	1.13307	1.13331	1.13268	1.13310	993	0	6
2022.09.02	00:00:00	1.13290	1.13290	1.13099	1.13196	454	0	38
2022.09.02	01:00:00	1.13205	1.13326	1.13205	1.13308	1387	0	4
2022.09.02	02:00:00	1.13309	1.13326	1.13260	1.13295	1067	0	4
2022.09.02	03:00:00	1.13302	1.13364	1.13289	1.13307	2139	0	6
2022.09.02	04:00:00	1.13304	1.13341	1.13260	1.13267	2725	0	5
2022.09.02	05:00:00	1.13268	1.13283	1.13208	1.13254	1803	0	4
2022.09.02	06:00:00	1.13253	1.13273	1.13236	1.13271	1192	0	10
2022.09.02	07:00:00	1.13271	1.13301	1.13235	1.13293	1874	0	6
2022.09.02	08:00:00	1.13297	1.13324	1.13228	1.13247	2700	0	6
2022.09.02	09:00:00	1.13236	1.13271	1.13098	1.13251	3942	0	4
2022.09.02	10:00:00	1.13251	1.13338	1.13149	1.13166	4123	0	4
2022.09.02	11:00:00	1.13166	1.13295	1.13163	1.13239	3305	0	4
2022.09.02	12:00:00	1.13239	1.13470	1.13185	1.13449	3194	0	4
2022.09.02	13:00:00	1.13445	1.13633	1.13385	1.13630	3545	0	4
2022.09.02	14:00:00	1.13632	1.13683	1.13535	1.13627	4501	0	4
2022.09.02	15:00:00	1.13625	1.13926	1.13511	1.13544	7685	0	4
2022.09.02	16:00:00	1.13546	1.13712	1.13091	1.13119	7647	0	4
2022.09.02	17:00:00	1.13120	1.13569	1.13098	1.13430	6696	0	4
2022.09.02	18:00:00	1.13426	1.13517	1.13408	1.13505	4607	0	4
2022.09.02	19:00:00	1.13508	1.13526	1.13026	1.13154	5544	0	4
2022.09.02	20:00:00	1.13155	1.13160	1.12824	1.12891	4992	0	4
2022.09.02	21:00:00	1.12892	1.12947	1.12851	1.12877	3519	0	4
2022.09.02	22:00:00	1.12875	1.12926	1.12844	1.12911	3231	0	4
2022.09.02	23:00:00	1.12907	1.12983	1.12853	1.12965	1826	0	8
2022.09.05	00:00:00	1.12650	1.12853	1.12584	1.12744	600	0	118
2022.09.05	01:00:00	1.12687	1.12853	1.12612	1.12791	2365	0	4
2022.09.05	02:00:00	1.12794	1.12894	1.12794	1.12814	2065	0	7
2022.09.05	03:00:00	1.12814	1.12913	1.12743	1.12756	3031	0	4
2022.09.05	04:00:00	1.12763	1.12821	1.12722	1.12740	3428	0	7
2022.09.05	05:00:00	1.12739	1.12859	1.12618	1.12857	3232	0	5
2022.09.05	06:00:00	1.12856	1.12857	1.12722	1.12724	2146	0	4
2022.09.05	07:00:00	1.12728	1.12733	1.12578	1.12628	1963	0	5
2022.09.05	08:00:00	1.12626	1.12654	1.12477	1.12512	3508	0	4
2022.09.05	09:00:00	1.12512	1.12814	1.12501	1.12784	4838	0	4
2022.09.05	10:00:00	1.12784	1.12838	1.12654	1.12798	5486	0	4
2022.09.05	11:00:00	1.12797	1.13000	1.12774	1.12999	4668	0	4
2022.09.05	12:00:00	1.12999	1.13153	1.12729	1.12919	4307	0	4
2022.09.05	13:00:00	1.12915	1.13030	1.12896	1.12934	3387	0	4
2022.09.05	14:00:00	1.12934	1.12991	1.12832	1.12980	3523	0	4
2022.09.05	15:00:00	1.12982	1.13007	1.12714	1.12759	4751	0	4
2022.09.05	16:00:00	1.12759	1.12926	1.12694	1.12924	3794	0	4
2022.09.05	17:00:00	1.12931	1.12999	1.12850	1.12925	3551	0	4
2022.09.05	18:00:00	1.12921	1.13014	1.12838	1.12861	3053	0	4
2022.09.05	19:00:00	1.12860	1.12958	1.12841	1.12875	1575	0	4
2022.09.05	20:00:00	1.12875	1.12932	1.12868	1.12915	682	0	4
2022.09.05	21:00:00	1.12912	1.12915	1.12870	1.12879	693	0	4
2022.09.05	22:00:00	1.12877	1.12904	1.12846	1.12873	729	0	4
2022.09.05	23:00:00	1.12873	1.12917	1.12804	1.12854	956	0	4
2022.09.06	00:00:00	1.12704	1.12892	1.12704	1.12886	128	0	39
2022.09.06	01:00:00	1.12863	1.13200	1.12827	1.13051	1659	0	4
2022.09.06	02:00:00	1.13053	1.13182	1.13043	1.13163	1579	0	7
2022.09.06	03:00:00	1.13167	1.13250	1.13069	1.13189	3404	0	5
2022.09.06	04:00:00	1.13190	1.13322	1.13158	1.13262	3310	0	4
2022.09.06	05:00:00	1.13261	1.13271	1.13188	1.13265	2661	0	7
2022.09.06	06:00:00	1.13264	1.13264	1.13125	1.13173	1959	0	5
2022.09.06	07:00:00	1.13174	1.13310	1.13121	1.13262	2678	0	8
2022.09.06	08:00:00	1.13263	1.13460	1.13227	1.13367	3108	0	4
2022.09.06	09:00:00	1.13375	1.13601	1.13267	1.13542	4595	0	4
2022.09.06	10:00:00	1.13539	1.13787	1.13427	1.13427	6388	0	4
2022.09.06	11:00:00	1.13430	1.13463	1.13115	1.13463	5159	0	4
2022.09.06	12:00:00	1.13463	1.13731	1.13391	1.13698	4468	0	4
2022.09.06	13:00:00	1.13699	1.13765	1.13525	1.13550	4529	0	4
2022.09.06	14:00:00	1.13548	1.13726	1.13543	1.13624	4203	0	4
2022.09.06	15:00:00	1.13629	1.13694	1.13521	1.13538	4955	0	5
2022.09.06	16:00:00	1.13540	1.13573	1.13292	1.13297	6063	0	4
2022.09.06	17:00:00	1.13316	1.13570	1.13253	1.13436	7574	0	4
2022.09.06	18:00:00	1.13437	1.13651	1.13355	1.13624	6076	0	4
2022.09.06	19:00:00	1.13622	1.13623	1.13483	1.13535	4462	0	4
2022.09.06	20:00:00	1.13536	1.13571	1.13405	1.13423	3567	0	4
2022.09.06	21:00:00	1.13421	1.13502	1.13411	1.13496	3666	0	4
2022.09.06	22:00:00	1.13492	1.13501	1.13369	1.13392	3381	0	5
2022.09.06	23:00:00	1.13393	1.13431	1.13352	1.13373	1065	0	8
2022.09.07	00:00:00	1.13128	1.13260	1.13032	1.13236	535	0	141
2022.09.07	01:00:00	1.13273	1.13403	1.13243	1.13391	971	0	4
2022.09.07	02:00:00	1.13390	1.13390	1.13314	1.13335	1806	0	6
2022.09.07	03:00:00	1.13336	1.13377	1.13099	1.13099	3443	0	4
2022.09.07	04:00:00	1.13099	1.13132	1.13048	1.13112	3359	0	7
2022.09.07	05:00:00	1.13110	1.13142	1.13026	1.13054	2980	0	6
2022.09.07	06:00:00	1.13055	1.13078	1.12949	1.13078	2923	0	4
2022.09.07	07:00:00	1.13070	1.13134	1.12995	1.13088	3014	0	4
2022.09.07	08:00:00	1.13089	1.13110	1.13003	1.13108	2337	0	4
2022.09.07	09:00:00	1.13103	1.13252	1.12995	1.13227	4196	0	4
2022.09.07	10:00:00	1.13224	1.13258	1.13075	1.13081	5159	0	5
2022.09.07	11:00:00	1.13086	1.13146	1.12921	1.12984	3949	0	4
2022.09.07	12:00:00	1.12983	1.13051	1.12740	1.13003	4216	0	4
2022.09.07	13:00:00	1.13003	1.13119	1.12734	1.12759	4044	0	4
2022.09.07	14:00:00	1.12759	1.12791	1.12518	1.12643	5404	0	4
2022.09.07	15:00:00	1.12643	1.12707	1.12511	1.12618	5104	0	4
2022.09.07	16:00:00	1.12618	1.12673	1.12219	1.12238	5448	0	4
2022.09.07	17:00:00	1.12237	1.12652	1.12178	1.12581	6508	0	4
2022.09.07	18:00:00	1.12579	1.12610	1.12407	1.12494	4616	0	4
2022.09.07	19:00:00	1.12502	1.12694	1.12501	1.12591	3363	0	4
2022.09.07	20:00:00	1.12594	1.12712	1.12525	1.12529	4031	0	4
2022.09.07	21:00:00	1.12533	1.12595	1.12486	1.12538	2664	0	4
2022.09.07	22:00:00	1.12539	1.12573	1.12528	1.12528	288	0	9
2022.09.08	00:00:00	1.12494	1.12664	1.12492	1.12662	210	0	63
2022.09.08	01:00:00	1.12611	1.12731	1.12591	1.12689	1204	0	6
2022.09.08	02:00:00	1.12689	1.12704	1.12527	1.12537	1177	0	11
2022.09.08	03:00:00	1.12539	1.12585	1.12461	1.12528	2663	0	4
2022.09.08	04:00:00	1.12527	1.12567	1.12481	1.12507	2862	0	4
2022.09.08	05:00:00	1.12506	1.12552	1.12490	1.12525	2184	0	6
2022.09.08	06:00:00	1.12524	1.12528	1.12331	1.12362	2363	0	4
2022.09.08	07:00:00	1.12363	1.12475	1.12355	1.12444	1686	0	7
2022.09.08	08:00:00	1.12444	1.12468	1.12354	1.12384	2221	0	4
2022.09.08	09:00:00	1.12388	1.12436	1.12204	1.12330	4490	0	4
2022.09.08	10:00:00	1.12330	1.12420	1.12056	1.12181	5722	0	4
2022.09.08	11:00:00	1.12180	1.12280	1.12080	1.12137	4912	0	4
2022.09.08	12:00:00	1.12142	1.12167	1.11881	1.12023	3893	0	4
2022.09.08	13:00:00	1.12022	1.12372	1.11931	1.12297	4244	0	4
2022.09.08	14:00:00	1.12295	1.12436	1.12127	1.12363	4487	0	4
2022.09.08	15:00:00	1.12364	1.12401	1.11819	1.11875	6792	0	4
2022.09.08	16:00:00	1.11883	1.11957	1.11609	1.11617	7684	0	4
2022.09.08	17:00:00	1.11620	1.11874	1.11462	1.11834	6789	0	4
2022.09.08	18:00:00	1.11833	1.11914	1.11675	1.11708	4962	0	4
2022.09.08	19:00:00	1.11703	1.11728	1.11405	1.11613	5731	0	4
2022.09.08	20:00:00	1.11612	1.11819	1.11604	1.11705	4329	0	4
2022.09.08	21:00:00	1.11705	1.11799	1.11705	1.11718	3418	0	4
2022.09.08	22:00:00	1.11717	1.11735	1.11602	1.11663	2455	0	4
2022.09.08	23:00:00	1.11660	1.11692	1.11574	1.11583	1320	0	7
2022.09.09	00:00:00	1.11600	1.11623	1.11522	1.11609	70	0	49
2022.09.09	01:00:00	1.11609	1.11662	1.11576	1.11628	863	0	11
2022.09.09	02:00:00	1.11629	1.11683	1.11586	1.11592	1097	0	11
2022.09.09	03:00:00	1.11592	1.11696	1.11496	1.11636	2638	0	8
2022.09.09	04:00:00	1.11637	1.11680	1.11588	1.11652	2273	0	5
2022.09.09	05:00:00	1.11652	1.11738	1.11645	1.11706	2303	0	6
2022.09.09	06:00:00	1.11702	1.11804	1.11670	1.11800	3142	0	4
2022.09.09	07:00:00	1.11802	1.11811	1.11744	1.11758	3267	0	6
2022.09.09	08:00:00	1.11756	1.11867	1.11742	1.11863	2555	0	4
2022.09.09	09:00:00	1.11859	1.11897	1.11695	1.11748	4112	0	4
2022.09.09	10:00:00	1.11750	1.11758	1.11434	1.11603	5531	0	4
2022.09.09	11:00:00	1.11598	1.11654	1.11281	1.11284	4978	0	4
2022.09.09	12:00:00	1.11275	1.11346	1.11063	1.11076	3767	0	4
2022.09.09	13:00:00	1.11074	1.11448	1.10959	1.11416	4240	0	4
2022.09.09	14:00:00	1.11417	1.11448	1.11010	1.11209	4623	0	4
2022.09.09	15:00:00	1.11212	1.11267	1.10987	1.11131	4990	0	4
2022.09.09	16:00:00	1.11131	1.11392	1.11106	1.11322	5452	0	4
2022.09.09	17:00:00	1.11322	1.11382	1.11171	1.11360	5484	0	4
2022.09.09	18:00:00	1.11360	1.11433	1.11230	1.11416	4714	0	4
2022.09.09	19:00:00	1.11415	1.11464	1.11307	1.11362	3060	0	4
2022.09.09	20:00:00	1.11361	1.11379	1.11285	1.11346	2457	0	4
2022.09.09	21:00:00	1.11345	1.11393	1.11315	1.11335	2325	0	4
2022.09.09	22:00:00	1.11342	1.11410	1.11336	1.11358	1872	0	4
2022.09.09	23:00:00	1.11354	1.11392	1.11259	1.11289	1213	0	4
2022.09.12	00:00:00	1.11394	1.11493	1.11311	1.11451	267	0	93
2022.09.12	01:00:00	1.11451	1.11584	1.11442	1.11530	2005	0	8
2022.09.12	02:00:00	1.11522	1.11544	1.11440	1.11516	1814	0	9
2022.09.12	03:00:00	1.11518	1.11519	1.11390	1.11410	2225	0	4
2022.09.12	04:00:00	1.11409	1.11425	1.11339	1.11370	2075	0	6
2022.09.12	05:00:00	1.11374	1.11400	1.11328	1.11357	2362	0	4
2022.09.12	06:00:00	1.11355	1.11490	1.11353	1.11424	2159	0	6
2022.09.12	07:00:00	1.11419	1.11498	1.11400	1.11406	1583	0	4
2022.09.12	08:00:00	1.11409	1.11617	1.11404	1.11587	2298	0	4
2022.09.12	09:00:00	1.11592	1.11675	1.11469	1.11601	4425	0	4
2022.09.12	10:00:00	1.11605	1.11809	1.11519	1.11591	6338	0	4
2022.09.12	11:00:00	1.11589	1.11703	1.11488	1.11590	5403	0	4
2022.09.12	12:00:00	1.11590	1.11738	1.11510	1.11668	4631	0	4
2022.09.12	13:00:00	1.11668	1.11677	1.11346	1.11391	4672	0	4
2022.09.12	14:00:00	1.11389	1.11551	1.11346	1.11472	4325	0	4
2022.09.12	15:00:00	1.11472	1.11488	1.11290	1.11461	5233	0	4
2022.09.12	16:00:00	1.11459	1.11585	1.11312	1.11414	5500	0	4
2022.09.12	17:00:00	1.11416	1.11499	1.11339	1.11358	5181	0	4
2022.09.12	18:00:00	1.11355	1.11391	1.11272	1.11356	3806	0	4
2022.09.12	19:00:00	1.11357	1.11391	1.11307	1.11391	3365	0	4
2022.09.12	20:00:00	1.11384	1.11487	1.11359	1.11407	2610	0	4
2022.09.12	21:00:00	1.11403	1.11492	1.11375	1.11410	3210	0	4
2022.09.12	22:00:00	1.11413	1.11475	1.11392	1.11402	2336	0	6
2022.09.12	23:00:00	1.11403	1.11442	1.11378	1.11407	1187	0	4
2022.09.13	00:00:00	1.11407	1.11407	1.11180	1.11343	356	0	22
2022.09.13	01:00:00	1.11343	1.11419	1.11328	1.11411	1065	0	6
2022.09.13	02:00:00	1.11409	1.11432	1.11352	1.11392	654	0	7
2022.09.13	03:00:00	1.11393	1.11478	1.11332	1.11350	2726	0	4
2022.09.13	04:00:00	1.11351	1.11369	1.11273	1.11313	2286	0	4
2022.09.13	05:00:00	1.11312	1.11343	1.11236	1.11297	1477	0	6
2022.09.13	06:00:00	1.11294	1.11311	1.11257	1.11271	1634	0	4
2022.09.13	07:00:00	1.11270	1.11306	1.11193	1.11228	1254	0	8
2022.09.13	08:00:00	1.11225	1.11258	1.11132	1.11146	1931	0	4
2022.09.13	09:00:00	1.11150	1.11460	1.11132	1.11424	3469	0	4
2022.09.13	10:00:00	1.11422	1.11519	1.11254	1.11426	4188	0	4
2022.09.13	11:00:00	1.11427	1.11565	1.11375	1.11394	3320	0	4
2022.09.13	12:00:00	1.11394	1.11446	1.11200	1.11256	3835	0	4
2022.09.13	13:00:00	1.11256	1.11296	1.11127	1.11265	3857	0	4
2022.09.13	14:00:00	1.11264	1.11496	1.11200	1.11483	3512	0	4
2022.09.13	15:00:00	1.11485	1.11710	1.10833	1.10980	6640	0	4
2022.09.13	16:00:00	1.10981	1.11173	1.10963	1.10987	7254	0	4
2022.09.13	17:00:00	1.10988	1.11131	1.10887	1.10913	6545	0	4
2022.09.13	18:00:00	1.10916	1.10951	1.10637	1.10738	4832	0	4
2022.09.13	19:00:00	1.10740	1.10824	1.10578	1.10580	4106	0	4
2022.09.13	20:00:00	1.10581	1.10687	1.10508	1.10673	3898	0	4
2022.09.13	21:00:00	1.10673	1.10702	1.10503	1.10517	3389	0	4
2022.09.13	22:00:00	1.10518	1.10583	1.10464	1.10572	2934	0	4
2022.09.13	23:00:00	1.10578	1.10598	1.10491	1.10542	1802	0	4
2022.09.14	00:00:00	1.10509	1.10544	1.10410	1.10509	84	0	50
2022.09.14	01:00:00	1.10551	1.10566	1.10456	1.10482	1785	0	4
2022.09.14	02:00:00	1.10480	1.10523	1.10402	1.10492	2160	0	8
2022.09.14	03:00:00	1.10494	1.10585	1.10479	1.10499	3179	0	4
2022.09.14	04:00:00	1.10502	1.10576	1.10418	1.10551	3031	0	7
2022.09.14	05:00:00	1.10555	1.10623	1.10546	1.10608	1870	0	8
2022.09.14	06:00:00	1.10608	1.10653	1.10601	1.10646	1796	0	7
2022.09.14	07:00:00	1.10647	1.10709	1.10610	1.10706	2756	0	6
2022.09.14	08:00:00	1.10704	1.10737	1.10546	1.10570	2773	0	5
2022.09.14	09:00:00	1.10569	1.10628	1.10421	1.10491	4890	0	4
2022.09.14	10:00:00	1.10491	1.10822	1.10470	1.10680	5889	0	4
2022.09.14	11:00:00	1.10678	1.10865	1.10614	1.10829	5692	0	4
2022.09.14	12:00:00	1.10830	1.11153	1.10815	1.11153	5134	0	4
2022.09.14	13:00:00	1.11162	1.11165	1.11000	1.11051	4617	0	4
2022.09.14	14:00:00	1.11052	1.11132	1.10892	1.11011	5236	0	4
2022.09.14	15:00:00	1.11016	1.11208	1.11014	1.11036	5959	0	4
2022.09.14	16:00:00	1.11038	1.11300	1.11027	1.11239	6647	0	4
2022.09.14	17:00:00	1.11240	1.11257	1.11001	1.11163	6577	0	4
2022.09.14	18:00:00	1.11165	1.11279	1.11114	1.11142	4303	0	4
2022.09.14	19:00:00	1.11145	1.11223	1.11114	1.11176	2849	0	4
2022.09.14	20:00:00	1.11177	1.11260	1.11105	1.11110	2687	0	4
2022.09.14	21:00:00	1.11111	1.11226	1.11073	1.11128	2807	0	4
2022.09.14	22:00:00	1.11130	1.11149	1.11068	1.11111	2538	0	4
2022.09.14	23:00:00	1.11109	1.11114	1.11044	1.11058	1108	0	7
2022.09.15	00:00:00	1.10990	1.11083	1.10966	1.11029	54	0	70
2022.09.15	01:00:00	1.11029	1.11074	1.10942	1.11061	753	0	15
2022.09.15	02:00:00	1.11062	1.11070	1.11015	1.11061	1149	0	5
2022.09.15	03:00:00	1.11059	1.11073	1.10982	1.10997	1629	0	7
2022.09.15	04:00:00	1.10997	1.11053	1.10925	1.11051	1994	0	5
2022.09.15	05:00:00	1.11052	1.11113	1.11002	1.11006	1719	0	6
2022.09.15	06:00:00	1.11007	1.11094	1.11004	1.11019	1584	0	4
2022.09.15	07:00:00	1.11018	1.11037	1.10979	1.11009	1137	0	9
2022.09.15	08:00:00	1.11011	1.11018	1.10896	1.10906	1688	0	4
2022.09.15	09:00:00	1.10901	1.11020	1.10830	1.10942	3025	0	4
2022.09.15	10:00:00	1.10947	1.11037	1.10898	1.11007	4153	0	4
2022.09.15	11:00:00	1.11006	1.11037	1.10726	1.10735	4383	0	4
2022.09.15	12:00:00	1.10732	1.10741	1.10131	1.10199	4063	0	4
2022.09.15	13:00:00	1.10208	1.10294	1.09892	1.09945	4040	0	4
2022.09.15	14:00:00	1.09945	1.10130	1.09928	1.10073	3904	0	4
2022.09.15	15:00:00	1.10073	1.10162	1.09914	1.10107	5422	0	4
2022.09.15	16:00:00	1.10107	1.10270	1.09932	1.10184	5191	0	4
2022.09.15	17:00:00	1.10185	1.10471	1.10141	1.10377	5552	0	4
2022.09.15	18:00:00	1.10380	1.10452	1.10184	1.10198	4035	0	4
2022.09.15	19:00:00	1.10198	1.10278	1.10186	1.10249	3001	0	4
2022.09.15	20:00:00	1.10251	1.10300	1.10203	1.10216	2856	0	4
2022.09.15	21:00:00	1.10216	1.10216	1.10097	1.10148	2665	0	4
2022.09.15	22:00:00	1.10150	1.10169	1.10126	1.10163	291	0	6
2022.09.16	00:00:00	1.10209	1.10254	1.09986	1.10158	534	0	67
2022.09.16	01:00:00	1.10188	1.10237	1.10147	1.10196	697	0	9
2022.09.16	02:00:00	1.10196	1.10224	1.10128	1.10137	1077	0	5
2022.09.16	03:00:00	1.10139	1.10243	1.10139	1.10189	2354	0	4
2022.09.16	04:00:00	1.10188	1.10221	1.10098	1.10166	2346	0	6
2022.09.16	05:00:00	1.10168	1.10244	1.10158	1.10240	1646	0	7
2022.09.16	06:00:00	1.10239	1.10262	1.10208	1.10236	1635	0	4
2022.09.16	07:00:00	1.10239	1.10291	1.10226	1.10261	1562	0	9
2022.09.16	08:00:00	1.10261	1.10348	1.10236	1.10346	1627	0	8
2022.09.16	09:00:00	1.10347	1.10347	1.10001	1.10109	4531	0	4
2022.09.16	10:00:00	1.10110	1.10162	1.09495	1.09616	5715	0	4
2022.09.16	11:00:00	1.09617	1.09738	1.09483	1.09643	4627	0	4
2022.09.16	12:00:00	1.09645	1.09717	1.09550	1.09566	4138	0	4
2022.09.16	13:00:00	1.09567	1.09746	1.09515	1.09651	3937	0	4
2022.09.16	14:00:00	1.09650	1.09739	1.09544	1.09633	4334	0	4
2022.09.16	15:00:00	1.09635	1.09678	1.09464	1.09610	4324	0	4
2022.09.16	16:00:00	1.09611	1.09880	1.09544	1.09730	5298	0	4
2022.09.16	17:00:00	1.09698	1.10105	1.09687	1.09988	7322	0	4
2022.09.16	18:00:00	1.09990	1.10213	1.09950	1.10127	5424	0	4
2022.09.16	19:00:00	1.10129	1.10150	1.09943	1.10004	3227	0	4
2022.09.16	20:00:00	1.10003	1.10039	1.09903	1.09905	2341	0	4
2022.09.16	21:00:00	1.09905	1.10127	1.09892	1.10112	2726	0	4
2022.09.16	22:00:00	1.10112	1.10204	1.10091	1.10192	3522	0	4
2022.09.16	23:00:00	1.10188	1.10228	1.10073	1.10130	1190	0	9
2022.09.19	00:00:00	1.09885	1.10064	1.09885	1.09970	395	0	162
2022.09.19	01:00:00	1.09981	1.10179	1.09972	1.10145	1231	0	16
2022.09.19	02:00:00	1.10149	1.10210	1.10114	1.10121	1850	0	7
2022.09.19	03:00:00	1.10126	1.10188	1.10115	1.10165	1737	0	9
2022.09.19	04:00:00	1.10163	1.10213	1.10128	1.10134	1868	0	9
2022.09.19	05:00:00	1.10130	1.10185	1.10053	1.10096	1837	0	4
2022.09.19	06:00:00	1.10097	1.10144	1.10066	1.10111	1077	0	4
2022.09.19	07:00:00	1.10111	1.10174	1.10098	1.10161	1009	0	8
2022.09.19	08:00:00	1.10157	1.10247	1.10121	1.10242	1768	0	7
2022.09.19	09:00:00	1.10242	1.10376	1.10188	1.10267	3237	0	4
2022.09.19	10:00:00	1.10278	1.10412	1.10168	1.10222	3734	0	4
2022.09.19	11:00:00	1.10223	1.10236	1.09886	1.09897	3133	0	4
2022.09.19	12:00:00	1.09898	1.09984	1.09791	1.09795	3114	0	4
2022.09.19	13:00:00	1.09801	1.09918	1.09733	1.09860	3175	0	4
2022.09.19	14:00:00	1.09861	1.10015	1.09843	1.09993	3579	0	4
2022.09.19	15:00:00	1.10000	1.10047	1.09932	1.09933	3741	0	4
2022.09.19	16:00:00	1.09936	1.10124	1.09844	1.10085	3762	0	4
2022.09.19	17:00:00	1.10084	1.10285	1.10005	1.10089	4175	0	4
2022.09.19	18:00:00	1.10092	1.10200	1.10088	1.10171	2676	0	5
2022.09.19	19:00:00	1.10170	1.10243	1.10142	1.10206	1934	0	7
2022.09.19	20:00:00	1.10207	1.10240	1.10175	1.10203	1628	0	4
2022.09.19	21:00:00	1.10200	1.10270	1.10173	1.10268	1373	0	4
2022.09.19	22:00:00	1.10267	1.10310	1.10228	1.10277	1836	0	4
2022.09.19	23:00:00	1.10276	1.10309	1.10216	1.10224	879	0	4
2022.09.20	00:00:00	1.10114	1.10221	1.10060	1.10110	1028	0	67
2022.09.20	01:00:00	1.10119	1.10298	1.10118	1.10277	684	0	9
2022.09.20	02:00:00	1.10269	1.10339	1.10261	1.10319	1433	0	8
2022.09.20	03:00:00	1.10320	1.10387	1.10197	1.10236	2462	0	7
2022.09.20	04:00:00	1.10229	1.10282	1.10186	1.10209	2522	0	4
2022.09.20	05:00:00	1.10208	1.10259	1.10106	1.10209	1756	0	9
2022.09.20	06:00:00	1.10211	1.10283	1.10194	1.10274	1725	0	5
2022.09.20	07:00:00	1.10271	1.10341	1.10248	1.10335	1353	0	7
2022.09.20	08:00:00	1.10334	1.10436	1.10330	1.10362	1721	0	7
2022.09.20	09:00:00	1.10363	1.10390	1.10238	1.10325	4056	0	4
2022.09.20	10:00:00	1.10321	1.10416	1.10246	1.10300	5173	0	4
2022.09.20	11:00:00	1.10302	1.10485	1.10293	1.10440	4025	0	4
2022.09.20	12:00:00	1.10440	1.10509	1.10203	1.10290	4111	0	4
2022.09.20	13:00:00	1.10288	1.10485	1.10262	1.10427	4471	0	4
2022.09.20	14:00:00	1.10425	1.10592	1.10327	1.10344	4740	0	4
2022.09.20	15:00:00	1.10342	1.10514	1.10280	1.10422	5730	0	4
2022.09.20	16:00:00	1.10422	1.10460	1.10043	1.10175	5495	0	4
2022.09.20	17:00:00	1.10175	1.10267	1.10083	1.10130	5050	0	4
2022.09.20	18:00:00	1.10129	1.10194	1.09765	1.09798	3922	0	4
2022.09.20	19:00:00	1.09803	1.09827	1.09592	1.09697	3382	0	4
2022.09.20	20:00:00	1.09698	1.09708	1.09489	1.09553	3816	0	4
2022.09.20	21:00:00	1.09554	1.09634	1.09495	1.09614	2745	0	4
2022.09.20	22:00:00	1.09615	1.09632	1.09595	1.09602	319	0	6
2022.09.21	00:00:00	1.09661	1.09693	1.09566	1.09655	87	0	66
2022.09.21	01:00:00	1.09655	1.09720	1.09630	1.09658	1026	0	8
2022.09.21	02:00:00	1.09654	1.09690	1.09603	1.09682	1276	0	4
2022.09.21	03:00:00	1.09684	1.09700	1.09618	1.09627	2683	0	4
2022.09.21	04:00:00	1.09625	1.09667	1.09589	1.09655	2657	0	5
2022.09.21	05:00:00	1.09654	1.09682	1.09610	1.09679	1646	0	4
2022.09.21	06:00:00	1.09678	1.09738	1.09662	1.09729	1644	0	6
2022.09.21	07:00:00	1.09731	1.09733	1.09662	1.09692	1490	0	8
2022.09.21	08:00:00	1.09693	1.09824	1.09675	1.09688	2309	0	5
2022.09.21	09:00:00	1.09706	1.09708	1.09035	1.09414	6590	0	4
2022.09.21	10:00:00	1.09411	1.09789	1.09321	1.09692	6018	0	4
2022.09.21	11:00:00	1.09692	1.09727	1.09236	1.09265	4600	0	4
2022.09.21	12:00:00	1.09265	1.09510	1.09223	1.09307	3617	0	4
2022.09.21	13:00:00	1.09306	1.09406	1.09291	1.09326	3043	0	4
2022.09.21	14:00:00	1.09330	1.09391	1.09145	1.09248	3715	0	4
2022.09.21	15:00:00	1.09248	1.09430	1.09220	1.09305	4013	0	4
2022.09.21	16:00:00	1.09305	1.09363	1.09167	1.09311	4427	0	4
2022.09.21	17:00:00	1.09310	1.09423	1.09185	1.09342	5426	0	4
2022.09.21	18:00:00	1.09343	1.09441	1.09287	1.09361	4472	0	4
2022.09.21	19:00:00	1.09361	1.09439	1.09288	1.09333	2963	0	4
2022.09.21	20:00:00	1.09334	1.09379	1.09264	1.09282	2656	0	4
2022.09.21	21:00:00	1.09319	1.09328	1.08900	1.09160	7584	0	4
2022.09.21	22:00:00	1.09162	1.09279	1.08974	1.09007	7167	0	4
2022.09.21	23:00:00	1.09004	1.09138	1.08879	1.08958	2816	0	4
2022.09.22	00:00:00	1.08844	1.08937	1.08820	1.08872	342	0	72
2022.09.22	01:00:00	1.08907	1.08959	1.08851	1.08874	1804	0	4
2022.09.22	02:00:00	1.08875	1.08956	1.08746	1.08945	1857	0	9
2022.09.22	03:00:00	1.08946	1.08981	1.08760	1.08769	3441	0	4
2022.09.22	04:00:00	1.08768	1.08784	1.08558	1.08628	3644	0	4
2022.09.22	05:00:00	1.08629	1.08665	1.08386	1.08533	3994	0	4
2022.09.22	06:00:00	1.08534	1.08583	1.08476	1.08529	3351	0	8
2022.09.22	07:00:00	1.08529	1.08575	1.08511	1.08558	2412	0	4
2022.09.22	08:00:00	1.08556	1.08685	1.08502	1.08570	3073	0	4
2022.09.22	09:00:00	1.08572	1.08605	1.08178	1.08180	5425	0	4
2022.09.22	10:00:00	1.08182	1.10251	1.08121	1.10244	7025	0	4
2022.09.22	11:00:00	1.10246	1.10974	1.09957	1.10331	7159	0	4
2022.09.22	12:00:00	1.10333	1.10513	1.10085	1.10296	5165	0	4
2022.09.22	13:00:00	1.10297	1.11478	1.10294	1.11287	5360	0	4
2022.09.22	14:00:00	1.11307	1.11307	1.10530	1.11028	7018	0	4
2022.09.22	15:00:00	1.11029	1.11068	1.10612	1.10719	6974	0	4
2022.09.22	16:00:00	1.10713	1.10713	1.10350	1.10440	6735	0	4
2022.09.22	17:00:00	1.10443	1.10747	1.10432	1.10603	7016	0	4
2022.09.22	18:00:00	1.10602	1.10651	1.10497	1.10499	5250	0	4
2022.09.22	19:00:00	1.10499	1.10506	1.10296	1.10360	4851	0	4
2022.09.22	20:00:00	1.10361	1.10372	1.10195	1.10195	3834	0	4
2022.09.22	21:00:00	1.10195	1.10247	1.10072	1.10158	4203	0	4
2022.09.22	22:00:00	1.10158	1.10170	1.09954	1.09954	4011	0	4
2022.09.22	23:00:00	1.09954	1.10014	1.09886	1.09984	1513	0	5
2022.09.23	00:00:00	1.09916	1.09989	1.09857	1.09921	425	0	129
2022.09.23	01:00:00	1.09921	1.09973	1.09849	1.09898	1245	0	10
2022.09.23	02:00:00	1.09897	1.09957	1.09868	1.09907	1163	0	5
2022.09.23	03:00:00	1.09903	1.10069	1.09889	1.10002	2012	0	6
2022.09.23	04:00:00	1.10003	1.10063	1.09932	1.10001	2753	0	8
2022.09.23	05:00:00	1.10001	1.10007	1.09879	1.09880	2551	0	6
2022.09.23	06:00:00	1.09881	1.09932	1.09850	1.09921	2484	0	5
2022.09.23	07:00:00	1.09922	1.09927	1.09838	1.09876	2416	0	5
2022.09.23	08:00:00	1.09874	1.10009	1.09873	1.10002	3001	0	5
2022.09.23	09:00:00	1.10003	1.10003	1.09772	1.09822	3541	0	4
2022.09.23	10:00:00	1.09820	1.09832	1.09396	1.09591	5603	0	4
2022.09.23	11:00:00	1.09592	1.09695	1.09296	1.09692	4645	0	4
2022.09.23	12:00:00	1.09691	1.09988	1.08768	1.09210	6196	0	4
2022.09.23	13:00:00	1.09198	1.09205	1.08291	1.08386	6145	0	4
2022.09.23	14:00:00	1.08390	1.08662	1.08093	1.08386	5596	0	4
2022.09.23	15:00:00	1.08385	1.08608	1.08262	1.08333	5400	0	4
2022.09.23	16:00:00	1.08330	1.08515	1.07542	1.07542	5968	0	4
2022.09.23	17:00:00	1.07545	1.07753	1.06874	1.06978	7019	0	4
2022.09.23	18:00:00	1.06977	1.07293	1.06977	1.07196	5663	0	4
2022.09.23	19:00:00	1.07194	1.07199	1.06523	1.06838	4866	0	4
2022.09.23	20:00:00	1.06840	1.06936	1.06751	1.06857	4466	0	4
2022.09.23	21:00:00	1.06856	1.06933	1.06598	1.06662	3990	0	4
2022.09.23	22:00:00	1.06664	1.06772	1.06602	1.06695	4465	0	5
2022.09.23	23:00:00	1.06692	1.06754	1.06430	1.06441	2169	0	6
2022.09.26	00:00:00	1.06088	1.06221	1.06046	1.06166	308	0	269
2022.09.26	01:00:00	1.06189	1.06486	1.05868	1.06486	3091	0	33
2022.09.26	02:00:00	1.06487	1.06493	1.05920	1.06028	3156	0	13
2022.09.26	03:00:00	1.06028	1.06243	1.02200	1.02294	5402	0	4
2022.09.26	04:00:00	1.02304	1.03885	1.01640	1.03753	6906	0	4
2022.09.26	05:00:00	1.03777	1.04088	1.03427	1.03652	4728	0	11
2022.09.26	06:00:00	1.03649	1.03989	1.02888	1.03394	4270	0	4
2022.09.26	07:00:00	1.03394	1.04120	1.03122	1.03742	4480	0	9
2022.09.26	08:00:00	1.03734	1.04141	1.03632	1.04015	4808	0	4
2022.09.26	09:00:00	1.04038	1.05381	1.04003	1.05100	6843	0	4
2022.09.26	10:00:00	1.05107	1.05496	1.04761	1.04905	7308	0	4
2022.09.26	11:00:00	1.04896	1.06278	1.04896	1.05944	6532	0	4
2022.09.26	12:00:00	1.05955	1.06362	1.05491	1.05629	6460	0	4
2022.09.26	13:00:00	1.05630	1.06422	1.05627	1.06255	6624	0	4
2022.09.26	14:00:00	1.06256	1.07297	1.06015	1.06704	6374	0	4
2022.09.26	15:00:00	1.06709	1.07945	1.06350	1.07376	7269	0	4
2022.09.26	16:00:00	1.07373	1.07526	1.06925	1.07155	6643	0	4
2022.09.26	17:00:00	1.07157	1.07169	1.06503	1.06910	7151	0	4
2022.09.26	18:00:00	1.06911	1.07365	1.05610	1.06202	7848	0	4
2022.09.26	19:00:00	1.06198	1.06498	1.05749	1.06240	6039	0	4
2022.09.26	20:00:00	1.06241	1.06407	1.06061	1.06316	6116	0	4
2022.09.26	21:00:00	1.06317	1.06435	1.06023	1.06321	5150	0	5
2022.09.26	22:00:00	1.06323	1.06429	1.06202	1.06217	5554	0	4
2022.09.26	23:00:00	1.06215	1.06255	1.06056	1.06171	2908	0	6
2022.09.27	00:00:00	1.06070	1.06231	1.06024	1.06089	1661	0	79
2022.09.27	01:00:00	1.06063	1.06277	1.05848	1.06255	3485	0	8
2022.09.27	02:00:00	1.06258	1.06922	1.06248	1.06820	2174	0	14
2022.09.27	03:00:00	1.06816	1.06903	1.06630	1.06722	3592	0	14
2022.09.27	04:00:00	1.06724	1.06848	1.06633	1.06783	3617	0	4
2022.09.27	05:00:00	1.06786	1.06934	1.06596	1.06915	2982	0	6
2022.09.27	06:00:00	1.06915	1.06922	1.06770	1.06805	2763	0	9
2022.09.27	07:00:00	1.06805	1.06965	1.06758	1.06781	2686	0	8
2022.09.27	08:00:00	1.06780	1.07174	1.06734	1.06983	3576	0	6
2022.09.27	09:00:00	1.07003	1.07098	1.06490	1.06500	5910	0	4
2022.09.27	10:00:00	1.06504	1.07045	1.06481	1.06870	6883	0	4
2022.09.27	11:00:00	1.06873	1.07196	1.06628	1.06640	6157	0	4
2022.09.27	12:00:00	1.06633	1.06869	1.06560	1.06781	5481	0	4
2022.09.27	13:00:00	1.06780	1.06883	1.06524	1.06582	5221	0	4
2022.09.27	14:00:00	1.06589	1.06770	1.06397	1.06440	5091	0	4
2022.09.27	15:00:00	1.06451	1.06717	1.06407	1.06529	6156	0	4
2022.09.27	16:00:00	1.06533	1.06605	1.06127	1.06538	7360	0	4
2022.09.27	17:00:00	1.06538	1.06715	1.06328	1.06635	7624	0	4
2022.09.27	18:00:00	1.06633	1.06819	1.06355	1.06393	6315	0	4
2022.09.27	19:00:00	1.06392	1.06406	1.05643	1.05737	6187	0	5
2022.09.27	20:00:00	1.05729	1.06026	1.05572	1.06022	5101	0	4
2022.09.27	21:00:00	1.06023	1.06454	1.05976	1.06352	4361	0	4
2022.09.27	22:00:00	1.06351	1.06399	1.06229	1.06340	4632	0	4
2022.09.27	23:00:00	1.06337	1.06460	1.06314	1.06437	1714	0	8
2022.09.28	00:00:00	1.06024	1.06385	1.06024	1.06357	669	0	92
2022.09.28	01:00:00	1.06343	1.06462	1.06239	1.06239	1486	0	5
2022.09.28	02:00:00	1.06234	1.06385	1.06207	1.06373	2099	0	16
2022.09.28	03:00:00	1.06373	1.06459	1.06153	1.06215	3728	0	4
2022.09.28	04:00:00	1.06215	1.06281	1.05955	1.06006	4481	0	5
2022.09.28	05:00:00	1.06005	1.06114	1.05765	1.05789	4356	0	5
2022.09.28	06:00:00	1.05789	1.06059	1.05769	1.06005	3232	0	11
2022.09.28	07:00:00	1.06004	1.06043	1.05806	1.05951	3676	0	4
2022.09.28	08:00:00	1.05942	1.06335	1.05910	1.06283	4167	0	7
2022.09.28	09:00:00	1.06281	1.06419	1.05915	1.06038	6906	0	4
2022.09.28	10:00:00	1.06042	1.06219	1.05871	1.06054	7712	0	4
2022.09.28	11:00:00	1.06057	1.06309	1.05656	1.06192	7163	0	4
2022.09.28	12:00:00	1.06195	1.06232	1.05891	1.06009	6020	0	4
2022.09.28	13:00:00	1.06010	1.07312	1.05310	1.05588	8028	0	4
2022.09.28	14:00:00	1.05586	1.05596	1.04214	1.04501	7825	0	4
2022.09.28	15:00:00	1.04493	1.05306	1.04348	1.05249	7939	0	4
2022.09.28	16:00:00	1.05244	1.05260	1.04710	1.05122	8152	0	4
2022.09.28	17:00:00	1.05124	1.05708	1.05080	1.05446	7813	0	4
2022.09.28	18:00:00	1.05454	1.05848	1.05195	1.05673	7550	0	4
2022.09.28	19:00:00	1.05672	1.06121	1.05617	1.06073	7068	0	4
2022.09.28	20:00:00	1.06075	1.06502	1.06031	1.06268	6380	0	4
2022.09.28	21:00:00	1.06268	1.06370	1.06171	1.06356	4306	0	4
2022.09.28	22:00:00	1.06356	1.06356	1.06177	1.06237	4061	0	4
2022.09.28	23:00:00	1.06236	1.06299	1.06105	1.06284	2740	0	4
2022.09.29	00:00:00	1.06082	1.06204	1.05975	1.06126	1167	0	94
2022.09.29	01:00:00	1.06114	1.06201	1.06014	1.06047	2279	0	6
2022.09.29	02:00:00	1.06044	1.06071	1.05856	1.05900	2348	0	4
2022.09.29	03:00:00	1.05900	1.05920	1.05645	1.05682	3524	0	15
2022.09.29	04:00:00	1.05676	1.05796	1.05601	1.05673	3955	0	11
2022.09.29	05:00:00	1.05671	1.05727	1.05553	1.05656	2825	0	9
2022.09.29	06:00:00	1.05654	1.05703	1.05597	1.05677	2545	0	12
2022.09.29	07:00:00	1.05678	1.05879	1.05675	1.05826	2252	0	13
2022.09.29	08:00:00	1.05830	1.05866	1.05633	1.05750	3827	0	10
2022.09.29	09:00:00	1.05750	1.06149	1.05652	1.06135	5711	0	10
2022.09.29	10:00:00	1.06107	1.06351	1.05847	1.06142	7323	0	4
2022.09.29	11:00:00	1.06144	1.06331	1.05924	1.06126	6396	0	4
2022.09.29	12:00:00	1.06117	1.06872	1.06109	1.06565	6508	0	4
2022.09.29	13:00:00	1.06565	1.06726	1.05956	1.06006	6363	0	8
2022.09.29	14:00:00	1.06008	1.06620	1.05955	1.06557	6388	0	5
2022.09.29	15:00:00	1.06553	1.07077	1.06437	1.07071	6650	0	4
2022.09.29	16:00:00	1.07073	1.08025	1.07070	1.07810	7614	0	4
2022.09.29	17:00:00	1.07803	1.08210	1.07474	1.08210	7628	0	4
2022.09.29	18:00:00	1.08213	1.08385	1.07950	1.08224	6721	0	5
2022.09.29	19:00:00	1.08235	1.08689	1.08214	1.08437	5701	0	5
2022.09.29	20:00:00	1.08436	1.08505	1.08098	1.08203	3820	0	7
2022.09.29	21:00:00	1.08204	1.08356	1.08044	1.08147	3916	0	9
2022.09.29	22:00:00	1.08139	1.08309	1.08088	1.08229	4184	0	4
2022.09.29	23:00:00	1.08224	1.08403	1.08149	1.08331	2211	0	8
2022.09.30	00:00:00	1.08236	1.08508	1.08210	1.08366	627	0	76
2022.09.30	01:00:00	1.08332	1.09120	1.08314	1.08719	4682	0	4
2022.09.30	02:00:00	1.08719	1.09103	1.08499	1.08892	3243	0	15
2022.09.30	03:00:00	1.08888	1.08932	1.08690	1.08735	4035	0	16
2022.09.30	04:00:00	1.08726	1.08877	1.08642	1.08733	3974	0	8
2022.09.30	05:00:00	1.08732	1.08890	1.08076	1.08318	3856	0	4
2022.09.30	06:00:00	1.08319	1.08403	1.08179	1.08181	3068	0	17
2022.09.30	07:00:00	1.08182	1.08472	1.08182	1.08435	2291	0	13
2022.09.30	08:00:00	1.08437	1.08977	1.08423	1.08659	3594	0	8
2022.09.30	09:00:00	1.08645	1.08994	1.08397	1.08891	6112	0	5
2022.09.30	10:00:00	1.08890	1.09142	1.08664	1.09142	6820	0	4
2022.09.30	11:00:00	1.09148	1.09733	1.09101	1.09532	6639	0	4
2022.09.30	12:00:00	1.09537	1.09551	1.08924	1.09062	5805	0	4
2022.09.30	13:00:00	1.09064	1.09141	1.08309	1.08385	6286	0	4
2022.09.30	14:00:00	1.08386	1.08685	1.08193	1.08300	5669	0	4
2022.09.30	15:00:00	1.08303	1.08580	1.08143	1.08420	6173	0	5
2022.09.30	16:00:00	1.08418	1.09009	1.08315	1.08863	7257	0	4
2022.09.30	17:00:00	1.08863	1.09950	1.08643	1.09902	7790	0	4
2022.09.30	18:00:00	1.09906	1.09926	1.09276	1.09604	7248	0	4
2022.09.30	19:00:00	1.09603	1.09625	1.09388	1.09478	5320	0	4
2022.09.30	20:00:00	1.09481	1.09863	1.09440	1.09830	4301	0	4
2022.09.30	21:00:00	1.09833	1.10242	1.09771	1.10184	4225	0	4
2022.09.30	22:00:00	1.10197	1.10238	1.10015	1.10170	5550	0	4
2022.09.30	23:00:00	1.10170	1.10198	1.09904	1.10095	2116	0	4
2022.10.03	00:00:00	1.09940	1.10279	1.09925	1.10265	312	0	209
2022.10.03	01:00:00	1.10269	1.10302	1.09866	1.09901	1572	0	17
2022.10.03	02:00:00	1.09878	1.09910	1.09692	1.09727	3125	0	6
2022.10.03	03:00:00	1.09727	1.09805	1.09542	1.09700	3889	0	8
2022.10.03	04:00:00	1.09701	1.09904	1.09695	1.09772	4151	0	12
2022.10.03	05:00:00	1.09765	1.09770	1.09522	1.09630	2831	0	7
2022.10.03	06:00:00	1.09629	1.09633	1.09521	1.09548	2430	0	4
2022.10.03	07:00:00	1.09550	1.09551	1.09315	1.09443	3088	0	4
2022.10.03	08:00:00	1.09444	1.10981	1.09425	1.10675	4529	0	4
2022.10.03	09:00:00	1.10662	1.10904	1.10310	1.10358	6677	0	4
2022.10.03	10:00:00	1.10348	1.10778	1.10155	1.10718	6293	0	4
2022.10.03	11:00:00	1.10715	1.11101	1.10522	1.10764	5636	0	4
2022.10.03	12:00:00	1.10764	1.10872	1.10664	1.10841	4703	0	4
2022.10.03	13:00:00	1.10837	1.10919	1.10636	1.10846	4165	0	4
2022.10.03	14:00:00	1.10850	1.10974	1.10634	1.10817	4566	0	4
2022.10.03	15:00:00	1.10817	1.11115	1.10801	1.10953	5884	0	4
2022.10.03	16:00:00	1.10952	1.11313	1.10937	1.11174	6526	0	4
2022.10.03	17:00:00	1.11183	1.11868	1.11037	1.11756	7601	0	4
2022.10.03	18:00:00	1.11757	1.12387	1.11716	1.11907	6739	0	4
2022.10.03	19:00:00	1.11910	1.12010	1.11775	1.11828	6004	0	4
2022.10.03	20:00:00	1.11838	1.12086	1.11835	1.12086	4124	0	4
2022.10.03	21:00:00	1.12086	1.12450	1.12061	1.12290	4051	0	4
2022.10.03	22:00:00	1.12285	1.12465	1.12249	1.12465	3963	0	4
2022.10.03	23:00:00	1.12454	1.12464	1.12328	1.12338	1737	0	5
2022.10.04	00:00:00	1.12187	1.12296	1.12123	1.12195	225	0	60
2022.10.04	01:00:00	1.12198	1.12395	1.12189	1.12363	1861	0	8
2022.10.04	02:00:00	1.12362	1.12570	1.12337	1.12564	2740	0	5
2022.10.04	03:00:00	1.12565	1.12584	1.12337	1.12470	3455	0	4
2022.10.04	04:00:00	1.12467	1.12519	1.12267	1.12296	3250	0	11
2022.10.04	05:00:00	1.12293	1.12346	1.12062	1.12070	3199	0	4
2022.10.04	06:00:00	1.12064	1.12219	1.11970	1.12050	4329	0	5
2022.10.04	07:00:00	1.12048	1.12222	1.12029	1.12220	3273	0	4
2022.10.04	08:00:00	1.12217	1.12703	1.12210	1.12674	4365	0	4
2022.10.04	09:00:00	1.12669	1.12691	1.12317	1.12509	7111	0	4
2022.10.04	10:00:00	1.12521	1.12864	1.12480	1.12747	7913	0	4
2022.10.04	11:00:00	1.12747	1.12793	1.12124	1.12394	5981	0	4
2022.10.04	12:00:00	1.12392	1.12542	1.12023	1.12321	6483	0	4
2022.10.04	13:00:00	1.12318	1.12422	1.11899	1.12076	5526	0	4
2022.10.04	14:00:00	1.12084	1.12166	1.11773	1.11940	6292	0	4
2022.10.04	15:00:00	1.11938	1.12350	1.11840	1.12279	7034	0	4
2022.10.04	16:00:00	1.12285	1.12328	1.11942	1.12066	7371	0	4
2022.10.04	17:00:00	1.12066	1.12181	1.11789	1.11909	8685	0	4
2022.10.04	18:00:00	1.11906	1.12248	1.11823	1.12220	6159	0	4
2022.10.04	19:00:00	1.12216	1.12500	1.12120	1.12253	5695	0	4
2022.10.04	20:00:00	1.12252	1.12418	1.12095	1.12380	4592	0	4
2022.10.04	21:00:00	1.12376	1.12414	1.12281	1.12336	3787	0	4
2022.10.04	22:00:00	1.12328	1.12390	1.12207	1.12334	4738	0	4
2022.10.04	23:00:00	1.12340	1.12415	1.12290	1.12395	2539	0	9
2022.10.05	00:00:00	1.12268	1.12399	1.12192	1.12379	196	0	81
2022.10.05	01:00:00	1.12379	1.12517	1.12280	1.12324	1320	0	12
2022.10.05	02:00:00	1.12321	1.12321	1.12059	1.12069	1985	0	10
2022.10.05	03:00:00	1.12072	1.12258	1.11936	1.12066	4447	0	4
2022.10.05	04:00:00	1.12065	1.12221	1.12023	1.12081	5759	0	4
2022.10.05	05:00:00	1.12079	1.12141	1.11929	1.11998	4869	0	8
2022.10.05	06:00:00	1.12000	1.12107	1.11968	1.12030	3458	0	10
2022.10.05	07:00:00	1.12030	1.12153	1.12003	1.12070	2644	0	12
2022.10.05	08:00:00	1.12071	1.12195	1.12016	1.12154	3367	0	4
2022.10.05	09:00:00	1.12158	1.12663	1.12087	1.12531	5662	0	4
2022.10.05	10:00:00	1.12532	1.12584	1.12043	1.12084	7172	0	4
2022.10.05	11:00:00	1.12087	1.12214	1.11877	1.12094	6285	0	4
2022.10.05	12:00:00	1.12097	1.12194	1.11876	1.12054	4715	0	4
2022.10.05	13:00:00	1.12054	1.12139	1.11690	1.11796	4931	0	4
2022.10.05	14:00:00	1.11797	1.11911	1.11501	1.11622	5042	0	4
2022.10.05	15:00:00	1.11622	1.11728	1.11168	1.11259	6510	0	4
2022.10.05	16:00:00	1.11262	1.11428	1.11176	1.11251	7001	0	4
2022.10.05	17:00:00	1.11250	1.11361	1.10764	1.10883	9150	0	4
2022.10.05	18:00:00	1.10875	1.11084	1.10687	1.10923	6307	0	4
2022.10.05	19:00:00	1.10922	1.11223	1.10829	1.11149	4611	0	4
2022.10.05	20:00:00	1.11148	1.11381	1.11143	1.11280	4505	0	4
2022.10.05	21:00:00	1.11274	1.11496	1.11215	1.11458	4006	0	4
2022.10.05	22:00:00	1.11457	1.11526	1.11413	1.11425	542	0	4
2022.10.06	00:00:00	1.11011	1.11333	1.11011	1.11224	2778	0	98
2022.10.06	01:00:00	1.11214	1.11356	1.11101	1.11306	1604	0	4
2022.10.06	02:00:00	1.11307	1.11467	1.11297	1.11436	2087	0	10
2022.10.06	03:00:00	1.11439	1.11593	1.11383	1.11456	3848	0	8
2022.10.06	04:00:00	1.11451	1.11508	1.11303	1.11490	4246	0	8
2022.10.06	05:00:00	1.11489	1.11537	1.11386	1.11433	3542	0	13
2022.10.06	06:00:00	1.11434	1.11528	1.11413	1.11470	2837	0	4
2022.10.06	07:00:00	1.11469	1.11479	1.11356	1.11450	2899	0	4
2022.10.06	08:00:00	1.11451	1.11457	1.11272	1.11293	3127	0	5
2022.10.06	09:00:00	1.11293	1.11298	1.10826	1.10931	5698	0	4
2022.10.06	10:00:00	1.10939	1.11221	1.10888	1.10980	7592	0	4
2022.10.06	11:00:00	1.10977	1.11021	1.10790	1.10879	5752	0	4
2022.10.06	12:00:00	1.10880	1.11102	1.10748	1.10860	5130	0	4
2022.10.06	13:00:00	1.10860	1.10899	1.10606	1.10678	4914	0	4
2022.10.06	14:00:00	1.10675	1.10975	1.10666	1.10771	6464	0	4
2022.10.06	15:00:00	1.10770	1.11042	1.10704	1.11038	6200	0	4
2022.10.06	16:00:00	1.11036	1.11128	1.10755	1.10959	7939	0	5
2022.10.06	17:00:00	1.10960	1.11132	1.10702	1.10754	8070	0	4
2022.10.06	18:00:00	1.10754	1.10770	1.10196	1.10199	7328	0	4
2022.10.06	19:00:00	1.10197	1.10478	1.10049	1.10305	7167	0	4
2022.10.06	20:00:00	1.10306	1.10743	1.10305	1.10727	5074	0	4
2022.10.06	21:00:00	1.10726	1.10777	1.10450	1.10471	5172	0	4
2022.10.06	22:00:00	1.10471	1.10556	1.10418	1.10501	4448	0	4
2022.10.06	23:00:00	1.10501	1.10624	1.10501	1.10557	1950	0	4
2022.10.07	00:00:00	1.10586	1.10586	1.10351	1.10452	402	0	127
2022.10.07	01:00:00	1.10442	1.10592	1.10300	1.10532	883	0	13
2022.10.07	02:00:00	1.10531	1.10580	1.10462	1.10496	2910	0	5
2022.10.07	03:00:00	1.10489	1.10528	1.10271	1.10390	3373	0	4
2022.10.07	04:00:00	1.10374	1.10585	1.10353	1.10581	3390	0	7
2022.10.07	05:00:00	1.10581	1.10743	1.10561	1.10668	2638	0	4
2022.10.07	06:00:00	1.10669	1.10717	1.10495	1.10539	2345	0	4
2022.10.07	07:00:00	1.10538	1.10547	1.10382	1.10429	2049	0	10
2022.10.07	08:00:00	1.10432	1.10611	1.10430	1.10604	2824	0	4
2022.10.07	09:00:00	1.10603	1.10603	1.10160	1.10345	6308	0	4
2022.10.07	10:00:00	1.10339	1.10671	1.10236	1.10552	6296	0	4
2022.10.07	11:00:00	1.10552	1.10989	1.10475	1.10860	5807	0	4
2022.10.07	12:00:00	1.10861	1.11143	1.10771	1.11124	5487	0	4
2022.10.07	13:00:00	1.11127	1.11186	1.10742	1.10918	5153	0	4
2022.10.07	14:00:00	1.10915	1.11033	1.10877	1.10906	4205	0	4
2022.10.07	15:00:00	1.10907	1.11108	1.10375	1.10594	7725	0	4
2022.10.07	16:00:00	1.10589	1.10915	1.10431	1.10449	8897	0	4
2022.10.07	17:00:00	1.10450	1.10553	1.10249	1.10422	8456	0	4
2022.10.07	18:00:00	1.10418	1.10451	1.10125	1.10197	6987	0	4
2022.10.07	19:00:00	1.10194	1.10397	1.10113	1.10231	5769	0	4
2022.10.07	20:00:00	1.10233	1.10260	1.10155	1.10210	3915	0	4
2022.10.07	21:00:00	1.10214	1.10279	1.10170	1.10188	3408	0	4
2022.10.07	22:00:00	1.10191	1.10224	1.09992	1.10210	4020	0	4
2022.10.07	23:00:00	1.10209	1.10332	1.10187	1.10242	3507	0	4
2022.10.10	00:00:00	1.10086	1.10146	1.10018	1.10143	115	0	218
2022.10.10	01:00:00	1.10138	1.10252	1.10029	1.10126	2072	0	4
2022.10.10	02:00:00	1.10124	1.10179	1.10056	1.10111	2319	0	14
2022.10.10	03:00:00	1.10121	1.10263	1.10026	1.10220	4444	0	4
2022.10.10	04:00:00	1.10223	1.10356	1.10210	1.10328	4887	0	5
2022.10.10	05:00:00	1.10327	1.10399	1.10164	1.10175	2976	0	4
2022.10.10	06:00:00	1.10174	1.10211	1.10072	1.10106	2630	0	4
2022.10.10	07:00:00	1.10106	1.10167	1.10075	1.10152	1998	0	4
2022.10.10	08:00:00	1.10152	1.10175	1.09922	1.09945	3280	0	4
2022.10.10	09:00:00	1.09956	1.10281	1.09926	1.10088	4906	0	4
2022.10.10	10:00:00	1.10091	1.10569	1.10078	1.10434	9186	0	4
2022.10.10	11:00:00	1.10435	1.10472	1.10006	1.10251	8092	0	4
2022.10.10	12:00:00	1.10252	1.10634	1.10245	1.10456	6944	0	4
2022.10.10	13:00:00	1.10453	1.10545	1.10308	1.10354	5733	0	4
2022.10.10	14:00:00	1.10351	1.10589	1.10288	1.10528	6085	0	4
2022.10.10	15:00:00	1.10528	1.10531	1.10234	1.10502	7789	0	4
2022.10.10	16:00:00	1.10502	1.10543	1.10315	1.10462	9234	0	4
2022.10.10	17:00:00	1.10461	1.10561	1.10226	1.10452	10671	0	4
2022.10.10	18:00:00	1.10455	1.10522	1.10301	1.10391	9413	0	4
2022.10.10	19:00:00	1.10395	1.10472	1.10284	1.10310	5051	0	5
2022.10.10	20:00:00	1.10312	1.10739	1.10275	1.10638	7879	0	4
2022.10.10	21:00:00	1.10636	1.10678	1.10533	1.10539	5086	0	4
2022.10.10	22:00:00	1.10537	1.10661	1.10498	1.10558	6883	0	4
2022.10.10	23:00:00	1.10559	1.10602	1.10520	1.10556	2028	0	4
2022.10.11	00:00:00	1.10467	1.10507	1.10417	1.10463	232	0	84
2022.10.11	01:00:00	1.10477	1.10647	1.10427	1.10582	1339	0	12
2022.10.11	02:00:00	1.10585	1.10732	1.10577	1.10731	1758	0	9
2022.10.11	03:00:00	1.10731	1.10810	1.10621	1.10724	4774	0	4
2022.10.11	04:00:00	1.10724	1.10814	1.10560	1.10626	6935	0	8
2022.10.11	05:00:00	1.10620	1.10642	1.10353	1.10518	6249	0	4
2022.10.11	06:00:00	1.10517	1.10650	1.10513	1.10553	3829	0	4
2022.10.11	07:00:00	1.10551	1.10600	1.10392	1.10435	3888	0	4
2022.10.11	08:00:00	1.10436	1.10501	1.10355	1.10377	4056	0	4
2022.10.11	09:00:00	1.10390	1.10629	1.10082	1.10161	9488	0	4
2022.10.11	10:00:00	1.10159	1.10395	1.10113	1.10267	11613	0	4
2022.10.11	11:00:00	1.10266	1.10503	1.10207	1.10428	10386	0	4
2022.10.11	12:00:00	1.10427	1.10615	1.10273	1.10358	7899	0	4
2022.10.11	13:00:00	1.10358	1.10455	1.10225	1.10358	8418	0	4
2022.10.11	14:00:00	1.10354	1.10533	1.10321	1.10406	9294	0	4
2022.10.11	15:00:00	1.10405	1.10626	1.10253	1.10566	9382	0	4
2022.10.11	16:00:00	1.10566	1.10603	1.10398	1.10424	11014	0	4
2022.10.11	17:00:00	1.10423	1.10579	1.10276	1.10515	13007	0	4
2022.10.11	18:00:00	1.10513	1.11174	1.10485	1.10984	11529	0	4
2022.10.11	19:00:00	1.10984	1.10990	1.10672	1.10733	9119	0	4
2022.10.11	20:00:00	1.10733	1.10782	1.10496	1.10518	7667	0	4
2022.10.11	21:00:00	1.10518	1.10547	1.09881	1.09904	9326	0	4
2022.10.11	22:00:00	1.09904	1.09911	1.09337	1.09486	11830	0	4
2022.10.11	23:00:00	1.09486	1.09493	1.09194	1.09393	5523	0	4
2022.10.12	00:00:00	1.09334	1.09407	1.09207	1.09300	4249	0	61
2022.10.12	01:00:00	1.09305	1.09542	1.09284	1.09477	2696	0	6
2022.10.12	02:00:00	1.09474	1.09509	1.09263	1.09383	3313	0	15
2022.10.12	03:00:00	1.09383	1.09502	1.09287	1.09397	5423	0	6
2022.10.12	04:00:00	1.09394	1.09443	1.09158	1.09281	6735	0	10
2022.10.12	05:00:00	1.09280	1.09343	1.09078	1.09213	5240	0	4
2022.10.12	06:00:00	1.09213	1.09267	1.09097	1.09191	3445	0	7
2022.10.12	07:00:00	1.09192	1.10082	1.09186	1.09567	7458	0	5
2022.10.12	08:00:00	1.09565	1.09719	1.09373	1.09577	6202	0	9
2022.10.12	09:00:00	1.09578	1.09586	1.09251	1.09332	9747	0	4
2022.10.12	10:00:00	1.09331	1.09777	1.08955	1.09065	12956	0	4
2022.10.12	11:00:00	1.09067	1.10016	1.09033	1.09880	10518	0	4
2022.10.12	12:00:00	1.09881	1.10298	1.09783	1.10212	9156	0	4
2022.10.12	13:00:00	1.10214	1.10442	1.10078	1.10232	7927	0	4
2022.10.12	14:00:00	1.10241	1.10335	1.09952	1.09966	8090	0	4
2022.10.12	15:00:00	1.09970	1.10078	1.09807	1.09935	8947	0	4
2022.10.12	16:00:00	1.09937	1.10092	1.09847	1.10092	11651	0	4
2022.10.12	17:00:00	1.10087	1.10662	1.10036	1.10578	12685	0	4
2022.10.12	18:00:00	1.10576	1.10746	1.10395	1.10715	11358	0	4
2022.10.12	19:00:00	1.10715	1.10716	1.10459	1.10479	10070	0	4
2022.10.12	20:00:00	1.10478	1.10709	1.10455	1.10587	6501	0	5
2022.10.12	21:00:00	1.10598	1.10872	1.10551	1.10728	12148	0	4
2022.10.12	22:00:00	1.10719	1.10824	1.10642	1.10683	5893	0	5
2022.10.12	23:00:00	1.10682	1.10730	1.10592	1.10711	3046	0	4
2022.10.13	00:00:00	1.10637	1.10651	1.10544	1.10594	153	0	172
2022.10.13	01:00:00	1.10584	1.10710	1.10537	1.10649	638	0	4
2022.10.13	02:00:00	1.10648	1.10768	1.10642	1.10743	2879	0	4
2022.10.13	03:00:00	1.10742	1.10805	1.10633	1.10761	4584	0	7
2022.10.13	04:00:00	1.10760	1.10787	1.10612	1.10654	5483	0	8
2022.10.13	05:00:00	1.10655	1.10678	1.10526	1.10599	4467	0	4
2022.10.13	06:00:00	1.10598	1.10667	1.10560	1.10574	2450	0	11
2022.10.13	07:00:00	1.10575	1.10682	1.10559	1.10623	2025	0	11
2022.10.13	08:00:00	1.10622	1.10629	1.10554	1.10563	2362	0	9
2022.10.13	09:00:00	1.10565	1.10656	1.10427	1.10493	5402	0	4
2022.10.13	10:00:00	1.10492	1.10846	1.10429	1.10797	8426	0	4
2022.10.13	11:00:00	1.10798	1.10908	1.10668	1.10873	5809	0	4
2022.10.13	12:00:00	1.10870	1.11340	1.10853	1.11311	7653	0	4
2022.10.13	13:00:00	1.11313	1.11477	1.11238	1.11385	8110	0	4
2022.10.13	14:00:00	1.11386	1.12570	1.11338	1.12349	11836	0	4
2022.10.13	15:00:00	1.12351	1.12709	1.12115	1.12668	15126	0	4
2022.10.13	16:00:00	1.12667	1.12791	1.12337	1.12519	17557	0	4
2022.10.13	17:00:00	1.12523	1.12820	1.12417	1.12813	16026	0	4
2022.10.13	18:00:00	1.12817	1.13409	1.12767	1.13268	18794	0	4
2022.10.13	19:00:00	1.13269	1.13568	1.13107	1.13284	15133	0	4
2022.10.13	20:00:00	1.13278	1.13325	1.13021	1.13140	11515	0	4
2022.10.13	21:00:00	1.13141	1.13269	1.12931	1.13043	9791	0	4
2022.10.13	22:00:00	1.13040	1.13150	1.12988	1.13131	7790	0	4
2022.10.13	23:00:00	1.13122	1.13457	1.13104	1.13454	3314	0	8
2022.10.14	00:00:00	1.13147	1.13365	1.13130	1.13325	617	0	131
2022.10.14	01:00:00	1.13327	1.13432	1.13207	1.13391	1605	0	20
2022.10.14	02:00:00	1.13402	1.13413	1.13161	1.13206	2354	0	9
2022.10.14	03:00:00	1.13206	1.13298	1.13096	1.13226	6184	0	11
2022.10.14	04:00:00	1.13227	1.13445	1.13144	1.13320	7173	0	11
2022.10.14	05:00:00	1.13323	1.13389	1.13182	1.13203	5676	0	12
2022.10.14	06:00:00	1.13211	1.13294	1.13117	1.13145	4874	0	6
2022.10.14	07:00:00	1.13146	1.13150	1.13041	1.13118	3447	0	5
2022.10.14	08:00:00	1.13116	1.13193	1.13022	1.13037	5134	0	6
2022.10.14	09:00:00	1.13037	1.13053	1.12589	1.12801	10073	0	4
2022.10.14	10:00:00	1.12800	1.12982	1.12412	1.12838	10781	0	4
2022.10.14	11:00:00	1.12833	1.13087	1.12640	1.12835	9556	0	4
2022.10.14	12:00:00	1.12831	1.13260	1.12685	1.12753	9979	0	4
2022.10.14	13:00:00	1.12751	1.13096	1.12668	1.12785	12791	0	4
2022.10.14	14:00:00	1.12792	1.12898	1.12159	1.12392	10412	0	4
2022.10.14	15:00:00	1.12394	1.12750	1.12278	1.12571	12045	0	4
2022.10.14	16:00:00	1.12567	1.12718	1.12255	1.12268	15758	0	4
2022.10.14	17:00:00	1.12268	1.12917	1.12131	1.12908	14676	0	4
2022.10.14	18:00:00	1.12907	1.12987	1.12488	1.12605	11079	0	4
2022.10.14	19:00:00	1.12606	1.12714	1.12166	1.12240	10752	0	4
2022.10.14	20:00:00	1.12241	1.12425	1.12155	1.12406	7478	0	4
2022.10.14	21:00:00	1.12404	1.12415	1.12240	1.12360	5946	0	4
2022.10.14	22:00:00	1.12359	1.12397	1.12257	1.12387	6756	0	4
2022.10.14	23:00:00	1.12388	1.12388	1.12219	1.12370	2899	0	9
2022.10.17	00:00:00	1.12370	1.12781	1.12370	1.12677	555	0	45
2022.10.17	01:00:00	1.12642	1.12882	1.12562	1.12833	1429	0	35
2022.10.17	02:00:00	1.12833	1.12866	1.12624	1.12813	3272	0	8
2022.10.17	03:00:00	1.12815	1.12847	1.12566	1.12618	5240	0	6
2022.10.17	04:00:00	1.12624	1.12775	1.12570	1.12735	4518	0	10
2022.10.17	05:00:00	1.12739	1.12800	1.12655	1.12693	4456	0	6
2022.10.17	06:00:00	1.12691	1.12786	1.12660	1.12738	6910	0	4
2022.10.17	07:00:00	1.12740	1.12744	1.12590	1.12688	4030	0	4
2022.10.17	08:00:00	1.12685	1.13200	1.12668	1.13057	6238	0	6
2022.10.17	09:00:00	1.13061	1.13212	1.12729	1.12751	8901	0	4
2022.10.17	10:00:00	1.12749	1.12941	1.12606	1.12636	11948	0	4
2022.10.17	11:00:00	1.12635	1.12972	1.12448	1.12960	7290	0	4
2022.10.17	12:00:00	1.12962	1.13207	1.12885	1.13171	6961	0	4
2022.10.17	13:00:00	1.13170	1.13363	1.12816	1.12971	9479	0	4
2022.10.17	14:00:00	1.12974	1.13292	1.12960	1.13153	6154	0	4
2022.10.17	15:00:00	1.13158	1.13305	1.13047	1.13197	8063	0	4
2022.10.17	16:00:00	1.13196	1.13322	1.13007	1.13189	9600	0	4
2022.10.17	17:00:00	1.13187	1.13940	1.13099	1.13885	10635	0	4
2022.10.17	18:00:00	1.13887	1.13956	1.13643	1.13705	8882	0	4
2022.10.17	19:00:00	1.13704	1.13762	1.13438	1.13442	9513	0	4
2022.10.17	20:00:00	1.13437	1.13520	1.13234	1.13274	6022	0	5
2022.10.17	21:00:00	1.13275	1.13328	1.13100	1.13155	4836	0	4
2022.10.17	22:00:00	1.13155	1.13157	1.13026	1.13075	5242	0	4
2022.10.17	23:00:00	1.13075	1.13191	1.13046	1.13154	3735	0	5
2022.10.18	00:00:00	1.12992	1.13056	1.12919	1.12991	497	0	186
2022.10.18	01:00:00	1.13032	1.13187	1.13012	1.13103	4311	0	14
2022.10.18	02:00:00	1.13105	1.13167	1.13011	1.13030	5835	0	8
2022.10.18	03:00:00	1.13031	1.13077	1.12946	1.12963	4143	0	6
2022.10.18	04:00:00	1.12962	1.13012	1.12836	1.12865	4238	0	5
2022.10.18	05:00:00	1.12867	1.12915	1.12764	1.12896	4924	0	4
2022.10.18	06:00:00	1.12897	1.13091	1.12866	1.13070	5072	0	5
2022.10.18	07:00:00	1.13072	1.13340	1.13041	1.13128	6681	0	4
2022.10.18	08:00:00	1.13127	1.13243	1.12857	1.12863	7100	0	10
2022.10.18	09:00:00	1.12862	1.12919	1.12680	1.12756	9549	0	5
2022.10.18	10:00:00	1.12758	1.12810	1.12360	1.12791	12188	0	4
2022.10.18	11:00:00	1.12793	1.12815	1.12452	1.12561	8956	0	4
2022.10.18	12:00:00	1.12552	1.12697	1.12108	1.12138	9976	0	4
2022.10.18	13:00:00	1.12137	1.12392	1.12078	1.12284	6133	0	4
2022.10.18	14:00:00	1.12284	1.12738	1.12265	1.12619	9132	0	4
2022.10.18	15:00:00	1.12625	1.12725	1.12484	1.12528	8491	0	4
2022.10.18	16:00:00	1.12528	1.12595	1.12401	1.12525	10966	0	4
2022.10.18	17:00:00	1.12529	1.12751	1.12412	1.12597	12256	0	4
2022.10.18	18:00:00	1.12596	1.12790	1.12474	1.12623	11793	0	4
2022.10.18	19:00:00	1.12627	1.12826	1.12586	1.12659	8251	0	4
2022.10.18	20:00:00	1.12661	1.12714	1.12443	1.12634	9045	0	4
2022.10.18	21:00:00	1.12635	1.12663	1.12507	1.12600	6607	0	5
2022.10.18	22:00:00	1.12600	1.12635	1.12493	1.12610	5657	0	4
2022.10.18	23:00:00	1.12603	1.12660	1.12529	1.12538	3301	0	4
2022.10.19	00:00:00	1.12523	1.12529	1.12441	1.12514	132	0	96
2022.10.19	01:00:00	1.12514	1.12604	1.12508	1.12595	4158	0	17
2022.10.19	02:00:00	1.12596	1.12796	1.12562	1.12711	3697	0	9
2022.10.19	03:00:00	1.12708	1.12777	1.12640	1.12755	4396	0	10
2022.10.19	04:00:00	1.12752	1.12789	1.12698	1.12714	5001	0	12
2022.10.19	05:00:00	1.12712	1.12773	1.12687	1.12727	4785	0	7
2022.10.19	06:00:00	1.12730	1.12847	1.12729	1.12772	2428	0	14
2022.10.19	07:00:00	1.12771	1.12782	1.12636	1.12701	2194	0	15
2022.10.19	08:00:00	1.12697	1.12759	1.12600	1.12717	4810	0	4
2022.10.19	09:00:00	1.12717	1.12813	1.12430	1.12538	9045	0	4
2022.10.19	10:00:00	1.12538	1.12794	1.12439	1.12548	10527	0	4
2022.10.19	11:00:00	1.12549	1.12700	1.12410	1.12606	9093	0	4
2022.10.19	12:00:00	1.12608	1.12847	1.12577	1.12771	7971	0	4
2022.10.19	13:00:00	1.12770	1.12910	1.12620	1.12884	7017	0	4
2022.10.19	14:00:00	1.12882	1.12901	1.12604	1.12736	8813	0	4
2022.10.19	15:00:00	1.12736	1.12903	1.12679	1.12869	9646	0	4
2022.10.19	16:00:00	1.12864	1.13034	1.12777	1.12868	12287	0	4
2022.10.19	17:00:00	1.12868	1.13115	1.12813	1.13013	11492	0	4
2022.10.19	18:00:00	1.13009	1.13046	1.12700	1.12749	8323	0	4
2022.10.19	19:00:00	1.12748	1.12835	1.12443	1.12527	9285	0	4
2022.10.19	20:00:00	1.12527	1.12711	1.12496	1.12700	8085	0	5
2022.10.19	21:00:00	1.12700	1.12814	1.12653	1.12674	8270	0	4
2022.10.19	22:00:00	1.12675	1.12774	1.12594	1.12771	4992	0	4
2022.10.19	23:00:00	1.12767	1.12798	1.12676	1.12692	3664	0	5
2022.10.20	00:00:00	1.12631	1.12710	1.12478	1.12632	231	0	93
2022.10.20	01:00:00	1.12580	1.12773	1.12516	1.12662	2496	0	4
2022.10.20	02:00:00	1.12663	1.12678	1.12580	1.12624	2649	0	8
2022.10.20	03:00:00	1.12621	1.12749	1.12580	1.12654	6628	0	7
2022.10.20	04:00:00	1.12651	1.12705	1.12602	1.12664	8943	0	10
2022.10.20	05:00:00	1.12663	1.12735	1.12641	1.12684	6563	0	9
2022.10.20	06:00:00	1.12684	1.12697	1.12583	1.12687	3006	0	8
2022.10.20	07:00:00	1.12680	1.12881	1.12645	1.12746	6724	0	6
2022.10.20	08:00:00	1.12746	1.12846	1.12654	1.12679	6369	0	8
2022.10.20	09:00:00	1.12671	1.12908	1.12634	1.12774	8767	0	5
2022.10.20	10:00:00	1.12776	1.12981	1.12592	1.12651	10475	0	5
2022.10.20	11:00:00	1.12649	1.12709	1.12443	1.12540	8280	0	4
2022.10.20	12:00:00	1.12540	1.12635	1.12223	1.12614	6945	0	4
2022.10.20	13:00:00	1.12613	1.12682	1.12399	1.12543	10809	0	4
2022.10.20	14:00:00	1.12546	1.12899	1.12423	1.12760	9301	0	4
2022.10.20	15:00:00	1.12759	1.13189	1.12706	1.12987	11442	0	4
2022.10.20	16:00:00	1.12987	1.13176	1.12962	1.12978	11139	0	4
2022.10.20	17:00:00	1.12977	1.13424	1.12926	1.13282	14260	0	4
2022.10.20	18:00:00	1.13279	1.13295	1.12821	1.12902	8741	0	4
2022.10.20	19:00:00	1.12901	1.12912	1.12621	1.12805	10219	0	4
2022.10.20	20:00:00	1.12804	1.12855	1.12642	1.12712	9918	0	4
2022.10.20	21:00:00	1.12715	1.12767	1.12623	1.12661	7214	0	4
2022.10.20	22:00:00	1.12662	1.12741	1.12584	1.12679	5625	0	6
2022.10.20	23:00:00	1.12679	1.12762	1.12638	1.12646	3834	0	4
2022.10.21	00:00:00	1.12612	1.12716	1.12610	1.12649	46	0	152
2022.10.21	01:00:00	1.12701	1.12748	1.12597	1.12729	1986	0	7
2022.10.21	02:00:00	1.12727	1.12758	1.12610	1.12654	2069	0	12
2022.10.21	03:00:00	1.12661	1.12693	1.12555	1.12594	4403	0	9
2022.10.21	04:00:00	1.12595	1.12687	1.12538	1.12644	4692	0	15
2022.10.21	05:00:00	1.12644	1.12746	1.12625	1.12729	4502	0	5
2022.10.21	06:00:00	1.12727	1.12756	1.12615	1.12642	3682	0	7
2022.10.21	07:00:00	1.12642	1.12685	1.12582	1.12639	4066	0	13
2022.10.21	08:00:00	1.12637	1.12691	1.12485	1.12650	6318	0	5
2022.10.21	09:00:00	1.12649	1.12649	1.12445	1.12564	8235	0	6
2022.10.21	10:00:00	1.12561	1.12732	1.12364	1.12369	10051	0	4
2022.10.21	11:00:00	1.12368	1.12506	1.12202	1.12391	9808	0	4
2022.10.21	12:00:00	1.12390	1.12671	1.12343	1.12501	8785	0	4
2022.10.21	13:00:00	1.12501	1.12584	1.12279	1.12473	8554	0	5
2022.10.21	14:00:00	1.12473	1.12609	1.12342	1.12450	8941	0	5
2022.10.21	15:00:00	1.12450	1.12518	1.12146	1.12394	13195	0	4
2022.10.21	16:00:00	1.12394	1.12779	1.12311	1.12432	19632	0	4
2022.10.21	17:00:00	1.12434	1.12679	1.12176	1.12234	17592	0	4
2022.10.21	18:00:00	1.12234	1.12800	1.12115	1.12697	20591	0	4
2022.10.21	19:00:00	1.12696	1.12710	1.12192	1.12529	16456	0	4
2022.10.21	20:00:00	1.12529	1.12700	1.12501	1.12624	7971	0	9
2022.10.21	21:00:00	1.12621	1.12691	1.12528	1.12673	7675	0	4
2022.10.21	22:00:00	1.12674	1.12813	1.12647	1.12758	6649	0	5
2022.10.21	23:00:00	1.12758	1.12864	1.12658	1.12688	2858	0	9
2022.10.24	00:00:00	1.13382	1.13511	1.13117	1.13355	459	0	107
2022.10.24	01:00:00	1.13350	1.13641	1.13078	1.13341	7276	0	16
2022.10.24	02:00:00	1.13345	1.13411	1.13053	1.13085	12210	0	4
2022.10.24	03:00:00	1.13084	1.13262	1.13053	1.13177	9326	0	10
2022.10.24	04:00:00	1.13177	1.13254	1.13104	1.13120	8495	0	8
2022.10.24	05:00:00	1.13121	1.13157	1.12951	1.12968	5545	0	7
2022.10.24	06:00:00	1.12968	1.12994	1.12913	1.12952	4665	0	7
2022.10.24	07:00:00	1.12955	1.13290	1.12951	1.13244	5651	0	4
2022.10.24	08:00:00	1.13242	1.13407	1.13132	1.13271	5083	0	4
2022.10.24	09:00:00	1.13271	1.13557	1.13168	1.13271	10920	0	4
2022.10.24	10:00:00	1.13273	1.13411	1.13158	1.13240	12097	0	4
2022.10.24	11:00:00	1.13242	1.13486	1.13158	1.13381	10027	0	4
2022.10.24	12:00:00	1.13383	1.13492	1.13229	1.13430	7658	0	8
2022.10.24	13:00:00	1.13431	1.13627	1.13238	1.13285	8716	0	5
2022.10.24	14:00:00	1.13285	1.13314	1.12993	1.13261	9524	0	4
2022.10.24	15:00:00	1.13262	1.13419	1.13050	1.13386	13032	0	4
2022.10.24	16:00:00	1.13387	1.13407	1.12998	1.13037	13398	0	4
2022.10.24	17:00:00	1.13039	1.13246	1.12841	1.13204	15367	0	4
2022.10.24	18:00:00	1.13203	1.13278	1.12944	1.13000	11418	0	4
2022.10.24	19:00:00	1.13000	1.13074	1.12786	1.12962	8040	0	4
2022.10.24	20:00:00	1.12963	1.13037	1.12931	1.13023	5031	0	4
2022.10.24	21:00:00	1.13024	1.13101	1.12926	1.12943	5225	0	4
2022.10.24	22:00:00	1.12953	1.13035	1.12852	1.12915	5919	0	4
2022.10.24	23:00:00	1.12915	1.12961	1.12865	1.12879	2438	0	4
2022.10.25	00:00:00	1.12742	1.12857	1.12684	1.12771	127	0	94
2022.10.25	01:00:00	1.12771	1.13011	1.12771	1.13007	3457	0	5
2022.10.25	02:00:00	1.13007	1.13067	1.12962	1.13011	2887	0	5
2022.10.25	03:00:00	1.13012	1.13116	1.12947	1.13019	7787	0	6
2022.10.25	04:00:00	1.13019	1.13148	1.12865	1.13139	8221	0	7
2022.10.25	05:00:00	1.13139	1.13177	1.12988	1.13033	5354	0	5
2022.10.25	06:00:00	1.13035	1.13084	1.12892	1.12994	4713	0	9
2022.10.25	07:00:00	1.12992	1.13054	1.12977	1.13039	5688	0	6
2022.10.25	08:00:00	1.13041	1.13095	1.12821	1.12885	5559	0	5
2022.10.25	09:00:00	1.12885	1.13183	1.12854	1.13183	8448	0	4
2022.10.25	10:00:00	1.13183	1.13289	1.13044	1.13212	10020	0	4
2022.10.25	11:00:00	1.13212	1.13605	1.13165	1.13517	7808	0	4
2022.10.25	12:00:00	1.13518	1.13646	1.13425	1.13558	5097	0	4
2022.10.25	13:00:00	1.13558	1.13696	1.13472	1.13609	6535	0	4
2022.10.25	14:00:00	1.13609	1.13648	1.13350	1.13365	7230	0	4
2022.10.25	15:00:00	1.13365	1.13966	1.13335	1.13943	7514	0	4
2022.10.25	16:00:00	1.13941	1.14384	1.13883	1.14256	13376	0	4
2022.10.25	17:00:00	1.14256	1.14416	1.14094	1.14121	12008	0	4
2022.10.25	18:00:00	1.14118	1.14337	1.14094	1.14228	11140	0	4
2022.10.25	19:00:00	1.14229	1.14380	1.14195	1.14322	7518	0	5
2022.10.25	20:00:00	1.14321	1.14358	1.14225	1.14270	7974	0	5
2022.10.25	21:00:00	1.14269	1.14311	1.14130	1.14215	4916	0	4
2022.10.25	22:00:00	1.14218	1.14270	1.14059	1.14087	5168	0	4
2022.10.25	23:00:00	1.14088	1.14172	1.14075	1.14118	3279	0	9
2022.10.26	00:00:00	1.13995	1.14130	1.13981	1.14074	567	0	53
2022.10.26	01:00:00	1.14074	1.14101	1.13948	1.14005	2768	0	7
2022.10.26	02:00:00	1.14007	1.14030	1.13935	1.13986	2631	0	10
2022.10.26	03:00:00	1.13978	1.14005	1.13870	1.13917	5677	0	9
2022.10.26	04:00:00	1.13917	1.13955	1.13861	1.13913	6773	0	12
2022.10.26	05:00:00	1.13911	1.14009	1.13892	1.13959	3366	0	6
2022.10.26	06:00:00	1.13960	1.14028	1.13899	1.13964	3995	0	7
2022.10.26	07:00:00	1.13966	1.14025	1.13833	1.13914	3011	0	7
2022.10.26	08:00:00	1.13913	1.14002	1.13873	1.13906	5060	0	9
2022.10.26	09:00:00	1.13905	1.14013	1.13846	1.13943	8821	0	4
2022.10.26	10:00:00	1.13944	1.14484	1.13881	1.14276	13317	0	4
2022.10.26	11:00:00	1.14276	1.14443	1.14217	1.14404	11597	0	4
2022.10.26	12:00:00	1.14410	1.14573	1.14400	1.14516	8064	0	4
2022.10.26	13:00:00	1.14516	1.14672	1.14390	1.14429	7972	0	4
2022.10.26	14:00:00	1.14429	1.14580	1.14382	1.14437	8029	0	4
2022.10.26	15:00:00	1.14436	1.14751	1.14365	1.14572	11374	0	4
2022.10.26	16:00:00	1.14572	1.14597	1.14393	1.14502	12679	0	4
2022.10.26	17:00:00	1.14501	1.14657	1.14360	1.14573	14564	0	4
2022.10.26	18:00:00	1.14575	1.14608	1.14352	1.14556	9981	0	4
2022.10.26	19:00:00	1.14553	1.14741	1.14514	1.14581	7093	0	4
2022.10.26	20:00:00	1.14582	1.14656	1.14528	1.14553	7023	0	4
2022.10.26	21:00:00	1.14553	1.14690	1.14549	1.14666	7981	0	4
2022.10.26	22:00:00	1.14659	1.14744	1.14629	1.14685	6151	0	4
2022.10.26	23:00:00	1.14680	1.14711	1.14617	1.14690	2888	0	9
2022.10.27	00:00:00	1.14690	1.14690	1.14510	1.14562	3986	0	18
2022.10.27	01:00:00	1.14540	1.14629	1.14504	1.14544	6920	0	14
2022.10.27	02:00:00	1.14545	1.14653	1.14518	1.14606	2835	0	5
2022.10.27	03:00:00	1.14606	1.14632	1.14530	1.14572	5418	0	4
2022.10.27	04:00:00	1.14571	1.14641	1.14514	1.14570	7228	0	6
2022.10.27	05:00:00	1.14565	1.14628	1.14505	1.14543	5272	0	6
2022.10.27	06:00:00	1.14545	1.14620	1.14503	1.14523	3317	0	6
2022.10.27	07:00:00	1.14524	1.14647	1.14502	1.14624	4383	0	8
2022.10.27	08:00:00	1.14626	1.14666	1.14566	1.14600	7955	0	4
2022.10.27	09:00:00	1.14600	1.14622	1.14475	1.14499	8005	0	4
2022.10.27	10:00:00	1.14499	1.14597	1.14410	1.14418	11179	0	4
2022.10.27	11:00:00	1.14418	1.14540	1.14388	1.14497	8308	0	5
2022.10.27	12:00:00	1.14498	1.14584	1.14321	1.14393	7491	0	5
2022.10.27	13:00:00	1.14391	1.14551	1.14374	1.14471	8418	0	4
2022.10.27	14:00:00	1.14471	1.14741	1.14407	1.14709	10679	0	4
2022.10.27	15:00:00	1.14709	1.14804	1.14491	1.14570	14863	0	4
2022.10.27	16:00:00	1.14574	1.14947	1.14493	1.14763	17060	0	4
2022.10.27	17:00:00	1.14761	1.14884	1.14581	1.14606	14626	0	4
2022.10.27	18:00:00	1.14610	1.14722	1.14486	1.14554	15921	0	4
2022.10.27	19:00:00	1.14563	1.14733	1.14546	1.14648	9506	0	4
2022.10.27	20:00:00	1.14648	1.14759	1.14632	1.14658	6135	0	4
2022.10.27	21:00:00	1.14656	1.14775	1.14629	1.14674	4621	0	4
2022.10.27	22:00:00	1.14673	1.14808	1.14665	1.14778	6181	0	4
2022.10.27	23:00:00	1.14776	1.14782	1.14580	1.14596	6846	0	7
2022.10.28	00:00:00	1.14591	1.14591	1.14524	1.14588	91	0	96
2022.10.28	01:00:00	1.14567	1.14628	1.14540	1.14583	3469	0	5
2022.10.28	02:00:00	1.14581	1.14635	1.14520	1.14524	3084	0	9
2022.10.28	03:00:00	1.14524	1.14551	1.14418	1.14474	4641	0	9
2022.10.28	04:00:00	1.14475	1.14623	1.14435	1.14565	5836	0	8
2022.10.28	05:00:00	1.14564	1.14615	1.14525	1.14607	6150	0	8
2022.10.28	06:00:00	1.14608	1.14612	1.14376	1.14477	4646	0	7
2022.10.28	07:00:00	1.14475	1.14538	1.14421	1.14472	4923	0	6
2022.10.28	08:00:00	1.14473	1.14523	1.14416	1.14505	8377	0	4
2022.10.28	09:00:00	1.14504	1.14621	1.14391	1.14444	10477	0	4
2022.10.28	10:00:00	1.14453	1.14666	1.14357	1.14537	11136	0	4
2022.10.28	11:00:00	1.14539	1.14740	1.14500	1.14713	11890	0	4
2022.10.28	12:00:00	1.14715	1.14770	1.14556	1.14686	10117	0	4
2022.10.28	13:00:00	1.14682	1.14889	1.14657	1.14819	6246	0	4
2022.10.28	14:00:00	1.14818	1.15163	1.14815	1.15143	8674	0	4
2022.10.28	15:00:00	1.15143	1.15194	1.14891	1.14981	11598	0	4
2022.10.28	16:00:00	1.14982	1.15285	1.14969	1.15001	12437	0	5
2022.10.28	17:00:00	1.15018	1.15555	1.14997	1.15475	14019	0	4
2022.10.28	18:00:00	1.15469	1.15564	1.15345	1.15355	9519	0	4
2022.10.28	19:00:00	1.15357	1.15502	1.15263	1.15479	4931	0	4
2022.10.28	20:00:00	1.15479	1.15562	1.15463	1.15517	4627	0	5
2022.10.28	21:00:00	1.15516	1.15698	1.15505	1.15679	3485	0	4
2022.10.28	22:00:00	1.15683	1.15737	1.15610	1.15637	4594	0	5
2022.10.28	23:00:00	1.15636	1.15738	1.15591	1.15672	2708	0	6
2022.10.31	00:00:00	1.15389	1.15492	1.15293	1.15391	359	0	279
2022.10.31	01:00:00	1.15434	1.15716	1.15367	1.15529	1732	0	80
2022.10.31	02:00:00	1.15523	1.15601	1.15502	1.15534	1694	0	8
2022.10.31	03:00:00	1.15533	1.15750	1.15526	1.15704	4375	0	5
2022.10.31	04:00:00	1.15703	1.15717	1.15550	1.15598	4288	0	5
2022.10.31	05:00:00	1.15599	1.15664	1.15537	1.15641	3195	0	12
2022.10.31	06:00:00	1.15639	1.15678	1.15611	1.15621	3044	0	12
2022.10.31	07:00:00	1.15623	1.15653	1.15568	1.15580	2258	0	12
2022.10.31	08:00:00	1.15581	1.15664	1.15568	1.15615	3327	0	11
2022.10.31	09:00:00	1.15618	1.15714	1.15561	1.15670	6483	0	4
2022.10.31	10:00:00	1.15677	1.15732	1.15571	1.15703	7624	0	4
2022.10.31	11:00:00	1.15705	1.15769	1.15489	1.15511	6744	0	5
2022.10.31	12:00:00	1.15512	1.15584	1.15377	1.15552	5045	0	4
2022.10.31	13:00:00	1.15551	1.15560	1.15371	1.15486	5919	0	4
2022.10.31	14:00:00	1.15487	1.15595	1.15213	1.15333	7138	0	4
2022.10.31	15:00:00	1.15333	1.15387	1.15185	1.15232	7649	0	4
2022.10.31	16:00:00	1.15234	1.15295	1.15032	1.15082	8471	0	4
2022.10.31	17:00:00	1.15083	1.15328	1.15043	1.15301	8790	0	4
2022.10.31	18:00:00	1.15299	1.15341	1.15112	1.15202	8825	0	4
2022.10.31	19:00:00	1.15207	1.15286	1.14979	1.15023	8725	0	4
2022.10.31	20:00:00	1.15021	1.15059	1.14775	1.14784	5022	0	4
2022.10.31	21:00:00	1.14787	1.14904	1.14766	1.14843	5073	0	4
2022.10.31	22:00:00	1.14838	1.14912	1.14786	1.14831	4387	0	8
2022.10.31	23:00:00	1.14830	1.14912	1.14769	1.14897	2178	0	9
2022.11.01	00:00:00	1.14758	1.14816	1.14591	1.14778	105	0	148
2022.11.01	01:00:00	1.14791	1.14947	1.14755	1.14847	2624	0	12
2022.11.01	02:00:00	1.14847	1.14902	1.14827	1.14853	2236	0	11
2022.11.01	03:00:00	1.14852	1.14998	1.14827	1.14989	3666	0	5
2022.11.01	04:00:00	1.14990	1.15011	1.14933	1.14973	6014	0	10
2022.11.01	05:00:00	1.14972	1.15140	1.14970	1.15123	3936	0	6
2022.11.01	06:00:00	1.15123	1.15158	1.15036	1.15140	5115	0	5
2022.11.01	07:00:00	1.15141	1.15142	1.15032	1.15105	2464	0	7
2022.11.01	08:00:00	1.15094	1.15211	1.15066	1.15142	3957	0	8
2022.11.01	09:00:00	1.15142	1.15305	1.15118	1.15152	6267	0	4
2022.11.01	10:00:00	1.15152	1.15167	1.14821	1.14916	8512	0	4
2022.11.01	11:00:00	1.14918	1.14978	1.14627	1.14653	8760	0	4
2022.11.01	12:00:00	1.14652	1.14652	1.14489	1.14539	5524	0	4
2022.11.01	13:00:00	1.14538	1.14671	1.14436	1.14655	7203	0	4
2022.11.01	14:00:00	1.14655	1.14752	1.14519	1.14751	5317	0	6
2022.11.01	15:00:00	1.14750	1.14842	1.14568	1.14686	8931	0	4
2022.11.01	16:00:00	1.14685	1.14865	1.14657	1.14798	9918	0	4
2022.11.01	17:00:00	1.14788	1.14892	1.14593	1.14666	14137	0	4
2022.11.01	18:00:00	1.14665	1.14726	1.14468	1.14544	10728	0	4
2022.11.01	19:00:00	1.14545	1.14713	1.14503	1.14556	13289	0	4
2022.11.01	20:00:00	1.14556	1.14714	1.14485	1.14713	5877	0	4
2022.11.01	21:00:00	1.14713	1.14825	1.14659	1.14814	4910	0	4
2022.11.01	22:00:00	1.14818	1.14849	1.14767	1.14840	3962	0	6
2022.11.01	23:00:00	1.14837	1.14925	1.14796	1.14838	1897	0	6
2022.11.02	00:00:00	1.14838	1.14838	1.14663	1.14748	40	0	19
2022.11.02	01:00:00	1.14790	1.14933	1.14709	1.14833	5445	0	4
2022.11.02	02:00:00	1.14836	1.14916	1.14800	1.14875	2047	0	12
2022.11.02	03:00:00	1.14877	1.14927	1.14853	1.14885	5037	0	6
2022.11.02	04:00:00	1.14883	1.14923	1.14853	1.14873	4192	0	11
2022.11.02	05:00:00	1.14869	1.14920	1.14831	1.14883	4113	0	8
2022.11.02	06:00:00	1.14885	1.14994	1.14873	1.14946	4799	0	4
2022.11.02	07:00:00	1.14949	1.14987	1.14891	1.14910	3341	0	11
2022.11.02	08:00:00	1.14909	1.14983	1.14891	1.14907	3348	0	6
2022.11.02	09:00:00	1.14905	1.14911	1.14796	1.14824	4117	0	9
2022.11.02	10:00:00	1.14788	1.14859	1.14739	1.14789	5661	0	4
2022.11.02	11:00:00	1.14792	1.14978	1.14778	1.14821	7037	0	4
2022.11.02	12:00:00	1.14822	1.14845	1.14527	1.14571	5790	0	4
2022.11.02	13:00:00	1.14567	1.14820	1.14494	1.14754	6803	0	4
2022.11.02	14:00:00	1.14753	1.14792	1.14574	1.14575	7212	0	4
2022.11.02	15:00:00	1.14577	1.14607	1.14420	1.14485	8506	0	4
2022.11.02	16:00:00	1.14486	1.14563	1.14394	1.14537	7586	0	4
2022.11.02	17:00:00	1.14540	1.14595	1.14450	1.14477	9947	0	4
2022.11.02	18:00:00	1.14475	1.14670	1.14434	1.14521	9044	0	4
2022.11.02	19:00:00	1.14521	1.14538	1.14427	1.14492	6286	0	4
2022.11.02	20:00:00	1.14493	1.14568	1.14386	1.14386	5249	0	4
2022.11.02	21:00:00	1.14468	1.14824	1.14410	1.14463	19421	0	4
2022.11.02	22:00:00	1.14461	1.14535	1.14218	1.14221	16045	0	4
2022.11.02	23:00:00	1.14221	1.14319	1.14217	1.14274	5952	0	5
2022.11.03	00:00:00	1.14212	1.14282	1.14136	1.14163	214	0	46
2022.11.03	01:00:00	1.14163	1.14275	1.14015	1.14186	4486	0	10
2022.11.03	02:00:00	1.14189	1.14256	1.14173	1.14210	3192	0	7
2022.11.03	03:00:00	1.14204	1.14232	1.14141	1.14201	3455	0	10
2022.11.03	04:00:00	1.14201	1.14326	1.14184	1.14294	5314	0	12
2022.11.03	05:00:00	1.14296	1.14301	1.14227	1.14253	3864	0	13
2022.11.03	06:00:00	1.14251	1.14381	1.14251	1.14342	3498	0	12
2022.11.03	07:00:00	1.14341	1.14372	1.14296	1.14367	2198	0	12
2022.11.03	08:00:00	1.14367	1.14417	1.14324	1.14378	3925	0	6
2022.11.03	09:00:00	1.14375	1.14496	1.14339	1.14371	4176	0	6
2022.11.03	10:00:00	1.14367	1.14426	1.14188	1.14224	10210	0	4
2022.11.03	11:00:00	1.14225	1.14277	1.13764	1.13815	9599	0	4
2022.11.03	12:00:00	1.13809	1.14154	1.13806	1.13932	9448	0	4
2022.11.03	13:00:00	1.13927	1.14186	1.13884	1.14113	6924	0	5
2022.11.03	14:00:00	1.14118	1.14187	1.13853	1.14082	7881	0	4
2022.11.03	15:00:00	1.14082	1.14185	1.13190	1.13230	12991	0	4
2022.11.03	16:00:00	1.13229	1.13435	1.13062	1.13194	11475	0	4
2022.11.03	17:00:00	1.13194	1.13405	1.13122	1.13396	12585	0	4
2022.11.03	18:00:00	1.13394	1.13515	1.13262	1.13280	10464	0	4
2022.11.03	19:00:00	1.13284	1.13410	1.13135	1.13267	7082	0	4
2022.11.03	20:00:00	1.13268	1.13316	1.13171	1.13211	5575	0	4
2022.11.03	21:00:00	1.13213	1.13240	1.13015	1.13036	4843	0	4
2022.11.03	22:00:00	1.13036	1.13110	1.12979	1.13101	3967	0	4
2022.11.03	23:00:00	1.13098	1.13122	1.13004	1.13108	3974	0	5
2022.11.04	00:00:00	1.13013	1.13029	1.12899	1.13013	216	0	90
2022.11.04	01:00:00	1.13038	1.13155	1.12938	1.13109	3751	0	4
2022.11.04	02:00:00	1.13107	1.13220	1.13096	1.13205	2857	0	8
2022.11.04	03:00:00	1.13203	1.13303	1.13156	1.13269	4691	0	7
2022.11.04	04:00:00	1.13270	1.13297	1.13199	1.13265	5615	0	7
2022.11.04	05:00:00	1.13268	1.13429	1.13234	1.13382	4168	0	6
2022.11.04	06:00:00	1.13380	1.13412	1.13255	1.13285	3200	0	11
2022.11.04	07:00:00	1.13283	1.13400	1.13275	1.13330	3688	0	5
2022.11.04	08:00:00	1.13332	1.13440	1.13183	1.13227	4709	0	6
2022.11.04	09:00:00	1.13228	1.13428	1.13089	1.13273	6436	0	4
2022.11.04	10:00:00	1.13245	1.13361	1.13162	1.13289	7489	0	4
2022.11.04	11:00:00	1.13288	1.13454	1.13222	1.13424	8715	0	4
2022.11.04	12:00:00	1.13424	1.13562	1.13228	1.13253	6695	0	4
2022.11.04	13:00:00	1.13253	1.13313	1.12863	1.12937	5921	0	4
2022.11.04	14:00:00	1.12936	1.13028	1.12741	1.12801	7922	0	4
2022.11.04	15:00:00	1.12804	1.12903	1.12516	1.12794	11820	0	4
2022.11.04	16:00:00	1.12795	1.12901	1.12530	1.12743	14155	0	4
2022.11.04	17:00:00	1.12741	1.12929	1.12460	1.12517	14157	0	6
2022.11.04	18:00:00	1.12524	1.12680	1.12502	1.12562	12163	0	4
2022.11.04	19:00:00	1.12558	1.12785	1.12534	1.12675	10875	0	4
2022.11.04	20:00:00	1.12676	1.12968	1.12618	1.12948	10038	0	4
2022.11.04	21:00:00	1.12949	1.13063	1.12895	1.13031	9066	0	4
2022.11.04	22:00:00	1.13033	1.13101	1.12975	1.12998	7123	0	4
2022.11.04	23:00:00	1.12995	1.13084	1.12982	1.13077	3206	0	11
2022.11.07	00:00:00	1.12936	1.12962	1.12632	1.12643	1903	0	139
2022.11.07	01:00:00	1.12665	1.12977	1.12644	1.12945	3769	0	13
2022.11.07	02:00:00	1.12943	1.12967	1.12831	1.12922	4489	0	9
2022.11.07	03:00:00	1.12921	1.12970	1.12780	1.12892	5278	0	7
2022.11.07	04:00:00	1.12893	1.12916	1.12834	1.12855	4269	0	10
2022.11.07	05:00:00	1.12855	1.12891	1.12814	1.12847	3350	0	9
2022.11.07	06:00:00	1.12846	1.12879	1.12807	1.12837	3414	0	5
2022.11.07	07:00:00	1.12834	1.12870	1.12801	1.12831	3519	0	9
2022.11.07	08:00:00	1.12831	1.12867	1.12722	1.12765	4361	0	9
2022.11.07	09:00:00	1.12764	1.12771	1.12556	1.12618	7675	0	4
2022.11.07	10:00:00	1.12618	1.13394	1.12552	1.13342	9422	0	4
2022.11.07	11:00:00	1.13343	1.13732	1.13302	1.13472	7496	0	4
2022.11.07	12:00:00	1.13473	1.13616	1.13290	1.13407	6626	0	4
2022.11.07	13:00:00	1.13406	1.13582	1.13268	1.13269	5759	0	4
2022.11.07	14:00:00	1.13270	1.13341	1.13095	1.13205	5862	0	4
2022.11.07	15:00:00	1.13204	1.13418	1.13160	1.13403	7803	0	5
2022.11.07	16:00:00	1.13402	1.13502	1.13359	1.13433	8117	0	4
2022.11.07	17:00:00	1.13434	1.13537	1.13314	1.13427	9668	0	4
2022.11.07	18:00:00	1.13428	1.13586	1.13398	1.13538	6885	0	4
2022.11.07	19:00:00	1.13538	1.13890	1.13524	1.13879	4816	0	4
2022.11.07	20:00:00	1.13880	1.14021	1.13817	1.13896	3865	0	5
2022.11.07	21:00:00	1.13899	1.14004	1.13895	1.13920	4166	0	4
2022.11.07	22:00:00	1.13920	1.13968	1.13752	1.13821	3390	0	4
2022.11.07	23:00:00	1.13822	1.13881	1.13768	1.13803	943	0	9
2022.11.08	00:00:00	1.13782	1.13799	1.13647	1.13735	77	0	117
2022.11.08	01:00:00	1.13735	1.13917	1.13720	1.13841	2821	0	10
2022.11.08	02:00:00	1.13841	1.13996	1.13791	1.13964	2722	0	5
2022.11.08	03:00:00	1.13965	1.13976	1.13861	1.13946	5381	0	7
2022.11.08	04:00:00	1.13946	1.14007	1.13942	1.13958	2986	0	7
2022.11.08	05:00:00	1.13957	1.14001	1.13921	1.13981	2185	0	5
2022.11.08	06:00:00	1.13982	1.14017	1.13893	1.13922	1943	0	9
2022.11.08	07:00:00	1.13926	1.13987	1.13879	1.13960	2982	0	8
2022.11.08	08:00:00	1.13958	1.13974	1.13825	1.13891	4175	0	6
2022.11.08	09:00:00	1.13891	1.13902	1.13661	1.13717	6066	0	4
2022.11.08	10:00:00	1.13720	1.13755	1.13433	1.13435	8393	0	4
2022.11.08	11:00:00	1.13435	1.13663	1.13366	1.13642	7226	0	5
2022.11.08	12:00:00	1.13642	1.13695	1.13347	1.13382	5370	0	7
2022.11.08	13:00:00	1.13380	1.13617	1.13335	1.13537	5721	0	4
2022.11.08	14:00:00	1.13536	1.13621	1.13452	1.13545	7348	0	4
2022.11.08	15:00:00	1.13550	1.13633	1.13317	1.13355	6732	0	4
2022.11.08	16:00:00	1.13355	1.13606	1.13350	1.13444	7838	0	4
2022.11.08	17:00:00	1.13439	1.13971	1.13367	1.13877	10424	0	4
2022.11.08	18:00:00	1.13878	1.14132	1.13844	1.14093	8627	0	4
2022.11.08	19:00:00	1.14094	1.14134	1.13987	1.13989	4663	0	4
2022.11.08	20:00:00	1.13988	1.14009	1.13810	1.13853	6200	0	4
2022.11.08	21:00:00	1.13853	1.13871	1.13699	1.13730	6143	0	4
2022.11.08	22:00:00	1.13738	1.13794	1.13647	1.13721	5079	0	5
2022.11.08	23:00:00	1.13719	1.13804	1.13711	1.13788	907	0	11
2022.11.09	00:00:00	1.13543	1.13691	1.13497	1.13686	1755	0	129
2022.11.09	01:00:00	1.13637	1.13791	1.13625	1.13738	2974	0	6
2022.11.09	02:00:00	1.13740	1.13747	1.13627	1.13686	3880	0	11
2022.11.09	03:00:00	1.13686	1.13817	1.13681	1.13750	5292	0	5
2022.11.09	04:00:00	1.13751	1.13812	1.13729	1.13755	5690	0	10
2022.11.09	05:00:00	1.13755	1.13866	1.13740	1.13845	5327	0	4
2022.11.09	06:00:00	1.13843	1.13912	1.13806	1.13873	3007	0	13
2022.11.09	07:00:00	1.13877	1.13915	1.13814	1.13816	3953	0	6
2022.11.09	08:00:00	1.13815	1.13886	1.13765	1.13767	4010	0	8
2022.11.09	09:00:00	1.13771	1.13839	1.13520	1.13554	6518	0	6
2022.11.09	10:00:00	1.13556	1.13713	1.13530	1.13587	7820	0	5
2022.11.09	11:00:00	1.13585	1.13594	1.12834	1.12941	7198	0	5
2022.11.09	12:00:00	1.12938	1.12939	1.12534	1.12704	8239	0	4
2022.11.09	13:00:00	1.12702	1.12843	1.12560	1.12605	6471	0	4
2022.11.09	14:00:00	1.12605	1.12665	1.12407	1.12578	5651	0	4
2022.11.09	15:00:00	1.12575	1.12615	1.12303	1.12366	8187	0	6
2022.11.09	16:00:00	1.12365	1.12395	1.12123	1.12173	10463	0	4
2022.11.09	17:00:00	1.12173	1.12265	1.11916	1.11932	14244	0	4
2022.11.09	18:00:00	1.11933	1.12198	1.11928	1.12071	9125	0	4
2022.11.09	19:00:00	1.12071	1.12122	1.11964	1.11965	6321	0	4
2022.11.09	20:00:00	1.11964	1.12005	1.11750	1.11878	6966	0	4
2022.11.09	21:00:00	1.11879	1.11927	1.11777	1.11811	5260	0	4
2022.11.09	22:00:00	1.11811	1.11896	1.11777	1.11828	6526	0	4
2022.11.09	23:00:00	1.11828	1.11861	1.11735	1.11743	3660	0	5
2022.11.10	00:00:00	1.11760	1.11779	1.11702	1.11768	38	0	129
2022.11.10	01:00:00	1.11724	1.11821	1.11678	1.11811	3088	0	14
2022.11.10	02:00:00	1.11810	1.11913	1.11803	1.11880	2866	0	11
2022.11.10	03:00:00	1.11879	1.12074	1.11872	1.12015	4534	0	9
2022.11.10	04:00:00	1.12015	1.12180	1.11951	1.12124	5397	0	7
2022.11.10	05:00:00	1.12124	1.12205	1.12095	1.12181	3321	0	5
2022.11.10	06:00:00	1.12185	1.12191	1.12096	1.12116	1982	0	9
2022.11.10	07:00:00	1.12115	1.12167	1.12046	1.12104	2631	0	10
2022.11.10	08:00:00	1.12105	1.12140	1.12033	1.12045	4831	0	7
2022.11.10	09:00:00	1.12028	1.12242	1.11961	1.12235	6542	0	6
2022.11.10	10:00:00	1.12237	1.12314	1.12088	1.12241	7764	0	7
2022.11.10	11:00:00	1.12240	1.12376	1.12216	1.12282	5636	0	5
2022.11.10	12:00:00	1.12283	1.12652	1.12272	1.12652	5766	0	4
2022.11.10	13:00:00	1.12659	1.12727	1.12476	1.12565	5819	0	4
2022.11.10	14:00:00	1.12568	1.12710	1.12524	1.12578	7661	0	5
2022.11.10	15:00:00	1.12580	1.13605	1.12469	1.13301	10472	0	4
2022.11.10	16:00:00	1.13300	1.13326	1.12711	1.12760	13227	0	4
2022.11.10	17:00:00	1.12760	1.12974	1.12686	1.12966	11850	0	5
2022.11.10	18:00:00	1.12958	1.13034	1.12848	1.12928	10101	0	4
2022.11.10	19:00:00	1.12926	1.13038	1.12749	1.12869	7192	0	8
2022.11.10	20:00:00	1.12863	1.12962	1.12813	1.12882	11217	0	4
2022.11.10	21:00:00	1.12884	1.13038	1.12873	1.13025	7227	0	4
2022.11.10	22:00:00	1.13023	1.13120	1.12973	1.13070	5134	0	5
2022.11.10	23:00:00	1.13071	1.13071	1.12861	1.12899	5437	0	4
2022.11.11	00:00:00	1.12755	1.12905	1.12572	1.12723	119	0	150
2022.11.11	01:00:00	1.12799	1.12972	1.12627	1.12850	4123	0	4
2022.11.11	02:00:00	1.12848	1.12886	1.12620	1.12647	4440	0	5
2022.11.11	03:00:00	1.12649	1.12810	1.12621	1.12774	6396	0	10
2022.11.11	04:00:00	1.12781	1.12917	1.12777	1.12873	4994	0	8
2022.11.11	05:00:00	1.12875	1.12875	1.12786	1.12838	4313	0	9
2022.11.11	06:00:00	1.12840	1.12872	1.12739	1.12812	3328	0	8
2022.11.11	07:00:00	1.12811	1.13000	1.12783	1.12939	6754	0	11
2022.11.11	08:00:00	1.12937	1.13030	1.12844	1.12904	6875	0	6
2022.11.11	09:00:00	1.12903	1.13206	1.12738	1.13101	8424	0	8
2022.11.11	10:00:00	1.13098	1.13121	1.12927	1.13097	9420	0	4
2022.11.11	11:00:00	1.13096	1.13098	1.12602	1.12762	7746	0	4
2022.11.11	12:00:00	1.12761	1.12879	1.12643	1.12664	7476	0	7
2022.11.11	13:00:00	1.12666	1.12691	1.12469	1.12599	6861	0	4
2022.11.11	14:00:00	1.12599	1.12647	1.12404	1.12501	7222	0	5
2022.11.11	15:00:00	1.12502	1.12562	1.11367	1.11753	8887	0	4
2022.11.11	16:00:00	1.11752	1.11789	1.11281	1.11402	9350	0	4
2022.11.11	17:00:00	1.11426	1.11687	1.11296	1.11375	10492	0	4
2022.11.11	18:00:00	1.11368	1.11525	1.11294	1.11460	9887	0	4
2022.11.11	19:00:00	1.11457	1.11490	1.11146	1.11184	5617	0	4
2022.11.11	20:00:00	1.11181	1.11444	1.11108	1.11435	5197	0	6
2022.11.11	21:00:00	1.11436	1.11553	1.11373	1.11471	5072	0	4
2022.11.11	22:00:00	1.11474	1.11574	1.11305	1.11416	5222	0	5
2022.11.11	23:00:00	1.11411	1.11450	1.11290	1.11371	2562	0	7
2022.11.14	00:00:00	1.11187	1.11206	1.10875	1.11038	812	0	167
2022.11.14	01:00:00	1.11041	1.11400	1.11027	1.11362	5289	0	4
2022.11.14	02:00:00	1.11359	1.11436	1.11270	1.11363	5037	0	7
2022.11.14	03:00:00	1.11363	1.11419	1.11299	1.11337	6529	0	8
2022.11.14	04:00:00	1.11335	1.11404	1.11235	1.11372	3928	0	4
2022.11.14	05:00:00	1.11371	1.11415	1.11303	1.11334	4231	0	5
2022.11.14	06:00:00	1.11335	1.11415	1.11284	1.11387	3648	0	8
2022.11.14	07:00:00	1.11386	1.11452	1.11344	1.11358	3782	0	5
2022.11.14	08:00:00	1.11358	1.11421	1.11315	1.11320	4330	0	6
2022.11.14	09:00:00	1.11318	1.11474	1.11208	1.11456	7183	0	5
2022.11.14	10:00:00	1.11453	1.11580	1.11371	1.11448	8966	0	4
2022.11.14	11:00:00	1.11445	1.11613	1.11352	1.11609	7571	0	4
2022.11.14	12:00:00	1.11610	1.11620	1.11316	1.11581	7008	0	4
2022.11.14	13:00:00	1.11581	1.11625	1.11385	1.11468	6169	0	4
2022.11.14	14:00:00	1.11467	1.11573	1.11304	1.11488	7484	0	4
2022.11.14	15:00:00	1.11488	1.11495	1.11146	1.11192	8367	0	4
2022.11.14	16:00:00	1.11191	1.11370	1.11097	1.11173	9439	0	4
2022.11.14	17:00:00	1.11176	1.11225	1.10736	1.10923	9753	0	4
2022.11.14	18:00:00	1.10923	1.10996	1.10484	1.10556	8558	0	4
2022.11.14	19:00:00	1.10555	1.10809	1.10479	1.10803	6558	0	4
2022.11.14	20:00:00	1.10808	1.11040	1.10803	1.11010	3878	0	4
2022.11.14	21:00:00	1.11014	1.11038	1.10817	1.10911	2986	0	4
2022.11.14	22:00:00	1.10910	1.10959	1.10793	1.10856	4750	0	4
2022.11.14	23:00:00	1.10857	1.10901	1.10806	1.10806	2128	0	4
2022.11.15	00:00:00	1.10815	1.10854	1.10732	1.10800	943	0	97
2022.11.15	01:00:00	1.10803	1.10904	1.10726	1.10855	3349	0	4
2022.11.15	02:00:00	1.10860	1.10954	1.10850	1.10883	2861	0	10
2022.11.15	03:00:00	1.10887	1.11020	1.10863	1.10959	3891	0	11
2022.11.15	04:00:00	1.10958	1.11156	1.10939	1.11116	3830	0	4
2022.11.15	05:00:00	1.11112	1.11254	1.11106	1.11209	2850	0	4
2022.11.15	06:00:00	1.11209	1.11237	1.11085	1.11136	1859	0	9
2022.11.15	07:00:00	1.11138	1.11196	1.11112	1.11180	2342	0	10
2022.11.15	08:00:00	1.11180	1.11360	1.11039	1.11285	3818	0	8
2022.11.15	09:00:00	1.11286	1.11353	1.11025	1.11173	9268	0	4
2022.11.15	10:00:00	1.11174	1.11320	1.11060	1.11251	8441	0	4
2022.11.15	11:00:00	1.11250	1.11360	1.11060	1.11103	6278	0	4
2022.11.15	12:00:00	1.11101	1.11386	1.11047	1.11375	8246	0	4
2022.11.15	13:00:00	1.11378	1.11681	1.11376	1.11648	6482	0	4
2022.11.15	14:00:00	1.11646	1.12134	1.11622	1.12110	8417	0	4
2022.11.15	15:00:00	1.12111	1.12540	1.11813	1.12471	11504	0	4
2022.11.15	16:00:00	1.12465	1.12904	1.12445	1.12530	11499	0	4
2022.11.15	17:00:00	1.12526	1.12718	1.12283	1.12414	11756	0	4
2022.11.15	18:00:00	1.12412	1.12462	1.12178	1.12279	9563	0	4
2022.11.15	19:00:00	1.12278	1.12295	1.12099	1.12279	7053	0	4
2022.11.15	20:00:00	1.12278	1.12323	1.11737	1.11746	10944	0	4
2022.11.15	21:00:00	1.11748	1.12051	1.11543	1.11906	12133	0	6
2022.11.15	22:00:00	1.11907	1.12009	1.11871	1.11985	6719	0	9
2022.11.15	23:00:00	1.11982	1.12118	1.11980	1.12088	2757	0	4
2022.11.16	00:00:00	1.11771	1.12004	1.11711	1.11947	238	0	107
2022.11.16	01:00:00	1.11961	1.12086	1.11835	1.12019	2847	0	14
2022.11.16	02:00:00	1.12019	1.12102	1.11811	1.11872	5408	0	9
2022.11.16	03:00:00	1.11871	1.12008	1.11851	1.11931	7495	0	8
2022.11.16	04:00:00	1.11935	1.12103	1.11862	1.12080	8113	0	4
2022.11.16	05:00:00	1.12082	1.12132	1.12004	1.12058	4836	0	4
2022.11.16	06:00:00	1.12059	1.12073	1.11979	1.11997	4993	0	5
2022.11.16	07:00:00	1.11993	1.12123	1.11991	1.12073	6131	0	6
2022.11.16	08:00:00	1.12074	1.12188	1.11960	1.11998	4859	0	6
2022.11.16	09:00:00	1.12032	1.12216	1.11754	1.12088	8394	0	4
2022.11.16	10:00:00	1.12086	1.12128	1.11771	1.11980	8556	0	6
2022.11.16	11:00:00	1.11980	1.12006	1.11624	1.11892	5804	0	5
2022.11.16	12:00:00	1.11891	1.12237	1.11867	1.11944	5937	0	5
2022.11.16	13:00:00	1.11942	1.11996	1.11801	1.11876	6290	0	4
2022.11.16	14:00:00	1.11873	1.12041	1.11720	1.11892	7116	0	4
2022.11.16	15:00:00	1.11894	1.12080	1.11786	1.11828	9097	0	4
2022.11.16	16:00:00	1.11829	1.11878	1.11662	1.11693	11306	0	4
2022.11.16	17:00:00	1.11695	1.12138	1.11595	1.12098	11189	0	4
2022.11.16	18:00:00	1.12104	1.12300	1.11981	1.12286	7048	0	4
2022.11.16	19:00:00	1.12285	1.12336	1.12187	1.12265	5717	0	4
2022.11.16	20:00:00	1.12266	1.12387	1.12214	1.12306	5515	0	4
2022.11.16	21:00:00	1.12306	1.12494	1.12302	1.12458	6336	0	6
2022.11.16	22:00:00	1.12454	1.12588	1.12417	1.12543	4815	0	5
2022.11.16	23:00:00	1.12542	1.12604	1.12495	1.12587	2094	0	5
2022.11.17	00:00:00	1.12521	1.12557	1.12430	1.12501	109	0	84
2022.11.17	01:00:00	1.12469	1.12582	1.12464	1.12516	3183	0	4
2022.11.17	02:00:00	1.12519	1.12558	1.12428	1.12463	2385	0	9
2022.11.17	03:00:00	1.12459	1.12500	1.12366	1.12388	3197	0	8
2022.11.17	04:00:00	1.12387	1.12411	1.12311	1.12348	4372	0	8
2022.11.17	05:00:00	1.12348	1.12408	1.12325	1.12375	3025	0	10
2022.11.17	06:00:00	1.12376	1.12514	1.12369	1.12510	2630	0	5
2022.11.17	07:00:00	1.12508	1.12575	1.12465	1.12468	3792	0	11
2022.11.17	08:00:00	1.12464	1.12586	1.12456	1.12496	3636	0	4
2022.11.17	09:00:00	1.12496	1.12739	1.12475	1.12728	4969	0	5
2022.11.17	10:00:00	1.12730	1.12968	1.12635	1.12768	8546	0	4
2022.11.17	11:00:00	1.12767	1.12855	1.12504	1.12599	6741	0	4
2022.11.17	12:00:00	1.12597	1.12726	1.12432	1.12719	6723	0	5
2022.11.17	13:00:00	1.12719	1.12742	1.12090	1.12404	7668	0	4
2022.11.17	14:00:00	1.12403	1.12578	1.12040	1.12141	8192	0	4
2022.11.17	15:00:00	1.12143	1.12301	1.11995	1.12005	9991	0	4
2022.11.17	16:00:00	1.12012	1.12423	1.12005	1.12404	9106	0	4
2022.11.17	17:00:00	1.12404	1.12624	1.12312	1.12450	8506	0	4
2022.11.17	18:00:00	1.12450	1.12685	1.12376	1.12671	6558	0	4
2022.11.17	19:00:00	1.12674	1.12796	1.12671	1.12778	6096	0	4
2022.11.17	20:00:00	1.12778	1.12875	1.12759	1.12795	5213	0	4
2022.11.17	21:00:00	1.12797	1.12872	1.12764	1.12822	3805	0	5
2022.11.17	22:00:00	1.12823	1.12933	1.12756	1.12912	3889	0	4
2022.11.17	23:00:00	1.12907	1.12972	1.12865	1.12971	1971	0	6
2022.11.18	00:00:00	1.12829	1.12977	1.12774	1.12911	845	0	55
2022.11.18	01:00:00	1.12914	1.13007	1.12852	1.12997	4435	0	10
2022.11.18	02:00:00	1.12998	1.13205	1.12987	1.13188	2816	0	5
2022.11.18	03:00:00	1.13183	1.13275	1.13099	1.13101	3509	0	4
2022.11.18	04:00:00	1.13100	1.13352	1.13100	1.13262	3701	0	6
2022.11.18	05:00:00	1.13261	1.13434	1.13236	1.13359	3734	0	8
2022.11.18	06:00:00	1.13359	1.13398	1.13216	1.13249	3103	0	5
2022.11.18	07:00:00	1.13249	1.13301	1.13215	1.13283	2504	0	8
2022.11.18	08:00:00	1.13281	1.13314	1.13167	1.13253	3884	0	6
2022.11.18	09:00:00	1.13258	1.13450	1.13211	1.13332	6219	0	4
2022.11.18	10:00:00	1.13334	1.13378	1.13093	1.13256	8675	0	4
2022.11.18	11:00:00	1.13257	1.13586	1.13164	1.13413	6484	0	4
2022.11.18	12:00:00	1.13414	1.13484	1.13305	1.13305	4953	0	5
2022.11.18	13:00:00	1.13313	1.13491	1.13263	1.13464	5691	0	6
2022.11.18	14:00:00	1.13462	1.13655	1.13407	1.13477	4598	0	4
2022.11.18	15:00:00	1.13473	1.13615	1.13387	1.13481	6227	0	4
2022.11.18	16:00:00	1.13486	1.13551	1.13321	1.13379	8113	0	4
2022.11.18	17:00:00	1.13374	1.13564	1.13322	1.13408	8568	0	4
2022.11.18	18:00:00	1.13403	1.13430	1.13221	1.13329	5872	0	4
2022.11.18	19:00:00	1.13329	1.13388	1.13192	1.13218	6356	0	4
2022.11.18	20:00:00	1.13220	1.13379	1.13220	1.13296	5074	0	7
2022.11.18	21:00:00	1.13297	1.13399	1.13291	1.13378	3244	0	6
2022.11.18	22:00:00	1.13377	1.13464	1.13326	1.13351	4518	0	4
2022.11.18	23:00:00	1.13347	1.13475	1.13336	1.13456	2691	0	7
2022.11.21	00:00:00	1.13337	1.13366	1.13277	1.13330	136	0	159
2022.11.21	01:00:00	1.13319	1.13444	1.13236	1.13302	4302	0	13
2022.11.21	02:00:00	1.13297	1.13371	1.13214	1.13250	2229	0	4
2022.11.21	03:00:00	1.13253	1.13268	1.13138	1.13147	5768	0	4
2022.11.21	04:00:00	1.13149	1.13155	1.13075	1.13080	5917	0	7
2022.11.21	05:00:00	1.13082	1.13139	1.13065	1.13137	3405	0	9
2022.11.21	06:00:00	1.13136	1.13153	1.13033	1.13093	3415	0	11
2022.11.21	07:00:00	1.13092	1.13098	1.13012	1.13076	6540	0	6
2022.11.21	08:00:00	1.13076	1.13113	1.12992	1.13026	6739	0	8
2022.11.21	09:00:00	1.13037	1.13176	1.13018	1.13092	7194	0	4
2022.11.21	10:00:00	1.13089	1.13199	1.12876	1.12997	8767	0	4
2022.11.21	11:00:00	1.12998	1.13255	1.12956	1.13236	7688	0	4
2022.11.21	12:00:00	1.13236	1.13341	1.13136	1.13256	5546	0	6
2022.11.21	13:00:00	1.13256	1.13306	1.13094	1.13121	5785	0	4
2022.11.21	14:00:00	1.13119	1.13165	1.12984	1.13142	6660	0	4
2022.11.21	15:00:00	1.13143	1.13225	1.13044	1.13108	4994	0	6
2022.11.21	16:00:00	1.13108	1.13180	1.13011	1.13060	8131	0	4
2022.11.21	17:00:00	1.13062	1.13225	1.12964	1.13022	6969	0	5
2022.11.21	18:00:00	1.13021	1.13049	1.12937	1.12949	6123	0	4
2022.11.21	19:00:00	1.12944	1.13126	1.12937	1.13084	5786	0	4
2022.11.21	20:00:00	1.13084	1.13311	1.13066	1.13254	5310	0	4
2022.11.21	21:00:00	1.13254	1.13380	1.13250	1.13350	5741	0	5
2022.11.21	22:00:00	1.13357	1.13387	1.13304	1.13345	4826	0	8
2022.11.21	23:00:00	1.13345	1.13404	1.13318	1.13391	3367	0	4
2022.11.22	00:00:00	1.13299	1.13315	1.13252	1.13254	348	0	88
2022.11.22	01:00:00	1.13252	1.13376	1.13252	1.13353	5170	0	15
2022.11.22	02:00:00	1.13352	1.13471	1.13330	1.13395	6638	0	11
2022.11.22	03:00:00	1.13393	1.13462	1.13384	1.13426	4654	0	9
2022.11.22	04:00:00	1.13426	1.13506	1.13398	1.13431	4667	0	10
2022.11.22	05:00:00	1.13429	1.13459	1.13389	1.13447	3165	0	9
2022.11.22	06:00:00	1.13447	1.13447	1.13364	1.13405	1670	0	8
2022.11.22	07:00:00	1.13408	1.13410	1.13310	1.13394	3572	0	10
2022.11.22	08:00:00	1.13393	1.13407	1.13274	1.13287	3244	0	8
2022.11.22	09:00:00	1.13287	1.13386	1.13213	1.13364	7187	0	7
2022.11.22	10:00:00	1.13365	1.13474	1.13189	1.13250	9672	0	4
2022.11.22	11:00:00	1.13250	1.13544	1.13180	1.13319	8569	0	8
2022.11.22	12:00:00	1.13320	1.13320	1.13045	1.13235	5967	0	8
2022.11.22	13:00:00	1.13235	1.13411	1.13218	1.13381	5024	0	4
2022.11.22	14:00:00	1.13382	1.13540	1.13288	1.13299	4984	0	4
2022.11.22	15:00:00	1.13299	1.13436	1.13036	1.13038	6506	0	4
2022.11.22	16:00:00	1.13039	1.13146	1.12964	1.12979	7298	0	4
2022.11.22	17:00:00	1.12980	1.13179	1.12978	1.13154	10498	0	4
2022.11.22	18:00:00	1.13154	1.13242	1.13104	1.13222	6025	0	4
2022.11.22	19:00:00	1.13221	1.13238	1.13074	1.13119	3129	0	4
2022.11.22	20:00:00	1.13118	1.13209	1.13116	1.13156	3078	0	5
2022.11.22	21:00:00	1.13156	1.13196	1.13106	1.13156	2649	0	8
2022.11.22	22:00:00	1.13156	1.13226	1.13133	1.13171	3541	0	6
2022.11.22	23:00:00	1.13170	1.13189	1.13092	1.13115	4551	0	7
2022.11.23	00:00:00	1.13088	1.13108	1.12988	1.13050	77	0	122
2022.11.23	01:00:00	1.13045	1.13174	1.13039	1.13110	3284	0	21
2022.11.23	02:00:00	1.13115	1.13191	1.13115	1.13140	2654	0	8
2022.11.23	03:00:00	1.13144	1.13179	1.13048	1.13054	3720	0	5
2022.11.23	04:00:00	1.13054	1.13066	1.13014	1.13043	3475	0	14
2022.11.23	05:00:00	1.13042	1.13072	1.13025	1.13049	2460	0	8
2022.11.23	06:00:00	1.13048	1.13064	1.12990	1.13034	1566	0	13
2022.11.23	07:00:00	1.13034	1.13047	1.12958	1.12994	1787	0	15
2022.11.23	08:00:00	1.12997	1.13097	1.12974	1.13036	5020	0	8
2022.11.23	09:00:00	1.13044	1.13124	1.12980	1.13057	6155	0	5
2022.11.23	10:00:00	1.13065	1.13258	1.12972	1.13221	7058	0	5
2022.11.23	11:00:00	1.13221	1.13526	1.13178	1.13381	6154	0	5
2022.11.23	12:00:00	1.13382	1.13589	1.13355	1.13585	5318	0	8
2022.11.23	13:00:00	1.13584	1.13680	1.13544	1.13554	5107	0	4
2022.11.23	14:00:00	1.13555	1.13563	1.13338	1.13392	6685	0	4
2022.11.23	15:00:00	1.13393	1.13691	1.13341	1.13627	10746	0	4
2022.11.23	16:00:00	1.13624	1.13703	1.13516	1.13605	9192	0	5
2022.11.23	17:00:00	1.13606	1.13823	1.13462	1.13716	10181	0	4
2022.11.23	18:00:00	1.13715	1.13792	1.13489	1.13556	8245	0	5
2022.11.23	19:00:00	1.13557	1.13618	1.13449	1.13593	3971	0	9
2022.11.23	20:00:00	1.13594	1.13670	1.13454	1.13454	5173	0	9
2022.11.23	21:00:00	1.13457	1.13684	1.13453	1.13640	11467	0	10
2022.11.23	22:00:00	1.13643	1.13708	1.13601	1.13656	6217	0	8
2022.11.23	23:00:00	1.13655	1.13664	1.13553	1.13578	2599	0	6
2022.11.24	00:00:00	1.13430	1.13571	1.13386	1.13513	243	0	123
2022.11.24	01:00:00	1.13512	1.13660	1.13512	1.13626	3979	0	11
2022.11.24	02:00:00	1.13626	1.13654	1.13560	1.13610	3610	0	12
2022.11.24	03:00:00	1.13611	1.13739	1.13579	1.13625	4442	0	12
2022.11.24	04:00:00	1.13625	1.13741	1.13597	1.13690	4210	0	7
2022.11.24	05:00:00	1.13692	1.13696	1.13587	1.13628	2647	0	4
2022.11.24	06:00:00	1.13625	1.13729	1.13562	1.13710	2671	0	8
2022.11.24	07:00:00	1.13710	1.13745	1.13620	1.13627	2926	0	10
2022.11.24	08:00:00	1.13628	1.13700	1.13582	1.13659	3765	0	9
2022.11.24	09:00:00	1.13660	1.13791	1.13648	1.13734	6600	0	4
2022.11.24	10:00:00	1.13734	1.13952	1.13690	1.13896	7068	0	4
2022.11.24	11:00:00	1.13898	1.14098	1.13860	1.14095	6305	0	5
2022.11.24	12:00:00	1.14093	1.14346	1.14050	1.14198	8167	0	4
2022.11.24	13:00:00	1.14198	1.14327	1.14127	1.14278	5853	0	4
2022.11.24	14:00:00	1.14277	1.14414	1.14241	1.14347	5637	0	6
2022.11.24	15:00:00	1.14347	1.14367	1.14040	1.14114	6502	0	4
2022.11.24	16:00:00	1.14115	1.14460	1.14111	1.14436	5546	0	7
2022.11.24	17:00:00	1.14432	1.14656	1.14267	1.14569	5298	0	4
2022.11.24	18:00:00	1.14571	1.14585	1.14352	1.14373	3747	0	6
2022.11.24	19:00:00	1.14367	1.14453	1.14307	1.14353	2592	0	8
2022.11.24	20:00:00	1.14355	1.14357	1.14253	1.14281	775	0	9
2022.11.24	21:00:00	1.14281	1.14324	1.14261	1.14312	1052	0	6
2022.11.24	22:00:00	1.14313	1.14314	1.14248	1.14295	1920	0	12
2022.11.24	23:00:00	1.14292	1.14328	1.14228	1.14253	3237	0	19
2022.11.25	00:00:00	1.14223	1.14223	1.14096	1.14167	281	0	175
2022.11.25	01:00:00	1.14150	1.14332	1.14117	1.14277	5364	0	19
2022.11.25	02:00:00	1.14277	1.14311	1.14217	1.14263	2566	0	9
2022.11.25	03:00:00	1.14263	1.14327	1.14190	1.14207	2689	0	7
2022.11.25	04:00:00	1.14208	1.14297	1.14164	1.14266	2039	0	13
2022.11.25	05:00:00	1.14266	1.14295	1.14236	1.14240	1890	0	14
2022.11.25	06:00:00	1.14240	1.14347	1.14238	1.14320	3499	0	8
2022.11.25	07:00:00	1.14319	1.14338	1.14172	1.14216	2733	0	6
2022.11.25	08:00:00	1.14218	1.14384	1.14191	1.14346	3587	0	8
2022.11.25	09:00:00	1.14341	1.14530	1.14277	1.14324	6372	0	4
2022.11.25	10:00:00	1.14327	1.14363	1.14153	1.14255	7140	0	4
2022.11.25	11:00:00	1.14258	1.14315	1.14123	1.14167	6747	0	4
2022.11.25	12:00:00	1.14168	1.14301	1.14068	1.14248	5117	0	6
2022.11.25	13:00:00	1.14247	1.14475	1.14212	1.14463	5237	0	5
2022.11.25	14:00:00	1.14464	1.14477	1.14350	1.14356	5100	0	5
2022.11.25	15:00:00	1.14357	1.14617	1.14345	1.14592	7279	0	4
2022.11.25	16:00:00	1.14595	1.14670	1.14475	1.14582	6841	0	4
2022.11.25	17:00:00	1.14580	1.14660	1.14427	1.14487	6870	0	4
2022.11.25	18:00:00	1.14487	1.14511	1.14329	1.14449	6666	0	4
2022.11.25	19:00:00	1.14452	1.14474	1.14296	1.14301	4192	0	7
2022.11.25	20:00:00	1.14302	1.14390	1.14036	1.14319	4663	0	4
2022.11.25	21:00:00	1.14331	1.14373	1.14033	1.14292	2389	0	30
2022.11.25	22:00:00	1.14296	1.14296	1.14064	1.14235	1348	0	70
2022.11.25	23:00:00	1.14236	1.14350	1.14144	1.14204	1964	0	101
2022.11.28	00:00:00	1.14193	1.14237	1.14061	1.14122	2933	0	177
2022.11.28	01:00:00	1.14123	1.14305	1.14076	1.14204	2065	0	13
2022.11.28	02:00:00	1.14206	1.14239	1.14133	1.14158	2896	0	8
2022.11.28	03:00:00	1.14158	1.14181	1.13897	1.13942	4849	0	4
2022.11.28	04:00:00	1.13943	1.14083	1.13855	1.14072	6267	0	8
2022.11.28	05:00:00	1.14071	1.14136	1.13977	1.14107	3230	0	7
2022.11.28	06:00:00	1.14106	1.14140	1.14073	1.14108	2646	0	10
2022.11.28	07:00:00	1.14107	1.14118	1.14031	1.14071	3069	0	8
2022.11.28	08:00:00	1.14072	1.14189	1.14058	1.14123	3660	0	7
2022.11.28	09:00:00	1.14121	1.14202	1.14019	1.14170	6581	0	4
2022.11.28	10:00:00	1.14169	1.14216	1.13843	1.13888	10559	0	4
2022.11.28	11:00:00	1.13887	1.14039	1.13822	1.13941	7798	0	4
2022.11.28	12:00:00	1.13939	1.14020	1.13845	1.13935	7392	0	4
2022.11.28	13:00:00	1.13933	1.14094	1.13869	1.14009	7265	0	4
2022.11.28	14:00:00	1.14007	1.14205	1.13888	1.14147	7027	0	4
2022.11.28	15:00:00	1.14146	1.14166	1.13824	1.13863	8293	0	4
2022.11.28	16:00:00	1.13865	1.13869	1.13645	1.13754	9166	0	4
2022.11.28	17:00:00	1.13752	1.13949	1.13688	1.13756	8890	0	4
2022.11.28	18:00:00	1.13757	1.13968	1.13642	1.13917	6313	0	4
2022.11.28	19:00:00	1.13917	1.13924	1.13738	1.13743	7745	0	4
2022.11.28	20:00:00	1.13744	1.13828	1.13628	1.13641	5949	0	5
2022.11.28	21:00:00	1.13643	1.13672	1.13445	1.13461	3741	0	4
2022.11.28	22:00:00	1.13460	1.13476	1.13388	1.13453	4222	0	7
2022.11.28	23:00:00	1.13453	1.13506	1.13404	1.13457	2433	0	6
2022.11.29	00:00:00	1.13412	1.13495	1.13343	1.13420	412	0	109
2022.11.29	01:00:00	1.13420	1.13537	1.13414	1.13490	2453	0	9
2022.11.29	02:00:00	1.13492	1.13618	1.13489	1.13591	2466	0	6
2022.11.29	03:00:00	1.13592	1.13697	1.13546	1.13679	5352	0	10
2022.11.29	04:00:00	1.13679	1.13773	1.13674	1.13729	3541	0	8
2022.11.29	05:00:00	1.13729	1.13758	1.13646	1.13692	4376	0	10
2022.11.29	06:00:00	1.13693	1.13775	1.13670	1.13737	2844	0	6
2022.11.29	07:00:00	1.13734	1.13734	1.13574	1.13662	3481	0	10
2022.11.29	08:00:00	1.13660	1.13738	1.13567	1.13693	5195	0	5
2022.11.29	09:00:00	1.13694	1.14047	1.13610	1.14046	7862	0	8
2022.11.29	10:00:00	1.14045	1.14508	1.14006	1.14381	8775	0	4
2022.11.29	11:00:00	1.14383	1.14383	1.14051	1.14083	6892	0	4
2022.11.29	12:00:00	1.14092	1.14224	1.13956	1.13958	7039	0	4
2022.11.29	13:00:00	1.13957	1.14218	1.13807	1.14182	6466	0	4
2022.11.29	14:00:00	1.14182	1.14199	1.13945	1.14158	6890	0	5
2022.11.29	15:00:00	1.14156	1.14404	1.14144	1.14197	9116	0	4
2022.11.29	16:00:00	1.14197	1.14293	1.13962	1.13997	10011	0	4
2022.11.29	17:00:00	1.13994	1.14241	1.13974	1.14159	11760	0	4
2022.11.29	18:00:00	1.14160	1.14179	1.13921	1.14012	7091	0	5
2022.11.29	19:00:00	1.14014	1.14132	1.13993	1.13998	6741	0	4
2022.11.29	20:00:00	1.13998	1.14076	1.13986	1.13997	4345	0	5
2022.11.29	21:00:00	1.13995	1.14039	1.13927	1.13989	4321	0	4
2022.11.29	22:00:00	1.13988	1.14004	1.13953	1.13966	3623	0	5
2022.11.29	23:00:00	1.13965	1.14065	1.13926	1.14005	1735	0	4
2022.11.30	00:00:00	1.13737	1.13990	1.13724	1.13918	1926	0	121
2022.11.30	01:00:00	1.13915	1.14046	1.13906	1.14023	1191	0	14
2022.11.30	02:00:00	1.14027	1.14190	1.13992	1.14146	3621	0	4
2022.11.30	03:00:00	1.14147	1.14212	1.14095	1.14158	4459	0	6
2022.11.30	04:00:00	1.14158	1.14218	1.14108	1.14173	5084	0	9
2022.11.30	05:00:00	1.14171	1.14192	1.14108	1.14117	2949	0	13
2022.11.30	06:00:00	1.14117	1.14207	1.14115	1.14121	2643	0	10
2022.11.30	07:00:00	1.14122	1.14170	1.14103	1.14148	3855	0	12
2022.11.30	08:00:00	1.14146	1.14183	1.13925	1.14100	3832	0	4
2022.11.30	09:00:00	1.14116	1.14164	1.13844	1.13970	6782	0	4
2022.11.30	10:00:00	1.13970	1.14122	1.13818	1.13988	6852	0	4
2022.11.30	11:00:00	1.13986	1.14191	1.13954	1.14184	6922	0	4
2022.11.30	12:00:00	1.14179	1.14179	1.13910	1.13924	5791	0	4
2022.11.30	13:00:00	1.13924	1.14078	1.13893	1.14078	5171	0	4
2022.11.30	14:00:00	1.14079	1.14106	1.13961	1.14015	4738	0	4
2022.11.30	15:00:00	1.14012	1.14155	1.13873	1.14080	9156	0	5
2022.11.30	16:00:00	1.14077	1.14162	1.13819	1.14065	10225	0	4
2022.11.30	17:00:00	1.14064	1.14100	1.13424	1.13495	13823	0	4
2022.11.30	18:00:00	1.13492	1.13502	1.13290	1.13461	9575	0	4
2022.11.30	19:00:00	1.13458	1.13627	1.13329	1.13622	6562	0	4
2022.11.30	20:00:00	1.13622	1.13837	1.13562	1.13712	10802	0	4
2022.11.30	21:00:00	1.13714	1.13982	1.13643	1.13935	14581	0	4
2022.11.30	22:00:00	1.13934	1.14092	1.13877	1.14074	9793	0	4
2022.11.30	23:00:00	1.14079	1.14102	1.13854	1.13983	6365	0	4
2022.12.01	00:00:00	1.13960	1.13992	1.13768	1.13992	509	0	60
2022.12.01	01:00:00	1.14016	1.14076	1.13950	1.13961	4547	0	14
2022.12.01	02:00:00	1.13963	1.14081	1.13942	1.14005	4369	0	17
2022.12.01	03:00:00	1.14001	1.14039	1.13909	1.13961	6837	0	13
2022.12.01	04:00:00	1.13960	1.14013	1.13890	1.13929	7929	0	7
2022.12.01	05:00:00	1.13930	1.14046	1.13899	1.13980	4936	0	6
2022.12.01	06:00:00	1.13981	1.14086	1.13968	1.14070	3953	0	11
2022.12.01	07:00:00	1.14070	1.14151	1.14040	1.14094	7987	0	6
2022.12.01	08:00:00	1.14095	1.14183	1.14014	1.14134	4971	0	10
2022.12.01	09:00:00	1.14136	1.14144	1.13941	1.14042	9315	0	7
2022.12.01	10:00:00	1.14039	1.14352	1.13957	1.14311	9126	0	4
2022.12.01	11:00:00	1.14315	1.14714	1.14235	1.14684	7002	0	4
2022.12.01	12:00:00	1.14682	1.14792	1.14517	1.14737	6440	0	4
2022.12.01	13:00:00	1.14737	1.15084	1.14677	1.15044	5634	0	4
2022.12.01	14:00:00	1.15043	1.15191	1.14928	1.15102	5848	0	4
2022.12.01	15:00:00	1.15100	1.15165	1.14834	1.14954	10366	0	4
2022.12.01	16:00:00	1.14962	1.15355	1.14939	1.15223	11356	0	4
2022.12.01	17:00:00	1.15228	1.15348	1.15041	1.15213	13419	0	4
2022.12.01	18:00:00	1.15212	1.15225	1.14844	1.14875	9687	0	4
2022.12.01	19:00:00	1.14876	1.15003	1.14872	1.14999	8045	0	4
2022.12.01	20:00:00	1.14997	1.15090	1.14751	1.14757	5900	0	8
2022.12.01	21:00:00	1.14759	1.14864	1.14719	1.14822	5284	0	4
2022.12.01	22:00:00	1.14816	1.14847	1.14674	1.14715	5465	0	4
2022.12.01	23:00:00	1.14712	1.14816	1.14687	1.14814	2442	0	4
2022.12.02	00:00:00	1.14765	1.14812	1.14655	1.14811	278	0	97
2022.12.02	01:00:00	1.14790	1.14924	1.14724	1.14786	3352	0	7
2022.12.02	02:00:00	1.14784	1.14830	1.14725	1.14748	3115	0	14
2022.12.02	03:00:00	1.14747	1.14844	1.14742	1.14789	3994	0	8
2022.12.02	04:00:00	1.14789	1.14810	1.14728	1.14781	4169	0	12
2022.12.02	05:00:00	1.14782	1.14867	1.14771	1.14849	3025	0	8
2022.12.02	06:00:00	1.14849	1.14856	1.14767	1.14816	2001	0	7
2022.12.02	07:00:00	1.14815	1.14818	1.14634	1.14680	2768	0	12
2022.12.02	08:00:00	1.14681	1.14687	1.14607	1.14655	4572	0	8
2022.12.02	09:00:00	1.14653	1.14787	1.14496	1.14677	9239	0	4
2022.12.02	10:00:00	1.14677	1.14835	1.14598	1.14822	7837	0	4
2022.12.02	11:00:00	1.14825	1.14929	1.14640	1.14778	6959	0	4
2022.12.02	12:00:00	1.14782	1.14784	1.14462	1.14608	5871	0	4
2022.12.02	13:00:00	1.14614	1.14670	1.14546	1.14582	4942	0	6
2022.12.02	14:00:00	1.14585	1.14737	1.14516	1.14708	5521	0	5
2022.12.02	15:00:00	1.14709	1.14711	1.14366	1.14710	10797	0	4
2022.12.02	16:00:00	1.14711	1.14976	1.14641	1.14949	12515	0	6
2022.12.02	17:00:00	1.14949	1.15161	1.14889	1.14964	9979	0	4
2022.12.02	18:00:00	1.14965	1.15230	1.14931	1.15142	9139	0	4
2022.12.02	19:00:00	1.15143	1.15264	1.15099	1.15107	8247	0	4
2022.12.02	20:00:00	1.15106	1.15174	1.15105	1.15159	5391	0	6
2022.12.02	21:00:00	1.15158	1.15245	1.15139	1.15192	5215	0	5
2022.12.02	22:00:00	1.15193	1.15277	1.15078	1.15185	5602	0	4
2022.12.02	23:00:00	1.15181	1.15263	1.15106	1.15120	1924	0	4
2022.12.05	00:00:00	1.14963	1.15056	1.14851	1.14982	892	0	279
2022.12.05	01:00:00	1.14980	1.15236	1.14963	1.15150	4272	0	13
2022.12.05	02:00:00	1.15144	1.15322	1.15144	1.15223	4787	0	6
2022.12.05	03:00:00	1.15227	1.15373	1.15161	1.15294	5684	0	4
2022.12.05	04:00:00	1.15294	1.15326	1.15227	1.15262	3061	0	7
2022.12.05	05:00:00	1.15263	1.15372	1.15243	1.15295	2947	0	6
2022.12.05	06:00:00	1.15295	1.15391	1.15290	1.15366	2645	0	9
2022.12.05	07:00:00	1.15366	1.15392	1.15276	1.15284	3346	0	11
2022.12.05	08:00:00	1.15285	1.15362	1.15243	1.15296	4067	0	6
2022.12.05	09:00:00	1.15298	1.15313	1.15056	1.15126	5802	0	4
2022.12.05	10:00:00	1.15127	1.15144	1.14646	1.14880	8380	0	4
2022.12.05	11:00:00	1.14880	1.14892	1.14562	1.14746	6538	0	4
2022.12.05	12:00:00	1.14738	1.14950	1.14507	1.14631	6697	0	4
2022.12.05	13:00:00	1.14627	1.14762	1.14566	1.14722	5927	0	4
2022.12.05	14:00:00	1.14721	1.15091	1.14717	1.15036	5127	0	5
2022.12.05	15:00:00	1.15036	1.15053	1.14810	1.14838	7271	0	4
2022.12.05	16:00:00	1.14840	1.15038	1.14817	1.14817	7244	0	4
2022.12.05	17:00:00	1.14814	1.14964	1.14534	1.14610	11088	0	4
2022.12.05	18:00:00	1.14610	1.14708	1.14571	1.14633	7985	0	4
2022.12.05	19:00:00	1.14632	1.14818	1.14558	1.14818	5826	0	7
2022.12.05	20:00:00	1.14816	1.14866	1.14733	1.14776	3796	0	6
2022.12.05	21:00:00	1.14776	1.14801	1.14678	1.14753	3834	0	5
2022.12.05	22:00:00	1.14751	1.14916	1.14747	1.14890	4559	0	4
2022.12.05	23:00:00	1.14892	1.14943	1.14846	1.14925	2320	0	4
2022.12.06	00:00:00	1.14660	1.14781	1.14633	1.14712	54	0	145
2022.12.06	01:00:00	1.14712	1.14949	1.14712	1.14892	1855	0	4
2022.12.06	02:00:00	1.14895	1.15008	1.14892	1.14999	2344	0	9
2022.12.06	03:00:00	1.14998	1.15031	1.14913	1.14930	3921	0	10
2022.12.06	04:00:00	1.14931	1.15038	1.14923	1.15016	3906	0	9
2022.12.06	05:00:00	1.15016	1.15049	1.14909	1.14959	3217	0	8
2022.12.06	06:00:00	1.14959	1.15021	1.14921	1.14926	2609	0	9
2022.12.06	07:00:00	1.14926	1.14984	1.14891	1.14966	3377	0	10
2022.12.06	08:00:00	1.14970	1.15094	1.14915	1.15091	3838	0	8
2022.12.06	09:00:00	1.15097	1.15237	1.15011	1.15123	6166	0	6
2022.12.06	10:00:00	1.15129	1.15197	1.14881	1.14944	7898	0	4
2022.12.06	11:00:00	1.14943	1.14978	1.14771	1.14877	6695	0	4
2022.12.06	12:00:00	1.14876	1.14928	1.14572	1.14634	6491	0	5
2022.12.06	13:00:00	1.14628	1.14911	1.14560	1.14847	5663	0	4
2022.12.06	14:00:00	1.14842	1.14960	1.14698	1.14709	5282	0	4
2022.12.06	15:00:00	1.14709	1.14735	1.14527	1.14543	6085	0	4
2022.12.06	16:00:00	1.14541	1.14670	1.14394	1.14617	8485	0	6
2022.12.06	17:00:00	1.14619	1.14875	1.14403	1.14864	10803	0	4
2022.12.06	18:00:00	1.14862	1.15101	1.14758	1.14765	8675	0	4
2022.12.06	19:00:00	1.14765	1.14828	1.14623	1.14656	5684	0	4
2022.12.06	20:00:00	1.14655	1.14699	1.14422	1.14429	6474	0	4
2022.12.06	21:00:00	1.14429	1.14450	1.14344	1.14392	4446	0	4
2022.12.06	22:00:00	1.14396	1.14414	1.14291	1.14301	3253	0	4
2022.12.06	23:00:00	1.14302	1.14309	1.14213	1.14279	1197	0	4
2022.12.07	00:00:00	1.14197	1.14260	1.14158	1.14176	279	0	76
2022.12.07	01:00:00	1.14170	1.14298	1.14170	1.14289	1306	0	16
2022.12.07	02:00:00	1.14291	1.14364	1.14247	1.14353	2458	0	8
2022.12.07	03:00:00	1.14352	1.14405	1.14312	1.14387	3190	0	11
2022.12.07	04:00:00	1.14386	1.14418	1.14331	1.14360	5116	0	10
2022.12.07	05:00:00	1.14362	1.14419	1.14342	1.14377	3712	0	8
2022.12.07	06:00:00	1.14376	1.14377	1.14296	1.14343	1876	0	9
2022.12.07	07:00:00	1.14343	1.14366	1.14260	1.14290	2861	0	11
2022.12.07	08:00:00	1.14291	1.14323	1.14207	1.14240	4618	0	8
2022.12.07	09:00:00	1.14242	1.14325	1.14101	1.14120	7703	0	4
2022.12.07	10:00:00	1.14121	1.14505	1.14120	1.14479	9657	0	4
2022.12.07	11:00:00	1.14480	1.14550	1.14128	1.14218	6706	0	4
2022.12.07	12:00:00	1.14220	1.14669	1.14214	1.14662	6956	0	4
2022.12.07	13:00:00	1.14660	1.14730	1.14465	1.14520	5560	0	5
2022.12.07	14:00:00	1.14525	1.14554	1.14379	1.14490	6731	0	4
2022.12.07	15:00:00	1.14494	1.14594	1.14424	1.14483	10429	0	4
2022.12.07	16:00:00	1.14483	1.14626	1.14341	1.14569	10055	0	5
2022.12.07	17:00:00	1.14569	1.14591	1.14321	1.14503	12683	0	4
2022.12.07	18:00:00	1.14501	1.14654	1.14410	1.14629	7388	0	4
2022.12.07	19:00:00	1.14627	1.15016	1.14594	1.14954	6388	0	4
2022.12.07	20:00:00	1.14954	1.14957	1.14767	1.14804	4909	0	4
2022.12.07	21:00:00	1.14803	1.14831	1.14711	1.14755	4093	0	7
2022.12.07	22:00:00	1.14752	1.14837	1.14723	1.14836	4175	0	4
2022.12.07	23:00:00	1.14834	1.14900	1.14805	1.14861	4677	0	4
2022.12.08	00:00:00	1.14714	1.14807	1.14646	1.14807	110	0	57
2022.12.08	01:00:00	1.14807	1.14858	1.14788	1.14817	1022	0	14
2022.12.08	02:00:00	1.14818	1.14846	1.14771	1.14823	2673	0	10
2022.12.08	03:00:00	1.14821	1.14835	1.14737	1.14751	4282	0	11
2022.12.08	04:00:00	1.14754	1.14821	1.14739	1.14790	3991	0	11
2022.12.08	05:00:00	1.14791	1.14849	1.14766	1.14846	5325	0	8
2022.12.08	06:00:00	1.14845	1.14852	1.14755	1.14756	3864	0	8
2022.12.08	07:00:00	1.14757	1.14801	1.14747	1.14784	3306	0	10
2022.12.08	08:00:00	1.14783	1.14849	1.14741	1.14837	5996	0	5
2022.12.08	09:00:00	1.14836	1.14876	1.14626	1.14674	5168	0	7
2022.12.08	10:00:00	1.14673	1.14755	1.14518	1.14548	7170	0	4
2022.12.08	11:00:00	1.14547	1.14716	1.14450	1.14710	4981	0	5
2022.12.08	12:00:00	1.14712	1.14724	1.14494	1.14547	4154	0	4
2022.12.08	13:00:00	1.14550	1.14680	1.14459	1.14625	4273	0	4
2022.12.08	14:00:00	1.14624	1.14632	1.14445	1.14556	5412	0	4
2022.12.08	15:00:00	1.14556	1.14839	1.14520	1.14710	7817	0	4
2022.12.08	16:00:00	1.14713	1.14749	1.14465	1.14621	8219	0	4
2022.12.08	17:00:00	1.14622	1.14630	1.14328	1.14384	7217	0	4
2022.12.08	18:00:00	1.14383	1.14508	1.14282	1.14485	5874	0	4
2022.12.08	19:00:00	1.14482	1.14634	1.14462	1.14611	4725	0	6
2022.12.08	20:00:00	1.14612	1.14739	1.14544	1.14631	5214	0	4
2022.12.08	21:00:00	1.14631	1.14683	1.14594	1.14610	5057	0	7
2022.12.08	22:00:00	1.14603	1.14640	1.14520	1.14576	2924	0	6
2022.12.08	23:00:00	1.14572	1.14591	1.14513	1.14575	1350	0	11
2022.12.09	00:00:00	1.14489	1.14563	1.14337	1.14439	263	0	114
2022.12.09	01:00:00	1.14433	1.14546	1.14401	1.14512	1207	0	19
2022.12.09	02:00:00	1.14514	1.14563	1.14480	1.14528	3982	0	4
2022.12.09	03:00:00	1.14529	1.14619	1.14497	1.14538	4745	0	8
2022.12.09	04:00:00	1.14540	1.14598	1.14468	1.14589	3239	0	13
2022.12.09	05:00:00	1.14591	1.14648	1.14575	1.14622	3436	0	11
2022.12.09	06:00:00	1.14622	1.14630	1.14559	1.14565	1962	0	10
2022.12.09	07:00:00	1.14564	1.14588	1.14440	1.14474	2551	0	7
2022.12.09	08:00:00	1.14472	1.14550	1.14400	1.14404	4133	0	12
2022.12.09	09:00:00	1.14400	1.14482	1.14356	1.14376	5961	0	4
2022.12.09	10:00:00	1.14376	1.14439	1.14243	1.14382	5716	0	4
2022.12.09	11:00:00	1.14383	1.14484	1.14258	1.14409	7649	0	5
2022.12.09	12:00:00	1.14412	1.14431	1.14173	1.14297	4952	0	4
2022.12.09	13:00:00	1.14297	1.14451	1.14296	1.14396	4507	0	7
2022.12.09	14:00:00	1.14399	1.14626	1.14346	1.14581	6534	0	7
2022.12.09	15:00:00	1.14581	1.14749	1.14356	1.14635	11484	0	4
2022.12.09	16:00:00	1.14632	1.14728	1.14494	1.14501	9628	0	5
2022.12.09	17:00:00	1.14501	1.14739	1.14388	1.14703	10733	0	4
2022.12.09	18:00:00	1.14702	1.14790	1.14657	1.14722	7441	0	4
2022.12.09	19:00:00	1.14719	1.14750	1.14619	1.14644	4605	0	6
2022.12.09	20:00:00	1.14644	1.14661	1.14508	1.14608	3609	0	8
2022.12.09	21:00:00	1.14609	1.14630	1.14532	1.14547	2693	0	4
2022.12.09	22:00:00	1.14551	1.14597	1.14520	1.14596	3521	0	4
2022.12.09	23:00:00	1.14594	1.14594	1.14486	1.14555	1356	0	4
2022.12.12	00:00:00	1.14420	1.14425	1.14264	1.14395	837	0	279
2022.12.12	01:00:00	1.14401	1.14507	1.14348	1.14411	2030	0	16
2022.12.12	02:00:00	1.14410	1.14585	1.14393	1.14466	2664	0	8
2022.12.12	03:00:00	1.14466	1.14475	1.14379	1.14448	6379	0	8
2022.12.12	04:00:00	1.14447	1.14454	1.14379	1.14426	2367	0	14
2022.12.12	05:00:00	1.14428	1.14493	1.14407	1.14490	1264	0	13
2022.12.12	06:00:00	1.14491	1.14526	1.14474	1.14485	1125	0	12
2022.12.12	07:00:00	1.14485	1.14522	1.14454	1.14493	3483	0	8
2022.12.12	08:00:00	1.14494	1.14539	1.14454	1.14461	3393	0	10
2022.12.12	09:00:00	1.14461	1.14641	1.14289	1.14625	5720	0	4
2022.12.12	10:00:00	1.14625	1.14625	1.14429	1.14466	6596	0	8
2022.12.12	11:00:00	1.14466	1.14621	1.14412	1.14486	4748	0	5
2022.12.12	12:00:00	1.14488	1.14651	1.14457	1.14565	4116	0	8
2022.12.12	13:00:00	1.14565	1.14591	1.14387	1.14390	5285	0	6
2022.12.12	14:00:00	1.14392	1.14585	1.14341	1.14530	4555	0	8
2022.12.12	15:00:00	1.14533	1.14690	1.14491	1.14650	4983	0	4
2022.12.12	16:00:00	1.14649	1.14670	1.14467	1.14588	5856	0	6
2022.12.12	17:00:00	1.14589	1.14895	1.14571	1.14689	7053	0	4
2022.12.12	18:00:00	1.14688	1.14964	1.14651	1.14911	7111	0	4
2022.12.12	19:00:00	1.14913	1.14987	1.14847	1.14941	5260	0	5
2022.12.12	20:00:00	1.14940	1.15005	1.14791	1.14827	6457	0	4
2022.12.12	21:00:00	1.14825	1.14904	1.14795	1.14849	3522	0	6
2022.12.12	22:00:00	1.14853	1.14918	1.14853	1.14879	2566	0	10
2022.12.12	23:00:00	1.14879	1.14913	1.14779	1.14782	895	0	9
2022.12.13	00:00:00	1.14759	1.14802	1.14677	1.14715	49	0	105
2022.12.13	01:00:00	1.14703	1.14831	1.14621	1.14812	701	0	8
2022.12.13	02:00:00	1.14812	1.14858	1.14787	1.14851	2132	0	9
2022.12.13	03:00:00	1.14847	1.14856	1.14787	1.14826	2713	0	7
2022.12.13	04:00:00	1.14826	1.14929	1.14815	1.14833	2443	0	9
2022.12.13	05:00:00	1.14834	1.14853	1.14772	1.14803	3610	0	11
2022.12.13	06:00:00	1.14803	1.14852	1.14763	1.14844	2808	0	12
2022.12.13	07:00:00	1.14845	1.14870	1.14815	1.14864	3975	0	6
2022.12.13	08:00:00	1.14863	1.14908	1.14820	1.14821	4488	0	11
2022.12.13	09:00:00	1.14831	1.14975	1.14766	1.14809	5100	0	4
2022.12.13	10:00:00	1.14808	1.14878	1.14630	1.14872	7191	0	5
2022.12.13	11:00:00	1.14871	1.15066	1.14834	1.14938	5285	0	6
2022.12.13	12:00:00	1.14939	1.15144	1.14913	1.15059	4514	0	5
2022.12.13	13:00:00	1.15059	1.15248	1.14953	1.15169	4347	0	4
2022.12.13	14:00:00	1.15166	1.15191	1.15041	1.15090	6615	0	6
2022.12.13	15:00:00	1.15090	1.15453	1.14759	1.14894	12433	0	6
2022.12.13	16:00:00	1.14894	1.14953	1.14752	1.14851	13441	0	4
2022.12.13	17:00:00	1.14848	1.14860	1.14636	1.14822	10594	0	4
2022.12.13	18:00:00	1.14822	1.14929	1.14498	1.14676	9626	0	4
2022.12.13	19:00:00	1.14677	1.14983	1.14638	1.14959	8768	0	4
2022.12.13	20:00:00	1.14959	1.14973	1.14762	1.14819	6411	0	5
2022.12.13	21:00:00	1.14821	1.14954	1.14802	1.14899	8689	0	5
2022.12.13	22:00:00	1.14897	1.14919	1.14810	1.14833	7278	0	6
2022.12.13	23:00:00	1.14835	1.14907	1.14835	1.14851	2485	0	10
2022.12.14	00:00:00	1.14627	1.14818	1.14627	1.14719	624	0	134
2022.12.14	01:00:00	1.14714	1.14876	1.14714	1.14777	2234	0	13
2022.12.14	02:00:00	1.14774	1.14781	1.14653	1.14735	3359	0	10
2022.12.14	03:00:00	1.14734	1.14741	1.14688	1.14690	5891	0	8
2022.12.14	04:00:00	1.14690	1.14772	1.14689	1.14727	3463	0	10
2022.12.14	05:00:00	1.14726	1.14782	1.14725	1.14764	2946	0	9
2022.12.14	06:00:00	1.14765	1.14817	1.14732	1.14733	2803	0	5
2022.12.14	07:00:00	1.14732	1.14790	1.14728	1.14781	4406	0	8
2022.12.14	08:00:00	1.14780	1.14874	1.14770	1.14798	5598	0	10
2022.12.14	09:00:00	1.14796	1.14888	1.14648	1.14878	5393	0	8
2022.12.14	10:00:00	1.14879	1.14888	1.14698	1.14775	8580	0	4
2022.12.14	11:00:00	1.14776	1.15048	1.14769	1.14874	6673	0	5
2022.12.14	12:00:00	1.14873	1.14956	1.14739	1.14782	7021	0	4
2022.12.14	13:00:00	1.14782	1.14885	1.14738	1.14796	8007	0	4
2022.12.14	14:00:00	1.14795	1.14992	1.14593	1.14599	5790	0	7
2022.12.14	15:00:00	1.14600	1.14742	1.14495	1.14631	5590	0	9
2022.12.14	16:00:00	1.14631	1.14745	1.14521	1.14668	8132	0	4
2022.12.14	17:00:00	1.14667	1.14677	1.14528	1.14557	7489	0	4
2022.12.14	18:00:00	1.14559	1.14699	1.14500	1.14621	6138	0	5
2022.12.14	19:00:00	1.14621	1.14877	1.14601	1.14866	4393	0	4
2022.12.14	20:00:00	1.14865	1.14866	1.14560	1.14567	4694	0	4
2022.12.14	21:00:00	1.14568	1.14739	1.14433	1.14674	19432	0	4
2022.12.14	22:00:00	1.14675	1.14873	1.14617	1.14738	11355	0	9
2022.12.14	23:00:00	1.14739	1.14872	1.14694	1.14843	1772	0	13
2022.12.15	00:00:00	1.14549	1.14820	1.14549	1.14725	329	0	105
2022.12.15	01:00:00	1.14723	1.14856	1.14723	1.14789	3816	0	13
2022.12.15	02:00:00	1.14789	1.14834	1.14717	1.14772	2515	0	12
2022.12.15	03:00:00	1.14777	1.14783	1.14654	1.14731	3481	0	12
2022.12.15	04:00:00	1.14734	1.14745	1.14639	1.14723	3459	0	13
2022.12.15	05:00:00	1.14723	1.14748	1.14651	1.14655	1569	0	11
2022.12.15	06:00:00	1.14655	1.14692	1.14621	1.14649	1352	0	14
2022.12.15	07:00:00	1.14651	1.14708	1.14640	1.14680	2291	0	14
2022.12.15	08:00:00	1.14680	1.14766	1.14656	1.14761	2940	0	9
2022.12.15	09:00:00	1.14760	1.14823	1.14685	1.14689	4530	0	9
2022.12.15	10:00:00	1.14690	1.14929	1.14302	1.14410	8856	0	6
2022.12.15	11:00:00	1.14405	1.14733	1.14167	1.14597	5742	0	5
2022.12.15	12:00:00	1.14597	1.14827	1.14527	1.14621	5374	0	7
2022.12.15	13:00:00	1.14623	1.14689	1.14340	1.14349	5360	0	8
2022.12.15	14:00:00	1.14345	1.14433	1.14031	1.14167	5996	0	5
2022.12.15	15:00:00	1.14170	1.14443	1.13982	1.14165	9187	0	4
2022.12.15	16:00:00	1.14164	1.14195	1.13753	1.13838	11283	0	4
2022.12.15	17:00:00	1.13837	1.13951	1.13408	1.13418	12937	0	4
2022.12.15	18:00:00	1.13417	1.13555	1.13343	1.13357	8536	0	4
2022.12.15	19:00:00	1.13355	1.13407	1.13128	1.13182	6855	0	6
2022.12.15	20:00:00	1.13186	1.13363	1.13186	1.13268	4516	0	8
2022.12.15	21:00:00	1.13264	1.13293	1.13084	1.13153	3765	0	6
2022.12.15	22:00:00	1.13153	1.13206	1.13041	1.13094	4824	0	9
2022.12.15	23:00:00	1.13095	1.13113	1.13001	1.13041	2884	0	12
2022.12.16	00:00:00	1.12943	1.13081	1.12928	1.12962	1091	0	132
2022.12.16	01:00:00	1.12989	1.13109	1.12920	1.13086	1479	0	11
2022.12.16	02:00:00	1.13085	1.13165	1.13022	1.13022	1906	0	15
2022.12.16	03:00:00	1.13024	1.13130	1.12992	1.13125	3332	0	6
2022.12.16	04:00:00	1.13126	1.13170	1.13071	1.13170	3281	0	11
2022.12.16	05:00:00	1.13170	1.13173	1.13089	1.13102	2628	0	14
2022.12.16	06:00:00	1.13101	1.13185	1.13038	1.13182	2232	0	12
2022.12.16	07:00:00	1.13181	1.13234	1.13094	1.13151	2494	0	4
2022.12.16	08:00:00	1.13150	1.13212	1.13078	1.13140	3273	0	11
2022.12.16	09:00:00	1.13132	1.13137	1.12992	1.13034	5809	0	5
2022.12.16	10:00:00	1.13043	1.13154	1.12760	1.12837	7681	0	5
2022.12.16	11:00:00	1.12838	1.12934	1.12480	1.12917	9269	0	4
2022.12.16	12:00:00	1.12913	1.13233	1.12886	1.13232	7124	0	4
2022.12.16	13:00:00	1.13233	1.13417	1.13210	1.13312	5651	0	4
2022.12.16	14:00:00	1.13308	1.13379	1.13164	1.13169	4685	0	4
2022.12.16	15:00:00	1.13170	1.13414	1.13159	1.13407	6696	0	5
2022.12.16	16:00:00	1.13408	1.13639	1.13231	1.13569	11788	0	5
2022.12.16	17:00:00	1.13567	1.13595	1.13146	1.13303	11268	0	5
2022.12.16	18:00:00	1.13305	1.13513	1.13264	1.13446	9467	0	4
2022.12.16	19:00:00	1.13450	1.13706	1.13408	1.13525	5534	0	6
2022.12.16	20:00:00	1.13526	1.13630	1.13442	1.13533	4193	0	6
2022.12.16	21:00:00	1.13534	1.13611	1.13483	1.13513	3585	0	7
2022.12.16	22:00:00	1.13514	1.13620	1.13490	1.13569	6522	0	6
2022.12.16	23:00:00	1.13568	1.13601	1.13453	1.13501	2366	0	6
2022.12.19	00:00:00	1.13340	1.13426	1.13253	1.13403	703	0	243
2022.12.19	01:00:00	1.13374	1.13644	1.13360	1.13634	1064	0	21
2022.12.19	02:00:00	1.13634	1.13646	1.13493	1.13596	2966	0	11
2022.12.19	03:00:00	1.13595	1.13690	1.13576	1.13670	3113	0	9
2022.12.19	04:00:00	1.13670	1.13694	1.13588	1.13603	2953	0	9
2022.12.19	05:00:00	1.13601	1.13701	1.13583	1.13594	1852	0	14
2022.12.19	06:00:00	1.13594	1.13600	1.13510	1.13560	2098	0	12
2022.12.19	07:00:00	1.13557	1.13568	1.13494	1.13512	2182	0	16
2022.12.19	08:00:00	1.13512	1.13619	1.13511	1.13591	2704	0	11
2022.12.19	09:00:00	1.13587	1.13600	1.13345	1.13418	4744	0	5
2022.12.19	10:00:00	1.13420	1.13554	1.13363	1.13438	5083	0	4
2022.12.19	11:00:00	1.13436	1.13730	1.13384	1.13619	6336	0	4
2022.12.19	12:00:00	1.13619	1.13794	1.13548	1.13652	7611	0	5
2022.12.19	13:00:00	1.13657	1.13658	1.13482	1.13563	7397	0	9
2022.12.19	14:00:00	1.13564	1.13624	1.13415	1.13523	5946	0	8
2022.12.19	15:00:00	1.13521	1.13521	1.13333	1.13420	6874	0	8
2022.12.19	16:00:00	1.13421	1.13637	1.13419	1.13485	7961	0	7
2022.12.19	17:00:00	1.13483	1.13513	1.13163	1.13213	9031	0	4
2022.12.19	18:00:00	1.13210	1.13409	1.13207	1.13308	6613	0	5
2022.12.19	19:00:00	1.13308	1.13315	1.13194	1.13220	4611	0	7
2022.12.19	20:00:00	1.13220	1.13224	1.13029	1.13077	4236	0	7
2022.12.19	21:00:00	1.13081	1.13094	1.12874	1.12929	5583	0	4
2022.12.19	22:00:00	1.12930	1.12990	1.12889	1.12901	5640	0	6
2022.12.19	23:00:00	1.12900	1.12900	1.12839	1.12873	1285	0	6
2022.12.20	00:00:00	1.12765	1.12798	1.12754	1.12782	274	0	147
2022.12.20	01:00:00	1.12782	1.12873	1.12767	1.12868	4756	0	13
2022.12.20	02:00:00	1.12865	1.12979	1.12822	1.12930	5235	0	4
2022.12.20	03:00:00	1.12929	1.13021	1.12918	1.13002	5495	0	4
2022.12.20	04:00:00	1.13002	1.13020	1.12975	1.13006	5878	0	8
2022.12.20	05:00:00	1.13007	1.13186	1.12568	1.12703	14534	0	5
2022.12.20	06:00:00	1.12704	1.12789	1.12552	1.12779	9344	0	9
2022.12.20	07:00:00	1.12777	1.12779	1.12326	1.12541	6630	0	5
2022.12.20	08:00:00	1.12535	1.12825	1.12461	1.12754	9554	0	6
2022.12.20	09:00:00	1.12755	1.12919	1.12656	1.12667	9460	0	9
2022.12.20	10:00:00	1.12665	1.12934	1.12464	1.12761	10535	0	5
2022.12.20	11:00:00	1.12761	1.12834	1.12365	1.12486	7525	0	4
2022.12.20	12:00:00	1.12482	1.12814	1.12375	1.12804	8285	0	5
2022.12.20	13:00:00	1.12811	1.12914	1.12578	1.12604	7192	0	5
2022.12.20	14:00:00	1.12605	1.12737	1.12512	1.12655	6523	0	5
2022.12.20	15:00:00	1.12656	1.12825	1.12470	1.12792	7472	0	4
2022.12.20	16:00:00	1.12792	1.12822	1.12565	1.12681	9113	0	5
2022.12.20	17:00:00	1.12681	1.12688	1.12234	1.12391	12457	0	4
2022.12.20	18:00:00	1.12390	1.12526	1.12351	1.12450	8376	0	4
2022.12.20	19:00:00	1.12446	1.12517	1.12390	1.12514	5440	0	6
2022.12.20	20:00:00	1.12513	1.12691	1.12486	1.12655	5855	0	6
2022.12.20	21:00:00	1.12657	1.12735	1.12611	1.12711	7674	0	7
2022.12.20	22:00:00	1.12713	1.12853	1.12675	1.12852	6849	0	7
2022.12.20	23:00:00	1.12851	1.12859	1.12788	1.12854	1079	0	4
2022.12.21	00:00:00	1.12741	1.12858	1.12729	1.12805	105	0	98
2022.12.21	01:00:00	1.12805	1.12915	1.12784	1.12898	1943	0	24
2022.12.21	02:00:00	1.12897	1.12954	1.12862	1.12912	2091	0	15
2022.12.21	03:00:00	1.12914	1.12952	1.12856	1.12868	3941	0	16
2022.12.21	04:00:00	1.12871	1.12928	1.12822	1.12827	2389	0	8
2022.12.21	05:00:00	1.12828	1.12914	1.12825	1.12895	3354	0	14
2022.12.21	06:00:00	1.12893	1.12986	1.12886	1.12966	2961	0	4
2022.12.21	07:00:00	1.12964	1.12990	1.12935	1.12937	2189	0	6
2022.12.21	08:00:00	1.12937	1.12961	1.12864	1.12897	2632	0	11
2022.12.21	09:00:00	1.12914	1.12925	1.12751	1.12847	4377	0	5
2022.12.21	10:00:00	1.12840	1.12847	1.12423	1.12450	5892	0	6
2022.12.21	11:00:00	1.12449	1.12501	1.12253	1.12435	6023	0	5
2022.12.21	12:00:00	1.12438	1.12484	1.12316	1.12444	5797	0	4
2022.12.21	13:00:00	1.12441	1.12460	1.11993	1.12076	6036	0	4
2022.12.21	14:00:00	1.12074	1.12195	1.11978	1.12166	6293	0	4
2022.12.21	15:00:00	1.12165	1.12392	1.12153	1.12291	7964	0	4
2022.12.21	16:00:00	1.12293	1.12399	1.12058	1.12110	9101	0	4
2022.12.21	17:00:00	1.12097	1.12270	1.11990	1.12163	9752	0	4
2022.12.21	18:00:00	1.12158	1.12228	1.11945	1.11976	6735	0	4
2022.12.21	19:00:00	1.11974	1.12012	1.11793	1.11879	4981	0	4
2022.12.21	20:00:00	1.11872	1.11922	1.11803	1.11850	3956	0	6
2022.12.21	21:00:00	1.11850	1.12012	1.11839	1.11875	4710	0	6
2022.12.21	22:00:00	1.11879	1.12026	1.11873	1.12007	4302	0	5
2022.12.21	23:00:00	1.12004	1.12009	1.11923	1.11966	1488	0	7
2022.12.22	00:00:00	1.11841	1.11897	1.11693	1.11876	85	0	109
2022.12.22	01:00:00	1.11870	1.11909	1.11848	1.11877	1624	0	18
2022.12.22	02:00:00	1.11881	1.12000	1.11880	1.11995	4073	0	5
2022.12.22	03:00:00	1.11992	1.12066	1.11950	1.12022	3364	0	11
2022.12.22	04:00:00	1.12020	1.12062	1.11961	1.12033	3058	0	12
2022.12.22	05:00:00	1.12033	1.12103	1.12026	1.12091	2419	0	14
2022.12.22	06:00:00	1.12091	1.12098	1.11974	1.11995	1992	0	12
2022.12.22	07:00:00	1.11996	1.12029	1.11963	1.11967	2341	0	12
2022.12.22	08:00:00	1.11965	1.11984	1.11893	1.11913	2375	0	13
2022.12.22	09:00:00	1.11898	1.12132	1.11777	1.12116	5752	0	7
2022.12.22	10:00:00	1.12116	1.12165	1.11815	1.11905	6895	0	6
2022.12.22	11:00:00	1.11906	1.12013	1.11680	1.11689	5862	0	5
2022.12.22	12:00:00	1.11688	1.11800	1.11580	1.11796	5204	0	4
2022.12.22	13:00:00	1.11797	1.11889	1.11604	1.11639	5438	0	4
2022.12.22	14:00:00	1.11640	1.11764	1.11552	1.11633	6037	0	7
2022.12.22	15:00:00	1.11633	1.11768	1.11536	1.11731	10604	0	6
2022.12.22	16:00:00	1.11732	1.11759	1.11484	1.11542	10100	0	5
2022.12.22	17:00:00	1.11542	1.11895	1.11484	1.11880	10199	0	4
2022.12.22	18:00:00	1.11880	1.12127	1.11786	1.11996	6646	0	6
2022.12.22	19:00:00	1.11996	1.12041	1.11901	1.11921	5143	0	9
2022.12.22	20:00:00	1.11922	1.11992	1.11823	1.11925	4426	0	5
2022.12.22	21:00:00	1.11924	1.12042	1.11906	1.12012	6567	0	7
2022.12.22	22:00:00	1.12013	1.12133	1.12011	1.12100	5193	0	8
2022.12.22	23:00:00	1.12100	1.12137	1.12050	1.12068	1629	0	8
2022.12.23	00:00:00	1.12021	1.12078	1.11954	1.12035	68	0	49
2022.12.23	01:00:00	1.12039	1.12096	1.12015	1.12060	7287	0	13
2022.12.23	02:00:00	1.12066	1.12131	1.11990	1.12010	4406	0	18
2022.12.23	03:00:00	1.12011	1.12235	1.12002	1.12230	4620	0	5
2022.12.23	04:00:00	1.12230	1.12258	1.12148	1.12173	3606	0	10
2022.12.23	05:00:00	1.12173	1.12268	1.12168	1.12259	1944	0	13
2022.12.23	06:00:00	1.12258	1.12319	1.12189	1.12196	2123	0	12
2022.12.23	07:00:00	1.12194	1.12197	1.12121	1.12126	3374	0	7
2022.12.23	08:00:00	1.12123	1.12183	1.12071	1.12148	5131	0	12
2022.12.23	09:00:00	1.12147	1.12341	1.12109	1.12261	5389	0	10
2022.12.23	10:00:00	1.12258	1.12470	1.12138	1.12157	6872	0	5
2022.12.23	11:00:00	1.12157	1.12409	1.12049	1.12350	5295	0	11
2022.12.23	12:00:00	1.12349	1.12355	1.12113	1.12279	5331	0	6
2022.12.23	13:00:00	1.12281	1.12449	1.12208	1.12259	3760	0	7
2022.12.23	14:00:00	1.12261	1.12361	1.12098	1.12133	3612	0	7
2022.12.23	15:00:00	1.12132	1.12152	1.11835	1.12130	9713	0	8
2022.12.23	16:00:00	1.12129	1.12337	1.12032	1.12275	9739	0	8
2022.12.23	17:00:00	1.12276	1.12647	1.12182	1.12564	10002	0	7
2022.12.23	18:00:00	1.12565	1.12585	1.12441	1.12499	5497	0	7
2022.12.23	19:00:00	1.12497	1.12550	1.12412	1.12428	3571	0	9
2022.12.23	20:00:00	1.12428	1.12438	1.12315	1.12342	4295	0	12
2022.12.23	21:00:00	1.12342	1.12454	1.12330	1.12419	2622	0	12
2022.12.23	22:00:00	1.12419	1.12496	1.12366	1.12419	2619	0	8
2022.12.23	23:00:00	1.12417	1.12522	1.12383	1.12407	1427	0	16
2022.12.27	00:00:00	1.12245	1.12398	1.12236	1.12311	153	0	242
2022.12.27	01:00:00	1.12303	1.12662	1.12297	1.12595	1962	0	21
2022.12.27	02:00:00	1.12595	1.12606	1.12504	1.12519	3913	0	19
2022.12.27	03:00:00	1.12521	1.12605	1.12508	1.12571	2656	0	17
2022.12.27	04:00:00	1.12570	1.12578	1.12468	1.12543	2720	0	12
2022.12.27	05:00:00	1.12543	1.12587	1.12502	1.12521	1641	0	16
2022.12.27	06:00:00	1.12519	1.12553	1.12497	1.12518	1564	0	17
2022.12.27	07:00:00	1.12520	1.12590	1.12502	1.12510	2179	0	17
2022.12.27	08:00:00	1.12509	1.12622	1.12441	1.12601	2572	0	17
2022.12.27	09:00:00	1.12603	1.12627	1.12475	1.12536	4831	0	6
2022.12.27	10:00:00	1.12538	1.12601	1.12235	1.12284	5738	0	6
2022.12.27	11:00:00	1.12283	1.12290	1.11936	1.11984	3315	0	8
2022.12.27	12:00:00	1.11984	1.12036	1.11805	1.11830	3814	0	6
2022.12.27	13:00:00	1.11834	1.11863	1.11721	1.11791	3140	0	7
2022.12.27	14:00:00	1.11792	1.11931	1.11731	1.11837	4262	0	10
2022.12.27	15:00:00	1.11838	1.11939	1.11830	1.11899	6449	0	11
2022.12.27	16:00:00	1.11894	1.11904	1.11761	1.11799	5626	0	7
2022.12.27	17:00:00	1.11799	1.11814	1.11546	1.11603	6563	0	10
2022.12.27	18:00:00	1.11602	1.11720	1.11586	1.11705	5303	0	11
2022.12.27	19:00:00	1.11703	1.11781	1.11673	1.11727	3045	0	12
2022.12.27	20:00:00	1.11727	1.11793	1.11706	1.11779	2419	0	13
2022.12.27	21:00:00	1.11777	1.11802	1.11706	1.11790	5284	0	11
2022.12.27	22:00:00	1.11790	1.11791	1.11709	1.11771	6018	0	8
2022.12.27	23:00:00	1.11773	1.11825	1.11722	1.11812	964	0	12
2022.12.28	00:00:00	1.11586	1.11666	1.11521	1.11666	92	0	261
2022.12.28	01:00:00	1.11658	1.11786	1.11596	1.11767	508	0	22
2022.12.28	02:00:00	1.11769	1.11807	1.11572	1.11806	2195	0	10
2022.12.28	03:00:00	1.11806	1.11855	1.11742	1.11774	2882	0	15
2022.12.28	04:00:00	1.11774	1.11806	1.11663	1.11672	1846	0	14
2022.12.28	05:00:00	1.11672	1.11755	1.11637	1.11690	3760	0	7
2022.12.28	06:00:00	1.11692	1.11813	1.11683	1.11811	1585	0	11
2022.12.28	07:00:00	1.11808	1.11819	1.11718	1.11738	1734	0	11
2022.12.28	08:00:00	1.11739	1.11894	1.11730	1.11841	3381	0	10
2022.12.28	09:00:00	1.11844	1.12029	1.11782	1.11916	4896	0	10
2022.12.28	10:00:00	1.11918	1.11991	1.11712	1.11759	5395	0	4
2022.12.28	11:00:00	1.11756	1.11946	1.11722	1.11893	4415	0	8
2022.12.28	12:00:00	1.11896	1.11988	1.11840	1.11951	3846	0	4
2022.12.28	13:00:00	1.11952	1.12130	1.11923	1.12025	3642	0	4
2022.12.28	14:00:00	1.12025	1.12147	1.11962	1.12003	4312	0	9
2022.12.28	15:00:00	1.12004	1.12096	1.11846	1.11918	5013	0	6
2022.12.28	16:00:00	1.11919	1.12136	1.11872	1.12078	5075	0	4
2022.12.28	17:00:00	1.12068	1.12158	1.11687	1.11724	7292	0	4
2022.12.28	18:00:00	1.11723	1.11750	1.11531	1.11603	7216	0	5
2022.12.28	19:00:00	1.11603	1.11615	1.11463	1.11554	3933	0	4
2022.12.28	20:00:00	1.11555	1.11645	1.11521	1.11625	3299	0	6
2022.12.28	21:00:00	1.11627	1.11686	1.11617	1.11668	2035	0	8
2022.12.28	22:00:00	1.11667	1.11700	1.11645	1.11651	2093	0	7
2022.12.28	23:00:00	1.11652	1.11719	1.11633	1.11639	815	0	11
2022.12.29	00:00:00	1.11430	1.11474	1.11406	1.11425	253	0	222
2022.12.29	01:00:00	1.11429	1.11671	1.11429	1.11597	1914	0	7
2022.12.29	02:00:00	1.11607	1.11633	1.11569	1.11590	1654	0	11
2022.12.29	03:00:00	1.11596	1.11712	1.11594	1.11619	1874	0	4
2022.12.29	04:00:00	1.11619	1.11640	1.11594	1.11595	832	0	8
2022.12.29	05:00:00	1.11597	1.11618	1.11573	1.11605	2264	0	11
2022.12.29	06:00:00	1.11607	1.11614	1.11544	1.11574	1663	0	11
2022.12.29	07:00:00	1.11573	1.11652	1.11569	1.11619	2844	0	12
2022.12.29	08:00:00	1.11618	1.11659	1.11573	1.11641	3671	0	11
2022.12.29	09:00:00	1.11640	1.11675	1.11515	1.11546	2473	0	10
2022.12.29	10:00:00	1.11546	1.11636	1.11387	1.11466	4770	0	9
2022.12.29	11:00:00	1.11468	1.11524	1.11278	1.11318	4330	0	6
2022.12.29	12:00:00	1.11320	1.11492	1.11284	1.11399	5305	0	7
2022.12.29	13:00:00	1.11399	1.11400	1.11234	1.11326	4631	0	8
2022.12.29	14:00:00	1.11327	1.11343	1.11131	1.11221	4018	0	6
2022.12.29	15:00:00	1.11219	1.11287	1.11059	1.11269	6074	0	4
2022.12.29	16:00:00	1.11271	1.11334	1.11126	1.11198	6020	0	4
2022.12.29	17:00:00	1.11204	1.11522	1.11108	1.11291	7832	0	4
2022.12.29	18:00:00	1.11291	1.11489	1.11270	1.11347	6619	0	4
2022.12.29	19:00:00	1.11346	1.11394	1.11247	1.11352	3019	0	8
2022.12.29	20:00:00	1.11352	1.11397	1.11271	1.11329	2907	0	7
2022.12.29	21:00:00	1.11330	1.11363	1.11232	1.11246	2426	0	5
2022.12.29	22:00:00	1.11247	1.11415	1.11237	1.11350	4531	0	6
2022.12.29	23:00:00	1.11348	1.11374	1.11279	1.11283	1044	0	11
2022.12.30	00:00:00	1.11109	1.11209	1.11077	1.11104	17	0	242
2022.12.30	01:00:00	1.11087	1.11305	1.11061	1.11264	856	0	12
2022.12.30	02:00:00	1.11262	1.11335	1.11210	1.11281	3867	0	5
2022.12.30	03:00:00	1.11276	1.11317	1.11241	1.11297	2368	0	7
2022.12.30	04:00:00	1.11296	1.11299	1.11169	1.11222	3568	0	4
2022.12.30	05:00:00	1.11222	1.11254	1.11162	1.11190	1396	0	13
2022.12.30	06:00:00	1.11185	1.11223	1.11160	1.11213	2438	0	11
2022.12.30	07:00:00	1.11212	1.11266	1.11177	1.11256	2124	0	11
2022.12.30	08:00:00	1.11255	1.11326	1.11199	1.11275	3770	0	7
2022.12.30	09:00:00	1.11274	1.11621	1.11146	1.11606	4379	0	5
2022.12.30	10:00:00	1.11605	1.11660	1.11357	1.11429	6627	0	6
2022.12.30	11:00:00	1.11430	1.11457	1.11047	1.11066	4638	0	6
2022.12.30	12:00:00	1.11064	1.11144	1.10983	1.11035	3811	0	6
2022.12.30	13:00:00	1.11036	1.11174	1.10984	1.11066	4188	0	7
2022.12.30	14:00:00	1.11065	1.11294	1.11001	1.11016	4231	0	5
2022.12.30	15:00:00	1.11021	1.11348	1.10974	1.11318	6038	0	4
2022.12.30	16:00:00	1.11318	1.11584	1.11223	1.11377	7798	0	4
2022.12.30	17:00:00	1.11378	1.11555	1.11179	1.11263	9705	0	5
2022.12.30	18:00:00	1.11261	1.11643	1.11224	1.11587	8219	0	4
2022.12.30	19:00:00	1.11588	1.11598	1.11382	1.11520	5772	0	5
2022.12.30	20:00:00	1.11514	1.11535	1.11392	1.11412	4432	0	9
2022.12.30	21:00:00	1.11411	1.11543	1.11374	1.11500	2253	0	10
2022.12.30	22:00:00	1.11498	1.11788	1.11494	1.11763	2368	0	11
2022.12.30	23:00:00	1.11762	1.11863	1.11701	1.11809	2399	0	13
2023.01.02	00:00:00	1.11395	1.12014	1.11391	1.11477	1234	0	279
2023.01.02	01:00:00	1.11466	1.11713	1.11437	1.11705	90	0	279
2023.01.02	02:00:00	1.11700	1.11702	1.11513	1.11580	701	0	206
2023.01.02	03:00:00	1.11578	1.11756	1.11555	1.11557	500	0	192
2023.01.02	04:00:00	1.11558	1.11642	1.11533	1.11537	195	0	279
2023.01.02	05:00:00	1.11533	1.11681	1.11502	1.11536	163	0	172
2023.01.02	06:00:00	1.11532	1.11568	1.11368	1.11465	348	0	221
2023.01.02	07:00:00	1.11464	1.11507	1.11447	1.11468	237	0	207
2023.01.02	08:00:00	1.11469	1.11580	1.11410	1.11580	239	0	158
2023.01.02	09:00:00	1.11580	1.11656	1.11140	1.11244	293	0	48
2023.01.02	10:00:00	1.11244	1.11546	1.11237	1.11329	1008	0	63
2023.01.02	11:00:00	1.11327	1.11461	1.11226	1.11364	3583	0	4
2023.01.02	12:00:00	1.11369	1.11429	1.11287	1.11386	2615	0	4
2023.01.02	13:00:00	1.11386	1.11400	1.11298	1.11352	2690	0	10
2023.01.02	14:00:00	1.11352	1.11389	1.11322	1.11369	1186	0	4
2023.01.02	15:00:00	1.11369	1.11396	1.11341	1.11362	660	0	19
2023.01.02	16:00:00	1.11364	1.11507	1.11352	1.11493	651	0	23
2023.01.02	17:00:00	1.11494	1.11561	1.11477	1.11485	590	0	10
2023.01.02	18:00:00	1.11489	1.11520	1.11378	1.11503	895	0	5
2023.01.02	19:00:00	1.11505	1.11511	1.11492	1.11499	730	0	32
2023.01.02	20:00:00	1.11499	1.11507	1.11484	1.11490	362	0	33
2023.01.02	21:00:00	1.11490	1.11502	1.11260	1.11260	425	0	44
2023.01.02	22:00:00	1.11245	1.11376	1.11244	1.11299	170	0	238
2023.01.02	23:00:00	1.11295	1.11367	1.11238	1.11330	117	0	279
2023.01.03	00:00:00	1.11399	1.11521	1.11343	1.11472	36	0	279
2023.01.03	01:00:00	1.11447	1.11703	1.11326	1.11392	1585	0	80
2023.01.03	02:00:00	1.11392	1.11490	1.11252	1.11365	5751	0	4
2023.01.03	03:00:00	1.11362	1.11447	1.11284	1.11400	6908	0	7
2023.01.03	04:00:00	1.11400	1.11589	1.11391	1.11503	6087	0	5
2023.01.03	05:00:00	1.11506	1.11576	1.11477	1.11524	3701	0	9
2023.01.03	06:00:00	1.11525	1.11607	1.11518	1.11551	2884	0	14
2023.01.03	07:00:00	1.11551	1.11610	1.11527	1.11591	4634	0	6
2023.01.03	08:00:00	1.11591	1.11645	1.11526	1.11567	4136	0	10
2023.01.03	09:00:00	1.11565	1.11679	1.11439	1.11472	6969	0	5
2023.01.03	10:00:00	1.11474	1.11716	1.11168	1.11380	10208	0	4
2023.01.03	11:00:00	1.11378	1.11848	1.11368	1.11718	8976	0	4
2023.01.03	12:00:00	1.11718	1.11909	1.11675	1.11765	10108	0	5
2023.01.03	13:00:00	1.11764	1.12189	1.11756	1.12112	6566	0	4
2023.01.03	14:00:00	1.12112	1.12245	1.11967	1.12095	5353	0	5
2023.01.03	15:00:00	1.12095	1.12295	1.12001	1.12216	6998	0	4
2023.01.03	16:00:00	1.12216	1.12384	1.12136	1.12227	9279	0	4
2023.01.03	17:00:00	1.12227	1.12680	1.12209	1.12666	11696	0	4
2023.01.03	18:00:00	1.12667	1.12679	1.12113	1.12126	7416	0	4
2023.01.03	19:00:00	1.12129	1.12215	1.12046	1.12115	6304	0	5
2023.01.03	20:00:00	1.12116	1.12266	1.12108	1.12196	4589	0	5
2023.01.03	21:00:00	1.12198	1.12212	1.12037	1.12039	3234	0	8
2023.01.03	22:00:00	1.12038	1.12117	1.12011	1.12057	6286	0	7
2023.01.03	23:00:00	1.12056	1.12066	1.11980	1.12001	1954	0	4
2023.01.04	00:00:00	1.12035	1.12035	1.11932	1.12003	64	0	131
2023.01.04	01:00:00	1.12003	1.12074	1.11938	1.12023	4418	0	16
2023.01.04	02:00:00	1.12026	1.12180	1.12015	1.12059	3847	0	9
2023.01.04	03:00:00	1.12054	1.12068	1.11920	1.11944	3422	0	11
2023.01.04	04:00:00	1.11944	1.12003	1.11907	1.11966	2819	0	5
2023.01.04	05:00:00	1.11966	1.11989	1.11893	1.11909	2516	0	8
2023.01.04	06:00:00	1.11909	1.11917	1.11825	1.11846	4003	0	10
2023.01.04	07:00:00	1.11846	1.11943	1.11841	1.11925	4542	0	13
2023.01.04	08:00:00	1.11921	1.11925	1.11737	1.11743	4963	0	6
2023.01.04	09:00:00	1.11742	1.11880	1.11683	1.11771	9286	0	5
2023.01.04	10:00:00	1.11770	1.11940	1.11662	1.11683	9542	0	4
2023.01.04	11:00:00	1.11679	1.11939	1.11663	1.11814	7841	0	4
2023.01.04	12:00:00	1.11815	1.11946	1.11749	1.11849	5010	0	4
2023.01.04	13:00:00	1.11846	1.12008	1.11674	1.11833	6035	0	5
2023.01.04	14:00:00	1.11832	1.11916	1.11731	1.11808	7185	0	6
2023.01.04	15:00:00	1.11808	1.11880	1.11695	1.11809	6395	0	4
2023.01.04	16:00:00	1.11803	1.12028	1.11679	1.11886	10602	0	5
2023.01.04	17:00:00	1.11923	1.12099	1.11794	1.11927	15767	0	5
2023.01.04	18:00:00	1.11923	1.11991	1.11645	1.11822	8255	0	4
2023.01.04	19:00:00	1.11824	1.12100	1.11778	1.12078	5112	0	4
2023.01.04	20:00:00	1.12079	1.12237	1.12054	1.12094	4702	0	5
2023.01.04	21:00:00	1.12087	1.12231	1.11998	1.12074	9212	0	7
2023.01.04	22:00:00	1.12073	1.12168	1.12043	1.12142	6272	0	8
2023.01.04	23:00:00	1.12142	1.12160	1.12077	1.12106	1101	0	5
2023.01.05	00:00:00	1.12048	1.12072	1.11984	1.12019	1237	0	146
2023.01.05	01:00:00	1.12026	1.12143	1.11980	1.12082	2032	0	13
2023.01.05	02:00:00	1.12084	1.12144	1.11979	1.12072	3001	0	4
2023.01.05	03:00:00	1.12071	1.12103	1.11968	1.11977	3127	0	7
2023.01.05	04:00:00	1.11977	1.11991	1.11883	1.11898	3775	0	9
2023.01.05	05:00:00	1.11899	1.11967	1.11885	1.11896	3785	0	8
2023.01.05	06:00:00	1.11896	1.12012	1.11866	1.11993	2547	0	8
2023.01.05	07:00:00	1.11987	1.12005	1.11959	1.11961	2567	0	9
2023.01.05	08:00:00	1.11962	1.11980	1.11842	1.11874	3400	0	11
2023.01.05	09:00:00	1.11864	1.11927	1.11498	1.11510	5974	0	8
2023.01.05	10:00:00	1.11511	1.11553	1.11402	1.11474	9108	0	8
2023.01.05	11:00:00	1.11473	1.11522	1.11399	1.11465	6947	0	5
2023.01.05	12:00:00	1.11458	1.11544	1.11395	1.11395	4235	0	7
2023.01.05	13:00:00	1.11393	1.11473	1.11360	1.11438	5136	0	6
2023.01.05	14:00:00	1.11437	1.11527	1.11333	1.11405	4597	0	5
2023.01.05	15:00:00	1.11405	1.11478	1.11081	1.11261	10195	0	6
2023.01.05	16:00:00	1.11260	1.11507	1.11231	1.11444	11271	0	4
2023.01.05	17:00:00	1.11444	1.11521	1.11282	1.11380	11411	0	6
2023.01.05	18:00:00	1.11379	1.11543	1.11293	1.11444	7235	0	4
2023.01.05	19:00:00	1.11442	1.11532	1.11408	1.11462	3989	0	6
2023.01.05	20:00:00	1.11464	1.11610	1.11399	1.11590	5819	0	5
2023.01.05	21:00:00	1.11592	1.11639	1.11530	1.11537	3561	0	4
2023.01.05	22:00:00	1.11537	1.11577	1.11462	1.11537	3318	0	7
2023.01.05	23:00:00	1.11536	1.11579	1.11457	1.11473	1297	0	6
2023.01.06	00:00:00	1.11487	1.11487	1.11274	1.11378	2450	0	135
2023.01.06	01:00:00	1.11394	1.11524	1.11371	1.11481	2658	0	15
2023.01.06	02:00:00	1.11480	1.11547	1.11466	1.11547	4011	0	15
2023.01.06	03:00:00	1.11548	1.11579	1.11512	1.11565	6717	0	6
2023.01.06	04:00:00	1.11565	1.11630	1.11543	1.11630	2767	0	11
2023.01.06	05:00:00	1.11627	1.11693	1.11619	1.11650	2589	0	9
2023.01.06	06:00:00	1.11648	1.11691	1.11621	1.11648	1828	0	9
2023.01.06	07:00:00	1.11648	1.11655	1.11557	1.11598	4007	0	9
2023.01.06	08:00:00	1.11600	1.11696	1.11558	1.11570	2927	0	6
2023.01.06	09:00:00	1.11558	1.11705	1.11431	1.11540	7419	0	4
2023.01.06	10:00:00	1.11541	1.11746	1.11515	1.11615	6772	0	6
2023.01.06	11:00:00	1.11615	1.11635	1.11406	1.11456	5545	0	4
2023.01.06	12:00:00	1.11458	1.11482	1.11368	1.11444	5543	0	4
2023.01.06	13:00:00	1.11444	1.11497	1.11260	1.11336	4726	0	4
2023.01.06	14:00:00	1.11339	1.11554	1.11322	1.11414	4975	0	4
2023.01.06	15:00:00	1.11416	1.11597	1.11306	1.11518	12531	0	4
2023.01.06	16:00:00	1.11517	1.11761	1.11487	1.11727	13802	0	5
2023.01.06	17:00:00	1.11729	1.12209	1.11593	1.12164	15614	0	4
2023.01.06	18:00:00	1.12164	1.12182	1.12073	1.12101	8124	0	4
2023.01.06	19:00:00	1.12099	1.12171	1.12059	1.12171	3909	0	8
2023.01.06	20:00:00	1.12170	1.12189	1.12077	1.12135	3759	0	10
2023.01.06	21:00:00	1.12135	1.12237	1.12111	1.12194	2860	0	7
2023.01.06	22:00:00	1.12196	1.12214	1.12112	1.12199	3916	0	4
2023.01.06	23:00:00	1.12199	1.12293	1.12161	1.12229	2052	0	7
2023.01.09	00:00:00	1.12034	1.12143	1.12016	1.12083	334	0	261
2023.01.09	01:00:00	1.12067	1.12298	1.12055	1.12280	3428	0	13
2023.01.09	02:00:00	1.12274	1.12337	1.12200	1.12262	2844	0	5
2023.01.09	03:00:00	1.12264	1.12352	1.12228	1.12238	5520	0	4
2023.01.09	04:00:00	1.12233	1.12357	1.12213	1.12290	3932	0	8
2023.01.09	05:00:00	1.12290	1.12340	1.12218	1.12272	3234	0	12
2023.01.09	06:00:00	1.12274	1.12417	1.12261	1.12401	1896	0	5
2023.01.09	07:00:00	1.12400	1.12493	1.12348	1.12425	2991	0	4
2023.01.09	08:00:00	1.12425	1.12529	1.12370	1.12425	3568	0	10
2023.01.09	09:00:00	1.12434	1.12461	1.12166	1.12265	6001	0	7
2023.01.09	10:00:00	1.12267	1.12298	1.11995	1.12153	9552	0	6
2023.01.09	11:00:00	1.12153	1.12555	1.12145	1.12401	6624	0	4
2023.01.09	12:00:00	1.12403	1.12427	1.12032	1.12053	5759	0	6
2023.01.09	13:00:00	1.12052	1.12214	1.12020	1.12199	5406	0	7
2023.01.09	14:00:00	1.12196	1.12211	1.11933	1.11945	6268	0	5
2023.01.09	15:00:00	1.11948	1.12090	1.11834	1.11852	9047	0	4
2023.01.09	16:00:00	1.11850	1.12016	1.11842	1.12003	10077	0	4
2023.01.09	17:00:00	1.12004	1.12031	1.11795	1.11952	8892	0	4
2023.01.09	18:00:00	1.11953	1.12047	1.11920	1.12039	8457	0	5
2023.01.09	19:00:00	1.12033	1.12186	1.11992	1.12140	6493	0	6
2023.01.09	20:00:00	1.12142	1.12233	1.12121	1.12166	5104	0	5
2023.01.09	21:00:00	1.12168	1.12248	1.12137	1.12241	5539	0	6
2023.01.09	22:00:00	1.12240	1.12244	1.12152	1.12197	7866	0	5
2023.01.09	23:00:00	1.12198	1.12256	1.12178	1.12256	3450	0	7
2023.01.10	00:00:00	1.12212	1.12228	1.12049	1.12184	71	0	37
2023.01.10	01:00:00	1.12144	1.12275	1.12129	1.12213	1842	0	8
2023.01.10	02:00:00	1.12215	1.12340	1.12105	1.12172	3319	0	4
2023.01.10	03:00:00	1.12173	1.12209	1.12109	1.12134	3820	0	7
2023.01.10	04:00:00	1.12135	1.12189	1.12065	1.12158	4946	0	8
2023.01.10	05:00:00	1.12159	1.12194	1.12069	1.12164	2996	0	4
2023.01.10	06:00:00	1.12169	1.12208	1.12084	1.12084	2699	0	5
2023.01.10	07:00:00	1.12083	1.12136	1.12073	1.12121	2454	0	11
2023.01.10	08:00:00	1.12122	1.12188	1.12059	1.12139	3900	0	4
2023.01.10	09:00:00	1.12136	1.12153	1.11913	1.11913	6564	0	4
2023.01.10	10:00:00	1.11914	1.12043	1.11858	1.11940	7659	0	4
2023.01.10	11:00:00	1.11940	1.12075	1.11848	1.12070	5038	0	5
2023.01.10	12:00:00	1.12071	1.12155	1.11986	1.12152	5060	0	4
2023.01.10	13:00:00	1.12152	1.12176	1.12009	1.12059	4930	0	4
2023.01.10	14:00:00	1.12059	1.12136	1.11959	1.12106	5900	0	5
2023.01.10	15:00:00	1.12107	1.12229	1.12018	1.12192	5647	0	4
2023.01.10	16:00:00	1.12196	1.12210	1.12040	1.12073	9529	0	6
2023.01.10	17:00:00	1.12072	1.12207	1.11990	1.12115	9925	0	4
2023.01.10	18:00:00	1.12113	1.12240	1.12065	1.12109	6761	0	5
2023.01.10	19:00:00	1.12109	1.12191	1.12084	1.12105	3997	0	8
2023.01.10	20:00:00	1.12104	1.12218	1.12097	1.12212	3071	0	5
2023.01.10	21:00:00	1.12212	1.12286	1.12196	1.12255	2961	0	6
2023.01.10	22:00:00	1.12255	1.12257	1.12110	1.12124	2753	0	4
2023.01.10	23:00:00	1.12129	1.12169	1.12092	1.12121	1956	0	7
2023.01.11	00:00:00	1.12006	1.12039	1.11861	1.11948	2580	0	125
2023.01.11	01:00:00	1.11973	1.12150	1.11957	1.12094	1164	0	11
2023.01.11	02:00:00	1.12093	1.12167	1.12061	1.12110	2767	0	13
2023.01.11	03:00:00	1.12111	1.12161	1.12066	1.12158	2823	0	9
2023.01.11	04:00:00	1.12156	1.12190	1.12146	1.12155	2266	0	6
2023.01.11	05:00:00	1.12155	1.12191	1.12115	1.12170	1779	0	10
2023.01.11	06:00:00	1.12169	1.12190	1.12111	1.12127	1729	0	12
2023.01.11	07:00:00	1.12127	1.12148	1.12079	1.12122	2081	0	12
2023.01.11	08:00:00	1.12119	1.12169	1.12049	1.12065	2597	0	9
2023.01.11	09:00:00	1.12071	1.12122	1.11977	1.12039	4839	0	6
2023.01.11	10:00:00	1.12042	1.12114	1.11888	1.11915	6927	0	6
2023.01.11	11:00:00	1.11914	1.12075	1.11910	1.11993	6968	0	4
2023.01.11	12:00:00	1.11996	1.12058	1.11834	1.11997	5138	0	4
2023.01.11	13:00:00	1.11997	1.12289	1.11940	1.12255	5030	0	4
2023.01.11	14:00:00	1.12256	1.12516	1.12187	1.12413	4963	0	4
2023.01.11	15:00:00	1.12412	1.12545	1.12336	1.12468	6057	0	6
2023.01.11	16:00:00	1.12470	1.12884	1.12373	1.12818	9127	0	5
2023.01.11	17:00:00	1.12814	1.12959	1.12744	1.12890	10256	0	5
2023.01.11	18:00:00	1.12894	1.12904	1.12700	1.12727	6686	0	4
2023.01.11	19:00:00	1.12728	1.12933	1.12679	1.12888	4107	0	5
2023.01.11	20:00:00	1.12888	1.13122	1.12883	1.13032	4537	0	4
2023.01.11	21:00:00	1.13033	1.13187	1.13000	1.13168	3049	0	6
2023.01.11	22:00:00	1.13169	1.13225	1.13080	1.13100	2638	0	5
2023.01.11	23:00:00	1.13100	1.13224	1.13094	1.13129	1199	0	4
2023.01.12	00:00:00	1.12905	1.13062	1.12866	1.12878	3180	0	106
2023.01.12	01:00:00	1.12886	1.13208	1.12872	1.13186	2516	0	13
2023.01.12	02:00:00	1.13190	1.13221	1.13150	1.13164	2537	0	10
2023.01.12	03:00:00	1.13166	1.13268	1.13162	1.13261	2797	0	11
2023.01.12	04:00:00	1.13261	1.13291	1.13184	1.13274	2238	0	7
2023.01.12	05:00:00	1.13275	1.13312	1.13271	1.13284	1707	0	8
2023.01.12	06:00:00	1.13285	1.13300	1.13247	1.13248	1593	0	9
2023.01.12	07:00:00	1.13254	1.13292	1.13210	1.13227	1763	0	10
2023.01.12	08:00:00	1.13229	1.13276	1.13127	1.13255	4247	0	4
2023.01.12	09:00:00	1.13252	1.13380	1.13198	1.13215	4144	0	6
2023.01.12	10:00:00	1.13215	1.13524	1.13215	1.13416	7050	0	4
2023.01.12	11:00:00	1.13418	1.13465	1.13301	1.13377	5841	0	4
2023.01.12	12:00:00	1.13381	1.13550	1.13280	1.13491	5311	0	4
2023.01.12	13:00:00	1.13490	1.13512	1.13287	1.13379	4250	0	4
2023.01.12	14:00:00	1.13379	1.13461	1.13202	1.13273	6588	0	4
2023.01.12	15:00:00	1.13273	1.13544	1.12950	1.13510	15823	0	4
2023.01.12	16:00:00	1.13508	1.13663	1.12924	1.12994	15457	0	5
2023.01.12	17:00:00	1.12994	1.13006	1.12769	1.12893	14557	0	5
2023.01.12	18:00:00	1.12894	1.13199	1.12856	1.13138	9592	0	4
2023.01.12	19:00:00	1.13132	1.13494	1.13115	1.13485	6654	0	4
2023.01.12	20:00:00	1.13485	1.13537	1.13281	1.13428	8599	0	5
2023.01.12	21:00:00	1.13427	1.13536	1.13331	1.13505	6028	0	6
2023.01.12	22:00:00	1.13505	1.13527	1.13323	1.13342	4076	0	4
2023.01.12	23:00:00	1.13341	1.13386	1.13262	1.13266	1999	0	4
2023.01.13	00:00:00	1.13127	1.13288	1.13077	1.13247	93	0	192
2023.01.13	01:00:00	1.13254	1.13341	1.13210	1.13280	1602	0	14
2023.01.13	02:00:00	1.13280	1.13308	1.13212	1.13307	3784	0	7
2023.01.13	03:00:00	1.13311	1.13390	1.13289	1.13389	4149	0	8
2023.01.13	04:00:00	1.13387	1.13399	1.13325	1.13337	4704	0	10
2023.01.13	05:00:00	1.13338	1.13365	1.13293	1.13312	4040	0	7
2023.01.13	06:00:00	1.13310	1.13321	1.13255	1.13297	1438	0	12
2023.01.13	07:00:00	1.13297	1.13372	1.13257	1.13336	2247	0	9
2023.01.13	08:00:00	1.13336	1.13600	1.13327	1.13411	3873	0	6
2023.01.13	09:00:00	1.13411	1.13474	1.13150	1.13270	8213	0	4
2023.01.13	10:00:00	1.13272	1.13740	1.13272	1.13548	7464	0	4
2023.01.13	11:00:00	1.13549	1.13731	1.13483	1.13538	5668	0	4
2023.01.13	12:00:00	1.13537	1.13626	1.13361	1.13363	5742	0	5
2023.01.13	13:00:00	1.13363	1.13402	1.13173	1.13211	4705	0	4
2023.01.13	14:00:00	1.13212	1.13312	1.13088	1.13120	6120	0	5
2023.01.13	15:00:00	1.13121	1.13255	1.13108	1.13255	8557	0	7
2023.01.13	16:00:00	1.13243	1.13343	1.13187	1.13239	9113	0	5
2023.01.13	17:00:00	1.13239	1.13375	1.13068	1.13134	10967	0	6
2023.01.13	18:00:00	1.13132	1.13195	1.13023	1.13193	8109	0	4
2023.01.13	19:00:00	1.13192	1.13226	1.13046	1.13110	6611	0	4
2023.01.13	20:00:00	1.13109	1.13289	1.13053	1.13282	5744	0	4
2023.01.13	21:00:00	1.13283	1.13361	1.13237	1.13342	4001	0	6
2023.01.13	22:00:00	1.13342	1.13389	1.13268	1.13281	3670	0	6
2023.01.13	23:00:00	1.13281	1.13340	1.13231	1.13328	2975	0	4
2023.01.16	00:00:00	1.13115	1.13280	1.13108	1.13238	293	0	279
2023.01.16	01:00:00	1.13214	1.13370	1.13129	1.13294	4296	0	15
2023.01.16	02:00:00	1.13294	1.13368	1.13263	1.13302	3845	0	11
2023.01.16	03:00:00	1.13299	1.13396	1.13237	1.13277	3695	0	7
2023.01.16	04:00:00	1.13278	1.13382	1.13233	1.13267	3697	0	9
2023.01.16	05:00:00	1.13267	1.13314	1.13192	1.13268	2403	0	10
2023.01.16	06:00:00	1.13269	1.13292	1.13228	1.13264	3012	0	10
2023.01.16	07:00:00	1.13265	1.13322	1.13252	1.13306	2196	0	9
2023.01.16	08:00:00	1.13307	1.13336	1.13224	1.13273	3898	0	5
2023.01.16	09:00:00	1.13273	1.13315	1.13137	1.13198	5148	0	6
2023.01.16	10:00:00	1.13196	1.13198	1.12936	1.12993	8185	0	4
2023.01.16	11:00:00	1.12994	1.13128	1.12729	1.12848	8330	0	6
2023.01.16	12:00:00	1.12845	1.13239	1.12841	1.13145	5979	0	4
2023.01.16	13:00:00	1.13142	1.13176	1.13051	1.13065	5222	0	4
2023.01.16	14:00:00	1.13064	1.13076	1.12886	1.12960	5625	0	4
2023.01.16	15:00:00	1.12961	1.13064	1.12787	1.12831	6728	0	4
2023.01.16	16:00:00	1.12831	1.13193	1.12825	1.13018	6951	0	4
2023.01.16	17:00:00	1.13018	1.13084	1.12968	1.13047	5813	0	4
2023.01.16	18:00:00	1.13045	1.13085	1.12911	1.12996	4264	0	4
2023.01.16	19:00:00	1.12991	1.13038	1.12835	1.12887	4100	0	4
2023.01.16	20:00:00	1.12886	1.12966	1.12878	1.12966	1351	0	4
2023.01.16	21:00:00	1.12966	1.13005	1.12925	1.12987	1366	0	8
2023.01.16	22:00:00	1.12986	1.13025	1.12933	1.12958	983	0	8
2023.01.16	23:00:00	1.12961	1.12974	1.12906	1.12952	948	0	8
2023.01.17	00:00:00	1.12819	1.12939	1.12769	1.12857	130	0	38
2023.01.17	01:00:00	1.12857	1.12998	1.12832	1.12998	1586	0	4
2023.01.17	02:00:00	1.12998	1.13016	1.12873	1.12892	2457	0	4
2023.01.17	03:00:00	1.12892	1.12965	1.12829	1.12907	5201	0	4
2023.01.17	04:00:00	1.12907	1.12973	1.12890	1.12966	3801	0	4
2023.01.17	05:00:00	1.12966	1.12972	1.12855	1.12882	3021	0	4
2023.01.17	06:00:00	1.12881	1.12900	1.12819	1.12835	1982	0	4
2023.01.17	07:00:00	1.12835	1.12891	1.12758	1.12774	2097	0	5
2023.01.17	08:00:00	1.12773	1.12843	1.12645	1.12670	4944	0	4
2023.01.17	09:00:00	1.12671	1.12910	1.12655	1.12831	6525	0	4
2023.01.17	10:00:00	1.12832	1.12911	1.12774	1.12834	7899	0	4
2023.01.17	11:00:00	1.12833	1.12996	1.12715	1.12719	6540	0	4
2023.01.17	12:00:00	1.12720	1.12833	1.12471	1.12689	6968	0	4
2023.01.17	13:00:00	1.12690	1.12915	1.12473	1.12875	6333	0	4
2023.01.17	14:00:00	1.12875	1.13103	1.12839	1.12867	8089	0	4
2023.01.17	15:00:00	1.12866	1.12909	1.12732	1.12824	9771	0	4
2023.01.17	16:00:00	1.12823	1.12991	1.12779	1.12965	10196	0	4
2023.01.17	17:00:00	1.12963	1.13312	1.12943	1.13033	12841	0	4
2023.01.17	18:00:00	1.13032	1.13082	1.12905	1.12994	8826	0	4
2023.01.17	19:00:00	1.12998	1.13117	1.12967	1.13103	4972	0	4
2023.01.17	20:00:00	1.13102	1.13164	1.13053	1.13095	3216	0	4
2023.01.17	21:00:00	1.13095	1.13245	1.13095	1.13165	4234	0	4
2023.01.17	22:00:00	1.13166	1.13257	1.13160	1.13207	4653	0	4
2023.01.17	23:00:00	1.13207	1.13330	1.13205	1.13282	1875	0	4
2023.01.18	00:00:00	1.13154	1.13257	1.13097	1.13168	129	0	153
2023.01.18	01:00:00	1.13153	1.13272	1.13111	1.13245	1150	0	4
2023.01.18	02:00:00	1.13243	1.13285	1.13212	1.13231	2021	0	4
2023.01.18	03:00:00	1.13233	1.13291	1.13212	1.13250	3672	0	4
2023.01.18	04:00:00	1.13250	1.13363	1.13186	1.13275	7207	0	4
2023.01.18	05:00:00	1.13277	1.13347	1.13152	1.13295	6695	0	4
2023.01.18	06:00:00	1.13296	1.13393	1.13265	1.13378	3860	0	4
2023.01.18	07:00:00	1.13377	1.13440	1.13289	1.13337	3322	0	4
2023.01.18	08:00:00	1.13339	1.13452	1.13314	1.13315	5842	0	4
2023.01.18	09:00:00	1.13316	1.13529	1.13130	1.13133	11031	0	4
2023.01.18	10:00:00	1.13133	1.13133	1.12825	1.12922	9718	0	4
2023.01.18	11:00:00	1.12923	1.12963	1.12677	1.12827	8100	0	4
2023.01.18	12:00:00	1.12828	1.12905	1.12630	1.12774	6051	0	5
2023.01.18	13:00:00	1.12771	1.13100	1.12666	1.13010	6406	0	4
2023.01.18	14:00:00	1.13006	1.13152	1.12973	1.13043	6198	0	5
2023.01.18	15:00:00	1.13045	1.13282	1.13039	1.13062	12508	0	5
2023.01.18	16:00:00	1.13063	1.13112	1.12905	1.13042	15410	0	4
2023.01.18	17:00:00	1.13042	1.13227	1.12947	1.13156	13268	0	4
2023.01.18	18:00:00	1.13156	1.13185	1.12938	1.13033	9463	0	4
2023.01.18	19:00:00	1.13037	1.13150	1.13009	1.13064	8886	0	4
2023.01.18	20:00:00	1.13065	1.13094	1.12966	1.13047	5400	0	4
2023.01.18	21:00:00	1.13047	1.13078	1.12994	1.13040	5454	0	8
2023.01.18	22:00:00	1.13037	1.13124	1.12992	1.13108	4051	0	5
2023.01.18	23:00:00	1.13107	1.13148	1.13084	1.13106	2585	0	4
2023.01.19	00:00:00	1.13034	1.13082	1.12903	1.13031	2007	0	75
2023.01.19	01:00:00	1.13040	1.13124	1.13036	1.13087	1973	0	11
2023.01.19	02:00:00	1.13086	1.13120	1.12907	1.12938	3827	0	10
2023.01.19	03:00:00	1.12937	1.13143	1.12937	1.13143	5414	0	7
2023.01.19	04:00:00	1.13141	1.13152	1.13020	1.13047	2747	0	4
2023.01.19	05:00:00	1.13048	1.13070	1.12914	1.12926	2844	0	7
2023.01.19	06:00:00	1.12927	1.12968	1.12903	1.12929	2142	0	9
2023.01.19	07:00:00	1.12930	1.13012	1.12913	1.13007	3159	0	8
2023.01.19	08:00:00	1.13007	1.13093	1.12932	1.12941	6826	0	5
2023.01.19	09:00:00	1.12937	1.13040	1.12824	1.12976	7760	0	5
2023.01.19	10:00:00	1.12979	1.13107	1.12866	1.12993	6655	0	6
2023.01.19	11:00:00	1.12993	1.13113	1.12916	1.13037	7523	0	4
2023.01.19	12:00:00	1.13039	1.13147	1.12935	1.13086	6851	0	4
2023.01.19	13:00:00	1.13090	1.13258	1.12984	1.13200	7567	0	4
2023.01.19	14:00:00	1.13200	1.13204	1.13000	1.13127	5025	0	4
2023.01.19	15:00:00	1.13123	1.13396	1.13013	1.13361	9476	0	5
2023.01.19	16:00:00	1.13359	1.13385	1.13131	1.13186	11476	0	4
2023.01.19	17:00:00	1.13188	1.13345	1.13091	1.13325	9392	0	4
2023.01.19	18:00:00	1.13322	1.13392	1.13262	1.13277	8207	0	5
2023.01.19	19:00:00	1.13276	1.13364	1.13191	1.13339	5075	0	6
2023.01.19	20:00:00	1.13339	1.13422	1.13292	1.13410	5633	0	5
2023.01.19	21:00:00	1.13406	1.13441	1.13350	1.13426	4376	0	5
2023.01.19	22:00:00	1.13424	1.13467	1.13365	1.13421	3823	0	7
2023.01.19	23:00:00	1.13424	1.13527	1.13394	1.13522	1319	0	4
2023.01.20	00:00:00	1.13450	1.13502	1.13389	1.13403	78	0	65
2023.01.20	01:00:00	1.13343	1.13530	1.13327	1.13483	1219	0	13
2023.01.20	02:00:00	1.13482	1.13503	1.13440	1.13473	2130	0	8
2023.01.20	03:00:00	1.13474	1.13485	1.13380	1.13473	2641	0	4
2023.01.20	04:00:00	1.13472	1.13512	1.13430	1.13496	2308	0	10
2023.01.20	05:00:00	1.13495	1.13514	1.13449	1.13450	1598	0	7
2023.01.20	06:00:00	1.13451	1.13458	1.13399	1.13406	1696	0	8
2023.01.20	07:00:00	1.13406	1.13492	1.13406	1.13453	1891	0	9
2023.01.20	08:00:00	1.13454	1.13470	1.13335	1.13349	2530	0	10
2023.01.20	09:00:00	1.13353	1.13373	1.13202	1.13253	4426	0	4
2023.01.20	10:00:00	1.13255	1.13650	1.13115	1.13510	7305	0	7
2023.01.20	11:00:00	1.13510	1.13782	1.13430	1.13584	6243	0	5
2023.01.20	12:00:00	1.13584	1.13675	1.13521	1.13629	6634	0	6
2023.01.20	13:00:00	1.13632	1.13791	1.13544	1.13695	5781	0	5
2023.01.20	14:00:00	1.13691	1.13754	1.13600	1.13752	5779	0	5
2023.01.20	15:00:00	1.13749	1.13953	1.13683	1.13931	6238	0	4
2023.01.20	16:00:00	1.13933	1.14060	1.13879	1.13983	8703	0	4
2023.01.20	17:00:00	1.13983	1.14139	1.13870	1.13886	9002	0	6
2023.01.20	18:00:00	1.13889	1.14098	1.13859	1.14085	6314	0	4
2023.01.20	19:00:00	1.14085	1.14226	1.14052	1.14219	4608	0	6
2023.01.20	20:00:00	1.14218	1.14221	1.14100	1.14120	6268	0	4
2023.01.20	21:00:00	1.14119	1.14183	1.14085	1.14093	3847	0	4
2023.01.20	22:00:00	1.14096	1.14125	1.14013	1.14060	3023	0	6
2023.01.20	23:00:00	1.14059	1.14166	1.14031	1.14101	1328	0	7
2023.01.23	00:00:00	1.13870	1.13976	1.13870	1.13962	254	0	195
2023.01.23	01:00:00	1.13960	1.14142	1.13930	1.14126	2707	0	8
2023.01.23	02:00:00	1.14122	1.14160	1.14056	1.14115	4717	0	6
2023.01.23	03:00:00	1.14118	1.14135	1.14045	1.14088	4058	0	8
2023.01.23	04:00:00	1.14088	1.14137	1.14055	1.14059	1441	0	11
2023.01.23	05:00:00	1.14057	1.14178	1.14044	1.14077	1407	0	8
2023.01.23	06:00:00	1.14077	1.14096	1.14018	1.14035	1634	0	9
2023.01.23	07:00:00	1.14037	1.14050	1.13937	1.13948	1316	0	9
2023.01.23	08:00:00	1.13947	1.14013	1.13922	1.14001	3177	0	5
2023.01.23	09:00:00	1.14003	1.14027	1.13875	1.13942	5300	0	4
2023.01.23	10:00:00	1.13940	1.13969	1.13696	1.13745	7642	0	6
2023.01.23	11:00:00	1.13746	1.14086	1.13741	1.13853	6994	0	7
2023.01.23	12:00:00	1.13851	1.13858	1.13557	1.13717	7768	0	4
2023.01.23	13:00:00	1.13715	1.13888	1.13675	1.13813	5954	0	5
2023.01.23	14:00:00	1.13812	1.14042	1.13800	1.13863	4775	0	4
2023.01.23	15:00:00	1.13861	1.13890	1.13766	1.13855	6092	0	4
2023.01.23	16:00:00	1.13853	1.14029	1.13846	1.13925	7118	0	4
2023.01.23	17:00:00	1.13927	1.14157	1.13752	1.14133	9167	0	4
2023.01.23	18:00:00	1.14134	1.14214	1.14078	1.14181	9482	0	4
2023.01.23	19:00:00	1.14182	1.14287	1.14170	1.14200	6060	0	4
2023.01.23	20:00:00	1.14200	1.14292	1.14130	1.14132	6008	0	7
2023.01.23	21:00:00	1.14132	1.14150	1.14061	1.14069	5211	0	4
2023.01.23	22:00:00	1.14070	1.14140	1.14070	1.14113	5499	0	7
2023.01.23	23:00:00	1.14115	1.14115	1.14058	1.14092	3362	0	4
2023.01.24	00:00:00	1.14096	1.14103	1.13917	1.14051	101	0	57
2023.01.24	01:00:00	1.14082	1.14128	1.13915	1.14089	1578	0	11
2023.01.24	02:00:00	1.14091	1.14099	1.14021	1.14048	2506	0	22
2023.01.24	03:00:00	1.14049	1.14163	1.14036	1.14107	4293	0	12
2023.01.24	04:00:00	1.14108	1.14173	1.14100	1.14152	1685	0	12
2023.01.24	05:00:00	1.14150	1.14182	1.14091	1.14096	3441	0	15
2023.01.24	06:00:00	1.14098	1.14133	1.14086	1.14129	2106	0	16
2023.01.24	07:00:00	1.14127	1.14164	1.14106	1.14144	945	0	13
2023.01.24	08:00:00	1.14144	1.14266	1.14130	1.14180	1802	0	13
2023.01.24	09:00:00	1.14182	1.14233	1.14038	1.14093	7083	0	8
2023.01.24	10:00:00	1.14093	1.14133	1.13939	1.14013	6270	0	4
2023.01.24	11:00:00	1.14014	1.14101	1.13532	1.13670	7415	0	4
2023.01.24	12:00:00	1.13670	1.13740	1.13477	1.13724	6944	0	4
2023.01.24	13:00:00	1.13723	1.13748	1.13550	1.13629	5258	0	5
2023.01.24	14:00:00	1.13629	1.13742	1.13587	1.13700	4333	0	7
2023.01.24	15:00:00	1.13703	1.13881	1.13656	1.13831	8058	0	4
2023.01.24	16:00:00	1.13831	1.13879	1.13639	1.13771	10956	0	4
2023.01.24	17:00:00	1.13769	1.13902	1.13661	1.13672	12315	0	4
2023.01.24	18:00:00	1.13672	1.13862	1.13651	1.13734	6918	0	4
2023.01.24	19:00:00	1.13735	1.13856	1.13678	1.13712	4462	0	5
2023.01.24	20:00:00	1.13711	1.13848	1.13697	1.13837	3490	0	5
2023.01.24	21:00:00	1.13836	1.13877	1.13772	1.13872	3301	0	5
2023.01.24	22:00:00	1.13873	1.13882	1.13773	1.13827	2444	0	4
2023.01.24	23:00:00	1.13828	1.13850	1.13780	1.13843	3011	0	4
2023.01.25	00:00:00	1.13651	1.13765	1.13626	1.13707	143	0	169
2023.01.25	01:00:00	1.13707	1.13778	1.13621	1.13721	1781	0	15
2023.01.25	02:00:00	1.13723	1.13751	1.13633	1.13711	3818	0	5
2023.01.25	03:00:00	1.13710	1.13733	1.13621	1.13674	2636	0	10
2023.01.25	04:00:00	1.13673	1.13742	1.13655	1.13679	1853	0	7
2023.01.25	05:00:00	1.13679	1.13736	1.13626	1.13708	2584	0	6
2023.01.25	06:00:00	1.13708	1.13749	1.13691	1.13719	1855	0	8
2023.01.25	07:00:00	1.13718	1.13726	1.13666	1.13711	1567	0	8
2023.01.25	08:00:00	1.13707	1.13807	1.13701	1.13793	2845	0	5
2023.01.25	09:00:00	1.13788	1.13852	1.13696	1.13824	4859	0	4
2023.01.25	10:00:00	1.13823	1.13937	1.13718	1.13781	5587	0	4
2023.01.25	11:00:00	1.13781	1.13968	1.13569	1.13634	5488	0	4
2023.01.25	12:00:00	1.13633	1.13683	1.13421	1.13512	5620	0	4
2023.01.25	13:00:00	1.13510	1.13568	1.13424	1.13477	4762	0	7
2023.01.25	14:00:00	1.13476	1.13648	1.13451	1.13561	4840	0	6
2023.01.25	15:00:00	1.13562	1.13628	1.13494	1.13593	5514	0	5
2023.01.25	16:00:00	1.13592	1.13750	1.13471	1.13684	7897	0	4
2023.01.25	17:00:00	1.13687	1.13775	1.13586	1.13716	11460	0	4
2023.01.25	18:00:00	1.13717	1.13837	1.13619	1.13814	6201	0	6
2023.01.25	19:00:00	1.13810	1.13878	1.13779	1.13871	3244	0	7
2023.01.25	20:00:00	1.13871	1.13871	1.13760	1.13766	3331	0	6
2023.01.25	21:00:00	1.13765	1.13823	1.13764	1.13786	2790	0	8
2023.01.25	22:00:00	1.13786	1.13812	1.13757	1.13809	2897	0	7
2023.01.25	23:00:00	1.13809	1.13860	1.13795	1.13814	1389	0	7
2023.01.26	00:00:00	1.13790	1.13832	1.13684	1.13793	124	0	71
2023.01.26	01:00:00	1.13793	1.13907	1.13768	1.13813	1879	0	10
2023.01.26	02:00:00	1.13811	1.13854	1.13791	1.13808	1721	0	6
2023.01.26	03:00:00	1.13809	1.13819	1.13749	1.13814	1812	0	12
2023.01.26	04:00:00	1.13817	1.13828	1.13733	1.13756	1653	0	9
2023.01.26	05:00:00	1.13758	1.13777	1.13713	1.13749	1432	0	14
2023.01.26	06:00:00	1.13744	1.13780	1.13736	1.13752	1651	0	7
2023.01.26	07:00:00	1.13754	1.13754	1.13689	1.13728	1133	0	9
2023.01.26	08:00:00	1.13727	1.13803	1.13669	1.13697	2052	0	6
2023.01.26	09:00:00	1.13696	1.13826	1.13688	1.13803	4754	0	5
2023.01.26	10:00:00	1.13799	1.13962	1.13724	1.13812	6198	0	5
2023.01.26	11:00:00	1.13812	1.13905	1.13652	1.13876	6781	0	5
2023.01.26	12:00:00	1.13879	1.13908	1.13739	1.13798	4796	0	4
2023.01.26	13:00:00	1.13797	1.13891	1.13671	1.13689	3572	0	7
2023.01.26	14:00:00	1.13690	1.13893	1.13681	1.13858	4316	0	6
2023.01.26	15:00:00	1.13857	1.13878	1.13552	1.13567	9748	0	5
2023.01.26	16:00:00	1.13563	1.13847	1.13554	1.13729	9763	0	4
2023.01.26	17:00:00	1.13728	1.13978	1.13686	1.13904	11224	0	4
2023.01.26	18:00:00	1.13904	1.13982	1.13830	1.13906	7681	0	4
2023.01.26	19:00:00	1.13907	1.14067	1.13835	1.14031	3896	0	4
2023.01.26	20:00:00	1.14031	1.14193	1.14016	1.14154	3670	0	5
2023.01.26	21:00:00	1.14155	1.14164	1.14097	1.14134	2004	0	4
2023.01.26	22:00:00	1.14138	1.14233	1.14095	1.14230	2261	0	4
2023.01.26	23:00:00	1.14224	1.14272	1.14165	1.14229	978	0	9
2023.01.27	00:00:00	1.13909	1.14157	1.13909	1.14013	873	0	172
2023.01.27	01:00:00	1.14001	1.14241	1.13991	1.14226	1868	0	14
2023.01.27	02:00:00	1.14229	1.14255	1.14099	1.14162	2079	0	8
2023.01.27	03:00:00	1.14163	1.14174	1.14080	1.14164	2254	0	11
2023.01.27	04:00:00	1.14164	1.14255	1.14145	1.14219	1526	0	12
2023.01.27	05:00:00	1.14220	1.14242	1.14163	1.14188	1603	0	4
2023.01.27	06:00:00	1.14185	1.14215	1.14157	1.14162	1114	0	9
2023.01.27	07:00:00	1.14160	1.14172	1.14123	1.14123	1233	0	12
2023.01.27	08:00:00	1.14125	1.14146	1.14031	1.14080	2766	0	7
2023.01.27	09:00:00	1.14078	1.14214	1.14043	1.14162	3500	0	8
2023.01.27	10:00:00	1.14167	1.14204	1.13886	1.14022	4332	0	6
2023.01.27	11:00:00	1.14021	1.14101	1.13886	1.13931	4693	0	5
2023.01.27	12:00:00	1.13933	1.14021	1.13898	1.13930	3703	0	4
2023.01.27	13:00:00	1.13929	1.14095	1.13892	1.14072	3274	0	4
2023.01.27	14:00:00	1.14074	1.14097	1.13940	1.14043	3694	0	7
2023.01.27	15:00:00	1.14045	1.14124	1.13881	1.14017	7644	0	5
2023.01.27	16:00:00	1.14015	1.14302	1.13988	1.14251	8235	0	5
2023.01.27	17:00:00	1.14251	1.14251	1.14015	1.14074	9287	0	4
2023.01.27	18:00:00	1.14075	1.14125	1.13982	1.14098	6618	0	4
2023.01.27	19:00:00	1.14100	1.14214	1.14066	1.14197	4361	0	4
2023.01.27	20:00:00	1.14200	1.14239	1.14087	1.14141	2618	0	8
2023.01.27	21:00:00	1.14142	1.14183	1.14103	1.14158	1834	0	8
2023.01.27	22:00:00	1.14159	1.14175	1.14100	1.14134	1647	0	7
2023.01.27	23:00:00	1.14132	1.14200	1.14132	1.14172	1055	0	7
2023.01.30	00:00:00	1.14054	1.14078	1.13922	1.13987	128	0	273
2023.01.30	01:00:00	1.13983	1.14196	1.13965	1.14159	1249	0	13
2023.01.30	02:00:00	1.14161	1.14209	1.14136	1.14170	1904	0	7
2023.01.30	03:00:00	1.14172	1.14203	1.14124	1.14154	2289	0	6
2023.01.30	04:00:00	1.14156	1.14200	1.14136	1.14159	2417	0	6
2023.01.30	05:00:00	1.14158	1.14201	1.14128	1.14151	1736	0	9
2023.01.30	06:00:00	1.14150	1.14187	1.14119	1.14162	3553	0	8
2023.01.30	07:00:00	1.14161	1.14183	1.14114	1.14139	2703	0	9
2023.01.30	08:00:00	1.14137	1.14194	1.14115	1.14173	3648	0	4
2023.01.30	09:00:00	1.14173	1.14267	1.14101	1.14234	4749	0	6
2023.01.30	10:00:00	1.14235	1.14253	1.14024	1.14036	6661	0	4
2023.01.30	11:00:00	1.14038	1.14159	1.13885	1.13927	5267	0	5
2023.01.30	12:00:00	1.13925	1.14073	1.13906	1.13998	3766	0	4
2023.01.30	13:00:00	1.13997	1.14033	1.13919	1.14011	3713	0	4
2023.01.30	14:00:00	1.14012	1.14161	1.13955	1.14094	4063	0	4
2023.01.30	15:00:00	1.14094	1.14203	1.14039	1.14153	5250	0	6
2023.01.30	16:00:00	1.14155	1.14346	1.14143	1.14211	5198	0	4
2023.01.30	17:00:00	1.14209	1.14297	1.14095	1.14244	7015	0	4
2023.01.30	18:00:00	1.14242	1.14352	1.14206	1.14214	4586	0	4
2023.01.30	19:00:00	1.14207	1.14225	1.14105	1.14169	2989	0	6
2023.01.30	20:00:00	1.14167	1.14228	1.14144	1.14199	3435	0	6
2023.01.30	21:00:00	1.14201	1.14262	1.14152	1.14253	3724	0	4
2023.01.30	22:00:00	1.14245	1.14320	1.14205	1.14258	2388	0	7
2023.01.30	23:00:00	1.14257	1.14277	1.14220	1.14242	1259	0	5
2023.01.31	00:00:00	1.14029	1.14270	1.14029	1.14231	358	0	96
2023.01.31	01:00:00	1.14231	1.14297	1.14195	1.14275	1833	0	13
2023.01.31	02:00:00	1.14273	1.14321	1.14253	1.14282	1890	0	6
2023.01.31	03:00:00	1.14282	1.14317	1.14236	1.14263	2397	0	8
2023.01.31	04:00:00	1.14264	1.14271	1.14205	1.14231	1944	0	10
2023.01.31	05:00:00	1.14231	1.14262	1.14163	1.14164	1702	0	11
2023.01.31	06:00:00	1.14164	1.14186	1.14103	1.14149	1552	0	9
2023.01.31	07:00:00	1.14150	1.14238	1.14138	1.14219	2362	0	7
2023.01.31	08:00:00	1.14219	1.14250	1.14194	1.14223	3758	0	7
2023.01.31	09:00:00	1.14224	1.14343	1.14196	1.14280	6696	0	8
2023.01.31	10:00:00	1.14280	1.14350	1.14154	1.14321	7065	0	4
2023.01.31	11:00:00	1.14321	1.14351	1.14168	1.14218	5853	0	4
2023.01.31	12:00:00	1.14218	1.14346	1.14141	1.14331	4218	0	4
2023.01.31	13:00:00	1.14332	1.14351	1.14149	1.14213	3404	0	4
2023.01.31	14:00:00	1.14215	1.14252	1.14013	1.14035	3823	0	4
2023.01.31	15:00:00	1.14038	1.14082	1.13711	1.13809	9467	0	4
2023.01.31	16:00:00	1.13809	1.13819	1.13641	1.13661	8422	0	4
2023.01.31	17:00:00	1.13661	1.13661	1.12978	1.13006	10457	0	4
2023.01.31	18:00:00	1.13013	1.13233	1.12896	1.13190	7039	0	4
2023.01.31	19:00:00	1.13191	1.13223	1.13079	1.13094	3872	0	4
2023.01.31	20:00:00	1.13093	1.13104	1.12929	1.12939	2148	0	4
2023.01.31	21:00:00	1.12938	1.12967	1.12787	1.12841	2483	0	6
2023.01.31	22:00:00	1.12840	1.12868	1.12794	1.12853	3158	0	6
2023.01.31	23:00:00	1.12853	1.12874	1.12796	1.12847	1811	0	4
2023.02.01	00:00:00	1.12766	1.12846	1.12691	1.12780	314	0	89
2023.02.01	01:00:00	1.12796	1.12840	1.12751	1.12791	1393	0	14
2023.02.01	02:00:00	1.12790	1.12841	1.12741	1.12782	1339	0	5
2023.02.01	03:00:00	1.12783	1.12860	1.12763	1.12845	2259	0	7
2023.02.01	04:00:00	1.12845	1.12871	1.12830	1.12871	2248	0	9
2023.02.01	05:00:00	1.12871	1.12898	1.12834	1.12837	1086	0	7
2023.02.01	06:00:00	1.12837	1.12877	1.12810	1.12824	1064	0	8
2023.02.01	07:00:00	1.12820	1.12847	1.12790	1.12825	973	0	7
2023.02.01	08:00:00	1.12826	1.12947	1.12801	1.12885	2298	0	5
2023.02.01	09:00:00	1.12885	1.12897	1.12749	1.12761	3505	0	4
2023.02.01	10:00:00	1.12760	1.12902	1.12729	1.12882	4771	0	6
2023.02.01	11:00:00	1.12883	1.12977	1.12806	1.12820	5029	0	6
2023.02.01	12:00:00	1.12818	1.12941	1.12768	1.12863	4310	0	4
2023.02.01	13:00:00	1.12861	1.12960	1.12827	1.12885	3984	0	7
2023.02.01	14:00:00	1.12885	1.12907	1.12813	1.12889	3150	0	4
2023.02.01	15:00:00	1.12887	1.12993	1.12820	1.12933	6185	0	4
2023.02.01	16:00:00	1.12933	1.13099	1.12926	1.13008	5361	0	4
2023.02.01	17:00:00	1.13006	1.13057	1.12598	1.12662	9375	0	4
2023.02.01	18:00:00	1.12662	1.12700	1.12524	1.12576	4888	0	4
2023.02.01	19:00:00	1.12577	1.12693	1.12567	1.12692	3391	0	7
2023.02.01	20:00:00	1.12691	1.12755	1.12664	1.12673	2541	0	4
2023.02.01	21:00:00	1.12671	1.12814	1.12403	1.12469	15090	0	5
2023.02.01	22:00:00	1.12469	1.12612	1.12346	1.12437	10743	0	6
2023.02.01	23:00:00	1.12435	1.12518	1.12369	1.12420	2493	0	8
2023.02.02	00:00:00	1.12381	1.12382	1.12266	1.12373	178	0	97
2023.02.02	01:00:00	1.12385	1.12462	1.12292	1.12378	2828	0	13
2023.02.02	02:00:00	1.12378	1.12423	1.12336	1.12377	3538	0	7
2023.02.02	03:00:00	1.12377	1.12416	1.12261	1.12320	3174	0	7
2023.02.02	04:00:00	1.12320	1.12379	1.12267	1.12354	3586	0	7
2023.02.02	05:00:00	1.12355	1.12404	1.12347	1.12367	1801	0	10
2023.02.02	06:00:00	1.12369	1.12402	1.12353	1.12378	1410	0	8
2023.02.02	07:00:00	1.12377	1.12429	1.12347	1.12397	1542	0	10
2023.02.02	08:00:00	1.12398	1.12458	1.12358	1.12395	2374	0	6
2023.02.02	09:00:00	1.12395	1.12460	1.12313	1.12326	3986	0	4
2023.02.02	10:00:00	1.12329	1.12466	1.12246	1.12380	5748	0	4
2023.02.02	11:00:00	1.12382	1.12490	1.11974	1.12065	5784	0	4
2023.02.02	12:00:00	1.12065	1.12194	1.11993	1.12140	5220	0	6
2023.02.02	13:00:00	1.12139	1.12183	1.11976	1.12106	4553	0	5
2023.02.02	14:00:00	1.12102	1.12538	1.11541	1.11694	12016	0	4
2023.02.02	15:00:00	1.11693	1.12042	1.11678	1.11965	11316	0	4
2023.02.02	16:00:00	1.11966	1.12138	1.11824	1.11942	13241	0	4
2023.02.02	17:00:00	1.11939	1.11988	1.11768	1.11822	11056	0	4
2023.02.02	18:00:00	1.11821	1.11895	1.11682	1.11810	7139	0	4
2023.02.02	19:00:00	1.11807	1.11839	1.11653	1.11834	4354	0	7
2023.02.02	20:00:00	1.11836	1.11905	1.11758	1.11814	3490	0	8
2023.02.02	21:00:00	1.11813	1.11825	1.11642	1.11754	6916	0	4
2023.02.02	22:00:00	1.11756	1.11811	1.11715	1.11792	4273	0	6
2023.02.02	23:00:00	1.11790	1.11797	1.11613	1.11620	2494	0	10
2023.02.03	00:00:00	1.11372	1.11632	1.11324	1.11623	251	0	66
2023.02.03	01:00:00	1.11598	1.11685	1.11583	1.11605	1222	0	13
2023.02.03	02:00:00	1.11604	1.11641	1.11547	1.11599	2110	0	8
2023.02.03	03:00:00	1.11595	1.11706	1.11582	1.11694	2115	0	7
2023.02.03	04:00:00	1.11694	1.11704	1.11591	1.11621	2391	0	6
2023.02.03	05:00:00	1.11622	1.11651	1.11587	1.11642	2187	0	5
2023.02.03	06:00:00	1.11642	1.11668	1.11613	1.11637	1239	0	7
2023.02.03	07:00:00	1.11636	1.11693	1.11618	1.11662	1045	0	10
2023.02.03	08:00:00	1.11661	1.11721	1.11646	1.11703	1853	0	9
2023.02.03	09:00:00	1.11701	1.11733	1.11467	1.11535	4239	0	6
2023.02.03	10:00:00	1.11537	1.11784	1.11484	1.11759	6028	0	4
2023.02.03	11:00:00	1.11759	1.11839	1.11611	1.11788	5908	0	4
2023.02.03	12:00:00	1.11791	1.11998	1.11700	1.11898	4560	0	4
2023.02.03	13:00:00	1.11895	1.12004	1.11850	1.11964	3310	0	4
2023.02.03	14:00:00	1.11962	1.11996	1.11805	1.11812	3080	0	5
2023.02.03	15:00:00	1.11816	1.11953	1.11601	1.11928	11687	0	4
2023.02.03	16:00:00	1.11925	1.12089	1.11856	1.11964	10786	0	4
2023.02.03	17:00:00	1.11962	1.11962	1.11662	1.11686	13611	0	4
2023.02.03	18:00:00	1.11687	1.11755	1.11565	1.11659	8213	0	4
2023.02.03	19:00:00	1.11662	1.11784	1.11614	1.11616	5118	0	6
2023.02.03	20:00:00	1.11615	1.11688	1.11600	1.11611	4057	0	5
2023.02.03	21:00:00	1.11612	1.11640	1.11565	1.11573	3364	0	4
2023.02.03	22:00:00	1.11574	1.11646	1.11574	1.11614	2325	0	8
2023.02.03	23:00:00	1.11616	1.11649	1.11530	1.11603	1377	0	8
2023.02.06	00:00:00	1.11537	1.11609	1.11376	1.11414	493	0	157
2023.02.06	01:00:00	1.11384	1.11633	1.11345	1.11581	2770	0	13
2023.02.06	02:00:00	1.11584	1.11628	1.11546	1.11584	3831	0	4
2023.02.06	03:00:00	1.11581	1.11628	1.11559	1.11592	3411	0	6
2023.02.06	04:00:00	1.11592	1.11653	1.11572	1.11615	2476	0	5
2023.02.06	05:00:00	1.11616	1.11633	1.11553	1.11608	1995	0	9
2023.02.06	06:00:00	1.11606	1.11618	1.11578	1.11586	1828	0	7
2023.02.06	07:00:00	1.11586	1.11648	1.11580	1.11621	2304	0	8
2023.02.06	08:00:00	1.11622	1.11637	1.11559	1.11590	1501	0	6
2023.02.06	09:00:00	1.11581	1.11671	1.11519	1.11636	3554	0	4
2023.02.06	10:00:00	1.11636	1.11706	1.11401	1.11415	5770	0	4
2023.02.06	11:00:00	1.11416	1.11429	1.11117	1.11170	4777	0	6
2023.02.06	12:00:00	1.11170	1.11461	1.11168	1.11413	6139	0	4
2023.02.06	13:00:00	1.11409	1.11680	1.11407	1.11641	5343	0	4
2023.02.06	14:00:00	1.11641	1.11662	1.11551	1.11572	3791	0	4
2023.02.06	15:00:00	1.11571	1.11627	1.11508	1.11565	5697	0	7
2023.02.06	16:00:00	1.11563	1.11837	1.11540	1.11753	7077	0	4
2023.02.06	17:00:00	1.11752	1.11782	1.11444	1.11503	7205	0	5
2023.02.06	18:00:00	1.11499	1.11571	1.11381	1.11417	6278	0	4
2023.02.06	19:00:00	1.11417	1.11555	1.11397	1.11537	4549	0	6
2023.02.06	20:00:00	1.11534	1.11627	1.11505	1.11584	4146	0	4
2023.02.06	21:00:00	1.11582	1.11642	1.11560	1.11591	4433	0	4
2023.02.06	22:00:00	1.11592	1.11657	1.11563	1.11575	2515	0	8
2023.02.06	23:00:00	1.11575	1.11610	1.11566	1.11580	815	0	5
2023.02.07	00:00:00	1.11522	1.11536	1.11461	1.11461	182	0	82
2023.02.07	01:00:00	1.11455	1.11603	1.11438	1.11602	919	0	9
2023.02.07	02:00:00	1.11597	1.11628	1.11564	1.11622	1939	0	9
2023.02.07	03:00:00	1.11625	1.11672	1.11591	1.11661	2267	0	9
2023.02.07	04:00:00	1.11661	1.11665	1.11618	1.11640	1483	0	11
2023.02.07	05:00:00	1.11642	1.11671	1.11603	1.11636	4084	0	8
2023.02.07	06:00:00	1.11638	1.11645	1.11582	1.11603	1612	0	11
2023.02.07	07:00:00	1.11603	1.11668	1.11588	1.11640	1504	0	10
2023.02.07	08:00:00	1.11640	1.11680	1.11522	1.11525	2236	0	11
2023.02.07	09:00:00	1.11525	1.11540	1.11349	1.11372	3436	0	4
2023.02.07	10:00:00	1.11374	1.11498	1.11276	1.11473	6515	0	5
2023.02.07	11:00:00	1.11473	1.11474	1.11165	1.11184	6160	0	4
2023.02.07	12:00:00	1.11183	1.11194	1.10944	1.11104	4642	0	4
2023.02.07	13:00:00	1.11106	1.11139	1.10946	1.11126	4160	0	4
2023.02.07	14:00:00	1.11125	1.11162	1.10839	1.10852	4859	0	5
2023.02.07	15:00:00	1.10852	1.10915	1.10786	1.10881	5712	0	5
2023.02.07	16:00:00	1.10880	1.11023	1.10809	1.10987	5749	0	7
2023.02.07	17:00:00	1.10988	1.11067	1.10857	1.10897	8204	0	4
2023.02.07	18:00:00	1.10897	1.11009	1.10844	1.10977	5863	0	5
2023.02.07	19:00:00	1.10979	1.11179	1.10891	1.11138	9326	0	5
2023.02.07	20:00:00	1.11139	1.11151	1.10858	1.10913	15665	0	6
2023.02.07	21:00:00	1.10918	1.11097	1.10913	1.11018	11161	0	5
2023.02.07	22:00:00	1.11012	1.11077	1.10982	1.10986	3785	0	4
2023.02.07	23:00:00	1.10989	1.11105	1.10988	1.11098	1605	0	7
2023.02.08	00:00:00	1.10965	1.11041	1.10858	1.10981	66	0	113
2023.02.08	01:00:00	1.10978	1.11129	1.10897	1.11091	968	0	11
2023.02.08	02:00:00	1.11093	1.11143	1.11073	1.11082	1454	0	7
2023.02.08	03:00:00	1.11083	1.11111	1.11058	1.11088	2027	0	9
2023.02.08	04:00:00	1.11089	1.11118	1.11033	1.11116	1810	0	7
2023.02.08	05:00:00	1.11116	1.11122	1.11087	1.11114	1243	0	7
2023.02.08	06:00:00	1.11108	1.11120	1.11070	1.11087	1151	0	8
2023.02.08	07:00:00	1.11084	1.11094	1.11046	1.11089	947	0	9
2023.02.08	08:00:00	1.11088	1.11097	1.11011	1.11058	1660	0	4
2023.02.08	09:00:00	1.11056	1.11234	1.11004	1.11180	4623	0	6
2023.02.08	10:00:00	1.11178	1.11250	1.10974	1.11024	6241	0	4
2023.02.08	11:00:00	1.11025	1.11192	1.11022	1.11128	4915	0	4
2023.02.08	12:00:00	1.11126	1.11205	1.11083	1.11164	3598	0	4
2023.02.08	13:00:00	1.11166	1.11249	1.11075	1.11183	3109	0	4
2023.02.08	14:00:00	1.11183	1.11273	1.11115	1.11238	3206	0	4
2023.02.08	15:00:00	1.11239	1.11353	1.11085	1.11130	4425	0	5
2023.02.08	16:00:00	1.11128	1.11219	1.11027	1.11065	6833	0	6
2023.02.08	17:00:00	1.11063	1.11252	1.11008	1.11209	8753	0	4
2023.02.08	18:00:00	1.11210	1.11243	1.11079	1.11222	6479	0	4
2023.02.08	19:00:00	1.11222	1.11238	1.11155	1.11170	4084	0	5
2023.02.08	20:00:00	1.11172	1.11194	1.11066	1.11142	4237	0	5
2023.02.08	21:00:00	1.11141	1.11145	1.11067	1.11073	3936	0	5
2023.02.08	22:00:00	1.11073	1.11150	1.11049	1.11130	2386	0	4
2023.02.08	23:00:00	1.11129	1.11173	1.11095	1.11153	939	0	7
2023.02.09	00:00:00	1.11089	1.11142	1.11012	1.11117	321	0	80
2023.02.09	01:00:00	1.11121	1.11183	1.11083	1.11151	1086	0	8
2023.02.09	02:00:00	1.11153	1.11163	1.11102	1.11115	1127	0	5
2023.02.09	03:00:00	1.11115	1.11170	1.11098	1.11163	2322	0	7
2023.02.09	04:00:00	1.11162	1.11173	1.11137	1.11161	1606	0	6
2023.02.09	05:00:00	1.11160	1.11174	1.11128	1.11167	1083	0	5
2023.02.09	06:00:00	1.11165	1.11175	1.11142	1.11162	1750	0	7
2023.02.09	07:00:00	1.11160	1.11180	1.11112	1.11141	2256	0	7
2023.02.09	08:00:00	1.11143	1.11213	1.11118	1.11165	1880	0	10
2023.02.09	09:00:00	1.11167	1.11247	1.11162	1.11179	4094	0	5
2023.02.09	10:00:00	1.11176	1.11402	1.11162	1.11376	4926	0	4
2023.02.09	11:00:00	1.11377	1.11518	1.11359	1.11492	3665	0	4
2023.02.09	12:00:00	1.11495	1.11568	1.11423	1.11516	3884	0	4
2023.02.09	13:00:00	1.11517	1.11721	1.11457	1.11689	3287	0	6
2023.02.09	14:00:00	1.11686	1.11766	1.11599	1.11640	3071	0	4
2023.02.09	15:00:00	1.11641	1.11780	1.11615	1.11686	5793	0	4
2023.02.09	16:00:00	1.11689	1.11843	1.11652	1.11780	5452	0	5
2023.02.09	17:00:00	1.11781	1.11879	1.11736	1.11848	6274	0	4
2023.02.09	18:00:00	1.11847	1.11878	1.11722	1.11735	4976	0	4
2023.02.09	19:00:00	1.11731	1.11800	1.11707	1.11727	3850	0	5
2023.02.09	20:00:00	1.11727	1.11788	1.11688	1.11775	4063	0	5
2023.02.09	21:00:00	1.11777	1.11812	1.11723	1.11765	4357	0	8
2023.02.09	22:00:00	1.11766	1.11812	1.11742	1.11797	3096	0	7
2023.02.09	23:00:00	1.11799	1.11808	1.11710	1.11752	1788	0	8
2023.02.10	00:00:00	1.11706	1.11740	1.11609	1.11692	202	0	115
2023.02.10	01:00:00	1.11747	1.11773	1.11671	1.11713	874	0	14
2023.02.10	02:00:00	1.11725	1.11791	1.11724	1.11757	1501	0	10
2023.02.10	03:00:00	1.11758	1.11759	1.11700	1.11715	2584	0	8
2023.02.10	04:00:00	1.11711	1.11723	1.11637	1.11639	1797	0	8
2023.02.10	05:00:00	1.11637	1.11709	1.11617	1.11670	1593	0	11
2023.02.10	06:00:00	1.11669	1.11682	1.11626	1.11675	1221	0	9
2023.02.10	07:00:00	1.11675	1.11706	1.11654	1.11668	1798	0	10
2023.02.10	08:00:00	1.11666	1.11696	1.11629	1.11637	1716	0	10
2023.02.10	09:00:00	1.11634	1.11691	1.11506	1.11686	6457	0	7
2023.02.10	10:00:00	1.11684	1.11843	1.11594	1.11823	7188	0	6
2023.02.10	11:00:00	1.11823	1.11919	1.11646	1.11671	7281	0	4
2023.02.10	12:00:00	1.11672	1.11780	1.11579	1.11762	4944	0	4
2023.02.10	13:00:00	1.11764	1.11801	1.11691	1.11737	3857	0	6
2023.02.10	14:00:00	1.11736	1.11763	1.11674	1.11732	3861	0	9
2023.02.10	15:00:00	1.11729	1.11867	1.11706	1.11813	5883	0	4
2023.02.10	16:00:00	1.11813	1.11966	1.11790	1.11833	6428	0	7
2023.02.10	17:00:00	1.11831	1.11858	1.11535	1.11578	9298	0	4
2023.02.10	18:00:00	1.11578	1.11607	1.11498	1.11498	4569	0	4
2023.02.10	19:00:00	1.11500	1.11554	1.11418	1.11424	3357	0	6
2023.02.10	20:00:00	1.11423	1.11503	1.11399	1.11480	2446	0	7
2023.02.10	21:00:00	1.11478	1.11508	1.11358	1.11375	2042	0	6
2023.02.10	22:00:00	1.11376	1.11404	1.11349	1.11350	1705	0	7
2023.02.10	23:00:00	1.11347	1.11393	1.11338	1.11371	1466	0	7
2023.02.13	00:00:00	1.11367	1.11375	1.11220	1.11236	450	0	279
2023.02.13	01:00:00	1.11217	1.11368	1.11179	1.11323	1727	0	11
2023.02.13	02:00:00	1.11325	1.11385	1.11304	1.11385	1760	0	9
2023.02.13	03:00:00	1.11384	1.11469	1.11365	1.11460	2582	0	7
2023.02.13	04:00:00	1.11465	1.11507	1.11447	1.11485	1982	0	8
2023.02.13	05:00:00	1.11483	1.11516	1.11454	1.11457	1740	0	12
2023.02.13	06:00:00	1.11459	1.11485	1.11435	1.11453	1128	0	10
2023.02.13	07:00:00	1.11452	1.11512	1.11440	1.11461	1496	0	11
2023.02.13	08:00:00	1.11459	1.11503	1.11434	1.11438	2140	0	9
2023.02.13	09:00:00	1.11430	1.11438	1.11216	1.11260	4157	0	5
2023.02.13	10:00:00	1.11261	1.11491	1.11239	1.11413	4284	0	4
2023.02.13	11:00:00	1.11414	1.11479	1.11134	1.11139	4272	0	4
2023.02.13	12:00:00	1.11140	1.11188	1.11007	1.11151	3209	0	4
2023.02.13	13:00:00	1.11154	1.11302	1.11140	1.11263	2771	0	4
2023.02.13	14:00:00	1.11265	1.11557	1.11258	1.11513	4238	0	4
2023.02.13	15:00:00	1.11516	1.11631	1.11491	1.11566	4890	0	4
2023.02.13	16:00:00	1.11567	1.11589	1.11465	1.11519	5814	0	4
2023.02.13	17:00:00	1.11522	1.11818	1.11491	1.11785	5894	0	4
2023.02.13	18:00:00	1.11786	1.11829	1.11673	1.11734	4252	0	4
2023.02.13	19:00:00	1.11734	1.11748	1.11650	1.11674	2693	0	8
2023.02.13	20:00:00	1.11677	1.11727	1.11605	1.11685	1679	0	6
2023.02.13	21:00:00	1.11686	1.11687	1.11609	1.11612	1720	0	5
2023.02.13	22:00:00	1.11613	1.11638	1.11575	1.11585	2310	0	8
2023.02.13	23:00:00	1.11584	1.11619	1.11564	1.11602	671	0	7
2023.02.14	00:00:00	1.11545	1.11613	1.11481	1.11519	220	0	85
2023.02.14	01:00:00	1.11507	1.11646	1.11481	1.11631	1384	0	13
2023.02.14	02:00:00	1.11628	1.11631	1.11511	1.11532	1426	0	10
2023.02.14	03:00:00	1.11532	1.11572	1.11482	1.11497	2538	0	4
2023.02.14	04:00:00	1.11498	1.11537	1.11469	1.11510	2444	0	10
2023.02.14	05:00:00	1.11510	1.11527	1.11457	1.11525	1363	0	10
2023.02.14	06:00:00	1.11522	1.11544	1.11506	1.11520	980	0	9
2023.02.14	07:00:00	1.11519	1.11523	1.11463	1.11482	1282	0	7
2023.02.14	08:00:00	1.11481	1.11487	1.11389	1.11470	2070	0	9
2023.02.14	09:00:00	1.11470	1.11652	1.11449	1.11465	4252	0	7
2023.02.14	10:00:00	1.11461	1.11643	1.11461	1.11571	4902	0	4
2023.02.14	11:00:00	1.11571	1.11688	1.11543	1.11683	3640	0	4
2023.02.14	12:00:00	1.11684	1.12087	1.11660	1.12005	3787	0	5
2023.02.14	13:00:00	1.12002	1.12150	1.12001	1.12071	3500	0	4
2023.02.14	14:00:00	1.12071	1.12114	1.11866	1.12023	4475	0	4
2023.02.14	15:00:00	1.12021	1.12135	1.11664	1.12057	13310	0	4
2023.02.14	16:00:00	1.12057	1.12067	1.11793	1.11974	16616	0	4
2023.02.14	17:00:00	1.11973	1.12248	1.11903	1.12111	11640	0	4
2023.02.14	18:00:00	1.12109	1.12176	1.12057	1.12136	10070	0	4
2023.02.14	19:00:00	1.12135	1.12248	1.12114	1.12204	5574	0	4
2023.02.14	20:00:00	1.12204	1.12221	1.12148	1.12153	5046	0	7
2023.02.14	21:00:00	1.12151	1.12195	1.12073	1.12168	4819	0	5
2023.02.14	22:00:00	1.12170	1.12213	1.12112	1.12207	3095	0	8
2023.02.14	23:00:00	1.12209	1.12226	1.12165	1.12223	829	0	7
2023.02.15	00:00:00	1.12074	1.12140	1.12074	1.12136	59	0	61
2023.02.15	01:00:00	1.12164	1.12210	1.12120	1.12182	1102	0	11
2023.02.15	02:00:00	1.12185	1.12271	1.12183	1.12267	1496	0	8
2023.02.15	03:00:00	1.12265	1.12279	1.12157	1.12164	1610	0	6
2023.02.15	04:00:00	1.12164	1.12172	1.12070	1.12092	2081	0	9
2023.02.15	05:00:00	1.12092	1.12168	1.12091	1.12148	2841	0	7
2023.02.15	06:00:00	1.12150	1.12210	1.12113	1.12187	1299	0	12
2023.02.15	07:00:00	1.12185	1.12234	1.12185	1.12229	1683	0	5
2023.02.15	08:00:00	1.12230	1.12233	1.12115	1.12147	2320	0	6
2023.02.15	09:00:00	1.12147	1.12161	1.11648	1.11657	7265	0	4
2023.02.15	10:00:00	1.11656	1.11855	1.11475	1.11815	7785	0	4
2023.02.15	11:00:00	1.11816	1.11847	1.11520	1.11569	5440	0	4
2023.02.15	12:00:00	1.11565	1.11627	1.11264	1.11280	4621	0	4
2023.02.15	13:00:00	1.11282	1.11426	1.11229	1.11243	3392	0	5
2023.02.15	14:00:00	1.11245	1.11277	1.11104	1.11161	4456	0	4
2023.02.15	15:00:00	1.11160	1.11294	1.11006	1.11049	9482	0	4
2023.02.15	16:00:00	1.11049	1.11148	1.10921	1.10944	9604	0	4
2023.02.15	17:00:00	1.10943	1.11158	1.10919	1.11073	7969	0	4
2023.02.15	18:00:00	1.11073	1.11192	1.11044	1.11124	5905	0	5
2023.02.15	19:00:00	1.11124	1.11141	1.11045	1.11086	4214	0	4
2023.02.15	20:00:00	1.11088	1.11116	1.11048	1.11114	3728	0	5
2023.02.15	21:00:00	1.11115	1.11149	1.11078	1.11103	2654	0	6
2023.02.15	22:00:00	1.11103	1.11159	1.11086	1.11152	2243	0	7
2023.02.15	23:00:00	1.11150	1.11200	1.11136	1.11167	1231	0	8
2023.02.16	00:00:00	1.11022	1.11170	1.10985	1.11087	222	0	101
2023.02.16	01:00:00	1.11076	1.11190	1.11065	1.11144	1122	0	14
2023.02.16	02:00:00	1.11143	1.11167	1.10976	1.11028	2625	0	9
2023.02.16	03:00:00	1.11025	1.11125	1.11010	1.11040	2919	0	7
2023.02.16	04:00:00	1.11042	1.11124	1.11033	1.11115	2103	0	8
2023.02.16	05:00:00	1.11115	1.11135	1.11072	1.11075	1279	0	9
2023.02.16	06:00:00	1.11075	1.11110	1.11061	1.11092	960	0	11
2023.02.16	07:00:00	1.11089	1.11121	1.11069	1.11099	1251	0	10
2023.02.16	08:00:00	1.11099	1.11118	1.11023	1.11074	2357	0	9
2023.02.16	09:00:00	1.11070	1.11141	1.10975	1.11124	3543	0	4
2023.02.16	10:00:00	1.11124	1.11302	1.11080	1.11172	4781	0	4
2023.02.16	11:00:00	1.11172	1.11284	1.11131	1.11200	3661	0	7
2023.02.16	12:00:00	1.11200	1.11242	1.11140	1.11150	3125	0	5
2023.02.16	13:00:00	1.11151	1.11217	1.11117	1.11127	2694	0	7
2023.02.16	14:00:00	1.11126	1.11159	1.11081	1.11087	3071	0	5
2023.02.16	15:00:00	1.11086	1.11163	1.10844	1.10851	9650	0	4
2023.02.16	16:00:00	1.10853	1.11050	1.10804	1.10989	8298	0	4
2023.02.16	17:00:00	1.10989	1.11259	1.10914	1.11218	7502	0	4
2023.02.16	18:00:00	1.11223	1.11225	1.11063	1.11104	5262	0	5
2023.02.16	19:00:00	1.11104	1.11114	1.10999	1.11057	4284	0	6
2023.02.16	20:00:00	1.11059	1.11112	1.11009	1.11089	3478	0	6
2023.02.16	21:00:00	1.11090	1.11141	1.10996	1.11016	2738	0	7
2023.02.16	22:00:00	1.11014	1.11055	1.10968	1.11004	5461	0	4
2023.02.16	23:00:00	1.11005	1.11017	1.10925	1.10970	1833	0	7
2023.02.17	00:00:00	1.10929	1.10940	1.10834	1.10901	655	0	84
2023.02.17	01:00:00	1.10906	1.10996	1.10894	1.10953	1601	0	10
2023.02.17	02:00:00	1.10953	1.11017	1.10910	1.10953	2144	0	4
2023.02.17	03:00:00	1.10955	1.10995	1.10925	1.10958	2072	0	10
2023.02.17	04:00:00	1.10958	1.10981	1.10921	1.10934	2363	0	7
2023.02.17	05:00:00	1.10933	1.10983	1.10920	1.10961	1198	0	7
2023.02.17	06:00:00	1.10959	1.11032	1.10909	1.11011	1307	0	7
2023.02.17	07:00:00	1.11008	1.11034	1.10977	1.11012	1463	0	6
2023.02.17	08:00:00	1.11012	1.11052	1.10922	1.11024	1778	0	6
2023.02.17	09:00:00	1.11024	1.11124	1.10872	1.10900	4506	0	5
2023.02.17	10:00:00	1.10902	1.11133	1.10749	1.11099	6019	0	4
2023.02.17	11:00:00	1.11101	1.11346	1.11028	1.11339	5714	0	7
2023.02.17	12:00:00	1.11338	1.11405	1.11269	1.11353	4026	0	4
2023.02.17	13:00:00	1.11353	1.11377	1.11286	1.11335	4435	0	4
2023.02.17	14:00:00	1.11336	1.11353	1.11196	1.11315	4301	0	7
2023.02.17	15:00:00	1.11321	1.11401	1.11125	1.11329	5617	0	4
2023.02.17	16:00:00	1.11326	1.11504	1.11320	1.11430	6482	0	4
2023.02.17	17:00:00	1.11429	1.11541	1.11246	1.11305	9677	0	5
2023.02.17	18:00:00	1.11304	1.11383	1.11236	1.11296	6751	0	4
2023.02.17	19:00:00	1.11293	1.11421	1.11292	1.11366	4500	0	5
2023.02.17	20:00:00	1.11367	1.11386	1.11318	1.11357	2744	0	6
2023.02.17	21:00:00	1.11358	1.11425	1.11312	1.11389	2670	0	7
2023.02.17	22:00:00	1.11392	1.11394	1.11306	1.11339	2496	0	5
2023.02.17	23:00:00	1.11341	1.11352	1.11266	1.11275	1001	0	7
2023.02.20	00:00:00	1.11139	1.11240	1.11072	1.11158	1778	0	160
2023.02.20	01:00:00	1.11146	1.11311	1.11143	1.11305	1727	0	11
2023.02.20	02:00:00	1.11304	1.11312	1.11210	1.11227	1859	0	8
2023.02.20	03:00:00	1.11230	1.11269	1.11224	1.11257	1483	0	9
2023.02.20	04:00:00	1.11257	1.11284	1.11243	1.11280	1920	0	10
2023.02.20	05:00:00	1.11280	1.11284	1.11234	1.11244	1488	0	8
2023.02.20	06:00:00	1.11244	1.11276	1.11225	1.11232	1625	0	10
2023.02.20	07:00:00	1.11230	1.11317	1.11216	1.11307	1402	0	12
2023.02.20	08:00:00	1.11308	1.11326	1.11212	1.11216	2132	0	8
2023.02.20	09:00:00	1.11216	1.11332	1.11185	1.11240	3135	0	4
2023.02.20	10:00:00	1.11238	1.11239	1.11011	1.11057	4446	0	7
2023.02.20	11:00:00	1.11056	1.11191	1.11032	1.11047	4509	0	6
2023.02.20	12:00:00	1.11048	1.11135	1.11002	1.11081	3584	0	4
2023.02.20	13:00:00	1.11082	1.11104	1.10956	1.10980	2834	0	6
2023.02.20	14:00:00	1.10981	1.11125	1.10929	1.11116	3052	0	7
2023.02.20	15:00:00	1.11115	1.11276	1.11072	1.11231	4013	0	5
2023.02.20	16:00:00	1.11231	1.11263	1.11099	1.11113	3728	0	5
2023.02.20	17:00:00	1.11114	1.11162	1.10964	1.11056	3387	0	4
2023.02.20	18:00:00	1.11055	1.11099	1.11033	1.11042	2060	0	5
2023.02.20	19:00:00	1.11040	1.11123	1.11031	1.11108	967	0	8
2023.02.20	20:00:00	1.11108	1.11148	1.11089	1.11101	508	0	8
2023.02.20	21:00:00	1.11101	1.11144	1.11101	1.11134	1703	0	12
2023.02.20	22:00:00	1.11136	1.11142	1.11098	1.11113	855	0	13
2023.02.20	23:00:00	1.11112	1.11163	1.11103	1.11161	546	0	10
2023.02.21	00:00:00	1.11016	1.11108	1.10994	1.11080	4627	0	151
2023.02.21	01:00:00	1.11091	1.11164	1.11077	1.11133	832	0	16
2023.02.21	02:00:00	1.11135	1.11152	1.11069	1.11098	1406	0	7
2023.02.21	03:00:00	1.11098	1.11102	1.11013	1.11057	2347	0	4
2023.02.21	04:00:00	1.11059	1.11159	1.11053	1.11121	1522	0	8
2023.02.21	05:00:00	1.11122	1.11135	1.11068	1.11096	1363	0	7
2023.02.21	06:00:00	1.11095	1.11130	1.11075	1.11077	1409	0	9
2023.02.21	07:00:00	1.11078	1.11126	1.11067	1.11126	1713	0	9
2023.02.21	08:00:00	1.11125	1.11185	1.11087	1.11171	2368	0	4
2023.02.21	09:00:00	1.11175	1.11186	1.11032	1.11134	3382	0	4
2023.02.21	10:00:00	1.11135	1.11320	1.11118	1.11158	6108	0	6
2023.02.21	11:00:00	1.11158	1.11894	1.11093	1.11765	7945	0	4
2023.02.21	12:00:00	1.11771	1.11942	1.11650	1.11851	5864	0	4
2023.02.21	13:00:00	1.11851	1.12050	1.11801	1.11967	4275	0	4
2023.02.21	14:00:00	1.11967	1.12011	1.11858	1.11900	3842	0	5
2023.02.21	15:00:00	1.11904	1.12087	1.11900	1.11956	5760	0	4
2023.02.21	16:00:00	1.11954	1.12110	1.11865	1.12023	7975	0	5
2023.02.21	17:00:00	1.12022	1.12465	1.11987	1.12390	10208	0	4
2023.02.21	18:00:00	1.12388	1.12405	1.12231	1.12231	6671	0	4
2023.02.21	19:00:00	1.12227	1.12362	1.12111	1.12355	3371	0	4
2023.02.21	20:00:00	1.12353	1.12358	1.12272	1.12333	2941	0	7
2023.02.21	21:00:00	1.12333	1.12357	1.12250	1.12294	2145	0	9
2023.02.21	22:00:00	1.12294	1.12310	1.12242	1.12292	2799	0	7
2023.02.21	23:00:00	1.12292	1.12375	1.12288	1.12360	728	0	8
2023.02.22	00:00:00	1.12292	1.12306	1.12132	1.12233	808	0	115
2023.02.22	01:00:00	1.12233	1.12382	1.12197	1.12313	749	0	11
2023.02.22	02:00:00	1.12314	1.12440	1.12286	1.12410	2426	0	6
2023.02.22	03:00:00	1.12407	1.12442	1.12321	1.12336	2312	0	12
2023.02.22	04:00:00	1.12336	1.12344	1.12275	1.12322	2157	0	7
2023.02.22	05:00:00	1.12323	1.12338	1.12248	1.12260	1234	0	9
2023.02.22	06:00:00	1.12260	1.12260	1.12154	1.12155	944	0	9
2023.02.22	07:00:00	1.12155	1.12183	1.12107	1.12146	912	0	9
2023.02.22	08:00:00	1.12142	1.12173	1.12094	1.12133	1429	0	4
2023.02.22	09:00:00	1.12144	1.12271	1.12099	1.12160	3591	0	5
2023.02.22	10:00:00	1.12157	1.12197	1.12028	1.12055	5239	0	4
2023.02.22	11:00:00	1.12054	1.12156	1.11952	1.12022	5479	0	4
2023.02.22	12:00:00	1.12024	1.12153	1.11989	1.12110	3922	0	4
2023.02.22	13:00:00	1.12107	1.12186	1.12058	1.12170	3531	0	4
2023.02.22	14:00:00	1.12174	1.12300	1.12107	1.12212	4758	0	4
2023.02.22	15:00:00	1.12213	1.12317	1.12163	1.12240	4849	0	4
2023.02.22	16:00:00	1.12239	1.12290	1.12135	1.12178	6072	0	6
2023.02.22	17:00:00	1.12175	1.12356	1.12149	1.12190	7101	0	4
2023.02.22	18:00:00	1.12192	1.12255	1.12114	1.12152	4956	0	4
2023.02.22	19:00:00	1.12150	1.12246	1.12140	1.12216	3254	0	4
2023.02.22	20:00:00	1.12216	1.12251	1.12140	1.12149	2607	0	7
2023.02.22	21:00:00	1.12148	1.12231	1.12111	1.12123	8529	0	7
2023.02.22	22:00:00	1.12121	1.12208	1.12115	1.12176	3181	0	10
2023.02.22	23:00:00	1.12176	1.12197	1.12162	1.12178	701	0	8
2023.02.23	00:00:00	1.11966	1.12097	1.11935	1.12089	171	0	111
2023.02.23	01:00:00	1.12095	1.12196	1.12090	1.12181	981	0	13
2023.02.23	02:00:00	1.12182	1.12208	1.12141	1.12176	1192	0	8
2023.02.23	03:00:00	1.12175	1.12196	1.12115	1.12117	1293	0	10
2023.02.23	04:00:00	1.12117	1.12158	1.12093	1.12097	1231	0	10
2023.02.23	05:00:00	1.12098	1.12140	1.12076	1.12107	1085	0	6
2023.02.23	06:00:00	1.12101	1.12117	1.12062	1.12080	560	0	13
2023.02.23	07:00:00	1.12079	1.12127	1.12065	1.12110	1320	0	12
2023.02.23	08:00:00	1.12112	1.12204	1.12084	1.12195	1456	0	10
2023.02.23	09:00:00	1.12198	1.12356	1.12190	1.12272	3518	0	9
2023.02.23	10:00:00	1.12271	1.12326	1.12194	1.12217	5042	0	7
2023.02.23	11:00:00	1.12220	1.12293	1.12053	1.12250	4091	0	5
2023.02.23	12:00:00	1.12254	1.12310	1.12112	1.12148	3466	0	4
2023.02.23	13:00:00	1.12147	1.12208	1.12011	1.12123	3761	0	4
2023.02.23	14:00:00	1.12120	1.12308	1.12097	1.12299	3583	0	6
2023.02.23	15:00:00	1.12302	1.12451	1.12184	1.12330	6990	0	5
2023.02.23	16:00:00	1.12332	1.12497	1.12287	1.12423	8034	0	5
2023.02.23	17:00:00	1.12424	1.12454	1.12186	1.12223	6902	0	4
2023.02.23	18:00:00	1.12224	1.12311	1.12175	1.12265	5234	0	4
2023.02.23	19:00:00	1.12263	1.12318	1.12045	1.12093	3309	0	6
2023.02.23	20:00:00	1.12093	1.12211	1.12089	1.12171	2694	0	6
2023.02.23	21:00:00	1.12171	1.12250	1.12133	1.12210	2476	0	5
2023.02.23	22:00:00	1.12209	1.12212	1.12166	1.12205	1863	0	10
2023.02.23	23:00:00	1.12205	1.12230	1.12185	1.12196	661	0	8
2023.02.24	00:00:00	1.12072	1.12184	1.12015	1.12116	2068	0	91
2023.02.24	01:00:00	1.12114	1.12213	1.12109	1.12194	1304	0	16
2023.02.24	02:00:00	1.12194	1.12215	1.12160	1.12183	2761	0	12
2023.02.24	03:00:00	1.12182	1.12248	1.12148	1.12214	4454	0	8
2023.02.24	04:00:00	1.12215	1.12266	1.12172	1.12254	2277	0	8
2023.02.24	05:00:00	1.12254	1.12308	1.12253	1.12258	1267	0	11
2023.02.24	06:00:00	1.12258	1.12272	1.12228	1.12259	1203	0	10
2023.02.24	07:00:00	1.12258	1.12303	1.12253	1.12294	1264	0	11
2023.02.24	08:00:00	1.12295	1.12316	1.12235	1.12253	1861	0	13
2023.02.24	09:00:00	1.12261	1.12512	1.12236	1.12504	3499	0	4
2023.02.24	10:00:00	1.12504	1.12632	1.12367	1.12476	6173	0	4
2023.02.24	11:00:00	1.12477	1.12604	1.12336	1.12373	3503	0	4
2023.02.24	12:00:00	1.12373	1.12431	1.12237	1.12249	3170	0	7
2023.02.24	13:00:00	1.12247	1.12263	1.12040	1.12117	3955	0	4
2023.02.24	14:00:00	1.12120	1.12172	1.12075	1.12106	3962	0	4
2023.02.24	15:00:00	1.12107	1.12254	1.12021	1.12118	8897	0	4
2023.02.24	16:00:00	1.12117	1.12183	1.11945	1.12149	9661	0	4
2023.02.24	17:00:00	1.12149	1.12334	1.12113	1.12213	10067	0	4
2023.02.24	18:00:00	1.12215	1.12336	1.12165	1.12294	5180	0	6
2023.02.24	19:00:00	1.12295	1.12359	1.12268	1.12295	3283	0	5
2023.02.24	20:00:00	1.12292	1.12360	1.12282	1.12328	2728	0	7
2023.02.24	21:00:00	1.12329	1.12371	1.12300	1.12338	2366	0	7
2023.02.24	22:00:00	1.12336	1.12399	1.12336	1.12355	2023	0	9
2023.02.24	23:00:00	1.12353	1.12397	1.12331	1.12339	959	0	7
2023.02.27	00:00:00	1.12235	1.12292	1.12187	1.12240	654	0	199
2023.02.27	01:00:00	1.12238	1.12400	1.12223	1.12361	1112	0	17
2023.02.27	02:00:00	1.12361	1.12475	1.12340	1.12458	1948	0	10
2023.02.27	03:00:00	1.12459	1.12480	1.12391	1.12460	1689	0	4
2023.02.27	04:00:00	1.12455	1.12473	1.12428	1.12470	1571	0	4
2023.02.27	05:00:00	1.12468	1.12474	1.12416	1.12466	1972	0	9
2023.02.27	06:00:00	1.12466	1.12478	1.12430	1.12456	1124	0	12
2023.02.27	07:00:00	1.12455	1.12470	1.12372	1.12406	1386	0	4
2023.02.27	08:00:00	1.12404	1.12441	1.12300	1.12389	1840	0	7
2023.02.27	09:00:00	1.12387	1.12579	1.12360	1.12571	4080	0	8
2023.02.27	10:00:00	1.12568	1.12702	1.12567	1.12584	6139	0	4
2023.02.27	11:00:00	1.12587	1.12854	1.12544	1.12689	4636	0	5
2023.02.27	12:00:00	1.12688	1.12727	1.12548	1.12650	3835	0	5
2023.02.27	13:00:00	1.12648	1.12757	1.12614	1.12680	2761	0	7
2023.02.27	14:00:00	1.12682	1.12728	1.12593	1.12683	2989	0	4
2023.02.27	15:00:00	1.12683	1.12809	1.12617	1.12652	5323	0	4
2023.02.27	16:00:00	1.12652	1.12723	1.12601	1.12696	5808	0	4
2023.02.27	17:00:00	1.12694	1.12735	1.12577	1.12694	7039	0	5
2023.02.27	18:00:00	1.12692	1.12858	1.12668	1.12821	3990	0	4
2023.02.27	19:00:00	1.12822	1.12966	1.12781	1.12949	3093	0	4
2023.02.27	20:00:00	1.12953	1.12966	1.12811	1.12861	2319	0	5
2023.02.27	21:00:00	1.12861	1.12885	1.12787	1.12854	2108	0	7
2023.02.27	22:00:00	1.12850	1.12877	1.12823	1.12847	1998	0	8
2023.02.27	23:00:00	1.12847	1.12891	1.12833	1.12868	665	0	4
2023.02.28	00:00:00	1.12711	1.12804	1.12686	1.12745	320	0	107
2023.02.28	01:00:00	1.12745	1.12911	1.12745	1.12866	769	0	15
2023.02.28	02:00:00	1.12868	1.12875	1.12811	1.12856	1401	0	4
2023.02.28	03:00:00	1.12858	1.12901	1.12834	1.12889	1772	0	7
2023.02.28	04:00:00	1.12892	1.12906	1.12818	1.12821	1639	0	8
2023.02.28	05:00:00	1.12820	1.12859	1.12816	1.12832	1025	0	12
2023.02.28	06:00:00	1.12830	1.12864	1.12798	1.12819	1167	0	11
2023.02.28	07:00:00	1.12818	1.12857	1.12796	1.12798	1568	0	12
2023.02.28	08:00:00	1.12801	1.12920	1.12791	1.12895	1889	0	10
2023.02.28	09:00:00	1.12907	1.12997	1.12874	1.12979	3782	0	4
2023.02.28	10:00:00	1.12975	1.13259	1.12856	1.13241	6041	0	4
2023.02.28	11:00:00	1.13241	1.13372	1.13163	1.13232	4535	0	4
2023.02.28	12:00:00	1.13232	1.13544	1.13217	1.13535	3746	0	4
2023.02.28	13:00:00	1.13535	1.13570	1.13430	1.13433	3412	0	4
2023.02.28	14:00:00	1.13432	1.13445	1.13352	1.13363	3333	0	5
2023.02.28	15:00:00	1.13363	1.13522	1.13360	1.13408	4474	0	4
2023.02.28	16:00:00	1.13413	1.13576	1.13287	1.13515	5995	0	4
2023.02.28	17:00:00	1.13510	1.13626	1.13326	1.13478	8996	0	4
2023.02.28	18:00:00	1.13481	1.13506	1.13351	1.13376	5412	0	4
2023.02.28	19:00:00	1.13375	1.13433	1.13288	1.13405	3667	0	4
2023.02.28	20:00:00	1.13407	1.13434	1.13272	1.13320	2913	0	5
2023.02.28	21:00:00	1.13321	1.13374	1.13212	1.13358	2395	0	4
2023.02.28	22:00:00	1.13355	1.13390	1.13265	1.13267	2257	0	7
2023.02.28	23:00:00	1.13270	1.13343	1.13238	1.13246	1174	0	7
2023.03.01	00:00:00	1.13128	1.13324	1.13096	1.13243	476	0	98
2023.03.01	01:00:00	1.13263	1.13378	1.13235	1.13350	1773	0	12
2023.03.01	02:00:00	1.13351	1.13353	1.13224	1.13232	1857	0	6
2023.03.01	03:00:00	1.13240	1.13304	1.13224	1.13266	2311	0	10
2023.03.01	04:00:00	1.13269	1.13274	1.13097	1.13169	1723	0	9
2023.03.01	05:00:00	1.13168	1.13218	1.13154	1.13206	1318	0	10
2023.03.01	06:00:00	1.13206	1.13257	1.13190	1.13250	929	0	9
2023.03.01	07:00:00	1.13251	1.13301	1.13220	1.13262	1330	0	9
2023.03.01	08:00:00	1.13263	1.13319	1.13236	1.13310	2015	0	5
2023.03.01	09:00:00	1.13311	1.13487	1.13219	1.13422	4777	0	7
2023.03.01	10:00:00	1.13424	1.13546	1.13236	1.13281	6302	0	4
2023.03.01	11:00:00	1.13282	1.13342	1.13101	1.13127	5469	0	4
2023.03.01	12:00:00	1.13128	1.13230	1.12668	1.12876	6362	0	4
2023.03.01	13:00:00	1.12879	1.12893	1.12666	1.12773	4356	0	4
2023.03.01	14:00:00	1.12775	1.12918	1.12749	1.12881	3535	0	5
2023.03.01	15:00:00	1.12882	1.12921	1.12600	1.12618	5549	0	4
2023.03.01	16:00:00	1.12617	1.12860	1.12606	1.12653	7254	0	4
2023.03.01	17:00:00	1.12650	1.12790	1.12512	1.12748	11738	0	4
2023.03.01	18:00:00	1.12747	1.12969	1.12714	1.12960	6159	0	5
2023.03.01	19:00:00	1.12960	1.13010	1.12893	1.13001	3639	0	4
2023.03.01	20:00:00	1.13001	1.13026	1.12890	1.12904	2300	0	6
2023.03.01	21:00:00	1.12905	1.13011	1.12878	1.12981	2609	0	8
2023.03.01	22:00:00	1.12978	1.13002	1.12925	1.12954	2117	0	7
2023.03.01	23:00:00	1.12957	1.13017	1.12933	1.12997	617	0	6
2023.03.02	00:00:00	1.12798	1.12952	1.12798	1.12922	243	0	81
2023.03.02	01:00:00	1.12877	1.13014	1.12867	1.12985	641	0	15
2023.03.02	02:00:00	1.12985	1.13063	1.12982	1.13037	1885	0	11
2023.03.02	03:00:00	1.13038	1.13069	1.12968	1.13050	2749	0	12
2023.03.02	04:00:00	1.13050	1.13105	1.13028	1.13097	2143	0	11
2023.03.02	05:00:00	1.13097	1.13119	1.13067	1.13092	1468	0	4
2023.03.02	06:00:00	1.13094	1.13130	1.13068	1.13096	1028	0	4
2023.03.02	07:00:00	1.13094	1.13125	1.13005	1.13016	1525	0	6
2023.03.02	08:00:00	1.13018	1.13045	1.12965	1.12974	1775	0	9
2023.03.02	09:00:00	1.12966	1.13076	1.12856	1.12911	4192	0	5
2023.03.02	10:00:00	1.12910	1.12970	1.12697	1.12909	5525	0	7
2023.03.02	11:00:00	1.12910	1.13075	1.12691	1.12713	4849	0	5
2023.03.02	12:00:00	1.12712	1.12813	1.12586	1.12599	5054	0	4
2023.03.02	13:00:00	1.12599	1.12760	1.12573	1.12713	3006	0	6
2023.03.02	14:00:00	1.12713	1.12726	1.12483	1.12515	3837	0	4
2023.03.02	15:00:00	1.12515	1.12611	1.12449	1.12482	5855	0	4
2023.03.02	16:00:00	1.12479	1.12553	1.12373	1.12429	7739	0	4
2023.03.02	17:00:00	1.12432	1.12601	1.12405	1.12539	6914	0	6
2023.03.02	18:00:00	1.12537	1.12565	1.12425	1.12484	3996	0	4
2023.03.02	19:00:00	1.12482	1.12623	1.12449	1.12593	3008	0	6
2023.03.02	20:00:00	1.12592	1.12596	1.12499	1.12539	2930	0	4
2023.03.02	21:00:00	1.12541	1.12567	1.12487	1.12496	2661	0	4
2023.03.02	22:00:00	1.12495	1.12568	1.12439	1.12552	2403	0	4
2023.03.02	23:00:00	1.12553	1.12595	1.12506	1.12574	916	0	4
2023.03.03	00:00:00	1.12478	1.12498	1.12410	1.12449	1919	0	138
2023.03.03	01:00:00	1.12448	1.12586	1.12448	1.12557	962	0	13
2023.03.03	02:00:00	1.12558	1.12658	1.12545	1.12656	1119	0	9
2023.03.03	03:00:00	1.12654	1.12687	1.12583	1.12588	2002	0	4
2023.03.03	04:00:00	1.12590	1.12647	1.12584	1.12597	1863	0	9
2023.03.03	05:00:00	1.12596	1.12645	1.12583	1.12608	1137	0	12
2023.03.03	06:00:00	1.12607	1.12629	1.12570	1.12618	716	0	14
2023.03.03	07:00:00	1.12620	1.12631	1.12556	1.12557	975	0	12
2023.03.03	08:00:00	1.12561	1.12608	1.12544	1.12550	1654	0	11
2023.03.03	09:00:00	1.12541	1.12579	1.12453	1.12516	3326	0	7
2023.03.03	10:00:00	1.12517	1.12541	1.12247	1.12263	4970	0	4
2023.03.03	11:00:00	1.12263	1.12490	1.12247	1.12399	4538	0	5
2023.03.03	12:00:00	1.12400	1.12566	1.12392	1.12549	4024	0	6
2023.03.03	13:00:00	1.12546	1.12728	1.12530	1.12629	3111	0	6
2023.03.03	14:00:00	1.12629	1.12736	1.12507	1.12513	3048	0	4
2023.03.03	15:00:00	1.12514	1.12669	1.12448	1.12605	4479	0	4
2023.03.03	16:00:00	1.12605	1.12617	1.12516	1.12517	5593	0	7
2023.03.03	17:00:00	1.12514	1.12597	1.12417	1.12514	8509	0	4
2023.03.03	18:00:00	1.12513	1.12542	1.12383	1.12529	4451	0	6
2023.03.03	19:00:00	1.12527	1.12628	1.12484	1.12611	3199	0	6
2023.03.03	20:00:00	1.12614	1.12742	1.12605	1.12704	1961	0	6
2023.03.03	21:00:00	1.12708	1.12790	1.12693	1.12749	2300	0	5
2023.03.03	22:00:00	1.12748	1.12795	1.12730	1.12751	2362	0	8
2023.03.03	23:00:00	1.12752	1.12800	1.12717	1.12754	681	0	12
2023.03.06	00:00:00	1.12551	1.12623	1.12517	1.12586	614	0	207
2023.03.06	01:00:00	1.12626	1.12757	1.12594	1.12692	2002	0	17
2023.03.06	02:00:00	1.12694	1.12740	1.12656	1.12710	1133	0	14
2023.03.06	03:00:00	1.12710	1.12731	1.12684	1.12691	1693	0	10
2023.03.06	04:00:00	1.12690	1.12711	1.12660	1.12678	1956	0	9
2023.03.06	05:00:00	1.12678	1.12696	1.12652	1.12669	1473	0	11
2023.03.06	06:00:00	1.12667	1.12680	1.12609	1.12610	943	0	10
2023.03.06	07:00:00	1.12607	1.12645	1.12588	1.12623	1320	0	11
2023.03.06	08:00:00	1.12622	1.12648	1.12496	1.12526	1664	0	10
2023.03.06	09:00:00	1.12526	1.12526	1.12125	1.12190	3693	0	7
2023.03.06	10:00:00	1.12191	1.12408	1.12121	1.12392	5216	0	4
2023.03.06	11:00:00	1.12408	1.12465	1.12290	1.12362	4078	0	4
2023.03.06	12:00:00	1.12364	1.12408	1.12176	1.12295	3539	0	7
2023.03.06	13:00:00	1.12294	1.12372	1.12136	1.12202	4652	0	11
2023.03.06	14:00:00	1.12204	1.12256	1.12143	1.12150	3151	0	4
2023.03.06	15:00:00	1.12151	1.12269	1.12114	1.12230	4788	0	4
2023.03.06	16:00:00	1.12225	1.12246	1.12068	1.12188	5634	0	4
2023.03.06	17:00:00	1.12189	1.12229	1.12000	1.12117	6387	0	6
2023.03.06	18:00:00	1.12118	1.12172	1.12101	1.12137	3588	0	4
2023.03.06	19:00:00	1.12136	1.12178	1.12091	1.12161	2337	0	5
2023.03.06	20:00:00	1.12159	1.12159	1.12039	1.12047	1841	0	5
2023.03.06	21:00:00	1.12047	1.12091	1.11997	1.12011	1652	0	5
2023.03.06	22:00:00	1.12014	1.12055	1.11992	1.12003	1809	0	6
2023.03.06	23:00:00	1.12003	1.12025	1.11919	1.11946	672	0	7
2023.03.07	00:00:00	1.11915	1.11920	1.11840	1.11920	229	0	95
2023.03.07	01:00:00	1.11920	1.11954	1.11833	1.11913	823	0	15
2023.03.07	02:00:00	1.11910	1.11983	1.11877	1.11955	975	0	8
2023.03.07	03:00:00	1.11955	1.12076	1.11942	1.12040	1478	0	10
2023.03.07	04:00:00	1.12039	1.12051	1.11971	1.11994	1476	0	5
2023.03.07	05:00:00	1.11993	1.12022	1.11961	1.11994	2067	0	6
2023.03.07	06:00:00	1.11992	1.12009	1.11975	1.11994	972	0	12
2023.03.07	07:00:00	1.11994	1.12001	1.11927	1.11935	1103	0	12
2023.03.07	08:00:00	1.11936	1.11978	1.11873	1.11959	1492	0	5
2023.03.07	09:00:00	1.11950	1.12108	1.11904	1.11958	4111	0	7
2023.03.07	10:00:00	1.11959	1.11994	1.11824	1.11954	4870	0	4
2023.03.07	11:00:00	1.11956	1.12091	1.11863	1.12033	4802	0	4
2023.03.07	12:00:00	1.12038	1.12070	1.11903	1.12063	3301	0	5
2023.03.07	13:00:00	1.12058	1.12092	1.11830	1.11962	3193	0	5
2023.03.07	14:00:00	1.11963	1.12020	1.11881	1.11965	3144	0	4
2023.03.07	15:00:00	1.11962	1.12016	1.11871	1.11951	4693	0	5
2023.03.07	16:00:00	1.11951	1.12113	1.11881	1.11963	5462	0	4
2023.03.07	17:00:00	1.11962	1.12005	1.11563	1.11659	14041	0	4
2023.03.07	18:00:00	1.11657	1.11676	1.11471	1.11596	8951	0	4
2023.03.07	19:00:00	1.11596	1.11608	1.11460	1.11514	5942	0	6
2023.03.07	20:00:00	1.11516	1.11529	1.11285	1.11304	4202	0	4
2023.03.07	21:00:00	1.11302	1.11456	1.11290	1.11394	2485	0	6
2023.03.07	22:00:00	1.11381	1.11446	1.11378	1.11408	2340	0	5
2023.03.07	23:00:00	1.11409	1.11446	1.11370	1.11406	706	0	10
2023.03.08	00:00:00	1.11302	1.11361	1.11236	1.11283	842	0	117
2023.03.08	01:00:00	1.11292	1.11465	1.11292	1.11441	1145	0	13
2023.03.08	02:00:00	1.11441	1.11486	1.11427	1.11444	1569	0	9
2023.03.08	03:00:00	1.11445	1.11507	1.11434	1.11471	2095	0	11
2023.03.08	04:00:00	1.11471	1.11527	1.11444	1.11445	2068	0	8
2023.03.08	05:00:00	1.11446	1.11469	1.11412	1.11455	1907	0	7
2023.03.08	06:00:00	1.11456	1.11525	1.11438	1.11500	1652	0	10
2023.03.08	07:00:00	1.11500	1.11528	1.11464	1.11504	1760	0	9
2023.03.08	08:00:00	1.11504	1.11549	1.11495	1.11537	1680	0	5
2023.03.08	09:00:00	1.11537	1.11537	1.11356	1.11407	4015	0	7
2023.03.08	10:00:00	1.11407	1.11584	1.11319	1.11560	4328	0	5
2023.03.08	11:00:00	1.11559	1.11616	1.11477	1.11537	4322	0	4
2023.03.08	12:00:00	1.11535	1.11642	1.11473	1.11607	3127	0	5
2023.03.08	13:00:00	1.11603	1.11677	1.11556	1.11633	2283	0	6
2023.03.08	14:00:00	1.11637	1.11682	1.11525	1.11530	1954	0	4
2023.03.08	15:00:00	1.11530	1.11576	1.11345	1.11374	6068	0	5
2023.03.08	16:00:00	1.11374	1.11471	1.11340	1.11403	5935	0	4
2023.03.08	17:00:00	1.11403	1.11448	1.11255	1.11302	12478	0	5
2023.03.08	18:00:00	1.11305	1.11333	1.11173	1.11198	5763	0	5
2023.03.08	19:00:00	1.11198	1.11415	1.11157	1.11364	3121	0	7
2023.03.08	20:00:00	1.11365	1.11484	1.11357	1.11433	4179	0	5
2023.03.08	21:00:00	1.11433	1.11477	1.11388	1.11453	2306	0	6
2023.03.08	22:00:00	1.11455	1.11527	1.11431	1.11518	1482	0	6
2023.03.08	23:00:00	1.11517	1.11535	1.11469	1.11483	474	0	12
2023.03.09	00:00:00	1.11284	1.11498	1.11177	1.11384	983	0	37
2023.03.09	01:00:00	1.11384	1.11490	1.11329	1.11479	878	0	13
2023.03.09	02:00:00	1.11480	1.11483	1.11409	1.11417	1359	0	8
2023.03.09	03:00:00	1.11418	1.11444	1.11392	1.11429	1766	0	8
2023.03.09	04:00:00	1.11429	1.11447	1.11392	1.11430	1184	0	11
2023.03.09	05:00:00	1.11427	1.11445	1.11412	1.11416	808	0	11
2023.03.09	06:00:00	1.11417	1.11461	1.11406	1.11450	719	0	12
2023.03.09	07:00:00	1.11451	1.11526	1.11435	1.11435	1050	0	12
2023.03.09	08:00:00	1.11433	1.11470	1.11418	1.11423	1302	0	10
2023.03.09	09:00:00	1.11421	1.11423	1.11175	1.11243	2819	0	5
2023.03.09	10:00:00	1.11243	1.11577	1.11182	1.11448	4194	0	5
2023.03.09	11:00:00	1.11448	1.11452	1.11233	1.11233	3373	0	5
2023.03.09	12:00:00	1.11233	1.11457	1.11204	1.11435	2889	0	5
2023.03.09	13:00:00	1.11435	1.11540	1.11417	1.11471	3121	0	7
2023.03.09	14:00:00	1.11473	1.11588	1.11441	1.11539	2639	0	8
2023.03.09	15:00:00	1.11539	1.11665	1.11493	1.11626	5906	0	4
2023.03.09	16:00:00	1.11625	1.11718	1.11590	1.11644	5982	0	4
2023.03.09	17:00:00	1.11646	1.11720	1.11505	1.11573	5203	0	6
2023.03.09	18:00:00	1.11576	1.11655	1.11551	1.11626	3705	0	7
2023.03.09	19:00:00	1.11625	1.11702	1.11592	1.11656	2866	0	4
2023.03.09	20:00:00	1.11656	1.11724	1.11467	1.11476	3918	0	4
2023.03.09	21:00:00	1.11478	1.11547	1.11458	1.11544	2742	0	4
2023.03.09	22:00:00	1.11542	1.11542	1.11301	1.11301	4718	0	6
2023.03.09	23:00:00	1.11303	1.11351	1.11131	1.11152	1427	0	4
2023.03.10	00:00:00	1.11211	1.11227	1.11093	1.11157	175	0	161
2023.03.10	01:00:00	1.11162	1.11222	1.11093	1.11221	2066	0	4
2023.03.10	02:00:00	1.11221	1.11223	1.11122	1.11165	2446	0	4
2023.03.10	03:00:00	1.11162	1.11185	1.11110	1.11123	2332	0	5
2023.03.10	04:00:00	1.11122	1.11123	1.10910	1.10916	3536	0	11
2023.03.10	05:00:00	1.10918	1.10968	1.10706	1.10715	1966	0	7
2023.03.10	06:00:00	1.10716	1.10836	1.10650	1.10831	1728	0	10
2023.03.10	07:00:00	1.10832	1.10953	1.10821	1.10944	1625	0	12
2023.03.10	08:00:00	1.10946	1.11018	1.10895	1.10900	1983	0	4
2023.03.10	09:00:00	1.10900	1.11214	1.10896	1.11180	5121	0	7
2023.03.10	10:00:00	1.11182	1.11260	1.11008	1.11107	6666	0	4
2023.03.10	11:00:00	1.11109	1.11575	1.11042	1.11519	5248	0	4
2023.03.10	12:00:00	1.11520	1.11524	1.11303	1.11328	3684	0	7
2023.03.10	13:00:00	1.11327	1.11335	1.11144	1.11241	3248	0	4
2023.03.10	14:00:00	1.11243	1.11394	1.11082	1.11132	4515	0	4
2023.03.10	15:00:00	1.11131	1.11437	1.10947	1.11209	12952	0	4
2023.03.10	16:00:00	1.11209	1.11223	1.10797	1.11103	15077	0	4
2023.03.10	17:00:00	1.11101	1.11232	1.11041	1.11200	12961	0	4
2023.03.10	18:00:00	1.11201	1.11226	1.10942	1.10945	9260	0	4
2023.03.10	19:00:00	1.10942	1.10978	1.10765	1.10795	6362	0	8
2023.03.10	20:00:00	1.10801	1.10866	1.10728	1.10813	4542	0	4
2023.03.10	21:00:00	1.10814	1.10870	1.10754	1.10835	5797	0	4
2023.03.10	22:00:00	1.10833	1.10868	1.10740	1.10797	5161	0	6
2023.03.10	23:00:00	1.10795	1.10903	1.10786	1.10834	1182	0	7
2023.03.13	00:00:00	1.10811	1.11033	1.10769	1.10884	161	0	195
2023.03.13	01:00:00	1.10871	1.10956	1.10548	1.10718	2301	0	55
2023.03.13	02:00:00	1.10727	1.11015	1.10638	1.10998	5343	0	10
2023.03.13	03:00:00	1.11001	1.11064	1.10948	1.10961	4637	0	11
2023.03.13	04:00:00	1.10962	1.11006	1.10826	1.10931	3258	0	15
2023.03.13	05:00:00	1.10931	1.11109	1.10931	1.11091	4969	0	12
2023.03.13	06:00:00	1.11092	1.11133	1.11056	1.11121	3825	0	10
2023.03.13	07:00:00	1.11122	1.11152	1.11079	1.11103	3377	0	14
2023.03.13	08:00:00	1.11101	1.11143	1.11078	1.11097	2278	0	13
2023.03.13	09:00:00	1.11093	1.11120	1.11003	1.11007	3095	0	11
2023.03.13	10:00:00	1.11010	1.11056	1.10826	1.10852	6616	0	5
2023.03.13	11:00:00	1.10851	1.10949	1.10660	1.10790	8389	0	4
2023.03.13	12:00:00	1.10791	1.10811	1.09953	1.10325	12225	0	4
2023.03.13	13:00:00	1.10324	1.10422	1.10106	1.10372	8067	0	4
2023.03.13	14:00:00	1.10372	1.10480	1.10248	1.10413	9169	0	6
2023.03.13	15:00:00	1.10413	1.10566	1.09964	1.10057	14308	0	4
2023.03.13	16:00:00	1.10053	1.10449	1.10008	1.10087	9993	0	4
2023.03.13	17:00:00	1.10087	1.10689	1.09893	1.10668	13009	0	4
2023.03.13	18:00:00	1.10667	1.10917	1.10613	1.10861	10332	0	5
2023.03.13	19:00:00	1.10866	1.10872	1.10599	1.10758	7895	0	4
2023.03.13	20:00:00	1.10754	1.10950	1.10626	1.10906	5667	0	4
2023.03.13	21:00:00	1.10903	1.11135	1.10896	1.11097	6869	0	4
2023.03.13	22:00:00	1.11099	1.11145	1.11033	1.11074	6347	0	8
2023.03.13	23:00:00	1.11074	1.11148	1.11032	1.11086	2365	0	4
2023.03.14	00:00:00	1.10984	1.11090	1.10893	1.11082	714	0	30
2023.03.14	01:00:00	1.11075	1.11105	1.10920	1.11060	4470	0	4
2023.03.14	02:00:00	1.11061	1.11087	1.10996	1.11024	1676	0	16
2023.03.14	03:00:00	1.11026	1.11042	1.10853	1.10951	3760	0	17
2023.03.14	04:00:00	1.10952	1.10989	1.10889	1.10942	3116	0	10
2023.03.14	05:00:00	1.10942	1.11033	1.10936	1.10970	2275	0	12
2023.03.14	06:00:00	1.10972	1.11071	1.10954	1.11067	2641	0	12
2023.03.14	07:00:00	1.11067	1.11129	1.11033	1.11118	1795	0	12
2023.03.14	08:00:00	1.11115	1.11119	1.10979	1.11040	1905	0	6
2023.03.14	09:00:00	1.11039	1.11135	1.10861	1.11064	5044	0	12
2023.03.14	10:00:00	1.11064	1.11180	1.10901	1.10922	8813	0	9
2023.03.14	11:00:00	1.10921	1.11076	1.10879	1.10966	8368	0	6
2023.03.14	12:00:00	1.10967	1.11025	1.10753	1.10803	6959	0	4
2023.03.14	13:00:00	1.10801	1.10977	1.10558	1.10628	4184	0	4
2023.03.14	14:00:00	1.10622	1.10941	1.10612	1.10916	4024	0	4
2023.03.14	15:00:00	1.10913	1.11213	1.10663	1.11065	13972	0	4
2023.03.14	16:00:00	1.11065	1.11438	1.11015	1.11373	11894	0	4
2023.03.14	17:00:00	1.11373	1.11452	1.11195	1.11378	8499	0	4
2023.03.14	18:00:00	1.11377	1.11406	1.10897	1.10976	5780	0	4
2023.03.14	19:00:00	1.10973	1.11329	1.10927	1.11224	5846	0	4
2023.03.14	20:00:00	1.11225	1.11245	1.11074	1.11187	8024	0	4
2023.03.14	21:00:00	1.11187	1.11244	1.11135	1.11184	5344	0	5
2023.03.14	22:00:00	1.11184	1.11194	1.11064	1.11168	4882	0	7
2023.03.14	23:00:00	1.11171	1.11203	1.11058	1.11107	1080	0	9
2023.03.15	00:00:00	1.10909	1.11035	1.10859	1.11007	479	0	80
2023.03.15	01:00:00	1.11005	1.11100	1.10993	1.11085	7790	0	27
2023.03.15	02:00:00	1.11084	1.11137	1.11062	1.11117	1116	0	11
2023.03.15	03:00:00	1.11119	1.11149	1.11081	1.11121	3197	0	11
2023.03.15	04:00:00	1.11120	1.11158	1.11088	1.11158	2042	0	12
2023.03.15	05:00:00	1.11157	1.11167	1.11090	1.11118	2586	0	7
2023.03.15	06:00:00	1.11119	1.11195	1.11115	1.11165	2693	0	11
2023.03.15	07:00:00	1.11166	1.11186	1.11137	1.11156	1557	0	13
2023.03.15	08:00:00	1.11157	1.11167	1.11096	1.11148	2050	0	13
2023.03.15	09:00:00	1.11148	1.11245	1.11106	1.11208	2388	0	12
2023.03.15	10:00:00	1.11214	1.11266	1.11091	1.11181	5443	0	8
2023.03.15	11:00:00	1.11182	1.11315	1.11131	1.11289	6734	0	5
2023.03.15	12:00:00	1.11289	1.11350	1.11089	1.11264	8043	0	4
2023.03.15	13:00:00	1.11264	1.11392	1.10949	1.11303	8785	0	4
2023.03.15	14:00:00	1.11303	1.11716	1.11103	1.11323	9437	0	4
2023.03.15	15:00:00	1.11322	1.11468	1.11199	1.11323	11390	0	4
2023.03.15	16:00:00	1.11323	1.11681	1.11170	1.11196	13676	0	4
2023.03.15	17:00:00	1.11196	1.11257	1.11005	1.11213	12177	0	4
2023.03.15	18:00:00	1.11213	1.11324	1.10981	1.11197	10482	0	4
2023.03.15	19:00:00	1.11196	1.11521	1.11034	1.11458	8393	0	4
2023.03.15	20:00:00	1.11456	1.12249	1.11350	1.12196	7381	0	4
2023.03.15	21:00:00	1.12195	1.12429	1.12055	1.12196	10793	0	6
2023.03.15	22:00:00	1.12197	1.12353	1.11952	1.12347	9505	0	13
2023.03.15	23:00:00	1.12348	1.12559	1.12329	1.12505	2481	0	4
2023.03.16	00:00:00	1.12507	1.12507	1.12337	1.12376	155	0	113
2023.03.16	01:00:00	1.12357	1.12582	1.12282	1.12370	1844	0	20
2023.03.16	02:00:00	1.12370	1.12422	1.12344	1.12405	2486	0	13
2023.03.16	03:00:00	1.12405	1.12503	1.12260	1.12501	5948	0	12
2023.03.16	04:00:00	1.12503	1.12552	1.12299	1.12307	4351	0	13
2023.03.16	05:00:00	1.12310	1.12470	1.12285	1.12405	2996	0	12
2023.03.16	06:00:00	1.12402	1.12406	1.12281	1.12359	2163	0	13
2023.03.16	07:00:00	1.12359	1.12383	1.12300	1.12344	1764	0	14
2023.03.16	08:00:00	1.12346	1.12369	1.12195	1.12263	1765	0	8
2023.03.16	09:00:00	1.12262	1.12269	1.12099	1.12158	2011	0	9
2023.03.16	10:00:00	1.12155	1.12155	1.11817	1.11847	7035	0	4
2023.03.16	11:00:00	1.11848	1.11984	1.11712	1.11862	8854	0	4
2023.03.16	12:00:00	1.11862	1.11973	1.11659	1.11964	4931	0	4
2023.03.16	13:00:00	1.11964	1.12074	1.11909	1.11916	3532	0	4
2023.03.16	14:00:00	1.11916	1.11973	1.11671	1.11671	4854	0	5
2023.03.16	15:00:00	1.11673	1.11906	1.11601	1.11718	8530	0	4
2023.03.16	16:00:00	1.11715	1.12216	1.11631	1.12150	11616	0	4
2023.03.16	17:00:00	1.12150	1.12577	1.12000	1.12460	12270	0	5
2023.03.16	18:00:00	1.12461	1.12714	1.12311	1.12613	10640	0	5
2023.03.16	19:00:00	1.12614	1.12683	1.12433	1.12522	7586	0	4
2023.03.16	20:00:00	1.12520	1.12839	1.12471	1.12786	6195	0	6
2023.03.16	21:00:00	1.12785	1.12797	1.12662	1.12730	5289	0	4
2023.03.16	22:00:00	1.12727	1.12727	1.12533	1.12652	4159	0	7
2023.03.16	23:00:00	1.12652	1.12696	1.12560	1.12566	1350	0	4
2023.03.17	00:00:00	1.12460	1.12506	1.12426	1.12485	158	0	123
2023.03.17	01:00:00	1.12496	1.12609	1.12424	1.12525	1951	0	20
2023.03.17	02:00:00	1.12526	1.12547	1.12503	1.12520	1431	0	14
2023.03.17	03:00:00	1.12523	1.12556	1.12465	1.12535	1974	0	8
2023.03.17	04:00:00	1.12533	1.12575	1.12491	1.12519	3068	0	13
2023.03.17	05:00:00	1.12519	1.12559	1.12475	1.12544	1613	0	12
2023.03.17	06:00:00	1.12547	1.12591	1.12524	1.12547	2128	0	13
2023.03.17	07:00:00	1.12542	1.12595	1.12508	1.12546	2266	0	12
2023.03.17	08:00:00	1.12547	1.12624	1.12509	1.12592	1967	0	11
2023.03.17	09:00:00	1.12588	1.12659	1.12473	1.12505	2610	0	8
2023.03.17	10:00:00	1.12510	1.12643	1.12421	1.12492	5036	0	4
2023.03.17	11:00:00	1.12487	1.12657	1.12276	1.12300	6782	0	7
2023.03.17	12:00:00	1.12299	1.12396	1.12190	1.12342	3845	0	4
2023.03.17	13:00:00	1.12343	1.12533	1.12304	1.12508	3867	0	4
2023.03.17	14:00:00	1.12506	1.12565	1.12336	1.12544	4633	0	4
2023.03.17	15:00:00	1.12544	1.12666	1.12472	1.12591	5322	0	4
2023.03.17	16:00:00	1.12590	1.12741	1.12552	1.12648	7091	0	4
2023.03.17	17:00:00	1.12639	1.12797	1.12633	1.12708	8529	0	4
2023.03.17	18:00:00	1.12706	1.12861	1.12577	1.12709	6660	0	4
2023.03.17	19:00:00	1.12712	1.13133	1.12703	1.13071	5045	0	4
2023.03.17	20:00:00	1.13068	1.13148	1.12898	1.13058	3926	0	6
2023.03.17	21:00:00	1.13062	1.13116	1.12871	1.12886	5919	0	4
2023.03.17	22:00:00	1.12892	1.12903	1.12732	1.12745	3859	0	7
2023.03.17	23:00:00	1.12743	1.12841	1.12699	1.12740	2336	0	4
2023.03.20	00:00:00	1.12951	1.12990	1.12891	1.12893	133	0	279
2023.03.20	01:00:00	1.12920	1.13066	1.12718	1.12910	3570	0	11
2023.03.20	02:00:00	1.12882	1.12990	1.12848	1.12962	2161	0	13
2023.03.20	03:00:00	1.12963	1.13089	1.12939	1.12966	2319	0	9
2023.03.20	04:00:00	1.12963	1.12994	1.12750	1.12863	3944	0	12
2023.03.20	05:00:00	1.12863	1.12892	1.12780	1.12810	1508	0	6
2023.03.20	06:00:00	1.12812	1.12844	1.12734	1.12754	2196	0	18
2023.03.20	07:00:00	1.12756	1.12803	1.12724	1.12783	1676	0	14
2023.03.20	08:00:00	1.12783	1.12827	1.12777	1.12802	1255	0	13
2023.03.20	09:00:00	1.12800	1.12835	1.12570	1.12813	4257	0	6
2023.03.20	10:00:00	1.12826	1.13098	1.12781	1.13079	6693	0	4
2023.03.20	11:00:00	1.13079	1.13410	1.13046	1.13401	8890	0	4
2023.03.20	12:00:00	1.13396	1.13484	1.13229	1.13289	7008	0	4
2023.03.20	13:00:00	1.13291	1.13453	1.13175	1.13402	5884	0	4
2023.03.20	14:00:00	1.13402	1.13518	1.13299	1.13351	4827	0	4
2023.03.20	15:00:00	1.13352	1.13459	1.13202	1.13420	5871	0	4
2023.03.20	16:00:00	1.13420	1.13444	1.13265	1.13367	6510	0	4
2023.03.20	17:00:00	1.13367	1.13386	1.13269	1.13353	5244	0	4
2023.03.20	18:00:00	1.13352	1.13629	1.13315	1.13572	4183	0	4
2023.03.20	19:00:00	1.13572	1.13663	1.13502	1.13624	4208	0	4
2023.03.20	20:00:00	1.13621	1.13912	1.13593	1.13889	2625	0	7
2023.03.20	21:00:00	1.13888	1.14021	1.13826	1.14006	2464	0	4
2023.03.20	22:00:00	1.13997	1.14049	1.13941	1.14003	2233	0	4
2023.03.20	23:00:00	1.14004	1.14084	1.13998	1.14084	791	0	7
2023.03.21	00:00:00	1.13806	1.14031	1.13806	1.13975	181	0	103
2023.03.21	01:00:00	1.13969	1.14056	1.13969	1.14029	5649	0	22
2023.03.21	02:00:00	1.14030	1.14071	1.14017	1.14049	3098	0	13
2023.03.21	03:00:00	1.14047	1.14117	1.13939	1.13979	3484	0	13
2023.03.21	04:00:00	1.13976	1.14039	1.13938	1.13953	2848	0	12
2023.03.21	05:00:00	1.13955	1.13971	1.13874	1.13896	1573	0	14
2023.03.21	06:00:00	1.13894	1.13924	1.13815	1.13886	1787	0	11
2023.03.21	07:00:00	1.13885	1.13920	1.13838	1.13919	2037	0	14
2023.03.21	08:00:00	1.13919	1.13991	1.13910	1.13978	1183	0	11
2023.03.21	09:00:00	1.13975	1.14122	1.13972	1.14102	2097	0	6
2023.03.21	10:00:00	1.14105	1.14128	1.13713	1.13770	4397	0	6
2023.03.21	11:00:00	1.13769	1.13900	1.13531	1.13533	6567	0	8
2023.03.21	12:00:00	1.13532	1.13678	1.13491	1.13547	3551	0	4
2023.03.21	13:00:00	1.13553	1.13593	1.13328	1.13412	3267	0	4
2023.03.21	14:00:00	1.13411	1.13419	1.13150	1.13179	3716	0	4
2023.03.21	15:00:00	1.13179	1.13302	1.13139	1.13228	3918	0	6
2023.03.21	16:00:00	1.13226	1.13260	1.12949	1.13025	4130	0	4
2023.03.21	17:00:00	1.13025	1.13100	1.12842	1.12849	4856	0	4
2023.03.21	18:00:00	1.12852	1.12885	1.12390	1.12655	4431	0	4
2023.03.21	19:00:00	1.12652	1.12698	1.12301	1.12455	3649	0	4
2023.03.21	20:00:00	1.12456	1.12641	1.12438	1.12589	3196	0	5
2023.03.21	21:00:00	1.12590	1.12725	1.12557	1.12723	1944	0	6
2023.03.21	22:00:00	1.12722	1.12738	1.12664	1.12734	1712	0	4
2023.03.21	23:00:00	1.12739	1.12743	1.12661	1.12680	713	0	6
2023.03.22	00:00:00	1.12628	1.12683	1.12591	1.12672	146	0	42
2023.03.22	01:00:00	1.12661	1.12699	1.12625	1.12696	527	0	26
2023.03.22	02:00:00	1.12697	1.12703	1.12621	1.12677	1457	0	13
2023.03.22	03:00:00	1.12675	1.12735	1.12628	1.12703	2035	0	9
2023.03.22	04:00:00	1.12703	1.12715	1.12611	1.12697	2336	0	11
2023.03.22	05:00:00	1.12693	1.12810	1.12691	1.12777	2366	0	11
2023.03.22	06:00:00	1.12779	1.12853	1.12770	1.12835	3014	0	10
2023.03.22	07:00:00	1.12835	1.12912	1.12830	1.12874	3812	0	12
2023.03.22	08:00:00	1.12875	1.12906	1.12808	1.12809	1488	0	12
2023.03.22	09:00:00	1.12809	1.12960	1.12782	1.12789	2380	0	13
2023.03.22	10:00:00	1.12767	1.13339	1.12742	1.13148	6063	0	10
2023.03.22	11:00:00	1.13148	1.13295	1.13079	1.13210	4980	0	5
2023.03.22	12:00:00	1.13212	1.13337	1.13099	1.13206	3405	0	4
2023.03.22	13:00:00	1.13206	1.13418	1.13196	1.13296	3474	0	6
2023.03.22	14:00:00	1.13292	1.13328	1.13152	1.13163	2944	0	4
2023.03.22	15:00:00	1.13167	1.13333	1.13154	1.13236	3566	0	4
2023.03.22	16:00:00	1.13235	1.13304	1.13020	1.13078	3922	0	4
2023.03.22	17:00:00	1.13078	1.13092	1.12820	1.12878	4099	0	4
2023.03.22	18:00:00	1.12879	1.13038	1.12866	1.12971	3612	0	4
2023.03.22	19:00:00	1.12972	1.13025	1.12889	1.13018	2733	0	4
2023.03.22	20:00:00	1.13017	1.13198	1.12931	1.13100	3212	0	6
2023.03.22	21:00:00	1.13098	1.13136	1.12766	1.12817	15547	0	5
2023.03.22	22:00:00	1.12811	1.12850	1.12621	1.12651	10840	0	5
2023.03.22	23:00:00	1.12645	1.12664	1.12511	1.12543	2326	0	6
2023.03.23	00:00:00	1.12480	1.12517	1.12371	1.12471	66	0	130
2023.03.23	01:00:00	1.12434	1.12550	1.12387	1.12529	1451	0	22
2023.03.23	02:00:00	1.12528	1.12561	1.12509	1.12538	1140	0	15
2023.03.23	03:00:00	1.12537	1.12681	1.12532	1.12566	2828	0	13
2023.03.23	04:00:00	1.12568	1.12694	1.12565	1.12672	2635	0	12
2023.03.23	05:00:00	1.12672	1.12802	1.12667	1.12767	2559	0	12
2023.03.23	06:00:00	1.12767	1.12794	1.12675	1.12773	2945	0	10
2023.03.23	07:00:00	1.12774	1.12799	1.12723	1.12769	1392	0	13
2023.03.23	08:00:00	1.12768	1.12870	1.12758	1.12837	2080	0	11
2023.03.23	09:00:00	1.12835	1.12896	1.12677	1.12785	3913	0	11
2023.03.23	10:00:00	1.12788	1.12866	1.12733	1.12771	6255	0	8
2023.03.23	11:00:00	1.12770	1.12898	1.12273	1.12597	6503	0	4
2023.03.23	12:00:00	1.12598	1.13030	1.12520	1.12755	4314	0	4
2023.03.23	13:00:00	1.12753	1.12912	1.12516	1.12655	3654	0	4
2023.03.23	14:00:00	1.12655	1.12796	1.12574	1.12772	3047	0	4
2023.03.23	15:00:00	1.12771	1.13012	1.12455	1.12525	6119	0	4
2023.03.23	16:00:00	1.12525	1.12817	1.12511	1.12711	5697	0	4
2023.03.23	17:00:00	1.12715	1.12715	1.12470	1.12565	4239	0	4
2023.03.23	18:00:00	1.12565	1.12741	1.12512	1.12665	3882	0	4
2023.03.23	19:00:00	1.12666	1.12714	1.12483	1.12608	3465	0	4
2023.03.23	20:00:00	1.12608	1.12630	1.12485	1.12508	3191	0	4
2023.03.23	21:00:00	1.12507	1.12520	1.12349	1.12475	4210	0	4
2023.03.23	22:00:00	1.12475	1.12589	1.12410	1.12525	7590	0	9
2023.03.23	23:00:00	1.12526	1.12604	1.12487	1.12597	1772	0	8
2023.03.24	00:00:00	1.12432	1.12604	1.12432	1.12573	319	0	89
2023.03.24	01:00:00	1.12598	1.12638	1.12545	1.12573	1503	0	20
2023.03.24	02:00:00	1.12574	1.12613	1.12560	1.12578	1116	0	13
2023.03.24	03:00:00	1.12575	1.12579	1.12510	1.12536	2249	0	10
2023.03.24	04:00:00	1.12538	1.12579	1.12440	1.12488	3177	0	10
2023.03.24	05:00:00	1.12494	1.12601	1.12488	1.12593	2017	0	6
2023.03.24	06:00:00	1.12594	1.12611	1.12510	1.12546	1772	0	8
2023.03.24	07:00:00	1.12545	1.12589	1.12470	1.12480	2099	0	13
2023.03.24	08:00:00	1.12479	1.12544	1.12475	1.12514	1721	0	8
2023.03.24	09:00:00	1.12515	1.12670	1.12508	1.12607	2806	0	12
2023.03.24	10:00:00	1.12607	1.12720	1.12602	1.12605	3393	0	8
2023.03.24	11:00:00	1.12604	1.12632	1.12274	1.12285	8318	0	4
2023.03.24	12:00:00	1.12285	1.12437	1.12144	1.12154	5656	0	4
2023.03.24	13:00:00	1.12154	1.12392	1.12118	1.12369	4918	0	4
2023.03.24	14:00:00	1.12369	1.12416	1.12250	1.12395	4644	0	6
2023.03.24	15:00:00	1.12393	1.12393	1.12178	1.12247	6124	0	4
2023.03.24	16:00:00	1.12245	1.12329	1.12012	1.12186	8075	0	4
2023.03.24	17:00:00	1.12184	1.12382	1.12184	1.12280	7091	0	4
2023.03.24	18:00:00	1.12278	1.12332	1.12147	1.12227	4621	0	4
2023.03.24	19:00:00	1.12226	1.12279	1.12153	1.12229	3811	0	5
2023.03.24	20:00:00	1.12228	1.12416	1.12207	1.12396	3392	0	4
2023.03.24	21:00:00	1.12396	1.12472	1.12375	1.12442	2145	0	4
2023.03.24	22:00:00	1.12441	1.12517	1.12407	1.12429	1628	0	4
2023.03.24	23:00:00	1.12428	1.12486	1.12392	1.12465	725	0	9
2023.03.27	00:00:00	1.12360	1.12400	1.12128	1.12387	3520	0	279
2023.03.27	01:00:00	1.12394	1.12558	1.12286	1.12531	2438	0	21
2023.03.27	02:00:00	1.12532	1.12569	1.12504	1.12519	1307	0	15
2023.03.27	03:00:00	1.12522	1.12534	1.12434	1.12511	2286	0	9
2023.03.27	04:00:00	1.12510	1.12540	1.12438	1.12524	2624	0	9
2023.03.27	05:00:00	1.12526	1.12539	1.12449	1.12468	1981	0	12
2023.03.27	06:00:00	1.12467	1.12490	1.12435	1.12438	1634	0	9
2023.03.27	07:00:00	1.12440	1.12449	1.12391	1.12417	1605	0	9
2023.03.27	08:00:00	1.12419	1.12430	1.12349	1.12425	2240	0	11
2023.03.27	09:00:00	1.12423	1.12439	1.12292	1.12438	4013	0	6
2023.03.27	10:00:00	1.12435	1.12496	1.12212	1.12285	5420	0	5
2023.03.27	11:00:00	1.12284	1.12443	1.12198	1.12344	4336	0	4
2023.03.27	12:00:00	1.12343	1.12445	1.12270	1.12301	3606	0	5
2023.03.27	13:00:00	1.12303	1.12374	1.12221	1.12351	3857	0	4
2023.03.27	14:00:00	1.12351	1.12463	1.12310	1.12385	3534	0	4
2023.03.27	15:00:00	1.12384	1.12457	1.12318	1.12338	4216	0	4
2023.03.27	16:00:00	1.12338	1.12558	1.12238	1.12521	4862	0	4
2023.03.27	17:00:00	1.12519	1.12605	1.12456	1.12461	4810	0	4
2023.03.27	18:00:00	1.12463	1.12566	1.12402	1.12504	3028	0	5
2023.03.27	19:00:00	1.12502	1.12568	1.12455	1.12530	2216	0	4
2023.03.27	20:00:00	1.12528	1.12546	1.12438	1.12546	2326	0	5
2023.03.27	21:00:00	1.12544	1.12628	1.12482	1.12572	1889	0	7
2023.03.27	22:00:00	1.12572	1.12605	1.12516	1.12536	1657	0	5
2023.03.27	23:00:00	1.12536	1.12572	1.12485	1.12517	665	0	8
2023.03.28	00:00:00	1.12436	1.12490	1.12413	1.12457	119	0	70
2023.03.28	01:00:00	1.12467	1.12506	1.12439	1.12458	4084	0	21
2023.03.28	02:00:00	1.12456	1.12544	1.12443	1.12526	1594	0	11
2023.03.28	03:00:00	1.12524	1.12606	1.12501	1.12575	1947	0	11
2023.03.28	04:00:00	1.12576	1.12631	1.12507	1.12549	2299	0	11
2023.03.28	05:00:00	1.12549	1.12575	1.12512	1.12552	1630	0	6
2023.03.28	06:00:00	1.12554	1.12608	1.12551	1.12578	1230	0	11
2023.03.28	07:00:00	1.12579	1.12599	1.12536	1.12581	1359	0	12
2023.03.28	08:00:00	1.12582	1.12667	1.12579	1.12636	1621	0	9
2023.03.28	09:00:00	1.12651	1.13062	1.12645	1.12989	3609	0	7
2023.03.28	10:00:00	1.12987	1.13161	1.12787	1.12821	4164	0	6
2023.03.28	11:00:00	1.12823	1.12893	1.12671	1.12776	2893	0	8
2023.03.28	12:00:00	1.12780	1.12892	1.12674	1.12754	3031	0	4
2023.03.28	13:00:00	1.12755	1.12975	1.12736	1.12972	2957	0	5
2023.03.28	14:00:00	1.12974	1.13152	1.12940	1.13115	2750	0	7
2023.03.28	15:00:00	1.13114	1.13173	1.12950	1.13052	4451	0	4
2023.03.28	16:00:00	1.13054	1.13357	1.12989	1.13334	4666	0	4
2023.03.28	17:00:00	1.13336	1.13584	1.13295	1.13504	5026	0	4
2023.03.28	18:00:00	1.13505	1.13582	1.13382	1.13505	3354	0	4
2023.03.28	19:00:00	1.13505	1.13555	1.13456	1.13482	2099	0	8
2023.03.28	20:00:00	1.13486	1.13538	1.13443	1.13465	1900	0	7
2023.03.28	21:00:00	1.13465	1.13465	1.13364	1.13408	1496	0	9
2023.03.28	22:00:00	1.13409	1.13457	1.13407	1.13425	1439	0	7
2023.03.28	23:00:00	1.13431	1.13528	1.13431	1.13467	778	0	9
2023.03.29	00:00:00	1.13362	1.13476	1.13350	1.13463	172	0	79
2023.03.29	01:00:00	1.13441	1.13528	1.13411	1.13509	448	0	17
2023.03.29	02:00:00	1.13515	1.13536	1.13465	1.13482	878	0	13
2023.03.29	03:00:00	1.13484	1.13532	1.13418	1.13453	2330	0	10
2023.03.29	04:00:00	1.13455	1.13536	1.13446	1.13452	2687	0	8
2023.03.29	05:00:00	1.13453	1.13481	1.13399	1.13468	1532	0	8
2023.03.29	06:00:00	1.13462	1.13505	1.13438	1.13467	937	0	12
2023.03.29	07:00:00	1.13465	1.13547	1.13443	1.13501	1503	0	9
2023.03.29	08:00:00	1.13501	1.13535	1.13427	1.13436	1801	0	8
2023.03.29	09:00:00	1.13441	1.13607	1.13437	1.13590	3881	0	8
2023.03.29	10:00:00	1.13591	1.13613	1.13321	1.13347	4143	0	7
2023.03.29	11:00:00	1.13349	1.13390	1.13149	1.13375	3818	0	6
2023.03.29	12:00:00	1.13377	1.13405	1.13104	1.13278	3835	0	4
2023.03.29	13:00:00	1.13278	1.13324	1.13184	1.13320	3779	0	4
2023.03.29	14:00:00	1.13320	1.13500	1.13318	1.13376	3940	0	4
2023.03.29	15:00:00	1.13376	1.13435	1.13289	1.13338	5208	0	4
2023.03.29	16:00:00	1.13340	1.13469	1.13198	1.13455	4596	0	4
2023.03.29	17:00:00	1.13456	1.13552	1.13196	1.13211	4701	0	4
2023.03.29	18:00:00	1.13212	1.13289	1.13114	1.13200	4129	0	5
2023.03.29	19:00:00	1.13200	1.13344	1.13194	1.13305	2663	0	5
2023.03.29	20:00:00	1.13304	1.13318	1.13177	1.13195	2064	0	4
2023.03.29	21:00:00	1.13196	1.13214	1.13100	1.13168	1786	0	6
2023.03.29	22:00:00	1.13167	1.13194	1.13110	1.13140	1740	0	7
2023.03.29	23:00:00	1.13137	1.13151	1.13099	1.13107	673	0	6
2023.03.30	00:00:00	1.13056	1.13173	1.13015	1.13068	182	0	71
2023.03.30	01:00:00	1.13062	1.13120	1.13054	1.13086	730	0	15
2023.03.30	02:00:00	1.13085	1.13096	1.13035	1.13035	992	0	10
2023.03.30	03:00:00	1.13036	1.13131	1.13034	1.13114	1967	0	9
2023.03.30	04:00:00	1.13114	1.13114	1.13045	1.13083	2171	0	9
2023.03.30	05:00:00	1.13084	1.13117	1.13051	1.13113	1427	0	10
2023.03.30	06:00:00	1.13114	1.13162	1.13107	1.13134	1322	0	11
2023.03.30	07:00:00	1.13133	1.13141	1.13084	1.13127	934	0	11
2023.03.30	08:00:00	1.13126	1.13131	1.13068	1.13100	2443	0	9
2023.03.30	09:00:00	1.13099	1.13165	1.13017	1.13148	3952	0	4
2023.03.30	10:00:00	1.13149	1.13268	1.13105	1.13252	5704	0	4
2023.03.30	11:00:00	1.13252	1.13277	1.13178	1.13185	4682	0	5
2023.03.30	12:00:00	1.13184	1.13278	1.13015	1.13057	3354	0	4
2023.03.30	13:00:00	1.13057	1.13092	1.12886	1.12903	2871	0	4
2023.03.30	14:00:00	1.12904	1.12924	1.12791	1.12881	2232	0	4
2023.03.30	15:00:00	1.12881	1.13108	1.12858	1.13018	5499	0	4
2023.03.30	16:00:00	1.13017	1.13187	1.12873	1.13092	5906	0	4
2023.03.30	17:00:00	1.13083	1.13153	1.12995	1.13044	4533	0	4
2023.03.30	18:00:00	1.13045	1.13127	1.12935	1.13043	3566	0	4
2023.03.30	19:00:00	1.13038	1.13208	1.13011	1.13194	2282	0	4
2023.03.30	20:00:00	1.13190	1.13219	1.13112	1.13161	2020	0	4
2023.03.30	21:00:00	1.13160	1.13253	1.13148	1.13239	1402	0	8
2023.03.30	22:00:00	1.13241	1.13255	1.13181	1.13241	1516	0	4
2023.03.30	23:00:00	1.13243	1.13283	1.13153	1.13160	1122	0	5
2023.03.31	00:00:00	1.13073	1.13147	1.13063	1.13138	55	0	44
2023.03.31	01:00:00	1.13138	1.13160	1.13085	1.13138	778	0	16
2023.03.31	02:00:00	1.13139	1.13148	1.13104	1.13137	1054	0	11
2023.03.31	03:00:00	1.13137	1.13283	1.13119	1.13253	2695	0	7
2023.03.31	04:00:00	1.13253	1.13367	1.13223	1.13276	2657	0	4
2023.03.31	05:00:00	1.13274	1.13364	1.13270	1.13330	1567	0	10
2023.03.31	06:00:00	1.13329	1.13341	1.13227	1.13252	1153	0	11
2023.03.31	07:00:00	1.13252	1.13323	1.13249	1.13275	973	0	6
2023.03.31	08:00:00	1.13274	1.13307	1.13226	1.13237	2177	0	8
2023.03.31	09:00:00	1.13227	1.13275	1.13180	1.13258	3499	0	9
2023.03.31	10:00:00	1.13252	1.13327	1.12987	1.13125	4153	0	4
2023.03.31	11:00:00	1.13125	1.13312	1.13034	1.13286	4388	0	4
2023.03.31	12:00:00	1.13288	1.13542	1.13185	1.13450	3924	0	4
2023.03.31	13:00:00	1.13451	1.13566	1.13370	1.13525	3002	0	5
2023.03.31	14:00:00	1.13525	1.13649	1.13432	1.13447	2315	0	4
2023.03.31	15:00:00	1.13445	1.13448	1.13257	1.13321	5007	0	4
2023.03.31	16:00:00	1.13319	1.13324	1.13075	1.13075	5091	0	4
2023.03.31	17:00:00	1.13076	1.13114	1.12761	1.12935	5862	0	4
2023.03.31	18:00:00	1.12890	1.13032	1.12827	1.12902	5002	0	4
2023.03.31	19:00:00	1.12903	1.12945	1.12833	1.12833	2451	0	4
2023.03.31	20:00:00	1.12832	1.12837	1.12778	1.12816	1868	0	6
2023.03.31	21:00:00	1.12819	1.12841	1.12746	1.12768	1722	0	8
2023.03.31	22:00:00	1.12764	1.12883	1.12764	1.12848	2618	0	5
2023.03.31	23:00:00	1.12849	1.12888	1.12800	1.12830	1393	0	7
2023.04.03	00:00:00	1.12814	1.12814	1.12603	1.12696	1735	0	279
2023.04.03	01:00:00	1.12710	1.12870	1.12670	1.12791	1767	0	13
2023.04.03	02:00:00	1.12791	1.12826	1.12694	1.12750	2228	0	12
2023.04.03	03:00:00	1.12750	1.12837	1.12740	1.12825	3248	0	6
2023.04.03	04:00:00	1.12823	1.12834	1.12722	1.12743	3212	0	10
2023.04.03	05:00:00	1.12742	1.12784	1.12719	1.12753	1829	0	10
2023.04.03	06:00:00	1.12753	1.12767	1.12683	1.12691	1484	0	13
2023.04.03	07:00:00	1.12693	1.12808	1.12678	1.12795	1540	0	12
2023.04.03	08:00:00	1.12792	1.12881	1.12783	1.12878	2124	0	10
2023.04.03	09:00:00	1.12890	1.13037	1.12717	1.13025	4124	0	8
2023.04.03	10:00:00	1.13022	1.13150	1.12958	1.13067	4656	0	8
2023.04.03	11:00:00	1.13069	1.13179	1.12983	1.13164	3081	0	4
2023.04.03	12:00:00	1.13162	1.13280	1.13064	1.13271	3348	0	4
2023.04.03	13:00:00	1.13270	1.13338	1.13129	1.13290	3697	0	5
2023.04.03	14:00:00	1.13289	1.13391	1.13158	1.13222	3695	0	4
2023.04.03	15:00:00	1.13226	1.13429	1.13226	1.13398	3865	0	4
2023.04.03	16:00:00	1.13402	1.13418	1.13144	1.13161	4825	0	4
2023.04.03	17:00:00	1.13162	1.13346	1.13100	1.13134	8227	0	6
2023.04.03	18:00:00	1.13134	1.13254	1.13090	1.13230	3844	0	4
2023.04.03	19:00:00	1.13229	1.13245	1.13100	1.13222	2281	0	6
2023.04.03	20:00:00	1.13221	1.13258	1.13182	1.13256	1698	0	7
2023.04.03	21:00:00	1.13255	1.13309	1.13217	1.13296	1840	0	8
2023.04.03	22:00:00	1.13298	1.13370	1.13284	1.13356	1336	0	10
2023.04.03	23:00:00	1.13357	1.13383	1.13296	1.13325	903	0	8
2023.04.04	00:00:00	1.13205	1.13257	1.13205	1.13251	111	0	159
2023.04.04	01:00:00	1.13231	1.13352	1.13231	1.13317	3704	0	16
2023.04.04	02:00:00	1.13311	1.13388	1.13308	1.13371	791	0	13
2023.04.04	03:00:00	1.13373	1.13381	1.13239	1.13295	1861	0	9
2023.04.04	04:00:00	1.13294	1.13348	1.13267	1.13307	1953	0	9
2023.04.04	05:00:00	1.13307	1.13334	1.13263	1.13278	1523	0	4
2023.04.04	06:00:00	1.13277	1.13349	1.13260	1.13343	962	0	11
2023.04.04	07:00:00	1.13345	1.13386	1.13309	1.13328	1799	0	10
2023.04.04	08:00:00	1.13328	1.13370	1.13299	1.13357	1476	0	8
2023.04.04	09:00:00	1.13368	1.13397	1.13290	1.13371	3370	0	4
2023.04.04	10:00:00	1.13372	1.13645	1.13193	1.13603	6368	0	4
2023.04.04	11:00:00	1.13603	1.13761	1.13590	1.13742	4202	0	7
2023.04.04	12:00:00	1.13741	1.14093	1.13721	1.14035	5094	0	4
2023.04.04	13:00:00	1.14038	1.14100	1.13976	1.14046	3327	0	5
2023.04.04	14:00:00	1.14045	1.14147	1.13986	1.14020	3103	0	4
2023.04.04	15:00:00	1.14019	1.14051	1.13898	1.13912	4193	0	6
2023.04.04	16:00:00	1.13914	1.13965	1.13773	1.13822	3879	0	4
2023.04.04	17:00:00	1.13829	1.13875	1.13532	1.13562	8833	0	4
2023.04.04	18:00:00	1.13565	1.13579	1.13323	1.13367	3861	0	4
2023.04.04	19:00:00	1.13366	1.13376	1.13103	1.13227	2838	0	4
2023.04.04	20:00:00	1.13230	1.13268	1.13146	1.13211	1665	0	5
2023.04.04	21:00:00	1.13213	1.13237	1.13175	1.13209	1643	0	6
2023.04.04	22:00:00	1.13209	1.13257	1.13187	1.13240	1392	0	4
2023.04.04	23:00:00	1.13240	1.13281	1.13219	1.13268	512	0	8
2023.04.05	00:00:00	1.13183	1.13266	1.13155	1.13239	102	0	29
2023.04.05	01:00:00	1.13238	1.13280	1.13212	1.13231	787	0	14
2023.04.05	02:00:00	1.13233	1.13260	1.13180	1.13202	759	0	12
2023.04.05	03:00:00	1.13202	1.13291	1.13068	1.13082	2080	0	4
2023.04.05	04:00:00	1.13084	1.13156	1.13079	1.13101	1630	0	7
2023.04.05	05:00:00	1.13100	1.13223	1.13100	1.13169	2553	0	6
2023.04.05	06:00:00	1.13169	1.13187	1.13088	1.13106	1246	0	6
2023.04.05	07:00:00	1.13110	1.13119	1.13057	1.13094	996	0	9
2023.04.05	08:00:00	1.13094	1.13152	1.13044	1.13107	1322	0	8
2023.04.05	09:00:00	1.13109	1.13130	1.13029	1.13043	2754	0	5
2023.04.05	10:00:00	1.13045	1.13236	1.13007	1.13017	3854	0	4
2023.04.05	11:00:00	1.13016	1.13033	1.12875	1.12969	3582	0	4
2023.04.05	12:00:00	1.12971	1.13044	1.12821	1.12991	3202	0	4
2023.04.05	13:00:00	1.12989	1.13007	1.12814	1.12841	2363	0	4
2023.04.05	14:00:00	1.12842	1.12969	1.12772	1.12922	2684	0	6
2023.04.05	15:00:00	1.12921	1.12954	1.12744	1.12844	5356	0	7
2023.04.05	16:00:00	1.12842	1.12914	1.12734	1.12852	5616	0	4
2023.04.05	17:00:00	1.12853	1.12853	1.12522	1.12633	8255	0	4
2023.04.05	18:00:00	1.12633	1.12918	1.12609	1.12841	4117	0	4
2023.04.05	19:00:00	1.12839	1.12986	1.12835	1.12977	2553	0	4
2023.04.05	20:00:00	1.12979	1.13008	1.12910	1.12974	2091	0	5
2023.04.05	21:00:00	1.12974	1.13045	1.12875	1.12887	1294	0	7
2023.04.05	22:00:00	1.12889	1.12952	1.12886	1.12925	1152	0	10
2023.04.05	23:00:00	1.12925	1.12971	1.12919	1.12957	572	0	11
2023.04.06	00:00:00	1.12860	1.12949	1.12790	1.12896	267	0	84
2023.04.06	01:00:00	1.12889	1.13001	1.12889	1.12960	652	0	12
2023.04.06	02:00:00	1.12963	1.12966	1.12928	1.12956	860	0	12
2023.04.06	03:00:00	1.12954	1.12962	1.12879	1.12888	1173	0	8
2023.04.06	04:00:00	1.12891	1.12906	1.12834	1.12859	1706	0	9
2023.04.06	05:00:00	1.12858	1.12892	1.12850	1.12882	1043	0	11
2023.04.06	06:00:00	1.12885	1.12889	1.12853	1.12880	901	0	8
2023.04.06	07:00:00	1.12884	1.12918	1.12879	1.12901	673	0	11
2023.04.06	08:00:00	1.12901	1.12930	1.12881	1.12908	1018	0	6
2023.04.06	09:00:00	1.12905	1.13040	1.12846	1.13038	2579	0	6
2023.04.06	10:00:00	1.13039	1.13049	1.12713	1.12793	4249	0	4
2023.04.06	11:00:00	1.12793	1.12856	1.12591	1.12768	3874	0	4
2023.04.06	12:00:00	1.12766	1.12898	1.12757	1.12804	2775	0	5
2023.04.06	13:00:00	1.12805	1.12829	1.12742	1.12769	2418	0	5
2023.04.06	14:00:00	1.12771	1.12957	1.12768	1.12932	2194	0	4
2023.04.06	15:00:00	1.12931	1.12951	1.12616	1.12643	4641	0	4
2023.04.06	16:00:00	1.12642	1.12647	1.12429	1.12499	5104	0	5
2023.04.06	17:00:00	1.12503	1.12570	1.12427	1.12448	4735	0	5
2023.04.06	18:00:00	1.12445	1.12603	1.12404	1.12598	3158	0	5
2023.04.06	19:00:00	1.12598	1.12685	1.12568	1.12659	2044	0	7
2023.04.06	20:00:00	1.12658	1.12686	1.12566	1.12637	1279	0	9
2023.04.06	21:00:00	1.12639	1.12645	1.12562	1.12598	1108	0	10
2023.04.06	22:00:00	1.12601	1.12632	1.12547	1.12567	987	0	9
2023.04.06	23:00:00	1.12567	1.12582	1.12503	1.12503	677	0	6
2023.04.07	00:00:00	1.12487	1.12526	1.12441	1.12508	234	0	121
2023.04.07	01:00:00	1.12510	1.12530	1.12444	1.12490	3410	0	23
2023.04.07	02:00:00	1.12491	1.12535	1.12482	1.12500	733	0	13
2023.04.07	03:00:00	1.12499	1.12538	1.12489	1.12508	829	0	11
2023.04.07	04:00:00	1.12509	1.12547	1.12507	1.12541	557	0	18
2023.04.07	05:00:00	1.12541	1.12576	1.12540	1.12556	522	0	13
2023.04.07	06:00:00	1.12556	1.12603	1.12545	1.12586	710	0	14
2023.04.07	07:00:00	1.12586	1.12622	1.12582	1.12611	604	0	12
2023.04.07	08:00:00	1.12611	1.12616	1.12568	1.12610	841	0	15
2023.04.07	09:00:00	1.12605	1.12622	1.12394	1.12398	1096	0	14
2023.04.07	10:00:00	1.12399	1.12512	1.12358	1.12459	988	0	5
2023.04.07	11:00:00	1.12458	1.12489	1.12391	1.12451	720	0	14
2023.04.07	12:00:00	1.12449	1.12525	1.12438	1.12509	965	0	12
2023.04.07	13:00:00	1.12516	1.12523	1.12421	1.12424	765	0	14
2023.04.07	14:00:00	1.12426	1.12461	1.12394	1.12433	936	0	13
2023.04.07	15:00:00	1.12433	1.12617	1.12228	1.12525	5424	0	8
2023.04.07	16:00:00	1.12522	1.12577	1.12425	1.12479	2200	0	7
2023.04.07	17:00:00	1.12480	1.12494	1.12202	1.12277	1922	0	7
2023.04.07	18:00:00	1.12277	1.12490	1.12202	1.12375	1019	0	4
2023.04.07	19:00:00	1.12358	1.12439	1.12329	1.12339	890	0	91
2023.04.07	20:00:00	1.12335	1.12382	1.12331	1.12363	609	0	61
2023.04.07	21:00:00	1.12363	1.12375	1.12219	1.12283	834	0	63
2023.04.07	22:00:00	1.12289	1.12386	1.12232	1.12344	508	0	28
2023.04.07	23:00:00	1.12336	1.12395	1.12166	1.12245	424	0	196
2023.04.10	00:00:00	1.12247	1.12318	1.12247	1.12280	112	0	279
2023.04.10	01:00:00	1.12295	1.12412	1.12206	1.12397	1292	0	20
2023.04.10	02:00:00	1.12398	1.12441	1.12355	1.12430	1324	0	17
2023.04.10	03:00:00	1.12431	1.12472	1.12414	1.12458	2238	0	10
2023.04.10	04:00:00	1.12458	1.12513	1.12425	1.12499	1408	0	14
2023.04.10	05:00:00	1.12500	1.12508	1.12436	1.12438	1057	0	13
2023.04.10	06:00:00	1.12438	1.12474	1.12412	1.12419	851	0	12
2023.04.10	07:00:00	1.12419	1.12429	1.12375	1.12420	999	0	12
2023.04.10	08:00:00	1.12420	1.12497	1.12372	1.12473	1269	0	9
2023.04.10	09:00:00	1.12482	1.12544	1.12363	1.12516	1850	0	8
2023.04.10	10:00:00	1.12516	1.12571	1.12448	1.12515	1989	0	10
2023.04.10	11:00:00	1.12514	1.12578	1.12469	1.12544	1460	0	10
2023.04.10	12:00:00	1.12542	1.12698	1.12523	1.12646	1526	0	11
2023.04.10	13:00:00	1.12647	1.12686	1.12562	1.12578	2126	0	11
2023.04.10	14:00:00	1.12580	1.12643	1.12499	1.12570	2500	0	9
2023.04.10	15:00:00	1.12568	1.12625	1.12315	1.12418	4841	0	4
2023.04.10	16:00:00	1.12417	1.12566	1.12368	1.12528	4610	0	5
2023.04.10	17:00:00	1.12528	1.12687	1.12515	1.12617	3061	0	6
2023.04.10	18:00:00	1.12617	1.12665	1.12578	1.12609	2236	0	7
2023.04.10	19:00:00	1.12608	1.12669	1.12572	1.12652	1302	0	10
2023.04.10	20:00:00	1.12649	1.12668	1.12590	1.12636	1427	0	10
2023.04.10	21:00:00	1.12634	1.12666	1.12599	1.12615	1188	0	11
2023.04.10	22:00:00	1.12617	1.12634	1.12586	1.12619	1297	0	10
2023.04.10	23:00:00	1.12618	1.12647	1.12597	1.12617	512	0	11
2023.04.11	00:00:00	1.12386	1.12602	1.12386	1.12558	432	0	111
2023.04.11	01:00:00	1.12556	1.12625	1.12513	1.12610	1041	0	17
2023.04.11	02:00:00	1.12610	1.12633	1.12587	1.12611	1072	0	14
2023.04.11	03:00:00	1.12611	1.12662	1.12590	1.12637	1451	0	10
2023.04.11	04:00:00	1.12636	1.12642	1.12581	1.12605	1706	0	8
2023.04.11	05:00:00	1.12604	1.12656	1.12597	1.12637	1529	0	11
2023.04.11	06:00:00	1.12638	1.12684	1.12635	1.12658	944	0	12
2023.04.11	07:00:00	1.12659	1.12682	1.12608	1.12623	879	0	12
2023.04.11	08:00:00	1.12621	1.12644	1.12570	1.12642	1728	0	7
2023.04.11	09:00:00	1.12637	1.12656	1.12559	1.12573	3092	0	7
2023.04.11	10:00:00	1.12572	1.12572	1.12357	1.12420	4562	0	4
2023.04.11	11:00:00	1.12421	1.12512	1.12364	1.12428	2800	0	6
2023.04.11	12:00:00	1.12425	1.12571	1.12411	1.12521	3015	0	6
2023.04.11	13:00:00	1.12522	1.12596	1.12459	1.12571	3169	0	4
2023.04.11	14:00:00	1.12572	1.12590	1.12388	1.12453	2992	0	5
2023.04.11	15:00:00	1.12453	1.12622	1.12401	1.12522	3583	0	4
2023.04.11	16:00:00	1.12521	1.12587	1.12451	1.12470	3755	0	4
2023.04.11	17:00:00	1.12470	1.12513	1.12339	1.12367	3226	0	4
2023.04.11	18:00:00	1.12368	1.12411	1.12165	1.12181	2774	0	5
2023.04.11	19:00:00	1.12181	1.12321	1.12168	1.12246	1797	0	4
2023.04.11	20:00:00	1.12246	1.12287	1.12176	1.12201	1402	0	8
2023.04.11	21:00:00	1.12200	1.12215	1.12137	1.12184	1425	0	4
2023.04.11	22:00:00	1.12183	1.12229	1.12161	1.12205	1163	0	8
2023.04.11	23:00:00	1.12206	1.12256	1.12195	1.12213	503	0	9
2023.04.12	00:00:00	1.12205	1.12237	1.12157	1.12228	176	0	64
2023.04.12	01:00:00	1.12215	1.12245	1.12184	1.12235	436	0	18
2023.04.12	02:00:00	1.12241	1.12257	1.12222	1.12237	580	0	12
2023.04.12	03:00:00	1.12237	1.12257	1.12166	1.12179	1311	0	10
2023.04.12	04:00:00	1.12178	1.12203	1.12138	1.12170	1420	0	7
2023.04.12	05:00:00	1.12171	1.12236	1.12170	1.12230	1110	0	11
2023.04.12	06:00:00	1.12230	1.12231	1.12205	1.12209	1008	0	11
2023.04.12	07:00:00	1.12211	1.12263	1.12199	1.12256	970	0	10
2023.04.12	08:00:00	1.12255	1.12273	1.12216	1.12229	1063	0	9
2023.04.12	09:00:00	1.12235	1.12262	1.12136	1.12164	2458	0	9
2023.04.12	10:00:00	1.12165	1.12271	1.12109	1.12139	3468	0	6
2023.04.12	11:00:00	1.12141	1.12148	1.12033	1.12131	2470	0	4
2023.04.12	12:00:00	1.12130	1.12172	1.11990	1.12034	2145	0	5
2023.04.12	13:00:00	1.12035	1.12057	1.11939	1.11952	2749	0	5
2023.04.12	14:00:00	1.11956	1.12004	1.11822	1.11878	2463	0	4
2023.04.12	15:00:00	1.11878	1.12075	1.11723	1.11744	8648	0	4
2023.04.12	16:00:00	1.11742	1.11847	1.11693	1.11718	6947	0	4
2023.04.12	17:00:00	1.11717	1.11874	1.11546	1.11851	6118	0	4
2023.04.12	18:00:00	1.11851	1.11865	1.11732	1.11832	3286	0	4
2023.04.12	19:00:00	1.11832	1.11860	1.11714	1.11780	2069	0	4
2023.04.12	20:00:00	1.11782	1.11911	1.11776	1.11817	2009	0	5
2023.04.12	21:00:00	1.11814	1.11874	1.11801	1.11867	3043	0	8
2023.04.12	22:00:00	1.11866	1.11913	1.11816	1.11901	1887	0	11
2023.04.12	23:00:00	1.11901	1.11908	1.11860	1.11889	589	0	9
2023.04.13	00:00:00	1.11826	1.11826	1.11743	1.11824	47	0	129
2023.04.13	01:00:00	1.11815	1.11871	1.11785	1.11870	932	0	8
2023.04.13	02:00:00	1.11867	1.11916	1.11861	1.11905	892	0	11
2023.04.13	03:00:00	1.11908	1.11918	1.11855	1.11866	1650	0	10
2023.04.13	04:00:00	1.11866	1.11953	1.11853	1.11951	1827	0	10
2023.04.13	05:00:00	1.11949	1.12002	1.11942	1.11973	1190	0	11
2023.04.13	06:00:00	1.11969	1.12004	1.11942	1.11979	1022	0	4
2023.04.13	07:00:00	1.11980	1.12031	1.11964	1.12028	848	0	11
2023.04.13	08:00:00	1.12025	1.12047	1.11999	1.12040	1107	0	10
2023.04.13	09:00:00	1.12041	1.12041	1.11874	1.11885	2526	0	6
2023.04.13	10:00:00	1.11883	1.11920	1.11650	1.11657	3636	0	4
2023.04.13	11:00:00	1.11658	1.11753	1.11443	1.11623	3894	0	4
2023.04.13	12:00:00	1.11623	1.11630	1.11365	1.11378	3570	0	4
2023.04.13	13:00:00	1.11377	1.11521	1.11330	1.11450	3086	0	4
2023.04.13	14:00:00	1.11453	1.11488	1.11296	1.11345	2456	0	4
2023.04.13	15:00:00	1.11346	1.11373	1.11145	1.11202	6503	0	7
2023.04.13	16:00:00	1.11201	1.11319	1.11020	1.11151	5942	0	4
2023.04.13	17:00:00	1.11150	1.11402	1.11120	1.11171	5793	0	4
2023.04.13	18:00:00	1.11171	1.11193	1.11059	1.11188	3334	0	5
2023.04.13	19:00:00	1.11188	1.11266	1.11127	1.11179	1864	0	7
2023.04.13	20:00:00	1.11181	1.11273	1.11164	1.11241	1379	0	8
2023.04.13	21:00:00	1.11242	1.11272	1.11199	1.11216	985	0	9
2023.04.13	22:00:00	1.11210	1.11340	1.11202	1.11334	1095	0	6
2023.04.13	23:00:00	1.11333	1.11400	1.11316	1.11384	664	0	8
2023.04.14	00:00:00	1.11313	1.11415	1.11247	1.11412	264	0	73
2023.04.14	01:00:00	1.11403	1.11416	1.11351	1.11362	658	0	7
2023.04.14	02:00:00	1.11360	1.11376	1.11349	1.11350	600	0	12
2023.04.14	03:00:00	1.11349	1.11365	1.11243	1.11295	1774	0	4
2023.04.14	04:00:00	1.11296	1.11346	1.11295	1.11334	1423	0	8
2023.04.14	05:00:00	1.11332	1.11360	1.11312	1.11333	1381	0	5
2023.04.14	06:00:00	1.11338	1.11359	1.11300	1.11329	1381	0	7
2023.04.14	07:00:00	1.11329	1.11366	1.11307	1.11320	992	0	12
2023.04.14	08:00:00	1.11322	1.11329	1.11263	1.11270	1322	0	4
2023.04.14	09:00:00	1.11259	1.11304	1.11227	1.11282	2318	0	6
2023.04.14	10:00:00	1.11282	1.11387	1.11153	1.11162	2908	0	6
2023.04.14	11:00:00	1.11162	1.11167	1.10953	1.11056	3096	0	4
2023.04.14	12:00:00	1.11055	1.11124	1.11013	1.11090	2217	0	4
2023.04.14	13:00:00	1.11089	1.11103	1.10983	1.11058	2480	0	4
2023.04.14	14:00:00	1.11058	1.11155	1.11025	1.11059	3052	0	4
2023.04.14	15:00:00	1.11061	1.11344	1.11057	1.11329	8481	0	4
2023.04.14	16:00:00	1.11323	1.11383	1.11125	1.11135	5730	0	7
2023.04.14	17:00:00	1.11133	1.11262	1.11029	1.11221	7314	0	5
2023.04.14	18:00:00	1.11220	1.11255	1.11122	1.11200	4772	0	4
2023.04.14	19:00:00	1.11196	1.11259	1.11019	1.11071	2501	0	5
2023.04.14	20:00:00	1.11070	1.11119	1.11000	1.11005	1861	0	8
2023.04.14	21:00:00	1.11006	1.11035	1.10958	1.10976	1273	0	4
2023.04.14	22:00:00	1.10977	1.11012	1.10953	1.10994	1172	0	8
2023.04.14	23:00:00	1.10997	1.11017	1.10940	1.10953	739	0	6
2023.04.17	00:00:00	1.10918	1.10996	1.10918	1.10973	147	0	279
2023.04.17	01:00:00	1.10974	1.11051	1.10912	1.11016	1670	0	14
2023.04.17	02:00:00	1.11018	1.11035	1.10946	1.10972	682	0	6
2023.04.17	03:00:00	1.10979	1.11032	1.10955	1.10967	1448	0	8
2023.04.17	04:00:00	1.10966	1.10978	1.10905	1.10944	1810	0	8
2023.04.17	05:00:00	1.10942	1.10952	1.10920	1.10937	1127	0	10
2023.04.17	06:00:00	1.10939	1.10974	1.10918	1.10931	858	0	9
2023.04.17	07:00:00	1.10932	1.10983	1.10902	1.10971	768	0	7
2023.04.17	08:00:00	1.10971	1.11003	1.10930	1.10939	1345	0	8
2023.04.17	09:00:00	1.10943	1.11031	1.10882	1.10967	2470	0	4
2023.04.17	10:00:00	1.10968	1.10981	1.10782	1.10812	3118	0	5
2023.04.17	11:00:00	1.10811	1.10859	1.10741	1.10767	3309	0	4
2023.04.17	12:00:00	1.10768	1.10948	1.10704	1.10914	2885	0	4
2023.04.17	13:00:00	1.10913	1.10959	1.10844	1.10871	2517	0	4
2023.04.17	14:00:00	1.10872	1.11110	1.10838	1.11099	2814	0	7
2023.04.17	15:00:00	1.11099	1.11167	1.10997	1.11136	4809	0	4
2023.04.17	16:00:00	1.11136	1.11282	1.11060	1.11071	4838	0	4
2023.04.17	17:00:00	1.11071	1.11162	1.10997	1.11062	5193	0	5
2023.04.17	18:00:00	1.11067	1.11177	1.11058	1.11142	3298	0	5
2023.04.17	19:00:00	1.11142	1.11156	1.11095	1.11138	1731	0	5
2023.04.17	20:00:00	1.11142	1.11281	1.11126	1.11228	1358	0	7
2023.04.17	21:00:00	1.11228	1.11247	1.11198	1.11211	1045	0	4
2023.04.17	22:00:00	1.11212	1.11219	1.11174	1.11218	1015	0	8
2023.04.17	23:00:00	1.11220	1.11244	1.11194	1.11201	557	0	4
2023.04.18	00:00:00	1.11094	1.11218	1.11094	1.11197	208	0	48
2023.04.18	01:00:00	1.11186	1.11214	1.11162	1.11186	515	0	14
2023.04.18	02:00:00	1.11186	1.11215	1.11175	1.11176	454	0	14
2023.04.18	03:00:00	1.11179	1.11200	1.11101	1.11148	1288	0	5
2023.04.18	04:00:00	1.11147	1.11215	1.11122	1.11185	1512	0	10
2023.04.18	05:00:00	1.11188	1.11201	1.11111	1.11132	1616	0	12
2023.04.18	06:00:00	1.11130	1.11152	1.11103	1.11132	1092	0	9
2023.04.18	07:00:00	1.11130	1.11172	1.11120	1.11167	925	0	9
2023.04.18	08:00:00	1.11168	1.11229	1.11158	1.11213	1198	0	9
2023.04.18	09:00:00	1.11232	1.11498	1.11189	1.11465	3105	0	7
2023.04.18	10:00:00	1.11466	1.11580	1.11393	1.11393	3976	0	5
2023.04.18	11:00:00	1.11392	1.11524	1.11391	1.11433	3078	0	4
2023.04.18	12:00:00	1.11432	1.11520	1.11406	1.11462	2872	0	4
2023.04.18	13:00:00	1.11461	1.11540	1.11410	1.11494	2254	0	6
2023.04.18	14:00:00	1.11492	1.11540	1.11390	1.11418	2396	0	5
2023.04.18	15:00:00	1.11418	1.11593	1.11417	1.11552	3952	0	5
2023.04.18	16:00:00	1.11554	1.11677	1.11478	1.11504	3640	0	4
2023.04.18	17:00:00	1.11506	1.11672	1.11480	1.11559	4877	0	4
2023.04.18	18:00:00	1.11561	1.11597	1.11476	1.11533	3054	0	4
2023.04.18	19:00:00	1.11532	1.11547	1.11459	1.11476	1894	0	7
2023.04.18	20:00:00	1.11478	1.11491	1.11429	1.11458	1353	0	6
2023.04.18	21:00:00	1.11456	1.11489	1.11428	1.11477	1142	0	9
2023.04.18	22:00:00	1.11475	1.11515	1.11411	1.11416	1121	0	6
2023.04.18	23:00:00	1.11417	1.11442	1.11369	1.11371	668	0	9
2023.04.19	00:00:00	1.11327	1.11343	1.11235	1.11342	46	0	77
2023.04.19	01:00:00	1.11361	1.11376	1.11262	1.11358	534	0	14
2023.04.19	02:00:00	1.11356	1.11371	1.11313	1.11325	503	0	11
2023.04.19	03:00:00	1.11324	1.11392	1.11324	1.11378	1534	0	7
2023.04.19	04:00:00	1.11377	1.11405	1.11323	1.11384	1848	0	9
2023.04.19	05:00:00	1.11385	1.11385	1.11342	1.11355	1078	0	8
2023.04.19	06:00:00	1.11356	1.11369	1.11335	1.11355	637	0	11
2023.04.19	07:00:00	1.11355	1.11407	1.11351	1.11406	648	0	12
2023.04.19	08:00:00	1.11406	1.11433	1.11368	1.11413	1154	0	10
2023.04.19	09:00:00	1.11417	1.11913	1.11414	1.11892	6221	0	4
2023.04.19	10:00:00	1.11891	1.11917	1.11682	1.11824	5210	0	4
2023.04.19	11:00:00	1.11824	1.11876	1.11697	1.11710	3737	0	4
2023.04.19	12:00:00	1.11709	1.11831	1.11531	1.11631	3448	0	4
2023.04.19	13:00:00	1.11631	1.11803	1.11622	1.11696	2917	0	6
2023.04.19	14:00:00	1.11697	1.11699	1.11507	1.11538	3145	0	4
2023.04.19	15:00:00	1.11539	1.11719	1.11512	1.11710	3582	0	4
2023.04.19	16:00:00	1.11711	1.11754	1.11630	1.11715	4290	0	5
2023.04.19	17:00:00	1.11715	1.11881	1.11603	1.11843	4253	0	4
2023.04.19	18:00:00	1.11844	1.11865	1.11712	1.11763	2971	0	5
2023.04.19	19:00:00	1.11761	1.11776	1.11683	1.11743	2012	0	4
2023.04.19	20:00:00	1.11747	1.11767	1.11682	1.11692	1534	0	7
2023.04.19	21:00:00	1.11689	1.11694	1.11634	1.11637	1603	0	8
2023.04.19	22:00:00	1.11638	1.11688	1.11635	1.11680	1093	0	8
2023.04.19	23:00:00	1.11680	1.11680	1.11620	1.11630	592	0	6
2023.04.20	00:00:00	1.11619	1.11645	1.11564	1.11564	386	0	74
2023.04.20	01:00:00	1.11564	1.11614	1.11530	1.11553	789	0	12
2023.04.20	02:00:00	1.11553	1.11593	1.11541	1.11564	699	0	9
2023.04.20	03:00:00	1.11566	1.11601	1.11545	1.11570	1119	0	9
2023.04.20	04:00:00	1.11570	1.11609	1.11499	1.11507	1577	0	10
2023.04.20	05:00:00	1.11507	1.11521	1.11451	1.11467	1148	0	8
2023.04.20	06:00:00	1.11467	1.11478	1.11434	1.11461	1089	0	11
2023.04.20	07:00:00	1.11461	1.11493	1.11420	1.11435	751	0	10
2023.04.20	08:00:00	1.11435	1.11458	1.11363	1.11441	1276	0	10
2023.04.20	09:00:00	1.11447	1.11488	1.11361	1.11406	3463	0	5
2023.04.20	10:00:00	1.11407	1.11529	1.11304	1.11325	4041	0	6
2023.04.20	11:00:00	1.11325	1.11479	1.11272	1.11464	4113	0	6
2023.04.20	12:00:00	1.11463	1.11463	1.11294	1.11299	2633	0	4
2023.04.20	13:00:00	1.11300	1.11327	1.11164	1.11166	2713	0	4
2023.04.20	14:00:00	1.11164	1.11301	1.11157	1.11281	2212	0	4
2023.04.20	15:00:00	1.11281	1.11315	1.11163	1.11213	5688	0	4
2023.04.20	16:00:00	1.11209	1.11342	1.11128	1.11146	5048	0	4
2023.04.20	17:00:00	1.11145	1.11314	1.11102	1.11314	4175	0	4
2023.04.20	18:00:00	1.11311	1.11392	1.11293	1.11324	2768	0	4
2023.04.20	19:00:00	1.11322	1.11339	1.11248	1.11316	2084	0	6
2023.04.20	20:00:00	1.11316	1.11334	1.11203	1.11268	1447	0	7
2023.04.20	21:00:00	1.11269	1.11282	1.11096	1.11125	1763	0	5
2023.04.20	22:00:00	1.11121	1.11144	1.11079	1.11139	1798	0	6
2023.04.20	23:00:00	1.11141	1.11141	1.11031	1.11047	801	0	6
2023.04.21	00:00:00	1.11015	1.11049	1.10962	1.11002	135	0	72
2023.04.21	01:00:00	1.10972	1.11024	1.10962	1.11005	576	0	16
2023.04.21	02:00:00	1.11007	1.11030	1.10997	1.11012	571	0	11
2023.04.21	03:00:00	1.11013	1.11072	1.11007	1.11072	1226	0	9
2023.04.21	04:00:00	1.11071	1.11095	1.11052	1.11091	1363	0	10
2023.04.21	05:00:00	1.11092	1.11109	1.11061	1.11089	1091	0	11
2023.04.21	06:00:00	1.11091	1.11098	1.11066	1.11075	751	0	9
2023.04.21	07:00:00	1.11073	1.11094	1.11046	1.11063	665	0	12
2023.04.21	08:00:00	1.11059	1.11094	1.11032	1.11075	1006	0	9
2023.04.21	09:00:00	1.11079	1.11079	1.10917	1.10921	3324	0	6
2023.04.21	10:00:00	1.10922	1.10959	1.10771	1.10873	3818	0	4
2023.04.21	11:00:00	1.10872	1.11004	1.10787	1.10797	4039	0	6
2023.04.21	12:00:00	1.10796	1.10866	1.10654	1.10726	2655	0	4
2023.04.21	13:00:00	1.10727	1.10782	1.10616	1.10646	2558	0	5
2023.04.21	14:00:00	1.10649	1.10686	1.10531	1.10553	2439	0	5
2023.04.21	15:00:00	1.10549	1.10705	1.10548	1.10649	2998	0	5
2023.04.21	16:00:00	1.10648	1.10714	1.10574	1.10689	5366	0	4
2023.04.21	17:00:00	1.10687	1.10820	1.10660	1.10778	6863	0	4
2023.04.21	18:00:00	1.10778	1.10860	1.10763	1.10843	3726	0	7
2023.04.21	19:00:00	1.10843	1.10972	1.10823	1.10966	2680	0	5
2023.04.21	20:00:00	1.10963	1.10990	1.10920	1.10983	1582	0	9
2023.04.21	21:00:00	1.10981	1.11040	1.10978	1.11022	1937	0	4
2023.04.21	22:00:00	1.11019	1.11047	1.10982	1.11017	1336	0	9
2023.04.21	23:00:00	1.11016	1.11075	1.10999	1.11005	699	0	11
2023.04.24	00:00:00	1.10999	1.11045	1.10966	1.10988	158	0	124
2023.04.24	01:00:00	1.10971	1.11028	1.10965	1.11009	569	0	15
2023.04.24	02:00:00	1.11010	1.11040	1.10998	1.11024	814	0	9
2023.04.24	03:00:00	1.11022	1.11057	1.10975	1.11007	1419	0	9
2023.04.24	04:00:00	1.11005	1.11067	1.10974	1.11025	1495	0	11
2023.04.24	05:00:00	1.11023	1.11048	1.10993	1.11018	1351	0	12
2023.04.24	06:00:00	1.11020	1.11027	1.10942	1.10970	985	0	10
2023.04.24	07:00:00	1.10970	1.10993	1.10926	1.10947	846	0	12
2023.04.24	08:00:00	1.10947	1.10954	1.10867	1.10869	1137	0	11
2023.04.24	09:00:00	1.10871	1.10871	1.10690	1.10823	2935	0	4
2023.04.24	10:00:00	1.10818	1.10881	1.10719	1.10761	3507	0	4
2023.04.24	11:00:00	1.10763	1.10823	1.10683	1.10725	3365	0	5
2023.04.24	12:00:00	1.10726	1.10818	1.10560	1.10647	3095	0	4
2023.04.24	13:00:00	1.10646	1.10807	1.10592	1.10674	2444	0	4
2023.04.24	14:00:00	1.10675	1.10731	1.10571	1.10721	2425	0	5
2023.04.24	15:00:00	1.10722	1.10804	1.10683	1.10687	3122	0	4
2023.04.24	16:00:00	1.10686	1.10723	1.10592	1.10672	3979	0	4
2023.04.24	17:00:00	1.10672	1.10770	1.10613	1.10752	3850	0	4
2023.04.24	18:00:00	1.10753	1.10769	1.10691	1.10704	3535	0	4
2023.04.24	19:00:00	1.10705	1.10809	1.10699	1.10770	1604	0	4
2023.04.24	20:00:00	1.10770	1.10878	1.10750	1.10823	1687	0	4
2023.04.24	21:00:00	1.10823	1.10856	1.10807	1.10827	1137	0	7
2023.04.24	22:00:00	1.10825	1.10859	1.10816	1.10850	849	0	5
2023.04.24	23:00:00	1.10850	1.10878	1.10809	1.10814	491	0	10
2023.04.25	00:00:00	1.10737	1.10831	1.10731	1.10802	490	0	37
2023.04.25	01:00:00	1.10763	1.10884	1.10763	1.10850	485	0	10
2023.04.25	02:00:00	1.10846	1.10891	1.10832	1.10872	560	0	8
2023.04.25	03:00:00	1.10870	1.10889	1.10832	1.10862	1231	0	8
2023.04.25	04:00:00	1.10863	1.10888	1.10792	1.10801	1408	0	6
2023.04.25	05:00:00	1.10802	1.10802	1.10752	1.10782	1233	0	10
2023.04.25	06:00:00	1.10781	1.10799	1.10749	1.10757	872	0	10
2023.04.25	07:00:00	1.10758	1.10771	1.10713	1.10755	822	0	8
2023.04.25	08:00:00	1.10754	1.10767	1.10727	1.10761	1075	0	8
2023.04.25	09:00:00	1.10765	1.10821	1.10741	1.10804	3230	0	4
2023.04.25	10:00:00	1.10803	1.10857	1.10597	1.10603	5232	0	4
2023.04.25	11:00:00	1.10602	1.10628	1.10473	1.10578	3354	0	4
2023.04.25	12:00:00	1.10578	1.10594	1.10510	1.10541	2350	0	4
2023.04.25	13:00:00	1.10539	1.10683	1.10539	1.10606	2372	0	4
2023.04.25	14:00:00	1.10606	1.10606	1.10389	1.10397	3207	0	4
2023.04.25	15:00:00	1.10400	1.10429	1.10269	1.10382	3118	0	4
2023.04.25	16:00:00	1.10386	1.10465	1.10290	1.10449	4181	0	4
2023.04.25	17:00:00	1.10446	1.10653	1.10415	1.10648	5342	0	4
2023.04.25	18:00:00	1.10648	1.10671	1.10549	1.10634	3755	0	6
2023.04.25	19:00:00	1.10631	1.10674	1.10563	1.10658	2344	0	6
2023.04.25	20:00:00	1.10655	1.10685	1.10616	1.10648	2429	0	4
2023.04.25	21:00:00	1.10649	1.10691	1.10595	1.10654	1943	0	5
2023.04.25	22:00:00	1.10656	1.10713	1.10631	1.10631	1556	0	4
2023.04.25	23:00:00	1.10628	1.10723	1.10623	1.10704	830	0	9
2023.04.26	00:00:00	1.10530	1.10692	1.10517	1.10585	267	0	39
2023.04.26	01:00:00	1.10591	1.10722	1.10584	1.10717	1096	0	9
2023.04.26	02:00:00	1.10715	1.10727	1.10689	1.10712	939	0	15
2023.04.26	03:00:00	1.10715	1.10728	1.10660	1.10701	1883	0	7
2023.04.26	04:00:00	1.10703	1.10727	1.10681	1.10697	2193	0	9
2023.04.26	05:00:00	1.10697	1.10700	1.10664	1.10675	1532	0	10
2023.04.26	06:00:00	1.10673	1.10685	1.10628	1.10634	1058	0	11
2023.04.26	07:00:00	1.10635	1.10696	1.10628	1.10693	1011	0	7
2023.04.26	08:00:00	1.10691	1.10704	1.10645	1.10686	1383	0	9
2023.04.26	09:00:00	1.10684	1.10877	1.10649	1.10808	2840	0	4
2023.04.26	10:00:00	1.10808	1.11013	1.10780	1.11007	4394	0	4
2023.04.26	11:00:00	1.11006	1.11084	1.10890	1.11035	4188	0	4
2023.04.26	12:00:00	1.11038	1.11038	1.10887	1.10928	3254	0	7
2023.04.26	13:00:00	1.10929	1.11011	1.10816	1.10970	3104	0	4
2023.04.26	14:00:00	1.10971	1.11001	1.10852	1.10968	4641	0	4
2023.04.26	15:00:00	1.10967	1.10978	1.10804	1.10843	4345	0	4
2023.04.26	16:00:00	1.10845	1.10890	1.10682	1.10740	6780	0	4
2023.04.26	17:00:00	1.10741	1.11023	1.10709	1.11006	5922	0	4
2023.04.26	18:00:00	1.11005	1.11150	1.10997	1.11121	4042	0	4
2023.04.26	19:00:00	1.11118	1.11159	1.11061	1.11153	3250	0	4
2023.04.26	20:00:00	1.11152	1.11243	1.11131	1.11139	2256	0	6
2023.04.26	21:00:00	1.11138	1.11140	1.10960	1.10962	1872	0	4
2023.04.26	22:00:00	1.10965	1.11108	1.10947	1.11063	1866	0	8
2023.04.26	23:00:00	1.11071	1.11138	1.11062	1.11130	577	0	9
2023.04.27	00:00:00	1.10941	1.11067	1.10941	1.10974	1265	0	110
2023.04.27	01:00:00	1.10952	1.11103	1.10952	1.11101	836	0	15
2023.04.27	02:00:00	1.11102	1.11113	1.11085	1.11095	634	0	12
2023.04.27	03:00:00	1.11093	1.11098	1.11023	1.11056	1441	0	9
2023.04.27	04:00:00	1.11056	1.11121	1.11051	1.11118	1507	0	9
2023.04.27	05:00:00	1.11118	1.11137	1.11089	1.11119	1359	0	10
2023.04.27	06:00:00	1.11120	1.11137	1.11082	1.11087	980	0	10
2023.04.27	07:00:00	1.11087	1.11145	1.11082	1.11137	994	0	11
2023.04.27	08:00:00	1.11136	1.11205	1.11131	1.11159	1877	0	5
2023.04.27	09:00:00	1.11164	1.11178	1.11015	1.11097	3223	0	4
2023.04.27	10:00:00	1.11098	1.11202	1.11022	1.11168	4555	0	4
2023.04.27	11:00:00	1.11166	1.11343	1.11149	1.11303	3095	0	4
2023.04.27	12:00:00	1.11302	1.11339	1.11171	1.11174	2480	0	5
2023.04.27	13:00:00	1.11171	1.11297	1.11074	1.11297	2589	0	4
2023.04.27	14:00:00	1.11299	1.11536	1.11299	1.11532	3235	0	5
2023.04.27	15:00:00	1.11533	1.11677	1.11417	1.11564	6463	0	4
2023.04.27	16:00:00	1.11565	1.11704	1.11539	1.11646	6414	0	5
2023.04.27	17:00:00	1.11646	1.11860	1.11639	1.11814	5311	0	4
2023.04.27	18:00:00	1.11815	1.11838	1.11672	1.11686	4537	0	4
2023.04.27	19:00:00	1.11689	1.11768	1.11602	1.11633	2380	0	4
2023.04.27	20:00:00	1.11632	1.11642	1.11574	1.11593	2116	0	4
2023.04.27	21:00:00	1.11591	1.11697	1.11579	1.11694	1620	0	5
2023.04.27	22:00:00	1.11693	1.11733	1.11665	1.11674	1317	0	8
2023.04.27	23:00:00	1.11675	1.11785	1.11665	1.11780	903	0	8
2023.04.28	00:00:00	1.11607	1.11730	1.11575	1.11630	294	0	46
2023.04.28	01:00:00	1.11638	1.11755	1.11638	1.11719	554	0	16
2023.04.28	02:00:00	1.11720	1.11729	1.11673	1.11710	931	0	9
2023.04.28	03:00:00	1.11712	1.11724	1.11605	1.11662	1503	0	8
2023.04.28	04:00:00	1.11663	1.11696	1.11642	1.11643	2340	0	9
2023.04.28	05:00:00	1.11642	1.11696	1.11632	1.11689	1455	0	4
2023.04.28	06:00:00	1.11688	1.11728	1.11678	1.11698	1602	0	4
2023.04.28	07:00:00	1.11698	1.11709	1.11612	1.11681	2939	0	9
2023.04.28	08:00:00	1.11680	1.11692	1.11576	1.11583	2389	0	5
2023.04.28	09:00:00	1.11582	1.11644	1.11500	1.11535	4871	0	6
2023.04.28	10:00:00	1.11537	1.11759	1.11537	1.11757	5202	0	4
2023.04.28	11:00:00	1.11757	1.11821	1.11545	1.11549	4403	0	4
2023.04.28	12:00:00	1.11549	1.11712	1.11461	1.11602	3109	0	4
2023.04.28	13:00:00	1.11602	1.11698	1.11578	1.11620	2650	0	5
2023.04.28	14:00:00	1.11620	1.11812	1.11595	1.11747	2686	0	4
2023.04.28	15:00:00	1.11745	1.11790	1.11650	1.11735	5641	0	4
2023.04.28	16:00:00	1.11735	1.11922	1.11652	1.11864	6705	0	4
2023.04.28	17:00:00	1.11863	1.11933	1.11633	1.11848	8073	0	4
2023.04.28	18:00:00	1.11847	1.12107	1.11832	1.12107	5562	0	4
2023.04.28	19:00:00	1.12108	1.12226	1.12101	1.12194	3172	0	5
2023.04.28	20:00:00	1.12195	1.12280	1.12184	1.12261	1930	0	4
2023.04.28	21:00:00	1.12262	1.12326	1.12254	1.12299	1800	0	7
2023.04.28	22:00:00	1.12301	1.12325	1.12228	1.12320	1575	0	4
2023.04.28	23:00:00	1.12320	1.12446	1.12312	1.12425	1145	0	8
2023.05.01	00:00:00	1.12111	1.12259	1.12106	1.12199	301	0	279
2023.05.01	01:00:00	1.12189	1.12420	1.12115	1.12329	1280	0	14
2023.05.01	02:00:00	1.12331	1.12398	1.12331	1.12355	1008	0	12
2023.05.01	03:00:00	1.12357	1.12405	1.12335	1.12398	1624	0	11
2023.05.01	04:00:00	1.12396	1.12417	1.12355	1.12382	1183	0	10
2023.05.01	05:00:00	1.12382	1.12399	1.12357	1.12371	1072	0	12
2023.05.01	06:00:00	1.12373	1.12378	1.12308	1.12365	1185	0	12
2023.05.01	07:00:00	1.12368	1.12368	1.12276	1.12280	1029	0	12
2023.05.01	08:00:00	1.12285	1.12297	1.12255	1.12273	1108	0	11
2023.05.01	09:00:00	1.12275	1.12294	1.12205	1.12224	2243	0	9
2023.05.01	10:00:00	1.12223	1.12223	1.11968	1.11980	2825	0	10
2023.05.01	11:00:00	1.11982	1.12028	1.11917	1.11959	2855	0	8
2023.05.01	12:00:00	1.11960	1.11992	1.11886	1.11889	1753	0	6
2023.05.01	13:00:00	1.11889	1.11893	1.11781	1.11857	1735	0	5
2023.05.01	14:00:00	1.11857	1.11933	1.11790	1.11811	2062	0	5
2023.05.01	15:00:00	1.11809	1.11984	1.11804	1.11954	4511	0	4
2023.05.01	16:00:00	1.11952	1.12036	1.11902	1.11907	3803	0	4
2023.05.01	17:00:00	1.11907	1.12126	1.11858	1.12111	6287	0	4
2023.05.01	18:00:00	1.12114	1.12117	1.11938	1.11954	3270	0	4
2023.05.01	19:00:00	1.11953	1.11962	1.11869	1.11934	1870	0	6
2023.05.01	20:00:00	1.11934	1.11949	1.11878	1.11902	1431	0	10
2023.05.01	21:00:00	1.11901	1.11901	1.11855	1.11891	1269	0	11
2023.05.01	22:00:00	1.11895	1.11959	1.11884	1.11945	1546	0	11
2023.05.01	23:00:00	1.11944	1.11960	1.11872	1.11917	962	0	8
2023.05.02	00:00:00	1.11804	1.11909	1.11783	1.11844	339	0	79
2023.05.02	01:00:00	1.11842	1.11916	1.11817	1.11877	591	0	16
2023.05.02	02:00:00	1.11877	1.11898	1.11846	1.11851	750	0	11
2023.05.02	03:00:00	1.11852	1.11910	1.11847	1.11891	1409	0	10
2023.05.02	04:00:00	1.11891	1.11907	1.11861	1.11870	1690	0	8
2023.05.02	05:00:00	1.11871	1.11888	1.11831	1.11873	1085	0	6
2023.05.02	06:00:00	1.11874	1.11910	1.11866	1.11886	911	0	9
2023.05.02	07:00:00	1.11884	1.11963	1.11874	1.11937	2211	0	5
2023.05.02	08:00:00	1.11939	1.12002	1.11891	1.11939	1834	0	5
2023.05.02	09:00:00	1.11939	1.12051	1.11884	1.12037	3018	0	5
2023.05.02	10:00:00	1.12041	1.12214	1.11972	1.12093	3812	0	5
2023.05.02	11:00:00	1.12092	1.12144	1.11973	1.12016	5017	0	4
2023.05.02	12:00:00	1.12017	1.12118	1.11947	1.12056	3827	0	6
2023.05.02	13:00:00	1.12055	1.12078	1.11955	1.12066	2542	0	4
2023.05.02	14:00:00	1.12066	1.12093	1.11879	1.11966	3067	0	4
2023.05.02	15:00:00	1.11964	1.12006	1.11878	1.11958	3502	0	7
2023.05.02	16:00:00	1.11957	1.12016	1.11751	1.11778	3706	0	4
2023.05.02	17:00:00	1.11778	1.11817	1.11427	1.11432	8861	0	4
2023.05.02	18:00:00	1.11430	1.11492	1.11302	1.11402	4672	0	4
2023.05.02	19:00:00	1.11399	1.11466	1.11355	1.11443	2384	0	5
2023.05.02	20:00:00	1.11442	1.11448	1.11374	1.11426	1488	0	6
2023.05.02	21:00:00	1.11430	1.11433	1.11372	1.11379	1190	0	8
2023.05.02	22:00:00	1.11379	1.11428	1.11332	1.11371	1069	0	6
2023.05.02	23:00:00	1.11369	1.11387	1.11351	1.11368	589	0	11
2023.05.03	00:00:00	1.11294	1.11343	1.11268	1.11324	278	0	77
2023.05.03	01:00:00	1.11314	1.11361	1.11303	1.11356	1005	0	16
2023.05.03	02:00:00	1.11356	1.11362	1.11322	1.11333	754	0	12
2023.05.03	03:00:00	1.11337	1.11346	1.11299	1.11312	1219	0	9
2023.05.03	04:00:00	1.11312	1.11323	1.11285	1.11292	1238	0	5
2023.05.03	05:00:00	1.11293	1.11309	1.11273	1.11275	1081	0	8
2023.05.03	06:00:00	1.11276	1.11297	1.11262	1.11275	733	0	9
2023.05.03	07:00:00	1.11276	1.11322	1.11270	1.11313	674	0	10
2023.05.03	08:00:00	1.11315	1.11329	1.11285	1.11314	835	0	6
2023.05.03	09:00:00	1.11314	1.11344	1.11186	1.11208	2111	0	6
2023.05.03	10:00:00	1.11211	1.11392	1.11198	1.11275	3368	0	5
2023.05.03	11:00:00	1.11274	1.11281	1.11115	1.11156	3244	0	4
2023.05.03	12:00:00	1.11154	1.11182	1.10970	1.11124	2502	0	5
2023.05.03	13:00:00	1.11124	1.11269	1.11110	1.11140	2556	0	5
2023.05.03	14:00:00	1.11141	1.11321	1.11104	1.11107	2765	0	7
2023.05.03	15:00:00	1.11109	1.11187	1.10935	1.11040	4841	0	4
2023.05.03	16:00:00	1.11039	1.11155	1.10992	1.11078	3558	0	4
2023.05.03	17:00:00	1.11075	1.11224	1.11062	1.11205	5271	0	4
2023.05.03	18:00:00	1.11204	1.11320	1.11172	1.11287	3073	0	4
2023.05.03	19:00:00	1.11288	1.11336	1.11260	1.11309	1791	0	7
2023.05.03	20:00:00	1.11311	1.11377	1.11252	1.11252	1780	0	6
2023.05.03	21:00:00	1.11253	1.11482	1.11120	1.11272	11917	0	6
2023.05.03	22:00:00	1.11278	1.11305	1.11136	1.11138	6785	0	6
2023.05.03	23:00:00	1.11135	1.11246	1.11133	1.11148	1274	0	9
2023.05.04	00:00:00	1.11024	1.11049	1.10920	1.11011	520	0	123
2023.05.04	01:00:00	1.11008	1.11074	1.10915	1.10976	2695	0	10
2023.05.04	02:00:00	1.10974	1.11040	1.10968	1.11020	1607	0	10
2023.05.04	03:00:00	1.11020	1.11078	1.10993	1.11023	1980	0	7
2023.05.04	04:00:00	1.11021	1.11095	1.10990	1.11069	2403	0	7
2023.05.04	05:00:00	1.11066	1.11104	1.11065	1.11089	1794	0	9
2023.05.04	06:00:00	1.11087	1.11107	1.11067	1.11102	1175	0	10
2023.05.04	07:00:00	1.11101	1.11120	1.11069	1.11103	1116	0	9
2023.05.04	08:00:00	1.11104	1.11124	1.11073	1.11108	1409	0	5
2023.05.04	09:00:00	1.11109	1.11131	1.10984	1.11129	3875	0	5
2023.05.04	10:00:00	1.11126	1.11385	1.11106	1.11372	4456	0	4
2023.05.04	11:00:00	1.11372	1.11513	1.11349	1.11492	3826	0	7
2023.05.04	12:00:00	1.11493	1.11650	1.11419	1.11547	3811	0	4
2023.05.04	13:00:00	1.11547	1.11572	1.11260	1.11275	2922	0	6
2023.05.04	14:00:00	1.11274	1.11362	1.11197	1.11344	3223	0	6
2023.05.04	15:00:00	1.11344	1.11615	1.11259	1.11524	8822	0	4
2023.05.04	16:00:00	1.11524	1.11576	1.11409	1.11493	8365	0	4
2023.05.04	17:00:00	1.11494	1.11549	1.11232	1.11476	8762	0	4
2023.05.04	18:00:00	1.11477	1.11499	1.11360	1.11435	6310	0	4
2023.05.04	19:00:00	1.11433	1.11469	1.11363	1.11454	3176	0	6
2023.05.04	20:00:00	1.11457	1.11465	1.11392	1.11454	2543	0	4
2023.05.04	21:00:00	1.11452	1.11457	1.11356	1.11397	1893	0	9
2023.05.04	22:00:00	1.11396	1.11418	1.11355	1.11363	1359	0	9
2023.05.04	23:00:00	1.11364	1.11377	1.11317	1.11349	875	0	10
2023.05.05	00:00:00	1.11254	1.11343	1.11254	1.11320	148	0	60
2023.05.05	01:00:00	1.11320	1.11411	1.11261	1.11410	697	0	13
2023.05.05	02:00:00	1.11410	1.11421	1.11374	1.11399	705	0	12
2023.05.05	03:00:00	1.11397	1.11407	1.11349	1.11396	1010	0	8
2023.05.05	04:00:00	1.11397	1.11416	1.11348	1.11359	1408	0	10
2023.05.05	05:00:00	1.11358	1.11385	1.11323	1.11385	1274	0	9
2023.05.05	06:00:00	1.11385	1.11496	1.11384	1.11468	1169	0	8
2023.05.05	07:00:00	1.11468	1.11472	1.11426	1.11431	588	0	8
2023.05.05	08:00:00	1.11432	1.11450	1.11381	1.11405	1295	0	10
2023.05.05	09:00:00	1.11406	1.11997	1.11392	1.11875	3461	0	5
2023.05.05	10:00:00	1.11875	1.12137	1.11822	1.12134	4070	0	4
2023.05.05	11:00:00	1.12136	1.12585	1.12043	1.12423	3564	0	4
2023.05.05	12:00:00	1.12422	1.12513	1.12295	1.12454	2632	0	4
2023.05.05	13:00:00	1.12454	1.12466	1.12384	1.12419	2116	0	6
2023.05.05	14:00:00	1.12418	1.12465	1.12349	1.12457	2281	0	4
2023.05.05	15:00:00	1.12460	1.12715	1.12335	1.12553	8327	0	4
2023.05.05	16:00:00	1.12552	1.12675	1.12459	1.12637	6840	0	4
2023.05.05	17:00:00	1.12639	1.12735	1.12597	1.12600	4875	0	4
2023.05.05	18:00:00	1.12598	1.12755	1.12557	1.12721	3497	0	4
2023.05.05	19:00:00	1.12719	1.12720	1.12597	1.12633	1765	0	5
2023.05.05	20:00:00	1.12633	1.12633	1.12555	1.12614	1685	0	8
2023.05.05	21:00:00	1.12617	1.12625	1.12525	1.12538	1435	0	8
2023.05.05	22:00:00	1.12542	1.12548	1.12487	1.12509	1220	0	9
2023.05.05	23:00:00	1.12505	1.12509	1.12444	1.12465	933	0	7
2023.05.08	00:00:00	1.12403	1.12428	1.12324	1.12328	467	0	230
2023.05.08	01:00:00	1.12324	1.12527	1.12292	1.12516	825	0	14
2023.05.08	02:00:00	1.12519	1.12557	1.12490	1.12557	1165	0	10
2023.05.08	03:00:00	1.12554	1.12556	1.12457	1.12471	1312	0	10
2023.05.08	04:00:00	1.12473	1.12515	1.12438	1.12498	1391	0	10
2023.05.08	05:00:00	1.12497	1.12517	1.12427	1.12444	1424	0	8
2023.05.08	06:00:00	1.12445	1.12468	1.12382	1.12394	1086	0	9
2023.05.08	07:00:00	1.12394	1.12468	1.12388	1.12454	863	0	12
2023.05.08	08:00:00	1.12454	1.12520	1.12436	1.12511	969	0	10
2023.05.08	09:00:00	1.12512	1.12512	1.12258	1.12273	1892	0	8
2023.05.08	10:00:00	1.12272	1.12304	1.12094	1.12120	2391	0	7
2023.05.08	11:00:00	1.12118	1.12306	1.12086	1.12280	2435	0	5
2023.05.08	12:00:00	1.12281	1.12425	1.12255	1.12399	2065	0	7
2023.05.08	13:00:00	1.12401	1.12530	1.12377	1.12511	1807	0	4
2023.05.08	14:00:00	1.12511	1.12567	1.12479	1.12485	2134	0	5
2023.05.08	15:00:00	1.12488	1.12515	1.12395	1.12430	2355	0	5
2023.05.08	16:00:00	1.12430	1.12520	1.12389	1.12422	2821	0	5
2023.05.08	17:00:00	1.12422	1.12487	1.12353	1.12387	3179	0	4
2023.05.08	18:00:00	1.12388	1.12424	1.12312	1.12344	2063	0	5
2023.05.08	19:00:00	1.12342	1.12353	1.12249	1.12257	1329	0	8
2023.05.08	20:00:00	1.12262	1.12321	1.12230	1.12280	972	0	9
2023.05.08	21:00:00	1.12279	1.12286	1.12186	1.12238	1572	0	4
2023.05.08	22:00:00	1.12239	1.12282	1.12217	1.12270	819	0	8
2023.05.08	23:00:00	1.12268	1.12278	1.12234	1.12265	637	0	9
2023.05.09	00:00:00	1.12174	1.12280	1.12174	1.12215	284	0	52
2023.05.09	01:00:00	1.12236	1.12263	1.12193	1.12243	844	0	17
2023.05.09	02:00:00	1.12243	1.12264	1.12230	1.12242	713	0	13
2023.05.09	03:00:00	1.12242	1.12303	1.12237	1.12281	1440	0	9
2023.05.09	04:00:00	1.12283	1.12303	1.12258	1.12267	1192	0	7
2023.05.09	05:00:00	1.12269	1.12307	1.12253	1.12272	855	0	8
2023.05.09	06:00:00	1.12276	1.12276	1.12232	1.12233	771	0	10
2023.05.09	07:00:00	1.12231	1.12236	1.12189	1.12210	891	0	10
2023.05.09	08:00:00	1.12209	1.12217	1.12167	1.12188	1389	0	7
2023.05.09	09:00:00	1.12187	1.12440	1.12145	1.12413	3340	0	6
2023.05.09	10:00:00	1.12412	1.12506	1.12285	1.12442	3860	0	4
2023.05.09	11:00:00	1.12443	1.12576	1.12434	1.12488	3063	0	6
2023.05.09	12:00:00	1.12486	1.12542	1.12443	1.12516	2424	0	5
2023.05.09	13:00:00	1.12516	1.12578	1.12495	1.12544	1959	0	7
2023.05.09	14:00:00	1.12542	1.12596	1.12500	1.12529	2281	0	5
2023.05.09	15:00:00	1.12535	1.12544	1.12430	1.12472	3012	0	4
2023.05.09	16:00:00	1.12473	1.12585	1.12452	1.12553	3998	0	4
2023.05.09	17:00:00	1.12553	1.12575	1.12394	1.12438	3183	0	4
2023.05.09	18:00:00	1.12438	1.12550	1.12384	1.12504	2725	0	4
2023.05.09	19:00:00	1.12504	1.12504	1.12358	1.12429	1772	0	8
2023.05.09	20:00:00	1.12430	1.12453	1.12389	1.12402	1599	0	4
2023.05.09	21:00:00	1.12400	1.12412	1.12320	1.12321	1299	0	6
2023.05.09	22:00:00	1.12320	1.12391	1.12315	1.12370	1111	0	6
2023.05.09	23:00:00	1.12369	1.12422	1.12359	1.12404	436	0	10
2023.05.10	00:00:00	1.12309	1.12369	1.12278	1.12278	116	0	80
2023.05.10	01:00:00	1.12282	1.12386	1.12257	1.12364	668	0	13
2023.05.10	02:00:00	1.12368	1.12392	1.12359	1.12374	437	0	9
2023.05.10	03:00:00	1.12370	1.12394	1.12353	1.12385	1095	0	10
2023.05.10	04:00:00	1.12387	1.12408	1.12349	1.12360	1068	0	9
2023.05.10	05:00:00	1.12362	1.12390	1.12349	1.12373	843	0	9
2023.05.10	06:00:00	1.12374	1.12391	1.12356	1.12365	597	0	10
2023.05.10	07:00:00	1.12366	1.12369	1.12308	1.12315	576	0	11
2023.05.10	08:00:00	1.12315	1.12365	1.12292	1.12341	1043	0	6
2023.05.10	09:00:00	1.12348	1.12389	1.12295	1.12357	2112	0	7
2023.05.10	10:00:00	1.12360	1.12438	1.12236	1.12299	3089	0	6
2023.05.10	11:00:00	1.12302	1.12484	1.12220	1.12416	3204	0	4
2023.05.10	12:00:00	1.12418	1.12448	1.12346	1.12390	1904	0	4
2023.05.10	13:00:00	1.12390	1.12473	1.12374	1.12381	1877	0	6
2023.05.10	14:00:00	1.12381	1.12469	1.12338	1.12445	2148	0	8
2023.05.10	15:00:00	1.12447	1.12581	1.12363	1.12435	7177	0	4
2023.05.10	16:00:00	1.12433	1.12477	1.12196	1.12253	5969	0	4
2023.05.10	17:00:00	1.12263	1.12363	1.12117	1.12166	6064	0	4
2023.05.10	18:00:00	1.12167	1.12407	1.12161	1.12381	3362	0	4
2023.05.10	19:00:00	1.12379	1.12451	1.12339	1.12404	1892	0	6
2023.05.10	20:00:00	1.12404	1.12413	1.12258	1.12275	2172	0	6
2023.05.10	21:00:00	1.12275	1.12293	1.12249	1.12277	1701	0	6
2023.05.10	22:00:00	1.12279	1.12309	1.12263	1.12272	1001	0	7
2023.05.10	23:00:00	1.12274	1.12324	1.12260	1.12320	472	0	10
2023.05.11	00:00:00	1.12108	1.12252	1.12090	1.12203	270	0	126
2023.05.11	01:00:00	1.12199	1.12291	1.12193	1.12264	382	0	15
2023.05.11	02:00:00	1.12264	1.12301	1.12258	1.12283	491	0	10
2023.05.11	03:00:00	1.12286	1.12337	1.12271	1.12331	1232	0	9
2023.05.11	04:00:00	1.12330	1.12343	1.12285	1.12324	1676	0	6
2023.05.11	05:00:00	1.12324	1.12391	1.12322	1.12337	1267	0	9
2023.05.11	06:00:00	1.12335	1.12400	1.12330	1.12387	713	0	12
2023.05.11	07:00:00	1.12390	1.12395	1.12341	1.12351	692	0	10
2023.05.11	08:00:00	1.12352	1.12396	1.12351	1.12395	1132	0	8
2023.05.11	09:00:00	1.12392	1.12508	1.12351	1.12478	3076	0	4
2023.05.11	10:00:00	1.12480	1.12516	1.12279	1.12283	4741	0	5
2023.05.11	11:00:00	1.12281	1.12595	1.12279	1.12580	3572	0	4
2023.05.11	12:00:00	1.12582	1.12604	1.12459	1.12547	2597	0	5
2023.05.11	13:00:00	1.12546	1.12583	1.12369	1.12409	2430	0	5
2023.05.11	14:00:00	1.12402	1.12769	1.12318	1.12391	5242	0	4
2023.05.11	15:00:00	1.12393	1.12537	1.12249	1.12249	6753	0	5
2023.05.11	16:00:00	1.12244	1.12261	1.11962	1.11963	6676	0	4
2023.05.11	17:00:00	1.11964	1.12071	1.11942	1.11993	5118	0	4
2023.05.11	18:00:00	1.11994	1.12027	1.11897	1.11914	2745	0	4
2023.05.11	19:00:00	1.11911	1.11981	1.11857	1.11867	2076	0	4
2023.05.11	20:00:00	1.11866	1.11918	1.11847	1.11868	1607	0	4
2023.05.11	21:00:00	1.11870	1.11903	1.11859	1.11901	1014	0	5
2023.05.11	22:00:00	1.11901	1.11916	1.11847	1.11877	863	0	8
2023.05.11	23:00:00	1.11879	1.11899	1.11845	1.11877	574	0	7
2023.05.12	00:00:00	1.11829	1.11876	1.11732	1.11745	126	0	149
2023.05.12	01:00:00	1.11764	1.11886	1.11740	1.11861	523	0	16
2023.05.12	02:00:00	1.11861	1.11868	1.11833	1.11843	380	0	15
2023.05.12	03:00:00	1.11841	1.11883	1.11834	1.11846	953	0	9
2023.05.12	04:00:00	1.11846	1.11853	1.11746	1.11746	1095	0	10
2023.05.12	05:00:00	1.11746	1.11750	1.11675	1.11677	942	0	4
2023.05.12	06:00:00	1.11679	1.11791	1.11674	1.11784	869	0	6
2023.05.12	07:00:00	1.11784	1.11824	1.11766	1.11804	726	0	9
2023.05.12	08:00:00	1.11802	1.11809	1.11660	1.11681	1067	0	10
2023.05.12	09:00:00	1.11681	1.11744	1.11578	1.11738	2839	0	5
2023.05.12	10:00:00	1.11738	1.11768	1.11546	1.11699	3691	0	4
2023.05.12	11:00:00	1.11698	1.11774	1.11662	1.11760	2501	0	4
2023.05.12	12:00:00	1.11760	1.11970	1.11672	1.11829	2911	0	4
2023.05.12	13:00:00	1.11832	1.12016	1.11803	1.11970	2555	0	7
2023.05.12	14:00:00	1.11964	1.12103	1.11937	1.11987	2447	0	4
2023.05.12	15:00:00	1.11987	1.12000	1.11716	1.11722	3530	0	4
2023.05.12	16:00:00	1.11721	1.12079	1.11716	1.12038	4728	0	6
2023.05.12	17:00:00	1.12038	1.12093	1.11832	1.11851	5957	0	4
2023.05.12	18:00:00	1.11849	1.11907	1.11741	1.11804	3083	0	4
2023.05.12	19:00:00	1.11803	1.11904	1.11797	1.11820	1655	0	7
2023.05.12	20:00:00	1.11816	1.11838	1.11787	1.11795	1241	0	9
2023.05.12	21:00:00	1.11795	1.11795	1.11728	1.11768	1043	0	9
2023.05.12	22:00:00	1.11768	1.11861	1.11756	1.11855	881	0	10
2023.05.12	23:00:00	1.11852	1.11891	1.11792	1.11803	1036	0	4
2023.05.15	00:00:00	1.11592	1.11749	1.11585	1.11694	610	0	258
2023.05.15	01:00:00	1.11699	1.11851	1.11688	1.11831	1191	0	23
2023.05.15	02:00:00	1.11828	1.11862	1.11796	1.11858	1765	0	13
2023.05.15	03:00:00	1.11858	1.11878	1.11818	1.11847	978	0	11
2023.05.15	04:00:00	1.11848	1.11885	1.11831	1.11853	1330	0	12
2023.05.15	05:00:00	1.11853	1.11857	1.11793	1.11805	999	0	7
2023.05.15	06:00:00	1.11804	1.11857	1.11796	1.11832	891	0	9
2023.05.15	07:00:00	1.11832	1.11896	1.11807	1.11876	689	0	10
2023.05.15	08:00:00	1.11874	1.11898	1.11849	1.11894	1163	0	7
2023.05.15	09:00:00	1.11904	1.11917	1.11843	1.11877	2292	0	6
2023.05.15	10:00:00	1.11875	1.11997	1.11805	1.11918	2519	0	4
2023.05.15	11:00:00	1.11922	1.12027	1.11877	1.12024	2063	0	5
2023.05.15	12:00:00	1.12022	1.12080	1.11908	1.12057	2177	0	5
2023.05.15	13:00:00	1.12058	1.12107	1.12003	1.12079	1897	0	4
2023.05.15	14:00:00	1.12077	1.12130	1.12021	1.12100	2195	0	4
2023.05.15	15:00:00	1.12100	1.12137	1.11959	1.12080	3591	0	6
2023.05.15	16:00:00	1.12076	1.12137	1.12020	1.12081	3528	0	5
2023.05.15	17:00:00	1.12076	1.12107	1.11935	1.12014	3333	0	6
2023.05.15	18:00:00	1.12012	1.12085	1.11991	1.12080	2232	0	6
2023.05.15	19:00:00	1.12078	1.12108	1.12037	1.12073	1387	0	7
2023.05.15	20:00:00	1.12074	1.12127	1.12037	1.12087	1107	0	4
2023.05.15	21:00:00	1.12088	1.12137	1.12072	1.12121	894	0	10
2023.05.15	22:00:00	1.12122	1.12166	1.12092	1.12165	853	0	7
2023.05.15	23:00:00	1.12165	1.12192	1.12145	1.12181	954	0	8
2023.05.16	00:00:00	1.12073	1.12223	1.12073	1.12207	244	0	45
2023.05.16	01:00:00	1.12206	1.12211	1.12150	1.12187	749	0	14
2023.05.16	02:00:00	1.12189	1.12192	1.12149	1.12156	419	0	8
2023.05.16	03:00:00	1.12157	1.12167	1.12105	1.12130	994	0	5
2023.05.16	04:00:00	1.12131	1.12134	1.12078	1.12124	821	0	5
2023.05.16	05:00:00	1.12123	1.12142	1.12086	1.12133	1369	0	8
2023.05.16	06:00:00	1.12132	1.12149	1.12100	1.12112	498	0	11
2023.05.16	07:00:00	1.12114	1.12146	1.12098	1.12100	498	0	11
2023.05.16	08:00:00	1.12099	1.12110	1.12023	1.12043	1095	0	7
2023.05.16	09:00:00	1.12041	1.12065	1.11646	1.11691	3236	0	5
2023.05.16	10:00:00	1.11696	1.11784	1.11641	1.11743	3701	0	4
2023.05.16	11:00:00	1.11748	1.11893	1.11716	1.11798	2618	0	4
2023.05.16	12:00:00	1.11798	1.11919	1.11775	1.11889	2278	0	4
2023.05.16	13:00:00	1.11889	1.11978	1.11865	1.11922	1688	0	5
2023.05.16	14:00:00	1.11924	1.11984	1.11874	1.11895	2276	0	4
2023.05.16	15:00:00	1.11894	1.11986	1.11847	1.11945	4361	0	6
2023.05.16	16:00:00	1.11946	1.12120	1.11893	1.12058	5400	0	5
2023.05.16	17:00:00	1.12057	1.12076	1.11893	1.11949	4444	0	4
2023.05.16	18:00:00	1.11951	1.12026	1.11900	1.11988	3201	0	4
2023.05.16	19:00:00	1.11988	1.11997	1.11820	1.11879	2294	0	4
2023.05.16	20:00:00	1.11879	1.11906	1.11838	1.11877	1510	0	7
2023.05.16	21:00:00	1.11877	1.11900	1.11848	1.11852	963	0	8
2023.05.16	22:00:00	1.11850	1.11892	1.11850	1.11866	973	0	8
2023.05.16	23:00:00	1.11866	1.11921	1.11863	1.11898	746	0	11
2023.05.17	00:00:00	1.11762	1.11874	1.11759	1.11865	259	0	63
2023.05.17	01:00:00	1.11822	1.11915	1.11793	1.11900	362	0	12
2023.05.17	02:00:00	1.11902	1.11921	1.11886	1.11904	487	0	12
2023.05.17	03:00:00	1.11903	1.11924	1.11847	1.11867	1218	0	11
2023.05.17	04:00:00	1.11866	1.11900	1.11844	1.11898	1321	0	10
2023.05.17	05:00:00	1.11901	1.11916	1.11808	1.11808	1094	0	6
2023.05.17	06:00:00	1.11810	1.11832	1.11782	1.11803	880	0	9
2023.05.17	07:00:00	1.11802	1.11831	1.11780	1.11791	651	0	14
2023.05.17	08:00:00	1.11790	1.11821	1.11756	1.11794	1221	0	10
2023.05.17	09:00:00	1.11799	1.11801	1.11657	1.11660	2292	0	7
2023.05.17	10:00:00	1.11662	1.11810	1.11592	1.11592	3748	0	4
2023.05.17	11:00:00	1.11590	1.11956	1.11589	1.11876	3415	0	4
2023.05.17	12:00:00	1.11873	1.11941	1.11741	1.11886	2799	0	5
2023.05.17	13:00:00	1.11886	1.11954	1.11855	1.11948	2347	0	4
2023.05.17	14:00:00	1.11949	1.12170	1.11932	1.12142	2652	0	7
2023.05.17	15:00:00	1.12140	1.12303	1.12085	1.12302	3693	0	4
2023.05.17	16:00:00	1.12305	1.12471	1.12277	1.12336	4681	0	4
2023.05.17	17:00:00	1.12336	1.12349	1.12042	1.12081	5574	0	4
2023.05.17	18:00:00	1.12083	1.12268	1.12081	1.12186	3280	0	4
2023.05.17	19:00:00	1.12183	1.12335	1.12170	1.12322	2152	0	9
2023.05.17	20:00:00	1.12320	1.12350	1.12270	1.12290	1837	0	8
2023.05.17	21:00:00	1.12293	1.12295	1.12183	1.12187	1600	0	6
2023.05.17	22:00:00	1.12187	1.12241	1.12154	1.12217	1230	0	5
2023.05.17	23:00:00	1.12223	1.12225	1.12162	1.12184	687	0	6
2023.05.18	00:00:00	1.12157	1.12199	1.12122	1.12153	349	0	70
2023.05.18	01:00:00	1.12146	1.12229	1.12145	1.12197	571	0	14
2023.05.18	02:00:00	1.12200	1.12207	1.12164	1.12165	440	0	10
2023.05.18	03:00:00	1.12165	1.12186	1.12139	1.12164	1082	0	9
2023.05.18	04:00:00	1.12164	1.12188	1.12109	1.12180	1592	0	11
2023.05.18	05:00:00	1.12179	1.12206	1.12136	1.12152	898	0	8
2023.05.18	06:00:00	1.12151	1.12164	1.12120	1.12122	927	0	9
2023.05.18	07:00:00	1.12121	1.12158	1.12106	1.12154	892	0	11
2023.05.18	08:00:00	1.12152	1.12186	1.12123	1.12173	1334	0	9
2023.05.18	09:00:00	1.12169	1.12180	1.11929	1.11963	2246	0	7
2023.05.18	10:00:00	1.11964	1.12158	1.11924	1.12101	2984	0	5
2023.05.18	11:00:00	1.12103	1.12134	1.11956	1.11993	3397	0	4
2023.05.18	12:00:00	1.11993	1.12029	1.11933	1.12010	2174	0	5
2023.05.18	13:00:00	1.12013	1.12046	1.11937	1.11948	1944	0	7
2023.05.18	14:00:00	1.11947	1.12090	1.11925	1.12002	1792	0	4
2023.05.18	15:00:00	1.12006	1.12092	1.11970	1.12068	4274	0	4
2023.05.18	16:00:00	1.12064	1.12375	1.12003	1.12314	4399	0	5
2023.05.18	17:00:00	1.12310	1.12425	1.12223	1.12359	3740	0	7
2023.05.18	18:00:00	1.12361	1.12445	1.12268	1.12364	2548	0	5
2023.05.18	19:00:00	1.12363	1.12370	1.12217	1.12227	1891	0	4
2023.05.18	20:00:00	1.12229	1.12267	1.12191	1.12222	1848	0	5
2023.05.18	21:00:00	1.12222	1.12274	1.12210	1.12274	936	0	8
2023.05.18	22:00:00	1.12274	1.12318	1.12246	1.12285	1299	0	8
2023.05.18	23:00:00	1.12285	1.12299	1.12256	1.12293	809	0	8
2023.05.19	00:00:00	1.12262	1.12293	1.12171	1.12243	541	0	74
2023.05.19	01:00:00	1.12243	1.12313	1.12232	1.12307	590	0	15
2023.05.19	02:00:00	1.12309	1.12321	1.12295	1.12306	497	0	13
2023.05.19	03:00:00	1.12311	1.12311	1.12228	1.12290	1694	0	6
2023.05.19	04:00:00	1.12290	1.12298	1.12230	1.12257	1784	0	9
2023.05.19	05:00:00	1.12251	1.12271	1.12191	1.12253	1369	0	10
2023.05.19	06:00:00	1.12254	1.12275	1.12219	1.12219	1049	0	9
2023.05.19	07:00:00	1.12216	1.12221	1.12179	1.12187	789	0	12
2023.05.19	08:00:00	1.12188	1.12213	1.12161	1.12169	1431	0	11
2023.05.19	09:00:00	1.12169	1.12185	1.12031	1.12061	2658	0	4
2023.05.19	10:00:00	1.12060	1.12137	1.11956	1.12023	3069	0	4
2023.05.19	11:00:00	1.12025	1.12066	1.11943	1.12046	2534	0	4
2023.05.19	12:00:00	1.12045	1.12227	1.12037	1.12166	2589	0	4
2023.05.19	13:00:00	1.12166	1.12231	1.12087	1.12158	2697	0	5
2023.05.19	14:00:00	1.12158	1.12224	1.12129	1.12130	2274	0	5
2023.05.19	15:00:00	1.12130	1.12281	1.12100	1.12266	3355	0	4
2023.05.19	16:00:00	1.12264	1.12289	1.12097	1.12140	3631	0	5
2023.05.19	17:00:00	1.12140	1.12217	1.11957	1.12195	3856	0	4
2023.05.19	18:00:00	1.12194	1.12216	1.11897	1.12009	7777	0	4
2023.05.19	19:00:00	1.12010	1.12108	1.11955	1.12046	3051	0	6
2023.05.19	20:00:00	1.12044	1.12093	1.11971	1.11982	1573	0	5
2023.05.19	21:00:00	1.11982	1.12033	1.11957	1.11999	2019	0	4
2023.05.19	22:00:00	1.11997	1.12030	1.11973	1.12007	1304	0	8
2023.05.19	23:00:00	1.12007	1.12032	1.11897	1.11924	871	0	10
2023.05.22	00:00:00	1.11755	1.11884	1.11755	1.11824	225	0	84
2023.05.22	01:00:00	1.11824	1.11911	1.11807	1.11878	728	0	13
2023.05.22	02:00:00	1.11880	1.11928	1.11878	1.11927	644	0	12
2023.05.22	03:00:00	1.11926	1.11960	1.11899	1.11941	1320	0	7
2023.05.22	04:00:00	1.11939	1.11946	1.11837	1.11890	2328	0	8
2023.05.22	05:00:00	1.11891	1.11910	1.11877	1.11893	1644	0	9
2023.05.22	06:00:00	1.11892	1.11917	1.11854	1.11856	1221	0	11
2023.05.22	07:00:00	1.11854	1.11912	1.11845	1.11890	843	0	11
2023.05.22	08:00:00	1.11890	1.11897	1.11780	1.11806	1227	0	5
2023.05.22	09:00:00	1.11806	1.11806	1.11640	1.11706	3151	0	4
2023.05.22	10:00:00	1.11711	1.11767	1.11564	1.11580	3533	0	4
2023.05.22	11:00:00	1.11578	1.11595	1.11383	1.11428	3574	0	5
2023.05.22	12:00:00	1.11427	1.11468	1.11340	1.11359	2556	0	4
2023.05.22	13:00:00	1.11359	1.11490	1.11330	1.11446	2656	0	5
2023.05.22	14:00:00	1.11448	1.11702	1.11441	1.11684	3076	0	8
2023.05.22	15:00:00	1.11682	1.11767	1.11599	1.11747	3834	0	6
2023.05.22	16:00:00	1.11748	1.11757	1.11622	1.11681	4552	0	4
2023.05.22	17:00:00	1.11681	1.11681	1.11455	1.11653	6251	0	4
2023.05.22	18:00:00	1.11653	1.11710	1.11594	1.11690	2856	0	4
2023.05.22	19:00:00	1.11690	1.11700	1.11543	1.11552	1970	0	4
2023.05.22	20:00:00	1.11551	1.11654	1.11508	1.11625	2631	0	5
2023.05.22	21:00:00	1.11624	1.11644	1.11593	1.11629	1472	0	7
2023.05.22	22:00:00	1.11629	1.11660	1.11588	1.11638	1172	0	9
2023.05.22	23:00:00	1.11640	1.11662	1.11626	1.11655	619	0	11
2023.05.23	00:00:00	1.11615	1.11656	1.11556	1.11617	185	0	75
2023.05.23	01:00:00	1.11617	1.11681	1.11598	1.11647	771	0	14
2023.05.23	02:00:00	1.11649	1.11707	1.11638	1.11691	950	0	9
2023.05.23	03:00:00	1.11691	1.11738	1.11682	1.11719	1217	0	11
2023.05.23	04:00:00	1.11721	1.11751	1.11700	1.11725	1750	0	10
2023.05.23	05:00:00	1.11725	1.11778	1.11696	1.11716	1156	0	11
2023.05.23	06:00:00	1.11715	1.11726	1.11675	1.11721	959	0	12
2023.05.23	07:00:00	1.11723	1.11732	1.11689	1.11730	864	0	11
2023.05.23	08:00:00	1.11729	1.11754	1.11693	1.11725	1322	0	9
2023.05.23	09:00:00	1.11734	1.11749	1.11578	1.11700	2601	0	5
2023.05.23	10:00:00	1.11698	1.11724	1.11517	1.11605	4321	0	5
2023.05.23	11:00:00	1.11606	1.11618	1.11451	1.11592	3833	0	4
2023.05.23	12:00:00	1.11592	1.11646	1.11505	1.11645	2904	0	5
2023.05.23	13:00:00	1.11646	1.11667	1.11576	1.11623	2646	0	4
2023.05.23	14:00:00	1.11622	1.11683	1.11526	1.11627	2959	0	4
2023.05.23	15:00:00	1.11631	1.11789	1.11630	1.11767	3671	0	4
2023.05.23	16:00:00	1.11769	1.11862	1.11693	1.11826	5656	0	4
2023.05.23	17:00:00	1.11821	1.11893	1.11701	1.11776	5637	0	6
2023.05.23	18:00:00	1.11775	1.11967	1.11772	1.11958	3074	0	6
2023.05.23	19:00:00	1.11957	1.11976	1.11845	1.11937	2290	0	5
2023.05.23	20:00:00	1.11938	1.12002	1.11920	1.11949	1757	0	6
2023.05.23	21:00:00	1.11948	1.11975	1.11877	1.11914	1380	0	7
2023.05.23	22:00:00	1.11912	1.11939	1.11873	1.11929	1117	0	7
2023.05.23	23:00:00	1.11930	1.11949	1.11895	1.11906	517	0	8
2023.05.24	00:00:00	1.11852	1.11922	1.11825	1.11883	196	0	50
2023.05.24	01:00:00	1.11888	1.11938	1.11873	1.11932	402	0	16
2023.05.24	02:00:00	1.11934	1.11945	1.11914	1.11928	430	0	12
2023.05.24	03:00:00	1.11926	1.11960	1.11903	1.11958	912	0	8
2023.05.24	04:00:00	1.11960	1.11971	1.11936	1.11956	1299	0	11
2023.05.24	05:00:00	1.11955	1.11959	1.11884	1.11885	1583	0	8
2023.05.24	06:00:00	1.11887	1.11952	1.11883	1.11940	884	0	9
2023.05.24	07:00:00	1.11941	1.12035	1.11935	1.12023	589	0	5
2023.05.24	08:00:00	1.12022	1.12044	1.11988	1.12011	1027	0	4
2023.05.24	09:00:00	1.12009	1.12399	1.12006	1.12281	4873	0	5
2023.05.24	10:00:00	1.12279	1.12284	1.11788	1.11838	4702	0	4
2023.05.24	11:00:00	1.11840	1.12088	1.11825	1.12047	4237	0	4
2023.05.24	12:00:00	1.12048	1.12079	1.11748	1.11772	3205	0	4
2023.05.24	13:00:00	1.11773	1.11831	1.11695	1.11811	3964	0	4
2023.05.24	14:00:00	1.11813	1.11900	1.11727	1.11870	2994	0	4
2023.05.24	15:00:00	1.11874	1.11990	1.11815	1.11939	4810	0	5
2023.05.24	16:00:00	1.11939	1.12076	1.11930	1.12009	4680	0	4
2023.05.24	17:00:00	1.12009	1.12094	1.11845	1.11868	5430	0	4
2023.05.24	18:00:00	1.11868	1.12060	1.11799	1.12008	3469	0	4
2023.05.24	19:00:00	1.12011	1.12093	1.12005	1.12066	3415	0	5
2023.05.24	20:00:00	1.12065	1.12066	1.11904	1.11911	2477	0	4
2023.05.24	21:00:00	1.11905	1.11960	1.11829	1.11885	3347	0	8
2023.05.24	22:00:00	1.11885	1.11934	1.11828	1.11857	2269	0	8
2023.05.24	23:00:00	1.11860	1.11912	1.11844	1.11907	584	0	10
2023.05.25	00:00:00	1.11740	1.11895	1.11734	1.11893	118	0	65
2023.05.25	01:00:00	1.11893	1.11903	1.11825	1.11860	1465	0	8
2023.05.25	02:00:00	1.11861	1.11882	1.11848	1.11861	999	0	10
2023.05.25	03:00:00	1.11866	1.11878	1.11789	1.11813	1363	0	7
2023.05.25	04:00:00	1.11810	1.11810	1.11727	1.11781	1881	0	10
2023.05.25	05:00:00	1.11780	1.11841	1.11746	1.11839	1132	0	11
2023.05.25	06:00:00	1.11840	1.11848	1.11776	1.11834	1110	0	9
2023.05.25	07:00:00	1.11834	1.11859	1.11826	1.11847	648	0	9
2023.05.25	08:00:00	1.11844	1.11881	1.11820	1.11876	1449	0	9
2023.05.25	09:00:00	1.11882	1.11987	1.11861	1.11946	3049	0	6
2023.05.25	10:00:00	1.11947	1.11969	1.11741	1.11819	4066	0	5
2023.05.25	11:00:00	1.11816	1.12032	1.11787	1.12020	3516	0	5
2023.05.25	12:00:00	1.12021	1.12197	1.11992	1.12110	2567	0	5
2023.05.25	13:00:00	1.12111	1.12138	1.11928	1.11957	1956	0	6
2023.05.25	14:00:00	1.11957	1.12038	1.11823	1.11877	2353	0	4
2023.05.25	15:00:00	1.11877	1.11959	1.11786	1.11851	6577	0	4
2023.05.25	16:00:00	1.11853	1.11950	1.11722	1.11750	6021	0	4
2023.05.25	17:00:00	1.11748	1.11809	1.11594	1.11621	5935	0	4
2023.05.25	18:00:00	1.11621	1.11768	1.11611	1.11643	4702	0	5
2023.05.25	19:00:00	1.11643	1.11704	1.11623	1.11660	2251	0	5
2023.05.25	20:00:00	1.11661	1.11721	1.11612	1.11715	2019	0	5
2023.05.25	21:00:00	1.11717	1.11740	1.11610	1.11626	1615	0	5
2023.05.25	22:00:00	1.11627	1.11651	1.11596	1.11613	1870	0	5
2023.05.25	23:00:00	1.11613	1.11656	1.11586	1.11608	1110	0	5
2023.05.26	00:00:00	1.11551	1.11562	1.11466	1.11536	83	0	135
2023.05.26	01:00:00	1.11536	1.11592	1.11512	1.11577	980	0	15
2023.05.26	02:00:00	1.11577	1.11579	1.11475	1.11475	771	0	11
2023.05.26	03:00:00	1.11478	1.11548	1.11460	1.11543	1469	0	8
2023.05.26	04:00:00	1.11543	1.11569	1.11504	1.11557	1773	0	7
2023.05.26	05:00:00	1.11558	1.11585	1.11537	1.11562	1339	0	10
2023.05.26	06:00:00	1.11563	1.11594	1.11544	1.11547	1353	0	10
2023.05.26	07:00:00	1.11549	1.11598	1.11545	1.11582	769	0	12
2023.05.26	08:00:00	1.11581	1.11638	1.11557	1.11628	1548	0	10
2023.05.26	09:00:00	1.11630	1.11783	1.11585	1.11688	3143	0	4
2023.05.26	10:00:00	1.11687	1.11742	1.11433	1.11502	3633	0	6
2023.05.26	11:00:00	1.11503	1.11765	1.11489	1.11658	3303	0	4
2023.05.26	12:00:00	1.11658	1.11693	1.11547	1.11623	2983	0	5
2023.05.26	13:00:00	1.11623	1.11748	1.11585	1.11745	3165	0	4
2023.05.26	14:00:00	1.11747	1.11822	1.11730	1.11796	2844	0	6
2023.05.26	15:00:00	1.11796	1.11828	1.11716	1.11784	6169	0	4
2023.05.26	16:00:00	1.11782	1.11829	1.11717	1.11747	5036	0	6
2023.05.26	17:00:00	1.11747	1.11878	1.11658	1.11856	7318	0	4
2023.05.26	18:00:00	1.11856	1.11896	1.11742	1.11792	4401	0	4
2023.05.26	19:00:00	1.11792	1.11810	1.11740	1.11762	1915	0	6
2023.05.26	20:00:00	1.11761	1.11801	1.11720	1.11794	1439	0	5
2023.05.26	21:00:00	1.11793	1.11803	1.11726	1.11737	1141	0	4
2023.05.26	22:00:00	1.11735	1.11771	1.11722	1.11768	1021	0	10
2023.05.26	23:00:00	1.11771	1.11781	1.11714	1.11744	1788	0	9
2023.05.29	00:00:00	1.11615	1.11693	1.11612	1.11687	290	0	218
2023.05.29	01:00:00	1.11687	1.11852	1.11642	1.11810	1479	0	17
2023.05.29	02:00:00	1.11808	1.11830	1.11785	1.11830	815	0	5
2023.05.29	03:00:00	1.11832	1.11848	1.11796	1.11839	970	0	12
2023.05.29	04:00:00	1.11839	1.11863	1.11811	1.11819	1575	0	9
2023.05.29	05:00:00	1.11818	1.11853	1.11804	1.11807	1772	0	6
2023.05.29	06:00:00	1.11808	1.11810	1.11754	1.11766	941	0	8
2023.05.29	07:00:00	1.11765	1.11804	1.11756	1.11797	798	0	12
2023.05.29	08:00:00	1.11796	1.11803	1.11765	1.11775	966	0	12
2023.05.29	09:00:00	1.11778	1.11879	1.11748	1.11856	1701	0	7
2023.05.29	10:00:00	1.11853	1.11857	1.11588	1.11599	2011	0	6
2023.05.29	11:00:00	1.11598	1.11681	1.11512	1.11526	1891	0	4
2023.05.29	12:00:00	1.11527	1.11548	1.11475	1.11527	1412	0	6
2023.05.29	13:00:00	1.11527	1.11642	1.11516	1.11584	1090	0	4
2023.05.29	14:00:00	1.11583	1.11583	1.11456	1.11500	1317	0	5
2023.05.29	15:00:00	1.11501	1.11542	1.11461	1.11540	1343	0	7
2023.05.29	16:00:00	1.11541	1.11569	1.11519	1.11556	1335	0	7
2023.05.29	17:00:00	1.11556	1.11687	1.11546	1.11687	948	0	6
2023.05.29	18:00:00	1.11684	1.11698	1.11624	1.11690	776	0	5
2023.05.29	19:00:00	1.11687	1.11707	1.11663	1.11705	501	0	11
2023.05.29	20:00:00	1.11705	1.11725	1.11696	1.11697	248	0	12
2023.05.29	21:00:00	1.11696	1.11730	1.11686	1.11727	242	0	11
2023.05.29	22:00:00	1.11727	1.11763	1.11715	1.11735	354	0	13
2023.05.29	23:00:00	1.11734	1.11741	1.11716	1.11735	409	0	12
2023.05.30	00:00:00	1.11570	1.11693	1.11504	1.11677	259	0	150
2023.05.30	01:00:00	1.11659	1.11749	1.11644	1.11731	608	0	15
2023.05.30	02:00:00	1.11731	1.11731	1.11675	1.11683	505	0	14
2023.05.30	03:00:00	1.11679	1.11725	1.11660	1.11722	1714	0	7
2023.05.30	04:00:00	1.11722	1.11802	1.11719	1.11784	1495	0	12
2023.05.30	05:00:00	1.11783	1.11793	1.11712	1.11725	1093	0	10
2023.05.30	06:00:00	1.11726	1.11730	1.11632	1.11647	1406	0	10
2023.05.30	07:00:00	1.11648	1.11714	1.11644	1.11709	1089	0	9
2023.05.30	08:00:00	1.11710	1.11778	1.11691	1.11701	2386	0	7
2023.05.30	09:00:00	1.11714	1.11797	1.11711	1.11772	3442	0	7
2023.05.30	10:00:00	1.11779	1.12125	1.11722	1.11994	4893	0	4
2023.05.30	11:00:00	1.11994	1.12026	1.11902	1.11972	3651	0	4
2023.05.30	12:00:00	1.11972	1.12172	1.11945	1.12072	5299	0	4
2023.05.30	13:00:00	1.12072	1.12152	1.11975	1.12141	3967	0	4
2023.05.30	14:00:00	1.12141	1.12215	1.12081	1.12180	3792	0	4
2023.05.30	15:00:00	1.12181	1.12286	1.12176	1.12193	3948	0	4
2023.05.30	16:00:00	1.12193	1.12362	1.12172	1.12294	4515	0	4
2023.05.30	17:00:00	1.12284	1.12356	1.12053	1.12168	5795	0	4
2023.05.30	18:00:00	1.12168	1.12260	1.12127	1.12215	2867	0	4
2023.05.30	19:00:00	1.12212	1.12369	1.12161	1.12369	2133	0	7
2023.05.30	20:00:00	1.12367	1.12371	1.12261	1.12293	1652	0	8
2023.05.30	21:00:00	1.12293	1.12330	1.12260	1.12297	1187	0	7
2023.05.30	22:00:00	1.12295	1.12414	1.12280	1.12388	1471	0	8
2023.05.30	23:00:00	1.12381	1.12435	1.12377	1.12422	873	0	5
2023.05.31	00:00:00	1.12399	1.12451	1.12323	1.12428	124	0	48
2023.05.31	01:00:00	1.12420	1.12436	1.12386	1.12427	739	0	16
2023.05.31	02:00:00	1.12428	1.12462	1.12422	1.12461	796	0	11
2023.05.31	03:00:00	1.12464	1.12543	1.12418	1.12509	1411	0	8
2023.05.31	04:00:00	1.12507	1.12515	1.12420	1.12438	1995	0	8
2023.05.31	05:00:00	1.12436	1.12501	1.12420	1.12467	1588	0	9
2023.05.31	06:00:00	1.12467	1.12507	1.12444	1.12497	1068	0	11
2023.05.31	07:00:00	1.12497	1.12554	1.12483	1.12548	844	0	9
2023.05.31	08:00:00	1.12547	1.12579	1.12471	1.12538	2637	0	4
2023.05.31	09:00:00	1.12546	1.12581	1.12453	1.12533	3567	0	5
2023.05.31	10:00:00	1.12535	1.12716	1.12501	1.12678	4397	0	4
2023.05.31	11:00:00	1.12677	1.12683	1.12547	1.12556	3875	0	4
2023.05.31	12:00:00	1.12559	1.12700	1.12490	1.12523	3004	0	4
2023.05.31	13:00:00	1.12523	1.12617	1.12523	1.12581	2209	0	4
2023.05.31	14:00:00	1.12580	1.12633	1.12491	1.12497	2282	0	4
2023.05.31	15:00:00	1.12501	1.12699	1.12495	1.12596	2760	0	4
2023.05.31	16:00:00	1.12594	1.12986	1.12581	1.12912	4421	0	4
2023.05.31	17:00:00	1.12909	1.13304	1.12769	1.13276	9880	0	4
2023.05.31	18:00:00	1.13277	1.13332	1.13115	1.13149	6021	0	4
2023.05.31	19:00:00	1.13149	1.13342	1.13098	1.13247	3019	0	4
2023.05.31	20:00:00	1.13248	1.13263	1.13179	1.13205	3623	0	4
2023.05.31	21:00:00	1.13205	1.13300	1.13171	1.13193	2496	0	5
2023.05.31	22:00:00	1.13191	1.13281	1.13122	1.13274	2489	0	5
2023.05.31	23:00:00	1.13279	1.13297	1.13209	1.13292	1149	0	8
2023.06.01	00:00:00	1.13244	1.13272	1.13143	1.13215	198	0	88
2023.06.01	01:00:00	1.13235	1.13291	1.13194	1.13282	765	0	8
2023.06.01	02:00:00	1.13283	1.13303	1.13245	1.13250	972	0	6
2023.06.01	03:00:00	1.13249	1.13288	1.13223	1.13254	1431	0	6
2023.06.01	04:00:00	1.13254	1.13286	1.13213	1.13279	2143	0	7
2023.06.01	05:00:00	1.13278	1.13293	1.13231	1.13244	1438	0	7
2023.06.01	06:00:00	1.13242	1.13277	1.13231	1.13243	960	0	10
2023.06.01	07:00:00	1.13243	1.13292	1.13231	1.13250	840	0	9
2023.06.01	08:00:00	1.13252	1.13257	1.13184	1.13193	1636	0	9
2023.06.01	09:00:00	1.13190	1.13341	1.13178	1.13322	2994	0	7
2023.06.01	10:00:00	1.13322	1.13323	1.12987	1.13020	4024	0	5
2023.06.01	11:00:00	1.13017	1.13216	1.12963	1.13128	3271	0	7
2023.06.01	12:00:00	1.13128	1.13176	1.13015	1.13084	3154	0	4
2023.06.01	13:00:00	1.13085	1.13240	1.13074	1.13185	2582	0	6
2023.06.01	14:00:00	1.13186	1.13315	1.13181	1.13274	2626	0	4
2023.06.01	15:00:00	1.13275	1.13470	1.13253	1.13434	6659	0	5
2023.06.01	16:00:00	1.13441	1.13695	1.13413	1.13683	5663	0	4
2023.06.01	17:00:00	1.13685	1.13902	1.13582	1.13775	7275	0	4
2023.06.01	18:00:00	1.13775	1.13829	1.13720	1.13767	3988	0	4
2023.06.01	19:00:00	1.13764	1.13798	1.13664	1.13674	2693	0	5
2023.06.01	20:00:00	1.13675	1.13693	1.13600	1.13609	2027	0	6
2023.06.01	21:00:00	1.13610	1.13611	1.13452	1.13483	1551	0	4
2023.06.01	22:00:00	1.13483	1.13572	1.13464	1.13535	1553	0	6
2023.06.01	23:00:00	1.13533	1.13542	1.13440	1.13444	729	0	5
2023.06.02	00:00:00	1.13431	1.13511	1.13360	1.13369	402	0	103
2023.06.02	01:00:00	1.13369	1.13455	1.13326	1.13442	676	0	15
2023.06.02	02:00:00	1.13442	1.13448	1.13404	1.13436	451	0	11
2023.06.02	03:00:00	1.13436	1.13461	1.13359	1.13377	1215	0	9
2023.06.02	04:00:00	1.13378	1.13451	1.13357	1.13444	1674	0	7
2023.06.02	05:00:00	1.13445	1.13465	1.13427	1.13456	975	0	6
2023.06.02	06:00:00	1.13457	1.13462	1.13384	1.13390	1227	0	9
2023.06.02	07:00:00	1.13391	1.13418	1.13332	1.13348	978	0	11
2023.06.02	08:00:00	1.13347	1.13408	1.13325	1.13381	1639	0	7
2023.06.02	09:00:00	1.13376	1.13377	1.13284	1.13352	2664	0	4
2023.06.02	10:00:00	1.13353	1.13382	1.13205	1.13371	3284	0	6
2023.06.02	11:00:00	1.13370	1.13396	1.13277	1.13372	2885	0	6
2023.06.02	12:00:00	1.13372	1.13520	1.13356	1.13488	2646	0	5
2023.06.02	13:00:00	1.13487	1.13550	1.13338	1.13435	2140	0	4
2023.06.02	14:00:00	1.13432	1.13567	1.13424	1.13551	2348	0	6
2023.06.02	15:00:00	1.13553	1.13659	1.13336	1.13541	7591	0	4
2023.06.02	16:00:00	1.13540	1.13674	1.13371	1.13626	7389	0	4
2023.06.02	17:00:00	1.13628	1.13641	1.13211	1.13225	6210	0	4
2023.06.02	18:00:00	1.13224	1.13295	1.13087	1.13135	3510	0	4
2023.06.02	19:00:00	1.13136	1.13230	1.13106	1.13109	2598	0	4
2023.06.02	20:00:00	1.13110	1.13168	1.13085	1.13163	1670	0	7
2023.06.02	21:00:00	1.13161	1.13165	1.13095	1.13160	1525	0	4
2023.06.02	22:00:00	1.13157	1.13205	1.13125	1.13168	1362	0	6
2023.06.02	23:00:00	1.13168	1.13199	1.13131	1.13152	823	0	8
2023.06.05	00:00:00	1.12989	1.13041	1.12955	1.12955	418	0	279
2023.06.05	01:00:00	1.12956	1.13118	1.12956	1.13077	841	0	8
2023.06.05	02:00:00	1.13078	1.13095	1.13051	1.13089	918	0	5
2023.06.05	03:00:00	1.13087	1.13154	1.13082	1.13147	1156	0	8
2023.06.05	04:00:00	1.13150	1.13209	1.13123	1.13186	1894	0	9
2023.06.05	05:00:00	1.13182	1.13184	1.13108	1.13109	1190	0	11
2023.06.05	06:00:00	1.13108	1.13145	1.13103	1.13142	839	0	11
2023.06.05	07:00:00	1.13142	1.13143	1.13078	1.13134	811	0	5
2023.06.05	08:00:00	1.13133	1.13213	1.13091	1.13197	1344	0	5
2023.06.05	09:00:00	1.13206	1.13269	1.12916	1.12921	2994	0	4
2023.06.05	10:00:00	1.12923	1.13079	1.12892	1.12931	4150	0	4
2023.06.05	11:00:00	1.12930	1.13028	1.12918	1.13006	3126	0	4
2023.06.05	12:00:00	1.13007	1.13022	1.12817	1.12853	2571	0	4
2023.06.05	13:00:00	1.12852	1.12934	1.12813	1.12883	2397	0	6
2023.06.05	14:00:00	1.12884	1.12887	1.12750	1.12763	2510	0	4
2023.06.05	15:00:00	1.12764	1.12824	1.12695	1.12779	2899	0	4
2023.06.05	16:00:00	1.12780	1.12813	1.12679	1.12710	4163	0	4
2023.06.05	17:00:00	1.12717	1.12783	1.12363	1.12446	8178	0	4
2023.06.05	18:00:00	1.12445	1.12710	1.12440	1.12661	3454	0	4
2023.06.05	19:00:00	1.12661	1.12698	1.12623	1.12636	1971	0	6
2023.06.05	20:00:00	1.12636	1.12637	1.12519	1.12549	1459	0	5
2023.06.05	21:00:00	1.12554	1.12610	1.12517	1.12610	1642	0	4
2023.06.05	22:00:00	1.12611	1.12619	1.12559	1.12616	1820	0	7
2023.06.05	23:00:00	1.12615	1.12684	1.12594	1.12659	547	0	9
2023.06.06	00:00:00	1.12642	1.12642	1.12469	1.12570	264	0	110
2023.06.06	01:00:00	1.12584	1.12714	1.12580	1.12671	880	0	14
2023.06.06	02:00:00	1.12669	1.12674	1.12623	1.12639	564	0	9
2023.06.06	03:00:00	1.12638	1.12677	1.12631	1.12631	620	0	11
2023.06.06	04:00:00	1.12633	1.12683	1.12621	1.12658	1349	0	9
2023.06.06	05:00:00	1.12659	1.12704	1.12651	1.12677	1368	0	4
2023.06.06	06:00:00	1.12677	1.12703	1.12666	1.12673	884	0	6
2023.06.06	07:00:00	1.12671	1.12710	1.12649	1.12657	1636	0	7
2023.06.06	08:00:00	1.12656	1.12697	1.12531	1.12564	1617	0	6
2023.06.06	09:00:00	1.12565	1.12590	1.12417	1.12467	3155	0	5
2023.06.06	10:00:00	1.12465	1.12695	1.12365	1.12634	4727	0	4
2023.06.06	11:00:00	1.12636	1.12703	1.12537	1.12542	4073	0	5
2023.06.06	12:00:00	1.12543	1.12589	1.12472	1.12549	3098	0	6
2023.06.06	13:00:00	1.12547	1.12747	1.12540	1.12668	2883	0	5
2023.06.06	14:00:00	1.12668	1.12725	1.12578	1.12625	2093	0	4
2023.06.06	15:00:00	1.12626	1.12755	1.12602	1.12696	3463	0	6
2023.06.06	16:00:00	1.12695	1.12748	1.12638	1.12714	4042	0	4
2023.06.06	17:00:00	1.12712	1.12810	1.12682	1.12730	3944	0	4
2023.06.06	18:00:00	1.12730	1.12777	1.12680	1.12695	2891	0	6
2023.06.06	19:00:00	1.12692	1.12802	1.12681	1.12793	1827	0	4
2023.06.06	20:00:00	1.12794	1.12801	1.12749	1.12768	1303	0	7
2023.06.06	21:00:00	1.12768	1.12818	1.12742	1.12808	1251	0	7
2023.06.06	22:00:00	1.12807	1.12819	1.12772	1.12801	937	0	4
2023.06.06	23:00:00	1.12799	1.12802	1.12749	1.12750	407	0	9
2023.06.07	00:00:00	1.12737	1.12753	1.12671	1.12694	125	0	74
2023.06.07	01:00:00	1.12694	1.12766	1.12676	1.12739	501	0	11
2023.06.07	02:00:00	1.12740	1.12765	1.12735	1.12742	428	0	10
2023.06.07	03:00:00	1.12742	1.12762	1.12703	1.12708	1380	0	9
2023.06.07	04:00:00	1.12707	1.12753	1.12664	1.12718	2056	0	9
2023.06.07	05:00:00	1.12719	1.12719	1.12691	1.12695	1217	0	8
2023.06.07	06:00:00	1.12695	1.12705	1.12665	1.12669	968	0	10
2023.06.07	07:00:00	1.12667	1.12722	1.12665	1.12680	781	0	8
2023.06.07	08:00:00	1.12679	1.12725	1.12662	1.12682	1236	0	8
2023.06.07	09:00:00	1.12679	1.12749	1.12598	1.12610	2729	0	8
2023.06.07	10:00:00	1.12610	1.12698	1.12562	1.12650	3144	0	5
2023.06.07	11:00:00	1.12652	1.12788	1.12636	1.12745	2711	0	5
2023.06.07	12:00:00	1.12746	1.12836	1.12660	1.12829	2364	0	5
2023.06.07	13:00:00	1.12830	1.12856	1.12752	1.12799	2750	0	7
2023.06.07	14:00:00	1.12797	1.12937	1.12766	1.12927	2826	0	7
2023.06.07	15:00:00	1.12929	1.12931	1.12826	1.12927	3617	0	5
2023.06.07	16:00:00	1.12929	1.13083	1.12846	1.13041	4629	0	4
2023.06.07	17:00:00	1.13042	1.13189	1.12966	1.13109	6427	0	4
2023.06.07	18:00:00	1.13110	1.13238	1.13053	1.13145	3562	0	4
2023.06.07	19:00:00	1.13144	1.13180	1.13067	1.13109	2367	0	4
2023.06.07	20:00:00	1.13109	1.13185	1.13042	1.13164	2114	0	6
2023.06.07	21:00:00	1.13163	1.13218	1.13149	1.13171	1758	0	7
2023.06.07	22:00:00	1.13173	1.13221	1.13142	1.13196	1461	0	7
2023.06.07	23:00:00	1.13195	1.13219	1.13175	1.13207	788	0	4
2023.06.08	00:00:00	1.13037	1.13132	1.12981	1.13117	280	0	100
2023.06.08	01:00:00	1.13112	1.13202	1.13112	1.13153	876	0	13
2023.06.08	02:00:00	1.13153	1.13193	1.13150	1.13188	628	0	8
2023.06.08	03:00:00	1.13186	1.13205	1.13146	1.13182	1112	0	5
2023.06.08	04:00:00	1.13182	1.13206	1.13162	1.13173	1292	0	8
2023.06.08	05:00:00	1.13172	1.13218	1.13160	1.13197	1137	0	9
2023.06.08	06:00:00	1.13199	1.13233	1.13191	1.13220	965	0	10
2023.06.08	07:00:00	1.13221	1.13244	1.13197	1.13239	705	0	8
2023.06.08	08:00:00	1.13241	1.13244	1.13152	1.13172	1090	0	8
2023.06.08	09:00:00	1.13173	1.13290	1.13163	1.13287	2497	0	7
2023.06.08	10:00:00	1.13286	1.13387	1.13260	1.13262	3635	0	4
2023.06.08	11:00:00	1.13260	1.13381	1.13216	1.13376	2763	0	4
2023.06.08	12:00:00	1.13375	1.13412	1.13311	1.13320	2331	0	5
2023.06.08	13:00:00	1.13322	1.13371	1.13267	1.13351	1953	0	7
2023.06.08	14:00:00	1.13351	1.13396	1.13261	1.13316	2603	0	4
2023.06.08	15:00:00	1.13314	1.13324	1.12689	1.12694	6710	0	4
2023.06.08	16:00:00	1.12694	1.12893	1.12635	1.12786	5741	0	4
2023.06.08	17:00:00	1.12786	1.12940	1.12659	1.12932	5837	0	4
2023.06.08	18:00:00	1.12933	1.13042	1.12855	1.12946	3546	0	4
2023.06.08	19:00:00	1.12947	1.13020	1.12876	1.13006	2334	0	7
2023.06.08	20:00:00	1.13005	1.13031	1.12951	1.12976	1777	0	5
2023.06.08	21:00:00	1.12976	1.12980	1.12900	1.12904	1519	0	8
2023.06.08	22:00:00	1.12903	1.12944	1.12853	1.12929	1525	0	8
2023.06.08	23:00:00	1.12927	1.12961	1.12905	1.12920	576	0	10
2023.06.09	00:00:00	1.12778	1.12898	1.12778	1.12842	151	0	45
2023.06.09	01:00:00	1.12826	1.12916	1.12824	1.12896	541	0	12
2023.06.09	02:00:00	1.12896	1.12917	1.12865	1.12888	411	0	9
2023.06.09	03:00:00	1.12888	1.12921	1.12874	1.12891	942	0	11
2023.06.09	04:00:00	1.12892	1.12904	1.12867	1.12896	1216	0	10
2023.06.09	05:00:00	1.12896	1.12903	1.12855	1.12883	821	0	10
2023.06.09	06:00:00	1.12884	1.12910	1.12841	1.12847	792	0	12
2023.06.09	07:00:00	1.12846	1.12874	1.12841	1.12859	641	0	7
2023.06.09	08:00:00	1.12859	1.12911	1.12843	1.12843	1078	0	6
2023.06.09	09:00:00	1.12846	1.13001	1.12792	1.12870	2316	0	6
2023.06.09	10:00:00	1.12871	1.12982	1.12845	1.12900	3347	0	4
2023.06.09	11:00:00	1.12901	1.13051	1.12884	1.12937	3006	0	4
2023.06.09	12:00:00	1.12939	1.13089	1.12896	1.13084	2496	0	4
2023.06.09	13:00:00	1.13085	1.13229	1.13082	1.13137	2605	0	6
2023.06.09	14:00:00	1.13136	1.13302	1.13123	1.13272	3006	0	9
2023.06.09	15:00:00	1.13273	1.13293	1.13137	1.13248	4804	0	5
2023.06.09	16:00:00	1.13247	1.13496	1.13239	1.13379	4504	0	4
2023.06.09	17:00:00	1.13376	1.13573	1.13376	1.13487	4064	0	4
2023.06.09	18:00:00	1.13487	1.13573	1.13414	1.13534	3236	0	4
2023.06.09	19:00:00	1.13535	1.13651	1.13493	1.13615	2135	0	4
2023.06.09	20:00:00	1.13617	1.13628	1.13481	1.13497	1095	0	7
2023.06.09	21:00:00	1.13495	1.13579	1.13494	1.13574	957	0	7
2023.06.09	22:00:00	1.13574	1.13670	1.13539	1.13664	1197	0	5
2023.06.09	23:00:00	1.13661	1.13680	1.13554	1.13577	1115	0	7
2023.06.12	00:00:00	1.13373	1.13529	1.13373	1.13450	1108	0	279
2023.06.12	01:00:00	1.13475	1.13641	1.13456	1.13631	733	0	17
2023.06.12	02:00:00	1.13632	1.13667	1.13619	1.13635	545	0	9
2023.06.12	03:00:00	1.13635	1.13656	1.13582	1.13645	854	0	7
2023.06.12	04:00:00	1.13641	1.13656	1.13602	1.13636	1188	0	7
2023.06.12	05:00:00	1.13635	1.13679	1.13625	1.13631	913	0	9
2023.06.12	06:00:00	1.13631	1.13659	1.13619	1.13628	624	0	9
2023.06.12	07:00:00	1.13630	1.13669	1.13614	1.13668	641	0	6
2023.06.12	08:00:00	1.13666	1.13704	1.13662	1.13668	1138	0	4
2023.06.12	09:00:00	1.13670	1.13684	1.13579	1.13592	1692	0	5
2023.06.12	10:00:00	1.13596	1.13640	1.13490	1.13603	3204	0	5
2023.06.12	11:00:00	1.13603	1.13630	1.13544	1.13612	2942	0	5
2023.06.12	12:00:00	1.13612	1.13793	1.13569	1.13744	2980	0	4
2023.06.12	13:00:00	1.13745	1.13840	1.13667	1.13808	2819	0	4
2023.06.12	14:00:00	1.13809	1.13819	1.13705	1.13788	2100	0	4
2023.06.12	15:00:00	1.13789	1.13820	1.13669	1.13699	2633	0	4
2023.06.12	16:00:00	1.13698	1.13773	1.13634	1.13755	3743	0	4
2023.06.12	17:00:00	1.13754	1.13777	1.13558	1.13747	4449	0	4
2023.06.12	18:00:00	1.13746	1.13796	1.13568	1.13632	3169	0	4
2023.06.12	19:00:00	1.13633	1.13807	1.13588	1.13758	2557	0	4
2023.06.12	20:00:00	1.13757	1.13780	1.13715	1.13773	1744	0	4
2023.06.12	21:00:00	1.13772	1.13794	1.13727	1.13770	1380	0	7
2023.06.12	22:00:00	1.13770	1.13770	1.13634	1.13676	1446	0	5
2023.06.12	23:00:00	1.13674	1.13704	1.13649	1.13698	528	0	9
2023.06.13	00:00:00	1.13596	1.13682	1.13592	1.13630	121	0	95
2023.06.13	01:00:00	1.13650	1.13699	1.13644	1.13686	570	0	12
2023.06.13	02:00:00	1.13685	1.13703	1.13658	1.13703	405	0	10
2023.06.13	03:00:00	1.13703	1.13780	1.13688	1.13775	1083	0	9
2023.06.13	04:00:00	1.13775	1.13782	1.13692	1.13694	1183	0	9
2023.06.13	05:00:00	1.13693	1.13711	1.13656	1.13694	806	0	4
2023.06.13	06:00:00	1.13694	1.13717	1.13667	1.13692	943	0	7
2023.06.13	07:00:00	1.13691	1.13702	1.13633	1.13635	550	0	11
2023.06.13	08:00:00	1.13635	1.13635	1.13525	1.13560	1661	0	6
2023.06.13	09:00:00	1.13559	1.13854	1.13535	1.13666	4762	0	4
2023.06.13	10:00:00	1.13667	1.13699	1.13506	1.13644	3898	0	4
2023.06.13	11:00:00	1.13643	1.13711	1.13593	1.13676	3212	0	4
2023.06.13	12:00:00	1.13677	1.13903	1.13673	1.13896	2833	0	4
2023.06.13	13:00:00	1.13899	1.13988	1.13849	1.13899	2458	0	4
2023.06.13	14:00:00	1.13898	1.13978	1.13869	1.13931	1844	0	4
2023.06.13	15:00:00	1.13932	1.14028	1.13721	1.13947	7919	0	6
2023.06.13	16:00:00	1.13955	1.14076	1.13889	1.14038	6956	0	4
2023.06.13	17:00:00	1.14036	1.14145	1.13972	1.14112	5222	0	5
2023.06.13	18:00:00	1.14113	1.14291	1.14039	1.14163	4097	0	4
2023.06.13	19:00:00	1.14162	1.14213	1.13972	1.14083	2700	0	4
2023.06.13	20:00:00	1.14083	1.14115	1.13998	1.14075	1976	0	5
2023.06.13	21:00:00	1.14074	1.14155	1.14034	1.14145	1787	0	6
2023.06.13	22:00:00	1.14149	1.14191	1.14132	1.14144	1454	0	7
2023.06.13	23:00:00	1.14143	1.14174	1.14139	1.14143	536	0	8
2023.06.14	00:00:00	1.14101	1.14152	1.14049	1.14090	221	0	93
2023.06.14	01:00:00	1.14090	1.14162	1.14079	1.14105	677	0	11
2023.06.14	02:00:00	1.14105	1.14124	1.14088	1.14117	431	0	11
2023.06.14	03:00:00	1.14115	1.14147	1.14076	1.14147	1066	0	10
2023.06.14	04:00:00	1.14147	1.14178	1.14114	1.14123	1031	0	9
2023.06.14	05:00:00	1.14123	1.14123	1.14073	1.14099	794	0	9
2023.06.14	06:00:00	1.14102	1.14136	1.14100	1.14113	712	0	10
2023.06.14	07:00:00	1.14112	1.14143	1.14098	1.14128	853	0	9
2023.06.14	08:00:00	1.14132	1.14155	1.14114	1.14114	1406	0	9
2023.06.14	09:00:00	1.14115	1.14202	1.14049	1.14072	2059	0	6
2023.06.14	10:00:00	1.14071	1.14134	1.13986	1.14120	2631	0	4
2023.06.14	11:00:00	1.14121	1.14256	1.14118	1.14240	1936	0	6
2023.06.14	12:00:00	1.14241	1.14284	1.14079	1.14172	2536	0	4
2023.06.14	13:00:00	1.14172	1.14194	1.14096	1.14098	2179	0	4
2023.06.14	14:00:00	1.14098	1.14189	1.14094	1.14155	2047	0	4
2023.06.14	15:00:00	1.14155	1.14155	1.13902	1.13931	4622	0	5
2023.06.14	16:00:00	1.13932	1.14030	1.13859	1.13876	3605	0	4
2023.06.14	17:00:00	1.13875	1.13986	1.13809	1.13977	3385	0	4
2023.06.14	18:00:00	1.13977	1.14025	1.13885	1.13901	2313	0	4
2023.06.14	19:00:00	1.13899	1.13909	1.13815	1.13837	1561	0	4
2023.06.14	20:00:00	1.13839	1.13935	1.13728	1.13773	2120	0	4
2023.06.14	21:00:00	1.13756	1.14084	1.13679	1.13970	12570	0	4
2023.06.14	22:00:00	1.13968	1.14147	1.13927	1.14116	6130	0	5
2023.06.14	23:00:00	1.14114	1.14147	1.14053	1.14100	1306	0	4
2023.06.15	00:00:00	1.13999	1.14066	1.13962	1.14004	337	0	86
2023.06.15	01:00:00	1.14006	1.14079	1.13989	1.14035	503	0	16
2023.06.15	02:00:00	1.14040	1.14081	1.14029	1.14062	534	0	9
2023.06.15	03:00:00	1.14062	1.14075	1.13993	1.14023	921	0	7
2023.06.15	04:00:00	1.14021	1.14104	1.14021	1.14102	2007	0	4
2023.06.15	05:00:00	1.14100	1.14154	1.14072	1.14102	1921	0	4
2023.06.15	06:00:00	1.14104	1.14222	1.14098	1.14217	856	0	8
2023.06.15	07:00:00	1.14217	1.14244	1.14173	1.14230	847	0	9
2023.06.15	08:00:00	1.14229	1.14295	1.14217	1.14265	1801	0	6
2023.06.15	09:00:00	1.14262	1.14428	1.14247	1.14407	2999	0	4
2023.06.15	10:00:00	1.14403	1.14493	1.14298	1.14359	2950	0	5
2023.06.15	11:00:00	1.14359	1.14527	1.14328	1.14350	2677	0	4
2023.06.15	12:00:00	1.14350	1.14350	1.14066	1.14068	2744	0	4
2023.06.15	13:00:00	1.14068	1.14124	1.13974	1.14082	2201	0	5
2023.06.15	14:00:00	1.14081	1.14263	1.14045	1.14076	2521	0	5
2023.06.15	15:00:00	1.14071	1.14122	1.13805	1.13949	7113	0	4
2023.06.15	16:00:00	1.13950	1.14008	1.13767	1.13966	6081	0	4
2023.06.15	17:00:00	1.13966	1.14139	1.13880	1.13960	4862	0	4
2023.06.15	18:00:00	1.13957	1.14038	1.13828	1.13911	2744	0	4
2023.06.15	19:00:00	1.13910	1.13918	1.13780	1.13862	2411	0	4
2023.06.15	20:00:00	1.13864	1.13898	1.13820	1.13825	1678	0	7
2023.06.15	21:00:00	1.13826	1.13905	1.13813	1.13895	1326	0	5
2023.06.15	22:00:00	1.13896	1.13938	1.13881	1.13929	1543	0	4
2023.06.15	23:00:00	1.13931	1.13990	1.13896	1.13984	719	0	7
2023.06.16	00:00:00	1.13924	1.14018	1.13916	1.13924	196	0	78
2023.06.16	01:00:00	1.13933	1.14008	1.13920	1.13984	996	0	9
2023.06.16	02:00:00	1.13985	1.14016	1.13979	1.14012	868	0	8
2023.06.16	03:00:00	1.14010	1.14033	1.13975	1.14011	1192	0	8
2023.06.16	04:00:00	1.14009	1.14018	1.13964	1.14003	1494	0	9
2023.06.16	05:00:00	1.13999	1.14021	1.13937	1.13941	1946	0	8
2023.06.16	06:00:00	1.13943	1.13990	1.13932	1.13985	1243	0	7
2023.06.16	07:00:00	1.13985	1.14039	1.13967	1.14029	815	0	7
2023.06.16	08:00:00	1.14028	1.14044	1.14005	1.14036	1283	0	10
2023.06.16	09:00:00	1.14035	1.14182	1.13984	1.14113	3398	0	5
2023.06.16	10:00:00	1.14111	1.14120	1.13894	1.13895	4143	0	5
2023.06.16	11:00:00	1.13897	1.14091	1.13887	1.13987	3955	0	5
2023.06.16	12:00:00	1.13992	1.14154	1.13930	1.14081	2811	0	6
2023.06.16	13:00:00	1.14081	1.14161	1.13967	1.14098	2507	0	4
2023.06.16	14:00:00	1.14098	1.14323	1.14010	1.14308	2673	0	4
2023.06.16	15:00:00	1.14311	1.14467	1.14285	1.14406	3917	0	4
2023.06.16	16:00:00	1.14406	1.14546	1.14359	1.14504	4122	0	4
2023.06.16	17:00:00	1.14461	1.14674	1.14390	1.14537	7646	0	4
2023.06.16	18:00:00	1.14536	1.14604	1.14402	1.14604	4093	0	4
2023.06.16	19:00:00	1.14603	1.14654	1.14550	1.14638	2784	0	5
2023.06.16	20:00:00	1.14637	1.14681	1.14573	1.14673	1968	0	4
2023.06.16	21:00:00	1.14674	1.14696	1.14628	1.14694	1837	0	4
2023.06.16	22:00:00	1.14689	1.14723	1.14648	1.14699	2478	0	5
2023.06.16	23:00:00	1.14701	1.14713	1.14562	1.14576	1065	0	5
2023.06.19	00:00:00	1.14537	1.14604	1.14458	1.14568	1002	0	177
2023.06.19	01:00:00	1.14543	1.14758	1.14534	1.14721	2077	0	16
2023.06.19	02:00:00	1.14719	1.14775	1.14708	1.14769	2840	0	14
2023.06.19	03:00:00	1.14770	1.14775	1.14635	1.14679	1615	0	8
2023.06.19	04:00:00	1.14677	1.14690	1.14603	1.14621	1601	0	10
2023.06.19	05:00:00	1.14619	1.14642	1.14602	1.14621	1007	0	10
2023.06.19	06:00:00	1.14621	1.14643	1.14589	1.14630	1344	0	4
2023.06.19	07:00:00	1.14628	1.14637	1.14575	1.14577	998	0	11
2023.06.19	08:00:00	1.14577	1.14619	1.14555	1.14594	1224	0	6
2023.06.19	09:00:00	1.14595	1.14658	1.14545	1.14570	2636	0	5
2023.06.19	10:00:00	1.14573	1.14714	1.14502	1.14533	3877	0	5
2023.06.19	11:00:00	1.14531	1.14679	1.14482	1.14670	3475	0	4
2023.06.19	12:00:00	1.14668	1.14849	1.14606	1.14833	2781	0	4
2023.06.19	13:00:00	1.14833	1.14865	1.14604	1.14653	2353	0	4
2023.06.19	14:00:00	1.14648	1.14677	1.14522	1.14569	2066	0	5
2023.06.19	15:00:00	1.14568	1.14696	1.14549	1.14684	2274	0	8
2023.06.19	16:00:00	1.14683	1.14760	1.14663	1.14734	2487	0	7
2023.06.19	17:00:00	1.14733	1.14825	1.14644	1.14669	2957	0	4
2023.06.19	18:00:00	1.14670	1.14731	1.14589	1.14638	1682	0	7
2023.06.19	19:00:00	1.14636	1.14665	1.14462	1.14489	1499	0	8
2023.06.19	20:00:00	1.14486	1.14564	1.14485	1.14543	934	0	4
2023.06.19	21:00:00	1.14540	1.14565	1.14520	1.14530	442	0	10
2023.06.19	22:00:00	1.14530	1.14555	1.14522	1.14540	491	0	13
2023.06.19	23:00:00	1.14541	1.14547	1.14474	1.14544	348	0	13
2023.06.20	00:00:00	1.14431	1.14615	1.14387	1.14578	501	0	118
2023.06.20	01:00:00	1.14576	1.14671	1.14518	1.14625	719	0	16
2023.06.20	02:00:00	1.14625	1.14655	1.14601	1.14607	758	0	12
2023.06.20	03:00:00	1.14605	1.14738	1.14602	1.14714	1689	0	6
2023.06.20	04:00:00	1.14714	1.14760	1.14597	1.14621	2308	0	10
2023.06.20	05:00:00	1.14620	1.14692	1.14613	1.14670	2105	0	9
2023.06.20	06:00:00	1.14670	1.14684	1.14640	1.14680	1098	0	10
2023.06.20	07:00:00	1.14679	1.14698	1.14644	1.14646	1948	0	12
2023.06.20	08:00:00	1.14645	1.14660	1.14582	1.14585	2587	0	6
2023.06.20	09:00:00	1.14605	1.14645	1.14490	1.14619	3517	0	7
2023.06.20	10:00:00	1.14618	1.14882	1.14563	1.14661	4975	0	4
2023.06.20	11:00:00	1.14660	1.14740	1.14571	1.14648	4203	0	4
2023.06.20	12:00:00	1.14649	1.14702	1.14522	1.14522	3218	0	7
2023.06.20	13:00:00	1.14520	1.14593	1.14433	1.14593	3015	0	4
2023.06.20	14:00:00	1.14593	1.14595	1.14407	1.14429	2631	0	5
2023.06.20	15:00:00	1.14426	1.14449	1.14277	1.14335	4436	0	5
2023.06.20	16:00:00	1.14332	1.14420	1.14276	1.14280	5188	0	5
2023.06.20	17:00:00	1.14280	1.14487	1.14243	1.14485	5557	0	5
2023.06.20	18:00:00	1.14484	1.14561	1.14422	1.14477	4014	0	4
2023.06.20	19:00:00	1.14477	1.14596	1.14436	1.14566	2775	0	4
2023.06.20	20:00:00	1.14566	1.14576	1.14512	1.14541	1762	0	6
2023.06.20	21:00:00	1.14541	1.14582	1.14506	1.14557	1649	0	9
2023.06.20	22:00:00	1.14558	1.14637	1.14517	1.14631	1197	0	8
2023.06.20	23:00:00	1.14632	1.14638	1.14583	1.14588	764	0	9
2023.06.21	00:00:00	1.14534	1.14584	1.14502	1.14551	206	0	69
2023.06.21	01:00:00	1.14569	1.14593	1.14543	1.14569	949	0	15
2023.06.21	02:00:00	1.14567	1.14596	1.14556	1.14594	594	0	7
2023.06.21	03:00:00	1.14592	1.14625	1.14567	1.14589	1441	0	10
2023.06.21	04:00:00	1.14592	1.14648	1.14566	1.14646	1811	0	8
2023.06.21	05:00:00	1.14647	1.14685	1.14639	1.14647	1724	0	6
2023.06.21	06:00:00	1.14650	1.14670	1.14636	1.14667	1221	0	4
2023.06.21	07:00:00	1.14668	1.14687	1.14645	1.14672	1261	0	9
2023.06.21	08:00:00	1.14675	1.14690	1.14613	1.14634	1777	0	6
2023.06.21	09:00:00	1.14639	1.15046	1.14611	1.14894	6481	0	4
2023.06.21	10:00:00	1.14896	1.14902	1.14434	1.14502	4695	0	4
2023.06.21	11:00:00	1.14503	1.14550	1.14077	1.14077	5410	0	4
2023.06.21	12:00:00	1.14077	1.14195	1.14000	1.14033	3366	0	6
2023.06.21	13:00:00	1.14034	1.14104	1.13915	1.13989	3301	0	4
2023.06.21	14:00:00	1.13990	1.14254	1.13976	1.14212	3330	0	4
2023.06.21	15:00:00	1.14212	1.14310	1.14174	1.14303	5520	0	4
2023.06.21	16:00:00	1.14306	1.14337	1.14217	1.14252	5889	0	4
2023.06.21	17:00:00	1.14252	1.14277	1.13885	1.13938	7077	0	4
2023.06.21	18:00:00	1.13936	1.14015	1.13804	1.13988	4958	0	4
2023.06.21	19:00:00	1.13990	1.14078	1.13963	1.14045	2802	0	6
2023.06.21	20:00:00	1.14047	1.14086	1.14014	1.14059	2527	0	6
2023.06.21	21:00:00	1.14058	1.14088	1.14023	1.14045	2391	0	5
2023.06.21	22:00:00	1.14048	1.14097	1.14026	1.14076	2135	0	5
2023.06.21	23:00:00	1.14074	1.14092	1.13965	1.14001	751	0	6
2023.06.22	00:00:00	1.13917	1.13980	1.13917	1.13955	155	0	81
2023.06.22	01:00:00	1.13953	1.14003	1.13923	1.13949	1049	0	13
2023.06.22	02:00:00	1.13946	1.13993	1.13944	1.13976	569	0	13
2023.06.22	03:00:00	1.13975	1.13979	1.13925	1.13957	1548	0	7
2023.06.22	04:00:00	1.13957	1.13971	1.13889	1.13897	1233	0	10
2023.06.22	05:00:00	1.13896	1.13926	1.13872	1.13902	1057	0	8
2023.06.22	06:00:00	1.13902	1.13920	1.13879	1.13907	997	0	11
2023.06.22	07:00:00	1.13906	1.13943	1.13871	1.13895	1334	0	10
2023.06.22	08:00:00	1.13894	1.13915	1.13858	1.13859	1522	0	9
2023.06.22	09:00:00	1.13859	1.13958	1.13783	1.13795	2990	0	5
2023.06.22	10:00:00	1.13796	1.14171	1.13562	1.13992	6944	0	4
2023.06.22	11:00:00	1.13990	1.14302	1.13985	1.14216	5328	0	5
2023.06.22	12:00:00	1.14216	1.14358	1.14207	1.14248	3756	0	6
2023.06.22	13:00:00	1.14249	1.14296	1.14121	1.14135	3255	0	5
2023.06.22	14:00:00	1.14135	1.14627	1.13759	1.14218	8780	0	4
2023.06.22	15:00:00	1.14213	1.14299	1.14038	1.14155	6742	0	4
2023.06.22	16:00:00	1.14156	1.14209	1.13951	1.14188	7160	0	4
2023.06.22	17:00:00	1.14188	1.14329	1.14086	1.14308	6413	0	4
2023.06.22	18:00:00	1.14307	1.14327	1.14163	1.14304	4565	0	4
2023.06.22	19:00:00	1.14302	1.14339	1.14154	1.14200	2831	0	5
2023.06.22	20:00:00	1.14200	1.14222	1.14106	1.14188	2074	0	6
2023.06.22	21:00:00	1.14190	1.14226	1.14163	1.14226	1715	0	9
2023.06.22	22:00:00	1.14224	1.14226	1.14046	1.14050	2026	0	5
2023.06.22	23:00:00	1.14052	1.14111	1.14049	1.14076	895	0	5
2023.06.23	00:00:00	1.13984	1.14029	1.13909	1.13941	2220	0	61
2023.06.23	01:00:00	1.13959	1.14089	1.13941	1.14086	1131	0	8
2023.06.23	02:00:00	1.14087	1.14104	1.14062	1.14077	730	0	10
2023.06.23	03:00:00	1.14076	1.14116	1.14055	1.14099	1570	0	9
2023.06.23	04:00:00	1.14101	1.14118	1.13987	1.14024	1895	0	4
2023.06.23	05:00:00	1.14024	1.14061	1.13996	1.14046	2031	0	7
2023.06.23	06:00:00	1.14044	1.14049	1.13980	1.14025	1408	0	9
2023.06.23	07:00:00	1.14026	1.14053	1.13953	1.13999	1656	0	4
2023.06.23	08:00:00	1.14000	1.14052	1.13979	1.14013	2061	0	4
2023.06.23	09:00:00	1.14018	1.14280	1.14018	1.14229	3504	0	4
2023.06.23	10:00:00	1.14233	1.14520	1.14191	1.14381	7265	0	4
2023.06.23	11:00:00	1.14376	1.14446	1.14102	1.14360	5740	0	4
2023.06.23	12:00:00	1.14360	1.14443	1.14274	1.14422	4468	0	6
2023.06.23	13:00:00	1.14423	1.14477	1.14287	1.14371	3284	0	4
2023.06.23	14:00:00	1.14373	1.14401	1.14244	1.14295	2898	0	4
2023.06.23	15:00:00	1.14294	1.14354	1.13867	1.13915	4926	0	4
2023.06.23	16:00:00	1.13915	1.14075	1.13795	1.14054	6067	0	4
2023.06.23	17:00:00	1.14055	1.14163	1.13900	1.14163	6723	0	4
2023.06.23	18:00:00	1.14160	1.14162	1.14009	1.14026	4019	0	4
2023.06.23	19:00:00	1.14023	1.14062	1.13960	1.14044	2819	0	6
2023.06.23	20:00:00	1.14044	1.14096	1.14037	1.14063	2365	0	6
2023.06.23	21:00:00	1.14059	1.14081	1.14014	1.14040	2230	0	6
2023.06.23	22:00:00	1.14039	1.14092	1.13982	1.14073	1631	0	7
2023.06.23	23:00:00	1.14070	1.14135	1.13996	1.14000	2591	0	4
2023.06.26	00:00:00	1.13888	1.13904	1.13822	1.13862	1039	0	238
2023.06.26	01:00:00	1.13862	1.14000	1.13862	1.13942	652	0	22
2023.06.26	02:00:00	1.13933	1.14056	1.13933	1.14021	922	0	12
2023.06.26	03:00:00	1.14024	1.14102	1.13987	1.14099	2255	0	7
2023.06.26	04:00:00	1.14101	1.14129	1.14044	1.14061	1926	0	9
2023.06.26	05:00:00	1.14061	1.14095	1.14049	1.14083	1458	0	11
2023.06.26	06:00:00	1.14084	1.14099	1.14036	1.14046	1274	0	10
2023.06.26	07:00:00	1.14046	1.14080	1.14031	1.14068	908	0	9
2023.06.26	08:00:00	1.14069	1.14106	1.14033	1.14051	1584	0	9
2023.06.26	09:00:00	1.14049	1.14095	1.13956	1.13983	3202	0	7
2023.06.26	10:00:00	1.13978	1.14096	1.13927	1.14068	4352	0	4
2023.06.26	11:00:00	1.14067	1.14115	1.13976	1.14012	4092	0	4
2023.06.26	12:00:00	1.14014	1.14066	1.13850	1.13873	3166	0	6
2023.06.26	13:00:00	1.13874	1.13881	1.13465	1.13515	3390	0	4
2023.06.26	14:00:00	1.13513	1.13546	1.13176	1.13376	3691	0	4
2023.06.26	15:00:00	1.13377	1.13534	1.13318	1.13483	3296	0	4
2023.06.26	16:00:00	1.13480	1.13629	1.13439	1.13626	3624	0	4
2023.06.26	17:00:00	1.13624	1.13749	1.13539	1.13742	4629	0	4
2023.06.26	18:00:00	1.13739	1.13853	1.13712	1.13816	3259	0	4
2023.06.26	19:00:00	1.13814	1.13857	1.13793	1.13838	2025	0	4
2023.06.26	20:00:00	1.13836	1.13886	1.13822	1.13833	1421	0	4
2023.06.26	21:00:00	1.13834	1.13899	1.13822	1.13828	1378	0	4
2023.06.26	22:00:00	1.13831	1.13902	1.13808	1.13816	1298	0	7
2023.06.26	23:00:00	1.13816	1.13877	1.13815	1.13863	447	0	7
2023.06.27	00:00:00	1.13808	1.13808	1.13594	1.13782	256	0	75
2023.06.27	01:00:00	1.13769	1.13862	1.13749	1.13834	4982	0	13
2023.06.27	02:00:00	1.13836	1.13873	1.13818	1.13856	676	0	11
2023.06.27	03:00:00	1.13856	1.13906	1.13844	1.13894	1298	0	4
2023.06.27	04:00:00	1.13895	1.13922	1.13834	1.13844	2416	0	9
2023.06.27	05:00:00	1.13845	1.13920	1.13842	1.13911	1678	0	9
2023.06.27	06:00:00	1.13910	1.13927	1.13866	1.13883	1389	0	10
2023.06.27	07:00:00	1.13883	1.13939	1.13858	1.13925	1423	0	5
2023.06.27	08:00:00	1.13926	1.14047	1.13926	1.14033	1968	0	4
2023.06.27	09:00:00	1.14037	1.14116	1.13953	1.14028	3263	0	4
2023.06.27	10:00:00	1.14031	1.14051	1.13851	1.13893	3472	0	4
2023.06.27	11:00:00	1.13892	1.13963	1.13832	1.13960	3726	0	4
2023.06.27	12:00:00	1.13960	1.13988	1.13781	1.13830	3115	0	4
2023.06.27	13:00:00	1.13830	1.13901	1.13797	1.13861	2845	0	4
2023.06.27	14:00:00	1.13860	1.13872	1.13749	1.13870	2681	0	4
2023.06.27	15:00:00	1.13866	1.13873	1.13667	1.13755	4860	0	5
2023.06.27	16:00:00	1.13756	1.14033	1.13740	1.13993	5936	0	4
2023.06.27	17:00:00	1.13996	1.14327	1.13963	1.14183	7317	0	4
2023.06.27	18:00:00	1.14184	1.14217	1.13994	1.13998	4019	0	5
2023.06.27	19:00:00	1.13997	1.14033	1.13891	1.13918	2335	0	6
2023.06.27	20:00:00	1.13914	1.13940	1.13802	1.13846	2184	0	4
2023.06.27	21:00:00	1.13844	1.13873	1.13818	1.13865	1472	0	6
2023.06.27	22:00:00	1.13866	1.13960	1.13847	1.13922	1344	0	7
2023.06.27	23:00:00	1.13919	1.13931	1.13883	1.13923	750	0	9
2023.06.28	00:00:00	1.13879	1.13898	1.13830	1.13871	125	0	56
2023.06.28	01:00:00	1.13858	1.13920	1.13849	1.13912	625	0	12
2023.06.28	02:00:00	1.13912	1.13933	1.13888	1.13911	637	0	13
2023.06.28	03:00:00	1.13913	1.13933	1.13863	1.13882	2007	0	9
2023.06.28	04:00:00	1.13885	1.13896	1.13817	1.13860	2728	0	8
2023.06.28	05:00:00	1.13860	1.13879	1.13823	1.13836	1639	0	9
2023.06.28	06:00:00	1.13837	1.13855	1.13821	1.13832	1118	0	11
2023.06.28	07:00:00	1.13832	1.13839	1.13795	1.13801	1288	0	11
2023.06.28	08:00:00	1.13801	1.13838	1.13782	1.13827	1821	0	4
2023.06.28	09:00:00	1.13832	1.13900	1.13810	1.13877	2749	0	4
2023.06.28	10:00:00	1.13874	1.13991	1.13804	1.13947	3556	0	6
2023.06.28	11:00:00	1.13948	1.14022	1.13680	1.13734	4094	0	4
2023.06.28	12:00:00	1.13734	1.13799	1.13678	1.13745	3611	0	4
2023.06.28	13:00:00	1.13746	1.13824	1.13681	1.13728	3003	0	6
2023.06.28	14:00:00	1.13727	1.13860	1.13527	1.13624	3331	0	4
2023.06.28	15:00:00	1.13629	1.13676	1.13432	1.13580	5382	0	4
2023.06.28	16:00:00	1.13579	1.13591	1.13253	1.13322	6310	0	4
2023.06.28	17:00:00	1.13324	1.13377	1.13150	1.13177	6006	0	4
2023.06.28	18:00:00	1.13184	1.13414	1.13160	1.13406	4019	0	4
2023.06.28	19:00:00	1.13406	1.13427	1.13303	1.13383	2647	0	6
2023.06.28	20:00:00	1.13382	1.13404	1.13284	1.13330	1896	0	4
2023.06.28	21:00:00	1.13329	1.13369	1.13309	1.13366	1068	0	4
2023.06.28	22:00:00	1.13370	1.13393	1.13333	1.13355	1149	0	5
2023.06.28	23:00:00	1.13357	1.13359	1.13321	1.13341	798	0	9
2023.06.29	00:00:00	1.13296	1.13328	1.13182	1.13254	143	0	74
2023.06.29	01:00:00	1.13262	1.13344	1.13249	1.13335	505	0	16
2023.06.29	02:00:00	1.13336	1.13364	1.13327	1.13361	460	0	14
2023.06.29	03:00:00	1.13361	1.13369	1.13307	1.13349	1275	0	5
2023.06.29	04:00:00	1.13347	1.13393	1.13338	1.13392	2818	0	5
2023.06.29	05:00:00	1.13390	1.13434	1.13377	1.13407	1636	0	8
2023.06.29	06:00:00	1.13408	1.13421	1.13383	1.13393	1203	0	10
2023.06.29	07:00:00	1.13393	1.13402	1.13364	1.13397	909	0	9
2023.06.29	08:00:00	1.13397	1.13408	1.13352	1.13394	1663	0	9
2023.06.29	09:00:00	1.13395	1.13541	1.13362	1.13538	2833	0	4
2023.06.29	10:00:00	1.13539	1.13551	1.13415	1.13485	3559	0	4
2023.06.29	11:00:00	1.13486	1.13527	1.13359	1.13411	3761	0	4
2023.06.29	12:00:00	1.13414	1.13478	1.13335	1.13375	2510	0	4
2023.06.29	13:00:00	1.13375	1.13429	1.13317	1.13348	2439	0	5
2023.06.29	14:00:00	1.13348	1.13358	1.13176	1.13196	2182	0	6
2023.06.29	15:00:00	1.13198	1.13355	1.13190	1.13240	6257	0	4
2023.06.29	16:00:00	1.13243	1.13363	1.13215	1.13270	6042	0	4
2023.06.29	17:00:00	1.13266	1.13413	1.13164	1.13173	6666	0	4
2023.06.29	18:00:00	1.13175	1.13353	1.13169	1.13344	4138	0	5
2023.06.29	19:00:00	1.13343	1.13479	1.13330	1.13475	2588	0	6
2023.06.29	20:00:00	1.13473	1.13481	1.13386	1.13419	1671	0	7
2023.06.29	21:00:00	1.13418	1.13500	1.13403	1.13492	1421	0	6
2023.06.29	22:00:00	1.13494	1.13513	1.13433	1.13486	1184	0	9
2023.06.29	23:00:00	1.13485	1.13494	1.13427	1.13434	646	0	8
2023.06.30	00:00:00	1.13346	1.13419	1.13330	1.13361	176	0	93
2023.06.30	01:00:00	1.13360	1.13455	1.13350	1.13430	669	0	12
2023.06.30	02:00:00	1.13430	1.13431	1.13393	1.13415	496	0	8
2023.06.30	03:00:00	1.13414	1.13474	1.13395	1.13395	1508	0	10
2023.06.30	04:00:00	1.13396	1.13443	1.13373	1.13414	2052	0	8
2023.06.30	05:00:00	1.13416	1.13429	1.13380	1.13389	1624	0	8
2023.06.30	06:00:00	1.13388	1.13403	1.13369	1.13372	1133	0	10
2023.06.30	07:00:00	1.13372	1.13447	1.13372	1.13433	1241	0	8
2023.06.30	08:00:00	1.13433	1.13502	1.13425	1.13467	1658	0	9
2023.06.30	09:00:00	1.13469	1.13518	1.13368	1.13434	3124	0	8
2023.06.30	10:00:00	1.13432	1.13741	1.13422	1.13709	3787	0	4
2023.06.30	11:00:00	1.13710	1.13789	1.13636	1.13679	3550	0	5
2023.06.30	12:00:00	1.13683	1.13915	1.13594	1.13908	3445	0	4
2023.06.30	13:00:00	1.13910	1.13978	1.13825	1.13932	2830	0	4
2023.06.30	14:00:00	1.13930	1.13986	1.13845	1.13984	2302	0	8
2023.06.30	15:00:00	1.13983	1.14052	1.13821	1.13883	6087	0	4
2023.06.30	16:00:00	1.13883	1.13910	1.13751	1.13807	5625	0	4
2023.06.30	17:00:00	1.13810	1.13854	1.13621	1.13744	7654	0	4
2023.06.30	18:00:00	1.13745	1.13805	1.13667	1.13701	4626	0	4
2023.06.30	19:00:00	1.13704	1.13854	1.13688	1.13770	2832	0	4
2023.06.30	20:00:00	1.13768	1.13775	1.13668	1.13675	1925	0	5
2023.06.30	21:00:00	1.13677	1.13682	1.13578	1.13608	1516	0	7
2023.06.30	22:00:00	1.13604	1.13726	1.13587	1.13646	2229	0	7
2023.06.30	23:00:00	1.13647	1.13689	1.13575	1.13591	2008	0	4
2023.07.03	00:00:00	1.13534	1.13548	1.13420	1.13466	422	0	279
2023.07.03	01:00:00	1.13477	1.13681	1.13470	1.13648	501	0	27
2023.07.03	02:00:00	1.13641	1.13680	1.13601	1.13629	848	0	4
2023.07.03	03:00:00	1.13632	1.13669	1.13620	1.13655	1668	0	8
2023.07.03	04:00:00	1.13654	1.13713	1.13620	1.13673	2216	0	8
2023.07.03	05:00:00	1.13671	1.13696	1.13650	1.13676	988	0	5
2023.07.03	06:00:00	1.13677	1.13716	1.13657	1.13659	1257	0	12
2023.07.03	07:00:00	1.13658	1.13698	1.13643	1.13654	2468	0	11
2023.07.03	08:00:00	1.13656	1.13748	1.13553	1.13715	1616	0	4
2023.07.03	09:00:00	1.13716	1.13969	1.13629	1.13894	3614	0	4
2023.07.03	10:00:00	1.13893	1.13916	1.13750	1.13854	3479	0	6
2023.07.03	11:00:00	1.13854	1.13959	1.13790	1.13894	2874	0	4
2023.07.03	12:00:00	1.13893	1.14073	1.13893	1.13977	2610	0	4
2023.07.03	13:00:00	1.13976	1.14084	1.13942	1.13992	2426	0	4
2023.07.03	14:00:00	1.13994	1.14022	1.13841	1.13949	3076	0	4
2023.07.03	15:00:00	1.13948	1.14033	1.13922	1.14019	2869	0	4
2023.07.03	16:00:00	1.14020	1.14047	1.13849	1.13906	4169	0	4
2023.07.03	17:00:00	1.13905	1.13978	1.13679	1.13700	6228	0	4
2023.07.03	18:00:00	1.13700	1.13769	1.13629	1.13689	3833	0	4
2023.07.03	19:00:00	1.13687	1.13806	1.13681	1.13782	1952	0	6
2023.07.03	20:00:00	1.13780	1.13806	1.13698	1.13702	867	0	4
2023.07.03	21:00:00	1.13702	1.13765	1.13689	1.13750	879	0	6
2023.07.03	22:00:00	1.13750	1.13781	1.13718	1.13764	501	0	10
2023.07.03	23:00:00	1.13761	1.13778	1.13730	1.13743	381	0	11
2023.07.04	00:00:00	1.13614	1.13720	1.13613	1.13669	145	0	110
2023.07.04	01:00:00	1.13669	1.13764	1.13655	1.13731	597	0	38
2023.07.04	02:00:00	1.13716	1.13772	1.13709	1.13709	1367	0	14
2023.07.04	03:00:00	1.13708	1.13809	1.13692	1.13808	959	0	13
2023.07.04	04:00:00	1.13808	1.13810	1.13727	1.13804	1241	0	8
2023.07.04	05:00:00	1.13806	1.13814	1.13717	1.13724	1147	0	8
2023.07.04	06:00:00	1.13722	1.13760	1.13705	1.13741	937	0	9
2023.07.04	07:00:00	1.13740	1.13825	1.13740	1.13789	1458	0	8
2023.07.04	08:00:00	1.13788	1.13824	1.13772	1.13794	1163	0	8
2023.07.04	09:00:00	1.13793	1.13860	1.13732	1.13743	2226	0	4
2023.07.04	10:00:00	1.13745	1.13834	1.13712	1.13811	2614	0	6
2023.07.04	11:00:00	1.13812	1.13852	1.13677	1.13725	2830	0	4
2023.07.04	12:00:00	1.13725	1.13747	1.13610	1.13676	2488	0	4
2023.07.04	13:00:00	1.13678	1.13844	1.13666	1.13812	1839	0	4
2023.07.04	14:00:00	1.13812	1.13978	1.13802	1.13926	1683	0	4
2023.07.04	15:00:00	1.13927	1.14040	1.13914	1.14017	1657	0	5
2023.07.04	16:00:00	1.14015	1.14025	1.13912	1.13944	1838	0	4
2023.07.04	17:00:00	1.13944	1.14029	1.13934	1.13999	1595	0	4
2023.07.04	18:00:00	1.14000	1.14069	1.13967	1.14027	1249	0	7
2023.07.04	19:00:00	1.14025	1.14055	1.13964	1.14000	1030	0	9
2023.07.04	20:00:00	1.13998	1.14042	1.13972	1.14038	488	0	6
2023.07.04	21:00:00	1.14037	1.14095	1.14004	1.14015	846	0	8
2023.07.04	22:00:00	1.14016	1.14124	1.14016	1.14082	875	0	5
2023.07.04	23:00:00	1.14082	1.14105	1.14048	1.14049	651	0	13
2023.07.05	00:00:00	1.13985	1.14038	1.13928	1.14024	55	0	53
2023.07.05	01:00:00	1.14024	1.14052	1.13956	1.14041	1095	0	16
2023.07.05	02:00:00	1.14042	1.14052	1.14023	1.14045	473	0	12
2023.07.05	03:00:00	1.14043	1.14054	1.13975	1.13981	874	0	6
2023.07.05	04:00:00	1.13979	1.14032	1.13967	1.14002	1350	0	9
2023.07.05	05:00:00	1.14002	1.14019	1.13987	1.14002	1294	0	4
2023.07.05	06:00:00	1.14002	1.14022	1.13970	1.14019	678	0	10
2023.07.05	07:00:00	1.14019	1.14053	1.14012	1.14035	724	0	10
2023.07.05	08:00:00	1.14034	1.14092	1.13977	1.13985	1361	0	4
2023.07.05	09:00:00	1.13985	1.14143	1.13970	1.14117	2580	0	4
2023.07.05	10:00:00	1.14113	1.14165	1.13937	1.14032	3518	0	5
2023.07.05	11:00:00	1.14031	1.14186	1.13992	1.14152	4248	0	4
2023.07.05	12:00:00	1.14151	1.14254	1.14104	1.14228	2890	0	4
2023.07.05	13:00:00	1.14227	1.14259	1.14076	1.14080	2217	0	4
2023.07.05	14:00:00	1.14079	1.14175	1.14037	1.14162	2107	0	7
2023.07.05	15:00:00	1.14163	1.14200	1.14072	1.14119	3263	0	5
2023.07.05	16:00:00	1.14119	1.14164	1.14070	1.14142	4112	0	5
2023.07.05	17:00:00	1.14142	1.14246	1.14119	1.14145	4599	0	4
2023.07.05	18:00:00	1.14155	1.14175	1.14086	1.14118	2856	0	4
2023.07.05	19:00:00	1.14118	1.14226	1.14080	1.14159	1621	0	4
2023.07.05	20:00:00	1.14157	1.14173	1.14101	1.14116	1275	0	7
2023.07.05	21:00:00	1.14107	1.14141	1.14066	1.14105	2407	0	7
2023.07.05	22:00:00	1.14106	1.14172	1.14087	1.14147	1447	0	8
2023.07.05	23:00:00	1.14148	1.14180	1.14141	1.14169	809	0	7
2023.07.06	00:00:00	1.13949	1.14137	1.13949	1.14105	228	0	80
2023.07.06	01:00:00	1.14101	1.14172	1.14075	1.14138	492	0	14
2023.07.06	02:00:00	1.14139	1.14178	1.14129	1.14149	541	0	13
2023.07.06	03:00:00	1.14153	1.14167	1.14089	1.14111	1389	0	4
2023.07.06	04:00:00	1.14110	1.14140	1.14074	1.14127	1587	0	8
2023.07.06	05:00:00	1.14127	1.14170	1.14109	1.14135	1503	0	9
2023.07.06	06:00:00	1.14136	1.14141	1.14055	1.14055	1303	0	6
2023.07.06	07:00:00	1.14055	1.14158	1.14044	1.14137	2016	0	6
2023.07.06	08:00:00	1.14139	1.14152	1.14053	1.14053	1837	0	6
2023.07.06	09:00:00	1.14065	1.14099	1.13983	1.14070	3655	0	6
2023.07.06	10:00:00	1.14071	1.14270	1.13975	1.14240	4497	0	5
2023.07.06	11:00:00	1.14240	1.14312	1.14076	1.14076	3996	0	4
2023.07.06	12:00:00	1.14077	1.14306	1.13985	1.14292	3297	0	4
2023.07.06	13:00:00	1.14290	1.14496	1.14253	1.14439	3710	0	4
2023.07.06	14:00:00	1.14440	1.14450	1.14265	1.14373	2841	0	4
2023.07.06	15:00:00	1.14374	1.14480	1.14289	1.14410	8672	0	4
2023.07.06	16:00:00	1.14411	1.14530	1.14150	1.14182	7228	0	4
2023.07.06	17:00:00	1.14183	1.14254	1.13812	1.13846	7999	0	4
2023.07.06	18:00:00	1.13846	1.14055	1.13815	1.14029	4741	0	4
2023.07.06	19:00:00	1.14030	1.14108	1.13997	1.14079	3516	0	4
2023.07.06	20:00:00	1.14081	1.14098	1.14031	1.14063	2239	0	6
2023.07.06	21:00:00	1.14062	1.14170	1.14056	1.14163	1595	0	8
2023.07.06	22:00:00	1.14162	1.14162	1.14102	1.14104	1419	0	10
2023.07.06	23:00:00	1.14104	1.14117	1.14036	1.14057	995	0	9
2023.07.07	00:00:00	1.14005	1.14056	1.13943	1.14015	113	0	77
2023.07.07	01:00:00	1.14025	1.14070	1.13999	1.14063	669	0	15
2023.07.07	02:00:00	1.14065	1.14093	1.14045	1.14078	477	0	13
2023.07.07	03:00:00	1.14080	1.14152	1.14069	1.14138	1323	0	8
2023.07.07	04:00:00	1.14138	1.14144	1.14111	1.14136	1250	0	9
2023.07.07	05:00:00	1.14136	1.14142	1.14033	1.14035	972	0	8
2023.07.07	06:00:00	1.14035	1.14126	1.14024	1.14123	1548	0	6
2023.07.07	07:00:00	1.14125	1.14143	1.14101	1.14129	1143	0	7
2023.07.07	08:00:00	1.14131	1.14175	1.14097	1.14159	1858	0	8
2023.07.07	09:00:00	1.14160	1.14166	1.14037	1.14071	2608	0	6
2023.07.07	10:00:00	1.14073	1.14108	1.13987	1.14048	3692	0	6
2023.07.07	11:00:00	1.14048	1.14166	1.14033	1.14065	3616	0	5
2023.07.07	12:00:00	1.14068	1.14214	1.14001	1.14199	3662	0	5
2023.07.07	13:00:00	1.14201	1.14309	1.14164	1.14253	2911	0	5
2023.07.07	14:00:00	1.14253	1.14336	1.14214	1.14286	2398	0	4
2023.07.07	15:00:00	1.14287	1.14428	1.14126	1.14149	8448	0	4
2023.07.07	16:00:00	1.14151	1.14196	1.14064	1.14164	8296	0	4
2023.07.07	17:00:00	1.14165	1.14216	1.14043	1.14134	6117	0	4
2023.07.07	18:00:00	1.14133	1.14208	1.14092	1.14099	3844	0	4
2023.07.07	19:00:00	1.14098	1.14125	1.13992	1.14093	2939	0	4
2023.07.07	20:00:00	1.14095	1.14096	1.14000	1.14024	2134	0	6
2023.07.07	21:00:00	1.14026	1.14080	1.14016	1.14072	1485	0	7
2023.07.07	22:00:00	1.14075	1.14102	1.14041	1.14045	1370	0	8
2023.07.07	23:00:00	1.14047	1.14149	1.14041	1.14141	965	0	9
2023.07.10	00:00:00	1.13892	1.13991	1.13889	1.13955	619	0	279
2023.07.10	01:00:00	1.13967	1.14132	1.13967	1.14104	1036	0	9
2023.07.10	02:00:00	1.14106	1.14154	1.14100	1.14125	635	0	10
2023.07.10	03:00:00	1.14125	1.14158	1.14073	1.14079	1665	0	4
2023.07.10	04:00:00	1.14080	1.14147	1.14073	1.14103	2061	0	9
2023.07.10	05:00:00	1.14102	1.14139	1.14078	1.14095	1623	0	9
2023.07.10	06:00:00	1.14094	1.14114	1.14072	1.14095	1251	0	9
2023.07.10	07:00:00	1.14095	1.14138	1.14068	1.14107	1024	0	12
2023.07.10	08:00:00	1.14108	1.14152	1.14071	1.14115	1612	0	6
2023.07.10	09:00:00	1.14113	1.14122	1.14042	1.14095	2499	0	4
2023.07.10	10:00:00	1.14096	1.14105	1.13960	1.14102	3509	0	6
2023.07.10	11:00:00	1.14105	1.14129	1.13931	1.14002	2669	0	4
2023.07.10	12:00:00	1.13999	1.14028	1.13839	1.13880	2453	0	5
2023.07.10	13:00:00	1.13883	1.13920	1.13758	1.13789	2455	0	5
2023.07.10	14:00:00	1.13789	1.13835	1.13686	1.13764	2575	0	4
2023.07.10	15:00:00	1.13765	1.13792	1.13666	1.13698	3936	0	4
2023.07.10	16:00:00	1.13697	1.13808	1.13690	1.13717	4802	0	4
2023.07.10	17:00:00	1.13717	1.13875	1.13596	1.13846	4852	0	4
2023.07.10	18:00:00	1.13845	1.13902	1.13771	1.13832	3234	0	4
2023.07.10	19:00:00	1.13833	1.13907	1.13832	1.13880	2311	0	4
2023.07.10	20:00:00	1.13881	1.13901	1.13832	1.13844	1320	0	6
2023.07.10	21:00:00	1.13844	1.13869	1.13808	1.13831	1155	0	6
2023.07.10	22:00:00	1.13831	1.13953	1.13820	1.13909	1195	0	6
2023.07.10	23:00:00	1.13907	1.13913	1.13843	1.13845	578	0	6
2023.07.11	00:00:00	1.13831	1.13887	1.13773	1.13816	286	0	73
2023.07.11	01:00:00	1.13816	1.13903	1.13783	1.13885	646	0	8
2023.07.11	02:00:00	1.13888	1.13901	1.13860	1.13864	465	0	7
2023.07.11	03:00:00	1.13865	1.13893	1.13815	1.13887	1179	0	6
2023.07.11	04:00:00	1.13887	1.13899	1.13854	1.13869	1285	0	9
2023.07.11	05:00:00	1.13866	1.13877	1.13789	1.13852	1346	0	6
2023.07.11	06:00:00	1.13852	1.13895	1.13844	1.13877	1091	0	10
2023.07.11	07:00:00	1.13876	1.13912	1.13853	1.13879	1034	0	9
2023.07.11	08:00:00	1.13879	1.13941	1.13820	1.13859	1984	0	9
2023.07.11	09:00:00	1.13858	1.14007	1.13788	1.13823	4320	0	4
2023.07.11	10:00:00	1.13823	1.13869	1.13539	1.13594	4512	0	4
2023.07.11	11:00:00	1.13593	1.13677	1.13537	1.13618	3290	0	4
2023.07.11	12:00:00	1.13621	1.13983	1.13621	1.13969	3202	0	4
2023.07.11	13:00:00	1.13971	1.14016	1.13823	1.13841	2619	0	4
2023.07.11	14:00:00	1.13840	1.13924	1.13762	1.13897	3110	0	4
2023.07.11	15:00:00	1.13896	1.13952	1.13790	1.13917	3448	0	4
2023.07.11	16:00:00	1.13917	1.13940	1.13816	1.13844	4025	0	4
2023.07.11	17:00:00	1.13844	1.13846	1.13688	1.13765	4083	0	4
2023.07.11	18:00:00	1.13765	1.13792	1.13547	1.13588	3307	0	4
2023.07.11	19:00:00	1.13586	1.13710	1.13541	1.13710	2499	0	4
2023.07.11	20:00:00	1.13710	1.13755	1.13642	1.13666	1473	0	6
2023.07.11	21:00:00	1.13670	1.13759	1.13661	1.13753	1369	0	6
2023.07.11	22:00:00	1.13755	1.13760	1.13720	1.13757	1316	0	6
2023.07.11	23:00:00	1.13756	1.13764	1.13709	1.13715	714	0	8
2023.07.12	00:00:00	1.13658	1.13720	1.13648	1.13673	132	0	103
2023.07.12	01:00:00	1.13673	1.13724	1.13622	1.13703	520	0	8
2023.07.12	02:00:00	1.13708	1.13723	1.13654	1.13659	531	0	7
2023.07.12	03:00:00	1.13658	1.13729	1.13646	1.13716	2192	0	7
2023.07.12	04:00:00	1.13716	1.13812	1.13705	1.13802	2205	0	6
2023.07.12	05:00:00	1.13800	1.13846	1.13788	1.13827	2050	0	4
2023.07.12	06:00:00	1.13827	1.13846	1.13776	1.13822	1374	0	5
2023.07.12	07:00:00	1.13822	1.13836	1.13771	1.13776	1351	0	8
2023.07.12	08:00:00	1.13776	1.13805	1.13695	1.13718	1726	0	9
2023.07.12	09:00:00	1.13708	1.13735	1.13597	1.13607	2677	0	6
2023.07.12	10:00:00	1.13606	1.13714	1.13517	1.13706	3186	0	5
2023.07.12	11:00:00	1.13705	1.13733	1.13541	1.13541	3903	0	5
2023.07.12	12:00:00	1.13540	1.13598	1.13480	1.13538	3273	0	4
2023.07.12	13:00:00	1.13540	1.13550	1.13425	1.13442	2553	0	4
2023.07.12	14:00:00	1.13444	1.13516	1.13392	1.13443	2689	0	4
2023.07.12	15:00:00	1.13442	1.13559	1.13075	1.13266	9285	0	4
2023.07.12	16:00:00	1.13268	1.13310	1.12954	1.12966	6913	0	4
2023.07.12	17:00:00	1.12965	1.13006	1.12563	1.12697	6482	0	4
2023.07.12	18:00:00	1.12698	1.12916	1.12673	1.12717	4574	0	4
2023.07.12	19:00:00	1.12717	1.12784	1.12677	1.12767	3011	0	4
2023.07.12	20:00:00	1.12769	1.12800	1.12623	1.12640	2470	0	5
2023.07.12	21:00:00	1.12641	1.12687	1.12617	1.12624	1963	0	6
2023.07.12	22:00:00	1.12625	1.12710	1.12610	1.12696	1926	0	7
2023.07.12	23:00:00	1.12692	1.12695	1.12647	1.12672	721	0	6
2023.07.13	00:00:00	1.12585	1.12611	1.12468	1.12599	143	0	113
2023.07.13	01:00:00	1.12607	1.12653	1.12584	1.12635	947	0	9
2023.07.13	02:00:00	1.12636	1.12657	1.12622	1.12633	967	0	10
2023.07.13	03:00:00	1.12631	1.12666	1.12573	1.12598	1453	0	7
2023.07.13	04:00:00	1.12607	1.12653	1.12598	1.12641	1520	0	9
2023.07.13	05:00:00	1.12641	1.12677	1.12590	1.12644	1607	0	6
2023.07.13	06:00:00	1.12643	1.12681	1.12620	1.12623	1190	0	5
2023.07.13	07:00:00	1.12622	1.12649	1.12601	1.12617	1235	0	8
2023.07.13	08:00:00	1.12619	1.12656	1.12487	1.12596	1825	0	7
2023.07.13	09:00:00	1.12595	1.12685	1.12275	1.12335	4401	0	4
2023.07.13	10:00:00	1.12333	1.12616	1.12329	1.12471	5013	0	4
2023.07.13	11:00:00	1.12470	1.12717	1.12439	1.12562	4581	0	4
2023.07.13	12:00:00	1.12565	1.12915	1.12506	1.12798	3452	0	4
2023.07.13	13:00:00	1.12799	1.12844	1.12674	1.12746	2872	0	4
2023.07.13	14:00:00	1.12745	1.12807	1.12702	1.12707	2854	0	4
2023.07.13	15:00:00	1.12705	1.12854	1.12609	1.12805	5750	0	4
2023.07.13	16:00:00	1.12806	1.12931	1.12670	1.12688	6054	0	4
2023.07.13	17:00:00	1.12689	1.12702	1.12462	1.12655	4906	0	4
2023.07.13	18:00:00	1.12656	1.12715	1.12518	1.12569	3301	0	4
2023.07.13	19:00:00	1.12567	1.12609	1.12512	1.12596	2440	0	5
2023.07.13	20:00:00	1.12588	1.12696	1.12546	1.12691	1733	0	6
2023.07.13	21:00:00	1.12686	1.12758	1.12645	1.12755	1507	0	6
2023.07.13	22:00:00	1.12757	1.12838	1.12728	1.12814	1867	0	5
2023.07.13	23:00:00	1.12813	1.12829	1.12764	1.12808	873	0	5
2023.07.14	00:00:00	1.12706	1.12816	1.12617	1.12649	938	0	129
2023.07.14	01:00:00	1.12659	1.12817	1.12640	1.12802	823	0	10
2023.07.14	02:00:00	1.12801	1.12816	1.12751	1.12785	774	0	4
2023.07.14	03:00:00	1.12786	1.12809	1.12669	1.12675	1721	0	4
2023.07.14	04:00:00	1.12675	1.12717	1.12599	1.12611	1927	0	6
2023.07.14	05:00:00	1.12611	1.12631	1.12572	1.12616	1376	0	4
2023.07.14	06:00:00	1.12617	1.12645	1.12590	1.12623	1237	0	9
2023.07.14	07:00:00	1.12621	1.12625	1.12558	1.12625	1049	0	8
2023.07.14	08:00:00	1.12620	1.12642	1.12560	1.12632	1800	0	5
2023.07.14	09:00:00	1.12626	1.12654	1.12524	1.12604	3508	0	4
2023.07.14	10:00:00	1.12605	1.12665	1.12522	1.12545	3788	0	6
2023.07.14	11:00:00	1.12543	1.12547	1.12402	1.12506	3139	0	7
2023.07.14	12:00:00	1.12506	1.12655	1.12483	1.12567	2751	0	4
2023.07.14	13:00:00	1.12568	1.12664	1.12509	1.12627	3190	0	4
2023.07.14	14:00:00	1.12629	1.12740	1.12599	1.12702	2624	0	4
2023.07.14	15:00:00	1.12704	1.12916	1.12638	1.12879	4237	0	5
2023.07.14	16:00:00	1.12878	1.13056	1.12820	1.13005	4825	0	4
2023.07.14	17:00:00	1.13005	1.13049	1.12783	1.12817	9081	0	6
2023.07.14	18:00:00	1.12815	1.13043	1.12801	1.12975	3153	0	4
2023.07.14	19:00:00	1.12971	1.13021	1.12914	1.12953	2434	0	5
2023.07.14	20:00:00	1.12955	1.13006	1.12946	1.12950	1669	0	6
2023.07.14	21:00:00	1.12948	1.13005	1.12929	1.12931	971	0	4
2023.07.14	22:00:00	1.12931	1.12953	1.12888	1.12896	1317	0	6
2023.07.14	23:00:00	1.12896	1.12908	1.12815	1.12820	1089	0	10
2023.07.17	00:00:00	1.12600	1.12771	1.12563	1.12761	249	0	279
2023.07.17	01:00:00	1.12760	1.12939	1.12708	1.12837	1063	0	12
2023.07.17	02:00:00	1.12836	1.12845	1.12811	1.12831	760	0	12
2023.07.17	03:00:00	1.12829	1.12852	1.12787	1.12822	1121	0	8
2023.07.17	04:00:00	1.12824	1.12835	1.12738	1.12749	1731	0	7
2023.07.17	05:00:00	1.12748	1.12754	1.12674	1.12722	1200	0	5
2023.07.17	06:00:00	1.12720	1.12739	1.12710	1.12724	900	0	9
2023.07.17	07:00:00	1.12718	1.12736	1.12687	1.12691	770	0	11
2023.07.17	08:00:00	1.12689	1.12713	1.12621	1.12693	1740	0	7
2023.07.17	09:00:00	1.12695	1.12730	1.12448	1.12523	3162	0	4
2023.07.17	10:00:00	1.12529	1.12638	1.12496	1.12593	3017	0	4
2023.07.17	11:00:00	1.12591	1.12593	1.12354	1.12478	2976	0	5
2023.07.17	12:00:00	1.12480	1.12507	1.12264	1.12347	3132	0	5
2023.07.17	13:00:00	1.12346	1.12448	1.12321	1.12349	2099	0	4
2023.07.17	14:00:00	1.12346	1.12440	1.12298	1.12436	2174	0	7
2023.07.17	15:00:00	1.12434	1.12525	1.12377	1.12433	4483	0	5
2023.07.17	16:00:00	1.12433	1.12683	1.12423	1.12572	4773	0	4
2023.07.17	17:00:00	1.12571	1.12631	1.12515	1.12535	3834	0	4
2023.07.17	18:00:00	1.12533	1.12619	1.12463	1.12481	2161	0	6
2023.07.17	19:00:00	1.12481	1.12527	1.12472	1.12508	1202	0	4
2023.07.17	20:00:00	1.12507	1.12576	1.12501	1.12529	1193	0	4
2023.07.17	21:00:00	1.12529	1.12543	1.12458	1.12492	922	0	5
2023.07.17	22:00:00	1.12493	1.12528	1.12445	1.12463	953	0	5
2023.07.17	23:00:00	1.12464	1.12512	1.12413	1.12482	838	0	8
2023.07.18	00:00:00	1.12419	1.12478	1.12320	1.12407	236	0	109
2023.07.18	01:00:00	1.12410	1.12502	1.12402	1.12492	634	0	12
2023.07.18	02:00:00	1.12494	1.12501	1.12450	1.12459	368	0	10
2023.07.18	03:00:00	1.12461	1.12505	1.12454	1.12476	1141	0	9
2023.07.18	04:00:00	1.12476	1.12506	1.12446	1.12456	2903	0	6
2023.07.18	05:00:00	1.12451	1.12461	1.12426	1.12453	1397	0	10
2023.07.18	06:00:00	1.12455	1.12481	1.12429	1.12441	1083	0	10
2023.07.18	07:00:00	1.12440	1.12465	1.12425	1.12428	1012	0	8
2023.07.18	08:00:00	1.12426	1.12457	1.12355	1.12421	1412	0	8
2023.07.18	09:00:00	1.12422	1.12500	1.12299	1.12299	3179	0	6
2023.07.18	10:00:00	1.12298	1.12402	1.12235	1.12243	4751	0	4
2023.07.18	11:00:00	1.12243	1.12408	1.12238	1.12373	4079	0	5
2023.07.18	12:00:00	1.12372	1.12490	1.12371	1.12457	2705	0	5
2023.07.18	13:00:00	1.12456	1.12578	1.12456	1.12569	2683	0	4
2023.07.18	14:00:00	1.12570	1.12574	1.12383	1.12404	3116	0	5
2023.07.18	15:00:00	1.12404	1.12412	1.12217	1.12231	8003	0	4
2023.07.18	16:00:00	1.12228	1.12371	1.12172	1.12262	8766	0	5
2023.07.18	17:00:00	1.12267	1.12447	1.12181	1.12200	6644	0	4
2023.07.18	18:00:00	1.12199	1.12206	1.12006	1.12006	3605	0	4
2023.07.18	19:00:00	1.12007	1.12031	1.11894	1.12029	2349	0	4
2023.07.18	20:00:00	1.12031	1.12037	1.11917	1.11939	1372	0	7
2023.07.18	21:00:00	1.11939	1.11954	1.11829	1.11851	1473	0	6
2023.07.18	22:00:00	1.11850	1.11902	1.11831	1.11856	1324	0	6
2023.07.18	23:00:00	1.11856	1.11862	1.11790	1.11795	685	0	6
2023.07.19	00:00:00	1.11800	1.11834	1.11708	1.11771	344	0	74
2023.07.19	01:00:00	1.11787	1.11820	1.11741	1.11818	520	0	12
2023.07.19	02:00:00	1.11819	1.11824	1.11763	1.11793	646	0	6
2023.07.19	03:00:00	1.11793	1.11799	1.11752	1.11764	1120	0	10
2023.07.19	04:00:00	1.11763	1.11788	1.11722	1.11757	1842	0	7
2023.07.19	05:00:00	1.11755	1.11758	1.11674	1.11695	1790	0	5
2023.07.19	06:00:00	1.11695	1.11736	1.11675	1.11732	951	0	4
2023.07.19	07:00:00	1.11734	1.11739	1.11698	1.11708	1407	0	5
2023.07.19	08:00:00	1.11709	1.11745	1.11660	1.11666	1665	0	4
2023.07.19	09:00:00	1.11671	1.11706	1.10879	1.11207	7919	0	4
2023.07.19	10:00:00	1.11206	1.11233	1.10961	1.11169	5457	0	4
2023.07.19	11:00:00	1.11170	1.11271	1.11032	1.11085	4015	0	4
2023.07.19	12:00:00	1.11082	1.11140	1.11011	1.11103	4263	0	4
2023.07.19	13:00:00	1.11102	1.11126	1.10898	1.10933	2797	0	4
2023.07.19	14:00:00	1.10932	1.10958	1.10712	1.10713	3029	0	4
2023.07.19	15:00:00	1.10714	1.10836	1.10700	1.10788	3681	0	4
2023.07.19	16:00:00	1.10787	1.10802	1.10596	1.10696	4608	0	4
2023.07.19	17:00:00	1.10696	1.10970	1.10691	1.10763	6881	0	4
2023.07.19	18:00:00	1.10762	1.10894	1.10719	1.10876	4025	0	4
2023.07.19	19:00:00	1.10875	1.10972	1.10866	1.10963	2773	0	5
2023.07.19	20:00:00	1.10964	1.11070	1.10963	1.11044	2060	0	4
2023.07.19	21:00:00	1.11044	1.11055	1.10986	1.11026	1343	0	7
2023.07.19	22:00:00	1.11024	1.11095	1.10984	1.11084	1295	0	6
2023.07.19	23:00:00	1.11084	1.11088	1.11049	1.11062	746	0	7
2023.07.20	00:00:00	1.11050	1.11098	1.10917	1.11072	409	0	34
2023.07.20	01:00:00	1.11072	1.11094	1.11006	1.11017	757	0	11
2023.07.20	02:00:00	1.11015	1.11017	1.10981	1.10997	445	0	10
2023.07.20	03:00:00	1.10997	1.11015	1.10960	1.10977	2021	0	6
2023.07.20	04:00:00	1.10977	1.11034	1.10965	1.10994	2389	0	5
2023.07.20	05:00:00	1.10996	1.11005	1.10930	1.10955	1680	0	4
2023.07.20	06:00:00	1.10955	1.10966	1.10889	1.10896	1328	0	7
2023.07.20	07:00:00	1.10892	1.10901	1.10826	1.10855	881	0	9
2023.07.20	08:00:00	1.10857	1.10859	1.10740	1.10778	1625	0	4
2023.07.20	09:00:00	1.10774	1.10859	1.10678	1.10696	2976	0	5
2023.07.20	10:00:00	1.10694	1.10883	1.10632	1.10827	4637	0	4
2023.07.20	11:00:00	1.10827	1.10963	1.10789	1.10898	3147	0	5
2023.07.20	12:00:00	1.10903	1.10917	1.10756	1.10815	3062	0	5
2023.07.20	13:00:00	1.10815	1.10860	1.10662	1.10719	2694	0	4
2023.07.20	14:00:00	1.10719	1.10808	1.10674	1.10739	3103	0	4
2023.07.20	15:00:00	1.10739	1.11006	1.10736	1.11004	6663	0	4
2023.07.20	16:00:00	1.11005	1.11027	1.10873	1.10915	5276	0	4
2023.07.20	17:00:00	1.10909	1.11351	1.10909	1.11223	7098	0	4
2023.07.20	18:00:00	1.11222	1.11443	1.11196	1.11406	3561	0	6
2023.07.20	19:00:00	1.11406	1.11535	1.11357	1.11500	2237	0	6
2023.07.20	20:00:00	1.11501	1.11632	1.11495	1.11558	1525	0	5
2023.07.20	21:00:00	1.11558	1.11570	1.11497	1.11509	1153	0	5
2023.07.20	22:00:00	1.11508	1.11520	1.11431	1.11480	1106	0	7
2023.07.20	23:00:00	1.11481	1.11533	1.11480	1.11509	426	0	6
2023.07.21	00:00:00	1.11473	1.11515	1.11432	1.11432	127	0	46
2023.07.21	01:00:00	1.11462	1.11525	1.11443	1.11506	626	0	12
2023.07.21	02:00:00	1.11506	1.11520	1.11484	1.11507	813	0	5
2023.07.21	03:00:00	1.11508	1.11553	1.11444	1.11482	1547	0	7
2023.07.21	04:00:00	1.11480	1.11540	1.11443	1.11523	2456	0	8
2023.07.21	05:00:00	1.11523	1.11566	1.11504	1.11559	1644	0	4
2023.07.21	06:00:00	1.11558	1.11585	1.11512	1.11539	1101	0	4
2023.07.21	07:00:00	1.11540	1.11570	1.11533	1.11566	918	0	9
2023.07.21	08:00:00	1.11565	1.11594	1.11494	1.11496	1708	0	4
2023.07.21	09:00:00	1.11496	1.11711	1.11476	1.11614	3393	0	4
2023.07.21	10:00:00	1.11609	1.11642	1.11493	1.11513	5314	0	4
2023.07.21	11:00:00	1.11514	1.11547	1.11149	1.11396	4893	0	4
2023.07.21	12:00:00	1.11396	1.11528	1.11345	1.11481	3884	0	6
2023.07.21	13:00:00	1.11482	1.11483	1.11268	1.11290	2751	0	5
2023.07.21	14:00:00	1.11291	1.11383	1.11086	1.11095	2661	0	4
2023.07.21	15:00:00	1.11097	1.11114	1.10851	1.10973	4747	0	5
2023.07.21	16:00:00	1.10971	1.11215	1.10970	1.11152	5191	0	5
2023.07.21	17:00:00	1.11152	1.11261	1.11126	1.11230	3905	0	4
2023.07.21	18:00:00	1.11229	1.11292	1.11166	1.11273	2492	0	4
2023.07.21	19:00:00	1.11272	1.11328	1.11244	1.11305	1467	0	4
2023.07.21	20:00:00	1.11304	1.11362	1.11296	1.11333	1013	0	4
2023.07.21	21:00:00	1.11331	1.11375	1.11302	1.11354	993	0	6
2023.07.21	22:00:00	1.11357	1.11375	1.11284	1.11347	928	0	8
2023.07.21	23:00:00	1.11346	1.11374	1.11256	1.11281	875	0	11
2023.07.24	00:00:00	1.11174	1.11237	1.11104	1.11123	558	0	238
2023.07.24	01:00:00	1.11106	1.11332	1.11106	1.11307	654	0	10
2023.07.24	02:00:00	1.11305	1.11338	1.11300	1.11335	536	0	12
2023.07.24	03:00:00	1.11331	1.11416	1.11329	1.11414	1120	0	7
2023.07.24	04:00:00	1.11414	1.11416	1.11361	1.11397	1974	0	6
2023.07.24	05:00:00	1.11396	1.11418	1.11381	1.11386	1461	0	5
2023.07.24	06:00:00	1.11387	1.11417	1.11386	1.11408	1093	0	6
2023.07.24	07:00:00	1.11406	1.11493	1.11398	1.11492	983	0	5
2023.07.24	08:00:00	1.11491	1.11555	1.11484	1.11501	1667	0	6
2023.07.24	09:00:00	1.11501	1.11538	1.11443	1.11463	3457	0	5
2023.07.24	10:00:00	1.11462	1.11574	1.11347	1.11487	6180	0	4
2023.07.24	11:00:00	1.11487	1.11561	1.11137	1.11206	5696	0	5
2023.07.24	12:00:00	1.11206	1.11280	1.11088	1.11113	4392	0	4
2023.07.24	13:00:00	1.11113	1.11134	1.10956	1.10960	2911	0	4
2023.07.24	14:00:00	1.10962	1.11108	1.10934	1.11084	3084	0	4
2023.07.24	15:00:00	1.11085	1.11147	1.10979	1.11014	3819	0	4
2023.07.24	16:00:00	1.11012	1.11097	1.10913	1.10932	5671	0	5
2023.07.24	17:00:00	1.10931	1.11026	1.10910	1.10973	6318	0	4
2023.07.24	18:00:00	1.10971	1.11166	1.10964	1.11133	2871	0	4
2023.07.24	19:00:00	1.11132	1.11317	1.11103	1.11310	2191	0	5
2023.07.24	20:00:00	1.11312	1.11445	1.11307	1.11388	1882	0	5
2023.07.24	21:00:00	1.11389	1.11407	1.11321	1.11323	1196	0	8
2023.07.24	22:00:00	1.11324	1.11362	1.11312	1.11352	1225	0	4
2023.07.24	23:00:00	1.11352	1.11512	1.11344	1.11458	1069	0	4
2023.07.25	00:00:00	1.11435	1.11500	1.11373	1.11471	317	0	76
2023.07.25	01:00:00	1.11470	1.11512	1.11438	1.11491	883	0	10
2023.07.25	02:00:00	1.11495	1.11502	1.11441	1.11456	607	0	11
2023.07.25	03:00:00	1.11454	1.11459	1.11395	1.11428	1440	0	5
2023.07.25	04:00:00	1.11428	1.11578	1.11420	1.11578	2174	0	7
2023.07.25	05:00:00	1.11576	1.11584	1.11513	1.11523	1262	0	11
2023.07.25	06:00:00	1.11525	1.11541	1.11497	1.11537	928	0	8
2023.07.25	07:00:00	1.11536	1.11570	1.11519	1.11556	727	0	10
2023.07.25	08:00:00	1.11554	1.11632	1.11547	1.11555	1639	0	4
2023.07.25	09:00:00	1.11562	1.11630	1.11444	1.11532	3140	0	6
2023.07.25	10:00:00	1.11531	1.11662	1.11507	1.11625	3974	0	5
2023.07.25	11:00:00	1.11624	1.11748	1.11533	1.11548	4416	0	4
2023.07.25	12:00:00	1.11550	1.11599	1.11483	1.11587	2382	0	4
2023.07.25	13:00:00	1.11586	1.11707	1.11547	1.11555	2262	0	4
2023.07.25	14:00:00	1.11553	1.11660	1.11406	1.11413	2756	0	4
2023.07.25	15:00:00	1.11411	1.11472	1.11351	1.11391	2783	0	4
2023.07.25	16:00:00	1.11390	1.11452	1.11309	1.11315	4107	0	4
2023.07.25	17:00:00	1.11315	1.11507	1.11276	1.11311	4474	0	4
2023.07.25	18:00:00	1.11312	1.11352	1.11185	1.11278	2756	0	5
2023.07.25	19:00:00	1.11274	1.11359	1.11212	1.11349	1913	0	4
2023.07.25	20:00:00	1.11346	1.11470	1.11334	1.11440	1389	0	5
2023.07.25	21:00:00	1.11440	1.11494	1.11405	1.11481	1268	0	5
2023.07.25	22:00:00	1.11481	1.11540	1.11443	1.11511	1175	0	4
2023.07.25	23:00:00	1.11508	1.11523	1.11445	1.11453	916	0	7
2023.07.26	00:00:00	1.11390	1.11445	1.11336	1.11388	142	0	86
2023.07.26	01:00:00	1.11389	1.11481	1.11389	1.11457	778	0	11
2023.07.26	02:00:00	1.11456	1.11488	1.11448	1.11467	484	0	9
2023.07.26	03:00:00	1.11469	1.11537	1.11455	1.11488	1543	0	6
2023.07.26	04:00:00	1.11488	1.11509	1.11433	1.11472	2029	0	8
2023.07.26	05:00:00	1.11469	1.11502	1.11438	1.11444	1425	0	5
2023.07.26	06:00:00	1.11443	1.11457	1.11408	1.11437	812	0	8
2023.07.26	07:00:00	1.11436	1.11475	1.11423	1.11474	636	0	5
2023.07.26	08:00:00	1.11474	1.11507	1.11339	1.11340	1359	0	6
2023.07.26	09:00:00	1.11341	1.11395	1.11127	1.11164	3462	0	4
2023.07.26	10:00:00	1.11162	1.11239	1.11095	1.11194	4170	0	5
2023.07.26	11:00:00	1.11195	1.11369	1.11166	1.11355	3802	0	4
2023.07.26	12:00:00	1.11354	1.11364	1.11123	1.11230	2888	0	5
2023.07.26	13:00:00	1.11231	1.11420	1.11188	1.11401	2695	0	4
2023.07.26	14:00:00	1.11401	1.11413	1.11329	1.11383	2486	0	4
2023.07.26	15:00:00	1.11383	1.11493	1.11297	1.11342	3214	0	4
2023.07.26	16:00:00	1.11339	1.11549	1.11316	1.11536	3765	0	4
2023.07.26	17:00:00	1.11533	1.11607	1.11421	1.11547	4416	0	4
2023.07.26	18:00:00	1.11548	1.11548	1.11458	1.11515	3168	0	5
2023.07.26	19:00:00	1.11517	1.11521	1.11438	1.11479	1537	0	4
2023.07.26	20:00:00	1.11479	1.11514	1.11394	1.11410	1612	0	5
2023.07.26	21:00:00	1.11383	1.11543	1.11315	1.11420	11376	0	4
2023.07.26	22:00:00	1.11418	1.11459	1.11331	1.11349	6021	0	4
2023.07.26	23:00:00	1.11349	1.11418	1.11328	1.11396	1350	0	4
2023.07.27	00:00:00	1.11354	1.11391	1.11221	1.11378	106	0	82
2023.07.27	01:00:00	1.11378	1.11383	1.11287	1.11353	734	0	9
2023.07.27	02:00:00	1.11352	1.11395	1.11323	1.11374	604	0	10
2023.07.27	03:00:00	1.11374	1.11401	1.11331	1.11396	1338	0	9
2023.07.27	04:00:00	1.11396	1.11409	1.11338	1.11390	1795	0	8
2023.07.27	05:00:00	1.11389	1.11402	1.11343	1.11381	2276	0	5
2023.07.27	06:00:00	1.11382	1.11407	1.11370	1.11395	1242	0	9
2023.07.27	07:00:00	1.11395	1.11456	1.11368	1.11456	1397	0	5
2023.07.27	08:00:00	1.11455	1.11492	1.11357	1.11492	1754	0	7
2023.07.27	09:00:00	1.11490	1.11495	1.11294	1.11398	3901	0	4
2023.07.27	10:00:00	1.11399	1.11450	1.11153	1.11244	5577	0	4
2023.07.27	11:00:00	1.11245	1.11286	1.11110	1.11199	3954	0	4
2023.07.27	12:00:00	1.11199	1.11242	1.10996	1.11087	2698	0	4
2023.07.27	13:00:00	1.11085	1.11086	1.10880	1.11004	2980	0	5
2023.07.27	14:00:00	1.11005	1.11118	1.10932	1.11110	2317	0	4
2023.07.27	15:00:00	1.11111	1.11213	1.11017	1.11109	10100	0	4
2023.07.27	16:00:00	1.11108	1.11400	1.11095	1.11387	11848	0	4
2023.07.27	17:00:00	1.11388	1.11638	1.11282	1.11629	8051	0	4
2023.07.27	18:00:00	1.11630	1.11776	1.11604	1.11771	5006	0	4
2023.07.27	19:00:00	1.11769	1.11785	1.11435	1.11453	2597	0	4
2023.07.27	20:00:00	1.11455	1.11465	1.11220	1.11274	5621	0	4
2023.07.27	21:00:00	1.11277	1.11343	1.11229	1.11267	2961	0	5
2023.07.27	22:00:00	1.11270	1.11317	1.11135	1.11184	2597	0	7
2023.07.27	23:00:00	1.11182	1.11255	1.11177	1.11212	1155	0	6
2023.07.28	00:00:00	1.11199	1.11211	1.11036	1.11203	134	0	61
2023.07.28	01:00:00	1.11195	1.11224	1.11126	1.11150	955	0	12
2023.07.28	02:00:00	1.11149	1.11201	1.11143	1.11155	899	0	12
2023.07.28	03:00:00	1.11157	1.11208	1.11123	1.11207	1421	0	5
2023.07.28	04:00:00	1.11207	1.11249	1.11159	1.11186	1942	0	6
2023.07.28	05:00:00	1.11184	1.11234	1.11154	1.11234	1746	0	9
2023.07.28	06:00:00	1.11232	1.11311	1.11208	1.11218	5956	0	8
2023.07.28	07:00:00	1.11217	1.11244	1.10954	1.11028	5631	0	4
2023.07.28	08:00:00	1.11028	1.11176	1.11003	1.11105	4257	0	6
2023.07.28	09:00:00	1.11100	1.11395	1.11049	1.11359	6468	0	4
2023.07.28	10:00:00	1.11352	1.11628	1.11275	1.11522	7553	0	5
2023.07.28	11:00:00	1.11519	1.11611	1.11482	1.11551	5020	0	4
2023.07.28	12:00:00	1.11551	1.11711	1.11504	1.11581	3765	0	7
2023.07.28	13:00:00	1.11579	1.11751	1.11522	1.11742	3075	0	5
2023.07.28	14:00:00	1.11743	1.11779	1.11607	1.11703	3444	0	5
2023.07.28	15:00:00	1.11702	1.11800	1.11630	1.11743	6422	0	4
2023.07.28	16:00:00	1.11745	1.11795	1.11575	1.11584	5764	0	4
2023.07.28	17:00:00	1.11586	1.11668	1.11542	1.11602	5407	0	4
2023.07.28	18:00:00	1.11600	1.11798	1.11582	1.11770	3656	0	4
2023.07.28	19:00:00	1.11768	1.11931	1.11745	1.11763	2863	0	4
2023.07.28	20:00:00	1.11762	1.11849	1.11741	1.11781	2123	0	4
2023.07.28	21:00:00	1.11781	1.11802	1.11717	1.11746	1743	0	8
2023.07.28	22:00:00	1.11749	1.11799	1.11720	1.11766	1468	0	7
2023.07.28	23:00:00	1.11767	1.11862	1.11760	1.11825	877	0	9
2023.07.31	00:00:00	1.11486	1.11784	1.11486	1.11739	122	0	138
2023.07.31	01:00:00	1.11736	1.11786	1.11696	1.11776	870	0	12
2023.07.31	02:00:00	1.11775	1.11854	1.11755	1.11803	854	0	10
2023.07.31	03:00:00	1.11803	1.11874	1.11803	1.11839	1520	0	7
2023.07.31	04:00:00	1.11837	1.11934	1.11795	1.11924	2281	0	7
2023.07.31	05:00:00	1.11924	1.11998	1.11865	1.11988	1787	0	7
2023.07.31	06:00:00	1.11987	1.12002	1.11956	1.11972	1009	0	5
2023.07.31	07:00:00	1.11973	1.12030	1.11950	1.12022	987	0	7
2023.07.31	08:00:00	1.12027	1.12041	1.11961	1.11988	1474	0	5
2023.07.31	09:00:00	1.11990	1.12046	1.11898	1.11998	3411	0	5
2023.07.31	10:00:00	1.11999	1.11999	1.11797	1.11866	4999	0	7
2023.07.31	11:00:00	1.11867	1.11918	1.11787	1.11869	3638	0	4
2023.07.31	12:00:00	1.11870	1.11897	1.11769	1.11874	2572	0	4
2023.07.31	13:00:00	1.11872	1.11924	1.11823	1.11924	2175	0	4
2023.07.31	14:00:00	1.11924	1.12119	1.11901	1.12058	1889	0	4
2023.07.31	15:00:00	1.12053	1.12184	1.11997	1.12009	3195	0	4
2023.07.31	16:00:00	1.12009	1.12018	1.11686	1.11723	4586	0	4
2023.07.31	17:00:00	1.11721	1.11721	1.11483	1.11534	6025	0	4
2023.07.31	18:00:00	1.11537	1.11764	1.11490	1.11690	4017	0	4
2023.07.31	19:00:00	1.11692	1.11874	1.11679	1.11793	1874	0	6
2023.07.31	20:00:00	1.11793	1.11863	1.11765	1.11845	1354	0	7
2023.07.31	21:00:00	1.11844	1.11934	1.11783	1.11883	1537	0	4
2023.07.31	22:00:00	1.11882	1.11964	1.11875	1.11921	1536	0	5
2023.07.31	23:00:00	1.11919	1.11938	1.11844	1.11893	1018	0	8
2023.08.01	00:00:00	1.11733	1.11901	1.11672	1.11688	287	0	81
2023.08.01	01:00:00	1.11791	1.11925	1.11791	1.11878	610	0	11
2023.08.01	02:00:00	1.11876	1.11891	1.11851	1.11854	440	0	11
2023.08.01	03:00:00	1.11855	1.11926	1.11813	1.11923	1204	0	7
2023.08.01	04:00:00	1.11925	1.11940	1.11860	1.11864	1641	0	6
2023.08.01	05:00:00	1.11865	1.11909	1.11853	1.11860	869	0	8
2023.08.01	06:00:00	1.11857	1.11868	1.11798	1.11806	982	0	10
2023.08.01	07:00:00	1.11802	1.11963	1.11798	1.11937	1279	0	8
2023.08.01	08:00:00	1.11937	1.11971	1.11768	1.11778	1456	0	5
2023.08.01	09:00:00	1.11780	1.11947	1.11777	1.11888	2287	0	5
2023.08.01	10:00:00	1.11895	1.12168	1.11872	1.11998	4156	0	4
2023.08.01	11:00:00	1.11999	1.12232	1.11987	1.12206	3789	0	4
2023.08.01	12:00:00	1.12211	1.12287	1.12175	1.12194	3037	0	4
2023.08.01	13:00:00	1.12194	1.12214	1.12045	1.12050	2416	0	4
2023.08.01	14:00:00	1.12048	1.12050	1.11856	1.11915	2760	0	6
2023.08.01	15:00:00	1.11913	1.12011	1.11861	1.11992	4047	0	4
2023.08.01	16:00:00	1.11991	1.12024	1.11869	1.11869	4176	0	4
2023.08.01	17:00:00	1.11868	1.11974	1.11660	1.11671	7042	0	5
2023.08.01	18:00:00	1.11672	1.11787	1.11623	1.11707	3770	0	5
2023.08.01	19:00:00	1.11705	1.11784	1.11662	1.11759	1844	0	4
2023.08.01	20:00:00	1.11759	1.11802	1.11740	1.11796	1208	0	4
2023.08.01	21:00:00	1.11795	1.11860	1.11784	1.11857	953	0	4
2023.08.01	22:00:00	1.11859	1.11862	1.11780	1.11805	1145	0	7
2023.08.01	23:00:00	1.11809	1.11830	1.11772	1.11809	685	0	5
2023.08.02	00:00:00	1.11742	1.11744	1.11379	1.11457	3174	0	78
2023.08.02	01:00:00	1.11459	1.11783	1.11447	1.11664	2033	0	9
2023.08.02	02:00:00	1.11662	1.11711	1.11576	1.11642	1205	0	10
2023.08.02	03:00:00	1.11641	1.11712	1.11543	1.11570	1890	0	4
2023.08.02	04:00:00	1.11567	1.11734	1.11546	1.11722	1975	0	10
2023.08.02	05:00:00	1.11721	1.11731	1.11558	1.11687	1989	0	6
2023.08.02	06:00:00	1.11685	1.11769	1.11670	1.11764	1607	0	9
2023.08.02	07:00:00	1.11764	1.11840	1.11762	1.11834	1470	0	7
2023.08.02	08:00:00	1.11837	1.11853	1.11667	1.11679	2213	0	7
2023.08.02	09:00:00	1.11676	1.11770	1.11614	1.11735	3463	0	4
2023.08.02	10:00:00	1.11735	1.12185	1.11735	1.12166	5236	0	4
2023.08.02	11:00:00	1.12166	1.12353	1.12150	1.12152	4965	0	4
2023.08.02	12:00:00	1.12150	1.12184	1.12029	1.12053	3266	0	4
2023.08.02	13:00:00	1.12051	1.12235	1.12028	1.12187	2804	0	4
2023.08.02	14:00:00	1.12187	1.12226	1.12109	1.12110	2495	0	4
2023.08.02	15:00:00	1.12110	1.12141	1.11888	1.11893	6068	0	5
2023.08.02	16:00:00	1.11893	1.11907	1.11681	1.11759	4675	0	5
2023.08.02	17:00:00	1.11759	1.11786	1.11289	1.11316	5931	0	4
2023.08.02	18:00:00	1.11317	1.11606	1.11283	1.11599	3335	0	4
2023.08.02	19:00:00	1.11597	1.11675	1.11510	1.11510	2502	0	5
2023.08.02	20:00:00	1.11510	1.11640	1.11502	1.11581	1690	0	4
2023.08.02	21:00:00	1.11579	1.11658	1.11547	1.11592	1028	0	6
2023.08.02	22:00:00	1.11592	1.11655	1.11590	1.11605	1052	0	4
2023.08.02	23:00:00	1.11603	1.11624	1.11541	1.11542	370	0	9
2023.08.03	00:00:00	1.11404	1.11532	1.11404	1.11473	356	0	135
2023.08.03	01:00:00	1.11463	1.11578	1.11458	1.11543	613	0	12
2023.08.03	02:00:00	1.11542	1.11602	1.11516	1.11593	452	0	10
2023.08.03	03:00:00	1.11591	1.11608	1.11524	1.11554	1244	0	7
2023.08.03	04:00:00	1.11551	1.11604	1.11533	1.11596	1599	0	8
2023.08.03	05:00:00	1.11596	1.11607	1.11521	1.11570	1355	0	4
2023.08.03	06:00:00	1.11573	1.11644	1.11566	1.11630	1232	0	8
2023.08.03	07:00:00	1.11629	1.11629	1.11563	1.11594	1522	0	7
2023.08.03	08:00:00	1.11593	1.11651	1.11507	1.11514	2756	0	5
2023.08.03	09:00:00	1.11515	1.11611	1.11502	1.11609	4545	0	4
2023.08.03	10:00:00	1.11608	1.11712	1.11442	1.11453	5487	0	4
2023.08.03	11:00:00	1.11454	1.11472	1.11180	1.11190	4328	0	4
2023.08.03	12:00:00	1.11188	1.11275	1.10984	1.11048	3674	0	4
2023.08.03	13:00:00	1.11046	1.11068	1.10834	1.10847	3489	0	4
2023.08.03	14:00:00	1.10848	1.10980	1.10538	1.10808	8646	0	4
2023.08.03	15:00:00	1.10806	1.10922	1.10715	1.10899	8200	0	4
2023.08.03	16:00:00	1.10900	1.11055	1.10830	1.11022	6109	0	4
2023.08.03	17:00:00	1.11022	1.11284	1.10886	1.11160	6505	0	4
2023.08.03	18:00:00	1.11157	1.11215	1.11091	1.11093	4348	0	4
2023.08.03	19:00:00	1.11093	1.11162	1.11064	1.11140	2173	0	6
2023.08.03	20:00:00	1.11137	1.11209	1.11063	1.11072	1772	0	8
2023.08.03	21:00:00	1.11072	1.11155	1.11061	1.11117	1408	0	5
2023.08.03	22:00:00	1.11115	1.11191	1.11110	1.11155	948	0	7
2023.08.03	23:00:00	1.11154	1.11154	1.11097	1.11111	1193	0	7
2023.08.04	00:00:00	1.11107	1.11160	1.11050	1.11092	419	0	126
2023.08.04	01:00:00	1.11092	1.11134	1.11070	1.11123	844	0	13
2023.08.04	02:00:00	1.11128	1.11175	1.11124	1.11173	462	0	7
2023.08.04	03:00:00	1.11173	1.11249	1.11163	1.11216	1488	0	6
2023.08.04	04:00:00	1.11217	1.11280	1.11177	1.11277	2616	0	4
2023.08.04	05:00:00	1.11276	1.11321	1.11249	1.11276	2652	0	5
2023.08.04	06:00:00	1.11274	1.11333	1.11272	1.11326	2003	0	4
2023.08.04	07:00:00	1.11325	1.11355	1.11301	1.11304	1137	0	4
2023.08.04	08:00:00	1.11304	1.11325	1.11229	1.11245	1575	0	8
2023.08.04	09:00:00	1.11244	1.11267	1.11178	1.11219	2535	0	6
2023.08.04	10:00:00	1.11221	1.11441	1.11206	1.11404	3539	0	4
2023.08.04	11:00:00	1.11403	1.11502	1.11343	1.11451	2840	0	4
2023.08.04	12:00:00	1.11448	1.11548	1.11434	1.11523	1947	0	5
2023.08.04	13:00:00	1.11523	1.11555	1.11415	1.11436	2111	0	4
2023.08.04	14:00:00	1.11434	1.11462	1.11397	1.11400	1873	0	4
2023.08.04	15:00:00	1.11399	1.11443	1.11156	1.11253	9762	0	4
2023.08.04	16:00:00	1.11254	1.11312	1.11151	1.11160	8422	0	4
2023.08.04	17:00:00	1.11159	1.11279	1.11114	1.11220	5558	0	4
2023.08.04	18:00:00	1.11221	1.11353	1.11206	1.11289	3490	0	4
2023.08.04	19:00:00	1.11291	1.11342	1.11275	1.11326	1565	0	5
2023.08.04	20:00:00	1.11326	1.11428	1.11314	1.11406	1068	0	4
2023.08.04	21:00:00	1.11408	1.11415	1.11268	1.11307	1618	0	8
2023.08.04	22:00:00	1.11305	1.11335	1.11250	1.11267	1519	0	8
2023.08.04	23:00:00	1.11266	1.11290	1.11227	1.11259	1270	0	4
2023.08.07	00:00:00	1.11141	1.11277	1.11049	1.11098	955	0	279
2023.08.07	01:00:00	1.11094	1.11431	1.11078	1.11426	1395	0	4
2023.08.07	02:00:00	1.11423	1.11478	1.11406	1.11445	850	0	10
2023.08.07	03:00:00	1.11445	1.11510	1.11429	1.11479	1715	0	7
2023.08.07	04:00:00	1.11479	1.11523	1.11431	1.11517	1765	0	8
2023.08.07	05:00:00	1.11517	1.11541	1.11475	1.11487	1142	0	8
2023.08.07	06:00:00	1.11489	1.11492	1.11411	1.11434	612	0	7
2023.08.07	07:00:00	1.11434	1.11448	1.11343	1.11350	920	0	9
2023.08.07	08:00:00	1.11352	1.11398	1.11315	1.11352	1823	0	8
2023.08.07	09:00:00	1.11351	1.11531	1.11342	1.11434	2840	0	4
2023.08.07	10:00:00	1.11432	1.11478	1.11322	1.11357	2936	0	7
2023.08.07	11:00:00	1.11359	1.11550	1.11324	1.11460	2957	0	4
2023.08.07	12:00:00	1.11460	1.11567	1.11429	1.11541	2537	0	4
2023.08.07	13:00:00	1.11540	1.11647	1.11515	1.11646	2161	0	4
2023.08.07	14:00:00	1.11646	1.11737	1.11611	1.11637	2073	0	4
2023.08.07	15:00:00	1.11638	1.11761	1.11633	1.11731	2445	0	5
2023.08.07	16:00:00	1.11734	1.11738	1.11621	1.11684	3442	0	4
2023.08.07	17:00:00	1.11683	1.11728	1.11608	1.11673	3330	0	4
2023.08.07	18:00:00	1.11671	1.11692	1.11601	1.11610	2227	0	5
2023.08.07	19:00:00	1.11610	1.11642	1.11594	1.11642	1613	0	6
2023.08.07	20:00:00	1.11642	1.11689	1.11620	1.11680	1161	0	4
2023.08.07	21:00:00	1.11680	1.11686	1.11583	1.11587	917	0	6
2023.08.07	22:00:00	1.11589	1.11643	1.11585	1.11611	661	0	8
2023.08.07	23:00:00	1.11611	1.11631	1.11572	1.11585	555	0	6
2023.08.08	00:00:00	1.11546	1.11586	1.11477	1.11541	488	0	39
2023.08.08	01:00:00	1.11533	1.11564	1.11520	1.11541	354	0	13
2023.08.08	02:00:00	1.11543	1.11575	1.11525	1.11570	276	0	10
2023.08.08	03:00:00	1.11570	1.11635	1.11564	1.11584	1121	0	8
2023.08.08	04:00:00	1.11586	1.11589	1.11528	1.11533	2193	0	8
2023.08.08	05:00:00	1.11532	1.11540	1.11469	1.11478	1568	0	7
2023.08.08	06:00:00	1.11480	1.11515	1.11466	1.11506	1631	0	7
2023.08.08	07:00:00	1.11504	1.11528	1.11485	1.11494	882	0	10
2023.08.08	08:00:00	1.11496	1.11497	1.11354	1.11354	1898	0	6
2023.08.08	09:00:00	1.11352	1.11471	1.11319	1.11423	3452	0	4
2023.08.08	10:00:00	1.11424	1.11590	1.11401	1.11583	4263	0	4
2023.08.08	11:00:00	1.11585	1.11586	1.11388	1.11424	3438	0	4
2023.08.08	12:00:00	1.11425	1.11473	1.11377	1.11428	2902	0	5
2023.08.08	13:00:00	1.11427	1.11535	1.11379	1.11507	3190	0	4
2023.08.08	14:00:00	1.11508	1.11565	1.11381	1.11395	3101	0	4
2023.08.08	15:00:00	1.11395	1.11434	1.11264	1.11427	3879	0	4
2023.08.08	16:00:00	1.11427	1.11493	1.11276	1.11289	4906	0	4
2023.08.08	17:00:00	1.11289	1.11497	1.11276	1.11393	4775	0	4
2023.08.08	18:00:00	1.11392	1.11485	1.11372	1.11451	2615	0	4
2023.08.08	19:00:00	1.11451	1.11539	1.11446	1.11510	1261	0	4
2023.08.08	20:00:00	1.11511	1.11603	1.11495	1.11603	1591	0	5
2023.08.08	21:00:00	1.11604	1.11643	1.11570	1.11600	1315	0	6
2023.08.08	22:00:00	1.11601	1.11609	1.11566	1.11577	890	0	8
2023.08.08	23:00:00	1.11573	1.11656	1.11570	1.11643	497	0	4
2023.08.09	00:00:00	1.11475	1.11576	1.11414	1.11511	1800	0	99
2023.08.09	01:00:00	1.11511	1.11646	1.11487	1.11612	1465	0	13
2023.08.09	02:00:00	1.11614	1.11646	1.11565	1.11581	425	0	8
2023.08.09	03:00:00	1.11582	1.11587	1.11501	1.11517	1026	0	5
2023.08.09	04:00:00	1.11518	1.11574	1.11498	1.11573	2277	0	6
2023.08.09	05:00:00	1.11575	1.11591	1.11545	1.11568	1622	0	8
2023.08.09	06:00:00	1.11569	1.11573	1.11527	1.11547	1232	0	11
2023.08.09	07:00:00	1.11550	1.11573	1.11531	1.11568	846	0	8
2023.08.09	08:00:00	1.11566	1.11587	1.11503	1.11505	1511	0	9
2023.08.09	09:00:00	1.11503	1.11638	1.11459	1.11634	2720	0	5
2023.08.09	10:00:00	1.11632	1.11681	1.11526	1.11552	3109	0	4
2023.08.09	11:00:00	1.11555	1.11603	1.11470	1.11567	2559	0	4
2023.08.09	12:00:00	1.11567	1.11631	1.11470	1.11522	2787	0	5
2023.08.09	13:00:00	1.11522	1.11666	1.11489	1.11665	2027	0	4
2023.08.09	14:00:00	1.11667	1.11757	1.11638	1.11723	2209	0	4
2023.08.09	15:00:00	1.11720	1.11737	1.11548	1.11574	3364	0	4
2023.08.09	16:00:00	1.11573	1.11677	1.11544	1.11607	3768	0	5
2023.08.09	17:00:00	1.11609	1.11672	1.11550	1.11627	4485	0	4
2023.08.09	18:00:00	1.11628	1.11634	1.11482	1.11505	2883	0	4
2023.08.09	19:00:00	1.11503	1.11609	1.11444	1.11561	1745	0	5
2023.08.09	20:00:00	1.11561	1.11621	1.11535	1.11604	1733	0	7
2023.08.09	21:00:00	1.11604	1.11656	1.11585	1.11625	1232	0	5
2023.08.09	22:00:00	1.11623	1.11673	1.11598	1.11603	1473	0	6
2023.08.09	23:00:00	1.11605	1.11610	1.11550	1.11554	550	0	9
2023.08.10	00:00:00	1.11409	1.11534	1.11334	1.11491	413	0	81
2023.08.10	01:00:00	1.11492	1.11543	1.11471	1.11520	454	0	15
2023.08.10	02:00:00	1.11522	1.11567	1.11522	1.11546	317	0	8
2023.08.10	03:00:00	1.11547	1.11552	1.11494	1.11503	1169	0	8
2023.08.10	04:00:00	1.11503	1.11567	1.11478	1.11532	1245	0	6
2023.08.10	05:00:00	1.11533	1.11553	1.11451	1.11486	1149	0	4
2023.08.10	06:00:00	1.11487	1.11511	1.11470	1.11475	586	0	9
2023.08.10	07:00:00	1.11476	1.11487	1.11430	1.11477	839	0	8
2023.08.10	08:00:00	1.11478	1.11565	1.11477	1.11526	1350	0	6
2023.08.10	09:00:00	1.11523	1.11569	1.11489	1.11566	2105	0	5
2023.08.10	10:00:00	1.11570	1.11581	1.11375	1.11382	3990	0	4
2023.08.10	11:00:00	1.11381	1.11436	1.11362	1.11399	3342	0	4
2023.08.10	12:00:00	1.11399	1.11489	1.11399	1.11456	2051	0	4
2023.08.10	13:00:00	1.11455	1.11516	1.11414	1.11499	2007	0	4
2023.08.10	14:00:00	1.11496	1.11528	1.11414	1.11425	1762	0	5
2023.08.10	15:00:00	1.11423	1.11629	1.11356	1.11434	8266	0	4
2023.08.10	16:00:00	1.11434	1.11544	1.11396	1.11433	8178	0	4
2023.08.10	17:00:00	1.11433	1.11519	1.11226	1.11254	6066	0	4
2023.08.10	18:00:00	1.11252	1.11274	1.11098	1.11156	4048	0	4
2023.08.10	19:00:00	1.11157	1.11170	1.11042	1.11116	3336	0	5
2023.08.10	20:00:00	1.11114	1.11270	1.11101	1.11121	4346	0	4
2023.08.10	21:00:00	1.11122	1.11164	1.11103	1.11158	3512	0	5
2023.08.10	22:00:00	1.11157	1.11172	1.11106	1.11139	2204	0	5
2023.08.10	23:00:00	1.11138	1.11146	1.11107	1.11124	866	0	6
2023.08.11	00:00:00	1.11075	1.11115	1.10912	1.11048	1779	0	72
2023.08.11	01:00:00	1.11032	1.11134	1.11020	1.11096	519	0	8
2023.08.11	02:00:00	1.11099	1.11132	1.11085	1.11095	389	0	9
2023.08.11	03:00:00	1.11093	1.11141	1.11075	1.11139	792	0	6
2023.08.11	04:00:00	1.11139	1.11170	1.11127	1.11141	1764	0	6
2023.08.11	05:00:00	1.11141	1.11145	1.11088	1.11096	1092	0	4
2023.08.11	06:00:00	1.11098	1.11131	1.11092	1.11122	903	0	10
2023.08.11	07:00:00	1.11122	1.11142	1.11095	1.11136	822	0	9
2023.08.11	08:00:00	1.11137	1.11181	1.11107	1.11157	1865	0	8
2023.08.11	09:00:00	1.11161	1.11483	1.11145	1.11443	3508	0	4
2023.08.11	10:00:00	1.11441	1.11491	1.11329	1.11388	3358	0	5
2023.08.11	11:00:00	1.11391	1.11491	1.11362	1.11367	3088	0	4
2023.08.11	12:00:00	1.11367	1.11468	1.11338	1.11343	2894	0	5
2023.08.11	13:00:00	1.11343	1.11383	1.11268	1.11364	2744	0	4
2023.08.11	14:00:00	1.11366	1.11455	1.11332	1.11368	2414	0	4
2023.08.11	15:00:00	1.11368	1.11379	1.11141	1.11211	6271	0	4
2023.08.11	16:00:00	1.11211	1.11472	1.11201	1.11440	5779	0	4
2023.08.11	17:00:00	1.11432	1.11444	1.11233	1.11300	7723	0	4
2023.08.11	18:00:00	1.11300	1.11379	1.11224	1.11256	2834	0	5
2023.08.11	19:00:00	1.11252	1.11336	1.11252	1.11335	1666	0	6
2023.08.11	20:00:00	1.11335	1.11349	1.11267	1.11297	1482	0	5
2023.08.11	21:00:00	1.11295	1.11335	1.11218	1.11245	1471	0	7
2023.08.11	22:00:00	1.11245	1.11319	1.11233	1.11311	1368	0	8
2023.08.11	23:00:00	1.11308	1.11346	1.11256	1.11283	1037	0	10
2023.08.14	00:00:00	1.11161	1.11237	1.11113	1.11180	1295	0	279
2023.08.14	01:00:00	1.11178	1.11305	1.11149	1.11258	843	0	11
2023.08.14	02:00:00	1.11258	1.11303	1.11255	1.11292	477	0	9
2023.08.14	03:00:00	1.11292	1.11333	1.11276	1.11280	1562	0	5
2023.08.14	04:00:00	1.11279	1.11285	1.11226	1.11255	2115	0	6
2023.08.14	05:00:00	1.11255	1.11267	1.11182	1.11207	1655	0	7
2023.08.14	06:00:00	1.11208	1.11223	1.11169	1.11172	1291	0	9
2023.08.14	07:00:00	1.11171	1.11185	1.11133	1.11167	1063	0	10
2023.08.14	08:00:00	1.11169	1.11235	1.11164	1.11181	1463	0	9
2023.08.14	09:00:00	1.11191	1.11268	1.11129	1.11145	2718	0	6
2023.08.14	10:00:00	1.11143	1.11258	1.11076	1.11187	3919	0	5
2023.08.14	11:00:00	1.11189	1.11351	1.11169	1.11344	3483	0	6
2023.08.14	12:00:00	1.11345	1.11395	1.11242	1.11322	3427	0	4
2023.08.14	13:00:00	1.11322	1.11449	1.11306	1.11367	2479	0	6
2023.08.14	14:00:00	1.11370	1.11460	1.11324	1.11452	2230	0	5
2023.08.14	15:00:00	1.11451	1.11525	1.11370	1.11460	4492	0	4
2023.08.14	16:00:00	1.11458	1.11526	1.11331	1.11367	4825	0	4
2023.08.14	17:00:00	1.11365	1.11393	1.11159	1.11325	5970	0	4
2023.08.14	18:00:00	1.11324	1.11441	1.11292	1.11347	4097	0	5
2023.08.14	19:00:00	1.11347	1.11389	1.11279	1.11349	2663	0	7
2023.08.14	20:00:00	1.11349	1.11441	1.11319	1.11435	1551	0	6
2023.08.14	21:00:00	1.11437	1.11448	1.11398	1.11409	1373	0	8
2023.08.14	22:00:00	1.11406	1.11420	1.11365	1.11390	1257	0	5
2023.08.14	23:00:00	1.11382	1.11434	1.11338	1.11385	780	0	4
2023.08.15	00:00:00	1.11355	1.11415	1.11326	1.11384	593	0	55
2023.08.15	01:00:00	1.11366	1.11430	1.11352	1.11384	575	0	11
2023.08.15	02:00:00	1.11381	1.11402	1.11364	1.11383	486	0	8
2023.08.15	03:00:00	1.11385	1.11392	1.11347	1.11364	1325	0	9
2023.08.15	04:00:00	1.11363	1.11397	1.11321	1.11376	2846	0	10
2023.08.15	05:00:00	1.11375	1.11392	1.11271	1.11277	1899	0	10
2023.08.15	06:00:00	1.11278	1.11292	1.11252	1.11260	989	0	11
2023.08.15	07:00:00	1.11262	1.11338	1.11261	1.11319	821	0	8
2023.08.15	08:00:00	1.11326	1.11396	1.11321	1.11329	1944	0	11
2023.08.15	09:00:00	1.11328	1.11571	1.11285	1.11506	4772	0	4
2023.08.15	10:00:00	1.11506	1.11514	1.11308	1.11340	4475	0	5
2023.08.15	11:00:00	1.11342	1.11355	1.11193	1.11338	4122	0	4
2023.08.15	12:00:00	1.11336	1.11353	1.11247	1.11346	4081	0	4
2023.08.15	13:00:00	1.11347	1.11397	1.11286	1.11328	3354	0	4
2023.08.15	14:00:00	1.11328	1.11470	1.11272	1.11452	2668	0	4
2023.08.15	15:00:00	1.11458	1.11580	1.11426	1.11514	7690	0	6
2023.08.15	16:00:00	1.11515	1.11629	1.11473	1.11561	9607	0	5
2023.08.15	17:00:00	1.11559	1.11703	1.11542	1.11621	6472	0	4
2023.08.15	18:00:00	1.11622	1.11793	1.11615	1.11742	3771	0	4
2023.08.15	19:00:00	1.11743	1.11786	1.11705	1.11748	2371	0	4
2023.08.15	20:00:00	1.11748	1.11752	1.11579	1.11594	2023	0	6
2023.08.15	21:00:00	1.11597	1.11658	1.11582	1.11648	1532	0	4
2023.08.15	22:00:00	1.11651	1.11662	1.11548	1.11603	1913	0	4
2023.08.15	23:00:00	1.11602	1.11607	1.11539	1.11597	601	0	8
2023.08.16	00:00:00	1.11501	1.11554	1.11462	1.11504	772	0	85
2023.08.16	01:00:00	1.11501	1.11604	1.11501	1.11600	556	0	11
2023.08.16	02:00:00	1.11600	1.11628	1.11582	1.11590	471	0	8
2023.08.16	03:00:00	1.11592	1.11602	1.11545	1.11585	1496	0	8
2023.08.16	04:00:00	1.11580	1.11583	1.11507	1.11536	2663	0	8
2023.08.16	05:00:00	1.11535	1.11567	1.11502	1.11542	1904	0	9
2023.08.16	06:00:00	1.11542	1.11566	1.11526	1.11540	1307	0	9
2023.08.16	07:00:00	1.11539	1.11585	1.11531	1.11583	968	0	8
2023.08.16	08:00:00	1.11582	1.11596	1.11527	1.11546	1728	0	8
2023.08.16	09:00:00	1.11582	1.11775	1.11531	1.11727	4222	0	5
2023.08.16	10:00:00	1.11726	1.11945	1.11726	1.11918	4064	0	5
2023.08.16	11:00:00	1.11921	1.12100	1.11901	1.12009	3664	0	5
2023.08.16	12:00:00	1.12009	1.12097	1.11994	1.12081	2864	0	4
2023.08.16	13:00:00	1.12081	1.12095	1.11940	1.12013	2462	0	6
2023.08.16	14:00:00	1.12017	1.12165	1.12016	1.12129	2310	0	4
2023.08.16	15:00:00	1.12130	1.12174	1.12072	1.12099	3919	0	4
2023.08.16	16:00:00	1.12100	1.12131	1.11936	1.12127	6535	0	4
2023.08.16	17:00:00	1.12128	1.12184	1.12052	1.12091	5944	0	4
2023.08.16	18:00:00	1.12090	1.12098	1.11995	1.11999	3248	0	5
2023.08.16	19:00:00	1.12001	1.12051	1.11888	1.11963	2759	0	4
2023.08.16	20:00:00	1.11963	1.11966	1.11865	1.11924	2410	0	5
2023.08.16	21:00:00	1.11913	1.12004	1.11901	1.11928	5766	0	4
2023.08.16	22:00:00	1.11927	1.11994	1.11895	1.11964	3314	0	6
2023.08.16	23:00:00	1.11966	1.12015	1.11961	1.12009	1128	0	7
2023.08.17	00:00:00	1.11949	1.12022	1.11907	1.12000	1104	0	85
2023.08.17	01:00:00	1.11997	1.12031	1.11956	1.12011	708	0	10
2023.08.17	02:00:00	1.12007	1.12036	1.11997	1.12018	572	0	11
2023.08.17	03:00:00	1.12016	1.12030	1.11980	1.12004	1669	0	7
2023.08.17	04:00:00	1.12002	1.12006	1.11943	1.11996	2621	0	9
2023.08.17	05:00:00	1.11996	1.11999	1.11934	1.11954	1503	0	10
2023.08.17	06:00:00	1.11953	1.11955	1.11923	1.11954	1541	0	10
2023.08.17	07:00:00	1.11955	1.11999	1.11939	1.11995	1026	0	8
2023.08.17	08:00:00	1.11997	1.12035	1.11933	1.11933	1781	0	4
2023.08.17	09:00:00	1.11937	1.12089	1.11936	1.12061	3502	0	6
2023.08.17	10:00:00	1.12056	1.12098	1.11971	1.12025	3979	0	5
2023.08.17	11:00:00	1.12026	1.12085	1.11763	1.11781	3462	0	4
2023.08.17	12:00:00	1.11782	1.11848	1.11712	1.11846	3680	0	4
2023.08.17	13:00:00	1.11846	1.12080	1.11824	1.12031	3948	0	4
2023.08.17	14:00:00	1.12030	1.12067	1.11921	1.11950	3218	0	4
2023.08.17	15:00:00	1.11951	1.12040	1.11856	1.11993	6302	0	4
2023.08.17	16:00:00	1.11990	1.12112	1.11970	1.12014	6040	0	4
2023.08.17	17:00:00	1.12013	1.12044	1.11945	1.12042	4948	0	4
2023.08.17	18:00:00	1.12041	1.12113	1.11995	1.12097	3481	0	5
2023.08.17	19:00:00	1.12098	1.12174	1.12098	1.12172	2667	0	6
2023.08.17	20:00:00	1.12171	1.12199	1.12058	1.12062	2225	0	6
2023.08.17	21:00:00	1.12063	1.12064	1.11985	1.11997	2078	0	8
2023.08.17	22:00:00	1.11999	1.12040	1.11928	1.11932	2914	0	4
2023.08.17	23:00:00	1.11930	1.11981	1.11925	1.11981	560	0	5
2023.08.18	00:00:00	1.11835	1.11947	1.11773	1.11932	928	0	82
2023.08.18	01:00:00	1.11916	1.11941	1.11866	1.11927	854	0	12
2023.08.18	02:00:00	1.11926	1.11971	1.11915	1.11957	564	0	8
2023.08.18	03:00:00	1.11957	1.12055	1.11939	1.11946	1544	0	6
2023.08.18	04:00:00	1.11945	1.12045	1.11945	1.12041	2568	0	8
2023.08.18	05:00:00	1.12044	1.12048	1.11941	1.11946	1421	0	9
2023.08.18	06:00:00	1.11945	1.11999	1.11941	1.11953	1479	0	6
2023.08.18	07:00:00	1.11954	1.11981	1.11917	1.11981	1160	0	8
2023.08.18	08:00:00	1.11982	1.12023	1.11942	1.11994	1696	0	8
2023.08.18	09:00:00	1.11993	1.12034	1.11711	1.11788	3836	0	8
2023.08.18	10:00:00	1.11795	1.11939	1.11794	1.11851	4439	0	4
2023.08.18	11:00:00	1.11850	1.12046	1.11827	1.11972	3652	0	6
2023.08.18	12:00:00	1.11975	1.12029	1.11862	1.12011	2858	0	5
2023.08.18	13:00:00	1.12009	1.12088	1.11965	1.12026	2662	0	4
2023.08.18	14:00:00	1.12026	1.12027	1.11865	1.11869	2482	0	5
2023.08.18	15:00:00	1.11863	1.12040	1.11861	1.12032	4405	0	4
2023.08.18	16:00:00	1.12031	1.12165	1.11994	1.12137	6644	0	4
2023.08.18	17:00:00	1.12137	1.12209	1.12072	1.12166	4748	0	6
2023.08.18	18:00:00	1.12168	1.12353	1.12118	1.12297	2787	0	4
2023.08.18	19:00:00	1.12296	1.12379	1.12266	1.12376	1783	0	7
2023.08.18	20:00:00	1.12375	1.12401	1.12326	1.12380	1656	0	4
2023.08.18	21:00:00	1.12384	1.12433	1.12361	1.12390	1305	0	6
2023.08.18	22:00:00	1.12393	1.12420	1.12314	1.12372	1692	0	6
2023.08.18	23:00:00	1.12370	1.12396	1.12295	1.12373	1068	0	10
2023.08.21	00:00:00	1.12373	1.12373	1.12178	1.12246	767	0	52
2023.08.21	01:00:00	1.12211	1.12367	1.12211	1.12334	792	0	13
2023.08.21	02:00:00	1.12354	1.12427	1.12349	1.12423	851	0	12
2023.08.21	03:00:00	1.12421	1.12421	1.12342	1.12363	1462	0	5
2023.08.21	04:00:00	1.12363	1.12399	1.12349	1.12382	2149	0	9
2023.08.21	05:00:00	1.12380	1.12394	1.12326	1.12335	1309	0	4
2023.08.21	06:00:00	1.12336	1.12371	1.12329	1.12346	810	0	10
2023.08.21	07:00:00	1.12345	1.12371	1.12340	1.12364	1082	0	10
2023.08.21	08:00:00	1.12362	1.12377	1.12331	1.12364	1380	0	8
2023.08.21	09:00:00	1.12370	1.12411	1.12130	1.12131	2250	0	5
2023.08.21	10:00:00	1.12130	1.12179	1.11913	1.11913	3924	0	7
2023.08.21	11:00:00	1.11912	1.11985	1.11845	1.11980	3162	0	4
2023.08.21	12:00:00	1.11980	1.12058	1.11888	1.12044	2830	0	5
2023.08.21	13:00:00	1.12042	1.12126	1.12018	1.12124	2632	0	4
2023.08.21	14:00:00	1.12125	1.12232	1.12120	1.12177	3226	0	4
2023.08.21	15:00:00	1.12178	1.12216	1.12105	1.12116	3934	0	4
2023.08.21	16:00:00	1.12117	1.12222	1.12105	1.12168	5224	0	5
2023.08.21	17:00:00	1.12170	1.12177	1.12075	1.12084	4659	0	5
2023.08.21	18:00:00	1.12083	1.12103	1.12008	1.12060	2413	0	6
2023.08.21	19:00:00	1.12060	1.12116	1.11982	1.12077	1725	0	4
2023.08.21	20:00:00	1.12078	1.12121	1.12060	1.12095	1456	0	8
2023.08.21	21:00:00	1.12097	1.12121	1.12063	1.12121	1091	0	5
2023.08.21	22:00:00	1.12121	1.12127	1.12046	1.12057	1297	0	4
2023.08.21	23:00:00	1.12055	1.12082	1.12036	1.12068	623	0	10
2023.08.22	00:00:00	1.12003	1.12085	1.11965	1.12017	832	0	49
2023.08.22	01:00:00	1.11997	1.12079	1.11997	1.12072	433	0	12
2023.08.22	02:00:00	1.12072	1.12108	1.12070	1.12095	438	0	11
2023.08.22	03:00:00	1.12096	1.12147	1.12067	1.12093	1185	0	8
2023.08.22	04:00:00	1.12091	1.12105	1.12028	1.12059	1717	0	9
2023.08.22	05:00:00	1.12060	1.12073	1.12035	1.12069	1417	0	10
2023.08.22	06:00:00	1.12071	1.12106	1.12055	1.12078	1982	0	9
2023.08.22	07:00:00	1.12075	1.12131	1.12073	1.12111	738	0	8
2023.08.22	08:00:00	1.12114	1.12157	1.12110	1.12137	1701	0	9
2023.08.22	09:00:00	1.12136	1.12222	1.12112	1.12139	3202	0	5
2023.08.22	10:00:00	1.12141	1.12305	1.12097	1.12299	3219	0	4
2023.08.22	11:00:00	1.12298	1.12312	1.12128	1.12165	3075	0	5
2023.08.22	12:00:00	1.12164	1.12215	1.12083	1.12133	2728	0	6
2023.08.22	13:00:00	1.12129	1.12176	1.11997	1.12039	3246	0	7
2023.08.22	14:00:00	1.12036	1.12113	1.11988	1.12090	2374	0	4
2023.08.22	15:00:00	1.12091	1.12164	1.12008	1.12057	4417	0	4
2023.08.22	16:00:00	1.12058	1.12160	1.11945	1.12018	5426	0	4
2023.08.22	17:00:00	1.12017	1.12087	1.11957	1.12049	5199	0	4
2023.08.22	18:00:00	1.12051	1.12088	1.11989	1.12033	2703	0	5
2023.08.22	19:00:00	1.12029	1.12064	1.12000	1.12028	1554	0	6
2023.08.22	20:00:00	1.12026	1.12090	1.12007	1.12080	1331	0	6
2023.08.22	21:00:00	1.12082	1.12125	1.12068	1.12096	855	0	6
2023.08.22	22:00:00	1.12096	1.12106	1.12081	1.12093	823	0	8
2023.08.22	23:00:00	1.12091	1.12112	1.12047	1.12108	466	0	6
2023.08.23	00:00:00	1.12026	1.12073	1.11928	1.12006	368	0	82
2023.08.23	01:00:00	1.12004	1.12093	1.11988	1.12036	709	0	12
2023.08.23	02:00:00	1.12038	1.12056	1.12030	1.12052	237	0	12
2023.08.23	03:00:00	1.12053	1.12125	1.12041	1.12124	1233	0	5
2023.08.23	04:00:00	1.12124	1.12151	1.12103	1.12132	1529	0	9
2023.08.23	05:00:00	1.12129	1.12164	1.12099	1.12140	1130	0	9
2023.08.23	06:00:00	1.12139	1.12162	1.12117	1.12150	840	0	9
2023.08.23	07:00:00	1.12150	1.12180	1.12145	1.12151	818	0	9
2023.08.23	08:00:00	1.12148	1.12195	1.12139	1.12155	1211	0	6
2023.08.23	09:00:00	1.12164	1.12214	1.12105	1.12141	2264	0	4
2023.08.23	10:00:00	1.12139	1.12213	1.11879	1.11982	5860	0	4
2023.08.23	11:00:00	1.11984	1.12022	1.11587	1.11619	5238	0	4
2023.08.23	12:00:00	1.11622	1.11624	1.11315	1.11384	3497	0	4
2023.08.23	13:00:00	1.11382	1.11448	1.11276	1.11313	3385	0	4
2023.08.23	14:00:00	1.11309	1.11426	1.11213	1.11272	3861	0	4
2023.08.23	15:00:00	1.11272	1.11310	1.11152	1.11303	4037	0	5
2023.08.23	16:00:00	1.11304	1.11357	1.11171	1.11343	6924	0	4
2023.08.23	17:00:00	1.11343	1.11568	1.11258	1.11525	6109	0	4
2023.08.23	18:00:00	1.11527	1.11697	1.11486	1.11688	3582	0	4
2023.08.23	19:00:00	1.11685	1.11778	1.11661	1.11732	1909	0	4
2023.08.23	20:00:00	1.11735	1.11782	1.11671	1.11737	1522	0	5
2023.08.23	21:00:00	1.11737	1.11843	1.11632	1.11645	1699	0	4
2023.08.23	22:00:00	1.11644	1.11677	1.11587	1.11630	1279	0	6
2023.08.23	23:00:00	1.11632	1.11695	1.11614	1.11679	1204	0	8
2023.08.24	00:00:00	1.11587	1.11661	1.11484	1.11623	1411	0	66
2023.08.24	01:00:00	1.11611	1.11683	1.11577	1.11626	776	0	11
2023.08.24	02:00:00	1.11626	1.11644	1.11582	1.11598	491	0	11
2023.08.24	03:00:00	1.11596	1.11602	1.11513	1.11534	1269	0	9
2023.08.24	04:00:00	1.11534	1.11560	1.11517	1.11528	1594	0	9
2023.08.24	05:00:00	1.11528	1.11576	1.11512	1.11541	1540	0	8
2023.08.24	06:00:00	1.11540	1.11543	1.11460	1.11518	1298	0	4
2023.08.24	07:00:00	1.11517	1.11602	1.11514	1.11576	1254	0	10
2023.08.24	08:00:00	1.11578	1.11579	1.11494	1.11528	1259	0	8
2023.08.24	09:00:00	1.11526	1.11550	1.11418	1.11467	2692	0	4
2023.08.24	10:00:00	1.11468	1.11789	1.11446	1.11700	4233	0	4
2023.08.24	11:00:00	1.11699	1.11770	1.11599	1.11647	3349	0	4
2023.08.24	12:00:00	1.11648	1.11713	1.11564	1.11604	3202	0	4
2023.08.24	13:00:00	1.11602	1.11675	1.11514	1.11616	2897	0	4
2023.08.24	14:00:00	1.11616	1.11734	1.11585	1.11600	3216	0	4
2023.08.24	15:00:00	1.11600	1.11722	1.11520	1.11558	5057	0	4
2023.08.24	16:00:00	1.11559	1.11577	1.11326	1.11381	4795	0	4
2023.08.24	17:00:00	1.11381	1.11616	1.11364	1.11554	5063	0	4
2023.08.24	18:00:00	1.11554	1.11561	1.11443	1.11472	3022	0	5
2023.08.24	19:00:00	1.11470	1.11532	1.11444	1.11477	1766	0	6
2023.08.24	20:00:00	1.11475	1.11514	1.11437	1.11470	1452	0	5
2023.08.24	21:00:00	1.11469	1.11536	1.11462	1.11494	1546	0	8
2023.08.24	22:00:00	1.11494	1.11553	1.11411	1.11428	1600	0	5
2023.08.24	23:00:00	1.11428	1.11438	1.11378	1.11424	829	0	4
2023.08.25	00:00:00	1.11263	1.11423	1.11263	1.11383	840	0	58
2023.08.25	01:00:00	1.11385	1.11460	1.11339	1.11460	633	0	14
2023.08.25	02:00:00	1.11460	1.11466	1.11424	1.11460	692	0	4
2023.08.25	03:00:00	1.11461	1.11484	1.11427	1.11440	1475	0	6
2023.08.25	04:00:00	1.11439	1.11460	1.11395	1.11406	1377	0	4
2023.08.25	05:00:00	1.11406	1.11447	1.11361	1.11370	1338	0	6
2023.08.25	06:00:00	1.11373	1.11410	1.11305	1.11358	1068	0	9
2023.08.25	07:00:00	1.11359	1.11376	1.11310	1.11352	932	0	7
2023.08.25	08:00:00	1.11355	1.11439	1.11346	1.11404	1582	0	10
2023.08.25	09:00:00	1.11400	1.11401	1.11283	1.11318	2698	0	5
2023.08.25	10:00:00	1.11319	1.11517	1.11317	1.11481	3209	0	4
2023.08.25	11:00:00	1.11481	1.11573	1.11416	1.11447	3501	0	4
2023.08.25	12:00:00	1.11445	1.11533	1.11431	1.11488	2499	0	6
2023.08.25	13:00:00	1.11487	1.11659	1.11439	1.11658	2147	0	4
2023.08.25	14:00:00	1.11660	1.11728	1.11624	1.11653	2340	0	4
2023.08.25	15:00:00	1.11655	1.11684	1.11590	1.11623	2505	0	6
2023.08.25	16:00:00	1.11626	1.11646	1.11424	1.11476	3528	0	4
2023.08.25	17:00:00	1.11480	1.11655	1.11307	1.11329	13621	0	4
2023.08.25	18:00:00	1.11332	1.11374	1.11265	1.11349	5627	0	4
2023.08.25	19:00:00	1.11349	1.11429	1.11343	1.11394	2949	0	6
2023.08.25	20:00:00	1.11391	1.11391	1.11250	1.11326	2245	0	6
2023.08.25	21:00:00	1.11326	1.11345	1.11295	1.11311	2080	0	5
2023.08.25	22:00:00	1.11314	1.11332	1.11251	1.11281	1327	0	8
2023.08.25	23:00:00	1.11278	1.11326	1.11227	1.11235	1004	0	6
2023.08.28	00:00:00	1.11257	1.11302	1.11062	1.11062	701	0	248
2023.08.28	01:00:00	1.11094	1.11333	1.11079	1.11332	775	0	12
2023.08.28	02:00:00	1.11333	1.11390	1.11310	1.11389	1011	0	10
2023.08.28	03:00:00	1.11390	1.11399	1.11331	1.11338	1326	0	9
2023.08.28	04:00:00	1.11337	1.11388	1.11331	1.11343	1813	0	9
2023.08.28	05:00:00	1.11344	1.11344	1.11295	1.11305	982	0	8
2023.08.28	06:00:00	1.11305	1.11325	1.11290	1.11298	803	0	11
2023.08.28	07:00:00	1.11298	1.11314	1.11272	1.11278	678	0	9
2023.08.28	08:00:00	1.11276	1.11306	1.11252	1.11281	1233	0	8
2023.08.28	09:00:00	1.11282	1.11342	1.11260	1.11303	1885	0	4
2023.08.28	10:00:00	1.11301	1.11316	1.11044	1.11081	2973	0	5
2023.08.28	11:00:00	1.11080	1.11211	1.11077	1.11199	2458	0	6
2023.08.28	12:00:00	1.11199	1.11209	1.11074	1.11178	1960	0	7
2023.08.28	13:00:00	1.11182	1.11198	1.11074	1.11167	1760	0	8
2023.08.28	14:00:00	1.11166	1.11369	1.11145	1.11348	1815	0	4
2023.08.28	15:00:00	1.11351	1.11422	1.11234	1.11300	2334	0	4
2023.08.28	16:00:00	1.11299	1.11427	1.11285	1.11402	3287	0	4
2023.08.28	17:00:00	1.11404	1.11421	1.11207	1.11261	2915	0	4
2023.08.28	18:00:00	1.11261	1.11292	1.11165	1.11189	2400	0	5
2023.08.28	19:00:00	1.11190	1.11327	1.11186	1.11325	1385	0	4
2023.08.28	20:00:00	1.11325	1.11395	1.11314	1.11362	1888	0	6
2023.08.28	21:00:00	1.11361	1.11376	1.11339	1.11371	1074	0	8
2023.08.28	22:00:00	1.11373	1.11402	1.11348	1.11372	912	0	8
2023.08.28	23:00:00	1.11367	1.11378	1.11330	1.11356	470	0	9
2023.08.29	00:00:00	1.11256	1.11352	1.11249	1.11299	685	0	62
2023.08.29	01:00:00	1.11299	1.11364	1.11299	1.11340	601	0	14
2023.08.29	02:00:00	1.11342	1.11430	1.11329	1.11410	656	0	6
2023.08.29	03:00:00	1.11409	1.11417	1.11357	1.11414	985	0	4
2023.08.29	04:00:00	1.11414	1.11457	1.11379	1.11450	1244	0	9
2023.08.29	05:00:00	1.11449	1.11508	1.11436	1.11497	1207	0	5
2023.08.29	06:00:00	1.11495	1.11509	1.11473	1.11479	1144	0	7
2023.08.29	07:00:00	1.11481	1.11512	1.11461	1.11510	691	0	4
2023.08.29	08:00:00	1.11511	1.11556	1.11476	1.11487	1246	0	9
2023.08.29	09:00:00	1.11490	1.11656	1.11490	1.11554	2433	0	7
2023.08.29	10:00:00	1.11553	1.11623	1.11443	1.11467	3648	0	6
2023.08.29	11:00:00	1.11466	1.11602	1.11452	1.11574	3037	0	4
2023.08.29	12:00:00	1.11573	1.11643	1.11480	1.11504	2475	0	5
2023.08.29	13:00:00	1.11504	1.11561	1.11386	1.11439	2559	0	4
2023.08.29	14:00:00	1.11439	1.11510	1.11371	1.11406	2937	0	5
2023.08.29	15:00:00	1.11405	1.11417	1.11235	1.11273	3594	0	4
2023.08.29	16:00:00	1.11274	1.11314	1.11215	1.11221	4432	0	6
2023.08.29	17:00:00	1.11219	1.11342	1.10922	1.10969	9397	0	4
2023.08.29	18:00:00	1.10967	1.11071	1.10909	1.10962	4609	0	4
2023.08.29	19:00:00	1.10961	1.11037	1.10887	1.10931	2621	0	5
2023.08.29	20:00:00	1.10931	1.10976	1.10875	1.10943	3006	0	5
2023.08.29	21:00:00	1.10939	1.11027	1.10935	1.10996	1538	0	6
2023.08.29	22:00:00	1.10995	1.11096	1.10994	1.11043	1870	0	4
2023.08.29	23:00:00	1.11041	1.11069	1.11015	1.11061	552	0	4
2023.08.30	00:00:00	1.11061	1.11081	1.10965	1.11049	1288	0	16
2023.08.30	01:00:00	1.11037	1.11093	1.11025	1.11066	687	0	11
2023.08.30	02:00:00	1.11067	1.11089	1.11054	1.11064	544	0	7
2023.08.30	03:00:00	1.11063	1.11082	1.11035	1.11051	1173	0	8
2023.08.30	04:00:00	1.11054	1.11088	1.10991	1.10998	1498	0	10
2023.08.30	05:00:00	1.10997	1.11026	1.10972	1.10994	1273	0	7
2023.08.30	06:00:00	1.10993	1.11002	1.10972	1.10983	899	0	9
2023.08.30	07:00:00	1.10985	1.11037	1.10976	1.11035	693	0	7
2023.08.30	08:00:00	1.11034	1.11046	1.10972	1.11008	1913	0	6
2023.08.30	09:00:00	1.11006	1.11084	1.10979	1.11048	3164	0	5
2023.08.30	10:00:00	1.11051	1.11207	1.10986	1.11190	4014	0	5
2023.08.30	11:00:00	1.11192	1.11240	1.11104	1.11153	3848	0	4
2023.08.30	12:00:00	1.11151	1.11395	1.11143	1.11390	3233	0	4
2023.08.30	13:00:00	1.11391	1.11393	1.11204	1.11348	2502	0	6
2023.08.30	14:00:00	1.11348	1.11371	1.11204	1.11289	2500	0	7
2023.08.30	15:00:00	1.11287	1.11526	1.11267	1.11454	8451	0	5
2023.08.30	16:00:00	1.11449	1.11501	1.11297	1.11459	6355	0	4
2023.08.30	17:00:00	1.11459	1.11586	1.11324	1.11574	6288	0	5
2023.08.30	18:00:00	1.11573	1.11653	1.11520	1.11608	3105	0	5
2023.08.30	19:00:00	1.11607	1.11714	1.11575	1.11698	2204	0	4
2023.08.30	20:00:00	1.11697	1.11748	1.11670	1.11695	1329	0	6
2023.08.30	21:00:00	1.11695	1.11736	1.11643	1.11683	1586	0	6
2023.08.30	22:00:00	1.11688	1.11744	1.11682	1.11735	1153	0	7
2023.08.30	23:00:00	1.11736	1.11763	1.11720	1.11745	719	0	5
2023.08.31	00:00:00	1.11671	1.11719	1.11637	1.11695	159	0	69
2023.08.31	01:00:00	1.11692	1.11745	1.11655	1.11735	739	0	14
2023.08.31	02:00:00	1.11736	1.11736	1.11610	1.11612	666	0	8
2023.08.31	03:00:00	1.11613	1.11665	1.11602	1.11658	813	0	9
2023.08.31	04:00:00	1.11658	1.11713	1.11648	1.11685	1226	0	6
2023.08.31	05:00:00	1.11687	1.11752	1.11670	1.11750	1421	0	8
2023.08.31	06:00:00	1.11748	1.11760	1.11726	1.11732	955	0	9
2023.08.31	07:00:00	1.11732	1.11781	1.11727	1.11776	616	0	7
2023.08.31	08:00:00	1.11776	1.11784	1.11701	1.11704	854	0	9
2023.08.31	09:00:00	1.11700	1.11838	1.11695	1.11714	2563	0	4
2023.08.31	10:00:00	1.11713	1.11885	1.11694	1.11847	4230	0	4
2023.08.31	11:00:00	1.11847	1.11923	1.11718	1.11815	3655	0	4
2023.08.31	12:00:00	1.11813	1.11946	1.11756	1.11913	4168	0	4
2023.08.31	13:00:00	1.11914	1.11924	1.11722	1.11735	2918	0	4
2023.08.31	14:00:00	1.11734	1.11818	1.11672	1.11770	2667	0	4
2023.08.31	15:00:00	1.11769	1.11934	1.11760	1.11765	6411	0	4
2023.08.31	16:00:00	1.11763	1.11990	1.11725	1.11951	5858	0	4
2023.08.31	17:00:00	1.11953	1.11977	1.11745	1.11934	5635	0	4
2023.08.31	18:00:00	1.11935	1.12073	1.11866	1.11929	4246	0	5
2023.08.31	19:00:00	1.11927	1.11939	1.11739	1.11797	2030	0	5
2023.08.31	20:00:00	1.11796	1.11873	1.11784	1.11855	1875	0	7
2023.08.31	21:00:00	1.11858	1.11904	1.11817	1.11848	1218	0	6
2023.08.31	22:00:00	1.11849	1.11923	1.11832	1.11895	1508	0	7
2023.08.31	23:00:00	1.11896	1.11969	1.11882	1.11926	844	0	5
2023.09.01	00:00:00	1.11858	1.11926	1.11801	1.11915	611	0	68
2023.09.01	01:00:00	1.11906	1.11975	1.11880	1.11936	936	0	14
2023.09.01	02:00:00	1.11935	1.11946	1.11915	1.11922	478	0	10
2023.09.01	03:00:00	1.11920	1.11928	1.11865	1.11881	1125	0	6
2023.09.01	04:00:00	1.11882	1.11927	1.11879	1.11899	2048	0	7
2023.09.01	05:00:00	1.11900	1.11911	1.11854	1.11885	1270	0	9
2023.09.01	06:00:00	1.11884	1.11919	1.11859	1.11859	806	0	8
2023.09.01	07:00:00	1.11857	1.11914	1.11852	1.11886	774	0	9
2023.09.01	08:00:00	1.11884	1.11916	1.11837	1.11853	1188	0	7
2023.09.01	09:00:00	1.11841	1.11858	1.11615	1.11645	2627	0	4
2023.09.01	10:00:00	1.11650	1.11855	1.11638	1.11844	3533	0	4
2023.09.01	11:00:00	1.11843	1.11922	1.11799	1.11882	2377	0	5
2023.09.01	12:00:00	1.11880	1.11971	1.11872	1.11906	1886	0	4
2023.09.01	13:00:00	1.11903	1.11917	1.11792	1.11905	1793	0	4
2023.09.01	14:00:00	1.11905	1.11938	1.11853	1.11924	2140	0	4
2023.09.01	15:00:00	1.11927	1.11970	1.11748	1.11799	7343	0	4
2023.09.01	16:00:00	1.11800	1.11831	1.11654	1.11800	9851	0	4
2023.09.01	17:00:00	1.11798	1.11811	1.11502	1.11564	9228	0	4
2023.09.01	18:00:00	1.11562	1.11629	1.11497	1.11532	3661	0	4
2023.09.01	19:00:00	1.11531	1.11552	1.11429	1.11508	1920	0	4
2023.09.01	20:00:00	1.11508	1.11544	1.11495	1.11521	1188	0	7
2023.09.01	21:00:00	1.11519	1.11519	1.11432	1.11487	1243	0	6
2023.09.01	22:00:00	1.11490	1.11555	1.11485	1.11505	1499	0	4
2023.09.01	23:00:00	1.11503	1.11537	1.11477	1.11493	1059	0	9
2023.09.04	00:00:00	1.11419	1.11477	1.11386	1.11470	395	0	145
2023.09.04	01:00:00	1.11452	1.11526	1.11452	1.11484	902	0	12
2023.09.04	02:00:00	1.11478	1.11496	1.11454	1.11455	407	0	8
2023.09.04	03:00:00	1.11454	1.11506	1.11450	1.11491	750	0	4
2023.09.04	04:00:00	1.11490	1.11506	1.11439	1.11450	1161	0	5
2023.09.04	05:00:00	1.11448	1.11492	1.11422	1.11450	873	0	9
2023.09.04	06:00:00	1.11451	1.11502	1.11422	1.11490	613	0	9
2023.09.04	07:00:00	1.11492	1.11553	1.11491	1.11550	499	0	11
2023.09.04	08:00:00	1.11548	1.11578	1.11524	1.11550	661	0	9
2023.09.04	09:00:00	1.11549	1.11584	1.11509	1.11547	2111	0	6
2023.09.04	10:00:00	1.11547	1.11686	1.11477	1.11574	2573	0	4
2023.09.04	11:00:00	1.11573	1.11707	1.11556	1.11692	2698	0	4
2023.09.04	12:00:00	1.11690	1.11749	1.11626	1.11668	2183	0	5
2023.09.04	13:00:00	1.11668	1.11760	1.11663	1.11718	1726	0	4
2023.09.04	14:00:00	1.11720	1.11732	1.11554	1.11601	1543	0	4
2023.09.04	15:00:00	1.11599	1.11709	1.11549	1.11668	1643	0	5
2023.09.04	16:00:00	1.11667	1.11772	1.11667	1.11732	1556	0	7
2023.09.04	17:00:00	1.11732	1.11760	1.11660	1.11665	1583	0	6
2023.09.04	18:00:00	1.11663	1.11663	1.11607	1.11621	961	0	7
2023.09.04	19:00:00	1.11618	1.11670	1.11597	1.11670	548	0	7
2023.09.04	20:00:00	1.11669	1.11707	1.11664	1.11668	380	0	7
2023.09.04	21:00:00	1.11668	1.11690	1.11622	1.11682	470	0	9
2023.09.04	22:00:00	1.11677	1.11745	1.11673	1.11708	489	0	8
2023.09.04	23:00:00	1.11704	1.11716	1.11668	1.11669	487	0	9
2023.09.05	00:00:00	1.11669	1.11669	1.11552	1.11648	100	0	32
2023.09.05	01:00:00	1.11663	1.11708	1.11615	1.11695	528	0	12
2023.09.05	02:00:00	1.11693	1.11720	1.11666	1.11681	413	0	11
2023.09.05	03:00:00	1.11680	1.11735	1.11680	1.11711	816	0	10
2023.09.05	04:00:00	1.11713	1.11728	1.11688	1.11700	1295	0	9
2023.09.05	05:00:00	1.11700	1.11716	1.11676	1.11705	1101	0	8
2023.09.05	06:00:00	1.11705	1.11728	1.11680	1.11681	819	0	8
2023.09.05	07:00:00	1.11680	1.11753	1.11678	1.11736	1021	0	8
2023.09.05	08:00:00	1.11737	1.11762	1.11678	1.11678	1251	0	6
2023.09.05	09:00:00	1.11678	1.11678	1.11507	1.11573	3743	0	4
2023.09.05	10:00:00	1.11572	1.11644	1.11471	1.11494	4409	0	4
2023.09.05	11:00:00	1.11493	1.11508	1.11234	1.11291	4403	0	4
2023.09.05	12:00:00	1.11288	1.11458	1.11268	1.11436	2760	0	6
2023.09.05	13:00:00	1.11434	1.11636	1.11415	1.11580	2351	0	5
2023.09.05	14:00:00	1.11581	1.11636	1.11527	1.11560	2647	0	6
2023.09.05	15:00:00	1.11561	1.11709	1.11561	1.11664	5392	0	4
2023.09.05	16:00:00	1.11666	1.11742	1.11593	1.11609	6520	0	5
2023.09.05	17:00:00	1.11612	1.11648	1.11548	1.11622	5075	0	5
2023.09.05	18:00:00	1.11622	1.11813	1.11587	1.11812	3365	0	4
2023.09.05	19:00:00	1.11811	1.11868	1.11757	1.11778	1831	0	6
2023.09.05	20:00:00	1.11780	1.11834	1.11764	1.11817	1453	0	6
2023.09.05	21:00:00	1.11817	1.11841	1.11772	1.11777	1148	0	7
2023.09.05	22:00:00	1.11775	1.11785	1.11734	1.11782	1128	0	7
2023.09.05	23:00:00	1.11782	1.11807	1.11755	1.11770	548	0	9
2023.09.06	00:00:00	1.11679	1.11755	1.11565	1.11679	596	0	72
2023.09.06	01:00:00	1.11686	1.11800	1.11683	1.11781	552	0	11
2023.09.06	02:00:00	1.11780	1.11811	1.11776	1.11796	439	0	9
2023.09.06	03:00:00	1.11794	1.11794	1.11707	1.11734	847	0	9
2023.09.06	04:00:00	1.11734	1.11762	1.11700	1.11720	1453	0	4
2023.09.06	05:00:00	1.11720	1.11788	1.11707	1.11771	1124	0	10
2023.09.06	06:00:00	1.11771	1.11773	1.11715	1.11721	753	0	9
2023.09.06	07:00:00	1.11722	1.11752	1.11703	1.11752	558	0	7
2023.09.06	08:00:00	1.11757	1.11808	1.11742	1.11790	1072	0	9
2023.09.06	09:00:00	1.11789	1.11867	1.11667	1.11742	2716	0	5
2023.09.06	10:00:00	1.11742	1.11850	1.11645	1.11711	4326	0	4
2023.09.06	11:00:00	1.11715	1.11785	1.11653	1.11750	3071	0	4
2023.09.06	12:00:00	1.11750	1.11823	1.11679	1.11726	2328	0	5
2023.09.06	13:00:00	1.11724	1.11752	1.11644	1.11712	2259	0	4
2023.09.06	14:00:00	1.11711	1.11864	1.11679	1.11864	2557	0	4
2023.09.06	15:00:00	1.11865	1.11870	1.11684	1.11793	2936	0	5
2023.09.06	16:00:00	1.11794	1.11902	1.11658	1.11677	4395	0	4
2023.09.06	17:00:00	1.11680	1.11750	1.11497	1.11536	7569	0	4
2023.09.06	18:00:00	1.11537	1.11615	1.11490	1.11533	3031	0	4
2023.09.06	19:00:00	1.11534	1.11598	1.11511	1.11547	1579	0	8
2023.09.06	20:00:00	1.11548	1.11558	1.11465	1.11468	1284	0	4
2023.09.06	21:00:00	1.11469	1.11496	1.11457	1.11483	1155	0	8
2023.09.06	22:00:00	1.11487	1.11506	1.11442	1.11470	1086	0	8
2023.09.06	23:00:00	1.11469	1.11481	1.11436	1.11443	662	0	9
2023.09.07	00:00:00	1.11435	1.11458	1.11375	1.11413	527	0	45
2023.09.07	01:00:00	1.11410	1.11481	1.11375	1.11410	1587	0	13
2023.09.07	02:00:00	1.11411	1.11420	1.11386	1.11403	380	0	5
2023.09.07	03:00:00	1.11403	1.11419	1.11379	1.11412	837	0	7
2023.09.07	04:00:00	1.11413	1.11418	1.11323	1.11365	1305	0	4
2023.09.07	05:00:00	1.11363	1.11411	1.11360	1.11361	913	0	8
2023.09.07	06:00:00	1.11362	1.11437	1.11359	1.11429	730	0	10
2023.09.07	07:00:00	1.11429	1.11453	1.11402	1.11448	584	0	7
2023.09.07	08:00:00	1.11447	1.11482	1.11391	1.11420	1202	0	9
2023.09.07	09:00:00	1.11414	1.11516	1.11290	1.11297	2645	0	6
2023.09.07	10:00:00	1.11295	1.11359	1.11170	1.11194	3731	0	4
2023.09.07	11:00:00	1.11193	1.11299	1.11129	1.11298	2896	0	4
2023.09.07	12:00:00	1.11297	1.11334	1.11155	1.11195	2380	0	4
2023.09.07	13:00:00	1.11195	1.11212	1.11092	1.11168	2255	0	6
2023.09.07	14:00:00	1.11170	1.11269	1.11170	1.11215	1878	0	5
2023.09.07	15:00:00	1.11217	1.11337	1.11172	1.11332	4468	0	5
2023.09.07	16:00:00	1.11329	1.11394	1.11255	1.11283	4442	0	4
2023.09.07	17:00:00	1.11281	1.11418	1.11238	1.11402	3846	0	6
2023.09.07	18:00:00	1.11401	1.11497	1.11357	1.11450	2804	0	4
2023.09.07	19:00:00	1.11449	1.11452	1.11358	1.11389	1592	0	5
2023.09.07	20:00:00	1.11389	1.11424	1.11357	1.11399	1217	0	6
2023.09.07	21:00:00	1.11401	1.11409	1.11331	1.11357	1212	0	5
2023.09.07	22:00:00	1.11359	1.11382	1.11305	1.11328	1387	0	5
2023.09.07	23:00:00	1.11326	1.11363	1.11300	1.11326	791	0	8
2023.09.08	00:00:00	1.11333	1.11348	1.11209	1.11283	853	0	62
2023.09.08	01:00:00	1.11283	1.11342	1.11254	1.11324	517	0	11
2023.09.08	02:00:00	1.11325	1.11364	1.11306	1.11361	337	0	11
2023.09.08	03:00:00	1.11363	1.11364	1.11285	1.11325	1487	0	4
2023.09.08	04:00:00	1.11325	1.11357	1.11248	1.11322	2030	0	7
2023.09.08	05:00:00	1.11321	1.11370	1.11291	1.11362	1112	0	9
2023.09.08	06:00:00	1.11365	1.11376	1.11333	1.11341	722	0	6
2023.09.08	07:00:00	1.11340	1.11346	1.11293	1.11297	555	0	8
2023.09.08	08:00:00	1.11297	1.11337	1.11283	1.11326	849	0	9
2023.09.08	09:00:00	1.11324	1.11328	1.11107	1.11123	2401	0	5
2023.09.08	10:00:00	1.11123	1.11324	1.11123	1.11305	3257	0	5
2023.09.08	11:00:00	1.11304	1.11361	1.11214	1.11226	3084	0	4
2023.09.08	12:00:00	1.11224	1.11356	1.11199	1.11311	2879	0	4
2023.09.08	13:00:00	1.11312	1.11332	1.11219	1.11308	2307	0	5
2023.09.08	14:00:00	1.11307	1.11325	1.11172	1.11292	2290	0	5
2023.09.08	15:00:00	1.11293	1.11359	1.11246	1.11315	3121	0	4
2023.09.08	16:00:00	1.11317	1.11476	1.11285	1.11383	4468	0	4
2023.09.08	17:00:00	1.11381	1.11411	1.11259	1.11320	3885	0	4
2023.09.08	18:00:00	1.11320	1.11383	1.11254	1.11370	2756	0	4
2023.09.08	19:00:00	1.11366	1.11396	1.11269	1.11273	1919	0	5
2023.09.08	20:00:00	1.11272	1.11307	1.11223	1.11283	1737	0	8
2023.09.08	21:00:00	1.11283	1.11304	1.11240	1.11241	1532	0	6
2023.09.08	22:00:00	1.11243	1.11281	1.11225	1.11241	1218	0	4
2023.09.08	23:00:00	1.11240	1.11298	1.11238	1.11257	1354	0	9
2023.09.11	00:00:00	1.11161	1.11269	1.11136	1.11162	2955	0	240
2023.09.11	01:00:00	1.11160	1.11343	1.11157	1.11318	1776	0	12
2023.09.11	02:00:00	1.11320	1.11408	1.11312	1.11402	801	0	8
2023.09.11	03:00:00	1.11403	1.11411	1.11350	1.11362	1545	0	7
2023.09.11	04:00:00	1.11361	1.11441	1.11359	1.11431	1625	0	8
2023.09.11	05:00:00	1.11430	1.11449	1.11392	1.11430	1082	0	6
2023.09.11	06:00:00	1.11431	1.11431	1.11369	1.11419	948	0	8
2023.09.11	07:00:00	1.11420	1.11465	1.11397	1.11459	1484	0	8
2023.09.11	08:00:00	1.11461	1.11584	1.11453	1.11545	2068	0	7
2023.09.11	09:00:00	1.11546	1.11546	1.11440	1.11447	2433	0	4
2023.09.11	10:00:00	1.11445	1.11561	1.11367	1.11550	2991	0	4
2023.09.11	11:00:00	1.11552	1.11643	1.11546	1.11607	2654	0	5
2023.09.11	12:00:00	1.11605	1.11777	1.11571	1.11753	2689	0	4
2023.09.11	13:00:00	1.11752	1.11752	1.11543	1.11571	2043	0	4
2023.09.11	14:00:00	1.11571	1.11626	1.11504	1.11617	2129	0	5
2023.09.11	15:00:00	1.11615	1.11674	1.11580	1.11664	2946	0	6
2023.09.11	16:00:00	1.11663	1.11797	1.11650	1.11698	3804	0	4
2023.09.11	17:00:00	1.11698	1.11816	1.11630	1.11678	5132	0	6
2023.09.11	18:00:00	1.11680	1.11744	1.11588	1.11618	2458	0	4
2023.09.11	19:00:00	1.11617	1.11663	1.11490	1.11490	1485	0	7
2023.09.11	20:00:00	1.11490	1.11493	1.11417	1.11459	1359	0	4
2023.09.11	21:00:00	1.11457	1.11466	1.11405	1.11462	1073	0	6
2023.09.11	22:00:00	1.11463	1.11515	1.11443	1.11446	1384	0	6
2023.09.11	23:00:00	1.11446	1.11459	1.11418	1.11443	547	0	8
2023.09.12	00:00:00	1.11371	1.11442	1.11345	1.11405	1275	0	82
2023.09.12	01:00:00	1.11416	1.11447	1.11403	1.11443	488	0	15
2023.09.12	02:00:00	1.11443	1.11489	1.11435	1.11469	336	0	14
2023.09.12	03:00:00	1.11468	1.11512	1.11453	1.11493	1178	0	7
2023.09.12	04:00:00	1.11491	1.11519	1.11434	1.11510	1782	0	5
2023.09.12	05:00:00	1.11509	1.11530	1.11498	1.11522	1101	0	8
2023.09.12	06:00:00	1.11523	1.11530	1.11497	1.11528	652	0	9
2023.09.12	07:00:00	1.11528	1.11531	1.11491	1.11502	681	0	9
2023.09.12	08:00:00	1.11498	1.11571	1.11485	1.11497	1017	0	7
2023.09.12	09:00:00	1.11507	1.11671	1.11378	1.11477	2628	0	4
2023.09.12	10:00:00	1.11478	1.11487	1.11175	1.11233	3734	0	5
2023.09.12	11:00:00	1.11233	1.11279	1.11127	1.11165	2923	0	4
2023.09.12	12:00:00	1.11164	1.11245	1.11125	1.11211	2064	0	4
2023.09.12	13:00:00	1.11209	1.11240	1.11169	1.11207	1649	0	4
2023.09.12	14:00:00	1.11208	1.11224	1.11136	1.11211	2072	0	4
2023.09.12	15:00:00	1.11213	1.11348	1.11210	1.11329	3032	0	4
2023.09.12	16:00:00	1.11327	1.11374	1.11248	1.11333	3651	0	4
2023.09.12	17:00:00	1.11327	1.11390	1.11274	1.11275	2980	0	4
2023.09.12	18:00:00	1.11275	1.11317	1.11191	1.11195	2364	0	5
2023.09.12	19:00:00	1.11193	1.11288	1.11179	1.11260	1377	0	5
2023.09.12	20:00:00	1.11257	1.11310	1.11246	1.11284	1414	0	7
2023.09.12	21:00:00	1.11283	1.11320	1.11265	1.11277	1218	0	4
2023.09.12	22:00:00	1.11278	1.11364	1.11266	1.11363	1093	0	6
2023.09.12	23:00:00	1.11362	1.11383	1.11308	1.11365	1250	0	4
2023.09.13	00:00:00	1.11240	1.11333	1.11172	1.11272	600	0	38
2023.09.13	01:00:00	1.11285	1.11371	1.11210	1.11365	650	0	12
2023.09.13	02:00:00	1.11362	1.11376	1.11339	1.11353	449	0	9
2023.09.13	03:00:00	1.11353	1.11370	1.11320	1.11361	1121	0	6
2023.09.13	04:00:00	1.11360	1.11395	1.11338	1.11358	1292	0	9
2023.09.13	05:00:00	1.11359	1.11388	1.11339	1.11364	1110	0	7
2023.09.13	06:00:00	1.11365	1.11411	1.11365	1.11379	838	0	4
2023.09.13	07:00:00	1.11380	1.11381	1.11313	1.11330	736	0	7
2023.09.13	08:00:00	1.11331	1.11406	1.11313	1.11316	1276	0	5
2023.09.13	09:00:00	1.11323	1.11325	1.10967	1.11025	3785	0	4
2023.09.13	10:00:00	1.11027	1.11221	1.10973	1.11213	3398	0	4
2023.09.13	11:00:00	1.11211	1.11444	1.11210	1.11421	3127	0	4
2023.09.13	12:00:00	1.11418	1.11474	1.11273	1.11302	2851	0	4
2023.09.13	13:00:00	1.11301	1.11401	1.11227	1.11391	2085	0	4
2023.09.13	14:00:00	1.11393	1.11425	1.11319	1.11354	2011	0	4
2023.09.13	15:00:00	1.11356	1.11448	1.11178	1.11421	8002	0	4
2023.09.13	16:00:00	1.11419	1.11595	1.11354	1.11577	7022	0	4
2023.09.13	17:00:00	1.11575	1.11603	1.11465	1.11505	5188	0	4
2023.09.13	18:00:00	1.11505	1.11517	1.11423	1.11452	2667	0	5
2023.09.13	19:00:00	1.11450	1.11499	1.11436	1.11492	1905	0	8
2023.09.13	20:00:00	1.11494	1.11610	1.11493	1.11579	1826	0	5
2023.09.13	21:00:00	1.11578	1.11599	1.11527	1.11550	1074	0	8
2023.09.13	22:00:00	1.11551	1.11570	1.11514	1.11549	1175	0	6
2023.09.13	23:00:00	1.11548	1.11622	1.11537	1.11620	412	0	6
2023.09.14	00:00:00	1.11492	1.11586	1.11442	1.11568	1103	0	47
2023.09.14	01:00:00	1.11561	1.11599	1.11556	1.11582	568	0	14
2023.09.14	02:00:00	1.11578	1.11609	1.11575	1.11587	415	0	11
2023.09.14	03:00:00	1.11588	1.11592	1.11521	1.11544	1050	0	4
2023.09.14	04:00:00	1.11544	1.11584	1.11503	1.11513	1655	0	9
2023.09.14	05:00:00	1.11515	1.11519	1.11467	1.11484	1144	0	9
2023.09.14	06:00:00	1.11484	1.11513	1.11455	1.11512	737	0	10
2023.09.14	07:00:00	1.11514	1.11546	1.11512	1.11537	617	0	9
2023.09.14	08:00:00	1.11537	1.11542	1.11453	1.11455	963	0	7
2023.09.14	09:00:00	1.11455	1.11508	1.11380	1.11450	1904	0	7
2023.09.14	10:00:00	1.11451	1.11582	1.11433	1.11570	2763	0	5
2023.09.14	11:00:00	1.11571	1.11638	1.11512	1.11558	2408	0	7
2023.09.14	12:00:00	1.11558	1.11586	1.11399	1.11422	2048	0	4
2023.09.14	13:00:00	1.11422	1.11422	1.11291	1.11322	2576	0	4
2023.09.14	14:00:00	1.11321	1.11495	1.11318	1.11476	2475	0	5
2023.09.14	15:00:00	1.11478	1.11512	1.11219	1.11325	10105	0	4
2023.09.14	16:00:00	1.11327	1.11375	1.11122	1.11244	8758	0	4
2023.09.14	17:00:00	1.11246	1.11265	1.11045	1.11050	5700	0	4
2023.09.14	18:00:00	1.11049	1.11135	1.10992	1.11048	3300	0	5
2023.09.14	19:00:00	1.11044	1.11271	1.11031	1.11230	2510	0	5
2023.09.14	20:00:00	1.11229	1.11235	1.11168	1.11190	1710	0	4
2023.09.14	21:00:00	1.11191	1.11201	1.11140	1.11152	1325	0	7
2023.09.14	22:00:00	1.11150	1.11196	1.11132	1.11139	1342	0	4
2023.09.14	23:00:00	1.11143	1.11162	1.11111	1.11112	483	0	7
2023.09.15	00:00:00	1.11067	1.11107	1.11030	1.11091	379	0	79
2023.09.15	01:00:00	1.11087	1.11167	1.11074	1.11159	1188	0	11
2023.09.15	02:00:00	1.11159	1.11166	1.11129	1.11133	600	0	8
2023.09.15	03:00:00	1.11137	1.11183	1.11124	1.11139	1304	0	7
2023.09.15	04:00:00	1.11138	1.11181	1.11117	1.11158	1499	0	5
2023.09.15	05:00:00	1.11158	1.11224	1.11149	1.11208	1523	0	5
2023.09.15	06:00:00	1.11209	1.11249	1.11204	1.11246	813	0	9
2023.09.15	07:00:00	1.11248	1.11277	1.11236	1.11259	655	0	6
2023.09.15	08:00:00	1.11258	1.11273	1.11209	1.11224	1374	0	7
2023.09.15	09:00:00	1.11222	1.11297	1.11182	1.11268	2706	0	6
2023.09.15	10:00:00	1.11268	1.11349	1.11228	1.11261	3289	0	5
2023.09.15	11:00:00	1.11258	1.11435	1.11245	1.11400	2660	0	4
2023.09.15	12:00:00	1.11398	1.11401	1.11317	1.11318	1547	0	6
2023.09.15	13:00:00	1.11320	1.11330	1.11208	1.11240	1599	0	5
2023.09.15	14:00:00	1.11240	1.11255	1.11146	1.11223	1742	0	4
2023.09.15	15:00:00	1.11229	1.11292	1.11131	1.11133	3248	0	6
2023.09.15	16:00:00	1.11133	1.11259	1.11098	1.11144	3944	0	5
2023.09.15	17:00:00	1.11137	1.11296	1.11095	1.11177	5952	0	4
2023.09.15	18:00:00	1.11176	1.11214	1.11003	1.11004	4328	0	4
2023.09.15	19:00:00	1.11002	1.11160	1.10998	1.11151	1978	0	7
2023.09.15	20:00:00	1.11153	1.11159	1.11072	1.11074	1380	0	4
2023.09.15	21:00:00	1.11071	1.11138	1.11035	1.11093	1031	0	4
2023.09.15	22:00:00	1.11094	1.11150	1.11088	1.11137	1030	0	7
2023.09.15	23:00:00	1.11139	1.11164	1.11087	1.11132	1018	0	5
2023.09.18	00:00:00	1.10913	1.11020	1.10885	1.11018	315	0	208
2023.09.18	01:00:00	1.10978	1.11203	1.10958	1.11199	696	0	13
2023.09.18	02:00:00	1.11196	1.11203	1.11170	1.11192	393	0	6
2023.09.18	03:00:00	1.11192	1.11208	1.11155	1.11180	855	0	9
2023.09.18	04:00:00	1.11181	1.11200	1.11147	1.11188	1199	0	8
2023.09.18	05:00:00	1.11190	1.11231	1.11137	1.11137	948	0	8
2023.09.18	06:00:00	1.11139	1.11189	1.11138	1.11152	525	0	10
2023.09.18	07:00:00	1.11152	1.11194	1.11147	1.11189	463	0	9
2023.09.18	08:00:00	1.11189	1.11200	1.11118	1.11121	843	0	10
2023.09.18	09:00:00	1.11125	1.11175	1.11096	1.11116	2385	0	5
2023.09.18	10:00:00	1.11114	1.11124	1.10902	1.10927	2948	0	4
2023.09.18	11:00:00	1.10926	1.11020	1.10846	1.10961	2346	0	4
2023.09.18	12:00:00	1.10961	1.11080	1.10960	1.11071	1881	0	5
2023.09.18	13:00:00	1.11071	1.11177	1.11032	1.11131	1540	0	4
2023.09.18	14:00:00	1.11131	1.11138	1.11025	1.11050	1622	0	5
2023.09.18	15:00:00	1.11052	1.11187	1.11007	1.11149	2442	0	5
2023.09.18	16:00:00	1.11149	1.11241	1.11110	1.11127	3336	0	5
2023.09.18	17:00:00	1.11127	1.11214	1.11045	1.11156	3387	0	5
2023.09.18	18:00:00	1.11156	1.11217	1.11134	1.11168	2438	0	4
2023.09.18	19:00:00	1.11168	1.11220	1.11151	1.11162	1508	0	7
2023.09.18	20:00:00	1.11163	1.11168	1.11110	1.11132	979	0	4
2023.09.18	21:00:00	1.11132	1.11167	1.11109	1.11127	934	0	8
2023.09.18	22:00:00	1.11127	1.11158	1.11110	1.11126	865	0	7
2023.09.18	23:00:00	1.11129	1.11132	1.11088	1.11094	527	0	10
2023.09.19	00:00:00	1.11035	1.11104	1.11032	1.11081	571	0	79
2023.09.19	01:00:00	1.11059	1.11119	1.11055	1.11116	799	0	13
2023.09.19	02:00:00	1.11115	1.11122	1.11088	1.11111	358	0	12
2023.09.19	03:00:00	1.11110	1.11135	1.11066	1.11067	1077	0	9
2023.09.19	04:00:00	1.11067	1.11103	1.11045	1.11078	1198	0	8
2023.09.19	05:00:00	1.11079	1.11126	1.11070	1.11097	742	0	9
2023.09.19	06:00:00	1.11096	1.11151	1.11088	1.11103	759	0	10
2023.09.19	07:00:00	1.11104	1.11105	1.11061	1.11071	522	0	10
2023.09.19	08:00:00	1.11073	1.11123	1.11011	1.11109	1116	0	4
2023.09.19	09:00:00	1.11112	1.11203	1.11106	1.11183	1713	0	4
2023.09.19	10:00:00	1.11182	1.11221	1.10853	1.10855	3324	0	4
2023.09.19	11:00:00	1.10853	1.10990	1.10853	1.10924	2589	0	5
2023.09.19	12:00:00	1.10924	1.11100	1.10923	1.11062	1725	0	4
2023.09.19	13:00:00	1.11063	1.11114	1.11035	1.11105	2046	0	6
2023.09.19	14:00:00	1.11105	1.11213	1.11090	1.11196	2205	0	5
2023.09.19	15:00:00	1.11195	1.11249	1.11141	1.11199	3416	0	4
2023.09.19	16:00:00	1.11199	1.11247	1.11167	1.11239	3866	0	4
2023.09.19	17:00:00	1.11240	1.11345	1.11180	1.11325	3368	0	4
2023.09.19	18:00:00	1.11325	1.11334	1.11208	1.11250	2311	0	7
2023.09.19	19:00:00	1.11248	1.11273	1.11209	1.11243	1418	0	6
2023.09.19	20:00:00	1.11243	1.11268	1.11219	1.11260	1076	0	7
2023.09.19	21:00:00	1.11261	1.11309	1.11258	1.11289	915	0	6
2023.09.19	22:00:00	1.11289	1.11304	1.11261	1.11279	967	0	6
2023.09.19	23:00:00	1.11277	1.11287	1.11232	1.11243	661	0	7
2023.09.20	00:00:00	1.11114	1.11246	1.11114	1.11170	579	0	72
2023.09.20	01:00:00	1.11148	1.11243	1.11148	1.11208	623	0	13
2023.09.20	02:00:00	1.11208	1.11218	1.11182	1.11203	363	0	11
2023.09.20	03:00:00	1.11203	1.11232	1.11179	1.11204	868	0	4
2023.09.20	04:00:00	1.11205	1.11234	1.11184	1.11213	1407	0	5
2023.09.20	05:00:00	1.11214	1.11253	1.11213	1.11217	743	0	8
2023.09.20	06:00:00	1.11218	1.11240	1.11195	1.11229	643	0	5
2023.09.20	07:00:00	1.11229	1.11265	1.11227	1.11257	410	0	8
2023.09.20	08:00:00	1.11256	1.11272	1.11196	1.11202	969	0	6
2023.09.20	09:00:00	1.11163	1.11172	1.10707	1.10898	4814	0	4
2023.09.20	10:00:00	1.10898	1.10968	1.10750	1.10932	3885	0	4
2023.09.20	11:00:00	1.10933	1.11034	1.10865	1.10978	2503	0	4
2023.09.20	12:00:00	1.10979	1.11032	1.10957	1.10965	1877	0	4
2023.09.20	13:00:00	1.10964	1.10996	1.10769	1.10885	2158	0	4
2023.09.20	14:00:00	1.10885	1.10987	1.10862	1.10972	1928	0	5
2023.09.20	15:00:00	1.10972	1.10996	1.10913	1.10982	2333	0	4
2023.09.20	16:00:00	1.10980	1.11104	1.10948	1.11008	3390	0	6
2023.09.20	17:00:00	1.11009	1.11044	1.10903	1.10916	4142	0	4
2023.09.20	18:00:00	1.10917	1.10955	1.10831	1.10901	2630	0	4
2023.09.20	19:00:00	1.10901	1.11007	1.10873	1.10951	2085	0	4
2023.09.20	20:00:00	1.10950	1.10985	1.10897	1.10897	1503	0	6
2023.09.20	21:00:00	1.10897	1.10996	1.10805	1.10845	11726	0	4
2023.09.20	22:00:00	1.10843	1.10999	1.10843	1.10947	4369	0	4
2023.09.20	23:00:00	1.10947	1.10961	1.10908	1.10937	1111	0	8
2023.09.21	00:00:00	1.10710	1.10923	1.10710	1.10886	746	0	102
2023.09.21	01:00:00	1.10897	1.10952	1.10864	1.10928	3726	0	10
2023.09.21	02:00:00	1.10927	1.10941	1.10850	1.10870	1520	0	11
2023.09.21	03:00:00	1.10868	1.10904	1.10846	1.10867	1961	0	8
2023.09.21	04:00:00	1.10870	1.10905	1.10836	1.10848	1610	0	7
2023.09.21	05:00:00	1.10846	1.10878	1.10820	1.10840	1505	0	5
2023.09.21	06:00:00	1.10838	1.10901	1.10838	1.10889	887	0	6
2023.09.21	07:00:00	1.10889	1.10897	1.10856	1.10867	560	0	8
2023.09.21	08:00:00	1.10867	1.10885	1.10816	1.10844	929	0	5
2023.09.21	09:00:00	1.10844	1.10902	1.10803	1.10832	2641	0	6
2023.09.21	10:00:00	1.10831	1.11585	1.10677	1.11461	6480	0	4
2023.09.21	11:00:00	1.11459	1.11650	1.11345	1.11609	4511	0	5
2023.09.21	12:00:00	1.11607	1.11676	1.11163	1.11419	4641	0	4
2023.09.21	13:00:00	1.11420	1.11459	1.11168	1.11365	3885	0	5
2023.09.21	14:00:00	1.11355	1.11355	1.10833	1.11046	7099	0	4
2023.09.21	15:00:00	1.11045	1.11073	1.10898	1.10924	6061	0	5
2023.09.21	16:00:00	1.10929	1.11147	1.10924	1.11101	5947	0	4
2023.09.21	17:00:00	1.11101	1.11162	1.10888	1.10925	6002	0	4
2023.09.21	18:00:00	1.10926	1.11103	1.10917	1.11080	3660	0	6
2023.09.21	19:00:00	1.11079	1.11198	1.11035	1.11184	2408	0	5
2023.09.21	20:00:00	1.11184	1.11221	1.11083	1.11093	1652	0	5
2023.09.21	21:00:00	1.11092	1.11130	1.11069	1.11077	1702	0	6
2023.09.21	22:00:00	1.11078	1.11159	1.11075	1.11153	1400	0	5
2023.09.21	23:00:00	1.11153	1.11215	1.11148	1.11199	676	0	4
2023.09.22	00:00:00	1.11199	1.11199	1.11048	1.11162	364	0	13
2023.09.22	01:00:00	1.11162	1.11200	1.11126	1.11179	890	0	12
2023.09.22	02:00:00	1.11180	1.11230	1.11179	1.11218	625	0	7
2023.09.22	03:00:00	1.11215	1.11215	1.11147	1.11164	1086	0	7
2023.09.22	04:00:00	1.11164	1.11166	1.11065	1.11076	1583	0	6
2023.09.22	05:00:00	1.11076	1.11106	1.11051	1.11063	1417	0	5
2023.09.22	06:00:00	1.11063	1.11137	1.11057	1.11105	951	0	8
2023.09.22	07:00:00	1.11105	1.11118	1.11058	1.11116	717	0	8
2023.09.22	08:00:00	1.11115	1.11144	1.11088	1.11107	1291	0	9
2023.09.22	09:00:00	1.11105	1.11204	1.11026	1.11189	3329	0	5
2023.09.22	10:00:00	1.11194	1.11229	1.10992	1.11078	6532	0	4
2023.09.22	11:00:00	1.11081	1.11094	1.10825	1.11032	4142	0	4
2023.09.22	12:00:00	1.11031	1.11041	1.10841	1.10931	2820	0	4
2023.09.22	13:00:00	1.10930	1.11067	1.10893	1.11067	2336	0	5
2023.09.22	14:00:00	1.11069	1.11137	1.11041	1.11087	2480	0	4
2023.09.22	15:00:00	1.11088	1.11181	1.10870	1.10967	4119	0	4
2023.09.22	16:00:00	1.10968	1.11079	1.10946	1.11066	5657	0	4
2023.09.22	17:00:00	1.11065	1.11147	1.11029	1.11074	4494	0	4
2023.09.22	18:00:00	1.11074	1.11200	1.11074	1.11083	2713	0	4
2023.09.22	19:00:00	1.11082	1.11096	1.11028	1.11046	1611	0	7
2023.09.22	20:00:00	1.11044	1.11101	1.11019	1.11031	1764	0	8
2023.09.22	21:00:00	1.11033	1.11044	1.10985	1.11018	1605	0	5
2023.09.22	22:00:00	1.11015	1.11115	1.11003	1.11024	1454	0	5
2023.09.22	23:00:00	1.11024	1.11075	1.10981	1.10988	936	0	9
2023.09.25	00:00:00	1.10972	1.10991	1.10876	1.10952	4108	0	147
2023.09.25	01:00:00	1.10948	1.11029	1.10926	1.11029	3201	0	18
2023.09.25	02:00:00	1.11030	1.11050	1.10996	1.11045	1003	0	7
2023.09.25	03:00:00	1.11044	1.11142	1.11041	1.11100	834	0	5
2023.09.25	04:00:00	1.11101	1.11133	1.11053	1.11072	832	0	5
2023.09.25	05:00:00	1.11077	1.11123	1.11063	1.11079	836	0	8
2023.09.25	06:00:00	1.11079	1.11089	1.11037	1.11080	833	0	10
2023.09.25	07:00:00	1.11079	1.11164	1.11070	1.11153	542	0	10
2023.09.25	08:00:00	1.11150	1.11175	1.11116	1.11127	1009	0	8
2023.09.25	09:00:00	1.11134	1.11201	1.11077	1.11200	2177	0	5
2023.09.25	10:00:00	1.11203	1.11420	1.11178	1.11388	3506	0	5
2023.09.25	11:00:00	1.11386	1.11470	1.11152	1.11178	4041	0	5
2023.09.25	12:00:00	1.11177	1.11261	1.11142	1.11260	3199	0	4
2023.09.25	13:00:00	1.11259	1.11307	1.11151	1.11301	2379	0	5
2023.09.25	14:00:00	1.11302	1.11344	1.11220	1.11220	2227	0	4
2023.09.25	15:00:00	1.11222	1.11314	1.11200	1.11216	3031	0	4
2023.09.25	16:00:00	1.11215	1.11408	1.11211	1.11367	4312	0	4
2023.09.25	17:00:00	1.11368	1.11445	1.11331	1.11392	4813	0	4
2023.09.25	18:00:00	1.11394	1.11446	1.11373	1.11408	3532	0	4
2023.09.25	19:00:00	1.11409	1.11438	1.11344	1.11368	1817	0	5
2023.09.25	20:00:00	1.11366	1.11378	1.11324	1.11359	1689	0	6
2023.09.25	21:00:00	1.11360	1.11404	1.11343	1.11387	1413	0	5
2023.09.25	22:00:00	1.11386	1.11396	1.11349	1.11363	1258	0	6
2023.09.25	23:00:00	1.11364	1.11403	1.11344	1.11361	569	0	6
2023.09.26	00:00:00	1.11325	1.11357	1.11236	1.11342	849	0	69
2023.09.26	01:00:00	1.11345	1.11383	1.11334	1.11366	810	0	10
2023.09.26	02:00:00	1.11366	1.11397	1.11364	1.11394	375	0	9
2023.09.26	03:00:00	1.11396	1.11435	1.11369	1.11399	1288	0	8
2023.09.26	04:00:00	1.11398	1.11418	1.11350	1.11354	1214	0	8
2023.09.26	05:00:00	1.11352	1.11413	1.11332	1.11403	1232	0	7
2023.09.26	06:00:00	1.11405	1.11411	1.11345	1.11347	973	0	7
2023.09.26	07:00:00	1.11348	1.11360	1.11305	1.11338	774	0	7
2023.09.26	08:00:00	1.11336	1.11401	1.11332	1.11352	1294	0	7
2023.09.26	09:00:00	1.11362	1.11370	1.11239	1.11281	3012	0	4
2023.09.26	10:00:00	1.11281	1.11386	1.11144	1.11167	4300	0	4
2023.09.26	11:00:00	1.11169	1.11268	1.11123	1.11173	3755	0	4
2023.09.26	12:00:00	1.11173	1.11219	1.11109	1.11175	2721	0	4
2023.09.26	13:00:00	1.11170	1.11266	1.11150	1.11215	2154	0	5
2023.09.26	14:00:00	1.11215	1.11220	1.11125	1.11140	2801	0	4
2023.09.26	15:00:00	1.11140	1.11216	1.11108	1.11206	3447	0	4
2023.09.26	16:00:00	1.11205	1.11290	1.11148	1.11192	3948	0	4
2023.09.26	17:00:00	1.11187	1.11263	1.11166	1.11171	5085	0	4
2023.09.26	18:00:00	1.11171	1.11243	1.11146	1.11235	3590	0	4
2023.09.26	19:00:00	1.11239	1.11329	1.11235	1.11315	1748	0	4
2023.09.26	20:00:00	1.11314	1.11320	1.11242	1.11271	1713	0	4
2023.09.26	21:00:00	1.11274	1.11279	1.11242	1.11254	1365	0	4
2023.09.26	22:00:00	1.11256	1.11297	1.11239	1.11284	1160	0	4
2023.09.26	23:00:00	1.11284	1.11329	1.11275	1.11313	580	0	4
2023.09.27	00:00:00	1.11136	1.11312	1.11124	1.11193	1057	0	130
2023.09.27	01:00:00	1.11241	1.11339	1.11241	1.11283	614	0	6
2023.09.27	02:00:00	1.11285	1.11290	1.11213	1.11231	658	0	4
2023.09.27	03:00:00	1.11231	1.11314	1.11227	1.11260	1035	0	4
2023.09.27	04:00:00	1.11261	1.11360	1.11252	1.11335	1644	0	4
2023.09.27	05:00:00	1.11325	1.11375	1.11315	1.11345	1073	0	5
2023.09.27	06:00:00	1.11346	1.11353	1.11304	1.11318	762	0	5
2023.09.27	07:00:00	1.11319	1.11431	1.11318	1.11405	933	0	6
2023.09.27	08:00:00	1.11403	1.11427	1.11355	1.11410	1433	0	4
2023.09.27	09:00:00	1.11412	1.11480	1.11394	1.11410	2809	0	4
2023.09.27	10:00:00	1.11408	1.11413	1.11224	1.11310	2722	0	4
2023.09.27	11:00:00	1.11308	1.11458	1.11296	1.11364	2816	0	4
2023.09.27	12:00:00	1.11362	1.11412	1.11290	1.11362	2716	0	4
2023.09.27	13:00:00	1.11360	1.11453	1.11323	1.11421	1929	0	4
2023.09.27	14:00:00	1.11421	1.11557	1.11413	1.11519	3140	0	4
2023.09.27	15:00:00	1.11518	1.11539	1.11440	1.11459	4817	0	5
2023.09.27	16:00:00	1.11459	1.11541	1.11430	1.11496	4792	0	4
2023.09.27	17:00:00	1.11496	1.11632	1.11459	1.11574	5800	0	4
2023.09.27	18:00:00	1.11575	1.11628	1.11501	1.11594	4297	0	4
2023.09.27	19:00:00	1.11594	1.11646	1.11495	1.11603	3244	0	4
2023.09.27	20:00:00	1.11603	1.11747	1.11592	1.11712	3652	0	4
2023.09.27	21:00:00	1.11713	1.11803	1.11693	1.11781	3146	0	4
2023.09.27	22:00:00	1.11786	1.11793	1.11711	1.11786	2640	0	4
2023.09.27	23:00:00	1.11786	1.11802	1.11764	1.11789	884	0	4
2023.09.28	00:00:00	1.11659	1.11752	1.11632	1.11709	214	0	71
2023.09.28	01:00:00	1.11709	1.11755	1.11669	1.11706	543	0	10
2023.09.28	02:00:00	1.11707	1.11755	1.11701	1.11742	592	0	5
2023.09.28	03:00:00	1.11741	1.11802	1.11727	1.11784	1065	0	4
2023.09.28	04:00:00	1.11782	1.11796	1.11743	1.11785	1230	0	7
2023.09.28	05:00:00	1.11786	1.11796	1.11763	1.11783	916	0	10
2023.09.28	06:00:00	1.11784	1.11816	1.11753	1.11772	913	0	7
2023.09.28	07:00:00	1.11772	1.11789	1.11756	1.11783	903	0	7
2023.09.28	08:00:00	1.11782	1.11847	1.11743	1.11805	1735	0	4
2023.09.28	09:00:00	1.11805	1.11813	1.11677	1.11692	2841	0	5
2023.09.28	10:00:00	1.11686	1.11934	1.11640	1.11854	3870	0	4
2023.09.28	11:00:00	1.11854	1.11996	1.11757	1.11796	3444	0	4
2023.09.28	12:00:00	1.11796	1.11978	1.11785	1.11854	3942	0	4
2023.09.28	13:00:00	1.11854	1.12013	1.11801	1.12004	2549	0	4
2023.09.28	14:00:00	1.12001	1.12153	1.11961	1.12112	2851	0	4
2023.09.28	15:00:00	1.12112	1.12146	1.11941	1.11982	6975	0	4
2023.09.28	16:00:00	1.11980	1.11981	1.11733	1.11736	6629	0	4
2023.09.28	17:00:00	1.11737	1.11822	1.11687	1.11800	5647	0	4
2023.09.28	18:00:00	1.11799	1.11883	1.11777	1.11828	4404	0	4
2023.09.28	19:00:00	1.11824	1.11848	1.11775	1.11790	3076	0	4
2023.09.28	20:00:00	1.11789	1.11827	1.11759	1.11796	2486	0	6
2023.09.28	21:00:00	1.11798	1.11798	1.11674	1.11721	1975	0	4
2023.09.28	22:00:00	1.11722	1.11751	1.11637	1.11643	1794	0	4
2023.09.28	23:00:00	1.11642	1.11679	1.11633	1.11646	784	0	5
2023.09.29	00:00:00	1.11629	1.11649	1.11587	1.11624	1055	0	54
2023.09.29	01:00:00	1.11624	1.11708	1.11608	1.11695	871	0	11
2023.09.29	02:00:00	1.11697	1.11701	1.11643	1.11646	404	0	9
2023.09.29	03:00:00	1.11645	1.11667	1.11603	1.11647	1022	0	5
2023.09.29	04:00:00	1.11646	1.11710	1.11626	1.11704	1266	0	8
2023.09.29	05:00:00	1.11704	1.11744	1.11681	1.11717	1295	0	7
2023.09.29	06:00:00	1.11720	1.11722	1.11653	1.11664	823	0	4
2023.09.29	07:00:00	1.11662	1.11677	1.11638	1.11643	752	0	6
2023.09.29	08:00:00	1.11641	1.11670	1.11627	1.11637	1108	0	7
2023.09.29	09:00:00	1.11633	1.11739	1.11517	1.11536	3961	0	4
2023.09.29	10:00:00	1.11537	1.11601	1.11337	1.11365	4189	0	4
2023.09.29	11:00:00	1.11362	1.11466	1.11275	1.11311	3671	0	4
2023.09.29	12:00:00	1.11309	1.11709	1.11253	1.11709	3399	0	4
2023.09.29	13:00:00	1.11709	1.11781	1.11635	1.11777	2702	0	4
2023.09.29	14:00:00	1.11777	1.11917	1.11773	1.11855	3470	0	4
2023.09.29	15:00:00	1.11856	1.11865	1.11687	1.11732	5880	0	4
2023.09.29	16:00:00	1.11732	1.11733	1.11589	1.11642	6185	0	4
2023.09.29	17:00:00	1.11638	1.11704	1.11416	1.11643	8123	0	4
2023.09.29	18:00:00	1.11643	1.11792	1.11531	1.11624	6126	0	4
2023.09.29	19:00:00	1.11624	1.11679	1.11582	1.11618	3024	0	4
2023.09.29	20:00:00	1.11618	1.11646	1.11576	1.11617	2816	0	4
2023.09.29	21:00:00	1.11615	1.11727	1.11615	1.11723	2395	0	4
2023.09.29	22:00:00	1.11722	1.11744	1.11662	1.11670	2820	0	4
2023.09.29	23:00:00	1.11669	1.11709	1.11647	1.11669	784	0	6
2023.10.02	00:00:00	1.11445	1.11591	1.11445	1.11518	797	0	202
2023.10.02	01:00:00	1.11503	1.11635	1.11485	1.11588	1527	0	9
2023.10.02	02:00:00	1.11590	1.11641	1.11584	1.11624	856	0	8
2023.10.02	03:00:00	1.11620	1.11675	1.11594	1.11645	1210	0	4
2023.10.02	04:00:00	1.11645	1.11722	1.11643	1.11662	1248	0	8
2023.10.02	05:00:00	1.11662	1.11681	1.11606	1.11609	756	0	5
2023.10.02	06:00:00	1.11611	1.11630	1.11567	1.11611	660	0	7
2023.10.02	07:00:00	1.11611	1.11617	1.11577	1.11604	619	0	10
2023.10.02	08:00:00	1.11601	1.11665	1.11508	1.11544	1273	0	4
2023.10.02	09:00:00	1.11548	1.11585	1.11475	1.11485	2826	0	4
2023.10.02	10:00:00	1.11486	1.11507	1.11141	1.11186	3991	0	4
2023.10.02	11:00:00	1.11185	1.11204	1.11058	1.11089	3317	0	4
2023.10.02	12:00:00	1.11090	1.11104	1.10999	1.11022	3560	0	4
2023.10.02	13:00:00	1.11026	1.11123	1.10990	1.11094	2739	0	4
2023.10.02	14:00:00	1.11094	1.11148	1.11032	1.11147	2769	0	4
2023.10.02	15:00:00	1.11147	1.11368	1.11145	1.11285	3666	0	4
2023.10.02	16:00:00	1.11285	1.11389	1.11221	1.11221	4438	0	4
2023.10.02	17:00:00	1.11216	1.11478	1.11192	1.11395	7973	0	4
2023.10.02	18:00:00	1.11395	1.11418	1.11283	1.11291	4152	0	4
2023.10.02	19:00:00	1.11290	1.11340	1.11212	1.11214	2627	0	4
2023.10.02	20:00:00	1.11213	1.11255	1.11132	1.11134	2226	0	4
2023.10.02	21:00:00	1.11138	1.11143	1.11005	1.11011	2490	0	4
2023.10.02	22:00:00	1.11012	1.11012	1.10931	1.10950	2224	0	4
2023.10.02	23:00:00	1.10952	1.11021	1.10946	1.10984	860	0	4
2023.10.03	00:00:00	1.10944	1.10980	1.10868	1.10903	737	0	46
2023.10.03	01:00:00	1.10914	1.10985	1.10903	1.10965	970	0	4
2023.10.03	02:00:00	1.10966	1.10995	1.10965	1.10979	694	0	8
2023.10.03	03:00:00	1.10981	1.11045	1.10972	1.11004	1947	0	4
2023.10.03	04:00:00	1.11005	1.11013	1.10947	1.10951	1335	0	7
2023.10.03	05:00:00	1.10954	1.10982	1.10944	1.10954	1333	0	4
2023.10.03	06:00:00	1.10956	1.10993	1.10936	1.10947	1093	0	8
2023.10.03	07:00:00	1.10947	1.10954	1.10878	1.10910	1515	0	6
2023.10.03	08:00:00	1.10910	1.10944	1.10900	1.10918	1630	0	6
2023.10.03	09:00:00	1.10922	1.11240	1.10895	1.11118	3526	0	6
2023.10.03	10:00:00	1.11116	1.11392	1.10949	1.11322	4183	0	4
2023.10.03	11:00:00	1.11321	1.11379	1.11127	1.11178	3604	0	4
2023.10.03	12:00:00	1.11176	1.11351	1.11161	1.11305	3385	0	5
2023.10.03	13:00:00	1.11302	1.11362	1.11193	1.11258	2935	0	4
2023.10.03	14:00:00	1.11260	1.11397	1.11260	1.11287	3778	0	4
2023.10.03	15:00:00	1.11287	1.11419	1.11275	1.11355	4844	0	4
2023.10.03	16:00:00	1.11356	1.11474	1.11288	1.11450	5377	0	4
2023.10.03	17:00:00	1.11451	1.11481	1.11224	1.11245	12367	0	4
2023.10.03	18:00:00	1.11250	1.11401	1.11187	1.11328	5892	0	4
2023.10.03	19:00:00	1.11325	1.11397	1.11267	1.11271	4051	0	4
2023.10.03	20:00:00	1.11273	1.11300	1.11236	1.11268	2698	0	5
2023.10.03	21:00:00	1.11267	1.11307	1.11210	1.11302	2962	0	6
2023.10.03	22:00:00	1.11302	1.11330	1.11200	1.11220	2292	0	6
2023.10.03	23:00:00	1.11219	1.11258	1.11180	1.11228	802	0	4
2023.10.04	00:00:00	1.11188	1.11237	1.11147	1.11202	409	0	93
2023.10.04	01:00:00	1.11176	1.11237	1.11144	1.11188	1015	0	7
2023.10.04	02:00:00	1.11188	1.11245	1.11161	1.11239	674	0	4
2023.10.04	03:00:00	1.11241	1.11313	1.11218	1.11261	1243	0	7
2023.10.04	04:00:00	1.11259	1.11279	1.11209	1.11231	2143	0	6
2023.10.04	05:00:00	1.11232	1.11254	1.11200	1.11245	1268	0	8
2023.10.04	06:00:00	1.11246	1.11277	1.11233	1.11259	1256	0	6
2023.10.04	07:00:00	1.11260	1.11325	1.11242	1.11319	1382	0	4
2023.10.04	08:00:00	1.11320	1.11354	1.11314	1.11327	1537	0	4
2023.10.04	09:00:00	1.11328	1.11340	1.11146	1.11146	3150	0	4
2023.10.04	10:00:00	1.11144	1.11144	1.11010	1.11128	4574	0	4
2023.10.04	11:00:00	1.11128	1.11356	1.11120	1.11276	4336	0	4
2023.10.04	12:00:00	1.11275	1.11507	1.11234	1.11392	3823	0	4
2023.10.04	13:00:00	1.11393	1.11463	1.11239	1.11416	2707	0	4
2023.10.04	14:00:00	1.11415	1.11429	1.11209	1.11229	3666	0	4
2023.10.04	15:00:00	1.11229	1.11378	1.11122	1.11356	7678	0	4
2023.10.04	16:00:00	1.11356	1.11387	1.11257	1.11320	5763	0	5
2023.10.04	17:00:00	1.11318	1.11381	1.11213	1.11365	7875	0	4
2023.10.04	18:00:00	1.11364	1.11368	1.11285	1.11349	4911	0	4
2023.10.04	19:00:00	1.11347	1.11389	1.11304	1.11309	3145	0	4
2023.10.04	20:00:00	1.11310	1.11318	1.11236	1.11280	2803	0	5
2023.10.04	21:00:00	1.11278	1.11345	1.11260	1.11301	2311	0	4
2023.10.04	22:00:00	1.11306	1.11320	1.11261	1.11289	1865	0	4
2023.10.04	23:00:00	1.11287	1.11331	1.11272	1.11306	1039	0	7
2023.10.05	00:00:00	1.11306	1.11306	1.11135	1.11229	460	0	12
2023.10.05	01:00:00	1.11232	1.11345	1.11201	1.11319	977	0	7
2023.10.05	02:00:00	1.11318	1.11328	1.11263	1.11263	447	0	7
2023.10.05	03:00:00	1.11265	1.11270	1.11135	1.11165	1477	0	4
2023.10.05	04:00:00	1.11165	1.11206	1.11094	1.11125	2310	0	4
2023.10.05	05:00:00	1.11125	1.11159	1.11093	1.11119	1242	0	5
2023.10.05	06:00:00	1.11116	1.11124	1.11074	1.11113	1341	0	8
2023.10.05	07:00:00	1.11115	1.11138	1.11105	1.11122	1124	0	8
2023.10.05	08:00:00	1.11118	1.11183	1.11109	1.11177	1187	0	8
2023.10.05	09:00:00	1.11179	1.11268	1.11117	1.11258	2798	0	4
2023.10.05	10:00:00	1.11260	1.11387	1.11234	1.11294	3859	0	4
2023.10.05	11:00:00	1.11296	1.11337	1.11139	1.11261	3641	0	6
2023.10.05	12:00:00	1.11264	1.11332	1.11160	1.11192	3316	0	4
2023.10.05	13:00:00	1.11196	1.11251	1.11115	1.11155	3392	0	4
2023.10.05	14:00:00	1.11154	1.11171	1.11033	1.11091	3336	0	4
2023.10.05	15:00:00	1.11090	1.11149	1.10960	1.11107	6167	0	4
2023.10.05	16:00:00	1.11108	1.11226	1.11041	1.11045	6374	0	4
2023.10.05	17:00:00	1.11045	1.11193	1.10992	1.11144	5539	0	4
2023.10.05	18:00:00	1.11145	1.11253	1.11138	1.11244	4774	0	4
2023.10.05	19:00:00	1.11243	1.11311	1.11231	1.11278	3181	0	4
2023.10.05	20:00:00	1.11280	1.11329	1.11218	1.11280	2357	0	4
2023.10.05	21:00:00	1.11279	1.11330	1.11236	1.11315	2077	0	5
2023.10.05	22:00:00	1.11316	1.11330	1.11232	1.11238	1771	0	5
2023.10.05	23:00:00	1.11238	1.11257	1.11207	1.11240	572	0	6
2023.10.06	00:00:00	1.11192	1.11233	1.11141	1.11201	347	0	83
2023.10.06	01:00:00	1.11178	1.11248	1.11178	1.11234	752	0	5
2023.10.06	02:00:00	1.11234	1.11261	1.11223	1.11233	369	0	9
2023.10.06	03:00:00	1.11232	1.11272	1.11220	1.11233	1217	0	7
2023.10.06	04:00:00	1.11236	1.11247	1.11200	1.11224	1510	0	7
2023.10.06	05:00:00	1.11222	1.11268	1.11201	1.11252	1100	0	9
2023.10.06	06:00:00	1.11251	1.11271	1.11213	1.11239	989	0	9
2023.10.06	07:00:00	1.11237	1.11268	1.11203	1.11229	745	0	8
2023.10.06	08:00:00	1.11229	1.11264	1.11209	1.11256	1120	0	5
2023.10.06	09:00:00	1.11254	1.11283	1.11188	1.11249	2530	0	4
2023.10.06	10:00:00	1.11248	1.11350	1.11228	1.11329	4306	0	4
2023.10.06	11:00:00	1.11328	1.11409	1.11282	1.11361	3458	0	4
2023.10.06	12:00:00	1.11359	1.11430	1.11323	1.11384	2828	0	4
2023.10.06	13:00:00	1.11383	1.11422	1.11344	1.11412	2603	0	4
2023.10.06	14:00:00	1.11412	1.11412	1.11213	1.11279	2627	0	4
2023.10.06	15:00:00	1.11278	1.11361	1.11045	1.11124	9933	0	4
2023.10.06	16:00:00	1.11123	1.11347	1.11104	1.11268	9563	0	4
2023.10.06	17:00:00	1.11270	1.11439	1.11255	1.11373	9199	0	4
2023.10.06	18:00:00	1.11371	1.11388	1.11211	1.11289	7434	0	4
2023.10.06	19:00:00	1.11287	1.11401	1.11275	1.11341	4064	0	4
2023.10.06	20:00:00	1.11340	1.11400	1.11326	1.11387	2606	0	4
2023.10.06	21:00:00	1.11388	1.11397	1.11339	1.11345	1932	0	5
2023.10.06	22:00:00	1.11344	1.11408	1.11326	1.11340	1680	0	5
2023.10.06	23:00:00	1.11340	1.11352	1.11283	1.11322	799	0	4
2023.10.09	00:00:00	1.10898	1.11004	1.10853	1.10944	353	0	61
2023.10.09	01:00:00	1.10944	1.11090	1.10890	1.11035	3548	0	6
2023.10.09	02:00:00	1.11035	1.11088	1.11018	1.11069	1595	0	9
2023.10.09	03:00:00	1.11070	1.11113	1.10976	1.10980	2117	0	7
2023.10.09	04:00:00	1.10980	1.11091	1.10979	1.11080	2509	0	7
2023.10.09	05:00:00	1.11082	1.11091	1.11024	1.11045	1282	0	9
2023.10.09	06:00:00	1.11045	1.11094	1.11008	1.11010	966	0	8
2023.10.09	07:00:00	1.11008	1.11041	1.10999	1.11008	1101	0	6
2023.10.09	08:00:00	1.11008	1.11054	1.10993	1.11003	1925	0	6
2023.10.09	09:00:00	1.11009	1.11146	1.10985	1.11008	4453	0	4
2023.10.09	10:00:00	1.11008	1.11110	1.10962	1.10968	5539	0	4
2023.10.09	11:00:00	1.10969	1.11014	1.10873	1.10886	4177	0	4
2023.10.09	12:00:00	1.10882	1.11002	1.10878	1.10978	2922	0	4
2023.10.09	13:00:00	1.10977	1.10987	1.10735	1.10767	3100	0	4
2023.10.09	14:00:00	1.10768	1.10774	1.10617	1.10702	2691	0	4
2023.10.09	15:00:00	1.10704	1.10778	1.10667	1.10702	3871	0	4
2023.10.09	16:00:00	1.10702	1.10846	1.10640	1.10774	6256	0	4
2023.10.09	17:00:00	1.10775	1.10807	1.10663	1.10791	5155	0	4
2023.10.09	18:00:00	1.10791	1.10884	1.10775	1.10807	3813	0	4
2023.10.09	19:00:00	1.10807	1.10837	1.10760	1.10764	1843	0	4
2023.10.09	20:00:00	1.10763	1.10817	1.10737	1.10799	2077	0	4
2023.10.09	21:00:00	1.10801	1.10839	1.10779	1.10782	1703	0	4
2023.10.09	22:00:00	1.10785	1.10918	1.10754	1.10918	1928	0	4
2023.10.09	23:00:00	1.10918	1.10964	1.10862	1.10942	1106	0	4
2023.10.10	00:00:00	1.10867	1.10953	1.10727	1.10936	2167	0	21
2023.10.10	01:00:00	1.10937	1.10937	1.10845	1.10878	1360	0	11
2023.10.10	02:00:00	1.10878	1.10898	1.10822	1.10858	850	0	6
2023.10.10	03:00:00	1.10859	1.10898	1.10821	1.10889	3657	0	4
2023.10.10	04:00:00	1.10889	1.10909	1.10839	1.10863	2827	0	5
2023.10.10	05:00:00	1.10863	1.10869	1.10760	1.10770	1926	0	4
2023.10.10	06:00:00	1.10771	1.10773	1.10698	1.10735	2065	0	4
2023.10.10	07:00:00	1.10735	1.10824	1.10734	1.10799	1666	0	7
2023.10.10	08:00:00	1.10797	1.10877	1.10766	1.10798	1739	0	5
2023.10.10	09:00:00	1.10799	1.10826	1.10645	1.10717	5566	0	4
2023.10.10	10:00:00	1.10715	1.10872	1.10643	1.10772	6715	0	4
2023.10.10	11:00:00	1.10772	1.10985	1.10705	1.10943	7033	0	4
2023.10.10	12:00:00	1.10944	1.10975	1.10719	1.10926	6622	0	4
2023.10.10	13:00:00	1.10924	1.11039	1.10922	1.10953	4048	0	4
2023.10.10	14:00:00	1.10953	1.11070	1.10932	1.11007	4472	0	4
2023.10.10	15:00:00	1.11007	1.11128	1.10963	1.11081	7219	0	4
2023.10.10	16:00:00	1.11083	1.11168	1.10981	1.11009	6836	0	4
2023.10.10	17:00:00	1.11009	1.11076	1.10943	1.11001	6604	0	4
2023.10.10	18:00:00	1.11002	1.11066	1.10947	1.11063	4420	0	4
2023.10.10	19:00:00	1.11062	1.11103	1.11041	1.11099	4054	0	5
2023.10.10	20:00:00	1.11101	1.11104	1.10985	1.11089	4223	0	4
2023.10.10	21:00:00	1.11088	1.11130	1.11061	1.11117	2334	0	4
2023.10.10	22:00:00	1.11117	1.11151	1.11079	1.11134	1925	0	4
2023.10.10	23:00:00	1.11135	1.11178	1.11129	1.11147	946	0	4
2023.10.11	00:00:00	1.11049	1.11148	1.11018	1.11121	1362	0	48
2023.10.11	01:00:00	1.11120	1.11152	1.11101	1.11129	907	0	12
2023.10.11	02:00:00	1.11129	1.11196	1.11129	1.11163	810	0	4
2023.10.11	03:00:00	1.11163	1.11210	1.11156	1.11202	2069	0	4
2023.10.11	04:00:00	1.11202	1.11217	1.11154	1.11189	2284	0	4
2023.10.11	05:00:00	1.11190	1.11205	1.11144	1.11167	1544	0	6
2023.10.11	06:00:00	1.11165	1.11170	1.11135	1.11157	1762	0	7
2023.10.11	07:00:00	1.11158	1.11237	1.11135	1.11237	1249	0	8
2023.10.11	08:00:00	1.11237	1.11258	1.11178	1.11203	1412	0	4
2023.10.11	09:00:00	1.11200	1.11246	1.11101	1.11102	4117	0	4
2023.10.11	10:00:00	1.11101	1.11178	1.10972	1.11001	7102	0	4
2023.10.11	11:00:00	1.10999	1.11015	1.10826	1.10860	5924	0	4
2023.10.11	12:00:00	1.10859	1.10913	1.10817	1.10899	4349	0	4
2023.10.11	13:00:00	1.10900	1.11011	1.10887	1.10981	4136	0	4
2023.10.11	14:00:00	1.10980	1.11027	1.10933	1.11023	4963	0	4
2023.10.11	15:00:00	1.11023	1.11082	1.10945	1.11052	9061	0	4
2023.10.11	16:00:00	1.11051	1.11100	1.10896	1.11090	9701	0	4
2023.10.11	17:00:00	1.11090	1.11127	1.10977	1.11097	7683	0	4
2023.10.11	18:00:00	1.11095	1.11120	1.11004	1.11036	6093	0	4
2023.10.11	19:00:00	1.11034	1.11065	1.10972	1.11001	4006	0	4
2023.10.11	20:00:00	1.11001	1.11096	1.10993	1.11068	3363	0	4
2023.10.11	21:00:00	1.11063	1.11108	1.11028	1.11081	4222	0	4
2023.10.11	22:00:00	1.11083	1.11111	1.11044	1.11062	1773	0	4
2023.10.11	23:00:00	1.11062	1.11081	1.11033	1.11051	684	0	5
2023.10.12	00:00:00	1.11007	1.11048	1.10935	1.11003	2484	0	35
2023.10.12	01:00:00	1.10986	1.11030	1.10969	1.11013	1053	0	4
2023.10.12	02:00:00	1.11012	1.11025	1.10959	1.10962	498	0	10
2023.10.12	03:00:00	1.10965	1.10989	1.10921	1.10956	2817	0	4
2023.10.12	04:00:00	1.10956	1.10964	1.10904	1.10908	1632	0	7
2023.10.12	05:00:00	1.10906	1.10961	1.10906	1.10942	2260	0	5
2023.10.12	06:00:00	1.10941	1.10950	1.10895	1.10916	1182	0	8
2023.10.12	07:00:00	1.10916	1.10948	1.10910	1.10938	2382	0	4
2023.10.12	08:00:00	1.10936	1.10988	1.10905	1.10930	2332	0	8
2023.10.12	09:00:00	1.10929	1.10941	1.10767	1.10830	4668	0	4
2023.10.12	10:00:00	1.10829	1.10920	1.10768	1.10834	4386	0	4
2023.10.12	11:00:00	1.10834	1.10857	1.10655	1.10656	4064	0	4
2023.10.12	12:00:00	1.10656	1.10770	1.10645	1.10687	3667	0	4
2023.10.12	13:00:00	1.10687	1.10736	1.10591	1.10681	2819	0	4
